System_Timestamp_UTC,RaspberryPiName,Sensor_ID,Temperature_C,Humidity_RH,GPS_Timestamp_UTC,Latitude,Longitude,Altitude_m,Speed_mps,Climb_mps,Track_deg,Satellites,GPS_Fix_Type,datetime,geometry
2025-08-17 17:22:17 UTC,sensor00,236492955,23.21,91.95,2025-08-18 10:00:28+00:00,33.971233,-80.988933,-38.8,3.36,0.2,178.36,12.0,3D,2025-08-18 06:00:28-04:00,POINT (-80.988933 33.971233)
2025-08-17 17:22:22 UTC,sensor00,236492955,23.15,91.94,2025-08-18 10:00:33+00:00,33.97107,-80.988962,-37.4,4.17,0.4,181.23,12.0,3D,2025-08-18 06:00:33-04:00,POINT (-80.988962 33.97107)
2025-08-17 17:22:27 UTC,sensor00,236492955,23.09,92.07,2025-08-18 10:00:38+00:00,33.970893,-80.989065,-34.7,3.92,0.7,196.16,12.0,3D,2025-08-18 06:00:38-04:00,POINT (-80.989065 33.970893)
2025-08-17 17:22:32 UTC,sensor00,236492955,23.04,92.25,2025-08-18 10:00:43+00:00,33.970735,-80.989138,-30.6,3.9,1.0,200.35,12.0,3D,2025-08-18 06:00:43-04:00,POINT (-80.989138 33.970735)
2025-08-17 17:22:37 UTC,sensor00,236492955,23.0,92.53,2025-08-18 10:00:48+00:00,33.970543,-80.989213,-24.0,4.01,1.5,191.08,12.0,3D,2025-08-18 06:00:48-04:00,POINT (-80.989213 33.970543)
2025-08-17 17:22:43 UTC,sensor00,236492955,22.97,92.69,2025-08-18 10:00:53+00:00,33.97034,-80.989242,-17.4,4.76,1.4,188.34,12.0,3D,2025-08-18 06:00:53-04:00,POINT (-80.989242 33.97034)
2025-08-17 17:22:48 UTC,sensor00,236492955,22.96,92.81,2025-08-18 10:00:59+00:00,33.970063,-80.989253,-9.7,5.4,1.4,0.0,12.0,3D,2025-08-18 06:00:59-04:00,POINT (-80.989253 33.970063)
2025-08-17 17:22:53 UTC,sensor00,236492955,22.98,92.97,2025-08-18 10:01:04+00:00,33.969812,-80.989312,-4.3,6.2,1.4,0.0,12.0,3D,2025-08-18 06:01:04-04:00,POINT (-80.989312 33.969812)
2025-08-17 17:22:58 UTC,sensor00,236492955,22.98,92.98,2025-08-18 10:01:09+00:00,33.969538,-80.98941,3.2,4.02,1.7,215.23,12.0,3D,2025-08-18 06:01:09-04:00,POINT (-80.98941 33.969538)
2025-08-17 17:23:03 UTC,sensor00,236492955,23.0,92.98,2025-08-18 10:01:14+00:00,33.969558,-80.989545,10.7,3.38,2.1,280.39,12.0,3D,2025-08-18 06:01:14-04:00,POINT (-80.989545 33.969558)
2025-08-17 17:23:08 UTC,sensor00,236492955,23.02,93.05,2025-08-18 10:01:19+00:00,33.969655,-80.989778,16.6,4.82,0.0,287.5,12.0,3D,2025-08-18 06:01:19-04:00,POINT (-80.989778 33.969655)
2025-08-17 17:23:13 UTC,sensor00,236492955,23.07,92.94,2025-08-18 10:01:24+00:00,33.969738,-80.990028,21.7,5.17,1.0,289.34,12.0,3D,2025-08-18 06:01:24-04:00,POINT (-80.990028 33.969738)
2025-08-17 17:23:18 UTC,sensor00,236492955,23.1,92.76,2025-08-18 10:01:29+00:00,33.969867,-80.990273,26.2,5.59,1.1,296.81,12.0,3D,2025-08-18 06:01:29-04:00,POINT (-80.990273 33.969867)
2025-08-17 17:23:23 UTC,sensor00,236492955,23.06,92.36,2025-08-18 10:01:34+00:00,33.96999,-80.990517,30.9,5.91,-0.8,295.13,12.0,3D,2025-08-18 06:01:34-04:00,POINT (-80.990517 33.96999)
2025-08-17 17:23:28 UTC,sensor00,236492955,23.04,92.34,2025-08-18 10:01:39+00:00,33.970128,-80.990803,35.9,6.76,1.0,297.93,12.0,3D,2025-08-18 06:01:39-04:00,POINT (-80.990803 33.970128)
2025-08-17 17:23:33 UTC,sensor00,236492955,23.02,92.26,2025-08-18 10:01:44+00:00,33.970303,-80.991103,39.4,7.58,1.1,298.43,12.0,3D,2025-08-18 06:01:44-04:00,POINT (-80.991103 33.970303)
2025-08-17 17:23:38 UTC,sensor00,236492955,22.96,92.25,2025-08-18 10:01:49+00:00,33.970463,-80.991458,43.3,7.39,-0.1,294.45,12.0,3D,2025-08-18 06:01:49-04:00,POINT (-80.991458 33.970463)
2025-08-17 17:23:43 UTC,sensor00,236492955,22.86,92.68,2025-08-18 10:01:54+00:00,33.970613,-80.991783,47.3,6.9,0.9,296.85,12.0,3D,2025-08-18 06:01:54-04:00,POINT (-80.991783 33.970613)
2025-08-17 17:23:48 UTC,sensor00,236492955,22.83,93.04,2025-08-18 10:01:59+00:00,33.970773,-80.992122,52.4,7.36,1.2,295.94,12.0,3D,2025-08-18 06:01:59-04:00,POINT (-80.992122 33.970773)
2025-08-17 17:23:53 UTC,sensor00,236492955,22.85,93.41,2025-08-18 10:02:04+00:00,33.970922,-80.992435,55.2,6.61,0.9,298.38,13.0,3D,2025-08-18 06:02:04-04:00,POINT (-80.992435 33.970922)
2025-08-17 17:23:58 UTC,sensor00,236492955,22.84,93.52,2025-08-18 10:02:09+00:00,33.971065,-80.992715,57.9,6.04,0.8,300.48,13.0,3D,2025-08-18 06:02:09-04:00,POINT (-80.992715 33.971065)
2025-08-17 17:24:03 UTC,sensor00,236492955,22.81,93.49,2025-08-18 10:02:14+00:00,33.971187,-80.992962,60.7,5.0,0.7,303.25,13.0,3D,2025-08-18 06:02:14-04:00,POINT (-80.992962 33.971187)
2025-08-17 17:24:08 UTC,sensor00,236492955,22.8,93.44,2025-08-18 10:02:19+00:00,33.971348,-80.993088,64.7,4.02,0.8,352.42,13.0,3D,2025-08-18 06:02:19-04:00,POINT (-80.993088 33.971348)
2025-08-17 17:24:13 UTC,sensor00,236492955,22.83,93.48,2025-08-18 10:02:24+00:00,33.971567,-80.993055,66.6,5.31,0.1,2.05,13.0,3D,2025-08-18 06:02:24-04:00,POINT (-80.993055 33.971567)
2025-08-17 17:24:18 UTC,sensor00,236492955,22.86,93.58,2025-08-18 10:02:29+00:00,33.971802,-80.993022,70.4,4.82,0.8,357.45,13.0,3D,2025-08-18 06:02:29-04:00,POINT (-80.993022 33.971802)
2025-08-17 17:24:24 UTC,sensor00,236492955,22.83,93.41,2025-08-18 10:02:34+00:00,33.972022,-80.993032,74.6,4.79,0.9,346.35,13.0,3D,2025-08-18 06:02:34-04:00,POINT (-80.993032 33.972022)
2025-08-17 17:24:29 UTC,sensor00,236492955,22.84,93.49,2025-08-18 10:02:39+00:00,33.972192,-80.993187,74.3,4.86,-0.9,293.15,13.0,3D,2025-08-18 06:02:39-04:00,POINT (-80.993187 33.972192)
2025-08-17 17:24:34 UTC,sensor00,236492955,22.84,93.46,2025-08-18 10:02:45+00:00,33.972253,-80.993497,75.4,5.05,0.7,0.0,13.0,3D,2025-08-18 06:02:45-04:00,POINT (-80.993497 33.972253)
2025-08-17 17:24:39 UTC,sensor00,236492955,22.85,93.54,2025-08-18 10:02:50+00:00,33.972318,-80.99376,76.5,5.05,0.6,0.0,13.0,3D,2025-08-18 06:02:50-04:00,POINT (-80.99376 33.972318)
2025-08-17 17:24:44 UTC,sensor00,236492955,22.82,93.6,2025-08-18 10:02:55+00:00,33.972413,-80.994003,80.1,5.07,0.8,0.0,13.0,3D,2025-08-18 06:02:55-04:00,POINT (-80.994003 33.972413)
2025-08-17 17:24:49 UTC,sensor00,236492955,22.79,93.61,2025-08-18 10:03:00+00:00,33.972517,-80.994245,78.5,5.04,-2.5,298.04,13.0,3D,2025-08-18 06:03:00-04:00,POINT (-80.994245 33.972517)
2025-08-17 17:24:54 UTC,sensor00,236492955,22.79,93.76,2025-08-18 10:03:05+00:00,33.972668,-80.994465,76.1,5.26,-0.2,300.33,13.0,3D,2025-08-18 06:03:05-04:00,POINT (-80.994465 33.972668)
2025-08-17 17:24:59 UTC,sensor00,236492955,22.78,93.82,2025-08-18 10:03:10+00:00,33.972813,-80.994658,75.5,5.08,-1.6,304.23,13.0,3D,2025-08-18 06:03:10-04:00,POINT (-80.994658 33.972813)
2025-08-17 17:25:04 UTC,sensor00,236492955,22.79,93.83,2025-08-18 10:03:15+00:00,33.97294,-80.994867,78.0,5.0,0.8,296.42,13.0,3D,2025-08-18 06:03:15-04:00,POINT (-80.994867 33.97294)
2025-08-17 17:25:09 UTC,sensor00,236492955,22.81,93.9,2025-08-18 10:03:20+00:00,33.97306,-80.995093,82.2,5.03,0.8,0.0,13.0,3D,2025-08-18 06:03:20-04:00,POINT (-80.995093 33.97306)
2025-08-17 17:25:14 UTC,sensor00,236492955,22.79,93.86,2025-08-18 10:03:20+00:00,33.97306,-80.995093,82.2,5.03,0.8,0.0,13.0,3D,2025-08-18 06:03:20-04:00,POINT (-80.995093 33.97306)
2025-08-17 17:25:19 UTC,sensor00,236492955,22.8,94.0,2025-08-18 10:03:30+00:00,33.973323,-80.995508,83.8,5.07,0.6,298.98,13.0,3D,2025-08-18 06:03:30-04:00,POINT (-80.995508 33.973323)
2025-08-17 17:25:24 UTC,sensor00,236492955,22.84,94.16,2025-08-18 10:03:35+00:00,33.97345,-80.995722,84.9,4.85,0.6,300.08,13.0,3D,2025-08-18 06:03:35-04:00,POINT (-80.995722 33.97345)
2025-08-17 17:25:29 UTC,sensor00,236492955,22.86,94.3,2025-08-18 10:03:40+00:00,33.973603,-80.995923,84.3,5.33,-2.4,296.15,14.0,3D,2025-08-18 06:03:40-04:00,POINT (-80.995923 33.973603)
2025-08-17 17:25:34 UTC,sensor00,236492955,22.86,94.14,2025-08-18 10:03:45+00:00,33.973723,-80.996133,81.6,4.81,0.4,303.4,14.0,3D,2025-08-18 06:03:45-04:00,POINT (-80.996133 33.973723)
2025-08-17 17:25:39 UTC,sensor00,236492955,22.86,94.17,2025-08-18 10:03:50+00:00,33.973853,-80.996352,84.4,4.91,0.1,300.8,14.0,3D,2025-08-18 06:03:50-04:00,POINT (-80.996352 33.973853)
2025-08-17 17:25:44 UTC,sensor00,236492955,22.84,94.12,2025-08-18 10:03:55+00:00,33.973977,-80.996565,85.8,4.63,0.4,302.56,14.0,3D,2025-08-18 06:03:55-04:00,POINT (-80.996565 33.973977)
2025-08-17 17:25:49 UTC,sensor00,236492955,22.81,94.13,2025-08-18 10:04:00+00:00,33.974103,-80.996763,86.4,4.74,0.6,301.97,14.0,3D,2025-08-18 06:04:00-04:00,POINT (-80.996763 33.974103)
2025-08-17 17:25:54 UTC,sensor00,236492955,22.8,94.17,2025-08-18 10:04:05+00:00,33.974225,-80.996987,87.4,4.9,0.7,302.1,14.0,3D,2025-08-18 06:04:05-04:00,POINT (-80.996987 33.974225)
2025-08-17 17:25:59 UTC,sensor00,236492955,22.8,94.21,2025-08-18 10:04:10+00:00,33.974368,-80.99717,84.3,5.14,-0.2,296.58,14.0,3D,2025-08-18 06:04:10-04:00,POINT (-80.99717 33.974368)
2025-08-17 17:26:04 UTC,sensor00,236492955,22.8,94.22,2025-08-18 10:04:15+00:00,33.97449,-80.997395,86.7,5.14,0.5,300.0,14.0,3D,2025-08-18 06:04:15-04:00,POINT (-80.997395 33.97449)
2025-08-17 17:26:10 UTC,sensor00,236492955,22.8,94.27,2025-08-18 10:04:20+00:00,33.974623,-80.997642,87.5,5.43,0.2,298.98,14.0,3D,2025-08-18 06:04:20-04:00,POINT (-80.997642 33.974623)
2025-08-17 17:26:15 UTC,sensor00,236492955,22.78,94.2,2025-08-18 10:04:25+00:00,33.974743,-80.997857,82.7,5.24,-0.1,298.95,14.0,3D,2025-08-18 06:04:25-04:00,POINT (-80.997857 33.974743)
2025-08-17 17:26:20 UTC,sensor00,236492955,22.76,94.11,2025-08-18 10:04:31+00:00,33.974918,-80.998088,82.4,4.86,0.2,0.0,14.0,3D,2025-08-18 06:04:31-04:00,POINT (-80.998088 33.974918)
2025-08-17 17:26:25 UTC,sensor00,236492955,22.73,94.08,2025-08-18 10:04:36+00:00,33.975037,-80.998308,79.8,4.8,-1.3,0.0,14.0,3D,2025-08-18 06:04:36-04:00,POINT (-80.998308 33.975037)
2025-08-17 17:26:30 UTC,sensor00,236492955,22.71,94.08,2025-08-18 10:04:41+00:00,33.97517,-80.99851,79.9,4.62,0.0,0.0,4.0,3D,2025-08-18 06:04:41-04:00,POINT (-80.99851 33.97517)
2025-08-17 17:26:35 UTC,sensor00,236492955,22.69,94.2,2025-08-18 10:04:46+00:00,33.975295,-80.998735,82.5,4.67,0.6,0.0,8.0,3D,2025-08-18 06:04:46-04:00,POINT (-80.998735 33.975295)
2025-08-17 17:26:40 UTC,sensor00,236492955,22.74,94.35,2025-08-18 10:04:51+00:00,33.975417,-80.998942,84.4,4.9,0.7,0.0,12.0,3D,2025-08-18 06:04:51-04:00,POINT (-80.998942 33.975417)
2025-08-17 17:26:45 UTC,sensor00,236492955,22.8,94.38,2025-08-18 10:04:56+00:00,33.975527,-80.99918,87.8,4.77,0.7,0.0,14.0,3D,2025-08-18 06:04:56-04:00,POINT (-80.99918 33.975527)
2025-08-17 17:26:50 UTC,sensor00,236492955,22.8,94.31,2025-08-18 10:05:01+00:00,33.97565,-80.999377,89.5,4.38,0.0,0.0,14.0,3D,2025-08-18 06:05:01-04:00,POINT (-80.999377 33.97565)
2025-08-17 17:26:55 UTC,sensor00,236492955,22.81,94.27,2025-08-18 10:05:06+00:00,33.975767,-80.999573,89.7,4.8,0.7,299.53,14.0,3D,2025-08-18 06:05:06-04:00,POINT (-80.999573 33.975767)
2025-08-17 17:27:00 UTC,sensor00,236492955,22.86,94.54,2025-08-18 10:05:11+00:00,33.97587,-80.99984,86.0,4.96,-0.1,302.86,14.0,3D,2025-08-18 06:05:11-04:00,POINT (-80.99984 33.97587)
2025-08-17 17:27:05 UTC,sensor00,236492955,22.92,94.44,2025-08-18 10:05:16+00:00,33.976002,-81.000022,85.1,5.51,0.1,297.42,14.0,3D,2025-08-18 06:05:16-04:00,POINT (-81.000022 33.976002)
2025-08-17 17:27:10 UTC,sensor00,236492955,22.93,94.26,2025-08-18 10:05:20+00:00,33.976097,-81.000198,87.1,4.62,0.5,0.0,14.0,3D,2025-08-18 06:05:20-04:00,POINT (-81.000198 33.976097)
2025-08-17 17:27:15 UTC,sensor00,236492955,22.94,94.23,2025-08-18 10:05:25+00:00,33.976198,-81.000418,86.1,4.77,-0.6,0.0,14.0,3D,2025-08-18 06:05:25-04:00,POINT (-81.000418 33.976198)
2025-08-17 17:27:20 UTC,sensor00,236492955,23.02,94.2,2025-08-18 10:05:31+00:00,33.976357,-81.000657,86.0,4.37,0.6,304.91,14.0,3D,2025-08-18 06:05:31-04:00,POINT (-81.000657 33.976357)
2025-08-17 17:27:25 UTC,sensor00,236492955,23.03,94.01,2025-08-18 10:05:36+00:00,33.976477,-81.000837,86.3,4.84,0.3,302.74,14.0,3D,2025-08-18 06:05:36-04:00,POINT (-81.000837 33.976477)
2025-08-17 17:27:30 UTC,sensor00,236492955,23.03,93.94,2025-08-18 10:05:41+00:00,33.976608,-81.00106,88.0,4.9,0.3,306.03,14.0,3D,2025-08-18 06:05:41-04:00,POINT (-81.00106 33.976608)
2025-08-17 17:27:35 UTC,sensor00,236492955,23.06,93.87,2025-08-18 10:05:46+00:00,33.976737,-81.001272,87.9,4.83,0.2,303.11,14.0,3D,2025-08-18 06:05:46-04:00,POINT (-81.001272 33.976737)
2025-08-17 17:27:41 UTC,sensor00,236492955,23.04,93.77,2025-08-18 10:05:51+00:00,33.97686,-81.00147,89.5,4.38,0.3,304.69,14.0,3D,2025-08-18 06:05:51-04:00,POINT (-81.00147 33.97686)
2025-08-17 17:27:46 UTC,sensor00,236492955,23.06,93.66,2025-08-18 10:05:56+00:00,33.976962,-81.001657,88.3,3.95,0.0,304.84,14.0,3D,2025-08-18 06:05:56-04:00,POINT (-81.001657 33.976962)
2025-08-17 17:27:51 UTC,sensor00,236492955,23.1,93.46,2025-08-18 10:06:02+00:00,33.977095,-81.001898,84.2,3.91,-1.9,0.0,14.0,3D,2025-08-18 06:06:02-04:00,POINT (-81.001898 33.977095)
2025-08-17 17:27:56 UTC,sensor00,236492955,23.15,93.26,2025-08-18 10:06:07+00:00,33.977273,-81.001938,82.8,4.3,-0.5,0.0,14.0,3D,2025-08-18 06:06:07-04:00,POINT (-81.001938 33.977273)
2025-08-17 17:28:01 UTC,sensor00,236492955,23.14,93.08,2025-08-18 10:06:12+00:00,33.977482,-81.001765,77.8,5.55,-1.1,0.0,14.0,3D,2025-08-18 06:06:12-04:00,POINT (-81.001765 33.977482)
2025-08-17 17:28:06 UTC,sensor00,236492955,23.13,93.06,2025-08-18 10:06:17+00:00,33.977695,-81.001607,74.3,5.32,-1.1,32.15,14.0,3D,2025-08-18 06:06:17-04:00,POINT (-81.001607 33.977695)
2025-08-17 17:28:11 UTC,sensor00,236492955,23.18,93.18,2025-08-18 10:06:22+00:00,33.977902,-81.00148,72.0,4.86,-0.4,23.67,14.0,3D,2025-08-18 06:06:22-04:00,POINT (-81.00148 33.977902)
2025-08-17 17:28:16 UTC,sensor00,236492955,23.21,92.96,2025-08-18 10:06:27+00:00,33.978082,-81.001525,69.5,4.62,-2.2,318.7,14.0,3D,2025-08-18 06:06:27-04:00,POINT (-81.001525 33.978082)
2025-08-17 17:28:21 UTC,sensor00,236492955,23.16,92.96,2025-08-18 10:06:32+00:00,33.978217,-81.001722,68.0,5.49,-0.8,309.32,14.0,3D,2025-08-18 06:06:32-04:00,POINT (-81.001722 33.978217)
2025-08-17 17:28:26 UTC,sensor00,236492955,23.16,93.03,2025-08-18 10:06:37+00:00,33.978345,-81.001965,66.3,5.12,-0.2,301.69,14.0,3D,2025-08-18 06:06:37-04:00,POINT (-81.001965 33.978345)
2025-08-17 17:28:31 UTC,sensor00,236492955,23.16,93.03,2025-08-18 10:06:42+00:00,33.97848,-81.002183,65.2,5.24,-0.2,294.24,14.0,3D,2025-08-18 06:06:42-04:00,POINT (-81.002183 33.97848)
2025-08-17 17:28:36 UTC,sensor00,236492955,23.14,93.09,2025-08-18 10:06:47+00:00,33.978613,-81.002395,65.3,4.3,0.0,311.87,14.0,3D,2025-08-18 06:06:47-04:00,POINT (-81.002395 33.978613)
2025-08-17 17:28:41 UTC,sensor00,236492955,23.14,93.24,2025-08-18 10:06:52+00:00,33.978713,-81.002618,65.0,4.39,-0.1,296.74,14.0,3D,2025-08-18 06:06:52-04:00,POINT (-81.002618 33.978713)
2025-08-17 17:28:46 UTC,sensor00,236492955,23.15,93.25,2025-08-18 10:06:57+00:00,33.978815,-81.002873,63.7,5.43,-0.1,305.39,14.0,3D,2025-08-18 06:06:57-04:00,POINT (-81.002873 33.978815)
2025-08-17 17:28:51 UTC,sensor00,236492955,23.12,93.28,2025-08-18 10:07:02+00:00,33.978972,-81.003098,63.2,4.7,-0.1,310.27,14.0,3D,2025-08-18 06:07:02-04:00,POINT (-81.003098 33.978972)
2025-08-17 17:28:56 UTC,sensor00,236492955,23.11,93.24,2025-08-18 10:07:07+00:00,33.979087,-81.00333,62.5,4.36,0.0,293.09,14.0,3D,2025-08-18 06:07:07-04:00,POINT (-81.00333 33.979087)
2025-08-17 17:29:01 UTC,sensor00,236492955,23.12,93.28,2025-08-18 10:07:12+00:00,33.979198,-81.003557,61.6,4.99,-0.5,309.88,14.0,3D,2025-08-18 06:07:12-04:00,POINT (-81.003557 33.979198)
2025-08-17 17:29:06 UTC,sensor00,236492955,23.16,93.28,2025-08-18 10:07:17+00:00,33.979325,-81.003808,59.5,5.34,-0.4,302.23,14.0,3D,2025-08-18 06:07:17-04:00,POINT (-81.003808 33.979325)
2025-08-17 17:29:11 UTC,sensor00,236492955,23.15,93.29,2025-08-18 10:07:20+00:00,33.97942,-81.003952,58.8,5.38,-0.1,309.85,14.0,3D,2025-08-18 06:07:20-04:00,POINT (-81.003952 33.97942)
2025-08-17 17:29:16 UTC,sensor00,236492955,23.13,93.23,2025-08-18 10:07:27+00:00,33.979613,-81.004328,58.1,5.66,0.0,304.79,14.0,3D,2025-08-18 06:07:27-04:00,POINT (-81.004328 33.979613)
2025-08-17 17:29:21 UTC,sensor00,236492955,23.11,93.19,2025-08-18 10:07:32+00:00,33.97976,-81.004597,57.9,5.19,0.0,302.94,14.0,3D,2025-08-18 06:07:32-04:00,POINT (-81.004597 33.97976)
2025-08-17 17:29:27 UTC,sensor00,236492955,23.15,93.31,2025-08-18 10:07:37+00:00,33.979882,-81.004885,58.0,5.82,0.0,297.56,14.0,3D,2025-08-18 06:07:37-04:00,POINT (-81.004885 33.979882)
2025-08-17 17:29:32 UTC,sensor00,236492955,23.16,93.31,2025-08-18 10:07:42+00:00,33.980018,-81.005175,58.1,5.57,0.1,296.88,14.0,3D,2025-08-18 06:07:42-04:00,POINT (-81.005175 33.980018)
2025-08-17 17:29:37 UTC,sensor00,236492955,23.18,93.27,2025-08-18 10:07:48+00:00,33.980183,-81.005497,58.4,5.68,0.1,0.0,14.0,3D,2025-08-18 06:07:48-04:00,POINT (-81.005497 33.980183)
2025-08-17 17:29:42 UTC,sensor00,236492955,23.19,93.45,2025-08-18 10:07:53+00:00,33.980335,-81.005723,58.8,6.52,-0.1,0.0,14.0,3D,2025-08-18 06:07:53-04:00,POINT (-81.005723 33.980335)
2025-08-17 17:29:47 UTC,sensor00,236492955,23.23,93.37,2025-08-18 10:07:58+00:00,33.980517,-81.006045,61.4,6.63,0.2,0.0,14.0,3D,2025-08-18 06:07:58-04:00,POINT (-81.006045 33.980517)
2025-08-17 17:29:52 UTC,sensor00,236492955,23.23,93.17,2025-08-18 10:08:03+00:00,33.98069,-81.006318,64.8,4.94,1.7,306.1,14.0,3D,2025-08-18 06:08:03-04:00,POINT (-81.006318 33.98069)
2025-08-17 17:29:57 UTC,sensor00,236492955,23.22,93.03,2025-08-18 10:08:08+00:00,33.980798,-81.006573,65.7,5.05,0.1,299.79,14.0,3D,2025-08-18 06:08:08-04:00,POINT (-81.006573 33.980798)
2025-08-17 17:30:02 UTC,sensor00,236492955,23.21,93.11,2025-08-18 10:08:13+00:00,33.980902,-81.006797,66.4,4.27,0.3,304.53,14.0,3D,2025-08-18 06:08:13-04:00,POINT (-81.006797 33.980902)
2025-08-17 17:30:07 UTC,sensor00,236492955,23.21,93.23,2025-08-18 10:08:18+00:00,33.981008,-81.006998,69.3,3.41,0.6,311.52,14.0,3D,2025-08-18 06:08:18-04:00,POINT (-81.006998 33.981008)
2025-08-17 17:30:12 UTC,sensor00,236492955,23.23,93.17,2025-08-18 10:08:23+00:00,33.981085,-81.00716,70.2,2.72,0.3,314.12,14.0,3D,2025-08-18 06:08:23-04:00,POINT (-81.00716 33.981085)
2025-08-17 17:30:17 UTC,sensor00,236492955,23.22,93.32,2025-08-18 10:08:28+00:00,33.98118,-81.007323,71.3,3.29,0.0,324.84,14.0,3D,2025-08-18 06:08:28-04:00,POINT (-81.007323 33.98118)
2025-08-17 17:30:22 UTC,sensor00,236492955,23.22,93.19,2025-08-18 10:08:33+00:00,33.981278,-81.007592,70.4,3.69,-0.3,298.81,14.0,3D,2025-08-18 06:08:33-04:00,POINT (-81.007592 33.981278)
2025-08-17 17:30:27 UTC,sensor00,236492955,23.25,93.09,2025-08-18 10:08:38+00:00,33.981383,-81.007817,70.6,4.12,-0.1,292.51,14.0,3D,2025-08-18 06:08:38-04:00,POINT (-81.007817 33.981383)
2025-08-17 17:30:32 UTC,sensor00,236492955,23.27,93.17,2025-08-18 10:08:43+00:00,33.981535,-81.008053,69.1,3.6,-0.4,301.4,14.0,3D,2025-08-18 06:08:43-04:00,POINT (-81.008053 33.981535)
2025-08-17 17:30:37 UTC,sensor00,236492955,23.3,93.09,2025-08-18 10:08:48+00:00,33.981628,-81.008315,68.1,3.63,-1.4,293.32,14.0,3D,2025-08-18 06:08:48-04:00,POINT (-81.008315 33.981628)
2025-08-17 17:30:42 UTC,sensor00,236492955,23.3,92.99,2025-08-18 10:08:53+00:00,33.98169,-81.008488,68.5,3.02,0.1,294.08,14.0,3D,2025-08-18 06:08:53-04:00,POINT (-81.008488 33.98169)
2025-08-17 17:30:47 UTC,sensor00,236492955,23.27,93.0,2025-08-18 10:08:58+00:00,33.981738,-81.008733,67.7,4.01,-0.2,284.86,14.0,3D,2025-08-18 06:08:58-04:00,POINT (-81.008733 33.981738)
2025-08-17 17:30:52 UTC,sensor00,236492955,23.25,92.96,2025-08-18 10:09:03+00:00,33.98177,-81.008992,66.8,4.95,-0.2,284.03,14.0,3D,2025-08-18 06:09:03-04:00,POINT (-81.008992 33.98177)
2025-08-17 17:30:57 UTC,sensor00,236492955,23.2,92.86,2025-08-18 10:09:08+00:00,33.981832,-81.009247,65.3,5.07,-0.3,288.42,14.0,3D,2025-08-18 06:09:08-04:00,POINT (-81.009247 33.981832)
2025-08-17 17:31:02 UTC,sensor00,236492955,23.13,92.88,2025-08-18 10:09:13+00:00,33.981903,-81.00951,63.8,5.37,-0.3,284.43,14.0,3D,2025-08-18 06:09:13-04:00,POINT (-81.00951 33.981903)
2025-08-17 17:31:07 UTC,sensor00,236492955,23.11,93.28,2025-08-18 10:09:18+00:00,33.981972,-81.00982,62.7,5.6,-0.1,286.03,14.0,3D,2025-08-18 06:09:18-04:00,POINT (-81.00982 33.981972)
2025-08-17 17:31:13 UTC,sensor00,236492955,23.13,93.44,2025-08-18 10:09:21+00:00,33.982028,-81.01001,62.8,5.82,-0.3,290.8,14.0,3D,2025-08-18 06:09:21-04:00,POINT (-81.01001 33.982028)
2025-08-17 17:31:18 UTC,sensor00,236492955,23.13,93.33,2025-08-18 10:09:27+00:00,33.982285,-81.010247,62.1,6.35,-0.1,0.0,14.0,3D,2025-08-18 06:09:27-04:00,POINT (-81.010247 33.982285)
2025-08-17 17:31:23 UTC,sensor00,236492955,23.15,93.33,2025-08-18 10:09:34+00:00,33.982682,-81.010462,62.8,6.24,0.2,0.0,14.0,3D,2025-08-18 06:09:34-04:00,POINT (-81.010462 33.982682)
2025-08-17 17:31:28 UTC,sensor00,236492955,23.1,93.35,2025-08-18 10:09:39+00:00,33.98294,-81.010592,64.4,6.58,0.3,0.0,14.0,3D,2025-08-18 06:09:39-04:00,POINT (-81.010592 33.98294)
2025-08-17 17:31:33 UTC,sensor00,236492955,23.09,93.58,2025-08-18 10:09:44+00:00,33.983202,-81.010712,66.5,6.09,0.4,334.0,14.0,3D,2025-08-18 06:09:44-04:00,POINT (-81.010712 33.983202)
2025-08-17 17:31:38 UTC,sensor00,236492955,23.08,93.75,2025-08-18 10:09:49+00:00,33.983455,-81.010837,68.6,6.72,0.4,340.96,14.0,3D,2025-08-18 06:09:49-04:00,POINT (-81.010837 33.983455)
2025-08-17 17:31:43 UTC,sensor00,236492955,23.22,93.9,2025-08-18 10:09:54+00:00,33.983667,-81.010967,71.1,4.53,0.6,334.95,14.0,3D,2025-08-18 06:09:54-04:00,POINT (-81.010967 33.983667)
2025-08-17 17:31:48 UTC,sensor00,236492955,23.28,93.72,2025-08-18 10:09:59+00:00,33.983825,-81.01109,74.0,3.31,0.6,329.39,14.0,3D,2025-08-18 06:09:59-04:00,POINT (-81.01109 33.983825)
2025-08-17 17:31:53 UTC,sensor00,236492955,23.36,93.46,2025-08-18 10:10:04+00:00,33.984042,-81.011195,76.5,4.82,0.5,336.77,14.0,3D,2025-08-18 06:10:04-04:00,POINT (-81.011195 33.984042)
2025-08-17 17:31:58 UTC,sensor00,236492955,23.47,93.08,2025-08-18 10:10:09+00:00,33.984352,-81.011325,82.1,5.78,0.8,339.13,14.0,3D,2025-08-18 06:10:09-04:00,POINT (-81.011325 33.984352)
2025-08-17 17:32:03 UTC,sensor00,236492955,23.46,92.75,2025-08-18 10:10:14+00:00,33.984562,-81.011418,84.8,4.72,0.6,339.46,14.0,3D,2025-08-18 06:10:14-04:00,POINT (-81.011418 33.984562)
2025-08-17 17:32:08 UTC,sensor00,236492955,23.58,92.79,2025-08-18 10:10:19+00:00,33.984797,-81.011523,87.4,5.89,0.7,339.38,14.0,3D,2025-08-18 06:10:19-04:00,POINT (-81.011523 33.984797)
2025-08-17 17:32:13 UTC,sensor00,236492955,23.73,92.38,2025-08-18 10:10:24+00:00,33.985092,-81.011617,88.8,6.22,0.0,341.77,14.0,3D,2025-08-18 06:10:24-04:00,POINT (-81.011617 33.985092)
2025-08-17 17:32:18 UTC,sensor00,236492955,23.78,91.54,2025-08-18 10:10:29+00:00,33.985353,-81.011712,90.6,5.32,0.2,340.58,14.0,3D,2025-08-18 06:10:29-04:00,POINT (-81.011712 33.985353)
2025-08-17 17:32:23 UTC,sensor00,236492955,23.66,91.33,2025-08-18 10:10:34+00:00,33.985588,-81.011825,91.5,5.84,0.2,335.29,14.0,3D,2025-08-18 06:10:34-04:00,POINT (-81.011825 33.985588)
2025-08-17 17:32:28 UTC,sensor00,236492955,23.62,91.46,2025-08-18 10:10:39+00:00,33.985823,-81.011957,93.0,5.67,0.2,337.06,14.0,3D,2025-08-18 06:10:39-04:00,POINT (-81.011957 33.985823)
2025-08-17 17:32:33 UTC,sensor00,236492955,23.55,91.57,2025-08-18 10:10:44+00:00,33.986058,-81.01207,93.4,5.8,-0.1,335.76,14.0,3D,2025-08-18 06:10:44-04:00,POINT (-81.01207 33.986058)
2025-08-17 17:32:38 UTC,sensor00,236492955,23.53,91.57,2025-08-18 10:10:49+00:00,33.986277,-81.012195,95.0,5.38,0.2,336.44,14.0,3D,2025-08-18 06:10:49-04:00,POINT (-81.012195 33.986277)
2025-08-17 17:32:43 UTC,sensor00,236492955,23.48,91.42,2025-08-18 10:10:54+00:00,33.986495,-81.012302,96.8,5.61,0.3,335.18,14.0,3D,2025-08-18 06:10:54-04:00,POINT (-81.012302 33.986495)
2025-08-17 17:32:48 UTC,sensor00,236492955,23.42,91.47,2025-08-18 10:10:59+00:00,33.986728,-81.01241,97.9,5.16,0.3,335.49,14.0,3D,2025-08-18 06:10:59-04:00,POINT (-81.01241 33.986728)
2025-08-17 17:32:53 UTC,sensor00,236492955,23.44,91.67,2025-08-18 10:11:04+00:00,33.98696,-81.012508,99.0,4.99,0.1,343.61,14.0,3D,2025-08-18 06:11:04-04:00,POINT (-81.012508 33.98696)
2025-08-17 17:32:59 UTC,sensor00,236492955,23.39,91.8,2025-08-18 10:11:09+00:00,33.98719,-81.012615,99.1,4.42,0.0,332.73,14.0,3D,2025-08-18 06:11:09-04:00,POINT (-81.012615 33.98719)
2025-08-17 17:33:04 UTC,sensor00,236492955,23.39,91.95,2025-08-18 10:11:14+00:00,33.987402,-81.012718,94.0,4.59,-0.1,328.89,14.0,3D,2025-08-18 06:11:14-04:00,POINT (-81.012718 33.987402)
2025-08-17 17:33:09 UTC,sensor00,236492955,23.32,91.91,2025-08-18 10:11:20+00:00,33.987635,-81.012855,93.1,5.04,-0.3,0.0,14.0,3D,2025-08-18 06:11:20-04:00,POINT (-81.012855 33.987635)
2025-08-17 17:33:14 UTC,sensor00,236492955,23.27,91.95,2025-08-18 10:11:22+00:00,33.987722,-81.012895,92.6,4.48,-0.3,338.28,14.0,3D,2025-08-18 06:11:22-04:00,POINT (-81.012895 33.987722)
2025-08-17 17:33:19 UTC,sensor00,236492955,23.3,91.96,2025-08-18 10:11:28+00:00,33.987977,-81.013018,90.4,4.58,0.0,0.0,14.0,3D,2025-08-18 06:11:28-04:00,POINT (-81.013018 33.987977)
2025-08-17 17:33:24 UTC,sensor00,236492955,23.31,91.93,2025-08-18 10:11:35+00:00,33.988272,-81.013152,88.7,4.51,-0.2,332.36,14.0,3D,2025-08-18 06:11:35-04:00,POINT (-81.013152 33.988272)
2025-08-17 17:33:29 UTC,sensor00,236492955,23.25,92.09,2025-08-18 10:11:40+00:00,33.988488,-81.013212,88.4,4.64,-0.3,339.03,14.0,3D,2025-08-18 06:11:40-04:00,POINT (-81.013212 33.988488)
2025-08-17 17:33:34 UTC,sensor00,236492955,23.37,92.21,2025-08-18 10:11:45+00:00,33.988692,-81.013322,87.9,4.62,-0.1,337.07,14.0,3D,2025-08-18 06:11:45-04:00,POINT (-81.013322 33.988692)
2025-08-17 17:33:39 UTC,sensor00,236492955,23.41,92.02,2025-08-18 10:11:50+00:00,33.988888,-81.013422,87.9,4.57,-0.1,330.94,14.0,3D,2025-08-18 06:11:50-04:00,POINT (-81.013422 33.988888)
2025-08-17 17:33:44 UTC,sensor00,236492955,23.36,91.76,2025-08-18 10:11:55+00:00,33.98912,-81.013508,85.8,4.64,-0.5,338.7,14.0,3D,2025-08-18 06:11:55-04:00,POINT (-81.013508 33.98912)
2025-08-17 17:33:49 UTC,sensor00,236492955,23.34,91.72,2025-08-18 10:12:00+00:00,33.98932,-81.013607,85.2,4.57,-0.1,336.42,14.0,3D,2025-08-18 06:12:00-04:00,POINT (-81.013607 33.98932)
2025-08-17 17:33:54 UTC,sensor00,236492955,23.41,91.76,2025-08-18 10:12:05+00:00,33.989527,-81.013697,84.4,4.12,-0.1,333.84,14.0,3D,2025-08-18 06:12:05-04:00,POINT (-81.013697 33.989527)
2025-08-17 17:33:59 UTC,sensor00,236492955,23.39,91.73,2025-08-18 10:12:10+00:00,33.989685,-81.013773,84.0,4.22,0.0,340.04,14.0,3D,2025-08-18 06:12:10-04:00,POINT (-81.013773 33.989685)
2025-08-17 17:34:04 UTC,sensor00,236492955,23.39,91.85,2025-08-18 10:12:15+00:00,33.989892,-81.013837,82.1,3.89,-0.3,337.65,14.0,3D,2025-08-18 06:12:15-04:00,POINT (-81.013837 33.989892)
2025-08-17 17:34:09 UTC,sensor00,236492955,23.4,91.85,2025-08-18 10:12:20+00:00,33.990082,-81.013902,80.5,3.92,-0.2,344.49,14.0,3D,2025-08-18 06:12:20-04:00,POINT (-81.013902 33.990082)
2025-08-17 17:34:14 UTC,sensor00,236492955,23.42,91.9,2025-08-18 10:12:25+00:00,33.99028,-81.01399,81.3,4.38,0.0,336.53,14.0,3D,2025-08-18 06:12:25-04:00,POINT (-81.01399 33.99028)
2025-08-17 17:34:19 UTC,sensor00,236492955,23.43,91.96,2025-08-18 10:12:30+00:00,33.990487,-81.014092,79.4,4.45,-0.6,339.93,14.0,3D,2025-08-18 06:12:30-04:00,POINT (-81.014092 33.990487)
2025-08-17 17:34:24 UTC,sensor00,236492955,23.43,91.92,2025-08-18 10:12:35+00:00,33.99074,-81.014163,76.9,5.21,-0.7,344.5,14.0,3D,2025-08-18 06:12:35-04:00,POINT (-81.014163 33.99074)
2025-08-17 17:34:29 UTC,sensor00,236492955,23.45,91.93,2025-08-18 10:12:40+00:00,33.990982,-81.014262,74.1,5.17,-0.3,340.89,14.0,3D,2025-08-18 06:12:40-04:00,POINT (-81.014262 33.990982)
2025-08-17 17:34:34 UTC,sensor00,236492955,23.42,91.9,2025-08-18 10:12:45+00:00,33.991208,-81.014392,71.5,5.23,-0.7,346.4,14.0,3D,2025-08-18 06:12:45-04:00,POINT (-81.014392 33.991208)
2025-08-17 17:34:40 UTC,sensor00,236492955,23.4,91.94,2025-08-18 10:12:50+00:00,33.991478,-81.014492,68.0,5.71,-0.6,336.02,14.0,3D,2025-08-18 06:12:50-04:00,POINT (-81.014492 33.991478)
2025-08-17 17:34:45 UTC,sensor00,236492955,23.4,92.16,2025-08-18 10:12:56+00:00,33.991758,-81.014642,64.7,5.21,-0.5,0.0,14.0,3D,2025-08-18 06:12:56-04:00,POINT (-81.014642 33.991758)
2025-08-17 17:34:50 UTC,sensor00,236492955,23.39,92.3,2025-08-18 10:13:01+00:00,33.992045,-81.014747,63.8,7.17,-0.4,0.0,14.0,3D,2025-08-18 06:13:01-04:00,POINT (-81.014747 33.992045)
2025-08-17 17:34:55 UTC,sensor00,236492955,23.42,92.17,2025-08-18 10:13:06+00:00,33.992328,-81.014888,61.6,6.3,-0.5,0.0,14.0,3D,2025-08-18 06:13:06-04:00,POINT (-81.014888 33.992328)
2025-08-17 17:35:00 UTC,sensor00,236492955,23.44,92.02,2025-08-18 10:13:11+00:00,33.992543,-81.01504,58.6,5.5,-0.7,0.0,4.0,3D,2025-08-18 06:13:11-04:00,POINT (-81.01504 33.992543)
2025-08-17 17:35:05 UTC,sensor00,236492955,23.46,92.03,2025-08-18 10:13:16+00:00,33.992785,-81.015217,56.0,6.51,-0.7,0.0,4.0,3D,2025-08-18 06:13:16-04:00,POINT (-81.015217 33.992785)
2025-08-17 17:35:10 UTC,sensor00,236492955,23.48,91.75,2025-08-18 10:13:21+00:00,33.992997,-81.015432,54.1,5.82,-0.6,0.0,8.0,3D,2025-08-18 06:13:21-04:00,POINT (-81.015432 33.992997)
2025-08-17 17:35:15 UTC,sensor00,236492955,23.5,91.33,2025-08-18 10:13:23+00:00,33.993082,-81.015505,53.1,5.56,-0.5,321.95,14.0,3D,2025-08-18 06:13:23-04:00,POINT (-81.015505 33.993082)
2025-08-17 17:35:20 UTC,sensor00,236492955,23.52,91.43,2025-08-18 10:13:31+00:00,33.993443,-81.015828,48.5,6.01,-0.5,0.0,14.0,3D,2025-08-18 06:13:31-04:00,POINT (-81.015828 33.993443)
2025-08-17 17:35:25 UTC,sensor00,236492955,23.53,91.21,2025-08-18 10:13:36+00:00,33.993652,-81.016037,45.7,5.73,-0.5,320.5,14.0,3D,2025-08-18 06:13:36-04:00,POINT (-81.016037 33.993652)
2025-08-17 17:35:30 UTC,sensor00,236492955,23.53,91.52,2025-08-18 10:13:41+00:00,33.993842,-81.016217,44.0,5.25,-0.3,320.89,14.0,3D,2025-08-18 06:13:41-04:00,POINT (-81.016217 33.993842)
2025-08-17 17:35:35 UTC,sensor00,236492955,23.56,91.62,2025-08-18 10:13:46+00:00,33.994048,-81.016408,42.4,5.59,-0.4,316.25,14.0,3D,2025-08-18 06:13:46-04:00,POINT (-81.016408 33.994048)
2025-08-17 17:35:40 UTC,sensor00,236492955,23.64,91.27,2025-08-18 10:13:51+00:00,33.994237,-81.016637,40.5,5.01,-0.4,319.5,15.0,3D,2025-08-18 06:13:51-04:00,POINT (-81.016637 33.994237)
2025-08-17 17:35:45 UTC,sensor00,236492955,23.72,91.05,2025-08-18 10:13:56+00:00,33.994423,-81.016822,38.9,5.28,-0.3,324.99,15.0,3D,2025-08-18 06:13:56-04:00,POINT (-81.016822 33.994423)
2025-08-17 17:35:50 UTC,sensor00,236492955,23.81,91.02,2025-08-18 10:14:01+00:00,33.994608,-81.017022,38.1,5.06,0.0,321.54,15.0,3D,2025-08-18 06:14:01-04:00,POINT (-81.017022 33.994608)
2025-08-17 17:35:55 UTC,sensor00,236492955,23.85,90.93,2025-08-18 10:14:06+00:00,33.994802,-81.017202,37.9,5.96,0.0,319.58,14.0,3D,2025-08-18 06:14:06-04:00,POINT (-81.017202 33.994802)
2025-08-17 17:36:00 UTC,sensor00,236492955,23.89,90.77,2025-08-18 10:14:11+00:00,33.99509,-81.017473,39.5,6.63,0.0,325.34,14.0,3D,2025-08-18 06:14:11-04:00,POINT (-81.017473 33.99509)
2025-08-17 17:36:05 UTC,sensor00,236492955,23.89,90.7,2025-08-18 10:14:16+00:00,33.995315,-81.017748,40.7,6.46,1.1,318.34,14.0,3D,2025-08-18 06:14:16-04:00,POINT (-81.017748 33.995315)
2025-08-17 17:36:10 UTC,sensor00,236492955,23.89,90.57,2025-08-18 10:14:21+00:00,33.995547,-81.017958,42.3,5.74,0.0,322.2,14.0,3D,2025-08-18 06:14:21-04:00,POINT (-81.017958 33.995547)
2025-08-17 17:36:15 UTC,sensor00,236492955,23.85,90.46,2025-08-18 10:14:26+00:00,33.995767,-81.018122,41.2,5.33,-0.3,328.21,14.0,3D,2025-08-18 06:14:26-04:00,POINT (-81.018122 33.995767)
2025-08-17 17:36:20 UTC,sensor00,236492955,23.81,90.48,2025-08-18 10:14:31+00:00,33.996075,-81.018282,43.4,5.61,0.8,338.9,14.0,3D,2025-08-18 06:14:31-04:00,POINT (-81.018282 33.996075)
2025-08-17 17:36:26 UTC,sensor00,236492955,23.87,90.6,2025-08-18 10:14:36+00:00,33.996368,-81.018338,44.9,5.64,-0.1,350.58,14.0,3D,2025-08-18 06:14:36-04:00,POINT (-81.018338 33.996368)
2025-08-17 17:36:31 UTC,sensor00,236492955,23.88,90.48,2025-08-18 10:14:42+00:00,33.996665,-81.018302,45.7,5.72,0.0,0.0,14.0,3D,2025-08-18 06:14:42-04:00,POINT (-81.018302 33.996665)
2025-08-17 17:36:36 UTC,sensor00,236492955,23.85,90.57,2025-08-18 10:14:47+00:00,33.996897,-81.0182,45.5,5.5,0.0,0.0,14.0,3D,2025-08-18 06:14:47-04:00,POINT (-81.0182 33.996897)
2025-08-17 17:36:41 UTC,sensor00,236492955,23.82,90.66,2025-08-18 10:14:52+00:00,33.997127,-81.01808,45.8,5.46,0.2,24.86,14.0,3D,2025-08-18 06:14:52-04:00,POINT (-81.01808 33.997127)
2025-08-17 17:36:46 UTC,sensor00,236492955,23.77,90.64,2025-08-18 10:14:57+00:00,33.997412,-81.017963,45.9,5.5,0.0,20.8,14.0,3D,2025-08-18 06:14:57-04:00,POINT (-81.017963 33.997412)
2025-08-17 17:36:51 UTC,sensor00,236492955,23.72,90.84,2025-08-18 10:15:02+00:00,33.997682,-81.017803,46.5,5.87,0.1,26.39,14.0,3D,2025-08-18 06:15:02-04:00,POINT (-81.017803 33.997682)
2025-08-17 17:36:56 UTC,sensor00,236492955,23.7,90.89,2025-08-18 10:15:07+00:00,33.997868,-81.017728,47.8,2.69,0.2,15.54,14.0,3D,2025-08-18 06:15:07-04:00,POINT (-81.017728 33.997868)
2025-08-17 17:38:01 UTC,sensor00,236492955,23.83,90.77,2025-08-18 10:16:12+00:00,33.998128,-81.017662,39.1,4.78,-0.1,20.76,14.0,3D,2025-08-18 06:16:12-04:00,POINT (-81.017662 33.998128)
2025-08-17 17:38:07 UTC,sensor00,236492955,23.94,91.23,2025-08-18 10:16:17+00:00,33.998368,-81.017548,37.6,4.93,-0.4,20.9,14.0,3D,2025-08-18 06:16:17-04:00,POINT (-81.017548 33.998368)
2025-08-17 17:38:12 UTC,sensor00,236492955,24.05,90.63,2025-08-18 10:16:22+00:00,33.998595,-81.01746,36.1,5.16,-0.3,19.58,14.0,3D,2025-08-18 06:16:22-04:00,POINT (-81.01746 33.998595)
2025-08-17 17:38:17 UTC,sensor00,236492955,24.17,89.95,2025-08-18 10:16:28+00:00,33.998912,-81.017302,34.0,6.2,-0.2,0.0,14.0,3D,2025-08-18 06:16:28-04:00,POINT (-81.017302 33.998912)
2025-08-17 17:38:22 UTC,sensor00,236492955,24.24,89.63,2025-08-18 10:16:33+00:00,33.99911,-81.017187,32.7,4.91,-0.2,0.0,14.0,3D,2025-08-18 06:16:33-04:00,POINT (-81.017187 33.99911)
2025-08-17 17:38:27 UTC,sensor00,236492955,24.33,89.4,2025-08-18 10:16:38+00:00,33.999293,-81.017105,31.8,3.6,-0.2,0.0,14.0,3D,2025-08-18 06:16:38-04:00,POINT (-81.017105 33.999293)
2025-08-17 17:38:32 UTC,sensor00,236492955,24.36,89.31,2025-08-18 10:16:43+00:00,33.999468,-81.017022,31.0,4.34,-0.1,19.89,14.0,3D,2025-08-18 06:16:43-04:00,POINT (-81.017022 33.999468)
2025-08-17 17:38:37 UTC,sensor00,236492955,24.39,89.42,2025-08-18 10:16:48+00:00,33.999658,-81.01695,31.4,4.55,0.2,23.38,14.0,3D,2025-08-18 06:16:48-04:00,POINT (-81.01695 33.999658)
2025-08-17 17:38:42 UTC,sensor00,236492955,24.37,89.51,2025-08-18 10:16:53+00:00,33.999863,-81.017007,31.8,5.22,0.0,334.43,14.0,3D,2025-08-18 06:16:53-04:00,POINT (-81.017007 33.999863)
2025-08-17 17:38:47 UTC,sensor00,236492955,24.3,89.46,2025-08-18 10:16:58+00:00,34.000082,-81.017078,31.8,3.6,-0.2,347.02,14.0,3D,2025-08-18 06:16:58-04:00,POINT (-81.017078 34.000082)
2025-08-17 17:38:52 UTC,sensor00,236492955,24.31,89.44,2025-08-18 10:17:03+00:00,34.000203,-81.017128,33.2,2.47,0.0,297.03,14.0,3D,2025-08-18 06:17:03-04:00,POINT (-81.017128 34.000203)
2025-08-17 17:38:57 UTC,sensor00,236492955,24.36,89.29,2025-08-18 10:17:08+00:00,34.00018,-81.017328,33.6,4.9,0.2,248.98,14.0,3D,2025-08-18 06:17:08-04:00,POINT (-81.017328 34.00018)
2025-08-17 17:39:02 UTC,sensor00,236492955,24.43,89.16,2025-08-18 10:17:13+00:00,34.000107,-81.017603,35.3,4.73,0.1,257.03,14.0,3D,2025-08-18 06:17:13-04:00,POINT (-81.017603 34.000107)
2025-08-17 17:39:07 UTC,sensor00,236492955,24.52,88.76,2025-08-18 10:17:18+00:00,34.000027,-81.01787,36.6,5.29,0.2,246.07,14.0,3D,2025-08-18 06:17:18-04:00,POINT (-81.01787 34.000027)
2025-08-17 17:39:12 UTC,sensor00,236492955,24.55,88.43,2025-08-18 10:17:23+00:00,33.99993,-81.01814,38.3,5.68,0.4,252.39,14.0,3D,2025-08-18 06:17:23-04:00,POINT (-81.01814 33.99993)
2025-08-17 17:39:17 UTC,sensor00,236492955,24.48,88.34,2025-08-18 10:17:25+00:00,33.999897,-81.018257,38.9,5.7,0.3,252.11,14.0,3D,2025-08-18 06:17:25-04:00,POINT (-81.018257 33.999897)
2025-08-17 17:39:22 UTC,sensor00,236492955,24.42,88.53,2025-08-18 10:17:31+00:00,33.999788,-81.018543,40.0,3.64,0.1,0.0,4.0,3D,2025-08-18 06:17:31-04:00,POINT (-81.018543 33.999788)
2025-08-17 17:39:27 UTC,sensor00,236492955,24.4,88.47,2025-08-18 10:17:38+00:00,33.99969,-81.018888,45.9,3.99,0.84,244.56,4.0,3D,2025-08-18 06:17:38-04:00,POINT (-81.018888 33.99969)
2025-08-17 17:39:32 UTC,sensor00,236492955,24.34,88.72,2025-08-18 10:17:43+00:00,33.999595,-81.019158,49.6,5.29,0.7,245.7,14.0,3D,2025-08-18 06:17:43-04:00,POINT (-81.019158 33.999595)
2025-08-17 17:39:37 UTC,sensor00,236492955,24.32,88.81,2025-08-18 10:17:48+00:00,33.999487,-81.019438,52.8,5.4,0.6,242.8,14.0,3D,2025-08-18 06:17:48-04:00,POINT (-81.019438 33.999487)
2025-08-17 17:39:42 UTC,sensor00,236492955,24.26,88.97,2025-08-18 10:17:53+00:00,33.999377,-81.019735,57.6,6.28,0.9,246.59,14.0,3D,2025-08-18 06:17:53-04:00,POINT (-81.019735 33.999377)
2025-08-17 17:39:48 UTC,sensor00,236492955,24.2,89.27,2025-08-18 10:17:58+00:00,33.99925,-81.020032,61.3,5.91,0.7,241.22,14.0,3D,2025-08-18 06:17:58-04:00,POINT (-81.020032 33.99925)
2025-08-17 17:39:53 UTC,sensor00,236492955,24.14,89.44,2025-08-18 10:18:04+00:00,33.999143,-81.020403,66.5,5.79,1.0,0.0,14.0,3D,2025-08-18 06:18:04-04:00,POINT (-81.020403 33.999143)
2025-08-17 17:39:58 UTC,sensor00,236492955,24.15,89.45,2025-08-18 10:18:09+00:00,33.999048,-81.020703,71.7,6.11,1.0,0.0,14.0,3D,2025-08-18 06:18:09-04:00,POINT (-81.020703 33.999048)
2025-08-17 17:40:03 UTC,sensor00,236492955,24.11,89.58,2025-08-18 10:18:14+00:00,33.998937,-81.021013,76.1,5.97,0.7,0.0,14.0,3D,2025-08-18 06:18:14-04:00,POINT (-81.021013 33.998937)
2025-08-17 17:40:08 UTC,sensor00,236492955,24.1,89.54,2025-08-18 10:18:19+00:00,33.99884,-81.021298,79.4,5.92,0.8,252.13,14.0,3D,2025-08-18 06:18:19-04:00,POINT (-81.021298 33.99884)
2025-08-17 17:40:13 UTC,sensor00,236492955,24.11,89.59,2025-08-18 10:18:24+00:00,33.998735,-81.021608,83.2,5.66,0.6,249.2,14.0,3D,2025-08-18 06:18:24-04:00,POINT (-81.021608 33.998735)
2025-08-17 17:40:18 UTC,sensor00,236492955,24.1,89.65,2025-08-18 10:18:29+00:00,33.998628,-81.021943,85.8,5.99,0.4,248.47,14.0,3D,2025-08-18 06:18:29-04:00,POINT (-81.021943 33.998628)
2025-08-17 17:40:23 UTC,sensor00,236492955,24.06,89.82,2025-08-18 10:18:34+00:00,33.998502,-81.022295,90.6,6.03,0.8,247.54,14.0,3D,2025-08-18 06:18:34-04:00,POINT (-81.022295 33.998502)
2025-08-17 17:40:28 UTC,sensor00,236492955,24.03,89.93,2025-08-18 10:18:39+00:00,33.998393,-81.022585,94.1,5.47,0.7,246.81,14.0,3D,2025-08-18 06:18:39-04:00,POINT (-81.022585 33.998393)
2025-08-17 17:40:33 UTC,sensor00,236492955,24.04,89.98,2025-08-18 10:18:44+00:00,33.998305,-81.02285,96.9,5.79,0.6,250.32,14.0,3D,2025-08-18 06:18:44-04:00,POINT (-81.02285 33.998305)
2025-08-17 17:40:38 UTC,sensor00,236492955,24.1,89.89,2025-08-18 10:18:49+00:00,33.99822,-81.023145,99.3,6.35,0.4,252.58,14.0,3D,2025-08-18 06:18:49-04:00,POINT (-81.023145 33.99822)
2025-08-17 17:40:43 UTC,sensor00,236492955,24.14,89.7,2025-08-18 10:18:54+00:00,33.998115,-81.023437,100.7,5.74,0.1,249.56,14.0,3D,2025-08-18 06:18:54-04:00,POINT (-81.023437 33.998115)
2025-08-17 17:40:48 UTC,sensor00,236492955,24.24,89.33,2025-08-18 10:18:59+00:00,33.998005,-81.023742,102.4,5.89,0.5,248.39,14.0,3D,2025-08-18 06:18:59-04:00,POINT (-81.023742 33.998005)
2025-08-17 17:40:53 UTC,sensor00,236492955,24.28,88.94,2025-08-18 10:19:04+00:00,33.997907,-81.02408,104.7,6.15,0.5,250.05,14.0,3D,2025-08-18 06:19:04-04:00,POINT (-81.02408 33.997907)
2025-08-17 17:40:58 UTC,sensor00,236492955,24.39,88.63,2025-08-18 10:19:09+00:00,33.997803,-81.024405,106.4,6.88,0.3,248.59,14.0,3D,2025-08-18 06:19:09-04:00,POINT (-81.024405 33.997803)
2025-08-17 17:41:03 UTC,sensor00,236492955,24.47,88.14,2025-08-18 10:19:14+00:00,33.997692,-81.024762,108.4,6.6,0.3,250.27,14.0,3D,2025-08-18 06:19:14-04:00,POINT (-81.024762 33.997692)
2025-08-17 17:41:08 UTC,sensor00,236492955,24.63,87.62,2025-08-18 10:19:19+00:00,33.997592,-81.025082,108.7,5.48,-0.3,247.2,14.0,3D,2025-08-18 06:19:19-04:00,POINT (-81.025082 33.997592)
2025-08-17 17:41:13 UTC,sensor00,236492955,24.62,87.23,2025-08-18 10:19:24+00:00,33.997518,-81.025345,110.2,4.14,0.3,251.49,14.0,3D,2025-08-18 06:19:24-04:00,POINT (-81.025345 33.997518)
2025-08-17 17:41:18 UTC,sensor00,236492955,24.59,87.01,2025-08-18 10:19:26+00:00,33.997487,-81.02542,111.0,4.18,0.4,0.0,12.0,3D,2025-08-18 06:19:26-04:00,POINT (-81.02542 33.997487)
2025-08-17 17:41:23 UTC,sensor00,236492955,24.51,86.82,2025-08-18 10:19:34+00:00,33.997373,-81.025828,113.6,5.93,0.3,246.36,12.0,3D,2025-08-18 06:19:34-04:00,POINT (-81.025828 33.997373)
2025-08-17 17:41:29 UTC,sensor00,236492955,24.51,86.94,2025-08-18 10:19:39+00:00,33.99729,-81.026095,116.7,4.91,0.7,257.12,13.0,3D,2025-08-18 06:19:39-04:00,POINT (-81.026095 33.99729)
2025-08-17 17:41:34 UTC,sensor00,236492955,24.47,87.36,2025-08-18 10:19:44+00:00,33.997325,-81.02631,118.8,2.95,0.2,280.48,13.0,3D,2025-08-18 06:19:44-04:00,POINT (-81.02631 33.997325)
2025-08-17 17:41:39 UTC,sensor00,236492955,24.44,87.67,2025-08-18 10:19:50+00:00,33.997267,-81.026567,121.8,4.35,0.5,0.0,13.0,3D,2025-08-18 06:19:50-04:00,POINT (-81.026567 33.997267)
2025-08-17 17:41:44 UTC,sensor00,236492955,24.42,88.14,2025-08-18 10:19:55+00:00,33.997212,-81.026747,121.8,3.91,-0.4,0.0,13.0,3D,2025-08-18 06:19:55-04:00,POINT (-81.026747 33.997212)
2025-08-17 17:41:49 UTC,sensor00,236492955,24.41,88.34,2025-08-18 10:20:00+00:00,33.997158,-81.026942,123.1,3.27,0.4,0.0,13.0,3D,2025-08-18 06:20:00-04:00,POINT (-81.026942 33.997158)
2025-08-17 17:41:54 UTC,sensor00,236492955,24.44,88.17,2025-08-18 10:20:05+00:00,33.997087,-81.02718,123.3,3.95,0.4,254.12,13.0,3D,2025-08-18 06:20:05-04:00,POINT (-81.02718 33.997087)
2025-08-17 17:41:59 UTC,sensor00,236492955,24.51,88.04,2025-08-18 10:20:10+00:00,33.997013,-81.027435,123.9,4.55,0.1,247.15,13.0,3D,2025-08-18 06:20:10-04:00,POINT (-81.027435 33.997013)
2025-08-17 17:42:04 UTC,sensor00,236492955,24.58,87.85,2025-08-18 10:20:15+00:00,33.996955,-81.027713,121.8,4.21,-0.1,255.14,13.0,3D,2025-08-18 06:20:15-04:00,POINT (-81.027713 33.996955)
2025-08-17 17:42:09 UTC,sensor00,236492955,24.67,87.45,2025-08-18 10:20:20+00:00,33.99689,-81.027933,121.4,3.88,0.0,251.74,13.0,3D,2025-08-18 06:20:20-04:00,POINT (-81.027933 33.99689)
2025-08-17 17:42:14 UTC,sensor00,236492955,24.72,87.26,2025-08-18 10:20:25+00:00,33.996802,-81.028138,120.2,4.16,-0.2,245.59,13.0,3D,2025-08-18 06:20:25-04:00,POINT (-81.028138 33.996802)
2025-08-17 17:42:19 UTC,sensor00,236492955,24.71,87.2,2025-08-18 10:20:30+00:00,33.996698,-81.028383,118.1,4.32,-0.7,249.86,13.0,3D,2025-08-18 06:20:30-04:00,POINT (-81.028383 33.996698)
2025-08-17 17:42:24 UTC,sensor00,236492955,24.74,87.12,2025-08-18 10:20:35+00:00,33.996622,-81.028597,117.5,4.2,-0.1,251.7,13.0,3D,2025-08-18 06:20:35-04:00,POINT (-81.028597 33.996622)
2025-08-17 17:42:39 UTC,sensor00,236492955,24.84,87.01,2025-08-18 10:20:50+00:00,33.996353,-81.029318,108.5,4.68,-0.2,242.25,13.0,3D,2025-08-18 06:20:50-04:00,POINT (-81.029318 33.996353)
2025-08-17 17:42:44 UTC,sensor00,236492955,24.92,86.66,2025-08-18 10:20:55+00:00,33.996358,-81.029527,106.3,2.56,-0.3,316.53,13.0,3D,2025-08-18 06:20:55-04:00,POINT (-81.029527 33.996358)
2025-08-17 17:42:49 UTC,sensor00,236492955,25.0,86.41,2025-08-18 10:21:00+00:00,33.996567,-81.029598,103.8,4.74,-0.5,339.96,13.0,3D,2025-08-18 06:21:00-04:00,POINT (-81.029598 33.996567)
2025-08-17 17:42:54 UTC,sensor00,236492955,24.97,86.2,2025-08-18 10:21:05+00:00,33.996795,-81.029703,101.5,5.05,-0.7,340.3,13.0,3D,2025-08-18 06:21:05-04:00,POINT (-81.029703 33.996795)
2025-08-17 17:42:59 UTC,sensor00,236492955,24.91,86.37,2025-08-18 10:21:10+00:00,33.997028,-81.029813,100.1,5.94,-0.1,338.89,13.0,3D,2025-08-18 06:21:10-04:00,POINT (-81.029813 33.997028)
2025-08-17 17:43:05 UTC,sensor00,236492955,24.78,86.52,2025-08-18 10:21:16+00:00,33.997367,-81.029942,97.6,7.44,-0.6,0.0,13.0,3D,2025-08-18 06:21:16-04:00,POINT (-81.029942 33.997367)
2025-08-17 17:43:10 UTC,sensor00,236492955,24.75,87.05,2025-08-18 10:21:21+00:00,33.997657,-81.030083,93.2,6.07,-0.3,0.0,4.0,3D,2025-08-18 06:21:21-04:00,POINT (-81.030083 33.997657)
2025-08-17 17:43:15 UTC,sensor00,236492955,24.72,86.94,2025-08-18 10:21:26+00:00,33.997855,-81.030193,92.0,4.68,0.1,0.0,12.0,3D,2025-08-18 06:21:26-04:00,POINT (-81.030193 33.997855)
2025-08-17 17:43:20 UTC,sensor00,236492955,24.7,87.0,2025-08-18 10:21:31+00:00,33.998068,-81.030318,92.1,4.8,0.0,342.14,13.0,3D,2025-08-18 06:21:31-04:00,POINT (-81.030318 33.998068)
2025-08-17 17:43:25 UTC,sensor00,236492955,24.77,86.97,2025-08-18 10:21:36+00:00,33.998312,-81.030382,91.7,5.01,0.0,342.87,13.0,3D,2025-08-18 06:21:36-04:00,POINT (-81.030382 33.998312)
2025-08-17 17:43:30 UTC,sensor00,236492955,24.82,86.75,2025-08-18 10:21:41+00:00,33.99855,-81.030462,91.7,5.44,0.0,346.13,13.0,3D,2025-08-18 06:21:41-04:00,POINT (-81.030462 33.99855)
2025-08-17 17:43:35 UTC,sensor00,236492955,24.85,86.59,2025-08-18 10:21:46+00:00,33.998788,-81.03057,91.6,4.06,-0.1,335.16,13.0,3D,2025-08-18 06:21:46-04:00,POINT (-81.03057 33.998788)
2025-08-17 17:43:45 UTC,sensor00,236492955,25.02,85.98,2025-08-18 10:21:56+00:00,33.999083,-81.03073,92.0,4.4,0.2,336.81,13.0,3D,2025-08-18 06:21:56-04:00,POINT (-81.03073 33.999083)
2025-08-17 17:43:50 UTC,sensor00,236492955,25.11,85.59,2025-08-18 10:22:01+00:00,33.999287,-81.030865,92.8,4.82,0.0,333.93,13.0,3D,2025-08-18 06:22:01-04:00,POINT (-81.030865 33.999287)
2025-08-17 17:43:56 UTC,sensor00,236492955,25.16,85.35,2025-08-18 10:22:06+00:00,33.999527,-81.030985,93.8,6.18,0.2,338.24,13.0,3D,2025-08-18 06:22:06-04:00,POINT (-81.030985 33.999527)
2025-08-17 17:44:01 UTC,sensor00,236492955,25.23,85.25,2025-08-18 10:22:12+00:00,33.999845,-81.031125,94.7,5.61,0.1,0.0,13.0,3D,2025-08-18 06:22:12-04:00,POINT (-81.031125 33.999845)
2025-08-17 17:44:16 UTC,sensor00,236492955,25.22,85.06,2025-08-18 10:22:27+00:00,34.000357,-81.031447,101.6,3.48,0.4,296.97,13.0,3D,2025-08-18 06:22:27-04:00,POINT (-81.031447 34.000357)
2025-08-17 17:44:31 UTC,sensor00,236492955,25.03,85.79,2025-08-18 10:22:42+00:00,34.000395,-81.031728,107.7,3.29,0.4,294.57,13.0,3D,2025-08-18 06:22:42-04:00,POINT (-81.031728 34.000395)
2025-08-17 17:44:36 UTC,sensor00,236492955,24.97,86.41,2025-08-18 10:22:47+00:00,34.000498,-81.031885,110.1,2.82,0.6,314.09,13.0,3D,2025-08-18 06:22:47-04:00,POINT (-81.031885 34.000498)
2025-08-17 17:44:46 UTC,sensor00,236492955,24.86,86.53,2025-08-18 10:22:57+00:00,34.000437,-81.03225,113.5,4.08,0.3,215.86,13.0,3D,2025-08-18 06:22:57-04:00,POINT (-81.03225 34.000437)
2025-08-17 17:44:51 UTC,sensor00,236492955,24.88,86.62,2025-08-18 10:23:02+00:00,34.000417,-81.032478,114.9,4.02,0.3,316.5,13.0,3D,2025-08-18 06:23:02-04:00,POINT (-81.032478 34.000417)
2025-08-17 17:44:57 UTC,sensor00,236492955,24.94,86.43,2025-08-18 10:23:07+00:00,34.000597,-81.032592,116.7,4.51,0.4,332.83,13.0,3D,2025-08-18 06:23:07-04:00,POINT (-81.032592 34.000597)
2025-08-17 17:45:02 UTC,sensor00,236492955,24.94,87.1,2025-08-18 10:23:13+00:00,34.00076,-81.032827,118.3,5.9,-0.4,0.0,13.0,3D,2025-08-18 06:23:13-04:00,POINT (-81.032827 34.00076)
2025-08-17 17:45:07 UTC,sensor00,236492955,24.86,86.93,2025-08-18 10:23:18+00:00,34.0008,-81.033053,119.8,4.32,0.3,0.0,13.0,3D,2025-08-18 06:23:18-04:00,POINT (-81.033053 34.0008)
2025-08-17 17:45:12 UTC,sensor00,236492955,24.83,86.6,2025-08-18 10:23:23+00:00,34.000745,-81.033297,121.1,4.74,0.2,250.63,13.0,3D,2025-08-18 06:23:23-04:00,POINT (-81.033297 34.000745)
2025-08-17 17:45:17 UTC,sensor00,236492955,24.87,86.38,2025-08-18 10:23:28+00:00,34.00064,-81.033527,121.1,4.41,0.3,0.0,13.0,3D,2025-08-18 06:23:28-04:00,POINT (-81.033527 34.00064)
2025-08-17 17:45:22 UTC,sensor00,236492955,24.8,86.91,2025-08-18 10:23:33+00:00,34.00053,-81.03367,122.8,4.38,0.4,207.66,13.0,3D,2025-08-18 06:23:33-04:00,POINT (-81.03367 34.00053)
2025-08-17 17:45:27 UTC,sensor00,236492955,24.78,87.14,2025-08-18 10:23:34+00:00,34.000493,-81.033687,123.2,4.35,0.4,0.0,13.0,3D,2025-08-18 06:23:34-04:00,POINT (-81.033687 34.000493)
2025-08-17 17:45:32 UTC,sensor00,236492955,24.75,87.4,2025-08-18 10:23:43+00:00,34.000127,-81.033732,122.8,4.32,0.2,162.23,13.0,3D,2025-08-18 06:23:43-04:00,POINT (-81.033732 34.000127)
2025-08-17 17:45:37 UTC,sensor00,236492955,24.7,87.57,2025-08-18 10:23:48+00:00,33.999955,-81.033617,123.0,4.2,0.1,150.53,13.0,3D,2025-08-18 06:23:48-04:00,POINT (-81.033617 33.999955)
2025-08-17 17:45:42 UTC,sensor00,236492955,24.66,87.67,2025-08-18 10:23:53+00:00,33.999802,-81.033465,122.2,4.22,0.0,118.66,13.0,3D,2025-08-18 06:23:53-04:00,POINT (-81.033465 33.999802)
2025-08-17 17:45:58 UTC,sensor00,236492955,24.92,86.64,2025-08-18 10:24:08+00:00,33.99953,-81.032913,122.6,5.25,0.0,160.27,13.0,3D,2025-08-18 06:24:08-04:00,POINT (-81.032913 33.99953)
2025-08-17 17:46:03 UTC,sensor00,236492955,24.87,86.11,2025-08-18 10:24:14+00:00,33.999252,-81.032798,123.4,5.45,-0.1,0.0,13.0,3D,2025-08-18 06:24:14-04:00,POINT (-81.032798 33.999252)
2025-08-17 17:46:23 UTC,sensor00,236492955,25.0,86.48,2025-08-18 10:24:34+00:00,33.998438,-81.032447,117.0,2.26,-0.7,170.7,13.0,3D,2025-08-18 06:24:34-04:00,POINT (-81.032447 33.998438)
2025-08-17 17:46:53 UTC,sensor00,236492955,25.19,85.66,2025-08-18 10:25:04+00:00,33.997272,-81.031862,103.8,5.38,-0.4,144.51,13.0,3D,2025-08-18 06:25:04-04:00,POINT (-81.031862 33.997272)
2025-08-17 17:47:03 UTC,sensor00,236492955,25.23,85.4,2025-08-18 10:25:14+00:00,33.996853,-81.031638,97.7,3.62,-0.5,170.22,13.0,3D,2025-08-18 06:25:14-04:00,POINT (-81.031638 33.996853)
2025-08-17 17:47:09 UTC,sensor00,236492955,25.19,85.29,2025-08-18 10:25:19+00:00,33.996643,-81.031567,95.8,5.04,-0.6,155.94,13.0,3D,2025-08-18 06:25:19-04:00,POINT (-81.031567 33.996643)
2025-08-17 17:47:14 UTC,sensor00,236492955,25.2,85.33,2025-08-18 10:25:25+00:00,33.996347,-81.031442,93.2,5.51,-0.5,158.49,13.0,3D,2025-08-18 06:25:25-04:00,POINT (-81.031442 33.996347)
2025-08-17 17:47:19 UTC,sensor00,236492955,25.19,85.38,2025-08-18 10:25:29+00:00,33.996153,-81.031363,93.2,5.34,0.1,154.69,13.0,3D,2025-08-18 06:25:29-04:00,POINT (-81.031363 33.996153)
2025-08-17 17:47:24 UTC,sensor00,236492955,25.14,85.55,2025-08-18 10:25:34+00:00,33.995955,-81.031215,93.7,5.1,0.0,0.0,13.0,3D,2025-08-18 06:25:34-04:00,POINT (-81.031215 33.995955)
2025-08-17 17:47:29 UTC,sensor00,236492955,25.14,85.55,2025-08-18 10:25:40+00:00,33.995677,-81.031095,94.3,5.42,-0.1,161.31,13.0,3D,2025-08-18 06:25:40-04:00,POINT (-81.031095 33.995677)
2025-08-17 17:47:34 UTC,sensor00,236492955,25.03,85.77,2025-08-18 10:25:45+00:00,33.995433,-81.031035,94.2,6.04,0.2,164.21,13.0,3D,2025-08-18 06:25:45-04:00,POINT (-81.031035 33.995433)
2025-08-17 17:47:39 UTC,sensor00,236492955,24.93,86.1,2025-08-18 10:25:50+00:00,33.99518,-81.030902,96.5,6.45,0.6,158.15,13.0,3D,2025-08-18 06:25:50-04:00,POINT (-81.030902 33.99518)
2025-08-17 17:47:44 UTC,sensor00,236492955,24.83,86.48,2025-08-18 10:25:55+00:00,33.99491,-81.030757,98.7,6.34,0.5,162.16,13.0,3D,2025-08-18 06:25:55-04:00,POINT (-81.030757 33.99491)
2025-08-17 17:47:50 UTC,sensor00,236492955,24.86,86.55,2025-08-18 10:26:00+00:00,33.994663,-81.030588,98.5,6.22,0.1,150.78,13.0,3D,2025-08-18 06:26:00-04:00,POINT (-81.030588 33.994663)
2025-08-17 17:47:55 UTC,sensor00,236492955,24.93,86.38,2025-08-18 10:26:06+00:00,33.994332,-81.03047,99.1,6.42,-0.2,0.0,13.0,3D,2025-08-18 06:26:06-04:00,POINT (-81.03047 33.994332)
2025-08-17 17:48:00 UTC,sensor00,236492955,25.06,86.01,2025-08-18 10:26:11+00:00,33.994023,-81.030358,98.7,7.3,0.0,0.0,8.0,3D,2025-08-18 06:26:11-04:00,POINT (-81.030358 33.994023)
2025-08-17 17:48:10 UTC,sensor00,236492955,25.27,84.8,2025-08-18 10:26:21+00:00,33.99338,-81.0301,106.8,6.25,0.8,157.46,13.0,3D,2025-08-18 06:26:21-04:00,POINT (-81.0301 33.99338)
2025-08-17 17:48:15 UTC,sensor00,236492955,25.28,85.05,2025-08-18 10:26:26+00:00,33.993077,-81.029977,110.9,7.59,-0.1,157.39,13.0,3D,2025-08-18 06:26:26-04:00,POINT (-81.029977 33.993077)
2025-08-17 17:48:20 UTC,sensor00,236492955,25.33,85.45,2025-08-18 10:26:31+00:00,33.99273,-81.029843,110.4,9.16,0.6,159.45,13.0,3D,2025-08-18 06:26:31-04:00,POINT (-81.029843 33.99273)
2025-08-17 17:48:25 UTC,sensor00,236492955,25.22,85.7,2025-08-18 10:26:36+00:00,33.992335,-81.029677,110.6,9.22,0.2,158.03,13.0,3D,2025-08-18 06:26:36-04:00,POINT (-81.029677 33.992335)
2025-08-17 17:48:31 UTC,sensor00,236492955,25.08,86.38,2025-08-18 10:26:41+00:00,33.991973,-81.029487,109.4,8.51,-0.7,155.97,13.0,3D,2025-08-18 06:26:41-04:00,POINT (-81.029487 33.991973)
2025-08-17 17:48:51 UTC,sensor00,236492955,24.57,87.78,2025-08-18 10:27:02+00:00,33.992028,-81.02822,102.6,7.55,-0.7,71.55,13.0,3D,2025-08-18 06:27:02-04:00,POINT (-81.02822 33.992028)
2025-08-17 17:48:56 UTC,sensor00,236492955,24.39,89.12,2025-08-18 10:27:07+00:00,33.992168,-81.027835,99.9,6.86,-0.4,71.66,13.0,3D,2025-08-18 06:27:07-04:00,POINT (-81.027835 33.992168)
2025-08-17 17:49:01 UTC,sensor00,236492955,24.21,89.92,2025-08-18 10:27:12+00:00,33.992302,-81.027483,97.4,6.38,-0.3,69.34,13.0,3D,2025-08-18 06:27:12-04:00,POINT (-81.027483 33.992302)
2025-08-17 17:49:06 UTC,sensor00,236492955,24.12,90.52,2025-08-18 10:27:17+00:00,33.992428,-81.027125,94.7,7.31,-0.4,71.67,13.0,3D,2025-08-18 06:27:17-04:00,POINT (-81.027125 33.992428)
2025-08-17 17:49:12 UTC,sensor00,236492955,24.05,90.95,2025-08-18 10:27:22+00:00,33.992538,-81.026748,93.2,7.66,-0.1,70.28,13.0,3D,2025-08-18 06:27:22-04:00,POINT (-81.026748 33.992538)
2025-08-17 17:49:17 UTC,sensor00,236492955,24.16,91.06,2025-08-18 10:27:28+00:00,33.992735,-81.026282,87.1,6.98,-0.6,0.0,13.0,3D,2025-08-18 06:27:28-04:00,POINT (-81.026282 33.992735)
2025-08-17 17:49:22 UTC,sensor00,236492955,24.15,89.92,2025-08-18 10:27:30+00:00,33.992783,-81.02614,85.9,7.23,-0.7,63.66,13.0,3D,2025-08-18 06:27:30-04:00,POINT (-81.02614 33.992783)
2025-08-17 17:49:27 UTC,sensor00,236492955,24.16,90.25,2025-08-18 10:27:38+00:00,33.992967,-81.025465,0.0,8.84,0.0,70.11,13.0,3D,2025-08-18 06:27:38-04:00,POINT (-81.025465 33.992967)
2025-08-17 17:49:32 UTC,sensor00,236492955,24.13,90.03,2025-08-18 10:27:43+00:00,33.993103,-81.024987,77.8,8.48,-0.6,69.74,13.0,3D,2025-08-18 06:27:43-04:00,POINT (-81.024987 33.993103)
2025-08-17 17:50:03 UTC,sensor00,236492955,23.99,90.45,2025-08-18 10:28:14+00:00,33.993803,-81.023007,85.7,3.67,0.0,0.0,13.0,3D,2025-08-18 06:28:14-04:00,POINT (-81.023007 33.993803)
2025-08-17 17:50:08 UTC,sensor00,236492955,24.04,90.19,2025-08-18 10:28:19+00:00,33.994043,-81.023113,86.8,5.92,0.3,334.7,13.0,3D,2025-08-18 06:28:19-04:00,POINT (-81.023113 33.994043)
2025-08-17 17:50:13 UTC,sensor00,236492955,23.96,90.26,2025-08-18 10:28:24+00:00,33.994273,-81.023275,90.4,5.82,0.8,327.04,13.0,3D,2025-08-18 06:28:24-04:00,POINT (-81.023275 33.994273)
2025-08-17 17:50:18 UTC,sensor00,236492955,23.92,90.73,2025-08-18 10:28:29+00:00,33.994492,-81.02343,94.0,4.84,1.1,330.65,13.0,3D,2025-08-18 06:28:29-04:00,POINT (-81.02343 33.994492)
2025-08-17 17:50:23 UTC,sensor00,236492955,23.92,91.01,2025-08-18 10:28:34+00:00,33.994658,-81.023538,96.0,3.63,0.2,322.8,13.0,3D,2025-08-18 06:28:34-04:00,POINT (-81.023538 33.994658)
2025-08-17 17:50:28 UTC,sensor00,236492955,23.84,90.94,2025-08-18 10:28:39+00:00,33.994768,-81.023493,96.8,3.6,0.1,46.88,13.0,3D,2025-08-18 06:28:39-04:00,POINT (-81.023493 33.994768)
2025-08-17 17:50:33 UTC,sensor00,236492955,23.74,91.08,2025-08-18 10:28:44+00:00,33.99496,-81.023335,96.6,4.69,0.6,35.92,13.0,3D,2025-08-18 06:28:44-04:00,POINT (-81.023335 33.99496)
2025-08-17 17:50:38 UTC,sensor00,236492955,23.61,91.47,2025-08-18 10:28:49+00:00,33.99513,-81.023157,99.3,5.46,0.5,46.85,13.0,3D,2025-08-18 06:28:49-04:00,POINT (-81.023157 33.99513)
2025-08-17 17:50:43 UTC,sensor00,236492955,23.53,91.76,2025-08-18 10:28:54+00:00,33.995327,-81.022937,99.2,5.36,0.1,46.7,13.0,3D,2025-08-18 06:28:54-04:00,POINT (-81.022937 33.995327)
2025-08-17 17:50:48 UTC,sensor00,236492955,23.45,92.02,2025-08-18 10:28:59+00:00,33.99552,-81.022733,101.0,4.9,0.4,41.08,13.0,3D,2025-08-18 06:28:59-04:00,POINT (-81.022733 33.99552)
2025-08-17 17:50:53 UTC,sensor00,236492955,23.41,92.4,2025-08-18 10:29:04+00:00,33.995705,-81.02255,103.8,4.95,0.1,46.75,13.0,3D,2025-08-18 06:29:04-04:00,POINT (-81.02255 33.995705)
2025-08-17 17:50:58 UTC,sensor00,236492955,23.36,92.54,2025-08-18 10:29:09+00:00,33.995827,-81.022317,107.3,4.97,0.7,63.92,13.0,3D,2025-08-18 06:29:09-04:00,POINT (-81.022317 33.995827)
2025-08-17 17:51:04 UTC,sensor00,236492955,23.27,92.74,2025-08-18 10:29:14+00:00,33.995957,-81.022028,110.3,4.83,0.6,70.53,13.0,3D,2025-08-18 06:29:14-04:00,POINT (-81.022028 33.995957)
2025-08-17 17:51:09 UTC,sensor00,236492955,23.25,93.09,2025-08-18 10:29:19+00:00,33.99605,-81.021765,112.1,4.28,0.6,57.46,13.0,3D,2025-08-18 06:29:19-04:00,POINT (-81.021765 33.99605)
2025-08-17 17:51:14 UTC,sensor00,236492955,23.26,93.31,2025-08-18 10:29:25+00:00,33.996283,-81.021567,114.4,4.14,0.6,0.0,13.0,3D,2025-08-18 06:29:25-04:00,POINT (-81.021567 33.996283)
2025-08-17 17:51:19 UTC,sensor00,236492955,23.26,93.15,2025-08-18 10:29:30+00:00,33.99642,-81.02135,116.9,6.84,0.5,0.0,13.0,3D,2025-08-18 06:29:30-04:00,POINT (-81.02135 33.99642)
2025-08-17 17:51:24 UTC,sensor00,236492955,23.27,93.0,2025-08-18 10:29:34+00:00,33.99647,-81.021167,120.4,4.37,0.93,0.0,4.0,3D,2025-08-18 06:29:34-04:00,POINT (-81.021167 33.99647)
2025-08-17 17:51:29 UTC,sensor00,236492955,23.24,93.27,2025-08-18 10:29:40+00:00,33.996562,-81.020898,125.2,3.63,0.6,67.33,4.0,3D,2025-08-18 06:29:40-04:00,POINT (-81.020898 33.996562)
2025-08-17 17:51:34 UTC,sensor00,236492955,23.21,93.32,2025-08-18 10:29:45+00:00,33.996623,-81.020663,129.4,4.36,1.1,85.13,13.0,3D,2025-08-18 06:29:45-04:00,POINT (-81.020663 33.996623)
2025-08-17 17:51:39 UTC,sensor00,236492955,23.17,93.35,2025-08-18 10:29:50+00:00,33.996663,-81.020388,133.2,4.06,0.7,74.74,13.0,3D,2025-08-18 06:29:50-04:00,POINT (-81.020388 33.996663)
2025-08-17 17:51:44 UTC,sensor00,236492955,23.12,93.5,2025-08-18 10:29:55+00:00,33.996713,-81.020113,136.0,4.54,0.6,64.13,13.0,3D,2025-08-18 06:29:55-04:00,POINT (-81.020113 33.996713)
2025-08-17 17:51:49 UTC,sensor00,236492955,23.1,93.53,2025-08-18 10:30:00+00:00,33.99681,-81.019927,139.1,3.82,0.6,52.0,13.0,3D,2025-08-18 06:30:00-04:00,POINT (-81.019927 33.99681)
2025-08-17 17:51:54 UTC,sensor00,236492955,23.08,93.63,2025-08-18 10:30:05+00:00,33.996977,-81.019722,141.9,3.97,0.6,40.22,13.0,3D,2025-08-18 06:30:05-04:00,POINT (-81.019722 33.996977)
2025-08-17 17:51:59 UTC,sensor00,236492955,23.07,93.73,2025-08-18 10:30:10+00:00,33.99714,-81.019592,145.3,4.24,0.7,17.33,13.0,3D,2025-08-18 06:30:10-04:00,POINT (-81.019592 33.99714)
2025-08-17 17:52:04 UTC,sensor00,236492955,23.1,93.79,2025-08-18 10:30:15+00:00,33.997335,-81.01952,148.8,4.26,0.8,4.19,13.0,3D,2025-08-18 06:30:15-04:00,POINT (-81.01952 33.997335)
2025-08-17 17:52:09 UTC,sensor00,236492955,23.15,93.77,2025-08-18 10:30:20+00:00,33.997523,-81.01951,150.1,4.11,0.3,10.22,13.0,3D,2025-08-18 06:30:20-04:00,POINT (-81.01951 33.997523)
2025-08-17 17:52:14 UTC,sensor00,236492955,23.22,93.46,2025-08-18 10:30:25+00:00,33.997695,-81.01942,151.6,4.18,0.4,20.44,13.0,3D,2025-08-18 06:30:25-04:00,POINT (-81.01942 33.997695)
2025-08-17 17:52:29 UTC,sensor00,236492955,23.4,93.01,2025-08-18 10:30:40+00:00,33.997913,-81.018957,155.6,4.23,0.1,93.88,13.0,3D,2025-08-18 06:30:40-04:00,POINT (-81.018957 33.997913)
2025-08-17 17:52:34 UTC,sensor00,236492955,23.4,92.67,2025-08-18 10:30:45+00:00,33.99798,-81.018675,153.7,5.02,-0.4,100.99,13.0,3D,2025-08-18 06:30:45-04:00,POINT (-81.018675 33.99798)
2025-08-17 17:52:39 UTC,sensor00,236492955,23.36,92.67,2025-08-18 10:30:50+00:00,33.997948,-81.018353,150.6,5.72,-1.1,104.94,13.0,3D,2025-08-18 06:30:50-04:00,POINT (-81.018353 33.997948)
2025-08-17 17:52:44 UTC,sensor00,236492955,23.44,92.48,2025-08-18 10:30:55+00:00,33.997907,-81.018033,145.3,5.6,-0.6,104.02,13.0,3D,2025-08-18 06:30:55-04:00,POINT (-81.018033 33.997907)
2025-08-17 17:52:49 UTC,sensor00,236492955,23.45,92.28,2025-08-18 10:31:00+00:00,33.997853,-81.01775,141.7,5.42,-0.6,102.05,13.0,3D,2025-08-18 06:31:00-04:00,POINT (-81.01775 33.997853)
2025-08-17 17:52:54 UTC,sensor00,236492955,23.48,92.06,2025-08-18 10:31:05+00:00,33.99778,-81.017472,138.9,6.01,-0.5,106.92,13.0,3D,2025-08-18 06:31:05-04:00,POINT (-81.017472 33.99778)
2025-08-17 17:52:59 UTC,sensor00,236492955,23.56,91.7,2025-08-18 10:31:10+00:00,33.997697,-81.017173,135.6,6.45,-0.5,114.17,13.0,3D,2025-08-18 06:31:10-04:00,POINT (-81.017173 33.997697)
2025-08-17 17:53:05 UTC,sensor00,236492955,23.58,91.6,2025-08-18 10:31:15+00:00,33.99761,-81.016837,129.4,6.48,-0.9,112.63,13.0,3D,2025-08-18 06:31:15-04:00,POINT (-81.016837 33.99761)
2025-08-17 17:53:10 UTC,sensor00,236492955,23.59,91.55,2025-08-18 10:31:20+00:00,33.997535,-81.016545,126.0,5.85,-1.0,106.03,13.0,3D,2025-08-18 06:31:20-04:00,POINT (-81.016545 33.997535)
2025-08-17 17:53:15 UTC,sensor00,236492955,23.55,91.56,2025-08-18 10:31:26+00:00,33.997492,-81.016188,117.3,5.44,-1.3,0.0,13.0,3D,2025-08-18 06:31:26-04:00,POINT (-81.016188 33.997492)
2025-08-17 17:53:20 UTC,sensor00,236492955,23.61,91.67,2025-08-18 10:31:31+00:00,33.997493,-81.01585,109.6,6.01,-1.9,0.0,13.0,3D,2025-08-18 06:31:31-04:00,POINT (-81.01585 33.997493)
2025-08-17 17:53:25 UTC,sensor00,236492955,23.72,91.6,2025-08-18 10:31:36+00:00,33.997483,-81.015538,106.5,5.66,-0.47,0.0,13.0,3D,2025-08-18 06:31:36-04:00,POINT (-81.015538 33.997483)
2025-08-17 17:53:30 UTC,sensor00,236492955,23.74,91.41,2025-08-18 10:31:37+00:00,33.997483,-81.015488,106.2,4.25,-0.3,92.94,13.0,3D,2025-08-18 06:31:37-04:00,POINT (-81.015488 33.997483)
2025-08-17 17:53:40 UTC,sensor00,236492955,23.92,91.22,2025-08-18 10:31:51+00:00,33.997673,-81.015352,95.8,7.9,-2.8,0.0,8.0,3D,2025-08-18 06:31:51-04:00,POINT (-81.015352 33.997673)
2025-08-17 17:53:45 UTC,sensor00,236492955,23.95,90.86,2025-08-18 10:31:56+00:00,33.997968,-81.015467,89.2,6.95,-1.5,0.0,8.0,3D,2025-08-18 06:31:56-04:00,POINT (-81.015467 33.997968)
2025-08-17 17:53:50 UTC,sensor00,236492955,24.07,90.63,2025-08-18 10:32:01+00:00,33.998247,-81.015612,84.2,6.75,-0.9,0.0,12.0,3D,2025-08-18 06:32:01-04:00,POINT (-81.015612 33.998247)
2025-08-17 17:53:55 UTC,sensor00,236492955,24.12,90.28,2025-08-18 10:32:06+00:00,33.99853,-81.015753,80.8,6.87,-0.7,0.0,13.0,3D,2025-08-18 06:32:06-04:00,POINT (-81.015753 33.99853)
2025-08-17 17:54:00 UTC,sensor00,236492955,24.19,90.08,2025-08-18 10:32:11+00:00,33.99876,-81.015867,77.6,4.28,-0.5,335.15,13.0,3D,2025-08-18 06:32:11-04:00,POINT (-81.015867 33.99876)
2025-08-17 17:54:15 UTC,sensor00,236492955,24.25,89.97,2025-08-18 10:32:26+00:00,33.998895,-81.01596,73.5,3.51,-0.5,334.59,13.0,3D,2025-08-18 06:32:26-04:00,POINT (-81.01596 33.998895)
2025-08-17 17:54:20 UTC,sensor00,236492955,24.24,89.75,2025-08-18 10:32:31+00:00,33.999142,-81.016025,70.6,6.21,-0.6,346.32,13.0,3D,2025-08-18 06:32:31-04:00,POINT (-81.016025 33.999142)
2025-08-17 17:54:25 UTC,sensor00,236492955,24.21,89.87,2025-08-18 10:32:36+00:00,33.99939,-81.016128,67.3,5.65,-0.6,333.18,13.0,3D,2025-08-18 06:32:36-04:00,POINT (-81.016128 33.99939)
2025-08-17 17:54:30 UTC,sensor00,236492955,24.15,89.85,2025-08-18 10:32:41+00:00,33.999635,-81.016225,63.7,5.78,-0.7,341.64,13.0,3D,2025-08-18 06:32:41-04:00,POINT (-81.016225 33.999635)
2025-08-17 17:54:35 UTC,sensor00,236492955,24.07,90.03,2025-08-18 10:32:46+00:00,33.99989,-81.016277,60.4,5.56,-0.5,341.24,13.0,3D,2025-08-18 06:32:46-04:00,POINT (-81.016277 33.99989)
2025-08-17 17:54:40 UTC,sensor00,236492955,24.03,90.18,2025-08-18 10:32:51+00:00,34.000087,-81.016363,59.6,5.17,1.0,335.91,13.0,3D,2025-08-18 06:32:51-04:00,POINT (-81.016363 34.000087)
2025-08-17 17:54:45 UTC,sensor00,236492955,24.0,90.41,2025-08-18 10:32:56+00:00,34.000245,-81.01642,58.9,2.76,-0.3,26.03,13.0,3D,2025-08-18 06:32:56-04:00,POINT (-81.01642 34.000245)
2025-08-17 17:54:50 UTC,sensor00,236492955,23.94,90.67,2025-08-18 10:33:01+00:00,34.000352,-81.016258,55.8,4.06,-0.6,64.93,13.0,3D,2025-08-18 06:33:01-04:00,POINT (-81.016258 34.000352)
2025-08-17 17:54:55 UTC,sensor00,236492955,23.86,90.9,2025-08-18 10:33:06+00:00,34.000438,-81.016018,54.5,5.29,0.0,69.26,13.0,3D,2025-08-18 06:33:06-04:00,POINT (-81.016018 34.000438)
2025-08-17 17:55:00 UTC,sensor00,236492955,23.82,91.22,2025-08-18 10:33:11+00:00,34.000512,-81.01576,62.7,4.78,1.1,69.96,13.0,3D,2025-08-18 06:33:11-04:00,POINT (-81.01576 34.000512)
2025-08-17 17:55:06 UTC,sensor00,236492955,23.74,91.47,2025-08-18 10:33:16+00:00,34.000605,-81.015527,65.9,4.62,0.7,61.57,13.0,3D,2025-08-18 06:33:16-04:00,POINT (-81.015527 34.000605)
2025-08-17 17:55:11 UTC,sensor00,236492955,23.65,91.59,2025-08-18 10:33:21+00:00,34.000747,-81.015348,69.5,4.56,0.8,38.71,13.0,3D,2025-08-18 06:33:21-04:00,POINT (-81.015348 34.000747)
2025-08-17 17:55:16 UTC,sensor00,236492955,23.52,92.18,2025-08-18 10:33:26+00:00,34.000923,-81.015188,74.1,4.89,0.9,29.48,13.0,3D,2025-08-18 06:33:26-04:00,POINT (-81.015188 34.000923)
2025-08-17 17:55:21 UTC,sensor00,236492955,23.41,92.56,2025-08-18 10:33:32+00:00,34.001142,-81.015013,77.2,4.86,0.1,0.0,13.0,3D,2025-08-18 06:33:32-04:00,POINT (-81.015013 34.001142)
2025-08-17 17:55:31 UTC,sensor00,236492955,23.26,93.18,2025-08-18 10:33:42+00:00,34.001537,-81.014718,78.5,4.75,-0.1,0.0,13.0,3D,2025-08-18 06:33:42-04:00,POINT (-81.014718 34.001537)
2025-08-17 17:55:36 UTC,sensor00,236492955,23.17,93.51,2025-08-18 10:33:47+00:00,34.001717,-81.014578,79.9,4.84,0.2,0.0,13.0,3D,2025-08-18 06:33:47-04:00,POINT (-81.014578 34.001717)
2025-08-17 17:55:41 UTC,sensor00,236492955,23.14,93.56,2025-08-18 10:33:52+00:00,34.001878,-81.01444,81.3,4.7,0.3,42.55,13.0,3D,2025-08-18 06:33:52-04:00,POINT (-81.01444 34.001878)
2025-08-17 17:55:46 UTC,sensor00,236492955,23.14,93.42,2025-08-18 10:33:57+00:00,34.002035,-81.014268,82.2,4.88,0.2,46.49,13.0,3D,2025-08-18 06:33:57-04:00,POINT (-81.014268 34.002035)
2025-08-17 17:55:51 UTC,sensor00,236492955,23.08,93.17,2025-08-18 10:34:02+00:00,34.002148,-81.014063,83.3,3.83,0.2,71.06,13.0,3D,2025-08-18 06:34:02-04:00,POINT (-81.014063 34.002148)
2025-08-17 22:26:30 UTC,sensor01,218208153,23.88,94.2,2025-08-18 09:55:03+00:00,33.986852,-81.030397,71.2,11.33,0.5,69.68,11.0,3D,2025-08-18 05:55:03-04:00,POINT (-81.030397 33.986852)
2025-08-17 22:26:35 UTC,sensor01,218208153,23.97,93.73,2025-08-18 09:55:08+00:00,33.987003,-81.029865,73.1,8.86,0.4,69.23,11.0,3D,2025-08-18 05:55:08-04:00,POINT (-81.029865 33.987003)
2025-08-17 22:26:40 UTC,sensor01,218208153,24.02,93.35,2025-08-18 09:55:13+00:00,33.987108,-81.029518,75.2,4.0,0.3,74.34,11.0,3D,2025-08-18 05:55:13-04:00,POINT (-81.029518 33.987108)
2025-08-17 22:27:11 UTC,sensor01,218208153,24.22,92.46,2025-08-18 09:55:44+00:00,33.987168,-81.029128,79.7,6.04,0.3,0.0,11.0,3D,2025-08-18 05:55:44-04:00,POINT (-81.029128 33.987168)
2025-08-17 22:27:16 UTC,sensor01,218208153,24.2,91.72,2025-08-18 09:55:49+00:00,33.987265,-81.028825,80.5,6.05,0.2,0.0,11.0,3D,2025-08-18 05:55:49-04:00,POINT (-81.028825 33.987265)
2025-08-17 22:27:21 UTC,sensor01,218208153,24.05,91.73,2025-08-18 09:55:54+00:00,33.987358,-81.0285,81.1,6.05,0.1,0.0,11.0,3D,2025-08-18 05:55:54-04:00,POINT (-81.0285 33.987358)
2025-08-17 22:27:26 UTC,sensor01,218208153,23.81,92.08,2025-08-18 09:55:59+00:00,33.987462,-81.028128,81.9,8.97,0.2,0.0,11.0,3D,2025-08-18 05:55:59-04:00,POINT (-81.028128 33.987462)
2025-08-17 22:27:31 UTC,sensor01,218208153,23.8,93.22,2025-08-18 09:56:04+00:00,33.987603,-81.027695,82.8,8.6,0.2,0.0,4.0,3D,2025-08-18 05:56:04-04:00,POINT (-81.027695 33.987603)
2025-08-17 22:27:36 UTC,sensor01,218208153,23.81,93.55,2025-08-18 09:56:09+00:00,33.98773,-81.027308,83.8,7.25,0.2,0.0,4.0,3D,2025-08-18 05:56:09-04:00,POINT (-81.027308 33.98773)
2025-08-17 22:27:41 UTC,sensor01,218208153,23.79,93.53,2025-08-18 09:56:14+00:00,33.987872,-81.026927,85.4,7.91,0.4,0.0,8.0,3D,2025-08-18 05:56:14-04:00,POINT (-81.026927 33.987872)
2025-08-17 22:27:46 UTC,sensor01,218208153,23.71,93.46,2025-08-18 09:56:19+00:00,33.988,-81.026495,87.5,8.41,0.4,0.0,8.0,3D,2025-08-18 05:56:19-04:00,POINT (-81.026495 33.988)
2025-08-17 22:27:51 UTC,sensor01,218208153,23.74,93.62,2025-08-18 09:56:24+00:00,33.988075,-81.026112,89.4,5.54,0.3,0.0,11.0,3D,2025-08-18 05:56:24-04:00,POINT (-81.026112 33.988075)
2025-08-17 22:27:56 UTC,sensor01,218208153,23.77,93.67,2025-08-18 09:56:29+00:00,33.988108,-81.02608,90.3,3.36,0.2,0.0,11.0,3D,2025-08-18 05:56:29-04:00,POINT (-81.02608 33.988108)
2025-08-17 22:28:01 UTC,sensor01,218208153,23.82,93.69,2025-08-18 09:56:34+00:00,33.988207,-81.025795,91.3,7.35,0.5,69.06,11.0,3D,2025-08-18 05:56:34-04:00,POINT (-81.025795 33.988207)
2025-08-17 22:28:06 UTC,sensor01,218208153,23.88,93.41,2025-08-18 09:56:39+00:00,33.988348,-81.02534,93.3,9.3,0.3,70.64,11.0,3D,2025-08-18 05:56:39-04:00,POINT (-81.02534 33.988348)
2025-08-17 22:28:11 UTC,sensor01,218208153,23.87,93.26,2025-08-18 09:56:44+00:00,33.988488,-81.024913,95.4,9.24,0.5,68.38,11.0,3D,2025-08-18 05:56:44-04:00,POINT (-81.024913 33.988488)
2025-08-17 22:28:16 UTC,sensor01,218208153,23.89,93.17,2025-08-18 09:56:49+00:00,33.98865,-81.024442,97.6,9.09,0.5,70.56,11.0,3D,2025-08-18 05:56:49-04:00,POINT (-81.024442 33.98865)
2025-08-17 22:28:21 UTC,sensor01,218208153,23.92,92.52,2025-08-18 09:56:54+00:00,33.988822,-81.02397,99.6,10.43,0.4,67.16,11.0,3D,2025-08-18 05:56:54-04:00,POINT (-81.02397 33.988822)
2025-08-17 22:28:26 UTC,sensor01,218208153,23.84,91.81,2025-08-18 09:56:59+00:00,33.989,-81.023423,101.9,11.1,0.4,69.26,11.0,3D,2025-08-18 05:56:59-04:00,POINT (-81.023423 33.989)
2025-08-17 22:28:31 UTC,sensor01,218208153,23.83,91.74,2025-08-18 09:57:04+00:00,33.989173,-81.022855,104.0,9.52,0.4,71.86,11.0,3D,2025-08-18 05:57:04-04:00,POINT (-81.022855 33.989173)
2025-08-17 22:28:36 UTC,sensor01,218208153,23.88,91.61,2025-08-18 09:57:09+00:00,33.989338,-81.02233,105.7,9.38,0.3,67.14,11.0,3D,2025-08-18 05:57:09-04:00,POINT (-81.02233 33.989338)
2025-08-17 22:28:41 UTC,sensor01,218208153,23.91,90.9,2025-08-18 09:57:14+00:00,33.989448,-81.02188,107.0,8.18,0.2,71.16,11.0,3D,2025-08-18 05:57:14-04:00,POINT (-81.02188 33.989448)
2025-08-17 22:28:46 UTC,sensor01,218208153,23.93,90.69,2025-08-18 09:57:19+00:00,33.989528,-81.021533,108.4,5.89,0.3,71.08,11.0,3D,2025-08-18 05:57:19-04:00,POINT (-81.021533 33.989528)
2025-08-17 22:28:51 UTC,sensor01,218208153,23.95,90.56,2025-08-18 09:57:24+00:00,33.989637,-81.021338,109.8,3.38,0.1,75.98,11.0,3D,2025-08-18 05:57:24-04:00,POINT (-81.021338 33.989637)
2025-08-17 22:29:01 UTC,sensor01,218208153,23.96,90.21,2025-08-18 09:57:34+00:00,33.989632,-81.02108,109.7,2.42,-0.4,136.52,11.0,3D,2025-08-18 05:57:34-04:00,POINT (-81.02108 33.989632)
2025-08-17 22:29:06 UTC,sensor01,218208153,23.95,90.08,2025-08-18 09:57:39+00:00,33.989463,-81.020967,109.4,5.84,-0.1,154.22,11.0,3D,2025-08-18 05:57:39-04:00,POINT (-81.020967 33.989463)
2025-08-17 22:29:11 UTC,sensor01,218208153,23.94,90.11,2025-08-18 09:57:44+00:00,33.989202,-81.020863,108.8,6.24,-0.1,162.74,11.0,3D,2025-08-18 05:57:44-04:00,POINT (-81.020863 33.989202)
2025-08-17 22:29:16 UTC,sensor01,218208153,23.99,90.39,2025-08-18 09:57:49+00:00,33.989022,-81.020738,106.0,3.8,-0.6,158.72,11.0,3D,2025-08-18 05:57:49-04:00,POINT (-81.020738 33.989022)
2025-08-17 22:29:22 UTC,sensor01,218208153,23.99,90.32,2025-08-18 09:57:54+00:00,33.988818,-81.020708,104.2,4.17,-0.3,172.3,11.0,3D,2025-08-18 05:57:54-04:00,POINT (-81.020708 33.988818)
2025-08-17 22:31:43 UTC,sensor01,218208153,24.07,89.82,2025-08-18 10:00:15+00:00,33.988547,-81.020565,88.4,4.16,-0.1,159.63,12.0,3D,2025-08-18 06:00:15-04:00,POINT (-81.020565 33.988547)
2025-08-17 22:31:48 UTC,sensor01,218208153,24.02,90.45,2025-08-18 10:00:21+00:00,33.988245,-81.020428,87.9,6.64,-0.6,0.0,12.0,3D,2025-08-18 06:00:21-04:00,POINT (-81.020428 33.988245)
2025-08-17 22:31:53 UTC,sensor01,218208153,23.88,90.78,2025-08-18 10:00:26+00:00,33.987958,-81.02029,84.2,7.23,-0.7,0.0,12.0,3D,2025-08-18 06:00:26-04:00,POINT (-81.02029 33.987958)
2025-08-17 22:31:58 UTC,sensor01,218208153,23.88,90.95,2025-08-18 10:00:31+00:00,33.987665,-81.020112,80.9,7.38,-0.8,0.0,12.0,3D,2025-08-18 06:00:31-04:00,POINT (-81.020112 33.987665)
2025-08-17 22:32:03 UTC,sensor01,218208153,23.75,91.07,2025-08-18 10:00:36+00:00,33.98736,-81.019872,77.5,7.5,-0.8,146.78,12.0,3D,2025-08-18 06:00:36-04:00,POINT (-81.019872 33.98736)
2025-08-17 22:32:08 UTC,sensor01,218208153,23.65,91.16,2025-08-18 10:00:41+00:00,33.987102,-81.019632,74.9,7.46,-0.4,136.17,12.0,3D,2025-08-18 06:00:41-04:00,POINT (-81.019632 33.987102)
2025-08-17 22:32:13 UTC,sensor01,218208153,23.53,91.35,2025-08-18 10:00:46+00:00,33.98686,-81.019332,72.7,7.92,-0.5,133.71,12.0,3D,2025-08-18 06:00:46-04:00,POINT (-81.019332 33.98686)
2025-08-17 22:32:18 UTC,sensor01,218208153,23.48,92.03,2025-08-18 10:00:51+00:00,33.986645,-81.019048,70.7,5.57,-0.4,133.56,12.0,3D,2025-08-18 06:00:51-04:00,POINT (-81.019048 33.986645)
2025-08-17 22:32:28 UTC,sensor01,218208153,23.48,92.33,2025-08-18 10:01:01+00:00,33.986562,-81.018785,67.4,3.15,-0.1,66.95,12.0,3D,2025-08-18 06:01:01-04:00,POINT (-81.018785 33.986562)
2025-08-17 22:32:33 UTC,sensor01,218208153,23.47,92.26,2025-08-18 10:01:06+00:00,33.986648,-81.018593,67.0,4.61,0.0,65.62,12.0,3D,2025-08-18 06:01:06-04:00,POINT (-81.018593 33.986648)
2025-08-17 22:32:38 UTC,sensor01,218208153,23.4,92.42,2025-08-18 10:01:11+00:00,33.986733,-81.01834,66.7,5.25,0.0,62.94,12.0,3D,2025-08-18 06:01:11-04:00,POINT (-81.01834 33.986733)
2025-08-17 22:32:43 UTC,sensor01,218208153,23.36,92.41,2025-08-18 10:01:16+00:00,33.986847,-81.01805,66.8,6.2,0.7,64.97,12.0,3D,2025-08-18 06:01:16-04:00,POINT (-81.01805 33.986847)
2025-08-17 22:32:48 UTC,sensor01,218208153,23.38,92.57,2025-08-18 10:01:21+00:00,33.986958,-81.01778,67.4,3.76,0.0,69.84,12.0,3D,2025-08-18 06:01:21-04:00,POINT (-81.01778 33.986958)
2025-08-17 22:32:53 UTC,sensor01,218208153,23.38,92.51,2025-08-18 10:01:26+00:00,33.987005,-81.017578,66.4,4.87,-0.2,67.02,12.0,3D,2025-08-18 06:01:26-04:00,POINT (-81.017578 33.987005)
2025-08-17 22:32:58 UTC,sensor01,218208153,23.33,92.72,2025-08-18 10:01:31+00:00,33.987027,-81.01746,65.7,2.29,-0.2,78.66,12.0,3D,2025-08-18 06:01:31-04:00,POINT (-81.01746 33.987027)
2025-08-17 22:33:03 UTC,sensor01,218208153,23.36,92.61,2025-08-18 10:01:36+00:00,33.987133,-81.017168,65.5,7.09,0.1,65.84,12.0,3D,2025-08-18 06:01:36-04:00,POINT (-81.017168 33.987133)
2025-08-17 22:33:08 UTC,sensor01,218208153,23.38,92.83,2025-08-18 10:01:41+00:00,33.987252,-81.016853,65.8,5.65,0.0,63.83,12.0,3D,2025-08-18 06:01:41-04:00,POINT (-81.016853 33.987252)
2025-08-17 22:33:13 UTC,sensor01,218208153,23.39,93.29,2025-08-18 10:01:46+00:00,33.987353,-81.016528,65.8,5.43,0.1,59.64,12.0,3D,2025-08-18 06:01:46-04:00,POINT (-81.016528 33.987353)
2025-08-17 22:33:18 UTC,sensor01,218208153,23.37,92.87,2025-08-18 10:01:51+00:00,33.987463,-81.01619,65.9,6.12,0.0,63.12,12.0,3D,2025-08-18 06:01:51-04:00,POINT (-81.01619 33.987463)
2025-08-17 22:33:23 UTC,sensor01,218208153,23.36,92.62,2025-08-18 10:01:56+00:00,33.987578,-81.015877,65.7,6.27,0.0,70.21,12.0,3D,2025-08-18 06:01:56-04:00,POINT (-81.015877 33.987578)
2025-08-17 22:33:28 UTC,sensor01,218208153,23.38,92.61,2025-08-18 10:02:01+00:00,33.987658,-81.015553,65.4,5.79,-0.1,70.15,12.0,3D,2025-08-18 06:02:01-04:00,POINT (-81.015553 33.987658)
2025-08-17 22:33:44 UTC,sensor01,218208153,23.41,92.35,2025-08-18 10:02:16+00:00,33.987615,-81.015188,65.9,3.68,0.4,158.3,12.0,3D,2025-08-18 06:02:16-04:00,POINT (-81.015188 33.987615)
2025-08-17 22:33:49 UTC,sensor01,218208153,23.42,92.7,2025-08-18 10:02:21+00:00,33.987398,-81.01506,68.7,5.5,0.5,160.0,12.0,3D,2025-08-18 06:02:21-04:00,POINT (-81.01506 33.987398)
2025-08-17 22:33:54 UTC,sensor01,218208153,23.38,93.02,2025-08-18 10:02:27+00:00,33.98711,-81.014905,69.8,6.87,0.2,0.0,12.0,3D,2025-08-18 06:02:27-04:00,POINT (-81.014905 33.98711)
2025-08-17 22:33:59 UTC,sensor01,218208153,23.42,92.78,2025-08-18 10:02:32+00:00,33.986828,-81.014792,71.0,6.3,0.3,0.0,12.0,3D,2025-08-18 06:02:32-04:00,POINT (-81.014792 33.986828)
2025-08-17 22:34:04 UTC,sensor01,218208153,23.39,92.87,2025-08-18 10:02:37+00:00,33.986515,-81.014658,72.9,8.3,0.7,0.0,12.0,3D,2025-08-18 06:02:37-04:00,POINT (-81.014658 33.986515)
2025-08-17 22:34:09 UTC,sensor01,218208153,23.36,93.26,2025-08-18 10:02:42+00:00,33.98619,-81.014502,74.7,6.6,0.2,0.0,12.0,3D,2025-08-18 06:02:42-04:00,POINT (-81.014502 33.98619)
2025-08-17 22:34:14 UTC,sensor01,218208153,23.4,93.39,2025-08-18 10:02:47+00:00,33.985962,-81.014387,75.9,4.84,0.2,156.74,12.0,3D,2025-08-18 06:02:47-04:00,POINT (-81.014387 33.985962)
2025-08-17 22:34:19 UTC,sensor01,218208153,23.38,93.31,2025-08-18 10:02:52+00:00,33.985825,-81.014277,77.1,2.85,0.2,110.76,13.0,3D,2025-08-18 06:02:52-04:00,POINT (-81.014277 33.985825)
2025-08-17 22:34:24 UTC,sensor01,218208153,23.41,93.28,2025-08-18 10:02:57+00:00,33.985843,-81.014097,78.6,4.71,0.4,71.65,13.0,3D,2025-08-18 06:02:57-04:00,POINT (-81.014097 33.985843)
2025-08-17 22:34:29 UTC,sensor01,218208153,23.46,93.25,2025-08-18 10:03:02+00:00,33.985922,-81.013822,79.3,6.01,0.3,68.22,13.0,3D,2025-08-18 06:03:02-04:00,POINT (-81.013822 33.985922)
2025-08-17 22:34:34 UTC,sensor01,218208153,23.5,93.07,2025-08-18 10:03:07+00:00,33.986002,-81.013528,79.7,5.26,0.2,75.74,13.0,3D,2025-08-18 06:03:07-04:00,POINT (-81.013528 33.986002)
2025-08-17 22:34:49 UTC,sensor01,218208153,23.49,92.87,2025-08-18 10:03:22+00:00,33.986253,-81.01338,82.1,5.0,-0.2,331.91,13.0,3D,2025-08-18 06:03:22-04:00,POINT (-81.01338 33.986253)
2025-08-17 22:34:54 UTC,sensor01,218208153,23.49,92.41,2025-08-18 10:03:27+00:00,33.98646,-81.013508,83.7,6.33,0.4,338.41,13.0,3D,2025-08-18 06:03:27-04:00,POINT (-81.013508 33.98646)
2025-08-17 22:34:59 UTC,sensor01,218208153,23.49,92.14,2025-08-18 10:03:32+00:00,33.986643,-81.013562,86.9,5.76,0.0,337.71,13.0,3D,2025-08-18 06:03:32-04:00,POINT (-81.013562 33.986643)
2025-08-17 22:35:04 UTC,sensor01,218208153,23.42,91.9,2025-08-18 10:03:37+00:00,33.986875,-81.013675,92.2,4.75,1.1,329.72,13.0,3D,2025-08-18 06:03:37-04:00,POINT (-81.013675 33.986875)
2025-08-17 22:35:09 UTC,sensor01,218208153,23.44,92.16,2025-08-18 10:03:42+00:00,33.987098,-81.013763,95.3,5.09,0.5,338.46,13.0,3D,2025-08-18 06:03:42-04:00,POINT (-81.013763 33.987098)
2025-08-17 22:35:14 UTC,sensor01,218208153,23.36,92.48,2025-08-18 10:03:47+00:00,33.987312,-81.013868,96.1,4.19,0.2,331.19,13.0,3D,2025-08-18 06:03:47-04:00,POINT (-81.013868 33.987312)
2025-08-17 22:35:19 UTC,sensor01,218208153,23.35,92.72,2025-08-18 10:03:52+00:00,33.987467,-81.013943,96.2,4.27,-0.2,337.66,13.0,3D,2025-08-18 06:03:52-04:00,POINT (-81.013943 33.987467)
2025-08-17 22:35:24 UTC,sensor01,218208153,23.4,92.78,2025-08-18 10:03:57+00:00,33.987692,-81.014062,95.6,5.24,-0.5,336.09,13.0,3D,2025-08-18 06:03:57-04:00,POINT (-81.014062 33.987692)
2025-08-17 22:35:29 UTC,sensor01,218208153,23.4,92.46,2025-08-18 10:04:02+00:00,33.987892,-81.014185,96.0,5.07,0.6,335.21,13.0,3D,2025-08-18 06:04:02-04:00,POINT (-81.014185 33.987892)
2025-08-17 22:35:34 UTC,sensor01,218208153,23.42,91.97,2025-08-18 10:04:07+00:00,33.9881,-81.014265,98.8,3.75,0.6,339.06,13.0,3D,2025-08-18 06:04:07-04:00,POINT (-81.014265 33.9881)
2025-08-17 22:35:39 UTC,sensor01,218208153,23.43,92.15,2025-08-18 10:04:12+00:00,33.988263,-81.014347,99.0,4.0,-0.3,337.01,13.0,3D,2025-08-18 06:04:12-04:00,POINT (-81.014347 33.988263)
2025-08-17 22:35:49 UTC,sensor01,218208153,23.38,92.57,2025-08-18 10:04:22+00:00,33.988577,-81.014187,91.9,4.8,-0.7,67.43,13.0,3D,2025-08-18 06:04:22-04:00,POINT (-81.014187 33.988577)
2025-08-17 22:35:54 UTC,sensor01,218208153,23.33,93.07,2025-08-18 10:04:27+00:00,33.988688,-81.013898,89.6,5.73,-0.3,71.14,14.0,3D,2025-08-18 06:04:27-04:00,POINT (-81.013898 33.988688)
2025-08-17 22:35:59 UTC,sensor01,218208153,23.27,93.07,2025-08-18 10:04:32+00:00,33.988835,-81.013632,89.6,4.41,0.1,68.49,14.0,3D,2025-08-18 06:04:32-04:00,POINT (-81.013632 33.988835)
2025-08-17 22:36:10 UTC,sensor01,218208153,23.28,93.12,2025-08-18 10:04:42+00:00,33.988758,-81.013352,86.0,4.06,-0.4,148.02,14.0,3D,2025-08-18 06:04:42-04:00,POINT (-81.013352 33.988758)
2025-08-17 22:36:15 UTC,sensor01,218208153,23.3,93.0,2025-08-18 10:04:47+00:00,33.988542,-81.013225,85.0,5.77,-0.3,152.66,14.0,3D,2025-08-18 06:04:47-04:00,POINT (-81.013225 33.988542)
2025-08-17 22:36:20 UTC,sensor01,218208153,23.23,92.96,2025-08-18 10:04:52+00:00,33.98831,-81.013108,82.6,5.49,-0.7,157.86,14.0,3D,2025-08-18 06:04:52-04:00,POINT (-81.013108 33.98831)
2025-08-17 22:36:25 UTC,sensor01,218208153,23.23,93.21,2025-08-18 10:04:58+00:00,33.98806,-81.012993,81.7,4.3,-0.1,0.0,14.0,3D,2025-08-18 06:04:58-04:00,POINT (-81.012993 33.98806)
2025-08-17 22:36:30 UTC,sensor01,218208153,23.23,93.28,2025-08-18 10:05:03+00:00,33.987833,-81.01294,80.1,6.29,-0.5,0.0,14.0,3D,2025-08-18 06:05:03-04:00,POINT (-81.01294 33.987833)
2025-08-17 22:36:35 UTC,sensor01,218208153,23.18,93.64,2025-08-18 10:05:08+00:00,33.987622,-81.01282,78.2,3.73,-0.5,0.0,14.0,3D,2025-08-18 06:05:08-04:00,POINT (-81.01282 33.987622)
2025-08-17 22:36:40 UTC,sensor01,218208153,23.15,93.62,2025-08-18 10:05:13+00:00,33.987505,-81.012745,76.5,3.03,-0.3,0.0,14.0,3D,2025-08-18 06:05:13-04:00,POINT (-81.012745 33.987505)
2025-08-17 22:36:45 UTC,sensor01,218208153,23.16,93.8,2025-08-18 10:05:18+00:00,33.987527,-81.012533,73.7,4.8,-0.6,65.07,14.0,3D,2025-08-18 06:05:18-04:00,POINT (-81.012533 33.987527)
2025-08-17 22:36:50 UTC,sensor01,218208153,23.12,93.97,2025-08-18 10:05:23+00:00,33.987638,-81.012267,71.7,5.7,-0.4,64.86,14.0,3D,2025-08-18 06:05:23-04:00,POINT (-81.012267 33.987638)
2025-08-17 22:36:55 UTC,sensor01,218208153,23.04,94.05,2025-08-18 10:05:28+00:00,33.987728,-81.011973,69.4,5.4,-0.3,63.53,14.0,3D,2025-08-18 06:05:28-04:00,POINT (-81.011973 33.987728)
2025-08-17 22:37:00 UTC,sensor01,218208153,23.07,94.11,2025-08-18 10:05:33+00:00,33.987837,-81.011728,67.3,3.38,-0.4,61.22,14.0,3D,2025-08-18 06:05:33-04:00,POINT (-81.011728 33.987837)
2025-08-17 22:37:05 UTC,sensor01,218208153,23.11,94.09,2025-08-18 10:05:38+00:00,33.98787,-81.011588,64.3,3.58,-0.6,67.83,14.0,3D,2025-08-18 06:05:38-04:00,POINT (-81.011588 33.98787)
2025-08-17 22:37:10 UTC,sensor01,218208153,23.12,94.08,2025-08-18 10:05:43+00:00,33.98797,-81.011317,61.2,6.3,-0.5,65.85,14.0,3D,2025-08-18 06:05:43-04:00,POINT (-81.011317 33.98797)
2025-08-17 22:37:15 UTC,sensor01,218208153,23.13,93.91,2025-08-18 10:05:48+00:00,33.9881,-81.011055,59.4,5.59,-0.2,64.42,14.0,3D,2025-08-18 06:05:48-04:00,POINT (-81.011055 33.9881)
2025-08-17 22:37:20 UTC,sensor01,218208153,23.1,93.94,2025-08-18 10:05:53+00:00,33.98823,-81.01086,57.5,5.29,-0.3,58.54,14.0,3D,2025-08-18 06:05:53-04:00,POINT (-81.01086 33.98823)
2025-08-17 22:37:25 UTC,sensor01,218208153,23.09,94.11,2025-08-18 10:05:58+00:00,33.988297,-81.010638,55.1,2.27,-0.3,64.19,14.0,3D,2025-08-18 06:05:58-04:00,POINT (-81.010638 33.988297)
2025-08-17 22:37:35 UTC,sensor01,218208153,23.11,94.24,2025-08-18 10:06:08+00:00,33.988092,-81.010383,50.9,4.29,-0.5,154.88,14.0,3D,2025-08-18 06:06:08-04:00,POINT (-81.010383 33.988092)
2025-08-17 22:37:40 UTC,sensor01,218208153,23.11,94.15,2025-08-18 10:06:13+00:00,33.987863,-81.010222,49.6,5.0,-0.3,151.43,14.0,3D,2025-08-18 06:06:13-04:00,POINT (-81.010222 33.987863)
2025-08-17 22:37:45 UTC,sensor01,218208153,23.13,94.05,2025-08-18 10:06:18+00:00,33.987637,-81.010092,48.4,5.73,-0.3,157.39,14.0,3D,2025-08-18 06:06:18-04:00,POINT (-81.010092 33.987637)
2025-08-17 22:37:50 UTC,sensor01,218208153,23.13,94.32,2025-08-18 10:06:23+00:00,33.987345,-81.009943,49.1,6.75,0.5,159.46,14.0,3D,2025-08-18 06:06:23-04:00,POINT (-81.009943 33.987345)
2025-08-17 22:37:55 UTC,sensor01,218208153,23.15,94.36,2025-08-18 10:06:28+00:00,33.987083,-81.009813,50.3,6.07,0.8,158.74,14.0,3D,2025-08-18 06:06:28-04:00,POINT (-81.009813 33.987083)
2025-08-17 22:38:00 UTC,sensor01,218208153,23.16,94.13,2025-08-18 10:06:33+00:00,33.98682,-81.009678,52.9,6.29,0.4,155.53,14.0,3D,2025-08-18 06:06:33-04:00,POINT (-81.009678 33.98682)
2025-08-17 22:38:05 UTC,sensor01,218208153,23.25,94.03,2025-08-18 10:06:38+00:00,33.98652,-81.009548,51.6,5.98,-0.3,155.4,14.0,3D,2025-08-18 06:06:38-04:00,POINT (-81.009548 33.98652)
2025-08-17 22:38:10 UTC,sensor01,218208153,23.29,94.07,2025-08-18 10:06:43+00:00,33.986305,-81.009522,49.4,2.48,-0.4,162.59,14.0,3D,2025-08-18 06:06:43-04:00,POINT (-81.009522 33.986305)
2025-08-17 22:38:20 UTC,sensor01,218208153,23.36,93.92,2025-08-18 10:06:53+00:00,33.986085,-81.009658,49.7,6.85,-0.1,247.24,14.0,3D,2025-08-18 06:06:53-04:00,POINT (-81.009658 33.986085)
2025-08-17 22:38:25 UTC,sensor01,218208153,23.54,93.65,2025-08-18 10:06:58+00:00,33.985923,-81.010107,54.3,9.66,0.6,249.65,14.0,3D,2025-08-18 06:06:58-04:00,POINT (-81.010107 33.985923)
2025-08-17 22:38:30 UTC,sensor01,218208153,23.53,92.94,2025-08-18 10:07:03+00:00,33.985768,-81.010622,56.5,10.47,0.3,250.53,14.0,3D,2025-08-18 06:07:03-04:00,POINT (-81.010622 33.985768)
2025-08-17 22:38:36 UTC,sensor01,218208153,23.5,92.92,2025-08-18 10:07:08+00:00,33.985622,-81.011097,57.5,7.99,-0.1,246.52,14.0,3D,2025-08-18 06:07:08-04:00,POINT (-81.011097 33.985622)
2025-08-17 22:38:41 UTC,sensor01,218208153,23.48,93.26,2025-08-18 10:07:14+00:00,33.985487,-81.011478,59.1,4.62,0.4,0.0,14.0,3D,2025-08-18 06:07:14-04:00,POINT (-81.011478 33.985487)
2025-08-17 22:38:46 UTC,sensor01,218208153,23.56,93.07,2025-08-18 10:07:19+00:00,33.98537,-81.011663,59.4,4.53,-0.3,0.0,14.0,3D,2025-08-18 06:07:19-04:00,POINT (-81.011663 33.98537)
2025-08-17 22:38:51 UTC,sensor01,218208153,23.6,93.12,2025-08-18 10:07:24+00:00,33.9852,-81.011658,60.1,4.5,0.2,0.0,14.0,3D,2025-08-18 06:07:24-04:00,POINT (-81.011658 33.9852)
2025-08-17 22:38:56 UTC,sensor01,218208153,23.54,93.51,2025-08-18 10:07:29+00:00,33.98497,-81.011563,61.8,5.72,0.3,0.0,14.0,3D,2025-08-18 06:07:29-04:00,POINT (-81.011563 33.98497)
2025-08-17 22:39:01 UTC,sensor01,218208153,23.5,93.78,2025-08-18 10:07:34+00:00,33.984735,-81.011453,61.7,4.96,-0.3,0.0,4.0,3D,2025-08-18 06:07:34-04:00,POINT (-81.011453 33.984735)
2025-08-17 22:39:06 UTC,sensor01,218208153,23.51,93.73,2025-08-18 10:07:39+00:00,33.98459,-81.011383,61.5,4.05,0.3,0.0,4.0,3D,2025-08-18 06:07:39-04:00,POINT (-81.011383 33.98459)
2025-08-17 22:39:11 UTC,sensor01,218208153,23.47,93.58,2025-08-18 10:07:44+00:00,33.984382,-81.01125,62.5,5.5,0.0,0.0,8.0,3D,2025-08-18 06:07:44-04:00,POINT (-81.01125 33.984382)
2025-08-17 22:39:16 UTC,sensor01,218208153,23.41,93.8,2025-08-18 10:07:49+00:00,33.98414,-81.011198,61.8,4.57,-0.4,0.0,12.0,3D,2025-08-18 06:07:49-04:00,POINT (-81.011198 33.98414)
2025-08-17 22:39:21 UTC,sensor01,218208153,23.4,93.93,2025-08-18 10:07:54+00:00,33.983878,-81.011067,59.8,7.67,-0.4,0.0,14.0,3D,2025-08-18 06:07:54-04:00,POINT (-81.011067 33.983878)
2025-08-17 22:39:26 UTC,sensor01,218208153,23.32,94.05,2025-08-18 10:07:59+00:00,33.98351,-81.010893,56.9,8.53,-0.6,0.0,14.0,3D,2025-08-18 06:07:59-04:00,POINT (-81.010893 33.98351)
2025-08-17 22:39:31 UTC,sensor01,218208153,23.21,94.27,2025-08-18 10:08:04+00:00,33.983195,-81.010792,54.2,4.62,-0.5,161.66,14.0,3D,2025-08-18 06:08:04-04:00,POINT (-81.010792 33.983195)
2025-08-17 22:39:36 UTC,sensor01,218208153,23.18,94.52,2025-08-18 10:08:09+00:00,33.983037,-81.010727,51.4,4.05,-0.5,157.51,14.0,3D,2025-08-18 06:08:09-04:00,POINT (-81.010727 33.983037)
2025-08-17 22:39:41 UTC,sensor01,218208153,23.13,94.68,2025-08-18 10:08:14+00:00,33.98282,-81.010635,49.9,4.52,0.0,159.29,14.0,3D,2025-08-18 06:08:14-04:00,POINT (-81.010635 33.98282)
2025-08-17 22:39:46 UTC,sensor01,218208153,23.13,94.79,2025-08-18 10:08:19+00:00,33.982718,-81.01055,49.3,2.91,-0.2,112.67,14.0,3D,2025-08-18 06:08:19-04:00,POINT (-81.01055 33.982718)
2025-08-17 22:39:51 UTC,sensor01,218208153,23.03,94.81,2025-08-18 10:08:24+00:00,33.982745,-81.010358,49.8,4.86,-0.1,72.2,14.0,3D,2025-08-18 06:08:24-04:00,POINT (-81.010358 33.982745)
2025-08-17 22:39:56 UTC,sensor01,218208153,22.99,95.12,2025-08-18 10:08:29+00:00,33.982822,-81.010117,50.8,4.63,0.3,66.55,14.0,3D,2025-08-18 06:08:29-04:00,POINT (-81.010117 33.982822)
2025-08-17 22:40:01 UTC,sensor01,218208153,22.95,95.43,2025-08-18 10:08:34+00:00,33.982917,-81.009828,51.7,5.88,0.1,70.35,14.0,3D,2025-08-18 06:08:34-04:00,POINT (-81.009828 33.982917)
2025-08-17 22:40:06 UTC,sensor01,218208153,22.97,95.46,2025-08-18 10:08:39+00:00,33.982987,-81.009567,53.0,3.68,0.1,71.03,14.0,3D,2025-08-18 06:08:39-04:00,POINT (-81.009567 33.982987)
2025-08-17 22:40:11 UTC,sensor01,218208153,23.0,95.39,2025-08-18 10:08:44+00:00,33.98303,-81.00946,53.3,2.84,-0.1,67.59,14.0,3D,2025-08-18 06:08:44-04:00,POINT (-81.00946 33.98303)
2025-08-17 22:40:16 UTC,sensor01,218208153,23.0,95.38,2025-08-18 10:08:49+00:00,33.983127,-81.009273,52.7,4.55,0.0,62.02,14.0,3D,2025-08-18 06:08:49-04:00,POINT (-81.009273 33.983127)
2025-08-17 22:40:21 UTC,sensor01,218208153,23.02,95.68,2025-08-18 10:08:54+00:00,33.98322,-81.008957,52.5,6.75,-0.2,68.61,14.0,3D,2025-08-18 06:08:54-04:00,POINT (-81.008957 33.98322)
2025-08-17 22:40:26 UTC,sensor01,218208153,23.08,95.82,2025-08-18 10:08:59+00:00,33.983308,-81.008685,51.9,3.5,-0.2,56.45,14.0,3D,2025-08-18 06:08:59-04:00,POINT (-81.008685 33.983308)
2025-08-17 22:40:37 UTC,sensor01,218208153,23.1,95.65,2025-08-18 10:09:09+00:00,33.983288,-81.008542,49.3,3.17,0.2,166.36,14.0,3D,2025-08-18 06:09:09-04:00,POINT (-81.008542 33.983288)
2025-08-17 22:40:42 UTC,sensor01,218208153,23.13,95.59,2025-08-18 10:09:14+00:00,33.983052,-81.008515,47.7,5.59,-0.3,180.15,14.0,3D,2025-08-18 06:09:14-04:00,POINT (-81.008515 33.983052)
2025-08-17 22:40:47 UTC,sensor01,218208153,23.11,95.43,2025-08-18 10:09:20+00:00,33.982682,-81.008457,45.8,8.17,-0.4,0.0,14.0,3D,2025-08-18 06:09:20-04:00,POINT (-81.008457 33.982682)
2025-08-17 22:40:52 UTC,sensor01,218208153,23.13,95.27,2025-08-18 10:09:25+00:00,33.982355,-81.008445,44.6,5.74,-0.1,0.0,14.0,3D,2025-08-18 06:09:25-04:00,POINT (-81.008445 33.982355)
2025-08-17 22:40:57 UTC,sensor01,218208153,23.09,95.34,2025-08-18 10:09:30+00:00,33.98206,-81.008402,42.9,6.54,-0.6,0.0,14.0,3D,2025-08-18 06:09:30-04:00,POINT (-81.008402 33.98206)
2025-08-17 22:41:07 UTC,sensor01,218208153,23.08,95.51,2025-08-18 10:09:40+00:00,33.981953,-81.00816,38.2,4.62,-0.4,74.85,14.0,3D,2025-08-18 06:09:40-04:00,POINT (-81.00816 33.981953)
2025-08-17 22:41:12 UTC,sensor01,218208153,23.03,95.53,2025-08-18 10:09:45+00:00,33.982042,-81.007903,36.8,5.99,-0.2,66.71,14.0,3D,2025-08-18 06:09:45-04:00,POINT (-81.007903 33.982042)
2025-08-17 22:41:17 UTC,sensor01,218208153,23.05,95.54,2025-08-18 10:09:50+00:00,33.982123,-81.007602,34.7,5.97,-0.4,68.45,14.0,3D,2025-08-18 06:09:50-04:00,POINT (-81.007602 33.982123)
2025-08-17 22:41:22 UTC,sensor01,218208153,23.07,95.62,2025-08-18 10:09:55+00:00,33.98223,-81.007387,33.1,2.64,-0.3,58.85,14.0,3D,2025-08-18 06:09:55-04:00,POINT (-81.007387 33.98223)
2025-08-17 22:41:27 UTC,sensor01,218208153,23.1,95.61,2025-08-18 10:10:00+00:00,33.982232,-81.007227,32.9,5.03,-0.6,71.81,14.0,3D,2025-08-18 06:10:00-04:00,POINT (-81.007227 33.982232)
2025-08-17 22:41:32 UTC,sensor01,218208153,23.06,95.44,2025-08-18 10:10:05+00:00,33.982297,-81.006922,30.4,5.64,-0.4,68.42,14.0,3D,2025-08-18 06:10:05-04:00,POINT (-81.006922 33.982297)
2025-08-17 22:41:37 UTC,sensor01,218208153,23.07,95.7,2025-08-18 10:10:10+00:00,33.98238,-81.006623,27.9,5.23,-0.4,71.9,14.0,3D,2025-08-18 06:10:10-04:00,POINT (-81.006623 33.98238)
2025-08-17 22:41:42 UTC,sensor01,218208153,23.09,95.9,2025-08-18 10:10:15+00:00,33.98246,-81.006403,25.3,3.49,-0.6,57.48,14.0,3D,2025-08-18 06:10:15-04:00,POINT (-81.006403 33.98246)
2025-08-17 22:41:52 UTC,sensor01,218208153,23.19,95.72,2025-08-18 10:10:25+00:00,33.982562,-81.006055,20.0,5.02,-0.4,65.27,14.0,3D,2025-08-18 06:10:25-04:00,POINT (-81.006055 33.982562)
2025-08-17 22:41:57 UTC,sensor01,218208153,23.21,95.34,2025-08-18 10:10:30+00:00,33.982653,-81.005782,17.7,5.9,-0.4,69.34,14.0,3D,2025-08-18 06:10:30-04:00,POINT (-81.005782 33.982653)
2025-08-17 22:42:02 UTC,sensor01,218208153,23.25,95.2,2025-08-18 10:10:35+00:00,33.982735,-81.005465,15.9,5.14,-0.3,70.89,14.0,3D,2025-08-18 06:10:35-04:00,POINT (-81.005465 33.982735)
2025-08-17 22:42:07 UTC,sensor01,218208153,23.19,95.11,2025-08-18 10:10:40+00:00,33.982787,-81.005205,15.8,4.11,-0.5,66.83,14.0,3D,2025-08-18 06:10:40-04:00,POINT (-81.005205 33.982787)
2025-08-17 22:42:12 UTC,sensor01,218208153,23.23,95.15,2025-08-18 10:10:45+00:00,33.982832,-81.005065,13.0,4.0,-0.6,67.63,14.0,3D,2025-08-18 06:10:45-04:00,POINT (-81.005065 33.982832)
2025-08-17 22:42:17 UTC,sensor01,218208153,23.29,94.95,2025-08-18 10:10:50+00:00,33.982907,-81.004755,12.4,6.68,-0.3,69.01,14.0,3D,2025-08-18 06:10:50-04:00,POINT (-81.004755 33.982907)
2025-08-17 22:42:22 UTC,sensor01,218208153,23.25,94.69,2025-08-18 10:10:55+00:00,33.983017,-81.004427,11.4,6.26,0.0,70.57,14.0,3D,2025-08-18 06:10:55-04:00,POINT (-81.004427 33.983017)
2025-08-17 22:42:27 UTC,sensor01,218208153,23.21,94.57,2025-08-18 10:11:00+00:00,33.983085,-81.004215,9.2,2.3,-0.6,51.02,14.0,3D,2025-08-18 06:11:00-04:00,POINT (-81.004215 33.983085)
2025-08-17 22:42:37 UTC,sensor01,218208153,23.18,94.8,2025-08-18 10:11:10+00:00,33.983217,-81.004043,4.0,3.46,-0.5,352.62,14.0,3D,2025-08-18 06:11:10-04:00,POINT (-81.004043 33.983217)
2025-08-17 22:42:42 UTC,sensor01,218208153,23.17,94.72,2025-08-18 10:11:15+00:00,33.983442,-81.004063,1.7,5.51,-0.5,352.83,14.0,3D,2025-08-18 06:11:15-04:00,POINT (-81.004063 33.983442)
2025-08-17 22:42:48 UTC,sensor01,218208153,23.18,94.69,2025-08-18 10:11:20+00:00,33.98363,-81.004095,-1.0,4.33,-0.5,357.14,14.0,3D,2025-08-18 06:11:20-04:00,POINT (-81.004095 33.98363)
2025-08-17 22:42:53 UTC,sensor01,218208153,23.17,94.75,2025-08-18 10:11:25+00:00,33.983788,-81.004073,-2.8,2.79,-0.5,357.32,14.0,3D,2025-08-18 06:11:25-04:00,POINT (-81.004073 33.983788)
2025-08-17 22:42:58 UTC,sensor01,218208153,23.15,94.69,2025-08-18 10:11:30+00:00,33.983907,-81.004005,-4.2,2.78,-0.1,57.46,14.0,3D,2025-08-18 06:11:30-04:00,POINT (-81.004005 33.983907)
2025-08-17 22:43:03 UTC,sensor01,218208153,23.05,94.68,2025-08-18 10:11:36+00:00,33.984112,-81.003697,-5.9,7.93,-0.5,0.0,14.0,3D,2025-08-18 06:11:36-04:00,POINT (-81.003697 33.984112)
2025-08-17 22:43:08 UTC,sensor01,218208153,22.98,94.68,2025-08-18 10:11:41+00:00,33.984217,-81.003353,-7.7,7.42,-0.4,0.0,14.0,3D,2025-08-18 06:11:41-04:00,POINT (-81.003353 33.984217)
2025-08-17 22:43:13 UTC,sensor01,218208153,22.93,94.85,2025-08-18 10:11:46+00:00,33.984367,-81.002982,-8.0,8.61,1.5,0.0,14.0,3D,2025-08-18 06:11:46-04:00,POINT (-81.002982 33.984367)
2025-08-17 22:43:18 UTC,sensor01,218208153,22.93,95.17,2025-08-18 10:11:51+00:00,33.984452,-81.002545,-7.8,7.87,0.0,0.0,14.0,3D,2025-08-18 06:11:51-04:00,POINT (-81.002545 33.984452)
2025-08-17 22:43:23 UTC,sensor01,218208153,22.9,95.42,2025-08-18 10:11:56+00:00,33.984542,-81.002162,-9.2,7.01,-0.4,72.09,14.0,3D,2025-08-18 06:11:56-04:00,POINT (-81.002162 33.984542)
2025-08-17 22:43:28 UTC,sensor01,218208153,22.91,95.49,2025-08-18 10:12:01+00:00,33.984618,-81.001827,-9.8,5.11,0.0,76.65,14.0,3D,2025-08-18 06:12:01-04:00,POINT (-81.001827 33.984618)
2025-08-17 22:43:38 UTC,sensor01,218208153,22.97,95.35,2025-08-18 10:12:11+00:00,33.984682,-81.001617,-9.6,3.3,0.0,25.9,14.0,3D,2025-08-18 06:12:11-04:00,POINT (-81.001617 33.984682)
2025-08-17 22:43:43 UTC,sensor01,218208153,23.03,95.32,2025-08-18 10:12:16+00:00,33.98485,-81.001662,-9.2,4.41,0.3,356.64,14.0,3D,2025-08-18 06:12:16-04:00,POINT (-81.001662 33.98485)
2025-08-17 22:43:48 UTC,sensor01,218208153,23.05,95.08,2025-08-18 10:12:21+00:00,33.985087,-81.001688,-7.6,6.24,0.4,353.41,14.0,3D,2025-08-18 06:12:21-04:00,POINT (-81.001688 33.985087)
2025-08-17 22:43:53 UTC,sensor01,218208153,23.05,94.76,2025-08-18 10:12:26+00:00,33.985243,-81.001565,15.3,7.39,1.2,355.84,14.0,3D,2025-08-18 06:12:26-04:00,POINT (-81.001565 33.985243)
2025-08-17 22:43:58 UTC,sensor01,218208153,23.05,94.62,2025-08-18 10:12:31+00:00,33.985542,-81.001595,19.5,5.33,0.8,351.36,14.0,3D,2025-08-18 06:12:31-04:00,POINT (-81.001595 33.985542)
2025-08-17 22:44:03 UTC,sensor01,218208153,23.0,94.71,2025-08-18 10:12:36+00:00,33.985772,-81.001667,23.2,4.74,0.7,337.45,14.0,3D,2025-08-18 06:12:36-04:00,POINT (-81.001667 33.985772)
2025-08-17 22:44:08 UTC,sensor01,218208153,23.01,94.74,2025-08-18 10:12:41+00:00,33.986008,-81.001735,25.7,4.69,0.3,345.13,14.0,3D,2025-08-18 06:12:41-04:00,POINT (-81.001735 33.986008)
2025-08-17 22:44:13 UTC,sensor01,218208153,23.02,95.05,2025-08-18 10:12:46+00:00,33.986255,-81.001762,27.5,4.85,0.4,355.27,13.0,3D,2025-08-18 06:12:46-04:00,POINT (-81.001762 33.986255)
2025-08-17 22:44:18 UTC,sensor01,218208153,23.05,95.19,2025-08-18 10:12:51+00:00,33.986542,-81.00173,29.8,5.11,0.6,1.9,13.0,3D,2025-08-18 06:12:51-04:00,POINT (-81.00173 33.986542)
2025-08-17 22:44:23 UTC,sensor01,218208153,23.07,94.96,2025-08-18 10:12:56+00:00,33.986905,-81.001772,34.1,6.62,0.9,356.56,14.0,3D,2025-08-18 06:12:56-04:00,POINT (-81.001772 33.986905)
2025-08-17 22:44:28 UTC,sensor01,218208153,23.09,94.73,2025-08-18 10:13:01+00:00,33.987103,-81.001827,38.2,3.83,1.2,320.59,14.0,3D,2025-08-18 06:13:01-04:00,POINT (-81.001827 33.987103)
2025-08-17 22:44:33 UTC,sensor01,218208153,22.98,94.67,2025-08-18 10:13:06+00:00,33.987085,-81.001965,43.1,4.15,1.3,251.43,14.0,3D,2025-08-18 06:13:06-04:00,POINT (-81.001965 33.987085)
2025-08-17 22:44:38 UTC,sensor01,218208153,22.91,95.03,2025-08-18 10:13:11+00:00,33.987007,-81.002178,50.3,4.84,1.4,243.83,14.0,3D,2025-08-18 06:13:11-04:00,POINT (-81.002178 33.987007)
2025-08-17 22:44:43 UTC,sensor01,218208153,22.89,95.29,2025-08-18 10:13:16+00:00,33.98692,-81.002488,56.6,5.42,1.0,250.21,14.0,3D,2025-08-18 06:13:16-04:00,POINT (-81.002488 33.98692)
2025-08-17 22:44:48 UTC,sensor01,218208153,22.86,95.42,2025-08-18 10:13:21+00:00,33.986863,-81.002782,59.8,5.45,0.8,255.22,14.0,3D,2025-08-18 06:13:21-04:00,POINT (-81.002782 33.986863)
2025-08-17 22:44:54 UTC,sensor01,218208153,22.93,95.71,2025-08-18 10:13:26+00:00,33.986808,-81.003057,62.8,5.21,0.5,250.39,14.0,3D,2025-08-18 06:13:26-04:00,POINT (-81.003057 33.986808)
2025-08-17 22:44:59 UTC,sensor01,218208153,22.93,95.56,2025-08-18 10:13:31+00:00,33.986723,-81.003328,65.3,5.98,0.5,249.58,14.0,3D,2025-08-18 06:13:31-04:00,POINT (-81.003328 33.986723)
2025-08-17 22:45:04 UTC,sensor01,218208153,22.94,95.52,2025-08-18 10:13:36+00:00,33.986647,-81.003643,68.6,5.92,0.5,250.5,14.0,3D,2025-08-18 06:13:36-04:00,POINT (-81.003643 33.986647)
2025-08-17 22:45:09 UTC,sensor01,218208153,23.01,95.68,2025-08-18 10:13:42+00:00,33.986552,-81.003998,73.1,4.8,0.5,0.0,14.0,3D,2025-08-18 06:13:42-04:00,POINT (-81.003998 33.986552)
2025-08-17 22:45:14 UTC,sensor01,218208153,23.03,95.6,2025-08-18 10:13:47+00:00,33.986523,-81.004177,76.7,2.87,0.6,0.0,14.0,3D,2025-08-18 06:13:47-04:00,POINT (-81.004177 33.986523)
2025-08-17 22:45:19 UTC,sensor01,218208153,23.05,95.54,2025-08-18 10:13:52+00:00,33.986632,-81.004282,79.7,4.5,0.2,0.0,14.0,3D,2025-08-18 06:13:52-04:00,POINT (-81.004282 33.986632)
2025-08-17 22:45:24 UTC,sensor01,218208153,23.11,95.43,2025-08-18 10:13:57+00:00,33.986885,-81.004335,82.5,5.32,0.5,0.0,14.0,3D,2025-08-18 06:13:57-04:00,POINT (-81.004335 33.986885)
2025-08-17 22:45:29 UTC,sensor01,218208153,23.13,95.08,2025-08-18 10:14:02+00:00,33.9871,-81.004382,84.8,4.44,0.4,358.17,14.0,3D,2025-08-18 06:14:02-04:00,POINT (-81.004382 33.9871)
2025-08-17 22:45:59 UTC,sensor01,218208153,23.36,93.88,2025-08-18 10:14:32+00:00,33.98741,-81.004477,86.5,3.53,-0.1,301.71,14.0,3D,2025-08-18 06:14:32-04:00,POINT (-81.004477 33.98741)
2025-08-17 22:46:04 UTC,sensor01,218208153,23.54,93.42,2025-08-18 10:14:37+00:00,33.98738,-81.004773,86.5,7.83,0.0,258.41,14.0,3D,2025-08-18 06:14:37-04:00,POINT (-81.004773 33.98738)
2025-08-17 22:46:09 UTC,sensor01,218208153,23.53,92.95,2025-08-18 10:14:42+00:00,33.987298,-81.005195,85.9,8.7,-0.1,257.6,14.0,3D,2025-08-18 06:14:42-04:00,POINT (-81.005195 33.987298)
2025-08-17 22:46:14 UTC,sensor01,218208153,23.57,92.87,2025-08-18 10:14:47+00:00,33.987197,-81.00566,85.6,8.95,0.0,256.24,14.0,3D,2025-08-18 06:14:47-04:00,POINT (-81.00566 33.987197)
2025-08-17 22:46:19 UTC,sensor01,218208153,23.66,92.3,2025-08-18 10:14:52+00:00,33.98708,-81.006117,85.7,8.81,0.0,252.71,14.0,3D,2025-08-18 06:14:52-04:00,POINT (-81.006117 33.98708)
2025-08-17 22:46:24 UTC,sensor01,218208153,23.75,92.03,2025-08-18 10:14:57+00:00,33.98696,-81.006558,82.3,7.24,-0.3,257.77,14.0,3D,2025-08-18 06:14:57-04:00,POINT (-81.006558 33.98696)
2025-08-17 22:46:29 UTC,sensor01,218208153,23.75,91.99,2025-08-18 10:15:02+00:00,33.98688,-81.006963,80.5,7.83,-0.4,252.78,14.0,3D,2025-08-18 06:15:02-04:00,POINT (-81.006963 33.98688)
2025-08-17 22:46:34 UTC,sensor01,218208153,23.76,92.04,2025-08-18 10:15:07+00:00,33.986802,-81.007317,79.2,5.74,-0.3,266.71,14.0,3D,2025-08-18 06:15:07-04:00,POINT (-81.007317 33.986802)
2025-08-17 22:46:39 UTC,sensor01,218208153,23.71,91.71,2025-08-18 10:15:12+00:00,33.986988,-81.007538,77.6,6.69,-0.3,312.29,14.0,3D,2025-08-18 06:15:12-04:00,POINT (-81.007538 33.986988)
2025-08-17 22:46:44 UTC,sensor01,218208153,23.64,91.84,2025-08-18 10:15:17+00:00,33.987228,-81.007813,76.9,7.67,-0.1,313.29,14.0,3D,2025-08-18 06:15:17-04:00,POINT (-81.007813 33.987228)
2025-08-17 22:46:49 UTC,sensor01,218208153,23.57,92.09,2025-08-18 10:15:22+00:00,33.987458,-81.00814,76.6,7.71,0.0,309.09,14.0,3D,2025-08-18 06:15:22-04:00,POINT (-81.00814 33.987458)
2025-08-17 22:46:54 UTC,sensor01,218208153,23.46,92.43,2025-08-18 10:15:27+00:00,33.987665,-81.008437,75.3,7.57,-0.1,313.92,14.0,3D,2025-08-18 06:15:27-04:00,POINT (-81.008437 33.987665)
2025-08-17 22:46:59 UTC,sensor01,218208153,23.43,92.79,2025-08-18 10:15:32+00:00,33.987962,-81.008737,75.4,9.19,0.0,318.96,14.0,3D,2025-08-18 06:15:32-04:00,POINT (-81.008737 33.987962)
2025-08-17 22:47:04 UTC,sensor01,218208153,23.36,93.04,2025-08-18 10:15:37+00:00,33.988255,-81.00907,75.7,8.91,0.1,317.5,14.0,3D,2025-08-18 06:15:37-04:00,POINT (-81.00907 33.988255)
2025-08-17 22:47:10 UTC,sensor01,218208153,23.34,93.24,2025-08-18 10:15:42+00:00,33.98848,-81.009412,76.2,6.4,0.1,314.73,14.0,3D,2025-08-18 06:15:42-04:00,POINT (-81.009412 33.98848)
2025-08-17 22:47:15 UTC,sensor01,218208153,23.34,93.46,2025-08-18 10:15:47+00:00,33.988565,-81.009592,76.1,4.58,0.0,308.94,13.0,3D,2025-08-18 06:15:47-04:00,POINT (-81.009592 33.988565)
2025-08-17 22:47:20 UTC,sensor01,218208153,23.22,93.65,2025-08-18 10:15:52+00:00,33.988767,-81.009863,75.8,7.63,-0.1,308.64,14.0,3D,2025-08-18 06:15:52-04:00,POINT (-81.009863 33.988767)
2025-08-17 22:47:25 UTC,sensor01,218208153,23.18,93.87,2025-08-18 10:15:58+00:00,33.989098,-81.010267,75.8,8.9,0.0,0.0,14.0,3D,2025-08-18 06:15:58-04:00,POINT (-81.010267 33.989098)
2025-08-17 22:47:30 UTC,sensor01,218208153,23.12,94.13,2025-08-18 10:16:03+00:00,33.989353,-81.010537,75.6,6.98,-0.1,0.0,14.0,3D,2025-08-18 06:16:03-04:00,POINT (-81.010537 33.989353)
2025-08-17 22:47:35 UTC,sensor01,218208153,23.16,94.47,2025-08-18 10:16:08+00:00,33.98953,-81.01067,75.3,2.7,0.0,0.0,14.0,3D,2025-08-18 06:16:08-04:00,POINT (-81.01067 33.98953)
2025-08-17 22:47:40 UTC,sensor01,218208153,23.1,94.64,2025-08-18 10:16:13+00:00,33.989643,-81.010635,75.5,2.64,0.0,36.84,14.0,3D,2025-08-18 06:16:13-04:00,POINT (-81.010635 33.989643)
2025-08-17 22:47:45 UTC,sensor01,218208153,23.05,94.85,2025-08-18 10:16:18+00:00,33.989883,-81.010462,76.7,5.91,0.4,44.2,14.0,3D,2025-08-18 06:16:18-04:00,POINT (-81.010462 33.989883)
2025-08-17 22:47:50 UTC,sensor01,218208153,23.04,95.15,2025-08-18 10:16:23+00:00,33.990043,-81.01025,76.8,3.98,0.1,53.61,14.0,3D,2025-08-18 06:16:23-04:00,POINT (-81.01025 33.990043)
2025-08-17 22:48:00 UTC,sensor01,218208153,23.02,95.15,2025-08-18 10:16:33+00:00,33.990102,-81.00992,75.4,2.81,-0.4,81.77,14.0,3D,2025-08-18 06:16:33-04:00,POINT (-81.00992 33.990102)
2025-08-17 22:48:05 UTC,sensor01,218208153,22.97,95.13,2025-08-18 10:16:38+00:00,33.990092,-81.009722,74.4,3.75,0.0,96.02,14.0,3D,2025-08-18 06:16:38-04:00,POINT (-81.009722 33.990092)
2025-08-17 22:48:10 UTC,sensor01,218208153,22.98,95.2,2025-08-18 10:16:43+00:00,33.990057,-81.009455,74.7,5.1,-0.1,97.74,14.0,3D,2025-08-18 06:16:43-04:00,POINT (-81.009455 33.990057)
2025-08-17 22:48:15 UTC,sensor01,218208153,22.96,95.27,2025-08-18 10:16:48+00:00,33.990042,-81.009152,74.4,5.64,-0.1,91.71,14.0,3D,2025-08-18 06:16:48-04:00,POINT (-81.009152 33.990042)
2025-08-17 22:48:20 UTC,sensor01,218208153,22.91,95.37,2025-08-18 10:16:53+00:00,33.990022,-81.008792,74.5,6.69,0.1,93.31,14.0,3D,2025-08-18 06:16:53-04:00,POINT (-81.008792 33.990022)
2025-08-17 22:48:25 UTC,sensor01,218208153,22.96,95.34,2025-08-18 10:16:58+00:00,33.989982,-81.008443,74.7,6.11,0.2,92.73,14.0,3D,2025-08-18 06:16:58-04:00,POINT (-81.008443 33.989982)
2025-08-17 22:48:35 UTC,sensor01,218208153,23.03,94.96,2025-08-18 10:17:08+00:00,33.99007,-81.008115,75.6,3.95,0.1,11.9,14.0,3D,2025-08-18 06:17:08-04:00,POINT (-81.008115 33.99007)
2025-08-17 22:48:40 UTC,sensor01,218208153,23.09,94.95,2025-08-18 10:17:13+00:00,33.990302,-81.00808,75.8,5.87,0.0,2.54,14.0,3D,2025-08-18 06:17:13-04:00,POINT (-81.00808 33.990302)
2025-08-17 22:48:45 UTC,sensor01,218208153,23.06,94.76,2025-08-18 10:17:18+00:00,33.99056,-81.008047,76.4,5.64,0.1,5.74,14.0,3D,2025-08-18 06:17:18-04:00,POINT (-81.008047 33.99056)
2025-08-17 22:48:50 UTC,sensor01,218208153,23.01,94.94,2025-08-18 10:17:23+00:00,33.990795,-81.008023,76.4,4.57,0.0,359.75,14.0,3D,2025-08-18 06:17:23-04:00,POINT (-81.008023 33.990795)
2025-08-17 22:49:00 UTC,sensor01,218208153,22.94,95.52,2025-08-18 10:17:33+00:00,33.990937,-81.007852,76.6,4.55,0.0,82.5,14.0,3D,2025-08-18 06:17:33-04:00,POINT (-81.007852 33.990937)
2025-08-17 22:49:06 UTC,sensor01,218208153,22.99,95.68,2025-08-18 10:17:38+00:00,33.990953,-81.007568,76.7,5.51,0.0,91.47,14.0,3D,2025-08-18 06:17:38-04:00,POINT (-81.007568 33.990953)
2025-08-17 22:49:11 UTC,sensor01,218208153,23.0,95.53,2025-08-18 10:17:43+00:00,33.990937,-81.007212,76.8,6.96,0.0,95.47,14.0,3D,2025-08-18 06:17:43-04:00,POINT (-81.007212 33.990937)
2025-08-17 22:49:16 UTC,sensor01,218208153,23.1,95.23,2025-08-18 10:17:48+00:00,33.9909,-81.00681,76.8,6.19,0.0,94.59,14.0,3D,2025-08-18 06:17:48-04:00,POINT (-81.00681 33.9909)
2025-08-17 22:49:21 UTC,sensor01,218208153,23.08,94.83,2025-08-18 10:17:54+00:00,33.99089,-81.006528,77.0,2.34,0.0,0.0,14.0,3D,2025-08-18 06:17:54-04:00,POINT (-81.006528 33.99089)
2025-08-17 22:49:31 UTC,sensor01,218208153,23.26,94.3,2025-08-18 10:18:04+00:00,33.990877,-81.006428,77.6,3.7,0.2,0.0,14.0,3D,2025-08-18 06:18:04-04:00,POINT (-81.006428 33.990877)
2025-08-17 22:49:36 UTC,sensor01,218208153,23.21,94.4,2025-08-18 10:18:09+00:00,33.990848,-81.00612,78.3,6.84,0.1,0.0,14.0,3D,2025-08-18 06:18:09-04:00,POINT (-81.00612 33.990848)
2025-08-17 22:49:41 UTC,sensor01,218208153,23.18,94.72,2025-08-18 10:18:14+00:00,33.990835,-81.005712,78.3,8.03,0.1,0.0,4.0,3D,2025-08-18 06:18:14-04:00,POINT (-81.005712 33.990835)
2025-08-17 22:49:46 UTC,sensor01,218208153,23.14,94.73,2025-08-18 10:18:19+00:00,33.990833,-81.005288,79.5,8.03,0.2,0.0,8.0,3D,2025-08-18 06:18:19-04:00,POINT (-81.005288 33.990833)
2025-08-17 22:49:51 UTC,sensor01,218208153,23.08,94.75,2025-08-18 10:18:24+00:00,33.990827,-81.004888,81.1,7.12,0.2,0.0,8.0,3D,2025-08-18 06:18:24-04:00,POINT (-81.004888 33.990827)
2025-08-17 22:49:56 UTC,sensor01,218208153,23.02,94.77,2025-08-18 10:18:29+00:00,33.990772,-81.004463,80.8,8.29,0.0,0.0,12.0,3D,2025-08-18 06:18:29-04:00,POINT (-81.004463 33.990772)
2025-08-17 22:50:01 UTC,sensor01,218208153,22.98,94.96,2025-08-18 10:18:34+00:00,33.990758,-81.004118,79.8,4.47,-0.3,0.0,13.0,3D,2025-08-18 06:18:34-04:00,POINT (-81.004118 33.990758)
2025-08-17 22:50:06 UTC,sensor01,218208153,22.96,95.13,2025-08-18 10:18:39+00:00,33.990747,-81.00394,78.9,4.78,-0.1,0.0,13.0,3D,2025-08-18 06:18:39-04:00,POINT (-81.00394 33.990747)
2025-08-17 22:50:11 UTC,sensor01,218208153,22.92,95.51,2025-08-18 10:18:44+00:00,33.990743,-81.003572,78.9,7.24,0.1,0.0,13.0,3D,2025-08-18 06:18:44-04:00,POINT (-81.003572 33.990743)
2025-08-17 22:50:16 UTC,sensor01,218208153,22.91,95.66,2025-08-18 10:18:49+00:00,33.990738,-81.003195,78.9,7.04,-0.1,90.12,13.0,3D,2025-08-18 06:18:49-04:00,POINT (-81.003195 33.990738)
2025-08-17 22:50:21 UTC,sensor01,218208153,23.0,95.79,2025-08-18 10:18:54+00:00,33.990707,-81.002868,78.6,6.98,-0.1,93.97,13.0,3D,2025-08-18 06:18:54-04:00,POINT (-81.002868 33.990707)
2025-08-17 22:50:26 UTC,sensor01,218208153,22.98,95.65,2025-08-18 10:18:59+00:00,33.990665,-81.00255,78.9,5.85,-0.2,99.12,13.0,3D,2025-08-18 06:18:59-04:00,POINT (-81.00255 33.990665)
2025-08-17 22:50:31 UTC,sensor01,218208153,22.97,95.59,2025-08-18 10:19:04+00:00,33.990628,-81.002243,79.5,5.21,0.1,94.89,13.0,3D,2025-08-18 06:19:04-04:00,POINT (-81.002243 33.990628)
2025-08-17 22:50:36 UTC,sensor01,218208153,22.96,95.6,2025-08-18 10:19:09+00:00,33.990605,-81.002022,79.9,3.4,0.1,89.69,13.0,3D,2025-08-18 06:19:09-04:00,POINT (-81.002022 33.990605)
2025-08-17 22:50:46 UTC,sensor01,218208153,22.95,95.63,2025-08-18 10:19:19+00:00,33.99074,-81.001865,81.1,3.5,0.4,7.33,13.0,3D,2025-08-18 06:19:19-04:00,POINT (-81.001865 33.99074)
2025-08-17 22:50:51 UTC,sensor01,218208153,22.93,95.75,2025-08-18 10:19:24+00:00,33.990962,-81.001853,82.3,5.51,0.3,359.39,13.0,3D,2025-08-18 06:19:24-04:00,POINT (-81.001853 33.990962)
2025-08-17 22:50:56 UTC,sensor01,218208153,22.91,95.91,2025-08-18 10:19:29+00:00,33.991237,-81.001843,83.8,6.5,0.3,3.08,12.0,3D,2025-08-18 06:19:29-04:00,POINT (-81.001843 33.991237)
2025-08-17 22:51:01 UTC,sensor01,218208153,22.88,95.84,2025-08-18 10:19:34+00:00,33.991468,-81.001815,85.4,5.14,0.3,6.14,13.0,3D,2025-08-18 06:19:34-04:00,POINT (-81.001815 33.991468)
2025-08-17 22:51:06 UTC,sensor01,218208153,22.9,95.91,2025-08-18 10:19:39+00:00,33.991638,-81.001783,87.3,3.29,0.5,358.71,13.0,3D,2025-08-18 06:19:39-04:00,POINT (-81.001783 33.991638)
2025-08-17 22:51:11 UTC,sensor01,218208153,22.95,95.85,2025-08-18 10:19:44+00:00,33.991867,-81.00175,89.3,5.99,0.3,5.21,13.0,3D,2025-08-18 06:19:44-04:00,POINT (-81.00175 33.991867)
2025-08-17 22:51:16 UTC,sensor01,218208153,22.89,95.74,2025-08-18 10:19:49+00:00,33.99215,-81.001728,90.9,6.58,0.3,4.99,13.0,3D,2025-08-18 06:19:49-04:00,POINT (-81.001728 33.99215)
2025-08-17 22:51:21 UTC,sensor01,218208153,22.88,95.91,2025-08-18 10:19:54+00:00,33.99242,-81.001695,92.3,6.88,0.3,6.76,13.0,3D,2025-08-18 06:19:54-04:00,POINT (-81.001695 33.99242)
2025-08-17 22:51:27 UTC,sensor01,218208153,22.84,96.04,2025-08-18 10:19:59+00:00,33.992655,-81.001677,93.5,4.54,0.2,4.78,12.0,3D,2025-08-18 06:19:59-04:00,POINT (-81.001677 33.992655)
2025-08-17 22:51:32 UTC,sensor01,218208153,22.91,96.15,2025-08-18 10:20:05+00:00,33.992838,-81.001643,94.4,5.62,0.2,0.0,12.0,3D,2025-08-18 06:20:05-04:00,POINT (-81.001643 33.992838)
2025-08-17 22:51:37 UTC,sensor01,218208153,22.94,96.02,2025-08-18 10:20:09+00:00,33.993095,-81.001607,95.2,8.49,0.0,5.5,13.0,3D,2025-08-18 06:20:09-04:00,POINT (-81.001607 33.993095)
2025-08-17 22:51:42 UTC,sensor01,218208153,22.95,95.87,2025-08-18 10:20:15+00:00,33.993532,-81.001567,97.3,7.97,0.4,0.0,13.0,3D,2025-08-18 06:20:15-04:00,POINT (-81.001567 33.993532)
2025-08-17 22:51:47 UTC,sensor01,218208153,23.0,95.72,2025-08-18 10:20:20+00:00,33.993838,-81.001565,100.0,4.62,0.6,0.0,13.0,3D,2025-08-18 06:20:20-04:00,POINT (-81.001565 33.993838)
2025-08-17 22:51:57 UTC,sensor01,218208153,23.0,95.48,2025-08-18 10:20:30+00:00,33.993978,-81.001767,102.2,4.63,0.3,0.0,13.0,3D,2025-08-18 06:20:30-04:00,POINT (-81.001767 33.993978)
2025-08-17 22:52:02 UTC,sensor01,218208153,22.99,95.53,2025-08-18 10:20:35+00:00,33.994,-81.002073,104.0,6.82,0.4,277.12,13.0,3D,2025-08-18 06:20:35-04:00,POINT (-81.002073 33.994)
2025-08-17 22:52:07 UTC,sensor01,218208153,22.97,95.6,2025-08-18 10:20:40+00:00,33.994027,-81.002452,106.1,6.79,0.3,276.54,13.0,3D,2025-08-18 06:20:40-04:00,POINT (-81.002452 33.994027)
2025-08-17 22:52:12 UTC,sensor01,218208153,22.98,95.63,2025-08-18 10:20:45+00:00,33.994055,-81.002738,107.9,4.63,0.3,276.93,13.0,3D,2025-08-18 06:20:45-04:00,POINT (-81.002738 33.994055)
2025-08-17 22:52:17 UTC,sensor01,218208153,22.98,95.67,2025-08-18 10:20:50+00:00,33.994065,-81.002997,110.3,5.37,0.5,269.91,13.0,3D,2025-08-18 06:20:50-04:00,POINT (-81.002997 33.994065)
2025-08-17 22:52:22 UTC,sensor01,218208153,22.93,95.68,2025-08-18 10:20:55+00:00,33.994075,-81.003317,112.8,5.38,0.5,276.59,13.0,3D,2025-08-18 06:20:55-04:00,POINT (-81.003317 33.994075)
2025-08-17 22:52:27 UTC,sensor01,218208153,22.93,95.88,2025-08-18 10:21:00+00:00,33.994108,-81.003563,115.6,3.18,0.5,269.51,13.0,3D,2025-08-18 06:21:00-04:00,POINT (-81.003563 33.994108)
2025-08-17 22:52:32 UTC,sensor01,218208153,23.06,96.0,2025-08-18 10:21:05+00:00,33.994102,-81.003725,118.4,4.08,0.6,269.58,13.0,3D,2025-08-18 06:21:05-04:00,POINT (-81.003725 33.994102)
2025-08-17 22:52:37 UTC,sensor01,218208153,23.05,95.78,2025-08-18 10:21:10+00:00,33.994095,-81.003972,121.3,4.94,0.5,278.53,13.0,3D,2025-08-18 06:21:10-04:00,POINT (-81.003972 33.994095)
2025-08-17 22:52:42 UTC,sensor01,218208153,22.99,95.54,2025-08-18 10:21:15+00:00,33.994117,-81.004237,124.9,4.81,0.9,273.09,13.0,3D,2025-08-18 06:21:15-04:00,POINT (-81.004237 33.994117)
2025-08-17 22:52:47 UTC,sensor01,218208153,23.0,95.68,2025-08-18 10:21:20+00:00,33.994147,-81.00452,128.4,6.12,0.7,275.62,13.0,3D,2025-08-18 06:21:20-04:00,POINT (-81.00452 33.994147)
2025-08-17 22:52:52 UTC,sensor01,218208153,23.02,95.79,2025-08-18 10:21:25+00:00,33.994195,-81.004837,132.4,6.59,0.7,277.43,13.0,3D,2025-08-18 06:21:25-04:00,POINT (-81.004837 33.994195)
2025-08-17 22:52:57 UTC,sensor01,218208153,23.01,95.89,2025-08-18 10:21:30+00:00,33.994185,-81.005173,136.5,6.1,0.6,264.86,13.0,3D,2025-08-18 06:21:30-04:00,POINT (-81.005173 33.994185)
2025-08-17 22:53:02 UTC,sensor01,218208153,23.07,95.92,2025-08-18 10:21:35+00:00,33.994148,-81.005537,140.1,5.79,0.7,256.66,12.0,3D,2025-08-18 06:21:35-04:00,POINT (-81.005537 33.994148)
2025-08-17 22:53:07 UTC,sensor01,218208153,23.07,95.95,2025-08-18 10:21:40+00:00,33.994137,-81.005792,143.1,3.75,0.5,264.6,13.0,3D,2025-08-18 06:21:40-04:00,POINT (-81.005792 33.994137)
2025-08-17 22:53:12 UTC,sensor01,218208153,23.07,96.04,2025-08-18 10:21:45+00:00,33.994112,-81.006,144.4,2.94,0.4,254.96,13.0,3D,2025-08-18 06:21:45-04:00,POINT (-81.006 33.994112)
2025-08-17 22:53:17 UTC,sensor01,218208153,23.07,95.97,2025-08-18 10:21:50+00:00,33.994038,-81.006097,143.6,2.6,0.2,226.76,13.0,3D,2025-08-18 06:21:50-04:00,POINT (-81.006097 33.994038)
2025-08-17 22:53:22 UTC,sensor01,218208153,23.1,95.81,2025-08-18 10:21:55+00:00,33.993768,-81.006137,146.1,5.62,0.6,189.53,13.0,3D,2025-08-18 06:21:55-04:00,POINT (-81.006137 33.993768)
2025-08-17 22:53:27 UTC,sensor01,218208153,23.07,95.46,2025-08-18 10:22:00+00:00,33.993367,-81.006133,148.9,7.75,0.6,190.08,13.0,3D,2025-08-18 06:22:00-04:00,POINT (-81.006133 33.993367)
2025-08-17 22:53:32 UTC,sensor01,218208153,23.08,95.36,2025-08-18 10:22:05+00:00,33.99318,-81.006132,151.2,3.67,0.7,189.96,12.0,3D,2025-08-18 06:22:05-04:00,POINT (-81.006132 33.99318)
2025-08-17 22:53:38 UTC,sensor01,218208153,23.13,95.3,2025-08-18 10:22:10+00:00,33.993108,-81.00611,154.8,2.36,0.7,226.17,12.0,3D,2025-08-18 06:22:10-04:00,POINT (-81.00611 33.993108)
2025-08-17 22:53:43 UTC,sensor01,218208153,23.09,95.16,2025-08-18 10:22:15+00:00,33.99306,-81.006362,157.9,6.12,0.6,264.31,13.0,3D,2025-08-18 06:22:15-04:00,POINT (-81.006362 33.99306)
2025-08-17 22:53:48 UTC,sensor01,218208153,23.12,95.12,2025-08-18 10:22:21+00:00,33.9931,-81.006838,162.0,8.26,0.6,0.0,13.0,3D,2025-08-18 06:22:21-04:00,POINT (-81.006838 33.9931)
2025-08-17 22:53:53 UTC,sensor01,218208153,23.09,94.84,2025-08-18 10:22:26+00:00,33.993148,-81.007248,164.9,6.9,0.5,0.0,13.0,3D,2025-08-18 06:22:26-04:00,POINT (-81.007248 33.993148)
2025-08-17 22:53:58 UTC,sensor01,218208153,23.1,95.03,2025-08-18 10:22:31+00:00,33.99316,-81.007592,168.2,4.38,0.6,263.63,13.0,3D,2025-08-18 06:22:31-04:00,POINT (-81.007592 33.99316)
2025-08-17 22:54:03 UTC,sensor01,218208153,23.1,95.29,2025-08-18 10:22:36+00:00,33.993183,-81.007743,171.8,2.35,0.7,286.33,12.0,3D,2025-08-18 06:22:36-04:00,POINT (-81.007743 33.993183)
2025-08-17 22:54:08 UTC,sensor01,218208153,23.15,95.37,2025-08-18 10:22:41+00:00,33.993275,-81.007832,175.6,3.19,0.7,342.84,13.0,3D,2025-08-18 06:22:41-04:00,POINT (-81.007832 33.993275)
2025-08-17 22:54:13 UTC,sensor01,218208153,23.16,95.14,2025-08-18 10:22:46+00:00,33.993488,-81.007745,179.1,6.04,0.9,7.58,13.0,3D,2025-08-18 06:22:46-04:00,POINT (-81.007745 33.993488)
2025-08-17 22:54:18 UTC,sensor01,218208153,23.21,95.17,2025-08-18 10:22:51+00:00,33.993775,-81.007657,179.9,6.38,-1.8,8.38,12.0,3D,2025-08-18 06:22:51-04:00,POINT (-81.007657 33.993775)
2025-08-17 22:54:23 UTC,sensor01,218208153,23.23,95.14,2025-08-18 10:22:56+00:00,33.99409,-81.00763,180.2,5.78,0.4,2.51,13.0,3D,2025-08-18 06:22:56-04:00,POINT (-81.00763 33.99409)
2025-08-17 22:54:28 UTC,sensor01,218208153,23.22,95.21,2025-08-18 10:23:01+00:00,33.994117,-81.00758,178.0,2.8,0.4,37.22,13.0,3D,2025-08-18 06:23:01-04:00,POINT (-81.00758 33.994117)
2025-08-17 22:54:33 UTC,sensor01,218208153,23.21,95.19,2025-08-18 10:23:06+00:00,33.994148,-81.007438,179.5,3.72,-0.2,90.62,13.0,3D,2025-08-18 06:23:06-04:00,POINT (-81.007438 33.994148)
2025-08-17 22:54:38 UTC,sensor01,218208153,23.2,95.07,2025-08-18 10:23:11+00:00,33.994163,-81.007257,178.2,3.65,-0.2,71.56,13.0,3D,2025-08-18 06:23:11-04:00,POINT (-81.007257 33.994163)
2025-08-17 22:54:43 UTC,sensor01,218208153,23.19,95.06,2025-08-18 10:23:16+00:00,33.994287,-81.007153,176.4,4.03,-0.6,0.69,13.0,3D,2025-08-18 06:23:16-04:00,POINT (-81.007153 33.994287)
2025-08-17 22:54:48 UTC,sensor01,218208153,23.34,95.08,2025-08-18 10:23:21+00:00,33.994473,-81.007107,175.9,4.23,-0.1,13.34,13.0,3D,2025-08-18 06:23:21-04:00,POINT (-81.007107 33.994473)
2025-08-17 22:54:53 UTC,sensor01,218208153,23.48,94.17,2025-08-18 10:23:26+00:00,33.994692,-81.007078,174.8,3.51,-0.4,346.85,13.0,3D,2025-08-18 06:23:26-04:00,POINT (-81.007078 33.994692)
2025-08-17 22:54:58 UTC,sensor01,218208153,23.43,93.99,2025-08-18 10:23:31+00:00,33.994793,-81.007255,173.3,4.48,-0.1,270.04,13.0,3D,2025-08-18 06:23:31-04:00,POINT (-81.007255 33.994793)
2025-08-17 22:55:08 UTC,sensor01,218208153,23.41,94.19,2025-08-18 10:23:41+00:00,33.994975,-81.00753,170.5,3.58,-0.1,338.22,13.0,3D,2025-08-18 06:23:41-04:00,POINT (-81.00753 33.994975)
2025-08-17 22:55:13 UTC,sensor01,218208153,23.39,94.25,2025-08-18 10:23:46+00:00,33.995187,-81.007515,169.3,3.78,-0.2,357.9,13.0,3D,2025-08-18 06:23:46-04:00,POINT (-81.007515 33.995187)
2025-08-17 22:55:28 UTC,sensor01,218208153,23.46,94.0,2025-08-18 10:24:01+00:00,33.99549,-81.007485,165.5,4.84,-0.3,1.71,12.0,3D,2025-08-18 06:24:01-04:00,POINT (-81.007485 33.99549)
2025-08-17 22:55:33 UTC,sensor01,218208153,23.48,94.0,2025-08-18 10:24:06+00:00,33.995792,-81.00743,164.0,6.85,-0.2,5.24,13.0,3D,2025-08-18 06:24:06-04:00,POINT (-81.00743 33.995792)
2025-08-17 22:55:39 UTC,sensor01,218208153,23.5,93.86,2025-08-18 10:24:11+00:00,33.996148,-81.007397,162.9,7.35,-0.2,6.42,13.0,3D,2025-08-18 06:24:11-04:00,POINT (-81.007397 33.996148)
2025-08-17 22:55:44 UTC,sensor01,218208153,23.44,94.04,2025-08-18 10:24:16+00:00,33.996612,-81.007373,160.9,8.87,-0.2,6.38,13.0,3D,2025-08-18 06:24:16-04:00,POINT (-81.007373 33.996612)
2025-08-17 22:55:49 UTC,sensor01,218208153,23.45,94.24,2025-08-18 10:24:21+00:00,33.99679,-81.00734,159.8,2.81,-0.2,12.19,13.0,3D,2025-08-18 06:24:21-04:00,POINT (-81.00734 33.99679)
2025-08-17 22:55:54 UTC,sensor01,218208153,23.47,94.08,2025-08-18 10:24:27+00:00,33.996858,-81.007405,158.0,3.44,-0.4,0.0,13.0,3D,2025-08-18 06:24:27-04:00,POINT (-81.007405 33.996858)
2025-08-17 22:55:59 UTC,sensor01,218208153,23.41,94.27,2025-08-18 10:24:32+00:00,33.996908,-81.00764,156.2,6.14,-0.4,0.0,13.0,3D,2025-08-18 06:24:32-04:00,POINT (-81.00764 33.996908)
2025-08-17 22:56:04 UTC,sensor01,218208153,23.4,94.34,2025-08-18 10:24:37+00:00,33.99693,-81.008047,153.2,7.87,-0.4,0.0,13.0,3D,2025-08-18 06:24:37-04:00,POINT (-81.008047 33.99693)
2025-08-17 22:56:09 UTC,sensor01,218208153,23.32,94.33,2025-08-18 10:24:42+00:00,33.996975,-81.008508,150.2,7.78,-0.6,272.88,13.0,3D,2025-08-18 06:24:42-04:00,POINT (-81.008508 33.996975)
2025-08-17 22:56:14 UTC,sensor01,218208153,23.3,94.76,2025-08-18 10:24:47+00:00,33.996982,-81.008915,147.9,7.18,-0.4,270.11,13.0,3D,2025-08-18 06:24:47-04:00,POINT (-81.008915 33.996982)
2025-08-17 22:56:19 UTC,sensor01,218208153,23.29,94.95,2025-08-18 10:24:52+00:00,33.997,-81.009138,146.4,4.04,0.0,262.14,13.0,3D,2025-08-18 06:24:52-04:00,POINT (-81.009138 33.997)
2025-08-17 22:56:24 UTC,sensor01,218208153,23.32,95.1,2025-08-18 10:24:57+00:00,33.997025,-81.009382,145.4,4.86,0.0,272.24,13.0,3D,2025-08-18 06:24:57-04:00,POINT (-81.009382 33.997025)
2025-08-17 22:56:29 UTC,sensor01,218208153,23.24,95.11,2025-08-18 10:25:02+00:00,33.99704,-81.009753,144.7,6.44,-0.2,272.78,12.0,3D,2025-08-18 06:25:02-04:00,POINT (-81.009753 33.99704)
2025-08-17 22:56:34 UTC,sensor01,218208153,23.27,95.17,2025-08-18 10:25:07+00:00,33.997092,-81.01018,143.4,7.42,-0.3,281.19,12.0,3D,2025-08-18 06:25:07-04:00,POINT (-81.01018 33.997092)
2025-08-17 22:56:39 UTC,sensor01,218208153,23.26,95.05,2025-08-18 10:25:12+00:00,33.997127,-81.01047,142.5,6.49,0.0,278.15,12.0,3D,2025-08-18 06:25:12-04:00,POINT (-81.01047 33.997127)
2025-08-17 22:56:59 UTC,sensor01,218208153,23.26,94.77,2025-08-18 10:25:32+00:00,33.997292,-81.010777,141.8,2.36,-0.2,352.42,13.0,3D,2025-08-18 06:25:32-04:00,POINT (-81.010777 33.997292)
2025-08-17 22:57:04 UTC,sensor01,218208153,23.26,94.84,2025-08-18 10:25:37+00:00,33.997402,-81.010785,140.6,4.59,-0.1,356.74,13.0,3D,2025-08-18 06:25:37-04:00,POINT (-81.010785 33.997402)
2025-08-17 22:57:09 UTC,sensor01,218208153,23.3,95.02,2025-08-18 10:25:42+00:00,33.997633,-81.010733,139.8,5.92,-0.1,0.07,13.0,3D,2025-08-18 06:25:42-04:00,POINT (-81.010733 33.997633)
2025-08-17 22:57:14 UTC,sensor01,218208153,23.32,94.98,2025-08-18 10:25:47+00:00,33.997838,-81.010738,139.1,3.96,0.0,8.42,13.0,3D,2025-08-18 06:25:47-04:00,POINT (-81.010738 33.997838)
2025-08-17 22:57:19 UTC,sensor01,218208153,23.39,94.95,2025-08-18 10:25:52+00:00,33.998055,-81.010687,138.5,4.87,-0.3,6.15,13.0,3D,2025-08-18 06:25:52-04:00,POINT (-81.010687 33.998055)
2025-08-17 22:57:24 UTC,sensor01,218208153,23.37,94.74,2025-08-18 10:25:57+00:00,33.998208,-81.010683,137.2,2.29,-0.2,0.15,13.0,3D,2025-08-18 06:25:57-04:00,POINT (-81.010683 33.998208)
2025-08-17 22:57:34 UTC,sensor01,218208153,23.48,94.3,2025-08-18 10:26:07+00:00,33.998367,-81.010658,134.5,2.63,-0.2,348.93,13.0,3D,2025-08-18 06:26:07-04:00,POINT (-81.010658 33.998367)
2025-08-17 22:57:39 UTC,sensor01,218208153,23.58,94.0,2025-08-18 10:26:12+00:00,33.99854,-81.010745,130.9,3.84,-0.6,300.87,13.0,3D,2025-08-18 06:26:12-04:00,POINT (-81.010745 33.99854)
2025-08-17 22:57:44 UTC,sensor01,218208153,23.74,93.38,2025-08-18 10:26:17+00:00,33.99859,-81.011077,128.1,7.74,-0.6,274.28,13.0,3D,2025-08-18 06:26:17-04:00,POINT (-81.011077 33.99859)
2025-08-17 22:57:50 UTC,sensor01,218208153,23.73,92.79,2025-08-18 10:26:22+00:00,33.998615,-81.011558,125.6,9.48,-0.5,273.95,13.0,3D,2025-08-18 06:26:22-04:00,POINT (-81.011558 33.998615)
2025-08-17 22:57:55 UTC,sensor01,218208153,23.74,92.72,2025-08-18 10:26:27+00:00,33.998653,-81.012102,122.8,9.28,-0.5,272.62,13.0,3D,2025-08-18 06:26:27-04:00,POINT (-81.012102 33.998653)
2025-08-17 22:58:00 UTC,sensor01,218208153,23.77,92.75,2025-08-18 10:26:32+00:00,33.998682,-81.01259,119.9,8.58,-0.7,277.74,13.0,3D,2025-08-18 06:26:32-04:00,POINT (-81.01259 33.998682)
2025-08-17 22:58:05 UTC,sensor01,218208153,23.99,92.27,2025-08-18 10:26:37+00:00,33.998725,-81.013115,116.6,9.56,-0.8,271.79,12.0,3D,2025-08-18 06:26:37-04:00,POINT (-81.013115 33.998725)
2025-08-17 22:58:10 UTC,sensor01,218208153,24.2,91.43,2025-08-18 10:26:43+00:00,33.998747,-81.013813,112.6,10.82,-0.7,0.0,13.0,3D,2025-08-18 06:26:43-04:00,POINT (-81.013813 33.998747)
2025-08-17 22:58:15 UTC,sensor01,218208153,24.27,90.8,2025-08-18 10:26:48+00:00,33.998763,-81.014432,108.7,10.79,-1.0,0.0,13.0,3D,2025-08-18 06:26:48-04:00,POINT (-81.014432 33.998763)
2025-08-17 22:58:20 UTC,sensor01,218208153,24.31,90.65,2025-08-18 10:26:53+00:00,33.998818,-81.014973,105.3,9.61,-0.6,0.0,13.0,3D,2025-08-18 06:26:53-04:00,POINT (-81.014973 33.998818)
2025-08-17 22:58:25 UTC,sensor01,218208153,24.17,90.73,2025-08-18 10:26:58+00:00,33.998925,-81.015362,102.2,6.12,-0.5,283.32,13.0,3D,2025-08-18 06:26:58-04:00,POINT (-81.015362 33.998925)
2025-08-17 22:58:30 UTC,sensor01,218208153,24.09,91.24,2025-08-18 10:27:03+00:00,33.999058,-81.01551,99.4,3.56,-0.6,344.07,13.0,3D,2025-08-18 06:27:03-04:00,POINT (-81.01551 33.999058)
2025-08-17 22:58:35 UTC,sensor01,218208153,24.0,91.58,2025-08-18 10:27:08+00:00,33.99925,-81.015372,96.7,5.96,-0.4,37.71,13.0,3D,2025-08-18 06:27:08-04:00,POINT (-81.015372 33.99925)
2025-08-17 22:58:40 UTC,sensor01,218208153,23.88,91.83,2025-08-18 10:27:13+00:00,33.999417,-81.015162,94.3,6.47,-0.6,38.88,13.0,3D,2025-08-18 06:27:13-04:00,POINT (-81.015162 33.999417)
2025-08-17 22:58:45 UTC,sensor01,218208153,23.7,92.22,2025-08-18 10:27:18+00:00,33.999638,-81.014902,91.8,7.28,-0.8,44.63,13.0,3D,2025-08-18 06:27:18-04:00,POINT (-81.014902 33.999638)
2025-08-17 22:58:50 UTC,sensor01,218208153,23.57,93.03,2025-08-18 10:27:23+00:00,33.999877,-81.014607,89.7,6.93,-0.5,37.67,13.0,3D,2025-08-18 06:27:23-04:00,POINT (-81.014607 33.999877)
2025-08-17 22:58:55 UTC,sensor01,218208153,23.52,93.66,2025-08-18 10:27:28+00:00,34.000013,-81.014385,87.2,3.56,-0.4,44.52,13.0,3D,2025-08-18 06:27:28-04:00,POINT (-81.014385 34.000013)
2025-08-17 22:59:00 UTC,sensor01,218208153,23.5,94.04,2025-08-18 10:27:33+00:00,34.000082,-81.014397,85.2,3.05,-0.5,335.37,13.0,3D,2025-08-18 06:27:33-04:00,POINT (-81.014397 34.000082)
2025-08-17 22:59:05 UTC,sensor01,218208153,23.34,94.43,2025-08-18 10:27:38+00:00,34.00021,-81.014628,83.3,5.87,-0.3,307.7,13.0,3D,2025-08-18 06:27:38-04:00,POINT (-81.014628 34.00021)
2025-08-17 22:59:10 UTC,sensor01,218208153,23.27,95.03,2025-08-18 10:27:43+00:00,34.000363,-81.01491,82.2,6.72,-0.2,310.0,13.0,3D,2025-08-18 06:27:43-04:00,POINT (-81.01491 34.000363)
2025-08-17 22:59:15 UTC,sensor01,218208153,23.22,95.55,2025-08-18 10:27:48+00:00,34.000548,-81.015163,81.4,4.31,-0.3,316.75,13.0,3D,2025-08-18 06:27:48-04:00,POINT (-81.015163 34.000548)
2025-08-17 22:59:20 UTC,sensor01,218208153,23.23,95.69,2025-08-18 10:27:53+00:00,34.000677,-81.015253,79.7,3.13,-0.7,343.75,13.0,3D,2025-08-18 06:27:53-04:00,POINT (-81.015253 34.000677)
2025-08-17 22:59:25 UTC,sensor01,218208153,23.18,95.74,2025-08-18 10:27:58+00:00,34.000837,-81.015208,77.9,5.21,-0.1,32.09,13.0,3D,2025-08-18 06:27:58-04:00,POINT (-81.015208 34.000837)
2025-08-17 22:59:30 UTC,sensor01,218208153,23.14,95.86,2025-08-18 10:28:03+00:00,34.000992,-81.015055,78.2,3.62,0.0,32.41,13.0,3D,2025-08-18 06:28:03-04:00,POINT (-81.015055 34.000992)
2025-08-17 22:59:40 UTC,sensor01,218208153,23.09,96.03,2025-08-18 10:28:13+00:00,34.00114,-81.014973,78.6,3.67,-0.1,32.16,13.0,3D,2025-08-18 06:28:13-04:00,POINT (-81.014973 34.00114)
2025-08-17 22:59:45 UTC,sensor01,218208153,23.08,96.15,2025-08-18 10:28:18+00:00,34.001302,-81.014825,77.1,4.83,-0.1,34.45,13.0,3D,2025-08-18 06:28:18-04:00,POINT (-81.014825 34.001302)
2025-08-17 22:59:50 UTC,sensor01,218208153,23.07,96.22,2025-08-18 10:28:23+00:00,34.001497,-81.014672,75.9,5.52,-0.5,25.4,13.0,3D,2025-08-18 06:28:23-04:00,POINT (-81.014672 34.001497)
2025-08-17 22:59:55 UTC,sensor01,218208153,23.17,96.08,2025-08-18 10:28:28+00:00,34.001678,-81.014533,73.2,5.11,-0.7,35.38,13.0,3D,2025-08-18 06:28:28-04:00,POINT (-81.014533 34.001678)
2025-08-17 23:00:00 UTC,sensor01,218208153,23.16,95.91,2025-08-18 10:28:33+00:00,34.001902,-81.014385,71.9,5.67,-0.2,31.75,13.0,3D,2025-08-18 06:28:33-04:00,POINT (-81.014385 34.001902)
2025-08-17 23:00:05 UTC,sensor01,218208153,23.18,95.7,2025-08-18 10:28:38+00:00,34.002102,-81.014178,70.5,5.58,-0.4,48.66,13.0,3D,2025-08-18 06:28:38-04:00,POINT (-81.014178 34.002102)
2025-08-17 23:00:11 UTC,sensor01,218208153,23.23,95.76,2025-08-18 10:28:43+00:00,34.002225,-81.014032,69.0,3.63,-0.3,47.37,13.0,3D,2025-08-18 06:28:43-04:00,POINT (-81.014032 34.002225)
2025-08-17 23:00:16 UTC,sensor01,218208153,23.25,95.73,2025-08-18 10:28:48+00:00,34.002397,-81.013827,66.7,6.58,-0.5,49.24,13.0,3D,2025-08-18 06:28:48-04:00,POINT (-81.013827 34.002397)
2025-08-17 23:00:21 UTC,sensor01,218208153,23.27,95.6,2025-08-18 10:28:53+00:00,34.002607,-81.013547,65.4,7.27,-0.3,52.4,13.0,3D,2025-08-18 06:28:53-04:00,POINT (-81.013547 34.002607)
2025-08-17 23:00:26 UTC,sensor01,218208153,23.28,95.21,2025-08-18 10:28:59+00:00,34.002828,-81.013207,64.5,6.18,-0.3,0.0,13.0,3D,2025-08-18 06:28:59-04:00,POINT (-81.013207 34.002828)
2025-08-17 23:00:31 UTC,sensor01,218208153,23.25,95.26,2025-08-18 10:29:04+00:00,34.002987,-81.01292,63.9,7.32,-0.1,0.0,13.0,3D,2025-08-18 06:29:04-04:00,POINT (-81.01292 34.002987)
2025-08-17 23:00:36 UTC,sensor01,218208153,23.15,95.57,2025-08-18 10:29:09+00:00,34.00316,-81.012623,64.8,5.88,-0.1,0.0,13.0,3D,2025-08-18 06:29:09-04:00,POINT (-81.012623 34.00316)
2025-08-17 23:00:41 UTC,sensor01,218208153,23.1,95.83,2025-08-18 10:29:14+00:00,34.003278,-81.01239,64.3,3.91,0.0,0.0,13.0,3D,2025-08-18 06:29:14-04:00,POINT (-81.01239 34.003278)
2025-08-17 23:00:46 UTC,sensor01,218208153,23.09,96.03,2025-08-18 10:29:19+00:00,34.003337,-81.012273,64.2,3.13,0.1,0.0,4.0,3D,2025-08-18 06:29:19-04:00,POINT (-81.012273 34.003337)
2025-08-17 23:00:51 UTC,sensor01,218208153,23.1,96.15,2025-08-18 10:29:24+00:00,34.00319,-81.012155,65.4,4.53,-0.1,0.0,4.0,3D,2025-08-18 06:29:24-04:00,POINT (-81.012155 34.00319)
2025-08-17 23:00:56 UTC,sensor01,218208153,23.01,96.23,2025-08-18 10:29:29+00:00,34.002963,-81.01204,65.3,6.07,-0.1,0.0,8.0,3D,2025-08-18 06:29:29-04:00,POINT (-81.01204 34.002963)
2025-08-17 23:01:01 UTC,sensor01,218208153,23.0,96.49,2025-08-18 10:29:34+00:00,34.00269,-81.011933,65.6,6.55,0.0,0.0,12.0,3D,2025-08-18 06:29:34-04:00,POINT (-81.011933 34.00269)
2025-08-17 23:01:06 UTC,sensor01,218208153,23.05,96.57,2025-08-18 10:29:39+00:00,34.002452,-81.011875,65.4,4.44,-0.1,0.0,12.0,3D,2025-08-18 06:29:39-04:00,POINT (-81.011875 34.002452)
2025-08-17 23:01:11 UTC,sensor01,218208153,23.05,96.44,2025-08-18 10:29:44+00:00,34.002292,-81.011903,63.2,5.39,-1.0,0.0,13.0,3D,2025-08-18 06:29:44-04:00,POINT (-81.011903 34.002292)
2025-08-17 23:01:16 UTC,sensor01,218208153,23.07,96.28,2025-08-18 10:29:49+00:00,34.002308,-81.011733,63.3,3.61,0.0,61.91,12.0,3D,2025-08-18 06:29:49-04:00,POINT (-81.011733 34.002308)
2025-08-17 23:01:21 UTC,sensor01,218208153,23.07,96.13,2025-08-18 10:29:54+00:00,34.00243,-81.011518,64.3,5.18,0.3,57.73,13.0,3D,2025-08-18 06:29:54-04:00,POINT (-81.011518 34.00243)
2025-08-17 23:01:26 UTC,sensor01,218208153,23.07,96.13,2025-08-18 10:29:59+00:00,34.002545,-81.011303,65.5,3.76,0.2,53.31,13.0,3D,2025-08-18 06:29:59-04:00,POINT (-81.011303 34.002545)
2025-08-17 23:01:31 UTC,sensor01,218208153,23.03,96.27,2025-08-18 10:30:04+00:00,34.002595,-81.01113,67.9,4.22,0.5,75.36,13.0,3D,2025-08-18 06:30:04-04:00,POINT (-81.01113 34.002595)
2025-08-17 23:01:36 UTC,sensor01,218208153,22.98,96.42,2025-08-18 10:30:09+00:00,34.002737,-81.010873,69.7,4.2,0.4,65.02,13.0,3D,2025-08-18 06:30:09-04:00,POINT (-81.010873 34.002737)
2025-08-17 23:01:46 UTC,sensor01,218208153,22.99,96.6,2025-08-18 10:30:19+00:00,34.00291,-81.01065,71.2,3.9,-0.1,42.4,13.0,3D,2025-08-18 06:30:19-04:00,POINT (-81.01065 34.00291)
2025-08-17 23:01:51 UTC,sensor01,218208153,23.01,96.59,2025-08-18 10:30:24+00:00,34.003075,-81.01048,71.7,4.74,0.1,42.92,13.0,3D,2025-08-18 06:30:24-04:00,POINT (-81.01048 34.003075)
2025-08-17 23:01:56 UTC,sensor01,218208153,23.02,96.41,2025-08-18 10:30:29+00:00,34.003193,-81.010268,72.1,5.24,0.3,50.91,13.0,3D,2025-08-18 06:30:29-04:00,POINT (-81.010268 34.003193)
2025-08-17 23:02:01 UTC,sensor01,218208153,23.01,96.44,2025-08-18 10:30:34+00:00,34.00331,-81.010072,74.1,4.83,0.7,55.36,13.0,3D,2025-08-18 06:30:34-04:00,POINT (-81.010072 34.00331)
2025-08-17 23:02:06 UTC,sensor01,218208153,23.04,96.59,2025-08-18 10:30:39+00:00,34.003367,-81.009838,76.5,4.44,0.1,73.01,13.0,3D,2025-08-18 06:30:39-04:00,POINT (-81.009838 34.003367)
2025-08-17 23:02:11 UTC,sensor01,218208153,23.08,96.77,2025-08-18 10:30:44+00:00,34.003375,-81.00956,76.0,4.35,0.2,89.64,13.0,3D,2025-08-18 06:30:44-04:00,POINT (-81.00956 34.003375)
2025-08-17 23:02:16 UTC,sensor01,218208153,23.09,96.43,2025-08-18 10:30:49+00:00,34.003377,-81.009338,77.2,3.84,0.3,89.49,13.0,3D,2025-08-18 06:30:49-04:00,POINT (-81.009338 34.003377)
2025-08-17 23:02:21 UTC,sensor01,218208153,23.05,96.47,2025-08-18 10:30:54+00:00,34.003388,-81.009165,77.8,2.36,0.1,76.91,13.0,3D,2025-08-18 06:30:54-04:00,POINT (-81.009165 34.003388)
2025-08-17 23:02:47 UTC,sensor01,218208153,23.16,95.97,2025-08-18 10:31:20+00:00,34.003405,-81.009147,80.6,2.34,0.2,265.97,13.0,3D,2025-08-18 06:31:20-04:00,POINT (-81.009147 34.003405)
2025-08-17 23:02:52 UTC,sensor01,218208153,23.18,95.89,2025-08-18 10:31:25+00:00,34.003435,-81.009307,81.0,3.47,0.1,0.0,13.0,3D,2025-08-18 06:31:25-04:00,POINT (-81.009307 34.003435)
2025-08-17 23:03:27 UTC,sensor01,218208153,23.21,95.37,2025-08-18 10:32:00+00:00,34.003462,-81.00963,87.8,4.71,0.3,279.56,13.0,3D,2025-08-18 06:32:00-04:00,POINT (-81.00963 34.003462)
2025-08-17 23:03:32 UTC,sensor01,218208153,23.18,95.96,2025-08-18 10:32:05+00:00,34.003417,-81.009867,89.8,4.36,0.4,269.02,13.0,3D,2025-08-18 06:32:05-04:00,POINT (-81.009867 34.003417)
2025-08-17 23:03:37 UTC,sensor01,218208153,23.13,96.09,2025-08-18 10:32:10+00:00,34.003333,-81.01013,91.2,5.33,0.2,244.62,13.0,3D,2025-08-18 06:32:10-04:00,POINT (-81.01013 34.003333)
2025-08-17 23:03:42 UTC,sensor01,218208153,23.07,96.08,2025-08-18 10:32:15+00:00,34.003195,-81.010407,92.4,5.93,0.2,236.13,13.0,3D,2025-08-18 06:32:15-04:00,POINT (-81.010407 34.003195)
2025-08-17 23:03:47 UTC,sensor01,218208153,23.08,96.19,2025-08-18 10:32:20+00:00,34.00302,-81.010587,93.5,3.11,0.1,225.23,13.0,3D,2025-08-18 06:32:20-04:00,POINT (-81.010587 34.00302)
2025-08-17 23:03:52 UTC,sensor01,218208153,23.07,96.23,2025-08-18 10:32:25+00:00,34.002898,-81.010597,94.4,2.86,0.2,190.91,13.0,3D,2025-08-18 06:32:25-04:00,POINT (-81.010597 34.002898)
2025-08-17 23:03:57 UTC,sensor01,218208153,23.05,96.31,2025-08-18 10:32:30+00:00,34.002812,-81.010415,95.6,3.25,0.2,131.68,13.0,3D,2025-08-18 06:32:30-04:00,POINT (-81.010415 34.002812)
2025-08-17 23:04:02 UTC,sensor01,218208153,23.09,96.3,2025-08-18 10:32:35+00:00,34.002813,-81.010145,96.5,5.67,0.2,93.46,13.0,3D,2025-08-18 06:32:35-04:00,POINT (-81.010145 34.002813)
2025-08-17 23:04:07 UTC,sensor01,218208153,23.14,96.26,2025-08-18 10:32:40+00:00,34.002797,-81.009842,98.1,5.64,0.4,95.75,13.0,3D,2025-08-18 06:32:40-04:00,POINT (-81.009842 34.002797)
2025-08-17 23:04:12 UTC,sensor01,218208153,23.18,96.1,2025-08-18 10:32:45+00:00,34.002747,-81.009537,99.1,6.42,0.3,92.73,13.0,3D,2025-08-18 06:32:45-04:00,POINT (-81.009537 34.002747)
2025-08-17 23:04:17 UTC,sensor01,218208153,23.23,95.9,2025-08-18 10:32:50+00:00,34.002715,-81.009192,100.2,7.03,0.1,94.9,13.0,3D,2025-08-18 06:32:50-04:00,POINT (-81.009192 34.002715)
2025-08-17 23:04:22 UTC,sensor01,218208153,23.31,95.63,2025-08-18 10:32:55+00:00,34.002685,-81.008812,101.1,6.86,0.3,87.32,13.0,3D,2025-08-18 06:32:55-04:00,POINT (-81.008812 34.002685)
2025-08-17 23:04:27 UTC,sensor01,218208153,23.39,95.34,2025-08-18 10:33:00+00:00,34.00269,-81.008493,102.4,5.61,0.2,93.3,13.0,3D,2025-08-18 06:33:00-04:00,POINT (-81.008493 34.00269)
2025-08-17 23:04:32 UTC,sensor01,218208153,23.58,94.73,2025-08-18 10:33:05+00:00,34.002673,-81.008092,103.0,7.88,0.2,96.27,13.0,3D,2025-08-18 06:33:05-04:00,POINT (-81.008092 34.002673)
2025-08-17 23:04:37 UTC,sensor01,218208153,23.55,94.47,2025-08-18 10:33:10+00:00,34.002625,-81.007705,103.2,7.13,0.1,100.88,13.0,3D,2025-08-18 06:33:10-04:00,POINT (-81.007705 34.002625)
2025-08-17 23:04:42 UTC,sensor01,218208153,23.57,94.2,2025-08-18 10:33:15+00:00,34.002572,-81.007318,103.5,6.82,0.0,98.34,13.0,3D,2025-08-18 06:33:15-04:00,POINT (-81.007318 34.002572)
2025-08-17 23:04:47 UTC,sensor01,218208153,23.57,93.88,2025-08-18 10:33:20+00:00,34.002552,-81.007027,104.1,3.59,0.1,98.25,13.0,3D,2025-08-18 06:33:20-04:00,POINT (-81.007027 34.002552)
2025-08-17 23:04:53 UTC,sensor01,218208153,23.59,93.9,2025-08-18 10:33:25+00:00,34.002597,-81.006907,104.3,2.63,0.2,54.56,13.0,3D,2025-08-18 06:33:25-04:00,POINT (-81.006907 34.002597)
2025-08-17 23:04:58 UTC,sensor01,218208153,23.56,93.92,2025-08-18 10:33:30+00:00,34.002723,-81.006832,103.7,3.71,-0.2,18.09,13.0,3D,2025-08-18 06:33:30-04:00,POINT (-81.006832 34.002723)
2025-08-17 23:05:03 UTC,sensor01,218208153,23.55,94.11,2025-08-18 10:33:35+00:00,34.00294,-81.006797,104.1,5.05,0.1,6.2,13.0,3D,2025-08-18 06:33:35-04:00,POINT (-81.006797 34.00294)
2025-08-17 23:05:08 UTC,sensor01,218208153,23.56,94.23,2025-08-18 10:33:41+00:00,34.003247,-81.006778,105.5,4.32,0.3,0.0,13.0,3D,2025-08-18 06:33:41-04:00,POINT (-81.006778 34.003247)
2025-08-17 23:05:13 UTC,sensor01,218208153,23.57,94.22,2025-08-18 10:33:46+00:00,34.00349,-81.006737,107.5,4.57,0.3,4.25,13.0,3D,2025-08-18 06:33:46-04:00,POINT (-81.006737 34.00349)
2025-08-17 23:05:18 UTC,sensor01,218208153,23.57,94.0,2025-08-18 10:33:51+00:00,34.003747,-81.00673,107.7,6.5,-0.1,0.0,13.0,3D,2025-08-18 06:33:51-04:00,POINT (-81.00673 34.003747)
2025-08-17 23:05:23 UTC,sensor01,218208153,23.58,94.0,2025-08-18 10:33:56+00:00,34.00404,-81.006687,108.2,6.72,0.2,20.66,13.0,3D,2025-08-18 06:33:56-04:00,POINT (-81.006687 34.00404)
2025-08-17 23:05:28 UTC,sensor01,218208153,23.53,94.12,2025-08-18 10:34:01+00:00,34.004307,-81.006553,108.8,4.62,0.1,25.53,13.0,3D,2025-08-18 06:34:01-04:00,POINT (-81.006553 34.004307)
2025-08-17 23:05:43 UTC,sensor01,218208153,23.83,93.62,2025-08-18 10:34:16+00:00,34.004373,-81.006248,106.3,8.81,0.4,114.59,13.0,3D,2025-08-18 06:34:16-04:00,POINT (-81.006248 34.004373)
2025-08-17 23:05:48 UTC,sensor01,218208153,24.12,92.6,2025-08-18 10:34:21+00:00,34.004145,-81.005647,108.5,13.39,0.3,116.32,13.0,3D,2025-08-18 06:34:21-04:00,POINT (-81.005647 34.004145)
2025-08-17 23:05:53 UTC,sensor01,218208153,24.23,91.35,2025-08-18 10:34:26+00:00,34.003927,-81.005013,110.7,12.34,0.5,114.1,13.0,3D,2025-08-18 06:34:26-04:00,POINT (-81.005013 34.003927)
2025-08-17 23:05:58 UTC,sensor01,218208153,24.23,90.82,2025-08-18 10:34:31+00:00,34.003725,-81.004368,112.2,13.32,0.4,112.14,13.0,3D,2025-08-18 06:34:31-04:00,POINT (-81.004368 34.003725)
2025-08-17 23:06:03 UTC,sensor01,218208153,24.17,90.94,2025-08-18 10:34:36+00:00,34.003515,-81.003697,115.1,13.19,0.6,111.57,13.0,3D,2025-08-18 06:34:36-04:00,POINT (-81.003697 34.003515)
2025-08-17 23:06:08 UTC,sensor01,218208153,24.18,90.83,2025-08-18 10:34:41+00:00,34.003305,-81.003033,116.7,12.29,0.4,111.26,13.0,3D,2025-08-18 06:34:41-04:00,POINT (-81.003033 34.003305)
2025-08-17 23:06:13 UTC,sensor01,218208153,24.25,90.79,2025-08-18 10:34:46+00:00,34.00311,-81.002402,118.0,12.62,0.2,110.07,13.0,3D,2025-08-18 06:34:46-04:00,POINT (-81.002402 34.00311)
2025-08-17 23:06:18 UTC,sensor01,218208153,24.24,90.62,2025-08-18 10:34:51+00:00,34.002912,-81.001707,120.0,13.33,0.4,107.5,13.0,3D,2025-08-18 06:34:51-04:00,POINT (-81.001707 34.002912)
2025-08-17 23:06:23 UTC,sensor01,218208153,24.2,90.53,2025-08-18 10:34:56+00:00,34.002752,-81.00102,121.5,12.47,0.2,102.74,13.0,3D,2025-08-18 06:34:56-04:00,POINT (-81.00102 34.002752)
2025-08-17 23:06:28 UTC,sensor01,218208153,24.15,90.74,2025-08-18 10:35:01+00:00,34.002578,-81.000412,122.5,8.61,0.0,110.22,13.0,3D,2025-08-18 06:35:01-04:00,POINT (-81.000412 34.002578)
2025-08-17 23:07:29 UTC,sensor01,218208153,24.09,90.82,2025-08-18 10:36:01+00:00,34.00255,-81.00016,126.0,5.16,0.1,97.71,13.0,3D,2025-08-18 06:36:01-04:00,POINT (-81.00016 34.00255)
2025-08-17 23:07:34 UTC,sensor01,218208153,24.05,91.05,2025-08-18 10:36:07+00:00,34.002442,-80.999745,126.1,8.74,-0.1,0.0,13.0,3D,2025-08-18 06:36:07-04:00,POINT (-80.999745 34.002442)
2025-08-17 23:07:39 UTC,sensor01,218208153,24.1,91.18,2025-08-18 10:36:12+00:00,34.002332,-80.99928,125.1,8.81,0.1,121.4,13.0,3D,2025-08-18 06:36:12-04:00,POINT (-80.99928 34.002332)
2025-08-17 23:07:44 UTC,sensor01,218208153,24.15,91.03,2025-08-18 10:36:17+00:00,34.002028,-80.998842,126.4,9.52,0.2,128.53,13.0,3D,2025-08-18 06:36:17-04:00,POINT (-80.998842 34.002028)
2025-08-17 23:07:49 UTC,sensor01,218208153,24.09,91.12,2025-08-18 10:36:22+00:00,34.00179,-80.998575,126.2,4.57,0.0,143.42,13.0,3D,2025-08-18 06:36:22-04:00,POINT (-80.998575 34.00179)
2025-08-17 23:07:54 UTC,sensor01,218208153,23.97,91.19,2025-08-18 10:36:27+00:00,34.001548,-80.998592,126.7,6.4,0.1,185.45,13.0,3D,2025-08-18 06:36:27-04:00,POINT (-80.998592 34.001548)
2025-08-17 23:07:59 UTC,sensor01,218208153,23.83,91.9,2025-08-18 10:36:32+00:00,34.001233,-80.99867,126.3,7.61,-0.3,184.3,13.0,3D,2025-08-18 06:36:32-04:00,POINT (-80.99867 34.001233)
2025-08-17 23:08:04 UTC,sensor01,218208153,23.71,92.21,2025-08-18 10:36:37+00:00,34.000907,-80.9987,125.8,6.86,-0.3,187.53,13.0,3D,2025-08-18 06:36:37-04:00,POINT (-80.9987 34.000907)
2025-08-17 23:08:09 UTC,sensor01,218208153,23.71,92.48,2025-08-18 10:36:42+00:00,34.000698,-80.998698,125.6,4.17,0.0,193.17,13.0,3D,2025-08-18 06:36:42-04:00,POINT (-80.998698 34.000698)
2025-08-17 23:08:14 UTC,sensor01,218208153,23.64,92.68,2025-08-18 10:36:47+00:00,34.000427,-80.998727,127.3,7.06,0.4,182.7,13.0,3D,2025-08-18 06:36:47-04:00,POINT (-80.998727 34.000427)
2025-08-17 23:08:19 UTC,sensor01,218208153,23.59,93.13,2025-08-18 10:36:52+00:00,34.000068,-80.998787,128.7,7.68,0.1,188.37,13.0,3D,2025-08-18 06:36:52-04:00,POINT (-80.998787 34.000068)
2025-08-17 23:08:24 UTC,sensor01,218208153,23.56,93.52,2025-08-18 10:36:57+00:00,33.999725,-80.998852,129.7,7.96,0.3,189.72,13.0,3D,2025-08-18 06:36:57-04:00,POINT (-80.998852 33.999725)
2025-08-17 23:08:29 UTC,sensor01,218208153,23.44,93.85,2025-08-18 10:37:02+00:00,33.999435,-80.998885,130.2,6.69,0.1,186.73,13.0,3D,2025-08-18 06:37:02-04:00,POINT (-80.998885 33.999435)
2025-08-17 23:08:34 UTC,sensor01,218208153,23.41,94.02,2025-08-18 10:37:07+00:00,33.999152,-80.99893,129.7,6.08,-0.1,190.63,12.0,3D,2025-08-18 06:37:07-04:00,POINT (-80.99893 33.999152)
2025-08-17 23:08:39 UTC,sensor01,218208153,23.44,94.39,2025-08-18 10:37:12+00:00,33.998932,-80.998947,130.0,5.41,0.2,190.23,12.0,3D,2025-08-18 06:37:12-04:00,POINT (-80.998947 33.998932)
2025-08-17 23:08:44 UTC,sensor01,218208153,23.38,94.32,2025-08-18 10:37:17+00:00,33.998683,-80.998948,131.1,5.62,0.3,184.47,12.0,3D,2025-08-18 06:37:17-04:00,POINT (-80.998948 33.998683)
2025-08-17 23:08:49 UTC,sensor01,218208153,23.37,94.48,2025-08-18 10:37:22+00:00,33.998468,-80.998958,131.8,4.85,0.2,194.57,12.0,3D,2025-08-18 06:37:22-04:00,POINT (-80.998958 33.998468)
2025-08-17 23:08:54 UTC,sensor01,218208153,23.38,94.68,2025-08-18 10:37:27+00:00,33.998335,-80.998977,132.7,3.74,0.1,185.5,12.0,3D,2025-08-18 06:37:27-04:00,POINT (-80.998977 33.998335)
2025-08-17 23:08:59 UTC,sensor01,218208153,23.43,94.59,2025-08-18 10:37:32+00:00,33.998122,-80.999017,133.4,3.38,0.2,198.19,12.0,3D,2025-08-18 06:37:32-04:00,POINT (-80.999017 33.998122)
2025-08-17 23:09:04 UTC,sensor01,218208153,23.46,94.5,2025-08-18 10:37:37+00:00,33.997975,-80.999007,133.3,2.85,0.1,201.23,12.0,3D,2025-08-18 06:37:37-04:00,POINT (-80.999007 33.997975)
2025-08-17 23:09:34 UTC,sensor01,218208153,23.73,93.25,2025-08-18 10:38:07+00:00,33.997842,-80.999157,140.4,2.36,0.0,180.91,12.0,3D,2025-08-18 06:38:07-04:00,POINT (-80.999157 33.997842)
2025-08-17 23:09:39 UTC,sensor01,218208153,23.68,93.06,2025-08-18 10:38:12+00:00,33.997773,-80.999305,141.0,2.41,0.1,232.46,12.0,3D,2025-08-18 06:38:12-04:00,POINT (-80.999305 33.997773)
2025-08-17 23:09:45 UTC,sensor01,218208153,23.68,93.17,2025-08-18 10:38:18+00:00,33.997853,-80.9995,141.9,3.01,0.0,0.0,12.0,3D,2025-08-18 06:38:18-04:00,POINT (-80.9995 33.997853)
2025-08-17 23:09:50 UTC,sensor01,218208153,23.61,93.23,2025-08-18 10:38:23+00:00,33.997908,-80.999682,142.6,4.04,0.1,0.0,12.0,3D,2025-08-18 06:38:23-04:00,POINT (-80.999682 33.997908)
2025-08-17 23:10:00 UTC,sensor01,218208153,23.73,93.15,2025-08-18 10:38:33+00:00,33.997985,-81.001548,139.4,13.61,-0.2,0.0,12.0,3D,2025-08-18 06:38:33-04:00,POINT (-81.001548 33.997985)
2025-08-17 23:10:05 UTC,sensor01,218208153,23.73,92.92,2025-08-18 10:38:38+00:00,33.998023,-81.00226,139.2,10.92,0.0,276.15,12.0,3D,2025-08-18 06:38:38-04:00,POINT (-81.00226 33.998023)
2025-08-17 23:10:10 UTC,sensor01,218208153,23.81,92.62,2025-08-18 10:38:43+00:00,33.998052,-81.002808,139.6,8.53,0.0,273.51,12.0,3D,2025-08-18 06:38:43-04:00,POINT (-81.002808 33.998052)
2025-08-17 23:10:15 UTC,sensor01,218208153,23.88,92.33,2025-08-18 10:38:48+00:00,33.997993,-81.003147,140.5,5.74,0.2,263.77,12.0,3D,2025-08-18 06:38:48-04:00,POINT (-81.003147 33.997993)
2025-08-17 23:10:20 UTC,sensor01,218208153,24.0,92.09,2025-08-18 10:38:53+00:00,33.99805,-81.003715,141.2,6.76,0.0,271.04,12.0,3D,2025-08-18 06:38:53-04:00,POINT (-81.003715 33.99805)
2025-08-17 23:10:25 UTC,sensor01,218208153,23.98,91.76,2025-08-18 10:38:58+00:00,33.998202,-81.0044,141.3,7.12,0.1,268.7,12.0,3D,2025-08-18 06:38:58-04:00,POINT (-81.0044 33.998202)
2025-08-17 23:10:30 UTC,sensor01,218208153,24.01,91.84,2025-08-18 10:39:03+00:00,33.998262,-81.004873,141.9,5.1,0.2,270.88,12.0,3D,2025-08-18 06:39:03-04:00,POINT (-81.004873 33.998262)
2025-08-17 23:10:35 UTC,sensor01,218208153,24.06,91.7,2025-08-18 10:39:08+00:00,33.998247,-81.005118,142.7,3.86,0.2,271.2,12.0,3D,2025-08-18 06:39:08-04:00,POINT (-81.005118 33.998247)
2025-08-17 23:10:50 UTC,sensor01,218208153,24.11,91.25,2025-08-18 10:39:23+00:00,33.998272,-81.005413,141.8,4.26,-0.3,283.67,13.0,3D,2025-08-18 06:39:23-04:00,POINT (-81.005413 33.998272)
2025-08-17 23:10:55 UTC,sensor01,218208153,23.99,91.35,2025-08-18 10:39:28+00:00,33.998258,-81.005833,139.0,8.81,-0.7,271.24,13.0,3D,2025-08-18 06:39:28-04:00,POINT (-81.005833 33.998258)
2025-08-17 23:11:00 UTC,sensor01,218208153,23.8,91.96,2025-08-18 10:39:33+00:00,33.998273,-81.006462,136.7,11.36,-0.5,273.46,13.0,3D,2025-08-18 06:39:33-04:00,POINT (-81.006462 33.998273)
2025-08-17 23:11:05 UTC,sensor01,218208153,23.83,92.43,2025-08-18 10:39:38+00:00,33.998203,-81.007123,134.8,11.83,-0.3,265.61,12.0,3D,2025-08-18 06:39:38-04:00,POINT (-81.007123 33.998203)
2025-08-17 23:11:10 UTC,sensor01,218208153,23.79,92.28,2025-08-18 10:39:43+00:00,33.998127,-81.007812,133.4,12.2,-0.4,268.86,12.0,3D,2025-08-18 06:39:43-04:00,POINT (-81.007812 33.998127)
2025-08-17 23:11:15 UTC,sensor01,218208153,23.7,92.47,2025-08-18 10:39:48+00:00,33.998293,-81.008468,131.3,12.19,-0.5,273.61,12.0,3D,2025-08-18 06:39:48-04:00,POINT (-81.008468 33.998293)
2025-08-17 23:11:20 UTC,sensor01,218208153,23.75,92.81,2025-08-18 10:39:53+00:00,33.998398,-81.00915,129.4,12.43,-0.4,275.98,12.0,3D,2025-08-18 06:39:53-04:00,POINT (-81.00915 33.998398)
2025-08-17 23:11:25 UTC,sensor01,218208153,23.75,92.81,2025-08-18 10:39:58+00:00,33.998507,-81.009887,127.7,13.02,-0.3,274.59,13.0,3D,2025-08-18 06:39:58-04:00,POINT (-81.009887 33.998507)
2025-08-17 23:11:30 UTC,sensor01,218208153,23.85,92.49,2025-08-18 10:40:03+00:00,33.99852,-81.01052,126.0,11.26,-0.4,272.3,12.0,3D,2025-08-18 06:40:03-04:00,POINT (-81.01052 33.99852)
2025-08-17 23:11:35 UTC,sensor01,218208153,23.95,92.3,2025-08-18 10:40:08+00:00,33.998545,-81.011173,124.6,10.39,-0.2,266.37,12.0,3D,2025-08-18 06:40:08-04:00,POINT (-81.011173 33.998545)
2025-08-17 23:11:40 UTC,sensor01,218208153,23.96,92.2,2025-08-18 10:40:13+00:00,33.99863,-81.011853,122.8,11.34,-0.3,272.32,12.0,3D,2025-08-18 06:40:13-04:00,POINT (-81.011853 33.99863)
2025-08-17 23:11:45 UTC,sensor01,218208153,23.97,91.97,2025-08-18 10:40:18+00:00,33.998673,-81.012305,120.8,5.7,-0.3,268.03,12.0,3D,2025-08-18 06:40:18-04:00,POINT (-81.012305 33.998673)
2025-08-17 23:11:50 UTC,sensor01,218208153,23.97,92.15,2025-08-18 10:40:23+00:00,33.998703,-81.012407,118.3,2.38,-0.5,281.73,12.0,3D,2025-08-18 06:40:23-04:00,POINT (-81.012407 33.998703)
2025-08-17 23:11:55 UTC,sensor01,218208153,23.87,92.16,2025-08-18 10:40:28+00:00,33.999072,-81.012322,116.4,6.4,-0.4,5.51,13.0,3D,2025-08-18 06:40:28-04:00,POINT (-81.012322 33.999072)
2025-08-17 23:12:00 UTC,sensor01,218208153,23.76,92.58,2025-08-18 10:40:33+00:00,33.999338,-81.012278,114.8,4.9,-0.4,3.39,13.0,3D,2025-08-18 06:40:33-04:00,POINT (-81.012278 33.999338)
2025-08-17 23:12:05 UTC,sensor01,218208153,23.71,93.0,2025-08-18 10:40:38+00:00,33.999658,-81.012253,112.7,6.52,-0.4,358.08,13.0,3D,2025-08-18 06:40:38-04:00,POINT (-81.012253 33.999658)
2025-08-17 23:12:21 UTC,sensor01,218208153,23.63,93.47,2025-08-18 10:40:54+00:00,33.999973,-81.012647,105.0,5.85,-0.8,0.0,13.0,3D,2025-08-18 06:40:54-04:00,POINT (-81.012647 33.999973)
2025-08-17 23:12:26 UTC,sensor01,218208153,23.59,93.61,2025-08-18 10:40:59+00:00,34.000078,-81.012965,101.3,5.57,-0.7,0.0,12.0,3D,2025-08-18 06:40:59-04:00,POINT (-81.012965 34.000078)
2025-08-17 23:12:31 UTC,sensor01,218208153,23.57,93.84,2025-08-18 10:41:04+00:00,34.000023,-81.013317,97.7,8.01,-0.7,0.0,4.0,3D,2025-08-18 06:41:04-04:00,POINT (-81.013317 34.000023)
2025-08-17 23:12:36 UTC,sensor01,218208153,23.48,93.87,2025-08-18 10:41:09+00:00,33.999967,-81.01367,94.8,7.58,-0.6,0.0,4.0,3D,2025-08-18 06:41:09-04:00,POINT (-81.01367 33.999967)
2025-08-17 23:12:41 UTC,sensor01,218208153,23.5,94.15,2025-08-18 10:41:14+00:00,33.999982,-81.014203,92.1,12.52,-0.5,0.0,8.0,3D,2025-08-18 06:41:14-04:00,POINT (-81.014203 33.999982)
2025-08-17 23:12:46 UTC,sensor01,218208153,23.38,94.47,2025-08-18 10:41:19+00:00,34.00007,-81.01473,89.4,7.28,-0.5,0.0,12.0,3D,2025-08-18 06:41:19-04:00,POINT (-81.01473 34.00007)
2025-08-17 23:12:51 UTC,sensor01,218208153,23.31,94.81,2025-08-18 10:41:24+00:00,34.000197,-81.015033,86.3,6.99,-0.7,0.0,12.0,3D,2025-08-18 06:41:24-04:00,POINT (-81.015033 34.000197)
2025-08-17 23:12:56 UTC,sensor01,218208153,23.22,95.21,2025-08-18 10:41:29+00:00,34.000365,-81.015268,83.1,4.07,-0.6,300.77,12.0,3D,2025-08-18 06:41:29-04:00,POINT (-81.015268 34.000365)
2025-08-17 23:13:01 UTC,sensor01,218208153,23.21,95.66,2025-08-18 10:41:34+00:00,34.00052,-81.01532,79.7,3.19,-0.7,349.73,13.0,3D,2025-08-18 06:41:34-04:00,POINT (-81.01532 34.00052)
2025-08-17 23:13:06 UTC,sensor01,218208153,23.14,95.87,2025-08-18 10:41:39+00:00,34.000813,-81.015218,76.1,5.15,-0.7,0.0,13.0,3D,2025-08-18 06:41:39-04:00,POINT (-81.015218 34.000813)
2025-08-17 23:13:11 UTC,sensor01,218208153,23.06,96.1,2025-08-18 10:41:44+00:00,34.001047,-81.015072,72.3,6.08,-0.8,33.25,13.0,3D,2025-08-18 06:41:44-04:00,POINT (-81.015072 34.001047)
2025-08-17 23:13:16 UTC,sensor01,218208153,22.98,96.38,2025-08-18 10:41:49+00:00,34.001333,-81.014878,69.0,6.39,-0.7,30.63,13.0,3D,2025-08-18 06:41:49-04:00,POINT (-81.014878 34.001333)
2025-08-17 23:13:21 UTC,sensor01,218208153,22.93,96.78,2025-08-18 10:41:54+00:00,34.001647,-81.0147,64.5,6.54,-0.9,28.51,12.0,3D,2025-08-18 06:41:54-04:00,POINT (-81.0147 34.001647)
2025-08-17 23:13:26 UTC,sensor01,218208153,22.89,97.05,2025-08-18 10:41:59+00:00,34.001918,-81.014488,59.7,6.24,-1.0,28.79,13.0,3D,2025-08-18 06:41:59-04:00,POINT (-81.014488 34.001918)
2025-08-17 23:13:31 UTC,sensor01,218208153,22.85,97.16,2025-08-18 10:42:04+00:00,34.002132,-81.014247,55.4,6.2,-0.9,43.43,13.0,3D,2025-08-18 06:42:04-04:00,POINT (-81.014247 34.002132)
2025-08-17 23:13:36 UTC,sensor01,218208153,22.89,97.02,2025-08-18 10:42:09+00:00,34.002317,-81.01405,50.8,5.79,-0.9,35.7,13.0,3D,2025-08-18 06:42:09-04:00,POINT (-81.01405 34.002317)
2025-08-17 23:13:41 UTC,sensor01,218208153,23.0,96.84,2025-08-18 10:42:14+00:00,34.002525,-81.013832,46.5,5.91,-0.9,42.29,13.0,3D,2025-08-18 06:42:14-04:00,POINT (-81.013832 34.002525)
2025-08-17 23:13:46 UTC,sensor01,218208153,23.01,96.8,2025-08-18 10:42:19+00:00,34.00269,-81.013603,42.0,4.99,-1.0,45.32,13.0,3D,2025-08-18 06:42:19-04:00,POINT (-81.013603 34.00269)
2025-08-17 23:13:51 UTC,sensor01,218208153,22.96,96.81,2025-08-18 10:42:24+00:00,34.002798,-81.013445,37.3,3.21,-1.0,51.76,13.0,3D,2025-08-18 06:42:24-04:00,POINT (-81.013445 34.002798)
2025-08-17 22:50:53 UTC,sensor03,218191466,25.25,82.8,2025-08-18 09:59:23+00:00,34.001663,-81.03181,80.3,3.78,0.2,0.0,8.0,3D,2025-08-18 05:59:23-04:00,POINT (-81.03181 34.001663)
2025-08-17 22:50:58 UTC,sensor03,218191466,25.23,82.82,2025-08-18 09:59:28+00:00,34.001817,-81.031897,81.1,3.7,0.3,337.76,8.0,3D,2025-08-18 05:59:28-04:00,POINT (-81.031897 34.001817)
2025-08-17 22:51:03 UTC,sensor03,218191466,25.23,82.78,2025-08-18 09:59:33+00:00,34.002008,-81.031962,80.7,4.32,0.0,340.72,8.0,3D,2025-08-18 05:59:33-04:00,POINT (-81.031962 34.002008)
2025-08-17 22:51:08 UTC,sensor03,218191466,25.27,82.68,2025-08-18 09:59:38+00:00,34.00221,-81.032037,81.9,4.43,-0.3,333.19,8.0,3D,2025-08-18 05:59:38-04:00,POINT (-81.032037 34.00221)
2025-08-17 22:51:13 UTC,sensor03,218191466,25.23,82.82,2025-08-18 09:59:43+00:00,34.002415,-81.032117,81.9,4.36,0.2,339.03,8.0,3D,2025-08-18 05:59:43-04:00,POINT (-81.032117 34.002415)
2025-08-17 22:51:18 UTC,sensor03,218191466,25.24,82.98,2025-08-18 09:59:48+00:00,34.002637,-81.032213,82.6,4.84,0.4,337.91,8.0,3D,2025-08-18 05:59:48-04:00,POINT (-81.032213 34.002637)
2025-08-17 22:51:57 UTC,sensor03,218191466,25.14,83.75,2025-08-18 10:00:27+00:00,34.004252,-81.033017,86.4,5.75,0.1,339.77,8.0,3D,2025-08-18 06:00:27-04:00,POINT (-81.033017 34.004252)
2025-08-17 22:52:02 UTC,sensor03,218191466,25.14,83.64,2025-08-18 10:00:32+00:00,34.004512,-81.033105,86.8,5.33,0.3,343.53,8.0,3D,2025-08-18 06:00:32-04:00,POINT (-81.033105 34.004512)
2025-08-17 22:52:07 UTC,sensor03,218191466,25.16,83.54,2025-08-18 10:00:37+00:00,34.004753,-81.033192,86.7,5.13,0.0,338.61,8.0,3D,2025-08-18 06:00:37-04:00,POINT (-81.033192 34.004753)
2025-08-17 22:52:13 UTC,sensor03,218191466,25.18,83.52,2025-08-18 10:00:42+00:00,34.004977,-81.033282,87.2,5.37,0.4,341.13,8.0,3D,2025-08-18 06:00:42-04:00,POINT (-81.033282 34.004977)
2025-08-17 22:52:18 UTC,sensor03,218191466,25.21,83.41,2025-08-18 10:00:47+00:00,34.005187,-81.03338,87.6,5.1,0.1,337.37,8.0,3D,2025-08-18 06:00:47-04:00,POINT (-81.03338 34.005187)
2025-08-17 22:52:23 UTC,sensor03,218191466,25.21,83.28,2025-08-18 10:00:52+00:00,34.00541,-81.033457,87.2,5.08,-0.1,339.85,8.0,3D,2025-08-18 06:00:52-04:00,POINT (-81.033457 34.00541)
2025-08-17 22:52:28 UTC,sensor03,218191466,25.21,83.06,2025-08-18 10:00:57+00:00,34.005637,-81.033562,87.6,5.53,0.0,339.84,8.0,3D,2025-08-18 06:00:57-04:00,POINT (-81.033562 34.005637)
2025-08-17 22:52:33 UTC,sensor03,218191466,25.25,82.62,2025-08-18 10:01:03+00:00,34.005905,-81.033685,87.4,5.67,0.0,0.0,8.0,3D,2025-08-18 06:01:03-04:00,POINT (-81.033685 34.005905)
2025-08-17 22:52:38 UTC,sensor03,218191466,25.27,82.95,2025-08-18 10:01:08+00:00,34.006148,-81.033787,87.5,5.72,0.2,0.0,8.0,3D,2025-08-18 06:01:08-04:00,POINT (-81.033787 34.006148)
2025-08-17 22:52:43 UTC,sensor03,218191466,25.29,83.01,2025-08-18 10:01:13+00:00,34.0064,-81.033925,88.3,6.18,0.2,0.0,4.0,3D,2025-08-18 06:01:13-04:00,POINT (-81.033925 34.0064)
2025-08-17 22:52:48 UTC,sensor03,218191466,25.34,83.06,2025-08-18 10:01:18+00:00,34.006662,-81.034028,89.2,6.37,0.2,0.0,8.0,3D,2025-08-18 06:01:18-04:00,POINT (-81.034028 34.006662)
2025-08-17 22:52:53 UTC,sensor03,218191466,25.26,83.27,2025-08-18 10:01:23+00:00,34.006907,-81.034123,89.9,5.67,-0.1,0.0,9.0,3D,2025-08-18 06:01:23-04:00,POINT (-81.034123 34.006907)
2025-08-17 22:52:58 UTC,sensor03,218191466,25.2,83.6,2025-08-18 10:01:28+00:00,34.007085,-81.034207,90.4,4.2,0.1,347.87,10.0,3D,2025-08-18 06:01:28-04:00,POINT (-81.034207 34.007085)
2025-08-17 22:53:03 UTC,sensor03,218191466,25.12,83.88,2025-08-18 10:01:33+00:00,34.007262,-81.034288,90.3,4.77,0.2,336.54,10.0,3D,2025-08-18 06:01:33-04:00,POINT (-81.034288 34.007262)
2025-08-17 22:53:08 UTC,sensor03,218191466,25.04,84.16,2025-08-18 10:01:38+00:00,34.007463,-81.034392,91.4,4.89,0.4,341.24,9.0,3D,2025-08-18 06:01:38-04:00,POINT (-81.034392 34.007463)
2025-08-17 22:53:13 UTC,sensor03,218191466,24.95,84.52,2025-08-18 10:01:43+00:00,34.007682,-81.03449,92.7,5.33,0.3,336.45,9.0,3D,2025-08-18 06:01:43-04:00,POINT (-81.03449 34.007682)
2025-08-17 22:53:18 UTC,sensor03,218191466,24.89,84.77,2025-08-18 10:01:48+00:00,34.007883,-81.034595,93.7,5.11,0.1,337.94,9.0,3D,2025-08-18 06:01:48-04:00,POINT (-81.034595 34.007883)
2025-08-17 22:53:23 UTC,sensor03,218191466,24.89,85.02,2025-08-18 10:01:50+00:00,34.007963,-81.034637,94.1,5.13,0.2,333.48,9.0,3D,2025-08-18 06:01:50-04:00,POINT (-81.034637 34.007963)
2025-08-17 22:53:28 UTC,sensor03,218191466,24.79,85.2,2025-08-18 10:01:58+00:00,34.008292,-81.034787,96.2,5.14,0.2,343.98,9.0,3D,2025-08-18 06:01:58-04:00,POINT (-81.034787 34.008292)
2025-08-17 22:53:33 UTC,sensor03,218191466,24.68,85.73,2025-08-18 10:02:03+00:00,34.008495,-81.034857,96.8,5.33,0.1,341.2,11.0,3D,2025-08-18 06:02:03-04:00,POINT (-81.034857 34.008495)
2025-08-17 22:53:39 UTC,sensor03,218191466,24.68,85.93,2025-08-18 10:02:08+00:00,34.008683,-81.034942,97.7,4.69,0.1,339.2,11.0,3D,2025-08-18 06:02:08-04:00,POINT (-81.034942 34.008683)
2025-08-17 22:53:44 UTC,sensor03,218191466,24.62,86.16,2025-08-18 10:02:13+00:00,34.008887,-81.035038,98.8,4.55,0.2,338.3,11.0,3D,2025-08-18 06:02:13-04:00,POINT (-81.035038 34.008887)
2025-08-17 22:53:49 UTC,sensor03,218191466,24.57,86.48,2025-08-18 10:02:18+00:00,34.009088,-81.035155,100.3,5.22,0.4,337.43,11.0,3D,2025-08-18 06:02:18-04:00,POINT (-81.035155 34.009088)
2025-08-17 22:53:54 UTC,sensor03,218191466,24.55,86.77,2025-08-18 10:02:23+00:00,34.009282,-81.035273,102.0,5.08,0.1,339.72,11.0,3D,2025-08-18 06:02:23-04:00,POINT (-81.035273 34.009282)
2025-08-17 22:53:59 UTC,sensor03,218191466,24.45,87.22,2025-08-18 10:02:29+00:00,34.009525,-81.035383,103.2,5.27,0.2,0.0,11.0,3D,2025-08-18 06:02:29-04:00,POINT (-81.035383 34.009525)
2025-08-17 22:54:04 UTC,sensor03,218191466,24.42,87.39,2025-08-18 10:02:34+00:00,34.009752,-81.035493,104.4,5.21,0.1,0.0,11.0,3D,2025-08-18 06:02:34-04:00,POINT (-81.035493 34.009752)
2025-08-17 22:54:09 UTC,sensor03,218191466,24.42,87.52,2025-08-18 10:02:39+00:00,34.010002,-81.0356,104.6,6.3,0.1,0.0,11.0,3D,2025-08-18 06:02:39-04:00,POINT (-81.0356 34.010002)
2025-08-17 22:54:26 UTC,sensor03,218191466,24.34,88.18,2025-08-18 10:02:56+00:00,34.01104,-81.036018,104.0,7.7,-0.1,342.47,11.0,3D,2025-08-18 06:02:56-04:00,POINT (-81.036018 34.01104)
2025-08-17 22:54:31 UTC,sensor03,218191466,24.32,88.2,2025-08-18 10:03:01+00:00,34.011375,-81.03615,103.7,7.81,0.2,340.52,10.0,3D,2025-08-18 06:03:01-04:00,POINT (-81.03615 34.011375)
2025-08-17 22:54:36 UTC,sensor03,218191466,24.34,88.15,2025-08-18 10:03:06+00:00,34.011693,-81.036283,104.6,7.68,0.2,341.17,11.0,3D,2025-08-18 06:03:06-04:00,POINT (-81.036283 34.011693)
2025-08-17 22:54:41 UTC,sensor03,218191466,24.39,88.11,2025-08-18 10:03:11+00:00,34.01197,-81.03644,105.7,6.89,0.3,337.2,11.0,3D,2025-08-18 06:03:11-04:00,POINT (-81.03644 34.01197)
2025-08-17 22:54:46 UTC,sensor03,218191466,24.4,88.0,2025-08-18 10:03:16+00:00,34.012233,-81.036573,106.4,6.76,0.1,344.52,11.0,3D,2025-08-18 06:03:16-04:00,POINT (-81.036573 34.012233)
2025-08-17 22:54:51 UTC,sensor03,218191466,24.38,88.0,2025-08-18 10:03:21+00:00,34.012457,-81.036697,107.0,5.1,0.2,319.31,11.0,3D,2025-08-18 06:03:21-04:00,POINT (-81.036697 34.012457)
2025-08-17 22:54:56 UTC,sensor03,218191466,24.33,88.16,2025-08-18 10:03:26+00:00,34.012528,-81.036952,108.0,5.19,0.2,273.55,11.0,3D,2025-08-18 06:03:26-04:00,POINT (-81.036952 34.012528)
2025-08-17 22:55:01 UTC,sensor03,218191466,24.27,88.38,2025-08-18 10:03:31+00:00,34.012457,-81.03723,108.9,5.7,0.1,252.46,12.0,3D,2025-08-18 06:03:31-04:00,POINT (-81.03723 34.012457)
2025-08-17 22:55:06 UTC,sensor03,218191466,24.19,88.61,2025-08-18 10:03:36+00:00,34.012343,-81.037472,110.0,5.33,0.2,239.77,12.0,3D,2025-08-18 06:03:36-04:00,POINT (-81.037472 34.012343)
2025-08-17 22:55:11 UTC,sensor03,218191466,24.19,88.85,2025-08-18 10:03:41+00:00,34.012263,-81.037723,111.8,4.17,0.5,256.42,12.0,3D,2025-08-18 06:03:41-04:00,POINT (-81.037723 34.012263)
2025-08-17 22:55:16 UTC,sensor03,218191466,24.18,89.04,2025-08-18 10:03:46+00:00,34.012197,-81.038007,113.6,4.74,0.3,257.98,12.0,3D,2025-08-18 06:03:46-04:00,POINT (-81.038007 34.012197)
2025-08-17 22:55:21 UTC,sensor03,218191466,24.21,89.0,2025-08-18 10:03:51+00:00,34.012127,-81.038283,115.7,4.94,0.4,253.82,12.0,3D,2025-08-18 06:03:51-04:00,POINT (-81.038283 34.012127)
2025-08-17 22:55:26 UTC,sensor03,218191466,24.25,88.92,2025-08-18 10:03:51+00:00,34.012127,-81.038283,115.7,4.94,0.4,253.82,12.0,3D,2025-08-18 06:03:51-04:00,POINT (-81.038283 34.012127)
2025-08-17 22:55:31 UTC,sensor03,218191466,24.24,88.99,2025-08-18 10:04:01+00:00,34.01199,-81.038835,120.2,5.22,0.4,252.37,12.0,3D,2025-08-18 06:04:01-04:00,POINT (-81.038835 34.01199)
2025-08-17 22:55:36 UTC,sensor03,218191466,24.27,89.05,2025-08-18 10:04:06+00:00,34.011905,-81.039107,121.9,4.8,0.3,248.92,11.0,3D,2025-08-18 06:04:06-04:00,POINT (-81.039107 34.011905)
2025-08-17 22:58:42 UTC,sensor03,218191466,23.62,93.07,2025-08-18 10:07:12+00:00,34.011457,-81.046652,166.5,3.47,0.2,345.78,12.0,3D,2025-08-18 06:07:12-04:00,POINT (-81.046652 34.011457)
2025-08-17 23:14:07 UTC,sensor03,218191466,22.99,96.82,2025-08-18 10:22:37+00:00,34.022952,-81.049322,125.6,3.86,0.2,0.0,13.0,3D,2025-08-18 06:22:37-04:00,POINT (-81.049322 34.022952)
2025-08-17 23:14:12 UTC,sensor03,218191466,22.98,96.84,2025-08-18 10:22:42+00:00,34.022892,-81.049108,125.7,4.58,0.0,0.0,13.0,3D,2025-08-18 06:22:42-04:00,POINT (-81.049108 34.022892)
2025-08-17 23:14:17 UTC,sensor03,218191466,22.94,96.7,2025-08-18 10:22:47+00:00,34.022792,-81.048927,125.9,3.67,0.1,0.0,13.0,3D,2025-08-18 06:22:47-04:00,POINT (-81.048927 34.022792)
2025-08-17 23:14:22 UTC,sensor03,218191466,22.89,96.74,2025-08-18 10:22:52+00:00,34.02269,-81.048775,126.3,3.82,0.1,134.63,13.0,3D,2025-08-18 06:22:52-04:00,POINT (-81.048775 34.02269)
2025-08-17 23:14:27 UTC,sensor03,218191466,22.9,96.86,2025-08-18 10:22:57+00:00,34.022582,-81.048575,126.4,4.23,-0.2,124.72,13.0,3D,2025-08-18 06:22:57-04:00,POINT (-81.048575 34.022582)
2025-08-17 23:14:32 UTC,sensor03,218191466,22.88,96.61,2025-08-18 10:23:02+00:00,34.022473,-81.048373,127.0,3.53,0.3,120.34,13.0,3D,2025-08-18 06:23:02-04:00,POINT (-81.048373 34.022473)
2025-08-17 23:14:37 UTC,sensor03,218191466,22.91,96.75,2025-08-18 10:23:07+00:00,34.02233,-81.048183,126.7,4.43,0.3,128.78,13.0,3D,2025-08-18 06:23:07-04:00,POINT (-81.048183 34.02233)
2025-08-17 23:14:42 UTC,sensor03,218191466,22.9,96.81,2025-08-18 10:23:12+00:00,34.022215,-81.048023,128.9,4.06,0.5,130.77,13.0,3D,2025-08-18 06:23:12-04:00,POINT (-81.048023 34.022215)
2025-08-17 23:14:47 UTC,sensor03,218191466,22.94,96.92,2025-08-18 10:23:17+00:00,34.0221,-81.047835,130.1,3.9,0.3,127.47,13.0,3D,2025-08-18 06:23:17-04:00,POINT (-81.047835 34.0221)
2025-08-17 23:14:52 UTC,sensor03,218191466,22.99,96.9,2025-08-18 10:23:22+00:00,34.021978,-81.047645,131.8,4.21,0.4,125.89,13.0,3D,2025-08-18 06:23:22-04:00,POINT (-81.047645 34.021978)
2025-08-17 23:14:57 UTC,sensor03,218191466,23.07,96.78,2025-08-18 10:23:27+00:00,34.021862,-81.047453,133.3,3.86,0.2,127.6,13.0,3D,2025-08-18 06:23:27-04:00,POINT (-81.047453 34.021862)
2025-08-17 23:15:02 UTC,sensor03,218191466,23.13,96.59,2025-08-18 10:23:32+00:00,34.02176,-81.047285,133.6,3.83,-0.1,125.89,13.0,3D,2025-08-18 06:23:32-04:00,POINT (-81.047285 34.02176)
2025-08-17 23:15:07 UTC,sensor03,218191466,23.15,96.34,2025-08-18 10:23:37+00:00,34.021658,-81.047102,134.1,3.87,0.2,125.99,13.0,3D,2025-08-18 06:23:37-04:00,POINT (-81.047102 34.021658)
2025-08-17 23:15:12 UTC,sensor03,218191466,23.11,96.02,2025-08-18 10:23:42+00:00,34.021562,-81.04692,133.7,3.76,0.0,128.24,13.0,3D,2025-08-18 06:23:42-04:00,POINT (-81.04692 34.021562)
2025-08-17 23:15:17 UTC,sensor03,218191466,23.07,95.96,2025-08-18 10:23:47+00:00,34.021458,-81.046767,134.1,3.08,0.2,135.18,13.0,3D,2025-08-18 06:23:47-04:00,POINT (-81.046767 34.021458)
2025-08-17 23:15:22 UTC,sensor03,218191466,23.07,96.08,2025-08-18 10:23:52+00:00,34.021377,-81.046602,134.0,3.27,0.1,92.14,13.0,3D,2025-08-18 06:23:52-04:00,POINT (-81.046602 34.021377)
2025-08-17 23:15:28 UTC,sensor03,218191466,23.02,95.79,2025-08-18 10:23:57+00:00,34.021495,-81.04645,133.4,4.17,-0.1,26.64,13.0,3D,2025-08-18 06:23:57-04:00,POINT (-81.04645 34.021495)
2025-08-17 23:15:33 UTC,sensor03,218191466,23.05,95.99,2025-08-18 10:23:59+00:00,34.021563,-81.046408,133.6,4.02,0.1,27.98,13.0,3D,2025-08-18 06:23:59-04:00,POINT (-81.046408 34.021563)
2025-08-17 23:15:38 UTC,sensor03,218191466,23.07,96.05,2025-08-18 10:24:07+00:00,34.021832,-81.046215,134.9,4.19,0.1,26.21,13.0,3D,2025-08-18 06:24:07-04:00,POINT (-81.046215 34.021832)
2025-08-17 23:15:43 UTC,sensor03,218191466,23.06,96.09,2025-08-18 10:24:12+00:00,34.022007,-81.046103,135.7,4.39,0.2,26.03,13.0,3D,2025-08-18 06:24:12-04:00,POINT (-81.046103 34.022007)
2025-08-17 23:15:48 UTC,sensor03,218191466,23.15,96.19,2025-08-18 10:24:17+00:00,34.022202,-81.04598,135.6,4.17,-0.3,23.59,13.0,3D,2025-08-18 06:24:17-04:00,POINT (-81.04598 34.022202)
2025-08-17 23:15:53 UTC,sensor03,218191466,23.19,96.04,2025-08-18 10:24:22+00:00,34.022355,-81.045905,136.1,3.44,0.2,358.1,13.0,3D,2025-08-18 06:24:22-04:00,POINT (-81.045905 34.022355)
2025-08-17 23:15:58 UTC,sensor03,218191466,23.18,95.99,2025-08-18 10:24:27+00:00,34.022503,-81.046028,136.3,4.28,0.1,308.18,13.0,3D,2025-08-18 06:24:27-04:00,POINT (-81.046028 34.022503)
2025-08-17 23:16:03 UTC,sensor03,218191466,23.1,95.9,2025-08-18 10:24:33+00:00,34.022682,-81.046243,133.6,4.5,0.0,0.0,13.0,3D,2025-08-18 06:24:33-04:00,POINT (-81.046243 34.022682)
2025-08-17 23:16:08 UTC,sensor03,218191466,23.04,95.95,2025-08-18 10:24:38+00:00,34.022795,-81.046437,131.7,4.62,-0.3,0.0,13.0,3D,2025-08-18 06:24:38-04:00,POINT (-81.046437 34.022795)
2025-08-17 23:16:13 UTC,sensor03,218191466,23.04,96.28,2025-08-18 10:24:43+00:00,34.022923,-81.046622,130.8,4.4,-0.4,0.0,13.0,3D,2025-08-18 06:24:43-04:00,POINT (-81.046622 34.022923)
2025-08-17 23:16:18 UTC,sensor03,218191466,23.03,96.45,2025-08-18 10:24:48+00:00,34.023058,-81.04678,128.4,4.51,0.1,0.0,4.0,3D,2025-08-18 06:24:48-04:00,POINT (-81.04678 34.023058)
2025-08-17 23:16:23 UTC,sensor03,218191466,23.05,96.57,2025-08-18 10:24:53+00:00,34.023175,-81.046987,128.2,4.74,-0.1,0.0,4.0,3D,2025-08-18 06:24:53-04:00,POINT (-81.046987 34.023175)
2025-08-17 23:16:28 UTC,sensor03,218191466,23.13,96.54,2025-08-18 10:24:58+00:00,34.0233,-81.047203,127.8,4.62,-0.1,0.0,8.0,3D,2025-08-18 06:24:58-04:00,POINT (-81.047203 34.0233)
2025-08-17 23:16:33 UTC,sensor03,218191466,23.14,96.34,2025-08-18 10:25:03+00:00,34.02343,-81.047397,128.2,4.51,0.2,0.0,8.0,3D,2025-08-18 06:25:03-04:00,POINT (-81.047397 34.02343)
2025-08-17 23:16:38 UTC,sensor03,218191466,23.19,96.19,2025-08-18 10:25:08+00:00,34.023557,-81.047612,128.5,4.64,0.1,0.0,13.0,3D,2025-08-18 06:25:08-04:00,POINT (-81.047612 34.023557)
2025-08-17 23:16:43 UTC,sensor03,218191466,23.21,95.9,2025-08-18 10:25:13+00:00,34.023687,-81.04781,128.6,4.85,0.0,0.0,13.0,3D,2025-08-18 06:25:13-04:00,POINT (-81.04781 34.023687)
2025-08-17 23:16:48 UTC,sensor03,218191466,23.26,95.71,2025-08-18 10:25:18+00:00,34.023802,-81.048037,127.5,4.51,-0.2,307.15,13.0,3D,2025-08-18 06:25:18-04:00,POINT (-81.048037 34.023802)
2025-08-17 23:16:53 UTC,sensor03,218191466,23.23,95.6,2025-08-18 10:25:23+00:00,34.023928,-81.048258,126.5,4.69,-0.1,302.39,13.0,3D,2025-08-18 06:25:23-04:00,POINT (-81.048258 34.023928)
2025-08-17 23:16:58 UTC,sensor03,218191466,23.22,95.63,2025-08-18 10:25:28+00:00,34.024067,-81.04848,126.1,4.93,-0.1,308.2,13.0,3D,2025-08-18 06:25:28-04:00,POINT (-81.04848 34.024067)
2025-08-17 23:17:03 UTC,sensor03,218191466,23.2,95.53,2025-08-18 10:25:33+00:00,34.02421,-81.048693,126.6,5.11,0.2,309.01,13.0,3D,2025-08-18 06:25:33-04:00,POINT (-81.048693 34.02421)
2025-08-17 23:17:08 UTC,sensor03,218191466,23.2,95.45,2025-08-18 10:25:38+00:00,34.024347,-81.04891,126.1,4.67,-0.2,304.57,13.0,3D,2025-08-18 06:25:38-04:00,POINT (-81.04891 34.024347)
2025-08-17 23:17:13 UTC,sensor03,218191466,23.14,95.46,2025-08-18 10:25:43+00:00,34.02447,-81.049112,125.4,4.2,-0.1,305.04,13.0,3D,2025-08-18 06:25:43-04:00,POINT (-81.049112 34.02447)
2025-08-17 23:17:18 UTC,sensor03,218191466,23.17,95.71,2025-08-18 10:25:48+00:00,34.024613,-81.049307,122.3,4.64,-1.1,306.64,13.0,3D,2025-08-18 06:25:48-04:00,POINT (-81.049307 34.024613)
2025-08-17 23:17:24 UTC,sensor03,218191466,23.24,95.65,2025-08-18 10:25:53+00:00,34.024752,-81.049508,121.7,4.7,-0.3,312.52,13.0,3D,2025-08-18 06:25:53-04:00,POINT (-81.049508 34.024752)
2025-08-17 23:17:29 UTC,sensor03,218191466,23.27,95.5,2025-08-18 10:25:58+00:00,34.02488,-81.049742,118.0,5.2,-0.5,305.61,13.0,3D,2025-08-18 06:25:58-04:00,POINT (-81.049742 34.02488)
2025-08-17 23:17:34 UTC,sensor03,218191466,23.25,95.28,2025-08-18 10:25:59+00:00,34.024908,-81.049788,117.7,5.56,-0.3,306.49,13.0,3D,2025-08-18 06:25:59-04:00,POINT (-81.049788 34.024908)
2025-08-17 23:17:39 UTC,sensor03,218191466,23.29,95.08,2025-08-18 10:26:08+00:00,34.025178,-81.050218,117.2,5.49,0.1,307.85,13.0,3D,2025-08-18 06:26:08-04:00,POINT (-81.050218 34.025178)
2025-08-17 23:17:44 UTC,sensor03,218191466,23.32,95.04,2025-08-18 10:26:13+00:00,34.025322,-81.050448,116.2,4.91,-0.4,306.51,13.0,3D,2025-08-18 06:26:13-04:00,POINT (-81.050448 34.025322)
2025-08-17 23:17:49 UTC,sensor03,218191466,23.26,94.91,2025-08-18 10:26:18+00:00,34.025455,-81.050683,114.5,5.03,-0.4,305.19,13.0,3D,2025-08-18 06:26:18-04:00,POINT (-81.050683 34.025455)
2025-08-17 23:17:54 UTC,sensor03,218191466,23.14,95.03,2025-08-18 10:26:24+00:00,34.025618,-81.050978,112.0,5.82,-0.4,0.0,13.0,3D,2025-08-18 06:26:24-04:00,POINT (-81.050978 34.025618)
2025-08-17 23:17:59 UTC,sensor03,218191466,23.12,95.33,2025-08-18 10:26:29+00:00,34.025767,-81.051217,110.7,5.46,-0.1,0.0,13.0,3D,2025-08-18 06:26:29-04:00,POINT (-81.051217 34.025767)
2025-08-17 23:18:04 UTC,sensor03,218191466,23.08,95.56,2025-08-18 10:26:34+00:00,34.025903,-81.051422,109.6,4.77,-0.2,0.0,13.0,3D,2025-08-18 06:26:34-04:00,POINT (-81.051422 34.025903)
2025-08-17 23:18:09 UTC,sensor03,218191466,23.05,95.65,2025-08-18 10:26:39+00:00,34.026048,-81.051613,108.1,5.16,-0.4,306.61,13.0,3D,2025-08-18 06:26:39-04:00,POINT (-81.051613 34.026048)
2025-08-17 23:18:14 UTC,sensor03,218191466,22.99,95.94,2025-08-18 10:26:44+00:00,34.026187,-81.051833,106.7,4.88,-0.2,306.81,13.0,3D,2025-08-18 06:26:44-04:00,POINT (-81.051833 34.026187)
2025-08-17 23:18:19 UTC,sensor03,218191466,22.98,96.26,2025-08-18 10:26:49+00:00,34.026313,-81.05206,105.8,5.11,-0.3,302.53,13.0,3D,2025-08-18 06:26:49-04:00,POINT (-81.05206 34.026313)
2025-08-17 23:18:24 UTC,sensor03,218191466,23.05,96.52,2025-08-18 10:26:54+00:00,34.026448,-81.052297,104.7,5.09,-0.3,302.57,13.0,3D,2025-08-18 06:26:54-04:00,POINT (-81.052297 34.026448)
2025-08-17 23:18:29 UTC,sensor03,218191466,23.01,96.58,2025-08-18 10:26:59+00:00,34.026598,-81.052522,104.1,4.85,-0.1,308.75,13.0,3D,2025-08-18 06:26:59-04:00,POINT (-81.052522 34.026598)
2025-08-17 23:18:34 UTC,sensor03,218191466,23.03,96.65,2025-08-18 10:27:04+00:00,34.026757,-81.052743,103.6,5.21,-0.1,312.82,13.0,3D,2025-08-18 06:27:04-04:00,POINT (-81.052743 34.026757)
2025-08-17 23:18:39 UTC,sensor03,218191466,22.96,96.46,2025-08-18 10:27:09+00:00,34.026905,-81.052975,102.9,5.23,-0.2,307.33,13.0,3D,2025-08-18 06:27:09-04:00,POINT (-81.052975 34.026905)
2025-08-17 23:18:44 UTC,sensor03,218191466,22.9,96.47,2025-08-18 10:27:14+00:00,34.027067,-81.053178,101.6,4.79,-0.2,316.01,13.0,3D,2025-08-18 06:27:14-04:00,POINT (-81.053178 34.027067)
2025-08-17 23:18:49 UTC,sensor03,218191466,22.91,96.6,2025-08-18 10:27:19+00:00,34.027242,-81.053377,100.7,5.03,-0.3,315.64,13.0,3D,2025-08-18 06:27:19-04:00,POINT (-81.053377 34.027242)
2025-08-17 23:18:54 UTC,sensor03,218191466,22.87,96.52,2025-08-18 10:27:24+00:00,34.027413,-81.053572,100.0,5.43,-0.1,313.59,13.0,3D,2025-08-18 06:27:24-04:00,POINT (-81.053572 34.027413)
2025-08-17 23:18:59 UTC,sensor03,218191466,22.9,96.69,2025-08-18 10:27:29+00:00,34.027558,-81.05383,101.0,5.11,0.3,314.63,13.0,3D,2025-08-18 06:27:29-04:00,POINT (-81.05383 34.027558)
2025-08-17 23:19:04 UTC,sensor03,218191466,22.89,96.79,2025-08-18 10:27:34+00:00,34.027725,-81.054042,100.8,5.5,-0.1,316.03,13.0,3D,2025-08-18 06:27:34-04:00,POINT (-81.054042 34.027725)
2025-08-17 23:19:09 UTC,sensor03,218191466,22.91,96.88,2025-08-18 10:27:39+00:00,34.027887,-81.054208,100.4,3.7,0.0,321.47,13.0,3D,2025-08-18 06:27:39-04:00,POINT (-81.054208 34.027887)
2025-08-17 23:19:15 UTC,sensor03,218191466,22.98,96.97,2025-08-18 10:27:44+00:00,34.027975,-81.05436,100.0,2.32,-0.1,268.55,13.0,3D,2025-08-18 06:27:44-04:00,POINT (-81.05436 34.027975)
2025-08-17 23:19:20 UTC,sensor03,218191466,23.04,96.91,2025-08-18 10:27:49+00:00,34.02786,-81.054255,99.3,3.54,0.1,141.46,13.0,3D,2025-08-18 06:27:49-04:00,POINT (-81.054255 34.02786)
2025-08-17 23:19:25 UTC,sensor03,218191466,22.99,96.69,2025-08-18 10:27:54+00:00,34.027732,-81.054118,99.9,4.05,0.1,139.28,13.0,3D,2025-08-18 06:27:54-04:00,POINT (-81.054118 34.027732)
2025-08-17 23:19:30 UTC,sensor03,218191466,23.02,96.64,2025-08-18 10:27:59+00:00,34.027608,-81.053955,101.1,3.38,0.3,130.49,13.0,3D,2025-08-18 06:27:59-04:00,POINT (-81.053955 34.027608)
2025-08-17 23:19:35 UTC,sensor03,218191466,23.01,96.66,2025-08-18 10:28:00+00:00,34.027582,-81.053923,101.4,3.89,0.3,137.38,13.0,3D,2025-08-18 06:28:00-04:00,POINT (-81.053923 34.027582)
2025-08-17 23:19:40 UTC,sensor03,218191466,22.97,96.57,2025-08-18 10:28:09+00:00,34.027342,-81.05362,104.0,3.66,0.4,136.42,13.0,3D,2025-08-18 06:28:09-04:00,POINT (-81.05362 34.027342)
2025-08-17 23:19:45 UTC,sensor03,218191466,23.02,96.59,2025-08-18 10:28:15+00:00,34.02716,-81.053425,105.4,5.05,0.4,0.0,13.0,3D,2025-08-18 06:28:15-04:00,POINT (-81.053425 34.02716)
2025-08-17 23:19:50 UTC,sensor03,218191466,23.0,96.57,2025-08-18 10:28:20+00:00,34.027017,-81.053258,105.1,4.67,0.0,0.0,13.0,3D,2025-08-18 06:28:20-04:00,POINT (-81.053258 34.027017)
2025-08-17 23:19:55 UTC,sensor03,218191466,22.96,96.57,2025-08-18 10:28:25+00:00,34.02688,-81.05308,104.8,4.4,0.1,0.0,13.0,3D,2025-08-18 06:28:25-04:00,POINT (-81.05308 34.02688)
2025-08-17 23:20:00 UTC,sensor03,218191466,22.98,96.7,2025-08-18 10:28:30+00:00,34.026742,-81.052913,103.0,3.79,0.0,0.0,13.0,3D,2025-08-18 06:28:30-04:00,POINT (-81.052913 34.026742)
2025-08-17 23:20:05 UTC,sensor03,218191466,23.01,96.8,2025-08-18 10:28:35+00:00,34.026623,-81.052715,101.8,4.06,-0.6,124.63,13.0,3D,2025-08-18 06:28:35-04:00,POINT (-81.052715 34.026623)
2025-08-17 23:20:10 UTC,sensor03,218191466,23.07,96.79,2025-08-18 10:28:40+00:00,34.026507,-81.05252,101.0,4.07,-0.2,129.44,13.0,3D,2025-08-18 06:28:40-04:00,POINT (-81.05252 34.026507)
2025-08-17 23:20:15 UTC,sensor03,218191466,23.14,96.64,2025-08-18 10:28:45+00:00,34.026405,-81.05233,100.8,4.16,0.0,132.86,13.0,3D,2025-08-18 06:28:45-04:00,POINT (-81.05233 34.026405)
2025-08-17 23:20:20 UTC,sensor03,218191466,23.19,96.45,2025-08-18 10:28:50+00:00,34.026247,-81.052118,100.5,5.39,-0.4,129.19,13.0,3D,2025-08-18 06:28:50-04:00,POINT (-81.052118 34.026247)
2025-08-17 23:20:25 UTC,sensor03,218191466,23.17,96.07,2025-08-18 10:28:55+00:00,34.026122,-81.05186,101.2,4.85,0.3,125.17,13.0,3D,2025-08-18 06:28:55-04:00,POINT (-81.05186 34.026122)
2025-08-17 23:20:30 UTC,sensor03,218191466,23.11,95.96,2025-08-18 10:29:00+00:00,34.026023,-81.051638,102.3,4.63,0.2,123.4,13.0,3D,2025-08-18 06:29:00-04:00,POINT (-81.051638 34.026023)
2025-08-17 23:20:35 UTC,sensor03,218191466,23.13,95.91,2025-08-18 10:29:05+00:00,34.02587,-81.051405,101.9,5.09,0.0,124.74,13.0,3D,2025-08-18 06:29:05-04:00,POINT (-81.051405 34.02587)
2025-08-17 23:20:40 UTC,sensor03,218191466,23.13,95.88,2025-08-18 10:29:10+00:00,34.025727,-81.051193,102.1,4.91,0.0,131.74,13.0,3D,2025-08-18 06:29:10-04:00,POINT (-81.051193 34.025727)
2025-08-17 23:20:45 UTC,sensor03,218191466,23.11,95.84,2025-08-18 10:29:15+00:00,34.025583,-81.050962,102.2,5.14,0.1,123.71,13.0,3D,2025-08-18 06:29:15-04:00,POINT (-81.050962 34.025583)
2025-08-17 23:20:50 UTC,sensor03,218191466,23.09,95.94,2025-08-18 10:29:20+00:00,34.025435,-81.050745,102.2,4.7,0.0,129.73,13.0,3D,2025-08-18 06:29:20-04:00,POINT (-81.050745 34.025435)
2025-08-17 23:20:55 UTC,sensor03,218191466,23.03,95.9,2025-08-18 10:29:25+00:00,34.025287,-81.050528,102.3,5.2,0.1,130.18,13.0,3D,2025-08-18 06:29:25-04:00,POINT (-81.050528 34.025287)
2025-08-17 23:21:00 UTC,sensor03,218191466,23.11,96.0,2025-08-18 10:29:30+00:00,34.025135,-81.050288,103.5,5.09,0.3,126.34,13.0,3D,2025-08-18 06:29:30-04:00,POINT (-81.050288 34.025135)
2025-08-17 23:21:05 UTC,sensor03,218191466,23.15,95.91,2025-08-18 10:29:35+00:00,34.024985,-81.050063,104.1,5.09,0.2,128.83,13.0,3D,2025-08-18 06:29:35-04:00,POINT (-81.050063 34.024985)
2025-08-17 23:21:11 UTC,sensor03,218191466,23.21,95.86,2025-08-18 10:29:40+00:00,34.024857,-81.049852,104.7,4.56,0.2,127.48,13.0,3D,2025-08-18 06:29:40-04:00,POINT (-81.049852 34.024857)
2025-08-17 23:21:16 UTC,sensor03,218191466,23.27,95.71,2025-08-18 10:29:45+00:00,34.024722,-81.049643,104.0,4.53,-0.1,126.03,13.0,3D,2025-08-18 06:29:45-04:00,POINT (-81.049643 34.024722)
2025-08-17 23:21:21 UTC,sensor03,218191466,23.34,95.53,2025-08-18 10:29:50+00:00,34.024578,-81.04944,103.8,4.97,-0.1,126.35,13.0,3D,2025-08-18 06:29:50-04:00,POINT (-81.04944 34.024578)
2025-08-17 23:21:26 UTC,sensor03,218191466,23.31,95.2,2025-08-18 10:29:55+00:00,34.024433,-81.049228,103.7,5.03,0.0,137.03,13.0,3D,2025-08-18 06:29:55-04:00,POINT (-81.049228 34.024433)
2025-08-17 23:21:31 UTC,sensor03,218191466,23.34,95.29,2025-08-18 10:30:00+00:00,34.024307,-81.049005,104.2,5.23,0.1,126.9,13.0,3D,2025-08-18 06:30:00-04:00,POINT (-81.049005 34.024307)
2025-08-17 23:21:36 UTC,sensor03,218191466,23.38,95.16,2025-08-18 10:30:01+00:00,34.024278,-81.04896,104.1,5.38,-0.1,128.26,13.0,3D,2025-08-18 06:30:01-04:00,POINT (-81.04896 34.024278)
2025-08-17 23:21:41 UTC,sensor03,218191466,23.35,95.01,2025-08-18 10:30:10+00:00,34.02405,-81.048572,103.8,5.05,-0.1,127.94,13.0,3D,2025-08-18 06:30:10-04:00,POINT (-81.048572 34.02405)
2025-08-17 23:21:46 UTC,sensor03,218191466,23.33,95.11,2025-08-18 10:30:16+00:00,34.023895,-81.048315,104.4,5.23,0.2,0.0,13.0,3D,2025-08-18 06:30:16-04:00,POINT (-81.048315 34.023895)
2025-08-17 23:21:51 UTC,sensor03,218191466,23.31,95.21,2025-08-18 10:30:21+00:00,34.023743,-81.048097,105.9,5.44,0.4,0.0,13.0,3D,2025-08-18 06:30:21-04:00,POINT (-81.048097 34.023743)
2025-08-17 23:21:56 UTC,sensor03,218191466,23.29,95.37,2025-08-18 10:30:26+00:00,34.023608,-81.04788,105.7,4.87,0.0,0.0,13.0,3D,2025-08-18 06:30:26-04:00,POINT (-81.04788 34.023608)
2025-08-17 23:22:01 UTC,sensor03,218191466,23.33,95.34,2025-08-18 10:30:31+00:00,34.023485,-81.047658,105.9,5.17,0.0,125.68,13.0,3D,2025-08-18 06:30:31-04:00,POINT (-81.047658 34.023485)
2025-08-17 23:22:40 UTC,sensor03,218191466,23.2,95.93,2025-08-18 10:31:10+00:00,34.022447,-81.045912,105.9,4.81,0.1,124.23,13.0,3D,2025-08-18 06:31:10-04:00,POINT (-81.045912 34.022447)
2025-08-17 23:22:45 UTC,sensor03,218191466,23.26,95.8,2025-08-18 10:31:15+00:00,34.022308,-81.045688,105.2,4.84,0.0,122.65,13.0,3D,2025-08-18 06:31:15-04:00,POINT (-81.045688 34.022308)
2025-08-17 23:22:50 UTC,sensor03,218191466,23.3,95.54,2025-08-18 10:31:20+00:00,34.022185,-81.045468,105.1,4.66,0.0,125.54,13.0,3D,2025-08-18 06:31:20-04:00,POINT (-81.045468 34.022185)
2025-08-17 23:22:55 UTC,sensor03,218191466,23.24,95.32,2025-08-18 10:31:25+00:00,34.022068,-81.045267,104.1,4.96,-0.5,123.15,13.0,3D,2025-08-18 06:31:25-04:00,POINT (-81.045267 34.022068)
2025-08-17 23:23:00 UTC,sensor03,218191466,23.23,95.42,2025-08-18 10:31:30+00:00,34.021952,-81.045042,104.6,4.83,0.2,122.98,13.0,3D,2025-08-18 06:31:30-04:00,POINT (-81.045042 34.021952)
2025-08-17 23:23:05 UTC,sensor03,218191466,23.2,95.54,2025-08-18 10:31:35+00:00,34.021823,-81.044817,104.1,5.54,-0.1,126.88,13.0,3D,2025-08-18 06:31:35-04:00,POINT (-81.044817 34.021823)
2025-08-17 23:23:10 UTC,sensor03,218191466,23.16,95.75,2025-08-18 10:31:40+00:00,34.021665,-81.044567,103.8,5.73,0.1,123.38,13.0,3D,2025-08-18 06:31:40-04:00,POINT (-81.044567 34.021665)
2025-08-17 23:23:15 UTC,sensor03,218191466,23.2,95.88,2025-08-18 10:31:45+00:00,34.021525,-81.0443,102.8,5.47,-0.3,125.64,13.0,3D,2025-08-18 06:31:45-04:00,POINT (-81.0443 34.021525)
2025-08-17 23:23:20 UTC,sensor03,218191466,23.2,95.76,2025-08-18 10:31:50+00:00,34.021395,-81.044068,102.1,4.78,-0.2,122.92,13.0,3D,2025-08-18 06:31:50-04:00,POINT (-81.044068 34.021395)
2025-08-17 23:23:25 UTC,sensor03,218191466,23.14,95.6,2025-08-18 10:31:55+00:00,34.021248,-81.04384,101.4,5.9,0.0,128.29,13.0,3D,2025-08-18 06:31:55-04:00,POINT (-81.04384 34.021248)
2025-08-17 23:23:30 UTC,sensor03,218191466,23.16,95.74,2025-08-18 10:32:00+00:00,34.021098,-81.043595,100.5,5.67,-0.2,129.01,13.0,3D,2025-08-18 06:32:00-04:00,POINT (-81.043595 34.021098)
2025-08-17 23:23:36 UTC,sensor03,218191466,23.26,95.87,2025-08-18 10:32:02+00:00,34.021045,-81.04351,99.3,6.04,-0.6,124.93,13.0,3D,2025-08-18 06:32:02-04:00,POINT (-81.04351 34.021045)
2025-08-17 23:23:41 UTC,sensor03,218191466,23.36,95.84,2025-08-18 10:32:10+00:00,34.020793,-81.043112,100.7,6.09,-0.1,127.34,13.0,3D,2025-08-18 06:32:10-04:00,POINT (-81.043112 34.020793)
2025-08-17 23:23:46 UTC,sensor03,218191466,23.41,95.62,2025-08-18 10:32:15+00:00,34.020607,-81.042853,101.8,6.2,0.2,131.39,13.0,3D,2025-08-18 06:32:15-04:00,POINT (-81.042853 34.020607)
2025-08-17 23:23:51 UTC,sensor03,218191466,23.41,95.42,2025-08-18 10:32:20+00:00,34.02054,-81.042532,100.9,6.42,-0.1,122.49,13.0,3D,2025-08-18 06:32:20-04:00,POINT (-81.042532 34.02054)
2025-08-17 23:23:56 UTC,sensor03,218191466,23.47,95.34,2025-08-18 10:32:25+00:00,34.020362,-81.042263,100.2,5.76,-0.2,124.59,13.0,3D,2025-08-18 06:32:25-04:00,POINT (-81.042263 34.020362)
2025-08-17 23:24:11 UTC,sensor03,218191466,23.44,94.92,2025-08-18 10:32:41+00:00,34.020172,-81.04136,99.8,4.72,0.4,80.54,13.0,3D,2025-08-18 06:32:41-04:00,POINT (-81.04136 34.020172)
2025-08-17 23:24:16 UTC,sensor03,218191466,23.41,95.2,2025-08-18 10:32:46+00:00,34.020207,-81.041132,100.9,4.2,0.2,79.61,13.0,3D,2025-08-18 06:32:46-04:00,POINT (-81.041132 34.020207)
2025-08-17 23:24:21 UTC,sensor03,218191466,23.39,95.17,2025-08-18 10:32:51+00:00,34.020227,-81.04094,101.5,3.53,-0.1,94.12,13.0,3D,2025-08-18 06:32:51-04:00,POINT (-81.04094 34.020227)
2025-08-17 23:24:27 UTC,sensor03,218191466,23.3,95.24,2025-08-18 10:32:56+00:00,34.020123,-81.040805,101.6,3.31,0.2,146.13,13.0,3D,2025-08-18 06:32:56-04:00,POINT (-81.040805 34.020123)
2025-08-17 23:24:49 UTC,sensor03,218191466,23.25,96.16,2025-08-18 10:33:18+00:00,34.019535,-81.040407,106.1,3.13,0.1,147.65,13.0,3D,2025-08-18 06:33:18-04:00,POINT (-81.040407 34.019535)
2025-08-17 23:24:54 UTC,sensor03,218191466,23.3,96.04,2025-08-18 10:33:23+00:00,34.019427,-81.040342,106.4,2.46,0.0,140.34,13.0,3D,2025-08-18 06:33:23-04:00,POINT (-81.040342 34.019427)
2025-08-17 23:25:04 UTC,sensor03,218191466,23.29,95.86,2025-08-18 10:33:34+00:00,34.019193,-81.040225,107.4,3.42,0.2,0.0,13.0,3D,2025-08-18 06:33:34-04:00,POINT (-81.040225 34.019193)
2025-08-17 23:25:09 UTC,sensor03,218191466,23.29,95.71,2025-08-18 10:33:39+00:00,34.019082,-81.040143,108.3,3.38,0.0,0.0,13.0,3D,2025-08-18 06:33:39-04:00,POINT (-81.040143 34.019082)
2025-08-17 23:25:19 UTC,sensor03,218191466,23.21,95.51,2025-08-18 10:33:49+00:00,34.018825,-81.040007,110.1,3.53,0.1,151.19,13.0,3D,2025-08-18 06:33:49-04:00,POINT (-81.040007 34.018825)
2025-08-17 23:25:24 UTC,sensor03,218191466,23.19,95.6,2025-08-18 10:33:54+00:00,34.018623,-81.03981,109.4,6.27,-0.2,148.5,13.0,3D,2025-08-18 06:33:54-04:00,POINT (-81.03981 34.018623)
2025-08-17 23:25:29 UTC,sensor03,218191466,23.17,95.34,2025-08-18 10:33:59+00:00,34.018305,-81.03962,108.1,7.12,-0.2,152.86,13.0,3D,2025-08-18 06:33:59-04:00,POINT (-81.03962 34.018305)
2025-08-17 23:25:34 UTC,sensor03,218191466,23.19,95.42,2025-08-18 10:34:03+00:00,34.018095,-81.039473,107.2,6.45,-0.4,147.71,13.0,3D,2025-08-18 06:34:03-04:00,POINT (-81.039473 34.018095)
2025-08-17 23:25:39 UTC,sensor03,218191466,23.15,95.59,2025-08-18 10:34:09+00:00,34.017795,-81.03925,106.5,5.82,-0.1,147.93,13.0,3D,2025-08-18 06:34:09-04:00,POINT (-81.03925 34.017795)
2025-08-17 23:25:44 UTC,sensor03,218191466,23.14,95.79,2025-08-18 10:34:14+00:00,34.017555,-81.039125,106.7,4.91,0.1,156.02,13.0,3D,2025-08-18 06:34:14-04:00,POINT (-81.039125 34.017555)
2025-08-17 23:25:49 UTC,sensor03,218191466,23.16,95.94,2025-08-18 10:34:19+00:00,34.017343,-81.039038,107.5,5.11,0.2,157.34,13.0,3D,2025-08-18 06:34:19-04:00,POINT (-81.039038 34.017343)
2025-08-17 23:25:54 UTC,sensor03,218191466,23.19,95.88,2025-08-18 10:34:24+00:00,34.017133,-81.038957,109.1,4.22,0.3,160.88,13.0,3D,2025-08-18 06:34:24-04:00,POINT (-81.038957 34.017133)
2025-08-17 23:25:59 UTC,sensor03,218191466,23.24,95.71,2025-08-18 10:34:29+00:00,34.016917,-81.038853,109.6,4.91,0.1,155.81,13.0,3D,2025-08-18 06:34:29-04:00,POINT (-81.038853 34.016917)
2025-08-17 23:26:04 UTC,sensor03,218191466,23.25,95.56,2025-08-18 10:34:34+00:00,34.016723,-81.038785,109.2,4.63,-0.1,160.94,13.0,3D,2025-08-18 06:34:34-04:00,POINT (-81.038785 34.016723)
2025-08-17 23:26:09 UTC,sensor03,218191466,23.26,95.45,2025-08-18 10:34:39+00:00,34.016508,-81.038697,109.2,4.92,-0.1,159.13,13.0,3D,2025-08-18 06:34:39-04:00,POINT (-81.038697 34.016508)
2025-08-17 23:26:14 UTC,sensor03,218191466,23.38,95.25,2025-08-18 10:34:44+00:00,34.016303,-81.038618,109.2,4.09,0.0,159.63,13.0,3D,2025-08-18 06:34:44-04:00,POINT (-81.038618 34.016303)
2025-08-17 23:26:19 UTC,sensor03,218191466,23.4,95.01,2025-08-18 10:34:49+00:00,34.016138,-81.03853,110.4,3.29,0.2,158.07,13.0,3D,2025-08-18 06:34:49-04:00,POINT (-81.03853 34.016138)
2025-08-17 23:26:25 UTC,sensor03,218191466,23.41,94.88,2025-08-18 10:34:54+00:00,34.015997,-81.03843,111.0,2.91,0.1,156.94,13.0,3D,2025-08-18 06:34:54-04:00,POINT (-81.03843 34.015997)
2025-08-17 23:26:30 UTC,sensor03,218191466,23.42,94.72,2025-08-18 10:34:59+00:00,34.015882,-81.038362,112.6,2.93,0.3,152.55,13.0,3D,2025-08-18 06:34:59-04:00,POINT (-81.038362 34.015882)
2025-08-17 23:26:35 UTC,sensor03,218191466,23.44,94.64,2025-08-18 10:35:04+00:00,34.01576,-81.03828,113.9,3.05,0.1,156.55,13.0,3D,2025-08-18 06:35:04-04:00,POINT (-81.03828 34.01576)
2025-08-17 23:26:40 UTC,sensor03,218191466,23.48,94.77,2025-08-18 10:35:09+00:00,34.015613,-81.03823,114.9,3.16,0.2,161.25,13.0,3D,2025-08-18 06:35:09-04:00,POINT (-81.03823 34.015613)
2025-08-17 23:26:45 UTC,sensor03,218191466,23.48,94.63,2025-08-18 10:35:14+00:00,34.015465,-81.038182,116.1,3.41,0.5,164.66,13.0,3D,2025-08-18 06:35:14-04:00,POINT (-81.038182 34.015465)
2025-08-17 23:26:50 UTC,sensor03,218191466,23.48,94.53,2025-08-18 10:35:19+00:00,34.01531,-81.038112,117.6,3.63,0.3,155.64,13.0,3D,2025-08-18 06:35:19-04:00,POINT (-81.038112 34.01531)
2025-08-17 23:26:55 UTC,sensor03,218191466,23.48,94.75,2025-08-18 10:35:24+00:00,34.015135,-81.038035,118.5,4.04,0.1,162.57,13.0,3D,2025-08-18 06:35:24-04:00,POINT (-81.038035 34.015135)
2025-08-17 23:27:11 UTC,sensor03,218191466,23.35,95.18,2025-08-18 10:35:41+00:00,34.014452,-81.03771,118.1,4.92,-0.1,0.0,13.0,3D,2025-08-18 06:35:41-04:00,POINT (-81.03771 34.014452)
2025-08-17 23:28:19 UTC,sensor03,218191466,24.13,91.94,2025-08-18 10:36:48+00:00,34.012193,-81.036712,109.3,5.19,0.0,165.04,13.0,3D,2025-08-18 06:36:48-04:00,POINT (-81.036712 34.012193)
2025-08-17 23:37:58 UTC,sensor03,218191466,23.86,93.03,2025-08-18 10:46:27+00:00,34.001227,-81.018188,122.5,7.37,-0.3,73.82,13.0,3D,2025-08-18 06:46:27-04:00,POINT (-81.018188 34.001227)
2025-08-18 05:27:38 UTC,sensor04,300372246,25.14,81.79,2025-08-18 10:01:55+00:00,33.996358,-81.025952,90.6,3.47,0.0,162.97,12.0,3D,2025-08-18 06:01:55-04:00,POINT (-81.025952 33.996358)
2025-08-18 05:27:44 UTC,sensor04,300372246,25.12,81.98,2025-08-18 10:02:00+00:00,33.996182,-81.025867,90.4,4.24,0.0,159.79,12.0,3D,2025-08-18 06:02:00-04:00,POINT (-81.025867 33.996182)
2025-08-18 05:27:49 UTC,sensor04,300372246,25.17,82.19,2025-08-18 10:02:05+00:00,33.99611,-81.025823,91.1,3.4,0.1,158.09,12.0,3D,2025-08-18 06:02:05-04:00,POINT (-81.025823 33.99611)
2025-08-18 05:27:54 UTC,sensor04,300372246,25.19,82.26,2025-08-18 10:02:10+00:00,33.995887,-81.025722,91.3,5.92,0.1,160.14,12.0,3D,2025-08-18 06:02:10-04:00,POINT (-81.025722 33.995887)
2025-08-18 05:27:59 UTC,sensor04,300372246,25.23,82.28,2025-08-18 10:02:15+00:00,33.995623,-81.025625,90.9,5.9,-0.3,159.99,12.0,3D,2025-08-18 06:02:15-04:00,POINT (-81.025625 33.995623)
2025-08-18 05:28:04 UTC,sensor04,300372246,25.22,82.24,2025-08-18 10:02:20+00:00,33.995392,-81.025527,87.4,5.94,-0.8,155.21,13.0,3D,2025-08-18 06:02:20-04:00,POINT (-81.025527 33.995392)
2025-08-18 05:28:09 UTC,sensor04,300372246,25.24,82.2,2025-08-18 10:02:25+00:00,33.99516,-81.025452,84.7,5.13,-0.6,159.79,13.0,3D,2025-08-18 06:02:25-04:00,POINT (-81.025452 33.99516)
2025-08-18 05:28:14 UTC,sensor04,300372246,25.29,82.16,2025-08-18 10:02:30+00:00,33.99493,-81.025335,81.3,5.05,-0.9,163.65,13.0,3D,2025-08-18 06:02:30-04:00,POINT (-81.025335 33.99493)
2025-08-18 05:28:19 UTC,sensor04,300372246,25.14,83.0,2025-08-18 10:02:35+00:00,33.99476,-81.025272,76.7,2.72,-0.8,162.8,13.0,3D,2025-08-18 06:02:35-04:00,POINT (-81.025272 33.99476)
2025-08-18 05:28:24 UTC,sensor04,300372246,24.99,83.67,2025-08-18 10:02:40+00:00,33.994687,-81.025277,73.6,3.29,-0.5,195.53,13.0,3D,2025-08-18 06:02:40-04:00,POINT (-81.025277 33.994687)
2025-08-18 05:28:29 UTC,sensor04,300372246,24.72,84.1,2025-08-18 10:02:45+00:00,33.994568,-81.025498,72.5,7.78,0.0,253.32,13.0,3D,2025-08-18 06:02:45-04:00,POINT (-81.025498 33.994568)
2025-08-18 05:28:34 UTC,sensor04,300372246,24.57,84.69,2025-08-18 10:02:51+00:00,33.99439,-81.026127,74.4,11.09,0.5,0.0,13.0,3D,2025-08-18 06:02:51-04:00,POINT (-81.026127 33.99439)
2025-08-18 05:28:39 UTC,sensor04,300372246,24.49,85.28,2025-08-18 10:02:56+00:00,33.994223,-81.026663,77.3,10.38,0.4,0.0,13.0,3D,2025-08-18 06:02:56-04:00,POINT (-81.026663 33.994223)
2025-08-18 05:28:44 UTC,sensor04,300372246,24.54,85.64,2025-08-18 10:03:01+00:00,33.994062,-81.027153,78.9,10.32,0.5,251.24,13.0,3D,2025-08-18 06:03:01-04:00,POINT (-81.027153 33.994062)
2025-08-18 05:28:49 UTC,sensor04,300372246,24.72,84.88,2025-08-18 10:03:06+00:00,33.993912,-81.027653,81.1,8.29,0.5,250.12,13.0,3D,2025-08-18 06:03:06-04:00,POINT (-81.027653 33.993912)
2025-08-18 05:28:54 UTC,sensor04,300372246,24.84,84.53,2025-08-18 10:03:11+00:00,33.993805,-81.027983,83.2,5.51,0.4,251.94,13.0,3D,2025-08-18 06:03:11-04:00,POINT (-81.027983 33.993805)
2025-08-18 05:29:14 UTC,sensor04,300372246,24.9,83.72,2025-08-18 10:03:31+00:00,33.993753,-81.028175,83.8,2.62,0.0,247.71,13.0,3D,2025-08-18 06:03:31-04:00,POINT (-81.028175 33.993753)
2025-08-18 05:29:19 UTC,sensor04,300372246,24.94,83.71,2025-08-18 10:03:35+00:00,33.99368,-81.02841,83.8,7.98,0.0,249.78,13.0,3D,2025-08-18 06:03:35-04:00,POINT (-81.02841 33.99368)
2025-08-18 05:29:24 UTC,sensor04,300372246,24.86,83.75,2025-08-18 10:03:40+00:00,33.99352,-81.028915,82.8,10.66,-0.2,0.0,13.0,3D,2025-08-18 06:03:40-04:00,POINT (-81.028915 33.99352)
2025-08-18 05:29:29 UTC,sensor04,300372246,24.96,83.87,2025-08-18 10:03:46+00:00,33.993313,-81.029578,81.7,9.42,-0.2,249.99,13.0,3D,2025-08-18 06:03:46-04:00,POINT (-81.029578 33.993313)
2025-08-18 05:29:34 UTC,sensor04,300372246,25.01,83.68,2025-08-18 10:03:51+00:00,33.993197,-81.029953,80.7,6.72,-0.2,249.81,13.0,3D,2025-08-18 06:03:51-04:00,POINT (-81.029953 33.993197)
2025-08-18 05:29:40 UTC,sensor04,300372246,25.07,83.94,2025-08-18 10:03:56+00:00,33.993065,-81.030352,79.8,8.44,-0.1,251.87,14.0,3D,2025-08-18 06:03:56-04:00,POINT (-81.030352 33.993065)
2025-08-18 05:29:45 UTC,sensor04,300372246,25.0,84.09,2025-08-18 10:04:01+00:00,33.992932,-81.030795,78.4,7.87,-0.4,251.31,14.0,3D,2025-08-18 06:04:01-04:00,POINT (-81.030795 33.992932)
2025-08-18 05:29:50 UTC,sensor04,300372246,24.98,84.29,2025-08-18 10:04:06+00:00,33.992813,-81.03119,75.2,6.24,-0.7,247.83,14.0,3D,2025-08-18 06:04:06-04:00,POINT (-81.03119 33.992813)
2025-08-18 05:30:15 UTC,sensor04,300372246,24.99,84.46,2025-08-18 10:04:31+00:00,33.99272,-81.031448,70.2,4.24,-0.3,248.91,14.0,3D,2025-08-18 06:04:31-04:00,POINT (-81.031448 33.99272)
2025-08-18 05:30:20 UTC,sensor04,300372246,24.91,84.52,2025-08-18 10:04:36+00:00,33.992627,-81.03179,68.4,7.68,-0.5,250.25,14.0,3D,2025-08-18 06:04:36-04:00,POINT (-81.03179 33.992627)
2025-08-18 05:30:25 UTC,sensor04,300372246,24.79,85.28,2025-08-18 10:04:42+00:00,33.992453,-81.032353,65.0,10.38,-0.6,0.0,14.0,3D,2025-08-18 06:04:42-04:00,POINT (-81.032353 33.992453)
2025-08-18 05:30:30 UTC,sensor04,300372246,24.72,86.01,2025-08-18 10:04:47+00:00,33.992317,-81.0328,62.2,7.19,-0.5,0.0,14.0,3D,2025-08-18 06:04:47-04:00,POINT (-81.0328 33.992317)
2025-08-18 05:30:35 UTC,sensor04,300372246,24.75,86.47,2025-08-18 10:04:52+00:00,33.992222,-81.033103,60.2,4.06,-0.3,0.0,14.0,3D,2025-08-18 06:04:52-04:00,POINT (-81.033103 33.992222)
2025-08-18 05:30:40 UTC,sensor04,300372246,24.74,86.61,2025-08-18 10:04:57+00:00,33.992242,-81.033238,58.3,2.6,-0.3,0.0,14.0,3D,2025-08-18 06:04:57-04:00,POINT (-81.033238 33.992242)
2025-08-18 05:30:45 UTC,sensor04,300372246,24.68,86.85,2025-08-18 10:05:02+00:00,33.99246,-81.033365,57.2,7.17,-0.2,0.0,4.0,3D,2025-08-18 06:05:02-04:00,POINT (-81.033365 33.99246)
2025-08-18 05:30:50 UTC,sensor04,300372246,24.75,86.26,2025-08-18 10:05:07+00:00,33.992762,-81.03354,56.3,6.87,-0.1,0.0,4.0,3D,2025-08-18 06:05:07-04:00,POINT (-81.03354 33.992762)
2025-08-18 05:30:55 UTC,sensor04,300372246,24.76,86.08,2025-08-18 10:05:12+00:00,33.993013,-81.033663,56.2,5.67,0.0,0.0,8.0,3D,2025-08-18 06:05:12-04:00,POINT (-81.033663 33.993013)
2025-08-18 05:31:00 UTC,sensor04,300372246,24.72,86.22,2025-08-18 10:05:17+00:00,33.99324,-81.033772,55.9,4.98,-0.2,0.0,12.0,3D,2025-08-18 06:05:17-04:00,POINT (-81.033772 33.99324)
2025-08-18 05:31:05 UTC,sensor04,300372246,24.78,86.04,2025-08-18 10:05:22+00:00,33.993463,-81.033872,55.4,5.55,-0.2,0.0,14.0,3D,2025-08-18 06:05:22-04:00,POINT (-81.033872 33.993463)
2025-08-18 05:31:10 UTC,sensor04,300372246,24.75,85.67,2025-08-18 10:05:27+00:00,33.993723,-81.03399,54.8,6.75,-0.3,0.0,14.0,3D,2025-08-18 06:05:27-04:00,POINT (-81.03399 33.993723)
2025-08-18 05:31:15 UTC,sensor04,300372246,24.69,85.93,2025-08-18 10:05:32+00:00,33.99402,-81.034122,54.9,6.78,0.0,339.97,14.0,3D,2025-08-18 06:05:32-04:00,POINT (-81.034122 33.99402)
2025-08-18 05:31:20 UTC,sensor04,300372246,24.65,86.15,2025-08-18 10:05:35+00:00,33.994195,-81.034168,56.5,6.17,0.3,342.33,14.0,3D,2025-08-18 06:05:35-04:00,POINT (-81.034168 33.994195)
2025-08-18 05:31:25 UTC,sensor04,300372246,24.59,86.25,2025-08-18 10:05:42+00:00,33.994473,-81.0343,58.6,3.24,0.3,340.14,14.0,3D,2025-08-18 06:05:42-04:00,POINT (-81.0343 33.994473)
2025-08-18 05:31:30 UTC,sensor04,300372246,24.58,86.38,2025-08-18 10:05:47+00:00,33.994582,-81.034355,59.3,2.33,0.1,342.08,14.0,3D,2025-08-18 06:05:47-04:00,POINT (-81.034355 33.994582)
2025-08-18 05:31:56 UTC,sensor04,300372246,24.56,86.7,2025-08-18 10:06:12+00:00,33.994728,-81.034492,60.0,4.35,0.0,296.46,14.0,3D,2025-08-18 06:06:12-04:00,POINT (-81.034492 33.994728)
2025-08-18 05:32:01 UTC,sensor04,300372246,24.57,86.85,2025-08-18 10:06:17+00:00,33.994697,-81.034805,59.5,7.3,-0.4,245.96,14.0,3D,2025-08-18 06:06:17-04:00,POINT (-81.034805 33.994697)
2025-08-18 05:32:06 UTC,sensor04,300372246,24.54,86.97,2025-08-18 10:06:22+00:00,33.994573,-81.035202,58.1,7.36,-0.2,248.1,14.0,3D,2025-08-18 06:06:22-04:00,POINT (-81.035202 33.994573)
2025-08-18 05:32:11 UTC,sensor04,300372246,24.53,86.97,2025-08-18 10:06:27+00:00,33.99448,-81.035537,57.3,4.15,-0.2,247.9,14.0,3D,2025-08-18 06:06:27-04:00,POINT (-81.035537 33.99448)
2025-08-18 05:32:16 UTC,sensor04,300372246,24.5,87.15,2025-08-18 10:06:32+00:00,33.994427,-81.035733,57.0,3.06,0.1,252.8,14.0,3D,2025-08-18 06:06:32-04:00,POINT (-81.035733 33.994427)
2025-08-18 05:32:31 UTC,sensor04,300372246,24.49,87.2,2025-08-18 10:06:48+00:00,33.994372,-81.035868,57.2,3.48,-0.1,0.0,14.0,3D,2025-08-18 06:06:48-04:00,POINT (-81.035868 33.994372)
2025-08-18 05:32:36 UTC,sensor04,300372246,24.44,87.16,2025-08-18 10:06:53+00:00,33.994282,-81.036152,56.5,6.75,-0.4,0.0,14.0,3D,2025-08-18 06:06:53-04:00,POINT (-81.036152 33.994282)
2025-08-18 05:32:41 UTC,sensor04,300372246,24.4,87.21,2025-08-18 10:06:58+00:00,33.99416,-81.036543,54.6,8.21,-0.4,250.33,14.0,3D,2025-08-18 06:06:58-04:00,POINT (-81.036543 33.99416)
2025-08-18 05:32:46 UTC,sensor04,300372246,24.35,87.45,2025-08-18 10:07:03+00:00,33.994025,-81.036982,53.0,8.62,-0.3,250.96,14.0,3D,2025-08-18 06:07:03-04:00,POINT (-81.036982 33.994025)
2025-08-18 05:32:51 UTC,sensor04,300372246,24.36,88.07,2025-08-18 10:07:08+00:00,33.993913,-81.037365,51.4,6.16,-0.3,250.29,14.0,3D,2025-08-18 06:07:08-04:00,POINT (-81.037365 33.993913)
2025-08-18 05:33:01 UTC,sensor04,300372246,24.39,88.37,2025-08-18 10:07:18+00:00,33.993837,-81.037618,49.6,3.06,-0.1,253.46,14.0,3D,2025-08-18 06:07:18-04:00,POINT (-81.037618 33.993837)
2025-08-18 05:33:06 UTC,sensor04,300372246,24.38,88.13,2025-08-18 10:07:23+00:00,33.993787,-81.03782,48.4,5.02,-0.1,252.51,14.0,3D,2025-08-18 06:07:23-04:00,POINT (-81.03782 33.993787)
2025-08-18 05:33:11 UTC,sensor04,300372246,24.34,88.2,2025-08-18 10:07:28+00:00,33.993708,-81.038095,48.6,5.47,0.1,253.31,14.0,3D,2025-08-18 06:07:28-04:00,POINT (-81.038095 33.993708)
2025-08-18 05:33:16 UTC,sensor04,300372246,24.36,88.21,2025-08-18 10:07:33+00:00,33.993625,-81.038385,48.9,5.45,0.1,251.65,14.0,3D,2025-08-18 06:07:33-04:00,POINT (-81.038385 33.993625)
2025-08-18 05:33:21 UTC,sensor04,300372246,24.3,88.44,2025-08-18 10:07:35+00:00,33.993587,-81.038493,49.3,5.28,0.2,253.6,14.0,3D,2025-08-18 06:07:35-04:00,POINT (-81.038493 33.993587)
2025-08-18 05:33:26 UTC,sensor04,300372246,24.29,88.75,2025-08-18 10:07:43+00:00,33.993387,-81.039035,50.6,7.83,0.1,249.56,14.0,3D,2025-08-18 06:07:43-04:00,POINT (-81.039035 33.993387)
2025-08-18 05:33:31 UTC,sensor04,300372246,24.23,88.94,2025-08-18 10:07:48+00:00,33.993253,-81.039423,51.5,7.97,0.0,250.16,14.0,3D,2025-08-18 06:07:48-04:00,POINT (-81.039423 33.993253)
2025-08-18 05:33:37 UTC,sensor04,300372246,24.27,89.15,2025-08-18 10:07:53+00:00,33.993125,-81.03984,51.0,8.8,-0.3,249.73,14.0,3D,2025-08-18 06:07:53-04:00,POINT (-81.03984 33.993125)
2025-08-18 05:33:42 UTC,sensor04,300372246,24.22,89.32,2025-08-18 10:07:58+00:00,33.993023,-81.040298,51.2,8.06,-0.4,249.33,14.0,3D,2025-08-18 06:07:58-04:00,POINT (-81.040298 33.993023)
2025-08-18 05:33:47 UTC,sensor04,300372246,24.23,89.47,2025-08-18 10:08:03+00:00,33.992925,-81.04063,51.0,3.69,0.7,243.34,14.0,3D,2025-08-18 06:08:03-04:00,POINT (-81.04063 33.992925)
2025-08-18 05:33:57 UTC,sensor04,300372246,24.23,89.51,2025-08-18 10:08:13+00:00,33.992885,-81.040887,61.0,2.83,0.3,281.84,14.0,3D,2025-08-18 06:08:13-04:00,POINT (-81.040887 33.992885)
2025-08-18 05:34:02 UTC,sensor04,300372246,24.22,89.54,2025-08-18 10:08:18+00:00,33.99304,-81.04098,62.0,5.1,0.1,346.13,14.0,3D,2025-08-18 06:08:18-04:00,POINT (-81.04098 33.99304)
2025-08-18 05:34:07 UTC,sensor04,300372246,24.19,89.61,2025-08-18 10:08:23+00:00,33.993292,-81.041072,62.1,6.02,-0.2,337.52,14.0,3D,2025-08-18 06:08:23-04:00,POINT (-81.041072 33.993292)
2025-08-18 05:34:12 UTC,sensor04,300372246,24.19,89.71,2025-08-18 10:08:28+00:00,33.993543,-81.041185,61.4,6.38,0.0,339.49,14.0,3D,2025-08-18 06:08:28-04:00,POINT (-81.041185 33.993543)
2025-08-18 05:34:17 UTC,sensor04,300372246,24.21,89.67,2025-08-18 10:08:33+00:00,33.993793,-81.041307,59.3,5.59,-0.3,334.23,14.0,3D,2025-08-18 06:08:33-04:00,POINT (-81.041307 33.993793)
2025-08-18 05:34:22 UTC,sensor04,300372246,24.19,89.69,2025-08-18 10:08:39+00:00,33.994002,-81.041417,57.9,2.52,0.0,0.0,14.0,3D,2025-08-18 06:08:39-04:00,POINT (-81.041417 33.994002)
2025-08-18 05:34:32 UTC,sensor04,300372246,24.23,89.57,2025-08-18 10:08:49+00:00,33.994117,-81.041585,55.6,4.16,-0.3,0.0,14.0,3D,2025-08-18 06:08:49-04:00,POINT (-81.041585 33.994117)
2025-08-18 05:34:37 UTC,sensor04,300372246,24.2,89.56,2025-08-18 10:08:54+00:00,33.994027,-81.041875,55.1,5.97,-0.1,0.0,14.0,3D,2025-08-18 06:08:54-04:00,POINT (-81.041875 33.994027)
2025-08-18 05:34:42 UTC,sensor04,300372246,24.11,89.81,2025-08-18 10:08:59+00:00,33.993923,-81.042182,55.1,5.88,0.1,249.56,14.0,3D,2025-08-18 06:08:59-04:00,POINT (-81.042182 33.993923)
2025-08-18 05:34:47 UTC,sensor04,300372246,24.08,90.08,2025-08-18 10:09:04+00:00,33.993827,-81.042475,56.2,5.74,0.2,249.12,14.0,3D,2025-08-18 06:09:04-04:00,POINT (-81.042475 33.993827)
2025-08-18 05:34:52 UTC,sensor04,300372246,24.08,90.34,2025-08-18 10:09:09+00:00,33.993732,-81.042748,56.5,4.29,-0.1,250.97,14.0,3D,2025-08-18 06:09:09-04:00,POINT (-81.042748 33.993732)
2025-08-18 05:35:12 UTC,sensor04,300372246,24.15,90.32,2025-08-18 10:09:29+00:00,33.993643,-81.042925,57.4,3.47,0.1,224.85,14.0,3D,2025-08-18 06:09:29-04:00,POINT (-81.042925 33.993643)
2025-08-18 05:35:17 UTC,sensor04,300372246,24.12,90.28,2025-08-18 10:09:34+00:00,33.993438,-81.043018,55.3,5.83,-0.7,182.97,14.0,3D,2025-08-18 06:09:34-04:00,POINT (-81.043018 33.993438)
2025-08-18 05:35:22 UTC,sensor04,300372246,24.07,90.29,2025-08-18 10:09:36+00:00,33.993327,-81.042988,53.8,6.67,-0.8,160.7,14.0,3D,2025-08-18 06:09:36-04:00,POINT (-81.042988 33.993327)
2025-08-18 05:35:27 UTC,sensor04,300372246,24.05,90.42,2025-08-18 10:09:41+00:00,33.993017,-81.042843,49.8,7.67,-0.3,160.2,14.0,3D,2025-08-18 06:09:41-04:00,POINT (-81.042843 33.993017)
2025-08-18 05:35:32 UTC,sensor04,300372246,24.04,90.54,2025-08-18 10:09:49+00:00,33.99258,-81.042597,51.7,5.44,0.1,160.52,14.0,3D,2025-08-18 06:09:49-04:00,POINT (-81.042597 33.99258)
2025-08-18 05:35:38 UTC,sensor04,300372246,24.01,90.65,2025-08-18 10:09:54+00:00,33.99238,-81.042502,53.4,5.32,-0.3,139.9,14.0,3D,2025-08-18 06:09:54-04:00,POINT (-81.042502 33.99238)
2025-08-18 05:35:43 UTC,sensor04,300372246,24.0,90.73,2025-08-18 10:09:59+00:00,33.992347,-81.042232,59.7,6.35,0.8,69.85,14.0,3D,2025-08-18 06:09:59-04:00,POINT (-81.042232 33.992347)
2025-08-18 05:35:48 UTC,sensor04,300372246,23.98,90.89,2025-08-18 10:10:04+00:00,33.992458,-81.04189,61.2,6.59,0.1,68.78,14.0,3D,2025-08-18 06:10:04-04:00,POINT (-81.04189 33.992458)
2025-08-18 05:35:53 UTC,sensor04,300372246,24.01,90.89,2025-08-18 10:10:09+00:00,33.992558,-81.041573,62.1,5.4,0.0,68.55,14.0,3D,2025-08-18 06:10:09-04:00,POINT (-81.041573 33.992558)
2025-08-18 05:35:58 UTC,sensor04,300372246,24.12,90.48,2025-08-18 10:10:14+00:00,33.99263,-81.041317,62.8,4.42,0.1,70.26,14.0,3D,2025-08-18 06:10:14-04:00,POINT (-81.041317 33.99263)
2025-08-18 05:36:03 UTC,sensor04,300372246,24.18,90.27,2025-08-18 10:10:19+00:00,33.992697,-81.041123,63.8,2.75,0.1,59.29,14.0,3D,2025-08-18 06:10:19-04:00,POINT (-81.041123 33.992697)
2025-08-18 05:36:08 UTC,sensor04,300372246,24.16,90.17,2025-08-18 10:10:24+00:00,33.992747,-81.041038,63.8,2.89,0.0,58.68,14.0,3D,2025-08-18 06:10:24-04:00,POINT (-81.041038 33.992747)
2025-08-18 05:36:13 UTC,sensor04,300372246,24.18,90.15,2025-08-18 10:10:29+00:00,33.992883,-81.040928,63.9,4.31,-0.3,0.48,14.0,3D,2025-08-18 06:10:29-04:00,POINT (-81.040928 33.992883)
2025-08-18 05:36:18 UTC,sensor04,300372246,24.21,90.14,2025-08-18 10:10:34+00:00,33.993147,-81.041007,62.3,7.35,-0.4,341.11,14.0,3D,2025-08-18 06:10:34-04:00,POINT (-81.041007 33.993147)
2025-08-18 05:36:23 UTC,sensor04,300372246,24.2,90.07,2025-08-18 10:10:39+00:00,33.99347,-81.04115,60.4,7.88,-0.5,339.52,14.0,3D,2025-08-18 06:10:39-04:00,POINT (-81.04115 33.99347)
2025-08-18 05:36:28 UTC,sensor04,300372246,24.17,90.11,2025-08-18 10:10:45+00:00,33.993893,-81.04134,57.1,7.9,-0.4,0.0,14.0,3D,2025-08-18 06:10:45-04:00,POINT (-81.04134 33.993893)
2025-08-18 05:36:33 UTC,sensor04,300372246,24.18,90.22,2025-08-18 10:10:50+00:00,33.994193,-81.041467,55.2,7.1,-0.3,0.0,14.0,3D,2025-08-18 06:10:50-04:00,POINT (-81.041467 33.994193)
2025-08-18 05:36:38 UTC,sensor04,300372246,24.2,90.03,2025-08-18 10:10:55+00:00,33.994483,-81.041602,54.5,6.75,-0.1,0.0,14.0,3D,2025-08-18 06:10:55-04:00,POINT (-81.041602 33.994483)
2025-08-18 05:36:43 UTC,sensor04,300372246,24.26,89.93,2025-08-18 10:11:00+00:00,33.994798,-81.041742,57.3,7.09,0.2,341.28,14.0,3D,2025-08-18 06:11:00-04:00,POINT (-81.041742 33.994798)
2025-08-18 05:36:48 UTC,sensor04,300372246,24.27,89.82,2025-08-18 10:11:05+00:00,33.995087,-81.041882,56.6,6.73,-0.1,334.22,14.0,3D,2025-08-18 06:11:05-04:00,POINT (-81.041882 33.995087)
2025-08-18 05:36:53 UTC,sensor04,300372246,24.29,89.82,2025-08-18 10:11:10+00:00,33.99534,-81.042013,55.6,5.12,-0.1,338.24,14.0,3D,2025-08-18 06:11:10-04:00,POINT (-81.042013 33.99534)
2025-08-18 05:36:58 UTC,sensor04,300372246,24.3,89.82,2025-08-18 10:11:15+00:00,33.995443,-81.042073,54.6,2.65,-0.2,318.26,14.0,3D,2025-08-18 06:11:15-04:00,POINT (-81.042073 33.995443)
2025-08-18 05:37:03 UTC,sensor04,300372246,24.26,89.84,2025-08-18 10:11:20+00:00,33.995445,-81.042255,54.3,5.42,0.2,247.52,14.0,3D,2025-08-18 06:11:20-04:00,POINT (-81.042255 33.995445)
2025-08-18 05:37:08 UTC,sensor04,300372246,24.24,89.9,2025-08-18 10:11:25+00:00,33.995325,-81.042582,53.3,7.09,-0.4,248.16,14.0,3D,2025-08-18 06:11:25-04:00,POINT (-81.042582 33.995325)
2025-08-18 05:37:13 UTC,sensor04,300372246,24.21,90.13,2025-08-18 10:11:30+00:00,33.995213,-81.042962,50.8,7.53,-0.7,251.1,14.0,3D,2025-08-18 06:11:30-04:00,POINT (-81.042962 33.995213)
2025-08-18 05:37:18 UTC,sensor04,300372246,24.21,90.08,2025-08-18 10:11:35+00:00,33.99512,-81.043282,49.4,5.06,-0.3,253.05,14.0,3D,2025-08-18 06:11:35-04:00,POINT (-81.043282 33.99512)
2025-08-18 05:37:23 UTC,sensor04,300372246,24.19,90.19,2025-08-18 10:11:40+00:00,33.995088,-81.043505,48.9,3.77,-0.2,0.0,14.0,3D,2025-08-18 06:11:40-04:00,POINT (-81.043505 33.995088)
2025-08-18 05:37:34 UTC,sensor04,300372246,24.16,90.39,2025-08-18 10:11:50+00:00,33.99524,-81.043728,47.5,7.65,-0.2,341.95,14.0,3D,2025-08-18 06:11:50-04:00,POINT (-81.043728 33.99524)
2025-08-18 05:37:39 UTC,sensor04,300372246,24.1,90.47,2025-08-18 10:11:55+00:00,33.995635,-81.0439,46.9,10.43,0.0,340.41,14.0,3D,2025-08-18 06:11:55-04:00,POINT (-81.0439 33.995635)
2025-08-18 05:37:44 UTC,sensor04,300372246,24.19,90.56,2025-08-18 10:12:00+00:00,33.996108,-81.0441,46.8,10.11,0.1,340.84,14.0,3D,2025-08-18 06:12:00-04:00,POINT (-81.0441 33.996108)
2025-08-18 05:37:49 UTC,sensor04,300372246,24.33,90.2,2025-08-18 10:12:05+00:00,33.99651,-81.044273,47.2,8.15,0.4,339.51,14.0,3D,2025-08-18 06:12:05-04:00,POINT (-81.044273 33.99651)
2025-08-18 05:37:54 UTC,sensor04,300372246,24.46,89.8,2025-08-18 10:12:10+00:00,33.996822,-81.044417,48.0,6.75,0.0,339.09,14.0,3D,2025-08-18 06:12:10-04:00,POINT (-81.044417 33.996822)
2025-08-18 05:37:59 UTC,sensor04,300372246,24.43,89.6,2025-08-18 10:12:15+00:00,33.997092,-81.044543,49.0,6.72,0.0,339.07,14.0,3D,2025-08-18 06:12:15-04:00,POINT (-81.044543 33.997092)
2025-08-18 05:38:04 UTC,sensor04,300372246,24.43,89.61,2025-08-18 10:12:20+00:00,33.997345,-81.044662,49.8,5.22,0.6,340.28,14.0,3D,2025-08-18 06:12:20-04:00,POINT (-81.044662 33.997345)
2025-08-18 05:38:24 UTC,sensor04,300372246,24.51,89.63,2025-08-18 10:12:41+00:00,33.997605,-81.044792,54.3,3.95,0.2,0.0,14.0,3D,2025-08-18 06:12:41-04:00,POINT (-81.044792 33.997605)
2025-08-18 05:38:29 UTC,sensor04,300372246,24.53,89.41,2025-08-18 10:12:46+00:00,33.997863,-81.04491,54.9,6.75,0.1,0.0,14.0,3D,2025-08-18 06:12:46-04:00,POINT (-81.04491 33.997863)
2025-08-18 05:38:34 UTC,sensor04,300372246,24.58,89.35,2025-08-18 10:12:51+00:00,33.998137,-81.045035,55.3,7.04,0.1,0.0,14.0,3D,2025-08-18 06:12:51-04:00,POINT (-81.045035 33.998137)
2025-08-18 05:38:39 UTC,sensor04,300372246,24.52,89.23,2025-08-18 10:12:56+00:00,33.998452,-81.04518,55.3,7.56,-0.2,340.4,14.0,3D,2025-08-18 06:12:56-04:00,POINT (-81.04518 33.998452)
2025-08-18 05:38:44 UTC,sensor04,300372246,24.57,89.26,2025-08-18 10:13:01+00:00,33.998797,-81.04534,55.7,8.45,0.2,333.61,14.0,3D,2025-08-18 06:13:01-04:00,POINT (-81.04534 33.998797)
2025-08-18 05:38:49 UTC,sensor04,300372246,24.59,89.22,2025-08-18 10:13:06+00:00,33.999138,-81.045522,56.1,8.45,0.1,339.24,14.0,3D,2025-08-18 06:13:06-04:00,POINT (-81.045522 33.999138)
2025-08-18 05:38:54 UTC,sensor04,300372246,24.53,89.25,2025-08-18 10:13:11+00:00,33.999507,-81.045685,55.3,8.82,-0.5,335.48,14.0,3D,2025-08-18 06:13:11-04:00,POINT (-81.045685 33.999507)
2025-08-18 05:38:59 UTC,sensor04,300372246,24.49,89.32,2025-08-18 10:13:16+00:00,33.999878,-81.045873,53.0,8.98,-0.5,338.79,14.0,3D,2025-08-18 06:13:16-04:00,POINT (-81.045873 33.999878)
2025-08-18 05:39:04 UTC,sensor04,300372246,24.51,89.4,2025-08-18 10:13:21+00:00,34.000275,-81.046045,51.5,9.59,-0.4,339.9,14.0,3D,2025-08-18 06:13:21-04:00,POINT (-81.046045 34.000275)
2025-08-18 05:39:09 UTC,sensor04,300372246,24.48,89.52,2025-08-18 10:13:26+00:00,34.000645,-81.046173,50.3,7.45,0.0,346.32,14.0,3D,2025-08-18 06:13:26-04:00,POINT (-81.046173 34.000645)
2025-08-18 05:39:14 UTC,sensor04,300372246,24.49,89.53,2025-08-18 10:13:31+00:00,34.001005,-81.046315,50.0,8.92,0.2,338.99,14.0,3D,2025-08-18 06:13:31-04:00,POINT (-81.046315 34.001005)
2025-08-18 05:39:19 UTC,sensor04,300372246,24.46,89.47,2025-08-18 10:13:36+00:00,34.001375,-81.046478,51.4,8.21,0.4,340.67,14.0,3D,2025-08-18 06:13:36-04:00,POINT (-81.046478 34.001375)
2025-08-18 05:39:24 UTC,sensor04,300372246,24.46,89.35,2025-08-18 10:13:41+00:00,34.001737,-81.046648,54.3,9.39,0.5,338.9,14.0,3D,2025-08-18 06:13:41-04:00,POINT (-81.046648 34.001737)
2025-08-18 05:39:29 UTC,sensor04,300372246,24.5,89.29,2025-08-18 10:13:46+00:00,34.002125,-81.046852,62.1,9.19,-0.1,340.41,14.0,3D,2025-08-18 06:13:46-04:00,POINT (-81.046852 34.002125)
2025-08-18 05:39:34 UTC,sensor04,300372246,24.5,89.13,2025-08-18 10:13:51+00:00,34.002462,-81.047,62.1,6.9,-0.3,337.76,14.0,3D,2025-08-18 06:13:51-04:00,POINT (-81.047 34.002462)
2025-08-18 05:39:40 UTC,sensor04,300372246,24.47,89.05,2025-08-18 10:13:56+00:00,34.002732,-81.047135,60.8,5.88,-0.3,337.22,14.0,3D,2025-08-18 06:13:56-04:00,POINT (-81.047135 34.002732)
2025-08-18 05:39:45 UTC,sensor04,300372246,24.51,88.97,2025-08-18 10:14:01+00:00,34.002922,-81.047225,59.6,2.7,-0.1,337.31,14.0,3D,2025-08-18 06:14:01-04:00,POINT (-81.047225 34.002922)
2025-08-18 05:39:50 UTC,sensor04,300372246,24.49,88.95,2025-08-18 10:14:06+00:00,34.003028,-81.047293,60.1,3.92,0.2,312.55,14.0,3D,2025-08-18 06:14:06-04:00,POINT (-81.047293 34.003028)
2025-08-18 05:39:55 UTC,sensor04,300372246,24.48,88.89,2025-08-18 10:14:11+00:00,34.003053,-81.047555,59.6,6.24,-0.3,254.13,14.0,3D,2025-08-18 06:14:11-04:00,POINT (-81.047555 34.003053)
2025-08-18 05:40:00 UTC,sensor04,300372246,24.41,89.15,2025-08-18 10:14:16+00:00,34.002948,-81.047925,57.7,8.21,-0.4,251.84,14.0,3D,2025-08-18 06:14:16-04:00,POINT (-81.047925 34.002948)
2025-08-18 05:40:05 UTC,sensor04,300372246,24.34,89.41,2025-08-18 10:14:21+00:00,34.002828,-81.048328,56.2,7.52,-0.4,249.76,14.0,3D,2025-08-18 06:14:21-04:00,POINT (-81.048328 34.002828)
2025-08-18 05:40:10 UTC,sensor04,300372246,24.25,89.57,2025-08-18 10:14:26+00:00,34.002718,-81.048653,56.4,5.05,0.5,247.32,14.0,3D,2025-08-18 06:14:26-04:00,POINT (-81.048653 34.002718)
2025-08-18 05:40:15 UTC,sensor04,300372246,24.23,89.82,2025-08-18 10:14:31+00:00,34.002563,-81.048868,55.4,5.42,0.0,200.73,14.0,3D,2025-08-18 06:14:31-04:00,POINT (-81.048868 34.002563)
2025-08-18 05:40:20 UTC,sensor04,300372246,24.2,89.96,2025-08-18 10:14:36+00:00,34.00233,-81.048838,56.1,5.47,0.2,159.87,14.0,3D,2025-08-18 06:14:36-04:00,POINT (-81.048838 34.00233)
2025-08-18 05:40:25 UTC,sensor04,300372246,24.24,90.02,2025-08-18 10:14:41+00:00,34.002038,-81.048702,57.4,7.0,0.3,159.0,14.0,3D,2025-08-18 06:14:41-04:00,POINT (-81.048702 34.002038)
2025-08-18 05:40:30 UTC,sensor04,300372246,24.29,90.01,2025-08-18 10:14:47+00:00,34.001717,-81.048522,58.2,6.01,0.4,0.0,14.0,3D,2025-08-18 06:14:47-04:00,POINT (-81.048522 34.001717)
2025-08-18 05:40:35 UTC,sensor04,300372246,24.24,90.04,2025-08-18 10:14:52+00:00,34.001488,-81.048453,55.3,4.25,0.8,0.0,14.0,3D,2025-08-18 06:14:52-04:00,POINT (-81.048453 34.001488)
2025-08-18 05:40:40 UTC,sensor04,300372246,24.2,90.28,2025-08-18 10:14:57+00:00,34.001298,-81.048572,60.0,5.15,0.3,0.0,14.0,3D,2025-08-18 06:14:57-04:00,POINT (-81.048572 34.001298)
2025-08-18 05:40:45 UTC,sensor04,300372246,24.17,90.4,2025-08-18 10:15:02+00:00,34.001162,-81.048905,59.2,8.03,0.3,0.0,14.0,3D,2025-08-18 06:15:02-04:00,POINT (-81.048905 34.001162)
2025-08-18 05:40:50 UTC,sensor04,300372246,24.18,90.5,2025-08-18 10:15:07+00:00,34.000992,-81.049395,59.7,10.52,-0.1,0.0,4.0,3D,2025-08-18 06:15:07-04:00,POINT (-81.049395 34.000992)
2025-08-18 05:40:55 UTC,sensor04,300372246,24.17,90.5,2025-08-18 10:15:12+00:00,34.00082,-81.04992,60.5,10.23,1.2,0.0,8.0,3D,2025-08-18 06:15:12-04:00,POINT (-81.04992 34.00082)
2025-08-18 05:41:00 UTC,sensor04,300372246,24.16,90.49,2025-08-18 10:15:17+00:00,34.000657,-81.050368,64.2,8.25,-0.1,0.0,8.0,3D,2025-08-18 06:15:17-04:00,POINT (-81.050368 34.000657)
2025-08-18 05:41:05 UTC,sensor04,300372246,24.14,90.5,2025-08-18 10:15:22+00:00,34.000488,-81.050785,63.5,8.84,-0.1,0.0,12.0,3D,2025-08-18 06:15:22-04:00,POINT (-81.050785 34.000488)
2025-08-18 05:41:10 UTC,sensor04,300372246,24.07,90.84,2025-08-18 10:15:27+00:00,34.000302,-81.051227,61.6,9.34,-0.3,0.0,14.0,3D,2025-08-18 06:15:27-04:00,POINT (-81.051227 34.000302)
2025-08-18 05:41:15 UTC,sensor04,300372246,24.04,91.38,2025-08-18 10:15:32+00:00,34.000132,-81.051715,55.3,9.63,-4.2,244.71,14.0,3D,2025-08-18 06:15:32-04:00,POINT (-81.051715 34.000132)
2025-08-18 05:41:20 UTC,sensor04,300372246,24.01,91.82,2025-08-18 10:15:37+00:00,33.999935,-81.052177,53.7,9.51,-0.4,0.0,14.0,3D,2025-08-18 06:15:37-04:00,POINT (-81.052177 33.999935)
2025-08-18 05:41:25 UTC,sensor04,300372246,23.97,91.94,2025-08-18 10:15:42+00:00,33.99973,-81.05263,53.3,9.29,-0.5,0.0,12.0,3D,2025-08-18 06:15:42-04:00,POINT (-81.05263 33.99973)
2025-08-18 05:41:30 UTC,sensor04,300372246,23.93,92.16,2025-08-18 10:15:47+00:00,33.999532,-81.053062,52.1,8.8,-0.2,241.89,14.0,3D,2025-08-18 06:15:47-04:00,POINT (-81.053062 33.999532)
2025-08-18 05:41:35 UTC,sensor04,300372246,24.01,92.6,2025-08-18 10:15:52+00:00,33.999347,-81.053467,52.2,8.54,0.0,241.55,14.0,3D,2025-08-18 06:15:52-04:00,POINT (-81.053467 33.999347)
2025-08-18 05:41:41 UTC,sensor04,300372246,24.0,92.4,2025-08-18 10:15:57+00:00,33.999163,-81.053873,52.2,8.22,-0.1,241.9,14.0,3D,2025-08-18 06:15:57-04:00,POINT (-81.053873 33.999163)
2025-08-18 05:41:46 UTC,sensor04,300372246,23.97,92.09,2025-08-18 10:16:02+00:00,33.998983,-81.054268,49.9,8.57,-0.4,240.94,14.0,3D,2025-08-18 06:16:02-04:00,POINT (-81.054268 33.998983)
2025-08-18 05:41:51 UTC,sensor04,300372246,23.86,92.04,2025-08-18 10:16:07+00:00,33.998782,-81.054665,49.3,8.79,-0.2,239.78,14.0,3D,2025-08-18 06:16:07-04:00,POINT (-81.054665 33.998782)
2025-08-18 05:41:56 UTC,sensor04,300372246,23.78,91.84,2025-08-18 10:16:12+00:00,33.998593,-81.055077,48.8,8.56,0.0,241.71,14.0,3D,2025-08-18 06:16:12-04:00,POINT (-81.055077 33.998593)
2025-08-18 05:42:01 UTC,sensor04,300372246,23.66,91.91,2025-08-18 10:16:17+00:00,33.998408,-81.055487,48.6,8.66,-0.2,240.88,14.0,3D,2025-08-18 06:16:17-04:00,POINT (-81.055487 33.998408)
2025-08-18 05:42:06 UTC,sensor04,300372246,23.63,92.14,2025-08-18 10:16:22+00:00,33.998217,-81.055898,48.2,8.83,-0.1,241.16,14.0,3D,2025-08-18 06:16:22-04:00,POINT (-81.055898 33.998217)
2025-08-18 05:42:11 UTC,sensor04,300372246,23.6,92.02,2025-08-18 10:16:27+00:00,33.998027,-81.056328,47.8,9.02,-0.2,241.82,14.0,3D,2025-08-18 06:16:27-04:00,POINT (-81.056328 33.998027)
2025-08-18 05:42:16 UTC,sensor04,300372246,23.58,91.95,2025-08-18 10:16:32+00:00,33.997848,-81.056737,46.6,8.24,-0.5,238.8,14.0,3D,2025-08-18 06:16:32-04:00,POINT (-81.056737 33.997848)
2025-08-18 05:42:21 UTC,sensor04,300372246,23.56,92.18,2025-08-18 10:16:37+00:00,33.997675,-81.057118,47.1,8.16,0.0,243.6,14.0,3D,2025-08-18 06:16:37-04:00,POINT (-81.057118 33.997675)
2025-08-18 05:42:26 UTC,sensor04,300372246,23.59,92.45,2025-08-18 10:16:42+00:00,33.997497,-81.057528,47.6,8.91,-0.7,244.39,14.0,3D,2025-08-18 06:16:42-04:00,POINT (-81.057528 33.997497)
2025-08-18 05:42:31 UTC,sensor04,300372246,23.53,92.45,2025-08-18 10:16:47+00:00,33.997317,-81.057932,48.8,7.94,-0.2,240.89,14.0,3D,2025-08-18 06:16:47-04:00,POINT (-81.057932 33.997317)
2025-08-18 05:42:36 UTC,sensor04,300372246,23.48,92.56,2025-08-18 10:16:53+00:00,33.99711,-81.058365,50.6,7.67,0.1,0.0,14.0,3D,2025-08-18 06:16:53-04:00,POINT (-81.058365 33.99711)
2025-08-18 05:42:41 UTC,sensor04,300372246,23.42,92.63,2025-08-18 10:16:58+00:00,33.996935,-81.058715,52.5,7.77,0.6,0.0,14.0,3D,2025-08-18 06:16:58-04:00,POINT (-81.058715 33.996935)
2025-08-18 05:42:46 UTC,sensor04,300372246,23.4,92.77,2025-08-18 10:17:03+00:00,33.996748,-81.05908,53.6,8.1,0.1,0.0,14.0,3D,2025-08-18 06:17:03-04:00,POINT (-81.05908 33.996748)
2025-08-18 05:42:51 UTC,sensor04,300372246,23.4,92.95,2025-08-18 10:17:08+00:00,33.996555,-81.059443,54.3,8.31,0.1,236.14,14.0,3D,2025-08-18 06:17:08-04:00,POINT (-81.059443 33.996555)
2025-08-18 05:42:56 UTC,sensor04,300372246,23.45,92.76,2025-08-18 10:17:13+00:00,33.996353,-81.059812,54.0,8.45,-0.4,237.02,14.0,3D,2025-08-18 06:17:13-04:00,POINT (-81.059812 33.996353)
2025-08-18 05:43:01 UTC,sensor04,300372246,23.48,92.33,2025-08-18 10:17:18+00:00,33.996148,-81.060185,53.8,8.29,0.3,236.53,14.0,3D,2025-08-18 06:17:18-04:00,POINT (-81.060185 33.996148)
2025-08-18 05:43:06 UTC,sensor04,300372246,23.43,91.99,2025-08-18 10:17:23+00:00,33.995938,-81.060578,53.8,9.2,-0.3,238.82,14.0,3D,2025-08-18 06:17:23-04:00,POINT (-81.060578 33.995938)
2025-08-18 05:43:11 UTC,sensor04,300372246,23.43,91.84,2025-08-18 10:17:28+00:00,33.995737,-81.060997,53.7,8.3,0.1,242.53,14.0,3D,2025-08-18 06:17:28-04:00,POINT (-81.060997 33.995737)
2025-08-18 05:43:16 UTC,sensor04,300372246,23.4,91.87,2025-08-18 10:17:33+00:00,33.995567,-81.061372,54.4,7.8,0.2,243.34,14.0,3D,2025-08-18 06:17:33-04:00,POINT (-81.061372 33.995567)
2025-08-18 05:43:21 UTC,sensor04,300372246,23.39,91.91,2025-08-18 10:17:37+00:00,33.995448,-81.061677,56.0,7.75,0.4,0.0,4.0,3D,2025-08-18 06:17:37-04:00,POINT (-81.061677 33.995448)
2025-08-18 05:43:26 UTC,sensor04,300372246,23.38,91.96,2025-08-18 10:17:41+00:00,33.99533,-81.061988,57.5,7.96,0.38,246.7,4.0,3D,2025-08-18 06:17:41-04:00,POINT (-81.061988 33.99533)
2025-08-18 05:43:31 UTC,sensor04,300372246,23.38,91.91,2025-08-18 10:17:48+00:00,33.995128,-81.062555,60.1,7.87,0.2,248.06,14.0,3D,2025-08-18 06:17:48-04:00,POINT (-81.062555 33.995128)
2025-08-18 05:43:36 UTC,sensor04,300372246,23.38,91.76,2025-08-18 10:17:53+00:00,33.994992,-81.062957,62.4,8.11,0.4,248.26,14.0,3D,2025-08-18 06:17:53-04:00,POINT (-81.062957 33.994992)
2025-08-18 05:43:41 UTC,sensor04,300372246,23.34,91.7,2025-08-18 10:17:58+00:00,33.994848,-81.063387,65.5,8.54,0.2,248.31,14.0,3D,2025-08-18 06:17:58-04:00,POINT (-81.063387 33.994848)
2025-08-18 05:43:47 UTC,sensor04,300372246,23.32,91.66,2025-08-18 10:18:03+00:00,33.994693,-81.06384,68.2,9.57,0.6,247.71,14.0,3D,2025-08-18 06:18:03-04:00,POINT (-81.06384 33.994693)
2025-08-18 05:43:52 UTC,sensor04,300372246,23.32,91.72,2025-08-18 10:18:08+00:00,33.994537,-81.06429,71.2,8.03,0.6,248.12,14.0,3D,2025-08-18 06:18:08-04:00,POINT (-81.06429 33.994537)
2025-08-18 05:43:57 UTC,sensor04,300372246,23.34,91.79,2025-08-18 10:18:13+00:00,33.994395,-81.064703,73.9,8.49,0.8,247.45,14.0,3D,2025-08-18 06:18:13-04:00,POINT (-81.064703 33.994395)
2025-08-18 05:44:02 UTC,sensor04,300372246,23.33,91.82,2025-08-18 10:18:18+00:00,33.994253,-81.065138,74.7,8.68,0.1,247.84,14.0,3D,2025-08-18 06:18:18-04:00,POINT (-81.065138 33.994253)
2025-08-18 05:44:07 UTC,sensor04,300372246,23.33,91.83,2025-08-18 10:18:23+00:00,33.99411,-81.065572,74.7,8.44,-0.3,247.32,14.0,3D,2025-08-18 06:18:23-04:00,POINT (-81.065572 33.99411)
2025-08-18 05:44:12 UTC,sensor04,300372246,23.33,91.95,2025-08-18 10:18:28+00:00,33.993963,-81.06601,75.4,9.0,0.2,248.38,14.0,3D,2025-08-18 06:18:28-04:00,POINT (-81.06601 33.993963)
2025-08-18 05:44:17 UTC,sensor04,300372246,23.29,92.02,2025-08-18 10:18:33+00:00,33.993803,-81.066488,76.8,9.86,0.4,247.59,14.0,3D,2025-08-18 06:18:33-04:00,POINT (-81.066488 33.993803)
2025-08-18 05:44:22 UTC,sensor04,300372246,23.3,92.1,2025-08-18 10:18:38+00:00,33.99364,-81.066993,76.8,10.24,0.0,248.57,14.0,3D,2025-08-18 06:18:38-04:00,POINT (-81.066993 33.99364)
2025-08-18 05:44:27 UTC,sensor04,300372246,23.31,92.03,2025-08-18 10:18:43+00:00,33.993483,-81.067467,76.9,8.65,-0.1,248.94,14.0,3D,2025-08-18 06:18:43-04:00,POINT (-81.067467 33.993483)
2025-08-18 05:44:32 UTC,sensor04,300372246,23.33,91.98,2025-08-18 10:18:48+00:00,33.993335,-81.067907,77.4,8.77,0.1,247.91,14.0,3D,2025-08-18 06:18:48-04:00,POINT (-81.067907 33.993335)
2025-08-18 05:44:37 UTC,sensor04,300372246,23.27,91.72,2025-08-18 10:18:54+00:00,33.993168,-81.068392,78.3,7.96,0.1,0.0,14.0,3D,2025-08-18 06:18:54-04:00,POINT (-81.068392 33.993168)
2025-08-18 05:44:42 UTC,sensor04,300372246,23.25,91.7,2025-08-18 10:18:59+00:00,33.993052,-81.06876,79.6,7.04,0.3,0.0,14.0,3D,2025-08-18 06:18:59-04:00,POINT (-81.06876 33.993052)
2025-08-18 05:44:47 UTC,sensor04,300372246,23.23,91.97,2025-08-18 10:19:04+00:00,33.99292,-81.069148,80.9,7.82,0.2,0.0,14.0,3D,2025-08-18 06:19:04-04:00,POINT (-81.069148 33.99292)
2025-08-18 05:44:52 UTC,sensor04,300372246,23.18,92.07,2025-08-18 10:19:09+00:00,33.9928,-81.069517,82.1,7.11,0.7,0.0,14.0,3D,2025-08-18 06:19:09-04:00,POINT (-81.069517 33.9928)
2025-08-18 05:44:57 UTC,sensor04,300372246,23.22,92.07,2025-08-18 10:19:14+00:00,33.99268,-81.069892,83.4,7.47,0.4,248.4,14.0,3D,2025-08-18 06:19:14-04:00,POINT (-81.069892 33.99268)
2025-08-18 05:45:02 UTC,sensor04,300372246,23.25,92.05,2025-08-18 10:19:19+00:00,33.992555,-81.07027,84.2,7.28,0.4,248.08,14.0,3D,2025-08-18 06:19:19-04:00,POINT (-81.07027 33.992555)
2025-08-18 05:45:07 UTC,sensor04,300372246,23.34,91.95,2025-08-18 10:19:24+00:00,33.992437,-81.07064,86.4,7.35,0.2,248.96,14.0,3D,2025-08-18 06:19:24-04:00,POINT (-81.07064 33.992437)
2025-08-18 05:45:12 UTC,sensor04,300372246,23.31,91.71,2025-08-18 10:19:29+00:00,33.992318,-81.071025,87.4,7.56,0.2,250.65,14.0,3D,2025-08-18 06:19:29-04:00,POINT (-81.071025 33.992318)
2025-08-18 05:45:17 UTC,sensor04,300372246,23.35,91.57,2025-08-18 10:19:34+00:00,33.992192,-81.071437,93.9,7.74,0.5,252.48,14.0,3D,2025-08-18 06:19:34-04:00,POINT (-81.071437 33.992192)
2025-08-18 05:45:22 UTC,sensor04,300372246,23.29,91.3,2025-08-18 10:19:37+00:00,33.992128,-81.071677,94.8,7.72,0.4,0.0,4.0,3D,2025-08-18 06:19:37-04:00,POINT (-81.071677 33.992128)
2025-08-18 05:45:27 UTC,sensor04,300372246,23.2,91.41,2025-08-18 10:19:42+00:00,33.992033,-81.072092,94.6,8.11,-0.2,0.0,13.0,3D,2025-08-18 06:19:42-04:00,POINT (-81.072092 33.992033)
2025-08-18 05:45:32 UTC,sensor04,300372246,23.21,91.52,2025-08-18 10:19:49+00:00,33.991908,-81.072662,95.2,7.83,0.3,255.11,13.0,3D,2025-08-18 06:19:49-04:00,POINT (-81.072662 33.991908)
2025-08-18 05:45:37 UTC,sensor04,300372246,23.29,91.56,2025-08-18 10:19:54+00:00,33.991817,-81.073095,94.4,8.64,-0.2,255.99,13.0,3D,2025-08-18 06:19:54-04:00,POINT (-81.073095 33.991817)
2025-08-18 05:45:42 UTC,sensor04,300372246,23.33,91.4,2025-08-18 10:19:59+00:00,33.991713,-81.073565,94.6,9.27,0.1,256.29,13.0,3D,2025-08-18 06:19:59-04:00,POINT (-81.073565 33.991713)
2025-08-18 05:45:48 UTC,sensor04,300372246,23.42,91.06,2025-08-18 10:20:04+00:00,33.9916,-81.074045,97.0,8.76,0.3,256.45,13.0,3D,2025-08-18 06:20:04-04:00,POINT (-81.074045 33.9916)
2025-08-18 05:45:53 UTC,sensor04,300372246,23.34,90.96,2025-08-18 10:20:09+00:00,33.991502,-81.074508,95.5,8.98,-0.7,258.71,13.0,3D,2025-08-18 06:20:09-04:00,POINT (-81.074508 33.991502)
2025-08-18 05:45:58 UTC,sensor04,300372246,23.35,91.02,2025-08-18 10:20:14+00:00,33.991392,-81.074968,99.5,7.95,2.4,253.73,13.0,3D,2025-08-18 06:20:14-04:00,POINT (-81.074968 33.991392)
2025-08-18 05:46:03 UTC,sensor04,300372246,23.35,91.02,2025-08-18 10:20:19+00:00,33.991302,-81.075373,100.8,7.66,0.3,255.1,13.0,3D,2025-08-18 06:20:19-04:00,POINT (-81.075373 33.991302)
2025-08-18 05:46:08 UTC,sensor04,300372246,23.41,91.06,2025-08-18 10:20:24+00:00,33.991215,-81.07578,99.5,7.81,0.4,254.98,13.0,3D,2025-08-18 06:20:24-04:00,POINT (-81.07578 33.991215)
2025-08-18 05:46:13 UTC,sensor04,300372246,23.47,90.66,2025-08-18 10:20:29+00:00,33.99112,-81.076187,100.2,7.68,0.0,253.12,13.0,3D,2025-08-18 06:20:29-04:00,POINT (-81.076187 33.99112)
2025-08-18 05:46:18 UTC,sensor04,300372246,23.46,90.48,2025-08-18 10:20:34+00:00,33.991013,-81.076588,101.4,7.96,0.1,251.45,13.0,3D,2025-08-18 06:20:34-04:00,POINT (-81.076588 33.991013)
2025-08-18 05:46:23 UTC,sensor04,300372246,23.47,90.62,2025-08-18 10:20:39+00:00,33.990887,-81.077003,102.1,8.12,0.1,248.66,13.0,3D,2025-08-18 06:20:39-04:00,POINT (-81.077003 33.990887)
2025-08-18 05:46:28 UTC,sensor04,300372246,23.52,90.4,2025-08-18 10:20:44+00:00,33.990762,-81.077397,103.8,8.18,0.7,246.6,13.0,3D,2025-08-18 06:20:44-04:00,POINT (-81.077397 33.990762)
2025-08-18 05:46:33 UTC,sensor04,300372246,23.58,90.27,2025-08-18 10:20:49+00:00,33.99062,-81.077802,104.0,8.52,0.1,246.99,13.0,3D,2025-08-18 06:20:49-04:00,POINT (-81.077802 33.99062)
2025-08-18 05:46:38 UTC,sensor04,300372246,23.62,90.06,2025-08-18 10:20:54+00:00,33.99047,-81.078218,104.2,8.43,0.0,246.01,13.0,3D,2025-08-18 06:20:54-04:00,POINT (-81.078218 33.99047)
2025-08-18 05:46:43 UTC,sensor04,300372246,23.67,89.93,2025-08-18 10:21:00+00:00,33.990285,-81.078735,104.4,8.74,0.1,0.0,13.0,3D,2025-08-18 06:21:00-04:00,POINT (-81.078735 33.990285)
2025-08-18 05:46:48 UTC,sensor04,300372246,23.74,89.71,2025-08-18 10:21:05+00:00,33.990128,-81.079175,104.6,8.88,0.0,0.0,13.0,3D,2025-08-18 06:21:05-04:00,POINT (-81.079175 33.990128)
2025-08-18 05:46:53 UTC,sensor04,300372246,23.77,89.47,2025-08-18 10:21:10+00:00,33.989972,-81.079618,104.5,8.74,0.0,0.0,13.0,3D,2025-08-18 06:21:10-04:00,POINT (-81.079618 33.989972)
2025-08-18 05:46:58 UTC,sensor04,300372246,23.77,89.43,2025-08-18 10:21:15+00:00,33.989812,-81.080058,104.7,9.3,0.1,246.36,13.0,3D,2025-08-18 06:21:15-04:00,POINT (-81.080058 33.989812)
2025-08-18 05:47:03 UTC,sensor04,300372246,23.74,89.38,2025-08-18 10:21:20+00:00,33.989637,-81.080547,105.2,9.73,0.1,246.56,13.0,3D,2025-08-18 06:21:20-04:00,POINT (-81.080547 33.989637)
2025-08-18 05:47:08 UTC,sensor04,300372246,23.79,89.45,2025-08-18 10:21:25+00:00,33.989472,-81.080995,106.0,8.64,0.2,246.02,13.0,3D,2025-08-18 06:21:25-04:00,POINT (-81.080995 33.989472)
2025-08-18 05:47:13 UTC,sensor04,300372246,23.76,89.27,2025-08-18 10:21:30+00:00,33.989313,-81.081423,106.7,8.84,0.1,246.94,13.0,3D,2025-08-18 06:21:30-04:00,POINT (-81.081423 33.989313)
2025-08-18 05:47:18 UTC,sensor04,300372246,23.69,89.37,2025-08-18 10:21:35+00:00,33.989152,-81.081873,107.3,9.27,0.2,244.96,13.0,3D,2025-08-18 06:21:35-04:00,POINT (-81.081873 33.989152)
2025-08-18 05:47:23 UTC,sensor04,300372246,23.69,89.47,2025-08-18 10:21:38+00:00,33.98904,-81.082148,107.8,9.62,0.1,0.0,13.0,3D,2025-08-18 06:21:38-04:00,POINT (-81.082148 33.98904)
2025-08-18 05:47:28 UTC,sensor04,300372246,23.59,89.52,2025-08-18 10:21:42+00:00,33.988888,-81.082525,108.9,9.74,0.28,246.45,13.0,3D,2025-08-18 06:21:42-04:00,POINT (-81.082525 33.988888)
2025-08-18 05:47:33 UTC,sensor04,300372246,23.58,89.52,2025-08-18 10:21:50+00:00,33.988637,-81.083205,109.6,8.34,0.0,246.79,13.0,3D,2025-08-18 06:21:50-04:00,POINT (-81.083205 33.988637)
2025-08-18 05:47:38 UTC,sensor04,300372246,23.58,89.49,2025-08-18 10:21:55+00:00,33.988472,-81.083647,109.5,9.63,-0.1,246.39,13.0,3D,2025-08-18 06:21:55-04:00,POINT (-81.083647 33.988472)
2025-08-18 05:47:43 UTC,sensor04,300372246,23.68,89.54,2025-08-18 10:22:00+00:00,33.988288,-81.084163,108.8,10.82,-0.1,246.62,13.0,3D,2025-08-18 06:22:00-04:00,POINT (-81.084163 33.988288)
2025-08-18 05:47:49 UTC,sensor04,300372246,23.72,89.33,2025-08-18 10:22:05+00:00,33.988093,-81.084713,107.2,11.32,-0.4,247.49,13.0,3D,2025-08-18 06:22:05-04:00,POINT (-81.084713 33.988093)
2025-08-18 05:47:54 UTC,sensor04,300372246,23.61,89.14,2025-08-18 10:22:10+00:00,33.987897,-81.085288,105.3,11.66,-0.7,247.1,13.0,3D,2025-08-18 06:22:10-04:00,POINT (-81.085288 33.987897)
2025-08-18 05:47:59 UTC,sensor04,300372246,23.47,89.5,2025-08-18 10:22:15+00:00,33.987708,-81.085882,104.1,12.03,-0.4,249.56,13.0,3D,2025-08-18 06:22:15-04:00,POINT (-81.085882 33.987708)
2025-08-18 05:48:04 UTC,sensor04,300372246,23.42,89.9,2025-08-18 10:22:20+00:00,33.987523,-81.086472,101.8,11.2,-0.4,250.35,13.0,3D,2025-08-18 06:22:20-04:00,POINT (-81.086472 33.987523)
2025-08-18 05:48:09 UTC,sensor04,300372246,23.32,90.2,2025-08-18 10:22:25+00:00,33.987363,-81.087003,99.7,9.81,-0.5,249.81,13.0,3D,2025-08-18 06:22:25-04:00,POINT (-81.087003 33.987363)
2025-08-18 05:48:14 UTC,sensor04,300372246,23.2,90.47,2025-08-18 10:22:30+00:00,33.987203,-81.087522,97.3,10.3,-0.6,249.96,13.0,3D,2025-08-18 06:22:30-04:00,POINT (-81.087522 33.987203)
2025-08-18 05:48:19 UTC,sensor04,300372246,23.17,90.82,2025-08-18 10:22:35+00:00,33.987042,-81.088058,95.2,10.54,-0.5,249.78,13.0,3D,2025-08-18 06:22:35-04:00,POINT (-81.088058 33.987042)
2025-08-18 05:48:24 UTC,sensor04,300372246,23.22,91.14,2025-08-18 10:22:40+00:00,33.986908,-81.088565,92.5,8.55,-0.4,251.16,13.0,3D,2025-08-18 06:22:40-04:00,POINT (-81.088565 33.986908)
2025-08-18 05:48:29 UTC,sensor04,300372246,23.17,91.17,2025-08-18 10:22:45+00:00,33.9868,-81.0889,91.6,4.19,-0.1,238.56,13.0,3D,2025-08-18 06:22:45-04:00,POINT (-81.0889 33.9868)
2025-08-18 05:48:34 UTC,sensor04,300372246,23.19,91.29,2025-08-18 10:22:50+00:00,33.986678,-81.088915,90.6,3.4,-0.2,136.46,13.0,3D,2025-08-18 06:22:50-04:00,POINT (-81.088915 33.986678)
2025-08-18 05:48:39 UTC,sensor04,300372246,23.24,91.25,2025-08-18 10:22:56+00:00,33.9867,-81.088607,91.0,6.47,0.3,0.0,13.0,3D,2025-08-18 06:22:56-04:00,POINT (-81.088607 33.9867)
2025-08-18 05:48:44 UTC,sensor04,300372246,23.27,91.15,2025-08-18 10:23:01+00:00,33.986818,-81.088202,91.9,9.35,-2.0,0.0,13.0,3D,2025-08-18 06:23:01-04:00,POINT (-81.088202 33.986818)
2025-08-18 05:48:49 UTC,sensor04,300372246,23.34,91.05,2025-08-18 10:23:06+00:00,33.986938,-81.087798,93.1,7.96,0.3,70.75,13.0,3D,2025-08-18 06:23:06-04:00,POINT (-81.087798 33.986938)
2025-08-18 05:48:54 UTC,sensor04,300372246,23.32,90.78,2025-08-18 10:23:11+00:00,33.987047,-81.087392,94.4,7.35,0.3,74.25,13.0,3D,2025-08-18 06:23:11-04:00,POINT (-81.087392 33.987047)
2025-08-18 05:48:59 UTC,sensor04,300372246,23.34,90.66,2025-08-18 10:23:16+00:00,33.987152,-81.087015,95.6,6.82,0.2,69.51,13.0,3D,2025-08-18 06:23:16-04:00,POINT (-81.087015 33.987152)
2025-08-18 05:49:04 UTC,sensor04,300372246,23.35,90.64,2025-08-18 10:23:21+00:00,33.987238,-81.086722,96.9,4.21,0.3,69.07,13.0,3D,2025-08-18 06:23:21-04:00,POINT (-81.086722 33.987238)
2025-08-18 05:49:14 UTC,sensor04,300372246,23.33,90.69,2025-08-18 10:23:31+00:00,33.987232,-81.086475,98.5,2.38,0.2,145.06,13.0,3D,2025-08-18 06:23:31-04:00,POINT (-81.086475 33.987232)
2025-08-18 05:49:19 UTC,sensor04,300372246,23.26,90.79,2025-08-18 10:23:36+00:00,33.987087,-81.086397,99.3,4.31,0.2,150.46,13.0,3D,2025-08-18 06:23:36-04:00,POINT (-81.086397 33.987087)
2025-08-18 05:49:24 UTC,sensor04,300372246,23.22,90.77,2025-08-18 10:23:38+00:00,33.987015,-81.086345,99.7,4.75,0.2,0.0,13.0,3D,2025-08-18 06:23:38-04:00,POINT (-81.086345 33.987015)
2025-08-18 05:49:29 UTC,sensor04,300372246,23.17,90.9,2025-08-18 10:23:46+00:00,33.986688,-81.086195,101.4,4.57,0.17,166.86,4.0,3D,2025-08-18 06:23:46-04:00,POINT (-81.086195 33.986688)
2025-08-18 05:49:34 UTC,sensor04,300372246,23.15,91.14,2025-08-18 10:23:51+00:00,33.986485,-81.08616,102.1,4.7,0.2,174.29,13.0,3D,2025-08-18 06:23:51-04:00,POINT (-81.08616 33.986485)
2025-08-18 05:49:39 UTC,sensor04,300372246,23.13,91.22,2025-08-18 10:23:56+00:00,33.986277,-81.086128,104.8,4.82,0.3,174.05,13.0,3D,2025-08-18 06:23:56-04:00,POINT (-81.086128 33.986277)
2025-08-18 05:49:45 UTC,sensor04,300372246,23.11,91.36,2025-08-18 10:24:01+00:00,33.986052,-81.086092,106.4,4.97,0.2,166.95,13.0,3D,2025-08-18 06:24:01-04:00,POINT (-81.086092 33.986052)
2025-08-18 05:49:50 UTC,sensor04,300372246,23.08,91.51,2025-08-18 10:24:06+00:00,33.985832,-81.08602,107.3,4.75,0.4,160.1,13.0,3D,2025-08-18 06:24:06-04:00,POINT (-81.08602 33.985832)
2025-08-18 05:49:55 UTC,sensor04,300372246,23.09,91.55,2025-08-18 10:24:11+00:00,33.985672,-81.085958,108.0,3.38,0.0,164.04,13.0,3D,2025-08-18 06:24:11-04:00,POINT (-81.085958 33.985672)
2025-08-18 05:50:20 UTC,sensor04,300372246,23.23,91.37,2025-08-18 10:24:36+00:00,33.985432,-81.085852,107.3,4.24,0.1,133.04,13.0,3D,2025-08-18 06:24:36-04:00,POINT (-81.085852 33.985432)
2025-08-18 05:50:25 UTC,sensor04,300372246,23.34,91.09,2025-08-18 10:24:41+00:00,33.985402,-81.085557,107.6,7.29,-0.1,81.16,13.0,3D,2025-08-18 06:24:41-04:00,POINT (-81.085557 33.985402)
2025-08-18 05:50:30 UTC,sensor04,300372246,23.46,90.71,2025-08-18 10:24:46+00:00,33.985445,-81.085175,107.8,6.39,0.1,82.2,13.0,3D,2025-08-18 06:24:46-04:00,POINT (-81.085175 33.985445)
2025-08-18 05:50:35 UTC,sensor04,300372246,23.55,90.27,2025-08-18 10:24:52+00:00,33.985498,-81.08473,108.6,6.71,0.1,0.0,13.0,3D,2025-08-18 06:24:52-04:00,POINT (-81.08473 33.985498)
2025-08-18 05:50:40 UTC,sensor04,300372246,23.64,89.96,2025-08-18 10:24:57+00:00,33.985543,-81.084358,108.6,7.14,0.2,0.0,13.0,3D,2025-08-18 06:24:57-04:00,POINT (-81.084358 33.985543)
2025-08-18 05:50:45 UTC,sensor04,300372246,23.73,89.53,2025-08-18 10:25:02+00:00,33.985593,-81.083958,108.8,7.75,0.2,0.0,13.0,3D,2025-08-18 06:25:02-04:00,POINT (-81.083958 33.985593)
2025-08-18 05:50:50 UTC,sensor04,300372246,23.87,89.1,2025-08-18 10:25:07+00:00,33.985637,-81.08352,109.9,8.35,1.8,0.0,4.0,3D,2025-08-18 06:25:07-04:00,POINT (-81.08352 33.985637)
2025-08-18 05:50:55 UTC,sensor04,300372246,24.0,88.62,2025-08-18 10:25:12+00:00,33.985683,-81.083088,110.2,7.63,0.0,0.0,8.0,3D,2025-08-18 06:25:12-04:00,POINT (-81.083088 33.985683)
2025-08-18 05:51:00 UTC,sensor04,300372246,24.12,88.21,2025-08-18 10:25:17+00:00,33.985722,-81.082695,110.7,7.28,0.1,0.0,8.0,3D,2025-08-18 06:25:17-04:00,POINT (-81.082695 33.985722)
2025-08-18 05:51:05 UTC,sensor04,300372246,24.23,87.74,2025-08-18 10:25:22+00:00,33.985767,-81.082275,111.2,7.91,0.1,0.0,13.0,3D,2025-08-18 06:25:22-04:00,POINT (-81.082275 33.985767)
2025-08-18 05:51:10 UTC,sensor04,300372246,24.26,87.39,2025-08-18 10:25:27+00:00,33.985813,-81.081845,111.8,7.75,0.2,0.0,13.0,3D,2025-08-18 06:25:27-04:00,POINT (-81.081845 33.985813)
2025-08-18 05:51:15 UTC,sensor04,300372246,24.24,87.18,2025-08-18 10:25:32+00:00,33.98585,-81.081475,111.0,6.5,-0.1,82.92,13.0,3D,2025-08-18 06:25:32-04:00,POINT (-81.081475 33.98585)
2025-08-18 05:51:20 UTC,sensor04,300372246,24.27,87.2,2025-08-18 10:25:37+00:00,33.98589,-81.08112,110.9,6.74,-0.2,82.16,13.0,3D,2025-08-18 06:25:37-04:00,POINT (-81.08112 33.98589)
2025-08-18 05:51:25 UTC,sensor04,300372246,24.26,87.25,2025-08-18 10:25:42+00:00,33.985933,-81.080742,111.5,7.1,0.15,82.26,13.0,3D,2025-08-18 06:25:42-04:00,POINT (-81.080742 33.985933)
2025-08-18 05:51:30 UTC,sensor04,300372246,24.22,87.32,2025-08-18 10:25:47+00:00,33.985977,-81.080368,111.2,6.87,-0.1,82.31,13.0,3D,2025-08-18 06:25:47-04:00,POINT (-81.080368 33.985977)
2025-08-18 05:51:36 UTC,sensor04,300372246,24.23,87.3,2025-08-18 10:25:52+00:00,33.986015,-81.07999,110.8,7.33,0.0,84.03,13.0,3D,2025-08-18 06:25:52-04:00,POINT (-81.07999 33.986015)
2025-08-18 05:51:41 UTC,sensor04,300372246,24.23,87.27,2025-08-18 10:25:57+00:00,33.986062,-81.07957,110.3,8.31,-0.1,81.39,13.0,3D,2025-08-18 06:25:57-04:00,POINT (-81.07957 33.986062)
2025-08-18 05:51:46 UTC,sensor04,300372246,24.17,87.35,2025-08-18 10:26:02+00:00,33.98612,-81.079103,110.2,8.79,0.1,81.06,13.0,3D,2025-08-18 06:26:02-04:00,POINT (-81.079103 33.98612)
2025-08-18 05:51:51 UTC,sensor04,300372246,24.14,87.43,2025-08-18 10:26:07+00:00,33.986175,-81.078628,108.5,9.03,-0.5,83.49,13.0,3D,2025-08-18 06:26:07-04:00,POINT (-81.078628 33.986175)
2025-08-18 05:51:56 UTC,sensor04,300372246,24.23,87.55,2025-08-18 10:26:12+00:00,33.986225,-81.07817,105.8,8.02,-0.4,83.31,13.0,3D,2025-08-18 06:26:12-04:00,POINT (-81.07817 33.986225)
2025-08-18 05:52:01 UTC,sensor04,300372246,24.23,87.36,2025-08-18 10:26:17+00:00,33.986287,-81.077735,103.8,8.23,-0.3,82.67,13.0,3D,2025-08-18 06:26:17-04:00,POINT (-81.077735 33.986287)
2025-08-18 05:52:06 UTC,sensor04,300372246,24.18,87.43,2025-08-18 10:26:22+00:00,33.98635,-81.077288,102.2,8.22,-0.5,81.56,13.0,3D,2025-08-18 06:26:22-04:00,POINT (-81.077288 33.98635)
2025-08-18 05:52:11 UTC,sensor04,300372246,24.08,87.76,2025-08-18 10:26:27+00:00,33.9864,-81.076837,100.5,8.27,-0.3,82.35,13.0,3D,2025-08-18 06:26:27-04:00,POINT (-81.076837 33.9864)
2025-08-18 05:52:16 UTC,sensor04,300372246,24.08,87.9,2025-08-18 10:26:32+00:00,33.986437,-81.076378,97.9,8.13,-0.2,82.02,13.0,3D,2025-08-18 06:26:32-04:00,POINT (-81.076378 33.986437)
2025-08-18 05:52:21 UTC,sensor04,300372246,24.05,87.96,2025-08-18 10:26:37+00:00,33.986478,-81.075943,97.3,7.87,0.2,82.86,13.0,3D,2025-08-18 06:26:37-04:00,POINT (-81.075943 33.986478)
2025-08-18 05:52:26 UTC,sensor04,300372246,24.06,88.01,2025-08-18 10:26:43+00:00,33.986542,-81.075435,96.9,7.96,0.4,0.0,13.0,3D,2025-08-18 06:26:43-04:00,POINT (-81.075435 33.986542)
2025-08-18 05:52:31 UTC,sensor04,300372246,24.11,87.98,2025-08-18 10:26:48+00:00,33.986617,-81.075062,96.6,6.73,-0.1,0.0,13.0,3D,2025-08-18 06:26:48-04:00,POINT (-81.075062 33.986617)
2025-08-18 05:52:36 UTC,sensor04,300372246,24.13,87.94,2025-08-18 10:26:53+00:00,33.986708,-81.074703,95.8,6.55,-0.8,0.0,13.0,3D,2025-08-18 06:26:53-04:00,POINT (-81.074703 33.986708)
2025-08-18 05:52:41 UTC,sensor04,300372246,24.26,87.79,2025-08-18 10:26:58+00:00,33.986843,-81.074343,94.5,7.22,-0.2,63.55,13.0,3D,2025-08-18 06:26:58-04:00,POINT (-81.074343 33.986843)
2025-08-18 05:52:46 UTC,sensor04,300372246,24.3,87.54,2025-08-18 10:27:03+00:00,33.986983,-81.074015,92.4,6.63,-0.4,66.74,13.0,3D,2025-08-18 06:27:03-04:00,POINT (-81.074015 33.986983)
2025-08-18 05:52:51 UTC,sensor04,300372246,24.36,87.32,2025-08-18 10:27:08+00:00,33.987098,-81.073685,93.9,6.74,2.5,67.73,13.0,3D,2025-08-18 06:27:08-04:00,POINT (-81.073685 33.987098)
2025-08-18 05:52:56 UTC,sensor04,300372246,24.38,87.14,2025-08-18 10:27:13+00:00,33.987213,-81.073362,91.9,6.42,-0.5,66.23,13.0,3D,2025-08-18 06:27:13-04:00,POINT (-81.073362 33.987213)
2025-08-18 05:53:01 UTC,sensor04,300372246,24.37,87.08,2025-08-18 10:27:18+00:00,33.987307,-81.073063,90.3,5.35,-0.9,71.25,13.0,3D,2025-08-18 06:27:18-04:00,POINT (-81.073063 33.987307)
2025-08-18 05:53:11 UTC,sensor04,300372246,24.46,87.0,2025-08-18 10:27:28+00:00,33.98734,-81.072803,88.9,2.98,-0.2,130.47,13.0,3D,2025-08-18 06:27:28-04:00,POINT (-81.072803 33.98734)
2025-08-18 05:53:16 UTC,sensor04,300372246,24.45,86.89,2025-08-18 10:27:33+00:00,33.987143,-81.072713,88.8,4.93,1.7,162.8,13.0,3D,2025-08-18 06:27:33-04:00,POINT (-81.072713 33.987143)
2025-08-18 05:53:37 UTC,sensor04,300372246,24.49,86.67,2025-08-18 10:27:53+00:00,33.986937,-81.072625,88.7,4.6,0.1,160.19,13.0,3D,2025-08-18 06:27:53-04:00,POINT (-81.072625 33.986937)
2025-08-18 05:53:42 UTC,sensor04,300372246,24.46,86.66,2025-08-18 10:27:58+00:00,33.986677,-81.072515,88.4,6.97,-0.1,160.35,13.0,3D,2025-08-18 06:27:58-04:00,POINT (-81.072515 33.986677)
2025-08-18 05:53:47 UTC,sensor04,300372246,24.46,86.72,2025-08-18 10:28:03+00:00,33.98638,-81.072373,87.6,7.32,-0.1,160.15,13.0,3D,2025-08-18 06:28:03-04:00,POINT (-81.072373 33.98638)
2025-08-18 05:53:52 UTC,sensor04,300372246,24.5,86.74,2025-08-18 10:28:08+00:00,33.986075,-81.072233,87.1,7.12,-0.1,160.64,13.0,3D,2025-08-18 06:28:08-04:00,POINT (-81.072233 33.986075)
2025-08-18 05:53:57 UTC,sensor04,300372246,24.54,86.64,2025-08-18 10:28:13+00:00,33.985783,-81.072097,86.9,6.64,0.0,157.46,13.0,3D,2025-08-18 06:28:13-04:00,POINT (-81.072097 33.985783)
2025-08-18 05:54:02 UTC,sensor04,300372246,24.55,86.51,2025-08-18 10:28:18+00:00,33.985487,-81.071943,86.3,6.89,-0.7,151.09,13.0,3D,2025-08-18 06:28:18-04:00,POINT (-81.071943 33.985487)
2025-08-18 05:54:07 UTC,sensor04,300372246,24.5,86.54,2025-08-18 10:28:23+00:00,33.985182,-81.071788,88.8,7.22,0.2,162.68,13.0,3D,2025-08-18 06:28:23-04:00,POINT (-81.071788 33.985182)
2025-08-18 05:54:12 UTC,sensor04,300372246,24.47,86.55,2025-08-18 10:28:29+00:00,33.984785,-81.071638,93.0,7.84,0.1,0.0,13.0,3D,2025-08-18 06:28:29-04:00,POINT (-81.071638 33.984785)
2025-08-18 05:54:17 UTC,sensor04,300372246,24.54,86.49,2025-08-18 10:28:33+00:00,33.98452,-81.071527,92.6,7.63,-0.2,160.92,13.0,3D,2025-08-18 06:28:33-04:00,POINT (-81.071527 33.98452)
2025-08-18 05:54:22 UTC,sensor04,300372246,24.29,86.59,2025-08-18 10:28:39+00:00,33.984078,-81.071322,91.4,9.33,-0.2,0.0,13.0,3D,2025-08-18 06:28:39-04:00,POINT (-81.071322 33.984078)
2025-08-18 05:54:27 UTC,sensor04,300372246,24.2,87.06,2025-08-18 10:28:44+00:00,33.983702,-81.071147,92.0,8.58,0.3,0.0,13.0,3D,2025-08-18 06:28:44-04:00,POINT (-81.071147 33.983702)
2025-08-18 05:54:32 UTC,sensor04,300372246,23.99,87.4,2025-08-18 10:28:49+00:00,33.983347,-81.07097,91.7,8.7,-0.1,0.0,13.0,3D,2025-08-18 06:28:49-04:00,POINT (-81.07097 33.983347)
2025-08-18 05:54:37 UTC,sensor04,300372246,23.88,87.91,2025-08-18 10:28:54+00:00,33.982973,-81.070792,93.6,8.99,1.6,158.88,13.0,3D,2025-08-18 06:28:54-04:00,POINT (-81.070792 33.982973)
2025-08-18 05:54:42 UTC,sensor04,300372246,23.76,88.5,2025-08-18 10:28:59+00:00,33.982607,-81.07062,93.3,8.75,-0.1,157.98,13.0,3D,2025-08-18 06:28:59-04:00,POINT (-81.07062 33.982607)
2025-08-18 05:54:47 UTC,sensor04,300372246,23.63,88.78,2025-08-18 10:29:04+00:00,33.982267,-81.070458,90.5,8.26,-1.2,160.09,13.0,3D,2025-08-18 06:29:04-04:00,POINT (-81.070458 33.982267)
2025-08-18 05:54:52 UTC,sensor04,300372246,23.5,89.16,2025-08-18 10:29:09+00:00,33.981923,-81.07028,85.8,8.34,-0.9,156.66,13.0,3D,2025-08-18 06:29:09-04:00,POINT (-81.07028 33.981923)
2025-08-18 05:54:57 UTC,sensor04,300372246,23.46,89.61,2025-08-18 10:29:14+00:00,33.981642,-81.07012,84.8,4.69,-0.1,155.52,13.0,3D,2025-08-18 06:29:14-04:00,POINT (-81.07012 33.981642)
2025-08-18 05:55:02 UTC,sensor04,300372246,23.46,89.82,2025-08-18 10:29:19+00:00,33.981417,-81.070028,83.5,4.88,-0.3,156.39,13.0,3D,2025-08-18 06:29:19-04:00,POINT (-81.070028 33.981417)
2025-08-18 05:55:07 UTC,sensor04,300372246,23.51,89.87,2025-08-18 10:29:24+00:00,33.981342,-81.06983,82.6,4.17,0.0,73.77,13.0,3D,2025-08-18 06:29:24-04:00,POINT (-81.06983 33.981342)
2025-08-18 05:55:12 UTC,sensor04,300372246,23.49,89.82,2025-08-18 10:29:29+00:00,33.981417,-81.069593,81.1,4.61,-0.5,69.03,13.0,3D,2025-08-18 06:29:29-04:00,POINT (-81.069593 33.981417)
2025-08-18 05:55:17 UTC,sensor04,300372246,23.48,89.83,2025-08-18 10:29:34+00:00,33.981483,-81.069405,80.5,2.31,-0.1,67.0,13.0,3D,2025-08-18 06:29:34-04:00,POINT (-81.069405 33.981483)
2025-08-18 05:55:33 UTC,sensor04,300372246,23.47,89.96,2025-08-18 10:29:49+00:00,33.981602,-81.069218,79.7,2.49,-0.6,92.2,13.0,3D,2025-08-18 06:29:49-04:00,POINT (-81.069218 33.981602)
2025-08-18 05:55:38 UTC,sensor04,300372246,23.48,89.99,2025-08-18 10:29:54+00:00,33.981577,-81.068937,81.3,6.35,0.1,99.68,13.0,3D,2025-08-18 06:29:54-04:00,POINT (-81.068937 33.981577)
2025-08-18 05:55:43 UTC,sensor04,300372246,23.43,90.11,2025-08-18 10:29:59+00:00,33.981527,-81.068578,80.7,7.0,0.0,100.45,13.0,3D,2025-08-18 06:29:59-04:00,POINT (-81.068578 33.981527)
2025-08-18 05:55:48 UTC,sensor04,300372246,23.38,90.31,2025-08-18 10:30:04+00:00,33.981437,-81.068192,79.0,7.86,-0.1,110.49,13.0,3D,2025-08-18 06:30:04-04:00,POINT (-81.068192 33.981437)
2025-08-18 05:55:53 UTC,sensor04,300372246,23.41,90.44,2025-08-18 10:30:09+00:00,33.9813,-81.067773,79.8,8.0,0.0,111.4,13.0,3D,2025-08-18 06:30:09-04:00,POINT (-81.067773 33.9813)
2025-08-18 05:55:58 UTC,sensor04,300372246,23.44,90.47,2025-08-18 10:30:14+00:00,33.98116,-81.067418,79.5,5.84,0.0,121.68,13.0,3D,2025-08-18 06:30:14-04:00,POINT (-81.067418 33.98116)
2025-08-18 05:56:03 UTC,sensor04,300372246,23.52,90.34,2025-08-18 10:30:19+00:00,33.98103,-81.067175,77.2,5.51,-0.4,125.89,13.0,3D,2025-08-18 06:30:19-04:00,POINT (-81.067175 33.98103)
2025-08-18 05:56:08 UTC,sensor04,300372246,23.54,90.3,2025-08-18 10:30:24+00:00,33.98087,-81.066952,77.0,4.82,0.0,134.01,13.0,3D,2025-08-18 06:30:24-04:00,POINT (-81.066952 33.98087)
2025-08-18 05:56:38 UTC,sensor04,300372246,23.69,89.8,2025-08-18 10:30:55+00:00,33.980545,-81.066985,76.7,6.69,0.3,249.11,13.0,3D,2025-08-18 06:30:55-04:00,POINT (-81.066985 33.980545)
2025-08-18 05:56:43 UTC,sensor04,300372246,23.84,89.51,2025-08-18 10:31:00+00:00,33.980403,-81.067398,80.5,8.61,1.3,249.68,13.0,3D,2025-08-18 06:31:00-04:00,POINT (-81.067398 33.980403)
2025-08-18 05:56:48 UTC,sensor04,300372246,23.9,89.14,2025-08-18 10:31:05+00:00,33.98028,-81.067868,85.7,9.29,0.4,249.86,13.0,3D,2025-08-18 06:31:05-04:00,POINT (-81.067868 33.98028)
2025-08-18 05:56:53 UTC,sensor04,300372246,24.02,88.99,2025-08-18 10:31:10+00:00,33.98013,-81.068325,85.9,8.95,0.0,249.34,13.0,3D,2025-08-18 06:31:10-04:00,POINT (-81.068325 33.98013)
2025-08-18 05:56:58 UTC,sensor04,300372246,24.11,88.59,2025-08-18 10:31:15+00:00,33.979987,-81.068785,85.6,8.88,0.1,249.31,13.0,3D,2025-08-18 06:31:15-04:00,POINT (-81.068785 33.979987)
2025-08-18 05:57:03 UTC,sensor04,300372246,24.17,88.21,2025-08-18 10:31:20+00:00,33.97985,-81.069217,85.8,7.88,0.2,249.4,13.0,3D,2025-08-18 06:31:20-04:00,POINT (-81.069217 33.97985)
2025-08-18 05:57:08 UTC,sensor04,300372246,24.1,87.94,2025-08-18 10:31:25+00:00,33.979733,-81.06959,86.3,7.51,-0.1,249.37,13.0,3D,2025-08-18 06:31:25-04:00,POINT (-81.06959 33.979733)
2025-08-18 05:57:13 UTC,sensor04,300372246,24.07,87.93,2025-08-18 10:31:30+00:00,33.979617,-81.069983,86.9,8.18,0.4,247.8,13.0,3D,2025-08-18 06:31:30-04:00,POINT (-81.069983 33.979617)
2025-08-18 05:57:18 UTC,sensor04,300372246,24.07,88.01,2025-08-18 10:31:35+00:00,33.979485,-81.070402,86.8,8.2,0.0,248.92,13.0,3D,2025-08-18 06:31:35-04:00,POINT (-81.070402 33.979485)
2025-08-18 05:57:23 UTC,sensor04,300372246,24.01,88.1,2025-08-18 10:31:40+00:00,33.979345,-81.070823,86.6,8.28,-0.1,248.74,13.0,3D,2025-08-18 06:31:40-04:00,POINT (-81.070823 33.979345)
2025-08-18 05:57:29 UTC,sensor04,300372246,23.88,88.28,2025-08-18 10:31:44+00:00,33.979238,-81.071153,86.2,7.96,-0.1,250.23,13.0,3D,2025-08-18 06:31:44-04:00,POINT (-81.071153 33.979238)
2025-08-18 05:57:34 UTC,sensor04,300372246,23.96,88.46,2025-08-18 10:31:50+00:00,33.979093,-81.071642,84.6,7.84,0.0,248.96,13.0,3D,2025-08-18 06:31:50-04:00,POINT (-81.071642 33.979093)
2025-08-18 05:57:39 UTC,sensor04,300372246,23.94,88.4,2025-08-18 10:31:55+00:00,33.978958,-81.072045,84.8,8.25,0.1,249.37,13.0,3D,2025-08-18 06:31:55-04:00,POINT (-81.072045 33.978958)
2025-08-18 05:57:44 UTC,sensor04,300372246,23.9,88.5,2025-08-18 10:32:00+00:00,33.97882,-81.072468,83.9,8.63,-0.2,248.98,13.0,3D,2025-08-18 06:32:00-04:00,POINT (-81.072468 33.97882)
2025-08-18 05:57:49 UTC,sensor04,300372246,23.9,88.57,2025-08-18 10:32:05+00:00,33.978683,-81.072897,82.0,8.37,-0.3,248.46,13.0,3D,2025-08-18 06:32:05-04:00,POINT (-81.072897 33.978683)
2025-08-18 05:57:54 UTC,sensor04,300372246,23.79,88.62,2025-08-18 10:32:10+00:00,33.97855,-81.073308,81.3,7.97,0.0,248.86,13.0,3D,2025-08-18 06:32:10-04:00,POINT (-81.073308 33.97855)
2025-08-18 05:57:59 UTC,sensor04,300372246,23.64,88.98,2025-08-18 10:32:15+00:00,33.978425,-81.073707,82.1,7.88,0.4,248.43,13.0,3D,2025-08-18 06:32:15-04:00,POINT (-81.073707 33.978425)
2025-08-18 05:58:04 UTC,sensor04,300372246,23.6,89.16,2025-08-18 10:32:20+00:00,33.978303,-81.074082,83.9,6.82,0.4,248.43,13.0,3D,2025-08-18 06:32:20-04:00,POINT (-81.074082 33.978303)
2025-08-18 05:58:09 UTC,sensor04,300372246,23.63,89.39,2025-08-18 10:32:25+00:00,33.9782,-81.07441,85.9,6.22,0.3,249.59,13.0,3D,2025-08-18 06:32:25-04:00,POINT (-81.07441 33.9782)
2025-08-18 05:58:14 UTC,sensor04,300372246,23.62,89.57,2025-08-18 10:32:30+00:00,33.9781,-81.074723,87.7,6.16,0.3,248.06,13.0,3D,2025-08-18 06:32:30-04:00,POINT (-81.074723 33.9781)
2025-08-18 05:58:19 UTC,sensor04,300372246,23.61,89.6,2025-08-18 10:32:35+00:00,33.97798,-81.075053,89.2,7.1,0.3,241.71,13.0,3D,2025-08-18 06:32:35-04:00,POINT (-81.075053 33.97798)
2025-08-18 05:58:24 UTC,sensor04,300372246,23.58,89.57,2025-08-18 10:32:41+00:00,33.977742,-81.075382,90.6,6.67,0.1,0.0,13.0,3D,2025-08-18 06:32:41-04:00,POINT (-81.075382 33.977742)
2025-08-18 05:58:29 UTC,sensor04,300372246,23.61,89.56,2025-08-18 10:32:46+00:00,33.977442,-81.075513,90.8,7.62,0.0,0.0,13.0,3D,2025-08-18 06:32:46-04:00,POINT (-81.075513 33.977442)
2025-08-18 05:58:34 UTC,sensor04,300372246,23.54,89.65,2025-08-18 10:32:51+00:00,33.977098,-81.075615,90.4,7.8,0.0,0.0,13.0,3D,2025-08-18 06:32:51-04:00,POINT (-81.075615 33.977098)
2025-08-18 05:58:39 UTC,sensor04,300372246,23.51,89.81,2025-08-18 10:32:56+00:00,33.976727,-81.075718,89.7,8.8,-0.1,194.28,13.0,3D,2025-08-18 06:32:56-04:00,POINT (-81.075718 33.976727)
2025-08-18 05:58:44 UTC,sensor04,300372246,23.44,89.85,2025-08-18 10:33:01+00:00,33.976332,-81.075837,89.2,9.0,-0.2,193.88,13.0,3D,2025-08-18 06:33:01-04:00,POINT (-81.075837 33.976332)
2025-08-18 05:58:49 UTC,sensor04,300372246,23.46,90.01,2025-08-18 10:33:06+00:00,33.975937,-81.075953,88.3,8.94,-0.3,194.47,13.0,3D,2025-08-18 06:33:06-04:00,POINT (-81.075953 33.975937)
2025-08-18 05:58:54 UTC,sensor04,300372246,23.4,90.18,2025-08-18 10:33:11+00:00,33.975548,-81.076068,87.1,8.72,-0.3,194.01,13.0,3D,2025-08-18 06:33:11-04:00,POINT (-81.076068 33.975548)
2025-08-18 05:58:59 UTC,sensor04,300372246,23.35,90.25,2025-08-18 10:33:16+00:00,33.975165,-81.076185,85.6,8.54,-0.3,194.39,13.0,3D,2025-08-18 06:33:16-04:00,POINT (-81.076185 33.975165)
2025-08-18 05:59:04 UTC,sensor04,300372246,23.34,90.41,2025-08-18 10:33:21+00:00,33.974807,-81.076255,84.3,7.45,-0.2,190.73,13.0,3D,2025-08-18 06:33:21-04:00,POINT (-81.076255 33.974807)
2025-08-18 05:59:09 UTC,sensor04,300372246,23.37,90.51,2025-08-18 10:33:26+00:00,33.974497,-81.076358,83.1,6.55,-0.3,197.25,13.0,3D,2025-08-18 06:33:26-04:00,POINT (-81.076358 33.974497)
2025-08-18 05:59:14 UTC,sensor04,300372246,23.35,90.5,2025-08-18 10:33:31+00:00,33.974282,-81.076418,82.0,3.45,-0.2,186.48,13.0,3D,2025-08-18 06:33:31-04:00,POINT (-81.076418 33.974282)
2025-08-18 05:59:19 UTC,sensor04,300372246,23.35,90.5,2025-08-18 10:33:36+00:00,33.974178,-81.076415,81.3,2.67,-0.1,169.3,13.0,3D,2025-08-18 06:33:36-04:00,POINT (-81.076415 33.974178)
2025-08-18 05:59:35 UTC,sensor04,300372246,23.38,90.51,2025-08-18 10:33:51+00:00,33.974183,-81.076065,80.6,3.77,-0.1,57.55,13.0,3D,2025-08-18 06:33:51-04:00,POINT (-81.076065 33.974183)
2025-08-18 05:59:40 UTC,sensor04,300372246,23.42,90.48,2025-08-18 10:33:56+00:00,33.97432,-81.075837,80.6,5.34,0.3,47.7,13.0,3D,2025-08-18 06:33:56-04:00,POINT (-81.075837 33.97432)
2025-08-18 05:59:45 UTC,sensor04,300372246,23.48,90.37,2025-08-18 10:34:01+00:00,33.97449,-81.075595,84.0,5.84,0.5,57.8,13.0,3D,2025-08-18 06:34:01-04:00,POINT (-81.075595 33.97449)
2025-08-18 05:59:50 UTC,sensor04,300372246,23.39,90.43,2025-08-18 10:34:06+00:00,33.974637,-81.075322,84.1,5.73,-0.3,61.52,13.0,3D,2025-08-18 06:34:06-04:00,POINT (-81.075322 33.974637)
2025-08-18 05:59:55 UTC,sensor04,300372246,23.23,90.77,2025-08-18 10:34:11+00:00,33.974755,-81.07503,86.2,6.61,0.3,64.17,13.0,3D,2025-08-18 06:34:11-04:00,POINT (-81.07503 33.974755)
2025-08-18 06:00:00 UTC,sensor04,300372246,23.21,91.1,2025-08-18 10:34:16+00:00,33.974863,-81.074695,87.3,6.38,0.1,68.41,13.0,3D,2025-08-18 06:34:16-04:00,POINT (-81.074695 33.974863)
2025-08-18 06:00:05 UTC,sensor04,300372246,23.26,91.19,2025-08-18 10:34:21+00:00,33.975,-81.0743,89.9,7.12,0.4,68.94,13.0,3D,2025-08-18 06:34:21-04:00,POINT (-81.0743 33.975)
2025-08-18 06:00:10 UTC,sensor04,300372246,23.25,90.79,2025-08-18 10:34:26+00:00,33.975128,-81.073897,89.6,8.57,0.0,67.75,13.0,3D,2025-08-18 06:34:26-04:00,POINT (-81.073897 33.975128)
2025-08-18 06:00:15 UTC,sensor04,300372246,23.15,90.96,2025-08-18 10:34:31+00:00,33.975277,-81.07345,88.1,8.9,-0.2,68.4,13.0,3D,2025-08-18 06:34:31-04:00,POINT (-81.07345 33.975277)
2025-08-18 06:00:20 UTC,sensor04,300372246,23.03,91.3,2025-08-18 10:34:36+00:00,33.975408,-81.073018,87.3,8.47,-0.3,68.46,13.0,3D,2025-08-18 06:34:36-04:00,POINT (-81.073018 33.975408)
2025-08-18 06:00:25 UTC,sensor04,300372246,22.97,91.55,2025-08-18 10:34:41+00:00,33.975545,-81.072592,86.4,8.41,-0.1,68.76,13.0,3D,2025-08-18 06:34:41-04:00,POINT (-81.072592 33.975545)
2025-08-18 06:00:30 UTC,sensor04,300372246,22.93,91.78,2025-08-18 10:34:46+00:00,33.97568,-81.07216,85.1,8.53,-0.3,71.05,13.0,3D,2025-08-18 06:34:46-04:00,POINT (-81.07216 33.97568)
2025-08-18 06:00:35 UTC,sensor04,300372246,22.88,92.04,2025-08-18 10:34:51+00:00,33.975813,-81.071733,81.6,8.61,-1.0,69.16,13.0,3D,2025-08-18 06:34:51-04:00,POINT (-81.071733 33.975813)
2025-08-18 06:00:40 UTC,sensor04,300372246,22.79,92.25,2025-08-18 10:34:57+00:00,33.975977,-81.071217,79.4,8.25,-0.1,0.0,13.0,3D,2025-08-18 06:34:57-04:00,POINT (-81.071217 33.975977)
2025-08-18 06:00:45 UTC,sensor04,300372246,22.78,92.6,2025-08-18 10:35:02+00:00,33.97612,-81.070793,77.7,8.25,-0.2,0.0,13.0,3D,2025-08-18 06:35:02-04:00,POINT (-81.070793 33.97612)
2025-08-18 06:00:50 UTC,sensor04,300372246,22.9,92.74,2025-08-18 10:35:07+00:00,33.976235,-81.070437,78.0,6.4,0.5,0.0,13.0,3D,2025-08-18 06:35:07-04:00,POINT (-81.070437 33.976235)
2025-08-18 06:00:55 UTC,sensor04,300372246,22.89,92.53,2025-08-18 10:35:12+00:00,33.976318,-81.07017,79.3,3.34,0.2,0.0,13.0,3D,2025-08-18 06:35:12-04:00,POINT (-81.07017 33.976318)
2025-08-18 06:01:00 UTC,sensor04,300372246,22.93,92.5,2025-08-18 10:35:17+00:00,33.976343,-81.070048,77.6,3.85,-2.2,0.0,4.0,3D,2025-08-18 06:35:17-04:00,POINT (-81.070048 33.976343)
2025-08-18 06:01:05 UTC,sensor04,300372246,22.93,92.39,2025-08-18 10:35:22+00:00,33.976457,-81.069702,78.7,8.39,0.1,0.0,4.0,3D,2025-08-18 06:35:22-04:00,POINT (-81.069702 33.976457)
2025-08-18 06:01:10 UTC,sensor04,300372246,22.92,92.42,2025-08-18 10:35:27+00:00,33.976602,-81.069263,78.5,8.46,-0.2,0.0,8.0,3D,2025-08-18 06:35:27-04:00,POINT (-81.069263 33.976602)
2025-08-18 06:01:15 UTC,sensor04,300372246,22.92,92.43,2025-08-18 10:35:32+00:00,33.976713,-81.068835,83.3,8.6,3.7,0.0,8.0,3D,2025-08-18 06:35:32-04:00,POINT (-81.068835 33.976713)
2025-08-18 06:01:20 UTC,sensor04,300372246,22.87,92.51,2025-08-18 10:35:37+00:00,33.976828,-81.068442,83.8,6.76,-0.1,0.0,8.0,3D,2025-08-18 06:35:37-04:00,POINT (-81.068442 33.976828)
2025-08-18 06:01:25 UTC,sensor04,300372246,22.9,92.55,2025-08-18 10:35:41+00:00,33.97688,-81.068267,85.3,3.13,0.6,0.0,13.0,3D,2025-08-18 06:35:41-04:00,POINT (-81.068267 33.97688)
2025-08-18 06:01:30 UTC,sensor04,300372246,22.91,92.54,2025-08-18 10:35:45+00:00,33.9769,-81.068195,88.0,2.6,0.68,69.39,13.0,3D,2025-08-18 06:35:45-04:00,POINT (-81.068195 33.9769)
2025-08-18 06:01:35 UTC,sensor04,300372246,22.98,92.58,2025-08-18 10:35:52+00:00,33.976933,-81.068087,87.8,4.16,0.2,69.58,13.0,3D,2025-08-18 06:35:52-04:00,POINT (-81.068087 33.976933)
2025-08-18 06:01:40 UTC,sensor04,300372246,23.1,92.39,2025-08-18 10:35:57+00:00,33.977017,-81.067808,89.5,5.68,0.0,65.68,13.0,3D,2025-08-18 06:35:57-04:00,POINT (-81.067808 33.977017)
2025-08-18 06:01:45 UTC,sensor04,300372246,23.13,92.21,2025-08-18 10:36:02+00:00,33.977122,-81.067475,89.3,6.91,0.1,73.49,13.0,3D,2025-08-18 06:36:02-04:00,POINT (-81.067475 33.977122)
2025-08-18 06:01:50 UTC,sensor04,300372246,23.15,92.0,2025-08-18 10:36:07+00:00,33.977237,-81.067077,89.1,8.28,0.1,71.74,13.0,3D,2025-08-18 06:36:07-04:00,POINT (-81.067077 33.977237)
2025-08-18 06:01:55 UTC,sensor04,300372246,23.12,91.83,2025-08-18 10:36:12+00:00,33.977388,-81.066647,87.2,8.13,-0.3,67.76,13.0,3D,2025-08-18 06:36:12-04:00,POINT (-81.066647 33.977388)
2025-08-18 06:02:01 UTC,sensor04,300372246,23.07,91.76,2025-08-18 10:36:17+00:00,33.977523,-81.066243,87.6,7.65,0.1,69.69,13.0,3D,2025-08-18 06:36:17-04:00,POINT (-81.066243 33.977523)
2025-08-18 06:02:06 UTC,sensor04,300372246,23.04,91.84,2025-08-18 10:36:22+00:00,33.977643,-81.065848,87.2,7.81,-0.5,68.85,13.0,3D,2025-08-18 06:36:22-04:00,POINT (-81.065848 33.977643)
2025-08-18 06:02:11 UTC,sensor04,300372246,23.03,91.92,2025-08-18 10:36:27+00:00,33.977775,-81.065448,86.5,7.6,-0.3,71.02,13.0,3D,2025-08-18 06:36:27-04:00,POINT (-81.065448 33.977775)
2025-08-18 06:02:16 UTC,sensor04,300372246,23.08,92.06,2025-08-18 10:36:32+00:00,33.977897,-81.065052,86.6,8.18,-0.2,71.1,13.0,3D,2025-08-18 06:36:32-04:00,POINT (-81.065052 33.977897)
2025-08-18 06:02:21 UTC,sensor04,300372246,23.02,91.89,2025-08-18 10:36:37+00:00,33.978032,-81.064625,84.3,7.61,-0.6,67.8,13.0,3D,2025-08-18 06:36:37-04:00,POINT (-81.064625 33.978032)
2025-08-18 06:02:26 UTC,sensor04,300372246,22.98,92.14,2025-08-18 10:36:42+00:00,33.978143,-81.06425,83.6,6.3,0.8,68.96,13.0,3D,2025-08-18 06:36:42-04:00,POINT (-81.06425 33.978143)
2025-08-18 06:02:36 UTC,sensor04,300372246,23.01,92.15,2025-08-18 10:36:52+00:00,33.978285,-81.06385,77.9,6.2,-0.3,68.11,13.0,3D,2025-08-18 06:36:52-04:00,POINT (-81.06385 33.978285)
2025-08-18 06:02:41 UTC,sensor04,300372246,22.96,92.17,2025-08-18 10:36:57+00:00,33.978407,-81.063482,76.7,7.91,-0.2,68.25,13.0,3D,2025-08-18 06:36:57-04:00,POINT (-81.063482 33.978407)
2025-08-18 06:02:46 UTC,sensor04,300372246,22.89,92.42,2025-08-18 10:37:02+00:00,33.978545,-81.063092,76.7,7.63,0.0,68.5,13.0,3D,2025-08-18 06:37:02-04:00,POINT (-81.063092 33.978545)
2025-08-18 06:02:51 UTC,sensor04,300372246,22.89,92.6,2025-08-18 10:37:07+00:00,33.978672,-81.062708,74.8,7.62,-0.2,68.0,13.0,3D,2025-08-18 06:37:07-04:00,POINT (-81.062708 33.978672)
2025-08-18 06:02:56 UTC,sensor04,300372246,22.84,92.67,2025-08-18 10:37:12+00:00,33.978778,-81.062398,73.6,3.72,0.0,67.58,13.0,3D,2025-08-18 06:37:12-04:00,POINT (-81.062398 33.978778)
2025-08-18 06:03:01 UTC,sensor04,300372246,22.88,92.65,2025-08-18 10:37:18+00:00,33.978873,-81.062323,72.4,2.77,-0.3,0.0,13.0,3D,2025-08-18 06:37:18-04:00,POINT (-81.062323 33.978873)
2025-08-18 06:03:06 UTC,sensor04,300372246,22.85,92.73,2025-08-18 10:37:23+00:00,33.979045,-81.06239,71.3,5.32,-0.4,0.0,13.0,3D,2025-08-18 06:37:23-04:00,POINT (-81.06239 33.979045)
2025-08-18 06:03:11 UTC,sensor04,300372246,22.87,92.86,2025-08-18 10:37:28+00:00,33.979307,-81.062512,70.9,6.58,-0.2,0.0,13.0,3D,2025-08-18 06:37:28-04:00,POINT (-81.062512 33.979307)
2025-08-18 06:03:16 UTC,sensor04,300372246,22.87,92.85,2025-08-18 10:37:33+00:00,33.979582,-81.062638,70.7,6.05,0.0,339.3,13.0,3D,2025-08-18 06:37:33-04:00,POINT (-81.062638 33.979582)
2025-08-18 06:03:26 UTC,sensor04,300372246,22.88,92.83,2025-08-18 10:37:41+00:00,33.97977,-81.06265,68.0,2.74,-0.2,0.0,13.0,3D,2025-08-18 06:37:41-04:00,POINT (-81.06265 33.97977)
2025-08-18 06:03:31 UTC,sensor04,300372246,22.85,92.81,2025-08-18 10:37:48+00:00,33.979883,-81.062318,68.7,6.17,0.4,69.72,13.0,3D,2025-08-18 06:37:48-04:00,POINT (-81.062318 33.979883)
2025-08-18 06:03:36 UTC,sensor04,300372246,22.83,92.95,2025-08-18 10:37:53+00:00,33.979955,-81.06202,68.8,4.73,-0.1,76.97,13.0,3D,2025-08-18 06:37:53-04:00,POINT (-81.06202 33.979955)
2025-08-18 06:03:41 UTC,sensor04,300372246,22.82,92.99,2025-08-18 10:37:58+00:00,33.980013,-81.061717,68.3,6.54,0.0,76.95,13.0,3D,2025-08-18 06:37:58-04:00,POINT (-81.061717 33.980013)
2025-08-18 06:03:46 UTC,sensor04,300372246,22.8,92.99,2025-08-18 10:38:03+00:00,33.980073,-81.061367,68.5,6.38,-0.1,77.45,13.0,3D,2025-08-18 06:38:03-04:00,POINT (-81.061367 33.980073)
2025-08-18 06:03:51 UTC,sensor04,300372246,22.8,93.1,2025-08-18 10:38:08+00:00,33.980133,-81.061017,68.2,6.39,0.1,78.22,13.0,3D,2025-08-18 06:38:08-04:00,POINT (-81.061017 33.980133)
2025-08-18 06:03:56 UTC,sensor04,300372246,22.79,93.2,2025-08-18 10:38:13+00:00,33.980193,-81.06069,67.8,4.96,-0.1,78.12,13.0,3D,2025-08-18 06:38:13-04:00,POINT (-81.06069 33.980193)
2025-08-18 06:04:01 UTC,sensor04,300372246,22.83,93.19,2025-08-18 10:38:18+00:00,33.980227,-81.06048,69.5,3.54,0.1,81.29,13.0,3D,2025-08-18 06:38:18-04:00,POINT (-81.06048 33.980227)
2025-08-18 06:04:06 UTC,sensor04,300372246,22.83,93.23,2025-08-18 10:38:23+00:00,33.98028,-81.060195,70.6,6.73,0.1,79.06,13.0,3D,2025-08-18 06:38:23-04:00,POINT (-81.060195 33.98028)
2025-08-18 06:04:11 UTC,sensor04,300372246,22.82,93.25,2025-08-18 10:38:28+00:00,33.980342,-81.059842,70.3,6.37,0.2,76.2,13.0,3D,2025-08-18 06:38:28-04:00,POINT (-81.059842 33.980342)
2025-08-18 06:04:17 UTC,sensor04,300372246,22.82,93.29,2025-08-18 10:38:33+00:00,33.980403,-81.059512,70.9,5.88,0.7,79.73,13.0,3D,2025-08-18 06:38:33-04:00,POINT (-81.059512 33.980403)
2025-08-18 06:04:22 UTC,sensor04,300372246,22.83,93.3,2025-08-18 10:38:38+00:00,33.980458,-81.05921,69.8,5.23,-0.2,78.52,13.0,3D,2025-08-18 06:38:38-04:00,POINT (-81.05921 33.980458)
2025-08-18 06:04:27 UTC,sensor04,300372246,22.82,93.31,2025-08-18 10:38:43+00:00,33.9805,-81.058942,69.0,4.49,-0.3,75.0,13.0,3D,2025-08-18 06:38:43-04:00,POINT (-81.058942 33.9805)
2025-08-18 06:04:47 UTC,sensor04,300372246,22.84,93.36,2025-08-18 10:39:03+00:00,33.98072,-81.058655,68.1,3.62,0.1,347.06,13.0,3D,2025-08-18 06:39:03-04:00,POINT (-81.058655 33.98072)
2025-08-18 06:04:52 UTC,sensor04,300372246,22.89,93.34,2025-08-18 10:39:08+00:00,33.980917,-81.05871,67.9,5.13,0.0,345.6,13.0,3D,2025-08-18 06:39:08-04:00,POINT (-81.05871 33.980917)
2025-08-18 06:04:57 UTC,sensor04,300372246,22.93,93.24,2025-08-18 10:39:13+00:00,33.981145,-81.058773,68.1,5.22,0.0,349.03,13.0,3D,2025-08-18 06:39:13-04:00,POINT (-81.058773 33.981145)
2025-08-18 06:05:02 UTC,sensor04,300372246,22.98,93.16,2025-08-18 10:39:18+00:00,33.98137,-81.058838,67.3,5.06,-0.1,345.33,13.0,3D,2025-08-18 06:39:18-04:00,POINT (-81.058838 33.98137)
2025-08-18 06:05:07 UTC,sensor04,300372246,22.99,93.02,2025-08-18 10:39:23+00:00,33.981562,-81.058913,67.4,4.7,0.1,336.2,13.0,3D,2025-08-18 06:39:23-04:00,POINT (-81.058913 33.981562)
2025-08-18 06:05:12 UTC,sensor04,300372246,22.98,92.87,2025-08-18 10:39:28+00:00,33.98177,-81.05905,67.5,5.0,-0.1,329.02,13.0,3D,2025-08-18 06:39:28-04:00,POINT (-81.05905 33.98177)
2025-08-18 06:05:17 UTC,sensor04,300372246,22.97,92.7,2025-08-18 10:39:34+00:00,33.982008,-81.059203,70.2,5.17,-0.2,0.0,13.0,3D,2025-08-18 06:39:34-04:00,POINT (-81.059203 33.982008)
2025-08-18 06:05:22 UTC,sensor04,300372246,22.99,92.71,2025-08-18 10:39:39+00:00,33.98221,-81.059313,69.0,4.04,0.1,0.0,13.0,3D,2025-08-18 06:39:39-04:00,POINT (-81.059313 33.98221)
2025-08-18 06:05:27 UTC,sensor04,300372246,22.99,92.64,2025-08-18 10:39:41+00:00,33.982267,-81.059345,69.0,2.56,-0.2,330.89,13.0,3D,2025-08-18 06:39:41-04:00,POINT (-81.059345 33.982267)
2025-08-18 06:05:37 UTC,sensor04,300372246,23.0,92.72,2025-08-18 10:39:54+00:00,33.982473,-81.0593,67.3,3.6,-0.1,74.33,13.0,3D,2025-08-18 06:39:54-04:00,POINT (-81.0593 33.982473)
2025-08-18 06:05:42 UTC,sensor04,300372246,23.03,92.8,2025-08-18 10:39:59+00:00,33.982522,-81.059068,68.0,4.46,0.1,79.32,13.0,3D,2025-08-18 06:39:59-04:00,POINT (-81.059068 33.982522)
2025-08-18 06:05:47 UTC,sensor04,300372246,23.05,92.76,2025-08-18 10:40:04+00:00,33.982567,-81.058817,69.6,4.71,0.5,83.22,13.0,3D,2025-08-18 06:40:04-04:00,POINT (-81.058817 33.982567)
2025-08-18 06:05:52 UTC,sensor04,300372246,23.12,92.75,2025-08-18 10:40:09+00:00,33.982593,-81.058578,71.0,4.6,0.1,86.65,13.0,3D,2025-08-18 06:40:09-04:00,POINT (-81.058578 33.982593)
2025-08-18 06:05:57 UTC,sensor04,300372246,23.13,92.54,2025-08-18 10:40:14+00:00,33.982617,-81.05832,72.0,4.51,0.4,81.39,13.0,3D,2025-08-18 06:40:14-04:00,POINT (-81.05832 33.982617)
2025-08-18 06:06:02 UTC,sensor04,300372246,23.14,92.45,2025-08-18 10:40:19+00:00,33.982658,-81.058123,75.3,3.13,0.1,74.55,13.0,3D,2025-08-18 06:40:19-04:00,POINT (-81.058123 33.982658)
2025-08-18 06:06:17 UTC,sensor04,300372246,23.17,92.43,2025-08-18 10:40:34+00:00,33.982833,-81.057922,72.6,2.41,-0.2,332.61,13.0,3D,2025-08-18 06:40:34-04:00,POINT (-81.057922 33.982833)
2025-08-18 06:06:22 UTC,sensor04,300372246,23.22,92.35,2025-08-18 10:40:39+00:00,33.98293,-81.057973,71.4,2.62,-0.1,350.04,13.0,3D,2025-08-18 06:40:39-04:00,POINT (-81.057973 33.98293)
2025-08-18 06:06:32 UTC,sensor04,300372246,23.26,92.13,2025-08-18 10:40:49+00:00,33.982905,-81.058087,70.0,2.29,-0.1,157.58,13.0,3D,2025-08-18 06:40:49-04:00,POINT (-81.058087 33.982905)
2025-08-18 06:06:38 UTC,sensor04,300372246,23.23,92.11,2025-08-18 10:40:54+00:00,33.982845,-81.057987,69.4,2.36,-0.3,127.71,13.0,3D,2025-08-18 06:40:54-04:00,POINT (-81.057987 33.982845)
2025-08-18 06:06:48 UTC,sensor04,300372246,23.23,92.11,2025-08-18 10:41:04+00:00,33.982703,-81.05794,69.3,2.55,0.1,220.44,13.0,3D,2025-08-18 06:41:04-04:00,POINT (-81.05794 33.982703)
2025-08-18 06:06:53 UTC,sensor04,300372246,23.25,92.18,2025-08-18 10:41:09+00:00,33.982647,-81.058132,69.9,4.71,0.1,258.77,13.0,3D,2025-08-18 06:41:09-04:00,POINT (-81.058132 33.982647)
2025-08-18 06:06:58 UTC,sensor04,300372246,23.26,92.11,2025-08-18 10:41:14+00:00,33.982607,-81.058402,70.5,4.78,0.4,261.73,13.0,3D,2025-08-18 06:41:14-04:00,POINT (-81.058402 33.982607)
2025-08-18 06:07:03 UTC,sensor04,300372246,23.29,92.05,2025-08-18 10:41:19+00:00,33.982588,-81.05866,72.1,4.57,0.0,266.71,13.0,3D,2025-08-18 06:41:19-04:00,POINT (-81.05866 33.982588)
2025-08-18 06:07:08 UTC,sensor04,300372246,23.31,91.93,2025-08-18 10:41:24+00:00,33.98256,-81.058895,72.9,4.15,0.2,260.51,13.0,3D,2025-08-18 06:41:24-04:00,POINT (-81.058895 33.98256)
2025-08-18 06:07:13 UTC,sensor04,300372246,23.25,91.87,2025-08-18 10:41:29+00:00,33.982518,-81.059108,73.4,4.12,0.0,255.2,13.0,3D,2025-08-18 06:41:29-04:00,POINT (-81.059108 33.982518)
2025-08-18 06:07:18 UTC,sensor04,300372246,23.24,91.88,2025-08-18 10:41:34+00:00,33.982463,-81.059315,73.6,2.97,0.0,248.54,13.0,3D,2025-08-18 06:41:34-04:00,POINT (-81.059315 33.982463)
2025-08-18 06:07:33 UTC,sensor04,300372246,23.21,92.03,2025-08-18 10:41:50+00:00,33.982712,-81.059685,72.4,6.34,0.1,0.0,13.0,3D,2025-08-18 06:41:50-04:00,POINT (-81.059685 33.982712)
2025-08-18 06:07:38 UTC,sensor04,300372246,23.26,92.18,2025-08-18 10:41:55+00:00,33.982965,-81.059857,72.6,6.02,0.2,0.0,13.0,3D,2025-08-18 06:41:55-04:00,POINT (-81.059857 33.982965)
2025-08-18 06:07:48 UTC,sensor04,300372246,23.46,91.82,2025-08-18 10:42:05+00:00,33.983178,-81.059972,73.0,2.24,0.0,0.0,13.0,3D,2025-08-18 06:42:05-04:00,POINT (-81.059972 33.983178)
2025-08-18 06:07:53 UTC,sensor04,300372246,23.53,91.42,2025-08-18 10:42:10+00:00,33.98331,-81.059845,73.0,6.12,-0.2,60.26,13.0,3D,2025-08-18 06:42:10-04:00,POINT (-81.059845 33.98331)
2025-08-18 06:07:58 UTC,sensor04,300372246,23.62,91.18,2025-08-18 10:42:15+00:00,33.983478,-81.059468,72.3,8.55,-0.2,67.3,13.0,3D,2025-08-18 06:42:15-04:00,POINT (-81.059468 33.983478)
2025-08-18 06:08:03 UTC,sensor04,300372246,23.61,91.06,2025-08-18 10:42:20+00:00,33.983665,-81.059043,71.7,8.78,-0.1,59.17,13.0,3D,2025-08-18 06:42:20-04:00,POINT (-81.059043 33.983665)
2025-08-18 06:08:08 UTC,sensor04,300372246,23.61,91.14,2025-08-18 10:42:25+00:00,33.983857,-81.058638,71.6,8.12,0.0,59.2,13.0,3D,2025-08-18 06:42:25-04:00,POINT (-81.058638 33.983857)
2025-08-18 06:08:13 UTC,sensor04,300372246,23.58,91.35,2025-08-18 10:42:30+00:00,33.984045,-81.058253,71.7,7.99,0.0,59.7,13.0,3D,2025-08-18 06:42:30-04:00,POINT (-81.058253 33.984045)
2025-08-18 06:08:18 UTC,sensor04,300372246,23.61,91.52,2025-08-18 10:42:35+00:00,33.984222,-81.05788,70.9,8.03,-0.1,60.56,13.0,3D,2025-08-18 06:42:35-04:00,POINT (-81.05788 33.984222)
2025-08-18 06:08:23 UTC,sensor04,300372246,23.58,91.66,2025-08-18 10:42:40+00:00,33.984397,-81.057508,70.0,7.53,-0.3,61.34,13.0,3D,2025-08-18 06:42:40-04:00,POINT (-81.057508 33.984397)
2025-08-18 06:08:28 UTC,sensor04,300372246,23.58,91.63,2025-08-18 10:42:45+00:00,33.984573,-81.057132,68.4,8.45,-0.4,59.3,13.0,3D,2025-08-18 06:42:45-04:00,POINT (-81.057132 33.984573)
2025-08-18 06:08:33 UTC,sensor04,300372246,23.61,91.45,2025-08-18 10:42:50+00:00,33.984785,-81.05674,67.8,8.66,0.0,55.3,13.0,3D,2025-08-18 06:42:50-04:00,POINT (-81.05674 33.984785)
2025-08-18 06:08:38 UTC,sensor04,300372246,23.64,91.32,2025-08-18 10:42:55+00:00,33.984983,-81.056337,68.5,8.72,0.3,61.68,13.0,3D,2025-08-18 06:42:55-04:00,POINT (-81.056337 33.984983)
2025-08-18 06:08:43 UTC,sensor04,300372246,23.79,91.22,2025-08-18 10:43:00+00:00,33.985145,-81.055938,67.8,8.36,-0.2,67.58,13.0,3D,2025-08-18 06:43:00-04:00,POINT (-81.055938 33.985145)
2025-08-18 06:08:49 UTC,sensor04,300372246,23.95,90.85,2025-08-18 10:43:05+00:00,33.985293,-81.055497,67.5,9.07,0.0,70.09,13.0,3D,2025-08-18 06:43:05-04:00,POINT (-81.055497 33.985293)
2025-08-18 06:08:54 UTC,sensor04,300372246,24.04,90.4,2025-08-18 10:43:10+00:00,33.985425,-81.055047,67.1,8.28,-0.1,71.24,13.0,3D,2025-08-18 06:43:10-04:00,POINT (-81.055047 33.985425)
2025-08-18 06:08:59 UTC,sensor04,300372246,24.08,90.23,2025-08-18 10:43:15+00:00,33.985545,-81.054635,66.8,8.29,-0.1,70.2,13.0,3D,2025-08-18 06:43:15-04:00,POINT (-81.054635 33.985545)
2025-08-18 06:09:04 UTC,sensor04,300372246,24.16,90.08,2025-08-18 10:43:20+00:00,33.98567,-81.054207,67.6,8.11,-0.4,72.31,13.0,3D,2025-08-18 06:43:20-04:00,POINT (-81.054207 33.98567)
2025-08-18 06:09:09 UTC,sensor04,300372246,24.24,89.93,2025-08-18 10:43:25+00:00,33.985805,-81.053802,65.7,7.9,0.0,70.47,13.0,3D,2025-08-18 06:43:25-04:00,POINT (-81.053802 33.985805)
2025-08-18 06:09:14 UTC,sensor04,300372246,24.3,89.7,2025-08-18 10:43:30+00:00,33.985928,-81.053375,66.9,8.93,0.3,71.42,13.0,3D,2025-08-18 06:43:30-04:00,POINT (-81.053375 33.985928)
2025-08-18 06:09:19 UTC,sensor04,300372246,24.39,89.56,2025-08-18 10:43:35+00:00,33.98606,-81.05292,65.8,8.62,-0.1,70.62,13.0,3D,2025-08-18 06:43:35-04:00,POINT (-81.05292 33.98606)
2025-08-18 06:09:24 UTC,sensor04,300372246,24.36,89.51,2025-08-18 10:43:40+00:00,33.986193,-81.052442,63.2,8.38,-0.3,71.53,13.0,3D,2025-08-18 06:43:40-04:00,POINT (-81.052442 33.986193)
2025-08-18 06:09:29 UTC,sensor04,300372246,24.39,89.52,2025-08-18 10:43:42+00:00,33.986242,-81.052268,63.7,8.47,0.4,0.0,13.0,3D,2025-08-18 06:43:42-04:00,POINT (-81.052268 33.986242)
2025-08-18 06:09:34 UTC,sensor04,300372246,24.38,89.52,2025-08-18 10:43:50+00:00,33.986492,-81.051513,62.2,9.43,-0.47,70.55,13.0,3D,2025-08-18 06:43:50-04:00,POINT (-81.051513 33.986492)
2025-08-18 06:09:39 UTC,sensor04,300372246,24.4,89.65,2025-08-18 10:43:55+00:00,33.98664,-81.051037,60.6,9.64,-0.6,70.44,13.0,3D,2025-08-18 06:43:55-04:00,POINT (-81.051037 33.98664)
2025-08-18 06:09:44 UTC,sensor04,300372246,24.39,89.63,2025-08-18 10:44:01+00:00,33.986815,-81.050453,57.6,9.74,-0.5,0.0,13.0,3D,2025-08-18 06:44:01-04:00,POINT (-81.050453 33.986815)
2025-08-18 06:09:49 UTC,sensor04,300372246,24.48,89.7,2025-08-18 10:44:06+00:00,33.986952,-81.050013,56.4,7.72,0.0,0.0,13.0,3D,2025-08-18 06:44:06-04:00,POINT (-81.050013 33.986952)
2025-08-18 06:09:54 UTC,sensor04,300372246,24.41,89.69,2025-08-18 10:44:11+00:00,33.987077,-81.04961,57.2,8.39,-0.3,0.0,13.0,3D,2025-08-18 06:44:11-04:00,POINT (-81.04961 33.987077)
2025-08-18 06:09:59 UTC,sensor04,300372246,24.43,89.81,2025-08-18 10:44:16+00:00,33.987205,-81.049193,57.2,8.05,0.0,70.45,13.0,3D,2025-08-18 06:44:16-04:00,POINT (-81.049193 33.987205)
2025-08-18 06:10:04 UTC,sensor04,300372246,24.32,90.0,2025-08-18 10:44:21+00:00,33.987338,-81.048758,57.7,8.94,0.0,71.74,13.0,3D,2025-08-18 06:44:21-04:00,POINT (-81.048758 33.987338)
2025-08-18 06:10:09 UTC,sensor04,300372246,24.34,90.25,2025-08-18 10:44:26+00:00,33.987467,-81.048312,57.4,8.83,0.2,71.44,13.0,3D,2025-08-18 06:44:26-04:00,POINT (-81.048312 33.987467)
2025-08-18 06:10:14 UTC,sensor04,300372246,24.31,90.46,2025-08-18 10:44:31+00:00,33.987607,-81.047848,56.7,9.23,-0.3,69.57,13.0,3D,2025-08-18 06:44:31-04:00,POINT (-81.047848 33.987607)
2025-08-18 06:10:19 UTC,sensor04,300372246,24.29,90.62,2025-08-18 10:44:36+00:00,33.987748,-81.047382,55.8,9.07,-0.2,70.44,13.0,3D,2025-08-18 06:44:36-04:00,POINT (-81.047382 33.987748)
2025-08-18 06:10:24 UTC,sensor04,300372246,24.27,90.85,2025-08-18 10:44:41+00:00,33.987892,-81.046908,55.9,9.24,-0.1,70.25,13.0,3D,2025-08-18 06:44:41-04:00,POINT (-81.046908 33.987892)
2025-08-18 06:10:29 UTC,sensor04,300372246,24.24,91.08,2025-08-18 10:44:46+00:00,33.988037,-81.046428,55.4,9.44,-0.1,70.54,13.0,3D,2025-08-18 06:44:46-04:00,POINT (-81.046428 33.988037)
2025-08-18 06:10:34 UTC,sensor04,300372246,24.19,91.41,2025-08-18 10:44:51+00:00,33.988187,-81.045937,54.8,9.59,-0.1,70.28,13.0,3D,2025-08-18 06:44:51-04:00,POINT (-81.045937 33.988187)
2025-08-18 06:10:39 UTC,sensor04,300372246,24.12,91.81,2025-08-18 10:44:56+00:00,33.988338,-81.045445,54.3,9.66,-0.1,69.58,13.0,3D,2025-08-18 06:44:56-04:00,POINT (-81.045445 33.988338)
2025-08-18 06:10:44 UTC,sensor04,300372246,24.15,92.27,2025-08-18 10:45:01+00:00,33.988477,-81.044978,54.1,9.14,-0.1,70.62,13.0,3D,2025-08-18 06:45:01-04:00,POINT (-81.044978 33.988477)
2025-08-18 06:10:49 UTC,sensor04,300372246,24.13,92.19,2025-08-18 10:45:06+00:00,33.98861,-81.044537,55.0,8.27,0.3,70.01,13.0,3D,2025-08-18 06:45:06-04:00,POINT (-81.044537 33.98861)
2025-08-18 06:10:55 UTC,sensor04,300372246,24.12,92.15,2025-08-18 10:45:11+00:00,33.988737,-81.044125,55.1,8.05,0.0,72.9,13.0,3D,2025-08-18 06:45:11-04:00,POINT (-81.044125 33.988737)
2025-08-18 06:11:00 UTC,sensor04,300372246,24.07,92.07,2025-08-18 10:45:16+00:00,33.988847,-81.043718,54.5,7.75,-0.3,76.06,13.0,3D,2025-08-18 06:45:16-04:00,POINT (-81.043718 33.988847)
2025-08-18 06:11:05 UTC,sensor04,300372246,24.14,92.14,2025-08-18 10:45:21+00:00,33.988935,-81.043302,53.3,8.33,-0.2,72.58,13.0,3D,2025-08-18 06:45:21-04:00,POINT (-81.043302 33.988935)
2025-08-18 06:11:10 UTC,sensor04,300372246,24.09,92.19,2025-08-18 10:45:26+00:00,33.989052,-81.04289,52.5,7.87,0.0,70.24,13.0,3D,2025-08-18 06:45:26-04:00,POINT (-81.04289 33.989052)
2025-08-18 06:11:15 UTC,sensor04,300372246,24.13,92.25,2025-08-18 10:45:31+00:00,33.989165,-81.042507,53.0,7.82,0.0,69.04,13.0,3D,2025-08-18 06:45:31-04:00,POINT (-81.042507 33.989165)
2025-08-18 06:11:20 UTC,sensor04,300372246,24.17,92.28,2025-08-18 10:45:36+00:00,33.98929,-81.042103,54.1,8.32,0.2,69.43,13.0,3D,2025-08-18 06:45:36-04:00,POINT (-81.042103 33.98929)
2025-08-18 06:11:25 UTC,sensor04,300372246,24.26,92.08,2025-08-18 10:45:41+00:00,33.98942,-81.041672,54.7,8.52,0.3,70.32,13.0,3D,2025-08-18 06:45:41-04:00,POINT (-81.041672 33.98942)
2025-08-18 06:11:30 UTC,sensor04,300372246,24.36,91.89,2025-08-18 10:45:46+00:00,33.98955,-81.041247,54.8,8.31,0.0,69.95,13.0,3D,2025-08-18 06:45:46-04:00,POINT (-81.041247 33.98955)
2025-08-18 06:11:35 UTC,sensor04,300372246,24.43,91.69,2025-08-18 10:45:51+00:00,33.989677,-81.040828,56.2,8.19,0.1,69.9,13.0,3D,2025-08-18 06:45:51-04:00,POINT (-81.040828 33.989677)
2025-08-18 06:11:40 UTC,sensor04,300372246,24.45,91.48,2025-08-18 10:45:56+00:00,33.989798,-81.040433,59.0,7.22,1.3,68.98,13.0,3D,2025-08-18 06:45:56-04:00,POINT (-81.040433 33.989798)
2025-08-18 06:11:45 UTC,sensor04,300372246,24.48,91.26,2025-08-18 10:46:01+00:00,33.98986,-81.04004,71.8,7.21,1.4,68.68,13.0,3D,2025-08-18 06:46:01-04:00,POINT (-81.04004 33.98986)
2025-08-18 06:11:50 UTC,sensor04,300372246,24.49,91.11,2025-08-18 10:46:06+00:00,33.989968,-81.039687,74.1,7.01,0.3,69.29,13.0,3D,2025-08-18 06:46:06-04:00,POINT (-81.039687 33.989968)
2025-08-18 06:11:55 UTC,sensor04,300372246,24.44,91.05,2025-08-18 10:46:12+00:00,33.990112,-81.039243,76.1,7.61,0.3,0.0,13.0,3D,2025-08-18 06:46:12-04:00,POINT (-81.039243 33.990112)
2025-08-18 06:12:00 UTC,sensor04,300372246,24.37,91.08,2025-08-18 10:46:17+00:00,33.990242,-81.038837,76.8,8.04,-0.2,0.0,13.0,3D,2025-08-18 06:46:17-04:00,POINT (-81.038837 33.990242)
2025-08-18 06:12:05 UTC,sensor04,300372246,24.43,90.97,2025-08-18 10:46:22+00:00,33.990392,-81.038382,77.7,9.45,0.3,0.0,13.0,3D,2025-08-18 06:46:22-04:00,POINT (-81.038382 33.990392)
2025-08-18 06:12:10 UTC,sensor04,300372246,24.45,90.63,2025-08-18 10:46:27+00:00,33.990555,-81.03787,77.7,10.46,0.0,0.0,13.0,3D,2025-08-18 06:46:27-04:00,POINT (-81.03787 33.990555)
2025-08-18 06:12:15 UTC,sensor04,300372246,24.46,90.42,2025-08-18 10:46:32+00:00,33.990723,-81.03734,73.7,9.95,-0.8,0.0,4.0,3D,2025-08-18 06:46:32-04:00,POINT (-81.03734 33.990723)
2025-08-18 06:12:20 UTC,sensor04,300372246,24.47,90.31,2025-08-18 10:46:37+00:00,33.99088,-81.036853,70.2,9.74,-0.8,0.0,4.0,3D,2025-08-18 06:46:37-04:00,POINT (-81.036853 33.99088)
2025-08-18 06:12:25 UTC,sensor04,300372246,24.54,90.28,2025-08-18 10:46:42+00:00,33.991022,-81.036392,67.3,8.56,-0.2,0.0,8.0,3D,2025-08-18 06:46:42-04:00,POINT (-81.036392 33.991022)
2025-08-18 06:12:30 UTC,sensor04,300372246,24.56,90.04,2025-08-18 10:46:47+00:00,33.991143,-81.035972,67.3,8.47,0.1,0.0,8.0,3D,2025-08-18 06:46:47-04:00,POINT (-81.035972 33.991143)
2025-08-18 06:12:35 UTC,sensor04,300372246,24.61,89.86,2025-08-18 10:46:52+00:00,33.991275,-81.035525,67.1,8.68,0.1,0.0,13.0,3D,2025-08-18 06:46:52-04:00,POINT (-81.035525 33.991275)
2025-08-18 06:12:40 UTC,sensor04,300372246,24.65,89.64,2025-08-18 10:46:57+00:00,33.991402,-81.03509,66.8,7.98,0.0,0.0,13.0,3D,2025-08-18 06:46:57-04:00,POINT (-81.03509 33.991402)
2025-08-18 06:12:45 UTC,sensor04,300372246,24.74,89.29,2025-08-18 10:47:02+00:00,33.99153,-81.034655,66.6,8.89,0.5,0.0,13.0,3D,2025-08-18 06:47:02-04:00,POINT (-81.034655 33.99153)
2025-08-18 06:12:50 UTC,sensor04,300372246,24.7,89.11,2025-08-18 10:47:07+00:00,33.991665,-81.034225,69.0,8.37,0.6,68.76,13.0,3D,2025-08-18 06:47:07-04:00,POINT (-81.034225 33.991665)
2025-08-18 06:12:55 UTC,sensor04,300372246,24.8,89.06,2025-08-18 10:47:12+00:00,33.991825,-81.033805,72.1,7.86,1.6,66.48,13.0,3D,2025-08-18 06:47:12-04:00,POINT (-81.033805 33.991825)
2025-08-18 06:13:00 UTC,sensor04,300372246,24.74,88.96,2025-08-18 10:47:17+00:00,33.991995,-81.033317,79.1,6.95,1.0,68.9,13.0,3D,2025-08-18 06:47:17-04:00,POINT (-81.033317 33.991995)
2025-08-18 06:13:05 UTC,sensor04,300372246,24.82,88.91,2025-08-18 10:47:22+00:00,33.992118,-81.032962,80.6,7.94,0.3,69.32,13.0,3D,2025-08-18 06:47:22-04:00,POINT (-81.032962 33.992118)
2025-08-18 06:13:10 UTC,sensor04,300372246,24.79,88.67,2025-08-18 10:47:27+00:00,33.992253,-81.03255,81.2,8.06,0.0,67.56,13.0,3D,2025-08-18 06:47:27-04:00,POINT (-81.03255 33.992253)
2025-08-18 06:13:16 UTC,sensor04,300372246,24.8,88.65,2025-08-18 10:47:32+00:00,33.992385,-81.03217,83.0,6.97,0.4,67.91,13.0,3D,2025-08-18 06:47:32-04:00,POINT (-81.03217 33.992385)
2025-08-18 06:13:21 UTC,sensor04,300372246,24.85,88.46,2025-08-18 10:47:37+00:00,33.992477,-81.03189,84.6,4.21,-0.1,66.84,13.0,3D,2025-08-18 06:47:37-04:00,POINT (-81.03189 33.992477)
2025-08-18 06:14:06 UTC,sensor04,300372246,25.1,86.88,2025-08-18 10:48:22+00:00,33.992573,-81.03161,85.1,6.87,0.0,69.55,13.0,3D,2025-08-18 06:48:22-04:00,POINT (-81.03161 33.992573)
2025-08-18 06:14:11 UTC,sensor04,300372246,25.06,86.78,2025-08-18 10:48:27+00:00,33.992698,-81.031227,86.8,7.27,0.7,69.19,13.0,3D,2025-08-18 06:48:27-04:00,POINT (-81.031227 33.992698)
2025-08-18 06:14:16 UTC,sensor04,300372246,24.96,86.93,2025-08-18 10:48:33+00:00,33.992848,-81.030718,90.0,7.83,0.6,0.0,13.0,3D,2025-08-18 06:48:33-04:00,POINT (-81.030718 33.992848)
2025-08-18 06:14:21 UTC,sensor04,300372246,24.9,87.16,2025-08-18 10:48:38+00:00,33.992967,-81.030362,92.0,6.97,0.4,0.0,13.0,3D,2025-08-18 06:48:38-04:00,POINT (-81.030362 33.992967)
2025-08-18 06:14:26 UTC,sensor04,300372246,24.91,86.96,2025-08-18 10:48:43+00:00,33.993077,-81.030157,95.5,2.7,0.7,0.0,13.0,3D,2025-08-18 06:48:43-04:00,POINT (-81.030157 33.993077)
2025-08-18 06:14:46 UTC,sensor04,300372246,24.99,86.79,2025-08-18 10:49:03+00:00,33.993125,-81.03001,94.6,3.63,0.1,104.01,13.0,3D,2025-08-18 06:49:03-04:00,POINT (-81.03001 33.993125)
2025-08-18 06:14:51 UTC,sensor04,300372246,25.03,86.93,2025-08-18 10:49:08+00:00,33.992935,-81.029877,94.3,6.8,-0.1,161.68,13.0,3D,2025-08-18 06:49:08-04:00,POINT (-81.029877 33.992935)
2025-08-18 06:14:56 UTC,sensor04,300372246,24.97,86.68,2025-08-18 10:49:13+00:00,33.99257,-81.029718,93.3,9.02,-0.3,158.39,13.0,3D,2025-08-18 06:49:13-04:00,POINT (-81.029718 33.99257)
2025-08-18 06:15:01 UTC,sensor04,300372246,24.79,87.28,2025-08-18 10:49:18+00:00,33.992173,-81.029537,91.6,8.71,-0.3,159.13,13.0,3D,2025-08-18 06:49:18-04:00,POINT (-81.029537 33.992173)
2025-08-18 06:15:06 UTC,sensor04,300372246,24.61,87.6,2025-08-18 10:49:23+00:00,33.991862,-81.029388,88.9,5.91,-0.5,158.5,13.0,3D,2025-08-18 06:49:23-04:00,POINT (-81.029388 33.991862)
2025-08-18 06:15:11 UTC,sensor04,300372246,24.49,87.32,2025-08-18 10:49:28+00:00,33.991565,-81.029248,86.3,7.54,-1.0,158.73,13.0,3D,2025-08-18 06:49:28-04:00,POINT (-81.029248 33.991565)
2025-08-18 06:15:16 UTC,sensor04,300372246,24.35,88.01,2025-08-18 10:49:33+00:00,33.99124,-81.0291,83.1,7.56,-0.6,159.34,13.0,3D,2025-08-18 06:49:33-04:00,POINT (-81.0291 33.99124)
2025-08-18 06:15:21 UTC,sensor04,300372246,24.2,88.79,2025-08-18 10:49:38+00:00,33.990927,-81.028963,80.6,6.68,-0.5,158.26,13.0,3D,2025-08-18 06:49:38-04:00,POINT (-81.028963 33.990927)
2025-08-18 06:15:27 UTC,sensor04,300372246,24.08,89.43,2025-08-18 10:49:42+00:00,33.990727,-81.028873,78.5,5.38,-0.5,0.0,4.0,3D,2025-08-18 06:49:42-04:00,POINT (-81.028873 33.990727)
2025-08-18 06:15:32 UTC,sensor04,300372246,24.05,89.9,2025-08-18 10:49:42+00:00,33.990727,-81.028873,78.5,5.38,-0.5,0.0,4.0,3D,2025-08-18 06:49:42-04:00,POINT (-81.028873 33.990727)
2025-08-18 06:15:37 UTC,sensor04,300372246,24.02,89.82,2025-08-18 10:49:52+00:00,33.990335,-81.028692,75.8,6.58,-0.2,160.3,13.0,3D,2025-08-18 06:49:52-04:00,POINT (-81.028692 33.990335)
2025-08-18 06:15:42 UTC,sensor04,300372246,24.06,90.56,2025-08-18 10:49:52+00:00,33.990335,-81.028692,75.8,6.58,-0.2,160.3,13.0,3D,2025-08-18 06:49:52-04:00,POINT (-81.028692 33.990335)
2025-08-18 06:15:47 UTC,sensor04,300372246,24.17,90.82,2025-08-18 10:50:03+00:00,33.989635,-81.028387,72.4,7.9,-0.4,0.0,13.0,3D,2025-08-18 06:50:03-04:00,POINT (-81.028387 33.989635)
2025-08-18 06:15:52 UTC,sensor04,300372246,24.17,90.82,2025-08-18 10:50:08+00:00,33.98932,-81.028258,70.0,6.06,-0.3,161.25,13.0,3D,2025-08-18 06:50:08-04:00,POINT (-81.028258 33.98932)
2025-08-18 06:15:57 UTC,sensor04,300372246,24.16,90.84,2025-08-18 10:50:13+00:00,33.989188,-81.028197,67.7,2.43,-0.5,154.23,13.0,3D,2025-08-18 06:50:13-04:00,POINT (-81.028197 33.989188)
2025-08-18 06:16:02 UTC,sensor04,300372246,24.14,90.96,2025-08-18 10:50:18+00:00,33.989113,-81.028058,66.2,4.62,-0.4,93.57,13.0,3D,2025-08-18 06:50:18-04:00,POINT (-81.028058 33.989113)
2025-08-18 06:16:07 UTC,sensor04,300372246,24.12,90.78,2025-08-18 10:50:23+00:00,33.989192,-81.027788,64.9,5.79,-0.2,69.14,13.0,3D,2025-08-18 06:50:23-04:00,POINT (-81.027788 33.989192)
2025-08-18 06:16:12 UTC,sensor04,300372246,24.03,91.33,2025-08-18 10:50:28+00:00,33.989283,-81.027512,64.8,4.66,-0.3,69.01,13.0,3D,2025-08-18 06:50:28-04:00,POINT (-81.027512 33.989283)
2025-08-18 06:16:17 UTC,sensor04,300372246,23.99,91.54,2025-08-18 10:50:33+00:00,33.989353,-81.027285,63.8,4.75,-0.1,71.34,13.0,3D,2025-08-18 06:50:33-04:00,POINT (-81.027285 33.989353)
2025-08-18 06:16:22 UTC,sensor04,300372246,24.01,91.61,2025-08-18 10:50:39+00:00,33.98946,-81.026955,64.2,5.55,0.5,0.0,13.0,3D,2025-08-18 06:50:39-04:00,POINT (-81.026955 33.98946)
2025-08-18 06:16:27 UTC,sensor04,300372246,23.97,91.73,2025-08-18 10:50:44+00:00,33.98953,-81.026742,65.4,2.92,0.6,0.0,13.0,3D,2025-08-18 06:50:44-04:00,POINT (-81.026742 33.98953)
2025-08-18 06:16:32 UTC,sensor04,300372246,23.97,91.75,2025-08-18 10:50:49+00:00,33.98958,-81.02664,66.5,2.73,0.2,0.0,13.0,3D,2025-08-18 06:50:49-04:00,POINT (-81.02664 33.98958)
2025-08-18 06:16:37 UTC,sensor04,300372246,24.0,91.81,2025-08-18 10:50:54+00:00,33.989735,-81.02662,67.4,4.75,0.1,0.0,13.0,3D,2025-08-18 06:50:54-04:00,POINT (-81.02662 33.989735)
2025-08-18 06:16:42 UTC,sensor04,300372246,24.06,91.71,2025-08-18 10:50:59+00:00,33.990057,-81.026748,68.1,8.44,-0.1,340.17,13.0,3D,2025-08-18 06:50:59-04:00,POINT (-81.026748 33.990057)
2025-08-18 06:16:47 UTC,sensor04,300372246,24.08,91.47,2025-08-18 10:51:04+00:00,33.99042,-81.026918,69.0,8.04,0.7,339.77,13.0,3D,2025-08-18 06:51:04-04:00,POINT (-81.026918 33.99042)
2025-08-18 06:16:52 UTC,sensor04,300372246,24.0,91.42,2025-08-18 10:51:09+00:00,33.990723,-81.027063,69.8,6.43,0.1,341.16,13.0,3D,2025-08-18 06:51:09-04:00,POINT (-81.027063 33.990723)
2025-08-18 06:16:57 UTC,sensor04,300372246,23.92,91.66,2025-08-18 10:51:14+00:00,33.990978,-81.02718,70.5,5.78,0.1,342.26,13.0,3D,2025-08-18 06:51:14-04:00,POINT (-81.02718 33.990978)
2025-08-18 06:17:02 UTC,sensor04,300372246,23.82,91.86,2025-08-18 10:51:19+00:00,33.991252,-81.027298,71.3,6.74,0.1,340.54,13.0,3D,2025-08-18 06:51:19-04:00,POINT (-81.027298 33.991252)
2025-08-18 06:17:07 UTC,sensor04,300372246,23.79,91.94,2025-08-18 10:51:24+00:00,33.991562,-81.02743,71.6,7.02,0.2,338.9,13.0,3D,2025-08-18 06:51:24-04:00,POINT (-81.02743 33.991562)
2025-08-18 06:17:12 UTC,sensor04,300372246,23.77,92.02,2025-08-18 10:51:29+00:00,33.991832,-81.027555,73.3,6.03,0.3,340.38,13.0,3D,2025-08-18 06:51:29-04:00,POINT (-81.027555 33.991832)
2025-08-18 06:17:17 UTC,sensor04,300372246,23.77,92.08,2025-08-18 10:51:34+00:00,33.992053,-81.027655,77.0,4.17,1.0,339.89,13.0,3D,2025-08-18 06:51:34-04:00,POINT (-81.027655 33.992053)
2025-08-18 06:17:27 UTC,sensor04,300372246,23.74,92.0,2025-08-18 10:51:43+00:00,33.992197,-81.027713,80.0,2.48,0.3,0.0,12.0,3D,2025-08-18 06:51:43-04:00,POINT (-81.027713 33.992197)
2025-08-18 06:17:32 UTC,sensor04,300372246,23.72,92.16,2025-08-18 10:51:47+00:00,33.992293,-81.027657,81.8,2.98,0.45,0.0,8.0,3D,2025-08-18 06:51:47-04:00,POINT (-81.027657 33.992293)
2025-08-18 06:17:38 UTC,sensor04,300372246,23.67,92.31,2025-08-18 10:51:54+00:00,33.992422,-81.027238,82.0,7.36,-0.2,70.35,11.0,3D,2025-08-18 06:51:54-04:00,POINT (-81.027238 33.992422)
2025-08-18 06:17:43 UTC,sensor04,300372246,23.68,92.11,2025-08-18 10:51:59+00:00,33.99255,-81.026827,81.1,7.97,-0.1,69.9,11.0,3D,2025-08-18 06:51:59-04:00,POINT (-81.026827 33.99255)
2025-08-18 06:17:48 UTC,sensor04,300372246,23.73,92.02,2025-08-18 10:52:04+00:00,33.992665,-81.026477,80.7,5.64,0.0,68.5,11.0,3D,2025-08-18 06:52:04-04:00,POINT (-81.026477 33.992665)
2025-08-18 06:17:53 UTC,sensor04,300372246,23.83,92.46,2025-08-18 10:52:09+00:00,33.992755,-81.026253,79.6,4.55,-0.4,70.59,11.0,3D,2025-08-18 06:52:09-04:00,POINT (-81.026253 33.992755)
2025-08-18 06:17:58 UTC,sensor04,300372246,23.86,91.19,2025-08-18 10:52:14+00:00,33.992857,-81.025915,77.5,7.68,-0.3,71.18,11.0,3D,2025-08-18 06:52:14-04:00,POINT (-81.025915 33.992857)
2025-08-18 06:18:03 UTC,sensor04,300372246,23.88,91.25,2025-08-18 10:52:19+00:00,33.992997,-81.02548,76.3,8.08,0.0,70.87,11.0,3D,2025-08-18 06:52:19-04:00,POINT (-81.02548 33.992997)
2025-08-18 06:18:08 UTC,sensor04,300372246,23.82,91.45,2025-08-18 10:52:24+00:00,33.99318,-81.025013,77.3,8.26,0.0,68.98,11.0,3D,2025-08-18 06:52:24-04:00,POINT (-81.025013 33.99318)
2025-08-18 06:18:13 UTC,sensor04,300372246,23.76,91.61,2025-08-18 10:52:29+00:00,33.993308,-81.024618,75.1,7.34,-0.6,69.07,11.0,3D,2025-08-18 06:52:29-04:00,POINT (-81.024618 33.993308)
2025-08-18 06:18:18 UTC,sensor04,300372246,23.75,91.49,2025-08-18 10:52:34+00:00,33.99343,-81.024253,71.9,7.4,-1.8,70.15,11.0,3D,2025-08-18 06:52:34-04:00,POINT (-81.024253 33.99343)
2025-08-18 06:18:23 UTC,sensor04,300372246,23.83,91.21,2025-08-18 10:52:39+00:00,33.993538,-81.023895,70.4,6.99,-0.1,69.24,11.0,3D,2025-08-18 06:52:39-04:00,POINT (-81.023895 33.993538)
2025-08-18 06:18:28 UTC,sensor04,300372246,23.91,91.21,2025-08-18 10:52:44+00:00,33.993648,-81.023513,71.8,7.39,0.2,69.16,11.0,3D,2025-08-18 06:52:44-04:00,POINT (-81.023513 33.993648)
2025-08-18 06:18:33 UTC,sensor04,300372246,23.85,90.91,2025-08-18 10:52:49+00:00,33.993755,-81.023172,75.2,5.76,0.5,69.17,11.0,3D,2025-08-18 06:52:49-04:00,POINT (-81.023172 33.993755)
2025-08-18 06:18:38 UTC,sensor04,300372246,23.85,91.02,2025-08-18 10:52:55+00:00,33.99385,-81.022985,77.0,3.03,0.2,0.0,11.0,3D,2025-08-18 06:52:55-04:00,POINT (-81.022985 33.99385)
2025-08-18 06:18:43 UTC,sensor04,300372246,23.88,90.96,2025-08-18 10:53:00+00:00,33.994053,-81.023045,77.3,6.27,0.4,0.0,11.0,3D,2025-08-18 06:53:00-04:00,POINT (-81.023045 33.994053)
2025-08-18 06:18:48 UTC,sensor04,300372246,23.81,90.8,2025-08-18 10:53:05+00:00,33.99433,-81.023228,77.3,7.29,0.1,0.0,11.0,3D,2025-08-18 06:53:05-04:00,POINT (-81.023228 33.99433)
2025-08-18 06:18:53 UTC,sensor04,300372246,23.74,91.08,2025-08-18 10:53:10+00:00,33.994613,-81.023408,78.3,6.82,0.2,332.4,11.0,3D,2025-08-18 06:53:10-04:00,POINT (-81.023408 33.994613)
2025-08-18 06:18:58 UTC,sensor04,300372246,23.69,91.56,2025-08-18 10:53:15+00:00,33.994822,-81.02355,80.5,5.54,0.2,333.94,11.0,3D,2025-08-18 06:53:15-04:00,POINT (-81.02355 33.994822)
2025-08-18 06:19:13 UTC,sensor04,300372246,23.81,91.63,2025-08-18 10:53:30+00:00,33.995123,-81.023593,81.1,5.02,-1.3,46.77,11.0,3D,2025-08-18 06:53:30-04:00,POINT (-81.023593 33.995123)
2025-08-18 06:19:18 UTC,sensor04,300372246,23.81,91.32,2025-08-18 10:53:35+00:00,33.995355,-81.023317,82.2,8.42,0.0,45.26,11.0,3D,2025-08-18 06:53:35-04:00,POINT (-81.023317 33.995355)
2025-08-18 06:19:23 UTC,sensor04,300372246,23.77,91.22,2025-08-18 10:53:40+00:00,33.995648,-81.023,82.3,9.01,0.0,43.73,11.0,3D,2025-08-18 06:53:40-04:00,POINT (-81.023 33.995648)
2025-08-18 06:19:28 UTC,sensor04,300372246,23.66,91.36,2025-08-18 10:53:43+00:00,33.995818,-81.022795,82.1,9.25,0.0,45.11,11.0,3D,2025-08-18 06:53:43-04:00,POINT (-81.022795 33.995818)
2025-08-18 06:19:33 UTC,sensor04,300372246,23.54,91.59,2025-08-18 10:53:46+00:00,33.996,-81.022597,82.1,9.08,0.0,0.0,11.0,3D,2025-08-18 06:53:46-04:00,POINT (-81.022597 33.996)
2025-08-18 06:19:38 UTC,sensor04,300372246,23.53,91.85,2025-08-18 10:53:55+00:00,33.996508,-81.02204,82.9,7.76,0.1,40.46,11.0,3D,2025-08-18 06:53:55-04:00,POINT (-81.02204 33.996508)
2025-08-18 06:19:43 UTC,sensor04,300372246,23.55,91.92,2025-08-18 10:54:00+00:00,33.996777,-81.021745,83.3,8.34,-0.3,42.78,11.0,3D,2025-08-18 06:54:00-04:00,POINT (-81.021745 33.996777)
2025-08-18 06:19:48 UTC,sensor04,300372246,23.62,91.81,2025-08-18 10:54:05+00:00,33.99705,-81.021442,82.2,7.82,0.2,42.58,11.0,3D,2025-08-18 06:54:05-04:00,POINT (-81.021442 33.99705)
2025-08-18 06:19:54 UTC,sensor04,300372246,23.6,91.62,2025-08-18 10:54:10+00:00,33.997297,-81.02115,80.2,7.93,-1.4,44.9,11.0,3D,2025-08-18 06:54:10-04:00,POINT (-81.02115 33.997297)
2025-08-18 06:19:59 UTC,sensor04,300372246,23.6,91.54,2025-08-18 10:54:15+00:00,33.997575,-81.020858,82.3,7.52,0.1,46.07,11.0,3D,2025-08-18 06:54:15-04:00,POINT (-81.020858 33.997575)
2025-08-18 06:20:04 UTC,sensor04,300372246,23.48,91.66,2025-08-18 10:54:20+00:00,33.997798,-81.02056,83.0,6.22,-0.3,56.22,11.0,3D,2025-08-18 06:54:20-04:00,POINT (-81.02056 33.997798)
2025-08-18 06:20:09 UTC,sensor04,300372246,23.38,92.02,2025-08-18 10:54:25+00:00,33.997975,-81.02023,82.9,7.06,0.1,62.47,11.0,3D,2025-08-18 06:54:25-04:00,POINT (-81.02023 33.997975)
2025-08-18 06:20:14 UTC,sensor04,300372246,23.35,92.27,2025-08-18 10:54:30+00:00,33.998112,-81.01986,83.2,7.4,0.1,69.22,11.0,3D,2025-08-18 06:54:30-04:00,POINT (-81.01986 33.998112)
2025-08-18 06:20:19 UTC,sensor04,300372246,23.4,92.42,2025-08-18 10:54:35+00:00,33.99821,-81.01949,81.0,7.22,-0.2,80.27,11.0,3D,2025-08-18 06:54:35-04:00,POINT (-81.01949 33.99821)
2025-08-18 06:20:24 UTC,sensor04,300372246,23.39,92.39,2025-08-18 10:54:40+00:00,33.998237,-81.019052,79.2,7.12,-0.1,88.69,11.0,3D,2025-08-18 06:54:40-04:00,POINT (-81.019052 33.998237)
2025-08-18 06:20:29 UTC,sensor04,300372246,23.46,92.33,2025-08-18 10:54:45+00:00,33.998237,-81.018662,78.4,7.25,-0.1,97.04,11.0,3D,2025-08-18 06:54:45-04:00,POINT (-81.018662 33.998237)
2025-08-18 06:20:34 UTC,sensor04,300372246,23.42,92.07,2025-08-18 10:54:50+00:00,33.998192,-81.018275,78.1,6.61,-0.2,101.93,11.0,3D,2025-08-18 06:54:50-04:00,POINT (-81.018275 33.998192)
2025-08-18 06:20:39 UTC,sensor04,300372246,23.45,92.06,2025-08-18 10:54:55+00:00,33.998125,-81.017985,77.2,3.59,0.0,110.56,11.0,3D,2025-08-18 06:54:55-04:00,POINT (-81.017985 33.998125)
2025-08-18 06:20:44 UTC,sensor04,300372246,23.49,91.94,2025-08-18 10:55:00+00:00,33.998085,-81.017765,77.5,5.0,0.1,89.2,11.0,3D,2025-08-18 06:55:00-04:00,POINT (-81.017765 33.998085)
2025-08-18 06:20:49 UTC,sensor04,300372246,23.6,91.76,2025-08-18 10:55:06+00:00,33.998238,-81.017558,77.1,4.43,0.0,0.0,11.0,3D,2025-08-18 06:55:06-04:00,POINT (-81.017558 33.998238)
2025-08-18 06:21:19 UTC,sensor04,300372246,23.8,91.73,2025-08-18 10:55:36+00:00,33.998507,-81.017427,77.2,5.35,0.1,22.64,11.0,3D,2025-08-18 06:55:36-04:00,POINT (-81.017427 33.998507)
2025-08-18 06:21:24 UTC,sensor04,300372246,23.85,91.06,2025-08-18 10:55:41+00:00,33.998738,-81.017322,77.5,5.64,-0.1,15.98,11.0,3D,2025-08-18 06:55:41-04:00,POINT (-81.017322 33.998738)
2025-08-18 06:21:29 UTC,sensor04,300372246,23.87,90.51,2025-08-18 10:55:44+00:00,33.998882,-81.017255,77.9,5.78,0.0,0.0,11.0,3D,2025-08-18 06:55:44-04:00,POINT (-81.017255 33.998882)
2025-08-18 06:21:34 UTC,sensor04,300372246,23.86,90.41,2025-08-18 10:55:51+00:00,33.999202,-81.017093,81.1,4.97,0.46,20.87,11.0,3D,2025-08-18 06:55:51-04:00,POINT (-81.017093 33.999202)
2025-08-18 06:21:39 UTC,sensor04,300372246,23.95,90.51,2025-08-18 10:55:56+00:00,33.999417,-81.017002,83.6,4.95,0.2,20.57,11.0,3D,2025-08-18 06:55:56-04:00,POINT (-81.017002 33.999417)
2025-08-18 06:21:44 UTC,sensor04,300372246,24.01,90.72,2025-08-18 10:56:01+00:00,33.999617,-81.0169,85.0,4.25,0.7,26.43,11.0,3D,2025-08-18 06:56:01-04:00,POINT (-81.0169 33.999617)
2025-08-18 06:21:49 UTC,sensor04,300372246,23.97,90.64,2025-08-18 10:56:06+00:00,33.999767,-81.016755,84.1,3.61,0.1,62.7,11.0,3D,2025-08-18 06:56:06-04:00,POINT (-81.016755 33.999767)
2025-08-18 06:22:00 UTC,sensor04,300372246,24.02,90.47,2025-08-18 10:56:16+00:00,33.999803,-81.016518,83.9,2.63,0.0,109.03,11.0,3D,2025-08-18 06:56:16-04:00,POINT (-81.016518 33.999803)
2025-08-18 06:22:05 UTC,sensor04,300372246,24.02,90.36,2025-08-18 10:56:21+00:00,33.999632,-81.016387,84.0,6.02,0.0,158.93,11.0,3D,2025-08-18 06:56:21-04:00,POINT (-81.016387 33.999632)
2025-08-18 06:22:10 UTC,sensor04,300372246,24.04,90.31,2025-08-18 10:56:26+00:00,33.999355,-81.016222,83.6,6.4,-0.1,152.11,11.0,3D,2025-08-18 06:56:26-04:00,POINT (-81.016222 33.999355)
2025-08-18 06:22:15 UTC,sensor04,300372246,24.09,90.19,2025-08-18 10:56:31+00:00,33.999167,-81.016102,82.8,2.31,-0.4,157.87,11.0,3D,2025-08-18 06:56:31-04:00,POINT (-81.016102 33.999167)
2025-08-18 06:22:30 UTC,sensor04,300372246,24.5,89.34,2025-08-18 10:56:46+00:00,33.99896,-81.015933,82.8,6.18,0.0,128.26,11.0,3D,2025-08-18 06:56:46-04:00,POINT (-81.015933 33.99896)
2025-08-18 06:22:35 UTC,sensor04,300372246,24.53,88.85,2025-08-18 10:56:51+00:00,33.998892,-81.015585,83.5,7.12,0.1,92.29,11.0,3D,2025-08-18 06:56:51-04:00,POINT (-81.015585 33.998892)
2025-08-18 06:22:40 UTC,sensor04,300372246,24.45,88.74,2025-08-18 10:56:56+00:00,33.998863,-81.015175,84.5,7.53,0.2,93.78,11.0,3D,2025-08-18 06:56:56-04:00,POINT (-81.015175 33.998863)
2025-08-18 06:22:45 UTC,sensor04,300372246,24.34,88.86,2025-08-18 10:57:01+00:00,33.998832,-81.014753,85.5,7.88,0.3,94.41,11.0,3D,2025-08-18 06:57:01-04:00,POINT (-81.014753 33.998832)
2025-08-18 06:22:50 UTC,sensor04,300372246,24.22,89.12,2025-08-18 10:57:07+00:00,33.998802,-81.014235,86.9,8.5,0.1,0.0,11.0,3D,2025-08-18 06:57:07-04:00,POINT (-81.014235 33.998802)
2025-08-18 06:22:55 UTC,sensor04,300372246,24.13,89.38,2025-08-18 10:57:12+00:00,33.998777,-81.013777,88.3,7.87,0.1,0.0,11.0,3D,2025-08-18 06:57:12-04:00,POINT (-81.013777 33.998777)
2025-08-18 06:23:00 UTC,sensor04,300372246,24.11,89.57,2025-08-18 10:57:17+00:00,33.998775,-81.013335,90.1,7.86,0.3,0.0,11.0,3D,2025-08-18 06:57:17-04:00,POINT (-81.013335 33.998775)
2025-08-18 06:23:05 UTC,sensor04,300372246,24.01,89.68,2025-08-18 10:57:22+00:00,33.998762,-81.012895,92.4,8.16,0.8,0.0,11.0,3D,2025-08-18 06:57:22-04:00,POINT (-81.012895 33.998762)
2025-08-18 06:23:10 UTC,sensor04,300372246,24.0,89.88,2025-08-18 10:57:27+00:00,33.998763,-81.012538,94.7,5.08,0.3,0.0,4.0,3D,2025-08-18 06:57:27-04:00,POINT (-81.012538 33.998763)
2025-08-18 06:23:15 UTC,sensor04,300372246,23.99,90.05,2025-08-18 10:57:32+00:00,33.998878,-81.012378,95.0,4.39,0.2,0.0,4.0,3D,2025-08-18 06:57:32-04:00,POINT (-81.012378 33.998878)
2025-08-18 06:23:20 UTC,sensor04,300372246,24.0,90.08,2025-08-18 10:57:37+00:00,33.999138,-81.012353,94.5,6.67,-0.3,0.0,8.0,3D,2025-08-18 06:57:37-04:00,POINT (-81.012353 33.999138)
2025-08-18 06:23:25 UTC,sensor04,300372246,23.9,90.23,2025-08-18 10:57:42+00:00,33.999442,-81.012323,95.5,6.67,0.1,0.0,11.0,3D,2025-08-18 06:57:42-04:00,POINT (-81.012323 33.999442)
2025-08-18 06:23:30 UTC,sensor04,300372246,23.84,90.6,2025-08-18 10:57:44+00:00,33.999565,-81.012312,95.1,7.13,-0.3,3.85,11.0,3D,2025-08-18 06:57:44-04:00,POINT (-81.012312 33.999565)
2025-08-18 06:23:35 UTC,sensor04,300372246,23.84,90.86,2025-08-18 10:57:52+00:00,34.000013,-81.012263,91.9,2.57,-0.47,9.28,11.0,3D,2025-08-18 06:57:52-04:00,POINT (-81.012263 34.000013)
2025-08-18 06:23:40 UTC,sensor04,300372246,23.8,90.92,2025-08-18 10:57:57+00:00,34.00008,-81.012272,89.4,2.28,-0.2,341.04,11.0,3D,2025-08-18 06:57:57-04:00,POINT (-81.012272 34.00008)
2025-08-18 06:23:45 UTC,sensor04,300372246,23.78,91.01,2025-08-18 10:58:02+00:00,34.000155,-81.01247,88.2,5.94,-0.3,279.12,11.0,3D,2025-08-18 06:58:02-04:00,POINT (-81.01247 34.000155)
2025-08-18 06:23:50 UTC,sensor04,300372246,23.81,91.07,2025-08-18 10:58:07+00:00,34.00017,-81.012835,86.0,6.99,-0.4,276.2,11.0,3D,2025-08-18 06:58:07-04:00,POINT (-81.012835 34.00017)
2025-08-18 06:23:55 UTC,sensor04,300372246,23.79,91.07,2025-08-18 10:58:12+00:00,34.000193,-81.013192,83.4,5.71,-0.6,274.66,11.0,3D,2025-08-18 06:58:12-04:00,POINT (-81.013192 34.000193)
2025-08-18 06:24:00 UTC,sensor04,300372246,23.77,91.02,2025-08-18 10:58:17+00:00,34.000203,-81.013465,81.1,5.92,-0.5,272.39,11.0,3D,2025-08-18 06:58:17-04:00,POINT (-81.013465 34.000203)
2025-08-18 06:24:06 UTC,sensor04,300372246,23.65,91.12,2025-08-18 10:58:22+00:00,34.000228,-81.013853,78.7,7.46,-0.6,274.08,11.0,3D,2025-08-18 06:58:22-04:00,POINT (-81.013853 34.000228)
2025-08-18 06:24:11 UTC,sensor04,300372246,23.6,91.32,2025-08-18 10:58:27+00:00,34.000252,-81.01427,76.1,7.85,-0.3,274.66,11.0,3D,2025-08-18 06:58:27-04:00,POINT (-81.01427 34.000252)
2025-08-18 06:24:16 UTC,sensor04,300372246,23.54,91.52,2025-08-18 10:58:32+00:00,34.00027,-81.014655,74.7,5.77,-0.2,279.5,11.0,3D,2025-08-18 06:58:32-04:00,POINT (-81.014655 34.00027)
2025-08-18 06:24:21 UTC,sensor04,300372246,23.51,91.84,2025-08-18 10:58:37+00:00,34.000377,-81.0149,73.6,4.7,-0.2,307.53,11.0,3D,2025-08-18 06:58:37-04:00,POINT (-81.0149 34.000377)
2025-08-18 06:24:26 UTC,sensor04,300372246,23.46,92.07,2025-08-18 10:58:42+00:00,34.000492,-81.015073,73.2,3.44,0.0,308.96,11.0,3D,2025-08-18 06:58:42-04:00,POINT (-81.015073 34.000492)
2025-08-18 06:24:36 UTC,sensor04,300372246,23.49,92.16,2025-08-18 10:58:52+00:00,34.000683,-81.015268,72.4,3.73,0.1,2.53,11.0,3D,2025-08-18 06:58:52-04:00,POINT (-81.015268 34.000683)
2025-08-18 06:24:41 UTC,sensor04,300372246,23.41,92.24,2025-08-18 10:58:57+00:00,34.000858,-81.015168,72.2,4.04,-0.1,34.17,11.0,3D,2025-08-18 06:58:57-04:00,POINT (-81.015168 34.000858)
2025-08-18 06:24:46 UTC,sensor04,300372246,23.37,92.32,2025-08-18 10:59:02+00:00,34.00102,-81.015042,72.1,4.18,-0.2,31.95,11.0,3D,2025-08-18 06:59:02-04:00,POINT (-81.015042 34.00102)
2025-08-18 06:24:51 UTC,sensor04,300372246,23.3,92.44,2025-08-18 10:59:07+00:00,34.001203,-81.014907,71.4,5.25,-0.2,32.74,11.0,3D,2025-08-18 06:59:07-04:00,POINT (-81.014907 34.001203)
2025-08-18 06:24:56 UTC,sensor04,300372246,23.21,92.59,2025-08-18 10:59:12+00:00,34.001433,-81.014742,72.3,6.2,0.9,29.37,11.0,3D,2025-08-18 06:59:12-04:00,POINT (-81.014742 34.001433)
2025-08-18 06:25:01 UTC,sensor04,300372246,23.11,92.85,2025-08-18 10:59:18+00:00,34.001712,-81.01454,73.0,5.87,0.0,0.0,11.0,3D,2025-08-18 06:59:18-04:00,POINT (-81.01454 34.001712)
2025-08-18 06:25:06 UTC,sensor04,300372246,23.06,92.96,2025-08-18 10:59:23+00:00,34.001915,-81.014373,73.3,5.29,0.2,0.0,11.0,3D,2025-08-18 06:59:23-04:00,POINT (-81.014373 34.001915)
2025-08-18 06:25:11 UTC,sensor04,300372246,23.02,93.26,2025-08-18 10:59:28+00:00,34.002095,-81.014167,73.7,5.34,0.2,0.0,11.0,3D,2025-08-18 06:59:28-04:00,POINT (-81.014167 34.002095)
2025-08-18 06:25:16 UTC,sensor04,300372246,22.99,93.42,2025-08-18 10:59:33+00:00,34.002237,-81.013982,74.7,4.31,0.2,46.99,11.0,3D,2025-08-18 06:59:33-04:00,POINT (-81.013982 34.002237)
2025-08-17 22:26:57 UTC,sensor05,236476602,22.91,92.36,2025-08-18 10:04:16+00:00,34.008195,-80.969083,35.6,5.47,0.5,106.98,12.0,3D,2025-08-18 06:04:16-04:00,POINT (-80.969083 34.008195)
2025-08-17 22:27:02 UTC,sensor05,236476602,22.88,92.29,2025-08-18 10:04:21+00:00,34.008185,-80.968777,37.6,5.47,0.3,103.28,12.0,3D,2025-08-18 06:04:21-04:00,POINT (-80.968777 34.008185)
2025-08-17 22:27:07 UTC,sensor05,236476602,22.9,92.33,2025-08-18 10:04:26+00:00,34.008265,-80.968412,38.6,5.94,0.2,97.45,12.0,3D,2025-08-18 06:04:26-04:00,POINT (-80.968412 34.008265)
2025-08-17 22:27:12 UTC,sensor05,236476602,22.93,92.28,2025-08-18 10:04:31+00:00,34.008727,-80.967862,38.9,6.29,0.1,78.19,12.0,3D,2025-08-18 06:04:31-04:00,POINT (-80.967862 34.008727)
2025-08-17 22:27:17 UTC,sensor05,236476602,22.93,92.25,2025-08-18 10:04:36+00:00,34.009045,-80.967435,39.9,6.13,0.2,66.84,13.0,3D,2025-08-18 06:04:36-04:00,POINT (-80.967435 34.009045)
2025-08-17 22:27:23 UTC,sensor05,236476602,22.93,92.2,2025-08-18 10:04:41+00:00,34.009287,-80.967097,40.1,5.99,-0.3,58.62,13.0,3D,2025-08-18 06:04:41-04:00,POINT (-80.967097 34.009287)
2025-08-17 22:27:28 UTC,sensor05,236476602,22.94,92.16,2025-08-18 10:04:46+00:00,34.009712,-80.966742,39.2,6.07,0.1,46.86,13.0,3D,2025-08-18 06:04:46-04:00,POINT (-80.966742 34.009712)
2025-08-17 22:27:33 UTC,sensor05,236476602,22.95,92.13,2025-08-18 10:04:51+00:00,34.009933,-80.966612,40.0,5.01,0.1,25.16,12.0,3D,2025-08-18 06:04:51-04:00,POINT (-80.966612 34.009933)
2025-08-17 22:27:38 UTC,sensor05,236476602,22.94,92.07,2025-08-18 10:04:56+00:00,34.010237,-80.966483,39.9,6.26,0.0,12.99,12.0,3D,2025-08-18 06:04:56-04:00,POINT (-80.966483 34.010237)
2025-08-17 22:27:43 UTC,sensor05,236476602,22.94,92.07,2025-08-18 10:05:01+00:00,34.010648,-80.96638,39.7,7.18,-0.2,4.61,12.0,3D,2025-08-18 06:05:01-04:00,POINT (-80.96638 34.010648)
2025-08-17 22:27:48 UTC,sensor05,236476602,22.97,92.17,2025-08-18 10:05:06+00:00,34.011143,-80.96631,40.1,8.02,0.0,359.11,12.0,3D,2025-08-18 06:05:06-04:00,POINT (-80.96631 34.011143)
2025-08-17 22:27:53 UTC,sensor05,236476602,23.02,92.23,2025-08-18 10:05:11+00:00,34.011625,-80.966285,39.9,8.41,0.0,0.31,12.0,3D,2025-08-18 06:05:11-04:00,POINT (-80.966285 34.011625)
2025-08-17 22:27:58 UTC,sensor05,236476602,23.01,92.2,2025-08-18 10:05:16+00:00,34.012187,-80.966228,40.4,9.84,0.1,1.27,11.0,3D,2025-08-18 06:05:16-04:00,POINT (-80.966228 34.012187)
2025-08-17 22:28:03 UTC,sensor05,236476602,23.03,92.18,2025-08-18 10:05:21+00:00,34.012502,-80.966245,40.9,9.3,0.0,6.99,12.0,3D,2025-08-18 06:05:21-04:00,POINT (-80.966245 34.012502)
2025-08-17 22:28:13 UTC,sensor05,236476602,23.0,92.05,2025-08-18 10:05:32+00:00,34.013182,-80.966228,41.8,9.26,0.0,0.0,12.0,3D,2025-08-18 06:05:32-04:00,POINT (-80.966228 34.013182)
2025-08-17 22:28:18 UTC,sensor05,236476602,23.01,92.05,2025-08-18 10:05:37+00:00,34.013553,-80.966215,42.0,8.21,0.1,0.0,12.0,3D,2025-08-18 06:05:37-04:00,POINT (-80.966215 34.013553)
2025-08-17 22:28:23 UTC,sensor05,236476602,22.99,92.08,2025-08-18 10:05:39+00:00,34.013703,-80.966203,42.0,8.31,0.0,4.52,12.0,3D,2025-08-18 06:05:39-04:00,POINT (-80.966203 34.013703)
2025-08-17 22:28:28 UTC,sensor05,236476602,22.99,92.13,2025-08-18 10:05:47+00:00,34.014295,-80.966178,42.5,7.79,0.1,3.56,12.0,3D,2025-08-18 06:05:47-04:00,POINT (-80.966178 34.014295)
2025-08-17 22:28:33 UTC,sensor05,236476602,23.01,92.13,2025-08-18 10:05:52+00:00,34.014562,-80.966187,42.6,6.03,0.0,2.55,12.0,3D,2025-08-18 06:05:52-04:00,POINT (-80.966187 34.014562)
2025-08-17 22:28:38 UTC,sensor05,236476602,22.96,92.18,2025-08-18 10:05:57+00:00,34.014872,-80.966158,42.6,6.42,0.0,2.61,12.0,3D,2025-08-18 06:05:57-04:00,POINT (-80.966158 34.014872)
2025-08-17 22:28:43 UTC,sensor05,236476602,22.95,92.34,2025-08-18 10:06:02+00:00,34.01498,-80.966243,43.0,7.67,0.1,0.91,12.0,3D,2025-08-18 06:06:02-04:00,POINT (-80.966243 34.01498)
2025-08-17 22:28:48 UTC,sensor05,236476602,23.02,92.37,2025-08-18 10:06:07+00:00,34.015253,-80.966257,43.5,5.55,0.1,359.64,12.0,3D,2025-08-18 06:06:07-04:00,POINT (-80.966257 34.015253)
2025-08-17 22:28:53 UTC,sensor05,236476602,23.05,92.32,2025-08-18 10:06:12+00:00,34.015505,-80.966263,43.8,4.54,0.0,358.59,12.0,3D,2025-08-18 06:06:12-04:00,POINT (-80.966263 34.015505)
2025-08-17 22:28:58 UTC,sensor05,236476602,23.06,92.3,2025-08-18 10:06:17+00:00,34.01576,-80.966267,43.3,6.23,-0.1,359.04,12.0,3D,2025-08-18 06:06:17-04:00,POINT (-80.966267 34.01576)
2025-08-17 22:29:03 UTC,sensor05,236476602,23.17,92.2,2025-08-18 10:06:22+00:00,34.01608,-80.966275,43.2,7.19,0.0,359.08,11.0,3D,2025-08-18 06:06:22-04:00,POINT (-80.966275 34.01608)
2025-08-17 22:29:08 UTC,sensor05,236476602,23.14,91.98,2025-08-18 10:06:27+00:00,34.016437,-80.96628,43.5,7.76,0.0,358.11,12.0,3D,2025-08-18 06:06:27-04:00,POINT (-80.96628 34.016437)
2025-08-17 22:29:13 UTC,sensor05,236476602,23.14,91.95,2025-08-18 10:06:32+00:00,34.016788,-80.966302,44.1,7.29,0.1,359.71,12.0,3D,2025-08-18 06:06:32-04:00,POINT (-80.966302 34.016788)
2025-08-17 22:29:18 UTC,sensor05,236476602,23.18,91.93,2025-08-18 10:06:37+00:00,34.017122,-80.966318,45.3,7.3,0.3,358.68,12.0,3D,2025-08-18 06:06:37-04:00,POINT (-80.966318 34.017122)
2025-08-17 22:29:24 UTC,sensor05,236476602,23.17,91.9,2025-08-18 10:06:42+00:00,34.01743,-80.966323,46.5,6.79,0.2,7.18,11.0,3D,2025-08-18 06:06:42-04:00,POINT (-80.966323 34.01743)
2025-08-17 22:29:29 UTC,sensor05,236476602,23.28,91.84,2025-08-18 10:06:47+00:00,34.017702,-80.966288,47.3,5.68,0.2,8.29,12.0,3D,2025-08-18 06:06:47-04:00,POINT (-80.966288 34.017702)
2025-08-17 22:29:34 UTC,sensor05,236476602,23.38,91.58,2025-08-18 10:06:52+00:00,34.017935,-80.966252,48.0,5.36,0.2,0.75,12.0,3D,2025-08-18 06:06:52-04:00,POINT (-80.966252 34.017935)
2025-08-17 22:29:39 UTC,sensor05,236476602,23.45,91.2,2025-08-18 10:06:57+00:00,34.018172,-80.966245,49.2,5.13,0.3,1.97,12.0,3D,2025-08-18 06:06:57-04:00,POINT (-80.966245 34.018172)
2025-08-17 22:30:24 UTC,sensor05,236476602,23.49,90.75,2025-08-18 10:07:40+00:00,34.01839,-80.96623,52.2,2.4,0.1,27.11,12.0,3D,2025-08-18 06:07:40-04:00,POINT (-80.96623 34.01839)
2025-08-17 22:30:29 UTC,sensor05,236476602,23.46,90.74,2025-08-18 10:07:48+00:00,34.018448,-80.965825,53.1,7.39,0.1,0.0,12.0,3D,2025-08-18 06:07:48-04:00,POINT (-80.965825 34.018448)
2025-08-17 22:30:34 UTC,sensor05,236476602,23.56,90.65,2025-08-18 10:07:53+00:00,34.018448,-80.965397,53.7,7.89,0.1,0.0,4.0,3D,2025-08-18 06:07:53-04:00,POINT (-80.965397 34.018448)
2025-08-17 22:30:39 UTC,sensor05,236476602,23.6,90.49,2025-08-18 10:07:58+00:00,34.018512,-80.965033,54.0,6.08,0.1,0.0,4.0,3D,2025-08-18 06:07:58-04:00,POINT (-80.965033 34.018512)
2025-08-17 22:30:59 UTC,sensor05,236476602,23.61,90.41,2025-08-18 10:08:18+00:00,34.018658,-80.9648,55.7,3.14,0.3,19.13,13.0,3D,2025-08-18 06:08:18-04:00,POINT (-80.9648 34.018658)
2025-08-17 22:31:04 UTC,sensor05,236476602,23.59,90.33,2025-08-18 10:08:23+00:00,34.01874,-80.96485,56.5,2.6,0.2,343.07,13.0,3D,2025-08-18 06:08:23-04:00,POINT (-80.96485 34.01874)
2025-08-17 22:33:41 UTC,sensor05,236476602,23.24,91.65,2025-08-18 10:10:59+00:00,34.01949,-80.965288,48.1,2.43,0.0,268.38,13.0,3D,2025-08-18 06:10:59-04:00,POINT (-80.965288 34.01949)
2025-08-17 22:33:56 UTC,sensor05,236476602,23.18,91.86,2025-08-18 10:11:14+00:00,34.01951,-80.965582,48.9,2.67,0.1,279.24,13.0,3D,2025-08-18 06:11:14-04:00,POINT (-80.965582 34.01951)
2025-08-17 22:34:26 UTC,sensor05,236476602,23.25,91.99,2025-08-18 10:11:41+00:00,34.019442,-80.965805,48.2,2.29,-0.1,163.96,13.0,3D,2025-08-18 06:11:41-04:00,POINT (-80.965805 34.019442)
2025-08-17 22:34:31 UTC,sensor05,236476602,23.25,91.89,2025-08-18 10:11:46+00:00,34.019408,-80.965692,48.1,2.55,-0.02,86.42,13.0,3D,2025-08-18 06:11:46-04:00,POINT (-80.965692 34.019408)
2025-08-17 22:34:46 UTC,sensor05,236476602,23.19,91.92,2025-08-18 10:12:05+00:00,34.019445,-80.965278,49.2,2.95,0.1,0.0,14.0,3D,2025-08-18 06:12:05-04:00,POINT (-80.965278 34.019445)
2025-08-17 22:35:16 UTC,sensor05,236476602,23.16,92.32,2025-08-18 10:12:35+00:00,34.019492,-80.965013,52.2,2.33,0.3,84.85,13.0,3D,2025-08-18 06:12:35-04:00,POINT (-80.965013 34.019492)
2025-08-17 22:35:21 UTC,sensor05,236476602,23.13,92.33,2025-08-18 10:12:40+00:00,34.019507,-80.964848,53.3,3.14,0.2,83.28,13.0,3D,2025-08-18 06:12:40-04:00,POINT (-80.964848 34.019507)
2025-08-17 22:35:26 UTC,sensor05,236476602,23.13,92.33,2025-08-18 10:12:45+00:00,34.01952,-80.964687,53.7,2.88,-0.1,76.24,13.0,3D,2025-08-18 06:12:45-04:00,POINT (-80.964687 34.01952)
2025-08-17 22:35:31 UTC,sensor05,236476602,23.14,92.6,2025-08-18 10:12:50+00:00,34.01954,-80.964517,54.9,3.08,0.2,80.91,13.0,3D,2025-08-18 06:12:50-04:00,POINT (-80.964517 34.01954)
2025-08-17 22:35:36 UTC,sensor05,236476602,23.12,92.5,2025-08-18 10:12:55+00:00,34.019548,-80.964395,56.1,2.29,0.1,94.77,13.0,3D,2025-08-18 06:12:55-04:00,POINT (-80.964395 34.019548)
2025-08-17 22:35:41 UTC,sensor05,236476602,23.07,92.5,2025-08-18 10:13:00+00:00,34.0196,-80.964233,57.0,3.62,0.3,54.53,13.0,3D,2025-08-18 06:13:00-04:00,POINT (-80.964233 34.0196)
2025-08-17 22:35:47 UTC,sensor05,236476602,23.09,92.55,2025-08-18 10:13:05+00:00,34.019688,-80.964068,58.0,3.67,0.1,55.8,13.0,3D,2025-08-18 06:13:05-04:00,POINT (-80.964068 34.019688)
2025-08-17 22:35:52 UTC,sensor05,236476602,23.06,92.58,2025-08-18 10:13:10+00:00,34.01976,-80.963898,58.1,3.83,0.0,74.43,13.0,3D,2025-08-18 06:13:10-04:00,POINT (-80.963898 34.01976)
2025-08-17 22:35:57 UTC,sensor05,236476602,23.06,92.62,2025-08-18 10:13:15+00:00,34.019767,-80.963673,58.9,3.75,0.1,86.34,13.0,3D,2025-08-18 06:13:15-04:00,POINT (-80.963673 34.019767)
2025-08-17 22:36:12 UTC,sensor05,236476602,23.15,92.65,2025-08-18 10:13:30+00:00,34.019772,-80.96328,59.9,3.31,0.2,84.56,13.0,3D,2025-08-18 06:13:30-04:00,POINT (-80.96328 34.019772)
2025-08-17 22:36:17 UTC,sensor05,236476602,23.12,92.57,2025-08-18 10:13:35+00:00,34.019792,-80.963098,60.2,3.16,-0.2,78.35,13.0,3D,2025-08-18 06:13:35-04:00,POINT (-80.963098 34.019792)
2025-08-17 22:36:22 UTC,sensor05,236476602,23.16,92.66,2025-08-18 10:13:40+00:00,34.019815,-80.962928,59.1,3.15,0.0,72.53,13.0,3D,2025-08-18 06:13:40-04:00,POINT (-80.962928 34.019815)
2025-08-17 22:36:27 UTC,sensor05,236476602,23.17,92.69,2025-08-18 10:13:41+00:00,34.019823,-80.962897,58.9,3.06,-0.2,74.15,13.0,3D,2025-08-18 06:13:41-04:00,POINT (-80.962897 34.019823)
2025-08-17 22:36:32 UTC,sensor05,236476602,23.17,92.61,2025-08-18 10:13:48+00:00,34.01989,-80.962728,58.9,2.46,0.0,0.0,13.0,3D,2025-08-18 06:13:48-04:00,POINT (-80.962728 34.01989)
2025-08-17 22:36:37 UTC,sensor05,236476602,23.18,92.61,2025-08-18 10:13:55+00:00,34.019953,-80.962542,58.9,3.08,0.0,69.37,13.0,3D,2025-08-18 06:13:55-04:00,POINT (-80.962542 34.019953)
2025-08-17 22:36:42 UTC,sensor05,236476602,23.2,92.64,2025-08-18 10:14:00+00:00,34.02003,-80.962372,59.0,3.52,-0.1,56.72,13.0,3D,2025-08-18 06:14:00-04:00,POINT (-80.962372 34.02003)
2025-08-17 22:36:47 UTC,sensor05,236476602,23.23,92.68,2025-08-18 10:14:06+00:00,34.02016,-80.962155,58.7,3.92,-0.1,0.0,13.0,3D,2025-08-18 06:14:06-04:00,POINT (-80.962155 34.02016)
2025-08-17 22:36:52 UTC,sensor05,236476602,23.22,92.59,2025-08-18 10:14:11+00:00,34.020265,-80.961988,59.2,3.92,0.2,0.0,13.0,3D,2025-08-18 06:14:11-04:00,POINT (-80.961988 34.020265)
2025-08-17 22:36:57 UTC,sensor05,236476602,23.23,92.66,2025-08-18 10:14:16+00:00,34.020363,-80.961807,59.7,3.59,0.1,0.0,14.0,3D,2025-08-18 06:14:16-04:00,POINT (-80.961807 34.020363)
2025-08-17 22:37:07 UTC,sensor05,236476602,23.23,92.88,2025-08-18 10:14:26+00:00,34.020428,-80.961572,60.9,2.97,0.4,103.97,14.0,3D,2025-08-18 06:14:26-04:00,POINT (-80.961572 34.020428)
2025-08-17 22:37:12 UTC,sensor05,236476602,23.23,92.94,2025-08-18 10:14:31+00:00,34.020302,-80.961453,60.9,4.3,0.0,152.24,14.0,3D,2025-08-18 06:14:31-04:00,POINT (-80.961453 34.020302)
2025-08-17 22:37:17 UTC,sensor05,236476602,23.23,92.95,2025-08-18 10:14:36+00:00,34.020148,-80.96137,60.9,3.42,0.1,159.26,14.0,3D,2025-08-18 06:14:36-04:00,POINT (-80.96137 34.020148)
2025-08-17 22:37:32 UTC,sensor05,236476602,23.3,92.69,2025-08-18 10:14:51+00:00,34.019937,-80.961263,58.7,2.91,-0.1,176.33,14.0,3D,2025-08-18 06:14:51-04:00,POINT (-80.961263 34.019937)
2025-08-17 22:37:37 UTC,sensor05,236476602,23.25,92.75,2025-08-18 10:14:56+00:00,34.019787,-80.961418,58.6,5.07,0.1,234.02,14.0,3D,2025-08-18 06:14:56-04:00,POINT (-80.961418 34.019787)
2025-08-17 22:37:43 UTC,sensor05,236476602,23.32,92.74,2025-08-18 10:15:01+00:00,34.019633,-80.961635,58.4,5.51,0.2,231.91,14.0,3D,2025-08-18 06:15:01-04:00,POINT (-80.961635 34.019633)
2025-08-17 22:37:48 UTC,sensor05,236476602,23.33,92.7,2025-08-18 10:15:06+00:00,34.019483,-80.961878,59.3,5.44,0.1,235.26,14.0,3D,2025-08-18 06:15:06-04:00,POINT (-80.961878 34.019483)
2025-08-17 22:37:53 UTC,sensor05,236476602,23.3,92.81,2025-08-18 10:15:11+00:00,34.019335,-80.962123,61.2,6.47,0.2,235.49,14.0,3D,2025-08-18 06:15:11-04:00,POINT (-80.962123 34.019335)
2025-08-17 22:37:58 UTC,sensor05,236476602,23.29,92.8,2025-08-18 10:15:16+00:00,34.019183,-80.962423,62.7,7.15,0.4,240.29,14.0,3D,2025-08-18 06:15:16-04:00,POINT (-80.962423 34.019183)
2025-08-17 22:38:03 UTC,sensor05,236476602,23.22,92.75,2025-08-18 10:15:21+00:00,34.01905,-80.962735,64.3,6.37,0.3,242.98,14.0,3D,2025-08-18 06:15:21-04:00,POINT (-80.962735 34.01905)
2025-08-17 22:38:08 UTC,sensor05,236476602,23.23,92.74,2025-08-18 10:15:26+00:00,34.018943,-80.96305,66.5,6.59,0.3,249.91,14.0,3D,2025-08-18 06:15:26-04:00,POINT (-80.96305 34.018943)
2025-08-17 22:38:13 UTC,sensor05,236476602,23.25,92.85,2025-08-18 10:15:31+00:00,34.018797,-80.963408,66.8,6.54,0.0,247.15,14.0,3D,2025-08-18 06:15:31-04:00,POINT (-80.963408 34.018797)
2025-08-17 22:38:18 UTC,sensor05,236476602,23.39,92.87,2025-08-18 10:15:36+00:00,34.018668,-80.963748,67.4,6.4,0.1,248.03,14.0,3D,2025-08-18 06:15:36-04:00,POINT (-80.963748 34.018668)
2025-08-17 22:38:23 UTC,sensor05,236476602,23.4,92.23,2025-08-18 10:15:41+00:00,34.0186,-80.964093,66.8,5.54,0.2,255.88,14.0,3D,2025-08-18 06:15:41-04:00,POINT (-80.964093 34.0186)
2025-08-17 22:38:28 UTC,sensor05,236476602,23.41,91.84,2025-08-18 10:15:42+00:00,34.018588,-80.96415,66.8,5.13,0.0,255.61,14.0,3D,2025-08-18 06:15:42-04:00,POINT (-80.96415 34.018588)
2025-08-17 22:38:43 UTC,sensor05,236476602,23.5,91.66,2025-08-18 10:16:02+00:00,34.018422,-80.964482,71.6,3.92,0.3,176.33,14.0,3D,2025-08-18 06:16:02-04:00,POINT (-80.964482 34.018422)
2025-08-17 22:38:48 UTC,sensor05,236476602,23.5,91.67,2025-08-18 10:16:07+00:00,34.018188,-80.964457,71.2,5.57,0.0,166.64,14.0,3D,2025-08-18 06:16:07-04:00,POINT (-80.964457 34.018188)
2025-08-17 22:38:53 UTC,sensor05,236476602,23.49,91.61,2025-08-18 10:16:12+00:00,34.017957,-80.964382,71.0,5.02,0.0,158.5,14.0,3D,2025-08-18 06:16:12-04:00,POINT (-80.964382 34.017957)
2025-08-17 22:38:58 UTC,sensor05,236476602,23.47,91.46,2025-08-18 10:16:17+00:00,34.01777,-80.964285,72.0,4.03,0.2,165.37,14.0,3D,2025-08-18 06:16:17-04:00,POINT (-80.964285 34.01777)
2025-08-17 22:39:03 UTC,sensor05,236476602,23.43,91.5,2025-08-18 10:16:22+00:00,34.017613,-80.964193,73.3,3.88,0.0,170.37,14.0,3D,2025-08-18 06:16:22-04:00,POINT (-80.964193 34.017613)
2025-08-17 22:39:08 UTC,sensor05,236476602,23.4,91.61,2025-08-18 10:16:27+00:00,34.017462,-80.964138,73.7,3.02,0.2,154.51,14.0,3D,2025-08-18 06:16:27-04:00,POINT (-80.964138 34.017462)
2025-08-17 22:39:13 UTC,sensor05,236476602,23.36,91.75,2025-08-18 10:16:32+00:00,34.017338,-80.964077,74.4,3.07,0.2,165.37,14.0,3D,2025-08-18 06:16:32-04:00,POINT (-80.964077 34.017338)
2025-08-17 22:39:18 UTC,sensor05,236476602,23.29,91.9,2025-08-18 10:16:37+00:00,34.017182,-80.964037,75.1,3.74,0.2,160.79,14.0,3D,2025-08-18 06:16:37-04:00,POINT (-80.964037 34.017182)
2025-08-17 22:39:24 UTC,sensor05,236476602,23.25,91.87,2025-08-18 10:16:42+00:00,34.017015,-80.963992,76.3,3.36,0.0,177.99,14.0,3D,2025-08-18 06:16:42-04:00,POINT (-80.963992 34.017015)
2025-08-17 22:39:29 UTC,sensor05,236476602,23.22,91.91,2025-08-18 10:16:47+00:00,34.01692,-80.964068,77.7,2.74,0.2,247.96,14.0,3D,2025-08-18 06:16:47-04:00,POINT (-80.964068 34.01692)
2025-08-17 22:39:34 UTC,sensor05,236476602,23.2,91.97,2025-08-18 10:16:52+00:00,34.016898,-80.964222,78.4,2.7,0.1,259.08,14.0,3D,2025-08-18 06:16:52-04:00,POINT (-80.964222 34.016898)
2025-08-17 22:39:39 UTC,sensor05,236476602,23.18,92.05,2025-08-18 10:16:57+00:00,34.016918,-80.964365,76.9,3.41,0.0,267.57,14.0,3D,2025-08-18 06:16:57-04:00,POINT (-80.964365 34.016918)
2025-08-17 22:39:44 UTC,sensor05,236476602,23.22,92.04,2025-08-18 10:17:02+00:00,34.016917,-80.964538,77.3,2.89,0.1,266.98,14.0,3D,2025-08-18 06:17:02-04:00,POINT (-80.964538 34.016917)
2025-08-17 22:39:59 UTC,sensor05,236476602,23.25,91.68,2025-08-18 10:17:17+00:00,34.0169,-80.964883,78.1,2.48,0.1,263.91,14.0,3D,2025-08-18 06:17:17-04:00,POINT (-80.964883 34.0169)
2025-08-17 22:40:04 UTC,sensor05,236476602,23.28,91.82,2025-08-18 10:17:22+00:00,34.016882,-80.965043,77.8,2.86,-0.1,265.93,14.0,3D,2025-08-18 06:17:22-04:00,POINT (-80.965043 34.016882)
2025-08-17 22:40:09 UTC,sensor05,236476602,23.3,91.77,2025-08-18 10:17:27+00:00,34.016875,-80.965208,78.3,2.83,0.4,264.2,14.0,3D,2025-08-18 06:17:27-04:00,POINT (-80.965208 34.016875)
2025-08-17 22:40:19 UTC,sensor05,236476602,23.4,91.67,2025-08-18 10:17:37+00:00,34.016825,-80.965437,79.8,2.43,0.3,226.99,14.0,3D,2025-08-18 06:17:37-04:00,POINT (-80.965437 34.016825)
2025-08-17 22:40:24 UTC,sensor05,236476602,23.43,91.53,2025-08-18 10:17:43+00:00,34.016652,-80.965508,81.3,3.91,0.4,0.0,14.0,3D,2025-08-18 06:17:43-04:00,POINT (-80.965508 34.016652)
2025-08-17 22:40:29 UTC,sensor05,236476602,23.41,91.44,2025-08-18 10:17:43+00:00,34.016652,-80.965508,81.3,3.91,0.4,0.0,14.0,3D,2025-08-18 06:17:43-04:00,POINT (-80.965508 34.016652)
2025-08-17 22:40:34 UTC,sensor05,236476602,23.4,91.44,2025-08-18 10:17:53+00:00,34.016323,-80.965493,84.2,3.73,0.0,0.0,14.0,3D,2025-08-18 06:17:53-04:00,POINT (-80.965493 34.016323)
2025-08-17 22:40:39 UTC,sensor05,236476602,23.38,91.54,2025-08-18 10:17:58+00:00,34.016157,-80.965477,85.1,3.53,0.2,0.0,4.0,3D,2025-08-18 06:17:58-04:00,POINT (-80.965477 34.016157)
2025-08-17 22:40:44 UTC,sensor05,236476602,23.37,91.68,2025-08-18 10:18:03+00:00,34.016037,-80.965425,84.9,2.85,0.1,0.0,4.0,3D,2025-08-18 06:18:03-04:00,POINT (-80.965425 34.016037)
2025-08-17 22:40:49 UTC,sensor05,236476602,23.31,91.77,2025-08-18 10:18:08+00:00,34.016002,-80.965248,85.1,3.39,0.2,0.0,8.0,3D,2025-08-18 06:18:08-04:00,POINT (-80.965248 34.016002)
2025-08-17 22:40:54 UTC,sensor05,236476602,23.27,92.06,2025-08-18 10:18:13+00:00,34.01601,-80.96503,85.5,4.0,0.2,0.0,12.0,3D,2025-08-18 06:18:13-04:00,POINT (-80.96503 34.01601)
2025-08-17 22:40:59 UTC,sensor05,236476602,23.16,92.26,2025-08-18 10:18:18+00:00,34.016015,-80.964827,86.0,4.02,0.0,0.0,14.0,3D,2025-08-18 06:18:18-04:00,POINT (-80.964827 34.016015)
2025-08-17 22:41:04 UTC,sensor05,236476602,23.12,92.59,2025-08-18 10:18:23+00:00,34.016023,-80.964617,86.8,4.19,0.2,0.0,14.0,3D,2025-08-18 06:18:23-04:00,POINT (-80.964617 34.016023)
2025-08-17 22:41:09 UTC,sensor05,236476602,23.11,93.03,2025-08-18 10:18:28+00:00,34.016065,-80.964388,87.1,4.08,0.2,75.03,14.0,3D,2025-08-18 06:18:28-04:00,POINT (-80.964388 34.016065)
2025-08-17 22:41:14 UTC,sensor05,236476602,23.09,93.09,2025-08-18 10:18:33+00:00,34.016117,-80.964193,88.0,3.25,0.1,78.89,14.0,3D,2025-08-18 06:18:33-04:00,POINT (-80.964193 34.016117)
2025-08-17 22:41:19 UTC,sensor05,236476602,23.01,93.12,2025-08-18 10:18:38+00:00,34.016123,-80.96399,88.5,3.45,0.1,89.01,14.0,3D,2025-08-18 06:18:38-04:00,POINT (-80.96399 34.016123)
2025-08-17 22:41:25 UTC,sensor05,236476602,22.99,93.21,2025-08-18 10:18:43+00:00,34.01612,-80.963838,89.2,2.9,0.0,91.45,14.0,3D,2025-08-18 06:18:43-04:00,POINT (-80.963838 34.01612)
2025-08-17 22:41:30 UTC,sensor05,236476602,22.99,93.24,2025-08-18 10:18:48+00:00,34.016155,-80.963705,90.4,2.3,0.2,50.82,14.0,3D,2025-08-18 06:18:48-04:00,POINT (-80.963705 34.016155)
2025-08-17 22:41:55 UTC,sensor05,236476602,23.03,93.19,2025-08-18 10:19:13+00:00,34.016322,-80.964002,81.7,2.43,-0.1,261.29,14.0,3D,2025-08-18 06:19:13-04:00,POINT (-80.964002 34.016322)
2025-08-17 22:42:15 UTC,sensor05,236476602,23.08,93.29,2025-08-18 10:19:33+00:00,34.016208,-80.964345,78.4,2.25,0.1,219.26,13.0,3D,2025-08-18 06:19:33-04:00,POINT (-80.964345 34.016208)
2025-08-17 22:42:35 UTC,sensor05,236476602,23.02,93.33,2025-08-18 10:19:54+00:00,34.016027,-80.964733,79.2,3.16,0.07,0.0,13.0,3D,2025-08-18 06:19:54-04:00,POINT (-80.964733 34.016027)
2025-08-17 22:42:40 UTC,sensor05,236476602,23.02,93.28,2025-08-18 10:19:59+00:00,34.016063,-80.964937,79.3,4.12,0.1,277.04,13.0,3D,2025-08-18 06:19:59-04:00,POINT (-80.964937 34.016063)
2025-08-17 22:42:45 UTC,sensor05,236476602,23.03,93.31,2025-08-18 10:20:04+00:00,34.016072,-80.965177,79.0,4.31,-0.1,268.86,13.0,3D,2025-08-18 06:20:04-04:00,POINT (-80.965177 34.016072)
2025-08-17 22:42:50 UTC,sensor05,236476602,23.0,93.39,2025-08-18 10:20:09+00:00,34.016037,-80.965327,77.7,2.42,-1.4,246.86,13.0,3D,2025-08-18 06:20:09-04:00,POINT (-80.965327 34.016037)
2025-08-17 22:42:55 UTC,sensor05,236476602,23.05,93.31,2025-08-18 10:20:14+00:00,34.015943,-80.965473,77.6,3.88,0.0,237.08,13.0,3D,2025-08-18 06:20:14-04:00,POINT (-80.965473 34.015943)
2025-08-17 22:43:00 UTC,sensor05,236476602,23.14,92.98,2025-08-18 10:20:19+00:00,34.015907,-80.96568,77.7,4.46,0.0,264.52,13.0,3D,2025-08-18 06:20:19-04:00,POINT (-80.96568 34.015907)
2025-08-17 22:43:05 UTC,sensor05,236476602,23.14,92.69,2025-08-18 10:20:24+00:00,34.01591,-80.965913,77.9,4.21,0.1,270.34,13.0,3D,2025-08-18 06:20:24-04:00,POINT (-80.965913 34.01591)
2025-08-17 22:43:20 UTC,sensor05,236476602,23.13,92.5,2025-08-18 10:20:39+00:00,34.015893,-80.966282,77.2,3.44,0.0,231.18,13.0,3D,2025-08-18 06:20:39-04:00,POINT (-80.966282 34.015893)
2025-08-17 22:43:26 UTC,sensor05,236476602,23.08,92.5,2025-08-18 10:20:44+00:00,34.015667,-80.966395,76.9,6.16,0.0,189.72,13.0,3D,2025-08-18 06:20:44-04:00,POINT (-80.966395 34.015667)
2025-08-17 22:43:31 UTC,sensor05,236476602,23.07,92.54,2025-08-18 10:20:49+00:00,34.015355,-80.96643,76.6,6.87,-0.2,183.89,13.0,3D,2025-08-18 06:20:49-04:00,POINT (-80.96643 34.015355)
2025-08-17 22:43:36 UTC,sensor05,236476602,23.01,92.64,2025-08-18 10:20:54+00:00,34.01501,-80.96646,76.0,7.87,0.1,183.98,13.0,3D,2025-08-18 06:20:54-04:00,POINT (-80.96646 34.01501)
2025-08-17 22:43:41 UTC,sensor05,236476602,22.94,92.84,2025-08-18 10:20:59+00:00,34.014652,-80.966458,75.7,7.34,-0.2,180.52,13.0,3D,2025-08-18 06:20:59-04:00,POINT (-80.966458 34.014652)
2025-08-17 22:43:46 UTC,sensor05,236476602,22.87,92.84,2025-08-18 10:21:04+00:00,34.014305,-80.966435,74.5,7.66,-0.1,179.73,13.0,3D,2025-08-18 06:21:04-04:00,POINT (-80.966435 34.014305)
2025-08-17 22:43:51 UTC,sensor05,236476602,22.89,92.99,2025-08-18 10:21:09+00:00,34.013923,-80.966428,73.6,8.35,-0.2,180.5,13.0,3D,2025-08-18 06:21:09-04:00,POINT (-80.966428 34.013923)
2025-08-17 22:43:56 UTC,sensor05,236476602,22.9,93.18,2025-08-18 10:21:14+00:00,34.013537,-80.966417,72.8,8.46,-0.1,176.88,13.0,3D,2025-08-18 06:21:14-04:00,POINT (-80.966417 34.013537)
2025-08-17 22:44:01 UTC,sensor05,236476602,22.9,93.28,2025-08-18 10:21:19+00:00,34.013142,-80.966407,72.3,8.94,-0.1,178.62,13.0,3D,2025-08-18 06:21:19-04:00,POINT (-80.966407 34.013142)
2025-08-17 22:44:06 UTC,sensor05,236476602,22.92,93.29,2025-08-18 10:21:24+00:00,34.012718,-80.966402,71.1,9.8,-0.2,177.27,13.0,3D,2025-08-18 06:21:24-04:00,POINT (-80.966402 34.012718)
2025-08-17 22:44:11 UTC,sensor05,236476602,22.9,93.24,2025-08-18 10:21:29+00:00,34.012323,-80.966378,70.1,7.95,-0.2,176.11,13.0,3D,2025-08-18 06:21:29-04:00,POINT (-80.966378 34.012323)
2025-08-17 22:44:16 UTC,sensor05,236476602,22.92,93.25,2025-08-18 10:21:35+00:00,34.011938,-80.966373,68.4,6.66,-0.4,0.0,13.0,3D,2025-08-18 06:21:35-04:00,POINT (-80.966373 34.011938)
2025-08-17 22:44:21 UTC,sensor05,236476602,22.99,93.21,2025-08-18 10:21:40+00:00,34.011643,-80.966368,67.8,6.29,-0.1,0.0,13.0,3D,2025-08-18 06:21:40-04:00,POINT (-80.966368 34.011643)
2025-08-17 22:44:26 UTC,sensor05,236476602,22.95,93.04,2025-08-18 10:21:44+00:00,34.011425,-80.966363,65.7,5.4,-0.5,181.23,13.0,3D,2025-08-18 06:21:44-04:00,POINT (-80.966363 34.011425)
2025-08-17 22:44:31 UTC,sensor05,236476602,22.96,93.04,2025-08-18 10:21:48+00:00,34.011257,-80.966397,64.5,3.85,-0.3,181.15,13.0,3D,2025-08-18 06:21:48-04:00,POINT (-80.966397 34.011257)
2025-08-17 22:45:22 UTC,sensor05,236476602,22.9,93.11,2025-08-18 10:22:40+00:00,34.010603,-80.966458,54.5,3.51,0.1,189.02,13.0,3D,2025-08-18 06:22:40-04:00,POINT (-80.966458 34.010603)
2025-08-17 22:45:27 UTC,sensor05,236476602,22.91,93.07,2025-08-18 10:22:45+00:00,34.0104,-80.966518,54.6,4.75,-0.1,195.94,13.0,3D,2025-08-18 06:22:45-04:00,POINT (-80.966518 34.0104)
2025-08-17 22:45:32 UTC,sensor05,236476602,22.91,93.1,2025-08-18 10:22:50+00:00,34.01017,-80.966613,53.9,4.88,-0.2,196.69,13.0,3D,2025-08-18 06:22:50-04:00,POINT (-80.966613 34.01017)
2025-08-17 22:45:42 UTC,sensor05,236476602,22.92,93.09,2025-08-18 10:23:00+00:00,34.009902,-80.966683,53.3,2.97,0.0,159.89,13.0,3D,2025-08-18 06:23:00-04:00,POINT (-80.966683 34.009902)
2025-08-17 22:45:47 UTC,sensor05,236476602,22.95,93.11,2025-08-18 10:23:05+00:00,34.009822,-80.966515,53.5,4.9,0.1,111.21,13.0,3D,2025-08-18 06:23:05-04:00,POINT (-80.966515 34.009822)
2025-08-17 22:45:52 UTC,sensor05,236476602,22.88,93.12,2025-08-18 10:23:10+00:00,34.0097,-80.966208,53.1,7.26,-0.2,119.28,13.0,3D,2025-08-18 06:23:10-04:00,POINT (-80.966208 34.0097)
2025-08-17 22:45:57 UTC,sensor05,236476602,22.83,93.23,2025-08-18 10:23:15+00:00,34.00955,-80.96591,52.9,5.71,0.0,119.97,13.0,3D,2025-08-18 06:23:15-04:00,POINT (-80.96591 34.00955)
2025-08-17 22:46:02 UTC,sensor05,236476602,22.84,93.32,2025-08-18 10:23:20+00:00,34.009432,-80.965727,52.0,3.28,-0.2,116.04,13.0,3D,2025-08-18 06:23:20-04:00,POINT (-80.965727 34.009432)
2025-08-17 22:46:07 UTC,sensor05,236476602,22.85,93.35,2025-08-18 10:23:25+00:00,34.009333,-80.96556,51.5,3.99,0.0,125.55,13.0,3D,2025-08-18 06:23:25-04:00,POINT (-80.96556 34.009333)
2025-08-17 22:46:12 UTC,sensor05,236476602,22.83,93.34,2025-08-18 10:23:30+00:00,34.009215,-80.96533,50.9,5.17,-0.1,123.69,13.0,3D,2025-08-18 06:23:30-04:00,POINT (-80.96533 34.009215)
2025-08-17 22:46:17 UTC,sensor05,236476602,22.81,93.48,2025-08-18 10:23:35+00:00,34.009087,-80.965062,50.7,5.73,-0.1,125.02,13.0,3D,2025-08-18 06:23:35-04:00,POINT (-80.965062 34.009087)
2025-08-17 22:46:22 UTC,sensor05,236476602,22.86,93.59,2025-08-18 10:23:40+00:00,34.008962,-80.964798,50.5,5.2,-0.1,122.48,13.0,3D,2025-08-18 06:23:40-04:00,POINT (-80.964798 34.008962)
2025-08-17 22:46:27 UTC,sensor05,236476602,22.91,93.63,2025-08-18 10:23:45+00:00,34.008808,-80.96459,49.7,5.07,-0.1,123.3,13.0,3D,2025-08-18 06:23:45-04:00,POINT (-80.96459 34.008808)
2025-08-17 22:46:32 UTC,sensor05,236476602,22.9,93.78,2025-08-18 10:23:51+00:00,34.008667,-80.964345,51.3,4.98,0.0,0.0,13.0,3D,2025-08-18 06:23:51-04:00,POINT (-80.964345 34.008667)
2025-08-17 22:46:37 UTC,sensor05,236476602,22.9,93.47,2025-08-18 10:23:56+00:00,34.008532,-80.964112,50.8,5.62,-0.1,0.0,13.0,3D,2025-08-18 06:23:56-04:00,POINT (-80.964112 34.008532)
2025-08-17 22:46:42 UTC,sensor05,236476602,22.89,93.37,2025-08-18 10:24:01+00:00,34.008413,-80.963852,50.2,5.03,0.0,0.0,13.0,3D,2025-08-18 06:24:01-04:00,POINT (-80.963852 34.008413)
2025-08-17 22:46:47 UTC,sensor05,236476602,22.86,93.41,2025-08-18 10:24:06+00:00,34.008303,-80.963623,50.1,4.63,-0.1,122.76,13.0,3D,2025-08-18 06:24:06-04:00,POINT (-80.963623 34.008303)
2025-08-17 22:46:57 UTC,sensor05,236476602,22.87,93.54,2025-08-18 10:24:16+00:00,34.008132,-80.9631,43.2,3.79,-1.3,119.41,13.0,3D,2025-08-18 06:24:16-04:00,POINT (-80.9631 34.008132)
2025-08-17 22:47:02 UTC,sensor05,236476602,22.84,93.49,2025-08-18 10:24:21+00:00,34.008008,-80.962937,39.3,2.86,-0.2,121.44,13.0,3D,2025-08-18 06:24:21-04:00,POINT (-80.962937 34.008008)
2025-08-17 22:47:12 UTC,sensor05,236476602,22.85,93.48,2025-08-18 10:24:31+00:00,34.007893,-80.962847,41.2,2.31,0.1,227.24,13.0,3D,2025-08-18 06:24:31-04:00,POINT (-80.962847 34.007893)
2025-08-17 22:47:17 UTC,sensor05,236476602,22.86,93.53,2025-08-18 10:24:36+00:00,34.007868,-80.963013,41.9,4.43,0.1,259.47,13.0,3D,2025-08-18 06:24:36-04:00,POINT (-80.963013 34.007868)
2025-08-17 22:47:22 UTC,sensor05,236476602,22.85,93.53,2025-08-18 10:24:41+00:00,34.007872,-80.963277,43.9,5.39,0.3,266.38,13.0,3D,2025-08-18 06:24:41-04:00,POINT (-80.963277 34.007872)
2025-08-17 22:47:27 UTC,sensor05,236476602,22.87,93.61,2025-08-18 10:24:46+00:00,34.007843,-80.963558,44.5,5.58,0.1,263.56,13.0,3D,2025-08-18 06:24:46-04:00,POINT (-80.963558 34.007843)
2025-08-17 22:47:32 UTC,sensor05,236476602,22.85,93.66,2025-08-18 10:24:51+00:00,34.007798,-80.96382,49.2,4.59,1.0,255.06,13.0,3D,2025-08-18 06:24:51-04:00,POINT (-80.96382 34.007798)
2025-08-17 22:47:38 UTC,sensor05,236476602,22.8,93.73,2025-08-18 10:24:56+00:00,34.007752,-80.964037,52.2,4.33,0.5,248.11,13.0,3D,2025-08-18 06:24:56-04:00,POINT (-80.964037 34.007752)
2025-08-17 22:47:43 UTC,sensor05,236476602,22.76,93.74,2025-08-18 10:25:01+00:00,34.00766,-80.964237,54.6,4.01,0.2,235.47,13.0,3D,2025-08-18 06:25:01-04:00,POINT (-80.964237 34.00766)
2025-08-17 22:47:48 UTC,sensor05,236476602,22.78,93.84,2025-08-18 10:25:06+00:00,34.00756,-80.964413,58.2,4.09,0.6,235.83,13.0,3D,2025-08-18 06:25:06-04:00,POINT (-80.964413 34.00756)
2025-08-17 22:47:53 UTC,sensor05,236476602,22.76,93.91,2025-08-18 10:25:11+00:00,34.007458,-80.964572,60.0,3.71,0.8,237.18,13.0,3D,2025-08-18 06:25:11-04:00,POINT (-80.964572 34.007458)
2025-08-17 22:47:58 UTC,sensor05,236476602,22.74,93.96,2025-08-18 10:25:16+00:00,34.007328,-80.964765,62.1,4.43,0.4,223.49,13.0,3D,2025-08-18 06:25:16-04:00,POINT (-80.964765 34.007328)
2025-08-17 22:48:03 UTC,sensor05,236476602,22.78,94.01,2025-08-18 10:25:21+00:00,34.007172,-80.964947,63.9,4.16,0.5,222.38,13.0,3D,2025-08-18 06:25:21-04:00,POINT (-80.964947 34.007172)
2025-08-17 22:48:08 UTC,sensor05,236476602,22.76,93.95,2025-08-18 10:25:26+00:00,34.007008,-80.965078,65.7,5.0,0.3,211.29,13.0,3D,2025-08-18 06:25:26-04:00,POINT (-80.965078 34.007008)
2025-08-17 22:48:13 UTC,sensor05,236476602,22.79,93.97,2025-08-18 10:25:31+00:00,34.006835,-80.965225,70.1,4.78,0.3,207.7,13.0,3D,2025-08-18 06:25:31-04:00,POINT (-80.965225 34.006835)
2025-08-17 22:48:18 UTC,sensor05,236476602,22.74,93.94,2025-08-18 10:25:36+00:00,34.006655,-80.965342,71.6,4.69,0.3,209.08,13.0,3D,2025-08-18 06:25:36-04:00,POINT (-80.965342 34.006655)
2025-08-17 22:48:23 UTC,sensor05,236476602,22.74,93.97,2025-08-18 10:25:41+00:00,34.006473,-80.9655,74.3,4.67,0.6,220.07,13.0,3D,2025-08-18 06:25:41-04:00,POINT (-80.9655 34.006473)
2025-08-17 22:48:28 UTC,sensor05,236476602,22.69,93.98,2025-08-18 10:25:45+00:00,34.006338,-80.965655,76.6,4.65,0.5,227.37,13.0,3D,2025-08-18 06:25:45-04:00,POINT (-80.965655 34.006338)
2025-08-17 22:48:33 UTC,sensor05,236476602,22.74,94.36,2025-08-18 10:25:52+00:00,34.006168,-80.965902,79.7,4.22,0.44,0.0,13.0,3D,2025-08-18 06:25:52-04:00,POINT (-80.965902 34.006168)
2025-08-17 22:48:38 UTC,sensor05,236476602,22.74,94.22,2025-08-18 10:25:57+00:00,34.006088,-80.96602,82.6,3.56,0.5,0.0,13.0,3D,2025-08-18 06:25:57-04:00,POINT (-80.96602 34.006088)
2025-08-17 22:48:43 UTC,sensor05,236476602,22.71,94.1,2025-08-18 10:26:02+00:00,34.006013,-80.966282,84.6,5.64,0.4,0.0,13.0,3D,2025-08-18 06:26:02-04:00,POINT (-80.966282 34.006013)
2025-08-17 22:48:48 UTC,sensor05,236476602,22.69,94.08,2025-08-18 10:26:07+00:00,34.00592,-80.966562,86.7,4.95,0.5,248.04,13.0,3D,2025-08-18 06:26:07-04:00,POINT (-80.966562 34.00592)
2025-08-17 22:48:53 UTC,sensor05,236476602,22.68,94.08,2025-08-18 10:26:12+00:00,34.00583,-80.966805,88.5,4.23,-0.1,245.47,13.0,3D,2025-08-18 06:26:12-04:00,POINT (-80.966805 34.00583)
2025-08-17 22:48:58 UTC,sensor05,236476602,22.7,94.19,2025-08-18 10:26:17+00:00,34.00574,-80.967002,89.6,4.22,0.3,246.86,13.0,3D,2025-08-18 06:26:17-04:00,POINT (-80.967002 34.00574)
2025-08-17 22:49:03 UTC,sensor05,236476602,22.69,94.21,2025-08-18 10:26:22+00:00,34.005603,-80.967283,91.2,6.7,0.3,238.1,13.0,3D,2025-08-18 06:26:22-04:00,POINT (-80.967283 34.005603)
2025-08-17 22:49:08 UTC,sensor05,236476602,22.76,94.31,2025-08-18 10:26:27+00:00,34.005482,-80.967515,92.9,5.6,0.4,230.39,13.0,3D,2025-08-18 06:26:27-04:00,POINT (-80.967515 34.005482)
2025-08-17 22:49:13 UTC,sensor05,236476602,22.78,94.34,2025-08-18 10:26:32+00:00,34.005325,-80.967695,96.1,4.27,0.5,220.7,13.0,3D,2025-08-18 06:26:32-04:00,POINT (-80.967695 34.005325)
2025-08-17 22:49:18 UTC,sensor05,236476602,22.76,94.22,2025-08-18 10:26:37+00:00,34.005192,-80.967847,99.1,3.21,0.5,221.52,13.0,3D,2025-08-18 06:26:37-04:00,POINT (-80.967847 34.005192)
2025-08-17 22:49:23 UTC,sensor05,236476602,22.75,94.15,2025-08-18 10:26:42+00:00,34.005097,-80.967982,102.8,3.54,0.7,225.07,13.0,3D,2025-08-18 06:26:42-04:00,POINT (-80.967982 34.005097)
2025-08-17 22:49:28 UTC,sensor05,236476602,22.72,94.09,2025-08-18 10:26:47+00:00,34.004945,-80.968187,105.5,5.44,0.5,226.72,13.0,3D,2025-08-18 06:26:47-04:00,POINT (-80.968187 34.004945)
2025-08-17 22:49:33 UTC,sensor05,236476602,22.75,94.23,2025-08-18 10:26:52+00:00,34.004772,-80.968422,108.2,5.5,0.4,227.51,13.0,3D,2025-08-18 06:26:52-04:00,POINT (-80.968422 34.004772)
2025-08-17 22:49:39 UTC,sensor05,236476602,22.8,94.14,2025-08-18 10:26:57+00:00,34.004593,-80.968647,110.3,4.93,0.4,226.15,13.0,3D,2025-08-18 06:26:57-04:00,POINT (-80.968647 34.004593)
2025-08-17 22:49:44 UTC,sensor05,236476602,22.81,94.14,2025-08-18 10:27:02+00:00,34.004423,-80.96884,111.9,4.62,0.2,219.85,13.0,3D,2025-08-18 06:27:02-04:00,POINT (-80.96884 34.004423)
2025-08-17 22:49:49 UTC,sensor05,236476602,22.81,94.18,2025-08-18 10:27:07+00:00,34.004247,-80.969022,113.0,4.84,0.3,220.5,13.0,3D,2025-08-18 06:27:07-04:00,POINT (-80.969022 34.004247)
2025-08-17 22:49:54 UTC,sensor05,236476602,22.81,94.14,2025-08-18 10:27:12+00:00,34.004102,-80.969263,113.3,5.13,0.3,221.58,13.0,3D,2025-08-18 06:27:12-04:00,POINT (-80.969263 34.004102)
2025-08-17 22:49:59 UTC,sensor05,236476602,22.89,94.27,2025-08-18 10:27:17+00:00,34.003977,-80.969397,113.4,3.17,0.0,217.32,13.0,3D,2025-08-18 06:27:17-04:00,POINT (-80.969397 34.003977)
2025-08-17 22:50:04 UTC,sensor05,236476602,22.88,94.23,2025-08-18 10:27:22+00:00,34.00382,-80.969548,112.3,5.46,-0.2,217.69,13.0,3D,2025-08-18 06:27:22-04:00,POINT (-80.969548 34.00382)
2025-08-17 22:50:09 UTC,sensor05,236476602,22.89,94.12,2025-08-18 10:27:27+00:00,34.003572,-80.969727,110.4,6.39,-0.6,205.97,13.0,3D,2025-08-18 06:27:27-04:00,POINT (-80.969727 34.003572)
2025-08-17 22:50:14 UTC,sensor05,236476602,22.85,93.92,2025-08-18 10:27:32+00:00,34.00332,-80.96985,109.5,4.84,0.1,200.47,13.0,3D,2025-08-18 06:27:32-04:00,POINT (-80.96985 34.00332)
2025-08-17 22:50:19 UTC,sensor05,236476602,22.85,93.93,2025-08-18 10:27:37+00:00,34.003117,-80.969922,108.7,4.15,0.0,195.81,13.0,3D,2025-08-18 06:27:37-04:00,POINT (-80.969922 34.003117)
2025-08-17 22:50:24 UTC,sensor05,236476602,22.85,94.02,2025-08-18 10:27:42+00:00,34.002935,-80.96999,109.0,4.96,-0.1,192.08,13.0,3D,2025-08-18 06:27:42-04:00,POINT (-80.96999 34.002935)
2025-08-17 22:50:29 UTC,sensor05,236476602,22.85,94.09,2025-08-18 10:27:46+00:00,34.002768,-80.970013,109.0,4.73,0.1,178.55,13.0,3D,2025-08-18 06:27:46-04:00,POINT (-80.970013 34.002768)
2025-08-17 22:50:34 UTC,sensor05,236476602,22.83,94.19,2025-08-18 10:27:52+00:00,34.002537,-80.969985,108.6,4.14,-0.4,171.93,13.0,3D,2025-08-18 06:27:52-04:00,POINT (-80.969985 34.002537)
2025-08-17 22:50:39 UTC,sensor05,236476602,22.81,94.24,2025-08-18 10:27:58+00:00,34.002283,-80.969935,107.1,4.96,-0.5,0.0,13.0,3D,2025-08-18 06:27:58-04:00,POINT (-80.969935 34.002283)
2025-08-17 22:50:44 UTC,sensor05,236476602,22.82,94.29,2025-08-18 10:28:03+00:00,34.002092,-80.96986,105.6,4.24,0.1,0.0,13.0,3D,2025-08-18 06:28:03-04:00,POINT (-80.96986 34.002092)
2025-08-17 22:50:49 UTC,sensor05,236476602,22.86,94.32,2025-08-18 10:28:08+00:00,34.001908,-80.969742,104.9,4.37,-0.1,0.0,13.0,3D,2025-08-18 06:28:08-04:00,POINT (-80.969742 34.001908)
2025-08-17 22:50:54 UTC,sensor05,236476602,22.89,94.31,2025-08-18 10:28:13+00:00,34.001692,-80.969642,103.3,4.98,-0.1,0.0,13.0,3D,2025-08-18 06:28:13-04:00,POINT (-80.969642 34.001692)
2025-08-17 22:50:59 UTC,sensor05,236476602,22.94,94.49,2025-08-18 10:28:18+00:00,34.00142,-80.969618,98.7,6.33,-0.6,0.0,4.0,3D,2025-08-18 06:28:18-04:00,POINT (-80.969618 34.00142)
2025-08-17 22:51:04 UTC,sensor05,236476602,23.0,94.5,2025-08-18 10:28:23+00:00,34.001187,-80.969732,97.8,5.39,-0.1,0.0,8.0,3D,2025-08-18 06:28:23-04:00,POINT (-80.969732 34.001187)
2025-08-17 22:51:09 UTC,sensor05,236476602,23.02,94.47,2025-08-18 10:28:28+00:00,34.001018,-80.969912,96.7,4.73,-0.3,0.0,8.0,3D,2025-08-18 06:28:28-04:00,POINT (-80.969912 34.001018)
2025-08-17 22:51:14 UTC,sensor05,236476602,22.99,94.19,2025-08-18 10:28:33+00:00,34.000902,-80.970127,96.1,4.08,-0.1,0.0,12.0,3D,2025-08-18 06:28:33-04:00,POINT (-80.970127 34.000902)
2025-08-17 22:51:19 UTC,sensor05,236476602,23.01,94.13,2025-08-18 10:28:38+00:00,34.000767,-80.970415,94.7,8.26,-0.5,0.0,13.0,3D,2025-08-18 06:28:38-04:00,POINT (-80.970415 34.000767)
2025-08-17 22:51:24 UTC,sensor05,236476602,22.99,94.1,2025-08-18 10:28:43+00:00,34.00065,-80.97065,95.5,3.01,0.2,0.0,13.0,3D,2025-08-18 06:28:43-04:00,POINT (-80.97065 34.00065)
2025-08-17 22:51:29 UTC,sensor05,236476602,22.99,94.11,2025-08-18 10:28:48+00:00,34.000548,-80.970797,95.7,4.46,0.1,229.64,13.0,3D,2025-08-18 06:28:48-04:00,POINT (-80.970797 34.000548)
2025-08-17 22:51:34 UTC,sensor05,236476602,22.95,94.07,2025-08-18 10:28:53+00:00,34.000367,-80.971008,96.3,5.99,0.4,221.76,13.0,3D,2025-08-18 06:28:53-04:00,POINT (-80.971008 34.000367)
2025-08-17 22:51:39 UTC,sensor05,236476602,22.91,94.05,2025-08-18 10:28:58+00:00,34.000193,-80.971233,97.7,5.32,0.2,229.06,13.0,3D,2025-08-18 06:28:58-04:00,POINT (-80.971233 34.000193)
2025-08-17 22:51:45 UTC,sensor05,236476602,22.87,93.91,2025-08-18 10:29:03+00:00,34.00008,-80.97141,99.1,3.62,0.4,234.69,13.0,3D,2025-08-18 06:29:03-04:00,POINT (-80.97141 34.00008)
2025-08-17 22:51:50 UTC,sensor05,236476602,22.85,93.95,2025-08-18 10:29:08+00:00,34.00003,-80.97163,100.2,4.73,0.1,262.12,13.0,3D,2025-08-18 06:29:08-04:00,POINT (-80.97163 34.00003)
2025-08-17 22:51:55 UTC,sensor05,236476602,22.84,94.03,2025-08-18 10:29:13+00:00,34.000075,-80.971907,99.4,5.19,0.2,282.06,13.0,3D,2025-08-18 06:29:13-04:00,POINT (-80.971907 34.000075)
2025-08-17 22:52:00 UTC,sensor05,236476602,22.88,94.05,2025-08-18 10:29:18+00:00,34.000177,-80.972177,100.8,5.46,0.2,300.72,13.0,3D,2025-08-18 06:29:18-04:00,POINT (-80.972177 34.000177)
2025-08-17 22:52:05 UTC,sensor05,236476602,22.89,93.97,2025-08-18 10:29:23+00:00,34.000338,-80.972423,102.8,5.72,0.4,311.72,13.0,3D,2025-08-18 06:29:23-04:00,POINT (-80.972423 34.000338)
2025-08-17 22:52:10 UTC,sensor05,236476602,22.89,94.02,2025-08-18 10:29:28+00:00,34.000502,-80.972685,103.0,6.2,0.0,312.95,13.0,3D,2025-08-18 06:29:28-04:00,POINT (-80.972685 34.000502)
2025-08-17 22:52:15 UTC,sensor05,236476602,22.86,94.03,2025-08-18 10:29:33+00:00,34.000648,-80.972952,103.4,5.14,0.2,307.89,13.0,3D,2025-08-18 06:29:33-04:00,POINT (-80.972952 34.000648)
2025-08-17 22:52:20 UTC,sensor05,236476602,22.87,94.14,2025-08-18 10:29:38+00:00,34.000805,-80.973138,103.2,4.26,-0.1,310.76,13.0,3D,2025-08-18 06:29:38-04:00,POINT (-80.973138 34.000805)
2025-08-17 22:52:35 UTC,sensor05,236476602,22.84,93.9,2025-08-18 10:29:53+00:00,34.000858,-80.973557,0.0,3.5,0.0,218.74,18.0,3D,2025-08-18 06:29:53-04:00,POINT (-80.973557 34.000858)
2025-08-17 22:52:40 UTC,sensor05,236476602,22.84,93.92,2025-08-18 10:29:58+00:00,34.000683,-80.973682,102.3,5.0,0.1,211.26,13.0,3D,2025-08-18 06:29:58-04:00,POINT (-80.973682 34.000683)
2025-08-17 22:52:45 UTC,sensor05,236476602,22.85,93.98,2025-08-18 10:30:03+00:00,34.000487,-80.973837,103.0,5.17,0.2,217.29,13.0,3D,2025-08-18 06:30:03-04:00,POINT (-80.973837 34.000487)
2025-08-17 22:52:50 UTC,sensor05,236476602,22.85,94.02,2025-08-18 10:30:09+00:00,34.000307,-80.973992,104.2,3.1,0.2,0.0,13.0,3D,2025-08-18 06:30:09-04:00,POINT (-80.973992 34.000307)
2025-08-17 22:52:55 UTC,sensor05,236476602,22.85,94.06,2025-08-18 10:30:14+00:00,34.00018,-80.974075,104.4,2.94,0.0,0.0,13.0,3D,2025-08-18 06:30:14-04:00,POINT (-80.974075 34.00018)
2025-08-17 22:53:00 UTC,sensor05,236476602,22.83,94.01,2025-08-18 10:30:19+00:00,34.000078,-80.97415,105.0,2.58,0.1,0.0,13.0,3D,2025-08-18 06:30:19-04:00,POINT (-80.97415 34.000078)
2025-08-17 22:53:05 UTC,sensor05,236476602,22.87,94.03,2025-08-18 10:30:24+00:00,33.999947,-80.97406,105.3,5.46,0.2,129.97,13.0,3D,2025-08-18 06:30:24-04:00,POINT (-80.97406 33.999947)
2025-08-17 22:53:10 UTC,sensor05,236476602,22.95,94.01,2025-08-18 10:30:29+00:00,33.999768,-80.973775,107.5,7.72,0.5,124.7,13.0,3D,2025-08-18 06:30:29-04:00,POINT (-80.973775 33.999768)
2025-08-17 22:53:15 UTC,sensor05,236476602,22.89,93.77,2025-08-18 10:30:34+00:00,33.999517,-80.973395,110.0,9.29,0.5,127.54,13.0,3D,2025-08-18 06:30:34-04:00,POINT (-80.973395 33.999517)
2025-08-17 22:53:20 UTC,sensor05,236476602,22.9,93.68,2025-08-18 10:30:39+00:00,33.999207,-80.97298,112.5,9.94,0.4,130.01,13.0,3D,2025-08-18 06:30:39-04:00,POINT (-80.97298 33.999207)
2025-08-17 22:53:25 UTC,sensor05,236476602,22.93,93.78,2025-08-18 10:30:44+00:00,33.998917,-80.972562,114.2,10.08,0.3,131.34,13.0,3D,2025-08-18 06:30:44-04:00,POINT (-80.972562 33.998917)
2025-08-17 22:53:30 UTC,sensor05,236476602,23.01,93.84,2025-08-18 10:30:49+00:00,33.998648,-80.97216,116.4,9.15,0.5,128.56,13.0,3D,2025-08-18 06:30:49-04:00,POINT (-80.97216 33.998648)
2025-08-17 22:53:35 UTC,sensor05,236476602,23.02,93.64,2025-08-18 10:30:54+00:00,33.99839,-80.971733,117.1,9.35,-0.1,129.28,13.0,3D,2025-08-18 06:30:54-04:00,POINT (-80.971733 33.99839)
2025-08-17 22:53:41 UTC,sensor05,236476602,23.09,93.49,2025-08-18 10:30:59+00:00,33.998147,-80.971332,119.5,9.04,0.5,131.35,13.0,3D,2025-08-18 06:30:59-04:00,POINT (-80.971332 33.998147)
2025-08-17 22:53:46 UTC,sensor05,236476602,23.13,93.28,2025-08-18 10:31:04+00:00,33.997872,-80.970948,121.0,9.09,0.2,125.52,13.0,3D,2025-08-18 06:31:04-04:00,POINT (-80.970948 33.997872)
2025-08-17 22:53:51 UTC,sensor05,236476602,23.09,93.16,2025-08-18 10:31:09+00:00,33.997628,-80.970557,122.3,8.88,0.3,126.0,13.0,3D,2025-08-18 06:31:09-04:00,POINT (-80.970557 33.997628)
2025-08-17 22:53:56 UTC,sensor05,236476602,23.07,93.15,2025-08-18 10:31:14+00:00,33.997415,-80.970235,123.1,6.85,0.1,130.74,13.0,3D,2025-08-18 06:31:14-04:00,POINT (-80.970235 33.997415)
2025-08-17 22:54:01 UTC,sensor05,236476602,23.09,93.25,2025-08-18 10:31:19+00:00,33.997237,-80.969937,123.1,5.52,0.1,121.78,13.0,3D,2025-08-18 06:31:19-04:00,POINT (-80.969937 33.997237)
2025-08-17 22:54:06 UTC,sensor05,236476602,23.11,93.36,2025-08-18 10:31:24+00:00,33.997142,-80.969812,123.8,4.31,0.2,128.06,13.0,3D,2025-08-18 06:31:24-04:00,POINT (-80.969812 33.997142)
2025-08-17 22:54:11 UTC,sensor05,236476602,23.1,93.28,2025-08-18 10:31:29+00:00,33.996973,-80.969438,124.4,9.28,0.2,114.14,13.0,3D,2025-08-18 06:31:29-04:00,POINT (-80.969438 33.996973)
2025-08-17 22:54:16 UTC,sensor05,236476602,23.03,93.3,2025-08-18 10:31:34+00:00,33.996802,-80.968935,125.6,9.96,0.3,114.42,13.0,3D,2025-08-18 06:31:34-04:00,POINT (-80.968935 33.996802)
2025-08-17 22:54:21 UTC,sensor05,236476602,23.06,93.47,2025-08-18 10:31:39+00:00,33.99663,-80.968477,127.2,8.59,0.3,116.2,13.0,3D,2025-08-18 06:31:39-04:00,POINT (-80.968477 33.99663)
2025-08-17 22:54:26 UTC,sensor05,236476602,22.99,93.56,2025-08-18 10:31:45+00:00,33.996382,-80.968017,129.4,8.53,0.2,0.0,13.0,3D,2025-08-18 06:31:45-04:00,POINT (-80.968017 33.996382)
2025-08-17 22:54:31 UTC,sensor05,236476602,23.08,93.81,2025-08-18 10:31:48+00:00,33.996213,-80.967795,129.5,9.2,0.0,137.1,13.0,3D,2025-08-18 06:31:48-04:00,POINT (-80.967795 33.996213)
2025-08-17 22:54:36 UTC,sensor05,236476602,23.0,93.59,2025-08-18 10:31:52+00:00,33.995972,-80.967538,130.4,8.95,0.23,0.0,13.0,3D,2025-08-18 06:31:52-04:00,POINT (-80.967538 33.995972)
2025-08-17 22:54:41 UTC,sensor05,236476602,23.0,93.74,2025-08-18 10:32:00+00:00,33.995377,-80.967202,127.0,9.15,-0.7,158.18,13.0,3D,2025-08-18 06:32:00-04:00,POINT (-80.967202 33.995377)
2025-08-17 22:54:46 UTC,sensor05,236476602,22.97,93.72,2025-08-18 10:32:05+00:00,33.994995,-80.967027,126.2,9.13,0.1,156.32,13.0,3D,2025-08-18 06:32:05-04:00,POINT (-80.967027 33.994995)
2025-08-17 22:54:51 UTC,sensor05,236476602,22.97,93.57,2025-08-18 10:32:10+00:00,33.994645,-80.966828,127.1,8.5,0.3,151.28,13.0,3D,2025-08-18 06:32:10-04:00,POINT (-80.966828 33.994645)
2025-08-17 22:54:56 UTC,sensor05,236476602,23.03,93.7,2025-08-18 10:32:15+00:00,33.99438,-80.96663,128.4,6.05,0.3,143.35,13.0,3D,2025-08-18 06:32:15-04:00,POINT (-80.96663 33.99438)
2025-08-17 22:55:01 UTC,sensor05,236476602,23.06,93.73,2025-08-18 10:32:20+00:00,33.994258,-80.966478,129.7,2.56,0.3,123.28,13.0,3D,2025-08-18 06:32:20-04:00,POINT (-80.966478 33.994258)
2025-08-17 22:55:11 UTC,sensor05,236476602,23.1,93.7,2025-08-18 10:32:30+00:00,33.994152,-80.966248,128.7,4.36,-0.1,138.02,13.0,3D,2025-08-18 06:32:30-04:00,POINT (-80.966248 33.994152)
2025-08-17 22:55:16 UTC,sensor05,236476602,23.05,93.55,2025-08-18 10:32:35+00:00,33.993972,-80.966082,129.5,5.24,0.1,146.73,13.0,3D,2025-08-18 06:32:35-04:00,POINT (-80.966082 33.993972)
2025-08-17 22:55:22 UTC,sensor05,236476602,23.04,93.53,2025-08-18 10:32:40+00:00,33.993813,-80.96597,129.2,3.16,0.2,135.31,13.0,3D,2025-08-18 06:32:40-04:00,POINT (-80.96597 33.993813)
2025-08-17 22:55:27 UTC,sensor05,236476602,23.02,93.53,2025-08-18 10:32:45+00:00,33.993797,-80.965808,129.9,3.6,0.2,73.38,13.0,3D,2025-08-18 06:32:45-04:00,POINT (-80.965808 33.993797)
2025-08-17 22:55:32 UTC,sensor05,236476602,23.03,93.61,2025-08-18 10:32:50+00:00,33.99389,-80.96562,130.8,4.2,0.2,52.53,13.0,3D,2025-08-18 06:32:50-04:00,POINT (-80.96562 33.99389)
2025-08-17 22:55:37 UTC,sensor05,236476602,23.08,93.65,2025-08-18 10:32:55+00:00,33.994028,-80.965407,131.8,4.91,0.2,58.16,13.0,3D,2025-08-18 06:32:55-04:00,POINT (-80.965407 33.994028)
2025-08-17 22:55:42 UTC,sensor05,236476602,23.12,93.56,2025-08-18 10:33:00+00:00,33.994167,-80.965215,133.1,4.13,0.3,51.39,13.0,3D,2025-08-18 06:33:00-04:00,POINT (-80.965215 33.994167)
2025-08-17 22:55:47 UTC,sensor05,236476602,23.1,93.41,2025-08-18 10:33:05+00:00,33.99427,-80.965022,134.8,4.03,0.5,51.96,13.0,3D,2025-08-18 06:33:05-04:00,POINT (-80.965022 33.99427)
2025-08-17 22:55:52 UTC,sensor05,236476602,23.09,93.35,2025-08-18 10:33:10+00:00,33.994355,-80.964778,136.3,4.6,0.2,58.35,13.0,3D,2025-08-18 06:33:10-04:00,POINT (-80.964778 33.994355)
2025-08-17 22:55:57 UTC,sensor05,236476602,23.06,93.33,2025-08-18 10:33:15+00:00,33.994478,-80.964528,137.8,5.23,0.3,55.61,13.0,3D,2025-08-18 06:33:15-04:00,POINT (-80.964528 33.994478)
2025-08-17 22:56:02 UTC,sensor05,236476602,23.03,93.31,2025-08-18 10:33:20+00:00,33.994622,-80.964275,139.8,5.49,0.4,53.61,13.0,3D,2025-08-18 06:33:20-04:00,POINT (-80.964275 33.994622)
2025-08-17 22:56:07 UTC,sensor05,236476602,22.97,93.28,2025-08-18 10:33:26+00:00,33.994758,-80.96389,140.9,5.62,0.3,0.0,13.0,3D,2025-08-18 06:33:26-04:00,POINT (-80.96389 33.994758)
2025-08-17 22:56:12 UTC,sensor05,236476602,22.95,93.28,2025-08-18 10:33:31+00:00,33.994875,-80.963572,142.0,7.72,0.0,0.0,13.0,3D,2025-08-18 06:33:31-04:00,POINT (-80.963572 33.994875)
2025-08-17 22:56:17 UTC,sensor05,236476602,22.89,93.25,2025-08-18 10:33:36+00:00,33.99499,-80.963223,142.5,6.14,0.2,0.0,13.0,3D,2025-08-18 06:33:36-04:00,POINT (-80.963223 33.99499)
2025-08-17 22:56:22 UTC,sensor05,236476602,22.9,93.26,2025-08-18 10:33:41+00:00,33.995012,-80.962875,142.0,6.46,-0.9,86.94,13.0,3D,2025-08-18 06:33:41-04:00,POINT (-80.962875 33.995012)
2025-08-17 22:56:27 UTC,sensor05,236476602,22.95,93.02,2025-08-18 10:33:46+00:00,33.99501,-80.96248,140.6,6.52,-0.1,90.47,13.0,3D,2025-08-18 06:33:46-04:00,POINT (-80.96248 33.99501)
2025-08-17 22:56:32 UTC,sensor05,236476602,22.84,92.91,2025-08-18 10:33:48+00:00,33.995018,-80.962322,139.9,7.6,-0.5,0.0,13.0,3D,2025-08-18 06:33:48-04:00,POINT (-80.962322 33.995018)
2025-08-17 22:56:37 UTC,sensor05,236476602,22.74,93.06,2025-08-18 10:33:56+00:00,33.994992,-80.96175,137.2,6.46,-0.1,100.77,13.0,3D,2025-08-18 06:33:56-04:00,POINT (-80.96175 33.994992)
2025-08-17 22:56:42 UTC,sensor05,236476602,22.63,93.14,2025-08-18 10:34:01+00:00,33.994958,-80.96141,136.7,6.63,-0.1,99.94,13.0,3D,2025-08-18 06:34:01-04:00,POINT (-80.96141 33.994958)
2025-08-17 22:56:47 UTC,sensor05,236476602,22.63,93.5,2025-08-18 10:34:06+00:00,33.994892,-80.961072,136.5,6.29,0.0,103.59,13.0,3D,2025-08-18 06:34:06-04:00,POINT (-80.961072 33.994892)
2025-08-17 22:56:52 UTC,sensor05,236476602,22.6,93.71,2025-08-18 10:34:11+00:00,33.994813,-80.960748,136.6,6.58,0.1,107.02,13.0,3D,2025-08-18 06:34:11-04:00,POINT (-80.960748 33.994813)
2025-08-17 22:56:58 UTC,sensor05,236476602,22.65,93.92,2025-08-18 10:34:16+00:00,33.994732,-80.960487,137.4,4.64,0.0,120.99,13.0,3D,2025-08-18 06:34:16-04:00,POINT (-80.960487 33.994732)
2025-08-17 22:57:03 UTC,sensor05,236476602,22.68,93.93,2025-08-18 10:34:21+00:00,33.994672,-80.960377,137.3,2.32,0.2,109.45,13.0,3D,2025-08-18 06:34:21-04:00,POINT (-80.960377 33.994672)
2025-08-17 22:57:13 UTC,sensor05,236476602,22.71,93.75,2025-08-18 10:34:31+00:00,33.994773,-80.960472,137.0,4.13,-0.1,280.94,13.0,3D,2025-08-18 06:34:31-04:00,POINT (-80.960472 33.994773)
2025-08-17 22:57:18 UTC,sensor05,236476602,22.62,93.75,2025-08-18 10:34:36+00:00,33.994817,-80.960785,136.3,6.05,-0.2,278.87,13.0,3D,2025-08-18 06:34:36-04:00,POINT (-80.960785 33.994817)
2025-08-17 22:57:23 UTC,sensor05,236476602,22.57,93.77,2025-08-18 10:34:41+00:00,33.994873,-80.961132,136.0,6.45,0.0,282.8,13.0,3D,2025-08-18 06:34:41-04:00,POINT (-80.961132 33.994873)
2025-08-17 22:57:28 UTC,sensor05,236476602,22.51,93.85,2025-08-18 10:34:46+00:00,33.994938,-80.961448,136.0,5.42,0.0,277.63,13.0,3D,2025-08-18 06:34:46-04:00,POINT (-80.961448 33.994938)
2025-08-17 22:57:33 UTC,sensor05,236476602,22.52,93.89,2025-08-18 10:34:51+00:00,33.994977,-80.961783,136.1,6.44,-0.1,277.36,13.0,3D,2025-08-18 06:34:51-04:00,POINT (-80.961783 33.994977)
2025-08-17 22:57:38 UTC,sensor05,236476602,22.54,94.09,2025-08-18 10:34:56+00:00,33.995028,-80.962105,134.3,6.92,-0.3,274.67,13.0,3D,2025-08-18 06:34:56-04:00,POINT (-80.962105 33.995028)
2025-08-17 22:57:43 UTC,sensor05,236476602,22.68,94.15,2025-08-18 10:35:02+00:00,33.995058,-80.962523,133.1,6.17,-0.3,0.0,13.0,3D,2025-08-18 06:35:02-04:00,POINT (-80.962523 33.995058)
2025-08-17 22:57:48 UTC,sensor05,236476602,22.76,93.99,2025-08-18 10:35:07+00:00,33.995038,-80.96287,130.5,6.66,-0.6,0.0,13.0,3D,2025-08-18 06:35:07-04:00,POINT (-80.96287 33.995038)
2025-08-17 22:57:53 UTC,sensor05,236476602,22.74,93.82,2025-08-18 10:35:12+00:00,33.995003,-80.963173,128.0,6.18,-0.5,257.66,13.0,3D,2025-08-18 06:35:12-04:00,POINT (-80.963173 33.995003)
2025-08-17 22:57:58 UTC,sensor05,236476602,22.8,93.83,2025-08-18 10:35:17+00:00,33.994895,-80.963487,126.2,6.74,-0.4,244.32,13.0,3D,2025-08-18 06:35:17-04:00,POINT (-80.963487 33.994895)
2025-08-17 22:58:03 UTC,sensor05,236476602,22.8,93.88,2025-08-18 10:35:22+00:00,33.994782,-80.963795,125.0,6.62,-0.1,241.39,13.0,3D,2025-08-18 06:35:22-04:00,POINT (-80.963795 33.994782)
2025-08-17 22:58:08 UTC,sensor05,236476602,22.84,94.03,2025-08-18 10:35:27+00:00,33.994653,-80.964095,123.9,6.07,-0.1,238.28,13.0,3D,2025-08-18 06:35:27-04:00,POINT (-80.964095 33.994653)
2025-08-17 22:58:13 UTC,sensor05,236476602,22.91,94.12,2025-08-18 10:35:32+00:00,33.994527,-80.964358,123.4,5.18,0.0,240.1,13.0,3D,2025-08-18 06:35:32-04:00,POINT (-80.964358 33.994527)
2025-08-17 22:58:18 UTC,sensor05,236476602,22.99,94.01,2025-08-18 10:35:37+00:00,33.994392,-80.964675,123.8,6.17,0.1,238.2,12.0,3D,2025-08-18 06:35:37-04:00,POINT (-80.964675 33.994392)
2025-08-17 22:58:23 UTC,sensor05,236476602,22.97,93.87,2025-08-18 10:35:42+00:00,33.994228,-80.964963,123.8,6.17,0.1,233.06,13.0,3D,2025-08-18 06:35:42-04:00,POINT (-80.964963 33.994228)
2025-08-17 22:58:28 UTC,sensor05,236476602,22.98,93.86,2025-08-18 10:35:47+00:00,33.994082,-80.965265,123.1,6.31,-0.1,233.96,13.0,3D,2025-08-18 06:35:47-04:00,POINT (-80.965265 33.994082)
2025-08-17 22:58:34 UTC,sensor05,236476602,22.95,93.79,2025-08-18 10:35:49+00:00,33.99401,-80.965408,122.8,6.51,-0.1,235.26,13.0,3D,2025-08-18 06:35:49-04:00,POINT (-80.965408 33.99401)
2025-08-17 22:58:39 UTC,sensor05,236476602,22.94,93.82,2025-08-18 10:35:57+00:00,33.99382,-80.965812,122.0,2.38,-0.03,241.58,13.0,3D,2025-08-18 06:35:57-04:00,POINT (-80.965812 33.99382)
2025-08-17 22:58:44 UTC,sensor05,236476602,23.02,93.87,2025-08-18 10:36:02+00:00,33.993897,-80.965982,120.2,4.23,0.0,322.1,13.0,3D,2025-08-18 06:36:02-04:00,POINT (-80.965982 33.993897)
2025-08-17 22:58:49 UTC,sensor05,236476602,22.99,93.81,2025-08-18 10:36:07+00:00,33.994115,-80.966163,120.3,6.7,0.0,320.63,13.0,3D,2025-08-18 06:36:07-04:00,POINT (-80.966163 33.994115)
2025-08-17 22:58:54 UTC,sensor05,236476602,22.98,93.99,2025-08-18 10:36:12+00:00,33.994325,-80.966455,119.8,7.0,-0.1,313.05,13.0,3D,2025-08-18 06:36:12-04:00,POINT (-80.966455 33.994325)
2025-08-17 22:58:59 UTC,sensor05,236476602,22.92,93.9,2025-08-18 10:36:17+00:00,33.994588,-80.966693,119.4,7.49,-0.1,326.94,13.0,3D,2025-08-18 06:36:17-04:00,POINT (-80.966693 33.994588)
2025-08-17 22:59:04 UTC,sensor05,236476602,22.95,93.9,2025-08-18 10:36:22+00:00,33.994895,-80.96692,118.3,8.59,0.0,336.02,13.0,3D,2025-08-18 06:36:22-04:00,POINT (-80.96692 33.994895)
2025-08-17 22:59:09 UTC,sensor05,236476602,22.94,93.96,2025-08-18 10:36:27+00:00,33.995313,-80.96711,116.4,9.36,-0.3,337.75,13.0,3D,2025-08-18 06:36:27-04:00,POINT (-80.96711 33.995313)
2025-08-17 22:59:14 UTC,sensor05,236476602,22.91,93.97,2025-08-18 10:36:32+00:00,33.99573,-80.967302,115.4,9.65,-0.3,336.92,13.0,3D,2025-08-18 06:36:32-04:00,POINT (-80.967302 33.99573)
2025-08-17 22:59:19 UTC,sensor05,236476602,22.95,94.15,2025-08-18 10:36:37+00:00,33.996108,-80.967582,114.4,9.64,-0.2,320.63,13.0,3D,2025-08-18 06:36:37-04:00,POINT (-80.967582 33.996108)
2025-08-17 22:59:24 UTC,sensor05,236476602,22.96,94.23,2025-08-18 10:36:42+00:00,33.99643,-80.967933,113.9,9.29,-0.1,315.63,13.0,3D,2025-08-18 06:36:42-04:00,POINT (-80.967933 33.99643)
2025-08-17 22:59:29 UTC,sensor05,236476602,22.91,93.98,2025-08-18 10:36:48+00:00,33.996725,-80.96843,113.5,8.75,-0.1,0.0,13.0,3D,2025-08-18 06:36:48-04:00,POINT (-80.96843 33.996725)
2025-08-17 22:59:34 UTC,sensor05,236476602,22.93,93.87,2025-08-18 10:36:53+00:00,33.996867,-80.968873,112.4,8.71,-0.3,0.0,13.0,3D,2025-08-18 06:36:53-04:00,POINT (-80.968873 33.996867)
2025-08-17 22:59:39 UTC,sensor05,236476602,22.93,93.92,2025-08-18 10:36:58+00:00,33.99699,-80.969295,110.9,7.68,-0.3,0.0,13.0,3D,2025-08-18 06:36:58-04:00,POINT (-80.969295 33.99699)
2025-08-17 22:59:44 UTC,sensor05,236476602,22.93,93.94,2025-08-18 10:37:03+00:00,33.997092,-80.969575,109.6,4.15,-0.2,0.0,13.0,3D,2025-08-18 06:37:03-04:00,POINT (-80.969575 33.997092)
2025-08-17 22:59:49 UTC,sensor05,236476602,22.94,93.95,2025-08-18 10:37:08+00:00,33.997137,-80.969648,108.5,2.85,-0.2,0.0,4.0,3D,2025-08-18 06:37:08-04:00,POINT (-80.969648 33.997137)
2025-08-17 22:59:54 UTC,sensor05,236476602,22.97,93.95,2025-08-18 10:37:13+00:00,33.997307,-80.969912,107.2,7.87,-0.3,0.0,8.0,3D,2025-08-18 06:37:13-04:00,POINT (-80.969912 33.997307)
2025-08-17 22:59:59 UTC,sensor05,236476602,22.92,93.74,2025-08-18 10:37:18+00:00,33.997547,-80.970307,106.5,9.02,-0.1,0.0,8.0,3D,2025-08-18 06:37:18-04:00,POINT (-80.970307 33.997547)
2025-08-17 23:00:04 UTC,sensor05,236476602,22.99,93.83,2025-08-18 10:37:23+00:00,33.997788,-80.970715,105.8,8.77,-0.2,0.0,12.0,3D,2025-08-18 06:37:23-04:00,POINT (-80.970715 33.997788)
2025-08-17 23:00:09 UTC,sensor05,236476602,22.95,93.64,2025-08-18 10:37:28+00:00,33.998037,-80.971088,105.2,8.52,-0.2,0.0,13.0,3D,2025-08-18 06:37:28-04:00,POINT (-80.971088 33.998037)
2025-08-17 23:00:14 UTC,sensor05,236476602,22.98,93.72,2025-08-18 10:37:33+00:00,33.998287,-80.971477,104.7,9.74,0.1,0.0,13.0,3D,2025-08-18 06:37:33-04:00,POINT (-80.971477 33.998287)
2025-08-17 23:00:19 UTC,sensor05,236476602,22.97,93.7,2025-08-18 10:37:38+00:00,33.99857,-80.971905,104.4,10.33,-0.2,307.09,13.0,3D,2025-08-18 06:37:38-04:00,POINT (-80.971905 33.99857)
2025-08-17 23:00:24 UTC,sensor05,236476602,22.93,93.65,2025-08-18 10:37:43+00:00,33.998867,-80.972307,102.9,9.62,-0.9,307.57,13.0,3D,2025-08-18 06:37:43-04:00,POINT (-80.972307 33.998867)
2025-08-17 23:00:29 UTC,sensor05,236476602,22.98,93.63,2025-08-18 10:37:48+00:00,33.999163,-80.9727,100.9,9.26,0.0,310.69,13.0,3D,2025-08-18 06:37:48-04:00,POINT (-80.9727 33.999163)
2025-08-17 23:00:34 UTC,sensor05,236476602,22.91,93.62,2025-08-18 10:37:53+00:00,33.999407,-80.973183,96.8,8.97,-0.15,304.55,13.0,3D,2025-08-18 06:37:53-04:00,POINT (-80.973183 33.999407)
2025-08-17 23:00:40 UTC,sensor05,236476602,22.94,93.75,2025-08-18 10:37:58+00:00,33.99971,-80.973592,96.5,9.47,0.2,307.74,13.0,3D,2025-08-18 06:37:58-04:00,POINT (-80.973592 33.99971)
2025-08-17 23:00:45 UTC,sensor05,236476602,22.98,93.78,2025-08-18 10:38:03+00:00,34.000005,-80.97402,96.8,10.83,0.1,307.59,13.0,3D,2025-08-18 06:38:03-04:00,POINT (-80.97402 34.000005)
2025-08-17 23:00:50 UTC,sensor05,236476602,23.01,93.56,2025-08-18 10:38:08+00:00,34.000295,-80.974472,97.0,10.78,0.0,308.75,13.0,3D,2025-08-18 06:38:08-04:00,POINT (-80.974472 34.000295)
2025-08-17 23:00:55 UTC,sensor05,236476602,22.95,93.45,2025-08-18 10:38:13+00:00,34.000572,-80.974915,96.9,9.56,0.0,308.35,13.0,3D,2025-08-18 06:38:13-04:00,POINT (-80.974915 34.000572)
2025-08-17 23:01:00 UTC,sensor05,236476602,22.84,93.46,2025-08-18 10:38:18+00:00,34.000795,-80.975238,97.1,5.92,0.0,309.71,13.0,3D,2025-08-18 06:38:18-04:00,POINT (-80.975238 34.000795)
2025-08-17 23:01:05 UTC,sensor05,236476602,22.8,93.68,2025-08-18 10:38:23+00:00,34.00093,-80.975567,96.7,7.2,-0.6,303.52,13.0,3D,2025-08-18 06:38:23-04:00,POINT (-80.975567 34.00093)
2025-08-17 23:01:10 UTC,sensor05,236476602,22.77,93.9,2025-08-18 10:38:28+00:00,34.001102,-80.975915,95.7,7.49,-0.1,297.93,13.0,3D,2025-08-18 06:38:28-04:00,POINT (-80.975915 34.001102)
2025-08-17 23:01:15 UTC,sensor05,236476602,22.73,94.05,2025-08-18 10:38:33+00:00,34.00128,-80.976292,96.1,7.96,0.1,298.6,13.0,3D,2025-08-18 06:38:33-04:00,POINT (-80.976292 34.00128)
2025-08-17 23:01:20 UTC,sensor05,236476602,22.7,94.17,2025-08-18 10:38:38+00:00,34.001458,-80.976688,96.3,8.11,0.0,295.7,13.0,3D,2025-08-18 06:38:38-04:00,POINT (-80.976688 34.001458)
2025-08-17 23:01:25 UTC,sensor05,236476602,22.73,94.31,2025-08-18 10:38:43+00:00,34.001613,-80.97708,94.9,8.18,-1.3,296.38,13.0,3D,2025-08-18 06:38:43-04:00,POINT (-80.97708 34.001613)
2025-08-17 23:01:30 UTC,sensor05,236476602,22.75,94.29,2025-08-18 10:38:49+00:00,34.001757,-80.977545,94.2,7.28,-0.1,0.0,13.0,3D,2025-08-18 06:38:49-04:00,POINT (-80.977545 34.001757)
2025-08-17 23:01:35 UTC,sensor05,236476602,22.78,94.31,2025-08-18 10:38:54+00:00,34.001868,-80.977908,92.3,7.12,-0.6,0.0,13.0,3D,2025-08-18 06:38:54-04:00,POINT (-80.977908 34.001868)
2025-08-17 23:01:40 UTC,sensor05,236476602,22.82,94.14,2025-08-18 10:38:59+00:00,34.002048,-80.978233,92.3,5.84,0.0,0.0,13.0,3D,2025-08-18 06:38:59-04:00,POINT (-80.978233 34.002048)
2025-08-17 23:02:05 UTC,sensor05,236476602,22.96,93.96,2025-08-18 10:39:24+00:00,34.002253,-80.978633,92.3,5.45,0.2,288.25,13.0,3D,2025-08-18 06:39:24-04:00,POINT (-80.978633 34.002253)
2025-08-17 23:02:10 UTC,sensor05,236476602,22.99,93.69,2025-08-18 10:39:29+00:00,34.002317,-80.978987,92.9,6.64,0.2,290.61,13.0,3D,2025-08-18 06:39:29-04:00,POINT (-80.978987 34.002317)
2025-08-17 23:02:15 UTC,sensor05,236476602,23.1,93.43,2025-08-18 10:39:34+00:00,34.002422,-80.979272,93.5,4.55,0.1,292.44,13.0,3D,2025-08-18 06:39:34-04:00,POINT (-80.979272 34.002422)
2025-08-17 23:03:06 UTC,sensor05,236476602,23.23,92.88,2025-08-18 10:40:24+00:00,34.002545,-80.979595,94.4,3.25,0.1,265.24,13.0,3D,2025-08-18 06:40:24-04:00,POINT (-80.979595 34.002545)
2025-08-17 23:03:11 UTC,sensor05,236476602,23.19,92.71,2025-08-18 10:40:29+00:00,34.002383,-80.97979,94.6,6.27,0.1,205.42,13.0,3D,2025-08-18 06:40:29-04:00,POINT (-80.97979 34.002383)
2025-08-17 23:03:16 UTC,sensor05,236476602,23.1,92.67,2025-08-18 10:40:34+00:00,34.002027,-80.979852,94.7,8.5,0.0,181.72,13.0,3D,2025-08-18 06:40:34-04:00,POINT (-80.979852 34.002027)
2025-08-17 23:03:21 UTC,sensor05,236476602,23.06,92.88,2025-08-18 10:40:39+00:00,34.001622,-80.979835,94.7,8.3,0.0,175.91,13.0,3D,2025-08-18 06:40:39-04:00,POINT (-80.979835 34.001622)
2025-08-17 23:03:26 UTC,sensor05,236476602,23.03,93.03,2025-08-18 10:40:45+00:00,34.001228,-80.979783,93.5,5.0,-0.2,0.0,13.0,3D,2025-08-18 06:40:45-04:00,POINT (-80.979783 34.001228)
2025-08-17 23:03:31 UTC,sensor05,236476602,22.98,93.1,2025-08-18 10:40:50+00:00,34.001058,-80.979727,92.9,3.24,-0.2,0.0,13.0,3D,2025-08-18 06:40:50-04:00,POINT (-80.979727 34.001058)
2025-08-17 23:03:41 UTC,sensor05,236476602,22.93,93.21,2025-08-18 10:41:00+00:00,34.000747,-80.979608,91.4,7.89,-0.2,153.1,13.0,3D,2025-08-18 06:41:00-04:00,POINT (-80.979608 34.000747)
2025-08-17 23:03:46 UTC,sensor05,236476602,23.03,93.34,2025-08-18 10:41:05+00:00,34.000248,-80.979397,90.4,12.78,-0.2,155.13,13.0,3D,2025-08-18 06:41:05-04:00,POINT (-80.979397 34.000248)
2025-08-17 23:03:51 UTC,sensor05,236476602,23.07,93.0,2025-08-18 10:41:10+00:00,33.999713,-80.979065,89.8,13.37,0.0,148.62,13.0,3D,2025-08-18 06:41:10-04:00,POINT (-80.979065 33.999713)
2025-08-17 23:03:56 UTC,sensor05,236476602,23.09,93.03,2025-08-18 10:41:15+00:00,33.999183,-80.978713,89.7,13.22,0.0,150.61,13.0,3D,2025-08-18 06:41:15-04:00,POINT (-80.978713 33.999183)
2025-08-17 23:04:01 UTC,sensor05,236476602,23.0,93.02,2025-08-18 10:41:20+00:00,33.99867,-80.978327,89.2,12.63,0.0,148.46,13.0,3D,2025-08-18 06:41:20-04:00,POINT (-80.978327 33.99867)
2025-08-17 23:04:06 UTC,sensor05,236476602,23.01,93.2,2025-08-18 10:41:25+00:00,33.99818,-80.977978,88.9,12.18,0.0,149.72,13.0,3D,2025-08-18 06:41:25-04:00,POINT (-80.977978 33.99818)
2025-08-17 23:04:11 UTC,sensor05,236476602,22.9,93.16,2025-08-18 10:41:30+00:00,33.997758,-80.977688,88.1,8.88,-0.3,149.71,13.0,3D,2025-08-18 06:41:30-04:00,POINT (-80.977688 33.997758)
2025-08-17 23:04:16 UTC,sensor05,236476602,22.8,93.34,2025-08-18 10:41:35+00:00,33.997392,-80.977508,86.9,8.58,-0.2,167.5,13.0,3D,2025-08-18 06:41:35-04:00,POINT (-80.977508 33.997392)
2025-08-17 23:04:21 UTC,sensor05,236476602,22.75,93.63,2025-08-18 10:41:40+00:00,33.997032,-80.977467,86.2,7.5,-0.1,182.33,13.0,3D,2025-08-18 06:41:40-04:00,POINT (-80.977467 33.997032)
2025-08-17 23:04:26 UTC,sensor05,236476602,22.7,93.86,2025-08-18 10:41:45+00:00,33.996638,-80.977542,85.1,9.52,-0.2,197.89,13.0,3D,2025-08-18 06:41:45-04:00,POINT (-80.977542 33.996638)
2025-08-17 23:04:32 UTC,sensor05,236476602,22.65,94.04,2025-08-18 10:41:50+00:00,33.99617,-80.977757,83.8,11.13,-0.2,202.96,13.0,3D,2025-08-18 06:41:50-04:00,POINT (-80.977757 33.99617)
2025-08-17 23:04:37 UTC,sensor05,236476602,22.63,94.19,2025-08-18 10:41:54+00:00,33.995795,-80.977918,0.0,10.42,0.0,200.13,13.0,3D,2025-08-18 06:41:54-04:00,POINT (-80.977918 33.995795)
2025-08-17 23:04:42 UTC,sensor05,236476602,22.7,94.31,2025-08-18 10:42:00+00:00,33.995275,-80.978192,81.4,10.51,0.0,204.94,13.0,3D,2025-08-18 06:42:00-04:00,POINT (-80.978192 33.995275)
2025-08-17 23:04:47 UTC,sensor05,236476602,22.72,94.34,2025-08-18 10:42:05+00:00,33.994853,-80.978402,80.6,10.11,-0.2,203.99,13.0,3D,2025-08-18 06:42:05-04:00,POINT (-80.978402 33.994853)
2025-08-17 23:04:52 UTC,sensor05,236476602,22.73,94.38,2025-08-18 10:42:10+00:00,33.99445,-80.978598,79.5,9.45,-0.2,201.3,13.0,3D,2025-08-18 06:42:10-04:00,POINT (-80.978598 33.99445)
2025-08-17 23:04:57 UTC,sensor05,236476602,22.68,94.43,2025-08-18 10:42:15+00:00,33.994078,-80.978737,77.3,9.25,-0.3,200.17,13.0,3D,2025-08-18 06:42:15-04:00,POINT (-80.978737 33.994078)
2025-08-17 23:05:02 UTC,sensor05,236476602,22.71,94.42,2025-08-18 10:42:20+00:00,33.993668,-80.978987,76.1,9.11,-0.3,205.17,13.0,3D,2025-08-18 06:42:20-04:00,POINT (-80.978987 33.993668)
2025-08-17 23:05:07 UTC,sensor05,236476602,22.72,94.42,2025-08-18 10:42:25+00:00,33.993295,-80.979177,74.5,7.56,-0.2,202.63,13.0,3D,2025-08-18 06:42:25-04:00,POINT (-80.979177 33.993295)
2025-08-17 23:05:12 UTC,sensor05,236476602,22.73,94.56,2025-08-18 10:42:30+00:00,33.99304,-80.97932,73.7,5.56,-0.2,203.38,13.0,3D,2025-08-18 06:42:30-04:00,POINT (-80.97932 33.99304)
2025-08-17 23:05:17 UTC,sensor05,236476602,22.76,94.59,2025-08-18 10:42:36+00:00,33.992855,-80.979435,73.1,2.85,0.1,0.0,13.0,3D,2025-08-18 06:42:36-04:00,POINT (-80.979435 33.992855)
2025-08-17 23:06:17 UTC,sensor05,236476602,22.85,94.68,2025-08-18 10:43:36+00:00,33.992838,-80.979508,69.1,2.39,0.1,203.32,13.0,3D,2025-08-18 06:43:36-04:00,POINT (-80.979508 33.992838)
2025-08-17 23:06:22 UTC,sensor05,236476602,22.99,94.5,2025-08-18 10:43:41+00:00,33.992643,-80.979615,70.2,6.65,0.2,202.95,13.0,3D,2025-08-18 06:43:41-04:00,POINT (-80.979615 33.992643)
2025-08-17 23:06:28 UTC,sensor05,236476602,23.06,94.23,2025-08-18 10:43:46+00:00,33.992312,-80.979775,70.4,8.75,0.0,203.84,13.0,3D,2025-08-18 06:43:46-04:00,POINT (-80.979775 33.992312)
2025-08-17 23:06:33 UTC,sensor05,236476602,23.04,93.94,2025-08-18 10:43:51+00:00,33.991975,-80.979942,70.4,6.39,-0.2,203.76,13.0,3D,2025-08-18 06:43:51-04:00,POINT (-80.979942 33.991975)
2025-08-17 23:06:38 UTC,sensor05,236476602,23.03,93.85,2025-08-18 10:43:55+00:00,33.991817,-80.980047,70.0,5.02,-0.1,0.0,13.0,3D,2025-08-18 06:43:55-04:00,POINT (-80.980047 33.991817)
2025-08-17 23:06:43 UTC,sensor05,236476602,22.99,93.86,2025-08-18 10:44:01+00:00,33.991882,-80.980267,70.6,4.59,-0.1,293.62,13.0,3D,2025-08-18 06:44:01-04:00,POINT (-80.980267 33.991882)
2025-08-17 23:06:48 UTC,sensor05,236476602,22.91,93.96,2025-08-18 10:44:06+00:00,33.991967,-80.980515,71.0,5.02,0.0,289.43,13.0,3D,2025-08-18 06:44:06-04:00,POINT (-80.980515 33.991967)
2025-08-17 23:06:53 UTC,sensor05,236476602,22.97,94.11,2025-08-18 10:44:11+00:00,33.992007,-80.980728,70.8,2.94,0.0,283.79,13.0,3D,2025-08-18 06:44:11-04:00,POINT (-80.980728 33.992007)
2025-08-17 23:06:58 UTC,sensor05,236476602,22.97,94.08,2025-08-18 10:44:16+00:00,33.992063,-80.980867,71.4,2.6,0.0,296.29,13.0,3D,2025-08-18 06:44:16-04:00,POINT (-80.980867 33.992063)
2025-08-17 23:07:03 UTC,sensor05,236476602,22.96,94.12,2025-08-18 10:44:21+00:00,33.992142,-80.98105,70.9,4.39,0.0,290.12,13.0,3D,2025-08-18 06:44:21-04:00,POINT (-80.98105 33.992142)
2025-08-17 23:07:08 UTC,sensor05,236476602,22.91,94.1,2025-08-18 10:44:26+00:00,33.992305,-80.981278,70.0,5.58,-0.4,314.83,13.0,3D,2025-08-18 06:44:26-04:00,POINT (-80.981278 33.992305)
2025-08-17 23:07:13 UTC,sensor05,236476602,22.9,94.17,2025-08-18 10:44:31+00:00,33.992517,-80.981548,68.6,6.12,0.0,303.58,13.0,3D,2025-08-18 06:44:31-04:00,POINT (-80.981548 33.992517)
2025-08-17 23:07:18 UTC,sensor05,236476602,22.91,94.27,2025-08-18 10:44:36+00:00,33.99273,-80.981798,65.9,6.01,-0.2,308.06,13.0,3D,2025-08-18 06:44:36-04:00,POINT (-80.981798 33.99273)
2025-08-17 23:07:23 UTC,sensor05,236476602,22.93,94.18,2025-08-18 10:44:41+00:00,33.992867,-80.982015,65.7,4.63,-0.1,308.32,13.0,3D,2025-08-18 06:44:41-04:00,POINT (-80.982015 33.992867)
2025-08-17 23:07:28 UTC,sensor05,236476602,22.93,94.12,2025-08-18 10:44:46+00:00,33.992993,-80.982228,66.5,4.22,0.0,315.16,13.0,3D,2025-08-18 06:44:46-04:00,POINT (-80.982228 33.992993)
2025-08-17 23:07:33 UTC,sensor05,236476602,22.93,94.1,2025-08-18 10:44:52+00:00,33.993122,-80.982428,67.4,3.44,0.1,0.0,13.0,3D,2025-08-18 06:44:52-04:00,POINT (-80.982428 33.993122)
2025-08-17 23:08:03 UTC,sensor05,236476602,22.95,94.12,2025-08-18 10:45:22+00:00,33.993228,-80.982528,69.0,2.68,0.2,307.93,13.0,3D,2025-08-18 06:45:22-04:00,POINT (-80.982528 33.993228)
2025-08-17 23:08:08 UTC,sensor05,236476602,22.89,94.11,2025-08-18 10:45:27+00:00,33.993352,-80.982722,69.8,4.6,0.2,302.82,13.0,3D,2025-08-18 06:45:27-04:00,POINT (-80.982722 33.993352)
2025-08-17 23:08:13 UTC,sensor05,236476602,22.9,94.14,2025-08-18 10:45:32+00:00,33.9935,-80.982907,71.0,3.91,0.3,311.52,13.0,3D,2025-08-18 06:45:32-04:00,POINT (-80.982907 33.9935)
2025-08-17 23:08:18 UTC,sensor05,236476602,22.88,94.19,2025-08-18 10:45:37+00:00,33.993617,-80.98308,72.1,3.73,0.2,304.79,13.0,3D,2025-08-18 06:45:37-04:00,POINT (-80.98308 33.993617)
2025-08-17 23:08:23 UTC,sensor05,236476602,22.84,94.25,2025-08-18 10:45:42+00:00,33.993713,-80.983235,73.1,3.68,0.2,310.26,13.0,3D,2025-08-18 06:45:42-04:00,POINT (-80.983235 33.993713)
2025-08-17 23:08:28 UTC,sensor05,236476602,22.84,94.28,2025-08-18 10:45:47+00:00,33.993802,-80.983417,74.0,3.98,0.1,296.68,13.0,3D,2025-08-18 06:45:47-04:00,POINT (-80.983417 33.993802)
2025-08-17 23:08:33 UTC,sensor05,236476602,22.8,94.36,2025-08-18 10:45:52+00:00,33.993923,-80.983582,74.5,3.49,0.1,294.69,13.0,3D,2025-08-18 06:45:52-04:00,POINT (-80.983582 33.993923)
2025-08-17 23:08:39 UTC,sensor05,236476602,22.8,94.48,2025-08-18 10:45:52+00:00,33.993923,-80.983582,74.5,3.49,0.1,294.69,13.0,3D,2025-08-18 06:45:52-04:00,POINT (-80.983582 33.993923)
2025-08-17 23:08:44 UTC,sensor05,236476602,22.82,94.58,2025-08-18 10:46:02+00:00,33.994075,-80.98385,74.1,2.41,-0.1,307.28,13.0,3D,2025-08-18 06:46:02-04:00,POINT (-80.98385 33.994075)
2025-08-17 23:08:49 UTC,sensor05,236476602,22.78,94.51,2025-08-18 10:46:07+00:00,33.994112,-80.983997,74.6,3.27,0.2,272.54,13.0,3D,2025-08-18 06:46:07-04:00,POINT (-80.983997 33.994112)
2025-08-17 23:08:54 UTC,sensor05,236476602,22.75,94.45,2025-08-18 10:46:12+00:00,33.994133,-80.98422,74.9,4.89,0.1,273.6,13.0,3D,2025-08-18 06:46:12-04:00,POINT (-80.98422 33.994133)
2025-08-17 23:08:59 UTC,sensor05,236476602,22.75,94.45,2025-08-18 10:46:17+00:00,33.99415,-80.984497,75.7,4.79,0.3,275.34,13.0,3D,2025-08-18 06:46:17-04:00,POINT (-80.984497 33.99415)
2025-08-17 23:09:04 UTC,sensor05,236476602,22.74,94.35,2025-08-18 10:46:22+00:00,33.994137,-80.984767,76.4,4.24,0.2,283.55,13.0,3D,2025-08-18 06:46:22-04:00,POINT (-80.984767 33.994137)
2025-08-17 23:09:09 UTC,sensor05,236476602,22.7,94.29,2025-08-18 10:46:27+00:00,33.994185,-80.984975,77.5,3.9,0.3,282.69,13.0,3D,2025-08-18 06:46:27-04:00,POINT (-80.984975 33.994185)
2025-08-17 23:09:14 UTC,sensor05,236476602,22.66,94.31,2025-08-18 10:46:32+00:00,33.994238,-80.985225,78.9,5.05,0.2,278.94,13.0,3D,2025-08-18 06:46:32-04:00,POINT (-80.985225 33.994238)
2025-08-17 23:09:19 UTC,sensor05,236476602,22.69,94.35,2025-08-18 10:46:38+00:00,33.994293,-80.985547,80.0,5.05,0.1,0.0,13.0,3D,2025-08-18 06:46:38-04:00,POINT (-80.985547 33.994293)
2025-08-17 23:09:24 UTC,sensor05,236476602,22.71,94.45,2025-08-18 10:46:43+00:00,33.994337,-80.985733,79.9,2.92,-0.1,0.0,13.0,3D,2025-08-18 06:46:43-04:00,POINT (-80.985733 33.994337)
2025-08-17 23:09:29 UTC,sensor05,236476602,22.75,94.55,2025-08-18 10:46:48+00:00,33.994345,-80.985908,79.8,3.28,0.0,0.0,8.0,3D,2025-08-18 06:46:48-04:00,POINT (-80.985908 33.994345)
2025-08-17 23:09:34 UTC,sensor05,236476602,22.76,94.55,2025-08-18 10:46:53+00:00,33.994397,-80.986102,79.6,3.86,-0.1,0.0,13.0,3D,2025-08-18 06:46:53-04:00,POINT (-80.986102 33.994397)
2025-08-17 23:09:39 UTC,sensor05,236476602,22.75,94.48,2025-08-18 10:46:58+00:00,33.994443,-80.98632,75.7,4.19,-1.7,280.81,13.0,3D,2025-08-18 06:46:58-04:00,POINT (-80.98632 33.994443)
2025-08-17 23:09:45 UTC,sensor05,236476602,22.77,94.52,2025-08-18 10:47:03+00:00,33.994503,-80.98657,74.3,4.62,-0.4,288.14,13.0,3D,2025-08-18 06:47:03-04:00,POINT (-80.98657 33.994503)
2025-08-17 23:09:50 UTC,sensor05,236476602,22.82,94.58,2025-08-18 10:47:08+00:00,33.994568,-80.986827,72.8,4.62,-0.1,287.99,13.0,3D,2025-08-18 06:47:08-04:00,POINT (-80.986827 33.994568)
2025-08-17 23:09:55 UTC,sensor05,236476602,22.8,94.53,2025-08-18 10:47:13+00:00,33.994637,-80.987037,72.0,4.54,-0.1,286.27,13.0,3D,2025-08-18 06:47:13-04:00,POINT (-80.987037 33.994637)
2025-08-17 23:10:00 UTC,sensor05,236476602,22.82,94.49,2025-08-18 10:47:18+00:00,33.994708,-80.98722,72.3,2.99,0.1,294.34,13.0,3D,2025-08-18 06:47:18-04:00,POINT (-80.98722 33.994708)
2025-08-17 23:10:05 UTC,sensor05,236476602,22.83,94.47,2025-08-18 10:47:24+00:00,33.994757,-80.987408,71.5,2.36,-0.3,289.01,13.0,3D,2025-08-18 06:47:24-04:00,POINT (-80.987408 33.994757)
2025-08-17 23:10:20 UTC,sensor05,236476602,22.92,94.09,2025-08-18 10:47:39+00:00,33.99503,-80.987662,65.7,5.73,-0.5,4.46,13.0,3D,2025-08-18 06:47:39-04:00,POINT (-80.987662 33.99503)
2025-08-17 23:10:26 UTC,sensor05,236476602,23.01,94.09,2025-08-18 10:47:44+00:00,33.995328,-80.987637,63.8,6.97,-0.3,7.58,13.0,3D,2025-08-18 06:47:44-04:00,POINT (-80.987637 33.995328)
2025-08-17 23:10:31 UTC,sensor05,236476602,23.0,94.01,2025-08-18 10:47:49+00:00,33.995568,-80.987618,61.9,5.02,-0.4,6.33,13.0,3D,2025-08-18 06:47:49-04:00,POINT (-80.987618 33.995568)
2025-08-17 23:10:36 UTC,sensor05,236476602,23.07,93.94,2025-08-18 10:47:53+00:00,33.995798,-80.987613,61.2,6.66,-0.2,0.0,8.0,3D,2025-08-18 06:47:53-04:00,POINT (-80.987613 33.995798)
2025-08-17 23:10:41 UTC,sensor05,236476602,23.15,93.77,2025-08-18 10:47:59+00:00,33.996172,-80.987588,59.9,6.35,-0.1,2.51,13.0,3D,2025-08-18 06:47:59-04:00,POINT (-80.987588 33.996172)
2025-08-17 23:10:46 UTC,sensor05,236476602,23.24,93.5,2025-08-18 10:48:05+00:00,33.996477,-80.987585,59.7,4.46,0.1,0.0,13.0,3D,2025-08-18 06:48:05-04:00,POINT (-80.987585 33.996477)
2025-08-17 23:11:47 UTC,sensor05,236476602,23.5,92.83,2025-08-18 10:49:06+00:00,33.99675,-80.98752,61.4,2.46,0.1,349.92,13.0,3D,2025-08-18 06:49:06-04:00,POINT (-80.98752 33.99675)
2025-08-17 23:11:53 UTC,sensor05,236476602,23.62,92.26,2025-08-18 10:49:11+00:00,33.996883,-80.987663,61.6,5.13,0.0,299.76,13.0,3D,2025-08-18 06:49:11-04:00,POINT (-80.987663 33.996883)
2025-08-17 23:11:58 UTC,sensor05,236476602,23.48,92.1,2025-08-18 10:49:16+00:00,33.996933,-80.988045,61.8,8.14,0.2,278.46,13.0,3D,2025-08-18 06:49:16-04:00,POINT (-80.988045 33.996933)
2025-08-17 23:12:03 UTC,sensor05,236476602,23.45,92.37,2025-08-18 10:49:21+00:00,33.996977,-80.988547,63.2,9.38,0.3,275.59,13.0,3D,2025-08-18 06:49:21-04:00,POINT (-80.988547 33.996977)
2025-08-17 23:12:08 UTC,sensor05,236476602,23.45,92.36,2025-08-18 10:49:27+00:00,33.99707,-80.989198,64.9,9.84,0.2,0.0,13.0,3D,2025-08-18 06:49:27-04:00,POINT (-80.989198 33.99707)
2025-08-17 23:12:13 UTC,sensor05,236476602,23.57,92.28,2025-08-18 10:49:32+00:00,33.997138,-80.989703,65.2,8.85,0.0,273.71,13.0,3D,2025-08-18 06:49:32-04:00,POINT (-80.989703 33.997138)
2025-08-17 23:12:18 UTC,sensor05,236476602,23.54,92.06,2025-08-18 10:49:37+00:00,33.997162,-80.990082,64.7,5.31,-0.1,258.68,13.0,3D,2025-08-18 06:49:37-04:00,POINT (-80.990082 33.997162)
2025-08-17 23:12:23 UTC,sensor05,236476602,23.47,92.02,2025-08-18 10:49:42+00:00,33.996995,-80.99027,64.9,4.84,0.0,202.99,13.0,3D,2025-08-18 06:49:42-04:00,POINT (-80.99027 33.996995)
2025-08-17 23:12:29 UTC,sensor05,236476602,23.39,92.08,2025-08-18 10:49:47+00:00,33.996677,-80.990308,65.4,5.6,0.0,183.96,13.0,3D,2025-08-18 06:49:47-04:00,POINT (-80.990308 33.996677)
2025-08-17 23:12:34 UTC,sensor05,236476602,23.3,92.26,2025-08-18 10:49:52+00:00,33.996428,-80.99032,65.0,4.88,-0.1,184.31,13.0,3D,2025-08-18 06:49:52-04:00,POINT (-80.99032 33.996428)
2025-08-17 23:12:39 UTC,sensor05,236476602,23.3,92.4,2025-08-18 10:49:53+00:00,33.996385,-80.990322,65.0,4.81,0.0,0.0,12.0,3D,2025-08-18 06:49:53-04:00,POINT (-80.990322 33.996385)
2025-08-17 23:12:54 UTC,sensor05,236476602,23.22,92.49,2025-08-18 10:50:13+00:00,33.99616,-80.990677,68.3,5.24,0.4,0.0,13.0,3D,2025-08-18 06:50:13-04:00,POINT (-80.990677 33.99616)
2025-08-17 23:12:59 UTC,sensor05,236476602,23.16,92.66,2025-08-18 10:50:17+00:00,33.99619,-80.990925,69.4,6.14,0.0,0.0,4.0,3D,2025-08-18 06:50:17-04:00,POINT (-80.990925 33.99619)
2025-08-17 23:13:09 UTC,sensor05,236476602,23.1,93.01,2025-08-18 10:50:28+00:00,33.996177,-80.991643,73.9,6.0,1.0,267.2,13.0,3D,2025-08-18 06:50:28-04:00,POINT (-80.991643 33.996177)
2025-08-17 23:13:15 UTC,sensor05,236476602,23.05,93.03,2025-08-18 10:50:33+00:00,33.99614,-80.991972,75.6,5.98,0.2,262.61,13.0,3D,2025-08-18 06:50:33-04:00,POINT (-80.991972 33.99614)
2025-08-17 23:13:20 UTC,sensor05,236476602,23.01,93.1,2025-08-18 10:50:38+00:00,33.9961,-80.99231,77.6,5.98,0.3,260.39,13.0,3D,2025-08-18 06:50:38-04:00,POINT (-80.99231 33.9961)
2025-08-17 23:13:25 UTC,sensor05,236476602,22.99,93.33,2025-08-18 10:50:43+00:00,33.996058,-80.992632,79.4,5.81,0.3,259.75,13.0,3D,2025-08-18 06:50:43-04:00,POINT (-80.992632 33.996058)
2025-08-17 23:13:30 UTC,sensor05,236476602,22.99,93.38,2025-08-18 10:50:48+00:00,33.996042,-80.992933,80.8,5.09,0.2,263.71,13.0,3D,2025-08-18 06:50:48-04:00,POINT (-80.992933 33.996042)
2025-08-17 23:13:35 UTC,sensor05,236476602,23.01,93.42,2025-08-18 10:50:54+00:00,33.996055,-80.993185,82.0,2.68,0.2,0.0,13.0,3D,2025-08-18 06:50:54-04:00,POINT (-80.993185 33.996055)
2025-08-17 23:13:50 UTC,sensor05,236476602,23.08,93.34,2025-08-18 10:51:09+00:00,33.996063,-80.993432,83.6,3.94,0.0,268.39,13.0,3D,2025-08-18 06:51:09-04:00,POINT (-80.993432 33.996063)
2025-08-17 23:13:55 UTC,sensor05,236476602,23.02,93.3,2025-08-18 10:51:14+00:00,33.996078,-80.99374,84.9,6.32,0.4,273.49,13.0,3D,2025-08-18 06:51:14-04:00,POINT (-80.99374 33.996078)
2025-08-17 23:14:01 UTC,sensor05,236476602,23.0,93.43,2025-08-18 10:51:19+00:00,33.99609,-80.99408,86.1,6.27,0.3,269.2,13.0,3D,2025-08-18 06:51:19-04:00,POINT (-80.99408 33.99609)
2025-08-17 23:14:06 UTC,sensor05,236476602,22.99,93.48,2025-08-18 10:51:24+00:00,33.99612,-80.9944,88.1,5.41,0.4,272.92,13.0,3D,2025-08-18 06:51:24-04:00,POINT (-80.9944 33.99612)
2025-08-17 23:14:11 UTC,sensor05,236476602,22.97,93.53,2025-08-18 10:51:29+00:00,33.996125,-80.994623,89.1,3.39,0.3,299.42,12.0,3D,2025-08-18 06:51:29-04:00,POINT (-80.994623 33.996125)
2025-08-17 23:14:16 UTC,sensor05,236476602,22.99,93.56,2025-08-18 10:51:34+00:00,33.996337,-80.994657,91.3,5.83,0.3,6.54,12.0,3D,2025-08-18 06:51:34-04:00,POINT (-80.994657 33.996337)
2025-08-17 23:14:21 UTC,sensor05,236476602,22.98,93.53,2025-08-18 10:51:40+00:00,33.996657,-80.994613,95.6,6.37,0.5,7.08,11.0,3D,2025-08-18 06:51:40-04:00,POINT (-80.994613 33.996657)
2025-08-17 23:14:26 UTC,sensor05,236476602,23.03,93.48,2025-08-18 10:51:45+00:00,33.996942,-80.994583,98.4,5.59,0.5,3.91,11.0,3D,2025-08-18 06:51:45-04:00,POINT (-80.994583 33.996942)
2025-08-17 23:14:31 UTC,sensor05,236476602,23.07,93.36,2025-08-18 10:51:50+00:00,33.997148,-80.994532,97.8,2.68,-1.7,49.68,11.0,3D,2025-08-18 06:51:50-04:00,POINT (-80.994532 33.997148)
2025-08-17 23:14:36 UTC,sensor05,236476602,23.17,93.28,2025-08-18 10:51:54+00:00,33.997153,-80.994402,98.5,3.41,0.0,88.51,11.0,3D,2025-08-18 06:51:54-04:00,POINT (-80.994402 33.997153)
2025-08-17 23:14:42 UTC,sensor05,236476602,23.2,92.87,2025-08-18 10:52:00+00:00,33.997125,-80.994137,99.1,4.41,0.1,93.29,11.0,3D,2025-08-18 06:52:00-04:00,POINT (-80.994137 33.997125)
2025-08-17 23:14:47 UTC,sensor05,236476602,23.18,92.31,2025-08-18 10:52:05+00:00,33.997095,-80.99394,99.2,2.64,0.0,93.39,11.0,3D,2025-08-18 06:52:05-04:00,POINT (-80.99394 33.997095)
2025-08-17 23:14:57 UTC,sensor05,236476602,23.27,92.52,2025-08-18 10:52:15+00:00,33.997233,-80.99376,97.8,3.33,0.0,87.19,11.0,3D,2025-08-18 06:52:15-04:00,POINT (-80.99376 33.997233)
2025-08-17 23:15:02 UTC,sensor05,236476602,23.27,92.54,2025-08-18 10:52:21+00:00,33.99721,-80.993555,97.4,3.28,0.2,0.0,11.0,3D,2025-08-18 06:52:21-04:00,POINT (-80.993555 33.99721)
2025-08-17 23:15:07 UTC,sensor05,236476602,23.24,92.55,2025-08-18 10:52:26+00:00,33.997122,-80.993482,99.1,2.55,0.2,179.91,11.0,3D,2025-08-18 06:52:26-04:00,POINT (-80.993482 33.997122)
2025-08-18 02:40:20 UTC,sensor06,236497257,23.64,92.85,2025-08-18 10:00:03+00:00,34.015832,-81.029122,100.3,3.53,0.0,164.16,12.0,3D,2025-08-18 06:00:03-04:00,POINT (-81.029122 34.015832)
2025-08-18 02:40:25 UTC,sensor06,236497257,23.68,92.86,2025-08-18 10:00:09+00:00,34.015595,-81.029027,100.3,5.4,-0.2,0.0,12.0,3D,2025-08-18 06:00:09-04:00,POINT (-81.029027 34.015595)
2025-08-18 02:40:30 UTC,sensor06,236497257,23.73,92.82,2025-08-18 10:00:14+00:00,34.015355,-81.028935,98.6,5.95,-0.5,0.0,12.0,3D,2025-08-18 06:00:14-04:00,POINT (-81.028935 34.015355)
2025-08-18 02:40:41 UTC,sensor06,236497257,23.8,92.66,2025-08-18 10:00:24+00:00,34.01501,-81.028862,95.8,3.24,-0.5,237.1,12.0,3D,2025-08-18 06:00:24-04:00,POINT (-81.028862 34.01501)
2025-08-18 02:40:46 UTC,sensor06,236497257,23.92,92.34,2025-08-18 10:00:29+00:00,34.014918,-81.029092,94.8,4.94,-0.1,254.26,12.0,3D,2025-08-18 06:00:29-04:00,POINT (-81.029092 34.014918)
2025-08-18 02:40:51 UTC,sensor06,236497257,23.97,91.93,2025-08-18 10:00:34+00:00,34.014805,-81.02941,93.7,5.62,-0.2,249.42,12.0,3D,2025-08-18 06:00:34-04:00,POINT (-81.02941 34.014805)
2025-08-18 02:40:56 UTC,sensor06,236497257,24.02,91.61,2025-08-18 10:00:39+00:00,34.014697,-81.02974,92.6,6.54,-0.1,248.2,12.0,3D,2025-08-18 06:00:39-04:00,POINT (-81.02974 34.014697)
2025-08-18 02:41:01 UTC,sensor06,236497257,24.11,91.43,2025-08-18 10:00:44+00:00,34.014595,-81.030068,92.5,6.43,0.1,252.2,12.0,3D,2025-08-18 06:00:44-04:00,POINT (-81.030068 34.014595)
2025-08-18 02:41:06 UTC,sensor06,236497257,24.1,91.22,2025-08-18 10:00:49+00:00,34.014508,-81.030335,92.8,5.94,0.1,252.02,12.0,3D,2025-08-18 06:00:49-04:00,POINT (-81.030335 34.014508)
2025-08-18 02:41:11 UTC,sensor06,236497257,24.11,91.07,2025-08-18 10:00:54+00:00,34.014398,-81.030622,94.9,6.11,0.5,251.21,12.0,3D,2025-08-18 06:00:54-04:00,POINT (-81.030622 34.014398)
2025-08-18 02:41:16 UTC,sensor06,236497257,24.09,91.14,2025-08-18 10:00:59+00:00,34.014293,-81.030927,95.2,5.61,0.1,248.49,12.0,3D,2025-08-18 06:00:59-04:00,POINT (-81.030927 34.014293)
2025-08-18 02:41:21 UTC,sensor06,236497257,24.08,91.2,2025-08-18 10:01:04+00:00,34.014197,-81.031228,95.4,5.72,0.0,250.83,12.0,3D,2025-08-18 06:01:04-04:00,POINT (-81.031228 34.014197)
2025-08-18 02:41:26 UTC,sensor06,236497257,24.1,91.23,2025-08-18 10:01:09+00:00,34.01409,-81.03153,96.1,5.46,0.2,249.02,12.0,3D,2025-08-18 06:01:09-04:00,POINT (-81.03153 34.01409)
2025-08-18 02:41:31 UTC,sensor06,236497257,24.16,91.06,2025-08-18 10:01:14+00:00,34.013937,-81.031782,97.9,4.79,0.6,222.33,12.0,3D,2025-08-18 06:01:14-04:00,POINT (-81.031782 34.013937)
2025-08-18 02:41:36 UTC,sensor06,236497257,24.22,90.84,2025-08-18 10:01:19+00:00,34.013715,-81.031782,98.6,5.32,0.2,157.98,12.0,3D,2025-08-18 06:01:19-04:00,POINT (-81.031782 34.013715)
2025-08-18 02:41:41 UTC,sensor06,236497257,24.24,90.7,2025-08-18 10:01:24+00:00,34.013497,-81.031683,98.7,5.25,0.1,160.97,12.0,3D,2025-08-18 06:01:24-04:00,POINT (-81.031683 34.013497)
2025-08-18 02:41:46 UTC,sensor06,236497257,24.28,90.62,2025-08-18 10:01:29+00:00,34.013258,-81.031578,98.7,5.33,0.0,157.95,12.0,3D,2025-08-18 06:01:29-04:00,POINT (-81.031578 34.013258)
2025-08-18 02:41:51 UTC,sensor06,236497257,24.28,90.5,2025-08-18 10:01:34+00:00,34.01302,-81.03146,99.3,5.3,0.2,153.86,13.0,3D,2025-08-18 06:01:34-04:00,POINT (-81.03146 34.01302)
2025-08-18 02:41:56 UTC,sensor06,236497257,24.29,90.46,2025-08-18 10:01:37+00:00,34.012877,-81.0314,99.6,5.58,0.1,0.0,13.0,3D,2025-08-18 06:01:37-04:00,POINT (-81.0314 34.012877)
2025-08-18 02:42:01 UTC,sensor06,236497257,24.31,90.29,2025-08-18 10:01:42+00:00,34.012637,-81.03131,99.6,5.17,-0.1,157.92,13.0,3D,2025-08-18 06:01:42-04:00,POINT (-81.03131 34.012637)
2025-08-18 02:42:06 UTC,sensor06,236497257,24.34,90.21,2025-08-18 10:01:48+00:00,34.012365,-81.031153,101.0,5.71,0.0,158.39,13.0,3D,2025-08-18 06:01:48-04:00,POINT (-81.031153 34.012365)
2025-08-18 02:42:12 UTC,sensor06,236497257,24.28,90.11,2025-08-18 10:01:55+00:00,34.012017,-81.030997,101.7,5.49,0.1,159.51,13.0,3D,2025-08-18 06:01:55-04:00,POINT (-81.030997 34.012017)
2025-08-18 02:42:17 UTC,sensor06,236497257,24.28,90.04,2025-08-18 10:02:00+00:00,34.011788,-81.030888,102.2,5.29,0.1,158.64,13.0,3D,2025-08-18 06:02:00-04:00,POINT (-81.030888 34.011788)
2025-08-18 02:42:22 UTC,sensor06,236497257,24.23,90.15,2025-08-18 10:02:05+00:00,34.01157,-81.030818,103.0,4.6,0.2,164.22,13.0,3D,2025-08-18 06:02:05-04:00,POINT (-81.030818 34.01157)
2025-08-18 02:42:27 UTC,sensor06,236497257,24.19,90.23,2025-08-18 10:02:10+00:00,34.011393,-81.030727,104.4,3.96,0.3,151.45,13.0,3D,2025-08-18 06:02:10-04:00,POINT (-81.030727 34.011393)
2025-08-18 02:42:32 UTC,sensor06,236497257,24.21,90.27,2025-08-18 10:02:15+00:00,34.01119,-81.030652,104.8,4.83,0.0,153.64,13.0,3D,2025-08-18 06:02:15-04:00,POINT (-81.030652 34.01119)
2025-08-18 02:42:37 UTC,sensor06,236497257,24.23,90.19,2025-08-18 10:02:20+00:00,34.010977,-81.03057,105.4,5.48,0.2,156.73,13.0,3D,2025-08-18 06:02:20-04:00,POINT (-81.03057 34.010977)
2025-08-18 02:42:42 UTC,sensor06,236497257,24.25,90.17,2025-08-18 10:02:25+00:00,34.01074,-81.03049,106.3,5.46,-0.1,159.27,13.0,3D,2025-08-18 06:02:25-04:00,POINT (-81.03049 34.01074)
2025-08-18 02:42:47 UTC,sensor06,236497257,24.24,90.41,2025-08-18 10:02:30+00:00,34.010497,-81.030388,106.8,5.88,0.1,160.89,13.0,3D,2025-08-18 06:02:30-04:00,POINT (-81.030388 34.010497)
2025-08-18 02:42:52 UTC,sensor06,236497257,24.15,90.55,2025-08-18 10:02:35+00:00,34.010263,-81.030267,107.3,5.09,0.0,150.97,13.0,3D,2025-08-18 06:02:35-04:00,POINT (-81.030267 34.010263)
2025-08-18 02:42:57 UTC,sensor06,236497257,24.09,90.62,2025-08-18 10:02:40+00:00,34.010053,-81.030163,108.1,4.29,0.0,159.91,13.0,3D,2025-08-18 06:02:40-04:00,POINT (-81.030163 34.010053)
2025-08-18 02:43:02 UTC,sensor06,236497257,24.08,90.67,2025-08-18 10:02:45+00:00,34.009852,-81.030093,108.4,5.12,-0.3,158.83,13.0,3D,2025-08-18 06:02:45-04:00,POINT (-81.030093 34.009852)
2025-08-18 02:43:07 UTC,sensor06,236497257,24.11,90.79,2025-08-18 10:02:50+00:00,34.009617,-81.029998,107.6,5.67,-0.1,161.34,13.0,3D,2025-08-18 06:02:50-04:00,POINT (-81.029998 34.009617)
2025-08-18 02:43:12 UTC,sensor06,236497257,24.09,90.75,2025-08-18 10:02:55+00:00,34.00939,-81.02986,109.1,4.46,0.1,157.29,13.0,3D,2025-08-18 06:02:55-04:00,POINT (-81.02986 34.00939)
2025-08-18 02:43:17 UTC,sensor06,236497257,24.1,90.66,2025-08-18 10:03:00+00:00,34.009198,-81.029785,108.4,4.1,0.0,158.7,13.0,3D,2025-08-18 06:03:00-04:00,POINT (-81.029785 34.009198)
2025-08-18 02:43:22 UTC,sensor06,236497257,24.11,90.74,2025-08-18 10:03:05+00:00,34.009015,-81.02971,107.3,3.62,-0.2,150.67,13.0,3D,2025-08-18 06:03:05-04:00,POINT (-81.02971 34.009015)
2025-08-18 02:43:27 UTC,sensor06,236497257,24.11,90.72,2025-08-18 10:03:11+00:00,34.008803,-81.02963,106.8,3.6,0.1,0.0,13.0,3D,2025-08-18 06:03:11-04:00,POINT (-81.02963 34.008803)
2025-08-18 02:43:38 UTC,sensor06,236497257,24.14,90.69,2025-08-18 10:03:21+00:00,34.008542,-81.029527,106.7,5.05,0.3,0.0,8.0,3D,2025-08-18 06:03:21-04:00,POINT (-81.029527 34.008542)
2025-08-18 02:43:43 UTC,sensor06,236497257,24.23,90.4,2025-08-18 10:03:26+00:00,34.008305,-81.029428,105.7,5.95,-0.4,0.0,8.0,3D,2025-08-18 06:03:26-04:00,POINT (-81.029428 34.008305)
2025-08-18 02:43:48 UTC,sensor06,236497257,24.3,90.1,2025-08-18 10:03:31+00:00,34.008065,-81.029313,104.5,5.72,-0.5,0.0,12.0,3D,2025-08-18 06:03:31-04:00,POINT (-81.029313 34.008065)
2025-08-18 02:43:53 UTC,sensor06,236497257,24.35,89.85,2025-08-18 10:03:36+00:00,34.007818,-81.029203,103.4,5.84,-0.3,0.0,14.0,3D,2025-08-18 06:03:36-04:00,POINT (-81.029203 34.007818)
2025-08-18 02:43:58 UTC,sensor06,236497257,24.42,89.56,2025-08-18 10:03:41+00:00,34.00758,-81.029098,102.3,5.33,-0.2,160.43,14.0,3D,2025-08-18 06:03:41-04:00,POINT (-81.029098 34.00758)
2025-08-18 02:44:03 UTC,sensor06,236497257,24.46,89.27,2025-08-18 10:03:46+00:00,34.007378,-81.029008,102.1,4.31,0.2,167.9,14.0,3D,2025-08-18 06:03:46-04:00,POINT (-81.029008 34.007378)
2025-08-18 02:44:08 UTC,sensor06,236497257,24.49,89.11,2025-08-18 10:03:51+00:00,34.007212,-81.029088,102.3,4.23,-0.2,242.84,14.0,3D,2025-08-18 06:03:51-04:00,POINT (-81.029088 34.007212)
2025-08-18 02:44:13 UTC,sensor06,236497257,24.55,88.85,2025-08-18 10:03:56+00:00,34.007162,-81.029332,101.8,5.03,-0.1,247.0,14.0,3D,2025-08-18 06:03:56-04:00,POINT (-81.029332 34.007162)
2025-08-18 02:44:18 UTC,sensor06,236497257,24.58,88.67,2025-08-18 10:04:01+00:00,34.00707,-81.0296,101.0,5.5,-0.6,250.38,14.0,3D,2025-08-18 06:04:01-04:00,POINT (-81.0296 34.00707)
2025-08-18 02:44:23 UTC,sensor06,236497257,24.61,88.57,2025-08-18 10:04:06+00:00,34.006982,-81.029853,101.6,5.21,0.3,254.46,14.0,3D,2025-08-18 06:04:06-04:00,POINT (-81.029853 34.006982)
2025-08-18 02:44:28 UTC,sensor06,236497257,24.66,88.45,2025-08-18 10:04:11+00:00,34.006895,-81.03008,105.2,4.02,0.9,245.9,14.0,3D,2025-08-18 06:04:11-04:00,POINT (-81.03008 34.006895)
2025-08-18 02:44:43 UTC,sensor06,236497257,24.7,88.32,2025-08-18 10:04:26+00:00,34.006775,-81.030525,105.3,4.1,0.0,248.31,14.0,3D,2025-08-18 06:04:26-04:00,POINT (-81.030525 34.006775)
2025-08-18 02:44:48 UTC,sensor06,236497257,24.72,87.94,2025-08-18 10:04:31+00:00,34.006695,-81.030748,105.4,4.64,0.0,248.74,14.0,3D,2025-08-18 06:04:31-04:00,POINT (-81.030748 34.006695)
2025-08-18 02:44:53 UTC,sensor06,236497257,24.73,88.03,2025-08-18 10:04:37+00:00,34.006592,-81.03107,106.0,5.54,0.1,0.0,14.0,3D,2025-08-18 06:04:37-04:00,POINT (-81.03107 34.006592)
2025-08-18 02:44:58 UTC,sensor06,236497257,24.77,88.06,2025-08-18 10:04:42+00:00,34.006508,-81.031343,106.4,5.35,0.1,0.0,14.0,3D,2025-08-18 06:04:42-04:00,POINT (-81.031343 34.006508)
2025-08-18 02:45:03 UTC,sensor06,236497257,24.8,88.03,2025-08-18 10:04:47+00:00,34.006423,-81.031625,107.3,5.26,0.2,0.0,14.0,3D,2025-08-18 06:04:47-04:00,POINT (-81.031625 34.006423)
2025-08-18 02:45:08 UTC,sensor06,236497257,24.78,88.0,2025-08-18 10:04:52+00:00,34.006372,-81.031883,107.0,3.76,-0.2,240.73,14.0,3D,2025-08-18 06:04:52-04:00,POINT (-81.031883 34.006372)
2025-08-18 02:45:14 UTC,sensor06,236497257,24.83,87.97,2025-08-18 10:04:57+00:00,34.006337,-81.032018,106.1,3.09,0.1,250.08,14.0,3D,2025-08-18 06:04:57-04:00,POINT (-81.032018 34.006337)
2025-08-18 02:45:19 UTC,sensor06,236497257,24.87,87.82,2025-08-18 10:05:02+00:00,34.00629,-81.032222,106.2,4.99,-0.3,244.78,14.0,3D,2025-08-18 06:05:02-04:00,POINT (-81.032222 34.00629)
2025-08-18 02:45:24 UTC,sensor06,236497257,24.88,87.74,2025-08-18 10:05:07+00:00,34.006208,-81.032472,106.0,5.2,-0.1,246.87,14.0,3D,2025-08-18 06:05:07-04:00,POINT (-81.032472 34.006208)
2025-08-18 02:45:29 UTC,sensor06,236497257,24.86,87.61,2025-08-18 10:05:12+00:00,34.006127,-81.032735,106.3,4.94,0.3,244.84,14.0,3D,2025-08-18 06:05:12-04:00,POINT (-81.032735 34.006127)
2025-08-18 02:45:34 UTC,sensor06,236497257,24.89,87.57,2025-08-18 10:05:17+00:00,34.006072,-81.033042,109.1,5.34,0.0,247.82,14.0,3D,2025-08-18 06:05:17-04:00,POINT (-81.033042 34.006072)
2025-08-18 02:45:39 UTC,sensor06,236497257,24.92,87.49,2025-08-18 10:05:22+00:00,34.005993,-81.033315,109.5,4.97,0.1,255.57,14.0,3D,2025-08-18 06:05:22-04:00,POINT (-81.033315 34.005993)
2025-08-18 02:45:44 UTC,sensor06,236497257,24.99,87.13,2025-08-18 10:05:27+00:00,34.00589,-81.033597,109.4,4.69,0.0,242.73,14.0,3D,2025-08-18 06:05:27-04:00,POINT (-81.033597 34.00589)
2025-08-18 02:45:49 UTC,sensor06,236497257,25.05,86.81,2025-08-18 10:05:32+00:00,34.005725,-81.033723,108.4,3.81,-0.3,195.49,14.0,3D,2025-08-18 06:05:32-04:00,POINT (-81.033723 34.005725)
2025-08-18 02:45:54 UTC,sensor06,236497257,25.17,86.57,2025-08-18 10:05:37+00:00,34.005503,-81.033663,107.8,5.24,-0.1,156.56,14.0,3D,2025-08-18 06:05:37-04:00,POINT (-81.033663 34.005503)
2025-08-18 02:45:59 UTC,sensor06,236497257,25.23,86.09,2025-08-18 10:05:42+00:00,34.005245,-81.033553,107.2,6.18,-0.12,0.0,14.0,3D,2025-08-18 06:05:42-04:00,POINT (-81.033553 34.005245)
2025-08-18 02:46:04 UTC,sensor06,236497257,25.26,85.8,2025-08-18 10:05:47+00:00,34.004988,-81.03343,106.3,6.03,0.0,161.71,14.0,3D,2025-08-18 06:05:47-04:00,POINT (-81.03343 34.004988)
2025-08-18 02:46:09 UTC,sensor06,236497257,25.28,85.61,2025-08-18 10:05:52+00:00,34.004755,-81.03328,106.4,5.99,0.1,157.56,14.0,3D,2025-08-18 06:05:52-04:00,POINT (-81.03328 34.004755)
2025-08-18 02:46:14 UTC,sensor06,236497257,25.29,85.56,2025-08-18 10:05:57+00:00,34.00452,-81.033133,106.2,5.09,-0.2,141.52,14.0,3D,2025-08-18 06:05:57-04:00,POINT (-81.033133 34.00452)
2025-08-18 02:46:19 UTC,sensor06,236497257,25.31,85.49,2025-08-18 10:06:02+00:00,34.00446,-81.032865,107.1,5.2,0.3,79.23,14.0,3D,2025-08-18 06:06:02-04:00,POINT (-81.032865 34.00446)
2025-08-18 02:46:24 UTC,sensor06,236497257,25.28,85.49,2025-08-18 10:06:07+00:00,34.004543,-81.032598,107.5,5.16,0.0,65.94,14.0,3D,2025-08-18 06:06:07-04:00,POINT (-81.032598 34.004543)
2025-08-18 02:46:29 UTC,sensor06,236497257,25.25,85.62,2025-08-18 10:06:13+00:00,34.004677,-81.03228,109.6,5.62,-0.1,0.0,14.0,3D,2025-08-18 06:06:13-04:00,POINT (-81.03228 34.004677)
2025-08-18 02:46:34 UTC,sensor06,236497257,25.23,85.76,2025-08-18 10:06:18+00:00,34.004755,-81.032002,109.8,5.33,0.0,0.0,14.0,3D,2025-08-18 06:06:18-04:00,POINT (-81.032002 34.004755)
2025-08-18 02:46:39 UTC,sensor06,236497257,25.19,85.87,2025-08-18 10:06:23+00:00,34.004893,-81.031742,113.2,5.21,0.2,0.0,14.0,3D,2025-08-18 06:06:23-04:00,POINT (-81.031742 34.004893)
2025-08-18 02:46:44 UTC,sensor06,236497257,25.17,86.02,2025-08-18 10:06:28+00:00,34.004987,-81.031458,114.3,5.29,0.3,67.34,14.0,3D,2025-08-18 06:06:28-04:00,POINT (-81.031458 34.004987)
2025-08-18 02:46:50 UTC,sensor06,236497257,25.14,86.14,2025-08-18 10:06:33+00:00,34.005077,-81.031192,114.3,5.62,-0.3,62.93,14.0,3D,2025-08-18 06:06:33-04:00,POINT (-81.031192 34.005077)
2025-08-18 02:46:55 UTC,sensor06,236497257,25.12,86.22,2025-08-18 10:06:38+00:00,34.005185,-81.030902,113.4,4.98,0.0,65.71,14.0,3D,2025-08-18 06:06:38-04:00,POINT (-81.030902 34.005185)
2025-08-18 02:47:00 UTC,sensor06,236497257,25.11,86.31,2025-08-18 10:06:43+00:00,34.005258,-81.03063,113.1,4.89,-0.1,72.5,14.0,3D,2025-08-18 06:06:43-04:00,POINT (-81.03063 34.005258)
2025-08-18 02:47:05 UTC,sensor06,236497257,25.04,86.48,2025-08-18 10:06:48+00:00,34.005332,-81.030343,112.0,4.66,-0.1,76.62,14.0,3D,2025-08-18 06:06:48-04:00,POINT (-81.030343 34.005332)
2025-08-18 02:47:10 UTC,sensor06,236497257,25.05,86.57,2025-08-18 10:06:53+00:00,34.00539,-81.03014,110.8,2.65,-0.5,57.33,14.0,3D,2025-08-18 06:06:53-04:00,POINT (-81.03014 34.00539)
2025-08-18 02:47:15 UTC,sensor06,236497257,25.04,86.64,2025-08-18 10:06:58+00:00,34.005433,-81.029958,111.3,4.91,0.3,69.07,14.0,3D,2025-08-18 06:06:58-04:00,POINT (-81.029958 34.005433)
2025-08-18 02:47:20 UTC,sensor06,236497257,25.08,86.69,2025-08-18 10:07:03+00:00,34.005532,-81.029673,110.5,5.87,0.0,65.28,14.0,3D,2025-08-18 06:07:03-04:00,POINT (-81.029673 34.005532)
2025-08-18 02:47:25 UTC,sensor06,236497257,25.04,86.64,2025-08-18 10:07:08+00:00,34.005625,-81.029333,110.2,6.46,-0.2,66.55,14.0,3D,2025-08-18 06:07:08-04:00,POINT (-81.029333 34.005625)
2025-08-18 02:47:30 UTC,sensor06,236497257,25.04,86.63,2025-08-18 10:07:13+00:00,34.005708,-81.02901,109.2,5.59,-0.2,68.07,14.0,3D,2025-08-18 06:07:13-04:00,POINT (-81.02901 34.005708)
2025-08-18 02:47:35 UTC,sensor06,236497257,25.02,86.72,2025-08-18 10:07:18+00:00,34.0058,-81.028708,107.2,5.42,-0.4,64.61,14.0,3D,2025-08-18 06:07:18-04:00,POINT (-81.028708 34.0058)
2025-08-18 02:47:40 UTC,sensor06,236497257,25.05,86.69,2025-08-18 10:07:23+00:00,34.005873,-81.028443,104.8,4.47,-0.4,74.85,14.0,3D,2025-08-18 06:07:23-04:00,POINT (-81.028443 34.005873)
2025-08-18 02:47:45 UTC,sensor06,236497257,25.04,86.74,2025-08-18 10:07:28+00:00,34.005725,-81.028287,99.5,5.36,-2.4,155.96,14.0,3D,2025-08-18 06:07:28-04:00,POINT (-81.028287 34.005725)
2025-08-18 02:47:50 UTC,sensor06,236497257,25.04,86.7,2025-08-18 10:07:33+00:00,34.005445,-81.028133,101.3,6.04,1.6,160.34,14.0,3D,2025-08-18 06:07:33-04:00,POINT (-81.028133 34.005445)
2025-08-18 02:47:55 UTC,sensor06,236497257,25.04,86.78,2025-08-18 10:07:38+00:00,34.005165,-81.028,100.7,6.09,-0.3,161.32,14.0,3D,2025-08-18 06:07:38-04:00,POINT (-81.028 34.005165)
2025-08-18 02:48:00 UTC,sensor06,236497257,24.93,86.97,2025-08-18 10:07:43+00:00,34.004922,-81.027905,100.1,5.41,-0.2,165.33,14.0,3D,2025-08-18 06:07:43-04:00,POINT (-81.027905 34.004922)
2025-08-18 02:48:05 UTC,sensor06,236497257,24.93,87.03,2025-08-18 10:07:49+00:00,34.004598,-81.027805,98.6,6.15,-0.1,0.0,14.0,3D,2025-08-18 06:07:49-04:00,POINT (-81.027805 34.004598)
2025-08-18 02:48:10 UTC,sensor06,236497257,24.92,86.98,2025-08-18 10:07:54+00:00,34.004332,-81.02772,97.6,5.5,-0.3,0.0,14.0,3D,2025-08-18 06:07:54-04:00,POINT (-81.02772 34.004332)
2025-08-18 02:48:15 UTC,sensor06,236497257,24.93,86.88,2025-08-18 10:07:59+00:00,34.004073,-81.027613,97.4,6.16,-0.1,160.17,14.0,3D,2025-08-18 06:07:59-04:00,POINT (-81.027613 34.004073)
2025-08-18 02:48:21 UTC,sensor06,236497257,24.9,86.81,2025-08-18 10:08:04+00:00,34.00384,-81.027497,99.0,5.35,0.2,163.38,14.0,3D,2025-08-18 06:08:04-04:00,POINT (-81.027497 34.00384)
2025-08-18 02:48:26 UTC,sensor06,236497257,24.93,86.81,2025-08-18 10:08:09+00:00,34.003623,-81.027403,101.3,4.3,0.1,160.47,14.0,3D,2025-08-18 06:08:09-04:00,POINT (-81.027403 34.003623)
2025-08-18 02:48:31 UTC,sensor06,236497257,24.95,86.81,2025-08-18 10:08:14+00:00,34.003458,-81.027298,103.5,3.41,0.1,153.35,14.0,3D,2025-08-18 06:08:14-04:00,POINT (-81.027298 34.003458)
2025-08-18 02:48:41 UTC,sensor06,236497257,24.99,86.81,2025-08-18 10:08:24+00:00,34.003203,-81.027217,103.5,4.28,0.1,172.91,14.0,3D,2025-08-18 06:08:24-04:00,POINT (-81.027217 34.003203)
2025-08-18 02:48:46 UTC,sensor06,236497257,25.01,86.63,2025-08-18 10:08:29+00:00,34.002977,-81.027123,103.5,5.59,0.0,162.99,14.0,3D,2025-08-18 06:08:29-04:00,POINT (-81.027123 34.002977)
2025-08-18 02:48:51 UTC,sensor06,236497257,25.05,86.52,2025-08-18 10:08:34+00:00,34.002723,-81.027023,103.2,5.76,-0.1,162.21,14.0,3D,2025-08-18 06:08:34-04:00,POINT (-81.027023 34.002723)
2025-08-18 02:48:56 UTC,sensor06,236497257,25.04,86.41,2025-08-18 10:08:39+00:00,34.002463,-81.026922,102.6,6.41,-0.2,162.68,14.0,3D,2025-08-18 06:08:39-04:00,POINT (-81.026922 34.002463)
2025-08-18 02:49:01 UTC,sensor06,236497257,25.06,86.42,2025-08-18 10:08:44+00:00,34.002192,-81.026817,102.5,5.85,0.0,158.71,14.0,3D,2025-08-18 06:08:44-04:00,POINT (-81.026817 34.002192)
2025-08-18 02:49:06 UTC,sensor06,236497257,25.04,86.4,2025-08-18 10:08:49+00:00,34.001945,-81.026685,101.8,6.06,-0.2,160.11,14.0,3D,2025-08-18 06:08:49-04:00,POINT (-81.026685 34.001945)
2025-08-18 02:49:11 UTC,sensor06,236497257,25.06,86.33,2025-08-18 10:08:54+00:00,34.001703,-81.026543,100.8,6.05,-0.3,153.02,14.0,3D,2025-08-18 06:08:54-04:00,POINT (-81.026543 34.001703)
2025-08-18 02:49:16 UTC,sensor06,236497257,25.12,86.22,2025-08-18 10:08:59+00:00,34.001418,-81.026403,99.4,6.88,-0.3,155.59,14.0,3D,2025-08-18 06:08:59-04:00,POINT (-81.026403 34.001418)
2025-08-18 02:49:21 UTC,sensor06,236497257,25.13,86.08,2025-08-18 10:09:04+00:00,34.00112,-81.026243,99.1,7.04,0.0,154.13,14.0,3D,2025-08-18 06:09:04-04:00,POINT (-81.026243 34.00112)
2025-08-18 02:49:26 UTC,sensor06,236497257,25.14,86.03,2025-08-18 10:09:09+00:00,34.000835,-81.026093,99.4,6.48,-0.1,160.31,14.0,3D,2025-08-18 06:09:09-04:00,POINT (-81.026093 34.000835)
2025-08-18 02:49:31 UTC,sensor06,236497257,25.13,86.02,2025-08-18 10:09:14+00:00,34.000593,-81.025893,97.3,5.95,-0.2,149.2,14.0,3D,2025-08-18 06:09:14-04:00,POINT (-81.025893 34.000593)
2025-08-18 02:49:36 UTC,sensor06,236497257,25.07,85.89,2025-08-18 10:09:20+00:00,34.00049,-81.025567,95.8,5.92,-0.2,0.0,14.0,3D,2025-08-18 06:09:20-04:00,POINT (-81.025567 34.00049)
2025-08-18 02:49:41 UTC,sensor06,236497257,24.98,85.96,2025-08-18 10:09:25+00:00,34.000573,-81.025245,94.8,6.28,-0.3,0.0,14.0,3D,2025-08-18 06:09:25-04:00,POINT (-81.025245 34.000573)
2025-08-18 02:49:46 UTC,sensor06,236497257,25.04,86.27,2025-08-18 10:09:30+00:00,34.000678,-81.024922,94.7,6.19,-0.2,0.0,14.0,3D,2025-08-18 06:09:30-04:00,POINT (-81.024922 34.000678)
2025-08-18 02:49:51 UTC,sensor06,236497257,25.01,86.38,2025-08-18 10:09:35+00:00,34.000787,-81.024618,94.9,5.95,-0.2,73.63,14.0,3D,2025-08-18 06:09:35-04:00,POINT (-81.024618 34.000787)
2025-08-18 02:49:56 UTC,sensor06,236497257,24.99,86.39,2025-08-18 10:09:40+00:00,34.000887,-81.024328,94.0,5.01,-0.1,68.49,14.0,3D,2025-08-18 06:09:40-04:00,POINT (-81.024328 34.000887)
2025-08-18 02:50:02 UTC,sensor06,236497257,24.96,86.41,2025-08-18 10:09:45+00:00,34.000988,-81.024038,93.0,6.02,-0.3,70.68,14.0,3D,2025-08-18 06:09:45-04:00,POINT (-81.024038 34.000988)
2025-08-18 02:50:07 UTC,sensor06,236497257,24.98,86.46,2025-08-18 10:09:50+00:00,34.001097,-81.023717,92.8,6.02,-0.1,70.15,14.0,3D,2025-08-18 06:09:50-04:00,POINT (-81.023717 34.001097)
2025-08-18 02:50:12 UTC,sensor06,236497257,24.88,86.64,2025-08-18 10:09:55+00:00,34.001227,-81.023388,92.9,6.74,0.0,64.67,14.0,3D,2025-08-18 06:09:55-04:00,POINT (-81.023388 34.001227)
2025-08-18 02:50:17 UTC,sensor06,236497257,24.83,86.82,2025-08-18 10:10:00+00:00,34.001297,-81.023092,92.9,6.05,0.0,75.45,14.0,3D,2025-08-18 06:10:00-04:00,POINT (-81.023092 34.001297)
2025-08-18 02:50:22 UTC,sensor06,236497257,24.8,87.1,2025-08-18 10:10:05+00:00,34.001383,-81.0228,93.4,5.25,0.0,76.85,14.0,3D,2025-08-18 06:10:05-04:00,POINT (-81.0228 34.001383)
2025-08-18 02:50:27 UTC,sensor06,236497257,24.78,87.31,2025-08-18 10:10:10+00:00,34.001492,-81.02249,94.0,6.78,0.1,65.14,14.0,3D,2025-08-18 06:10:10-04:00,POINT (-81.02249 34.001492)
2025-08-18 02:50:32 UTC,sensor06,236497257,24.81,87.21,2025-08-18 10:10:15+00:00,34.00159,-81.0222,94.4,5.4,0.0,73.24,14.0,3D,2025-08-18 06:10:15-04:00,POINT (-81.0222 34.00159)
2025-08-18 02:50:37 UTC,sensor06,236497257,24.67,87.28,2025-08-18 10:10:20+00:00,34.001675,-81.021903,95.3,5.54,0.0,64.65,14.0,3D,2025-08-18 06:10:20-04:00,POINT (-81.021903 34.001675)
2025-08-18 02:50:42 UTC,sensor06,236497257,24.61,87.62,2025-08-18 10:10:25+00:00,34.001787,-81.02161,95.6,5.54,0.1,65.58,14.0,3D,2025-08-18 06:10:25-04:00,POINT (-81.02161 34.001787)
2025-08-18 02:50:47 UTC,sensor06,236497257,24.56,88.04,2025-08-18 10:10:30+00:00,34.001902,-81.021347,96.8,5.21,0.5,70.37,14.0,3D,2025-08-18 06:10:30-04:00,POINT (-81.021347 34.001902)
2025-08-18 02:50:52 UTC,sensor06,236497257,24.55,88.18,2025-08-18 10:10:35+00:00,34.002042,-81.02115,98.1,4.85,0.1,31.04,14.0,3D,2025-08-18 06:10:35-04:00,POINT (-81.02115 34.002042)
2025-08-18 02:50:57 UTC,sensor06,236497257,24.49,88.36,2025-08-18 10:10:40+00:00,34.00225,-81.021097,98.5,4.68,0.1,345.03,14.0,3D,2025-08-18 06:10:40-04:00,POINT (-81.021097 34.00225)
2025-08-18 02:51:02 UTC,sensor06,236497257,24.48,88.44,2025-08-18 10:10:45+00:00,34.00243,-81.021197,99.9,4.49,0.1,335.44,14.0,3D,2025-08-18 06:10:45-04:00,POINT (-81.021197 34.00243)
2025-08-18 02:51:07 UTC,sensor06,236497257,24.51,88.41,2025-08-18 10:10:50+00:00,34.00262,-81.021327,101.5,5.33,0.3,335.72,14.0,3D,2025-08-18 06:10:50-04:00,POINT (-81.021327 34.00262)
2025-08-18 02:51:12 UTC,sensor06,236497257,24.48,88.43,2025-08-18 10:10:55+00:00,34.002842,-81.021423,102.7,5.21,0.2,341.27,14.0,3D,2025-08-18 06:10:55-04:00,POINT (-81.021423 34.002842)
2025-08-18 02:51:17 UTC,sensor06,236497257,24.47,88.47,2025-08-18 10:11:01+00:00,34.0031,-81.021577,104.9,6.02,0.6,0.0,14.0,3D,2025-08-18 06:11:01-04:00,POINT (-81.021577 34.0031)
2025-08-18 02:51:22 UTC,sensor06,236497257,24.47,88.5,2025-08-18 10:11:06+00:00,34.0033,-81.021712,108.2,4.99,0.3,0.0,14.0,3D,2025-08-18 06:11:06-04:00,POINT (-81.021712 34.0033)
2025-08-18 02:51:27 UTC,sensor06,236497257,24.42,88.61,2025-08-18 10:11:11+00:00,34.003492,-81.02185,107.5,4.6,-0.1,0.0,14.0,3D,2025-08-18 06:11:11-04:00,POINT (-81.02185 34.003492)
2025-08-18 02:51:32 UTC,sensor06,236497257,24.48,88.75,2025-08-18 10:11:16+00:00,34.003718,-81.021957,107.3,6.11,-0.4,0.0,4.0,3D,2025-08-18 06:11:16-04:00,POINT (-81.021957 34.003718)
2025-08-18 02:51:38 UTC,sensor06,236497257,24.55,88.68,2025-08-18 10:11:21+00:00,34.003947,-81.02207,106.0,5.38,-0.3,0.0,8.0,3D,2025-08-18 06:11:21-04:00,POINT (-81.02207 34.003947)
2025-08-18 02:51:43 UTC,sensor06,236497257,24.65,88.34,2025-08-18 10:11:26+00:00,34.004197,-81.0222,104.8,6.07,-0.4,0.0,12.0,3D,2025-08-18 06:11:26-04:00,POINT (-81.0222 34.004197)
2025-08-18 02:51:48 UTC,sensor06,236497257,24.68,88.1,2025-08-18 10:11:31+00:00,34.004407,-81.022292,103.9,4.71,-0.4,0.0,14.0,3D,2025-08-18 06:11:31-04:00,POINT (-81.022292 34.004407)
2025-08-18 02:51:53 UTC,sensor06,236497257,24.73,87.96,2025-08-18 10:11:36+00:00,34.004563,-81.022335,102.6,2.75,-0.4,340.96,14.0,3D,2025-08-18 06:11:36-04:00,POINT (-81.022335 34.004563)
2025-08-18 02:51:58 UTC,sensor06,236497257,24.76,87.94,2025-08-18 10:11:41+00:00,34.00484,-81.022353,97.1,11.87,-2.2,0.0,14.0,3D,2025-08-18 06:11:41-04:00,POINT (-81.022353 34.00484)
2025-08-18 02:52:03 UTC,sensor06,236497257,24.68,87.96,2025-08-18 10:11:46+00:00,34.005122,-81.022473,96.8,7.97,-0.1,339.93,14.0,3D,2025-08-18 06:11:46-04:00,POINT (-81.022473 34.005122)
2025-08-18 02:52:08 UTC,sensor06,236497257,24.56,88.29,2025-08-18 10:11:51+00:00,34.005475,-81.022637,96.2,8.96,-0.1,342.62,14.0,3D,2025-08-18 06:11:51-04:00,POINT (-81.022637 34.005475)
2025-08-18 02:52:13 UTC,sensor06,236497257,24.49,88.71,2025-08-18 10:11:56+00:00,34.005817,-81.022793,96.9,7.75,0.3,338.08,14.0,3D,2025-08-18 06:11:56-04:00,POINT (-81.022793 34.005817)
2025-08-18 02:52:18 UTC,sensor06,236497257,24.4,88.95,2025-08-18 10:12:01+00:00,34.006143,-81.022937,98.5,7.57,0.4,340.7,14.0,3D,2025-08-18 06:12:01-04:00,POINT (-81.022937 34.006143)
2025-08-18 02:52:23 UTC,sensor06,236497257,24.24,89.42,2025-08-18 10:12:06+00:00,34.00645,-81.023077,100.8,7.42,0.5,338.68,14.0,3D,2025-08-18 06:12:06-04:00,POINT (-81.023077 34.00645)
2025-08-18 02:52:28 UTC,sensor06,236497257,24.18,89.83,2025-08-18 10:12:11+00:00,34.006733,-81.023212,102.5,6.15,0.5,336.62,14.0,3D,2025-08-18 06:12:11-04:00,POINT (-81.023212 34.006733)
2025-08-18 02:52:33 UTC,sensor06,236497257,24.12,90.21,2025-08-18 10:12:16+00:00,34.006997,-81.023312,104.3,6.39,0.3,346.23,14.0,3D,2025-08-18 06:12:16-04:00,POINT (-81.023312 34.006997)
2025-08-18 02:52:38 UTC,sensor06,236497257,24.17,90.47,2025-08-18 10:12:21+00:00,34.007228,-81.023402,106.0,5.15,0.4,346.05,14.0,3D,2025-08-18 06:12:21-04:00,POINT (-81.023402 34.007228)
2025-08-18 02:52:43 UTC,sensor06,236497257,24.28,90.27,2025-08-18 10:12:26+00:00,34.007438,-81.023482,110.8,5.45,0.6,335.34,14.0,3D,2025-08-18 06:12:26-04:00,POINT (-81.023482 34.007438)
2025-08-18 02:52:48 UTC,sensor06,236497257,24.35,89.74,2025-08-18 10:12:32+00:00,34.007655,-81.023612,113.1,5.1,0.6,0.0,14.0,3D,2025-08-18 06:12:32-04:00,POINT (-81.023612 34.007655)
2025-08-18 02:52:53 UTC,sensor06,236497257,24.39,89.47,2025-08-18 10:12:37+00:00,34.007882,-81.023717,116.8,5.45,0.7,0.0,14.0,3D,2025-08-18 06:12:37-04:00,POINT (-81.023717 34.007882)
2025-08-18 02:52:58 UTC,sensor06,236497257,24.41,89.28,2025-08-18 10:12:42+00:00,34.0081,-81.023827,120.5,4.68,0.6,336.21,14.0,3D,2025-08-18 06:12:42-04:00,POINT (-81.023827 34.0081)
2025-08-18 02:53:04 UTC,sensor06,236497257,24.43,89.14,2025-08-18 10:12:47+00:00,34.008283,-81.023917,123.5,3.94,0.5,348.91,14.0,3D,2025-08-18 06:12:47-04:00,POINT (-81.023917 34.008283)
2025-08-18 02:53:09 UTC,sensor06,236497257,24.47,89.12,2025-08-18 10:12:52+00:00,34.008445,-81.02399,126.1,3.1,0.6,333.19,14.0,3D,2025-08-18 06:12:52-04:00,POINT (-81.02399 34.008445)
2025-08-18 02:53:14 UTC,sensor06,236497257,24.51,89.06,2025-08-18 10:12:57+00:00,34.008565,-81.024035,128.4,3.16,-0.1,353.03,14.0,3D,2025-08-18 06:12:57-04:00,POINT (-81.024035 34.008565)
2025-08-18 02:53:19 UTC,sensor06,236497257,24.53,88.94,2025-08-18 10:13:02+00:00,34.008763,-81.0241,129.7,5.11,0.6,340.54,14.0,3D,2025-08-18 06:13:02-04:00,POINT (-81.0241 34.008763)
2025-08-18 02:53:24 UTC,sensor06,236497257,24.56,88.87,2025-08-18 10:13:07+00:00,34.009005,-81.02419,131.9,5.67,0.4,338.81,14.0,3D,2025-08-18 06:13:07-04:00,POINT (-81.02419 34.009005)
2025-08-18 02:53:29 UTC,sensor06,236497257,24.53,88.91,2025-08-18 10:13:12+00:00,34.00925,-81.0243,134.3,5.67,0.5,338.94,14.0,3D,2025-08-18 06:13:12-04:00,POINT (-81.0243 34.00925)
2025-08-18 02:53:34 UTC,sensor06,236497257,24.56,88.85,2025-08-18 10:13:17+00:00,34.009483,-81.024407,136.7,5.39,0.5,337.6,14.0,3D,2025-08-18 06:13:17-04:00,POINT (-81.024407 34.009483)
2025-08-18 02:53:39 UTC,sensor06,236497257,24.6,88.83,2025-08-18 10:13:22+00:00,34.009712,-81.024503,136.4,4.68,0.6,341.99,14.0,3D,2025-08-18 06:13:22-04:00,POINT (-81.024503 34.009712)
2025-08-18 02:53:49 UTC,sensor06,236497257,24.66,88.54,2025-08-18 10:13:32+00:00,34.009957,-81.024683,133.9,4.43,-0.3,351.51,14.0,3D,2025-08-18 06:13:32-04:00,POINT (-81.024683 34.009957)
2025-08-18 02:53:54 UTC,sensor06,236497257,24.7,88.38,2025-08-18 10:13:37+00:00,34.01016,-81.024772,133.8,5.17,0.2,337.59,14.0,3D,2025-08-18 06:13:37-04:00,POINT (-81.024772 34.01016)
2025-08-18 02:53:59 UTC,sensor06,236497257,24.67,88.32,2025-08-18 10:13:42+00:00,34.010393,-81.024852,135.1,5.48,0.4,339.13,14.0,3D,2025-08-18 06:13:42-04:00,POINT (-81.024852 34.010393)
2025-08-18 02:54:04 UTC,sensor06,236497257,24.63,88.36,2025-08-18 10:13:47+00:00,34.010637,-81.02494,136.2,5.51,0.3,337.92,14.0,3D,2025-08-18 06:13:47-04:00,POINT (-81.02494 34.010637)
2025-08-18 02:54:09 UTC,sensor06,236497257,24.61,88.65,2025-08-18 10:13:53+00:00,34.010937,-81.025083,134.1,5.67,0.1,0.0,14.0,3D,2025-08-18 06:13:53-04:00,POINT (-81.025083 34.010937)
2025-08-18 02:54:14 UTC,sensor06,236497257,24.62,88.65,2025-08-18 10:13:58+00:00,34.011148,-81.025167,135.5,4.47,0.2,0.0,14.0,3D,2025-08-18 06:13:58-04:00,POINT (-81.025167 34.011148)
2025-08-18 02:54:19 UTC,sensor06,236497257,24.59,88.7,2025-08-18 10:14:03+00:00,34.011282,-81.025288,136.3,3.82,0.2,0.0,14.0,3D,2025-08-18 06:14:03-04:00,POINT (-81.025288 34.011282)
2025-08-18 02:54:25 UTC,sensor06,236497257,24.6,88.8,2025-08-18 10:14:08+00:00,34.011268,-81.025522,137.8,5.08,0.3,254.48,14.0,3D,2025-08-18 06:14:08-04:00,POINT (-81.025522 34.011268)
2025-08-18 02:54:30 UTC,sensor06,236497257,24.51,88.8,2025-08-18 10:14:13+00:00,34.011172,-81.025822,139.1,5.91,0.3,249.37,14.0,3D,2025-08-18 06:14:13-04:00,POINT (-81.025822 34.011172)
2025-08-18 02:54:35 UTC,sensor06,236497257,24.46,89.0,2025-08-18 10:14:18+00:00,34.011072,-81.026152,141.1,6.34,0.5,249.89,14.0,3D,2025-08-18 06:14:18-04:00,POINT (-81.026152 34.011072)
2025-08-18 02:54:40 UTC,sensor06,236497257,24.45,89.18,2025-08-18 10:14:23+00:00,34.010968,-81.026462,143.4,6.17,0.5,249.01,14.0,3D,2025-08-18 06:14:23-04:00,POINT (-81.026462 34.010968)
2025-08-18 02:54:45 UTC,sensor06,236497257,24.44,89.28,2025-08-18 10:14:28+00:00,34.010872,-81.026723,145.2,4.85,0.0,251.04,14.0,3D,2025-08-18 06:14:28-04:00,POINT (-81.026723 34.010872)
2025-08-18 02:54:50 UTC,sensor06,236497257,24.44,89.26,2025-08-18 10:14:33+00:00,34.01098,-81.026882,147.6,5.42,0.4,337.33,14.0,3D,2025-08-18 06:14:33-04:00,POINT (-81.026882 34.01098)
2025-08-18 02:54:55 UTC,sensor06,236497257,24.46,89.28,2025-08-18 10:14:38+00:00,34.011247,-81.027,148.1,5.81,0.2,337.56,14.0,3D,2025-08-18 06:14:38-04:00,POINT (-81.027 34.011247)
2025-08-18 02:55:00 UTC,sensor06,236497257,24.47,89.3,2025-08-18 10:14:43+00:00,34.011505,-81.027145,148.0,6.27,0.0,340.25,14.0,3D,2025-08-18 06:14:43-04:00,POINT (-81.027145 34.011505)
2025-08-18 02:55:05 UTC,sensor06,236497257,24.5,89.23,2025-08-18 10:14:48+00:00,34.01172,-81.027287,147.5,5.59,-0.1,337.13,14.0,3D,2025-08-18 06:14:48-04:00,POINT (-81.027287 34.01172)
2025-08-18 02:55:10 UTC,sensor06,236497257,24.5,89.27,2025-08-18 10:14:53+00:00,34.01194,-81.027417,146.2,4.95,-0.1,346.03,14.0,3D,2025-08-18 06:14:53-04:00,POINT (-81.027417 34.01194)
2025-08-18 02:55:15 UTC,sensor06,236497257,24.5,89.2,2025-08-18 10:14:58+00:00,34.012112,-81.027268,144.9,5.49,-0.8,68.61,14.0,3D,2025-08-18 06:14:58-04:00,POINT (-81.027268 34.012112)
2025-08-18 02:55:20 UTC,sensor06,236497257,24.52,89.1,2025-08-18 10:15:03+00:00,34.012267,-81.026947,143.0,6.18,0.1,65.22,14.0,3D,2025-08-18 06:15:03-04:00,POINT (-81.026947 34.012267)
2025-08-18 02:55:25 UTC,sensor06,236497257,24.52,89.01,2025-08-18 10:15:08+00:00,34.012388,-81.026592,141.3,6.7,-0.5,70.46,14.0,3D,2025-08-18 06:15:08-04:00,POINT (-81.026592 34.012388)
2025-08-18 02:55:30 UTC,sensor06,236497257,24.47,89.1,2025-08-18 10:15:13+00:00,34.012493,-81.02625,141.5,6.05,0.0,70.78,14.0,3D,2025-08-18 06:15:13-04:00,POINT (-81.02625 34.012493)
2025-08-18 02:55:35 UTC,sensor06,236497257,24.42,89.32,2025-08-18 10:15:19+00:00,34.012667,-81.025967,142.4,5.33,0.3,0.0,14.0,3D,2025-08-18 06:15:19-04:00,POINT (-81.025967 34.012667)
2025-08-18 02:55:40 UTC,sensor06,236497257,24.32,89.54,2025-08-18 10:15:24+00:00,34.012937,-81.025997,140.6,7.77,-0.6,0.0,14.0,3D,2025-08-18 06:15:24-04:00,POINT (-81.025997 34.012937)
2025-08-18 02:55:45 UTC,sensor06,236497257,24.23,89.87,2025-08-18 10:15:29+00:00,34.013195,-81.026112,139.1,5.9,-0.1,331.36,14.0,3D,2025-08-18 06:15:29-04:00,POINT (-81.026112 34.013195)
2025-08-18 02:55:51 UTC,sensor06,236497257,24.11,90.02,2025-08-18 10:15:34+00:00,34.013452,-81.02623,137.9,5.76,-0.7,341.2,14.0,3D,2025-08-18 06:15:34-04:00,POINT (-81.02623 34.013452)
2025-08-18 02:55:56 UTC,sensor06,236497257,24.02,90.3,2025-08-18 10:15:39+00:00,34.01372,-81.02637,133.6,6.24,-0.7,337.87,14.0,3D,2025-08-18 06:15:39-04:00,POINT (-81.02637 34.01372)
2025-08-18 02:56:01 UTC,sensor06,236497257,24.0,90.68,2025-08-18 10:15:42+00:00,34.013878,-81.026438,131.0,6.05,-0.8,341.19,14.0,3D,2025-08-18 06:15:42-04:00,POINT (-81.026438 34.013878)
2025-08-18 02:56:06 UTC,sensor06,236497257,23.96,90.85,2025-08-18 10:15:49+00:00,34.014233,-81.026607,127.2,7.4,-0.5,335.13,14.0,3D,2025-08-18 06:15:49-04:00,POINT (-81.026607 34.014233)
2025-08-18 02:56:11 UTC,sensor06,236497257,23.87,91.13,2025-08-18 10:15:54+00:00,34.01455,-81.02679,121.5,8.36,-1.1,336.1,14.0,3D,2025-08-18 06:15:54-04:00,POINT (-81.02679 34.01455)
2025-08-18 02:56:16 UTC,sensor06,236497257,23.81,91.28,2025-08-18 10:15:59+00:00,34.014923,-81.026922,118.4,7.81,-1.0,341.7,14.0,3D,2025-08-18 06:15:59-04:00,POINT (-81.026922 34.014923)
2025-08-18 02:56:21 UTC,sensor06,236497257,23.79,91.37,2025-08-18 10:16:04+00:00,34.01518,-81.027007,115.8,4.53,-0.3,333.12,14.0,3D,2025-08-18 06:16:04-04:00,POINT (-81.027007 34.01518)
2025-08-18 02:56:26 UTC,sensor06,236497257,23.8,91.34,2025-08-18 10:16:09+00:00,34.015322,-81.027042,113.8,3.84,-0.2,339.62,14.0,3D,2025-08-18 06:16:09-04:00,POINT (-81.027042 34.015322)
2025-08-18 02:56:31 UTC,sensor06,236497257,23.68,91.24,2025-08-18 10:16:14+00:00,34.015523,-81.027122,112.1,5.5,-0.2,337.04,14.0,3D,2025-08-18 06:16:14-04:00,POINT (-81.027122 34.015523)
2025-08-18 02:56:36 UTC,sensor06,236497257,23.57,91.19,2025-08-18 10:16:19+00:00,34.015777,-81.027222,109.4,5.51,-0.4,336.81,14.0,3D,2025-08-18 06:16:19-04:00,POINT (-81.027222 34.015777)
2025-08-18 02:56:41 UTC,sensor06,236497257,23.5,91.58,2025-08-18 10:16:24+00:00,34.016005,-81.027305,106.6,5.3,-0.6,341.77,14.0,3D,2025-08-18 06:16:24-04:00,POINT (-81.027305 34.016005)
2025-08-18 02:56:46 UTC,sensor06,236497257,23.5,92.14,2025-08-18 10:16:29+00:00,34.01622,-81.027418,103.8,4.91,-0.7,334.55,14.0,3D,2025-08-18 06:16:29-04:00,POINT (-81.027418 34.01622)
2025-08-18 02:56:51 UTC,sensor06,236497257,23.52,92.51,2025-08-18 10:16:35+00:00,34.016497,-81.027537,102.0,5.85,-0.2,0.0,14.0,3D,2025-08-18 06:16:35-04:00,POINT (-81.027537 34.016497)
2025-08-18 02:56:56 UTC,sensor06,236497257,23.49,92.52,2025-08-18 10:16:40+00:00,34.01676,-81.027633,100.8,6.02,-0.5,0.0,14.0,3D,2025-08-18 06:16:40-04:00,POINT (-81.027633 34.01676)
2025-08-18 02:57:01 UTC,sensor06,236497257,23.42,92.61,2025-08-18 10:16:45+00:00,34.017008,-81.02771,97.3,5.76,-0.7,0.0,14.0,3D,2025-08-18 06:16:45-04:00,POINT (-81.02771 34.017008)
2025-08-18 02:57:07 UTC,sensor06,236497257,23.32,92.68,2025-08-18 10:16:50+00:00,34.017307,-81.027695,94.4,6.73,-0.7,3.92,14.0,3D,2025-08-18 06:16:50-04:00,POINT (-81.027695 34.017307)
2025-08-18 02:57:12 UTC,sensor06,236497257,23.29,92.94,2025-08-18 10:16:55+00:00,34.0176,-81.027705,92.5,6.38,-0.5,354.3,14.0,3D,2025-08-18 06:16:55-04:00,POINT (-81.027705 34.0176)
2025-08-18 02:57:17 UTC,sensor06,236497257,23.28,93.16,2025-08-18 10:17:00+00:00,34.017877,-81.027807,90.1,5.73,-0.3,330.57,14.0,3D,2025-08-18 06:17:00-04:00,POINT (-81.027807 34.017877)
2025-08-18 02:57:22 UTC,sensor06,236497257,23.28,93.25,2025-08-18 10:17:05+00:00,34.017963,-81.028045,89.0,5.1,0.2,264.3,14.0,3D,2025-08-18 06:17:05-04:00,POINT (-81.028045 34.017963)
2025-08-18 02:57:27 UTC,sensor06,236497257,23.23,92.89,2025-08-18 10:17:10+00:00,34.017903,-81.028333,89.7,6.0,0.2,254.95,14.0,3D,2025-08-18 06:17:10-04:00,POINT (-81.028333 34.017903)
2025-08-18 02:57:32 UTC,sensor06,236497257,23.17,93.05,2025-08-18 10:17:15+00:00,34.017808,-81.028655,88.4,6.14,-0.2,254.63,14.0,3D,2025-08-18 06:17:15-04:00,POINT (-81.028655 34.017808)
2025-08-18 02:57:37 UTC,sensor06,236497257,23.14,93.13,2025-08-18 10:17:20+00:00,34.017725,-81.028978,87.7,6.27,-0.2,250.75,14.0,3D,2025-08-18 06:17:20-04:00,POINT (-81.028978 34.017725)
2025-08-18 02:57:42 UTC,sensor06,236497257,23.11,93.04,2025-08-18 10:17:25+00:00,34.017608,-81.0293,86.7,5.88,-0.1,248.79,14.0,3D,2025-08-18 06:17:25-04:00,POINT (-81.0293 34.017608)
2025-08-18 02:57:47 UTC,sensor06,236497257,23.15,93.28,2025-08-18 10:17:30+00:00,34.017515,-81.029585,86.9,4.84,0.0,251.54,14.0,3D,2025-08-18 06:17:30-04:00,POINT (-81.029585 34.017515)
2025-08-18 02:57:52 UTC,sensor06,236497257,23.19,93.4,2025-08-18 10:17:35+00:00,34.01739,-81.029698,86.8,3.94,0.2,185.06,14.0,3D,2025-08-18 06:17:35-04:00,POINT (-81.029698 34.01739)
2025-08-18 02:57:57 UTC,sensor06,236497257,23.17,93.42,2025-08-18 10:17:40+00:00,34.017235,-81.02979,87.7,4.49,0.2,246.92,14.0,3D,2025-08-18 06:17:40-04:00,POINT (-81.02979 34.017235)
2025-08-18 02:58:02 UTC,sensor06,236497257,23.21,93.47,2025-08-18 10:17:43+00:00,34.017195,-81.029948,88.5,5.42,0.4,255.64,14.0,3D,2025-08-18 06:17:43-04:00,POINT (-81.029948 34.017195)
2025-08-18 02:58:07 UTC,sensor06,236497257,23.42,93.59,2025-08-18 10:17:48+00:00,34.017123,-81.030242,88.9,5.64,0.2,254.96,20.0,3D,2025-08-18 06:17:48-04:00,POINT (-81.030242 34.017123)
2025-08-18 02:58:12 UTC,sensor06,236497257,23.6,93.43,2025-08-18 10:17:54+00:00,34.01703,-81.03059,90.1,5.5,0.2,249.44,20.0,3D,2025-08-18 06:17:54-04:00,POINT (-81.03059 34.01703)
2025-08-18 02:58:17 UTC,sensor06,236497257,23.76,92.98,2025-08-18 10:18:01+00:00,34.016897,-81.031017,90.6,6.01,0.09,0.0,20.0,3D,2025-08-18 06:18:01-04:00,POINT (-81.031017 34.016897)
2025-08-18 02:58:22 UTC,sensor06,236497257,23.86,92.58,2025-08-18 10:18:04+00:00,34.016852,-81.031205,90.5,6.13,0.0,0.0,14.0,3D,2025-08-18 06:18:04-04:00,POINT (-81.031205 34.016852)
2025-08-18 02:58:28 UTC,sensor06,236497257,23.97,92.18,2025-08-18 10:18:11+00:00,34.016757,-81.031598,91.1,4.56,0.1,0.0,8.0,3D,2025-08-18 06:18:11-04:00,POINT (-81.031598 34.016757)
2025-08-18 02:58:33 UTC,sensor06,236497257,23.96,92.06,2025-08-18 10:18:16+00:00,34.016702,-81.031855,92.0,5.2,0.3,0.0,12.0,3D,2025-08-18 06:18:16-04:00,POINT (-81.031855 34.016702)
2025-08-18 02:58:38 UTC,sensor06,236497257,23.94,91.97,2025-08-18 10:18:21+00:00,34.016617,-81.032157,92.7,6.11,0.0,0.0,14.0,3D,2025-08-18 06:18:21-04:00,POINT (-81.032157 34.016617)
2025-08-18 02:58:43 UTC,sensor06,236497257,23.95,91.97,2025-08-18 10:18:26+00:00,34.01652,-81.032442,93.3,5.55,0.1,0.0,14.0,3D,2025-08-18 06:18:26-04:00,POINT (-81.032442 34.01652)
2025-08-18 02:58:48 UTC,sensor06,236497257,23.94,91.97,2025-08-18 10:18:31+00:00,34.016398,-81.03269,93.8,4.61,0.2,248.24,14.0,3D,2025-08-18 06:18:31-04:00,POINT (-81.03269 34.016398)
2025-08-18 02:58:53 UTC,sensor06,236497257,23.91,92.01,2025-08-18 10:18:36+00:00,34.01641,-81.032907,95.2,4.72,0.3,318.64,14.0,3D,2025-08-18 06:18:36-04:00,POINT (-81.032907 34.01641)
2025-08-18 02:58:58 UTC,sensor06,236497257,23.88,92.07,2025-08-18 10:18:41+00:00,34.016638,-81.033005,96.7,5.37,0.5,340.03,14.0,3D,2025-08-18 06:18:41-04:00,POINT (-81.033005 34.016638)
2025-08-18 02:59:03 UTC,sensor06,236497257,23.87,92.14,2025-08-18 10:18:46+00:00,34.016883,-81.033085,98.8,5.64,0.3,344.76,14.0,3D,2025-08-18 06:18:46-04:00,POINT (-81.033085 34.016883)
2025-08-18 02:59:08 UTC,sensor06,236497257,23.91,92.06,2025-08-18 10:18:51+00:00,34.017118,-81.03319,99.8,6.01,0.2,339.08,14.0,3D,2025-08-18 06:18:51-04:00,POINT (-81.03319 34.017118)
2025-08-18 02:59:13 UTC,sensor06,236497257,23.88,92.08,2025-08-18 10:18:56+00:00,34.017347,-81.033298,100.5,5.19,0.0,335.93,14.0,3D,2025-08-18 06:18:56-04:00,POINT (-81.033298 34.017347)
2025-08-18 02:59:18 UTC,sensor06,236497257,23.92,92.08,2025-08-18 10:19:01+00:00,34.017402,-81.033542,101.3,4.49,0.1,249.89,13.0,3D,2025-08-18 06:19:01-04:00,POINT (-81.033542 34.017402)
2025-08-18 02:59:23 UTC,sensor06,236497257,23.93,92.04,2025-08-18 10:19:06+00:00,34.017335,-81.033797,101.0,5.5,-0.1,248.23,13.0,3D,2025-08-18 06:19:06-04:00,POINT (-81.033797 34.017335)
2025-08-18 02:59:28 UTC,sensor06,236497257,23.94,92.02,2025-08-18 10:19:11+00:00,34.017295,-81.034103,100.3,4.98,0.0,264.34,13.0,3D,2025-08-18 06:19:11-04:00,POINT (-81.034103 34.017295)
2025-08-18 02:59:33 UTC,sensor06,236497257,23.92,91.95,2025-08-18 10:19:16+00:00,34.017278,-81.034343,102.1,3.83,0.3,291.29,13.0,3D,2025-08-18 06:19:16-04:00,POINT (-81.034343 34.017278)
2025-08-18 02:59:38 UTC,sensor06,236497257,23.96,91.96,2025-08-18 10:19:21+00:00,34.017492,-81.03449,102.6,6.02,0.0,339.71,13.0,3D,2025-08-18 06:19:21-04:00,POINT (-81.03449 34.017492)
2025-08-18 02:59:43 UTC,sensor06,236497257,23.97,91.86,2025-08-18 10:19:27+00:00,34.017813,-81.034642,101.7,7.07,-0.1,0.0,13.0,3D,2025-08-18 06:19:27-04:00,POINT (-81.034642 34.017813)
2025-08-18 02:59:48 UTC,sensor06,236497257,24.02,91.78,2025-08-18 10:19:32+00:00,34.018053,-81.034757,101.7,4.12,0.2,0.0,13.0,3D,2025-08-18 06:19:32-04:00,POINT (-81.034757 34.018053)
2025-08-18 02:59:53 UTC,sensor06,236497257,24.01,91.69,2025-08-18 10:19:37+00:00,34.018207,-81.034653,101.2,4.63,-0.2,62.12,13.0,3D,2025-08-18 06:19:37-04:00,POINT (-81.034653 34.018207)
2025-08-18 02:59:59 UTC,sensor06,236497257,24.03,91.66,2025-08-18 10:19:42+00:00,34.018325,-81.034403,101.6,5.3,0.3,74.03,13.0,3D,2025-08-18 06:19:42-04:00,POINT (-81.034403 34.018325)
2025-08-18 03:00:04 UTC,sensor06,236497257,24.01,91.57,2025-08-18 10:19:44+00:00,34.018357,-81.034303,101.8,5.05,0.1,73.66,13.0,3D,2025-08-18 06:19:44-04:00,POINT (-81.034303 34.018357)
2025-08-18 03:00:09 UTC,sensor06,236497257,24.02,91.54,2025-08-18 10:19:49+00:00,34.018435,-81.033942,102.5,6.13,0.2,72.41,13.0,3D,2025-08-18 06:19:49-04:00,POINT (-81.033942 34.018435)
2025-08-18 03:00:14 UTC,sensor06,236497257,24.02,91.72,2025-08-18 10:19:55+00:00,34.01857,-81.033533,103.8,6.09,-0.4,67.32,13.0,3D,2025-08-18 06:19:55-04:00,POINT (-81.033533 34.01857)
2025-08-18 03:00:19 UTC,sensor06,236497257,24.03,91.74,2025-08-18 10:20:02+00:00,34.018728,-81.033065,103.8,5.88,0.0,70.57,13.0,3D,2025-08-18 06:20:02-04:00,POINT (-81.033065 34.018728)
2025-08-18 03:00:24 UTC,sensor06,236497257,24.09,91.53,2025-08-18 10:20:07+00:00,34.018807,-81.032732,103.3,6.73,0.0,75.72,13.0,3D,2025-08-18 06:20:07-04:00,POINT (-81.032732 34.018807)
2025-08-18 03:00:29 UTC,sensor06,236497257,24.03,91.43,2025-08-18 10:20:12+00:00,34.018878,-81.032388,101.7,6.92,-0.7,69.55,13.0,3D,2025-08-18 06:20:12-04:00,POINT (-81.032388 34.018878)
2025-08-18 03:00:34 UTC,sensor06,236497257,23.93,91.47,2025-08-18 10:20:17+00:00,34.018973,-81.031993,100.0,7.76,-0.7,75.53,13.0,3D,2025-08-18 06:20:17-04:00,POINT (-81.031993 34.018973)
2025-08-18 03:00:39 UTC,sensor06,236497257,23.97,91.67,2025-08-18 10:20:22+00:00,34.019098,-81.031553,99.3,7.76,-0.4,68.05,13.0,3D,2025-08-18 06:20:22-04:00,POINT (-81.031553 34.019098)
2025-08-18 03:00:44 UTC,sensor06,236497257,23.93,91.62,2025-08-18 10:20:27+00:00,34.019183,-81.031167,98.9,7.36,-0.1,70.8,13.0,3D,2025-08-18 06:20:27-04:00,POINT (-81.031167 34.019183)
2025-08-18 03:00:49 UTC,sensor06,236497257,23.89,91.62,2025-08-18 10:20:32+00:00,34.019293,-81.030803,98.7,6.78,-0.1,69.23,13.0,3D,2025-08-18 06:20:32-04:00,POINT (-81.030803 34.019293)
2025-08-18 03:00:54 UTC,sensor06,236497257,23.79,91.62,2025-08-18 10:20:37+00:00,34.019395,-81.030415,98.5,7.02,0.1,71.43,13.0,3D,2025-08-18 06:20:37-04:00,POINT (-81.030415 34.019395)
2025-08-18 03:00:59 UTC,sensor06,236497257,23.77,91.76,2025-08-18 10:20:42+00:00,34.01948,-81.030075,98.3,6.56,-0.2,78.79,13.0,3D,2025-08-18 06:20:42-04:00,POINT (-81.030075 34.01948)
2025-08-18 03:01:04 UTC,sensor06,236497257,23.72,91.63,2025-08-18 10:20:47+00:00,34.019675,-81.029713,99.2,6.65,0.4,68.82,13.0,3D,2025-08-18 06:20:47-04:00,POINT (-81.029713 34.019675)
2025-08-18 03:01:09 UTC,sensor06,236497257,23.67,91.83,2025-08-18 10:20:52+00:00,34.019825,-81.029375,100.2,6.42,0.0,66.34,13.0,3D,2025-08-18 06:20:52-04:00,POINT (-81.029375 34.019825)
2025-08-18 03:01:14 UTC,sensor06,236497257,23.64,92.06,2025-08-18 10:20:57+00:00,34.01994,-81.029137,100.6,4.69,-0.8,49.36,13.0,3D,2025-08-18 06:20:57-04:00,POINT (-81.029137 34.01994)
2025-08-18 03:01:19 UTC,sensor06,236497257,23.57,92.22,2025-08-18 10:21:02+00:00,34.020158,-81.029152,101.2,6.5,-0.1,342.51,13.0,3D,2025-08-18 06:21:02-04:00,POINT (-81.029152 34.020158)
2025-08-18 03:01:24 UTC,sensor06,236497257,23.49,92.45,2025-08-18 10:21:08+00:00,34.020463,-81.02934,104.7,6.07,0.9,0.0,13.0,3D,2025-08-18 06:21:08-04:00,POINT (-81.02934 34.020463)
2025-08-18 03:01:29 UTC,sensor06,236497257,23.51,92.6,2025-08-18 10:21:13+00:00,34.020712,-81.029437,107.5,7.03,0.5,351.12,13.0,3D,2025-08-18 06:21:13-04:00,POINT (-81.029437 34.020712)
2025-08-18 03:01:35 UTC,sensor06,236497257,23.5,92.61,2025-08-18 10:21:18+00:00,34.020973,-81.029492,109.6,6.73,0.3,347.74,13.0,3D,2025-08-18 06:21:18-04:00,POINT (-81.029492 34.020973)
2025-08-18 03:01:40 UTC,sensor06,236497257,23.46,92.59,2025-08-18 10:21:23+00:00,34.021252,-81.029678,105.0,6.83,-0.6,337.89,13.0,3D,2025-08-18 06:21:23-04:00,POINT (-81.029678 34.021252)
2025-08-18 03:01:45 UTC,sensor06,236497257,23.37,92.65,2025-08-18 10:21:28+00:00,34.021492,-81.029867,100.0,6.73,-0.4,321.72,13.0,3D,2025-08-18 06:21:28-04:00,POINT (-81.029867 34.021492)
2025-08-18 03:01:50 UTC,sensor06,236497257,23.28,92.73,2025-08-18 10:21:33+00:00,34.021725,-81.030137,96.1,6.53,-0.7,315.41,13.0,3D,2025-08-18 06:21:33-04:00,POINT (-81.030137 34.021725)
2025-08-18 03:01:55 UTC,sensor06,236497257,23.24,93.11,2025-08-18 10:21:38+00:00,34.02193,-81.030415,93.5,6.74,-0.4,304.7,13.0,3D,2025-08-18 06:21:38-04:00,POINT (-81.030415 34.02193)
2025-08-18 03:02:00 UTC,sensor06,236497257,23.2,93.12,2025-08-18 10:21:43+00:00,34.02212,-81.030673,92.0,6.51,-0.6,309.62,13.0,3D,2025-08-18 06:21:43-04:00,POINT (-81.030673 34.02212)
2025-08-18 03:02:05 UTC,sensor06,236497257,23.21,93.21,2025-08-18 10:21:45+00:00,34.022192,-81.03078,91.4,6.15,-0.2,0.0,13.0,3D,2025-08-18 06:21:45-04:00,POINT (-81.03078 34.022192)
2025-08-18 03:02:10 UTC,sensor06,236497257,23.18,93.19,2025-08-18 10:21:53+00:00,34.02243,-81.031113,89.4,3.81,-0.3,311.52,13.0,3D,2025-08-18 06:21:53-04:00,POINT (-81.031113 34.02243)
2025-08-18 03:02:25 UTC,sensor06,236497257,23.14,92.85,2025-08-18 10:22:08+00:00,34.02251,-81.031307,88.1,3.53,-0.2,244.73,13.0,3D,2025-08-18 06:22:08-04:00,POINT (-81.031307 34.02251)
2025-08-18 03:02:30 UTC,sensor06,236497257,23.11,93.05,2025-08-18 10:22:13+00:00,34.022355,-81.031523,87.8,5.76,-0.1,225.83,13.0,3D,2025-08-18 06:22:13-04:00,POINT (-81.031523 34.022355)
2025-08-18 03:02:35 UTC,sensor06,236497257,23.15,93.46,2025-08-18 10:22:18+00:00,34.022133,-81.031772,87.4,7.24,-0.2,228.95,13.0,3D,2025-08-18 06:22:18-04:00,POINT (-81.031772 34.022133)
2025-08-18 03:02:40 UTC,sensor06,236497257,23.23,93.49,2025-08-18 10:22:23+00:00,34.021952,-81.032063,87.8,7.29,0.1,227.56,13.0,3D,2025-08-18 06:22:23-04:00,POINT (-81.032063 34.021952)
2025-08-18 03:02:45 UTC,sensor06,236497257,23.27,93.36,2025-08-18 10:22:29+00:00,34.021702,-81.032412,88.7,6.86,0.2,0.0,13.0,3D,2025-08-18 06:22:29-04:00,POINT (-81.032412 34.021702)
2025-08-18 03:02:50 UTC,sensor06,236497257,23.39,93.32,2025-08-18 10:22:34+00:00,34.021498,-81.032668,89.8,6.75,0.2,0.0,13.0,3D,2025-08-18 06:22:34-04:00,POINT (-81.032668 34.021498)
2025-08-18 03:02:55 UTC,sensor06,236497257,23.44,93.42,2025-08-18 10:22:39+00:00,34.021292,-81.032945,90.9,6.52,0.2,0.0,13.0,3D,2025-08-18 06:22:39-04:00,POINT (-81.032945 34.021292)
2025-08-18 03:03:00 UTC,sensor06,236497257,23.52,93.35,2025-08-18 10:22:44+00:00,34.021097,-81.033212,92.2,6.52,0.3,224.96,13.0,3D,2025-08-18 06:22:44-04:00,POINT (-81.033212 34.021097)
2025-08-18 03:03:06 UTC,sensor06,236497257,23.46,93.2,2025-08-18 10:22:49+00:00,34.020898,-81.033518,92.7,7.02,-0.1,229.25,13.0,3D,2025-08-18 06:22:49-04:00,POINT (-81.033518 34.020898)
2025-08-18 03:03:11 UTC,sensor06,236497257,23.54,93.24,2025-08-18 10:22:54+00:00,34.020702,-81.033827,93.2,6.83,0.0,229.24,13.0,3D,2025-08-18 06:22:54-04:00,POINT (-81.033827 34.020702)
2025-08-18 03:03:16 UTC,sensor06,236497257,23.56,93.2,2025-08-18 10:22:59+00:00,34.020503,-81.034113,93.9,6.62,0.0,228.18,13.0,3D,2025-08-18 06:22:59-04:00,POINT (-81.034113 34.020503)
2025-08-18 03:03:21 UTC,sensor06,236497257,23.6,93.17,2025-08-18 10:23:04+00:00,34.020295,-81.03439,94.1,7.34,-0.4,228.19,13.0,3D,2025-08-18 06:23:04-04:00,POINT (-81.03439 34.020295)
2025-08-18 03:03:26 UTC,sensor06,236497257,23.64,93.04,2025-08-18 10:23:09+00:00,34.020072,-81.034698,94.0,7.6,-0.3,228.13,13.0,3D,2025-08-18 06:23:09-04:00,POINT (-81.034698 34.020072)
2025-08-18 03:03:31 UTC,sensor06,236497257,23.65,92.99,2025-08-18 10:23:14+00:00,34.019865,-81.03499,94.2,6.34,0.1,226.97,13.0,3D,2025-08-18 06:23:14-04:00,POINT (-81.03499 34.019865)
2025-08-18 03:03:36 UTC,sensor06,236497257,23.63,92.84,2025-08-18 10:23:19+00:00,34.019698,-81.035238,95.9,6.14,0.4,227.58,13.0,3D,2025-08-18 06:23:19-04:00,POINT (-81.035238 34.019698)
2025-08-18 03:03:41 UTC,sensor06,236497257,23.67,92.81,2025-08-18 10:23:24+00:00,34.01953,-81.03547,97.2,4.85,0.4,229.29,13.0,3D,2025-08-18 06:23:24-04:00,POINT (-81.03547 34.01953)
2025-08-18 03:03:46 UTC,sensor06,236497257,23.65,92.79,2025-08-18 10:23:29+00:00,34.01942,-81.035633,98.5,3.42,0.3,229.68,13.0,3D,2025-08-18 06:23:29-04:00,POINT (-81.035633 34.01942)
2025-08-18 03:04:01 UTC,sensor06,236497257,23.85,92.87,2025-08-18 10:23:44+00:00,34.019253,-81.035935,96.9,4.14,-0.3,233.52,13.0,3D,2025-08-18 06:23:44-04:00,POINT (-81.035935 34.019253)
2025-08-18 03:04:06 UTC,sensor06,236497257,23.97,92.48,2025-08-18 10:23:49+00:00,34.019045,-81.036077,95.6,7.01,-0.25,187.9,13.0,3D,2025-08-18 06:23:49-04:00,POINT (-81.036077 34.019045)
2025-08-18 03:04:11 UTC,sensor06,236497257,23.91,91.92,2025-08-18 10:23:54+00:00,34.018657,-81.035947,93.7,10.19,-0.5,160.53,13.0,3D,2025-08-18 06:23:54-04:00,POINT (-81.035947 34.018657)
2025-08-18 03:04:16 UTC,sensor06,236497257,23.86,91.88,2025-08-18 10:24:00+00:00,34.018115,-81.035725,91.9,9.74,-0.2,0.0,13.0,3D,2025-08-18 06:24:00-04:00,POINT (-81.035725 34.018115)
2025-08-18 03:04:21 UTC,sensor06,236497257,23.81,91.9,2025-08-18 10:24:05+00:00,34.017667,-81.035567,91.4,10.18,-0.2,0.0,13.0,3D,2025-08-18 06:24:05-04:00,POINT (-81.035567 34.017667)
2025-08-18 03:04:26 UTC,sensor06,236497257,23.8,92.0,2025-08-18 10:24:10+00:00,34.017257,-81.035395,91.3,9.09,0.0,160.52,13.0,3D,2025-08-18 06:24:10-04:00,POINT (-81.035395 34.017257)
2025-08-18 03:04:32 UTC,sensor06,236497257,23.79,92.1,2025-08-18 10:24:15+00:00,34.016887,-81.035237,92.6,8.28,0.6,159.8,13.0,3D,2025-08-18 06:24:15-04:00,POINT (-81.035237 34.016887)
2025-08-18 03:04:37 UTC,sensor06,236497257,23.79,92.17,2025-08-18 10:24:20+00:00,34.01658,-81.035127,93.5,6.16,0.5,168.0,13.0,3D,2025-08-18 06:24:20-04:00,POINT (-81.035127 34.01658)
2025-08-18 03:04:42 UTC,sensor06,236497257,23.83,92.22,2025-08-18 10:24:25+00:00,34.01632,-81.035003,94.7,6.41,0.2,161.36,13.0,3D,2025-08-18 06:24:25-04:00,POINT (-81.035003 34.01632)
2025-08-18 03:04:47 UTC,sensor06,236497257,23.84,92.1,2025-08-18 10:24:30+00:00,34.016053,-81.034888,95.8,5.93,0.1,162.63,13.0,3D,2025-08-18 06:24:30-04:00,POINT (-81.034888 34.016053)
2025-08-18 03:04:52 UTC,sensor06,236497257,23.8,92.14,2025-08-18 10:24:35+00:00,34.01583,-81.03478,96.8,5.56,0.2,157.38,13.0,3D,2025-08-18 06:24:35-04:00,POINT (-81.03478 34.01583)
2025-08-18 03:04:57 UTC,sensor06,236497257,23.78,92.14,2025-08-18 10:24:40+00:00,34.01561,-81.034655,98.6,4.37,0.9,157.68,13.0,3D,2025-08-18 06:24:40-04:00,POINT (-81.034655 34.01561)
2025-08-18 03:05:02 UTC,sensor06,236497257,23.83,92.18,2025-08-18 10:24:45+00:00,34.015463,-81.034592,100.8,3.29,0.3,160.58,13.0,3D,2025-08-18 06:24:45-04:00,POINT (-81.034592 34.015463)
2025-08-18 03:05:07 UTC,sensor06,236497257,23.84,92.13,2025-08-18 10:24:50+00:00,34.015297,-81.034517,102.9,4.17,0.4,159.3,13.0,3D,2025-08-18 06:24:50-04:00,POINT (-81.034517 34.015297)
2025-08-18 03:05:12 UTC,sensor06,236497257,23.84,92.08,2025-08-18 10:24:55+00:00,34.015117,-81.03444,104.8,4.6,0.5,158.6,13.0,3D,2025-08-18 06:24:55-04:00,POINT (-81.03444 34.015117)
2025-08-18 03:05:17 UTC,sensor06,236497257,23.87,92.0,2025-08-18 10:25:00+00:00,34.014963,-81.03438,105.1,2.88,0.0,158.03,13.0,3D,2025-08-18 06:25:00-04:00,POINT (-81.03438 34.014963)
2025-08-18 03:06:23 UTC,sensor06,236497257,23.89,92.01,2025-08-18 10:26:06+00:00,34.014752,-81.034327,96.3,4.91,0.2,155.71,13.0,3D,2025-08-18 06:26:06-04:00,POINT (-81.034327 34.014752)
2025-08-18 03:06:28 UTC,sensor06,236497257,23.95,91.85,2025-08-18 10:26:11+00:00,34.014555,-81.034203,95.7,3.45,0.0,136.86,13.0,3D,2025-08-18 06:26:11-04:00,POINT (-81.034203 34.014555)
2025-08-18 03:06:33 UTC,sensor06,236497257,23.99,91.73,2025-08-18 10:26:16+00:00,34.014353,-81.034042,94.0,4.59,-0.1,159.22,13.0,3D,2025-08-18 06:26:16-04:00,POINT (-81.034042 34.014353)
2025-08-18 03:06:38 UTC,sensor06,236497257,23.98,91.63,2025-08-18 10:26:21+00:00,34.014188,-81.033958,93.5,3.49,0.0,156.04,13.0,3D,2025-08-18 06:26:21-04:00,POINT (-81.033958 34.014188)
2025-08-18 03:06:43 UTC,sensor06,236497257,23.97,91.57,2025-08-18 10:26:26+00:00,34.014015,-81.033895,92.8,4.13,-0.2,160.86,13.0,3D,2025-08-18 06:26:26-04:00,POINT (-81.033895 34.014015)
2025-08-18 03:06:48 UTC,sensor06,236497257,24.0,91.57,2025-08-18 10:26:31+00:00,34.013843,-81.033815,91.6,3.75,-0.3,159.53,13.0,3D,2025-08-18 06:26:31-04:00,POINT (-81.033815 34.013843)
2025-08-18 03:06:53 UTC,sensor06,236497257,24.04,91.5,2025-08-18 10:26:37+00:00,34.01365,-81.033743,90.1,3.75,-0.2,0.0,13.0,3D,2025-08-18 06:26:37-04:00,POINT (-81.033743 34.01365)
2025-08-18 03:06:58 UTC,sensor06,236497257,24.03,91.44,2025-08-18 10:26:42+00:00,34.013523,-81.033692,89.4,2.3,-0.1,0.0,13.0,3D,2025-08-18 06:26:42-04:00,POINT (-81.033692 34.013523)
2025-08-18 03:07:14 UTC,sensor06,236497257,24.17,91.39,2025-08-18 10:26:57+00:00,34.013378,-81.033535,91.0,5.17,0.4,72.06,13.0,3D,2025-08-18 06:26:57-04:00,POINT (-81.033535 34.013378)
2025-08-18 03:07:19 UTC,sensor06,236497257,24.28,91.06,2025-08-18 10:27:02+00:00,34.013485,-81.033198,90.9,7.14,-0.2,69.89,13.0,3D,2025-08-18 06:27:02-04:00,POINT (-81.033198 34.013485)
2025-08-18 03:07:24 UTC,sensor06,236497257,24.36,90.69,2025-08-18 10:27:07+00:00,34.013615,-81.03281,90.3,7.88,0.1,67.81,13.0,3D,2025-08-18 06:27:07-04:00,POINT (-81.03281 34.013615)
2025-08-18 03:07:29 UTC,sensor06,236497257,24.4,90.51,2025-08-18 10:27:12+00:00,34.01375,-81.032427,89.3,7.52,-0.2,68.41,13.0,3D,2025-08-18 06:27:12-04:00,POINT (-81.032427 34.01375)
2025-08-18 03:07:34 UTC,sensor06,236497257,24.4,90.38,2025-08-18 10:27:17+00:00,34.013877,-81.032037,88.3,7.6,-0.3,67.38,13.0,3D,2025-08-18 06:27:17-04:00,POINT (-81.032037 34.013877)
2025-08-18 03:07:39 UTC,sensor06,236497257,24.36,90.39,2025-08-18 10:27:22+00:00,34.014023,-81.031667,86.7,7.29,-0.3,67.08,13.0,3D,2025-08-18 06:27:22-04:00,POINT (-81.031667 34.014023)
2025-08-18 03:07:44 UTC,sensor06,236497257,24.28,90.49,2025-08-18 10:27:27+00:00,34.014132,-81.031307,87.3,6.8,0.2,72.63,13.0,3D,2025-08-18 06:27:27-04:00,POINT (-81.031307 34.014132)
2025-08-18 03:07:49 UTC,sensor06,236497257,24.26,90.68,2025-08-18 10:27:32+00:00,34.014245,-81.03094,87.8,6.76,0.0,64.86,13.0,3D,2025-08-18 06:27:32-04:00,POINT (-81.03094 34.014245)
2025-08-18 03:07:54 UTC,sensor06,236497257,24.23,90.9,2025-08-18 10:27:37+00:00,34.014345,-81.030575,88.6,7.45,0.1,69.38,13.0,3D,2025-08-18 06:27:37-04:00,POINT (-81.030575 34.014345)
2025-08-18 03:07:59 UTC,sensor06,236497257,24.2,90.89,2025-08-18 10:27:42+00:00,34.01448,-81.030183,88.5,8.18,-0.3,68.46,13.0,3D,2025-08-18 06:27:42-04:00,POINT (-81.030183 34.01448)
2025-08-18 03:08:04 UTC,sensor06,236497257,24.13,90.93,2025-08-18 10:27:45+00:00,34.01456,-81.029948,87.3,7.87,-0.3,69.61,13.0,3D,2025-08-18 06:27:45-04:00,POINT (-81.029948 34.01456)
2025-08-18 03:08:09 UTC,sensor06,236497257,24.03,91.09,2025-08-18 10:27:49+00:00,34.014652,-81.029593,86.1,8.45,-0.3,68.61,13.0,3D,2025-08-18 06:27:49-04:00,POINT (-81.029593 34.014652)
2025-08-18 03:08:14 UTC,sensor06,236497257,24.04,91.27,2025-08-18 10:27:57+00:00,34.01488,-81.028988,83.4,6.33,-0.2,72.52,13.0,3D,2025-08-18 06:27:57-04:00,POINT (-81.028988 34.01488)
2025-08-18 03:08:19 UTC,sensor06,236497257,24.04,91.33,2025-08-18 10:28:02+00:00,34.014873,-81.028675,82.7,5.83,0.2,123.27,13.0,3D,2025-08-18 06:28:02-04:00,POINT (-81.028675 34.014873)
2025-08-18 03:08:24 UTC,sensor06,236497257,24.03,91.31,2025-08-18 10:28:08+00:00,34.014452,-81.028553,82.6,7.59,0.1,0.0,13.0,3D,2025-08-18 06:28:08-04:00,POINT (-81.028553 34.014452)
2025-08-18 03:08:29 UTC,sensor06,236497257,23.98,91.38,2025-08-18 10:28:13+00:00,34.014128,-81.028418,82.4,8.02,-0.1,0.0,13.0,3D,2025-08-18 06:28:13-04:00,POINT (-81.028418 34.014128)
2025-08-18 03:08:34 UTC,sensor06,236497257,23.94,91.55,2025-08-18 10:28:18+00:00,34.013815,-81.028285,82.7,7.32,-0.1,165.38,13.0,3D,2025-08-18 06:28:18-04:00,POINT (-81.028285 34.013815)
2025-08-18 03:08:40 UTC,sensor06,236497257,23.97,91.57,2025-08-18 10:28:23+00:00,34.0135,-81.028143,82.4,6.69,-0.1,164.15,13.0,3D,2025-08-18 06:28:23-04:00,POINT (-81.028143 34.0135)
2025-08-18 03:08:45 UTC,sensor06,236497257,23.95,91.48,2025-08-18 10:28:28+00:00,34.01317,-81.027945,83.9,7.19,0.5,161.88,13.0,3D,2025-08-18 06:28:28-04:00,POINT (-81.027945 34.01317)
2025-08-18 03:08:50 UTC,sensor06,236497257,24.0,91.53,2025-08-18 10:28:33+00:00,34.01292,-81.027827,83.8,4.9,0.0,157.21,13.0,3D,2025-08-18 06:28:33-04:00,POINT (-81.027827 34.01292)
2025-08-18 03:08:55 UTC,sensor06,236497257,24.01,91.42,2025-08-18 10:28:38+00:00,34.012747,-81.027677,83.5,4.9,-0.1,135.55,12.0,3D,2025-08-18 06:28:38-04:00,POINT (-81.027677 34.012747)
2025-08-18 03:09:00 UTC,sensor06,236497257,24.06,91.38,2025-08-18 10:28:43+00:00,34.012638,-81.027478,84.1,4.7,0.1,114.34,13.0,3D,2025-08-18 06:28:43-04:00,POINT (-81.027478 34.012638)
2025-08-18 03:09:05 UTC,sensor06,236497257,24.11,91.31,2025-08-18 10:28:48+00:00,34.012548,-81.027255,83.9,4.36,0.0,114.09,13.0,3D,2025-08-18 06:28:48-04:00,POINT (-81.027255 34.012548)
2025-08-18 03:09:10 UTC,sensor06,236497257,24.12,91.18,2025-08-18 10:28:53+00:00,34.0125,-81.027063,84.0,3.26,0.1,115.0,13.0,3D,2025-08-18 06:28:53-04:00,POINT (-81.027063 34.0125)
2025-08-18 03:12:21 UTC,sensor06,236497257,24.08,91.11,2025-08-18 10:32:05+00:00,34.012463,-81.026952,93.4,3.66,0.1,0.0,13.0,3D,2025-08-18 06:32:05-04:00,POINT (-81.026952 34.012463)
2025-08-18 03:12:26 UTC,sensor06,236497257,24.17,91.11,2025-08-18 10:32:10+00:00,34.012372,-81.027177,94.3,5.0,0.4,0.0,13.0,3D,2025-08-18 06:32:10-04:00,POINT (-81.027177 34.012372)
2025-08-18 03:12:31 UTC,sensor06,236497257,24.15,91.03,2025-08-18 10:32:15+00:00,34.012272,-81.027385,94.4,4.15,0.1,228.51,13.0,3D,2025-08-18 06:32:15-04:00,POINT (-81.027385 34.012272)
2025-08-18 03:12:36 UTC,sensor06,236497257,24.16,91.02,2025-08-18 10:32:20+00:00,34.012092,-81.027462,93.9,3.62,0.1,182.94,13.0,3D,2025-08-18 06:32:20-04:00,POINT (-81.027462 34.012092)
2025-08-18 03:12:42 UTC,sensor06,236497257,24.17,90.96,2025-08-18 10:32:25+00:00,34.011905,-81.02739,94.3,4.71,0.0,161.67,13.0,3D,2025-08-18 06:32:25-04:00,POINT (-81.02739 34.011905)
2025-08-18 03:12:47 UTC,sensor06,236497257,24.17,91.05,2025-08-18 10:32:30+00:00,34.011673,-81.0273,94.1,4.89,0.1,157.3,13.0,3D,2025-08-18 06:32:30-04:00,POINT (-81.0273 34.011673)
2025-08-18 03:12:52 UTC,sensor06,236497257,24.15,90.97,2025-08-18 10:32:35+00:00,34.011478,-81.02722,94.4,4.29,0.0,159.31,13.0,3D,2025-08-18 06:32:35-04:00,POINT (-81.02722 34.011478)
2025-08-18 03:12:57 UTC,sensor06,236497257,24.2,90.99,2025-08-18 10:32:40+00:00,34.011292,-81.027128,95.3,4.53,0.2,154.81,13.0,3D,2025-08-18 06:32:40-04:00,POINT (-81.027128 34.011292)
2025-08-18 03:13:02 UTC,sensor06,236497257,24.16,90.94,2025-08-18 10:32:45+00:00,34.011112,-81.027035,95.9,3.08,0.2,159.25,13.0,3D,2025-08-18 06:32:45-04:00,POINT (-81.027035 34.011112)
2025-08-18 03:13:07 UTC,sensor06,236497257,24.17,90.94,2025-08-18 10:32:50+00:00,34.010973,-81.02696,96.2,2.65,0.1,155.22,13.0,3D,2025-08-18 06:32:50-04:00,POINT (-81.02696 34.010973)
2025-08-18 03:13:12 UTC,sensor06,236497257,24.2,90.9,2025-08-18 10:32:55+00:00,34.010847,-81.026875,96.8,3.07,0.1,135.77,13.0,3D,2025-08-18 06:32:55-04:00,POINT (-81.026875 34.010847)
2025-08-18 03:13:17 UTC,sensor06,236497257,24.22,90.8,2025-08-18 10:33:00+00:00,34.010892,-81.026662,97.8,5.29,0.2,68.99,13.0,3D,2025-08-18 06:33:00-04:00,POINT (-81.026662 34.010892)
2025-08-18 03:13:22 UTC,sensor06,236497257,24.26,90.76,2025-08-18 10:33:05+00:00,34.010992,-81.026347,98.2,6.64,0.1,67.75,13.0,3D,2025-08-18 06:33:05-04:00,POINT (-81.026347 34.010992)
2025-08-18 03:13:27 UTC,sensor06,236497257,24.24,90.49,2025-08-18 10:33:10+00:00,34.011095,-81.026047,99.2,5.97,0.3,72.43,13.0,3D,2025-08-18 06:33:10-04:00,POINT (-81.026047 34.011095)
2025-08-18 03:13:32 UTC,sensor06,236497257,24.2,90.52,2025-08-18 10:33:15+00:00,34.01118,-81.02574,100.8,5.7,0.2,71.42,13.0,3D,2025-08-18 06:33:15-04:00,POINT (-81.02574 34.01118)
2025-08-18 03:13:37 UTC,sensor06,236497257,24.26,90.86,2025-08-18 10:33:20+00:00,34.011293,-81.025477,102.4,4.69,0.2,70.48,13.0,3D,2025-08-18 06:33:20-04:00,POINT (-81.025477 34.011293)
2025-08-18 03:13:42 UTC,sensor06,236497257,24.26,90.69,2025-08-18 10:33:25+00:00,34.011197,-81.025197,102.1,4.81,0.1,151.8,13.0,3D,2025-08-18 06:33:25-04:00,POINT (-81.025197 34.011197)
2025-08-18 03:13:47 UTC,sensor06,236497257,24.29,90.47,2025-08-18 10:33:30+00:00,34.010912,-81.02509,100.7,7.2,-0.2,161.71,13.0,3D,2025-08-18 06:33:30-04:00,POINT (-81.02509 34.010912)
2025-08-18 03:13:52 UTC,sensor06,236497257,24.25,90.35,2025-08-18 10:33:35+00:00,34.010598,-81.024982,100.7,7.05,0.2,165.71,13.0,3D,2025-08-18 06:33:35-04:00,POINT (-81.024982 34.010598)
2025-08-18 03:13:57 UTC,sensor06,236497257,24.27,90.34,2025-08-18 10:33:40+00:00,34.010315,-81.024865,100.6,5.38,-0.2,164.49,13.0,3D,2025-08-18 06:33:40-04:00,POINT (-81.024865 34.010315)
2025-08-18 03:14:43 UTC,sensor06,236497257,24.32,90.55,2025-08-18 10:34:26+00:00,34.010093,-81.024757,97.6,2.92,0.1,0.0,8.0,3D,2025-08-18 06:34:26-04:00,POINT (-81.024757 34.010093)
2025-08-18 03:14:48 UTC,sensor06,236497257,24.39,90.32,2025-08-18 10:34:31+00:00,34.009915,-81.024647,98.1,4.75,-0.1,0.0,8.0,3D,2025-08-18 06:34:31-04:00,POINT (-81.024647 34.009915)
2025-08-18 03:15:33 UTC,sensor06,236497257,24.39,90.32,2025-08-18 10:35:16+00:00,34.009623,-81.02453,100.2,3.94,0.2,151.07,13.0,3D,2025-08-18 06:35:16-04:00,POINT (-81.02453 34.009623)
2025-08-18 03:16:03 UTC,sensor06,236497257,24.38,90.31,2025-08-18 10:35:47+00:00,34.009313,-81.024428,103.7,3.97,0.1,0.0,13.0,3D,2025-08-18 06:35:47-04:00,POINT (-81.024428 34.009313)
2025-08-18 03:16:09 UTC,sensor06,236497257,24.35,90.3,2025-08-18 10:35:52+00:00,34.009163,-81.024353,104.5,2.94,0.16,155.71,13.0,3D,2025-08-18 06:35:52-04:00,POINT (-81.024353 34.009163)
2025-08-18 03:16:14 UTC,sensor06,236497257,24.33,90.32,2025-08-18 10:35:53+00:00,34.009133,-81.024342,104.4,3.5,-0.1,0.0,13.0,3D,2025-08-18 06:35:53-04:00,POINT (-81.024342 34.009133)
2025-08-18 03:16:19 UTC,sensor06,236497257,24.35,90.29,2025-08-18 10:36:02+00:00,34.008848,-81.024218,105.9,3.35,0.2,155.26,13.0,3D,2025-08-18 06:36:02-04:00,POINT (-81.024218 34.008848)
2025-08-18 03:16:24 UTC,sensor06,236497257,24.34,90.3,2025-08-18 10:36:07+00:00,34.008722,-81.024168,104.8,3.43,-0.1,160.2,13.0,3D,2025-08-18 06:36:07-04:00,POINT (-81.024168 34.008722)
2025-08-18 03:16:29 UTC,sensor06,236497257,24.36,90.25,2025-08-18 10:36:12+00:00,34.008578,-81.024098,103.9,3.59,-0.2,155.22,13.0,3D,2025-08-18 06:36:12-04:00,POINT (-81.024098 34.008578)
2025-08-18 03:16:34 UTC,sensor06,236497257,24.35,90.25,2025-08-18 10:36:17+00:00,34.008383,-81.024002,103.5,4.93,0.1,157.31,13.0,3D,2025-08-18 06:36:17-04:00,POINT (-81.024002 34.008383)
2025-08-18 03:16:39 UTC,sensor06,236497257,24.36,90.18,2025-08-18 10:36:22+00:00,34.008153,-81.023895,104.5,5.37,0.2,169.55,13.0,3D,2025-08-18 06:36:22-04:00,POINT (-81.023895 34.008153)
2025-08-18 03:16:44 UTC,sensor06,236497257,24.36,90.08,2025-08-18 10:36:27+00:00,34.007917,-81.023797,104.3,5.44,-0.1,164.1,13.0,3D,2025-08-18 06:36:27-04:00,POINT (-81.023797 34.007917)
2025-08-18 03:16:49 UTC,sensor06,236497257,24.34,90.1,2025-08-18 10:36:32+00:00,34.007677,-81.023702,101.9,6.11,-1.7,156.13,13.0,3D,2025-08-18 06:36:32-04:00,POINT (-81.023702 34.007677)
2025-08-18 03:16:54 UTC,sensor06,236497257,24.34,90.16,2025-08-18 10:36:37+00:00,34.007435,-81.023618,100.8,5.55,0.1,166.59,13.0,3D,2025-08-18 06:36:37-04:00,POINT (-81.023618 34.007435)
2025-08-18 03:16:59 UTC,sensor06,236497257,24.3,90.27,2025-08-18 10:36:42+00:00,34.007187,-81.023505,100.2,6.47,-0.2,156.08,13.0,3D,2025-08-18 06:36:42-04:00,POINT (-81.023505 34.007187)
2025-08-18 03:17:04 UTC,sensor06,236497257,24.25,90.46,2025-08-18 10:36:47+00:00,34.006872,-81.02339,96.3,7.23,-0.2,160.18,13.0,3D,2025-08-18 06:36:47-04:00,POINT (-81.02339 34.006872)
2025-08-18 03:17:09 UTC,sensor06,236497257,24.17,90.6,2025-08-18 10:36:52+00:00,34.006568,-81.023258,93.5,7.39,-0.8,156.47,13.0,3D,2025-08-18 06:36:52-04:00,POINT (-81.023258 34.006568)
2025-08-18 03:17:14 UTC,sensor06,236497257,24.12,90.9,2025-08-18 10:36:57+00:00,34.00623,-81.023117,90.2,8.94,-0.8,156.88,13.0,3D,2025-08-18 06:36:57-04:00,POINT (-81.023117 34.00623)
2025-08-18 03:17:19 UTC,sensor06,236497257,24.15,90.93,2025-08-18 10:37:02+00:00,34.005873,-81.022935,88.1,8.92,-0.4,158.49,13.0,3D,2025-08-18 06:37:02-04:00,POINT (-81.022935 34.005873)
2025-08-18 03:17:24 UTC,sensor06,236497257,24.16,90.84,2025-08-18 10:37:08+00:00,34.005447,-81.022745,87.2,7.9,-0.2,0.0,13.0,3D,2025-08-18 06:37:08-04:00,POINT (-81.022745 34.005447)
2025-08-18 03:17:29 UTC,sensor06,236497257,24.07,90.71,2025-08-18 10:37:13+00:00,34.005177,-81.022595,87.4,6.01,0.0,0.0,13.0,3D,2025-08-18 06:37:13-04:00,POINT (-81.022595 34.005177)
2025-08-18 03:17:34 UTC,sensor06,236497257,24.09,90.85,2025-08-18 10:37:18+00:00,34.004987,-81.022518,87.8,3.36,0.2,0.0,13.0,3D,2025-08-18 06:37:18-04:00,POINT (-81.022518 34.004987)
2025-08-18 03:17:39 UTC,sensor06,236497257,24.13,90.84,2025-08-18 10:37:23+00:00,34.004868,-81.022448,89.1,2.42,0.3,153.32,13.0,3D,2025-08-18 06:37:23-04:00,POINT (-81.022448 34.004868)
2025-08-18 03:17:50 UTC,sensor06,236497257,24.19,90.76,2025-08-18 10:37:33+00:00,34.004627,-81.022357,90.1,3.92,0.0,164.19,13.0,3D,2025-08-18 06:37:33-04:00,POINT (-81.022357 34.004627)
2025-08-18 03:17:55 UTC,sensor06,236497257,24.22,90.66,2025-08-18 10:37:38+00:00,34.004483,-81.022293,91.6,3.57,0.7,164.02,13.0,3D,2025-08-18 06:37:38-04:00,POINT (-81.022293 34.004483)
2025-08-18 03:18:00 UTC,sensor06,236497257,24.25,90.57,2025-08-18 10:37:43+00:00,34.004313,-81.02222,94.3,3.64,0.3,170.03,13.0,3D,2025-08-18 06:37:43-04:00,POINT (-81.02222 34.004313)
2025-08-18 03:18:05 UTC,sensor06,236497257,24.28,90.5,2025-08-18 10:37:47+00:00,34.004192,-81.022178,95.5,3.33,0.0,163.94,13.0,3D,2025-08-18 06:37:47-04:00,POINT (-81.022178 34.004192)
2025-08-18 03:18:10 UTC,sensor06,236497257,24.28,90.46,2025-08-18 10:37:51+00:00,34.004073,-81.02214,96.7,3.4,0.3,0.0,13.0,3D,2025-08-18 06:37:51-04:00,POINT (-81.02214 34.004073)
2025-08-18 03:18:15 UTC,sensor06,236497257,24.32,90.41,2025-08-18 10:37:58+00:00,34.00387,-81.022032,99.3,3.76,0.5,148.6,13.0,3D,2025-08-18 06:37:58-04:00,POINT (-81.022032 34.00387)
2025-08-18 03:18:20 UTC,sensor06,236497257,24.31,90.42,2025-08-18 10:38:03+00:00,34.003713,-81.021957,100.8,3.55,0.1,163.12,13.0,3D,2025-08-18 06:38:03-04:00,POINT (-81.021957 34.003713)
2025-08-18 03:18:25 UTC,sensor06,236497257,24.34,90.4,2025-08-18 10:38:08+00:00,34.003575,-81.021902,100.6,2.79,-0.1,153.77,13.0,3D,2025-08-18 06:38:08-04:00,POINT (-81.021902 34.003575)
2025-08-18 03:18:35 UTC,sensor06,236497257,24.3,90.15,2025-08-18 10:38:18+00:00,34.003298,-81.021743,102.1,3.25,0.1,160.26,13.0,3D,2025-08-18 06:38:18-04:00,POINT (-81.021743 34.003298)
2025-08-18 03:18:40 UTC,sensor06,236497257,24.28,90.19,2025-08-18 10:38:23+00:00,34.00315,-81.021647,103.8,3.45,0.3,151.53,13.0,3D,2025-08-18 06:38:23-04:00,POINT (-81.021647 34.00315)
2025-08-18 03:18:45 UTC,sensor06,236497257,24.29,90.2,2025-08-18 10:38:28+00:00,34.003028,-81.021553,103.8,3.87,-0.4,153.41,13.0,3D,2025-08-18 06:38:28-04:00,POINT (-81.021553 34.003028)
2025-08-18 03:18:50 UTC,sensor06,236497257,24.3,90.2,2025-08-18 10:38:33+00:00,34.002833,-81.021463,104.3,5.04,0.2,164.64,13.0,3D,2025-08-18 06:38:33-04:00,POINT (-81.021463 34.002833)
2025-08-18 03:18:55 UTC,sensor06,236497257,24.28,90.17,2025-08-18 10:38:38+00:00,34.002632,-81.021372,105.1,4.64,0.2,154.04,13.0,3D,2025-08-18 06:38:38-04:00,POINT (-81.021372 34.002632)
2025-08-18 03:19:00 UTC,sensor06,236497257,24.29,90.22,2025-08-18 10:38:43+00:00,34.002453,-81.021295,105.0,4.01,0.0,158.96,13.0,3D,2025-08-18 06:38:43-04:00,POINT (-81.021295 34.002453)
2025-08-18 03:19:05 UTC,sensor06,236497257,24.28,90.19,2025-08-18 10:38:49+00:00,34.00222,-81.021197,106.3,3.18,-1.2,0.0,13.0,3D,2025-08-18 06:38:49-04:00,POINT (-81.021197 34.00222)
2025-08-18 03:19:10 UTC,sensor06,236497257,24.24,90.22,2025-08-18 10:38:54+00:00,34.002012,-81.021097,106.7,4.75,0.1,0.0,13.0,3D,2025-08-18 06:38:54-04:00,POINT (-81.021097 34.002012)
2025-08-18 03:19:15 UTC,sensor06,236497257,24.25,90.39,2025-08-18 10:38:59+00:00,34.0018,-81.021002,106.6,5.06,-0.1,153.58,13.0,3D,2025-08-18 06:38:59-04:00,POINT (-81.021002 34.0018)
2025-08-18 03:19:20 UTC,sensor06,236497257,24.27,90.38,2025-08-18 10:39:04+00:00,34.001528,-81.0209,105.8,6.42,-0.1,170.83,13.0,3D,2025-08-18 06:39:04-04:00,POINT (-81.0209 34.001528)
2025-08-18 03:19:26 UTC,sensor06,236497257,24.24,90.29,2025-08-18 10:39:09+00:00,34.001243,-81.020797,103.3,6.55,-0.2,163.71,13.0,3D,2025-08-18 06:39:09-04:00,POINT (-81.020797 34.001243)
2025-08-18 03:19:31 UTC,sensor06,236497257,24.2,90.27,2025-08-18 10:39:14+00:00,34.000978,-81.020688,102.4,5.39,-0.1,161.92,13.0,3D,2025-08-18 06:39:14-04:00,POINT (-81.020688 34.000978)
2025-08-18 03:19:36 UTC,sensor06,236497257,24.23,90.26,2025-08-18 10:39:19+00:00,34.000775,-81.020548,102.5,4.52,-0.1,148.03,13.0,3D,2025-08-18 06:39:19-04:00,POINT (-81.020548 34.000775)
2025-08-18 03:19:41 UTC,sensor06,236497257,24.24,90.35,2025-08-18 10:39:24+00:00,34.00065,-81.02047,102.8,2.75,0.0,156.44,13.0,3D,2025-08-18 06:39:24-04:00,POINT (-81.02047 34.00065)
2025-08-18 03:19:46 UTC,sensor06,236497257,24.23,90.35,2025-08-18 10:39:29+00:00,34.000678,-81.020403,101.8,2.53,-0.5,339.63,13.0,3D,2025-08-18 06:39:29-04:00,POINT (-81.020403 34.000678)
2025-08-18 03:19:51 UTC,sensor06,236497257,24.23,90.38,2025-08-18 10:39:34+00:00,34.000815,-81.020493,100.9,3.37,0.0,334.31,13.0,3D,2025-08-18 06:39:34-04:00,POINT (-81.020493 34.000815)
2025-08-18 03:19:56 UTC,sensor06,236497257,24.21,90.34,2025-08-18 10:39:39+00:00,34.001007,-81.02061,101.6,4.93,0.1,333.88,13.0,3D,2025-08-18 06:39:39-04:00,POINT (-81.02061 34.001007)
2025-08-18 03:20:01 UTC,sensor06,236497257,24.21,90.38,2025-08-18 10:39:44+00:00,34.0012,-81.020723,101.9,4.55,0.2,329.8,13.0,3D,2025-08-18 06:39:44-04:00,POINT (-81.020723 34.0012)
2025-08-18 03:20:06 UTC,sensor06,236497257,24.22,90.36,2025-08-18 10:39:48+00:00,34.001282,-81.020882,102.8,3.3,0.2,289.38,13.0,3D,2025-08-18 06:39:48-04:00,POINT (-81.020882 34.001282)
2025-08-18 03:20:11 UTC,sensor06,236497257,24.2,90.3,2025-08-18 10:39:52+00:00,34.001265,-81.021003,103.4,2.85,0.15,0.0,13.0,3D,2025-08-18 06:39:52-04:00,POINT (-81.021003 34.001265)
2025-08-18 03:20:16 UTC,sensor06,236497257,24.18,90.27,2025-08-18 10:39:59+00:00,34.0012,-81.021293,103.0,2.93,0.1,259.53,13.0,3D,2025-08-18 06:39:59-04:00,POINT (-81.021293 34.0012)
2025-08-18 03:20:21 UTC,sensor06,236497257,24.21,90.36,2025-08-18 10:40:04+00:00,34.001172,-81.021453,103.3,2.97,0.0,242.06,13.0,3D,2025-08-18 06:40:04-04:00,POINT (-81.021453 34.001172)
2025-08-18 03:20:31 UTC,sensor06,236497257,24.21,90.3,2025-08-18 10:40:14+00:00,34.001285,-81.021705,104.2,4.04,0.0,337.4,13.0,3D,2025-08-18 06:40:14-04:00,POINT (-81.021705 34.001285)
2025-08-18 03:20:46 UTC,sensor06,236497257,24.24,90.39,2025-08-18 10:40:29+00:00,34.001472,-81.021782,103.5,2.51,0.1,147.77,13.0,3D,2025-08-18 06:40:29-04:00,POINT (-81.021782 34.001472)
2025-08-18 03:20:51 UTC,sensor06,236497257,24.21,90.38,2025-08-18 10:40:34+00:00,34.001322,-81.021697,104.4,3.37,0.1,180.18,13.0,3D,2025-08-18 06:40:34-04:00,POINT (-81.021697 34.001322)
2025-08-18 03:20:56 UTC,sensor06,236497257,24.15,90.39,2025-08-18 10:40:40+00:00,34.00117,-81.02151,101.3,4.5,-1.0,0.0,13.0,3D,2025-08-18 06:40:40-04:00,POINT (-81.02151 34.00117)
2025-08-18 03:21:01 UTC,sensor06,236497257,24.16,90.44,2025-08-18 10:40:45+00:00,34.001217,-81.02128,99.0,4.65,-0.1,0.0,13.0,3D,2025-08-18 06:40:45-04:00,POINT (-81.02128 34.001217)
2025-08-18 03:21:06 UTC,sensor06,236497257,24.14,90.49,2025-08-18 10:40:50+00:00,34.001262,-81.021082,97.3,3.34,-0.4,83.73,13.0,3D,2025-08-18 06:40:50-04:00,POINT (-81.021082 34.001262)
2025-08-18 03:21:11 UTC,sensor06,236497257,24.12,90.59,2025-08-18 10:40:55+00:00,34.00127,-81.020943,96.4,3.02,-0.1,143.95,13.0,3D,2025-08-18 06:40:55-04:00,POINT (-81.020943 34.00127)
2025-08-18 03:21:17 UTC,sensor06,236497257,24.12,90.66,2025-08-18 10:41:00+00:00,34.001115,-81.02081,97.6,3.28,0.0,155.99,13.0,3D,2025-08-18 06:41:00-04:00,POINT (-81.02081 34.001115)
2025-08-18 03:21:22 UTC,sensor06,236497257,24.15,90.65,2025-08-18 10:41:05+00:00,34.000927,-81.020685,98.3,4.41,0.4,149.37,13.0,3D,2025-08-18 06:41:05-04:00,POINT (-81.020685 34.000927)
2025-08-18 03:21:27 UTC,sensor06,236497257,24.17,90.61,2025-08-18 10:41:10+00:00,34.000775,-81.020532,98.7,3.92,-0.1,140.56,13.0,3D,2025-08-18 06:41:10-04:00,POINT (-81.020532 34.000775)
2025-08-18 03:21:32 UTC,sensor06,236497257,24.17,90.59,2025-08-18 10:41:15+00:00,34.000683,-81.020363,99.9,3.82,0.2,114.99,13.0,3D,2025-08-18 06:41:15-04:00,POINT (-81.020363 34.000683)
2025-08-18 03:21:37 UTC,sensor06,236497257,24.2,90.53,2025-08-18 10:41:20+00:00,34.000705,-81.02017,100.0,3.56,0.2,69.59,13.0,3D,2025-08-18 06:41:20-04:00,POINT (-81.02017 34.000705)
2025-08-18 03:21:42 UTC,sensor06,236497257,24.2,90.45,2025-08-18 10:41:25+00:00,34.000762,-81.019875,101.1,6.11,0.1,72.7,13.0,3D,2025-08-18 06:41:25-04:00,POINT (-81.019875 34.000762)
2025-08-18 03:21:47 UTC,sensor06,236497257,24.19,90.58,2025-08-18 10:41:30+00:00,34.00084,-81.019592,102.2,4.41,0.3,74.18,13.0,3D,2025-08-18 06:41:30-04:00,POINT (-81.019592 34.00084)
2025-08-18 03:21:52 UTC,sensor06,236497257,24.17,90.58,2025-08-18 10:41:35+00:00,34.00089,-81.019353,100.6,3.38,-0.2,81.29,13.0,3D,2025-08-18 06:41:35-04:00,POINT (-81.019353 34.00089)
2025-08-18 03:21:57 UTC,sensor06,236497257,24.15,90.59,2025-08-18 10:41:40+00:00,34.000965,-81.01918,100.6,2.98,0.0,54.14,13.0,3D,2025-08-18 06:41:40-04:00,POINT (-81.01918 34.000965)
2025-08-18 03:22:02 UTC,sensor06,236497257,24.1,90.72,2025-08-18 10:41:45+00:00,34.001007,-81.018943,100.2,4.63,0.0,73.49,13.0,3D,2025-08-18 06:41:45-04:00,POINT (-81.018943 34.001007)
2025-08-18 03:22:07 UTC,sensor06,236497257,24.08,90.87,2025-08-18 10:41:49+00:00,34.00106,-81.01875,99.0,4.2,-0.3,67.27,13.0,3D,2025-08-18 06:41:49-04:00,POINT (-81.01875 34.00106)
2025-08-18 03:22:12 UTC,sensor06,236497257,24.09,90.9,2025-08-18 10:41:53+00:00,34.001095,-81.018627,99.0,3.01,0.0,0.0,13.0,3D,2025-08-18 06:41:53-04:00,POINT (-81.018627 34.001095)
2025-08-18 03:22:17 UTC,sensor06,236497257,24.05,90.96,2025-08-18 10:42:00+00:00,34.00122,-81.018442,96.5,4.71,-0.2,70.75,13.0,3D,2025-08-18 06:42:00-04:00,POINT (-81.018442 34.00122)
2025-08-18 03:22:22 UTC,sensor06,236497257,24.09,91.14,2025-08-18 10:42:05+00:00,34.001303,-81.018118,95.5,6.46,-0.3,71.71,13.0,3D,2025-08-18 06:42:05-04:00,POINT (-81.018118 34.001303)
2025-08-18 03:22:27 UTC,sensor06,236497257,24.19,91.05,2025-08-18 10:42:10+00:00,34.001398,-81.017807,93.0,5.56,-0.5,70.67,13.0,3D,2025-08-18 06:42:10-04:00,POINT (-81.017807 34.001398)
2025-08-18 03:22:32 UTC,sensor06,236497257,24.23,90.7,2025-08-18 10:42:15+00:00,34.001497,-81.017508,89.2,5.22,-0.8,73.47,13.0,3D,2025-08-18 06:42:15-04:00,POINT (-81.017508 34.001497)
2025-08-18 03:22:37 UTC,sensor06,236497257,24.26,90.52,2025-08-18 10:42:21+00:00,34.001565,-81.01729,85.8,2.49,-0.6,0.0,13.0,3D,2025-08-18 06:42:21-04:00,POINT (-81.01729 34.001565)
2025-08-18 03:22:47 UTC,sensor06,236497257,24.31,90.22,2025-08-18 10:42:31+00:00,34.001543,-81.017,86.6,4.05,-0.1,0.0,13.0,3D,2025-08-18 06:42:31-04:00,POINT (-81.017 34.001543)
2025-08-18 03:22:52 UTC,sensor06,236497257,24.3,90.13,2025-08-18 10:42:36+00:00,34.001632,-81.016778,87.1,4.55,0.2,0.0,13.0,3D,2025-08-18 06:42:36-04:00,POINT (-81.016778 34.001632)
2025-08-18 03:22:57 UTC,sensor06,236497257,24.3,90.32,2025-08-18 10:42:41+00:00,34.001715,-81.016525,88.4,4.97,0.2,0.0,4.0,3D,2025-08-18 06:42:41-04:00,POINT (-81.016525 34.001715)
2025-08-18 03:23:03 UTC,sensor06,236497257,24.24,90.3,2025-08-18 10:42:46+00:00,34.001795,-81.016268,89.8,4.27,0.1,0.0,4.0,3D,2025-08-18 06:42:46-04:00,POINT (-81.016268 34.001795)
2025-08-18 03:23:08 UTC,sensor06,236497257,24.14,90.39,2025-08-18 10:42:51+00:00,34.001868,-81.016045,91.1,4.56,0.3,0.0,8.0,3D,2025-08-18 06:42:51-04:00,POINT (-81.016045 34.001868)
2025-08-18 03:23:13 UTC,sensor06,236497257,24.05,90.55,2025-08-18 10:42:56+00:00,34.001938,-81.015813,91.5,3.63,0.0,0.0,12.0,3D,2025-08-18 06:42:56-04:00,POINT (-81.015813 34.001938)
2025-08-18 03:23:18 UTC,sensor06,236497257,23.97,90.88,2025-08-18 10:43:01+00:00,34.002022,-81.015573,91.9,5.41,0.0,0.0,13.0,3D,2025-08-18 06:43:01-04:00,POINT (-81.015573 34.002022)
2025-08-18 03:23:23 UTC,sensor06,236497257,23.89,91.2,2025-08-18 10:43:06+00:00,34.0021,-81.015303,92.7,5.07,-0.1,71.83,13.0,3D,2025-08-18 06:43:06-04:00,POINT (-81.015303 34.0021)
2025-08-18 03:23:28 UTC,sensor06,236497257,23.86,91.44,2025-08-18 10:43:11+00:00,34.002185,-81.015053,92.5,4.68,-0.1,73.47,13.0,3D,2025-08-18 06:43:11-04:00,POINT (-81.015053 34.002185)
2025-08-18 03:23:33 UTC,sensor06,236497257,23.76,91.46,2025-08-18 10:43:16+00:00,34.002265,-81.014797,93.8,5.91,0.3,71.65,13.0,3D,2025-08-18 06:43:16-04:00,POINT (-81.014797 34.002265)
2025-08-18 03:23:38 UTC,sensor06,236497257,23.69,91.5,2025-08-18 10:43:21+00:00,34.002377,-81.014488,93.3,5.84,-0.3,67.71,13.0,3D,2025-08-18 06:43:21-04:00,POINT (-81.014488 34.002377)
2025-08-18 03:23:43 UTC,sensor06,236497257,23.68,91.68,2025-08-18 10:43:26+00:00,34.002478,-81.014187,91.7,4.62,-0.4,78.21,13.0,3D,2025-08-18 06:43:26-04:00,POINT (-81.014187 34.002478)
2025-08-18 03:23:48 UTC,sensor06,236497257,23.68,91.88,2025-08-18 10:43:31+00:00,34.002357,-81.014013,89.4,3.96,-0.1,136.68,13.0,3D,2025-08-18 06:43:31-04:00,POINT (-81.014013 34.002357)
2025-08-18 05:49:29 UTC,sensor07,236476538,25.19,81.29,2025-08-18 10:01:55+00:00,33.996327,-81.025922,103.4,3.54,-0.5,162.68,20.0,3D,2025-08-18 06:01:55-04:00,POINT (-81.025922 33.996327)
2025-08-18 05:49:34 UTC,sensor07,236476538,25.19,81.52,2025-08-18 10:02:00+00:00,33.99616,-81.025847,100.6,3.82,-0.4,161.47,20.0,3D,2025-08-18 06:02:00-04:00,POINT (-81.025847 33.99616)
2025-08-18 05:49:39 UTC,sensor07,236476538,25.21,81.71,2025-08-18 10:02:05+00:00,33.996078,-81.025822,98.1,3.27,-0.6,160.91,20.0,3D,2025-08-18 06:02:05-04:00,POINT (-81.025822 33.996078)
2025-08-18 05:49:44 UTC,sensor07,236476538,25.23,81.74,2025-08-18 10:02:05+00:00,33.996078,-81.025822,98.1,3.27,-0.6,160.91,20.0,3D,2025-08-18 06:02:05-04:00,POINT (-81.025822 33.996078)
2025-08-18 05:49:49 UTC,sensor07,236476538,25.25,81.76,2025-08-18 10:02:15+00:00,33.995605,-81.025638,95.0,5.55,-0.7,158.38,20.0,3D,2025-08-18 06:02:15-04:00,POINT (-81.025638 33.995605)
2025-08-18 05:49:54 UTC,sensor07,236476538,25.25,81.74,2025-08-18 10:02:20+00:00,33.995367,-81.025537,88.0,5.46,-1.3,163.54,20.0,3D,2025-08-18 06:02:20-04:00,POINT (-81.025537 33.995367)
2025-08-18 05:49:59 UTC,sensor07,236476538,25.29,81.7,2025-08-18 10:02:25+00:00,33.99513,-81.025475,83.1,5.16,-1.0,161.45,20.0,3D,2025-08-18 06:02:25-04:00,POINT (-81.025475 33.99513)
2025-08-18 05:50:04 UTC,sensor07,236476538,25.31,81.67,2025-08-18 10:02:30+00:00,33.994905,-81.025378,77.5,4.89,-1.1,160.8,20.0,3D,2025-08-18 06:02:30-04:00,POINT (-81.025378 33.994905)
2025-08-18 05:50:14 UTC,sensor07,236476538,25.01,83.1,2025-08-18 10:02:41+00:00,33.994665,-81.025318,69.5,2.87,-0.4,0.0,20.0,3D,2025-08-18 06:02:41-04:00,POINT (-81.025318 33.994665)
2025-08-18 05:50:19 UTC,sensor07,236476538,24.71,83.66,2025-08-18 10:02:46+00:00,33.99455,-81.025643,72.4,8.71,0.9,0.0,21.0,3D,2025-08-18 06:02:46-04:00,POINT (-81.025643 33.99455)
2025-08-18 05:50:24 UTC,sensor07,236476538,24.55,84.39,2025-08-18 10:02:51+00:00,33.994418,-81.02619,76.8,11.23,1.5,0.0,21.0,3D,2025-08-18 06:02:51-04:00,POINT (-81.02619 33.994418)
2025-08-18 05:50:29 UTC,sensor07,236476538,24.44,84.99,2025-08-18 10:02:56+00:00,33.994235,-81.02672,82.0,10.31,0.4,0.0,21.0,3D,2025-08-18 06:02:56-04:00,POINT (-81.02672 33.994235)
2025-08-18 05:50:34 UTC,sensor07,236476538,24.56,85.34,2025-08-18 10:03:01+00:00,33.99404,-81.027205,85.0,10.09,0.3,249.43,21.0,3D,2025-08-18 06:03:01-04:00,POINT (-81.027205 33.99404)
2025-08-18 05:50:39 UTC,sensor07,236476538,24.74,84.52,2025-08-18 10:03:06+00:00,33.993897,-81.027698,87.0,8.3,0.7,249.99,21.0,3D,2025-08-18 06:03:06-04:00,POINT (-81.027698 33.993897)
2025-08-18 05:50:44 UTC,sensor07,236476538,24.87,84.06,2025-08-18 10:03:11+00:00,33.993803,-81.028023,89.3,5.31,0.5,248.38,21.0,3D,2025-08-18 06:03:11-04:00,POINT (-81.028023 33.993803)
2025-08-18 05:51:10 UTC,sensor07,236476538,24.95,83.19,2025-08-18 10:03:36+00:00,33.993648,-81.028552,90.5,9.23,-0.4,250.65,21.0,3D,2025-08-18 06:03:36-04:00,POINT (-81.028552 33.993648)
2025-08-18 05:51:15 UTC,sensor07,236476538,24.9,83.27,2025-08-18 10:03:41+00:00,33.993453,-81.029133,87.5,11.11,-0.7,251.25,21.0,3D,2025-08-18 06:03:41-04:00,POINT (-81.029133 33.993453)
2025-08-18 05:51:20 UTC,sensor07,236476538,24.96,83.46,2025-08-18 10:03:46+00:00,33.993303,-81.029655,87.5,9.08,-0.2,249.65,21.0,3D,2025-08-18 06:03:46-04:00,POINT (-81.029655 33.993303)
2025-08-18 05:51:25 UTC,sensor07,236476538,25.04,83.26,2025-08-18 10:03:51+00:00,33.993195,-81.030027,85.9,7.18,-0.2,248.66,21.0,3D,2025-08-18 06:03:51-04:00,POINT (-81.030027 33.993195)
2025-08-18 05:51:30 UTC,sensor07,236476538,25.08,83.44,2025-08-18 10:03:56+00:00,33.99307,-81.030413,84.0,8.47,-0.4,250.11,21.0,3D,2025-08-18 06:03:56-04:00,POINT (-81.030413 33.99307)
2025-08-18 05:51:35 UTC,sensor07,236476538,25.03,83.62,2025-08-18 10:04:01+00:00,33.99295,-81.030867,82.9,8.11,-0.3,251.11,21.0,3D,2025-08-18 06:04:01-04:00,POINT (-81.030867 33.99295)
2025-08-18 05:51:40 UTC,sensor07,236476538,24.98,83.85,2025-08-18 10:04:01+00:00,33.99295,-81.030867,82.9,8.11,-0.3,251.11,21.0,3D,2025-08-18 06:04:01-04:00,POINT (-81.030867 33.99295)
2025-08-18 05:52:05 UTC,sensor07,236476538,25.0,84.04,2025-08-18 10:04:32+00:00,33.992682,-81.031547,79.6,4.8,-0.2,0.0,22.0,3D,2025-08-18 06:04:32-04:00,POINT (-81.031547 33.992682)
2025-08-18 05:52:10 UTC,sensor07,236476538,24.9,84.13,2025-08-18 10:04:37+00:00,33.99258,-81.031935,77.0,7.98,-0.5,0.0,22.0,3D,2025-08-18 06:04:37-04:00,POINT (-81.031935 33.99258)
2025-08-18 05:52:15 UTC,sensor07,236476538,24.77,84.94,2025-08-18 10:04:42+00:00,33.99244,-81.032413,72.9,10.11,-0.7,0.0,22.0,3D,2025-08-18 06:04:42-04:00,POINT (-81.032413 33.99244)
2025-08-18 05:52:20 UTC,sensor07,236476538,24.73,85.69,2025-08-18 10:04:47+00:00,33.992288,-81.032882,67.6,7.33,-0.9,0.0,22.0,3D,2025-08-18 06:04:47-04:00,POINT (-81.032882 33.992288)
2025-08-18 05:52:25 UTC,sensor07,236476538,24.76,86.15,2025-08-18 10:04:52+00:00,33.992198,-81.03319,64.4,4.16,-0.8,0.0,22.0,3D,2025-08-18 06:04:52-04:00,POINT (-81.03319 33.992198)
2025-08-18 05:52:30 UTC,sensor07,236476538,24.74,86.27,2025-08-18 10:04:57+00:00,33.992223,-81.033327,62.4,2.99,-1.0,316.72,22.0,3D,2025-08-18 06:04:57-04:00,POINT (-81.033327 33.992223)
2025-08-18 05:52:35 UTC,sensor07,236476538,24.7,86.45,2025-08-18 10:05:02+00:00,33.992435,-81.03348,65.5,7.23,1.8,338.39,22.0,3D,2025-08-18 06:05:02-04:00,POINT (-81.03348 33.992435)
2025-08-18 05:52:40 UTC,sensor07,236476538,24.75,85.91,2025-08-18 10:05:07+00:00,33.992757,-81.0336,65.1,6.58,-0.2,339.01,22.0,3D,2025-08-18 06:05:07-04:00,POINT (-81.0336 33.992757)
2025-08-18 05:52:45 UTC,sensor07,236476538,24.79,85.66,2025-08-18 10:05:12+00:00,33.993025,-81.033722,62.6,5.62,-0.1,341.07,22.0,3D,2025-08-18 06:05:12-04:00,POINT (-81.033722 33.993025)
2025-08-18 05:52:50 UTC,sensor07,236476538,24.75,85.82,2025-08-18 10:05:17+00:00,33.993253,-81.0338,63.1,4.91,0.0,339.37,22.0,3D,2025-08-18 06:05:17-04:00,POINT (-81.0338 33.993253)
2025-08-18 05:52:55 UTC,sensor07,236476538,24.78,85.65,2025-08-18 10:05:22+00:00,33.993472,-81.033897,62.6,5.5,-0.1,340.93,22.0,3D,2025-08-18 06:05:22-04:00,POINT (-81.033897 33.993472)
2025-08-18 05:53:00 UTC,sensor07,236476538,24.74,85.27,2025-08-18 10:05:27+00:00,33.993738,-81.034007,62.0,6.95,-0.1,339.93,22.0,3D,2025-08-18 06:05:27-04:00,POINT (-81.034007 33.993738)
2025-08-18 05:53:05 UTC,sensor07,236476538,24.7,85.51,2025-08-18 10:05:32+00:00,33.994038,-81.034115,61.5,6.75,0.2,340.77,22.0,3D,2025-08-18 06:05:32-04:00,POINT (-81.034115 33.994038)
2025-08-18 05:53:10 UTC,sensor07,236476538,24.65,85.74,2025-08-18 10:05:37+00:00,33.994287,-81.034212,63.4,4.97,0.3,341.32,22.0,3D,2025-08-18 06:05:37-04:00,POINT (-81.034212 33.994287)
2025-08-18 05:53:16 UTC,sensor07,236476538,24.62,85.83,2025-08-18 10:05:42+00:00,33.994477,-81.034275,62.4,3.5,0.2,342.93,22.0,3D,2025-08-18 06:05:42-04:00,POINT (-81.034275 33.994477)
2025-08-18 05:53:21 UTC,sensor07,236476538,24.6,85.95,2025-08-18 10:05:47+00:00,33.994583,-81.034335,64.5,2.45,0.5,342.72,22.0,3D,2025-08-18 06:05:47-04:00,POINT (-81.034335 33.994583)
2025-08-18 05:53:51 UTC,sensor07,236476538,24.59,86.36,2025-08-18 10:06:17+00:00,33.99469,-81.03483,72.7,6.46,1.1,246.41,22.0,3D,2025-08-18 06:06:17-04:00,POINT (-81.03483 33.99469)
2025-08-18 05:53:56 UTC,sensor07,236476538,24.56,86.5,2025-08-18 10:06:22+00:00,33.994543,-81.035227,76.4,7.28,0.8,246.4,22.0,3D,2025-08-18 06:06:22-04:00,POINT (-81.035227 33.994543)
2025-08-18 05:54:01 UTC,sensor07,236476538,24.54,86.51,2025-08-18 10:06:27+00:00,33.994448,-81.03555,76.5,4.09,-0.8,250.02,22.0,3D,2025-08-18 06:06:27-04:00,POINT (-81.03555 33.994448)
2025-08-18 05:54:06 UTC,sensor07,236476538,24.54,86.69,2025-08-18 10:06:32+00:00,33.99438,-81.035758,74.2,2.99,-0.7,247.86,22.0,3D,2025-08-18 06:06:32-04:00,POINT (-81.035758 33.99438)
2025-08-18 05:54:21 UTC,sensor07,236476538,24.52,86.76,2025-08-18 10:06:48+00:00,33.994333,-81.035893,74.4,3.27,-0.1,0.0,22.0,3D,2025-08-18 06:06:48-04:00,POINT (-81.035893 33.994333)
2025-08-18 05:54:26 UTC,sensor07,236476538,24.46,86.7,2025-08-18 10:06:53+00:00,33.994247,-81.03617,73.9,6.75,-0.2,0.0,22.0,3D,2025-08-18 06:06:53-04:00,POINT (-81.03617 33.994247)
2025-08-18 05:54:31 UTC,sensor07,236476538,24.41,86.83,2025-08-18 10:06:58+00:00,33.994122,-81.036562,72.6,8.1,-0.4,0.0,22.0,3D,2025-08-18 06:06:58-04:00,POINT (-81.036562 33.994122)
2025-08-18 05:54:36 UTC,sensor07,236476538,24.36,87.03,2025-08-18 10:07:03+00:00,33.993982,-81.037008,69.3,9.03,-0.9,0.0,22.0,3D,2025-08-18 06:07:03-04:00,POINT (-81.037008 33.993982)
2025-08-18 05:54:41 UTC,sensor07,236476538,24.36,87.65,2025-08-18 10:07:08+00:00,33.993868,-81.03741,68.1,6.69,-0.3,0.0,22.0,3D,2025-08-18 06:07:08-04:00,POINT (-81.03741 33.993868)
2025-08-18 05:54:51 UTC,sensor07,236476538,24.42,87.96,2025-08-18 10:07:18+00:00,33.99378,-81.03769,67.7,3.18,0.0,250.44,22.0,3D,2025-08-18 06:07:18-04:00,POINT (-81.03769 33.99378)
2025-08-18 05:54:56 UTC,sensor07,236476538,24.4,87.74,2025-08-18 10:07:23+00:00,33.993722,-81.037885,67.6,5.22,0.1,249.64,22.0,3D,2025-08-18 06:07:23-04:00,POINT (-81.037885 33.993722)
2025-08-18 05:55:01 UTC,sensor07,236476538,24.37,87.78,2025-08-18 10:07:28+00:00,33.993623,-81.038153,68.2,5.58,0.2,250.7,22.0,3D,2025-08-18 06:07:28-04:00,POINT (-81.038153 33.993623)
2025-08-18 05:55:06 UTC,sensor07,236476538,24.36,87.78,2025-08-18 10:07:33+00:00,33.99353,-81.03843,68.7,5.61,0.0,251.41,22.0,3D,2025-08-18 06:07:33-04:00,POINT (-81.03843 33.99353)
2025-08-18 05:55:11 UTC,sensor07,236476538,24.33,88.0,2025-08-18 10:07:38+00:00,33.993435,-81.038705,69.1,5.97,0.0,250.06,22.0,3D,2025-08-18 06:07:38-04:00,POINT (-81.038705 33.993435)
2025-08-18 05:55:16 UTC,sensor07,236476538,24.32,88.31,2025-08-18 10:07:43+00:00,33.993348,-81.039073,72.8,7.76,0.7,249.95,22.0,3D,2025-08-18 06:07:43-04:00,POINT (-81.039073 33.993348)
2025-08-18 05:55:21 UTC,sensor07,236476538,24.21,88.54,2025-08-18 10:07:48+00:00,33.993228,-81.039487,73.5,7.92,0.1,249.95,22.0,3D,2025-08-18 06:07:48-04:00,POINT (-81.039487 33.993228)
2025-08-18 05:55:26 UTC,sensor07,236476538,24.29,88.79,2025-08-18 10:07:53+00:00,33.993108,-81.039898,75.7,8.57,-0.3,249.83,22.0,3D,2025-08-18 06:07:53-04:00,POINT (-81.039898 33.993108)
2025-08-18 05:55:32 UTC,sensor07,236476538,24.23,88.92,2025-08-18 10:07:58+00:00,33.992983,-81.040342,73.2,8.16,-0.1,250.23,22.0,3D,2025-08-18 06:07:58-04:00,POINT (-81.040342 33.992983)
2025-08-18 05:55:37 UTC,sensor07,236476538,24.24,89.1,2025-08-18 10:08:03+00:00,33.992882,-81.040678,72.2,4.18,-0.1,250.85,22.0,3D,2025-08-18 06:08:03-04:00,POINT (-81.040678 33.992882)
2025-08-18 05:55:47 UTC,sensor07,236476538,24.25,89.11,2025-08-18 10:08:12+00:00,33.992847,-81.040853,70.2,2.91,0.4,280.83,22.0,3D,2025-08-18 06:08:12-04:00,POINT (-81.040853 33.992847)
2025-08-18 05:55:52 UTC,sensor07,236476538,24.24,89.15,2025-08-18 10:08:12+00:00,33.992847,-81.040853,70.2,2.91,0.4,280.83,22.0,3D,2025-08-18 06:08:12-04:00,POINT (-81.040853 33.992847)
2025-08-18 05:55:57 UTC,sensor07,236476538,24.22,89.17,2025-08-18 10:08:23+00:00,33.993255,-81.041072,66.1,6.12,-0.4,338.85,22.0,3D,2025-08-18 06:08:23-04:00,POINT (-81.041072 33.993255)
2025-08-18 05:56:02 UTC,sensor07,236476538,24.2,89.3,2025-08-18 10:08:28+00:00,33.993518,-81.041172,63.2,6.22,-0.9,340.63,22.0,3D,2025-08-18 06:08:28-04:00,POINT (-81.041172 33.993518)
2025-08-18 05:56:07 UTC,sensor07,236476538,24.21,89.32,2025-08-18 10:08:33+00:00,33.993772,-81.041282,60.2,5.74,-0.2,335.68,22.0,3D,2025-08-18 06:08:33-04:00,POINT (-81.041282 33.993772)
2025-08-18 05:56:12 UTC,sensor07,236476538,24.19,89.32,2025-08-18 10:08:38+00:00,33.993958,-81.041388,58.4,3.26,-0.7,342.98,22.0,3D,2025-08-18 06:08:38-04:00,POINT (-81.041388 33.993958)
2025-08-18 05:56:22 UTC,sensor07,236476538,24.26,89.23,2025-08-18 10:08:48+00:00,33.994112,-81.04155,55.9,3.66,-0.1,277.15,22.0,3D,2025-08-18 06:08:48-04:00,POINT (-81.04155 33.994112)
2025-08-18 05:56:27 UTC,sensor07,236476538,24.21,89.16,2025-08-18 10:08:53+00:00,33.994035,-81.04184,56.2,6.09,0.2,251.12,22.0,3D,2025-08-18 06:08:53-04:00,POINT (-81.04184 33.994035)
2025-08-18 05:56:32 UTC,sensor07,236476538,24.1,89.45,2025-08-18 10:08:59+00:00,33.993907,-81.042215,57.3,5.97,0.2,0.0,22.0,3D,2025-08-18 06:08:59-04:00,POINT (-81.042215 33.993907)
2025-08-18 05:56:37 UTC,sensor07,236476538,24.08,89.73,2025-08-18 10:09:04+00:00,33.993807,-81.04251,58.8,5.76,0.2,0.0,22.0,3D,2025-08-18 06:09:04-04:00,POINT (-81.04251 33.993807)
2025-08-18 05:56:42 UTC,sensor07,236476538,24.07,90.02,2025-08-18 10:09:09+00:00,33.993713,-81.04279,59.6,4.91,0.1,0.0,22.0,3D,2025-08-18 06:09:09-04:00,POINT (-81.04279 33.993713)
2025-08-18 05:57:02 UTC,sensor07,236476538,24.15,90.01,2025-08-18 10:09:29+00:00,33.993632,-81.04298,59.9,3.09,0.1,0.0,8.0,3D,2025-08-18 06:09:29-04:00,POINT (-81.04298 33.993632)
2025-08-18 05:57:07 UTC,sensor07,236476538,24.15,89.99,2025-08-18 10:09:34+00:00,33.993418,-81.043055,59.7,6.29,-0.2,0.0,8.0,3D,2025-08-18 06:09:34-04:00,POINT (-81.043055 33.993418)
2025-08-18 05:57:12 UTC,sensor07,236476538,24.09,89.98,2025-08-18 10:09:39+00:00,33.993098,-81.042912,59.3,7.9,-0.3,0.0,12.0,3D,2025-08-18 06:09:39-04:00,POINT (-81.042912 33.993098)
2025-08-18 05:57:17 UTC,sensor07,236476538,24.05,90.08,2025-08-18 10:09:44+00:00,33.992792,-81.042728,58.1,7.14,-0.3,0.0,14.0,3D,2025-08-18 06:09:44-04:00,POINT (-81.042728 33.992792)
2025-08-18 05:57:22 UTC,sensor07,236476538,24.05,90.22,2025-08-18 10:09:49+00:00,33.992532,-81.042592,55.7,5.61,-0.2,0.0,18.0,3D,2025-08-18 06:09:49-04:00,POINT (-81.042592 33.992532)
2025-08-18 05:57:27 UTC,sensor07,236476538,24.04,90.33,2025-08-18 10:09:54+00:00,33.99234,-81.042463,55.5,5.6,-0.2,0.0,18.0,3D,2025-08-18 06:09:54-04:00,POINT (-81.042463 33.99234)
2025-08-18 05:57:33 UTC,sensor07,236476538,23.99,90.32,2025-08-18 10:09:59+00:00,33.992353,-81.042145,55.5,6.11,0.2,0.0,22.0,3D,2025-08-18 06:09:59-04:00,POINT (-81.042145 33.992353)
2025-08-18 05:57:38 UTC,sensor07,236476538,23.99,90.51,2025-08-18 10:10:04+00:00,33.992472,-81.041798,56.7,7.11,0.2,0.0,22.0,3D,2025-08-18 06:10:04-04:00,POINT (-81.041798 33.992472)
2025-08-18 05:57:43 UTC,sensor07,236476538,24.05,90.55,2025-08-18 10:10:07+00:00,33.992537,-81.041602,56.6,6.11,-0.1,68.14,22.0,3D,2025-08-18 06:10:07-04:00,POINT (-81.041602 33.992537)
2025-08-18 05:57:48 UTC,sensor07,236476538,24.12,90.18,2025-08-18 10:10:14+00:00,33.992648,-81.04123,57.2,4.56,0.09,69.68,22.0,3D,2025-08-18 06:10:14-04:00,POINT (-81.04123 33.992648)
2025-08-18 05:57:53 UTC,sensor07,236476538,24.18,89.96,2025-08-18 10:10:19+00:00,33.992718,-81.041043,56.8,2.54,-0.3,55.26,22.0,3D,2025-08-18 06:10:19-04:00,POINT (-81.041043 33.992718)
2025-08-18 05:57:58 UTC,sensor07,236476538,24.2,89.86,2025-08-18 10:10:24+00:00,33.992775,-81.040963,57.2,3.11,-0.1,54.24,22.0,3D,2025-08-18 06:10:24-04:00,POINT (-81.040963 33.992775)
2025-08-18 05:58:03 UTC,sensor07,236476538,24.19,89.82,2025-08-18 10:10:29+00:00,33.99293,-81.040867,57.5,4.85,-0.1,356.9,22.0,3D,2025-08-18 06:10:29-04:00,POINT (-81.040867 33.99293)
2025-08-18 05:58:08 UTC,sensor07,236476538,24.25,89.78,2025-08-18 10:10:34+00:00,33.99319,-81.04097,55.5,7.14,-0.5,339.81,22.0,3D,2025-08-18 06:10:34-04:00,POINT (-81.04097 33.99319)
2025-08-18 05:58:13 UTC,sensor07,236476538,24.2,89.65,2025-08-18 10:10:39+00:00,33.993508,-81.041155,55.2,7.76,0.0,338.02,22.0,3D,2025-08-18 06:10:39-04:00,POINT (-81.041155 33.993508)
2025-08-18 05:58:18 UTC,sensor07,236476538,24.16,89.7,2025-08-18 10:10:44+00:00,33.993868,-81.041318,54.0,8.42,0.1,339.39,22.0,3D,2025-08-18 06:10:44-04:00,POINT (-81.041318 33.993868)
2025-08-18 05:58:23 UTC,sensor07,236476538,24.19,89.85,2025-08-18 10:10:49+00:00,33.994173,-81.041447,54.1,6.93,0.1,340.18,22.0,3D,2025-08-18 06:10:49-04:00,POINT (-81.041447 33.994173)
2025-08-18 05:58:28 UTC,sensor07,236476538,24.24,89.69,2025-08-18 10:10:54+00:00,33.99446,-81.041585,54.8,6.67,0.1,338.34,22.0,3D,2025-08-18 06:10:54-04:00,POINT (-81.041585 33.99446)
2025-08-18 05:58:33 UTC,sensor07,236476538,24.29,89.54,2025-08-18 10:11:00+00:00,33.99481,-81.04175,55.4,7.45,0.1,0.0,22.0,3D,2025-08-18 06:11:00-04:00,POINT (-81.04175 33.99481)
2025-08-18 05:58:38 UTC,sensor07,236476538,24.3,89.39,2025-08-18 10:11:05+00:00,33.995103,-81.041898,55.3,6.93,-0.3,0.0,22.0,3D,2025-08-18 06:11:05-04:00,POINT (-81.041898 33.995103)
2025-08-18 05:58:43 UTC,sensor07,236476538,24.32,89.41,2025-08-18 10:11:10+00:00,33.99536,-81.042037,55.4,5.61,-0.1,0.0,22.0,3D,2025-08-18 06:11:10-04:00,POINT (-81.042037 33.99536)
2025-08-18 05:58:53 UTC,sensor07,236476538,24.26,89.42,2025-08-18 10:11:20+00:00,33.995447,-81.042273,55.0,4.98,-0.1,0.0,22.0,3D,2025-08-18 06:11:20-04:00,POINT (-81.042273 33.995447)
2025-08-18 05:58:58 UTC,sensor07,236476538,24.22,89.54,2025-08-18 10:11:25+00:00,33.995338,-81.04259,54.5,7.04,-0.2,0.0,22.0,3D,2025-08-18 06:11:25-04:00,POINT (-81.04259 33.995338)
2025-08-18 05:59:03 UTC,sensor07,236476538,24.23,89.74,2025-08-18 10:11:30+00:00,33.995213,-81.042965,54.4,7.58,0.1,250.31,22.0,3D,2025-08-18 06:11:30-04:00,POINT (-81.042965 33.995213)
2025-08-18 05:59:08 UTC,sensor07,236476538,24.22,89.72,2025-08-18 10:11:35+00:00,33.99511,-81.0433,53.9,5.17,-0.2,252.89,22.0,3D,2025-08-18 06:11:35-04:00,POINT (-81.0433 33.99511)
2025-08-18 05:59:13 UTC,sensor07,236476538,24.22,89.76,2025-08-18 10:11:40+00:00,33.995077,-81.043527,53.6,2.83,0.3,266.09,22.0,3D,2025-08-18 06:11:40-04:00,POINT (-81.043527 33.995077)
2025-08-18 05:59:18 UTC,sensor07,236476538,24.18,89.92,2025-08-18 10:11:45+00:00,33.995083,-81.043607,54.2,2.25,0.2,273.87,22.0,3D,2025-08-18 06:11:45-04:00,POINT (-81.043607 33.995083)
2025-08-18 05:59:23 UTC,sensor07,236476538,24.16,89.98,2025-08-18 10:11:50+00:00,33.99524,-81.043742,53.7,7.17,-0.1,339.7,22.0,3D,2025-08-18 06:11:50-04:00,POINT (-81.043742 33.99524)
2025-08-18 05:59:28 UTC,sensor07,236476538,24.11,90.05,2025-08-18 10:11:55+00:00,33.995638,-81.043912,52.8,10.26,-0.3,340.03,22.0,3D,2025-08-18 06:11:55-04:00,POINT (-81.043912 33.995638)
2025-08-18 05:59:33 UTC,sensor07,236476538,24.21,90.19,2025-08-18 10:12:00+00:00,33.996117,-81.044107,48.5,10.15,-1.1,340.94,22.0,3D,2025-08-18 06:12:00-04:00,POINT (-81.044107 33.996117)
2025-08-18 05:59:38 UTC,sensor07,236476538,24.34,89.87,2025-08-18 10:12:05+00:00,33.996522,-81.04427,49.0,8.21,0.1,340.31,22.0,3D,2025-08-18 06:12:05-04:00,POINT (-81.04427 33.996522)
2025-08-18 05:59:43 UTC,sensor07,236476538,24.47,89.47,2025-08-18 10:12:07+00:00,33.996657,-81.044323,48.9,7.64,-0.1,340.75,22.0,3D,2025-08-18 06:12:07-04:00,POINT (-81.044323 33.996657)
2025-08-18 05:59:49 UTC,sensor07,236476538,24.43,89.21,2025-08-18 10:12:15+00:00,33.997103,-81.044518,53.2,6.63,1.2,338.57,22.0,3D,2025-08-18 06:12:15-04:00,POINT (-81.044518 33.997103)
2025-08-18 05:59:54 UTC,sensor07,236476538,24.42,89.18,2025-08-18 10:12:20+00:00,33.997355,-81.044638,53.7,5.21,-0.3,339.12,22.0,3D,2025-08-18 06:12:20-04:00,POINT (-81.044638 33.997355)
2025-08-18 05:59:59 UTC,sensor07,236476538,24.41,89.16,2025-08-18 10:12:25+00:00,33.997518,-81.044713,54.5,2.31,0.6,338.78,22.0,3D,2025-08-18 06:12:25-04:00,POINT (-81.044713 33.997518)
2025-08-18 06:00:14 UTC,sensor07,236476538,24.54,89.24,2025-08-18 10:12:40+00:00,33.997585,-81.04476,55.7,3.3,0.1,338.6,22.0,3D,2025-08-18 06:12:40-04:00,POINT (-81.04476 33.997585)
2025-08-18 06:00:19 UTC,sensor07,236476538,24.57,89.05,2025-08-18 10:12:45+00:00,33.997808,-81.044872,56.4,6.59,0.2,337.46,22.0,3D,2025-08-18 06:12:45-04:00,POINT (-81.044872 33.997808)
2025-08-18 06:00:24 UTC,sensor07,236476538,24.6,88.93,2025-08-18 10:12:50+00:00,33.998072,-81.044987,57.9,6.52,0.6,339.07,22.0,3D,2025-08-18 06:12:50-04:00,POINT (-81.044987 33.998072)
2025-08-18 06:00:29 UTC,sensor07,236476538,24.56,88.8,2025-08-18 10:12:55+00:00,33.998383,-81.045123,60.0,7.43,0.6,338.31,22.0,3D,2025-08-18 06:12:55-04:00,POINT (-81.045123 33.998383)
2025-08-18 06:00:34 UTC,sensor07,236476538,24.6,88.83,2025-08-18 10:13:00+00:00,33.998723,-81.045275,61.9,8.28,0.2,337.1,22.0,3D,2025-08-18 06:13:00-04:00,POINT (-81.045275 33.998723)
2025-08-18 06:00:39 UTC,sensor07,236476538,24.58,88.79,2025-08-18 10:13:05+00:00,33.999077,-81.045467,63.0,8.15,0.2,338.9,22.0,3D,2025-08-18 06:13:05-04:00,POINT (-81.045467 33.999077)
2025-08-18 06:00:44 UTC,sensor07,236476538,24.54,88.79,2025-08-18 10:13:10+00:00,33.999433,-81.045632,64.5,8.64,0.2,338.53,22.0,3D,2025-08-18 06:13:10-04:00,POINT (-81.045632 33.999433)
2025-08-18 06:00:49 UTC,sensor07,236476538,24.51,88.88,2025-08-18 10:13:16+00:00,33.999878,-81.045863,63.6,8.93,-0.3,0.0,22.0,3D,2025-08-18 06:13:16-04:00,POINT (-81.045863 33.999878)
2025-08-18 06:00:54 UTC,sensor07,236476538,24.52,88.98,2025-08-18 10:13:21+00:00,34.000268,-81.046028,62.6,9.7,-0.2,0.0,22.0,3D,2025-08-18 06:13:21-04:00,POINT (-81.046028 34.000268)
2025-08-18 06:00:59 UTC,sensor07,236476538,24.49,89.1,2025-08-18 10:13:26+00:00,34.00066,-81.046165,56.4,8.63,-2.5,0.0,23.0,3D,2025-08-18 06:13:26-04:00,POINT (-81.046165 34.00066)
2025-08-18 06:01:04 UTC,sensor07,236476538,24.5,89.11,2025-08-18 10:13:31+00:00,34.001018,-81.046308,53.6,8.64,-0.3,0.0,23.0,3D,2025-08-18 06:13:31-04:00,POINT (-81.046308 34.001018)
2025-08-18 06:01:09 UTC,sensor07,236476538,24.47,89.06,2025-08-18 10:13:36+00:00,34.00138,-81.046465,54.5,8.02,0.5,0.0,23.0,3D,2025-08-18 06:13:36-04:00,POINT (-81.046465 34.00138)
2025-08-18 06:01:14 UTC,sensor07,236476538,24.49,88.98,2025-08-18 10:13:41+00:00,34.001737,-81.046632,57.7,9.27,1.5,340.61,23.0,3D,2025-08-18 06:13:41-04:00,POINT (-81.046632 34.001737)
2025-08-18 06:01:19 UTC,sensor07,236476538,24.48,88.89,2025-08-18 10:13:46+00:00,34.002137,-81.046817,59.0,9.22,-0.2,340.23,23.0,3D,2025-08-18 06:13:46-04:00,POINT (-81.046817 34.002137)
2025-08-18 06:01:24 UTC,sensor07,236476538,24.52,88.74,2025-08-18 10:13:51+00:00,34.00248,-81.04697,59.7,6.83,0.1,338.14,23.0,3D,2025-08-18 06:13:51-04:00,POINT (-81.04697 34.00248)
2025-08-18 06:01:29 UTC,sensor07,236476538,24.5,88.62,2025-08-18 10:13:56+00:00,34.002748,-81.047107,61.7,6.04,0.5,337.2,23.0,3D,2025-08-18 06:13:56-04:00,POINT (-81.047107 34.002748)
2025-08-18 06:01:34 UTC,sensor07,236476538,24.51,88.56,2025-08-18 10:14:01+00:00,34.00294,-81.04721,64.5,3.12,1.6,339.61,23.0,3D,2025-08-18 06:14:01-04:00,POINT (-81.04721 34.00294)
2025-08-18 06:01:39 UTC,sensor07,236476538,24.51,88.54,2025-08-18 10:14:06+00:00,34.00302,-81.047287,69.4,3.6,1.5,317.44,23.0,3D,2025-08-18 06:14:06-04:00,POINT (-81.047287 34.00302)
2025-08-18 06:01:44 UTC,sensor07,236476538,24.51,88.47,2025-08-18 10:14:11+00:00,34.003063,-81.047562,69.2,5.96,-0.2,255.18,23.0,3D,2025-08-18 06:14:11-04:00,POINT (-81.047562 34.003063)
2025-08-18 06:01:49 UTC,sensor07,236476538,24.42,88.67,2025-08-18 10:14:13+00:00,34.003023,-81.047697,68.6,6.91,-0.2,248.58,23.0,3D,2025-08-18 06:14:13-04:00,POINT (-81.047697 34.003023)
2025-08-18 06:01:54 UTC,sensor07,236476538,24.36,88.96,2025-08-18 10:14:21+00:00,34.002842,-81.04832,67.0,7.62,-0.4,249.45,23.0,3D,2025-08-18 06:14:21-04:00,POINT (-81.04832 34.002842)
2025-08-18 06:01:59 UTC,sensor07,236476538,24.26,89.13,2025-08-18 10:14:26+00:00,34.00273,-81.048655,63.9,5.61,-0.7,245.04,23.0,3D,2025-08-18 06:14:26-04:00,POINT (-81.048655 34.00273)
2025-08-18 06:02:05 UTC,sensor07,236476538,24.24,89.44,2025-08-18 10:14:31+00:00,34.002555,-81.048878,61.4,5.55,-0.4,201.67,23.0,3D,2025-08-18 06:14:31-04:00,POINT (-81.048878 34.002555)
2025-08-18 06:02:10 UTC,sensor07,236476538,24.23,89.63,2025-08-18 10:14:36+00:00,34.002295,-81.048837,61.8,6.13,-0.2,159.78,23.0,3D,2025-08-18 06:14:36-04:00,POINT (-81.048837 34.002295)
2025-08-18 06:02:15 UTC,sensor07,236476538,24.27,89.68,2025-08-18 10:14:41+00:00,34.001998,-81.048707,61.0,6.79,-0.3,160.05,23.0,3D,2025-08-18 06:14:41-04:00,POINT (-81.048707 34.001998)
2025-08-18 06:02:20 UTC,sensor07,236476538,24.32,89.64,2025-08-18 10:14:46+00:00,34.001717,-81.048587,60.7,5.99,-0.3,158.4,23.0,3D,2025-08-18 06:14:46-04:00,POINT (-81.048587 34.001717)
2025-08-18 06:02:25 UTC,sensor07,236476538,24.26,89.64,2025-08-18 10:14:51+00:00,34.001498,-81.048502,60.1,4.15,-0.1,172.9,23.0,3D,2025-08-18 06:14:51-04:00,POINT (-81.048502 34.001498)
2025-08-18 06:02:30 UTC,sensor07,236476538,24.24,89.85,2025-08-18 10:14:56+00:00,34.001318,-81.048573,59.5,4.79,0.3,215.36,23.0,3D,2025-08-18 06:14:56-04:00,POINT (-81.048573 34.001318)
2025-08-18 06:02:35 UTC,sensor07,236476538,24.17,90.03,2025-08-18 10:15:01+00:00,34.00119,-81.048882,60.6,7.55,-0.5,249.4,23.0,3D,2025-08-18 06:15:01-04:00,POINT (-81.048882 34.00119)
2025-08-18 06:02:40 UTC,sensor07,236476538,24.18,90.13,2025-08-18 10:15:06+00:00,34.001037,-81.049338,62.6,10.29,0.5,246.75,23.0,3D,2025-08-18 06:15:06-04:00,POINT (-81.049338 34.001037)
2025-08-18 06:02:45 UTC,sensor07,236476538,24.19,90.14,2025-08-18 10:15:11+00:00,34.000867,-81.049877,64.2,9.64,0.6,248.43,23.0,3D,2025-08-18 06:15:11-04:00,POINT (-81.049877 34.000867)
2025-08-18 06:02:50 UTC,sensor07,236476538,24.18,90.14,2025-08-18 10:15:16+00:00,34.00071,-81.050335,62.7,8.32,-0.4,245.41,23.0,3D,2025-08-18 06:15:16-04:00,POINT (-81.050335 34.00071)
2025-08-18 06:02:55 UTC,sensor07,236476538,24.17,90.11,2025-08-18 10:15:21+00:00,34.00055,-81.05073,61.2,8.64,-0.4,242.64,23.0,3D,2025-08-18 06:15:21-04:00,POINT (-81.05073 34.00055)
2025-08-18 06:03:00 UTC,sensor07,236476538,24.1,90.43,2025-08-18 10:15:27+00:00,34.000317,-81.051245,59.0,9.2,-0.5,0.0,23.0,3D,2025-08-18 06:15:27-04:00,POINT (-81.051245 34.000317)
2025-08-18 06:03:05 UTC,sensor07,236476538,24.01,90.92,2025-08-18 10:15:32+00:00,34.000123,-81.051703,57.5,9.75,-0.2,0.0,23.0,3D,2025-08-18 06:15:32-04:00,POINT (-81.051703 34.000123)
2025-08-18 06:03:10 UTC,sensor07,236476538,24.04,91.39,2025-08-18 10:15:37+00:00,33.99992,-81.052177,55.4,9.87,0.0,0.0,23.0,3D,2025-08-18 06:15:37-04:00,POINT (-81.052177 33.99992)
2025-08-18 06:03:15 UTC,sensor07,236476538,23.96,91.55,2025-08-18 10:15:42+00:00,33.999722,-81.052632,53.6,9.34,-0.5,0.0,23.0,3D,2025-08-18 06:15:42-04:00,POINT (-81.052632 33.999722)
2025-08-18 06:03:20 UTC,sensor07,236476538,23.95,91.77,2025-08-18 10:15:47+00:00,33.999533,-81.053065,51.9,8.84,-0.2,0.0,23.0,3D,2025-08-18 06:15:47-04:00,POINT (-81.053065 33.999533)
2025-08-18 06:03:25 UTC,sensor07,236476538,24.03,92.16,2025-08-18 10:15:52+00:00,33.999352,-81.053463,52.0,8.57,0.2,0.0,23.0,3D,2025-08-18 06:15:52-04:00,POINT (-81.053463 33.999352)
2025-08-18 06:03:30 UTC,sensor07,236476538,24.02,92.02,2025-08-18 10:15:57+00:00,33.999167,-81.053868,53.1,8.29,0.2,241.85,23.0,3D,2025-08-18 06:15:57-04:00,POINT (-81.053868 33.999167)
2025-08-18 06:03:35 UTC,sensor07,236476538,23.99,91.8,2025-08-18 10:16:02+00:00,33.998977,-81.054267,54.5,8.9,0.6,239.1,23.0,3D,2025-08-18 06:16:02-04:00,POINT (-81.054267 33.998977)
2025-08-18 06:03:40 UTC,sensor07,236476538,23.87,91.7,2025-08-18 10:16:07+00:00,33.99876,-81.054672,57.5,8.57,0.5,240.55,23.0,3D,2025-08-18 06:16:07-04:00,POINT (-81.054672 33.99876)
2025-08-18 06:03:45 UTC,sensor07,236476538,23.76,91.58,2025-08-18 10:16:12+00:00,33.99857,-81.05508,0.0,8.52,0.0,240.98,23.0,3D,2025-08-18 06:16:12-04:00,POINT (-81.05508 33.99857)
2025-08-18 06:03:50 UTC,sensor07,236476538,23.65,91.64,2025-08-18 10:16:14+00:00,33.998498,-81.055242,57.2,8.44,-0.3,0.0,18.0,3D,2025-08-18 06:16:14-04:00,POINT (-81.055242 33.998498)
2025-08-18 06:03:55 UTC,sensor07,236476538,23.62,91.86,2025-08-18 10:16:22+00:00,33.998205,-81.055892,55.7,8.84,-0.19,240.86,18.0,3D,2025-08-18 06:16:22-04:00,POINT (-81.055892 33.998205)
2025-08-18 06:04:00 UTC,sensor07,236476538,23.6,91.77,2025-08-18 10:16:27+00:00,33.998022,-81.056335,54.4,9.09,0.2,241.71,23.0,3D,2025-08-18 06:16:27-04:00,POINT (-81.056335 33.998022)
2025-08-18 06:04:05 UTC,sensor07,236476538,23.57,91.71,2025-08-18 10:16:32+00:00,33.997828,-81.056742,57.7,8.24,0.6,239.34,23.0,3D,2025-08-18 06:16:32-04:00,POINT (-81.056742 33.997828)
2025-08-18 06:04:11 UTC,sensor07,236476538,23.58,91.85,2025-08-18 10:16:37+00:00,33.997645,-81.057127,58.9,8.15,0.0,241.51,23.0,3D,2025-08-18 06:16:37-04:00,POINT (-81.057127 33.997645)
2025-08-18 06:04:16 UTC,sensor07,236476538,23.61,92.09,2025-08-18 10:16:42+00:00,33.997467,-81.057527,60.9,8.72,0.4,241.09,23.0,3D,2025-08-18 06:16:42-04:00,POINT (-81.057527 33.997467)
2025-08-18 06:04:21 UTC,sensor07,236476538,23.55,92.1,2025-08-18 10:16:47+00:00,33.997282,-81.057932,61.6,8.11,0.1,240.91,23.0,3D,2025-08-18 06:16:47-04:00,POINT (-81.057932 33.997282)
2025-08-18 06:04:26 UTC,sensor07,236476538,23.48,92.21,2025-08-18 10:16:52+00:00,33.99711,-81.058298,62.2,7.64,0.1,239.3,23.0,3D,2025-08-18 06:16:52-04:00,POINT (-81.058298 33.99711)
2025-08-18 06:04:31 UTC,sensor07,236476538,23.43,92.31,2025-08-18 10:16:57+00:00,33.996927,-81.058648,62.5,7.57,0.2,239.32,23.0,3D,2025-08-18 06:16:57-04:00,POINT (-81.058648 33.996927)
2025-08-18 06:04:36 UTC,sensor07,236476538,23.37,92.45,2025-08-18 10:17:02+00:00,33.996738,-81.059002,62.8,7.83,0.0,236.85,23.0,3D,2025-08-18 06:17:02-04:00,POINT (-81.059002 33.996738)
2025-08-18 06:04:41 UTC,sensor07,236476538,23.39,92.59,2025-08-18 10:17:07+00:00,33.996548,-81.059358,63.0,8.09,0.3,237.48,23.0,3D,2025-08-18 06:17:07-04:00,POINT (-81.059358 33.996548)
2025-08-18 06:04:46 UTC,sensor07,236476538,23.47,92.57,2025-08-18 10:17:12+00:00,33.996342,-81.059738,63.2,8.32,-0.1,236.84,23.0,3D,2025-08-18 06:17:12-04:00,POINT (-81.059738 33.996342)
2025-08-18 06:04:51 UTC,sensor07,236476538,23.48,92.18,2025-08-18 10:17:17+00:00,33.996133,-81.060118,64.3,8.63,-0.2,238.08,23.0,3D,2025-08-18 06:17:17-04:00,POINT (-81.060118 33.996133)
2025-08-18 06:04:56 UTC,sensor07,236476538,23.44,91.82,2025-08-18 10:17:22+00:00,33.995923,-81.060517,64.8,9.16,-0.2,237.69,23.0,3D,2025-08-18 06:17:22-04:00,POINT (-81.060517 33.995923)
2025-08-18 06:05:01 UTC,sensor07,236476538,23.42,91.64,2025-08-18 10:17:27+00:00,33.995715,-81.06094,64.8,8.59,0.0,241.58,23.0,3D,2025-08-18 06:17:27-04:00,POINT (-81.06094 33.995715)
2025-08-18 06:05:06 UTC,sensor07,236476538,23.42,91.63,2025-08-18 10:17:32+00:00,33.995555,-81.061323,67.1,8.01,0.8,243.75,23.0,3D,2025-08-18 06:17:32-04:00,POINT (-81.061323 33.995555)
2025-08-18 06:05:11 UTC,sensor07,236476538,23.36,91.67,2025-08-18 10:17:37+00:00,33.995417,-81.061708,68.7,7.71,-0.1,246.66,23.0,3D,2025-08-18 06:17:37-04:00,POINT (-81.061708 33.995417)
2025-08-18 06:05:16 UTC,sensor07,236476538,23.38,91.68,2025-08-18 10:17:43+00:00,33.995258,-81.062185,67.4,8.1,-0.6,0.0,23.0,3D,2025-08-18 06:17:43-04:00,POINT (-81.062185 33.995258)
2025-08-18 06:05:21 UTC,sensor07,236476538,23.38,91.61,2025-08-18 10:17:48+00:00,33.995127,-81.062597,65.8,7.96,0.2,0.0,23.0,3D,2025-08-18 06:17:48-04:00,POINT (-81.062597 33.995127)
2025-08-18 06:05:26 UTC,sensor07,236476538,23.37,91.49,2025-08-18 10:17:53+00:00,33.994997,-81.062992,68.9,7.96,0.7,0.0,23.0,3D,2025-08-18 06:17:53-04:00,POINT (-81.062992 33.994997)
2025-08-18 06:05:31 UTC,sensor07,236476538,23.35,91.42,2025-08-18 10:17:58+00:00,33.994858,-81.063422,69.6,8.83,0.1,0.0,23.0,3D,2025-08-18 06:17:58-04:00,POINT (-81.063422 33.994858)
2025-08-18 06:05:36 UTC,sensor07,236476538,23.32,91.36,2025-08-18 10:18:03+00:00,33.994705,-81.063877,73.1,9.52,0.7,0.0,23.0,3D,2025-08-18 06:18:03-04:00,POINT (-81.063877 33.994705)
2025-08-18 06:05:41 UTC,sensor07,236476538,23.34,91.43,2025-08-18 10:18:08+00:00,33.994557,-81.064318,74.7,8.1,0.3,0.0,23.0,3D,2025-08-18 06:18:08-04:00,POINT (-81.064318 33.994557)
2025-08-18 06:05:46 UTC,sensor07,236476538,23.34,91.45,2025-08-18 10:18:13+00:00,33.994412,-81.064728,75.9,8.21,0.4,248.16,23.0,3D,2025-08-18 06:18:13-04:00,POINT (-81.064728 33.994412)
2025-08-18 06:05:51 UTC,sensor07,236476538,23.34,91.46,2025-08-18 10:18:18+00:00,33.994275,-81.065158,77.6,8.76,0.1,248.23,23.0,3D,2025-08-18 06:18:18-04:00,POINT (-81.065158 33.994275)
2025-08-18 06:05:56 UTC,sensor07,236476538,23.33,91.45,2025-08-18 10:18:23+00:00,33.994127,-81.065598,78.6,8.43,0.4,247.84,22.0,3D,2025-08-18 06:18:23-04:00,POINT (-81.065598 33.994127)
2025-08-18 06:06:01 UTC,sensor07,236476538,23.35,91.55,2025-08-18 10:18:28+00:00,33.99398,-81.066033,79.1,8.88,0.2,248.16,22.0,3D,2025-08-18 06:18:28-04:00,POINT (-81.066033 33.99398)
2025-08-18 06:06:06 UTC,sensor07,236476538,23.28,91.63,2025-08-18 10:18:33+00:00,33.993818,-81.066512,80.0,9.8,0.0,247.87,22.0,3D,2025-08-18 06:18:33-04:00,POINT (-81.066512 33.993818)
2025-08-18 06:06:11 UTC,sensor07,236476538,23.29,91.74,2025-08-18 10:18:38+00:00,33.993655,-81.067008,81.1,10.18,0.9,248.56,22.0,3D,2025-08-18 06:18:38-04:00,POINT (-81.067008 33.993655)
2025-08-18 06:06:16 UTC,sensor07,236476538,23.32,91.69,2025-08-18 10:18:43+00:00,33.993498,-81.067488,81.1,8.63,-0.2,248.81,22.0,3D,2025-08-18 06:18:43-04:00,POINT (-81.067488 33.993498)
2025-08-18 06:06:21 UTC,sensor07,236476538,23.32,91.63,2025-08-18 10:18:48+00:00,33.99335,-81.067927,81.5,8.7,0.0,247.79,22.0,3D,2025-08-18 06:18:48-04:00,POINT (-81.067927 33.99335)
2025-08-18 06:06:27 UTC,sensor07,236476538,23.3,91.39,2025-08-18 10:18:53+00:00,33.993202,-81.06835,81.7,7.91,-0.2,249.31,22.0,3D,2025-08-18 06:18:53-04:00,POINT (-81.06835 33.993202)
2025-08-18 06:06:32 UTC,sensor07,236476538,23.23,91.38,2025-08-18 10:18:58+00:00,33.993083,-81.068717,81.5,7.24,0.1,249.27,22.0,3D,2025-08-18 06:18:58-04:00,POINT (-81.068717 33.993083)
2025-08-18 06:06:37 UTC,sensor07,236476538,23.23,91.63,2025-08-18 10:19:03+00:00,33.992963,-81.0691,81.8,7.83,0.1,248.14,22.0,3D,2025-08-18 06:19:03-04:00,POINT (-81.0691 33.992963)
2025-08-18 06:06:42 UTC,sensor07,236476538,23.19,91.72,2025-08-18 10:19:08+00:00,33.99284,-81.069473,83.5,7.28,0.6,247.66,22.0,3D,2025-08-18 06:19:08-04:00,POINT (-81.069473 33.99284)
2025-08-18 06:06:47 UTC,sensor07,236476538,23.2,91.76,2025-08-18 10:19:13+00:00,33.992717,-81.069848,84.4,7.49,0.0,248.94,22.0,3D,2025-08-18 06:19:13-04:00,POINT (-81.069848 33.992717)
2025-08-18 06:06:52 UTC,sensor07,236476538,23.27,91.74,2025-08-18 10:19:18+00:00,33.99259,-81.070232,85.1,7.51,0.2,248.14,22.0,3D,2025-08-18 06:19:18-04:00,POINT (-81.070232 33.99259)
2025-08-18 06:06:57 UTC,sensor07,236476538,23.36,91.61,2025-08-18 10:19:23+00:00,33.992467,-81.070608,85.4,7.36,0.0,248.96,22.0,3D,2025-08-18 06:19:23-04:00,POINT (-81.070608 33.992467)
2025-08-18 06:07:02 UTC,sensor07,236476538,23.36,91.34,2025-08-18 10:19:28+00:00,33.992352,-81.070985,86.3,7.51,0.3,249.92,22.0,3D,2025-08-18 06:19:28-04:00,POINT (-81.070985 33.992352)
2025-08-18 06:07:07 UTC,sensor07,236476538,23.38,91.19,2025-08-18 10:19:33+00:00,33.99224,-81.07137,88.1,7.68,0.3,252.25,22.0,3D,2025-08-18 06:19:33-04:00,POINT (-81.07137 33.99224)
2025-08-18 06:07:12 UTC,sensor07,236476538,23.32,90.97,2025-08-18 10:19:38+00:00,33.992135,-81.071772,89.4,7.77,0.3,253.67,22.0,3D,2025-08-18 06:19:38-04:00,POINT (-81.071772 33.992135)
2025-08-18 06:07:17 UTC,sensor07,236476538,23.19,91.04,2025-08-18 10:19:43+00:00,33.992042,-81.072192,89.6,7.95,0.0,254.96,22.0,3D,2025-08-18 06:19:43-04:00,POINT (-81.072192 33.992042)
2025-08-18 06:07:22 UTC,sensor07,236476538,23.2,91.2,2025-08-18 10:19:48+00:00,33.991957,-81.072605,89.1,7.64,-0.1,255.63,22.0,3D,2025-08-18 06:19:48-04:00,POINT (-81.072605 33.991957)
2025-08-18 06:07:27 UTC,sensor07,236476538,23.27,91.27,2025-08-18 10:19:53+00:00,33.991863,-81.073027,89.5,8.46,0.1,255.96,22.0,3D,2025-08-18 06:19:53-04:00,POINT (-81.073027 33.991863)
2025-08-18 06:07:32 UTC,sensor07,236476538,23.34,91.09,2025-08-18 10:19:59+00:00,33.991742,-81.073597,90.4,9.35,0.3,0.0,22.0,3D,2025-08-18 06:19:59-04:00,POINT (-81.073597 33.991742)
2025-08-18 06:07:37 UTC,sensor07,236476538,23.49,90.73,2025-08-18 10:20:04+00:00,33.99164,-81.074077,91.4,8.9,0.2,0.0,22.0,3D,2025-08-18 06:20:04-04:00,POINT (-81.074077 33.99164)
2025-08-18 06:07:42 UTC,sensor07,236476538,23.36,90.5,2025-08-18 10:20:09+00:00,33.991535,-81.074537,92.0,8.71,0.1,0.0,22.0,3D,2025-08-18 06:20:09-04:00,POINT (-81.074537 33.991535)
2025-08-18 06:07:47 UTC,sensor07,236476538,23.36,90.6,2025-08-18 10:20:14+00:00,33.991445,-81.074987,94.4,8.07,0.6,0.0,22.0,3D,2025-08-18 06:20:14-04:00,POINT (-81.074987 33.991445)
2025-08-18 06:07:52 UTC,sensor07,236476538,23.36,90.66,2025-08-18 10:20:19+00:00,33.991357,-81.075393,96.3,7.77,0.2,0.0,22.0,3D,2025-08-18 06:20:19-04:00,POINT (-81.075393 33.991357)
2025-08-18 06:07:57 UTC,sensor07,236476538,23.39,90.64,2025-08-18 10:20:24+00:00,33.991263,-81.075805,97.9,8.01,0.1,0.0,4.0,3D,2025-08-18 06:20:24-04:00,POINT (-81.075805 33.991263)
2025-08-18 06:08:02 UTC,sensor07,236476538,23.54,90.35,2025-08-18 10:20:29+00:00,33.99116,-81.076215,97.7,7.72,-0.3,0.0,8.0,3D,2025-08-18 06:20:29-04:00,POINT (-81.076215 33.99116)
2025-08-18 06:08:07 UTC,sensor07,236476538,23.48,89.97,2025-08-18 10:20:34+00:00,33.991048,-81.076622,99.4,7.98,0.2,0.0,8.0,3D,2025-08-18 06:20:34-04:00,POINT (-81.076622 33.991048)
2025-08-18 06:08:12 UTC,sensor07,236476538,23.5,90.13,2025-08-18 10:20:39+00:00,33.990922,-81.077035,100.8,8.04,0.3,0.0,8.0,3D,2025-08-18 06:20:39-04:00,POINT (-81.077035 33.990922)
2025-08-18 06:08:17 UTC,sensor07,236476538,23.55,89.97,2025-08-18 10:20:44+00:00,33.99079,-81.077422,101.8,7.68,0.3,0.0,13.0,3D,2025-08-18 06:20:44-04:00,POINT (-81.077422 33.99079)
2025-08-18 06:08:22 UTC,sensor07,236476538,23.6,89.8,2025-08-18 10:20:49+00:00,33.990642,-81.077825,103.8,8.53,0.2,0.0,13.0,3D,2025-08-18 06:20:49-04:00,POINT (-81.077825 33.990642)
2025-08-18 06:08:27 UTC,sensor07,236476538,23.65,89.59,2025-08-18 10:20:54+00:00,33.990492,-81.078235,104.6,8.25,0.2,0.0,13.0,3D,2025-08-18 06:20:54-04:00,POINT (-81.078235 33.990492)
2025-08-18 06:08:32 UTC,sensor07,236476538,23.68,89.49,2025-08-18 10:20:59+00:00,33.990333,-81.078673,104.2,8.96,-0.1,0.0,17.0,3D,2025-08-18 06:20:59-04:00,POINT (-81.078673 33.990333)
2025-08-18 06:08:38 UTC,sensor07,236476538,23.77,89.24,2025-08-18 10:21:04+00:00,33.990175,-81.079118,103.7,8.88,-0.2,0.0,17.0,3D,2025-08-18 06:21:04-04:00,POINT (-81.079118 33.990175)
2025-08-18 06:08:43 UTC,sensor07,236476538,23.8,89.03,2025-08-18 10:21:09+00:00,33.990013,-81.079558,104.6,8.96,0.4,0.0,22.0,3D,2025-08-18 06:21:09-04:00,POINT (-81.079558 33.990013)
2025-08-18 06:08:48 UTC,sensor07,236476538,23.79,88.94,2025-08-18 10:21:14+00:00,33.989853,-81.079992,105.6,8.88,0.2,0.0,22.0,3D,2025-08-18 06:21:14-04:00,POINT (-81.079992 33.989853)
2025-08-18 06:08:53 UTC,sensor07,236476538,23.77,88.91,2025-08-18 10:21:19+00:00,33.989682,-81.080487,106.0,11.17,0.0,0.0,22.0,3D,2025-08-18 06:21:19-04:00,POINT (-81.080487 33.989682)
2025-08-18 06:08:58 UTC,sensor07,236476538,23.8,89.0,2025-08-18 10:21:24+00:00,33.989505,-81.08095,105.3,8.65,0.1,246.24,22.0,3D,2025-08-18 06:21:24-04:00,POINT (-81.08095 33.989505)
2025-08-18 06:09:03 UTC,sensor07,236476538,23.81,88.85,2025-08-18 10:21:29+00:00,33.989347,-81.081387,105.5,8.75,-0.1,246.75,22.0,3D,2025-08-18 06:21:29-04:00,POINT (-81.081387 33.989347)
2025-08-18 06:09:08 UTC,sensor07,236476538,23.72,88.87,2025-08-18 10:21:34+00:00,33.989185,-81.081832,106.2,9.21,0.1,245.76,22.0,3D,2025-08-18 06:21:34-04:00,POINT (-81.081832 33.989185)
2025-08-18 06:09:13 UTC,sensor07,236476538,23.68,89.03,2025-08-18 10:21:39+00:00,33.989003,-81.082282,106.8,9.66,0.0,243.63,22.0,3D,2025-08-18 06:21:39-04:00,POINT (-81.082282 33.989003)
2025-08-18 06:09:18 UTC,sensor07,236476538,23.61,89.12,2025-08-18 10:21:44+00:00,33.988825,-81.082757,107.2,9.0,0.0,246.16,22.0,3D,2025-08-18 06:21:44-04:00,POINT (-81.082757 33.988825)
2025-08-18 06:09:23 UTC,sensor07,236476538,23.6,89.16,2025-08-18 10:21:49+00:00,33.988675,-81.083167,107.2,8.22,0.0,246.73,22.0,3D,2025-08-18 06:21:49-04:00,POINT (-81.083167 33.988675)
2025-08-18 06:09:28 UTC,sensor07,236476538,23.6,89.09,2025-08-18 10:21:54+00:00,33.988517,-81.083598,107.0,9.26,0.0,246.22,22.0,3D,2025-08-18 06:21:54-04:00,POINT (-81.083598 33.988517)
2025-08-18 06:09:33 UTC,sensor07,236476538,23.66,89.14,2025-08-18 10:21:59+00:00,33.988327,-81.084118,106.1,10.69,-0.6,246.58,22.0,3D,2025-08-18 06:21:59-04:00,POINT (-81.084118 33.988327)
2025-08-18 06:09:38 UTC,sensor07,236476538,23.74,88.96,2025-08-18 10:22:05+00:00,33.9881,-81.084773,104.0,10.88,-0.9,0.0,22.0,3D,2025-08-18 06:22:05-04:00,POINT (-81.084773 33.9881)
2025-08-18 06:09:43 UTC,sensor07,236476538,23.64,88.68,2025-08-18 10:22:09+00:00,33.987938,-81.08523,103.5,11.69,-0.3,248.73,22.0,3D,2025-08-18 06:22:09-04:00,POINT (-81.08523 33.987938)
2025-08-18 06:09:48 UTC,sensor07,236476538,23.48,89.01,2025-08-18 10:22:14+00:00,33.987742,-81.085828,101.8,12.04,-0.34,249.76,22.0,3D,2025-08-18 06:22:14-04:00,POINT (-81.085828 33.987742)
2025-08-18 06:09:53 UTC,sensor07,236476538,23.38,89.45,2025-08-18 10:22:20+00:00,33.987522,-81.086542,100.3,11.38,-0.3,0.0,22.0,3D,2025-08-18 06:22:20-04:00,POINT (-81.086542 33.987522)
2025-08-18 06:09:58 UTC,sensor07,236476538,23.33,89.81,2025-08-18 10:22:25+00:00,33.98735,-81.087057,100.7,9.82,0.0,249.33,22.0,3D,2025-08-18 06:22:25-04:00,POINT (-81.087057 33.98735)
2025-08-18 06:10:03 UTC,sensor07,236476538,23.18,90.11,2025-08-18 10:22:30+00:00,33.987193,-81.087595,95.8,10.31,-0.1,249.85,22.0,3D,2025-08-18 06:22:30-04:00,POINT (-81.087595 33.987193)
2025-08-18 06:10:08 UTC,sensor07,236476538,23.17,90.47,2025-08-18 10:22:35+00:00,33.987033,-81.088127,93.9,10.55,0.5,249.74,22.0,3D,2025-08-18 06:22:35-04:00,POINT (-81.088127 33.987033)
2025-08-18 06:10:13 UTC,sensor07,236476538,23.23,90.77,2025-08-18 10:22:40+00:00,33.98688,-81.0886,93.6,8.63,0.2,250.9,22.0,3D,2025-08-18 06:22:40-04:00,POINT (-81.0886 33.98688)
2025-08-18 06:10:18 UTC,sensor07,236476538,23.19,90.79,2025-08-18 10:22:45+00:00,33.986772,-81.088947,95.4,4.01,0.4,233.02,22.0,3D,2025-08-18 06:22:45-04:00,POINT (-81.088947 33.986772)
2025-08-18 06:10:23 UTC,sensor07,236476538,23.23,90.89,2025-08-18 10:22:50+00:00,33.98666,-81.088913,96.7,3.66,0.2,129.8,22.0,3D,2025-08-18 06:22:50-04:00,POINT (-81.088913 33.98666)
2025-08-18 06:10:28 UTC,sensor07,236476538,23.27,90.86,2025-08-18 10:22:55+00:00,33.986677,-81.088637,96.4,6.22,0.1,71.37,22.0,3D,2025-08-18 06:22:55-04:00,POINT (-81.088637 33.986677)
2025-08-18 06:10:34 UTC,sensor07,236476538,23.33,90.79,2025-08-18 10:23:00+00:00,33.986792,-81.08825,96.4,7.77,-0.1,71.55,22.0,3D,2025-08-18 06:23:00-04:00,POINT (-81.08825 33.986792)
2025-08-18 06:10:39 UTC,sensor07,236476538,23.36,90.66,2025-08-18 10:23:05+00:00,33.986907,-81.087845,95.8,8.04,0.1,70.05,22.0,3D,2025-08-18 06:23:05-04:00,POINT (-81.087845 33.986907)
2025-08-18 06:10:44 UTC,sensor07,236476538,23.36,90.43,2025-08-18 10:23:10+00:00,33.987033,-81.087435,96.3,7.74,0.4,73.51,22.0,3D,2025-08-18 06:23:10-04:00,POINT (-81.087435 33.987033)
2025-08-18 06:10:49 UTC,sensor07,236476538,23.38,90.28,2025-08-18 10:23:15+00:00,33.987118,-81.087048,96.1,7.15,-0.3,73.65,22.0,3D,2025-08-18 06:23:15-04:00,POINT (-81.087048 33.987118)
2025-08-18 06:10:54 UTC,sensor07,236476538,23.38,90.26,2025-08-18 10:23:20+00:00,33.987203,-81.086735,97.6,4.96,0.4,71.76,22.0,3D,2025-08-18 06:23:20-04:00,POINT (-81.086735 33.987203)
2025-08-18 06:11:09 UTC,sensor07,236476538,23.29,90.35,2025-08-18 10:23:35+00:00,33.987123,-81.086392,99.5,4.01,0.0,150.1,22.0,3D,2025-08-18 06:23:35-04:00,POINT (-81.086392 33.987123)
2025-08-18 06:11:14 UTC,sensor07,236476538,23.22,90.4,2025-08-18 10:23:40+00:00,33.986938,-81.086275,98.8,4.76,0.0,153.5,22.0,3D,2025-08-18 06:23:40-04:00,POINT (-81.086275 33.986938)
2025-08-18 06:11:19 UTC,sensor07,236476538,23.18,90.55,2025-08-18 10:23:45+00:00,33.986737,-81.086197,98.8,4.76,0.0,165.48,22.0,3D,2025-08-18 06:23:45-04:00,POINT (-81.086197 33.986737)
2025-08-18 06:11:24 UTC,sensor07,236476538,23.15,90.81,2025-08-18 10:23:50+00:00,33.986525,-81.086175,96.4,4.66,-0.7,175.5,22.0,3D,2025-08-18 06:23:50-04:00,POINT (-81.086175 33.986525)
2025-08-18 06:11:29 UTC,sensor07,236476538,23.12,90.89,2025-08-18 10:23:55+00:00,33.986302,-81.086168,97.5,4.85,0.3,177.64,22.0,3D,2025-08-18 06:23:55-04:00,POINT (-81.086168 33.986302)
2025-08-18 06:11:34 UTC,sensor07,236476538,23.11,90.99,2025-08-18 10:24:00+00:00,33.98607,-81.086152,98.0,5.14,0.2,170.81,22.0,3D,2025-08-18 06:24:00-04:00,POINT (-81.086152 33.98607)
2025-08-18 06:11:39 UTC,sensor07,236476538,23.07,91.13,2025-08-18 10:24:06+00:00,33.985802,-81.086077,95.0,4.83,-1.0,0.0,22.0,3D,2025-08-18 06:24:06-04:00,POINT (-81.086077 33.985802)
2025-08-18 06:11:44 UTC,sensor07,236476538,23.07,91.2,2025-08-18 10:24:09+00:00,33.985697,-81.086037,94.2,3.61,-0.3,160.51,22.0,3D,2025-08-18 06:24:09-04:00,POINT (-81.086037 33.985697)
2025-08-18 06:12:09 UTC,sensor07,236476538,23.24,91.08,2025-08-18 10:24:36+00:00,33.985397,-81.085902,95.0,4.45,0.4,129.23,22.0,3D,2025-08-18 06:24:36-04:00,POINT (-81.085902 33.985397)
2025-08-18 06:12:14 UTC,sensor07,236476538,23.38,90.81,2025-08-18 10:24:41+00:00,33.985378,-81.085568,99.6,7.36,1.1,82.96,22.0,3D,2025-08-18 06:24:41-04:00,POINT (-81.085568 33.985378)
2025-08-18 06:12:19 UTC,sensor07,236476538,23.47,90.42,2025-08-18 10:24:46+00:00,33.985428,-81.085167,102.8,6.71,0.5,80.84,22.0,3D,2025-08-18 06:24:46-04:00,POINT (-81.085167 33.985428)
2025-08-18 06:12:24 UTC,sensor07,236476538,23.57,89.97,2025-08-18 10:24:51+00:00,33.98547,-81.084795,105.2,6.73,0.6,80.94,22.0,3D,2025-08-18 06:24:51-04:00,POINT (-81.084795 33.98547)
2025-08-18 06:12:29 UTC,sensor07,236476538,23.66,89.61,2025-08-18 10:24:56+00:00,33.985523,-81.084422,106.2,6.97,0.5,81.98,22.0,3D,2025-08-18 06:24:56-04:00,POINT (-81.084422 33.985523)
2025-08-18 06:12:34 UTC,sensor07,236476538,23.74,89.2,2025-08-18 10:25:01+00:00,33.98557,-81.084032,107.8,7.62,0.2,81.37,22.0,3D,2025-08-18 06:25:01-04:00,POINT (-81.084032 33.98557)
2025-08-18 06:12:39 UTC,sensor07,236476538,23.88,88.74,2025-08-18 10:25:06+00:00,33.985617,-81.083598,109.9,8.14,0.4,84.41,22.0,3D,2025-08-18 06:25:06-04:00,POINT (-81.083598 33.985617)
2025-08-18 06:12:45 UTC,sensor07,236476538,23.97,88.23,2025-08-18 10:25:11+00:00,33.98567,-81.08315,111.0,7.72,0.2,83.14,22.0,3D,2025-08-18 06:25:11-04:00,POINT (-81.08315 33.98567)
2025-08-18 06:12:50 UTC,sensor07,236476538,24.12,87.8,2025-08-18 10:25:16+00:00,33.985712,-81.08275,111.5,7.37,0.1,83.27,22.0,3D,2025-08-18 06:25:16-04:00,POINT (-81.08275 33.985712)
2025-08-18 06:12:55 UTC,sensor07,236476538,24.24,87.33,2025-08-18 10:25:21+00:00,33.985753,-81.082337,112.9,7.97,0.3,82.55,22.0,3D,2025-08-18 06:25:21-04:00,POINT (-81.082337 33.985753)
2025-08-18 06:13:00 UTC,sensor07,236476538,24.32,86.97,2025-08-18 10:25:26+00:00,33.985805,-81.08191,113.8,7.93,0.2,82.18,22.0,3D,2025-08-18 06:25:26-04:00,POINT (-81.08191 33.985805)
2025-08-18 06:13:05 UTC,sensor07,236476538,24.28,86.7,2025-08-18 10:25:31+00:00,33.985853,-81.081515,114.1,6.75,0.2,82.95,22.0,3D,2025-08-18 06:25:31-04:00,POINT (-81.081515 33.985853)
2025-08-18 06:13:10 UTC,sensor07,236476538,24.29,86.72,2025-08-18 10:25:36+00:00,33.985893,-81.081163,114.5,6.63,0.0,82.79,22.0,3D,2025-08-18 06:25:36-04:00,POINT (-81.081163 33.985893)
2025-08-18 06:13:15 UTC,sensor07,236476538,24.27,86.73,2025-08-18 10:25:41+00:00,33.985933,-81.080798,114.9,7.07,0.1,82.71,22.0,3D,2025-08-18 06:25:41-04:00,POINT (-81.080798 33.985933)
2025-08-18 06:13:20 UTC,sensor07,236476538,24.19,86.84,2025-08-18 10:25:46+00:00,33.985975,-81.080428,115.7,6.84,0.1,82.88,22.0,3D,2025-08-18 06:25:46-04:00,POINT (-81.080428 33.985975)
2025-08-18 06:13:25 UTC,sensor07,236476538,24.27,86.84,2025-08-18 10:25:51+00:00,33.986017,-81.08005,115.5,7.15,0.0,83.0,22.0,3D,2025-08-18 06:25:51-04:00,POINT (-81.08005 33.986017)
2025-08-18 06:13:30 UTC,sensor07,236476538,24.24,86.83,2025-08-18 10:25:56+00:00,33.986073,-81.079635,114.3,8.08,-0.4,81.71,22.0,3D,2025-08-18 06:25:56-04:00,POINT (-81.079635 33.986073)
2025-08-18 06:13:35 UTC,sensor07,236476538,24.21,86.87,2025-08-18 10:26:01+00:00,33.986128,-81.07917,112.2,8.95,-0.5,82.34,22.0,3D,2025-08-18 06:26:01-04:00,POINT (-81.07917 33.986128)
2025-08-18 06:13:40 UTC,sensor07,236476538,24.18,86.96,2025-08-18 10:26:06+00:00,33.986187,-81.078687,109.3,8.95,-0.6,82.28,22.0,3D,2025-08-18 06:26:06-04:00,POINT (-81.078687 33.986187)
2025-08-18 06:13:45 UTC,sensor07,236476538,24.2,87.16,2025-08-18 10:26:09+00:00,33.986215,-81.078397,108.2,8.86,-0.3,83.26,22.0,3D,2025-08-18 06:26:09-04:00,POINT (-81.078397 33.986215)
2025-08-18 06:13:50 UTC,sensor07,236476538,24.25,87.02,2025-08-18 10:26:14+00:00,33.986257,-81.077952,106.5,8.13,-0.4,82.22,22.0,3D,2025-08-18 06:26:14-04:00,POINT (-81.077952 33.986257)
2025-08-18 06:13:55 UTC,sensor07,236476538,24.22,87.0,2025-08-18 10:26:22+00:00,33.986323,-81.077243,103.4,8.21,-0.4,0.0,22.0,3D,2025-08-18 06:26:22-04:00,POINT (-81.077243 33.986323)
2025-08-18 06:14:00 UTC,sensor07,236476538,24.06,87.28,2025-08-18 10:26:27+00:00,33.986368,-81.076792,101.5,8.24,-0.3,0.0,22.0,3D,2025-08-18 06:26:27-04:00,POINT (-81.076792 33.986368)
2025-08-18 06:14:05 UTC,sensor07,236476538,24.07,87.52,2025-08-18 10:26:32+00:00,33.986418,-81.076355,99.9,8.08,-0.3,0.0,22.0,3D,2025-08-18 06:26:32-04:00,POINT (-81.076355 33.986418)
2025-08-18 06:14:10 UTC,sensor07,236476538,24.04,87.56,2025-08-18 10:26:37+00:00,33.98646,-81.075932,98.6,7.91,-0.1,82.86,22.0,3D,2025-08-18 06:26:37-04:00,POINT (-81.075932 33.98646)
2025-08-18 06:14:15 UTC,sensor07,236476538,24.05,87.6,2025-08-18 10:26:42+00:00,33.986502,-81.075513,98.3,7.83,0.0,78.84,22.0,3D,2025-08-18 06:26:42-04:00,POINT (-81.075513 33.986502)
2025-08-18 06:14:20 UTC,sensor07,236476538,24.15,87.6,2025-08-18 10:26:47+00:00,33.986568,-81.075125,97.4,6.97,-0.2,75.1,22.0,3D,2025-08-18 06:26:47-04:00,POINT (-81.075125 33.986568)
2025-08-18 06:14:25 UTC,sensor07,236476538,24.14,87.5,2025-08-18 10:26:52+00:00,33.986668,-81.074757,96.7,6.73,-0.1,73.6,22.0,3D,2025-08-18 06:26:52-04:00,POINT (-81.074757 33.986668)
2025-08-18 06:14:30 UTC,sensor07,236476538,24.28,87.39,2025-08-18 10:26:57+00:00,33.986803,-81.07439,95.8,7.54,0.0,64.9,22.0,3D,2025-08-18 06:26:57-04:00,POINT (-81.07439 33.986803)
2025-08-18 06:14:35 UTC,sensor07,236476538,24.35,87.07,2025-08-18 10:27:02+00:00,33.986967,-81.074058,95.8,7.26,0.2,62.94,22.0,3D,2025-08-18 06:27:02-04:00,POINT (-81.074058 33.986967)
2025-08-18 06:14:40 UTC,sensor07,236476538,24.41,86.84,2025-08-18 10:27:07+00:00,33.987078,-81.073725,95.1,6.7,-0.5,69.32,22.0,3D,2025-08-18 06:27:07-04:00,POINT (-81.073725 33.987078)
2025-08-18 06:14:45 UTC,sensor07,236476538,24.42,86.62,2025-08-18 10:27:12+00:00,33.987192,-81.073388,93.5,6.61,-0.5,67.3,22.0,3D,2025-08-18 06:27:12-04:00,POINT (-81.073388 33.987192)
2025-08-18 06:14:51 UTC,sensor07,236476538,24.45,86.58,2025-08-18 10:27:17+00:00,33.987283,-81.073078,91.8,5.55,-0.3,70.33,22.0,3D,2025-08-18 06:27:17-04:00,POINT (-81.073078 33.987283)
2025-08-18 06:15:01 UTC,sensor07,236476538,24.46,86.49,2025-08-18 10:27:27+00:00,33.987347,-81.07279,90.5,2.46,0.0,119.39,22.0,3D,2025-08-18 06:27:27-04:00,POINT (-81.07279 33.987347)
2025-08-18 06:15:06 UTC,sensor07,236476538,24.47,86.42,2025-08-18 10:27:32+00:00,33.987178,-81.072707,90.3,5.11,0.1,160.55,22.0,3D,2025-08-18 06:27:32-04:00,POINT (-81.072707 33.987178)
2025-08-18 06:15:26 UTC,sensor07,236476538,24.53,86.36,2025-08-18 10:27:52+00:00,33.986952,-81.07264,90.6,3.86,0.1,159.08,22.0,3D,2025-08-18 06:27:52-04:00,POINT (-81.07264 33.986952)
2025-08-18 06:15:31 UTC,sensor07,236476538,24.47,86.27,2025-08-18 10:27:57+00:00,33.986702,-81.072535,91.2,6.92,0.1,160.28,22.0,3D,2025-08-18 06:27:57-04:00,POINT (-81.072535 33.986702)
2025-08-18 06:15:36 UTC,sensor07,236476538,24.47,86.35,2025-08-18 10:28:02+00:00,33.9864,-81.07239,90.5,6.94,-0.1,161.05,22.0,3D,2025-08-18 06:28:02-04:00,POINT (-81.07239 33.9864)
2025-08-18 06:15:41 UTC,sensor07,236476538,24.46,86.36,2025-08-18 10:28:08+00:00,33.98603,-81.072223,88.6,7.27,-0.3,0.0,22.0,3D,2025-08-18 06:28:08-04:00,POINT (-81.072223 33.98603)
2025-08-18 06:15:46 UTC,sensor07,236476538,24.54,86.24,2025-08-18 10:28:10+00:00,33.985912,-81.07217,88.5,6.93,0.1,159.21,22.0,3D,2025-08-18 06:28:10-04:00,POINT (-81.07217 33.985912)
2025-08-18 06:15:51 UTC,sensor07,236476538,24.57,86.1,2025-08-18 10:28:16+00:00,33.985585,-81.072007,88.5,6.71,0.1,156.53,22.0,3D,2025-08-18 06:28:16-04:00,POINT (-81.072007 33.985585)
2025-08-18 06:15:56 UTC,sensor07,236476538,24.5,86.06,2025-08-18 10:28:23+00:00,33.985185,-81.071803,87.2,6.88,-0.19,0.0,22.0,3D,2025-08-18 06:28:23-04:00,POINT (-81.071803 33.985185)
2025-08-18 06:16:01 UTC,sensor07,236476538,24.5,86.15,2025-08-18 10:28:28+00:00,33.984875,-81.07167,88.2,7.45,0.3,0.0,22.0,3D,2025-08-18 06:28:28-04:00,POINT (-81.07167 33.984875)
2025-08-18 06:16:06 UTC,sensor07,236476538,24.53,86.09,2025-08-18 10:28:33+00:00,33.984533,-81.071517,90.2,7.94,0.3,157.27,22.0,3D,2025-08-18 06:28:33-04:00,POINT (-81.071517 33.984533)
2025-08-18 06:16:11 UTC,sensor07,236476538,24.35,86.11,2025-08-18 10:28:38+00:00,33.984168,-81.071358,89.9,8.95,0.2,159.36,22.0,3D,2025-08-18 06:28:38-04:00,POINT (-81.071358 33.984168)
2025-08-18 06:16:16 UTC,sensor07,236476538,24.16,86.63,2025-08-18 10:28:43+00:00,33.983798,-81.071192,89.2,8.55,-0.5,157.04,22.0,3D,2025-08-18 06:28:43-04:00,POINT (-81.071192 33.983798)
2025-08-18 06:16:21 UTC,sensor07,236476538,23.99,87.04,2025-08-18 10:28:48+00:00,33.983437,-81.071023,88.9,8.61,-0.1,157.2,22.0,3D,2025-08-18 06:28:48-04:00,POINT (-81.071023 33.983437)
2025-08-18 06:16:26 UTC,sensor07,236476538,23.86,87.57,2025-08-18 10:28:53+00:00,33.983068,-81.070823,88.3,8.95,-0.4,158.44,22.0,3D,2025-08-18 06:28:53-04:00,POINT (-81.070823 33.983068)
2025-08-18 06:16:31 UTC,sensor07,236476538,23.72,88.17,2025-08-18 10:28:58+00:00,33.982702,-81.07066,87.9,8.54,0.1,157.35,22.0,3D,2025-08-18 06:28:58-04:00,POINT (-81.07066 33.982702)
2025-08-18 06:16:36 UTC,sensor07,236476538,23.62,88.51,2025-08-18 10:29:03+00:00,33.98235,-81.070493,88.6,8.37,0.1,158.38,22.0,3D,2025-08-18 06:29:03-04:00,POINT (-81.070493 33.98235)
2025-08-18 06:16:41 UTC,sensor07,236476538,23.48,88.82,2025-08-18 10:29:08+00:00,33.981997,-81.070333,87.6,8.37,-0.7,157.33,22.0,3D,2025-08-18 06:29:08-04:00,POINT (-81.070333 33.981997)
2025-08-18 06:16:47 UTC,sensor07,236476538,23.45,89.28,2025-08-18 10:29:13+00:00,33.981685,-81.070147,86.4,5.49,0.3,156.31,22.0,3D,2025-08-18 06:29:13-04:00,POINT (-81.070147 33.981685)
2025-08-18 06:16:52 UTC,sensor07,236476538,23.46,89.52,2025-08-18 10:29:18+00:00,33.98146,-81.070053,87.7,5.5,0.4,158.57,22.0,3D,2025-08-18 06:29:18-04:00,POINT (-81.070053 33.98146)
2025-08-18 06:16:57 UTC,sensor07,236476538,23.49,89.62,2025-08-18 10:29:23+00:00,33.981335,-81.069863,87.6,4.25,0.1,89.48,22.0,3D,2025-08-18 06:29:23-04:00,POINT (-81.069863 33.981335)
2025-08-18 06:17:02 UTC,sensor07,236476538,23.52,89.52,2025-08-18 10:29:28+00:00,33.981408,-81.069627,87.0,4.73,-0.4,72.35,22.0,3D,2025-08-18 06:29:28-04:00,POINT (-81.069627 33.981408)
2025-08-18 06:17:07 UTC,sensor07,236476538,23.51,89.49,2025-08-18 10:29:33+00:00,33.981487,-81.069413,85.9,3.31,0.0,60.15,22.0,3D,2025-08-18 06:29:33-04:00,POINT (-81.069413 33.981487)
2025-08-18 06:17:22 UTC,sensor07,236476538,23.51,89.57,2025-08-18 10:29:48+00:00,33.981625,-81.069217,84.8,2.31,-0.1,84.8,22.0,3D,2025-08-18 06:29:48-04:00,POINT (-81.069217 33.981625)
2025-08-18 06:17:27 UTC,sensor07,236476538,23.5,89.55,2025-08-18 10:29:53+00:00,33.981598,-81.068967,85.7,6.25,0.0,93.76,22.0,3D,2025-08-18 06:29:53-04:00,POINT (-81.068967 33.981598)
2025-08-18 06:17:32 UTC,sensor07,236476538,23.46,89.7,2025-08-18 10:29:58+00:00,33.981533,-81.068605,83.7,6.98,-0.2,99.36,22.0,3D,2025-08-18 06:29:58-04:00,POINT (-81.068605 33.981533)
2025-08-18 06:17:37 UTC,sensor07,236476538,23.39,89.89,2025-08-18 10:30:03+00:00,33.98146,-81.068217,83.5,7.45,0.4,107.82,22.0,3D,2025-08-18 06:30:03-04:00,POINT (-81.068217 33.98146)
2025-08-18 06:17:42 UTC,sensor07,236476538,23.38,90.1,2025-08-18 10:30:08+00:00,33.981328,-81.067803,84.9,8.18,-0.1,109.41,22.0,3D,2025-08-18 06:30:08-04:00,POINT (-81.067803 33.981328)
2025-08-18 06:17:47 UTC,sensor07,236476538,23.48,90.07,2025-08-18 10:30:10+00:00,33.981272,-81.067637,84.7,8.54,0.1,112.6,22.0,3D,2025-08-18 06:30:10-04:00,POINT (-81.067637 33.981272)
2025-08-18 06:17:52 UTC,sensor07,236476538,23.58,90.02,2025-08-18 10:30:19+00:00,33.981025,-81.067142,77.3,5.1,-1.8,0.0,22.0,3D,2025-08-18 06:30:19-04:00,POINT (-81.067142 33.981025)
2025-08-18 06:17:57 UTC,sensor07,236476538,23.6,89.9,2025-08-18 10:30:24+00:00,33.980882,-81.066913,77.2,4.78,0.6,0.0,22.0,3D,2025-08-18 06:30:24-04:00,POINT (-81.066913 33.980882)
2025-08-18 06:18:27 UTC,sensor07,236476538,23.72,89.42,2025-08-18 10:30:54+00:00,33.980572,-81.066925,77.1,6.33,0.1,0.0,8.0,3D,2025-08-18 06:30:54-04:00,POINT (-81.066925 33.980572)
2025-08-18 06:18:32 UTC,sensor07,236476538,23.87,89.16,2025-08-18 10:30:59+00:00,33.980453,-81.067322,78.0,8.19,0.2,0.0,8.0,3D,2025-08-18 06:30:59-04:00,POINT (-81.067322 33.980453)
2025-08-18 06:18:37 UTC,sensor07,236476538,23.94,88.76,2025-08-18 10:31:04+00:00,33.980327,-81.067793,80.6,9.65,0.5,0.0,13.0,3D,2025-08-18 06:31:04-04:00,POINT (-81.067793 33.980327)
2025-08-18 06:18:42 UTC,sensor07,236476538,24.01,88.59,2025-08-18 10:31:09+00:00,33.98018,-81.068243,82.7,9.03,0.3,0.0,13.0,3D,2025-08-18 06:31:09-04:00,POINT (-81.068243 33.98018)
2025-08-18 06:18:47 UTC,sensor07,236476538,24.16,88.23,2025-08-18 10:31:14+00:00,33.98003,-81.068705,82.9,8.89,0.3,0.0,17.0,3D,2025-08-18 06:31:14-04:00,POINT (-81.068705 33.98003)
2025-08-18 06:18:52 UTC,sensor07,236476538,24.19,87.81,2025-08-18 10:31:19+00:00,33.97989,-81.069145,84.4,8.25,0.2,0.0,17.0,3D,2025-08-18 06:31:19-04:00,POINT (-81.069145 33.97989)
2025-08-18 06:18:58 UTC,sensor07,236476538,24.15,87.51,2025-08-18 10:31:24+00:00,33.979768,-81.069528,85.1,7.19,0.1,0.0,21.0,3D,2025-08-18 06:31:24-04:00,POINT (-81.069528 33.979768)
2025-08-18 06:19:03 UTC,sensor07,236476538,24.05,87.5,2025-08-18 10:31:29+00:00,33.979653,-81.069917,85.3,8.04,0.0,0.0,22.0,3D,2025-08-18 06:31:29-04:00,POINT (-81.069917 33.979653)
2025-08-18 06:19:08 UTC,sensor07,236476538,24.08,87.61,2025-08-18 10:31:34+00:00,33.97952,-81.070337,85.1,8.39,-0.1,0.0,22.0,3D,2025-08-18 06:31:34-04:00,POINT (-81.070337 33.97952)
2025-08-18 06:19:13 UTC,sensor07,236476538,23.99,87.7,2025-08-18 10:31:39+00:00,33.979385,-81.070758,84.4,8.37,-0.1,248.76,22.0,3D,2025-08-18 06:31:39-04:00,POINT (-81.070758 33.979385)
2025-08-18 06:19:18 UTC,sensor07,236476538,23.92,87.84,2025-08-18 10:31:44+00:00,33.97925,-81.071168,84.1,7.97,0.0,249.78,22.0,3D,2025-08-18 06:31:44-04:00,POINT (-81.071168 33.97925)
2025-08-18 06:19:23 UTC,sensor07,236476538,23.94,88.07,2025-08-18 10:31:49+00:00,33.979127,-81.071568,84.0,7.88,0.2,248.49,22.0,3D,2025-08-18 06:31:49-04:00,POINT (-81.071568 33.979127)
2025-08-18 06:19:28 UTC,sensor07,236476538,23.95,88.04,2025-08-18 10:31:54+00:00,33.978992,-81.071975,83.8,8.24,-0.1,249.3,22.0,3D,2025-08-18 06:31:54-04:00,POINT (-81.071975 33.978992)
2025-08-18 06:19:33 UTC,sensor07,236476538,23.92,88.09,2025-08-18 10:31:59+00:00,33.978857,-81.07241,82.6,8.6,-0.2,248.61,22.0,3D,2025-08-18 06:31:59-04:00,POINT (-81.07241 33.978857)
2025-08-18 06:19:38 UTC,sensor07,236476538,23.91,88.16,2025-08-18 10:32:04+00:00,33.97872,-81.072842,81.1,8.51,-0.3,248.44,22.0,3D,2025-08-18 06:32:04-04:00,POINT (-81.072842 33.97872)
2025-08-18 06:19:43 UTC,sensor07,236476538,23.79,88.22,2025-08-18 10:32:09+00:00,33.978585,-81.073255,80.0,8.07,-0.2,248.42,22.0,3D,2025-08-18 06:32:09-04:00,POINT (-81.073255 33.978585)
2025-08-18 06:19:48 UTC,sensor07,236476538,23.59,88.58,2025-08-18 10:32:10+00:00,33.97856,-81.073335,79.9,7.92,-0.1,248.36,22.0,3D,2025-08-18 06:32:10-04:00,POINT (-81.073335 33.97856)
2025-08-18 06:19:53 UTC,sensor07,236476538,23.58,88.91,2025-08-18 10:32:19+00:00,33.978337,-81.07404,81.5,7.3,0.4,249.05,22.0,3D,2025-08-18 06:32:19-04:00,POINT (-81.07404 33.978337)
2025-08-18 06:19:58 UTC,sensor07,236476538,23.64,89.11,2025-08-18 10:32:24+00:00,33.978228,-81.074375,83.3,6.38,0.4,249.59,22.0,3D,2025-08-18 06:32:24-04:00,POINT (-81.074375 33.978228)
2025-08-18 06:20:03 UTC,sensor07,236476538,23.63,89.24,2025-08-18 10:32:30+00:00,33.978112,-81.07474,85.1,5.97,0.2,0.0,22.0,3D,2025-08-18 06:32:30-04:00,POINT (-81.07474 33.978112)
2025-08-18 06:20:08 UTC,sensor07,236476538,23.6,89.26,2025-08-18 10:32:35+00:00,33.977987,-81.075062,86.4,7.14,0.1,0.0,22.0,3D,2025-08-18 06:32:35-04:00,POINT (-81.075062 33.977987)
2025-08-18 06:20:13 UTC,sensor07,236476538,23.6,89.22,2025-08-18 10:32:40+00:00,33.977787,-81.075345,86.3,6.74,0.0,0.0,22.0,3D,2025-08-18 06:32:40-04:00,POINT (-81.075345 33.977787)
2025-08-18 06:20:18 UTC,sensor07,236476538,23.62,89.22,2025-08-18 10:32:45+00:00,33.977497,-81.075488,86.6,7.23,0.2,0.0,22.0,3D,2025-08-18 06:32:45-04:00,POINT (-81.075488 33.977497)
2025-08-18 06:20:23 UTC,sensor07,236476538,23.55,89.26,2025-08-18 10:32:50+00:00,33.977153,-81.075587,86.4,7.78,0.1,194.4,22.0,3D,2025-08-18 06:32:50-04:00,POINT (-81.075587 33.977153)
2025-08-18 06:20:28 UTC,sensor07,236476538,23.52,89.41,2025-08-18 10:32:55+00:00,33.976792,-81.07569,85.8,8.63,-0.1,193.82,22.0,3D,2025-08-18 06:32:55-04:00,POINT (-81.07569 33.976792)
2025-08-18 06:20:33 UTC,sensor07,236476538,23.49,89.49,2025-08-18 10:33:00+00:00,33.9764,-81.075803,86.1,9.03,0.1,193.77,22.0,3D,2025-08-18 06:33:00-04:00,POINT (-81.075803 33.9764)
2025-08-18 06:20:38 UTC,sensor07,236476538,23.45,89.67,2025-08-18 10:33:05+00:00,33.976002,-81.07592,86.5,8.98,0.2,193.96,22.0,3D,2025-08-18 06:33:05-04:00,POINT (-81.07592 33.976002)
2025-08-18 06:20:43 UTC,sensor07,236476538,23.39,89.83,2025-08-18 10:33:10+00:00,33.975608,-81.076042,85.6,8.84,-0.3,194.09,22.0,3D,2025-08-18 06:33:10-04:00,POINT (-81.076042 33.975608)
2025-08-18 06:20:48 UTC,sensor07,236476538,23.34,89.92,2025-08-18 10:33:15+00:00,33.975223,-81.076157,84.4,8.61,-0.1,194.23,22.0,3D,2025-08-18 06:33:15-04:00,POINT (-81.076157 33.975223)
2025-08-18 06:20:53 UTC,sensor07,236476538,23.35,90.11,2025-08-18 10:33:20+00:00,33.974858,-81.076232,83.0,7.82,-0.4,190.33,22.0,3D,2025-08-18 06:33:20-04:00,POINT (-81.076232 33.974858)
2025-08-18 06:20:59 UTC,sensor07,236476538,23.37,90.16,2025-08-18 10:33:25+00:00,33.974547,-81.076322,83.1,7.06,0.0,195.31,22.0,3D,2025-08-18 06:33:25-04:00,POINT (-81.076322 33.974547)
2025-08-18 06:21:04 UTC,sensor07,236476538,23.36,90.16,2025-08-18 10:33:30+00:00,33.974313,-81.076388,81.4,4.16,-0.7,189.7,22.0,3D,2025-08-18 06:33:30-04:00,POINT (-81.076388 33.974313)
2025-08-18 06:21:09 UTC,sensor07,236476538,23.38,90.16,2025-08-18 10:33:35+00:00,33.974218,-81.076402,78.5,2.41,-0.2,171.41,22.0,3D,2025-08-18 06:33:35-04:00,POINT (-81.076402 33.974218)
2025-08-18 06:21:19 UTC,sensor07,236476538,23.36,90.06,2025-08-18 10:33:45+00:00,33.974117,-81.076262,77.8,3.03,0.4,84.28,22.0,3D,2025-08-18 06:33:45-04:00,POINT (-81.076262 33.974117)
2025-08-18 06:21:24 UTC,sensor07,236476538,23.39,90.14,2025-08-18 10:33:50+00:00,33.974177,-81.076043,78.6,4.09,0.1,62.16,22.0,3D,2025-08-18 06:33:50-04:00,POINT (-81.076043 33.974177)
2025-08-18 06:21:29 UTC,sensor07,236476538,23.45,90.08,2025-08-18 10:33:55+00:00,33.9743,-81.075847,78.3,5.27,0.1,49.0,22.0,3D,2025-08-18 06:33:55-04:00,POINT (-81.075847 33.9743)
2025-08-18 06:21:34 UTC,sensor07,236476538,23.47,90.01,2025-08-18 10:34:00+00:00,33.974462,-81.075607,80.2,5.57,0.8,57.63,22.0,3D,2025-08-18 06:34:00-04:00,POINT (-81.075607 33.974462)
2025-08-18 06:21:39 UTC,sensor07,236476538,23.4,89.98,2025-08-18 10:34:05+00:00,33.974598,-81.075332,81.9,5.97,0.2,61.38,22.0,3D,2025-08-18 06:34:05-04:00,POINT (-81.075332 33.974598)
2025-08-18 06:21:44 UTC,sensor07,236476538,23.25,90.34,2025-08-18 10:34:10+00:00,33.974702,-81.075043,84.9,6.53,0.5,67.65,22.0,3D,2025-08-18 06:34:10-04:00,POINT (-81.075043 33.974702)
2025-08-18 06:21:49 UTC,sensor07,236476538,23.21,90.79,2025-08-18 10:34:15+00:00,33.974792,-81.074722,86.6,6.35,0.3,68.98,22.0,3D,2025-08-18 06:34:15-04:00,POINT (-81.074722 33.974792)
2025-08-18 06:21:54 UTC,sensor07,236476538,23.22,90.9,2025-08-18 10:34:21+00:00,33.974962,-81.074292,87.8,7.69,0.1,0.0,22.0,3D,2025-08-18 06:34:21-04:00,POINT (-81.074292 33.974962)
2025-08-18 06:21:59 UTC,sensor07,236476538,23.29,90.58,2025-08-18 10:34:26+00:00,33.975093,-81.073873,87.5,8.81,0.0,0.0,22.0,3D,2025-08-18 06:34:26-04:00,POINT (-81.073873 33.975093)
2025-08-18 06:22:04 UTC,sensor07,236476538,23.18,90.57,2025-08-18 10:34:31+00:00,33.975238,-81.073425,87.7,9.17,0.0,0.0,22.0,3D,2025-08-18 06:34:31-04:00,POINT (-81.073425 33.975238)
2025-08-18 06:22:09 UTC,sensor07,236476538,23.01,90.91,2025-08-18 10:34:36+00:00,33.975372,-81.072987,86.5,8.89,0.0,0.0,22.0,3D,2025-08-18 06:34:36-04:00,POINT (-81.072987 33.975372)
2025-08-18 06:22:14 UTC,sensor07,236476538,22.93,91.23,2025-08-18 10:34:41+00:00,33.975508,-81.072553,85.5,8.74,-0.2,0.0,22.0,3D,2025-08-18 06:34:41-04:00,POINT (-81.072553 33.975508)
2025-08-18 06:22:19 UTC,sensor07,236476538,22.94,91.43,2025-08-18 10:34:46+00:00,33.97565,-81.072117,83.6,8.29,-0.4,69.02,22.0,3D,2025-08-18 06:34:46-04:00,POINT (-81.072117 33.97565)
2025-08-18 06:22:24 UTC,sensor07,236476538,22.9,91.68,2025-08-18 10:34:51+00:00,33.975798,-81.071678,81.2,9.04,-0.5,68.77,22.0,3D,2025-08-18 06:34:51-04:00,POINT (-81.071678 33.975798)
2025-08-18 06:22:29 UTC,sensor07,236476538,22.76,91.84,2025-08-18 10:34:56+00:00,33.975937,-81.07124,79.3,8.68,-0.2,68.46,22.0,3D,2025-08-18 06:34:56-04:00,POINT (-81.07124 33.975937)
2025-08-18 06:22:34 UTC,sensor07,236476538,22.8,92.22,2025-08-18 10:35:01+00:00,33.976072,-81.070808,78.5,9.18,0.2,69.04,22.0,3D,2025-08-18 06:35:01-04:00,POINT (-81.070808 33.976072)
2025-08-18 06:22:39 UTC,sensor07,236476538,22.88,92.37,2025-08-18 10:35:06+00:00,33.976223,-81.070438,80.4,6.76,0.5,67.02,22.0,3D,2025-08-18 06:35:06-04:00,POINT (-81.070438 33.976223)
2025-08-18 06:22:44 UTC,sensor07,236476538,22.93,92.19,2025-08-18 10:35:11+00:00,33.976328,-81.070128,82.2,4.37,-0.2,67.19,22.0,3D,2025-08-18 06:35:11-04:00,POINT (-81.070128 33.976328)
2025-08-18 06:22:49 UTC,sensor07,236476538,22.94,92.15,2025-08-18 10:35:16+00:00,33.976363,-81.070017,81.2,3.73,-0.3,71.27,22.0,3D,2025-08-18 06:35:16-04:00,POINT (-81.070017 33.976363)
2025-08-18 06:22:54 UTC,sensor07,236476538,22.95,92.09,2025-08-18 10:35:21+00:00,33.976452,-81.069713,80.3,7.93,0.1,68.78,23.0,3D,2025-08-18 06:35:21-04:00,POINT (-81.069713 33.976452)
2025-08-18 06:23:00 UTC,sensor07,236476538,22.94,92.03,2025-08-18 10:35:26+00:00,33.976585,-81.069282,83.2,8.07,0.9,69.26,23.0,3D,2025-08-18 06:35:26-04:00,POINT (-81.069282 33.976585)
2025-08-18 06:23:05 UTC,sensor07,236476538,22.98,92.06,2025-08-18 10:35:31+00:00,33.976705,-81.06886,85.7,8.33,0.3,69.86,23.0,3D,2025-08-18 06:35:31-04:00,POINT (-81.06886 33.976705)
2025-08-18 06:23:10 UTC,sensor07,236476538,22.93,92.09,2025-08-18 10:35:36+00:00,33.97681,-81.068467,87.9,6.93,0.5,70.53,23.0,3D,2025-08-18 06:35:36-04:00,POINT (-81.068467 33.97681)
2025-08-18 06:23:15 UTC,sensor07,236476538,22.93,92.16,2025-08-18 10:35:41+00:00,33.976893,-81.068217,89.0,3.44,-0.4,64.86,23.0,3D,2025-08-18 06:35:41-04:00,POINT (-81.068217 33.976893)
2025-08-18 06:23:30 UTC,sensor07,236476538,23.06,92.13,2025-08-18 10:35:56+00:00,33.977033,-81.067818,86.6,5.58,-0.1,65.72,23.0,3D,2025-08-18 06:35:56-04:00,POINT (-81.067818 33.977033)
2025-08-18 06:23:35 UTC,sensor07,236476538,23.18,91.95,2025-08-18 10:36:01+00:00,33.977143,-81.067503,84.0,6.37,-0.2,71.18,23.0,3D,2025-08-18 06:36:01-04:00,POINT (-81.067503 33.977143)
2025-08-18 06:23:40 UTC,sensor07,236476538,23.13,91.67,2025-08-18 10:36:06+00:00,33.977247,-81.067105,84.3,7.89,0.3,72.35,23.0,3D,2025-08-18 06:36:06-04:00,POINT (-81.067105 33.977247)
2025-08-18 06:23:45 UTC,sensor07,236476538,23.13,91.52,2025-08-18 10:36:11+00:00,33.977375,-81.066677,84.6,7.47,0.1,70.61,23.0,3D,2025-08-18 06:36:11-04:00,POINT (-81.066677 33.977375)
2025-08-18 06:23:50 UTC,sensor07,236476538,23.07,91.44,2025-08-18 10:36:16+00:00,33.977502,-81.066282,0.0,8.19,0.0,68.1,23.0,3D,2025-08-18 06:36:16-04:00,POINT (-81.066282 33.977502)
2025-08-18 06:23:55 UTC,sensor07,236476538,23.06,91.51,2025-08-18 10:36:21+00:00,33.977623,-81.065892,81.7,7.94,-0.2,68.59,23.0,3D,2025-08-18 06:36:21-04:00,POINT (-81.065892 33.977623)
2025-08-18 06:24:00 UTC,sensor07,236476538,23.01,91.6,2025-08-18 10:36:26+00:00,33.977767,-81.065487,80.9,8.0,-0.2,68.04,23.0,3D,2025-08-18 06:36:26-04:00,POINT (-81.065487 33.977767)
2025-08-18 06:24:05 UTC,sensor07,236476538,23.08,91.75,2025-08-18 10:36:32+00:00,33.977908,-81.065002,80.6,7.98,0.0,0.0,23.0,3D,2025-08-18 06:36:32-04:00,POINT (-81.065002 33.977908)
2025-08-18 06:24:10 UTC,sensor07,236476538,23.01,91.6,2025-08-18 10:36:37+00:00,33.97804,-81.064578,80.2,8.53,-0.1,0.0,23.0,3D,2025-08-18 06:36:37-04:00,POINT (-81.064578 33.97804)
2025-08-18 06:24:15 UTC,sensor07,236476538,22.99,91.79,2025-08-18 10:36:42+00:00,33.978153,-81.064233,79.9,6.54,0.2,0.0,23.0,3D,2025-08-18 06:36:42-04:00,POINT (-81.064233 33.978153)
2025-08-18 06:24:25 UTC,sensor07,236476538,22.99,91.89,2025-08-18 10:36:52+00:00,33.978292,-81.06384,77.8,6.76,-0.1,0.0,23.0,3D,2025-08-18 06:36:52-04:00,POINT (-81.06384 33.978292)
2025-08-18 06:24:30 UTC,sensor07,236476538,22.92,91.86,2025-08-18 10:36:57+00:00,33.978417,-81.063458,76.1,7.9,-0.2,68.09,23.0,3D,2025-08-18 06:36:57-04:00,POINT (-81.063458 33.978417)
2025-08-18 06:24:35 UTC,sensor07,236476538,22.9,92.08,2025-08-18 10:37:02+00:00,33.97856,-81.063065,75.3,7.96,-0.3,67.4,23.0,3D,2025-08-18 06:37:02-04:00,POINT (-81.063065 33.97856)
2025-08-18 06:24:40 UTC,sensor07,236476538,22.89,92.26,2025-08-18 10:37:07+00:00,33.978693,-81.062678,75.1,7.27,-0.2,69.1,23.0,3D,2025-08-18 06:37:07-04:00,POINT (-81.062678 33.978693)
2025-08-18 06:24:45 UTC,sensor07,236476538,22.86,92.33,2025-08-18 10:37:12+00:00,33.978797,-81.06237,74.4,3.66,-0.1,68.05,23.0,3D,2025-08-18 06:37:12-04:00,POINT (-81.06237 33.978797)
2025-08-18 06:24:50 UTC,sensor07,236476538,22.88,92.34,2025-08-18 10:37:17+00:00,33.978862,-81.0623,72.5,2.91,-0.4,14.62,23.0,3D,2025-08-18 06:37:17-04:00,POINT (-81.0623 33.978862)
2025-08-18 06:24:55 UTC,sensor07,236476538,22.88,92.4,2025-08-18 10:37:22+00:00,33.979005,-81.06236,71.7,5.01,-0.2,341.35,23.0,3D,2025-08-18 06:37:22-04:00,POINT (-81.06236 33.979005)
2025-08-18 06:25:00 UTC,sensor07,236476538,22.86,92.5,2025-08-18 10:37:27+00:00,33.979263,-81.062482,70.1,6.46,-0.1,340.46,23.0,3D,2025-08-18 06:37:27-04:00,POINT (-81.062482 33.979263)
2025-08-18 06:25:05 UTC,sensor07,236476538,22.87,92.49,2025-08-18 10:37:32+00:00,33.979555,-81.06262,69.8,6.26,0.0,338.85,23.0,3D,2025-08-18 06:37:32-04:00,POINT (-81.06262 33.979555)
2025-08-18 06:25:16 UTC,sensor07,236476538,22.91,92.45,2025-08-18 10:37:42+00:00,33.979795,-81.062613,72.0,3.66,0.4,72.37,23.0,3D,2025-08-18 06:37:42-04:00,POINT (-81.062613 33.979795)
2025-08-18 06:25:21 UTC,sensor07,236476538,22.86,92.42,2025-08-18 10:37:47+00:00,33.97987,-81.06234,71.0,6.29,0.0,66.62,23.0,3D,2025-08-18 06:37:47-04:00,POINT (-81.06234 33.97987)
2025-08-18 06:25:26 UTC,sensor07,236476538,22.85,92.57,2025-08-18 10:37:52+00:00,33.97994,-81.062028,71.6,5.11,0.4,72.47,23.0,3D,2025-08-18 06:37:52-04:00,POINT (-81.062028 33.97994)
2025-08-18 06:25:31 UTC,sensor07,236476538,22.83,92.6,2025-08-18 10:37:57+00:00,33.979988,-81.061743,72.1,6.29,-0.4,78.37,23.0,3D,2025-08-18 06:37:57-04:00,POINT (-81.061743 33.979988)
2025-08-18 06:25:36 UTC,sensor07,236476538,22.82,92.63,2025-08-18 10:38:03+00:00,33.98005,-81.06132,72.3,6.45,-0.2,0.0,23.0,3D,2025-08-18 06:38:03-04:00,POINT (-81.06132 33.98005)
2025-08-18 06:25:41 UTC,sensor07,236476538,22.84,92.74,2025-08-18 10:38:08+00:00,33.98011,-81.060973,74.4,6.45,0.4,79.44,23.0,3D,2025-08-18 06:38:08-04:00,POINT (-81.060973 33.98011)
2025-08-18 06:25:46 UTC,sensor07,236476538,22.81,92.81,2025-08-18 10:38:11+00:00,33.980145,-81.060772,75.0,6.05,0.4,77.59,23.0,3D,2025-08-18 06:38:11-04:00,POINT (-81.060772 33.980145)
2025-08-18 06:25:52 UTC,sensor07,236476538,22.83,92.8,2025-08-18 10:38:16+00:00,33.980188,-81.060525,75.3,4.66,0.06,0.0,23.0,3D,2025-08-18 06:38:16-04:00,POINT (-81.060525 33.980188)
2025-08-18 06:25:57 UTC,sensor07,236476538,22.85,92.82,2025-08-18 10:38:23+00:00,33.980252,-81.060165,75.7,6.85,0.1,79.58,23.0,3D,2025-08-18 06:38:23-04:00,POINT (-81.060165 33.980252)
2025-08-18 06:26:02 UTC,sensor07,236476538,22.83,92.87,2025-08-18 10:38:28+00:00,33.980317,-81.05982,72.7,6.47,0.0,76.09,23.0,3D,2025-08-18 06:38:28-04:00,POINT (-81.05982 33.980317)
2025-08-18 06:26:07 UTC,sensor07,236476538,22.83,92.9,2025-08-18 10:38:33+00:00,33.980377,-81.059483,72.5,6.1,0.0,77.42,23.0,3D,2025-08-18 06:38:33-04:00,POINT (-81.059483 33.980377)
2025-08-18 06:26:12 UTC,sensor07,236476538,22.86,92.93,2025-08-18 10:38:38+00:00,33.980432,-81.059185,70.8,5.24,-0.2,81.38,23.0,3D,2025-08-18 06:38:38-04:00,POINT (-81.059185 33.980432)
2025-08-18 06:26:17 UTC,sensor07,236476538,22.82,92.96,2025-08-18 10:38:44+00:00,33.980468,-81.058882,72.3,4.04,0.4,0.0,4.0,3D,2025-08-18 06:38:44-04:00,POINT (-81.058882 33.980468)
2025-08-18 06:26:32 UTC,sensor07,236476538,22.82,92.99,2025-08-18 10:38:59+00:00,33.980587,-81.058623,76.8,2.61,0.1,0.0,13.0,3D,2025-08-18 06:38:59-04:00,POINT (-81.058623 33.980587)
2025-08-18 06:26:37 UTC,sensor07,236476538,22.84,92.99,2025-08-18 10:39:04+00:00,33.980727,-81.058653,76.6,4.35,-0.1,0.0,13.0,3D,2025-08-18 06:39:04-04:00,POINT (-81.058653 33.980727)
2025-08-18 06:26:42 UTC,sensor07,236476538,22.93,92.95,2025-08-18 10:39:09+00:00,33.980962,-81.058717,76.4,5.58,-0.2,0.0,13.0,3D,2025-08-18 06:39:09-04:00,POINT (-81.058717 33.980962)
2025-08-18 06:26:47 UTC,sensor07,236476538,22.95,92.87,2025-08-18 10:39:14+00:00,33.981213,-81.058785,75.6,5.65,-0.1,0.0,17.0,3D,2025-08-18 06:39:14-04:00,POINT (-81.058785 33.981213)
2025-08-18 06:26:52 UTC,sensor07,236476538,23.0,92.79,2025-08-18 10:39:19+00:00,33.981447,-81.05886,74.4,5.4,0.0,0.0,17.0,3D,2025-08-18 06:39:19-04:00,POINT (-81.05886 33.981447)
2025-08-18 06:26:58 UTC,sensor07,236476538,23.02,92.67,2025-08-18 10:39:24+00:00,33.981643,-81.058952,74.4,4.7,0.2,0.0,21.0,3D,2025-08-18 06:39:24-04:00,POINT (-81.058952 33.981643)
2025-08-18 06:27:03 UTC,sensor07,236476538,23.03,92.5,2025-08-18 10:39:29+00:00,33.981837,-81.059102,72.0,4.96,-0.9,0.0,21.0,3D,2025-08-18 06:39:29-04:00,POINT (-81.059102 33.981837)
2025-08-18 06:27:08 UTC,sensor07,236476538,23.0,92.38,2025-08-18 10:39:34+00:00,33.982045,-81.059233,70.2,5.04,-0.3,0.0,23.0,3D,2025-08-18 06:39:34-04:00,POINT (-81.059233 33.982045)
2025-08-18 06:27:13 UTC,sensor07,236476538,23.01,92.4,2025-08-18 10:39:39+00:00,33.98224,-81.059342,67.3,3.97,-0.8,0.0,23.0,3D,2025-08-18 06:39:39-04:00,POINT (-81.059342 33.98224)
2025-08-18 06:27:28 UTC,sensor07,236476538,23.0,92.39,2025-08-18 10:39:54+00:00,33.982457,-81.059287,65.4,4.03,0.6,71.43,23.0,3D,2025-08-18 06:39:54-04:00,POINT (-81.059287 33.982457)
2025-08-18 06:27:33 UTC,sensor07,236476538,23.06,92.44,2025-08-18 10:39:59+00:00,33.982513,-81.059047,66.6,4.49,0.4,77.77,23.0,3D,2025-08-18 06:39:59-04:00,POINT (-81.059047 33.982513)
2025-08-18 06:27:38 UTC,sensor07,236476538,23.08,92.38,2025-08-18 10:40:04+00:00,33.98255,-81.058792,68.4,4.83,0.7,80.97,23.0,3D,2025-08-18 06:40:04-04:00,POINT (-81.058792 33.98255)
2025-08-18 06:27:43 UTC,sensor07,236476538,23.17,92.36,2025-08-18 10:40:09+00:00,33.982565,-81.058535,69.7,4.6,-0.2,87.01,23.0,3D,2025-08-18 06:40:09-04:00,POINT (-81.058535 33.982565)
2025-08-18 06:27:48 UTC,sensor07,236476538,23.19,92.1,2025-08-18 10:40:12+00:00,33.98257,-81.058378,69.9,4.72,0.2,84.34,23.0,3D,2025-08-18 06:40:12-04:00,POINT (-81.058378 33.98257)
2025-08-18 06:27:53 UTC,sensor07,236476538,23.14,92.05,2025-08-18 10:40:17+00:00,33.982595,-81.058155,70.8,3.14,-0.1,81.15,23.0,3D,2025-08-18 06:40:17-04:00,POINT (-81.058155 33.982595)
2025-08-18 06:27:58 UTC,sensor07,236476538,23.18,92.07,2025-08-18 10:40:25+00:00,33.982672,-81.05791,71.0,3.02,0.03,0.0,23.0,3D,2025-08-18 06:40:25-04:00,POINT (-81.05791 33.982672)
2025-08-18 06:28:08 UTC,sensor07,236476538,23.19,92.07,2025-08-18 10:40:35+00:00,33.982822,-81.05793,69.3,2.3,0.0,0.0,23.0,3D,2025-08-18 06:40:35-04:00,POINT (-81.05793 33.982822)
2025-08-18 06:28:13 UTC,sensor07,236476538,23.24,92.0,2025-08-18 10:40:40+00:00,33.982943,-81.057975,68.2,2.66,0.0,0.0,23.0,3D,2025-08-18 06:40:40-04:00,POINT (-81.057975 33.982943)
2025-08-18 06:28:23 UTC,sensor07,236476538,23.26,91.81,2025-08-18 10:40:50+00:00,33.982875,-81.05806,68.4,2.46,0.1,0.0,23.0,3D,2025-08-18 06:40:50-04:00,POINT (-81.05806 33.982875)
2025-08-18 06:28:28 UTC,sensor07,236476538,23.23,91.81,2025-08-18 10:40:55+00:00,33.982817,-81.057965,68.7,2.27,0.3,148.27,23.0,3D,2025-08-18 06:40:55-04:00,POINT (-81.057965 33.982817)
2025-08-18 06:28:38 UTC,sensor07,236476538,23.23,91.79,2025-08-18 10:41:05+00:00,33.98267,-81.057997,67.7,3.23,0.2,246.77,23.0,3D,2025-08-18 06:41:05-04:00,POINT (-81.057997 33.98267)
2025-08-18 06:28:43 UTC,sensor07,236476538,23.22,91.8,2025-08-18 10:41:10+00:00,33.98263,-81.058213,67.6,5.04,0.0,260.41,23.0,3D,2025-08-18 06:41:10-04:00,POINT (-81.058213 33.98263)
2025-08-18 06:28:48 UTC,sensor07,236476538,23.3,91.79,2025-08-18 10:41:15+00:00,33.982602,-81.058483,67.4,5.04,-0.2,262.39,23.0,3D,2025-08-18 06:41:15-04:00,POINT (-81.058483 33.982602)
2025-08-18 06:28:53 UTC,sensor07,236476538,23.29,91.68,2025-08-18 10:41:20+00:00,33.982573,-81.058727,68.7,4.62,0.2,263.44,23.0,3D,2025-08-18 06:41:20-04:00,POINT (-81.058727 33.982573)
2025-08-18 06:28:58 UTC,sensor07,236476538,23.31,91.58,2025-08-18 10:41:25+00:00,33.982548,-81.058962,70.5,3.89,-0.2,259.8,23.0,3D,2025-08-18 06:41:25-04:00,POINT (-81.058962 33.982548)
2025-08-18 06:29:03 UTC,sensor07,236476538,23.29,91.5,2025-08-18 10:41:30+00:00,33.982515,-81.059172,69.9,4.38,-0.2,252.54,23.0,3D,2025-08-18 06:41:30-04:00,POINT (-81.059172 33.982515)
2025-08-18 06:29:19 UTC,sensor07,236476538,23.24,91.57,2025-08-18 10:41:45+00:00,33.98251,-81.05955,72.4,4.12,0.0,327.88,23.0,3D,2025-08-18 06:41:45-04:00,POINT (-81.05955 33.98251)
2025-08-18 06:29:24 UTC,sensor07,236476538,23.24,91.62,2025-08-18 10:41:50+00:00,33.98274,-81.059697,69.2,6.5,-0.5,329.32,23.0,3D,2025-08-18 06:41:50-04:00,POINT (-81.059697 33.98274)
2025-08-18 06:29:29 UTC,sensor07,236476538,23.33,91.79,2025-08-18 10:41:55+00:00,33.982995,-81.059887,67.1,5.87,-0.2,330.62,23.0,3D,2025-08-18 06:41:55-04:00,POINT (-81.059887 33.982995)
2025-08-18 06:29:39 UTC,sensor07,236476538,23.5,91.45,2025-08-18 10:42:05+00:00,33.983198,-81.06001,68.6,2.41,0.8,2.83,23.0,3D,2025-08-18 06:42:05-04:00,POINT (-81.06001 33.983198)
2025-08-18 06:29:44 UTC,sensor07,236476538,23.55,91.03,2025-08-18 10:42:10+00:00,33.98332,-81.05984,70.4,6.4,0.6,57.75,23.0,3D,2025-08-18 06:42:10-04:00,POINT (-81.05984 33.98332)
2025-08-18 06:29:49 UTC,sensor07,236476538,23.66,90.76,2025-08-18 10:42:12+00:00,33.98338,-81.059707,71.4,7.94,0.4,60.24,23.0,3D,2025-08-18 06:42:12-04:00,POINT (-81.059707 33.98338)
2025-08-18 06:29:54 UTC,sensor07,236476538,23.65,90.63,2025-08-18 10:42:19+00:00,33.983625,-81.059098,0.0,9.05,0.0,60.29,23.0,3D,2025-08-18 06:42:19-04:00,POINT (-81.059098 33.983625)
2025-08-18 06:29:59 UTC,sensor07,236476538,23.62,90.69,2025-08-18 10:42:25+00:00,33.983863,-81.058607,69.1,8.38,0.0,60.47,23.0,3D,2025-08-18 06:42:25-04:00,POINT (-81.058607 33.983863)
2025-08-18 06:30:04 UTC,sensor07,236476538,23.6,90.92,2025-08-18 10:42:30+00:00,33.98404,-81.058222,68.5,7.72,-0.3,59.17,23.0,3D,2025-08-18 06:42:30-04:00,POINT (-81.058222 33.98404)
2025-08-18 06:30:09 UTC,sensor07,236476538,23.6,91.09,2025-08-18 10:42:35+00:00,33.984222,-81.057852,68.3,7.92,0.0,60.22,23.0,3D,2025-08-18 06:42:35-04:00,POINT (-81.057852 33.984222)
2025-08-18 06:30:14 UTC,sensor07,236476538,23.61,91.24,2025-08-18 10:42:41+00:00,33.984433,-81.057407,67.1,7.81,-0.2,0.0,23.0,3D,2025-08-18 06:42:41-04:00,POINT (-81.057407 33.984433)
2025-08-18 06:30:19 UTC,sensor07,236476538,23.58,91.22,2025-08-18 10:42:46+00:00,33.98461,-81.057025,65.5,8.39,-0.7,0.0,23.0,3D,2025-08-18 06:42:46-04:00,POINT (-81.057025 33.98461)
2025-08-18 06:30:24 UTC,sensor07,236476538,23.61,91.05,2025-08-18 10:42:51+00:00,33.984825,-81.056632,65.8,8.69,0.3,0.0,23.0,3D,2025-08-18 06:42:51-04:00,POINT (-81.056632 33.984825)
2025-08-18 06:30:29 UTC,sensor07,236476538,23.68,90.92,2025-08-18 10:42:56+00:00,33.98502,-81.05622,66.5,8.71,-0.3,0.0,23.0,3D,2025-08-18 06:42:56-04:00,POINT (-81.05622 33.98502)
2025-08-18 06:30:34 UTC,sensor07,236476538,23.79,90.81,2025-08-18 10:43:01+00:00,33.985182,-81.05581,65.0,8.33,0.1,68.08,23.0,3D,2025-08-18 06:43:01-04:00,POINT (-81.05581 33.985182)
2025-08-18 06:30:39 UTC,sensor07,236476538,24.04,90.39,2025-08-18 10:43:06+00:00,33.985322,-81.055355,63.6,9.23,-0.5,70.37,23.0,3D,2025-08-18 06:43:06-04:00,POINT (-81.055355 33.985322)
2025-08-18 06:30:44 UTC,sensor07,236476538,24.1,89.88,2025-08-18 10:43:11+00:00,33.985447,-81.054917,62.4,8.19,-0.3,70.88,23.0,3D,2025-08-18 06:43:11-04:00,POINT (-81.054917 33.985447)
2025-08-18 06:30:49 UTC,sensor07,236476538,24.12,89.71,2025-08-18 10:43:16+00:00,33.985567,-81.054497,61.8,8.42,-0.1,69.06,23.0,3D,2025-08-18 06:43:16-04:00,POINT (-81.054497 33.985567)
2025-08-18 06:30:54 UTC,sensor07,236476538,24.2,89.58,2025-08-18 10:43:21+00:00,33.985695,-81.05407,60.5,7.95,-0.1,71.63,23.0,3D,2025-08-18 06:43:21-04:00,POINT (-81.05407 33.985695)
2025-08-18 06:30:59 UTC,sensor07,236476538,24.27,89.4,2025-08-18 10:43:26+00:00,33.985815,-81.053673,59.6,7.96,0.4,71.79,23.0,3D,2025-08-18 06:43:26-04:00,POINT (-81.053673 33.985815)
2025-08-18 06:31:04 UTC,sensor07,236476538,24.36,89.2,2025-08-18 10:43:31+00:00,33.985943,-81.053235,58.7,8.95,-0.3,70.15,23.0,3D,2025-08-18 06:43:31-04:00,POINT (-81.053235 33.985943)
2025-08-18 06:31:09 UTC,sensor07,236476538,24.4,89.02,2025-08-18 10:43:36+00:00,33.986075,-81.052782,59.4,8.64,0.1,71.3,23.0,3D,2025-08-18 06:43:36-04:00,POINT (-81.052782 33.986075)
2025-08-18 06:31:14 UTC,sensor07,236476538,24.38,88.98,2025-08-18 10:43:41+00:00,33.98621,-81.052337,60.7,8.58,0.4,70.34,23.0,3D,2025-08-18 06:43:41-04:00,POINT (-81.052337 33.98621)
2025-08-18 06:31:20 UTC,sensor07,236476538,24.4,89.04,2025-08-18 10:43:46+00:00,33.986372,-81.051883,63.4,9.13,0.2,69.63,23.0,3D,2025-08-18 06:43:46-04:00,POINT (-81.051883 33.986372)
2025-08-18 06:31:25 UTC,sensor07,236476538,24.4,89.02,2025-08-18 10:43:51+00:00,33.986517,-81.051407,64.0,9.37,0.4,69.76,23.0,3D,2025-08-18 06:43:51-04:00,POINT (-81.051407 33.986517)
2025-08-18 06:31:30 UTC,sensor07,236476538,24.42,89.15,2025-08-18 10:43:56+00:00,33.986667,-81.050927,63.7,9.59,-0.2,69.5,23.0,3D,2025-08-18 06:43:56-04:00,POINT (-81.050927 33.986667)
2025-08-18 06:31:35 UTC,sensor07,236476538,24.42,89.11,2025-08-18 10:44:01+00:00,33.986792,-81.050455,61.3,8.99,-0.2,71.02,23.0,3D,2025-08-18 06:44:01-04:00,POINT (-81.050455 33.986792)
2025-08-18 06:31:40 UTC,sensor07,236476538,24.5,89.2,2025-08-18 10:44:06+00:00,33.986922,-81.050018,60.8,7.96,0.1,70.41,23.0,3D,2025-08-18 06:44:06-04:00,POINT (-81.050018 33.986922)
2025-08-18 06:31:45 UTC,sensor07,236476538,24.43,89.23,2025-08-18 10:44:11+00:00,33.987053,-81.049605,60.2,8.59,0.6,68.32,23.0,3D,2025-08-18 06:44:11-04:00,POINT (-81.049605 33.987053)
2025-08-18 06:31:50 UTC,sensor07,236476538,24.4,89.36,2025-08-18 10:44:13+00:00,33.987108,-81.049435,60.3,8.32,-0.1,68.76,23.0,3D,2025-08-18 06:44:13-04:00,POINT (-81.049435 33.987108)
2025-08-18 06:31:55 UTC,sensor07,236476538,24.32,89.61,2025-08-18 10:44:19+00:00,33.987273,-81.048925,59.6,8.61,-0.2,69.55,23.0,3D,2025-08-18 06:44:19-04:00,POINT (-81.048925 33.987273)
2025-08-18 06:32:00 UTC,sensor07,236476538,24.37,89.83,2025-08-18 10:44:26+00:00,33.987455,-81.048292,57.6,8.93,-0.2,70.63,23.0,3D,2025-08-18 06:44:26-04:00,POINT (-81.048292 33.987455)
2025-08-18 06:32:05 UTC,sensor07,236476538,24.34,90.06,2025-08-18 10:44:31+00:00,33.987593,-81.047835,57.9,9.05,-0.1,70.16,23.0,3D,2025-08-18 06:44:31-04:00,POINT (-81.047835 33.987593)
2025-08-18 06:32:10 UTC,sensor07,236476538,24.31,90.21,2025-08-18 10:44:36+00:00,33.98773,-81.047378,58.5,9.05,0.0,70.26,23.0,3D,2025-08-18 06:44:36-04:00,POINT (-81.047378 33.98773)
2025-08-18 06:32:15 UTC,sensor07,236476538,24.32,90.39,2025-08-18 10:44:42+00:00,33.987902,-81.046817,57.7,9.39,-0.1,0.0,23.0,3D,2025-08-18 06:44:42-04:00,POINT (-81.046817 33.987902)
2025-08-18 06:32:20 UTC,sensor07,236476538,24.24,90.65,2025-08-18 10:44:47+00:00,33.988047,-81.046335,57.3,9.47,-0.2,0.0,23.0,3D,2025-08-18 06:44:47-04:00,POINT (-81.046335 33.988047)
2025-08-18 06:32:25 UTC,sensor07,236476538,24.18,90.98,2025-08-18 10:44:52+00:00,33.988195,-81.045845,57.1,9.61,-0.1,0.0,23.0,3D,2025-08-18 06:44:52-04:00,POINT (-81.045845 33.988195)
2025-08-18 06:32:30 UTC,sensor07,236476538,24.16,91.44,2025-08-18 10:44:57+00:00,33.988345,-81.04536,56.7,9.39,0.0,0.0,23.0,3D,2025-08-18 06:44:57-04:00,POINT (-81.04536 33.988345)
2025-08-18 06:32:35 UTC,sensor07,236476538,24.19,91.78,2025-08-18 10:45:02+00:00,33.988482,-81.044898,56.8,9.12,0.1,0.0,23.0,3D,2025-08-18 06:45:02-04:00,POINT (-81.044898 33.988482)
2025-08-18 06:32:40 UTC,sensor07,236476538,24.15,91.72,2025-08-18 10:45:07+00:00,33.988613,-81.044457,56.6,8.05,0.0,70.7,23.0,3D,2025-08-18 06:45:07-04:00,POINT (-81.044457 33.988613)
2025-08-18 06:32:45 UTC,sensor07,236476538,24.16,91.74,2025-08-18 10:45:12+00:00,33.988733,-81.044037,56.6,8.28,0.0,69.54,23.0,3D,2025-08-18 06:45:12-04:00,POINT (-81.044037 33.988733)
2025-08-18 06:32:50 UTC,sensor07,236476538,24.13,91.69,2025-08-18 10:45:17+00:00,33.988857,-81.043612,56.0,7.99,-0.2,75.69,23.0,3D,2025-08-18 06:45:17-04:00,POINT (-81.043612 33.988857)
2025-08-18 06:32:55 UTC,sensor07,236476538,24.17,91.71,2025-08-18 10:45:22+00:00,33.988963,-81.043188,56.4,8.19,0.3,72.63,23.0,3D,2025-08-18 06:45:22-04:00,POINT (-81.043188 33.988963)
2025-08-18 06:33:00 UTC,sensor07,236476538,24.15,91.75,2025-08-18 10:45:27+00:00,33.989073,-81.04279,55.2,7.56,-0.4,70.21,23.0,3D,2025-08-18 06:45:27-04:00,POINT (-81.04279 33.989073)
2025-08-18 06:33:05 UTC,sensor07,236476538,24.18,91.83,2025-08-18 10:45:32+00:00,33.989168,-81.042415,53.8,7.64,-0.4,70.47,23.0,3D,2025-08-18 06:45:32-04:00,POINT (-81.042415 33.989168)
2025-08-18 06:33:10 UTC,sensor07,236476538,24.21,91.83,2025-08-18 10:45:37+00:00,33.989283,-81.042005,53.4,8.3,0.0,69.88,23.0,3D,2025-08-18 06:45:37-04:00,POINT (-81.042005 33.989283)
2025-08-18 06:33:15 UTC,sensor07,236476538,24.32,91.67,2025-08-18 10:45:42+00:00,33.989418,-81.041568,53.1,8.58,0.3,70.04,23.0,3D,2025-08-18 06:45:42-04:00,POINT (-81.041568 33.989418)
2025-08-18 06:33:20 UTC,sensor07,236476538,24.4,91.43,2025-08-18 10:45:47+00:00,33.98955,-81.041145,54.1,8.22,0.3,70.65,23.0,3D,2025-08-18 06:45:47-04:00,POINT (-81.041145 33.98955)
2025-08-18 06:33:26 UTC,sensor07,236476538,24.46,91.2,2025-08-18 10:45:52+00:00,33.989672,-81.040723,55.9,8.04,0.8,69.81,23.0,3D,2025-08-18 06:45:52-04:00,POINT (-81.040723 33.989672)
2025-08-18 06:33:31 UTC,sensor07,236476538,24.48,91.01,2025-08-18 10:45:57+00:00,33.989798,-81.04033,59.2,7.29,0.9,67.91,23.0,3D,2025-08-18 06:45:57-04:00,POINT (-81.04033 33.989798)
2025-08-18 06:33:36 UTC,sensor07,236476538,24.49,90.87,2025-08-18 10:46:02+00:00,33.989913,-81.039957,63.2,7.21,1.0,69.61,23.0,3D,2025-08-18 06:46:02-04:00,POINT (-81.039957 33.989913)
2025-08-18 06:33:41 UTC,sensor07,236476538,24.5,90.71,2025-08-18 10:46:07+00:00,33.990027,-81.039595,64.3,7.04,0.0,69.65,23.0,3D,2025-08-18 06:46:07-04:00,POINT (-81.039595 33.990027)
2025-08-18 06:33:46 UTC,sensor07,236476538,24.44,90.6,2025-08-18 10:46:12+00:00,33.990148,-81.03922,65.7,7.64,0.4,69.41,23.0,3D,2025-08-18 06:46:12-04:00,POINT (-81.03922 33.990148)
2025-08-18 06:33:51 UTC,sensor07,236476538,24.38,90.68,2025-08-18 10:46:14+00:00,33.990198,-81.03906,66.1,7.96,0.3,69.99,23.0,3D,2025-08-18 06:46:14-04:00,POINT (-81.03906 33.990198)
2025-08-18 06:33:56 UTC,sensor07,236476538,24.43,90.55,2025-08-18 10:46:20+00:00,33.990352,-81.03854,71.7,8.93,0.5,68.81,23.0,3D,2025-08-18 06:46:20-04:00,POINT (-81.03854 33.990352)
2025-08-18 06:34:01 UTC,sensor07,236476538,24.49,90.23,2025-08-18 10:46:27+00:00,33.990593,-81.037852,77.0,10.46,0.76,69.3,23.0,3D,2025-08-18 06:46:27-04:00,POINT (-81.037852 33.990593)
2025-08-18 06:34:06 UTC,sensor07,236476538,24.48,90.04,2025-08-18 10:46:32+00:00,33.990735,-81.037363,77.6,9.77,-1.1,69.06,23.0,3D,2025-08-18 06:46:32-04:00,POINT (-81.037363 33.990735)
2025-08-18 06:34:11 UTC,sensor07,236476538,24.47,89.93,2025-08-18 10:46:37+00:00,33.990903,-81.036882,75.4,9.61,-0.5,70.44,23.0,3D,2025-08-18 06:46:37-04:00,POINT (-81.036882 33.990903)
2025-08-18 06:34:16 UTC,sensor07,236476538,24.57,89.87,2025-08-18 10:46:42+00:00,33.991032,-81.036412,71.2,8.76,-1.0,72.07,23.0,3D,2025-08-18 06:46:42-04:00,POINT (-81.036412 33.991032)
2025-08-18 06:34:21 UTC,sensor07,236476538,24.62,89.59,2025-08-18 10:46:47+00:00,33.991147,-81.035982,69.6,8.65,-0.3,70.6,23.0,3D,2025-08-18 06:46:47-04:00,POINT (-81.035982 33.991147)
2025-08-18 06:34:26 UTC,sensor07,236476538,24.66,89.43,2025-08-18 10:46:53+00:00,33.991295,-81.035437,69.9,9.12,0.0,0.0,23.0,3D,2025-08-18 06:46:53-04:00,POINT (-81.035437 33.991295)
2025-08-18 06:34:31 UTC,sensor07,236476538,24.71,89.17,2025-08-18 10:46:58+00:00,33.991418,-81.034978,70.9,8.62,0.5,0.0,23.0,3D,2025-08-18 06:46:58-04:00,POINT (-81.034978 33.991418)
2025-08-18 06:34:36 UTC,sensor07,236476538,24.77,88.83,2025-08-18 10:47:03+00:00,33.991557,-81.034528,72.2,9.24,0.4,0.0,23.0,3D,2025-08-18 06:47:03-04:00,POINT (-81.034528 33.991557)
2025-08-18 06:34:41 UTC,sensor07,236476538,24.73,88.69,2025-08-18 10:47:08+00:00,33.991703,-81.034068,75.3,9.31,1.1,0.0,23.0,3D,2025-08-18 06:47:08-04:00,POINT (-81.034068 33.991703)
2025-08-18 06:34:46 UTC,sensor07,236476538,24.78,88.59,2025-08-18 10:47:13+00:00,33.991872,-81.033622,81.0,8.9,1.3,0.0,23.0,3D,2025-08-18 06:47:13-04:00,POINT (-81.033622 33.991872)
2025-08-18 06:34:51 UTC,sensor07,236476538,24.76,88.55,2025-08-18 10:47:18+00:00,33.992015,-81.033248,87.9,6.93,1.5,70.25,23.0,3D,2025-08-18 06:47:18-04:00,POINT (-81.033248 33.992015)
2025-08-18 06:34:56 UTC,sensor07,236476538,24.82,88.45,2025-08-18 10:47:23+00:00,33.992127,-81.03287,88.8,8.15,0.3,69.58,23.0,3D,2025-08-18 06:47:23-04:00,POINT (-81.03287 33.992127)
2025-08-18 06:35:01 UTC,sensor07,236476538,24.79,88.25,2025-08-18 10:47:28+00:00,33.992247,-81.032445,90.5,8.29,0.1,68.06,24.0,3D,2025-08-18 06:47:28-04:00,POINT (-81.032445 33.992247)
2025-08-18 06:35:06 UTC,sensor07,236476538,24.81,88.25,2025-08-18 10:47:33+00:00,33.992362,-81.032073,91.6,6.54,0.1,67.97,24.0,3D,2025-08-18 06:47:33-04:00,POINT (-81.032073 33.992362)
2025-08-18 06:35:11 UTC,sensor07,236476538,24.85,88.03,2025-08-18 10:47:38+00:00,33.99246,-81.031815,88.7,2.42,-1.1,63.38,24.0,3D,2025-08-18 06:47:38-04:00,POINT (-81.031815 33.99246)
2025-08-18 06:35:52 UTC,sensor07,236476538,25.09,86.93,2025-08-18 10:48:18+00:00,33.992483,-81.031778,87.1,2.53,0.3,67.47,24.0,3D,2025-08-18 06:48:18-04:00,POINT (-81.031778 33.992483)
2025-08-18 06:35:57 UTC,sensor07,236476538,25.09,86.6,2025-08-18 10:48:23+00:00,33.992575,-81.031505,88.3,7.24,0.3,68.77,24.0,3D,2025-08-18 06:48:23-04:00,POINT (-81.031505 33.992575)
2025-08-18 06:36:02 UTC,sensor07,236476538,25.02,86.52,2025-08-18 10:48:23+00:00,33.992575,-81.031505,88.3,7.24,0.3,68.77,24.0,3D,2025-08-18 06:48:23-04:00,POINT (-81.031505 33.992575)
2025-08-18 06:36:07 UTC,sensor07,236476538,24.93,86.69,2025-08-18 10:48:33+00:00,33.992835,-81.030692,90.2,7.96,-0.1,68.74,24.0,3D,2025-08-18 06:48:33-04:00,POINT (-81.030692 33.992835)
2025-08-18 06:36:12 UTC,sensor07,236476538,24.9,86.94,2025-08-18 10:48:38+00:00,33.992977,-81.030305,93.3,6.79,0.5,67.16,24.0,3D,2025-08-18 06:48:38-04:00,POINT (-81.030305 33.992977)
2025-08-18 06:36:37 UTC,sensor07,236476538,25.0,86.54,2025-08-18 10:49:04+00:00,33.993025,-81.029917,98.4,4.2,0.1,0.0,24.0,3D,2025-08-18 06:49:04-04:00,POINT (-81.029917 33.993025)
2025-08-18 06:36:42 UTC,sensor07,236476538,25.02,86.52,2025-08-18 10:49:09+00:00,33.992745,-81.029827,95.6,7.44,-0.8,0.0,24.0,3D,2025-08-18 06:49:09-04:00,POINT (-81.029827 33.992745)
2025-08-18 06:36:47 UTC,sensor07,236476538,24.95,86.34,2025-08-18 10:49:14+00:00,33.992385,-81.029677,92.3,9.15,-0.7,0.0,24.0,3D,2025-08-18 06:49:14-04:00,POINT (-81.029677 33.992385)
2025-08-18 06:36:52 UTC,sensor07,236476538,24.77,86.97,2025-08-18 10:49:19+00:00,33.99202,-81.029518,88.9,8.12,-0.6,0.0,24.0,3D,2025-08-18 06:49:19-04:00,POINT (-81.029518 33.99202)
2025-08-18 06:36:57 UTC,sensor07,236476538,24.58,87.34,2025-08-18 10:49:24+00:00,33.991745,-81.029398,86.0,6.25,-0.6,0.0,24.0,3D,2025-08-18 06:49:24-04:00,POINT (-81.029398 33.991745)
2025-08-18 06:37:02 UTC,sensor07,236476538,24.45,87.04,2025-08-18 10:49:29+00:00,33.991448,-81.029273,82.9,7.38,-0.8,0.0,24.0,3D,2025-08-18 06:49:29-04:00,POINT (-81.029273 33.991448)
2025-08-18 06:37:07 UTC,sensor07,236476538,24.31,87.86,2025-08-18 10:49:34+00:00,33.991127,-81.029122,80.4,7.55,-0.4,0.0,4.0,3D,2025-08-18 06:49:34-04:00,POINT (-81.029122 33.991127)
2025-08-18 06:37:12 UTC,sensor07,236476538,24.17,88.55,2025-08-18 10:49:39+00:00,33.99083,-81.028985,78.1,6.24,-0.4,0.0,8.0,3D,2025-08-18 06:49:39-04:00,POINT (-81.028985 33.99083)
2025-08-18 06:37:17 UTC,sensor07,236476538,24.08,89.21,2025-08-18 10:49:44+00:00,33.990607,-81.028878,75.6,4.98,-0.6,0.0,8.0,3D,2025-08-18 06:49:44-04:00,POINT (-81.028878 33.990607)
2025-08-18 06:37:22 UTC,sensor07,236476538,24.04,89.57,2025-08-18 10:49:49+00:00,33.990453,-81.028803,74.5,3.83,0.0,0.0,8.0,3D,2025-08-18 06:49:49-04:00,POINT (-81.028803 33.990453)
2025-08-18 06:37:27 UTC,sensor07,236476538,24.04,89.63,2025-08-18 10:49:54+00:00,33.9902,-81.028678,75.2,7.27,0.1,0.0,17.0,3D,2025-08-18 06:49:54-04:00,POINT (-81.028678 33.9902)
2025-08-18 06:37:33 UTC,sensor07,236476538,24.11,90.24,2025-08-18 10:49:59+00:00,33.989882,-81.02854,73.9,7.72,-0.5,0.0,21.0,3D,2025-08-18 06:49:59-04:00,POINT (-81.02854 33.989882)
2025-08-18 06:37:38 UTC,sensor07,236476538,24.24,90.42,2025-08-18 10:50:04+00:00,33.989552,-81.028395,71.2,7.9,-0.6,0.0,24.0,3D,2025-08-18 06:50:04-04:00,POINT (-81.028395 33.989552)
2025-08-18 06:37:43 UTC,sensor07,236476538,24.23,90.34,2025-08-18 10:50:09+00:00,33.989265,-81.028278,68.7,5.1,-0.4,0.0,24.0,3D,2025-08-18 06:50:09-04:00,POINT (-81.028278 33.989265)
2025-08-18 06:37:48 UTC,sensor07,236476538,24.21,90.39,2025-08-18 10:50:14+00:00,33.989155,-81.028218,67.7,3.38,-0.2,147.05,24.0,3D,2025-08-18 06:50:14-04:00,POINT (-81.028218 33.989155)
2025-08-18 06:37:53 UTC,sensor07,236476538,24.16,90.49,2025-08-18 10:50:19+00:00,33.989118,-81.028155,67.9,4.06,0.0,117.92,24.0,3D,2025-08-18 06:50:19-04:00,POINT (-81.028155 33.989118)
2025-08-18 06:37:58 UTC,sensor07,236476538,24.1,90.49,2025-08-18 10:50:23+00:00,33.989213,-81.027763,68.1,9.42,0.05,0.0,24.0,3D,2025-08-18 06:50:23-04:00,POINT (-81.027763 33.989213)
2025-08-18 06:38:03 UTC,sensor07,236476538,23.99,90.99,2025-08-18 10:50:29+00:00,33.989312,-81.027433,69.9,3.94,0.1,72.93,23.0,3D,2025-08-18 06:50:29-04:00,POINT (-81.027433 33.989312)
2025-08-18 06:38:08 UTC,sensor07,236476538,23.99,91.23,2025-08-18 10:50:34+00:00,33.989382,-81.027205,70.5,5.06,0.0,71.49,23.0,3D,2025-08-18 06:50:34-04:00,POINT (-81.027205 33.989382)
2025-08-18 06:38:13 UTC,sensor07,236476538,23.99,91.26,2025-08-18 10:50:37+00:00,33.989435,-81.027047,70.0,5.4,-0.4,68.82,23.0,3D,2025-08-18 06:50:37-04:00,POINT (-81.027047 33.989435)
2025-08-18 06:38:18 UTC,sensor07,236476538,23.98,91.36,2025-08-18 10:50:37+00:00,33.989435,-81.027047,70.0,5.4,-0.4,68.82,23.0,3D,2025-08-18 06:50:37-04:00,POINT (-81.027047 33.989435)
2025-08-18 06:38:23 UTC,sensor07,236476538,23.99,91.39,2025-08-18 10:50:49+00:00,33.989587,-81.026618,70.1,2.79,0.4,44.29,23.0,3D,2025-08-18 06:50:49-04:00,POINT (-81.026618 33.989587)
2025-08-18 06:38:28 UTC,sensor07,236476538,24.04,91.44,2025-08-18 10:50:54+00:00,33.989752,-81.026617,69.4,5.21,-0.3,338.14,23.0,3D,2025-08-18 06:50:54-04:00,POINT (-81.026617 33.989752)
2025-08-18 06:38:33 UTC,sensor07,236476538,24.09,91.31,2025-08-18 10:50:59+00:00,33.990067,-81.02676,68.2,8.4,0.5,339.3,23.0,3D,2025-08-18 06:50:59-04:00,POINT (-81.02676 33.990067)
2025-08-18 06:38:38 UTC,sensor07,236476538,24.1,91.05,2025-08-18 10:51:05+00:00,33.99049,-81.026952,70.2,7.39,0.2,0.0,23.0,3D,2025-08-18 06:51:05-04:00,POINT (-81.026952 33.99049)
2025-08-18 06:38:43 UTC,sensor07,236476538,23.99,91.05,2025-08-18 10:51:10+00:00,33.990785,-81.027085,69.6,6.41,0.0,0.0,23.0,3D,2025-08-18 06:51:10-04:00,POINT (-81.027085 33.990785)
2025-08-18 06:38:48 UTC,sensor07,236476538,23.86,91.33,2025-08-18 10:51:15+00:00,33.991023,-81.027205,69.6,5.95,-0.1,0.0,23.0,3D,2025-08-18 06:51:15-04:00,POINT (-81.027205 33.991023)
2025-08-18 06:38:53 UTC,sensor07,236476538,23.82,91.58,2025-08-18 10:51:20+00:00,33.991315,-81.027313,69.7,7.13,0.2,0.0,23.0,3D,2025-08-18 06:51:20-04:00,POINT (-81.027313 33.991315)
2025-08-18 06:38:58 UTC,sensor07,236476538,23.78,91.7,2025-08-18 10:51:25+00:00,33.991642,-81.02745,71.4,7.67,0.8,0.0,23.0,3D,2025-08-18 06:51:25-04:00,POINT (-81.02745 33.991642)
2025-08-18 06:39:03 UTC,sensor07,236476538,23.79,91.75,2025-08-18 10:51:30+00:00,33.991927,-81.027565,74.0,5.82,0.7,339.51,23.0,3D,2025-08-18 06:51:30-04:00,POINT (-81.027565 33.991927)
2025-08-18 06:39:08 UTC,sensor07,236476538,23.77,91.79,2025-08-18 10:51:35+00:00,33.992133,-81.027665,77.8,3.31,1.0,341.39,23.0,3D,2025-08-18 06:51:35-04:00,POINT (-81.027665 33.992133)
2025-08-18 06:39:18 UTC,sensor07,236476538,23.76,91.72,2025-08-18 10:51:45+00:00,33.992275,-81.027698,83.9,2.77,0.0,23.3,23.0,3D,2025-08-18 06:51:45-04:00,POINT (-81.027698 33.992275)
2025-08-18 06:39:23 UTC,sensor07,236476538,23.73,91.83,2025-08-18 10:51:50+00:00,33.992367,-81.027485,85.0,5.96,0.1,72.62,23.0,3D,2025-08-18 06:51:50-04:00,POINT (-81.027485 33.992367)
2025-08-18 06:39:28 UTC,sensor07,236476538,23.7,91.98,2025-08-18 10:51:55+00:00,33.99247,-81.027103,86.0,8.04,0.3,69.3,23.0,3D,2025-08-18 06:51:55-04:00,POINT (-81.027103 33.99247)
2025-08-18 06:39:33 UTC,sensor07,236476538,23.72,91.81,2025-08-18 10:52:00+00:00,33.992595,-81.026678,86.6,7.65,0.2,70.39,23.0,3D,2025-08-18 06:52:00-04:00,POINT (-81.026678 33.992595)
2025-08-18 06:39:38 UTC,sensor07,236476538,23.74,91.67,2025-08-18 10:52:05+00:00,33.992702,-81.026355,88.0,4.58,0.4,69.4,23.0,3D,2025-08-18 06:52:05-04:00,POINT (-81.026355 33.992702)
2025-08-18 06:39:43 UTC,sensor07,236476538,23.82,91.7,2025-08-18 10:52:10+00:00,33.992763,-81.026107,88.7,5.63,0.2,73.75,22.0,3D,2025-08-18 06:52:10-04:00,POINT (-81.026107 33.992763)
2025-08-18 06:39:48 UTC,sensor07,236476538,23.89,90.86,2025-08-18 10:52:15+00:00,33.99287,-81.025738,87.9,8.14,0.1,69.79,22.0,3D,2025-08-18 06:52:15-04:00,POINT (-81.025738 33.99287)
2025-08-18 06:39:54 UTC,sensor07,236476538,23.89,90.91,2025-08-18 10:52:17+00:00,33.992922,-81.025572,87.4,8.33,-0.3,0.0,22.0,3D,2025-08-18 06:52:17-04:00,POINT (-81.025572 33.992922)
2025-08-18 06:39:59 UTC,sensor07,236476538,23.81,91.11,2025-08-18 10:52:25+00:00,33.993152,-81.024892,85.1,8.24,-0.4,70.41,22.0,3D,2025-08-18 06:52:25-04:00,POINT (-81.024892 33.993152)
2025-08-18 06:40:04 UTC,sensor07,236476538,23.74,91.28,2025-08-18 10:52:30+00:00,33.993282,-81.024507,78.1,7.19,-2.3,71.82,22.0,3D,2025-08-18 06:52:30-04:00,POINT (-81.024507 33.993282)
2025-08-18 06:40:09 UTC,sensor07,236476538,23.74,91.17,2025-08-18 10:52:35+00:00,33.993392,-81.024137,74.3,7.03,-1.0,70.26,22.0,3D,2025-08-18 06:52:35-04:00,POINT (-81.024137 33.993392)
2025-08-18 06:40:14 UTC,sensor07,236476538,23.84,90.94,2025-08-18 10:52:40+00:00,33.993507,-81.023785,72.5,7.32,-0.3,68.94,22.0,3D,2025-08-18 06:52:40-04:00,POINT (-81.023785 33.993507)
2025-08-18 06:40:19 UTC,sensor07,236476538,23.95,90.82,2025-08-18 10:52:45+00:00,33.993628,-81.02341,70.7,7.18,-0.1,64.81,22.0,3D,2025-08-18 06:52:45-04:00,POINT (-81.02341 33.993628)
2025-08-18 06:40:24 UTC,sensor07,236476538,23.85,90.56,2025-08-18 10:52:50+00:00,33.99372,-81.023098,71.1,4.33,0.0,66.68,22.0,3D,2025-08-18 06:52:50-04:00,POINT (-81.023098 33.99372)
2025-08-18 06:40:29 UTC,sensor07,236476538,23.84,90.63,2025-08-18 10:52:55+00:00,33.993818,-81.022982,71.3,3.21,0.0,13.34,22.0,3D,2025-08-18 06:52:55-04:00,POINT (-81.022982 33.993818)
2025-08-18 06:40:34 UTC,sensor07,236476538,23.89,90.62,2025-08-18 10:53:00+00:00,33.994035,-81.02304,71.6,6.75,-0.1,332.98,22.0,3D,2025-08-18 06:53:00-04:00,POINT (-81.02304 33.994035)
2025-08-18 06:40:39 UTC,sensor07,236476538,23.83,90.46,2025-08-18 10:53:05+00:00,33.994333,-81.02325,72.1,7.66,0.1,330.42,22.0,3D,2025-08-18 06:53:05-04:00,POINT (-81.02325 33.994333)
2025-08-18 06:40:44 UTC,sensor07,236476538,23.74,90.76,2025-08-18 10:53:10+00:00,33.994637,-81.023435,71.4,6.89,-0.2,333.67,22.0,3D,2025-08-18 06:53:10-04:00,POINT (-81.023435 33.994637)
2025-08-18 06:40:49 UTC,sensor07,236476538,23.7,91.18,2025-08-18 10:53:15+00:00,33.994878,-81.02359,71.3,5.38,-0.1,331.5,22.0,3D,2025-08-18 06:53:15-04:00,POINT (-81.02359 33.994878)
2025-08-18 06:41:04 UTC,sensor07,236476538,23.8,91.26,2025-08-18 10:53:31+00:00,33.99519,-81.023582,72.1,5.93,0.3,0.0,22.0,3D,2025-08-18 06:53:31-04:00,POINT (-81.023582 33.99519)
2025-08-18 06:41:09 UTC,sensor07,236476538,23.82,90.9,2025-08-18 10:53:36+00:00,33.995432,-81.023257,75.1,8.78,0.3,0.0,22.0,3D,2025-08-18 06:53:36-04:00,POINT (-81.023257 33.995432)
2025-08-18 06:41:14 UTC,sensor07,236476538,23.77,90.84,2025-08-18 10:53:41+00:00,33.995727,-81.02291,75.6,9.28,0.1,0.0,22.0,3D,2025-08-18 06:53:41-04:00,POINT (-81.02291 33.995727)
2025-08-18 06:41:19 UTC,sensor07,236476538,23.61,90.96,2025-08-18 10:53:46+00:00,33.996028,-81.022568,76.7,9.53,0.6,0.0,22.0,3D,2025-08-18 06:53:46-04:00,POINT (-81.022568 33.996028)
2025-08-18 06:41:24 UTC,sensor07,236476538,23.57,91.24,2025-08-18 10:53:51+00:00,33.996312,-81.022233,76.9,8.41,0.0,42.89,22.0,3D,2025-08-18 06:53:51-04:00,POINT (-81.022233 33.996312)
2025-08-18 06:41:29 UTC,sensor07,236476538,23.53,91.49,2025-08-18 10:53:56+00:00,33.99658,-81.02194,74.8,7.97,-0.4,43.93,22.0,3D,2025-08-18 06:53:56-04:00,POINT (-81.02194 33.99658)
2025-08-18 06:41:34 UTC,sensor07,236476538,23.58,91.59,2025-08-18 10:54:01+00:00,33.996858,-81.021633,72.2,8.45,-0.2,42.61,22.0,3D,2025-08-18 06:54:01-04:00,POINT (-81.021633 33.996858)
2025-08-18 06:41:39 UTC,sensor07,236476538,23.63,91.39,2025-08-18 10:54:06+00:00,33.997113,-81.021345,72.0,7.51,-0.1,43.54,22.0,3D,2025-08-18 06:54:06-04:00,POINT (-81.021345 33.997113)
2025-08-18 06:41:44 UTC,sensor07,236476538,23.62,91.24,2025-08-18 10:54:11+00:00,33.99738,-81.021063,71.8,7.87,-0.1,42.51,22.0,3D,2025-08-18 06:54:11-04:00,POINT (-81.021063 33.99738)
2025-08-18 06:41:49 UTC,sensor07,236476538,23.6,91.18,2025-08-18 10:54:16+00:00,33.997655,-81.020767,74.0,7.81,1.0,44.46,22.0,3D,2025-08-18 06:54:16-04:00,POINT (-81.020767 33.997655)
2025-08-18 06:41:54 UTC,sensor07,236476538,23.41,91.34,2025-08-18 10:54:21+00:00,33.997863,-81.020447,76.2,7.49,0.38,56.57,22.0,3D,2025-08-18 06:54:21-04:00,POINT (-81.020447 33.997863)
2025-08-18 06:41:59 UTC,sensor07,236476538,23.33,91.78,2025-08-18 10:54:26+00:00,33.998037,-81.020088,77.1,7.57,0.2,63.15,22.0,3D,2025-08-18 06:54:26-04:00,POINT (-81.020088 33.998037)
2025-08-18 06:42:04 UTC,sensor07,236476538,23.34,92.04,2025-08-18 10:54:31+00:00,33.998152,-81.019722,78.3,7.66,0.1,72.73,22.0,3D,2025-08-18 06:54:31-04:00,POINT (-81.019722 33.998152)
2025-08-18 06:42:09 UTC,sensor07,236476538,23.38,92.15,2025-08-18 10:54:36+00:00,33.998218,-81.019322,81.0,7.55,0.5,81.29,22.0,3D,2025-08-18 06:54:36-04:00,POINT (-81.019322 33.998218)
2025-08-18 06:42:15 UTC,sensor07,236476538,23.44,92.08,2025-08-18 10:54:41+00:00,33.998243,-81.018913,79.1,7.15,0.3,88.54,22.0,3D,2025-08-18 06:54:41-04:00,POINT (-81.018913 33.998243)
2025-08-18 06:42:20 UTC,sensor07,236476538,23.48,91.94,2025-08-18 10:54:46+00:00,33.998193,-81.018505,78.4,7.42,-0.3,97.15,22.0,3D,2025-08-18 06:54:46-04:00,POINT (-81.018505 33.998193)
2025-08-18 06:42:25 UTC,sensor07,236476538,23.42,91.72,2025-08-18 10:54:51+00:00,33.998135,-81.01813,78.9,6.65,0.2,105.47,22.0,3D,2025-08-18 06:54:51-04:00,POINT (-81.01813 33.998135)
2025-08-18 06:42:30 UTC,sensor07,236476538,23.45,91.71,2025-08-18 10:54:56+00:00,33.99807,-81.017893,78.4,3.62,-0.3,111.94,22.0,3D,2025-08-18 06:54:56-04:00,POINT (-81.017893 33.99807)
2025-08-18 06:42:35 UTC,sensor07,236476538,23.52,91.59,2025-08-18 10:55:01+00:00,33.998057,-81.017662,78.7,4.99,0.1,74.51,22.0,3D,2025-08-18 06:55:01-04:00,POINT (-81.017662 33.998057)
2025-08-18 06:42:40 UTC,sensor07,236476538,23.62,91.41,2025-08-18 10:55:06+00:00,33.998227,-81.01752,77.8,4.16,-0.3,18.66,22.0,3D,2025-08-18 06:55:06-04:00,POINT (-81.01752 33.998227)
2025-08-18 06:43:10 UTC,sensor07,236476538,23.82,91.32,2025-08-18 10:55:36+00:00,33.998513,-81.017377,76.9,5.27,-0.1,22.71,22.0,3D,2025-08-18 06:55:36-04:00,POINT (-81.017377 33.998513)
2025-08-18 06:43:15 UTC,sensor07,236476538,23.87,90.67,2025-08-18 10:55:42+00:00,33.9988,-81.017237,76.9,5.78,0.1,0.0,22.0,3D,2025-08-18 06:55:42-04:00,POINT (-81.017237 33.9988)
2025-08-18 06:43:20 UTC,sensor07,236476538,23.88,90.18,2025-08-18 10:55:47+00:00,33.999053,-81.017103,77.9,5.9,0.4,0.0,22.0,3D,2025-08-18 06:55:47-04:00,POINT (-81.017103 33.999053)
2025-08-18 06:43:25 UTC,sensor07,236476538,23.88,90.05,2025-08-18 10:55:52+00:00,33.99928,-81.016987,78.5,5.38,-0.4,0.0,22.0,3D,2025-08-18 06:55:52-04:00,POINT (-81.016987 33.99928)
2025-08-18 06:43:30 UTC,sensor07,236476538,23.99,90.17,2025-08-18 10:55:57+00:00,33.999493,-81.016885,78.5,5.1,-0.1,0.0,22.0,3D,2025-08-18 06:55:57-04:00,POINT (-81.016885 33.999493)
2025-08-18 06:43:35 UTC,sensor07,236476538,24.05,90.29,2025-08-18 10:56:02+00:00,33.999685,-81.016788,79.3,4.13,0.3,0.0,22.0,3D,2025-08-18 06:56:02-04:00,POINT (-81.016788 33.999685)
2025-08-18 06:43:40 UTC,sensor07,236476538,23.99,90.21,2025-08-18 10:56:07+00:00,33.999797,-81.016628,79.4,3.56,0.4,0.0,22.0,3D,2025-08-18 06:56:07-04:00,POINT (-81.016628 33.999797)
2025-08-18 06:43:50 UTC,sensor07,236476538,24.03,90.07,2025-08-18 10:56:17+00:00,33.999802,-81.016418,81.3,3.25,-0.2,127.31,22.0,3D,2025-08-18 06:56:17-04:00,POINT (-81.016418 33.999802)
2025-08-18 06:43:55 UTC,sensor07,236476538,24.04,89.99,2025-08-18 10:56:22+00:00,33.999572,-81.016322,80.5,6.66,-0.1,157.98,22.0,3D,2025-08-18 06:56:22-04:00,POINT (-81.016322 33.999572)
2025-08-18 06:44:00 UTC,sensor07,236476538,24.09,89.94,2025-08-18 10:56:27+00:00,33.999298,-81.016172,79.7,5.93,-0.3,152.56,22.0,3D,2025-08-18 06:56:27-04:00,POINT (-81.016172 33.999298)
2025-08-18 06:44:15 UTC,sensor07,236476538,24.42,89.94,2025-08-18 10:56:42+00:00,33.999075,-81.016053,77.7,3.62,-0.1,160.16,22.0,3D,2025-08-18 06:56:42-04:00,POINT (-81.016053 33.999075)
2025-08-18 06:44:20 UTC,sensor07,236476538,24.58,88.76,2025-08-18 10:56:47+00:00,33.998888,-81.015858,77.6,6.62,-0.1,114.61,22.0,3D,2025-08-18 06:56:47-04:00,POINT (-81.015858 33.998888)
2025-08-18 06:44:26 UTC,sensor07,236476538,24.56,88.24,2025-08-18 10:56:52+00:00,33.998843,-81.01548,77.4,7.72,-0.1,94.58,22.0,3D,2025-08-18 06:56:52-04:00,POINT (-81.01548 33.998843)
2025-08-18 06:44:31 UTC,sensor07,236476538,24.48,88.17,2025-08-18 10:56:57+00:00,33.998828,-81.015052,80.0,7.68,0.4,95.82,22.0,3D,2025-08-18 06:56:57-04:00,POINT (-81.015052 33.998828)
2025-08-18 06:44:36 UTC,sensor07,236476538,24.33,88.4,2025-08-18 10:57:02+00:00,33.9988,-81.014627,81.5,7.72,0.1,95.03,22.0,3D,2025-08-18 06:57:02-04:00,POINT (-81.014627 33.9988)
2025-08-18 06:44:41 UTC,sensor07,236476538,24.18,88.71,2025-08-18 10:57:07+00:00,33.998768,-81.014187,84.3,8.89,0.6,94.52,21.0,3D,2025-08-18 06:57:07-04:00,POINT (-81.014187 33.998768)
2025-08-18 06:44:46 UTC,sensor07,236476538,24.15,89.01,2025-08-18 10:57:12+00:00,33.998738,-81.013725,87.3,8.03,0.7,94.95,21.0,3D,2025-08-18 06:57:12-04:00,POINT (-81.013725 33.998738)
2025-08-18 06:44:51 UTC,sensor07,236476538,24.07,89.23,2025-08-18 10:57:17+00:00,33.99873,-81.013282,91.7,8.18,0.8,93.93,21.0,3D,2025-08-18 06:57:17-04:00,POINT (-81.013282 33.99873)
2025-08-18 06:44:56 UTC,sensor07,236476538,23.98,89.36,2025-08-18 10:57:22+00:00,33.998695,-81.012832,94.3,8.23,0.7,95.01,21.0,3D,2025-08-18 06:57:22-04:00,POINT (-81.012832 33.998695)
2025-08-18 06:45:01 UTC,sensor07,236476538,23.97,89.61,2025-08-18 10:57:27+00:00,33.998687,-81.01246,97.8,4.57,1.5,91.09,21.0,3D,2025-08-18 06:57:27-04:00,POINT (-81.01246 33.998687)
2025-08-18 06:45:06 UTC,sensor07,236476538,23.99,89.75,2025-08-18 10:57:32+00:00,33.998825,-81.012313,99.2,4.91,0.0,11.53,21.0,3D,2025-08-18 06:57:32-04:00,POINT (-81.012313 33.998825)
2025-08-18 06:45:11 UTC,sensor07,236476538,23.96,89.73,2025-08-18 10:57:37+00:00,33.999098,-81.012297,98.2,6.92,0.0,3.12,21.0,3D,2025-08-18 06:57:37-04:00,POINT (-81.012297 33.999098)
2025-08-18 06:45:16 UTC,sensor07,236476538,23.92,89.93,2025-08-18 10:57:42+00:00,33.99941,-81.012302,97.3,6.47,-0.2,1.6,21.0,3D,2025-08-18 06:57:42-04:00,POINT (-81.012302 33.99941)
2025-08-18 06:45:21 UTC,sensor07,236476538,23.84,90.26,2025-08-18 10:57:47+00:00,33.999728,-81.012302,96.9,7.21,0.0,3.66,21.0,3D,2025-08-18 06:57:47-04:00,POINT (-81.012302 33.999728)
2025-08-18 06:45:26 UTC,sensor07,236476538,23.84,90.52,2025-08-18 10:57:52+00:00,34.0,-81.012273,96.1,2.69,0.1,3.34,21.0,3D,2025-08-18 06:57:52-04:00,POINT (-81.012273 34)
2025-08-18 06:45:31 UTC,sensor07,236476538,23.8,90.63,2025-08-18 10:57:57+00:00,34.00008,-81.012278,94.1,2.64,-0.3,329.13,21.0,3D,2025-08-18 06:57:57-04:00,POINT (-81.012278 34.00008)
2025-08-18 06:45:36 UTC,sensor07,236476538,23.77,90.69,2025-08-18 10:58:03+00:00,34.00016,-81.012573,92.5,6.93,-0.3,0.0,21.0,3D,2025-08-18 06:58:03-04:00,POINT (-81.012573 34.00016)
2025-08-18 06:45:41 UTC,sensor07,236476538,23.83,90.73,2025-08-18 10:58:08+00:00,34.000187,-81.012972,90.9,7.43,-0.6,0.0,21.0,3D,2025-08-18 06:58:08-04:00,POINT (-81.012972 34.000187)
2025-08-18 06:45:46 UTC,sensor07,236476538,23.81,90.7,2025-08-18 10:58:13+00:00,34.000205,-81.0133,88.8,4.8,-1.0,0.0,21.0,3D,2025-08-18 06:58:13-04:00,POINT (-81.0133 34.000205)
2025-08-18 06:45:51 UTC,sensor07,236476538,23.74,90.65,2025-08-18 10:58:18+00:00,34.000222,-81.013593,86.3,6.64,-0.5,0.0,21.0,3D,2025-08-18 06:58:18-04:00,POINT (-81.013593 34.000222)
2025-08-18 06:45:56 UTC,sensor07,236476538,23.65,90.78,2025-08-18 10:58:23+00:00,34.00026,-81.013997,83.9,7.58,0.0,0.0,21.0,3D,2025-08-18 06:58:23-04:00,POINT (-81.013997 34.00026)
2025-08-18 06:46:01 UTC,sensor07,236476538,23.63,91.03,2025-08-18 10:58:24+00:00,34.000262,-81.014078,84.1,7.58,0.2,272.06,21.0,3D,2025-08-18 06:58:24-04:00,POINT (-81.014078 34.000262)
2025-08-18 06:46:06 UTC,sensor07,236476538,23.55,91.21,2025-08-18 10:58:33+00:00,34.000335,-81.014765,77.6,4.93,-0.8,291.7,21.0,3D,2025-08-18 06:58:33-04:00,POINT (-81.014765 34.000335)
2025-08-18 06:46:11 UTC,sensor07,236476538,23.46,91.53,2025-08-18 10:58:38+00:00,34.000478,-81.014973,72.0,4.67,-0.8,311.05,21.0,3D,2025-08-18 06:58:38-04:00,POINT (-81.014973 34.000478)
2025-08-18 06:46:16 UTC,sensor07,236476538,23.45,91.74,2025-08-18 10:58:43+00:00,34.000582,-81.015132,69.3,3.24,-0.4,312.22,21.0,3D,2025-08-18 06:58:43-04:00,POINT (-81.015132 34.000582)
2025-08-18 06:46:21 UTC,sensor07,236476538,23.5,91.81,2025-08-18 10:58:48+00:00,34.000643,-81.01523,69.4,2.92,0.1,314.45,21.0,3D,2025-08-18 06:58:48-04:00,POINT (-81.01523 34.000643)
2025-08-18 06:46:26 UTC,sensor07,236476538,23.49,91.8,2025-08-18 10:58:53+00:00,34.000775,-81.01525,72.9,4.08,0.5,24.87,21.0,3D,2025-08-18 06:58:53-04:00,POINT (-81.01525 34.000775)
2025-08-18 06:46:31 UTC,sensor07,236476538,23.39,91.85,2025-08-18 10:58:58+00:00,34.000938,-81.015142,74.3,4.14,0.1,32.96,21.0,3D,2025-08-18 06:58:58-04:00,POINT (-81.015142 34.000938)
2025-08-18 06:46:36 UTC,sensor07,236476538,23.33,92.0,2025-08-18 10:59:03+00:00,34.001093,-81.015007,75.2,4.14,0.6,34.01,21.0,3D,2025-08-18 06:59:03-04:00,POINT (-81.015007 34.001093)
2025-08-18 06:46:41 UTC,sensor07,236476538,23.27,92.16,2025-08-18 10:59:08+00:00,34.001273,-81.014857,77.1,5.25,-0.1,31.67,21.0,3D,2025-08-18 06:59:08-04:00,POINT (-81.014857 34.001273)
2025-08-18 06:46:47 UTC,sensor07,236476538,23.16,92.33,2025-08-18 10:59:13+00:00,34.001495,-81.014687,79.7,5.93,0.3,32.02,21.0,3D,2025-08-18 06:59:13-04:00,POINT (-81.014687 34.001495)
2025-08-18 06:46:52 UTC,sensor07,236476538,23.11,92.6,2025-08-18 10:59:18+00:00,34.001728,-81.014518,81.4,5.79,0.1,31.82,21.0,3D,2025-08-18 06:59:18-04:00,POINT (-81.014518 34.001728)
2025-08-18 06:46:57 UTC,sensor07,236476538,23.0,92.74,2025-08-18 10:59:23+00:00,34.001933,-81.014352,81.4,5.08,0.2,39.4,21.0,3D,2025-08-18 06:59:23-04:00,POINT (-81.014352 34.001933)
2025-08-18 06:47:02 UTC,sensor07,236476538,23.0,93.04,2025-08-18 10:59:28+00:00,34.0021,-81.014147,82.4,5.1,0.2,47.82,21.0,3D,2025-08-18 06:59:28-04:00,POINT (-81.014147 34.0021)
2025-08-18 06:47:07 UTC,sensor07,236476538,22.99,93.11,2025-08-18 10:59:33+00:00,34.002247,-81.013972,83.1,4.23,0.2,46.7,21.0,3D,2025-08-18 06:59:33-04:00,POINT (-81.013972 34.002247)
2025-08-18 05:32:20 UTC,sensor08,236476534,25.07,82.48,2025-08-18 10:03:50+00:00,33.996595,-81.02596,82.7,2.5,0.2,351.5,14.0,3D,2025-08-18 06:03:50-04:00,POINT (-81.02596 33.996595)
2025-08-18 05:32:26 UTC,sensor08,236476534,25.04,82.53,2025-08-18 10:03:55+00:00,33.996712,-81.025982,83.7,2.46,0.1,348.19,14.0,3D,2025-08-18 06:03:55-04:00,POINT (-81.025982 33.996712)
2025-08-18 05:32:31 UTC,sensor08,236476534,25.01,82.51,2025-08-18 10:04:00+00:00,33.996833,-81.026042,84.7,2.79,0.2,339.51,14.0,3D,2025-08-18 06:04:00-04:00,POINT (-81.026042 33.996833)
2025-08-18 05:32:36 UTC,sensor08,236476534,24.99,82.66,2025-08-18 10:04:05+00:00,33.996955,-81.026107,85.7,2.88,0.2,329.69,14.0,3D,2025-08-18 06:04:05-04:00,POINT (-81.026107 33.996955)
2025-08-18 05:32:41 UTC,sensor08,236476534,24.93,82.83,2025-08-18 10:04:10+00:00,33.997072,-81.026192,86.8,2.98,0.3,320.91,14.0,3D,2025-08-18 06:04:10-04:00,POINT (-81.026192 33.997072)
2025-08-18 05:32:46 UTC,sensor08,236476534,24.9,83.15,2025-08-18 10:04:15+00:00,33.997193,-81.02625,88.1,2.85,0.2,331.35,14.0,3D,2025-08-18 06:04:15-04:00,POINT (-81.02625 33.997193)
2025-08-18 05:32:51 UTC,sensor08,236476534,24.85,83.4,2025-08-18 10:04:20+00:00,33.997332,-81.026265,89.5,3.05,0.2,346.48,14.0,3D,2025-08-18 06:04:20-04:00,POINT (-81.026265 33.997332)
2025-08-18 05:32:56 UTC,sensor08,236476534,24.73,83.65,2025-08-18 10:04:25+00:00,33.99747,-81.026302,90.9,2.56,0.2,344.55,14.0,3D,2025-08-18 06:04:25-04:00,POINT (-81.026302 33.99747)
2025-08-18 05:33:01 UTC,sensor08,236476534,24.66,83.72,2025-08-18 10:04:30+00:00,33.997593,-81.026278,91.8,2.28,0.2,30.8,14.0,3D,2025-08-18 06:04:30-04:00,POINT (-81.026278 33.997593)
2025-08-18 05:33:06 UTC,sensor08,236476534,24.64,84.06,2025-08-18 10:04:35+00:00,33.997673,-81.02614,93.0,3.39,0.3,69.47,14.0,3D,2025-08-18 06:04:35-04:00,POINT (-81.02614 33.997673)
2025-08-18 05:33:11 UTC,sensor08,236476534,24.48,83.81,2025-08-18 10:04:40+00:00,33.997793,-81.026007,94.2,2.34,0.2,18.21,14.0,3D,2025-08-18 06:04:40-04:00,POINT (-81.026007 33.997793)
2025-08-18 05:33:16 UTC,sensor08,236476534,24.44,84.47,2025-08-18 10:04:45+00:00,33.997983,-81.025992,95.2,4.24,0.2,359.7,14.0,3D,2025-08-18 06:04:45-04:00,POINT (-81.025992 33.997983)
2025-08-18 05:33:21 UTC,sensor08,236476534,24.41,84.77,2025-08-18 10:04:50+00:00,33.998217,-81.025982,96.0,4.87,0.2,356.05,14.0,3D,2025-08-18 06:04:50-04:00,POINT (-81.025982 33.998217)
2025-08-18 05:33:26 UTC,sensor08,236476534,24.37,85.03,2025-08-18 10:04:53+00:00,33.998348,-81.026,96.6,4.59,0.1,354.87,14.0,3D,2025-08-18 06:04:53-04:00,POINT (-81.026 33.998348)
2025-08-18 05:33:31 UTC,sensor08,236476534,24.36,85.62,2025-08-18 10:05:00+00:00,33.998602,-81.026135,98.3,3.74,0.24,323.19,14.0,3D,2025-08-18 06:05:00-04:00,POINT (-81.026135 33.998602)
2025-08-18 05:33:36 UTC,sensor08,236476534,24.36,85.53,2025-08-18 10:05:05+00:00,33.998748,-81.026115,100.0,3.27,0.3,28.99,14.0,3D,2025-08-18 06:05:05-04:00,POINT (-81.026115 33.998748)
2025-08-18 05:33:41 UTC,sensor08,236476534,24.39,85.42,2025-08-18 10:05:10+00:00,33.998853,-81.025933,102.2,4.05,0.4,66.93,14.0,3D,2025-08-18 06:05:10-04:00,POINT (-81.025933 33.998853)
2025-08-18 05:33:46 UTC,sensor08,236476534,24.41,85.15,2025-08-18 10:05:15+00:00,33.998922,-81.025737,104.0,3.74,0.4,62.75,14.0,3D,2025-08-18 06:05:15-04:00,POINT (-81.025737 33.998922)
2025-08-18 05:33:51 UTC,sensor08,236476534,24.46,85.01,2025-08-18 10:05:20+00:00,33.999002,-81.025537,106.4,3.49,0.3,66.33,14.0,3D,2025-08-18 06:05:20-04:00,POINT (-81.025537 33.999002)
2025-08-18 05:33:56 UTC,sensor08,236476534,24.57,84.54,2025-08-18 10:05:26+00:00,33.99907,-81.025302,108.6,4.06,0.3,0.0,14.0,3D,2025-08-18 06:05:26-04:00,POINT (-81.025302 33.99907)
2025-08-18 05:34:01 UTC,sensor08,236476534,24.62,83.95,2025-08-18 10:05:31+00:00,33.999155,-81.025067,110.6,4.99,0.4,0.0,14.0,3D,2025-08-18 06:05:31-04:00,POINT (-81.025067 33.999155)
2025-08-18 05:34:06 UTC,sensor08,236476534,24.54,83.98,2025-08-18 10:05:36+00:00,33.999337,-81.024635,111.0,4.18,0.0,0.0,14.0,3D,2025-08-18 06:05:36-04:00,POINT (-81.024635 33.999337)
2025-08-18 05:34:11 UTC,sensor08,236476534,24.59,84.22,2025-08-18 10:05:41+00:00,33.999352,-81.024415,110.9,3.04,-0.1,67.0,14.0,3D,2025-08-18 06:05:41-04:00,POINT (-81.024415 33.999352)
2025-08-18 05:34:16 UTC,sensor08,236476534,24.64,84.14,2025-08-18 10:05:46+00:00,33.999415,-81.024193,110.5,3.76,0.0,71.98,14.0,3D,2025-08-18 06:05:46-04:00,POINT (-81.024193 33.999415)
2025-08-18 05:34:22 UTC,sensor08,236476534,24.67,84.05,2025-08-18 10:05:51+00:00,33.999502,-81.024035,110.5,3.42,0.1,66.87,14.0,3D,2025-08-18 06:05:51-04:00,POINT (-81.024035 33.999502)
2025-08-18 05:34:27 UTC,sensor08,236476534,24.77,84.16,2025-08-18 10:05:56+00:00,33.999575,-81.023865,110.7,3.37,0.0,65.28,14.0,3D,2025-08-18 06:05:56-04:00,POINT (-81.023865 33.999575)
2025-08-18 05:34:32 UTC,sensor08,236476534,24.72,84.01,2025-08-18 10:06:01+00:00,33.999632,-81.02371,110.9,2.96,0.0,65.31,14.0,3D,2025-08-18 06:06:01-04:00,POINT (-81.02371 33.999632)
2025-08-18 05:34:37 UTC,sensor08,236476534,24.81,83.84,2025-08-18 10:06:06+00:00,33.999648,-81.02358,111.0,2.75,0.0,96.1,14.0,3D,2025-08-18 06:06:06-04:00,POINT (-81.02358 33.999648)
2025-08-18 05:34:42 UTC,sensor08,236476534,24.74,83.63,2025-08-18 10:06:11+00:00,33.999597,-81.02344,111.0,3.11,0.0,75.99,14.0,3D,2025-08-18 06:06:11-04:00,POINT (-81.02344 33.999597)
2025-08-18 05:34:47 UTC,sensor08,236476534,24.61,84.08,2025-08-18 10:06:16+00:00,33.999672,-81.023273,111.1,3.6,0.0,73.89,14.0,3D,2025-08-18 06:06:16-04:00,POINT (-81.023273 33.999672)
2025-08-18 05:35:22 UTC,sensor08,236476534,24.64,85.17,2025-08-18 10:06:51+00:00,33.999993,-81.022763,112.2,2.35,0.1,70.53,14.0,3D,2025-08-18 06:06:51-04:00,POINT (-81.022763 33.999993)
2025-08-18 05:35:27 UTC,sensor08,236476534,24.68,84.99,2025-08-18 10:06:54+00:00,34.000043,-81.022665,112.6,3.11,0.1,67.22,14.0,3D,2025-08-18 06:06:54-04:00,POINT (-81.022665 34.000043)
2025-08-18 05:35:32 UTC,sensor08,236476534,24.63,85.04,2025-08-18 10:07:01+00:00,34.00011,-81.022378,113.5,3.05,0.1,60.79,14.0,3D,2025-08-18 06:07:01-04:00,POINT (-81.022378 34.00011)
2025-08-18 05:35:37 UTC,sensor08,236476534,24.68,85.21,2025-08-18 10:07:06+00:00,34.000153,-81.02221,113.5,3.83,0.0,76.75,14.0,3D,2025-08-18 06:07:06-04:00,POINT (-81.02221 34.000153)
2025-08-18 05:35:42 UTC,sensor08,236476534,24.74,84.95,2025-08-18 10:07:11+00:00,34.00006,-81.022042,112.0,3.26,-0.6,134.67,14.0,3D,2025-08-18 06:07:11-04:00,POINT (-81.022042 34.00006)
2025-08-18 05:35:47 UTC,sensor08,236476534,24.77,84.79,2025-08-18 10:07:16+00:00,33.999875,-81.02196,110.6,4.65,-0.2,169.05,14.0,3D,2025-08-18 06:07:16-04:00,POINT (-81.02196 33.999875)
2025-08-18 05:35:52 UTC,sensor08,236476534,24.92,84.68,2025-08-18 10:07:22+00:00,33.999573,-81.021842,108.1,7.0,-0.6,0.0,14.0,3D,2025-08-18 06:07:22-04:00,POINT (-81.021842 33.999573)
2025-08-18 05:35:57 UTC,sensor08,236476534,24.83,84.29,2025-08-18 10:07:27+00:00,33.999312,-81.021727,105.8,5.21,-0.4,0.0,14.0,3D,2025-08-18 06:07:27-04:00,POINT (-81.021727 33.999312)
2025-08-18 05:36:02 UTC,sensor08,236476534,24.72,84.48,2025-08-18 10:07:32+00:00,33.999078,-81.021623,102.3,4.81,-0.6,0.0,14.0,3D,2025-08-18 06:07:32-04:00,POINT (-81.021623 33.999078)
2025-08-18 05:36:07 UTC,sensor08,236476534,24.62,84.9,2025-08-18 10:07:37+00:00,33.998873,-81.02154,99.6,3.02,-0.4,163.91,14.0,3D,2025-08-18 06:07:37-04:00,POINT (-81.02154 33.998873)
2025-08-18 05:36:12 UTC,sensor08,236476534,24.55,85.34,2025-08-18 10:07:42+00:00,33.998818,-81.021452,96.7,2.65,-0.3,126.15,14.0,3D,2025-08-18 06:07:42-04:00,POINT (-81.021452 33.998818)
2025-08-18 05:36:18 UTC,sensor08,236476534,24.47,85.6,2025-08-18 10:07:47+00:00,33.998837,-81.021267,94.9,4.07,-0.4,65.82,14.0,3D,2025-08-18 06:07:47-04:00,POINT (-81.021267 33.998837)
2025-08-18 05:36:23 UTC,sensor08,236476534,24.37,86.12,2025-08-18 10:07:52+00:00,33.998912,-81.021013,93.0,5.39,-0.4,68.02,14.0,3D,2025-08-18 06:07:52-04:00,POINT (-81.021013 33.998912)
2025-08-18 05:36:28 UTC,sensor08,236476534,24.35,86.41,2025-08-18 10:07:57+00:00,33.999003,-81.020708,91.1,6.01,-0.4,71.04,14.0,3D,2025-08-18 06:07:57-04:00,POINT (-81.020708 33.999003)
2025-08-18 05:36:33 UTC,sensor08,236476534,24.33,86.46,2025-08-18 10:08:02+00:00,33.999092,-81.020407,89.5,5.26,-0.3,67.79,14.0,3D,2025-08-18 06:08:02-04:00,POINT (-81.020407 33.999092)
2025-08-18 05:36:38 UTC,sensor08,236476534,24.32,86.7,2025-08-18 10:08:07+00:00,33.999183,-81.020097,88.1,6.32,-0.3,68.36,14.0,3D,2025-08-18 06:08:07-04:00,POINT (-81.020097 33.999183)
2025-08-18 05:36:43 UTC,sensor08,236476534,24.31,86.85,2025-08-18 10:08:12+00:00,33.999293,-81.019775,86.9,5.81,-0.2,67.18,14.0,3D,2025-08-18 06:08:12-04:00,POINT (-81.019775 33.999293)
2025-08-18 05:36:48 UTC,sensor08,236476534,24.34,86.74,2025-08-18 10:08:17+00:00,33.99939,-81.019458,86.0,6.72,-0.2,72.75,14.0,3D,2025-08-18 06:08:17-04:00,POINT (-81.019458 33.99939)
2025-08-18 05:36:53 UTC,sensor08,236476534,24.32,86.78,2025-08-18 10:08:22+00:00,33.999477,-81.019117,84.2,5.77,-1.0,69.08,14.0,3D,2025-08-18 06:08:22-04:00,POINT (-81.019117 33.999477)
2025-08-18 05:36:58 UTC,sensor08,236476534,24.35,86.77,2025-08-18 10:08:27+00:00,33.999467,-81.018948,83.5,3.45,-0.1,154.5,14.0,3D,2025-08-18 06:08:27-04:00,POINT (-81.018948 33.999467)
2025-08-18 05:37:03 UTC,sensor08,236476534,24.38,86.81,2025-08-18 10:08:32+00:00,33.999233,-81.018977,81.7,6.66,-0.6,188.95,14.0,3D,2025-08-18 06:08:32-04:00,POINT (-81.018977 33.999233)
2025-08-18 05:37:08 UTC,sensor08,236476534,24.27,87.06,2025-08-18 10:08:37+00:00,33.998925,-81.019043,79.9,6.74,-0.1,188.85,14.0,3D,2025-08-18 06:08:37-04:00,POINT (-81.019043 33.998925)
2025-08-18 05:37:13 UTC,sensor08,236476534,24.12,87.63,2025-08-18 10:08:42+00:00,33.998633,-81.019115,78.6,5.57,-0.2,188.68,14.0,3D,2025-08-18 06:08:42-04:00,POINT (-81.019115 33.998633)
2025-08-18 05:37:18 UTC,sensor08,236476534,24.12,88.06,2025-08-18 10:08:47+00:00,33.998428,-81.019167,78.6,3.13,0.2,199.64,14.0,3D,2025-08-18 06:08:47-04:00,POINT (-81.019167 33.998428)
2025-08-18 05:37:23 UTC,sensor08,236476534,24.04,88.14,2025-08-18 10:08:52+00:00,33.998315,-81.019238,77.9,3.77,0.3,210.43,14.0,3D,2025-08-18 06:08:52-04:00,POINT (-81.019238 33.998315)
2025-08-18 05:37:28 UTC,sensor08,236476534,23.95,88.42,2025-08-18 10:08:55+00:00,33.998228,-81.019293,78.6,3.6,0.3,212.13,14.0,3D,2025-08-18 06:08:55-04:00,POINT (-81.019293 33.998228)
2025-08-18 05:37:38 UTC,sensor08,236476534,23.83,88.97,2025-08-18 10:09:07+00:00,33.998098,-81.019355,80.3,3.03,0.0,188.73,14.0,3D,2025-08-18 06:09:07-04:00,POINT (-81.019355 33.998098)
2025-08-18 05:37:43 UTC,sensor08,236476534,23.69,89.41,2025-08-18 10:09:12+00:00,33.997937,-81.01941,80.3,4.25,-0.1,211.6,14.0,3D,2025-08-18 06:09:12-04:00,POINT (-81.01941 33.997937)
2025-08-18 05:37:48 UTC,sensor08,236476534,23.6,89.84,2025-08-18 10:09:18+00:00,33.997765,-81.019623,78.4,5.39,-0.2,0.0,14.0,3D,2025-08-18 06:09:18-04:00,POINT (-81.019623 33.997765)
2025-08-18 05:37:53 UTC,sensor08,236476534,23.47,90.27,2025-08-18 10:09:23+00:00,33.997635,-81.01984,78.3,4.57,0.1,0.0,14.0,3D,2025-08-18 06:09:23-04:00,POINT (-81.01984 33.997635)
2025-08-18 05:37:58 UTC,sensor08,236476534,23.42,90.53,2025-08-18 10:09:28+00:00,33.99754,-81.020028,78.9,4.15,0.1,0.0,14.0,3D,2025-08-18 06:09:28-04:00,POINT (-81.020028 33.99754)
2025-08-18 05:38:03 UTC,sensor08,236476534,23.36,90.66,2025-08-18 10:09:33+00:00,33.997403,-81.020197,79.9,3.99,0.2,0.0,4.0,3D,2025-08-18 06:09:33-04:00,POINT (-81.020197 33.997403)
2025-08-18 05:38:08 UTC,sensor08,236476534,23.36,90.9,2025-08-18 10:09:38+00:00,33.99737,-81.020338,81.3,2.52,0.4,0.0,8.0,3D,2025-08-18 06:09:38-04:00,POINT (-81.020338 33.99737)
2025-08-18 05:38:14 UTC,sensor08,236476534,23.35,91.16,2025-08-18 10:09:43+00:00,33.997318,-81.020408,83.0,2.4,0.3,0.0,8.0,3D,2025-08-18 06:09:43-04:00,POINT (-81.020408 33.997318)
2025-08-18 05:38:19 UTC,sensor08,236476534,23.32,91.27,2025-08-18 10:09:48+00:00,33.997207,-81.020467,83.2,2.7,0.2,0.0,12.0,3D,2025-08-18 06:09:48-04:00,POINT (-81.020467 33.997207)
2025-08-18 05:38:24 UTC,sensor08,236476534,23.29,91.43,2025-08-18 10:09:53+00:00,33.997082,-81.020533,83.2,2.7,0.4,0.0,14.0,3D,2025-08-18 06:09:53-04:00,POINT (-81.020533 33.997082)
2025-08-18 05:38:29 UTC,sensor08,236476534,23.28,91.65,2025-08-18 10:09:58+00:00,33.996967,-81.020608,85.2,3.02,0.5,204.21,14.0,3D,2025-08-18 06:09:58-04:00,POINT (-81.020608 33.996967)
2025-08-18 05:38:34 UTC,sensor08,236476534,23.25,91.76,2025-08-18 10:10:03+00:00,33.996832,-81.020648,87.1,3.28,0.1,199.8,14.0,3D,2025-08-18 06:10:03-04:00,POINT (-81.020648 33.996832)
2025-08-18 05:38:49 UTC,sensor08,236476534,23.25,91.61,2025-08-18 10:10:18+00:00,33.996557,-81.02092,87.6,2.76,0.4,240.51,14.0,3D,2025-08-18 06:10:18-04:00,POINT (-81.02092 33.996557)
2025-08-18 05:38:54 UTC,sensor08,236476534,23.19,91.77,2025-08-18 10:10:23+00:00,33.996498,-81.021078,89.0,3.34,0.1,244.46,14.0,3D,2025-08-18 06:10:23-04:00,POINT (-81.021078 33.996498)
2025-08-18 05:38:59 UTC,sensor08,236476534,23.21,91.9,2025-08-18 10:10:28+00:00,33.996443,-81.02127,89.8,3.77,0.2,239.71,14.0,3D,2025-08-18 06:10:28-04:00,POINT (-81.02127 33.996443)
2025-08-18 05:39:04 UTC,sensor08,236476534,23.18,91.89,2025-08-18 10:10:33+00:00,33.996328,-81.021412,91.5,3.36,0.2,213.69,14.0,3D,2025-08-18 06:10:33-04:00,POINT (-81.021412 33.996328)
2025-08-18 05:39:09 UTC,sensor08,236476534,23.17,92.16,2025-08-18 10:10:38+00:00,33.996178,-81.021543,93.0,4.06,0.4,217.79,14.0,3D,2025-08-18 06:10:38-04:00,POINT (-81.021543 33.996178)
2025-08-18 05:39:14 UTC,sensor08,236476534,23.17,92.39,2025-08-18 10:10:43+00:00,33.996048,-81.0217,94.7,3.87,0.3,222.06,14.0,3D,2025-08-18 06:10:43-04:00,POINT (-81.0217 33.996048)
2025-08-18 05:39:19 UTC,sensor08,236476534,23.14,92.41,2025-08-18 10:10:48+00:00,33.995977,-81.021883,96.2,3.97,0.3,254.24,14.0,3D,2025-08-18 06:10:48-04:00,POINT (-81.021883 33.995977)
2025-08-18 05:39:24 UTC,sensor08,236476534,23.09,92.4,2025-08-18 10:10:53+00:00,33.995917,-81.022075,98.1,3.36,0.4,244.29,14.0,3D,2025-08-18 06:10:53-04:00,POINT (-81.022075 33.995917)
2025-08-18 05:39:29 UTC,sensor08,236476534,23.16,92.66,2025-08-18 10:10:55+00:00,33.995897,-81.022152,98.8,3.43,0.3,251.64,14.0,3D,2025-08-18 06:10:55-04:00,POINT (-81.022152 33.995897)
2025-08-18 05:39:34 UTC,sensor08,236476534,23.13,92.68,2025-08-18 10:11:04+00:00,33.995743,-81.022477,101.3,3.67,0.2,0.0,14.0,3D,2025-08-18 06:11:04-04:00,POINT (-81.022477 33.995743)
2025-08-18 05:39:39 UTC,sensor08,236476534,23.16,92.76,2025-08-18 10:11:09+00:00,33.995598,-81.022607,102.2,4.62,0.2,0.0,14.0,3D,2025-08-18 06:11:09-04:00,POINT (-81.022607 33.995598)
2025-08-18 05:39:44 UTC,sensor08,236476534,23.25,92.66,2025-08-18 10:11:14+00:00,33.995442,-81.022767,102.9,4.16,0.1,0.0,14.0,3D,2025-08-18 06:11:14-04:00,POINT (-81.022767 33.995442)
2025-08-18 05:39:49 UTC,sensor08,236476534,23.25,92.44,2025-08-18 10:11:19+00:00,33.995297,-81.02294,104.1,4.2,0.2,218.4,14.0,3D,2025-08-18 06:11:19-04:00,POINT (-81.02294 33.995297)
2025-08-18 05:39:54 UTC,sensor08,236476534,23.29,92.24,2025-08-18 10:11:24+00:00,33.995177,-81.023113,105.3,3.6,0.2,222.75,14.0,3D,2025-08-18 06:11:24-04:00,POINT (-81.023113 33.995177)
2025-08-18 05:40:00 UTC,sensor08,236476534,23.32,92.26,2025-08-18 10:11:29+00:00,33.995047,-81.023272,107.1,3.6,0.3,219.51,14.0,3D,2025-08-18 06:11:29-04:00,POINT (-81.023272 33.995047)
2025-08-18 05:40:05 UTC,sensor08,236476534,23.33,92.24,2025-08-18 10:11:34+00:00,33.99489,-81.023403,108.0,3.8,0.2,210.69,14.0,3D,2025-08-18 06:11:34-04:00,POINT (-81.023403 33.99489)
2025-08-18 05:40:15 UTC,sensor08,236476534,23.42,92.07,2025-08-18 10:11:44+00:00,33.994648,-81.023485,109.9,3.56,0.1,165.9,14.0,3D,2025-08-18 06:11:44-04:00,POINT (-81.023485 33.994648)
2025-08-18 05:40:20 UTC,sensor08,236476534,23.55,91.7,2025-08-18 10:11:49+00:00,33.994467,-81.023457,111.2,4.33,0.3,171.63,14.0,3D,2025-08-18 06:11:49-04:00,POINT (-81.023457 33.994467)
2025-08-18 05:40:25 UTC,sensor08,236476534,23.69,91.19,2025-08-18 10:11:54+00:00,33.994267,-81.023378,112.8,5.5,0.3,151.8,14.0,3D,2025-08-18 06:11:54-04:00,POINT (-81.023378 33.994267)
2025-08-18 05:40:30 UTC,sensor08,236476534,23.79,90.72,2025-08-18 10:11:59+00:00,33.994045,-81.023223,114.0,6.0,0.2,152.48,14.0,3D,2025-08-18 06:11:59-04:00,POINT (-81.023223 33.994045)
2025-08-18 05:40:35 UTC,sensor08,236476534,23.88,90.01,2025-08-18 10:12:04+00:00,33.993817,-81.023072,115.2,5.69,0.2,150.15,14.0,3D,2025-08-18 06:12:04-04:00,POINT (-81.023072 33.993817)
2025-08-18 05:40:40 UTC,sensor08,236476534,23.96,89.53,2025-08-18 10:12:09+00:00,33.993618,-81.023142,116.6,6.02,0.3,240.84,14.0,3D,2025-08-18 06:12:09-04:00,POINT (-81.023142 33.993618)
2025-08-18 05:40:45 UTC,sensor08,236476534,23.97,89.3,2025-08-18 10:12:14+00:00,33.993507,-81.023475,117.5,6.59,0.1,245.93,14.0,3D,2025-08-18 06:12:14-04:00,POINT (-81.023475 33.993507)
2025-08-18 05:40:50 UTC,sensor08,236476534,24.05,89.18,2025-08-18 10:12:19+00:00,33.993393,-81.023805,118.4,6.3,0.2,244.38,14.0,3D,2025-08-18 06:12:19-04:00,POINT (-81.023805 33.993393)
2025-08-18 05:40:55 UTC,sensor08,236476534,24.15,89.13,2025-08-18 10:12:24+00:00,33.993298,-81.024122,114.4,6.85,-1.2,242.77,14.0,3D,2025-08-18 06:12:24-04:00,POINT (-81.024122 33.993298)
2025-08-18 05:41:00 UTC,sensor08,236476534,24.12,89.22,2025-08-18 10:12:29+00:00,33.993198,-81.02448,114.5,6.82,0.0,247.61,14.0,3D,2025-08-18 06:12:29-04:00,POINT (-81.02448 33.993198)
2025-08-18 05:41:05 UTC,sensor08,236476534,24.1,89.5,2025-08-18 10:12:34+00:00,33.993098,-81.024823,112.9,6.63,-0.1,249.86,14.0,3D,2025-08-18 06:12:34-04:00,POINT (-81.024823 33.993098)
2025-08-18 05:41:10 UTC,sensor08,236476534,24.1,89.57,2025-08-18 10:12:39+00:00,33.99302,-81.025168,110.1,5.94,-0.2,250.64,14.0,3D,2025-08-18 06:12:39-04:00,POINT (-81.025168 33.99302)
2025-08-18 05:41:15 UTC,sensor08,236476534,24.16,89.46,2025-08-18 10:12:44+00:00,33.992928,-81.025465,111.0,5.56,0.2,245.97,14.0,3D,2025-08-18 06:12:44-04:00,POINT (-81.025465 33.992928)
2025-08-18 05:41:20 UTC,sensor08,236476534,24.14,89.41,2025-08-18 10:12:50+00:00,33.992858,-81.025767,112.2,4.68,0.1,0.0,14.0,3D,2025-08-18 06:12:50-04:00,POINT (-81.025767 33.992858)
2025-08-18 05:41:25 UTC,sensor08,236476534,24.21,89.33,2025-08-18 10:12:55+00:00,33.992808,-81.026003,114.2,4.75,0.5,0.0,14.0,3D,2025-08-18 06:12:55-04:00,POINT (-81.026003 33.992808)
2025-08-18 05:41:30 UTC,sensor08,236476534,24.24,89.9,2025-08-18 10:13:00+00:00,33.992732,-81.02623,116.8,4.41,0.55,0.0,14.0,3D,2025-08-18 06:13:00-04:00,POINT (-81.02623 33.992732)
2025-08-18 05:41:35 UTC,sensor08,236476534,24.13,89.82,2025-08-18 10:13:05+00:00,33.992612,-81.026423,118.0,4.35,-0.3,241.65,14.0,3D,2025-08-18 06:13:05-04:00,POINT (-81.026423 33.992612)
2025-08-18 05:41:40 UTC,sensor08,236476534,24.04,89.97,2025-08-18 10:13:10+00:00,33.99253,-81.026622,120.7,4.19,0.7,244.02,14.0,3D,2025-08-18 06:13:10-04:00,POINT (-81.026622 33.99253)
2025-08-18 05:41:46 UTC,sensor08,236476534,23.97,90.23,2025-08-18 10:13:15+00:00,33.992433,-81.026847,123.6,4.07,0.6,234.34,14.0,3D,2025-08-18 06:13:15-04:00,POINT (-81.026847 33.992433)
2025-08-18 05:41:51 UTC,sensor08,236476534,23.87,90.19,2025-08-18 10:13:20+00:00,33.992323,-81.027048,124.6,4.13,0.5,239.3,14.0,3D,2025-08-18 06:13:20-04:00,POINT (-81.027048 33.992323)
2025-08-18 05:41:56 UTC,sensor08,236476534,23.88,90.35,2025-08-18 10:13:25+00:00,33.992252,-81.02727,127.4,4.3,0.6,245.4,14.0,3D,2025-08-18 06:13:25-04:00,POINT (-81.02727 33.992252)
2025-08-18 05:42:01 UTC,sensor08,236476534,23.87,90.52,2025-08-18 10:13:30+00:00,33.992197,-81.027497,128.5,3.36,-0.3,240.69,14.0,3D,2025-08-18 06:13:30-04:00,POINT (-81.027497 33.992197)
2025-08-18 05:42:06 UTC,sensor08,236476534,23.89,90.72,2025-08-18 10:13:35+00:00,33.992163,-81.027693,127.4,3.11,-0.4,206.59,14.0,3D,2025-08-18 06:13:35-04:00,POINT (-81.027693 33.992163)
2025-08-18 05:42:11 UTC,sensor08,236476534,23.94,90.74,2025-08-18 10:13:40+00:00,33.991963,-81.02768,124.5,6.78,-0.8,162.15,14.0,3D,2025-08-18 06:13:40-04:00,POINT (-81.02768 33.991963)
2025-08-18 05:42:16 UTC,sensor08,236476534,23.94,90.65,2025-08-18 10:13:45+00:00,33.991682,-81.027542,120.4,5.36,-0.9,158.13,14.0,3D,2025-08-18 06:13:45-04:00,POINT (-81.027542 33.991682)
2025-08-18 05:42:21 UTC,sensor08,236476534,23.9,90.67,2025-08-18 10:13:50+00:00,33.991552,-81.02758,116.3,2.9,-0.5,235.38,14.0,3D,2025-08-18 06:13:50-04:00,POINT (-81.02758 33.991552)
2025-08-18 05:42:26 UTC,sensor08,236476534,23.88,90.79,2025-08-18 10:13:55+00:00,33.991498,-81.027692,114.4,2.81,-0.3,246.45,14.0,3D,2025-08-18 06:13:55-04:00,POINT (-81.027692 33.991498)
2025-08-18 05:42:31 UTC,sensor08,236476534,23.9,90.85,2025-08-18 10:14:00+00:00,33.991485,-81.027817,112.5,2.62,-0.5,255.87,14.0,3D,2025-08-18 06:14:00-04:00,POINT (-81.027817 33.991485)
2025-08-18 05:42:36 UTC,sensor08,236476534,23.91,90.16,2025-08-18 10:14:05+00:00,33.991482,-81.027965,111.2,2.41,-0.2,260.78,14.0,3D,2025-08-18 06:14:05-04:00,POINT (-81.027965 33.991482)
2025-08-18 05:42:41 UTC,sensor08,236476534,23.99,90.05,2025-08-18 10:14:10+00:00,33.991485,-81.028117,109.9,3.44,-0.4,255.44,14.0,3D,2025-08-18 06:14:10-04:00,POINT (-81.028117 33.991485)
2025-08-18 05:42:46 UTC,sensor08,236476534,24.03,89.85,2025-08-18 10:14:15+00:00,33.991503,-81.028287,109.2,3.21,0.0,253.5,14.0,3D,2025-08-18 06:14:15-04:00,POINT (-81.028287 33.991503)
2025-08-18 05:42:51 UTC,sensor08,236476534,24.09,89.86,2025-08-18 10:14:20+00:00,33.991452,-81.02846,108.1,3.31,-0.3,243.95,14.0,3D,2025-08-18 06:14:20-04:00,POINT (-81.02846 33.991452)
2025-08-18 05:42:56 UTC,sensor08,236476534,24.12,89.83,2025-08-18 10:14:25+00:00,33.991403,-81.028603,107.1,2.77,-0.2,253.4,14.0,3D,2025-08-18 06:14:25-04:00,POINT (-81.028603 33.991403)
2025-08-18 05:43:01 UTC,sensor08,236476534,24.14,89.72,2025-08-18 10:14:30+00:00,33.991347,-81.028762,106.7,2.63,-0.2,254.91,14.0,3D,2025-08-18 06:14:30-04:00,POINT (-81.028762 33.991347)
2025-08-18 05:43:06 UTC,sensor08,236476534,24.14,89.74,2025-08-18 10:14:35+00:00,33.991238,-81.028917,105.4,2.47,-0.1,287.21,14.0,3D,2025-08-18 06:14:35-04:00,POINT (-81.028917 33.991238)
2025-08-18 05:43:11 UTC,sensor08,236476534,24.17,89.79,2025-08-18 10:14:40+00:00,33.991352,-81.029013,104.1,3.47,-0.2,335.48,14.0,3D,2025-08-18 06:14:40-04:00,POINT (-81.029013 33.991352)
2025-08-18 05:43:16 UTC,sensor08,236476534,24.19,89.66,2025-08-18 10:14:46+00:00,33.991535,-81.029117,103.0,3.6,-0.1,0.0,14.0,3D,2025-08-18 06:14:46-04:00,POINT (-81.029117 33.991535)
2025-08-18 05:43:21 UTC,sensor08,236476534,24.22,89.59,2025-08-18 10:14:51+00:00,33.991682,-81.029197,101.8,3.6,-0.3,0.0,14.0,3D,2025-08-18 06:14:51-04:00,POINT (-81.029197 33.991682)
2025-08-18 05:43:26 UTC,sensor08,236476534,24.22,89.59,2025-08-18 10:14:56+00:00,33.991828,-81.029272,100.7,3.72,-0.2,0.0,14.0,3D,2025-08-18 06:14:56-04:00,POINT (-81.029272 33.991828)
2025-08-18 05:43:31 UTC,sensor08,236476534,24.31,89.35,2025-08-18 10:14:56+00:00,33.991828,-81.029272,100.7,3.61,-0.2,340.52,14.0,3D,2025-08-18 06:14:56-04:00,POINT (-81.029272 33.991828)
2025-08-18 05:43:36 UTC,sensor08,236476534,24.34,89.09,2025-08-18 10:15:06+00:00,33.992173,-81.029442,93.4,3.54,-3.7,343.78,14.0,3D,2025-08-18 06:15:06-04:00,POINT (-81.029442 33.992173)
2025-08-18 05:43:42 UTC,sensor08,236476534,24.36,89.0,2025-08-18 10:15:11+00:00,33.992308,-81.029503,92.4,3.32,-0.3,344.68,14.0,3D,2025-08-18 06:15:11-04:00,POINT (-81.029503 33.992308)
2025-08-18 05:43:47 UTC,sensor08,236476534,24.45,88.69,2025-08-18 10:15:16+00:00,33.992448,-81.029562,92.4,3.75,0.2,342.62,14.0,3D,2025-08-18 06:15:16-04:00,POINT (-81.029562 33.992448)
2025-08-18 05:43:52 UTC,sensor08,236476534,24.51,88.09,2025-08-18 10:15:21+00:00,33.99259,-81.029618,91.9,3.07,0.2,337.15,14.0,3D,2025-08-18 06:15:21-04:00,POINT (-81.029618 33.99259)
2025-08-18 05:43:57 UTC,sensor08,236476534,24.58,87.42,2025-08-18 10:15:26+00:00,33.992708,-81.029693,91.5,2.94,0.1,334.42,14.0,3D,2025-08-18 06:15:26-04:00,POINT (-81.029693 33.992708)
2025-08-18 05:44:02 UTC,sensor08,236476534,24.65,87.06,2025-08-18 10:15:31+00:00,33.992825,-81.029772,92.9,3.05,0.4,339.87,14.0,3D,2025-08-18 06:15:31-04:00,POINT (-81.029772 33.992825)
2025-08-18 05:44:07 UTC,sensor08,236476534,24.78,86.74,2025-08-18 10:15:36+00:00,33.992892,-81.029867,91.3,2.36,-0.2,356.23,14.0,3D,2025-08-18 06:15:36-04:00,POINT (-81.029867 33.992892)
2025-08-18 05:44:17 UTC,sensor08,236476534,24.91,85.4,2025-08-18 10:15:46+00:00,33.993107,-81.029932,88.1,3.15,-0.3,343.29,14.0,3D,2025-08-18 06:15:46-04:00,POINT (-81.029932 33.993107)
2025-08-18 05:44:22 UTC,sensor08,236476534,24.94,85.15,2025-08-18 10:15:51+00:00,33.99323,-81.02999,86.2,3.07,-0.4,347.43,14.0,3D,2025-08-18 06:15:51-04:00,POINT (-81.02999 33.99323)
2025-08-18 05:44:27 UTC,sensor08,236476534,24.99,84.93,2025-08-18 10:15:56+00:00,33.993377,-81.030022,84.5,3.26,-0.2,354.19,14.0,3D,2025-08-18 06:15:56-04:00,POINT (-81.030022 33.993377)
2025-08-18 05:44:32 UTC,sensor08,236476534,25.04,84.2,2025-08-18 10:16:01+00:00,33.993493,-81.030123,84.6,3.39,0.0,341.24,14.0,3D,2025-08-18 06:16:01-04:00,POINT (-81.030123 33.993493)
2025-08-18 05:44:37 UTC,sensor08,236476534,25.04,84.24,2025-08-18 10:16:06+00:00,33.993607,-81.030273,100.1,3.59,3.1,345.28,14.0,3D,2025-08-18 06:16:06-04:00,POINT (-81.030273 33.993607)
2025-08-18 05:44:42 UTC,sensor08,236476534,25.04,84.56,2025-08-18 10:16:11+00:00,33.993773,-81.030288,100.1,3.45,-0.1,343.4,14.0,3D,2025-08-18 06:16:11-04:00,POINT (-81.030288 33.993773)
2025-08-18 05:44:47 UTC,sensor08,236476534,25.06,84.64,2025-08-18 10:16:16+00:00,33.993918,-81.030352,98.1,3.71,-0.4,342.53,14.0,3D,2025-08-18 06:16:16-04:00,POINT (-81.030352 33.993918)
2025-08-18 05:44:52 UTC,sensor08,236476534,25.08,84.65,2025-08-18 10:16:21+00:00,33.994097,-81.03037,96.8,3.63,-0.3,343.91,14.0,3D,2025-08-18 06:16:21-04:00,POINT (-81.03037 33.994097)
2025-08-18 05:44:57 UTC,sensor08,236476534,25.09,84.64,2025-08-18 10:16:27+00:00,33.994282,-81.030458,94.1,3.95,-0.7,0.0,14.0,3D,2025-08-18 06:16:27-04:00,POINT (-81.030458 33.994282)
2025-08-18 05:45:02 UTC,sensor08,236476534,24.98,84.62,2025-08-18 10:16:32+00:00,33.99445,-81.030522,91.4,4.14,-0.7,0.0,14.0,3D,2025-08-18 06:16:32-04:00,POINT (-81.030522 33.99445)
2025-08-18 05:45:07 UTC,sensor08,236476534,24.96,84.76,2025-08-18 10:16:37+00:00,33.994618,-81.030583,88.8,3.67,-0.7,0.0,14.0,3D,2025-08-18 06:16:37-04:00,POINT (-81.030583 33.994618)
2025-08-18 05:45:12 UTC,sensor08,236476534,24.95,84.91,2025-08-18 10:16:42+00:00,33.994783,-81.030607,86.0,3.63,-0.7,6.55,14.0,3D,2025-08-18 06:16:42-04:00,POINT (-81.030607 33.994783)
2025-08-18 05:45:17 UTC,sensor08,236476534,24.89,85.1,2025-08-18 10:16:47+00:00,33.99495,-81.030637,84.0,3.71,-0.5,341.32,14.0,3D,2025-08-18 06:16:47-04:00,POINT (-81.030637 33.99495)
2025-08-18 05:45:23 UTC,sensor08,236476534,24.91,85.31,2025-08-18 10:16:52+00:00,33.9951,-81.03072,81.3,3.59,-0.5,336.02,14.0,3D,2025-08-18 06:16:52-04:00,POINT (-81.03072 33.9951)
2025-08-18 05:45:28 UTC,sensor08,236476534,24.99,85.16,2025-08-18 10:16:57+00:00,33.995238,-81.030852,79.3,4.05,-0.8,328.73,14.0,3D,2025-08-18 06:16:57-04:00,POINT (-81.030852 33.995238)
2025-08-18 05:45:33 UTC,sensor08,236476534,25.02,85.02,2025-08-18 10:17:02+00:00,33.995372,-81.030993,77.0,3.75,-0.3,319.54,14.0,3D,2025-08-18 06:17:02-04:00,POINT (-81.030993 33.995372)
2025-08-18 05:45:38 UTC,sensor08,236476534,25.03,84.94,2025-08-18 10:17:02+00:00,33.995372,-81.030993,77.0,3.75,-0.3,319.54,14.0,3D,2025-08-18 06:17:02-04:00,POINT (-81.030993 33.995372)
2025-08-18 05:45:43 UTC,sensor08,236476534,25.02,84.9,2025-08-18 10:17:12+00:00,33.995725,-81.031073,78.4,4.09,0.1,342.23,14.0,3D,2025-08-18 06:17:12-04:00,POINT (-81.031073 33.995725)
2025-08-18 05:45:48 UTC,sensor08,236476534,25.09,84.98,2025-08-18 10:17:17+00:00,33.995912,-81.03114,78.1,4.49,-0.1,342.04,14.0,3D,2025-08-18 06:17:17-04:00,POINT (-81.03114 33.995912)
2025-08-18 05:45:53 UTC,sensor08,236476534,25.09,84.8,2025-08-18 10:17:22+00:00,33.996117,-81.031195,77.8,4.75,0.0,358.36,14.0,3D,2025-08-18 06:17:22-04:00,POINT (-81.031195 33.996117)
2025-08-18 05:45:58 UTC,sensor08,236476534,25.06,84.76,2025-08-18 10:17:27+00:00,33.996332,-81.031267,77.6,5.19,-0.2,337.03,14.0,3D,2025-08-18 06:17:27-04:00,POINT (-81.031267 33.996332)
2025-08-18 05:46:03 UTC,sensor08,236476534,25.1,84.81,2025-08-18 10:17:32+00:00,33.996558,-81.031357,77.6,5.41,0.1,338.07,14.0,3D,2025-08-18 06:17:32-04:00,POINT (-81.031357 33.996558)
2025-08-18 05:46:08 UTC,sensor08,236476534,25.09,84.75,2025-08-18 10:17:37+00:00,33.99679,-81.031453,77.4,5.38,-0.1,340.15,14.0,3D,2025-08-18 06:17:37-04:00,POINT (-81.031453 33.99679)
2025-08-18 05:46:13 UTC,sensor08,236476534,25.15,84.66,2025-08-18 10:17:42+00:00,33.996992,-81.031598,77.2,5.01,-0.1,321.94,14.0,3D,2025-08-18 06:17:42-04:00,POINT (-81.031598 33.996992)
2025-08-18 05:46:18 UTC,sensor08,236476534,25.17,84.5,2025-08-18 10:17:47+00:00,33.997202,-81.031695,78.4,5.12,0.1,341.6,14.0,3D,2025-08-18 06:17:47-04:00,POINT (-81.031695 33.997202)
2025-08-18 05:46:23 UTC,sensor08,236476534,25.2,84.37,2025-08-18 10:17:52+00:00,33.997432,-81.031775,78.4,5.02,-0.3,359.23,14.0,3D,2025-08-18 06:17:52-04:00,POINT (-81.031775 33.997432)
2025-08-18 05:46:28 UTC,sensor08,236476534,25.24,84.16,2025-08-18 10:17:57+00:00,33.997645,-81.031835,82.7,4.79,1.8,335.47,14.0,3D,2025-08-18 06:17:57-04:00,POINT (-81.031835 33.997645)
2025-08-18 05:46:33 UTC,sensor08,236476534,25.18,84.14,2025-08-18 10:18:02+00:00,33.997848,-81.03194,87.0,4.87,0.6,339.31,14.0,3D,2025-08-18 06:18:02-04:00,POINT (-81.03194 33.997848)
2025-08-18 05:46:38 UTC,sensor08,236476534,25.19,84.29,2025-08-18 10:18:07+00:00,33.99805,-81.03203,89.8,4.62,-0.1,341.22,14.0,3D,2025-08-18 06:18:07-04:00,POINT (-81.03203 33.99805)
2025-08-18 05:46:43 UTC,sensor08,236476534,25.23,84.18,2025-08-18 10:18:12+00:00,33.998235,-81.032143,88.7,4.43,0.0,316.14,14.0,3D,2025-08-18 06:18:12-04:00,POINT (-81.032143 33.998235)
2025-08-18 05:46:48 UTC,sensor08,236476534,25.27,84.15,2025-08-18 10:18:17+00:00,33.998412,-81.032207,88.6,3.9,0.0,36.1,14.0,3D,2025-08-18 06:18:17-04:00,POINT (-81.032207 33.998412)
2025-08-18 05:46:53 UTC,sensor08,236476534,25.25,83.96,2025-08-18 10:18:23+00:00,33.998528,-81.03196,84.8,4.77,-0.9,0.0,14.0,3D,2025-08-18 06:18:23-04:00,POINT (-81.03196 33.998528)
2025-08-18 05:46:58 UTC,sensor08,236476534,25.22,83.9,2025-08-18 10:18:28+00:00,33.998675,-81.03171,82.6,6.53,-1.0,0.0,14.0,3D,2025-08-18 06:18:28-04:00,POINT (-81.03171 33.998675)
2025-08-18 05:47:03 UTC,sensor08,236476534,25.25,83.7,2025-08-18 10:18:33+00:00,33.998762,-81.031447,83.9,5.54,-0.3,0.0,14.0,3D,2025-08-18 06:18:33-04:00,POINT (-81.031447 33.998762)
2025-08-18 05:47:08 UTC,sensor08,236476534,25.26,83.49,2025-08-18 10:18:38+00:00,33.998855,-81.031225,82.8,3.95,0.3,0.0,4.0,3D,2025-08-18 06:18:38-04:00,POINT (-81.031225 33.998855)
2025-08-18 05:47:13 UTC,sensor08,236476534,25.26,83.26,2025-08-18 10:18:43+00:00,33.998987,-81.030978,82.7,5.65,-0.2,0.0,4.0,3D,2025-08-18 06:18:43-04:00,POINT (-81.030978 33.998987)
2025-08-18 05:47:18 UTC,sensor08,236476534,25.28,83.15,2025-08-18 10:18:48+00:00,33.998913,-81.030738,76.6,4.77,-0.4,0.0,4.0,3D,2025-08-18 06:18:48-04:00,POINT (-81.030738 33.998913)
2025-08-18 05:47:24 UTC,sensor08,236476534,25.29,83.14,2025-08-18 10:18:53+00:00,33.998703,-81.030622,76.2,5.1,-0.5,0.0,8.0,3D,2025-08-18 06:18:53-04:00,POINT (-81.030622 33.998703)
2025-08-18 05:47:29 UTC,sensor08,236476534,25.33,83.03,2025-08-18 10:18:57+00:00,33.998533,-81.030528,73.2,5.33,-0.6,158.23,14.0,3D,2025-08-18 06:18:57-04:00,POINT (-81.030528 33.998533)
2025-08-18 05:47:34 UTC,sensor08,236476534,25.23,83.35,2025-08-18 10:18:57+00:00,33.998533,-81.030528,73.2,5.33,-0.6,158.23,14.0,3D,2025-08-18 06:18:57-04:00,POINT (-81.030528 33.998533)
2025-08-18 05:47:39 UTC,sensor08,236476534,25.06,83.88,2025-08-18 10:19:08+00:00,33.998058,-81.03033,66.6,4.93,-0.5,0.0,14.0,3D,2025-08-18 06:19:08-04:00,POINT (-81.03033 33.998058)
2025-08-18 05:47:44 UTC,sensor08,236476534,24.98,84.34,2025-08-18 10:19:13+00:00,33.997833,-81.030248,65.5,5.47,0.0,0.0,14.0,3D,2025-08-18 06:19:13-04:00,POINT (-81.030248 33.997833)
2025-08-18 05:47:49 UTC,sensor08,236476534,24.89,84.74,2025-08-18 10:19:18+00:00,33.997602,-81.030168,64.2,5.33,-0.2,161.1,14.0,3D,2025-08-18 06:19:18-04:00,POINT (-81.030168 33.997602)
2025-08-18 05:47:54 UTC,sensor08,236476534,24.83,84.9,2025-08-18 10:19:23+00:00,33.997382,-81.030037,62.7,5.23,-0.3,156.78,14.0,3D,2025-08-18 06:19:23-04:00,POINT (-81.030037 33.997382)
2025-08-18 05:47:59 UTC,sensor08,236476534,24.91,85.05,2025-08-18 10:19:28+00:00,33.997173,-81.029915,61.3,5.23,-0.2,157.49,14.0,3D,2025-08-18 06:19:28-04:00,POINT (-81.029915 33.997173)
2025-08-18 05:48:04 UTC,sensor08,236476534,24.94,85.03,2025-08-18 10:19:33+00:00,33.996942,-81.02981,60.7,5.22,-0.1,156.5,13.0,3D,2025-08-18 06:19:33-04:00,POINT (-81.02981 33.996942)
2025-08-18 05:48:09 UTC,sensor08,236476534,24.94,85.0,2025-08-18 10:19:38+00:00,33.996695,-81.029722,61.1,5.24,-0.1,168.26,13.0,3D,2025-08-18 06:19:38-04:00,POINT (-81.029722 33.996695)
2025-08-18 05:48:14 UTC,sensor08,236476534,25.0,85.01,2025-08-18 10:19:43+00:00,33.99647,-81.02967,62.0,4.42,-0.1,144.79,13.0,3D,2025-08-18 06:19:43-04:00,POINT (-81.02967 33.99647)
2025-08-18 05:48:19 UTC,sensor08,236476534,25.05,84.69,2025-08-18 10:19:48+00:00,33.996392,-81.029447,62.9,4.4,0.2,98.14,13.0,3D,2025-08-18 06:19:48-04:00,POINT (-81.029447 33.996392)
2025-08-18 05:48:24 UTC,sensor08,236476534,25.08,84.54,2025-08-18 10:19:53+00:00,33.996357,-81.029202,63.9,4.61,0.3,80.85,13.0,3D,2025-08-18 06:19:53-04:00,POINT (-81.029202 33.996357)
2025-08-18 05:48:29 UTC,sensor08,236476534,25.04,84.42,2025-08-18 10:19:58+00:00,33.996417,-81.028963,65.3,4.9,0.1,71.24,13.0,3D,2025-08-18 06:19:58-04:00,POINT (-81.028963 33.996417)
2025-08-18 05:48:34 UTC,sensor08,236476534,24.93,84.45,2025-08-18 10:20:03+00:00,33.996485,-81.028727,66.7,4.25,0.3,69.95,13.0,3D,2025-08-18 06:20:03-04:00,POINT (-81.028727 33.996485)
2025-08-18 05:48:39 UTC,sensor08,236476534,24.86,84.79,2025-08-18 10:20:08+00:00,33.99656,-81.028507,69.4,4.06,0.8,69.06,13.0,3D,2025-08-18 06:20:08-04:00,POINT (-81.028507 33.99656)
2025-08-18 05:48:44 UTC,sensor08,236476534,24.82,84.97,2025-08-18 10:20:13+00:00,33.996655,-81.028282,74.8,4.51,0.7,68.61,13.0,3D,2025-08-18 06:20:13-04:00,POINT (-81.028282 33.996655)
2025-08-18 05:48:49 UTC,sensor08,236476534,24.81,85.03,2025-08-18 10:20:18+00:00,33.996678,-81.028063,80.6,3.77,1.0,123.52,13.0,3D,2025-08-18 06:20:18-04:00,POINT (-81.028063 33.996678)
2025-08-18 05:48:54 UTC,sensor08,236476534,24.8,85.06,2025-08-18 10:20:24+00:00,33.996397,-81.027948,84.1,5.2,0.1,0.0,13.0,3D,2025-08-18 06:20:24-04:00,POINT (-81.027948 33.996397)
2025-08-18 05:48:59 UTC,sensor08,236476534,24.78,85.24,2025-08-18 10:20:29+00:00,33.99617,-81.027872,84.3,5.23,0.1,0.0,13.0,3D,2025-08-18 06:20:29-04:00,POINT (-81.027872 33.99617)
2025-08-18 05:49:04 UTC,sensor08,236476534,24.7,85.53,2025-08-18 10:20:34+00:00,33.99598,-81.027732,84.9,5.38,0.1,0.0,13.0,3D,2025-08-18 06:20:34-04:00,POINT (-81.027732 33.99598)
2025-08-18 05:49:09 UTC,sensor08,236476534,24.69,85.3,2025-08-18 10:20:39+00:00,33.995677,-81.027658,84.8,7.0,0.0,166.44,13.0,3D,2025-08-18 06:20:39-04:00,POINT (-81.027658 33.995677)
2025-08-18 05:49:14 UTC,sensor08,236476534,24.66,85.59,2025-08-18 10:20:44+00:00,33.995355,-81.027607,84.0,5.86,-0.4,159.01,13.0,3D,2025-08-18 06:20:44-04:00,POINT (-81.027607 33.995355)
2025-08-18 05:49:20 UTC,sensor08,236476534,24.77,85.37,2025-08-18 10:20:49+00:00,33.995158,-81.02741,83.9,5.94,-0.1,160.54,13.0,3D,2025-08-18 06:20:49-04:00,POINT (-81.02741 33.995158)
2025-08-18 05:49:25 UTC,sensor08,236476534,24.87,85.09,2025-08-18 10:20:54+00:00,33.994908,-81.027283,83.5,5.65,-0.1,159.17,13.0,3D,2025-08-18 06:20:54-04:00,POINT (-81.027283 33.994908)
2025-08-18 05:49:30 UTC,sensor08,236476534,24.95,84.88,2025-08-18 10:20:59+00:00,33.99467,-81.027173,82.9,5.31,-0.2,159.27,13.0,3D,2025-08-18 06:20:59-04:00,POINT (-81.027173 33.99467)
2025-08-18 05:49:35 UTC,sensor08,236476534,24.91,85.09,2025-08-18 10:21:01+00:00,33.994577,-81.027127,83.0,5.78,0.1,0.0,13.0,3D,2025-08-18 06:21:01-04:00,POINT (-81.027127 33.994577)
2025-08-18 05:49:40 UTC,sensor08,236476534,24.78,85.58,2025-08-18 10:21:09+00:00,33.994188,-81.026952,81.9,4.64,-0.2,146.31,13.0,3D,2025-08-18 06:21:09-04:00,POINT (-81.026952 33.994188)
2025-08-18 05:49:45 UTC,sensor08,236476534,24.74,85.73,2025-08-18 10:21:14+00:00,33.99407,-81.026858,79.5,2.96,-0.7,150.93,13.0,3D,2025-08-18 06:21:14-04:00,POINT (-81.026858 33.99407)
2025-08-18 05:50:40 UTC,sensor08,236476534,24.3,88.32,2025-08-18 10:22:10+00:00,33.993775,-81.026385,69.4,2.85,0.2,0.0,13.0,3D,2025-08-18 06:22:10-04:00,POINT (-81.026385 33.993775)
2025-08-18 05:50:45 UTC,sensor08,236476534,24.24,88.74,2025-08-18 10:22:15+00:00,33.993602,-81.026312,69.5,6.1,-0.5,0.0,13.0,3D,2025-08-18 06:22:15-04:00,POINT (-81.026312 33.993602)
2025-08-18 05:50:50 UTC,sensor08,236476534,24.13,88.82,2025-08-18 10:22:20+00:00,33.993425,-81.026275,68.4,4.81,-0.4,0.0,13.0,3D,2025-08-18 06:22:20-04:00,POINT (-81.026275 33.993425)
2025-08-18 05:50:55 UTC,sensor08,236476534,24.15,88.95,2025-08-18 10:22:25+00:00,33.993288,-81.026337,67.8,3.14,-0.1,214.42,13.0,3D,2025-08-18 06:22:25-04:00,POINT (-81.026337 33.993288)
2025-08-18 05:51:00 UTC,sensor08,236476534,24.12,89.36,2025-08-18 10:22:30+00:00,33.993118,-81.026362,67.4,3.98,-0.1,156.68,13.0,3D,2025-08-18 06:22:30-04:00,POINT (-81.026362 33.993118)
2025-08-18 05:51:16 UTC,sensor08,236476534,24.13,89.7,2025-08-18 10:22:45+00:00,33.992825,-81.02624,65.3,3.02,-0.1,154.43,13.0,3D,2025-08-18 06:22:45-04:00,POINT (-81.02624 33.992825)
2025-08-18 05:51:21 UTC,sensor08,236476534,24.12,89.18,2025-08-18 10:22:50+00:00,33.992668,-81.02617,65.1,4.11,0.0,167.1,13.0,3D,2025-08-18 06:22:50-04:00,POINT (-81.02617 33.992668)
2025-08-18 05:51:26 UTC,sensor08,236476534,24.17,88.96,2025-08-18 10:22:55+00:00,33.992522,-81.02617,65.3,3.14,-0.1,168.69,13.0,3D,2025-08-18 06:22:55-04:00,POINT (-81.02617 33.992522)
2025-08-18 05:51:31 UTC,sensor08,236476534,24.18,88.88,2025-08-18 10:22:59+00:00,33.992422,-81.02612,64.8,2.81,0.0,155.4,13.0,3D,2025-08-18 06:22:59-04:00,POINT (-81.02612 33.992422)
2025-08-18 05:51:36 UTC,sensor08,236476534,24.21,89.12,2025-08-18 10:23:05+00:00,33.99229,-81.026063,65.7,3.11,0.3,180.97,13.0,3D,2025-08-18 06:23:05-04:00,POINT (-81.026063 33.99229)
2025-08-18 05:51:41 UTC,sensor08,236476534,24.18,89.38,2025-08-18 10:23:10+00:00,33.992152,-81.026032,65.2,2.63,-0.2,164.55,13.0,3D,2025-08-18 06:23:10-04:00,POINT (-81.026032 33.992152)
2025-08-18 05:51:46 UTC,sensor08,236476534,24.17,89.6,2025-08-18 10:23:15+00:00,33.99202,-81.025973,65.0,3.12,0.0,159.91,13.0,3D,2025-08-18 06:23:15-04:00,POINT (-81.025973 33.99202)
2025-08-18 05:51:51 UTC,sensor08,236476534,24.18,89.58,2025-08-18 10:23:20+00:00,33.991887,-81.025905,64.2,3.47,0.1,160.65,13.0,3D,2025-08-18 06:23:20-04:00,POINT (-81.025905 33.991887)
2025-08-18 05:51:56 UTC,sensor08,236476534,24.14,89.66,2025-08-18 10:23:25+00:00,33.991738,-81.025842,65.3,3.31,0.2,169.25,13.0,3D,2025-08-18 06:23:25-04:00,POINT (-81.025842 33.991738)
2025-08-18 05:52:01 UTC,sensor08,236476534,24.15,89.76,2025-08-18 10:23:30+00:00,33.991587,-81.025782,67.1,2.99,0.3,148.65,13.0,3D,2025-08-18 06:23:30-04:00,POINT (-81.025782 33.991587)
2025-08-18 05:52:06 UTC,sensor08,236476534,24.16,89.68,2025-08-18 10:23:35+00:00,33.991462,-81.02573,68.7,2.8,0.4,170.02,13.0,3D,2025-08-18 06:23:35-04:00,POINT (-81.02573 33.991462)
2025-08-18 05:52:11 UTC,sensor08,236476534,24.19,89.75,2025-08-18 10:23:40+00:00,33.991337,-81.025663,68.9,3.46,0.1,160.41,13.0,3D,2025-08-18 06:23:40-04:00,POINT (-81.025663 33.991337)
2025-08-18 05:52:16 UTC,sensor08,236476534,24.25,89.6,2025-08-18 10:23:45+00:00,33.991193,-81.025598,68.9,3.59,0.0,155.96,13.0,3D,2025-08-18 06:23:45-04:00,POINT (-81.025598 33.991193)
2025-08-18 05:52:21 UTC,sensor08,236476534,24.25,89.52,2025-08-18 10:23:50+00:00,33.991037,-81.025523,69.0,4.12,0.0,152.79,13.0,3D,2025-08-18 06:23:50-04:00,POINT (-81.025523 33.991037)
2025-08-18 05:52:26 UTC,sensor08,236476534,24.23,89.55,2025-08-18 10:23:55+00:00,33.990862,-81.025435,69.4,4.02,-0.1,158.21,13.0,3D,2025-08-18 06:23:55-04:00,POINT (-81.025435 33.990862)
2025-08-18 05:52:31 UTC,sensor08,236476534,24.24,89.38,2025-08-18 10:24:00+00:00,33.990677,-81.025358,69.7,3.83,0.1,162.12,13.0,3D,2025-08-18 06:24:00-04:00,POINT (-81.025358 33.990677)
2025-08-18 05:52:36 UTC,sensor08,236476534,24.26,89.27,2025-08-18 10:24:05+00:00,33.990507,-81.025277,69.7,4.16,-0.1,152.31,13.0,3D,2025-08-18 06:24:05-04:00,POINT (-81.025277 33.990507)
2025-08-18 05:52:41 UTC,sensor08,236476534,24.27,89.36,2025-08-18 10:24:11+00:00,33.990285,-81.025182,69.4,4.64,0.1,0.0,13.0,3D,2025-08-18 06:24:11-04:00,POINT (-81.025182 33.990285)
2025-08-18 05:52:46 UTC,sensor08,236476534,24.3,89.34,2025-08-18 10:24:16+00:00,33.9901,-81.025097,70.6,4.35,0.1,0.0,13.0,3D,2025-08-18 06:24:16-04:00,POINT (-81.025097 33.9901)
2025-08-18 05:52:51 UTC,sensor08,236476534,24.32,89.31,2025-08-18 10:24:21+00:00,33.989947,-81.024985,71.9,3.73,0.3,0.0,13.0,3D,2025-08-18 06:24:21-04:00,POINT (-81.024985 33.989947)
2025-08-18 05:52:56 UTC,sensor08,236476534,24.4,89.09,2025-08-18 10:24:26+00:00,33.98978,-81.024908,74.1,4.81,0.7,0.0,13.0,3D,2025-08-18 06:24:26-04:00,POINT (-81.024908 33.98978)
2025-08-18 05:53:01 UTC,sensor08,236476534,24.42,88.96,2025-08-18 10:24:31+00:00,33.989555,-81.024965,77.6,4.45,0.6,161.61,13.0,3D,2025-08-18 06:24:31-04:00,POINT (-81.024965 33.989555)
2025-08-18 05:53:06 UTC,sensor08,236476534,24.41,88.93,2025-08-18 10:24:36+00:00,33.989382,-81.024848,79.6,4.28,0.4,153.17,13.0,3D,2025-08-18 06:24:36-04:00,POINT (-81.024848 33.989382)
2025-08-18 05:53:11 UTC,sensor08,236476534,24.36,89.01,2025-08-18 10:24:41+00:00,33.989213,-81.024728,85.0,4.06,0.5,174.17,13.0,3D,2025-08-18 06:24:41-04:00,POINT (-81.024728 33.989213)
2025-08-18 05:53:17 UTC,sensor08,236476534,24.32,89.26,2025-08-18 10:24:46+00:00,33.98902,-81.024708,87.0,3.71,0.6,164.26,13.0,3D,2025-08-18 06:24:46-04:00,POINT (-81.024708 33.98902)
2025-08-18 05:53:22 UTC,sensor08,236476534,24.26,89.47,2025-08-18 10:24:51+00:00,33.988858,-81.024572,88.5,4.24,-0.3,153.68,13.0,3D,2025-08-18 06:24:51-04:00,POINT (-81.024572 33.988858)
2025-08-18 05:53:27 UTC,sensor08,236476534,24.25,89.68,2025-08-18 10:24:56+00:00,33.988742,-81.024428,88.8,2.91,0.4,147.39,13.0,3D,2025-08-18 06:24:56-04:00,POINT (-81.024428 33.988742)
2025-08-18 05:53:32 UTC,sensor08,236476534,24.2,89.67,2025-08-18 10:25:00+00:00,33.988643,-81.02436,90.1,3.83,0.2,158.86,13.0,3D,2025-08-18 06:25:00-04:00,POINT (-81.02436 33.988643)
2025-08-18 05:53:37 UTC,sensor08,236476534,24.15,89.77,2025-08-18 10:25:06+00:00,33.988433,-81.024257,91.2,4.9,0.1,160.9,13.0,3D,2025-08-18 06:25:06-04:00,POINT (-81.024257 33.988433)
2025-08-18 05:53:42 UTC,sensor08,236476534,24.15,89.9,2025-08-18 10:25:11+00:00,33.988193,-81.02411,91.0,6.55,0.0,159.72,13.0,3D,2025-08-18 06:25:11-04:00,POINT (-81.02411 33.988193)
2025-08-18 05:53:47 UTC,sensor08,236476534,24.07,89.92,2025-08-18 10:25:16+00:00,33.987897,-81.02399,89.2,7.58,-0.2,160.58,13.0,3D,2025-08-18 06:25:16-04:00,POINT (-81.02399 33.987897)
2025-08-18 05:53:52 UTC,sensor08,236476534,24.13,90.19,2025-08-18 10:25:21+00:00,33.987553,-81.023862,87.4,7.61,-0.7,161.26,13.0,3D,2025-08-18 06:25:21-04:00,POINT (-81.023862 33.987553)
2025-08-18 05:53:57 UTC,sensor08,236476534,24.1,90.24,2025-08-18 10:25:26+00:00,33.987353,-81.023705,85.0,4.68,-0.3,111.96,13.0,3D,2025-08-18 06:25:26-04:00,POINT (-81.023705 33.987353)
2025-08-18 05:54:02 UTC,sensor08,236476534,23.96,90.01,2025-08-18 10:25:31+00:00,33.987392,-81.023437,87.2,4.92,-0.1,69.78,13.0,3D,2025-08-18 06:25:31-04:00,POINT (-81.023437 33.987392)
2025-08-18 05:54:07 UTC,sensor08,236476534,23.92,90.31,2025-08-18 10:25:36+00:00,33.987478,-81.023175,87.5,5.19,-0.1,71.03,13.0,3D,2025-08-18 06:25:36-04:00,POINT (-81.023175 33.987478)
2025-08-18 05:54:12 UTC,sensor08,236476534,23.81,90.77,2025-08-18 10:25:41+00:00,33.98757,-81.022943,87.6,4.7,0.2,70.41,13.0,3D,2025-08-18 06:25:41-04:00,POINT (-81.022943 33.98757)
2025-08-18 05:54:17 UTC,sensor08,236476534,23.73,91.11,2025-08-18 10:25:46+00:00,33.98766,-81.022695,89.8,5.2,0.4,71.62,13.0,3D,2025-08-18 06:25:46-04:00,POINT (-81.022695 33.98766)
2025-08-18 05:54:22 UTC,sensor08,236476534,23.72,91.45,2025-08-18 10:25:51+00:00,33.987742,-81.022433,91.9,4.99,0.5,70.81,13.0,3D,2025-08-18 06:25:51-04:00,POINT (-81.022433 33.987742)
2025-08-18 05:54:27 UTC,sensor08,236476534,23.72,91.41,2025-08-18 10:25:56+00:00,33.987825,-81.022205,95.2,4.62,0.5,59.11,13.0,3D,2025-08-18 06:25:56-04:00,POINT (-81.022205 33.987825)
2025-08-18 05:54:32 UTC,sensor08,236476534,23.7,91.27,2025-08-18 10:26:01+00:00,33.987898,-81.022017,99.6,3.45,0.4,71.83,13.0,3D,2025-08-18 06:26:01-04:00,POINT (-81.022017 33.987898)
2025-08-18 05:54:37 UTC,sensor08,236476534,23.61,91.34,2025-08-18 10:26:07+00:00,33.987967,-81.021798,101.1,3.07,0.1,0.0,13.0,3D,2025-08-18 06:26:07-04:00,POINT (-81.021798 33.987967)
2025-08-18 05:54:42 UTC,sensor08,236476534,23.62,91.55,2025-08-18 10:26:11+00:00,33.987998,-81.02165,100.5,3.88,-0.1,70.88,13.0,3D,2025-08-18 06:26:11-04:00,POINT (-81.02165 33.987998)
2025-08-18 05:54:47 UTC,sensor08,236476534,23.65,91.58,2025-08-18 10:26:17+00:00,33.988055,-81.021438,99.3,3.51,-0.1,0.0,13.0,3D,2025-08-18 06:26:17-04:00,POINT (-81.021438 33.988055)
2025-08-18 05:54:52 UTC,sensor08,236476534,23.64,91.48,2025-08-18 10:26:22+00:00,33.988112,-81.021253,99.9,3.48,0.2,0.0,13.0,3D,2025-08-18 06:26:22-04:00,POINT (-81.021253 33.988112)
2025-08-18 05:54:57 UTC,sensor08,236476534,23.61,91.44,2025-08-18 10:26:27+00:00,33.988163,-81.021088,101.0,3.13,0.3,0.0,13.0,3D,2025-08-18 06:26:27-04:00,POINT (-81.021088 33.988163)
2025-08-18 05:55:02 UTC,sensor08,236476534,23.57,91.49,2025-08-18 10:26:32+00:00,33.988197,-81.020942,102.7,2.85,0.4,79.91,13.0,3D,2025-08-18 06:26:32-04:00,POINT (-81.020942 33.988197)
2025-08-18 05:55:07 UTC,sensor08,236476534,23.58,91.47,2025-08-18 10:26:37+00:00,33.988233,-81.0208,104.8,2.9,0.4,65.14,13.0,3D,2025-08-18 06:26:37-04:00,POINT (-81.0208 33.988233)
2025-08-18 05:55:12 UTC,sensor08,236476534,23.56,91.6,2025-08-18 10:26:42+00:00,33.988273,-81.020655,106.3,2.99,0.2,79.23,13.0,3D,2025-08-18 06:26:42-04:00,POINT (-81.020655 33.988273)
2025-08-18 05:55:18 UTC,sensor08,236476534,23.55,91.65,2025-08-18 10:26:47+00:00,33.98827,-81.020522,107.1,2.48,0.2,103.14,13.0,3D,2025-08-18 06:26:47-04:00,POINT (-81.020522 33.98827)
2025-08-18 05:55:23 UTC,sensor08,236476534,23.51,91.64,2025-08-18 10:26:52+00:00,33.988258,-81.020337,107.8,4.32,0.2,82.04,13.0,3D,2025-08-18 06:26:52-04:00,POINT (-81.020337 33.988258)
2025-08-18 05:55:28 UTC,sensor08,236476534,23.54,91.63,2025-08-18 10:26:57+00:00,33.988313,-81.020117,108.2,4.2,0.0,74.11,13.0,3D,2025-08-18 06:26:57-04:00,POINT (-81.020117 33.988313)
2025-08-18 05:55:33 UTC,sensor08,236476534,23.52,91.44,2025-08-18 10:27:00+00:00,33.988357,-81.019987,108.7,4.22,0.4,70.44,13.0,3D,2025-08-18 06:27:00-04:00,POINT (-81.019987 33.988357)
2025-08-18 05:55:38 UTC,sensor08,236476534,23.51,91.27,2025-08-18 10:27:07+00:00,33.988458,-81.019672,109.1,4.6,0.3,70.31,13.0,3D,2025-08-18 06:27:07-04:00,POINT (-81.019672 33.988458)
2025-08-18 05:55:43 UTC,sensor08,236476534,23.52,91.31,2025-08-18 10:27:12+00:00,33.988537,-81.019438,109.9,4.57,0.1,71.14,13.0,3D,2025-08-18 06:27:12-04:00,POINT (-81.019438 33.988537)
2025-08-18 05:55:48 UTC,sensor08,236476534,23.46,91.45,2025-08-18 10:27:17+00:00,33.988615,-81.019215,110.6,4.79,0.2,64.45,13.0,3D,2025-08-18 06:27:17-04:00,POINT (-81.019215 33.988615)
2025-08-18 05:55:53 UTC,sensor08,236476534,23.52,91.45,2025-08-18 10:27:22+00:00,33.988685,-81.018973,111.5,4.51,0.3,74.09,13.0,3D,2025-08-18 06:27:22-04:00,POINT (-81.018973 33.988685)
2025-08-18 05:55:58 UTC,sensor08,236476534,23.55,91.45,2025-08-18 10:27:27+00:00,33.988758,-81.018733,113.0,4.82,0.4,71.22,13.0,3D,2025-08-18 06:27:27-04:00,POINT (-81.018733 33.988758)
2025-08-18 05:56:03 UTC,sensor08,236476534,23.51,91.28,2025-08-18 10:27:32+00:00,33.988832,-81.018485,114.4,4.7,0.2,68.57,13.0,3D,2025-08-18 06:27:32-04:00,POINT (-81.018485 33.988832)
2025-08-18 05:56:08 UTC,sensor08,236476534,23.46,91.22,2025-08-18 10:27:37+00:00,33.988895,-81.01823,114.2,4.9,-0.4,71.12,13.0,3D,2025-08-18 06:27:37-04:00,POINT (-81.01823 33.988895)
2025-08-18 05:56:13 UTC,sensor08,236476534,23.42,91.42,2025-08-18 10:27:42+00:00,33.988968,-81.017977,114.0,5.08,0.0,69.79,13.0,3D,2025-08-18 06:27:42-04:00,POINT (-81.017977 33.988968)
2025-08-18 05:56:18 UTC,sensor08,236476534,23.48,91.53,2025-08-18 10:27:47+00:00,33.989047,-81.017712,114.1,4.7,0.1,73.38,13.0,3D,2025-08-18 06:27:47-04:00,POINT (-81.017712 33.989047)
2025-08-18 05:56:23 UTC,sensor08,236476534,23.45,91.35,2025-08-18 10:27:52+00:00,33.989133,-81.017473,115.5,4.73,0.3,68.59,13.0,3D,2025-08-18 06:27:52-04:00,POINT (-81.017473 33.989133)
2025-08-18 05:56:28 UTC,sensor08,236476534,23.44,91.13,2025-08-18 10:27:57+00:00,33.989225,-81.017197,115.7,5.0,0.5,69.3,13.0,3D,2025-08-18 06:27:57-04:00,POINT (-81.017197 33.989225)
2025-08-18 05:56:33 UTC,sensor08,236476534,23.38,91.08,2025-08-18 10:28:02+00:00,33.989303,-81.016947,117.6,4.87,0.4,69.03,13.0,3D,2025-08-18 06:28:02-04:00,POINT (-81.016947 33.989303)
2025-08-18 05:56:38 UTC,sensor08,236476534,23.36,91.29,2025-08-18 10:28:07+00:00,33.989382,-81.016708,120.0,4.92,0.5,70.93,13.0,3D,2025-08-18 06:28:07-04:00,POINT (-81.016708 33.989382)
2025-08-18 05:56:43 UTC,sensor08,236476534,23.41,91.36,2025-08-18 10:28:12+00:00,33.989453,-81.016457,122.5,5.02,0.7,74.5,13.0,3D,2025-08-18 06:28:12-04:00,POINT (-81.016457 33.989453)
2025-08-18 05:56:48 UTC,sensor08,236476534,23.38,91.33,2025-08-18 10:28:17+00:00,33.989545,-81.016183,123.8,5.3,0.4,69.67,13.0,3D,2025-08-18 06:28:17-04:00,POINT (-81.016183 33.989545)
2025-08-18 05:56:53 UTC,sensor08,236476534,23.34,91.29,2025-08-18 10:28:23+00:00,33.989632,-81.015847,122.5,5.29,-0.2,0.0,13.0,3D,2025-08-18 06:28:23-04:00,POINT (-81.015847 33.989632)
2025-08-18 05:56:58 UTC,sensor08,236476534,23.26,91.36,2025-08-18 10:28:28+00:00,33.98972,-81.015567,119.7,5.62,0.3,0.0,13.0,3D,2025-08-18 06:28:28-04:00,POINT (-81.015567 33.98972)
2025-08-18 05:57:03 UTC,sensor08,236476534,23.22,91.52,2025-08-18 10:28:33+00:00,33.989827,-81.015257,121.0,6.26,0.3,0.0,13.0,3D,2025-08-18 06:28:33-04:00,POINT (-81.015257 33.989827)
2025-08-18 05:57:08 UTC,sensor08,236476534,23.17,91.48,2025-08-18 10:28:38+00:00,33.989765,-81.015025,120.9,5.31,0.4,0.0,4.0,3D,2025-08-18 06:28:38-04:00,POINT (-81.015025 33.989765)
2025-08-18 05:57:13 UTC,sensor08,236476534,23.17,91.48,2025-08-18 10:28:43+00:00,33.989512,-81.014913,121.2,6.01,0.0,0.0,4.0,3D,2025-08-18 06:28:43-04:00,POINT (-81.014913 33.989512)
2025-08-18 05:57:19 UTC,sensor08,236476534,23.18,91.64,2025-08-18 10:28:48+00:00,33.989252,-81.014773,120.7,6.47,0.0,0.0,8.0,3D,2025-08-18 06:28:48-04:00,POINT (-81.014773 33.989252)
2025-08-18 05:57:24 UTC,sensor08,236476534,23.17,91.87,2025-08-18 10:28:53+00:00,33.98898,-81.014672,122.0,6.42,0.3,0.0,12.0,3D,2025-08-18 06:28:53-04:00,POINT (-81.014672 33.98898)
2025-08-18 05:57:29 UTC,sensor08,236476534,23.12,91.97,2025-08-18 10:28:58+00:00,33.988697,-81.014562,122.6,6.55,0.1,0.0,13.0,3D,2025-08-18 06:28:58-04:00,POINT (-81.014562 33.988697)
2025-08-18 05:57:34 UTC,sensor08,236476534,23.16,92.22,2025-08-18 10:29:00+00:00,33.988587,-81.014517,122.9,6.56,0.3,163.07,13.0,3D,2025-08-18 06:29:00-04:00,POINT (-81.014517 33.988587)
2025-08-18 05:57:39 UTC,sensor08,236476534,23.16,92.12,2025-08-18 10:29:08+00:00,33.988257,-81.014367,125.0,4.74,0.2,162.17,13.0,3D,2025-08-18 06:29:08-04:00,POINT (-81.014367 33.988257)
2025-08-18 05:57:44 UTC,sensor08,236476534,23.17,92.08,2025-08-18 10:29:13+00:00,33.988037,-81.014273,126.2,5.24,0.3,164.54,13.0,3D,2025-08-18 06:29:13-04:00,POINT (-81.014273 33.988037)
2025-08-18 05:57:49 UTC,sensor08,236476534,23.18,91.94,2025-08-18 10:29:18+00:00,33.987802,-81.014173,127.3,5.62,0.2,158.55,13.0,3D,2025-08-18 06:29:18-04:00,POINT (-81.014173 33.987802)
2025-08-18 05:57:54 UTC,sensor08,236476534,23.18,91.83,2025-08-18 10:29:23+00:00,33.9876,-81.014043,124.7,5.91,0.2,159.43,13.0,3D,2025-08-18 06:29:23-04:00,POINT (-81.014043 33.9876)
2025-08-18 05:57:59 UTC,sensor08,236476534,23.1,91.96,2025-08-18 10:29:28+00:00,33.987358,-81.013902,124.7,5.53,-0.9,158.62,13.0,3D,2025-08-18 06:29:28-04:00,POINT (-81.013902 33.987358)
2025-08-18 05:58:04 UTC,sensor08,236476534,23.09,92.06,2025-08-18 10:29:33+00:00,33.987118,-81.01382,126.5,5.67,0.3,162.17,13.0,3D,2025-08-18 06:29:33-04:00,POINT (-81.01382 33.987118)
2025-08-18 05:58:09 UTC,sensor08,236476534,23.13,91.94,2025-08-18 10:29:38+00:00,33.986865,-81.013717,127.9,5.76,0.3,160.36,13.0,3D,2025-08-18 06:29:38-04:00,POINT (-81.013717 33.986865)
2025-08-18 05:58:14 UTC,sensor08,236476534,23.17,91.96,2025-08-18 10:29:43+00:00,33.986667,-81.013592,130.0,3.87,0.4,116.52,13.0,3D,2025-08-18 06:29:43-04:00,POINT (-81.013592 33.986667)
2025-08-18 05:58:19 UTC,sensor08,236476534,23.11,91.64,2025-08-18 10:29:48+00:00,33.98671,-81.013417,131.8,3.78,0.4,75.82,13.0,3D,2025-08-18 06:29:48-04:00,POINT (-81.013417 33.98671)
2025-08-18 05:58:24 UTC,sensor08,236476534,23.07,91.87,2025-08-18 10:29:53+00:00,33.986788,-81.013183,132.9,4.48,0.2,67.36,13.0,3D,2025-08-18 06:29:53-04:00,POINT (-81.013183 33.986788)
2025-08-18 05:58:29 UTC,sensor08,236476534,23.08,92.24,2025-08-18 10:29:58+00:00,33.986887,-81.012948,134.1,4.56,0.2,68.02,13.0,3D,2025-08-18 06:29:58-04:00,POINT (-81.012948 33.986887)
2025-08-18 05:58:34 UTC,sensor08,236476534,23.09,92.31,2025-08-18 10:30:03+00:00,33.986972,-81.012672,133.5,4.12,-1.2,75.43,13.0,3D,2025-08-18 06:30:03-04:00,POINT (-81.012672 33.986972)
2025-08-18 05:58:39 UTC,sensor08,236476534,23.12,92.23,2025-08-18 10:30:09+00:00,33.987047,-81.01256,132.2,2.97,0.1,0.0,13.0,3D,2025-08-18 06:30:09-04:00,POINT (-81.01256 33.987047)
2025-08-18 05:58:44 UTC,sensor08,236476534,23.13,92.19,2025-08-18 10:30:14+00:00,33.987187,-81.012625,133.0,3.9,0.1,0.0,13.0,3D,2025-08-18 06:30:14-04:00,POINT (-81.012625 33.987187)
2025-08-18 05:58:49 UTC,sensor08,236476534,23.11,92.14,2025-08-18 10:30:19+00:00,33.987337,-81.012517,133.4,5.12,0.1,0.0,13.0,3D,2025-08-18 06:30:19-04:00,POINT (-81.012517 33.987337)
2025-08-18 05:58:54 UTC,sensor08,236476534,23.04,92.18,2025-08-18 10:30:24+00:00,33.987438,-81.012277,134.1,4.92,0.3,65.62,13.0,3D,2025-08-18 06:30:24-04:00,POINT (-81.012277 33.987438)
2025-08-18 05:59:00 UTC,sensor08,236476534,23.01,92.27,2025-08-18 10:30:29+00:00,33.98755,-81.012048,132.4,4.72,0.4,67.47,13.0,3D,2025-08-18 06:30:29-04:00,POINT (-81.012048 33.98755)
2025-08-18 05:59:05 UTC,sensor08,236476534,23.03,92.32,2025-08-18 10:30:34+00:00,33.987615,-81.011798,128.7,4.95,-1.6,70.69,13.0,3D,2025-08-18 06:30:34-04:00,POINT (-81.011798 33.987615)
2025-08-18 05:59:10 UTC,sensor08,236476534,23.07,92.43,2025-08-18 10:30:39+00:00,33.987688,-81.011563,126.5,4.27,-0.4,72.58,13.0,3D,2025-08-18 06:30:39-04:00,POINT (-81.011563 33.987688)
2025-08-18 05:59:15 UTC,sensor08,236476534,23.08,92.33,2025-08-18 10:30:44+00:00,33.987795,-81.011355,122.8,3.9,-0.3,58.74,13.0,3D,2025-08-18 06:30:44-04:00,POINT (-81.011355 33.987795)
2025-08-18 05:59:20 UTC,sensor08,236476534,23.11,92.33,2025-08-18 10:30:49+00:00,33.987885,-81.011085,121.9,5.65,-1.2,70.05,13.0,3D,2025-08-18 06:30:49-04:00,POINT (-81.011085 33.987885)
2025-08-18 05:59:25 UTC,sensor08,236476534,23.1,92.21,2025-08-18 10:30:54+00:00,33.987968,-81.010773,121.0,5.86,0.1,66.57,13.0,3D,2025-08-18 06:30:54-04:00,POINT (-81.010773 33.987968)
2025-08-18 05:59:30 UTC,sensor08,236476534,23.07,92.13,2025-08-18 10:30:59+00:00,33.988067,-81.01047,121.7,5.94,0.5,72.2,13.0,3D,2025-08-18 06:30:59-04:00,POINT (-81.01047 33.988067)
2025-08-18 05:59:35 UTC,sensor08,236476534,23.08,92.12,2025-08-18 10:31:01+00:00,33.988098,-81.010357,122.3,5.56,0.3,72.89,13.0,3D,2025-08-18 06:31:01-04:00,POINT (-81.010357 33.988098)
2025-08-18 05:59:40 UTC,sensor08,236476534,23.03,92.14,2025-08-18 10:31:09+00:00,33.988282,-81.009885,123.9,6.38,0.3,58.33,13.0,3D,2025-08-18 06:31:09-04:00,POINT (-81.009885 33.988282)
2025-08-18 05:59:45 UTC,sensor08,236476534,23.0,92.22,2025-08-18 10:31:14+00:00,33.988413,-81.009658,125.9,3.58,0.3,53.57,13.0,3D,2025-08-18 06:31:14-04:00,POINT (-81.009658 33.988413)
2025-08-18 05:59:50 UTC,sensor08,236476534,23.01,92.37,2025-08-18 10:31:19+00:00,33.988497,-81.009552,127.9,2.72,0.5,50.64,13.0,3D,2025-08-18 06:31:19-04:00,POINT (-81.009552 33.988497)
2025-08-18 05:59:55 UTC,sensor08,236476534,23.05,92.38,2025-08-18 10:31:24+00:00,33.988592,-81.009453,128.1,3.13,-1.0,5.06,13.0,3D,2025-08-18 06:31:24-04:00,POINT (-81.009453 33.988592)
2025-08-18 06:00:00 UTC,sensor08,236476534,23.02,92.33,2025-08-18 10:31:29+00:00,33.988705,-81.009582,128.9,3.99,0.2,315.89,13.0,3D,2025-08-18 06:31:29-04:00,POINT (-81.009582 33.988705)
2025-08-18 06:00:05 UTC,sensor08,236476534,23.07,92.33,2025-08-18 10:31:34+00:00,33.988803,-81.009732,125.5,2.85,-0.6,294.27,13.0,3D,2025-08-18 06:31:34-04:00,POINT (-81.009732 33.988803)
2025-08-18 06:00:10 UTC,sensor08,236476534,23.07,92.21,2025-08-18 10:31:39+00:00,33.98893,-81.009955,124.5,5.42,0.0,314.71,13.0,3D,2025-08-18 06:31:39-04:00,POINT (-81.009955 33.98893)
2025-08-18 06:00:15 UTC,sensor08,236476534,23.06,92.21,2025-08-18 10:31:44+00:00,33.989152,-81.010177,124.0,6.08,0.0,319.33,13.0,3D,2025-08-18 06:31:44-04:00,POINT (-81.010177 33.989152)
2025-08-18 06:00:20 UTC,sensor08,236476534,23.08,92.34,2025-08-18 10:31:49+00:00,33.989367,-81.010432,124.2,5.93,0.0,316.81,13.0,3D,2025-08-18 06:31:49-04:00,POINT (-81.010432 33.989367)
2025-08-18 06:00:25 UTC,sensor08,236476534,23.11,92.31,2025-08-18 10:31:54+00:00,33.989573,-81.010667,123.8,5.4,0.1,317.92,13.0,3D,2025-08-18 06:31:54-04:00,POINT (-81.010667 33.989573)
2025-08-18 06:00:30 UTC,sensor08,236476534,23.05,92.52,2025-08-18 10:32:00+00:00,33.98978,-81.010913,124.7,5.39,0.2,0.0,13.0,3D,2025-08-18 06:32:00-04:00,POINT (-81.010913 33.98978)
2025-08-18 06:00:35 UTC,sensor08,236476534,23.04,92.68,2025-08-18 10:32:05+00:00,33.989965,-81.01112,124.5,5.63,0.2,0.0,13.0,3D,2025-08-18 06:32:05-04:00,POINT (-81.01112 33.989965)
2025-08-18 06:00:40 UTC,sensor08,236476534,23.04,92.75,2025-08-18 10:32:10+00:00,33.990157,-81.0113,125.0,6.77,-0.5,0.0,13.0,3D,2025-08-18 06:32:10-04:00,POINT (-81.0113 33.990157)
2025-08-18 06:00:45 UTC,sensor08,236476534,23.05,92.72,2025-08-18 10:32:15+00:00,33.990328,-81.011517,125.8,5.93,0.2,0.0,13.0,3D,2025-08-18 06:32:15-04:00,POINT (-81.011517 33.990328)
2025-08-18 06:00:50 UTC,sensor08,236476534,23.11,92.65,2025-08-18 10:32:20+00:00,33.990515,-81.011765,126.2,5.56,0.1,318.1,13.0,3D,2025-08-18 06:32:20-04:00,POINT (-81.011765 33.990515)
2025-08-18 06:00:55 UTC,sensor08,236476534,23.14,92.51,2025-08-18 10:32:25+00:00,33.990703,-81.01197,126.8,5.04,0.3,338.31,13.0,3D,2025-08-18 06:32:25-04:00,POINT (-81.01197 33.990703)
2025-08-18 06:01:01 UTC,sensor08,236476534,23.15,92.35,2025-08-18 10:32:30+00:00,33.99092,-81.012057,126.9,5.11,-0.2,338.54,13.0,3D,2025-08-18 06:32:30-04:00,POINT (-81.012057 33.99092)
2025-08-18 06:01:06 UTC,sensor08,236476534,23.17,92.26,2025-08-18 10:32:35+00:00,33.991192,-81.012198,124.7,5.51,0.3,332.95,13.0,3D,2025-08-18 06:32:35-04:00,POINT (-81.012198 33.991192)
2025-08-18 06:01:11 UTC,sensor08,236476534,23.23,92.13,2025-08-18 10:32:40+00:00,33.991427,-81.012297,124.0,5.4,0.3,339.8,13.0,3D,2025-08-18 06:32:40-04:00,POINT (-81.012297 33.991427)
2025-08-18 06:01:16 UTC,sensor08,236476534,23.14,92.2,2025-08-18 10:32:45+00:00,33.991683,-81.01241,123.5,5.34,0.3,342.36,13.0,3D,2025-08-18 06:32:45-04:00,POINT (-81.01241 33.991683)
2025-08-18 06:01:21 UTC,sensor08,236476534,23.1,92.31,2025-08-18 10:32:50+00:00,33.991883,-81.012553,120.0,5.29,-0.6,339.79,13.0,3D,2025-08-18 06:32:50-04:00,POINT (-81.012553 33.991883)
2025-08-18 06:01:26 UTC,sensor08,236476534,23.04,92.39,2025-08-18 10:32:55+00:00,33.992135,-81.012635,118.6,5.71,0.0,337.6,13.0,3D,2025-08-18 06:32:55-04:00,POINT (-81.012635 33.992135)
2025-08-18 06:01:31 UTC,sensor08,236476534,23.09,92.51,2025-08-18 10:33:00+00:00,33.992377,-81.012743,116.0,5.11,-0.9,333.7,13.0,3D,2025-08-18 06:33:00-04:00,POINT (-81.012743 33.992377)
2025-08-18 06:01:36 UTC,sensor08,236476534,23.08,92.52,2025-08-18 10:33:02+00:00,33.992482,-81.012778,115.2,5.56,0.0,339.32,13.0,3D,2025-08-18 06:33:02-04:00,POINT (-81.012778 33.992482)
2025-08-18 06:01:41 UTC,sensor08,236476534,23.08,92.46,2025-08-18 10:33:02+00:00,33.992482,-81.012778,115.2,5.56,0.0,339.32,13.0,3D,2025-08-18 06:33:02-04:00,POINT (-81.012778 33.992482)
2025-08-18 06:01:46 UTC,sensor08,236476534,23.06,92.42,2025-08-18 10:33:14+00:00,33.993082,-81.013057,113.8,2.78,-0.1,0.0,13.0,3D,2025-08-18 06:33:14-04:00,POINT (-81.013057 33.993082)
2025-08-18 06:01:56 UTC,sensor08,236476534,23.04,92.56,2025-08-18 10:33:24+00:00,33.99336,-81.012848,113.1,2.62,-0.5,70.25,13.0,3D,2025-08-18 06:33:24-04:00,POINT (-81.012848 33.99336)
