System_Timestamp_UTC,RaspberryPiName,Sensor_ID,Temperature_C,Humidity_RH,GPS_Timestamp_UTC,Latitude,Longitude,Altitude_m,Speed_mps,Climb_mps,Track_deg,Satellites,GPS_Fix_Type,datetime,geometry
2025-09-23 15:40:21 UTC,sensor01,218208153,20.14,90.07,2025-09-24 10:01:28+00:00,33.993587,-80.980917,55.8,12.92,0.7,312.3,10.0,3D,2025-09-24 06:01:28-04:00,POINT (-80.980917 33.993587)
2025-09-23 15:40:26 UTC,sensor01,218208153,20.15,90.53,2025-09-24 10:01:33+00:00,33.993992,-80.981483,59.5,13.63,0.6,310.38,10.0,3D,2025-09-24 06:01:33-04:00,POINT (-80.981483 33.993992)
2025-09-23 15:40:31 UTC,sensor01,218208153,20.17,90.79,2025-09-24 10:01:38+00:00,33.994383,-80.98204,62.1,13.57,0.5,308.82,10.0,3D,2025-09-24 06:01:38-04:00,POINT (-80.98204 33.994383)
2025-09-23 15:40:36 UTC,sensor01,218208153,20.18,90.98,2025-09-24 10:01:43+00:00,33.99476,-80.98257,63.9,13.06,0.4,309.4,10.0,3D,2025-09-24 06:01:43-04:00,POINT (-80.98257 33.99476)
2025-09-23 15:40:41 UTC,sensor01,218208153,20.22,91.2,2025-09-24 10:01:48+00:00,33.995143,-80.983108,66.4,12.99,0.6,310.07,10.0,3D,2025-09-24 06:01:48-04:00,POINT (-80.983108 33.995143)
2025-09-23 15:40:46 UTC,sensor01,218208153,20.32,91.36,2025-09-24 10:01:53+00:00,33.995512,-80.98366,68.4,12.97,0.3,309.38,10.0,3D,2025-09-24 06:01:53-04:00,POINT (-80.98366 33.995512)
2025-09-23 15:40:51 UTC,sensor01,218208153,20.35,91.46,2025-09-24 10:01:58+00:00,33.995847,-80.984205,70.8,13.39,0.7,304.35,10.0,3D,2025-09-24 06:01:58-04:00,POINT (-80.984205 33.995847)
2025-09-23 15:40:56 UTC,sensor01,218208153,20.39,91.3,2025-09-24 10:02:03+00:00,33.996173,-80.984788,73.7,12.66,0.5,303.45,10.0,3D,2025-09-24 06:02:03-04:00,POINT (-80.984788 33.996173)
2025-09-23 15:41:01 UTC,sensor01,218208153,20.44,91.14,2025-09-24 10:02:08+00:00,33.996503,-80.985373,76.9,12.2,0.5,299.73,11.0,3D,2025-09-24 06:02:08-04:00,POINT (-80.985373 33.996503)
2025-09-23 15:41:06 UTC,sensor01,218208153,20.47,91.09,2025-09-24 10:02:13+00:00,33.996777,-80.985922,78.0,11.29,0.1,291.19,11.0,3D,2025-09-24 06:02:13-04:00,POINT (-80.985922 33.996777)
2025-09-23 15:41:11 UTC,sensor01,218208153,20.51,91.05,2025-09-24 10:02:18+00:00,33.99686,-80.986572,78.5,11.95,0.0,271.57,11.0,3D,2025-09-24 06:02:18-04:00,POINT (-80.986572 33.99686)
2025-09-23 15:41:16 UTC,sensor01,218208153,20.59,90.79,2025-09-24 10:02:23+00:00,33.996848,-80.98724,79.8,12.25,0.2,270.32,11.0,3D,2025-09-24 06:02:23-04:00,POINT (-80.98724 33.996848)
2025-09-23 15:41:21 UTC,sensor01,218208153,20.62,90.92,2025-09-24 10:02:28+00:00,33.99681,-80.987878,81.1,10.53,0.5,252.18,11.0,3D,2025-09-24 06:02:28-04:00,POINT (-80.987878 33.99681)
2025-09-23 15:41:26 UTC,sensor01,218208153,20.65,90.89,2025-09-24 10:02:33+00:00,33.996932,-80.988593,83.9,12.76,0.5,274.03,11.0,3D,2025-09-24 06:02:33-04:00,POINT (-80.988593 33.996932)
2025-09-23 15:41:31 UTC,sensor01,218208153,20.69,90.76,2025-09-24 10:02:39+00:00,33.997047,-80.989387,87.1,11.85,0.6,0.0,11.0,3D,2025-09-24 06:02:39-04:00,POINT (-80.989387 33.997047)
2025-09-23 15:41:36 UTC,sensor01,218208153,20.68,90.64,2025-09-24 10:02:44+00:00,33.99713,-80.99001,89.4,11.39,0.4,0.0,11.0,3D,2025-09-24 06:02:44-04:00,POINT (-80.99001 33.99713)
2025-09-23 15:41:41 UTC,sensor01,218208153,20.7,90.52,2025-09-24 10:02:49+00:00,33.997192,-80.990623,91.0,11.64,0.2,0.0,11.0,3D,2025-09-24 06:02:49-04:00,POINT (-80.990623 33.997192)
2025-09-23 15:41:46 UTC,sensor01,218208153,20.72,90.42,2025-09-24 10:02:54+00:00,33.997262,-80.991242,92.9,11.52,0.3,278.76,11.0,3D,2025-09-24 06:02:54-04:00,POINT (-80.991242 33.997262)
2025-09-23 15:41:51 UTC,sensor01,218208153,20.76,90.51,2025-09-24 10:02:59+00:00,33.99731,-80.991718,94.7,6.04,0.4,279.59,11.0,3D,2025-09-24 06:02:59-04:00,POINT (-80.991718 33.99731)
2025-09-23 15:42:37 UTC,sensor01,218208153,20.75,90.32,2025-09-24 10:03:44+00:00,33.997947,-80.991753,98.6,2.9,0.1,7.03,11.0,3D,2025-09-24 06:03:44-04:00,POINT (-80.991753 33.997947)
2025-09-23 15:42:42 UTC,sensor01,218208153,20.75,90.42,2025-09-24 10:03:49+00:00,33.998088,-80.99172,99.1,3.47,0.0,4.51,11.0,3D,2025-09-24 06:03:49-04:00,POINT (-80.99172 33.998088)
2025-09-23 15:42:47 UTC,sensor01,218208153,20.72,90.41,2025-09-24 10:03:54+00:00,33.998213,-80.991657,98.5,4.14,0.0,16.29,11.0,3D,2025-09-24 06:03:54-04:00,POINT (-80.991657 33.998213)
2025-09-23 15:43:02 UTC,sensor01,218208153,20.69,90.36,2025-09-24 10:04:09+00:00,33.998517,-80.991583,99.5,2.67,0.0,25.4,11.0,3D,2025-09-24 06:04:09-04:00,POINT (-80.991583 33.998517)
2025-09-23 15:43:07 UTC,sensor01,218208153,20.68,90.26,2025-09-24 10:04:14+00:00,33.998627,-80.991508,99.4,2.42,0.1,17.42,11.0,3D,2025-09-24 06:04:14-04:00,POINT (-80.991508 33.998627)
2025-09-23 15:43:12 UTC,sensor01,218208153,20.65,90.27,2025-09-24 10:04:20+00:00,33.998732,-80.991537,99.6,2.46,0.1,0.0,11.0,3D,2025-09-24 06:04:20-04:00,POINT (-80.991537 33.998732)
2025-09-23 15:43:17 UTC,sensor01,218208153,20.64,90.37,2025-09-24 10:04:25+00:00,33.998837,-80.991688,98.2,4.05,-0.3,0.0,11.0,3D,2025-09-24 06:04:25-04:00,POINT (-80.991688 33.998837)
2025-09-23 15:43:22 UTC,sensor01,218208153,20.61,90.48,2025-09-24 10:04:30+00:00,33.998867,-80.991868,98.2,3.32,0.0,0.0,11.0,3D,2025-09-24 06:04:30-04:00,POINT (-80.991868 33.998867)
2025-09-23 15:43:53 UTC,sensor01,218208153,20.58,91.05,2025-09-24 10:05:00+00:00,33.999038,-80.992362,97.5,3.19,-0.1,7.39,11.0,3D,2025-09-24 06:05:00-04:00,POINT (-80.992362 33.999038)
2025-09-23 15:43:58 UTC,sensor01,218208153,20.58,91.18,2025-09-24 10:05:05+00:00,33.999222,-80.992328,96.6,3.66,-0.2,6.52,11.0,3D,2025-09-24 06:05:05-04:00,POINT (-80.992328 33.999222)
2025-09-23 15:44:03 UTC,sensor01,218208153,20.57,91.35,2025-09-24 10:05:10+00:00,33.999383,-80.992317,95.4,3.07,-0.4,1.41,11.0,3D,2025-09-24 06:05:10-04:00,POINT (-80.992317 33.999383)
2025-09-23 15:44:18 UTC,sensor01,218208153,20.57,91.72,2025-09-24 10:05:25+00:00,33.999625,-80.992315,92.7,4.35,-0.9,1.62,11.0,3D,2025-09-24 06:05:25-04:00,POINT (-80.992315 33.999625)
2025-09-23 15:44:23 UTC,sensor01,218208153,20.54,91.66,2025-09-24 10:05:30+00:00,33.999823,-80.992305,92.7,4.02,0.1,5.11,11.0,3D,2025-09-24 06:05:30-04:00,POINT (-80.992305 33.999823)
2025-09-23 15:44:28 UTC,sensor01,218208153,20.49,91.15,2025-09-24 10:05:35+00:00,34.00002,-80.99228,92.0,4.74,0.1,3.68,11.0,3D,2025-09-24 06:05:35-04:00,POINT (-80.99228 34.00002)
2025-09-23 15:44:33 UTC,sensor01,218208153,20.5,91.09,2025-09-24 10:05:40+00:00,34.000252,-80.99225,92.0,4.94,0.0,3.51,11.0,3D,2025-09-24 06:05:40-04:00,POINT (-80.99225 34.000252)
2025-09-23 15:44:38 UTC,sensor01,218208153,20.46,91.06,2025-09-24 10:05:45+00:00,34.000448,-80.992227,91.0,4.06,-0.1,2.74,11.0,3D,2025-09-24 06:05:45-04:00,POINT (-80.992227 34.000448)
2025-09-23 15:44:43 UTC,sensor01,218208153,20.44,91.01,2025-09-24 10:05:50+00:00,34.000627,-80.992208,90.8,3.64,0.1,6.95,11.0,3D,2025-09-24 06:05:50-04:00,POINT (-80.992208 34.000627)
2025-09-23 15:44:48 UTC,sensor01,218208153,20.42,91.08,2025-09-24 10:05:55+00:00,34.000827,-80.992163,90.7,4.57,-0.1,14.63,11.0,3D,2025-09-24 06:05:55-04:00,POINT (-80.992163 34.000827)
2025-09-23 15:44:53 UTC,sensor01,218208153,20.41,91.08,2025-09-24 10:06:00+00:00,34.001018,-80.9921,90.6,4.53,0.1,16.1,11.0,3D,2025-09-24 06:06:00-04:00,POINT (-80.9921 34.001018)
2025-09-23 15:44:58 UTC,sensor01,218208153,20.39,90.99,2025-09-24 10:06:05+00:00,34.001217,-80.992048,89.8,4.13,-0.4,15.71,11.0,3D,2025-09-24 06:06:05-04:00,POINT (-80.992048 34.001217)
2025-09-23 15:45:03 UTC,sensor01,218208153,20.37,90.88,2025-09-24 10:06:10+00:00,34.0014,-80.99199,89.0,4.39,0.0,16.51,11.0,3D,2025-09-24 06:06:10-04:00,POINT (-80.99199 34.0014)
2025-09-23 15:45:08 UTC,sensor01,218208153,20.36,90.89,2025-09-24 10:06:15+00:00,34.001588,-80.99191,94.3,3.77,2.4,21.14,11.0,3D,2025-09-24 06:06:15-04:00,POINT (-80.99191 34.001588)
2025-09-23 15:45:13 UTC,sensor01,218208153,20.32,90.91,2025-09-24 10:06:21+00:00,34.00177,-80.991848,97.2,2.88,0.6,0.0,11.0,3D,2025-09-24 06:06:21-04:00,POINT (-80.991848 34.00177)
2025-09-23 15:45:23 UTC,sensor01,218208153,20.32,90.88,2025-09-24 10:06:31+00:00,34.001913,-80.991877,97.8,2.37,0.0,0.0,4.0,3D,2025-09-24 06:06:31-04:00,POINT (-80.991877 34.001913)
2025-09-23 15:45:28 UTC,sensor01,218208153,20.32,91.15,2025-09-24 10:06:36+00:00,34.00193,-80.992065,98.7,4.62,0.2,0.0,4.0,3D,2025-09-24 06:06:36-04:00,POINT (-80.992065 34.00193)
2025-09-23 15:45:33 UTC,sensor01,218208153,20.29,91.1,2025-09-24 10:06:41+00:00,34.001918,-80.992317,99.2,4.8,-0.1,0.0,8.0,3D,2025-09-24 06:06:41-04:00,POINT (-80.992317 34.001918)
2025-09-23 15:45:38 UTC,sensor01,218208153,20.26,90.99,2025-09-24 10:06:46+00:00,34.001898,-80.992557,99.6,4.04,0.0,0.0,11.0,3D,2025-09-24 06:06:46-04:00,POINT (-80.992557 34.001898)
2025-09-23 15:45:44 UTC,sensor01,218208153,20.27,91.04,2025-09-24 10:06:51+00:00,34.001887,-80.992773,100.4,4.15,0.1,265.73,11.0,3D,2025-09-24 06:06:51-04:00,POINT (-80.992773 34.001887)
2025-09-23 15:45:49 UTC,sensor01,218208153,20.25,91.29,2025-09-24 10:06:56+00:00,34.001892,-80.993023,99.4,4.57,0.3,272.97,11.0,3D,2025-09-24 06:06:56-04:00,POINT (-80.993023 34.001892)
2025-09-23 15:45:54 UTC,sensor01,218208153,20.28,91.42,2025-09-24 10:07:01+00:00,34.001907,-80.993277,100.7,4.7,0.1,269.66,11.0,3D,2025-09-24 06:07:01-04:00,POINT (-80.993277 34.001907)
2025-09-23 15:45:59 UTC,sensor01,218208153,20.29,91.69,2025-09-24 10:07:06+00:00,34.001912,-80.993525,101.1,4.35,0.0,270.19,11.0,3D,2025-09-24 06:07:06-04:00,POINT (-80.993525 34.001912)
2025-09-23 15:46:04 UTC,sensor01,218208153,20.3,91.89,2025-09-24 10:07:11+00:00,34.001925,-80.993775,101.6,3.92,0.0,265.82,11.0,3D,2025-09-24 06:07:11-04:00,POINT (-80.993775 34.001925)
2025-09-23 15:46:09 UTC,sensor01,218208153,20.29,92.0,2025-09-24 10:07:16+00:00,34.00194,-80.994015,101.9,4.38,-0.1,277.04,11.0,3D,2025-09-24 06:07:16-04:00,POINT (-80.994015 34.00194)
2025-09-23 15:46:14 UTC,sensor01,218208153,20.3,91.88,2025-09-24 10:07:21+00:00,34.001958,-80.99424,102.3,4.2,0.0,270.86,11.0,3D,2025-09-24 06:07:21-04:00,POINT (-80.99424 34.001958)
2025-09-23 15:46:19 UTC,sensor01,218208153,20.29,91.8,2025-09-24 10:07:26+00:00,34.001977,-80.994475,103.1,4.33,0.2,277.06,11.0,3D,2025-09-24 06:07:26-04:00,POINT (-80.994475 34.001977)
2025-09-23 15:46:24 UTC,sensor01,218208153,20.3,91.92,2025-09-24 10:07:31+00:00,34.001985,-80.994695,103.9,4.04,0.2,275.96,11.0,3D,2025-09-24 06:07:31-04:00,POINT (-80.994695 34.001985)
2025-09-23 15:46:29 UTC,sensor01,218208153,20.28,91.93,2025-09-24 10:07:36+00:00,34.001993,-80.994908,104.5,3.77,0.2,269.48,11.0,3D,2025-09-24 06:07:36-04:00,POINT (-80.994908 34.001993)
2025-09-23 15:46:39 UTC,sensor01,218208153,20.28,92.25,2025-09-24 10:07:46+00:00,34.002005,-80.995218,105.6,3.62,-0.1,271.14,11.0,3D,2025-09-24 06:07:46-04:00,POINT (-80.995218 34.002005)
2025-09-23 15:46:44 UTC,sensor01,218208153,20.3,92.42,2025-09-24 10:07:51+00:00,34.002007,-80.995478,107.1,4.45,0.0,271.95,11.0,3D,2025-09-24 06:07:51-04:00,POINT (-80.995478 34.002007)
2025-09-23 15:46:49 UTC,sensor01,218208153,20.29,92.61,2025-09-24 10:07:56+00:00,34.002023,-80.995715,107.5,4.17,0.1,273.7,11.0,3D,2025-09-24 06:07:56-04:00,POINT (-80.995715 34.002023)
2025-09-23 15:46:59 UTC,sensor01,218208153,20.3,92.73,2025-09-24 10:08:06+00:00,34.002007,-80.995917,107.5,2.55,0.3,228.19,11.0,3D,2025-09-24 06:08:06-04:00,POINT (-80.995917 34.002007)
2025-09-23 15:47:04 UTC,sensor01,218208153,20.28,92.83,2025-09-24 10:08:12+00:00,34.001773,-80.995988,107.3,5.55,0.0,0.0,11.0,3D,2025-09-24 06:08:12-04:00,POINT (-80.995988 34.001773)
2025-09-23 15:47:09 UTC,sensor01,218208153,20.32,92.84,2025-09-24 10:08:17+00:00,34.00148,-80.996028,107.8,6.86,0.0,0.0,11.0,3D,2025-09-24 06:08:17-04:00,POINT (-80.996028 34.00148)
2025-09-23 15:47:14 UTC,sensor01,218208153,20.34,92.84,2025-09-24 10:08:22+00:00,34.001152,-80.99605,107.1,7.21,-0.2,0.0,11.0,3D,2025-09-24 06:08:22-04:00,POINT (-80.99605 34.001152)
2025-09-23 15:47:19 UTC,sensor01,218208153,20.34,93.07,2025-09-24 10:08:27+00:00,34.000902,-80.996062,106.7,5.19,0.0,0.0,11.0,3D,2025-09-24 06:08:27-04:00,POINT (-80.996062 34.000902)
2025-09-23 15:47:24 UTC,sensor01,218208153,20.36,93.23,2025-09-24 10:08:32+00:00,34.000687,-80.996118,108.3,4.14,0.0,185.47,11.0,3D,2025-09-24 06:08:32-04:00,POINT (-80.996118 34.000687)
2025-09-23 15:47:29 UTC,sensor01,218208153,20.37,93.14,2025-09-24 10:08:37+00:00,34.000495,-80.996127,108.1,3.86,-0.3,184.11,11.0,3D,2025-09-24 06:08:37-04:00,POINT (-80.996127 34.000495)
2025-09-23 15:47:34 UTC,sensor01,218208153,20.42,92.98,2025-09-24 10:08:42+00:00,34.00031,-80.996143,107.9,2.48,0.0,183.92,11.0,3D,2025-09-24 06:08:42-04:00,POINT (-80.996143 34.00031)
2025-09-23 15:47:45 UTC,sensor01,218208153,20.47,92.37,2025-09-24 10:08:52+00:00,34.000095,-80.996175,108.8,2.59,0.1,188.76,11.0,3D,2025-09-24 06:08:52-04:00,POINT (-80.996175 34.000095)
2025-09-23 15:48:35 UTC,sensor01,218208153,20.68,92.12,2025-09-24 10:09:42+00:00,33.999878,-80.99623,105.9,2.59,-0.2,194.01,12.0,3D,2025-09-24 06:09:42-04:00,POINT (-80.99623 33.999878)
2025-09-23 15:48:40 UTC,sensor01,218208153,20.7,91.82,2025-09-24 10:09:47+00:00,33.999615,-80.996105,105.1,7.99,-0.2,146.43,12.0,3D,2025-09-24 06:09:47-04:00,POINT (-80.996105 33.999615)
2025-09-23 15:48:45 UTC,sensor01,218208153,20.75,91.75,2025-09-24 10:09:52+00:00,33.999305,-80.995792,104.6,9.45,-0.1,140.13,12.0,3D,2025-09-24 06:09:52-04:00,POINT (-80.995792 33.999305)
2025-09-23 15:48:50 UTC,sensor01,218208153,20.8,91.63,2025-09-24 10:09:57+00:00,33.998983,-80.99548,104.1,8.01,-0.2,141.48,12.0,3D,2025-09-24 06:09:57-04:00,POINT (-80.99548 33.998983)
2025-09-23 15:48:55 UTC,sensor01,218208153,20.82,91.36,2025-09-24 10:10:02+00:00,33.998772,-80.995262,103.6,4.03,-0.1,142.1,12.0,3D,2025-09-24 06:10:02-04:00,POINT (-80.995262 33.998772)
2025-09-23 15:49:00 UTC,sensor01,218208153,20.82,91.09,2025-09-24 10:10:07+00:00,33.99864,-80.995212,102.6,2.96,0.0,199.6,12.0,3D,2025-09-24 06:10:07-04:00,POINT (-80.995212 33.99864)
2025-09-23 15:49:05 UTC,sensor01,218208153,20.8,91.06,2025-09-24 10:10:13+00:00,33.998463,-80.995428,101.5,5.33,0.0,0.0,12.0,3D,2025-09-24 06:10:13-04:00,POINT (-80.995428 33.998463)
2025-09-23 15:49:10 UTC,sensor01,218208153,20.79,91.12,2025-09-24 10:10:18+00:00,33.99832,-80.99565,101.3,5.09,-0.1,0.0,12.0,3D,2025-09-24 06:10:18-04:00,POINT (-80.99565 33.99832)
2025-09-23 15:49:15 UTC,sensor01,218208153,20.8,91.19,2025-09-24 10:10:23+00:00,33.998188,-80.995828,100.3,4.26,-0.1,0.0,12.0,3D,2025-09-24 06:10:23-04:00,POINT (-80.995828 33.998188)
2025-09-23 15:49:30 UTC,sensor01,218208153,20.8,91.35,2025-09-24 10:10:38+00:00,33.998055,-80.996005,98.9,2.75,0.0,213.5,12.0,3D,2025-09-24 06:10:38-04:00,POINT (-80.996005 33.998055)
2025-09-23 15:49:36 UTC,sensor01,218208153,20.79,91.22,2025-09-24 10:10:43+00:00,33.997885,-80.996063,98.9,3.9,0.0,189.33,12.0,3D,2025-09-24 06:10:43-04:00,POINT (-80.996063 33.997885)
2025-09-23 15:49:46 UTC,sensor01,218208153,20.8,90.76,2025-09-24 10:10:53+00:00,33.997682,-80.99605,98.1,2.4,-0.4,163.7,12.0,3D,2025-09-24 06:10:53-04:00,POINT (-80.99605 33.997682)
2025-09-23 15:49:51 UTC,sensor01,218208153,20.78,90.53,2025-09-24 10:10:58+00:00,33.997538,-80.995983,98.0,3.71,-0.1,162.09,12.0,3D,2025-09-24 06:10:58-04:00,POINT (-80.995983 33.997538)
2025-09-23 15:49:56 UTC,sensor01,218208153,20.79,90.47,2025-09-24 10:11:03+00:00,33.997365,-80.995955,97.5,4.14,-0.1,180.52,12.0,3D,2025-09-24 06:11:03-04:00,POINT (-80.995955 33.997365)
2025-09-23 15:50:01 UTC,sensor01,218208153,20.75,90.32,2025-09-24 10:11:08+00:00,33.997155,-80.995958,96.7,4.56,-0.2,182.05,12.0,3D,2025-09-24 06:11:08-04:00,POINT (-80.995958 33.997155)
2025-09-23 15:50:06 UTC,sensor01,218208153,20.71,90.2,2025-09-24 10:11:13+00:00,33.996947,-80.995972,95.3,4.32,-0.2,186.44,12.0,3D,2025-09-24 06:11:13-04:00,POINT (-80.995972 33.996947)
2025-09-23 15:50:11 UTC,sensor01,218208153,20.66,90.44,2025-09-24 10:11:18+00:00,33.996763,-80.995995,94.2,4.01,-0.1,188.89,12.0,3D,2025-09-24 06:11:18-04:00,POINT (-80.995995 33.996763)
2025-09-23 15:50:16 UTC,sensor01,218208153,20.62,90.57,2025-09-24 10:11:23+00:00,33.996592,-80.996017,93.8,3.48,-0.1,188.93,12.0,3D,2025-09-24 06:11:23-04:00,POINT (-80.996017 33.996592)
2025-09-23 15:50:21 UTC,sensor01,218208153,20.61,90.64,2025-09-24 10:11:28+00:00,33.99644,-80.996042,93.1,2.95,-0.2,191.56,12.0,3D,2025-09-24 06:11:28-04:00,POINT (-80.996042 33.99644)
2025-09-23 15:50:36 UTC,sensor01,218208153,20.55,90.46,2025-09-24 10:11:43+00:00,33.996215,-80.995912,92.4,3.89,0.1,97.81,12.0,3D,2025-09-24 06:11:43-04:00,POINT (-80.995912 33.996215)
2025-09-23 15:50:41 UTC,sensor01,218208153,20.52,90.79,2025-09-24 10:11:48+00:00,33.99619,-80.995653,93.0,4.63,0.1,91.22,12.0,3D,2025-09-24 06:11:48-04:00,POINT (-80.995653 33.99619)
2025-09-23 15:50:46 UTC,sensor01,218208153,20.46,91.45,2025-09-24 10:11:53+00:00,33.99618,-80.995397,92.8,4.34,-0.1,91.91,12.0,3D,2025-09-24 06:11:53-04:00,POINT (-80.995397 33.99618)
2025-09-23 15:50:51 UTC,sensor01,218208153,20.44,91.62,2025-09-24 10:11:58+00:00,33.996177,-80.995152,91.8,4.24,-0.3,87.58,12.0,3D,2025-09-24 06:11:58-04:00,POINT (-80.995152 33.996177)
2025-09-23 15:50:56 UTC,sensor01,218208153,20.42,91.64,2025-09-24 10:12:04+00:00,33.99615,-80.994863,92.3,4.48,0.0,0.0,12.0,3D,2025-09-24 06:12:04-04:00,POINT (-80.994863 33.99615)
2025-09-23 15:51:01 UTC,sensor01,218208153,20.39,91.85,2025-09-24 10:12:09+00:00,33.996125,-80.994612,91.8,5.11,-0.1,0.0,12.0,3D,2025-09-24 06:12:09-04:00,POINT (-80.994612 33.996125)
2025-09-23 15:51:06 UTC,sensor01,218208153,20.35,91.96,2025-09-24 10:12:14+00:00,33.996097,-80.994342,91.4,4.63,-0.2,0.0,12.0,3D,2025-09-24 06:12:14-04:00,POINT (-80.994342 33.996097)
2025-09-23 15:51:11 UTC,sensor01,218208153,20.36,92.04,2025-09-24 10:12:19+00:00,33.996085,-80.994115,90.5,4.09,-0.3,96.82,12.0,3D,2025-09-24 06:12:19-04:00,POINT (-80.994115 33.996085)
2025-09-23 15:51:16 UTC,sensor01,218208153,20.33,92.27,2025-09-24 10:12:24+00:00,33.99607,-80.993895,90.2,3.94,0.0,95.35,12.0,3D,2025-09-24 06:12:24-04:00,POINT (-80.993895 33.99607)
2025-09-23 15:51:21 UTC,sensor01,218208153,20.33,92.44,2025-09-24 10:12:29+00:00,33.996058,-80.993695,90.1,3.41,0.0,96.95,12.0,3D,2025-09-24 06:12:29-04:00,POINT (-80.993695 33.996058)
2025-09-23 15:51:26 UTC,sensor01,218208153,20.32,92.46,2025-09-24 10:12:34+00:00,33.99603,-80.993517,90.5,3.05,0.1,103.66,12.0,3D,2025-09-24 06:12:34-04:00,POINT (-80.993517 33.99603)
2025-09-23 15:51:32 UTC,sensor01,218208153,20.32,92.41,2025-09-24 10:12:39+00:00,33.995937,-80.993435,91.2,2.88,0.1,177.59,12.0,3D,2025-09-24 06:12:39-04:00,POINT (-80.993435 33.995937)
2025-09-23 15:51:37 UTC,sensor01,218208153,20.35,92.36,2025-09-24 10:12:44+00:00,33.99575,-80.993458,92.2,4.34,0.1,189.65,12.0,3D,2025-09-24 06:12:44-04:00,POINT (-80.993458 33.99575)
2025-09-23 15:51:42 UTC,sensor01,218208153,20.33,92.37,2025-09-24 10:12:49+00:00,33.99555,-80.99348,92.4,4.7,-0.1,182.57,12.0,3D,2025-09-24 06:12:49-04:00,POINT (-80.99348 33.99555)
2025-09-23 15:51:47 UTC,sensor01,218208153,20.34,92.19,2025-09-24 10:12:54+00:00,33.995347,-80.993498,92.6,3.59,0.1,182.78,12.0,3D,2025-09-24 06:12:54-04:00,POINT (-80.993498 33.995347)
2025-09-23 15:51:52 UTC,sensor01,218208153,20.34,92.05,2025-09-24 10:12:59+00:00,33.995232,-80.9935,93.1,2.98,0.1,185.62,12.0,3D,2025-09-24 06:12:59-04:00,POINT (-80.9935 33.995232)
2025-09-23 15:51:57 UTC,sensor01,218208153,20.34,91.84,2025-09-24 10:13:04+00:00,33.99507,-80.993522,94.0,3.87,0.2,179.52,12.0,3D,2025-09-24 06:13:04-04:00,POINT (-80.993522 33.99507)
2025-09-23 15:52:02 UTC,sensor01,218208153,20.3,91.52,2025-09-24 10:13:09+00:00,33.994897,-80.99353,93.9,3.85,0.0,179.81,12.0,3D,2025-09-24 06:13:09-04:00,POINT (-80.99353 33.994897)
2025-09-23 15:52:07 UTC,sensor01,218208153,20.31,91.2,2025-09-24 10:13:14+00:00,33.994698,-80.993537,93.0,3.56,-0.3,182.91,12.0,3D,2025-09-24 06:13:14-04:00,POINT (-80.993537 33.994698)
2025-09-23 15:52:12 UTC,sensor01,218208153,20.31,91.06,2025-09-24 10:13:19+00:00,33.99453,-80.993568,93.1,2.91,0.1,183.27,12.0,3D,2025-09-24 06:13:19-04:00,POINT (-80.993568 33.99453)
2025-09-23 15:52:27 UTC,sensor01,218208153,20.32,91.04,2025-09-24 10:13:34+00:00,33.994395,-80.99359,92.5,2.24,-0.1,146.88,12.0,3D,2025-09-24 06:13:34-04:00,POINT (-80.99359 33.994395)
2025-09-23 15:52:32 UTC,sensor01,218208153,20.28,91.32,2025-09-24 10:13:39+00:00,33.994345,-80.993425,92.5,4.23,0.1,95.81,12.0,3D,2025-09-24 06:13:39-04:00,POINT (-80.993425 33.994345)
2025-09-23 15:52:37 UTC,sensor01,218208153,20.28,91.39,2025-09-24 10:13:44+00:00,33.994332,-80.993187,93.1,4.07,0.1,89.29,12.0,3D,2025-09-24 06:13:44-04:00,POINT (-80.993187 33.994332)
2025-09-23 15:52:42 UTC,sensor01,218208153,20.22,91.51,2025-09-24 10:13:49+00:00,33.994322,-80.992955,93.2,4.14,0.0,92.72,12.0,3D,2025-09-24 06:13:49-04:00,POINT (-80.992955 33.994322)
2025-09-23 15:52:47 UTC,sensor01,218208153,20.25,91.61,2025-09-24 10:13:55+00:00,33.994317,-80.992723,93.9,3.71,0.1,0.0,12.0,3D,2025-09-24 06:13:55-04:00,POINT (-80.992723 33.994317)
2025-09-23 15:52:52 UTC,sensor01,218208153,20.22,92.04,2025-09-24 10:14:00+00:00,33.994303,-80.992517,94.5,3.39,0.2,0.0,12.0,3D,2025-09-24 06:14:00-04:00,POINT (-80.992517 33.994303)
2025-09-23 15:52:57 UTC,sensor01,218208153,20.19,92.02,2025-09-24 10:14:05+00:00,33.994272,-80.992315,94.8,3.77,0.0,0.0,12.0,3D,2025-09-24 06:14:05-04:00,POINT (-80.992315 33.994272)
2025-09-23 15:53:02 UTC,sensor01,218208153,20.16,91.96,2025-09-24 10:14:10+00:00,33.994257,-80.992112,95.2,3.41,0.1,0.0,12.0,3D,2025-09-24 06:14:10-04:00,POINT (-80.992112 33.994257)
2025-09-23 15:53:07 UTC,sensor01,218208153,20.17,91.8,2025-09-24 10:14:15+00:00,33.99424,-80.99191,95.5,3.56,0.1,95.79,12.0,3D,2025-09-24 06:14:15-04:00,POINT (-80.99191 33.99424)
2025-09-23 15:53:12 UTC,sensor01,218208153,20.17,92.26,2025-09-24 10:14:20+00:00,33.994222,-80.991682,95.9,3.78,0.3,94.65,12.0,3D,2025-09-24 06:14:20-04:00,POINT (-80.991682 33.994222)
2025-09-23 15:53:18 UTC,sensor01,218208153,20.17,92.55,2025-09-24 10:14:25+00:00,33.994208,-80.991475,96.1,3.5,0.2,97.2,12.0,3D,2025-09-24 06:14:25-04:00,POINT (-80.991475 33.994208)
2025-09-23 15:53:23 UTC,sensor01,218208153,20.16,92.69,2025-09-24 10:14:30+00:00,33.994208,-80.99129,96.1,3.36,0.0,94.42,12.0,3D,2025-09-24 06:14:30-04:00,POINT (-80.99129 33.994208)
2025-09-23 15:53:28 UTC,sensor01,218208153,20.16,92.81,2025-09-24 10:14:35+00:00,33.994197,-80.991105,95.7,3.47,-0.1,95.19,12.0,3D,2025-09-24 06:14:35-04:00,POINT (-80.991105 33.994197)
2025-09-23 15:53:33 UTC,sensor01,218208153,20.15,92.89,2025-09-24 10:14:40+00:00,33.994185,-80.990913,95.6,3.26,0.1,93.31,12.0,3D,2025-09-24 06:14:40-04:00,POINT (-80.990913 33.994185)
2025-09-23 15:53:38 UTC,sensor01,218208153,20.15,92.85,2025-09-24 10:14:45+00:00,33.994162,-80.99073,95.7,2.59,0.0,99.08,12.0,3D,2025-09-24 06:14:45-04:00,POINT (-80.99073 33.994162)
2025-09-23 15:53:48 UTC,sensor01,218208153,20.17,92.77,2025-09-24 10:14:55+00:00,33.994262,-80.990553,95.4,3.53,-0.3,13.28,12.0,3D,2025-09-24 06:14:55-04:00,POINT (-80.990553 33.994262)
2025-09-23 15:53:53 UTC,sensor01,218208153,20.17,92.84,2025-09-24 10:15:00+00:00,33.994423,-80.990525,94.7,3.83,-0.2,8.54,12.0,3D,2025-09-24 06:15:00-04:00,POINT (-80.990525 33.994423)
2025-09-23 15:53:58 UTC,sensor01,218208153,20.2,93.06,2025-09-24 10:15:05+00:00,33.994615,-80.990507,94.1,4.49,0.0,9.0,12.0,3D,2025-09-24 06:15:05-04:00,POINT (-80.990507 33.994615)
2025-09-23 15:54:03 UTC,sensor01,218208153,20.22,93.24,2025-09-24 10:15:10+00:00,33.994813,-80.990478,92.7,4.77,-0.4,10.75,12.0,3D,2025-09-24 06:15:10-04:00,POINT (-80.990478 33.994813)
2025-09-23 15:54:08 UTC,sensor01,218208153,20.21,93.16,2025-09-24 10:15:15+00:00,33.995028,-80.990455,92.5,4.87,0.0,3.87,12.0,3D,2025-09-24 06:15:15-04:00,POINT (-80.990455 33.995028)
2025-09-23 15:54:13 UTC,sensor01,218208153,20.21,93.18,2025-09-24 10:15:20+00:00,33.995238,-80.990413,91.8,4.9,-0.1,6.55,12.0,3D,2025-09-24 06:15:20-04:00,POINT (-80.990413 33.995238)
2025-09-23 15:54:18 UTC,sensor01,218208153,20.21,93.23,2025-09-24 10:15:25+00:00,33.995453,-80.990363,93.5,4.92,-0.2,5.93,12.0,3D,2025-09-24 06:15:25-04:00,POINT (-80.990363 33.995453)
2025-09-23 15:54:23 UTC,sensor01,218208153,20.22,93.25,2025-09-24 10:15:30+00:00,33.995657,-80.990338,93.5,4.3,-0.5,5.57,12.0,3D,2025-09-24 06:15:30-04:00,POINT (-80.990338 33.995657)
2025-09-23 15:54:28 UTC,sensor01,218208153,20.24,93.37,2025-09-24 10:15:36+00:00,33.995853,-80.990322,92.6,2.59,0.1,0.0,12.0,3D,2025-09-24 06:15:36-04:00,POINT (-80.990322 33.995853)
2025-09-23 15:54:38 UTC,sensor01,218208153,20.25,93.26,2025-09-24 10:15:46+00:00,33.996003,-80.990188,90.3,3.7,-0.2,0.0,4.0,3D,2025-09-24 06:15:46-04:00,POINT (-80.990188 33.996003)
2025-09-23 15:54:43 UTC,sensor01,218208153,20.28,93.21,2025-09-24 10:15:51+00:00,33.995973,-80.98993,90.3,5.29,0.1,0.0,4.0,3D,2025-09-24 06:15:51-04:00,POINT (-80.98993 33.995973)
2025-09-23 15:54:48 UTC,sensor01,218208153,20.31,93.31,2025-09-24 10:15:56+00:00,33.995935,-80.989658,90.7,5.01,0.0,0.0,8.0,3D,2025-09-24 06:15:56-04:00,POINT (-80.989658 33.995935)
2025-09-23 15:54:54 UTC,sensor01,218208153,20.27,93.33,2025-09-24 10:16:01+00:00,33.995917,-80.989367,92.3,5.09,0.0,0.0,12.0,3D,2025-09-24 06:16:01-04:00,POINT (-80.989367 33.995917)
2025-09-23 15:54:59 UTC,sensor01,218208153,20.29,93.28,2025-09-24 10:16:06+00:00,33.995868,-80.989087,92.6,5.09,0.3,0.0,12.0,3D,2025-09-24 06:16:06-04:00,POINT (-80.989087 33.995868)
2025-09-23 15:55:04 UTC,sensor01,218208153,20.31,93.58,2025-09-24 10:16:11+00:00,33.995817,-80.988843,93.3,4.55,0.7,104.49,12.0,3D,2025-09-24 06:16:11-04:00,POINT (-80.988843 33.995817)
2025-09-23 15:55:09 UTC,sensor01,218208153,20.34,93.81,2025-09-24 10:16:16+00:00,33.995752,-80.98857,94.1,5.7,0.5,102.72,12.0,3D,2025-09-24 06:16:16-04:00,POINT (-80.98857 33.995752)
2025-09-23 15:55:14 UTC,sensor01,218208153,20.36,93.82,2025-09-24 10:16:21+00:00,33.995683,-80.988278,96.8,5.7,1.3,104.71,12.0,3D,2025-09-24 06:16:21-04:00,POINT (-80.988278 33.995683)
2025-09-23 15:55:19 UTC,sensor01,218208153,20.37,93.93,2025-09-24 10:16:26+00:00,33.995633,-80.988007,97.2,4.53,-0.1,103.55,12.0,3D,2025-09-24 06:16:26-04:00,POINT (-80.988007 33.995633)
2025-09-23 15:55:34 UTC,sensor01,218208153,20.37,94.02,2025-09-24 10:16:41+00:00,33.995675,-80.98764,92.9,4.51,-0.1,39.98,12.0,3D,2025-09-24 06:16:41-04:00,POINT (-80.98764 33.995675)
2025-09-23 15:55:39 UTC,sensor01,218208153,20.38,93.63,2025-09-24 10:16:46+00:00,33.995895,-80.987552,92.4,5.33,-0.1,13.98,12.0,3D,2025-09-24 06:16:46-04:00,POINT (-80.987552 33.995895)
2025-09-23 15:55:44 UTC,sensor01,218208153,20.39,93.54,2025-09-24 10:16:51+00:00,33.996118,-80.987503,92.1,4.92,0.2,8.43,12.0,3D,2025-09-24 06:16:51-04:00,POINT (-80.987503 33.996118)
2025-09-23 15:55:49 UTC,sensor01,218208153,20.41,93.28,2025-09-24 10:16:56+00:00,33.996338,-80.987472,93.0,4.49,0.3,5.39,12.0,3D,2025-09-24 06:16:56-04:00,POINT (-80.987472 33.996338)
2025-09-23 15:55:54 UTC,sensor01,218208153,20.4,93.32,2025-09-24 10:17:01+00:00,33.996508,-80.987445,93.4,3.04,0.1,6.3,12.0,3D,2025-09-24 06:17:01-04:00,POINT (-80.987445 33.996508)
2025-09-23 15:56:14 UTC,sensor01,218208153,20.52,93.29,2025-09-24 10:17:22+00:00,33.996723,-80.987228,94.6,5.56,0.1,0.0,12.0,3D,2025-09-24 06:17:22-04:00,POINT (-80.987228 33.996723)
2025-09-23 15:56:19 UTC,sensor01,218208153,20.59,92.97,2025-09-24 10:17:27+00:00,33.996705,-80.986803,94.4,9.01,0.0,96.0,12.0,3D,2025-09-24 06:17:27-04:00,POINT (-80.986803 33.996705)
2025-09-23 15:56:24 UTC,sensor01,218208153,20.67,92.48,2025-09-24 10:17:32+00:00,33.996658,-80.98627,93.9,10.13,0.0,98.59,12.0,3D,2025-09-24 06:17:32-04:00,POINT (-80.98627 33.996658)
2025-09-23 15:56:30 UTC,sensor01,218208153,20.75,92.21,2025-09-24 10:17:37+00:00,33.996538,-80.98571,92.1,10.68,-0.9,113.83,12.0,3D,2025-09-24 06:17:37-04:00,POINT (-80.98571 33.996538)
2025-09-23 15:56:35 UTC,sensor01,218208153,20.78,92.04,2025-09-24 10:17:42+00:00,33.996248,-80.985197,91.4,11.67,0.2,125.82,12.0,3D,2025-09-24 06:17:42-04:00,POINT (-80.985197 33.996248)
2025-09-23 15:56:40 UTC,sensor01,218208153,20.78,91.85,2025-09-24 10:17:47+00:00,33.995973,-80.984703,90.2,10.15,-0.2,123.27,12.0,3D,2025-09-24 06:17:47-04:00,POINT (-80.984703 33.995973)
2025-09-23 15:56:45 UTC,sensor01,218208153,20.78,91.46,2025-09-24 10:17:52+00:00,33.995723,-80.984262,89.3,9.77,-0.2,124.34,12.0,3D,2025-09-24 06:17:52-04:00,POINT (-80.984262 33.995723)
2025-09-23 15:56:50 UTC,sensor01,218208153,20.8,91.25,2025-09-24 10:17:57+00:00,33.995453,-80.983833,88.1,9.91,-0.2,128.61,12.0,3D,2025-09-24 06:17:57-04:00,POINT (-80.983833 33.995453)
2025-09-23 15:56:55 UTC,sensor01,218208153,20.77,90.92,2025-09-24 10:18:02+00:00,33.995168,-80.983413,85.9,9.72,-0.5,128.76,12.0,3D,2025-09-24 06:18:02-04:00,POINT (-80.983413 33.995168)
2025-09-23 15:57:00 UTC,sensor01,218208153,20.74,90.61,2025-09-24 10:18:07+00:00,33.994898,-80.983017,84.5,9.33,-0.4,129.58,12.0,3D,2025-09-24 06:18:07-04:00,POINT (-80.983017 33.994898)
2025-09-23 15:57:05 UTC,sensor01,218208153,20.71,90.68,2025-09-24 10:18:12+00:00,33.994612,-80.982612,82.4,10.04,-0.4,130.47,12.0,3D,2025-09-24 06:18:12-04:00,POINT (-80.982612 33.994612)
2025-09-23 15:57:10 UTC,sensor01,218208153,20.66,90.82,2025-09-24 10:18:17+00:00,33.994322,-80.98218,78.5,10.38,-0.9,130.11,12.0,3D,2025-09-24 06:18:17-04:00,POINT (-80.98218 33.994322)
2025-09-23 15:57:15 UTC,sensor01,218208153,20.64,90.78,2025-09-24 10:18:22+00:00,33.994068,-80.981817,72.6,6.47,-3.1,140.01,12.0,3D,2025-09-24 06:18:22-04:00,POINT (-80.981817 33.994068)
2025-09-23 15:57:20 UTC,sensor01,218208153,20.6,90.89,2025-09-24 10:18:27+00:00,33.99396,-80.981883,70.3,3.68,-0.2,218.51,12.0,3D,2025-09-24 06:18:27-04:00,POINT (-80.981883 33.99396)
2025-09-23 15:57:25 UTC,sensor01,218208153,20.55,91.2,2025-09-24 10:18:32+00:00,33.993817,-80.98206,69.7,5.3,0.0,220.77,12.0,3D,2025-09-24 06:18:32-04:00,POINT (-80.98206 33.993817)
2025-09-23 15:57:30 UTC,sensor01,218208153,20.5,91.38,2025-09-24 10:18:37+00:00,33.993663,-80.982245,70.1,4.59,0.2,225.16,12.0,3D,2025-09-24 06:18:37-04:00,POINT (-80.982245 33.993663)
2025-09-23 15:57:35 UTC,sensor01,218208153,20.48,91.38,2025-09-24 10:18:43+00:00,33.993483,-80.982458,70.7,4.81,0.1,0.0,12.0,3D,2025-09-24 06:18:43-04:00,POINT (-80.982458 33.993483)
2025-09-23 15:57:50 UTC,sensor01,218208153,20.39,91.82,2025-09-24 10:18:58+00:00,33.993332,-80.98265,74.9,3.64,0.0,219.92,12.0,3D,2025-09-24 06:18:58-04:00,POINT (-80.98265 33.993332)
2025-09-23 15:57:55 UTC,sensor01,218208153,20.37,91.98,2025-09-24 10:19:03+00:00,33.993175,-80.982808,74.1,4.59,0.0,219.68,12.0,3D,2025-09-24 06:19:03-04:00,POINT (-80.982808 33.993175)
2025-09-23 15:58:01 UTC,sensor01,218208153,20.33,92.1,2025-09-24 10:19:08+00:00,33.992995,-80.98296,73.4,3.81,-0.2,213.59,12.0,3D,2025-09-24 06:19:08-04:00,POINT (-80.98296 33.992995)
2025-09-23 15:58:06 UTC,sensor01,218208153,20.32,92.16,2025-09-24 10:19:13+00:00,33.992852,-80.983048,73.5,3.34,0.0,223.33,12.0,3D,2025-09-24 06:19:13-04:00,POINT (-80.983048 33.992852)
2025-09-23 15:58:11 UTC,sensor01,218208153,20.27,92.3,2025-09-24 10:19:18+00:00,33.992683,-80.983218,72.9,4.52,-0.2,223.59,12.0,3D,2025-09-24 06:19:18-04:00,POINT (-80.983218 33.992683)
2025-09-23 15:58:16 UTC,sensor01,218208153,20.24,92.25,2025-09-24 10:19:23+00:00,33.992532,-80.983367,71.2,3.99,-0.3,219.47,12.0,3D,2025-09-24 06:19:23-04:00,POINT (-80.983367 33.992532)
2025-09-23 15:58:21 UTC,sensor01,218208153,20.21,92.32,2025-09-24 10:19:28+00:00,33.992393,-80.983507,70.5,3.43,-0.2,218.67,12.0,3D,2025-09-24 06:19:28-04:00,POINT (-80.983507 33.992393)
2025-09-23 15:58:26 UTC,sensor01,218208153,20.18,92.59,2025-09-24 10:19:33+00:00,33.992263,-80.983625,70.5,3.54,-0.1,218.81,12.0,3D,2025-09-24 06:19:33-04:00,POINT (-80.983625 33.992263)
2025-09-23 15:58:31 UTC,sensor01,218208153,20.16,92.7,2025-09-24 10:19:38+00:00,33.992142,-80.983708,70.9,2.5,0.0,212.94,12.0,3D,2025-09-24 06:19:38-04:00,POINT (-80.983708 33.992142)
2025-09-23 15:58:36 UTC,sensor01,218208153,20.13,93.23,2025-09-24 10:19:43+00:00,33.992057,-80.983803,70.7,3.06,-0.1,221.49,12.0,3D,2025-09-24 06:19:43-04:00,POINT (-80.983803 33.992057)
2025-09-23 15:58:41 UTC,sensor01,218208153,20.11,93.62,2025-09-24 10:19:48+00:00,33.991932,-80.983953,69.6,3.85,0.2,225.7,12.0,3D,2025-09-24 06:19:48-04:00,POINT (-80.983953 33.991932)
2025-09-23 15:58:46 UTC,sensor01,218208153,20.11,93.83,2025-09-24 10:19:53+00:00,33.991807,-80.984093,70.1,3.72,0.1,218.69,12.0,3D,2025-09-24 06:19:53-04:00,POINT (-80.984093 33.991807)
2025-09-23 15:58:51 UTC,sensor01,218208153,20.05,93.98,2025-09-24 10:19:58+00:00,33.99169,-80.984215,69.9,3.29,-0.2,227.27,12.0,3D,2025-09-24 06:19:58-04:00,POINT (-80.984215 33.99169)
2025-09-23 15:58:56 UTC,sensor01,218208153,20.07,94.02,2025-09-24 10:20:03+00:00,33.991585,-80.984348,71.1,3.5,0.5,222.41,12.0,3D,2025-09-24 06:20:03-04:00,POINT (-80.984348 33.991585)
2025-09-23 15:59:06 UTC,sensor01,218208153,20.03,94.2,2025-09-24 10:20:13+00:00,33.9914,-80.984493,72.3,2.41,0.1,194.3,12.0,3D,2025-09-24 06:20:13-04:00,POINT (-80.984493 33.9914)
2025-09-23 15:59:11 UTC,sensor01,218208153,20.03,94.29,2025-09-24 10:20:18+00:00,33.99127,-80.984447,72.6,3.53,0.1,127.93,12.0,3D,2025-09-24 06:20:18-04:00,POINT (-80.984447 33.99127)
2025-09-23 15:59:16 UTC,sensor01,218208153,20.04,94.33,2025-09-24 10:20:24+00:00,33.991122,-80.984262,74.0,3.91,0.0,0.0,12.0,3D,2025-09-24 06:20:24-04:00,POINT (-80.984262 33.991122)
2025-09-23 15:59:21 UTC,sensor01,218208153,20.0,94.39,2025-09-24 10:20:29+00:00,33.991015,-80.984087,73.9,4.41,-0.1,0.0,12.0,3D,2025-09-24 06:20:29-04:00,POINT (-80.984087 33.991015)
2025-09-23 15:59:26 UTC,sensor01,218208153,20.0,94.42,2025-09-24 10:20:34+00:00,33.990913,-80.983895,73.6,4.28,0.0,0.0,12.0,3D,2025-09-24 06:20:34-04:00,POINT (-80.983895 33.990913)
2025-09-23 15:59:31 UTC,sensor01,218208153,19.98,94.35,2025-09-24 10:20:39+00:00,33.990803,-80.983717,72.8,3.54,0.0,121.52,12.0,3D,2025-09-24 06:20:39-04:00,POINT (-80.983717 33.990803)
2025-09-23 15:59:36 UTC,sensor01,218208153,19.97,94.4,2025-09-24 10:20:44+00:00,33.990718,-80.983545,73.1,4.25,0.0,118.72,12.0,3D,2025-09-24 06:20:44-04:00,POINT (-80.983545 33.990718)
2025-09-23 15:59:41 UTC,sensor01,218208153,19.94,94.51,2025-09-24 10:20:49+00:00,33.990607,-80.9833,73.3,4.71,0.3,114.94,12.0,3D,2025-09-24 06:20:49-04:00,POINT (-80.9833 33.990607)
2025-09-23 15:59:47 UTC,sensor01,218208153,19.95,94.64,2025-09-24 10:20:54+00:00,33.990525,-80.983073,71.5,4.01,0.1,113.95,12.0,3D,2025-09-24 06:20:54-04:00,POINT (-80.983073 33.990525)
2025-09-23 15:59:52 UTC,sensor01,218208153,19.91,94.54,2025-09-24 10:20:59+00:00,33.990447,-80.982855,70.3,4.21,-0.2,113.65,12.0,3D,2025-09-24 06:20:59-04:00,POINT (-80.982855 33.990447)
2025-09-23 15:59:57 UTC,sensor01,218208153,19.92,94.62,2025-09-24 10:21:04+00:00,33.990377,-80.982638,69.8,4.06,0.0,112.16,12.0,3D,2025-09-24 06:21:04-04:00,POINT (-80.982638 33.990377)
2025-09-23 16:00:02 UTC,sensor01,218208153,19.9,94.71,2025-09-24 10:21:09+00:00,33.990305,-80.982433,70.6,3.86,0.1,112.8,12.0,3D,2025-09-24 06:21:09-04:00,POINT (-80.982433 33.990305)
2025-09-23 16:00:07 UTC,sensor01,218208153,19.88,94.81,2025-09-24 10:21:14+00:00,33.990257,-80.982248,70.6,3.88,-0.1,104.12,12.0,3D,2025-09-24 06:21:14-04:00,POINT (-80.982248 33.990257)
2025-09-23 16:00:12 UTC,sensor01,218208153,19.86,94.9,2025-09-24 10:21:19+00:00,33.990205,-80.982025,70.6,3.92,0.1,105.34,12.0,3D,2025-09-24 06:21:19-04:00,POINT (-80.982025 33.990205)
2025-09-23 16:00:17 UTC,sensor01,218208153,19.87,94.96,2025-09-24 10:21:24+00:00,33.990158,-80.981825,70.2,3.21,-0.2,113.13,12.0,3D,2025-09-24 06:21:24-04:00,POINT (-80.981825 33.990158)
2025-09-23 16:00:22 UTC,sensor01,218208153,19.86,95.06,2025-09-24 10:21:29+00:00,33.990112,-80.981668,69.4,2.73,-0.1,110.11,12.0,3D,2025-09-24 06:21:29-04:00,POINT (-80.981668 33.990112)
2025-09-23 16:00:27 UTC,sensor01,218208153,19.85,95.16,2025-09-24 10:21:34+00:00,33.990045,-80.981507,69.1,3.03,-0.1,116.81,12.0,3D,2025-09-24 06:21:34-04:00,POINT (-80.981507 33.990045)
2025-09-23 16:00:32 UTC,sensor01,218208153,19.86,95.17,2025-09-24 10:21:39+00:00,33.989988,-80.981328,69.4,3.21,-0.2,110.66,12.0,3D,2025-09-24 06:21:39-04:00,POINT (-80.981328 33.989988)
2025-09-23 16:00:37 UTC,sensor01,218208153,19.85,95.1,2025-09-24 10:21:44+00:00,33.989928,-80.981155,66.6,2.37,-1.5,112.01,12.0,3D,2025-09-24 06:21:44-04:00,POINT (-80.981155 33.989928)
2025-09-23 16:00:52 UTC,sensor01,218208153,19.88,95.07,2025-09-24 10:21:59+00:00,33.989983,-80.980883,64.8,3.56,-0.3,37.8,12.0,3D,2025-09-24 06:21:59-04:00,POINT (-80.980883 33.989983)
2025-09-23 16:00:57 UTC,sensor01,218208153,19.85,94.9,2025-09-24 10:22:04+00:00,33.990123,-80.980783,62.1,4.89,-0.4,27.73,12.0,3D,2025-09-24 06:22:04-04:00,POINT (-80.980783 33.990123)
2025-09-23 16:01:02 UTC,sensor01,218208153,19.86,94.92,2025-09-24 10:22:10+00:00,33.990452,-80.980577,60.3,8.03,-0.2,0.0,12.0,3D,2025-09-24 06:22:10-04:00,POINT (-80.980577 33.990452)
2025-09-23 16:01:07 UTC,sensor01,218208153,19.87,94.92,2025-09-24 10:22:15+00:00,33.990797,-80.980392,60.4,8.47,0.2,0.0,12.0,3D,2025-09-24 06:22:15-04:00,POINT (-80.980392 33.990797)
2025-09-23 16:01:12 UTC,sensor01,218208153,19.88,94.91,2025-09-24 10:22:20+00:00,33.991147,-80.980207,63.0,8.98,0.4,0.0,12.0,3D,2025-09-24 06:22:20-04:00,POINT (-80.980207 33.991147)
2025-09-23 16:01:17 UTC,sensor01,218208153,19.91,94.75,2025-09-24 10:22:25+00:00,33.991517,-80.980013,65.0,8.9,0.5,23.14,12.0,3D,2025-09-24 06:22:25-04:00,POINT (-80.980013 33.991517)
2025-09-23 16:01:22 UTC,sensor01,218208153,19.96,94.59,2025-09-24 10:22:30+00:00,33.991862,-80.979825,66.5,7.66,0.2,24.53,12.0,3D,2025-09-24 06:22:30-04:00,POINT (-80.979825 33.991862)
2025-09-23 16:01:27 UTC,sensor01,218208153,20.0,94.27,2025-09-24 10:22:35+00:00,33.99218,-80.979648,68.1,6.9,0.3,25.44,12.0,3D,2025-09-24 06:22:35-04:00,POINT (-80.979648 33.99218)
2025-09-23 16:01:33 UTC,sensor01,218208153,20.02,94.08,2025-09-24 10:22:40+00:00,33.992395,-80.979528,68.2,2.32,-0.1,17.13,12.0,3D,2025-09-24 06:22:40-04:00,POINT (-80.979528 33.992395)
2025-09-23 16:02:58 UTC,sensor01,218208153,20.06,93.53,2025-09-24 10:24:06+00:00,33.99261,-80.979433,68.6,5.44,0.1,0.0,12.0,3D,2025-09-24 06:24:06-04:00,POINT (-80.979433 33.99261)
2025-09-23 16:03:03 UTC,sensor01,218208153,20.05,93.52,2025-09-24 10:24:11+00:00,33.992892,-80.979283,68.2,7.97,-0.3,0.0,12.0,3D,2025-09-24 06:24:11-04:00,POINT (-80.979283 33.992892)
2025-09-23 16:03:08 UTC,sensor01,218208153,20.0,93.44,2025-09-24 10:24:16+00:00,33.993197,-80.979093,67.1,7.17,-0.2,0.0,4.0,3D,2025-09-24 06:24:16-04:00,POINT (-80.979093 33.993197)
2025-09-23 16:03:13 UTC,sensor01,218208153,19.98,93.26,2025-09-24 10:24:21+00:00,33.993497,-80.978933,67.3,8.12,-0.2,0.0,4.0,3D,2025-09-24 06:24:21-04:00,POINT (-80.978933 33.993497)
2025-09-23 16:03:18 UTC,sensor01,218208153,19.95,93.36,2025-09-24 10:24:26+00:00,33.993847,-80.978757,68.2,8.53,0.2,0.0,8.0,3D,2025-09-24 06:24:26-04:00,POINT (-80.978757 33.993847)
2025-09-23 16:03:24 UTC,sensor01,218208153,19.93,93.48,2025-09-24 10:24:31+00:00,33.994217,-80.978567,70.3,9.1,0.3,0.0,12.0,3D,2025-09-24 06:24:31-04:00,POINT (-80.978567 33.994217)
2025-09-23 16:03:29 UTC,sensor01,218208153,19.94,93.34,2025-09-24 10:24:36+00:00,33.994588,-80.978377,71.1,8.58,-0.1,23.6,12.0,3D,2025-09-24 06:24:36-04:00,POINT (-80.978377 33.994588)
2025-09-23 16:03:34 UTC,sensor01,218208153,19.94,93.2,2025-09-24 10:24:41+00:00,33.994943,-80.978188,71.0,8.43,-0.1,25.95,12.0,3D,2025-09-24 06:24:41-04:00,POINT (-80.978188 33.994943)
2025-09-23 16:03:39 UTC,sensor01,218208153,19.93,93.08,2025-09-24 10:24:46+00:00,33.995293,-80.977988,71.4,8.83,0.2,22.82,12.0,3D,2025-09-24 06:24:46-04:00,POINT (-80.977988 33.995293)
2025-09-23 16:03:44 UTC,sensor01,218208153,19.9,93.14,2025-09-24 10:24:51+00:00,33.995665,-80.977812,73.3,9.28,0.1,24.47,12.0,3D,2025-09-24 06:24:51-04:00,POINT (-80.977812 33.995665)
2025-09-23 16:03:49 UTC,sensor01,218208153,19.92,93.18,2025-09-24 10:24:56+00:00,33.996033,-80.977633,73.7,8.76,0.2,17.51,12.0,3D,2025-09-24 06:24:56-04:00,POINT (-80.977633 33.996033)
2025-09-23 16:03:54 UTC,sensor01,218208153,19.91,93.29,2025-09-24 10:25:01+00:00,33.996362,-80.977463,73.9,7.44,0.1,17.81,12.0,3D,2025-09-24 06:25:01-04:00,POINT (-80.977463 33.996362)
2025-09-23 16:03:59 UTC,sensor01,218208153,19.91,93.33,2025-09-24 10:25:06+00:00,33.996658,-80.97739,73.1,5.16,-0.5,13.88,12.0,3D,2025-09-24 06:25:06-04:00,POINT (-80.97739 33.996658)
2025-09-23 16:04:04 UTC,sensor01,218208153,19.9,93.39,2025-09-24 10:25:11+00:00,33.996862,-80.977313,73.7,3.68,0.1,11.19,12.0,3D,2025-09-24 06:25:11-04:00,POINT (-80.977313 33.996862)
2025-09-23 16:04:09 UTC,sensor01,218208153,19.93,93.4,2025-09-24 10:25:16+00:00,33.997017,-80.977265,71.9,2.96,0.3,30.41,12.0,3D,2025-09-24 06:25:16-04:00,POINT (-80.977265 33.997017)
2025-09-23 16:04:14 UTC,sensor01,218208153,19.95,93.42,2025-09-24 10:25:21+00:00,33.997147,-80.977105,73.6,3.96,-0.1,47.19,12.0,3D,2025-09-24 06:25:21-04:00,POINT (-80.977105 33.997147)
2025-09-23 16:04:19 UTC,sensor01,218208153,19.92,93.13,2025-09-24 10:25:26+00:00,33.99726,-80.976938,73.2,4.02,0.0,63.15,12.0,3D,2025-09-24 06:25:26-04:00,POINT (-80.976938 33.99726)
2025-09-23 16:04:24 UTC,sensor01,218208153,19.93,92.79,2025-09-24 10:25:31+00:00,33.997347,-80.976747,73.8,3.79,0.1,62.27,12.0,3D,2025-09-24 06:25:31-04:00,POINT (-80.976747 33.997347)
2025-09-23 16:04:29 UTC,sensor01,218208153,19.89,92.79,2025-09-24 10:25:36+00:00,33.997427,-80.97655,75.0,4.31,0.1,62.63,12.0,3D,2025-09-24 06:25:36-04:00,POINT (-80.97655 33.997427)
2025-09-23 16:04:34 UTC,sensor01,218208153,19.86,92.73,2025-09-24 10:25:41+00:00,33.997537,-80.976352,73.5,4.21,-0.6,67.81,12.0,3D,2025-09-24 06:25:41-04:00,POINT (-80.976352 33.997537)
2025-09-23 16:04:39 UTC,sensor01,218208153,19.84,92.86,2025-09-24 10:25:47+00:00,33.9976,-80.976143,72.9,2.63,-0.1,0.0,12.0,3D,2025-09-24 06:25:47-04:00,POINT (-80.976143 33.9976)
2025-09-23 16:04:44 UTC,sensor01,218208153,19.84,93.05,2025-09-24 10:25:52+00:00,33.997627,-80.976062,73.1,2.34,0.0,0.0,12.0,3D,2025-09-24 06:25:52-04:00,POINT (-80.976062 33.997627)
2025-09-23 16:04:49 UTC,sensor01,218208153,19.85,93.24,2025-09-24 10:25:57+00:00,33.997515,-80.975915,73.4,4.44,0.1,0.0,12.0,3D,2025-09-24 06:25:57-04:00,POINT (-80.975915 33.997515)
2025-09-23 16:04:54 UTC,sensor01,218208153,19.81,93.28,2025-09-24 10:26:02+00:00,33.997325,-80.975818,73.0,4.73,0.0,160.83,12.0,3D,2025-09-24 06:26:02-04:00,POINT (-80.975818 33.997325)
2025-09-23 16:04:59 UTC,sensor01,218208153,19.81,93.3,2025-09-24 10:26:07+00:00,33.997122,-80.975723,73.0,4.55,0.0,159.18,12.0,3D,2025-09-24 06:26:07-04:00,POINT (-80.975723 33.997122)
2025-09-23 16:05:04 UTC,sensor01,218208153,19.8,93.49,2025-09-24 10:26:12+00:00,33.996933,-80.975647,73.8,4.69,0.2,165.62,12.0,3D,2025-09-24 06:26:12-04:00,POINT (-80.975647 33.996933)
2025-09-23 16:05:09 UTC,sensor01,218208153,19.78,93.49,2025-09-24 10:26:17+00:00,33.996687,-80.97557,73.9,5.88,-0.2,167.03,12.0,3D,2025-09-24 06:26:17-04:00,POINT (-80.97557 33.996687)
2025-09-23 16:05:15 UTC,sensor01,218208153,19.76,93.41,2025-09-24 10:26:22+00:00,33.9964,-80.975497,75.4,6.27,0.5,167.3,12.0,3D,2025-09-24 06:26:22-04:00,POINT (-80.975497 33.9964)
2025-09-23 16:05:20 UTC,sensor01,218208153,19.75,93.49,2025-09-24 10:26:27+00:00,33.99613,-80.975445,76.8,5.93,0.1,173.11,12.0,3D,2025-09-24 06:26:27-04:00,POINT (-80.975445 33.99613)
2025-09-23 16:05:25 UTC,sensor01,218208153,19.74,93.59,2025-09-24 10:26:32+00:00,33.995875,-80.975415,77.1,5.28,-0.1,172.01,12.0,3D,2025-09-24 06:26:32-04:00,POINT (-80.975415 33.995875)
2025-09-23 16:05:30 UTC,sensor01,218208153,19.72,93.73,2025-09-24 10:26:37+00:00,33.995648,-80.97538,76.8,4.64,-0.1,174.34,12.0,3D,2025-09-24 06:26:37-04:00,POINT (-80.97538 33.995648)
2025-09-23 16:05:35 UTC,sensor01,218208153,19.71,93.71,2025-09-24 10:26:42+00:00,33.995475,-80.975363,75.8,3.42,-0.3,179.34,12.0,3D,2025-09-24 06:26:42-04:00,POINT (-80.975363 33.995475)
2025-09-23 16:05:40 UTC,sensor01,218208153,19.7,93.73,2025-09-24 10:26:47+00:00,33.995332,-80.97537,75.1,3.09,-0.2,188.43,12.0,3D,2025-09-24 06:26:47-04:00,POINT (-80.97537 33.995332)
2025-09-23 16:05:50 UTC,sensor01,218208153,19.72,93.92,2025-09-24 10:26:57+00:00,33.995197,-80.975368,74.3,2.34,-0.6,174.64,12.0,3D,2025-09-24 06:26:57-04:00,POINT (-80.975368 33.995197)
2025-09-23 16:05:55 UTC,sensor01,218208153,19.69,93.94,2025-09-24 10:27:02+00:00,33.9951,-80.975287,74.4,2.32,0.1,115.32,12.0,3D,2025-09-24 06:27:02-04:00,POINT (-80.975287 33.9951)
2025-09-23 16:06:00 UTC,sensor01,218208153,19.69,93.8,2025-09-24 10:27:07+00:00,33.99513,-80.97512,74.3,3.98,0.0,59.14,12.0,3D,2025-09-24 06:27:07-04:00,POINT (-80.97512 33.99513)
2025-09-23 16:06:05 UTC,sensor01,218208153,19.68,93.25,2025-09-24 10:27:12+00:00,33.995265,-80.974972,73.9,3.94,-0.2,35.04,12.0,3D,2025-09-24 06:27:12-04:00,POINT (-80.974972 33.995265)
2025-09-23 16:06:10 UTC,sensor01,218208153,19.68,93.19,2025-09-24 10:27:17+00:00,33.995423,-80.974848,72.7,4.02,-0.3,32.4,12.0,3D,2025-09-24 06:27:17-04:00,POINT (-80.974848 33.995423)
2025-09-23 16:06:15 UTC,sensor01,218208153,19.64,93.33,2025-09-24 10:27:22+00:00,33.995582,-80.974717,70.6,3.79,-0.2,31.83,12.0,3D,2025-09-24 06:27:22-04:00,POINT (-80.974717 33.995582)
2025-09-23 16:06:20 UTC,sensor01,218208153,19.62,93.29,2025-09-24 10:27:27+00:00,33.995735,-80.974592,69.4,4.25,-0.1,33.16,12.0,3D,2025-09-24 06:27:27-04:00,POINT (-80.974592 33.995735)
2025-09-23 16:06:25 UTC,sensor01,218208153,19.61,93.66,2025-09-24 10:27:32+00:00,33.995912,-80.974465,67.8,4.59,-0.2,29.14,12.0,3D,2025-09-24 06:27:32-04:00,POINT (-80.974465 33.995912)
2025-09-23 16:06:30 UTC,sensor01,218208153,19.6,93.97,2025-09-24 10:27:38+00:00,33.99612,-80.974328,66.8,4.44,-0.2,0.0,12.0,3D,2025-09-24 06:27:38-04:00,POINT (-80.974328 33.99612)
2025-09-23 16:06:35 UTC,sensor01,218208153,19.57,93.5,2025-09-24 10:27:43+00:00,33.99628,-80.97422,65.7,4.21,-0.4,0.0,12.0,3D,2025-09-24 06:27:43-04:00,POINT (-80.97422 33.99628)
2025-09-23 16:06:40 UTC,sensor01,218208153,19.57,93.69,2025-09-24 10:27:48+00:00,33.996443,-80.974102,64.8,4.06,-0.2,27.95,12.0,3D,2025-09-24 06:27:48-04:00,POINT (-80.974102 33.996443)
2025-09-23 16:06:45 UTC,sensor01,218208153,19.57,94.05,2025-09-24 10:27:53+00:00,33.996597,-80.974003,63.9,3.86,-0.2,27.81,12.0,3D,2025-09-24 06:27:53-04:00,POINT (-80.974003 33.996597)
2025-09-23 16:06:50 UTC,sensor01,218208153,19.54,93.97,2025-09-24 10:27:58+00:00,33.996745,-80.973902,63.2,3.45,-0.1,31.08,12.0,3D,2025-09-24 06:27:58-04:00,POINT (-80.973902 33.996745)
2025-09-23 16:07:06 UTC,sensor01,218208153,19.59,94.34,2025-09-24 10:28:13+00:00,33.996848,-80.973567,65.9,3.33,0.0,117.51,12.0,3D,2025-09-24 06:28:13-04:00,POINT (-80.973567 33.996848)
2025-09-23 16:07:11 UTC,sensor01,218208153,19.56,94.01,2025-09-24 10:28:18+00:00,33.996758,-80.973342,64.6,5.1,-0.2,120.05,12.0,3D,2025-09-24 06:28:18-04:00,POINT (-80.973342 33.996758)
2025-09-23 16:07:16 UTC,sensor01,218208153,19.54,93.71,2025-09-24 10:28:23+00:00,33.996633,-80.973128,64.2,4.74,-0.1,133.39,12.0,3D,2025-09-24 06:28:23-04:00,POINT (-80.973128 33.996633)
2025-09-23 16:07:21 UTC,sensor01,218208153,19.55,93.81,2025-09-24 10:28:28+00:00,33.996485,-80.972943,63.6,4.89,0.0,136.16,12.0,3D,2025-09-24 06:28:28-04:00,POINT (-80.972943 33.996485)
2025-09-23 16:07:26 UTC,sensor01,218208153,19.53,93.77,2025-09-24 10:28:33+00:00,33.996325,-80.972743,63.3,4.95,0.0,137.86,12.0,3D,2025-09-24 06:28:33-04:00,POINT (-80.972743 33.996325)
2025-09-23 16:07:31 UTC,sensor01,218208153,19.54,93.69,2025-09-24 10:28:38+00:00,33.99616,-80.972543,63.0,4.86,-0.1,134.96,12.0,3D,2025-09-24 06:28:38-04:00,POINT (-80.972543 33.99616)
2025-09-23 16:07:36 UTC,sensor01,218208153,19.53,93.39,2025-09-24 10:28:43+00:00,33.996005,-80.97235,62.8,4.83,0.1,135.14,12.0,3D,2025-09-24 06:28:43-04:00,POINT (-80.97235 33.996005)
2025-09-23 16:07:41 UTC,sensor01,218208153,19.52,93.45,2025-09-24 10:28:48+00:00,33.995853,-80.972173,62.5,4.62,0.0,138.13,12.0,3D,2025-09-24 06:28:48-04:00,POINT (-80.972173 33.995853)
2025-09-23 16:07:46 UTC,sensor01,218208153,19.51,93.53,2025-09-24 10:28:53+00:00,33.995715,-80.97201,62.1,3.9,-0.1,133.99,12.0,3D,2025-09-24 06:28:53-04:00,POINT (-80.97201 33.995715)
2025-09-23 16:07:51 UTC,sensor01,218208153,19.52,93.52,2025-09-24 10:28:58+00:00,33.9956,-80.971862,61.9,3.12,0.0,131.98,12.0,3D,2025-09-24 06:28:58-04:00,POINT (-80.971862 33.9956)
2025-09-23 16:07:56 UTC,sensor01,218208153,19.54,93.38,2025-09-24 10:29:03+00:00,33.995543,-80.971755,61.3,2.83,-0.1,106.78,12.0,3D,2025-09-24 06:29:03-04:00,POINT (-80.971755 33.995543)
2025-09-23 16:08:01 UTC,sensor01,218208153,19.53,93.27,2025-09-24 10:29:08+00:00,33.995595,-80.97158,60.1,4.24,-0.5,44.88,12.0,3D,2025-09-24 06:29:08-04:00,POINT (-80.97158 33.995595)
2025-09-23 16:08:06 UTC,sensor01,218208153,19.53,93.22,2025-09-24 10:29:13+00:00,33.995738,-80.971412,58.3,3.79,-0.2,41.56,12.0,3D,2025-09-24 06:29:13-04:00,POINT (-80.971412 33.995738)
2025-09-23 16:08:11 UTC,sensor01,218208153,19.52,93.03,2025-09-24 10:29:19+00:00,33.995913,-80.971205,57.1,4.88,-0.3,0.0,12.0,3D,2025-09-24 06:29:19-04:00,POINT (-80.971205 33.995913)
2025-09-23 16:08:16 UTC,sensor01,218208153,19.49,92.95,2025-09-24 10:29:24+00:00,33.996068,-80.971023,56.2,4.53,-0.1,0.0,12.0,3D,2025-09-24 06:29:24-04:00,POINT (-80.971023 33.996068)
2025-09-23 16:08:21 UTC,sensor01,218208153,19.48,92.83,2025-09-24 10:29:29+00:00,33.996205,-80.970868,55.4,4.05,-0.3,0.0,12.0,3D,2025-09-24 06:29:29-04:00,POINT (-80.970868 33.996205)
2025-09-23 16:08:26 UTC,sensor01,218208153,19.46,92.62,2025-09-24 10:29:34+00:00,33.996338,-80.970768,54.8,3.23,-0.1,7.17,12.0,3D,2025-09-24 06:29:34-04:00,POINT (-80.970768 33.996338)
2025-09-23 16:08:31 UTC,sensor01,218208153,19.48,92.57,2025-09-24 10:29:39+00:00,33.996468,-80.970837,55.1,3.73,0.0,312.16,12.0,3D,2025-09-24 06:29:39-04:00,POINT (-80.970837 33.996468)
2025-09-23 16:08:36 UTC,sensor01,218208153,19.48,92.72,2025-09-24 10:29:44+00:00,33.996588,-80.970995,55.3,4.14,0.1,310.47,12.0,3D,2025-09-24 06:29:44-04:00,POINT (-80.970995 33.996588)
2025-09-23 16:08:42 UTC,sensor01,218208153,19.45,92.9,2025-09-24 10:29:49+00:00,33.996733,-80.971182,55.2,4.82,0.0,313.16,12.0,3D,2025-09-24 06:29:49-04:00,POINT (-80.971182 33.996733)
2025-09-23 16:08:47 UTC,sensor01,218208153,19.48,93.14,2025-09-24 10:29:54+00:00,33.996887,-80.97138,55.1,5.06,-0.2,310.46,12.0,3D,2025-09-24 06:29:54-04:00,POINT (-80.97138 33.996887)
2025-09-23 16:08:52 UTC,sensor01,218208153,19.48,93.49,2025-09-24 10:29:59+00:00,33.997052,-80.971605,55.8,5.6,0.2,311.72,12.0,3D,2025-09-24 06:29:59-04:00,POINT (-80.971605 33.997052)
2025-09-23 16:08:57 UTC,sensor01,218208153,19.48,93.77,2025-09-24 10:30:04+00:00,33.997213,-80.971822,57.3,5.5,0.3,312.32,12.0,3D,2025-09-24 06:30:04-04:00,POINT (-80.971822 33.997213)
2025-09-23 16:09:02 UTC,sensor01,218208153,19.46,94.03,2025-09-24 10:30:09+00:00,33.997377,-80.972042,58.4,5.45,0.4,310.68,12.0,3D,2025-09-24 06:30:09-04:00,POINT (-80.972042 33.997377)
2025-09-23 16:09:07 UTC,sensor01,218208153,19.5,94.38,2025-09-24 10:30:14+00:00,33.997538,-80.972275,60.9,5.59,0.8,309.24,12.0,3D,2025-09-24 06:30:14-04:00,POINT (-80.972275 33.997538)
2025-09-23 16:09:12 UTC,sensor01,218208153,19.53,94.66,2025-09-24 10:30:19+00:00,33.997677,-80.972497,62.5,5.33,0.1,302.03,12.0,3D,2025-09-24 06:30:19-04:00,POINT (-80.972497 33.997677)
2025-09-23 16:09:17 UTC,sensor01,218208153,19.52,94.71,2025-09-24 10:30:24+00:00,33.997807,-80.97276,63.8,5.42,0.2,298.25,12.0,3D,2025-09-24 06:30:24-04:00,POINT (-80.97276 33.997807)
2025-09-23 16:09:22 UTC,sensor01,218208153,19.53,94.72,2025-09-24 10:30:29+00:00,33.997918,-80.973012,65.1,5.11,0.2,298.66,12.0,3D,2025-09-24 06:30:29-04:00,POINT (-80.973012 33.997918)
2025-09-23 16:09:27 UTC,sensor01,218208153,19.52,94.63,2025-09-24 10:30:34+00:00,33.998045,-80.973267,64.9,5.46,-0.2,301.74,12.0,3D,2025-09-24 06:30:34-04:00,POINT (-80.973267 33.998045)
2025-09-23 16:09:32 UTC,sensor01,218208153,19.52,94.54,2025-09-24 10:30:39+00:00,33.998182,-80.973507,64.7,4.78,-0.4,305.66,12.0,3D,2025-09-24 06:30:39-04:00,POINT (-80.973507 33.998182)
2025-09-23 16:09:37 UTC,sensor01,218208153,19.54,94.51,2025-09-24 10:30:44+00:00,33.998325,-80.973712,64.8,5.17,-0.4,316.34,12.0,3D,2025-09-24 06:30:44-04:00,POINT (-80.973712 33.998325)
2025-09-23 16:09:42 UTC,sensor01,218208153,19.52,94.71,2025-09-24 10:30:49+00:00,33.998502,-80.97388,64.4,5.2,-0.1,326.08,12.0,3D,2025-09-24 06:30:49-04:00,POINT (-80.97388 33.998502)
2025-09-23 16:09:47 UTC,sensor01,218208153,19.53,94.9,2025-09-24 10:30:54+00:00,33.998702,-80.974032,64.7,5.26,0.0,327.72,12.0,3D,2025-09-24 06:30:54-04:00,POINT (-80.974032 33.998702)
2025-09-23 16:09:52 UTC,sensor01,218208153,19.53,95.05,2025-09-24 10:30:59+00:00,33.9989,-80.974172,66.1,5.12,-0.3,326.76,12.0,3D,2025-09-24 06:30:59-04:00,POINT (-80.974172 33.9989)
2025-09-23 16:09:57 UTC,sensor01,218208153,19.54,95.11,2025-09-24 10:31:05+00:00,33.999095,-80.974348,67.1,4.33,0.5,0.0,11.0,3D,2025-09-24 06:31:05-04:00,POINT (-80.974348 33.999095)
2025-09-23 16:10:02 UTC,sensor01,218208153,19.56,95.1,2025-09-24 10:31:10+00:00,33.999253,-80.974525,70.1,4.97,0.9,311.11,11.0,3D,2025-09-24 06:31:10-04:00,POINT (-80.974525 33.999253)
2025-09-23 16:10:07 UTC,sensor01,218208153,19.59,95.07,2025-09-24 10:31:15+00:00,33.999408,-80.974755,72.1,5.51,0.4,307.24,11.0,3D,2025-09-24 06:31:15-04:00,POINT (-80.974755 33.999408)
2025-09-23 16:10:12 UTC,sensor01,218208153,19.59,94.97,2025-09-24 10:31:20+00:00,33.999552,-80.975015,73.9,5.23,0.3,300.96,11.0,3D,2025-09-24 06:31:20-04:00,POINT (-80.975015 33.999552)
2025-09-23 16:10:18 UTC,sensor01,218208153,19.58,94.98,2025-09-24 10:31:25+00:00,33.999678,-80.97525,74.5,4.86,0.2,301.45,11.0,3D,2025-09-24 06:31:25-04:00,POINT (-80.97525 33.999678)
2025-09-23 16:10:23 UTC,sensor01,218208153,19.58,94.91,2025-09-24 10:31:30+00:00,33.999798,-80.975512,74.9,5.17,0.0,298.78,11.0,3D,2025-09-24 06:31:30-04:00,POINT (-80.975512 33.999798)
2025-09-23 16:10:28 UTC,sensor01,218208153,19.58,94.81,2025-09-24 10:31:35+00:00,33.999908,-80.975757,74.6,4.53,-0.3,298.46,11.0,3D,2025-09-24 06:31:35-04:00,POINT (-80.975757 33.999908)
2025-09-23 16:10:33 UTC,sensor01,218208153,19.59,95.04,2025-09-24 10:31:40+00:00,33.999998,-80.975943,75.0,2.76,-0.1,304.53,11.0,3D,2025-09-24 06:31:40-04:00,POINT (-80.975943 33.999998)
2025-09-23 16:10:38 UTC,sensor01,218208153,19.59,95.15,2025-09-24 10:31:45+00:00,34.000087,-80.975977,76.5,2.58,0.2,23.33,11.0,3D,2025-09-24 06:31:45-04:00,POINT (-80.975977 34.000087)
2025-09-23 16:10:43 UTC,sensor01,218208153,19.61,95.1,2025-09-24 10:31:50+00:00,34.000217,-80.975855,77.1,4.41,0.0,38.17,11.0,3D,2025-09-24 06:31:50-04:00,POINT (-80.975855 34.000217)
2025-09-23 16:10:48 UTC,sensor01,218208153,19.61,94.98,2025-09-24 10:31:55+00:00,34.000377,-80.975697,76.8,4.35,0.1,40.91,11.0,3D,2025-09-24 06:31:55-04:00,POINT (-80.975697 34.000377)
2025-09-23 16:10:53 UTC,sensor01,218208153,19.6,94.79,2025-09-24 10:32:00+00:00,34.000538,-80.975553,76.4,4.14,0.1,36.86,11.0,3D,2025-09-24 06:32:00-04:00,POINT (-80.975553 34.000538)
2025-09-23 16:11:13 UTC,sensor01,218208153,19.59,94.67,2025-09-24 10:32:20+00:00,34.000737,-80.975302,77.6,2.33,0.1,113.55,11.0,3D,2025-09-24 06:32:20-04:00,POINT (-80.975302 34.000737)
2025-09-23 16:11:18 UTC,sensor01,218208153,19.59,94.68,2025-09-24 10:32:25+00:00,34.000642,-80.975137,76.7,4.7,-0.4,128.08,11.0,3D,2025-09-24 06:32:25-04:00,POINT (-80.975137 34.000642)
2025-09-23 16:11:23 UTC,sensor01,218208153,19.58,94.57,2025-09-24 10:32:30+00:00,34.000497,-80.974898,74.9,5.25,-0.2,127.16,11.0,3D,2025-09-24 06:32:30-04:00,POINT (-80.974898 34.000497)
2025-09-23 16:11:28 UTC,sensor01,218208153,19.59,94.5,2025-09-24 10:32:35+00:00,34.000357,-80.97466,72.7,4.91,-0.2,127.04,11.0,3D,2025-09-24 06:32:35-04:00,POINT (-80.97466 34.000357)
2025-09-23 16:11:33 UTC,sensor01,218208153,19.62,94.64,2025-09-24 10:32:40+00:00,34.000225,-80.97445,72.3,4.42,0.1,125.34,11.0,3D,2025-09-24 06:32:40-04:00,POINT (-80.97445 34.000225)
2025-09-23 16:11:38 UTC,sensor01,218208153,19.61,94.68,2025-09-24 10:32:46+00:00,34.000162,-80.97426,72.2,2.38,-0.1,0.0,11.0,3D,2025-09-24 06:32:46-04:00,POINT (-80.97426 34.000162)
2025-09-23 16:11:43 UTC,sensor01,218208153,19.61,94.55,2025-09-24 10:32:51+00:00,34.000232,-80.974153,72.3,3.37,0.4,0.0,11.0,3D,2025-09-24 06:32:51-04:00,POINT (-80.974153 34.000232)
2025-09-23 16:11:48 UTC,sensor01,218208153,19.59,94.5,2025-09-24 10:32:56+00:00,34.00037,-80.97402,72.6,3.99,0.1,0.0,11.0,3D,2025-09-24 06:32:56-04:00,POINT (-80.97402 34.00037)
2025-09-23 16:11:53 UTC,sensor01,218208153,19.59,94.44,2025-09-24 10:33:01+00:00,34.000505,-80.973873,72.7,3.95,0.2,0.0,4.0,3D,2025-09-24 06:33:01-04:00,POINT (-80.973873 34.000505)
2025-09-23 16:11:58 UTC,sensor01,218208153,19.63,94.54,2025-09-24 10:33:06+00:00,34.000607,-80.973738,73.2,3.31,0.2,0.0,8.0,3D,2025-09-24 06:33:06-04:00,POINT (-80.973738 34.000607)
2025-09-23 16:12:03 UTC,sensor01,218208153,19.65,94.63,2025-09-24 10:33:11+00:00,34.000722,-80.973613,71.9,3.18,0.2,0.0,8.0,3D,2025-09-24 06:33:11-04:00,POINT (-80.973613 34.000722)
2025-09-23 16:12:09 UTC,sensor01,218208153,19.61,94.6,2025-09-24 10:33:16+00:00,34.000867,-80.973505,72.9,4.08,-0.9,0.0,11.0,3D,2025-09-24 06:33:16-04:00,POINT (-80.973505 34.000867)
2025-09-23 16:12:14 UTC,sensor01,218208153,19.65,94.37,2025-09-24 10:33:21+00:00,34.000895,-80.973372,74.0,2.8,0.1,0.0,11.0,3D,2025-09-24 06:33:21-04:00,POINT (-80.973372 34.000895)
2025-09-23 16:12:19 UTC,sensor01,218208153,19.66,94.64,2025-09-24 10:33:26+00:00,34.00082,-80.973212,75.2,4.06,0.2,127.24,11.0,3D,2025-09-24 06:33:26-04:00,POINT (-80.973212 34.00082)
2025-09-23 16:12:24 UTC,sensor01,218208153,19.66,94.97,2025-09-24 10:33:31+00:00,34.00069,-80.973018,76.7,5.0,0.6,126.69,11.0,3D,2025-09-24 06:33:31-04:00,POINT (-80.973018 34.00069)
2025-09-23 16:12:29 UTC,sensor01,218208153,19.65,94.92,2025-09-24 10:33:36+00:00,34.000557,-80.972818,77.9,4.58,0.1,131.62,11.0,3D,2025-09-24 06:33:36-04:00,POINT (-80.972818 34.000557)
2025-09-23 16:12:34 UTC,sensor01,218208153,19.64,94.84,2025-09-24 10:33:41+00:00,34.000433,-80.97263,78.6,4.59,0.4,126.84,11.0,3D,2025-09-24 06:33:41-04:00,POINT (-80.97263 34.000433)
2025-09-23 16:12:39 UTC,sensor01,218208153,19.68,94.8,2025-09-24 10:33:46+00:00,34.000307,-80.972438,78.8,4.49,0.2,130.46,11.0,3D,2025-09-24 06:33:46-04:00,POINT (-80.972438 34.000307)
2025-09-23 16:12:44 UTC,sensor01,218208153,19.65,94.78,2025-09-24 10:33:51+00:00,34.000183,-80.972257,79.3,4.13,0.0,129.58,11.0,3D,2025-09-24 06:33:51-04:00,POINT (-80.972257 34.000183)
2025-09-23 16:12:49 UTC,sensor01,218208153,19.66,94.83,2025-09-24 10:33:56+00:00,34.00009,-80.97206,77.8,4.14,-0.3,110.34,11.0,3D,2025-09-24 06:33:56-04:00,POINT (-80.97206 34.00009)
2025-09-23 16:12:54 UTC,sensor01,218208153,19.66,94.86,2025-09-24 10:34:01+00:00,34.000052,-80.97183,70.0,4.14,0.1,99.65,11.0,3D,2025-09-24 06:34:01-04:00,POINT (-80.97183 34.000052)
2025-09-23 16:12:59 UTC,sensor01,218208153,19.68,95.0,2025-09-24 10:34:06+00:00,34.000058,-80.971612,68.9,4.02,-0.1,79.89,11.0,3D,2025-09-24 06:34:06-04:00,POINT (-80.971612 34.000058)
2025-09-23 16:13:04 UTC,sensor01,218208153,19.66,94.92,2025-09-24 10:34:11+00:00,34.000132,-80.971388,67.8,3.89,-0.2,61.69,11.0,3D,2025-09-24 06:34:11-04:00,POINT (-80.971388 34.000132)
2025-09-23 16:13:09 UTC,sensor01,218208153,19.64,94.96,2025-09-24 10:34:16+00:00,34.000235,-80.971203,67.2,3.47,-0.1,58.01,11.0,3D,2025-09-24 06:34:16-04:00,POINT (-80.971203 34.000235)
2025-09-23 16:13:14 UTC,sensor01,218208153,19.65,95.15,2025-09-24 10:34:21+00:00,34.000358,-80.971048,66.7,3.95,-0.2,38.87,11.0,3D,2025-09-24 06:34:21-04:00,POINT (-80.971048 34.000358)
2025-09-23 16:13:19 UTC,sensor01,218208153,19.68,95.59,2025-09-24 10:34:26+00:00,34.000502,-80.970903,66.8,3.49,0.2,43.62,11.0,3D,2025-09-24 06:34:26-04:00,POINT (-80.970903 34.000502)
2025-09-23 16:13:24 UTC,sensor01,218208153,19.7,95.87,2025-09-24 10:34:32+00:00,34.000635,-80.970762,66.8,3.31,0.1,0.0,11.0,3D,2025-09-24 06:34:32-04:00,POINT (-80.970762 34.000635)
2025-09-23 16:13:29 UTC,sensor01,218208153,19.72,96.07,2025-09-24 10:34:37+00:00,34.000718,-80.970617,67.7,3.59,0.1,0.0,11.0,3D,2025-09-24 06:34:37-04:00,POINT (-80.970617 34.000718)
2025-09-23 16:13:34 UTC,sensor01,218208153,19.72,96.04,2025-09-24 10:34:42+00:00,34.000815,-80.970367,72.0,4.9,0.1,0.0,11.0,3D,2025-09-24 06:34:42-04:00,POINT (-80.970367 34.000815)
2025-09-23 16:13:39 UTC,sensor01,218208153,19.69,95.9,2025-09-24 10:34:47+00:00,34.000922,-80.970132,72.2,4.39,0.0,65.58,11.0,3D,2025-09-24 06:34:47-04:00,POINT (-80.970132 34.000922)
2025-09-23 16:13:44 UTC,sensor01,218208153,19.72,95.7,2025-09-24 10:34:52+00:00,34.001032,-80.969925,73.1,5.05,0.5,51.57,10.0,3D,2025-09-24 06:34:52-04:00,POINT (-80.969925 34.001032)
2025-09-23 16:13:49 UTC,sensor01,218208153,19.73,95.74,2025-09-24 10:34:57+00:00,34.001175,-80.969748,73.3,4.18,0.0,39.51,10.0,3D,2025-09-24 06:34:57-04:00,POINT (-80.969748 34.001175)
2025-09-23 16:13:55 UTC,sensor01,218208153,19.74,95.79,2025-09-24 10:35:02+00:00,34.001348,-80.969592,75.7,4.67,1.7,21.62,10.0,3D,2025-09-24 06:35:02-04:00,POINT (-80.969592 34.001348)
2025-09-23 16:14:00 UTC,sensor01,218208153,19.75,95.81,2025-09-24 10:35:07+00:00,34.001542,-80.969537,76.9,4.36,0.3,2.63,10.0,3D,2025-09-24 06:35:07-04:00,POINT (-80.969537 34.001542)
2025-09-23 16:14:05 UTC,sensor01,218208153,19.74,95.97,2025-09-24 10:35:12+00:00,34.00173,-80.969573,77.2,3.68,0.1,345.68,10.0,3D,2025-09-24 06:35:12-04:00,POINT (-80.969573 34.00173)
2025-09-23 16:14:10 UTC,sensor01,218208153,19.72,95.75,2025-09-24 10:35:17+00:00,34.001902,-80.969655,77.8,4.45,0.1,336.63,10.0,3D,2025-09-24 06:35:17-04:00,POINT (-80.969655 34.001902)
2025-09-23 16:14:15 UTC,sensor01,218208153,19.75,95.91,2025-09-24 10:35:22+00:00,34.00209,-80.969767,77.0,3.49,0.0,334.46,10.0,3D,2025-09-24 06:35:22-04:00,POINT (-80.969767 34.00209)
2025-09-23 16:14:20 UTC,sensor01,218208153,19.74,95.92,2025-09-24 10:35:27+00:00,34.002227,-80.96985,76.4,3.2,-0.2,342.56,10.0,3D,2025-09-24 06:35:27-04:00,POINT (-80.96985 34.002227)
2025-09-23 16:14:25 UTC,sensor01,218208153,19.76,95.98,2025-09-24 10:35:32+00:00,34.002388,-80.9699,75.4,3.24,-0.4,347.62,10.0,3D,2025-09-24 06:35:32-04:00,POINT (-80.9699 34.002388)
2025-09-23 16:14:30 UTC,sensor01,218208153,19.74,95.95,2025-09-24 10:35:37+00:00,34.002532,-80.969925,73.9,3.18,-0.1,349.75,10.0,3D,2025-09-24 06:35:37-04:00,POINT (-80.969925 34.002532)
2025-09-23 16:14:35 UTC,sensor01,218208153,19.74,95.72,2025-09-24 10:35:42+00:00,34.002702,-80.969937,72.8,3.94,-0.2,2.29,10.0,3D,2025-09-24 06:35:42-04:00,POINT (-80.969937 34.002702)
2025-09-23 16:14:40 UTC,sensor01,218208153,19.74,95.42,2025-09-24 10:35:47+00:00,34.002895,-80.969935,72.6,3.82,0.0,5.05,10.0,3D,2025-09-24 06:35:47-04:00,POINT (-80.969935 34.002895)
2025-09-23 16:14:45 UTC,sensor01,218208153,19.73,95.49,2025-09-24 10:35:52+00:00,34.003078,-80.96991,73.3,3.6,0.1,12.87,10.0,3D,2025-09-24 06:35:52-04:00,POINT (-80.96991 34.003078)
2025-09-23 16:14:50 UTC,sensor01,218208153,19.73,95.31,2025-09-24 10:35:57+00:00,34.003243,-80.969868,74.0,3.48,0.3,12.79,10.0,3D,2025-09-24 06:35:57-04:00,POINT (-80.969868 34.003243)
2025-09-23 16:14:55 UTC,sensor01,218208153,19.72,95.19,2025-09-24 10:36:02+00:00,34.003375,-80.969818,75.5,2.38,-0.1,18.02,10.0,3D,2025-09-24 06:36:02-04:00,POINT (-80.969818 34.003375)
2025-09-23 16:15:00 UTC,sensor01,218208153,19.7,95.09,2025-09-24 10:36:08+00:00,34.003508,-80.969773,75.8,2.84,-0.3,0.0,10.0,3D,2025-09-24 06:36:08-04:00,POINT (-80.969773 34.003508)
2025-09-23 16:15:05 UTC,sensor01,218208153,19.68,94.99,2025-09-24 10:36:13+00:00,34.003648,-80.969718,75.8,3.2,0.1,0.0,10.0,3D,2025-09-24 06:36:13-04:00,POINT (-80.969718 34.003648)
2025-09-23 16:15:10 UTC,sensor01,218208153,19.67,94.82,2025-09-24 10:36:18+00:00,34.00379,-80.969605,77.5,4.29,0.2,0.0,10.0,3D,2025-09-24 06:36:18-04:00,POINT (-80.969605 34.00379)
2025-09-23 16:15:15 UTC,sensor01,218208153,19.69,95.03,2025-09-24 10:36:23+00:00,34.003925,-80.969475,77.5,2.88,0.0,39.9,10.0,3D,2025-09-24 06:36:23-04:00,POINT (-80.969475 34.003925)
2025-09-23 16:15:20 UTC,sensor01,218208153,19.66,95.1,2025-09-24 10:36:28+00:00,34.004018,-80.969378,76.7,3.13,-0.2,40.53,10.0,3D,2025-09-24 06:36:28-04:00,POINT (-80.969378 34.004018)
2025-09-23 16:15:25 UTC,sensor01,218208153,19.66,94.91,2025-09-24 10:36:33+00:00,34.00415,-80.969227,75.6,4.07,-0.4,45.18,10.0,3D,2025-09-24 06:36:33-04:00,POINT (-80.969227 34.00415)
2025-09-23 16:15:31 UTC,sensor01,218208153,19.61,94.58,2025-09-24 10:36:38+00:00,34.004293,-80.969048,74.2,4.12,-0.2,53.05,10.0,3D,2025-09-24 06:36:38-04:00,POINT (-80.969048 34.004293)
2025-09-23 16:15:41 UTC,sensor01,218208153,19.61,94.32,2025-09-24 10:36:48+00:00,34.004533,-80.968912,72.0,3.73,0.0,340.82,10.0,3D,2025-09-24 06:36:48-04:00,POINT (-80.968912 34.004533)
2025-09-23 16:15:46 UTC,sensor01,218208153,19.6,94.3,2025-09-24 10:36:53+00:00,34.004672,-80.969045,71.8,3.68,0.0,316.31,10.0,3D,2025-09-24 06:36:53-04:00,POINT (-80.969045 34.004672)
2025-09-23 16:15:51 UTC,sensor01,218208153,19.57,94.39,2025-09-24 10:36:58+00:00,34.00479,-80.969175,72.3,3.36,0.2,313.85,10.0,3D,2025-09-24 06:36:58-04:00,POINT (-80.969175 34.00479)
2025-09-23 16:15:56 UTC,sensor01,218208153,19.58,94.28,2025-09-24 10:37:03+00:00,34.004893,-80.96929,73.2,3.18,0.2,316.06,10.0,3D,2025-09-24 06:37:03-04:00,POINT (-80.96929 34.004893)
2025-09-23 16:16:01 UTC,sensor01,218208153,19.55,94.08,2025-09-24 10:37:08+00:00,34.005,-80.969405,74.3,3.58,0.1,315.86,10.0,3D,2025-09-24 06:37:08-04:00,POINT (-80.969405 34.005)
2025-09-23 16:16:06 UTC,sensor01,218208153,19.53,94.04,2025-09-24 10:37:13+00:00,34.005127,-80.969552,75.8,4.13,0.3,315.6,10.0,3D,2025-09-24 06:37:13-04:00,POINT (-80.969552 34.005127)
2025-09-23 16:16:11 UTC,sensor01,218208153,19.53,94.25,2025-09-24 10:37:18+00:00,34.005262,-80.969708,77.3,4.25,0.3,313.95,10.0,3D,2025-09-24 06:37:18-04:00,POINT (-80.969708 34.005262)
2025-09-23 16:16:16 UTC,sensor01,218208153,19.53,94.17,2025-09-24 10:37:23+00:00,34.005382,-80.969868,79.0,3.59,0.4,307.9,10.0,3D,2025-09-24 06:37:23-04:00,POINT (-80.969868 34.005382)
2025-09-23 16:16:21 UTC,sensor01,218208153,19.53,94.13,2025-09-24 10:37:28+00:00,34.005473,-80.970013,79.9,2.45,0.3,305.45,10.0,3D,2025-09-24 06:37:28-04:00,POINT (-80.970013 34.005473)
2025-09-23 16:16:41 UTC,sensor01,218208153,19.5,94.04,2025-09-24 10:37:48+00:00,34.005812,-80.970165,75.0,4.59,-0.2,35.49,10.0,3D,2025-09-24 06:37:48-04:00,POINT (-80.970165 34.005812)
2025-09-23 16:16:46 UTC,sensor01,218208153,19.51,93.86,2025-09-24 10:37:53+00:00,34.005992,-80.970018,73.7,4.49,-0.3,38.03,10.0,3D,2025-09-24 06:37:53-04:00,POINT (-80.970018 34.005992)
2025-09-23 16:16:51 UTC,sensor01,218208153,19.49,94.24,2025-09-24 10:37:59+00:00,34.006207,-80.969873,72.3,4.81,-0.4,0.0,10.0,3D,2025-09-24 06:37:59-04:00,POINT (-80.969873 34.006207)
2025-09-23 16:16:56 UTC,sensor01,218208153,19.5,94.41,2025-09-24 10:38:04+00:00,34.006433,-80.969813,70.6,4.85,-0.4,0.0,10.0,3D,2025-09-24 06:38:04-04:00,POINT (-80.969813 34.006433)
2025-09-23 16:17:01 UTC,sensor01,218208153,19.49,94.43,2025-09-24 10:38:09+00:00,34.006645,-80.969832,68.8,4.45,-0.4,352.55,10.0,3D,2025-09-24 06:38:09-04:00,POINT (-80.969832 34.006645)
2025-09-23 16:17:06 UTC,sensor01,218208153,19.49,94.3,2025-09-24 10:38:14+00:00,34.006878,-80.969893,66.8,5.4,-0.4,343.97,10.0,3D,2025-09-24 06:38:14-04:00,POINT (-80.969893 34.006878)
2025-09-23 16:17:12 UTC,sensor01,218208153,19.48,94.15,2025-09-24 10:38:19+00:00,34.007097,-80.969968,64.9,4.86,-0.2,344.45,10.0,3D,2025-09-24 06:38:19-04:00,POINT (-80.969968 34.007097)
2025-09-23 16:17:17 UTC,sensor01,218208153,19.48,94.01,2025-09-24 10:38:24+00:00,34.007317,-80.970042,63.7,4.56,-0.1,345.02,10.0,3D,2025-09-24 06:38:24-04:00,POINT (-80.970042 34.007317)
2025-09-23 16:17:22 UTC,sensor01,218208153,19.46,93.99,2025-09-24 10:38:29+00:00,34.007518,-80.970103,63.0,4.15,-0.1,344.56,10.0,3D,2025-09-24 06:38:29-04:00,POINT (-80.970103 34.007518)
2025-09-23 16:17:27 UTC,sensor01,218208153,19.45,93.97,2025-09-24 10:38:34+00:00,34.007693,-80.970152,62.1,3.79,0.0,349.39,10.0,3D,2025-09-24 06:38:34-04:00,POINT (-80.970152 34.007693)
2025-09-23 16:17:32 UTC,sensor01,218208153,19.44,93.89,2025-09-24 10:38:39+00:00,34.007852,-80.970193,62.6,3.0,0.1,348.53,10.0,3D,2025-09-24 06:38:39-04:00,POINT (-80.970193 34.007852)
2025-09-23 16:17:47 UTC,sensor01,218208153,19.45,93.64,2025-09-24 10:38:54+00:00,34.00803,-80.970152,62.9,3.2,0.1,57.95,10.0,3D,2025-09-24 06:38:54-04:00,POINT (-80.970152 34.00803)
2025-09-23 16:17:52 UTC,sensor01,218208153,19.44,93.76,2025-09-24 10:38:59+00:00,34.008085,-80.969972,63.2,3.16,0.0,71.37,10.0,3D,2025-09-24 06:38:59-04:00,POINT (-80.969972 34.008085)
2025-09-23 16:17:57 UTC,sensor01,218208153,19.5,94.05,2025-09-24 10:39:04+00:00,34.008148,-80.969755,62.7,5.09,-0.2,69.35,10.0,3D,2025-09-24 06:39:04-04:00,POINT (-80.969755 34.008148)
2025-09-23 16:18:02 UTC,sensor01,218208153,19.49,94.18,2025-09-24 10:39:09+00:00,34.008255,-80.969452,61.4,6.68,-0.5,68.34,10.0,3D,2025-09-24 06:39:09-04:00,POINT (-80.969452 34.008255)
2025-09-23 16:18:07 UTC,sensor01,218208153,19.49,93.83,2025-09-24 10:39:14+00:00,34.008405,-80.969102,59.6,7.05,-0.1,68.04,10.0,3D,2025-09-24 06:39:14-04:00,POINT (-80.969102 34.008405)
2025-09-23 16:18:12 UTC,sensor01,218208153,19.53,94.02,2025-09-24 10:39:19+00:00,34.008528,-80.968732,58.5,7.02,-0.1,68.25,10.0,3D,2025-09-24 06:39:19-04:00,POINT (-80.968732 34.008528)
2025-09-23 16:18:17 UTC,sensor01,218208153,19.53,94.35,2025-09-24 10:39:24+00:00,34.008648,-80.968382,58.2,6.9,0.1,66.33,10.0,3D,2025-09-24 06:39:24-04:00,POINT (-80.968382 34.008648)
2025-09-23 16:18:22 UTC,sensor01,218208153,19.53,94.41,2025-09-24 10:39:30+00:00,34.008812,-80.967965,59.2,7.45,0.1,0.0,10.0,3D,2025-09-24 06:39:30-04:00,POINT (-80.967965 34.008812)
2025-09-23 16:18:27 UTC,sensor01,218208153,19.51,94.31,2025-09-24 10:39:35+00:00,34.008977,-80.967638,59.2,7.59,0.3,0.0,10.0,3D,2025-09-24 06:39:35-04:00,POINT (-80.967638 34.008977)
2025-09-23 16:18:32 UTC,sensor01,218208153,19.53,94.32,2025-09-24 10:39:40+00:00,34.0092,-80.967323,60.8,7.71,0.2,0.0,10.0,3D,2025-09-24 06:39:40-04:00,POINT (-80.967323 34.0092)
2025-09-23 16:18:37 UTC,sensor01,218208153,19.54,94.33,2025-09-24 10:39:45+00:00,34.009452,-80.967063,61.8,7.4,0.3,37.37,10.0,3D,2025-09-24 06:39:45-04:00,POINT (-80.967063 34.009452)
2025-09-23 16:18:42 UTC,sensor01,218208153,19.54,94.47,2025-09-24 10:39:50+00:00,34.00974,-80.966825,63.1,7.3,0.3,34.48,10.0,3D,2025-09-24 06:39:50-04:00,POINT (-80.966825 34.00974)
2025-09-23 16:18:47 UTC,sensor01,218208153,19.56,94.44,2025-09-24 10:39:55+00:00,34.010032,-80.966608,65.0,6.96,0.2,24.61,10.0,3D,2025-09-24 06:39:55-04:00,POINT (-80.966608 34.010032)
2025-09-23 16:18:53 UTC,sensor01,218208153,19.59,94.47,2025-09-24 10:40:00+00:00,34.010332,-80.966482,66.0,6.86,0.2,14.2,10.0,3D,2025-09-24 06:40:00-04:00,POINT (-80.966482 34.010332)
2025-09-23 16:18:58 UTC,sensor01,218208153,19.61,94.54,2025-09-24 10:40:05+00:00,34.010633,-80.966395,65.7,6.65,0.0,11.43,10.0,3D,2025-09-24 06:40:05-04:00,POINT (-80.966395 34.010633)
2025-09-23 16:19:03 UTC,sensor01,218208153,19.65,94.78,2025-09-24 10:40:10+00:00,34.010925,-80.966347,65.2,6.12,-0.5,4.84,10.0,3D,2025-09-24 06:40:10-04:00,POINT (-80.966347 34.010925)
2025-09-23 16:19:08 UTC,sensor01,218208153,19.68,94.75,2025-09-24 10:40:15+00:00,34.01121,-80.966328,64.2,6.13,-0.3,1.93,10.0,3D,2025-09-24 06:40:15-04:00,POINT (-80.966328 34.01121)
2025-09-23 16:19:13 UTC,sensor01,218208153,19.69,94.66,2025-09-24 10:40:20+00:00,34.011495,-80.966315,63.7,6.32,0.4,359.08,10.0,3D,2025-09-24 06:40:20-04:00,POINT (-80.966315 34.011495)
2025-09-23 16:19:18 UTC,sensor01,218208153,19.71,94.64,2025-09-24 10:40:25+00:00,34.011752,-80.966313,64.4,5.56,0.1,0.28,10.0,3D,2025-09-24 06:40:25-04:00,POINT (-80.966313 34.011752)
2025-09-23 16:19:23 UTC,sensor01,218208153,19.73,94.73,2025-09-24 10:40:30+00:00,34.012003,-80.966325,64.4,5.67,-0.1,359.22,10.0,3D,2025-09-24 06:40:30-04:00,POINT (-80.966325 34.012003)
2025-09-23 16:19:28 UTC,sensor01,218208153,19.73,94.65,2025-09-24 10:40:35+00:00,34.012268,-80.966318,64.4,5.82,0.0,2.59,10.0,3D,2025-09-24 06:40:35-04:00,POINT (-80.966318 34.012268)
2025-09-23 16:19:33 UTC,sensor01,218208153,19.73,94.49,2025-09-24 10:40:40+00:00,34.012538,-80.966315,64.4,6.1,-0.1,0.43,10.0,3D,2025-09-24 06:40:40-04:00,POINT (-80.966315 34.012538)
2025-09-23 16:19:38 UTC,sensor01,218208153,19.78,94.52,2025-09-24 10:40:45+00:00,34.012833,-80.966327,64.2,6.7,-0.1,359.93,10.0,3D,2025-09-24 06:40:45-04:00,POINT (-80.966327 34.012833)
2025-09-23 16:19:43 UTC,sensor01,218208153,19.77,94.65,2025-09-24 10:40:50+00:00,34.01313,-80.966337,63.8,6.34,0.2,359.97,10.0,3D,2025-09-24 06:40:50-04:00,POINT (-80.966337 34.01313)
2025-09-23 16:19:48 UTC,sensor01,218208153,19.79,94.57,2025-09-24 10:40:55+00:00,34.013425,-80.966345,65.0,6.45,0.3,355.94,10.0,3D,2025-09-24 06:40:55-04:00,POINT (-80.966345 34.013425)
2025-09-23 16:19:53 UTC,sensor01,218208153,19.78,94.55,2025-09-24 10:41:00+00:00,34.013723,-80.96635,67.1,6.66,0.4,358.63,11.0,3D,2025-09-24 06:41:00-04:00,POINT (-80.96635 34.013723)
2025-09-23 16:19:58 UTC,sensor01,218208153,19.82,94.45,2025-09-24 10:41:05+00:00,34.01402,-80.966335,69.4,6.63,0.5,0.2,11.0,3D,2025-09-24 06:41:05-04:00,POINT (-80.966335 34.01402)
2025-09-23 16:20:03 UTC,sensor01,218208153,19.78,94.28,2025-09-24 10:41:10+00:00,34.014323,-80.966325,71.6,6.65,0.5,359.62,11.0,3D,2025-09-24 06:41:10-04:00,POINT (-80.966325 34.014323)
2025-09-23 16:20:08 UTC,sensor01,218208153,19.79,94.23,2025-09-24 10:41:16+00:00,34.014663,-80.966317,73.0,6.1,0.2,0.0,11.0,3D,2025-09-24 06:41:16-04:00,POINT (-80.966317 34.014663)
2025-09-23 16:20:13 UTC,sensor01,218208153,19.79,94.25,2025-09-24 10:41:21+00:00,34.014937,-80.966327,75.3,5.92,0.4,0.0,11.0,3D,2025-09-24 06:41:21-04:00,POINT (-80.966327 34.014937)
2025-09-23 16:20:18 UTC,sensor01,218208153,19.81,94.24,2025-09-24 10:41:26+00:00,34.015227,-80.966323,73.2,7.27,-2.2,0.0,4.0,3D,2025-09-24 06:41:26-04:00,POINT (-80.966323 34.015227)
2025-09-23 16:20:23 UTC,sensor01,218208153,19.81,94.27,2025-09-24 10:41:31+00:00,34.015497,-80.966312,71.6,5.36,-0.4,0.0,4.0,3D,2025-09-24 06:41:31-04:00,POINT (-80.966312 34.015497)
2025-09-23 16:20:28 UTC,sensor01,218208153,19.81,94.28,2025-09-24 10:41:36+00:00,34.015735,-80.966313,72.0,5.55,0.0,0.0,8.0,3D,2025-09-24 06:41:36-04:00,POINT (-80.966313 34.015735)
2025-09-23 16:20:34 UTC,sensor01,218208153,19.82,94.25,2025-09-24 10:41:41+00:00,34.016017,-80.966312,71.4,6.84,-0.2,0.0,11.0,3D,2025-09-24 06:41:41-04:00,POINT (-80.966312 34.016017)
2025-09-23 16:20:39 UTC,sensor01,218208153,19.82,94.22,2025-09-24 10:41:46+00:00,34.01634,-80.966305,70.5,7.58,-0.1,0.0,11.0,3D,2025-09-24 06:41:46-04:00,POINT (-80.966305 34.01634)
2025-09-23 16:20:44 UTC,sensor01,218208153,19.85,94.11,2025-09-24 10:41:51+00:00,34.016688,-80.966302,69.0,7.53,-0.3,358.52,11.0,3D,2025-09-24 06:41:51-04:00,POINT (-80.966302 34.016688)
2025-09-23 16:20:49 UTC,sensor01,218208153,19.84,93.88,2025-09-24 10:41:56+00:00,34.017023,-80.966297,67.1,6.84,-0.8,357.04,11.0,3D,2025-09-24 06:41:56-04:00,POINT (-80.966297 34.017023)
2025-09-23 16:20:54 UTC,sensor01,218208153,19.88,93.76,2025-09-24 10:42:01+00:00,34.01731,-80.966295,66.3,5.91,0.3,1.6,11.0,3D,2025-09-24 06:42:01-04:00,POINT (-80.966295 34.01731)
2025-09-23 16:20:59 UTC,sensor01,218208153,19.92,93.74,2025-09-24 10:42:06+00:00,34.017595,-80.966277,65.6,6.75,0.0,0.89,11.0,3D,2025-09-24 06:42:06-04:00,POINT (-80.966277 34.017595)
2025-09-23 16:21:04 UTC,sensor01,218208153,19.93,93.71,2025-09-24 10:42:11+00:00,34.017893,-80.966263,65.3,4.97,0.1,2.66,11.0,3D,2025-09-24 06:42:11-04:00,POINT (-80.966263 34.017893)
2025-09-23 16:21:09 UTC,sensor01,218208153,19.96,93.63,2025-09-24 10:42:16+00:00,34.018058,-80.96624,65.8,3.61,0.0,12.13,11.0,3D,2025-09-24 06:42:16-04:00,POINT (-80.96624 34.018058)
2025-09-23 16:21:14 UTC,sensor01,218208153,19.98,93.34,2025-09-24 10:42:21+00:00,34.018213,-80.96622,65.8,2.85,0.3,3.94,11.0,3D,2025-09-24 06:42:21-04:00,POINT (-80.96622 34.018213)
2025-09-23 16:21:19 UTC,sensor01,218208153,19.99,93.14,2025-09-24 10:42:26+00:00,34.018317,-80.966213,66.5,2.25,0.1,2.47,11.0,3D,2025-09-24 06:42:26-04:00,POINT (-80.966213 34.018317)
2025-09-23 16:21:34 UTC,sensor01,218208153,20.05,92.96,2025-09-24 10:42:41+00:00,34.018397,-80.966192,66.5,2.38,0.1,28.49,11.0,3D,2025-09-24 06:42:41-04:00,POINT (-80.966192 34.018397)
2025-09-23 16:21:39 UTC,sensor01,218208153,20.07,92.84,2025-09-24 10:42:46+00:00,34.018472,-80.965998,66.7,5.51,0.0,86.66,11.0,3D,2025-09-24 06:42:46-04:00,POINT (-80.965998 34.018472)
2025-09-23 16:21:44 UTC,sensor01,218208153,20.12,92.61,2025-09-24 10:42:51+00:00,34.018472,-80.965628,65.9,7.21,-0.4,90.42,11.0,3D,2025-09-24 06:42:51-04:00,POINT (-80.965628 34.018472)
2025-09-23 16:21:49 UTC,sensor01,218208153,20.18,92.35,2025-09-24 10:42:56+00:00,34.018468,-80.965215,65.1,7.51,0.0,87.25,11.0,3D,2025-09-24 06:42:56-04:00,POINT (-80.965215 34.018468)
2025-09-23 16:21:54 UTC,sensor01,218208153,20.22,92.33,2025-09-24 10:43:01+00:00,34.018488,-80.964837,65.5,6.99,0.0,84.28,11.0,3D,2025-09-24 06:43:01-04:00,POINT (-80.964837 34.018488)
2025-09-23 16:21:59 UTC,sensor01,218208153,20.27,92.29,2025-09-24 10:43:06+00:00,34.018523,-80.964437,65.2,7.75,0.0,82.95,11.0,3D,2025-09-24 06:43:06-04:00,POINT (-80.964437 34.018523)
2025-09-23 16:22:04 UTC,sensor01,218208153,20.29,92.33,2025-09-24 10:43:12+00:00,34.018603,-80.963933,65.1,7.72,0.5,0.0,11.0,3D,2025-09-24 06:43:12-04:00,POINT (-80.963933 34.018603)
2025-09-23 16:22:09 UTC,sensor01,218208153,20.31,92.39,2025-09-24 10:43:17+00:00,34.018707,-80.963527,64.3,8.27,-0.4,0.0,11.0,3D,2025-09-24 06:43:17-04:00,POINT (-80.963527 34.018707)
2025-09-23 16:22:14 UTC,sensor01,218208153,20.31,92.45,2025-09-24 10:43:22+00:00,34.018845,-80.96307,62.8,9.31,-0.3,0.0,11.0,3D,2025-09-24 06:43:22-04:00,POINT (-80.96307 34.018845)
2025-09-23 16:22:19 UTC,sensor01,218208153,20.29,92.51,2025-09-24 10:43:27+00:00,34.01903,-80.962607,62.1,9.59,0.0,61.81,11.0,3D,2025-09-24 06:43:27-04:00,POINT (-80.962607 34.01903)
2025-09-23 16:22:24 UTC,sensor01,218208153,20.24,92.7,2025-09-24 10:43:32+00:00,34.019242,-80.962147,59.8,9.71,0.1,58.74,11.0,3D,2025-09-24 06:43:32-04:00,POINT (-80.962147 34.019242)
2025-09-23 16:22:29 UTC,sensor01,218208153,20.23,92.95,2025-09-24 10:43:37+00:00,34.019487,-80.961742,60.0,8.08,0.1,47.12,11.0,3D,2025-09-24 06:43:37-04:00,POINT (-80.961742 34.019487)
2025-09-23 16:22:35 UTC,sensor01,218208153,20.23,93.17,2025-09-24 10:43:42+00:00,34.019677,-80.961455,61.0,6.04,0.2,51.81,11.0,3D,2025-09-24 06:43:42-04:00,POINT (-80.961455 34.019677)
2025-09-23 16:22:40 UTC,sensor01,218208153,20.22,93.35,2025-09-24 10:43:47+00:00,34.019825,-80.96124,61.5,4.72,-0.1,39.34,11.0,3D,2025-09-24 06:43:47-04:00,POINT (-80.96124 34.019825)
2025-09-23 16:22:45 UTC,sensor01,218208153,20.23,93.36,2025-09-24 10:43:52+00:00,34.019995,-80.961187,62.9,3.02,0.0,345.1,11.0,3D,2025-09-24 06:43:52-04:00,POINT (-80.961187 34.019995)
2025-09-23 16:22:50 UTC,sensor01,218208153,20.22,93.27,2025-09-24 10:43:57+00:00,34.0201,-80.961282,66.0,2.76,0.5,328.61,11.0,3D,2025-09-24 06:43:57-04:00,POINT (-80.961282 34.0201)
2025-09-23 16:23:00 UTC,sensor01,218208153,20.22,93.31,2025-09-24 10:44:07+00:00,34.0203,-80.96142,67.1,3.29,0.1,329.66,11.0,3D,2025-09-24 06:44:07-04:00,POINT (-80.96142 34.0203)
2025-09-23 16:23:05 UTC,sensor01,218208153,20.2,93.42,2025-09-24 10:44:12+00:00,34.020417,-80.96151,66.8,2.65,-0.2,314.58,11.0,3D,2025-09-24 06:44:12-04:00,POINT (-80.96151 34.020417)
2025-09-23 16:23:10 UTC,sensor01,218208153,20.17,93.56,2025-09-24 10:44:17+00:00,34.020453,-80.961648,67.3,2.62,0.3,262.47,11.0,3D,2025-09-24 06:44:17-04:00,POINT (-80.961648 34.020453)
2025-09-23 16:23:15 UTC,sensor01,218208153,20.17,93.53,2025-09-24 10:44:22+00:00,34.020392,-80.96179,67.5,3.45,0.0,238.86,11.0,3D,2025-09-24 06:44:22-04:00,POINT (-80.96179 34.020392)
2025-09-23 16:23:20 UTC,sensor01,218208153,20.15,93.48,2025-09-24 10:44:27+00:00,34.020288,-80.961967,64.4,4.56,-0.8,233.26,11.0,3D,2025-09-24 06:44:27-04:00,POINT (-80.961967 34.020288)
2025-09-23 16:23:25 UTC,sensor01,218208153,20.17,93.43,2025-09-24 10:44:32+00:00,34.020188,-80.962158,61.9,3.38,-0.5,237.6,11.0,3D,2025-09-24 06:44:32-04:00,POINT (-80.962158 34.020188)
2025-09-23 16:23:30 UTC,sensor01,218208153,20.14,93.34,2025-09-24 10:44:37+00:00,34.020103,-80.962325,61.2,3.41,-0.1,237.44,11.0,3D,2025-09-24 06:44:37-04:00,POINT (-80.962325 34.020103)
2025-09-23 16:23:35 UTC,sensor01,218208153,20.13,93.15,2025-09-24 10:44:42+00:00,34.020032,-80.962463,61.4,2.78,0.5,237.09,11.0,3D,2025-09-24 06:44:42-04:00,POINT (-80.962463 34.020032)
2025-09-23 16:24:26 UTC,sensor01,218208153,20.08,92.81,2025-09-24 10:45:33+00:00,34.019792,-80.96324,64.1,2.33,0.0,266.92,11.0,3D,2025-09-24 06:45:33-04:00,POINT (-80.96324 34.019792)
2025-09-23 16:24:31 UTC,sensor01,218208153,20.08,92.92,2025-09-24 10:45:38+00:00,34.019793,-80.963405,63.4,2.85,-0.1,270.95,11.0,3D,2025-09-24 06:45:38-04:00,POINT (-80.963405 34.019793)
2025-09-23 16:24:36 UTC,sensor01,218208153,20.07,92.82,2025-09-24 10:45:43+00:00,34.0198,-80.963585,62.9,3.56,-0.1,277.3,11.0,3D,2025-09-24 06:45:43-04:00,POINT (-80.963585 34.0198)
2025-09-23 16:24:41 UTC,sensor01,218208153,20.07,92.81,2025-09-24 10:45:48+00:00,34.019803,-80.963777,63.1,3.52,0.1,269.36,11.0,3D,2025-09-24 06:45:48-04:00,POINT (-80.963777 34.019803)
2025-09-23 16:24:46 UTC,sensor01,218208153,20.03,92.86,2025-09-24 10:45:53+00:00,34.019763,-80.96397,62.8,3.97,0.0,247.37,11.0,3D,2025-09-24 06:45:53-04:00,POINT (-80.96397 34.019763)
2025-09-23 16:24:51 UTC,sensor01,218208153,20.04,93.02,2025-09-24 10:45:58+00:00,34.01966,-80.964162,62.1,3.83,-0.3,226.1,11.0,3D,2025-09-24 06:45:58-04:00,POINT (-80.964162 34.01966)
2025-09-23 16:24:56 UTC,sensor01,218208153,20.02,93.18,2025-09-24 10:46:03+00:00,34.019532,-80.964262,61.1,3.17,-0.1,197.2,11.0,3D,2025-09-24 06:46:03-04:00,POINT (-80.964262 34.019532)
2025-09-23 16:25:01 UTC,sensor01,218208153,20.0,93.23,2025-09-24 10:46:08+00:00,34.019358,-80.964255,60.7,4.62,0.2,173.06,11.0,3D,2025-09-24 06:46:08-04:00,POINT (-80.964255 34.019358)
2025-09-23 16:25:06 UTC,sensor01,218208153,19.95,93.2,2025-09-24 10:46:13+00:00,34.019138,-80.964243,66.5,4.75,4.0,168.74,11.0,3D,2025-09-24 06:46:13-04:00,POINT (-80.964243 34.019138)
2025-09-23 16:25:11 UTC,sensor01,218208153,19.99,93.26,2025-09-24 10:46:18+00:00,34.018938,-80.964218,67.6,4.17,0.2,177.98,11.0,3D,2025-09-24 06:46:18-04:00,POINT (-80.964218 34.018938)
2025-09-23 16:25:16 UTC,sensor01,218208153,19.98,93.28,2025-09-24 10:46:23+00:00,34.018772,-80.96421,68.7,2.78,0.6,179.96,11.0,3D,2025-09-24 06:46:23-04:00,POINT (-80.96421 34.018772)
2025-09-23 16:25:26 UTC,sensor01,218208153,20.03,93.94,2025-09-24 10:46:33+00:00,34.018627,-80.964315,70.2,4.71,0.0,259.02,11.0,3D,2025-09-24 06:46:33-04:00,POINT (-80.964315 34.018627)
2025-09-23 16:25:31 UTC,sensor01,218208153,20.07,94.14,2025-09-24 10:46:38+00:00,34.018565,-80.964663,72.1,8.25,0.5,262.22,11.0,3D,2025-09-24 06:46:38-04:00,POINT (-80.964663 34.018565)
2025-09-23 16:25:36 UTC,sensor01,218208153,20.12,93.48,2025-09-24 10:46:43+00:00,34.018538,-80.965157,73.0,9.59,0.1,268.4,11.0,3D,2025-09-24 06:46:43-04:00,POINT (-80.965157 34.018538)
2025-09-23 16:25:41 UTC,sensor01,218208153,20.14,92.7,2025-09-24 10:46:48+00:00,34.018547,-80.965693,69.9,9.86,-3.0,272.56,11.0,3D,2025-09-24 06:46:48-04:00,POINT (-80.965693 34.018547)
2025-09-23 16:25:46 UTC,sensor01,218208153,20.15,92.29,2025-09-24 10:46:53+00:00,34.018598,-80.966228,71.5,9.46,0.3,277.28,11.0,3D,2025-09-24 06:46:53-04:00,POINT (-80.966228 34.018598)
2025-09-23 16:25:51 UTC,sensor01,218208153,20.16,92.21,2025-09-24 10:46:58+00:00,34.018665,-80.966748,71.6,9.55,0.1,280.41,11.0,3D,2025-09-24 06:46:58-04:00,POINT (-80.966748 34.018665)
2025-09-23 16:25:56 UTC,sensor01,218208153,20.19,92.07,2025-09-24 10:47:04+00:00,34.018785,-80.967355,72.6,9.64,0.1,0.0,11.0,3D,2025-09-24 06:47:04-04:00,POINT (-80.967355 34.018785)
2025-09-23 16:26:01 UTC,sensor01,218208153,20.24,91.9,2025-09-24 10:47:09+00:00,34.018923,-80.967877,72.8,10.11,0.0,0.0,11.0,3D,2025-09-24 06:47:09-04:00,POINT (-80.967877 34.018923)
2025-09-23 16:26:06 UTC,sensor01,218208153,20.26,91.57,2025-09-24 10:47:14+00:00,34.019103,-80.968402,73.2,10.4,-0.3,291.65,11.0,3D,2025-09-24 06:47:14-04:00,POINT (-80.968402 34.019103)
2025-09-23 16:26:11 UTC,sensor01,218208153,20.26,91.36,2025-09-24 10:47:19+00:00,34.019287,-80.968928,71.9,9.98,0.0,292.24,11.0,3D,2025-09-24 06:47:19-04:00,POINT (-80.968928 34.019287)
2025-09-23 16:26:16 UTC,sensor01,218208153,20.29,91.06,2025-09-24 10:47:24+00:00,34.019442,-80.969418,73.0,9.52,0.3,292.42,11.0,3D,2025-09-24 06:47:24-04:00,POINT (-80.969418 34.019442)
2025-09-23 16:26:21 UTC,sensor01,218208153,20.28,90.73,2025-09-24 10:47:29+00:00,34.0196,-80.969872,72.7,8.81,-0.3,293.47,11.0,3D,2025-09-24 06:47:29-04:00,POINT (-80.969872 34.0196)
2025-09-23 16:26:27 UTC,sensor01,218208153,20.29,90.41,2025-09-24 10:47:34+00:00,34.019763,-80.970335,73.9,9.59,0.6,292.18,11.0,3D,2025-09-24 06:47:34-04:00,POINT (-80.970335 34.019763)
2025-09-23 16:26:32 UTC,sensor01,218208153,20.33,90.17,2025-09-24 10:47:39+00:00,34.019943,-80.970835,74.6,10.07,-0.2,292.49,11.0,3D,2025-09-24 06:47:39-04:00,POINT (-80.970835 34.019943)
2025-09-23 16:26:37 UTC,sensor01,218208153,20.3,89.99,2025-09-24 10:47:44+00:00,34.02012,-80.971332,73.8,9.7,-0.2,292.73,11.0,3D,2025-09-24 06:47:44-04:00,POINT (-80.971332 34.02012)
2025-09-23 16:26:42 UTC,sensor01,218208153,20.27,89.89,2025-09-24 10:47:49+00:00,34.020288,-80.971812,76.8,9.66,-0.3,294.27,11.0,3D,2025-09-24 06:47:49-04:00,POINT (-80.971812 34.020288)
2025-09-23 16:26:47 UTC,sensor01,218208153,20.23,90.0,2025-09-24 10:47:54+00:00,34.020462,-80.972287,75.9,9.75,-0.2,291.71,11.0,3D,2025-09-24 06:47:54-04:00,POINT (-80.972287 34.020462)
2025-09-23 16:26:52 UTC,sensor01,218208153,20.21,90.14,2025-09-24 10:47:59+00:00,34.020637,-80.972785,76.8,10.25,0.2,293.46,11.0,3D,2025-09-24 06:47:59-04:00,POINT (-80.972785 34.020637)
2025-09-23 16:26:57 UTC,sensor01,218208153,20.19,90.05,2025-09-24 10:48:04+00:00,34.020815,-80.973298,77.8,10.23,-0.2,292.42,11.0,3D,2025-09-24 06:48:04-04:00,POINT (-80.973298 34.020815)
2025-09-23 16:27:02 UTC,sensor01,218208153,20.22,90.03,2025-09-24 10:48:09+00:00,34.02097,-80.973807,77.3,9.69,0.2,287.97,11.0,3D,2025-09-24 06:48:09-04:00,POINT (-80.973807 34.02097)
2025-09-23 16:27:07 UTC,sensor01,218208153,20.22,90.2,2025-09-24 10:48:14+00:00,34.021077,-80.974298,77.9,8.91,0.2,282.9,11.0,3D,2025-09-24 06:48:14-04:00,POINT (-80.974298 34.021077)
2025-09-23 16:27:12 UTC,sensor01,218208153,20.25,90.38,2025-09-24 10:48:19+00:00,34.02113,-80.974707,78.1,6.72,-0.7,275.36,11.0,3D,2025-09-24 06:48:19-04:00,POINT (-80.974707 34.02113)
2025-09-23 16:27:17 UTC,sensor01,218208153,20.24,90.49,2025-09-24 10:48:24+00:00,34.021152,-80.974993,77.3,4.46,-0.2,272.54,11.0,3D,2025-09-24 06:48:24-04:00,POINT (-80.974993 34.021152)
2025-09-23 16:27:32 UTC,sensor01,218208153,20.26,90.64,2025-09-24 10:48:39+00:00,34.021153,-80.97523,77.4,3.51,0.8,262.03,11.0,3D,2025-09-24 06:48:39-04:00,POINT (-80.97523 34.021153)
2025-09-23 16:27:37 UTC,sensor01,218208153,20.31,91.14,2025-09-24 10:48:44+00:00,34.021143,-80.975557,79.1,6.98,0.8,267.19,11.0,3D,2025-09-24 06:48:44-04:00,POINT (-80.975557 34.021143)
2025-09-23 16:27:42 UTC,sensor01,218208153,20.39,91.16,2025-09-24 10:48:49+00:00,34.021122,-80.976,82.2,8.54,1.1,267.92,11.0,3D,2025-09-24 06:48:49-04:00,POINT (-80.976 34.021122)
2025-09-23 16:27:47 UTC,sensor01,218208153,20.41,91.0,2025-09-24 10:48:54+00:00,34.021103,-80.976488,84.9,9.29,0.4,268.62,11.0,3D,2025-09-24 06:48:54-04:00,POINT (-80.976488 34.021103)
2025-09-23 16:27:52 UTC,sensor01,218208153,20.39,90.82,2025-09-24 10:49:00+00:00,34.021087,-80.97709,87.0,9.24,0.3,0.0,11.0,3D,2025-09-24 06:49:00-04:00,POINT (-80.97709 34.021087)
2025-09-23 16:27:57 UTC,sensor01,218208153,20.43,90.86,2025-09-24 10:49:05+00:00,34.021078,-80.977583,88.7,9.08,0.3,0.0,11.0,3D,2025-09-24 06:49:05-04:00,POINT (-80.977583 34.021078)
2025-09-23 16:28:02 UTC,sensor01,218208153,20.39,90.78,2025-09-24 10:49:10+00:00,34.021067,-80.97807,89.9,8.95,0.3,0.0,11.0,3D,2025-09-24 06:49:10-04:00,POINT (-80.97807 34.021067)
2025-09-23 16:28:07 UTC,sensor01,218208153,20.39,90.71,2025-09-24 10:49:15+00:00,34.021038,-80.97857,91.9,9.61,0.6,0.0,11.0,3D,2025-09-24 06:49:15-04:00,POINT (-80.97857 34.021038)
2025-09-23 16:28:12 UTC,sensor01,218208153,20.35,90.79,2025-09-24 10:49:20+00:00,34.021018,-80.979073,94.2,9.21,0.3,269.26,11.0,3D,2025-09-24 06:49:20-04:00,POINT (-80.979073 34.021018)
2025-09-23 16:28:17 UTC,sensor01,218208153,20.34,90.69,2025-09-24 10:49:25+00:00,34.021018,-80.979578,93.8,9.59,-0.2,268.52,11.0,3D,2025-09-24 06:49:25-04:00,POINT (-80.979578 34.021018)
2025-09-23 16:28:22 UTC,sensor01,218208153,20.3,90.89,2025-09-24 10:49:30+00:00,34.021,-80.980058,95.3,6.22,0.5,267.36,11.0,3D,2025-09-24 06:49:30-04:00,POINT (-80.980058 34.021)
2025-09-23 16:28:28 UTC,sensor01,218208153,20.27,91.06,2025-09-24 10:49:35+00:00,34.020975,-80.980402,96.5,8.37,-0.1,263.16,11.0,3D,2025-09-24 06:49:35-04:00,POINT (-80.980402 34.020975)
2025-09-23 16:28:33 UTC,sensor01,218208153,20.23,91.44,2025-09-24 10:49:40+00:00,34.020928,-80.980902,94.8,9.7,0.1,261.59,11.0,3D,2025-09-24 06:49:40-04:00,POINT (-80.980902 34.020928)
2025-09-23 16:28:38 UTC,sensor01,218208153,20.19,91.61,2025-09-24 10:49:45+00:00,34.02081,-80.981387,99.3,9.67,-0.2,258.55,11.0,3D,2025-09-24 06:49:45-04:00,POINT (-80.981387 34.02081)
2025-09-23 16:28:43 UTC,sensor01,218208153,20.21,91.79,2025-09-24 10:49:50+00:00,34.020717,-80.981905,98.4,9.89,-0.2,255.75,11.0,3D,2025-09-24 06:49:50-04:00,POINT (-80.981905 34.020717)
2025-09-23 16:28:48 UTC,sensor01,218208153,20.22,92.01,2025-09-24 10:49:55+00:00,34.020613,-80.982438,97.3,10.13,-0.3,258.89,11.0,3D,2025-09-24 06:49:55-04:00,POINT (-80.982438 34.020613)
2025-09-23 16:28:53 UTC,sensor01,218208153,20.25,92.23,2025-09-24 10:50:00+00:00,34.020523,-80.982987,96.1,10.84,-0.3,258.53,11.0,3D,2025-09-24 06:50:00-04:00,POINT (-80.982987 34.020523)
2025-09-23 16:28:58 UTC,sensor01,218208153,20.31,92.08,2025-09-24 10:50:05+00:00,34.020422,-80.983543,94.4,10.73,-0.3,256.22,11.0,3D,2025-09-24 06:50:05-04:00,POINT (-80.983543 34.020422)
2025-09-23 16:29:03 UTC,sensor01,218208153,20.3,91.88,2025-09-24 10:50:10+00:00,34.020318,-80.984107,91.9,10.73,-0.6,255.5,11.0,3D,2025-09-24 06:50:10-04:00,POINT (-80.984107 34.020318)
2025-09-23 16:29:08 UTC,sensor01,218208153,20.31,91.54,2025-09-24 10:50:15+00:00,34.02021,-80.984688,90.5,10.64,-0.2,256.29,11.0,3D,2025-09-24 06:50:15-04:00,POINT (-80.984688 34.02021)
2025-09-23 16:29:13 UTC,sensor01,218208153,20.31,90.97,2025-09-24 10:50:20+00:00,34.020102,-80.985258,89.2,10.43,-0.4,257.06,11.0,3D,2025-09-24 06:50:20-04:00,POINT (-80.985258 34.020102)
2025-09-23 16:29:18 UTC,sensor01,218208153,20.28,90.87,2025-09-24 10:50:25+00:00,34.01999,-80.985815,87.9,10.05,-0.1,254.51,11.0,3D,2025-09-24 06:50:25-04:00,POINT (-80.985815 34.01999)
2025-09-23 16:29:23 UTC,sensor01,218208153,20.28,91.12,2025-09-24 10:50:30+00:00,34.019853,-80.986355,89.3,10.25,0.2,258.43,11.0,3D,2025-09-24 06:50:30-04:00,POINT (-80.986355 34.019853)
2025-09-23 16:29:28 UTC,sensor01,218208153,20.32,91.4,2025-09-24 10:50:35+00:00,34.01975,-80.986858,87.6,10.0,-0.6,259.31,11.0,3D,2025-09-24 06:50:35-04:00,POINT (-80.986858 34.01975)
2025-09-23 16:29:33 UTC,sensor01,218208153,20.29,91.49,2025-09-24 10:50:40+00:00,34.019648,-80.987412,85.6,10.14,-0.8,259.51,11.0,3D,2025-09-24 06:50:40-04:00,POINT (-80.987412 34.019648)
2025-09-23 16:29:38 UTC,sensor01,218208153,20.34,91.63,2025-09-24 10:50:45+00:00,34.019535,-80.987957,86.3,9.89,0.4,256.35,11.0,3D,2025-09-24 06:50:45-04:00,POINT (-80.987957 34.019535)
2025-09-23 16:29:43 UTC,sensor01,218208153,20.36,91.26,2025-09-24 10:50:50+00:00,34.019433,-80.988442,87.3,8.37,0.0,257.47,11.0,3D,2025-09-24 06:50:50-04:00,POINT (-80.988442 34.019433)
2025-09-23 16:29:48 UTC,sensor01,218208153,20.37,90.19,2025-09-24 10:50:55+00:00,34.019358,-80.988862,86.9,6.95,-0.1,258.42,11.0,3D,2025-09-24 06:50:55-04:00,POINT (-80.988862 34.019358)
2025-09-23 16:29:53 UTC,sensor01,218208153,20.34,89.72,2025-09-24 10:51:00+00:00,34.019305,-80.989187,86.9,5.17,-0.1,256.74,11.0,3D,2025-09-24 06:51:00-04:00,POINT (-80.989187 34.019305)
2025-09-23 16:29:58 UTC,sensor01,218208153,20.33,89.57,2025-09-24 10:51:06+00:00,34.019258,-80.98943,84.8,2.34,-0.2,0.0,11.0,3D,2025-09-24 06:51:06-04:00,POINT (-80.98943 34.019258)
2025-09-23 16:30:49 UTC,sensor01,218208153,20.32,89.52,2025-09-24 10:51:56+00:00,34.019203,-80.989693,83.2,6.68,-0.2,255.22,11.0,3D,2025-09-24 06:51:56-04:00,POINT (-80.989693 34.019203)
2025-09-23 16:30:54 UTC,sensor01,218208153,20.31,89.59,2025-09-24 10:52:01+00:00,34.019103,-80.990123,81.9,9.33,-0.2,255.55,11.0,3D,2025-09-24 06:52:01-04:00,POINT (-80.990123 34.019103)
2025-09-23 16:30:59 UTC,sensor01,218208153,20.31,89.57,2025-09-24 10:52:06+00:00,34.018952,-80.990615,80.6,10.03,-0.3,245.27,11.0,3D,2025-09-24 06:52:06-04:00,POINT (-80.990615 34.018952)
2025-09-23 16:31:04 UTC,sensor01,218208153,20.28,89.57,2025-09-24 10:52:11+00:00,34.018787,-80.991105,78.5,9.5,-0.6,244.91,11.0,3D,2025-09-24 06:52:11-04:00,POINT (-80.991105 34.018787)
2025-09-23 16:31:09 UTC,sensor01,218208153,20.21,89.59,2025-09-24 10:52:16+00:00,34.018615,-80.991625,76.7,10.4,-0.4,245.42,11.0,3D,2025-09-24 06:52:16-04:00,POINT (-80.991625 34.018615)
2025-09-23 16:31:14 UTC,sensor01,218208153,20.17,89.71,2025-09-24 10:52:21+00:00,34.018417,-80.992148,75.9,10.6,0.0,245.1,11.0,3D,2025-09-24 06:52:21-04:00,POINT (-80.992148 34.018417)
2025-09-23 16:31:19 UTC,sensor01,218208153,20.15,89.89,2025-09-24 10:52:26+00:00,34.01821,-80.992677,75.4,10.72,-0.1,244.33,11.0,3D,2025-09-24 06:52:26-04:00,POINT (-80.992677 34.01821)
2025-09-23 16:31:24 UTC,sensor01,218208153,20.13,90.08,2025-09-24 10:52:31+00:00,34.018012,-80.9932,74.5,10.31,0.1,244.35,11.0,3D,2025-09-24 06:52:31-04:00,POINT (-80.9932 34.018012)
2025-09-23 16:31:29 UTC,sensor01,218208153,20.07,90.07,2025-09-24 10:52:36+00:00,34.017817,-80.99372,74.2,10.54,-0.1,245.63,11.0,3D,2025-09-24 06:52:36-04:00,POINT (-80.99372 34.017817)
2025-09-23 16:31:34 UTC,sensor01,218208153,20.05,90.06,2025-09-24 10:52:41+00:00,34.017612,-80.994247,73.7,10.89,-0.4,243.7,11.0,3D,2025-09-24 06:52:41-04:00,POINT (-80.994247 34.017612)
2025-09-23 16:31:39 UTC,sensor01,218208153,20.03,90.15,2025-09-24 10:52:46+00:00,34.017383,-80.994775,72.7,11.09,-0.1,240.14,11.0,3D,2025-09-24 06:52:46-04:00,POINT (-80.994775 34.017383)
2025-09-23 16:31:44 UTC,sensor01,218208153,20.01,90.38,2025-09-24 10:52:51+00:00,34.017113,-80.995288,71.8,11.2,0.0,235.8,11.0,3D,2025-09-24 06:52:51-04:00,POINT (-80.995288 34.017113)
2025-09-23 16:31:49 UTC,sensor01,218208153,19.98,90.55,2025-09-24 10:52:56+00:00,34.016835,-80.995805,75.1,11.04,0.3,236.82,11.0,3D,2025-09-24 06:52:56-04:00,POINT (-80.995805 34.016835)
2025-09-23 16:31:54 UTC,sensor01,218208153,19.93,90.62,2025-09-24 10:53:01+00:00,34.016568,-80.99629,77.7,10.34,0.4,237.33,11.0,3D,2025-09-24 06:53:01-04:00,POINT (-80.99629 34.016568)
2025-09-23 16:31:59 UTC,sensor01,218208153,19.9,90.83,2025-09-24 10:53:06+00:00,34.016317,-80.996742,80.1,10.02,0.5,235.91,11.0,3D,2025-09-24 06:53:06-04:00,POINT (-80.996742 34.016317)
2025-09-23 16:32:04 UTC,sensor01,218208153,19.85,91.15,2025-09-24 10:53:12+00:00,34.01602,-80.997297,80.8,10.15,0.1,0.0,11.0,3D,2025-09-24 06:53:12-04:00,POINT (-80.997297 34.01602)
2025-09-23 16:32:09 UTC,sensor01,218208153,19.84,91.54,2025-09-24 10:53:17+00:00,34.015777,-80.997732,81.1,9.3,-0.1,0.0,11.0,3D,2025-09-24 06:53:17-04:00,POINT (-80.997732 34.015777)
2025-09-23 16:32:14 UTC,sensor01,218208153,19.81,91.88,2025-09-24 10:53:22+00:00,34.015557,-80.998145,82.5,8.72,0.4,0.0,11.0,3D,2025-09-24 06:53:22-04:00,POINT (-80.998145 34.015557)
2025-09-23 16:32:19 UTC,sensor01,218208153,19.8,92.13,2025-09-24 10:53:27+00:00,34.015357,-80.99854,84.0,8.72,0.1,240.55,11.0,3D,2025-09-24 06:53:27-04:00,POINT (-80.99854 34.015357)
2025-09-23 16:32:24 UTC,sensor01,218208153,19.77,92.33,2025-09-24 10:53:32+00:00,34.015167,-80.998975,84.7,9.06,0.1,245.31,11.0,3D,2025-09-24 06:53:32-04:00,POINT (-80.998975 34.015167)
2025-09-23 16:32:29 UTC,sensor01,218208153,19.74,92.3,2025-09-24 10:53:37+00:00,34.015013,-80.999448,85.9,9.45,0.3,251.34,11.0,3D,2025-09-24 06:53:37-04:00,POINT (-80.999448 34.015013)
2025-09-23 16:32:34 UTC,sensor01,218208153,19.75,92.38,2025-09-24 10:53:42+00:00,34.014915,-80.999922,87.6,8.53,0.3,258.88,11.0,3D,2025-09-24 06:53:42-04:00,POINT (-80.999922 34.014915)
2025-09-23 16:32:40 UTC,sensor01,218208153,19.74,92.49,2025-09-24 10:53:47+00:00,34.014853,-81.000358,87.6,8.13,0.5,264.03,11.0,3D,2025-09-24 06:53:47-04:00,POINT (-81.000358 34.014853)
2025-09-23 16:32:45 UTC,sensor01,218208153,19.79,92.68,2025-09-24 10:53:52+00:00,34.014815,-81.000847,88.6,8.99,0.1,264.6,11.0,3D,2025-09-24 06:53:52-04:00,POINT (-81.000847 34.014815)
2025-09-23 16:32:50 UTC,sensor01,218208153,19.79,92.73,2025-09-24 10:53:57+00:00,34.014777,-81.001323,89.5,8.81,0.2,265.93,11.0,3D,2025-09-24 06:53:57-04:00,POINT (-81.001323 34.014777)
2025-09-23 16:32:55 UTC,sensor01,218208153,19.79,92.77,2025-09-24 10:54:02+00:00,34.014755,-81.001828,90.8,8.96,0.3,266.32,11.0,3D,2025-09-24 06:54:02-04:00,POINT (-81.001828 34.014755)
2025-09-23 16:33:00 UTC,sensor01,218208153,19.82,92.96,2025-09-24 10:54:07+00:00,34.01473,-81.002345,92.4,9.61,0.4,264.21,11.0,3D,2025-09-24 06:54:07-04:00,POINT (-81.002345 34.01473)
2025-09-23 16:33:05 UTC,sensor01,218208153,19.88,93.18,2025-09-24 10:54:12+00:00,34.014695,-81.002898,94.6,9.26,0.2,266.76,11.0,3D,2025-09-24 06:54:12-04:00,POINT (-81.002898 34.014695)
2025-09-23 16:33:10 UTC,sensor01,218208153,19.88,93.27,2025-09-24 10:54:17+00:00,34.014667,-81.003425,96.2,9.09,0.2,264.87,11.0,3D,2025-09-24 06:54:17-04:00,POINT (-81.003425 34.014667)
2025-09-23 16:33:15 UTC,sensor01,218208153,19.93,93.23,2025-09-24 10:54:22+00:00,34.01463,-81.003935,96.7,9.64,0.2,264.24,11.0,3D,2025-09-24 06:54:22-04:00,POINT (-81.003935 34.01463)
2025-09-23 16:33:20 UTC,sensor01,218208153,19.93,93.33,2025-09-24 10:54:27+00:00,34.014577,-81.00448,96.9,9.93,0.2,266.12,11.0,3D,2025-09-24 06:54:27-04:00,POINT (-81.00448 34.014577)
2025-09-23 16:33:25 UTC,sensor01,218208153,20.0,93.32,2025-09-24 10:54:32+00:00,34.014543,-81.00501,96.9,9.61,0.0,266.33,11.0,3D,2025-09-24 06:54:32-04:00,POINT (-81.00501 34.014543)
2025-09-23 16:33:30 UTC,sensor01,218208153,20.03,93.45,2025-09-24 10:54:37+00:00,34.014513,-81.00552,100.6,9.44,0.5,264.95,11.0,3D,2025-09-24 06:54:37-04:00,POINT (-81.00552 34.014513)
2025-09-23 16:33:35 UTC,sensor01,218208153,20.08,93.72,2025-09-24 10:54:42+00:00,34.014442,-81.006045,101.7,9.67,0.1,261.3,11.0,3D,2025-09-24 06:54:42-04:00,POINT (-81.006045 34.014442)
2025-09-23 16:33:40 UTC,sensor01,218208153,20.15,94.19,2025-09-24 10:54:47+00:00,34.014335,-81.006587,102.7,10.82,0.2,256.33,11.0,3D,2025-09-24 06:54:47-04:00,POINT (-81.006587 34.014335)
2025-09-23 16:33:45 UTC,sensor01,218208153,20.21,94.36,2025-09-24 10:54:52+00:00,34.01419,-81.00711,103.3,10.23,0.4,252.71,11.0,3D,2025-09-24 06:54:52-04:00,POINT (-81.00711 34.01419)
2025-09-23 16:33:50 UTC,sensor01,218208153,20.28,94.21,2025-09-24 10:54:57+00:00,34.014045,-81.00765,104.8,10.49,0.3,254.73,11.0,3D,2025-09-24 06:54:57-04:00,POINT (-81.00765 34.014045)
2025-09-23 16:33:55 UTC,sensor01,218208153,20.35,94.28,2025-09-24 10:55:02+00:00,34.013932,-81.008237,104.4,10.44,0.1,254.61,11.0,3D,2025-09-24 06:55:02-04:00,POINT (-81.008237 34.013932)
2025-09-23 16:34:00 UTC,sensor01,218208153,20.46,94.47,2025-09-24 10:55:07+00:00,34.013828,-81.008803,104.6,10.97,-0.1,258.67,11.0,3D,2025-09-24 06:55:07-04:00,POINT (-81.008803 34.013828)
2025-09-23 16:34:05 UTC,sensor01,218208153,20.56,94.35,2025-09-24 10:55:12+00:00,34.013723,-81.009397,104.5,11.47,0.0,258.61,11.0,3D,2025-09-24 06:55:12-04:00,POINT (-81.009397 34.013723)
2025-09-23 16:34:10 UTC,sensor01,218208153,20.64,94.07,2025-09-24 10:55:18+00:00,34.013597,-81.010115,104.9,11.15,0.1,0.0,11.0,3D,2025-09-24 06:55:18-04:00,POINT (-81.010115 34.013597)
2025-09-23 16:34:15 UTC,sensor01,218208153,20.72,93.55,2025-09-24 10:55:23+00:00,34.013488,-81.010693,107.2,10.74,0.3,0.0,11.0,3D,2025-09-24 06:55:23-04:00,POINT (-81.010693 34.013488)
2025-09-23 16:34:20 UTC,sensor01,218208153,20.8,92.9,2025-09-24 10:55:28+00:00,34.013405,-81.011253,108.2,10.45,0.2,0.0,11.0,3D,2025-09-24 06:55:28-04:00,POINT (-81.011253 34.013405)
2025-09-23 16:34:25 UTC,sensor01,218208153,20.86,92.43,2025-09-24 10:55:33+00:00,34.013328,-81.011823,107.9,10.9,-0.2,0.0,11.0,3D,2025-09-24 06:55:33-04:00,POINT (-81.011823 34.013328)
2025-09-23 16:34:30 UTC,sensor01,218208153,20.94,92.12,2025-09-24 10:55:38+00:00,34.013258,-81.01243,106.1,11.55,-1.4,261.19,11.0,3D,2025-09-24 06:55:38-04:00,POINT (-81.01243 34.013258)
2025-09-23 16:34:35 UTC,sensor01,218208153,20.99,91.75,2025-09-24 10:55:43+00:00,34.013185,-81.013073,103.7,12.01,-0.2,260.86,11.0,3D,2025-09-24 06:55:43-04:00,POINT (-81.013073 34.013185)
2025-09-23 16:34:40 UTC,sensor01,218208153,21.07,91.44,2025-09-24 10:55:48+00:00,34.013088,-81.013682,102.2,11.25,-0.3,258.6,11.0,3D,2025-09-24 06:55:48-04:00,POINT (-81.013682 34.013088)
2025-09-23 16:34:46 UTC,sensor01,218208153,21.12,91.1,2025-09-24 10:55:53+00:00,34.013,-81.014278,100.4,10.69,-0.3,259.97,11.0,3D,2025-09-24 06:55:53-04:00,POINT (-81.014278 34.013)
2025-09-23 16:34:51 UTC,sensor01,218208153,21.17,90.74,2025-09-24 10:55:58+00:00,34.012947,-81.014832,97.6,9.87,-0.3,260.46,11.0,3D,2025-09-24 06:55:58-04:00,POINT (-81.014832 34.012947)
2025-09-23 16:34:56 UTC,sensor01,218208153,21.23,90.46,2025-09-24 10:56:03+00:00,34.012898,-81.015343,95.4,8.38,-1.5,259.14,11.0,3D,2025-09-24 06:56:03-04:00,POINT (-81.015343 34.012898)
2025-09-23 16:35:01 UTC,sensor01,218208153,21.26,90.3,2025-09-24 10:56:08+00:00,34.012852,-81.015733,93.8,5.95,-0.1,262.36,11.0,3D,2025-09-24 06:56:08-04:00,POINT (-81.015733 34.012852)
2025-09-23 16:35:06 UTC,sensor01,218208153,21.27,90.14,2025-09-24 10:56:13+00:00,34.0128,-81.015977,93.8,4.38,0.2,249.46,11.0,3D,2025-09-24 06:56:13-04:00,POINT (-81.015977 34.0128)
2025-09-23 16:35:11 UTC,sensor01,218208153,21.3,89.93,2025-09-24 10:56:18+00:00,34.01263,-81.016132,94.2,5.58,0.2,190.84,11.0,3D,2025-09-24 06:56:18-04:00,POINT (-81.016132 34.01263)
2025-09-23 16:35:16 UTC,sensor01,218208153,21.32,89.76,2025-09-24 10:56:23+00:00,34.01231,-81.016043,93.0,8.42,-0.3,158.77,11.0,3D,2025-09-24 06:56:23-04:00,POINT (-81.016043 34.01231)
2025-09-23 16:35:21 UTC,sensor01,218208153,21.28,89.74,2025-09-24 10:56:28+00:00,34.0119,-81.015865,92.3,9.73,-0.7,160.52,11.0,3D,2025-09-24 06:56:28-04:00,POINT (-81.015865 34.0119)
2025-09-23 16:35:26 UTC,sensor01,218208153,21.29,89.8,2025-09-24 10:56:33+00:00,34.011482,-81.015682,91.0,10.17,-0.6,161.15,11.0,3D,2025-09-24 06:56:33-04:00,POINT (-81.015682 34.011482)
2025-09-23 16:35:31 UTC,sensor01,218208153,21.25,89.77,2025-09-24 10:56:38+00:00,34.011023,-81.01548,91.4,11.17,0.2,159.0,11.0,3D,2025-09-24 06:56:38-04:00,POINT (-81.01548 34.011023)
2025-09-23 16:35:36 UTC,sensor01,218208153,21.24,89.71,2025-09-24 10:56:43+00:00,34.010547,-81.015267,92.3,11.29,0.4,159.68,11.0,3D,2025-09-24 06:56:43-04:00,POINT (-81.015267 34.010547)
2025-09-23 16:35:41 UTC,sensor01,218208153,21.24,89.46,2025-09-24 10:56:48+00:00,34.010087,-81.015027,96.0,10.63,0.9,150.58,11.0,3D,2025-09-24 06:56:48-04:00,POINT (-81.015027 34.010087)
2025-09-23 16:35:46 UTC,sensor01,218208153,21.22,89.43,2025-09-24 10:56:53+00:00,34.009665,-81.014713,97.0,11.21,-0.4,146.54,11.0,3D,2025-09-24 06:56:53-04:00,POINT (-81.014713 34.009665)
2025-09-23 16:35:51 UTC,sensor01,218208153,21.21,89.25,2025-09-24 10:56:58+00:00,34.009245,-81.014368,95.0,11.36,-0.2,145.1,11.0,3D,2025-09-24 06:56:58-04:00,POINT (-81.014368 34.009245)
2025-09-23 16:35:56 UTC,sensor01,218208153,21.19,89.19,2025-09-24 10:57:03+00:00,34.0088,-81.014037,91.9,11.14,-0.3,151.15,11.0,3D,2025-09-24 06:57:03-04:00,POINT (-81.014037 34.0088)
2025-09-23 16:36:01 UTC,sensor01,218208153,21.15,89.22,2025-09-24 10:57:08+00:00,34.008368,-81.013785,86.1,9.67,-0.2,158.45,11.0,3D,2025-09-24 06:57:08-04:00,POINT (-81.013785 34.008368)
2025-09-23 16:36:06 UTC,sensor01,218208153,21.12,89.3,2025-09-24 10:57:13+00:00,34.008057,-81.013615,85.1,5.4,-0.3,151.33,11.0,3D,2025-09-24 06:57:13-04:00,POINT (-81.013615 34.008057)
2025-09-23 16:36:11 UTC,sensor01,218208153,21.1,89.47,2025-09-24 10:57:18+00:00,34.007855,-81.013537,84.9,3.36,0.1,167.16,11.0,3D,2025-09-24 06:57:18-04:00,POINT (-81.013537 34.007855)
2025-09-23 16:36:31 UTC,sensor01,218208153,21.08,89.71,2025-09-24 10:57:39+00:00,34.00767,-81.01354,81.9,4.96,0.0,209.69,11.0,3D,2025-09-24 06:57:39-04:00,POINT (-81.01354 34.00767)
2025-09-23 16:36:36 UTC,sensor01,218208153,21.04,89.83,2025-09-24 10:57:44+00:00,34.007507,-81.013837,82.7,7.45,0.4,246.61,11.0,3D,2025-09-24 06:57:44-04:00,POINT (-81.013837 34.007507)
2025-09-23 16:36:41 UTC,sensor01,218208153,21.03,90.0,2025-09-24 10:57:49+00:00,34.007398,-81.01422,84.4,7.21,0.4,249.37,11.0,3D,2025-09-24 06:57:49-04:00,POINT (-81.01422 34.007398)
2025-09-23 16:36:47 UTC,sensor01,218208153,21.01,90.1,2025-09-24 10:57:54+00:00,34.007283,-81.014572,86.0,8.51,0.3,249.48,11.0,3D,2025-09-24 06:57:54-04:00,POINT (-81.014572 34.007283)
2025-09-23 16:36:52 UTC,sensor01,218208153,21.01,90.11,2025-09-24 10:57:59+00:00,34.007093,-81.015093,88.5,11.21,0.4,250.74,11.0,3D,2025-09-24 06:57:59-04:00,POINT (-81.015093 34.007093)
2025-09-23 16:36:57 UTC,sensor01,218208153,21.06,90.11,2025-09-24 10:58:04+00:00,34.006935,-81.015647,91.6,9.62,0.8,251.15,11.0,3D,2025-09-24 06:58:04-04:00,POINT (-81.015647 34.006935)
2025-09-23 16:37:02 UTC,sensor01,218208153,21.13,90.1,2025-09-24 10:58:09+00:00,34.006787,-81.01616,94.6,10.34,0.6,251.11,11.0,3D,2025-09-24 06:58:09-04:00,POINT (-81.01616 34.006787)
2025-09-23 16:37:07 UTC,sensor01,218208153,21.23,89.98,2025-09-24 10:58:14+00:00,34.006607,-81.016722,96.0,11.31,0.6,249.7,11.0,3D,2025-09-24 06:58:14-04:00,POINT (-81.016722 34.006607)
2025-09-23 16:37:12 UTC,sensor01,218208153,21.26,89.78,2025-09-24 10:58:19+00:00,34.006447,-81.01725,95.5,7.91,-0.5,249.69,11.0,3D,2025-09-24 06:58:19-04:00,POINT (-81.01725 34.006447)
2025-09-23 16:37:17 UTC,sensor01,218208153,21.3,89.57,2025-09-24 10:58:24+00:00,34.006323,-81.017467,94.3,4.2,-0.3,193.24,11.0,3D,2025-09-24 06:58:24-04:00,POINT (-81.017467 34.006323)
2025-09-23 16:37:22 UTC,sensor01,218208153,21.27,89.28,2025-09-24 10:58:29+00:00,34.005995,-81.017353,93.1,9.24,-0.3,159.52,11.0,3D,2025-09-24 06:58:29-04:00,POINT (-81.017353 34.005995)
2025-09-23 16:37:27 UTC,sensor01,218208153,21.17,89.4,2025-09-24 10:58:34+00:00,34.005633,-81.017192,90.9,7.63,-0.3,160.51,11.0,3D,2025-09-24 06:58:34-04:00,POINT (-81.017192 34.005633)
2025-09-23 16:37:32 UTC,sensor01,218208153,21.13,89.51,2025-09-24 10:58:39+00:00,34.005378,-81.017057,91.0,3.54,0.2,156.71,11.0,3D,2025-09-24 06:58:39-04:00,POINT (-81.017057 34.005378)
2025-09-23 16:37:37 UTC,sensor01,218208153,21.12,89.61,2025-09-24 10:58:44+00:00,34.005245,-81.016973,91.8,5.2,0.3,154.25,11.0,3D,2025-09-24 06:58:44-04:00,POINT (-81.016973 34.005245)
2025-09-23 16:37:42 UTC,sensor01,218208153,21.1,89.85,2025-09-24 10:58:49+00:00,34.004955,-81.016827,91.7,7.79,-0.2,159.1,11.0,3D,2025-09-24 06:58:49-04:00,POINT (-81.016827 34.004955)
2025-09-23 16:37:47 UTC,sensor01,218208153,21.04,89.85,2025-09-24 10:58:54+00:00,34.004628,-81.01667,91.9,7.29,0.1,159.15,11.0,3D,2025-09-24 06:58:54-04:00,POINT (-81.01667 34.004628)
2025-09-23 16:37:52 UTC,sensor01,218208153,21.04,90.21,2025-09-24 10:58:59+00:00,34.004305,-81.016515,92.3,7.71,0.0,156.01,11.0,3D,2025-09-24 06:58:59-04:00,POINT (-81.016515 34.004305)
2025-09-23 16:37:57 UTC,sensor01,218208153,21.01,90.29,2025-09-24 10:59:04+00:00,34.00399,-81.01638,91.4,7.91,-0.2,158.91,11.0,3D,2025-09-24 06:59:04-04:00,POINT (-81.01638 34.00399)
2025-09-23 16:38:02 UTC,sensor01,218208153,21.02,90.58,2025-09-24 10:59:09+00:00,34.003612,-81.016213,89.8,9.3,-0.5,160.28,11.0,3D,2025-09-24 06:59:09-04:00,POINT (-81.016213 34.003612)
2025-09-23 16:38:07 UTC,sensor01,218208153,21.01,90.7,2025-09-24 10:59:14+00:00,34.003222,-81.016038,87.0,8.98,-0.7,158.85,11.0,3D,2025-09-24 06:59:14-04:00,POINT (-81.016038 34.003222)
2025-09-23 16:38:12 UTC,sensor01,218208153,20.96,90.77,2025-09-24 10:59:19+00:00,34.002865,-81.01588,83.5,8.14,-0.7,159.3,11.0,3D,2025-09-24 06:59:19-04:00,POINT (-81.01588 34.002865)
2025-09-23 16:38:17 UTC,sensor01,218208153,20.95,90.86,2025-09-24 10:59:25+00:00,34.002468,-81.01569,80.4,7.21,-0.5,0.0,11.0,3D,2025-09-24 06:59:25-04:00,POINT (-81.01569 34.002468)
2025-09-23 16:38:22 UTC,sensor01,218208153,20.92,90.85,2025-09-24 10:59:30+00:00,34.00222,-81.015573,78.5,4.65,-0.3,0.0,11.0,3D,2025-09-24 06:59:30-04:00,POINT (-81.015573 34.00222)
2025-09-23 16:38:32 UTC,sensor01,218208153,20.87,90.87,2025-09-24 10:59:40+00:00,34.00197,-81.015467,75.6,5.5,-0.2,0.0,11.0,3D,2025-09-24 06:59:40-04:00,POINT (-81.015467 34.00197)
2025-09-23 16:38:37 UTC,sensor01,218208153,20.82,90.88,2025-09-24 10:59:45+00:00,34.001717,-81.01535,73.1,5.84,-0.3,156.81,11.0,3D,2025-09-24 06:59:45-04:00,POINT (-81.01535 34.001717)
2025-09-23 16:38:42 UTC,sensor01,218208153,20.77,90.62,2025-09-24 10:59:50+00:00,34.00148,-81.015232,72.7,5.38,-0.1,157.87,11.0,3D,2025-09-24 06:59:50-04:00,POINT (-81.015232 34.00148)
2025-09-23 16:38:47 UTC,sensor01,218208153,20.71,90.45,2025-09-24 10:59:55+00:00,34.00129,-81.01514,72.2,3.9,-0.1,160.19,11.0,3D,2025-09-24 06:59:55-04:00,POINT (-81.01514 34.00129)
2025-09-23 16:39:03 UTC,sensor01,218208153,20.55,90.66,2025-09-24 11:00:10+00:00,34.001225,-81.014955,73.1,5.14,0.0,32.14,11.0,3D,2025-09-24 07:00:10-04:00,POINT (-81.014955 34.001225)
2025-09-23 16:39:08 UTC,sensor01,218208153,20.42,90.81,2025-09-24 11:00:15+00:00,34.001487,-81.014762,73.6,7.1,-0.1,31.02,11.0,3D,2025-09-24 07:00:15-04:00,POINT (-81.014762 34.001487)
2025-09-23 16:39:13 UTC,sensor01,218208153,20.33,91.12,2025-09-24 11:00:20+00:00,34.001765,-81.014567,73.2,6.95,0.0,33.51,11.0,3D,2025-09-24 07:00:20-04:00,POINT (-81.014567 34.001765)
2025-09-23 16:39:18 UTC,sensor01,218208153,20.25,91.41,2025-09-24 11:00:25+00:00,34.001985,-81.014373,73.2,5.12,-0.1,40.66,11.0,3D,2025-09-24 07:00:25-04:00,POINT (-81.014373 34.001985)
2025-09-23 16:39:23 UTC,sensor01,218208153,20.2,91.94,2025-09-24 11:00:30+00:00,34.00214,-81.014207,73.6,3.56,0.0,42.63,11.0,3D,2025-09-24 07:00:30-04:00,POINT (-81.014207 34.00214)
2025-09-23 16:39:28 UTC,sensor01,218208153,20.16,92.03,2025-09-24 11:00:35+00:00,34.002217,-81.014095,74.7,3.1,0.7,46.86,11.0,3D,2025-09-24 07:00:35-04:00,POINT (-81.014095 34.002217)
2025-09-23 19:50:45 UTC,sensor03,218187713,20.54,90.09,2025-09-24 09:56:05+00:00,33.979867,-81.039695,62.1,4.05,-0.1,233.37,9.0,3D,2025-09-24 05:56:05-04:00,POINT (-81.039695 33.979867)
2025-09-23 19:50:50 UTC,sensor03,218187713,20.44,90.37,2025-09-24 09:56:10+00:00,33.979788,-81.039915,61.9,4.79,-0.1,242.78,9.0,3D,2025-09-24 05:56:10-04:00,POINT (-81.039915 33.979788)
2025-09-23 19:50:55 UTC,sensor03,218187713,20.34,90.79,2025-09-24 09:56:15+00:00,33.979692,-81.040187,61.3,5.33,-0.2,240.14,9.0,3D,2025-09-24 05:56:15-04:00,POINT (-81.040187 33.979692)
2025-09-23 19:51:15 UTC,sensor03,218187713,20.29,91.54,2025-09-24 09:56:35+00:00,33.979748,-81.040167,60.1,4.37,0.0,55.41,9.0,3D,2025-09-24 05:56:35-04:00,POINT (-81.040167 33.979748)
2025-09-23 19:51:20 UTC,sensor03,218187713,20.26,91.75,2025-09-24 09:56:40+00:00,33.979855,-81.03988,60.3,6.1,0.1,69.16,9.0,3D,2025-09-24 05:56:40-04:00,POINT (-81.03988 33.979855)
2025-09-23 19:51:25 UTC,sensor03,218187713,20.27,91.76,2025-09-24 09:56:45+00:00,33.979982,-81.039592,60.7,5.28,0.1,59.74,9.0,3D,2025-09-24 05:56:45-04:00,POINT (-81.039592 33.979982)
2025-09-23 19:51:30 UTC,sensor03,218187713,20.36,91.8,2025-09-24 09:56:50+00:00,33.980098,-81.039285,61.0,6.49,0.1,63.72,10.0,3D,2025-09-24 05:56:50-04:00,POINT (-81.039285 33.980098)
2025-09-23 19:51:35 UTC,sensor03,218187713,20.6,91.52,2025-09-24 09:56:55+00:00,33.980222,-81.038977,61.5,5.63,0.1,65.58,10.0,3D,2025-09-24 05:56:55-04:00,POINT (-81.038977 33.980222)
2025-09-23 19:51:40 UTC,sensor03,218187713,20.72,90.89,2025-09-24 09:57:00+00:00,33.980447,-81.038872,63.0,4.32,0.2,356.57,10.0,3D,2025-09-24 05:57:00-04:00,POINT (-81.038872 33.980447)
2025-09-23 19:51:45 UTC,sensor03,218187713,20.79,90.36,2025-09-24 09:57:05+00:00,33.980712,-81.039013,64.0,7.57,0.3,334.47,10.0,3D,2025-09-24 05:57:05-04:00,POINT (-81.039013 33.980712)
2025-09-23 19:51:50 UTC,sensor03,218187713,20.82,89.82,2025-09-24 09:57:10+00:00,33.981023,-81.039165,64.2,8.28,0.0,339.03,10.0,3D,2025-09-24 05:57:10-04:00,POINT (-81.039165 33.981023)
2025-09-23 19:51:55 UTC,sensor03,218187713,20.81,89.63,2025-09-24 09:57:15+00:00,33.981368,-81.039325,65.1,8.1,0.2,340.05,10.0,3D,2025-09-24 05:57:15-04:00,POINT (-81.039325 33.981368)
2025-09-23 19:52:00 UTC,sensor03,218187713,20.7,89.57,2025-09-24 09:57:20+00:00,33.98163,-81.039428,65.9,6.73,0.0,341.24,11.0,3D,2025-09-24 05:57:20-04:00,POINT (-81.039428 33.98163)
2025-09-23 19:52:05 UTC,sensor03,218187713,20.55,89.82,2025-09-24 09:57:25+00:00,33.98193,-81.039563,66.3,7.9,0.3,337.82,11.0,3D,2025-09-24 05:57:25-04:00,POINT (-81.039563 33.98193)
2025-09-23 19:52:10 UTC,sensor03,218187713,20.51,90.22,2025-09-24 09:57:30+00:00,33.982245,-81.039718,67.4,6.89,0.2,339.49,11.0,3D,2025-09-24 05:57:30-04:00,POINT (-81.039718 33.982245)
2025-09-23 19:52:16 UTC,sensor03,218187713,20.51,90.38,2025-09-24 09:57:36+00:00,33.982563,-81.039643,68.4,7.14,0.1,0.0,11.0,3D,2025-09-24 05:57:36-04:00,POINT (-81.039643 33.982563)
2025-09-23 19:52:21 UTC,sensor03,218187713,20.43,90.52,2025-09-24 09:57:41+00:00,33.982772,-81.039287,68.9,8.86,0.1,0.0,4.0,3D,2025-09-24 05:57:41-04:00,POINT (-81.039287 33.982772)
2025-09-23 19:52:26 UTC,sensor03,218187713,20.47,90.71,2025-09-24 09:57:46+00:00,33.982873,-81.038918,69.2,8.81,0.0,0.0,4.0,3D,2025-09-24 05:57:46-04:00,POINT (-81.038918 33.982873)
2025-09-23 19:52:31 UTC,sensor03,218187713,20.47,90.79,2025-09-24 09:57:51+00:00,33.982963,-81.038407,69.6,10.19,0.0,0.0,8.0,3D,2025-09-24 05:57:51-04:00,POINT (-81.038407 33.982963)
2025-09-23 19:52:36 UTC,sensor03,218187713,20.52,90.73,2025-09-24 09:57:53+00:00,33.983003,-81.038195,69.1,9.7,-0.2,0.0,10.0,3D,2025-09-24 05:57:53-04:00,POINT (-81.038195 33.983003)
2025-09-23 19:52:41 UTC,sensor03,218187713,20.5,90.55,2025-09-24 09:58:01+00:00,33.98317,-81.03768,67.9,6.06,0.2,0.0,8.0,3D,2025-09-24 05:58:01-04:00,POINT (-81.03768 33.98317)
2025-09-23 19:52:46 UTC,sensor03,218187713,20.52,90.54,2025-09-24 09:58:06+00:00,33.983353,-81.03764,69.0,3.96,0.3,341.57,10.0,3D,2025-09-24 05:58:06-04:00,POINT (-81.03764 33.983353)
2025-09-23 19:52:51 UTC,sensor03,218187713,20.43,90.5,2025-09-24 09:58:11+00:00,33.983595,-81.037743,70.8,6.92,0.5,0.0,10.0,3D,2025-09-24 05:58:11-04:00,POINT (-81.037743 33.983595)
2025-09-23 19:52:56 UTC,sensor03,218187713,20.61,90.8,2025-09-24 09:58:16+00:00,33.983818,-81.037787,71.9,5.83,0.2,0.0,10.0,3D,2025-09-24 05:58:16-04:00,POINT (-81.037787 33.983818)
2025-09-23 19:53:01 UTC,sensor03,218187713,20.73,90.56,2025-09-24 09:58:21+00:00,33.984137,-81.0379,73.3,7.9,0.4,345.24,10.0,3D,2025-09-24 05:58:21-04:00,POINT (-81.0379 33.984137)
2025-09-23 19:53:06 UTC,sensor03,218187713,20.76,90.21,2025-09-24 09:58:26+00:00,33.984353,-81.037992,75.0,2.47,0.6,348.94,10.0,3D,2025-09-24 05:58:26-04:00,POINT (-81.037992 33.984353)
2025-09-23 19:54:27 UTC,sensor03,218187713,20.97,89.6,2025-09-24 09:59:47+00:00,33.98453,-81.038153,81.6,4.77,-0.1,0.0,12.0,3D,2025-09-24 05:59:47-04:00,POINT (-81.038153 33.98453)
2025-09-23 19:54:32 UTC,sensor03,218187713,20.85,89.36,2025-09-24 09:59:52+00:00,33.984497,-81.03851,82.0,8.07,0.0,0.0,12.0,3D,2025-09-24 05:59:52-04:00,POINT (-81.03851 33.984497)
2025-09-23 19:54:37 UTC,sensor03,218187713,20.81,89.56,2025-09-24 09:59:53+00:00,33.984488,-81.0386,82.0,8.01,0.0,264.95,12.0,3D,2025-09-24 05:59:53-04:00,POINT (-81.0386 33.984488)
2025-09-23 19:54:42 UTC,sensor03,218187713,20.75,89.77,2025-09-24 10:00:02+00:00,33.98511,-81.03913,81.8,12.05,0.0,339.3,12.0,3D,2025-09-24 06:00:02-04:00,POINT (-81.03913 33.98511)
2025-09-23 19:54:47 UTC,sensor03,218187713,20.84,90.05,2025-09-24 10:00:07+00:00,33.985715,-81.039388,81.2,14.52,-0.3,340.45,12.0,3D,2025-09-24 06:00:07-04:00,POINT (-81.039388 33.985715)
2025-09-23 19:54:52 UTC,sensor03,218187713,20.79,89.6,2025-09-24 10:00:12+00:00,33.986342,-81.039692,78.1,14.67,-0.5,338.65,12.0,3D,2025-09-24 06:00:12-04:00,POINT (-81.039692 33.986342)
2025-09-23 19:54:57 UTC,sensor03,218187713,20.74,89.7,2025-09-24 10:00:17+00:00,33.986982,-81.039988,75.8,15.18,-0.6,338.02,12.0,3D,2025-09-24 06:00:17-04:00,POINT (-81.039988 33.986982)
2025-09-23 19:55:02 UTC,sensor03,218187713,20.65,90.06,2025-09-24 10:00:22+00:00,33.98762,-81.040275,74.3,15.22,-0.1,339.51,12.0,3D,2025-09-24 06:00:22-04:00,POINT (-81.040275 33.98762)
2025-09-23 19:55:07 UTC,sensor03,218187713,20.94,90.32,2025-09-24 10:00:27+00:00,33.988243,-81.04055,72.6,14.51,-0.4,340.24,12.0,3D,2025-09-24 06:00:27-04:00,POINT (-81.04055 33.988243)
2025-09-23 19:55:12 UTC,sensor03,218187713,21.39,89.56,2025-09-24 10:00:32+00:00,33.988853,-81.040813,70.5,14.24,-0.3,340.65,12.0,3D,2025-09-24 06:00:32-04:00,POINT (-81.040813 33.988853)
2025-09-23 19:55:17 UTC,sensor03,218187713,21.6,88.37,2025-09-24 10:00:37+00:00,33.989485,-81.041083,67.5,14.66,-0.5,337.16,12.0,3D,2025-09-24 06:00:37-04:00,POINT (-81.041083 33.989485)
2025-09-23 19:55:22 UTC,sensor03,218187713,21.64,87.41,2025-09-24 10:00:42+00:00,33.99007,-81.041357,67.1,13.84,-0.2,336.29,12.0,3D,2025-09-24 06:00:42-04:00,POINT (-81.041357 33.99007)
2025-09-23 19:55:27 UTC,sensor03,218187713,21.6,87.17,2025-09-24 10:00:47+00:00,33.990612,-81.041617,68.9,13.65,0.5,339.54,12.0,3D,2025-09-24 06:00:47-04:00,POINT (-81.041617 33.990612)
2025-09-23 19:55:32 UTC,sensor03,218187713,21.69,87.0,2025-09-24 10:00:52+00:00,33.991198,-81.041873,70.2,14.23,0.2,340.74,12.0,3D,2025-09-24 06:00:52-04:00,POINT (-81.041873 33.991198)
2025-09-23 19:55:37 UTC,sensor03,218187713,21.6,86.61,2025-09-24 10:00:57+00:00,33.991795,-81.04211,71.0,13.03,0.2,342.23,12.0,3D,2025-09-24 06:00:57-04:00,POINT (-81.04211 33.991795)
2025-09-23 19:55:42 UTC,sensor03,218187713,21.59,86.78,2025-09-24 10:01:02+00:00,33.99222,-81.042278,72.0,7.8,0.2,347.44,12.0,3D,2025-09-24 06:01:02-04:00,POINT (-81.042278 33.99222)
2025-09-23 19:55:47 UTC,sensor03,218187713,21.74,86.54,2025-09-24 10:01:07+00:00,33.992438,-81.042013,71.5,8.43,-0.4,59.36,12.0,3D,2025-09-24 06:01:07-04:00,POINT (-81.042013 33.992438)
2025-09-23 19:55:52 UTC,sensor03,218187713,21.67,86.25,2025-09-24 10:01:12+00:00,33.992625,-81.04148,70.5,10.48,-0.1,67.33,12.0,3D,2025-09-24 06:01:12-04:00,POINT (-81.04148 33.992625)
2025-09-23 19:55:57 UTC,sensor03,218187713,21.6,86.23,2025-09-24 10:01:17+00:00,33.992753,-81.041075,70.1,4.54,-0.2,69.4,12.0,3D,2025-09-24 06:01:17-04:00,POINT (-81.041075 33.992753)
2025-09-23 19:56:02 UTC,sensor03,218187713,21.6,86.24,2025-09-24 10:01:22+00:00,33.992833,-81.040822,69.6,7.84,-0.1,66.49,12.0,3D,2025-09-24 06:01:22-04:00,POINT (-81.040822 33.992833)
2025-09-23 19:56:07 UTC,sensor03,218187713,21.66,86.09,2025-09-24 10:01:27+00:00,33.993033,-81.040318,73.2,12.09,0.8,68.38,12.0,3D,2025-09-24 06:01:27-04:00,POINT (-81.040318 33.993033)
2025-09-23 19:56:12 UTC,sensor03,218187713,21.71,85.84,2025-09-24 10:01:32+00:00,33.993247,-81.039672,77.2,12.91,0.9,69.25,12.0,3D,2025-09-24 06:01:32-04:00,POINT (-81.039672 33.993247)
2025-09-23 19:56:18 UTC,sensor03,218187713,21.61,85.68,2025-09-24 10:01:37+00:00,33.99345,-81.039003,80.2,13.4,0.3,70.36,12.0,3D,2025-09-24 06:01:37-04:00,POINT (-81.039003 33.99345)
2025-09-23 19:56:23 UTC,sensor03,218187713,21.53,85.78,2025-09-24 10:01:43+00:00,33.993663,-81.038183,81.1,11.34,-0.1,0.0,12.0,3D,2025-09-24 06:01:43-04:00,POINT (-81.038183 33.993663)
2025-09-23 19:56:28 UTC,sensor03,218187713,21.49,85.89,2025-09-24 10:01:48+00:00,33.993762,-81.037837,80.8,2.78,0.0,0.0,12.0,3D,2025-09-24 06:01:48-04:00,POINT (-81.037837 33.993762)
2025-09-23 19:56:33 UTC,sensor03,218187713,21.51,86.07,2025-09-24 10:01:53+00:00,33.99379,-81.037662,80.5,6.42,0.0,0.0,12.0,3D,2025-09-24 06:01:53-04:00,POINT (-81.037662 33.99379)
2025-09-23 19:56:38 UTC,sensor03,218187713,21.53,86.08,2025-09-24 10:01:54+00:00,33.993818,-81.037578,80.6,8.82,0.1,64.96,12.0,3D,2025-09-24 06:01:54-04:00,POINT (-81.037578 33.993818)
2025-09-23 19:56:43 UTC,sensor03,218187713,21.57,86.4,2025-09-24 10:02:03+00:00,33.994168,-81.036543,81.8,12.41,0.2,65.14,12.0,3D,2025-09-24 06:02:03-04:00,POINT (-81.036543 33.994168)
2025-09-23 19:56:48 UTC,sensor03,218187713,21.6,86.4,2025-09-24 10:02:08+00:00,33.994295,-81.036118,83.4,5.54,0.1,65.05,12.0,3D,2025-09-24 06:02:08-04:00,POINT (-81.036118 33.994295)
2025-09-23 19:56:53 UTC,sensor03,218187713,21.65,86.38,2025-09-24 10:02:13+00:00,33.994453,-81.035975,83.5,3.63,-0.3,31.75,12.0,3D,2025-09-24 06:02:13-04:00,POINT (-81.035975 33.994453)
2025-09-23 19:56:58 UTC,sensor03,218187713,21.58,86.21,2025-09-24 10:02:18+00:00,33.9948,-81.036122,82.4,9.51,0.0,340.59,12.0,3D,2025-09-24 06:02:18-04:00,POINT (-81.036122 33.9948)
2025-09-23 19:57:03 UTC,sensor03,218187713,21.57,86.29,2025-09-24 10:02:23+00:00,33.99522,-81.036347,81.4,9.43,0.1,339.91,12.0,3D,2025-09-24 06:02:23-04:00,POINT (-81.036347 33.99522)
2025-09-23 19:57:08 UTC,sensor03,218187713,21.66,86.46,2025-09-24 10:02:28+00:00,33.995515,-81.036498,79.5,4.63,-0.1,333.4,12.0,3D,2025-09-24 06:02:28-04:00,POINT (-81.036498 33.995515)
2025-09-23 19:57:13 UTC,sensor03,218187713,21.73,86.34,2025-09-24 10:02:33+00:00,33.995432,-81.03665,79.3,2.89,-0.4,178.1,12.0,3D,2025-09-24 06:02:33-04:00,POINT (-81.03665 33.995432)
2025-09-23 19:58:08 UTC,sensor03,218187713,21.74,85.91,2025-09-24 10:03:28+00:00,33.995262,-81.036553,77.9,3.91,0.1,162.98,12.0,3D,2025-09-24 06:03:28-04:00,POINT (-81.036553 33.995262)
2025-09-23 19:58:13 UTC,sensor03,218187713,21.71,85.9,2025-09-24 10:03:33+00:00,33.994987,-81.03642,77.9,8.11,0.0,158.42,12.0,3D,2025-09-24 06:03:33-04:00,POINT (-81.03642 33.994987)
2025-09-23 19:58:18 UTC,sensor03,218187713,21.64,85.89,2025-09-24 10:03:38+00:00,33.994652,-81.036258,78.0,7.74,0.0,160.5,12.0,3D,2025-09-24 06:03:38-04:00,POINT (-81.036258 33.994652)
2025-09-23 19:58:23 UTC,sensor03,218187713,21.59,86.13,2025-09-24 10:03:43+00:00,33.99443,-81.036158,78.2,2.69,0.2,155.14,12.0,3D,2025-09-24 06:03:43-04:00,POINT (-81.036158 33.99443)
2025-09-23 19:58:29 UTC,sensor03,218187713,21.65,86.07,2025-09-24 10:03:48+00:00,33.994302,-81.036197,78.8,4.64,0.1,210.29,12.0,3D,2025-09-24 06:03:48-04:00,POINT (-81.036197 33.994302)
2025-09-23 19:58:34 UTC,sensor03,218187713,21.71,86.07,2025-09-24 10:03:54+00:00,33.994072,-81.036768,78.9,12.25,-0.4,0.0,12.0,3D,2025-09-24 06:03:54-04:00,POINT (-81.036768 33.994072)
2025-09-23 19:58:39 UTC,sensor03,218187713,21.6,85.98,2025-09-24 10:03:55+00:00,33.994042,-81.03688,78.6,10.15,-0.3,250.11,12.0,3D,2025-09-24 06:03:55-04:00,POINT (-81.03688 33.994042)
2025-09-23 19:58:44 UTC,sensor03,218187713,21.64,85.86,2025-09-24 10:03:55+00:00,33.994042,-81.03688,78.6,10.15,-0.3,250.11,12.0,3D,2025-09-24 06:03:55-04:00,POINT (-81.03688 33.994042)
2025-09-23 19:58:49 UTC,sensor03,218187713,21.62,85.62,2025-09-24 10:04:09+00:00,33.993768,-81.037757,75.1,7.98,-0.1,0.0,12.0,3D,2025-09-24 06:04:09-04:00,POINT (-81.037757 33.993768)
2025-09-23 19:58:54 UTC,sensor03,218187713,21.56,85.64,2025-09-24 10:04:14+00:00,33.993567,-81.038345,75.9,13.13,0.6,248.47,12.0,3D,2025-09-24 06:04:14-04:00,POINT (-81.038345 33.993567)
2025-09-23 19:58:59 UTC,sensor03,218187713,21.54,85.82,2025-09-24 10:04:19+00:00,33.993355,-81.039045,78.7,13.89,0.1,249.6,12.0,3D,2025-09-24 06:04:19-04:00,POINT (-81.039045 33.993355)
2025-09-23 19:59:04 UTC,sensor03,218187713,21.74,85.84,2025-09-24 10:04:24+00:00,33.993112,-81.039765,78.3,13.42,-0.5,244.87,12.0,3D,2025-09-24 06:04:24-04:00,POINT (-81.039765 33.993112)
2025-09-23 19:59:09 UTC,sensor03,218187713,21.8,85.63,2025-09-24 10:04:29+00:00,33.992877,-81.04045,75.1,11.66,-0.6,249.58,12.0,3D,2025-09-24 06:04:29-04:00,POINT (-81.04045 33.992877)
2025-09-23 19:59:19 UTC,sensor03,218187713,21.88,85.42,2025-09-24 10:04:39+00:00,33.992838,-81.040902,71.2,5.01,-0.4,243.2,12.0,3D,2025-09-24 06:04:39-04:00,POINT (-81.040902 33.992838)
2025-09-23 19:59:24 UTC,sensor03,218187713,21.72,85.28,2025-09-24 10:04:44+00:00,33.992685,-81.041332,69.7,10.27,-0.5,245.65,12.0,3D,2025-09-24 06:04:44-04:00,POINT (-81.041332 33.992685)
2025-09-23 19:59:29 UTC,sensor03,218187713,21.72,85.42,2025-09-24 10:04:49+00:00,33.992498,-81.041845,68.3,9.94,-0.3,250.5,12.0,3D,2025-09-24 06:04:49-04:00,POINT (-81.041845 33.992498)
2025-09-23 19:59:34 UTC,sensor03,218187713,21.83,85.51,2025-09-24 10:04:54+00:00,33.992372,-81.042235,66.8,4.95,0.0,246.95,12.0,3D,2025-09-24 06:04:54-04:00,POINT (-81.042235 33.992372)
2025-09-23 19:59:39 UTC,sensor03,218187713,21.79,85.32,2025-09-24 10:04:59+00:00,33.992363,-81.04241,65.7,3.49,-0.1,283.39,12.0,3D,2025-09-24 06:04:59-04:00,POINT (-81.04241 33.992363)
2025-09-23 19:59:44 UTC,sensor03,218187713,21.82,85.27,2025-09-24 10:05:04+00:00,33.992713,-81.04263,64.2,10.33,-0.1,339.77,12.0,3D,2025-09-24 06:05:04-04:00,POINT (-81.04263 33.992713)
2025-09-23 19:59:49 UTC,sensor03,218187713,21.71,85.13,2025-09-24 10:05:09+00:00,33.993263,-81.042867,64.9,13.88,0.2,340.08,12.0,3D,2025-09-24 06:05:09-04:00,POINT (-81.042867 33.993263)
2025-09-23 19:59:54 UTC,sensor03,218187713,21.57,85.32,2025-09-24 10:05:14+00:00,33.99388,-81.043145,64.0,14.53,-0.6,337.23,12.0,3D,2025-09-24 06:05:14-04:00,POINT (-81.043145 33.99388)
2025-09-23 20:00:09 UTC,sensor03,218187713,21.45,86.03,2025-09-24 10:05:29+00:00,33.995905,-81.044058,58.0,14.88,-0.1,339.96,12.0,3D,2025-09-24 06:05:29-04:00,POINT (-81.044058 33.995905)
2025-09-23 20:00:14 UTC,sensor03,218187713,21.71,86.04,2025-09-24 10:05:34+00:00,33.996488,-81.044312,58.8,12.34,0.3,339.82,12.0,3D,2025-09-24 06:05:34-04:00,POINT (-81.044312 33.996488)
2025-09-23 20:00:20 UTC,sensor03,218187713,21.79,85.56,2025-09-24 10:05:39+00:00,33.996982,-81.044523,61.6,10.86,0.6,340.34,12.0,3D,2025-09-24 06:05:39-04:00,POINT (-81.044523 33.996982)
2025-09-23 20:00:25 UTC,sensor03,218187713,21.84,85.42,2025-09-24 10:05:45+00:00,33.997413,-81.04472,63.7,7.32,0.4,0.0,12.0,3D,2025-09-24 06:05:45-04:00,POINT (-81.04472 33.997413)
2025-09-23 20:00:55 UTC,sensor03,218187713,22.12,84.17,2025-09-24 10:06:15+00:00,33.997878,-81.044935,64.8,9.39,0.2,337.82,12.0,3D,2025-09-24 06:06:15-04:00,POINT (-81.044935 33.997878)
2025-09-23 20:01:00 UTC,sensor03,218187713,22.0,84.08,2025-09-24 10:06:20+00:00,33.998362,-81.045162,65.4,12.44,0.3,339.01,12.0,3D,2025-09-24 06:06:20-04:00,POINT (-81.045162 33.998362)
2025-09-23 20:01:05 UTC,sensor03,218187713,21.96,84.36,2025-09-24 10:06:25+00:00,33.998922,-81.04541,67.9,13.88,0.4,340.11,12.0,3D,2025-09-24 06:06:25-04:00,POINT (-81.04541 33.998922)
2025-09-23 20:01:10 UTC,sensor03,218187713,21.88,84.54,2025-09-24 10:06:30+00:00,33.999535,-81.045673,66.0,15.25,-1.0,339.94,12.0,3D,2025-09-24 06:06:30-04:00,POINT (-81.045673 33.999535)
2025-09-23 20:01:20 UTC,sensor03,218187713,22.04,84.64,2025-09-24 10:06:40+00:00,34.00091,-81.046247,60.4,14.06,0.0,340.44,12.0,3D,2025-09-24 06:06:40-04:00,POINT (-81.046247 34.00091)
2025-09-23 20:01:25 UTC,sensor03,218187713,22.03,84.45,2025-09-24 10:06:45+00:00,34.001445,-81.046503,61.6,12.29,0.6,339.22,12.0,3D,2025-09-24 06:06:45-04:00,POINT (-81.046503 34.001445)
2025-09-23 20:01:30 UTC,sensor03,218187713,22.09,84.43,2025-09-24 10:06:50+00:00,34.001907,-81.046682,62.7,11.45,0.1,341.35,12.0,3D,2025-09-24 06:06:50-04:00,POINT (-81.046682 34.001907)
2025-09-23 20:01:35 UTC,sensor03,218187713,22.16,84.37,2025-09-24 10:06:55+00:00,34.002403,-81.046912,63.7,11.02,0.3,337.17,12.0,3D,2025-09-24 06:06:55-04:00,POINT (-81.046912 34.002403)
2025-09-23 20:01:40 UTC,sensor03,218187713,22.13,84.22,2025-09-24 10:07:00+00:00,34.002773,-81.04712,64.6,6.8,0.2,339.15,12.0,3D,2025-09-24 06:07:00-04:00,POINT (-81.04712 34.002773)
2025-09-23 20:01:45 UTC,sensor03,218187713,22.11,84.08,2025-09-24 10:07:05+00:00,34.002997,-81.047237,65.0,4.16,0.1,334.08,12.0,3D,2025-09-24 06:07:05-04:00,POINT (-81.047237 34.002997)
2025-09-23 20:01:50 UTC,sensor03,218187713,22.01,84.01,2025-09-24 10:07:10+00:00,34.003075,-81.047487,65.3,7.5,0.0,261.64,12.0,3D,2025-09-24 06:07:10-04:00,POINT (-81.047487 34.003075)
2025-09-23 20:01:55 UTC,sensor03,218187713,21.93,84.29,2025-09-24 10:07:15+00:00,34.002922,-81.047977,64.5,10.28,-0.3,249.49,12.0,3D,2025-09-24 06:07:15-04:00,POINT (-81.047977 34.002922)
2025-09-23 20:02:00 UTC,sensor03,218187713,21.89,84.57,2025-09-24 10:07:20+00:00,34.002713,-81.048525,62.9,10.61,-0.3,250.19,12.0,3D,2025-09-24 06:07:20-04:00,POINT (-81.048525 34.002713)
2025-09-23 20:02:05 UTC,sensor03,218187713,21.91,84.6,2025-09-24 10:07:25+00:00,34.00247,-81.048883,61.7,7.08,-0.2,219.84,12.0,3D,2025-09-24 06:07:25-04:00,POINT (-81.048883 34.00247)
2025-09-23 20:02:10 UTC,sensor03,218187713,21.84,84.58,2025-09-24 10:07:30+00:00,34.002102,-81.048763,63.3,10.28,0.6,158.8,12.0,3D,2025-09-24 06:07:30-04:00,POINT (-81.048763 34.002102)
2025-09-23 20:02:15 UTC,sensor03,218187713,21.71,84.83,2025-09-24 10:07:35+00:00,34.001637,-81.048543,65.0,9.43,0.1,161.39,12.0,3D,2025-09-24 06:07:35-04:00,POINT (-81.048543 34.001637)
2025-09-23 20:02:20 UTC,sensor03,218187713,21.61,85.38,2025-09-24 10:07:40+00:00,34.001275,-81.048615,65.4,9.06,0.2,223.19,12.0,3D,2025-09-24 06:07:40-04:00,POINT (-81.048615 34.001275)
2025-09-23 20:02:25 UTC,sensor03,218187713,21.82,85.14,2025-09-24 10:07:45+00:00,34.001048,-81.049188,67.3,13.9,0.4,246.67,12.0,3D,2025-09-24 06:07:45-04:00,POINT (-81.049188 34.001048)
2025-09-23 20:03:36 UTC,sensor03,218187713,20.32,88.51,2025-09-24 10:08:56+00:00,33.995212,-81.061952,70.5,14.62,0.7,248.55,12.0,3D,2025-09-24 06:08:56-04:00,POINT (-81.061952 33.995212)
2025-09-23 20:03:41 UTC,sensor03,218187713,20.18,88.88,2025-09-24 10:09:01+00:00,33.994973,-81.062698,74.4,15.46,0.8,247.11,12.0,3D,2025-09-24 06:09:01-04:00,POINT (-81.062698 33.994973)
2025-09-23 20:03:56 UTC,sensor03,218187713,20.07,89.73,2025-09-24 10:09:16+00:00,33.994203,-81.065113,85.4,15.49,0.8,247.53,12.0,3D,2025-09-24 06:09:16-04:00,POINT (-81.065113 33.994203)
2025-09-23 20:04:01 UTC,sensor03,218187713,20.1,89.85,2025-09-24 10:09:21+00:00,33.99394,-81.065895,87.2,15.48,0.6,248.39,12.0,3D,2025-09-24 06:09:21-04:00,POINT (-81.065895 33.99394)
2025-09-23 20:04:21 UTC,sensor03,218187713,20.35,89.37,2025-09-24 10:09:41+00:00,33.992885,-81.069077,91.3,14.95,0.5,247.73,12.0,3D,2025-09-24 06:09:41-04:00,POINT (-81.069077 33.992885)
2025-09-23 20:04:26 UTC,sensor03,218187713,20.28,89.28,2025-09-24 10:09:46+00:00,33.992642,-81.069848,92.6,15.55,-0.1,249.54,12.0,3D,2025-09-24 06:09:46-04:00,POINT (-81.069848 33.992642)
2025-09-23 20:04:42 UTC,sensor03,218187713,20.44,88.77,2025-09-24 10:10:01+00:00,33.991997,-81.07222,96.0,13.13,0.4,253.01,12.0,3D,2025-09-24 06:10:01-04:00,POINT (-81.07222 33.991997)
2025-09-23 20:04:47 UTC,sensor03,218187713,20.51,89.0,2025-09-24 10:10:06+00:00,33.991843,-81.07285,96.6,11.36,0.2,255.14,12.0,3D,2025-09-24 06:10:06-04:00,POINT (-81.07285 33.991843)
2025-09-23 20:04:52 UTC,sensor03,218187713,20.89,89.3,2025-09-24 10:10:12+00:00,33.991685,-81.073495,96.9,9.35,0.2,249.12,12.0,3D,2025-09-24 06:10:12-04:00,POINT (-81.073495 33.991685)
2025-09-23 20:04:57 UTC,sensor03,218187713,21.13,89.21,2025-09-24 10:10:17+00:00,33.991547,-81.073803,96.6,3.43,-0.3,212.71,12.0,3D,2025-09-24 06:10:17-04:00,POINT (-81.073803 33.991547)
2025-09-23 20:05:02 UTC,sensor03,218187713,21.16,88.48,2025-09-24 10:10:22+00:00,33.991508,-81.073558,97.8,7.81,0.4,76.81,12.0,3D,2025-09-24 06:10:22-04:00,POINT (-81.073558 33.991508)
2025-09-23 20:05:07 UTC,sensor03,218187713,21.21,87.94,2025-09-24 10:10:27+00:00,33.99165,-81.072917,99.2,13.97,0.4,73.96,12.0,3D,2025-09-24 06:10:27-04:00,POINT (-81.072917 33.99165)
2025-09-23 20:07:18 UTC,sensor03,218187713,21.48,87.86,2025-09-24 10:12:38+00:00,34.001288,-81.048063,69.1,14.28,-0.1,68.59,12.0,3D,2025-09-24 06:12:38-04:00,POINT (-81.048063 34.001288)
2025-09-23 20:07:23 UTC,sensor03,218187713,21.48,87.52,2025-09-24 10:12:43+00:00,34.0015,-81.047407,70.7,12.17,0.2,71.92,12.0,3D,2025-09-24 06:12:43-04:00,POINT (-81.047407 34.0015)
2025-09-23 20:07:28 UTC,sensor03,218187713,21.41,87.97,2025-09-24 10:12:48+00:00,34.001635,-81.046878,72.5,6.8,0.4,71.85,12.0,3D,2025-09-24 06:12:48-04:00,POINT (-81.046878 34.001635)
2025-09-23 20:07:33 UTC,sensor03,218187713,21.49,88.18,2025-09-24 10:12:53+00:00,34.00157,-81.046652,73.3,7.27,-0.3,150.96,12.0,3D,2025-09-24 06:12:53-04:00,POINT (-81.046652 34.00157)
2025-09-23 20:07:38 UTC,sensor03,218187713,21.73,87.51,2025-09-24 10:12:58+00:00,34.001017,-81.04641,69.8,14.76,-0.8,159.52,12.0,3D,2025-09-24 06:12:58-04:00,POINT (-81.04641 34.001017)
2025-09-23 20:07:53 UTC,sensor03,218187713,21.78,86.26,2025-09-24 10:13:13+00:00,33.998912,-81.045468,73.5,13.97,-0.3,159.83,12.0,3D,2025-09-24 06:13:13-04:00,POINT (-81.045468 33.998912)
2025-09-23 20:07:58 UTC,sensor03,218187713,21.82,85.99,2025-09-24 10:13:18+00:00,33.998373,-81.045228,72.6,10.91,-0.2,158.89,12.0,3D,2025-09-24 06:13:18-04:00,POINT (-81.045228 33.998373)
2025-09-23 20:08:04 UTC,sensor03,218187713,21.92,85.77,2025-09-24 10:13:23+00:00,33.998027,-81.045073,72.0,6.14,0.0,161.1,12.0,3D,2025-09-24 06:13:23-04:00,POINT (-81.045073 33.998027)
2025-09-23 20:08:24 UTC,sensor03,218187713,22.01,85.21,2025-09-24 10:13:44+00:00,33.99772,-81.044963,70.4,6.51,-0.3,0.0,12.0,3D,2025-09-24 06:13:44-04:00,POINT (-81.044963 33.99772)
2025-09-23 20:08:29 UTC,sensor03,218187713,21.83,85.13,2025-09-24 10:13:49+00:00,33.997213,-81.044732,68.7,14.11,-0.3,159.54,12.0,3D,2025-09-24 06:13:49-04:00,POINT (-81.044732 33.997213)
2025-09-23 20:08:34 UTC,sensor03,218187713,21.62,85.51,2025-09-24 10:13:54+00:00,33.996575,-81.04443,66.5,15.58,-0.5,158.34,12.0,3D,2025-09-24 06:13:54-04:00,POINT (-81.04443 33.996575)
2025-09-23 20:08:49 UTC,sensor03,218187713,21.41,87.4,2025-09-24 10:14:09+00:00,33.994565,-81.04352,67.6,14.56,0.3,158.49,12.0,3D,2025-09-24 06:14:09-04:00,POINT (-81.04352 33.994565)
2025-09-23 20:08:54 UTC,sensor03,218187713,21.45,87.09,2025-09-24 10:14:14+00:00,33.993965,-81.043262,68.2,14.07,0.6,161.0,12.0,3D,2025-09-24 06:14:14-04:00,POINT (-81.043262 33.993965)
2025-09-23 20:08:59 UTC,sensor03,218187713,21.46,86.9,2025-09-24 10:14:19+00:00,33.99333,-81.043002,69.2,14.23,-0.1,160.28,12.0,3D,2025-09-24 06:14:19-04:00,POINT (-81.043002 33.99333)
2025-09-23 20:09:09 UTC,sensor03,218187713,21.15,87.68,2025-09-24 10:14:29+00:00,33.992013,-81.042415,69.5,15.56,0.3,160.05,12.0,3D,2025-09-24 06:14:29-04:00,POINT (-81.042415 33.992013)
2025-09-23 20:09:19 UTC,sensor03,218187713,20.92,88.97,2025-09-24 10:14:39+00:00,33.990693,-81.041837,64.5,14.39,-1.5,161.73,12.0,3D,2025-09-24 06:14:39-04:00,POINT (-81.041837 33.990693)
2025-09-23 20:09:24 UTC,sensor03,218187713,21.0,88.88,2025-09-24 10:14:44+00:00,33.990123,-81.041588,61.3,12.69,-0.7,158.28,12.0,3D,2025-09-24 06:14:44-04:00,POINT (-81.041588 33.990123)
2025-09-23 20:09:29 UTC,sensor03,218187713,21.12,88.7,2025-09-24 10:14:49+00:00,33.989743,-81.041427,59.9,5.45,-0.1,161.12,12.0,3D,2025-09-24 06:14:49-04:00,POINT (-81.041427 33.989743)
2025-09-23 20:09:34 UTC,sensor03,218187713,21.38,88.27,2025-09-24 10:14:54+00:00,33.989545,-81.041567,59.4,7.69,-0.2,241.17,12.0,3D,2025-09-24 06:14:54-04:00,POINT (-81.041567 33.989545)
2025-09-23 20:09:39 UTC,sensor03,218187713,21.48,87.62,2025-09-24 10:14:59+00:00,33.989377,-81.042247,57.4,14.85,-0.2,252.02,12.0,3D,2025-09-24 06:14:59-04:00,POINT (-81.042247 33.989377)
2025-09-23 20:10:30 UTC,sensor03,218187713,21.25,87.75,2025-09-24 10:15:50+00:00,33.98649,-81.051838,67.8,15.18,0.7,247.51,12.0,3D,2025-09-24 06:15:50-04:00,POINT (-81.051838 33.98649)
2025-09-23 20:10:35 UTC,sensor03,218187713,21.27,87.43,2025-09-24 10:15:55+00:00,33.98624,-81.05258,70.3,14.97,0.2,250.25,12.0,3D,2025-09-24 06:15:55-04:00,POINT (-81.05258 33.98624)
2025-09-23 20:10:40 UTC,sensor03,218187713,21.11,87.3,2025-09-24 10:15:58+00:00,33.986093,-81.053038,71.3,15.12,0.4,247.2,12.0,3D,2025-09-24 06:15:58-04:00,POINT (-81.053038 33.986093)
2025-09-23 20:11:20 UTC,sensor03,218187713,20.73,88.55,2025-09-24 10:16:40+00:00,33.98348,-81.059785,70.1,11.98,0.0,239.41,12.0,3D,2025-09-24 06:16:40-04:00,POINT (-81.059785 33.98348)
2025-09-23 20:11:25 UTC,sensor03,218187713,20.83,88.2,2025-09-24 10:16:45+00:00,33.98327,-81.060077,72.9,5.61,0.0,202.31,12.0,3D,2025-09-24 06:16:45-04:00,POINT (-81.060077 33.98327)
2025-09-23 20:11:30 UTC,sensor03,218187713,20.69,88.09,2025-09-24 10:16:50+00:00,33.982942,-81.059927,71.3,9.79,-0.2,149.5,12.0,3D,2025-09-24 06:16:50-04:00,POINT (-81.059927 33.982942)
2025-09-23 20:11:35 UTC,sensor03,218187713,20.48,88.29,2025-09-24 10:16:55+00:00,33.9826,-81.059688,71.0,6.41,0.4,150.95,12.0,3D,2025-09-24 06:16:55-04:00,POINT (-81.059688 33.9826)
2025-09-23 20:11:45 UTC,sensor03,218187713,20.18,89.08,2025-09-24 10:17:05+00:00,33.982257,-81.059467,73.7,8.5,-0.2,151.83,12.0,3D,2025-09-24 06:17:05-04:00,POINT (-81.059467 33.982257)
2025-09-23 20:11:50 UTC,sensor03,218187713,19.99,89.55,2025-09-24 10:17:10+00:00,33.98186,-81.059197,72.1,10.46,-0.5,150.73,12.0,3D,2025-09-24 06:17:10-04:00,POINT (-81.059197 33.98186)
2025-09-23 20:11:55 UTC,sensor03,218187713,19.87,90.16,2025-09-24 10:17:15+00:00,33.981455,-81.058957,71.1,10.02,-0.3,163.53,12.0,3D,2025-09-24 06:17:15-04:00,POINT (-81.058957 33.981455)
2025-09-23 20:12:00 UTC,sensor03,218187713,19.86,90.69,2025-09-24 10:17:20+00:00,33.980982,-81.058802,71.9,10.94,0.0,167.8,12.0,3D,2025-09-24 06:17:20-04:00,POINT (-81.058802 33.980982)
2025-09-23 20:12:05 UTC,sensor03,218187713,19.78,90.94,2025-09-24 10:17:25+00:00,33.980487,-81.05868,69.9,10.83,0.3,168.07,12.0,3D,2025-09-24 06:17:25-04:00,POINT (-81.05868 33.980487)
2025-09-23 20:12:11 UTC,sensor03,218187713,19.62,91.46,2025-09-24 10:17:30+00:00,33.98005,-81.058575,70.4,8.68,0.1,168.8,12.0,3D,2025-09-24 06:17:30-04:00,POINT (-81.058575 33.98005)
2025-09-23 20:12:16 UTC,sensor03,218187713,19.55,91.9,2025-09-24 10:17:35+00:00,33.979713,-81.058483,71.2,4.66,0.2,167.52,12.0,3D,2025-09-24 06:17:35-04:00,POINT (-81.058483 33.979713)
2025-09-23 20:12:21 UTC,sensor03,218187713,19.62,92.17,2025-09-24 10:17:41+00:00,33.97961,-81.05819,72.6,7.89,0.5,0.0,12.0,3D,2025-09-24 06:17:41-04:00,POINT (-81.05819 33.97961)
2025-09-23 20:12:26 UTC,sensor03,218187713,19.69,92.18,2025-09-24 10:17:46+00:00,33.979707,-81.057697,75.2,9.5,0.6,0.0,12.0,3D,2025-09-24 06:17:46-04:00,POINT (-81.057697 33.979707)
2025-09-23 20:12:31 UTC,sensor03,218187713,19.76,92.14,2025-09-24 10:17:51+00:00,33.979795,-81.057187,75.0,9.12,0.0,0.0,12.0,3D,2025-09-24 06:17:51-04:00,POINT (-81.057187 33.979795)
2025-09-23 20:12:36 UTC,sensor03,218187713,19.83,91.96,2025-09-24 10:17:56+00:00,33.979882,-81.05674,72.6,7.13,0.1,0.0,4.0,3D,2025-09-24 06:17:56-04:00,POINT (-81.05674 33.979882)
2025-09-23 20:12:41 UTC,sensor03,218187713,19.79,91.88,2025-09-24 10:17:59+00:00,33.97999,-81.056605,73.1,5.61,0.1,15.94,12.0,3D,2025-09-24 06:17:59-04:00,POINT (-81.056605 33.97999)
2025-09-23 20:12:46 UTC,sensor03,218187713,19.87,91.96,2025-09-24 10:18:06+00:00,33.980447,-81.056712,77.1,7.67,2.3,0.0,8.0,3D,2025-09-24 06:18:06-04:00,POINT (-81.056712 33.980447)
2025-09-23 20:12:51 UTC,sensor03,218187713,19.91,91.94,2025-09-24 10:18:11+00:00,33.980668,-81.05657,78.8,7.22,0.2,0.0,12.0,3D,2025-09-24 06:18:11-04:00,POINT (-81.05657 33.980668)
2025-09-23 20:12:56 UTC,sensor03,218187713,19.95,91.78,2025-09-24 10:18:16+00:00,33.980753,-81.056057,79.8,10.79,0.1,0.0,12.0,3D,2025-09-24 06:18:16-04:00,POINT (-81.056057 33.980753)
2025-09-23 20:13:01 UTC,sensor03,218187713,20.11,91.62,2025-09-24 10:18:21+00:00,33.98085,-81.0555,76.9,9.4,-0.2,80.8,12.0,3D,2025-09-24 06:18:21-04:00,POINT (-81.0555 33.98085)
2025-09-23 20:13:06 UTC,sensor03,218187713,20.23,91.24,2025-09-24 10:18:26+00:00,33.980903,-81.055132,76.3,4.32,0.0,80.25,12.0,3D,2025-09-24 06:18:26-04:00,POINT (-81.055132 33.980903)
2025-09-23 20:13:16 UTC,sensor03,218187713,20.18,90.68,2025-09-24 10:18:36+00:00,33.981107,-81.054983,75.5,7.18,-0.1,355.94,12.0,3D,2025-09-24 06:18:36-04:00,POINT (-81.054983 33.981107)
2025-09-23 20:13:21 UTC,sensor03,218187713,20.3,90.68,2025-09-24 10:18:41+00:00,33.98146,-81.055062,75.5,8.38,0.0,347.42,12.0,3D,2025-09-24 06:18:41-04:00,POINT (-81.055062 33.98146)
2025-09-23 20:13:26 UTC,sensor03,218187713,20.37,90.45,2025-09-24 10:18:46+00:00,33.981892,-81.05516,75.4,10.41,0.1,347.68,12.0,3D,2025-09-24 06:18:46-04:00,POINT (-81.05516 33.981892)
2025-09-23 20:13:31 UTC,sensor03,218187713,20.36,90.27,2025-09-24 10:18:51+00:00,33.982298,-81.055262,74.9,6.69,0.0,348.32,12.0,3D,2025-09-24 06:18:51-04:00,POINT (-81.055262 33.982298)
2025-09-23 20:13:36 UTC,sensor03,218187713,20.24,90.21,2025-09-24 10:18:56+00:00,33.982478,-81.055115,75.0,6.24,0.2,70.49,12.0,3D,2025-09-24 06:18:56-04:00,POINT (-81.055115 33.982478)
2025-09-23 20:13:41 UTC,sensor03,218187713,20.1,90.57,2025-09-24 10:19:01+00:00,33.982543,-81.054678,73.3,8.64,-0.4,77.23,12.0,3D,2025-09-24 06:19:01-04:00,POINT (-81.054678 33.982543)
2025-09-23 20:13:46 UTC,sensor03,218187713,20.04,91.05,2025-09-24 10:19:06+00:00,33.982625,-81.054233,71.2,6.99,-0.2,75.02,12.0,3D,2025-09-24 06:19:06-04:00,POINT (-81.054233 33.982625)
2025-09-23 20:13:51 UTC,sensor03,218187713,20.02,91.33,2025-09-24 10:19:11+00:00,33.982657,-81.05404,69.7,2.35,0.1,56.23,12.0,3D,2025-09-24 06:19:11-04:00,POINT (-81.05404 33.982657)
2025-09-23 20:14:47 UTC,sensor03,218187713,20.0,90.82,2025-09-24 10:20:07+00:00,33.982333,-81.053932,70.2,8.29,0.2,167.23,12.0,3D,2025-09-24 06:20:07-04:00,POINT (-81.053932 33.982333)
2025-09-23 20:14:52 UTC,sensor03,218187713,19.95,91.38,2025-09-24 10:20:12+00:00,33.98196,-81.05384,70.8,8.33,0.1,167.27,12.0,3D,2025-09-24 06:20:12-04:00,POINT (-81.05384 33.98196)
2025-09-23 20:14:57 UTC,sensor03,218187713,19.89,91.89,2025-09-24 10:20:17+00:00,33.98164,-81.053765,71.2,5.76,0.2,168.45,12.0,3D,2025-09-24 06:20:17-04:00,POINT (-81.053765 33.98164)
2025-09-23 20:15:02 UTC,sensor03,218187713,19.83,92.18,2025-09-24 10:20:22+00:00,33.981468,-81.053665,71.5,4.46,0.0,116.65,12.0,3D,2025-09-24 06:20:22-04:00,POINT (-81.053665 33.981468)
2025-09-23 20:15:07 UTC,sensor03,218187713,19.82,92.46,2025-09-24 10:20:27+00:00,33.98151,-81.053222,72.3,9.79,0.1,78.49,12.0,3D,2025-09-24 06:20:27-04:00,POINT (-81.053222 33.98151)
2025-09-23 20:15:12 UTC,sensor03,218187713,19.85,92.54,2025-09-24 10:20:32+00:00,33.981597,-81.052758,72.4,6.4,-0.1,78.37,12.0,3D,2025-09-24 06:20:32-04:00,POINT (-81.052758 33.981597)
2025-09-23 20:15:17 UTC,sensor03,218187713,19.84,92.64,2025-09-24 10:20:37+00:00,33.981685,-81.05259,72.0,4.03,-0.1,25.48,12.0,3D,2025-09-24 06:20:37-04:00,POINT (-81.05259 33.981685)
2025-09-23 20:15:22 UTC,sensor03,218187713,19.87,92.71,2025-09-24 10:20:42+00:00,33.982022,-81.05266,73.1,9.32,0.3,350.15,12.0,3D,2025-09-24 06:20:42-04:00,POINT (-81.05266 33.982022)
2025-09-23 20:15:27 UTC,sensor03,218187713,19.88,92.68,2025-09-24 10:20:47+00:00,33.98249,-81.052775,74.2,11.03,0.1,349.55,12.0,3D,2025-09-24 06:20:47-04:00,POINT (-81.052775 33.98249)
2025-09-23 20:15:32 UTC,sensor03,218187713,19.82,92.33,2025-09-24 10:20:52+00:00,33.983017,-81.052902,74.8,11.69,0.0,347.63,12.0,3D,2025-09-24 06:20:52-04:00,POINT (-81.052902 33.983017)
2025-09-23 20:15:37 UTC,sensor03,218187713,19.85,92.51,2025-09-24 10:20:57+00:00,33.983413,-81.052998,75.4,5.83,0.0,348.07,12.0,3D,2025-09-24 06:20:57-04:00,POINT (-81.052998 33.983413)
2025-09-23 20:15:48 UTC,sensor03,218187713,19.93,92.69,2025-09-24 10:21:07+00:00,33.983758,-81.053102,76.5,8.1,0.2,345.77,12.0,3D,2025-09-24 06:21:07-04:00,POINT (-81.053102 33.983758)
2025-09-23 20:15:53 UTC,sensor03,218187713,19.98,92.66,2025-09-24 10:21:13+00:00,33.984175,-81.053207,75.8,4.68,-0.5,0.0,12.0,3D,2025-09-24 06:21:13-04:00,POINT (-81.053207 33.984175)
2025-09-23 20:18:29 UTC,sensor03,218187713,20.32,90.43,2025-09-24 10:23:49+00:00,33.984403,-81.05331,74.6,4.89,0.1,350.21,12.0,3D,2025-09-24 06:23:49-04:00,POINT (-81.05331 33.984403)
2025-09-23 20:18:34 UTC,sensor03,218187713,20.15,90.92,2025-09-24 10:23:54+00:00,33.984663,-81.05338,73.5,4.01,-0.4,348.92,12.0,3D,2025-09-24 06:23:54-04:00,POINT (-81.05338 33.984663)
2025-09-23 20:18:39 UTC,sensor03,218187713,20.08,91.48,2025-09-24 10:23:59+00:00,33.984748,-81.053225,72.1,5.97,-0.3,66.17,12.0,3D,2025-09-24 06:23:59-04:00,POINT (-81.053225 33.984748)
2025-09-23 20:18:44 UTC,sensor03,218187713,20.16,91.97,2025-09-24 10:24:04+00:00,33.98483,-81.052772,70.4,8.95,-0.4,75.97,12.0,3D,2025-09-24 06:24:04-04:00,POINT (-81.052772 33.98483)
2025-09-23 20:18:49 UTC,sensor03,218187713,20.16,92.01,2025-09-24 10:24:09+00:00,33.984872,-81.052405,69.2,3.66,-0.2,99.68,12.0,3D,2025-09-24 06:24:09-04:00,POINT (-81.052405 33.984872)
2025-09-23 20:18:54 UTC,sensor03,218187713,20.15,92.09,2025-09-24 10:24:14+00:00,33.984888,-81.052233,67.7,5.37,-0.3,80.51,12.0,3D,2025-09-24 06:24:14-04:00,POINT (-81.052233 33.984888)
2025-09-23 20:18:59 UTC,sensor03,218187713,20.14,92.22,2025-09-24 10:24:19+00:00,33.984968,-81.051852,66.1,8.06,-0.3,73.67,12.0,3D,2025-09-24 06:24:19-04:00,POINT (-81.051852 33.984968)
2025-09-23 20:19:04 UTC,sensor03,218187713,20.16,92.26,2025-09-24 10:24:24+00:00,33.98507,-81.05141,64.7,9.13,-0.3,76.0,12.0,3D,2025-09-24 06:24:24-04:00,POINT (-81.05141 33.98507)
2025-09-23 20:19:09 UTC,sensor03,218187713,20.23,92.44,2025-09-24 10:24:29+00:00,33.985218,-81.050905,63.8,10.43,-0.1,69.53,12.0,3D,2025-09-24 06:24:29-04:00,POINT (-81.050905 33.985218)
2025-09-23 20:19:14 UTC,sensor03,218187713,20.23,92.5,2025-09-24 10:24:34+00:00,33.985383,-81.050422,63.7,8.76,-0.1,66.82,12.0,3D,2025-09-24 06:24:34-04:00,POINT (-81.050422 33.985383)
2025-09-23 20:19:19 UTC,sensor03,218187713,20.25,92.33,2025-09-24 10:24:39+00:00,33.985537,-81.05001,63.1,8.04,-0.1,63.62,12.0,3D,2025-09-24 06:24:39-04:00,POINT (-81.05001 33.985537)
2025-09-23 20:19:25 UTC,sensor03,218187713,20.26,92.25,2025-09-24 10:24:44+00:00,33.985637,-81.049695,62.3,3.85,-0.2,85.12,12.0,3D,2025-09-24 06:24:44-04:00,POINT (-81.049695 33.985637)
2025-09-23 20:19:30 UTC,sensor03,218187713,20.28,92.6,2025-09-24 10:24:49+00:00,33.985458,-81.049547,62.1,6.99,0.1,160.66,12.0,3D,2025-09-24 06:24:49-04:00,POINT (-81.049547 33.985458)
2025-09-23 20:19:35 UTC,sensor03,218187713,20.2,92.68,2025-09-24 10:24:55+00:00,33.985022,-81.049437,62.2,7.96,-0.1,0.0,12.0,3D,2025-09-24 06:24:55-04:00,POINT (-81.049437 33.985022)
2025-09-23 20:19:40 UTC,sensor03,218187713,20.2,92.76,2025-09-24 10:25:00+00:00,33.984675,-81.049493,62.0,7.92,0.0,0.0,12.0,3D,2025-09-24 06:25:00-04:00,POINT (-81.049493 33.984675)
2025-09-23 20:19:45 UTC,sensor03,218187713,20.09,92.78,2025-09-24 10:25:05+00:00,33.984418,-81.049792,61.3,8.18,-0.2,0.0,12.0,3D,2025-09-24 06:25:05-04:00,POINT (-81.049792 33.984418)
2025-09-23 20:19:50 UTC,sensor03,218187713,20.07,92.99,2025-09-24 10:25:10+00:00,33.984358,-81.050243,60.5,8.18,-0.2,260.72,12.0,3D,2025-09-24 06:25:10-04:00,POINT (-81.050243 33.984358)
2025-09-23 20:19:55 UTC,sensor03,218187713,20.03,93.26,2025-09-24 10:25:15+00:00,33.984287,-81.050615,60.2,5.38,0.0,256.21,12.0,3D,2025-09-24 06:25:15-04:00,POINT (-81.050615 33.984287)
2025-09-23 20:20:05 UTC,sensor03,218187713,20.06,93.21,2025-09-24 10:25:25+00:00,33.984123,-81.050682,59.9,5.69,-0.1,165.95,12.0,3D,2025-09-24 06:25:25-04:00,POINT (-81.050682 33.984123)
2025-09-23 20:20:10 UTC,sensor03,218187713,19.97,93.17,2025-09-24 10:25:30+00:00,33.983693,-81.050537,60.4,9.29,0.5,174.85,12.0,3D,2025-09-24 06:25:30-04:00,POINT (-81.050537 33.983693)
2025-09-23 20:20:15 UTC,sensor03,218187713,19.93,93.03,2025-09-24 10:25:35+00:00,33.98323,-81.050477,62.8,10.03,0.4,172.35,12.0,3D,2025-09-24 06:25:35-04:00,POINT (-81.050477 33.98323)
2025-09-23 20:20:20 UTC,sensor03,218187713,19.91,93.07,2025-09-24 10:25:40+00:00,33.982793,-81.050415,63.0,7.33,0.1,173.53,12.0,3D,2025-09-24 06:25:40-04:00,POINT (-81.050415 33.982793)
2025-09-23 20:20:25 UTC,sensor03,218187713,19.91,93.14,2025-09-24 10:25:45+00:00,33.982607,-81.05052,63.0,4.6,0.0,251.32,12.0,3D,2025-09-24 06:25:45-04:00,POINT (-81.05052 33.982607)
2025-09-23 20:20:30 UTC,sensor03,218187713,19.85,93.03,2025-09-24 10:25:50+00:00,33.98255,-81.050912,62.5,8.19,0.1,263.1,12.0,3D,2025-09-24 06:25:50-04:00,POINT (-81.050912 33.98255)
2025-09-23 20:20:35 UTC,sensor03,218187713,19.9,93.15,2025-09-24 10:25:55+00:00,33.98252,-81.05132,62.7,5.64,-0.1,267.48,12.0,3D,2025-09-24 06:25:55-04:00,POINT (-81.05132 33.98252)
2025-09-23 20:20:40 UTC,sensor03,218187713,19.99,93.13,2025-09-24 10:26:00+00:00,33.982507,-81.05146,63.7,2.58,0.3,234.94,12.0,3D,2025-09-24 06:26:00-04:00,POINT (-81.05146 33.982507)
2025-09-23 20:20:45 UTC,sensor03,218187713,19.95,92.95,2025-09-24 10:26:01+00:00,33.982487,-81.05148,63.8,3.25,0.1,215.79,12.0,3D,2025-09-24 06:26:01-04:00,POINT (-81.05148 33.982487)
2025-09-23 20:20:50 UTC,sensor03,218187713,19.89,92.89,2025-09-24 10:26:10+00:00,33.982015,-81.051445,63.9,3.27,0.0,170.7,20.0,3D,2025-09-24 06:26:10-04:00,POINT (-81.051445 33.982015)
2025-09-23 20:20:55 UTC,sensor03,218187713,19.88,93.0,2025-09-24 10:26:15+00:00,33.98178,-81.051403,64.1,7.91,0.1,170.96,12.0,3D,2025-09-24 06:26:15-04:00,POINT (-81.051403 33.98178)
2025-09-23 20:21:00 UTC,sensor03,218187713,19.88,93.2,2025-09-24 10:26:20+00:00,33.981312,-81.051318,65.2,11.57,0.0,169.53,12.0,3D,2025-09-24 06:26:20-04:00,POINT (-81.051318 33.981312)
2025-09-23 20:21:05 UTC,sensor03,218187713,19.92,93.21,2025-09-24 10:26:25+00:00,33.980763,-81.051208,65.2,12.52,0.0,171.83,12.0,3D,2025-09-24 06:26:25-04:00,POINT (-81.051208 33.980763)
2025-09-23 20:21:10 UTC,sensor03,218187713,19.83,93.21,2025-09-24 10:26:30+00:00,33.980215,-81.051237,65.0,11.57,0.1,193.6,12.0,3D,2025-09-24 06:26:30-04:00,POINT (-81.051237 33.980215)
2025-09-23 20:21:15 UTC,sensor03,218187713,19.87,93.35,2025-09-24 10:26:35+00:00,33.979713,-81.051493,64.4,12.36,-0.1,203.48,12.0,3D,2025-09-24 06:26:35-04:00,POINT (-81.051493 33.979713)
2025-09-23 20:21:20 UTC,sensor03,218187713,20.01,93.31,2025-09-24 10:26:40+00:00,33.979178,-81.051763,62.9,13.23,-0.3,199.58,12.0,3D,2025-09-24 06:26:40-04:00,POINT (-81.051763 33.979178)
2025-09-23 20:21:26 UTC,sensor03,218187713,19.94,93.3,2025-09-24 10:26:45+00:00,33.97877,-81.051855,62.3,3.05,0.0,176.87,12.0,3D,2025-09-24 06:26:45-04:00,POINT (-81.051855 33.97877)
2025-09-23 20:21:31 UTC,sensor03,218187713,20.04,93.24,2025-09-24 10:26:51+00:00,33.978582,-81.051828,63.4,8.16,0.0,0.0,12.0,3D,2025-09-24 06:26:51-04:00,POINT (-81.051828 33.978582)
2025-09-23 20:21:36 UTC,sensor03,218187713,19.89,92.94,2025-09-24 10:26:56+00:00,33.978142,-81.051705,65.2,11.07,0.3,0.0,12.0,3D,2025-09-24 06:26:56-04:00,POINT (-81.051705 33.978142)
2025-09-23 20:21:41 UTC,sensor03,218187713,19.95,92.93,2025-09-24 10:27:01+00:00,33.977605,-81.05153,66.7,12.93,0.5,0.0,12.0,3D,2025-09-24 06:27:01-04:00,POINT (-81.05153 33.977605)
2025-09-23 20:21:46 UTC,sensor03,218187713,19.88,92.89,2025-09-24 10:27:06+00:00,33.977062,-81.05132,68.0,12.27,0.1,0.0,12.0,3D,2025-09-24 06:27:06-04:00,POINT (-81.05132 33.977062)
2025-09-23 20:21:51 UTC,sensor03,218187713,19.93,93.02,2025-09-24 10:27:11+00:00,33.976572,-81.051118,69.9,11.05,0.3,0.0,4.0,3D,2025-09-24 06:27:11-04:00,POINT (-81.051118 33.976572)
2025-09-23 20:21:56 UTC,sensor03,218187713,19.91,92.99,2025-09-24 10:27:16+00:00,33.976122,-81.050927,70.2,10.02,-0.1,0.0,4.0,3D,2025-09-24 06:27:16-04:00,POINT (-81.050927 33.976122)
2025-09-23 20:22:01 UTC,sensor03,218187713,19.92,93.0,2025-09-24 10:27:21+00:00,33.975863,-81.050853,70.7,3.95,0.2,0.0,4.0,3D,2025-09-24 06:27:21-04:00,POINT (-81.050853 33.975863)
2025-09-23 20:22:06 UTC,sensor03,218187713,19.95,93.07,2025-09-24 10:27:26+00:00,33.975723,-81.051122,71.8,7.9,0.3,0.0,8.0,3D,2025-09-24 06:27:26-04:00,POINT (-81.051122 33.975723)
2025-09-23 20:22:11 UTC,sensor03,218187713,19.91,93.06,2025-09-24 10:27:31+00:00,33.975525,-81.05153,73.7,8.53,0.3,0.0,12.0,3D,2025-09-24 06:27:31-04:00,POINT (-81.05153 33.975525)
2025-09-23 20:22:16 UTC,sensor03,218187713,19.87,93.13,2025-09-24 10:27:36+00:00,33.975405,-81.051815,74.9,3.34,0.2,0.0,12.0,3D,2025-09-24 06:27:36-04:00,POINT (-81.051815 33.975405)
2025-09-23 20:22:21 UTC,sensor03,218187713,19.88,93.21,2025-09-24 10:27:41+00:00,33.975337,-81.051992,73.6,6.16,0.3,242.0,12.0,3D,2025-09-24 06:27:41-04:00,POINT (-81.051992 33.975337)
2025-09-23 20:22:26 UTC,sensor03,218187713,19.91,93.17,2025-09-24 10:27:46+00:00,33.97521,-81.052262,71.2,2.43,-0.6,238.4,12.0,3D,2025-09-24 06:27:46-04:00,POINT (-81.052262 33.97521)
2025-09-23 20:22:46 UTC,sensor03,218187713,20.07,92.87,2025-09-24 10:28:06+00:00,33.9753,-81.05243,70.5,5.9,0.07,331.19,12.0,3D,2025-09-24 06:28:06-04:00,POINT (-81.05243 33.9753)
2025-09-23 20:22:51 UTC,sensor03,218187713,20.07,92.56,2025-09-24 10:28:11+00:00,33.975655,-81.052672,71.0,10.08,0.2,328.52,12.0,3D,2025-09-24 06:28:11-04:00,POINT (-81.052672 33.975655)
2025-09-23 20:22:56 UTC,sensor03,218187713,19.93,92.44,2025-09-24 10:28:16+00:00,33.976088,-81.052955,71.0,10.7,-0.1,331.03,12.0,3D,2025-09-24 06:28:16-04:00,POINT (-81.052955 33.976088)
2025-09-23 20:23:01 UTC,sensor03,218187713,19.86,92.72,2025-09-24 10:28:21+00:00,33.976488,-81.053213,71.2,9.47,0.1,331.2,12.0,3D,2025-09-24 06:28:21-04:00,POINT (-81.053213 33.976488)
2025-09-23 20:23:06 UTC,sensor03,218187713,19.87,93.37,2025-09-24 10:28:26+00:00,33.976883,-81.053468,70.8,9.37,-0.3,331.74,12.0,3D,2025-09-24 06:28:26-04:00,POINT (-81.053468 33.976883)
2025-09-23 20:23:11 UTC,sensor03,218187713,19.83,93.36,2025-09-24 10:28:31+00:00,33.977217,-81.053728,71.5,7.71,-0.1,328.19,12.0,3D,2025-09-24 06:28:31-04:00,POINT (-81.053728 33.977217)
2025-09-23 20:23:16 UTC,sensor03,218187713,19.81,93.32,2025-09-24 10:28:36+00:00,33.977388,-81.054008,71.8,6.83,0.0,274.37,12.0,3D,2025-09-24 06:28:36-04:00,POINT (-81.054008 33.977388)
2025-09-23 20:23:21 UTC,sensor03,218187713,19.77,93.39,2025-09-24 10:28:41+00:00,33.977315,-81.054445,72.4,9.12,0.1,259.6,12.0,3D,2025-09-24 06:28:41-04:00,POINT (-81.054445 33.977315)
2025-09-23 20:23:26 UTC,sensor03,218187713,19.69,93.56,2025-09-24 10:28:46+00:00,33.977227,-81.054948,73.4,9.1,0.2,258.79,12.0,3D,2025-09-24 06:28:46-04:00,POINT (-81.054948 33.977227)
2025-09-23 20:23:31 UTC,sensor03,218187713,19.59,93.57,2025-09-24 10:28:51+00:00,33.977132,-81.055443,73.4,8.73,-0.2,256.04,12.0,3D,2025-09-24 06:28:51-04:00,POINT (-81.055443 33.977132)
2025-09-23 20:23:37 UTC,sensor03,218187713,19.56,93.81,2025-09-24 10:28:56+00:00,33.97706,-81.055817,72.1,4.69,0.0,277.32,12.0,3D,2025-09-24 06:28:56-04:00,POINT (-81.055817 33.97706)
2025-09-23 20:23:42 UTC,sensor03,218187713,19.52,93.96,2025-09-24 10:29:01+00:00,33.977255,-81.055938,72.2,7.1,-0.1,345.25,12.0,3D,2025-09-24 06:29:01-04:00,POINT (-81.055938 33.977255)
2025-09-23 20:23:47 UTC,sensor03,218187713,19.5,94.16,2025-09-24 10:29:07+00:00,33.977717,-81.056033,72.0,8.04,0.0,0.0,12.0,3D,2025-09-24 06:29:07-04:00,POINT (-81.056033 33.977717)
2025-09-23 20:23:52 UTC,sensor03,218187713,19.56,94.31,2025-09-24 10:29:12+00:00,33.977922,-81.056072,70.4,2.3,-0.3,0.0,12.0,3D,2025-09-24 06:29:12-04:00,POINT (-81.056072 33.977922)
2025-09-23 20:23:57 UTC,sensor03,218187713,19.53,94.26,2025-09-24 10:29:17+00:00,33.977972,-81.056262,70.3,5.72,0.0,0.0,12.0,3D,2025-09-24 06:29:17-04:00,POINT (-81.056262 33.977972)
2025-09-23 20:24:02 UTC,sensor03,218187713,19.45,94.23,2025-09-24 10:29:22+00:00,33.977877,-81.05674,70.1,10.47,0.0,257.03,12.0,3D,2025-09-24 06:29:22-04:00,POINT (-81.05674 33.977877)
2025-09-23 20:24:07 UTC,sensor03,218187713,19.43,94.28,2025-09-24 10:29:27+00:00,33.977772,-81.057315,69.8,10.19,-0.2,261.75,12.0,3D,2025-09-24 06:29:27-04:00,POINT (-81.057315 33.977772)
2025-09-23 20:24:12 UTC,sensor03,218187713,19.42,94.38,2025-09-24 10:29:32+00:00,33.9777,-81.057725,69.7,5.17,-0.1,256.09,12.0,3D,2025-09-24 06:29:32-04:00,POINT (-81.057725 33.9777)
2025-09-23 20:24:17 UTC,sensor03,218187713,19.42,94.27,2025-09-24 10:29:37+00:00,33.977668,-81.057893,68.1,4.66,-0.2,257.19,12.0,3D,2025-09-24 06:29:37-04:00,POINT (-81.057893 33.977668)
2025-09-23 20:24:22 UTC,sensor03,218187713,19.35,94.32,2025-09-24 10:29:42+00:00,33.977592,-81.058323,67.4,10.68,0.1,257.23,12.0,3D,2025-09-24 06:29:42-04:00,POINT (-81.058323 33.977592)
2025-09-23 20:24:27 UTC,sensor03,218187713,19.32,94.53,2025-09-24 10:29:47+00:00,33.977487,-81.058955,68.5,12.68,0.0,258.27,12.0,3D,2025-09-24 06:29:47-04:00,POINT (-81.058955 33.977487)
2025-09-23 20:24:32 UTC,sensor03,218187713,19.36,94.68,2025-09-24 10:29:52+00:00,33.977385,-81.059555,69.1,7.89,0.1,258.73,12.0,3D,2025-09-24 06:29:52-04:00,POINT (-81.059555 33.977385)
2025-09-23 20:24:37 UTC,sensor03,218187713,19.4,94.71,2025-09-24 10:29:57+00:00,33.977442,-81.059768,69.3,4.48,0.0,334.92,12.0,3D,2025-09-24 06:29:57-04:00,POINT (-81.059768 33.977442)
2025-09-23 20:24:42 UTC,sensor03,218187713,19.41,94.68,2025-09-24 10:30:02+00:00,33.977798,-81.059808,69.9,9.38,-0.1,351.81,12.0,3D,2025-09-24 06:30:02-04:00,POINT (-81.059808 33.977798)
2025-09-23 20:24:47 UTC,sensor03,218187713,19.45,94.62,2025-09-24 10:30:07+00:00,33.978163,-81.059892,68.8,5.46,-0.2,346.22,12.0,3D,2025-09-24 06:30:07-04:00,POINT (-81.059892 33.978163)
2025-09-23 20:24:52 UTC,sensor03,218187713,19.52,94.63,2025-09-24 10:30:12+00:00,33.978348,-81.059942,67.9,6.12,0.0,349.83,12.0,3D,2025-09-24 06:30:12-04:00,POINT (-81.059942 33.978348)
2025-09-23 20:24:57 UTC,sensor03,218187713,19.6,94.49,2025-09-24 10:30:17+00:00,33.978755,-81.060037,67.5,10.42,-0.3,345.63,12.0,3D,2025-09-24 06:30:17-04:00,POINT (-81.060037 33.978755)
2025-09-23 20:25:02 UTC,sensor03,218187713,19.65,94.17,2025-09-24 10:30:22+00:00,33.979138,-81.060148,69.4,5.86,0.2,348.82,12.0,3D,2025-09-24 06:30:22-04:00,POINT (-81.060148 33.979138)
2025-09-23 20:25:07 UTC,sensor03,218187713,19.58,94.0,2025-09-24 10:30:27+00:00,33.979315,-81.060187,71.1,5.57,1.3,347.52,12.0,3D,2025-09-24 06:30:27-04:00,POINT (-81.060187 33.979315)
2025-09-23 20:25:12 UTC,sensor03,218187713,19.56,94.02,2025-09-24 10:30:32+00:00,33.979693,-81.060295,70.5,9.7,-0.1,346.0,12.0,3D,2025-09-24 06:30:32-04:00,POINT (-81.060295 33.979693)
2025-09-23 20:25:17 UTC,sensor03,218187713,19.58,94.13,2025-09-24 10:30:37+00:00,33.980053,-81.060388,69.8,6.32,-0.1,347.97,12.0,3D,2025-09-24 06:30:37-04:00,POINT (-81.060388 33.980053)
2025-09-23 20:25:22 UTC,sensor03,218187713,19.61,94.1,2025-09-24 10:30:42+00:00,33.980212,-81.060433,69.1,3.56,0.0,314.17,12.0,3D,2025-09-24 06:30:42-04:00,POINT (-81.060433 33.980212)
2025-09-23 20:25:27 UTC,sensor03,218187713,19.6,94.1,2025-09-24 10:30:47+00:00,33.980213,-81.060773,70.2,8.76,0.5,257.67,12.0,3D,2025-09-24 06:30:47-04:00,POINT (-81.060773 33.980213)
2025-09-23 20:25:32 UTC,sensor03,218187713,19.66,94.1,2025-09-24 10:30:52+00:00,33.98014,-81.061302,72.5,9.96,0.1,259.27,12.0,3D,2025-09-24 06:30:52-04:00,POINT (-81.061302 33.98014)
2025-09-23 20:25:37 UTC,sensor03,218187713,19.63,93.92,2025-09-24 10:30:57+00:00,33.980062,-81.061847,74.3,9.36,0.6,259.54,12.0,3D,2025-09-24 06:30:57-04:00,POINT (-81.061847 33.980062)
2025-09-23 20:25:43 UTC,sensor03,218187713,19.62,93.86,2025-09-24 10:31:02+00:00,33.979957,-81.062292,75.0,7.66,0.1,251.04,12.0,3D,2025-09-24 06:31:02-04:00,POINT (-81.062292 33.979957)
2025-09-23 20:25:48 UTC,sensor03,218187713,19.61,93.8,2025-09-24 10:31:07+00:00,33.979852,-81.062612,75.0,4.16,0.0,250.61,12.0,3D,2025-09-24 06:31:07-04:00,POINT (-81.062612 33.979852)
2025-09-23 20:25:53 UTC,sensor03,218187713,19.64,93.76,2025-09-24 10:31:13+00:00,33.979952,-81.062807,76.0,6.47,0.1,0.0,12.0,3D,2025-09-24 06:31:13-04:00,POINT (-81.062807 33.979952)
2025-09-23 20:25:58 UTC,sensor03,218187713,19.62,93.73,2025-09-24 10:31:18+00:00,33.980302,-81.062953,76.9,9.22,0.1,0.0,12.0,3D,2025-09-24 06:31:18-04:00,POINT (-81.062953 33.980302)
2025-09-23 20:26:03 UTC,sensor03,218187713,19.67,93.83,2025-09-24 10:31:23+00:00,33.980587,-81.063062,77.2,3.63,0.1,0.0,12.0,3D,2025-09-24 06:31:23-04:00,POINT (-81.063062 33.980587)
2025-09-23 20:26:08 UTC,sensor03,218187713,19.76,93.73,2025-09-24 10:31:28+00:00,33.980798,-81.063143,77.9,7.05,0.1,339.42,12.0,3D,2025-09-24 06:31:28-04:00,POINT (-81.063143 33.980798)
2025-09-23 20:26:13 UTC,sensor03,218187713,19.9,93.73,2025-09-24 10:31:33+00:00,33.981165,-81.063285,78.1,8.25,0.1,340.04,12.0,3D,2025-09-24 06:31:33-04:00,POINT (-81.063285 33.981165)
2025-09-23 20:26:18 UTC,sensor03,218187713,20.09,93.16,2025-09-24 10:31:38+00:00,33.981435,-81.063443,79.8,4.02,-0.3,337.91,12.0,3D,2025-09-24 06:31:38-04:00,POINT (-81.063443 33.981435)
2025-09-23 20:27:08 UTC,sensor03,218187713,20.39,90.11,2025-09-24 10:32:28+00:00,33.982,-81.063713,80.7,10.96,0.2,337.99,12.0,3D,2025-09-24 06:32:28-04:00,POINT (-81.063713 33.982)
2025-09-23 20:27:13 UTC,sensor03,218187713,20.33,90.28,2025-09-24 10:32:33+00:00,33.982472,-81.063933,81.5,11.55,0.3,337.7,11.0,3D,2025-09-24 06:32:33-04:00,POINT (-81.063933 33.982472)
2025-09-23 20:27:18 UTC,sensor03,218187713,20.31,90.6,2025-09-24 10:32:38+00:00,33.982983,-81.064167,83.7,12.06,0.5,338.16,11.0,3D,2025-09-24 06:32:38-04:00,POINT (-81.064167 33.982983)
2025-09-23 20:27:23 UTC,sensor03,218187713,20.15,90.89,2025-09-24 10:32:43+00:00,33.983497,-81.0644,87.9,12.06,0.7,339.42,11.0,3D,2025-09-24 06:32:43-04:00,POINT (-81.0644 33.983497)
2025-09-23 20:27:28 UTC,sensor03,218187713,20.05,91.4,2025-09-24 10:32:48+00:00,33.984002,-81.064628,92.2,11.96,1.2,339.1,11.0,3D,2025-09-24 06:32:48-04:00,POINT (-81.064628 33.984002)
2025-09-23 20:27:33 UTC,sensor03,218187713,19.94,92.0,2025-09-24 10:32:53+00:00,33.984523,-81.064858,95.8,12.7,0.0,340.98,11.0,3D,2025-09-24 06:32:53-04:00,POINT (-81.064858 33.984523)
2025-09-23 20:27:39 UTC,sensor03,218187713,19.95,92.28,2025-09-24 10:32:58+00:00,33.985045,-81.06509,97.5,12.51,-0.3,337.66,11.0,3D,2025-09-24 06:32:58-04:00,POINT (-81.06509 33.985045)
2025-09-23 20:27:44 UTC,sensor03,218187713,19.95,92.41,2025-09-24 10:33:04+00:00,33.985685,-81.065352,97.2,12.54,0.3,0.0,11.0,3D,2025-09-24 06:33:04-04:00,POINT (-81.065352 33.985685)
2025-09-23 20:27:49 UTC,sensor03,218187713,19.91,92.53,2025-09-24 10:33:09+00:00,33.986225,-81.06561,98.1,13.56,0.0,0.0,11.0,3D,2025-09-24 06:33:09-04:00,POINT (-81.06561 33.986225)
2025-09-23 20:27:54 UTC,sensor03,218187713,19.85,92.75,2025-09-24 10:33:14+00:00,33.986762,-81.065862,98.4,12.47,0.2,0.0,11.0,3D,2025-09-24 06:33:14-04:00,POINT (-81.065862 33.986762)
2025-09-23 20:27:59 UTC,sensor03,218187713,19.89,92.85,2025-09-24 10:33:19+00:00,33.987208,-81.066085,98.5,8.07,0.0,0.0,11.0,3D,2025-09-24 06:33:19-04:00,POINT (-81.066085 33.987208)
2025-09-23 20:28:04 UTC,sensor03,218187713,19.88,92.74,2025-09-24 10:33:24+00:00,33.987337,-81.06596,98.1,5.44,0.0,52.82,11.0,3D,2025-09-24 06:33:24-04:00,POINT (-81.06596 33.987337)
2025-09-23 20:28:09 UTC,sensor03,218187713,19.89,92.7,2025-09-24 10:33:29+00:00,33.987482,-81.065367,92.5,13.15,-2.9,72.17,11.0,3D,2025-09-24 06:33:29-04:00,POINT (-81.065367 33.987482)
2025-09-23 20:28:14 UTC,sensor03,218187713,19.78,92.83,2025-09-24 10:33:34+00:00,33.987658,-81.064685,91.0,12.56,-0.1,71.93,11.0,3D,2025-09-24 06:33:34-04:00,POINT (-81.064685 33.987658)
2025-09-23 20:28:19 UTC,sensor03,218187713,19.77,93.19,2025-09-24 10:33:39+00:00,33.987785,-81.064025,90.2,10.4,-0.1,78.78,11.0,3D,2025-09-24 06:33:39-04:00,POINT (-81.064025 33.987785)
2025-09-23 20:28:24 UTC,sensor03,218187713,19.72,93.31,2025-09-24 10:33:44+00:00,33.987938,-81.063723,88.0,4.83,-1.9,30.38,11.0,3D,2025-09-24 06:33:44-04:00,POINT (-81.063723 33.987938)
2025-09-23 20:28:29 UTC,sensor03,218187713,19.6,93.4,2025-09-24 10:33:49+00:00,33.988225,-81.063782,88.2,7.02,0.1,348.13,11.0,3D,2025-09-24 06:33:49-04:00,POINT (-81.063782 33.988225)
2025-09-23 20:28:34 UTC,sensor03,218187713,19.69,93.74,2025-09-24 10:33:54+00:00,33.988548,-81.063903,91.1,7.55,0.2,346.05,11.0,3D,2025-09-24 06:33:54-04:00,POINT (-81.063903 33.988548)
2025-09-23 20:28:39 UTC,sensor03,218187713,19.63,93.66,2025-09-24 10:33:59+00:00,33.988797,-81.063978,92.3,2.98,0.3,341.03,11.0,3D,2025-09-24 06:33:59-04:00,POINT (-81.063978 33.988797)
2025-09-23 20:28:44 UTC,sensor03,218187713,19.74,93.88,2025-09-24 10:34:03+00:00,33.988877,-81.064053,92.8,4.86,0.1,296.22,11.0,3D,2025-09-24 06:34:03-04:00,POINT (-81.064053 33.988877)
2025-09-23 20:28:49 UTC,sensor03,218187713,19.77,93.91,2025-09-24 10:34:09+00:00,33.98896,-81.064373,93.5,5.08,0.0,318.15,11.0,3D,2025-09-24 06:34:09-04:00,POINT (-81.064373 33.98896)
2025-09-23 20:28:54 UTC,sensor03,218187713,19.79,93.81,2025-09-24 10:34:14+00:00,33.989267,-81.064515,93.3,7.33,-0.1,340.23,11.0,3D,2025-09-24 06:34:14-04:00,POINT (-81.064515 33.989267)
2025-09-23 20:28:59 UTC,sensor03,218187713,19.82,93.86,2025-09-24 10:34:19+00:00,33.989557,-81.064655,93.0,4.95,0.0,339.98,11.0,3D,2025-09-24 06:34:19-04:00,POINT (-81.064655 33.989557)
2025-09-23 20:29:24 UTC,sensor03,218187713,19.91,93.72,2025-09-24 10:34:44+00:00,33.989703,-81.064715,92.3,2.79,0.1,5.8,11.0,3D,2025-09-24 06:34:44-04:00,POINT (-81.064715 33.989703)
2025-09-23 20:29:29 UTC,sensor03,218187713,19.95,93.66,2025-09-24 10:34:49+00:00,33.989793,-81.064458,92.6,8.29,-0.1,79.77,11.0,3D,2025-09-24 06:34:49-04:00,POINT (-81.064458 33.989793)
2025-09-23 20:29:34 UTC,sensor03,218187713,20.05,93.73,2025-09-24 10:34:54+00:00,33.989877,-81.063873,90.7,11.6,-1.1,80.73,11.0,3D,2025-09-24 06:34:54-04:00,POINT (-81.063873 33.989877)
2025-09-23 20:29:39 UTC,sensor03,218187713,19.96,93.23,2025-09-24 10:34:59+00:00,33.98998,-81.063285,89.8,10.59,-0.2,76.32,11.0,3D,2025-09-24 06:34:59-04:00,POINT (-81.063285 33.98998)
2025-09-23 20:29:44 UTC,sensor03,218187713,19.84,93.02,2025-09-24 10:35:04+00:00,33.990075,-81.062847,89.2,5.79,-0.1,73.89,11.0,3D,2025-09-24 06:35:04-04:00,POINT (-81.062847 33.990075)
2025-09-23 20:29:50 UTC,sensor03,218187713,19.81,93.08,2025-09-24 10:35:09+00:00,33.990178,-81.06285,89.0,3.62,0.0,339.37,11.0,3D,2025-09-24 06:35:09-04:00,POINT (-81.06285 33.990178)
2025-09-23 20:29:55 UTC,sensor03,218187713,19.91,93.27,2025-09-24 10:35:14+00:00,33.990423,-81.06296,89.1,6.69,0.1,336.35,11.0,3D,2025-09-24 06:35:14-04:00,POINT (-81.06296 33.990423)
2025-09-23 20:30:00 UTC,sensor03,218187713,19.82,93.34,2025-09-24 10:35:20+00:00,33.99081,-81.063128,88.8,7.95,0.0,0.0,11.0,3D,2025-09-24 06:35:20-04:00,POINT (-81.063128 33.99081)
2025-09-23 20:30:05 UTC,sensor03,218187713,19.8,93.42,2025-09-24 10:35:25+00:00,33.99112,-81.063285,88.4,6.52,-0.1,0.0,11.0,3D,2025-09-24 06:35:25-04:00,POINT (-81.063285 33.99112)
2025-09-23 20:30:10 UTC,sensor03,218187713,19.85,93.4,2025-09-24 10:35:30+00:00,33.991278,-81.063345,87.4,2.27,-0.2,0.0,11.0,3D,2025-09-24 06:35:30-04:00,POINT (-81.063345 33.991278)
2025-09-23 20:30:15 UTC,sensor03,218187713,19.9,93.24,2025-09-24 10:35:35+00:00,33.991397,-81.063208,86.9,6.3,-0.3,63.84,11.0,3D,2025-09-24 06:35:35-04:00,POINT (-81.063208 33.991397)
2025-09-23 20:30:20 UTC,sensor03,218187713,19.88,93.07,2025-09-24 10:35:40+00:00,33.991517,-81.062812,85.8,8.49,-0.1,69.29,11.0,3D,2025-09-24 06:35:40-04:00,POINT (-81.062812 33.991517)
2025-09-23 20:30:25 UTC,sensor03,218187713,19.94,92.93,2025-09-24 10:35:45+00:00,33.991672,-81.062363,84.6,8.78,-0.3,69.55,11.0,3D,2025-09-24 06:35:45-04:00,POINT (-81.062363 33.991672)
2025-09-23 20:30:30 UTC,sensor03,218187713,19.99,92.96,2025-09-24 10:35:50+00:00,33.991783,-81.062037,83.3,3.0,0.0,61.64,11.0,3D,2025-09-24 06:35:50-04:00,POINT (-81.062037 33.991783)
2025-09-23 20:30:35 UTC,sensor03,218187713,20.1,92.83,2025-09-24 10:35:55+00:00,33.991983,-81.06202,83.2,7.17,-0.3,338.79,11.0,3D,2025-09-24 06:35:55-04:00,POINT (-81.06202 33.991983)
2025-09-23 20:30:40 UTC,sensor03,218187713,20.23,92.48,2025-09-24 10:36:00+00:00,33.992353,-81.062203,84.2,8.11,0.3,337.51,11.0,3D,2025-09-24 06:36:00-04:00,POINT (-81.062203 33.992353)
2025-09-23 20:30:50 UTC,sensor03,218187713,20.35,91.64,2025-09-24 10:36:10+00:00,33.992657,-81.062213,84.4,6.46,-0.05,56.53,11.0,3D,2025-09-24 06:36:10-04:00,POINT (-81.062213 33.992657)
2025-09-23 20:30:55 UTC,sensor03,218187713,20.33,91.45,2025-09-24 10:36:15+00:00,33.992842,-81.061707,83.5,12.63,-0.3,69.87,11.0,3D,2025-09-24 06:36:15-04:00,POINT (-81.061707 33.992842)
2025-09-23 20:31:00 UTC,sensor03,218187713,20.38,91.36,2025-09-24 10:36:20+00:00,33.993073,-81.06099,80.8,15.12,-0.8,68.77,11.0,3D,2025-09-24 06:36:20-04:00,POINT (-81.06099 33.993073)
2025-09-23 20:31:05 UTC,sensor03,218187713,20.33,91.18,2025-09-24 10:36:25+00:00,33.993322,-81.060212,77.2,15.54,-0.7,70.04,10.0,3D,2025-09-24 06:36:25-04:00,POINT (-81.060212 33.993322)
2025-09-23 20:31:25 UTC,sensor03,218187713,20.94,89.69,2025-09-24 10:36:45+00:00,33.994203,-81.056955,67.1,14.12,0.4,73.62,10.0,3D,2025-09-24 06:36:45-04:00,POINT (-81.056955 33.994203)
2025-09-23 20:31:30 UTC,sensor03,218187713,21.02,89.24,2025-09-24 10:36:50+00:00,33.994352,-81.056285,70.6,11.77,0.5,74.14,10.0,3D,2025-09-24 06:36:50-04:00,POINT (-81.056285 33.994352)
2025-09-23 20:31:35 UTC,sensor03,218187713,21.13,89.04,2025-09-24 10:36:55+00:00,33.994493,-81.055782,71.0,8.03,-0.1,67.5,10.0,3D,2025-09-24 06:36:55-04:00,POINT (-81.055782 33.994493)
2025-09-23 20:31:40 UTC,sensor03,218187713,20.96,88.87,2025-09-24 10:37:00+00:00,33.994752,-81.055535,72.3,6.97,0.9,21.51,10.0,3D,2025-09-24 06:37:00-04:00,POINT (-81.055535 33.994752)
2025-09-23 20:31:45 UTC,sensor03,218187713,21.0,89.13,2025-09-24 10:37:05+00:00,33.99494,-81.055492,74.8,2.57,1.6,21.22,10.0,3D,2025-09-24 06:37:05-04:00,POINT (-81.055492 33.99494)
2025-09-23 20:32:06 UTC,sensor03,218187713,21.24,89.15,2025-09-24 10:37:26+00:00,33.995172,-81.055482,76.4,6.2,0.1,0.0,10.0,3D,2025-09-24 06:37:26-04:00,POINT (-81.055482 33.995172)
2025-09-23 20:32:11 UTC,sensor03,218187713,21.37,89.5,2025-09-24 10:37:31+00:00,33.995402,-81.055802,77.4,9.38,0.1,0.0,10.0,3D,2025-09-24 06:37:31-04:00,POINT (-81.055802 33.995402)
2025-09-23 20:32:16 UTC,sensor03,218187713,21.28,89.25,2025-09-24 10:37:36+00:00,33.995597,-81.0563,76.7,9.97,-0.3,0.0,10.0,3D,2025-09-24 06:37:36-04:00,POINT (-81.0563 33.995597)
2025-09-23 20:32:21 UTC,sensor03,218187713,21.06,89.61,2025-09-24 10:37:41+00:00,33.99579,-81.056788,75.0,9.89,-0.3,0.0,4.0,3D,2025-09-24 06:37:41-04:00,POINT (-81.056788 33.99579)
2025-09-23 20:32:26 UTC,sensor03,218187713,20.99,90.08,2025-09-24 10:37:46+00:00,33.995943,-81.057185,74.6,6.18,-0.2,0.0,4.0,3D,2025-09-24 06:37:46-04:00,POINT (-81.057185 33.995943)
2025-09-23 20:32:31 UTC,sensor03,218187713,21.15,90.15,2025-09-24 10:37:51+00:00,33.99603,-81.057453,74.3,6.4,-0.1,0.0,8.0,3D,2025-09-24 06:37:51-04:00,POINT (-81.057453 33.99603)
2025-09-23 20:32:36 UTC,sensor03,218187713,21.2,89.56,2025-09-24 10:37:56+00:00,33.996178,-81.057923,74.3,10.81,0.1,0.0,8.0,3D,2025-09-24 06:37:56-04:00,POINT (-81.057923 33.996178)
2025-09-23 20:32:41 UTC,sensor03,218187713,21.07,88.97,2025-09-24 10:38:01+00:00,33.996327,-81.058492,74.9,10.24,0.1,0.0,10.0,3D,2025-09-24 06:38:01-04:00,POINT (-81.058492 33.996327)
2025-09-23 20:32:46 UTC,sensor03,218187713,21.07,89.11,2025-09-24 10:38:04+00:00,33.996395,-81.058802,74.9,9.99,0.0,0.0,10.0,3D,2025-09-24 06:38:04-04:00,POINT (-81.058802 33.996395)
2025-09-23 20:32:51 UTC,sensor03,218187713,20.67,89.23,2025-09-24 10:38:11+00:00,33.996528,-81.05956,75.8,10.06,0.2,281.67,10.0,3D,2025-09-24 06:38:11-04:00,POINT (-81.05956 33.996528)
2025-09-23 20:32:56 UTC,sensor03,218187713,20.59,90.05,2025-09-24 10:38:16+00:00,33.996578,-81.059973,76.1,7.42,0.1,274.46,10.0,3D,2025-09-24 06:38:16-04:00,POINT (-81.059973 33.996578)
2025-09-23 20:33:01 UTC,sensor03,218187713,20.42,90.57,2025-09-24 10:38:21+00:00,33.996603,-81.060462,77.0,10.39,0.2,274.58,10.0,3D,2025-09-24 06:38:21-04:00,POINT (-81.060462 33.996603)
2025-09-23 20:33:06 UTC,sensor03,218187713,20.5,91.05,2025-09-24 10:38:26+00:00,33.996648,-81.06105,78.6,10.65,0.3,276.34,10.0,3D,2025-09-24 06:38:26-04:00,POINT (-81.06105 33.996648)
2025-09-23 20:33:11 UTC,sensor03,218187713,20.37,91.04,2025-09-24 10:38:31+00:00,33.99669,-81.0616,80.5,9.74,0.4,275.94,10.0,3D,2025-09-24 06:38:31-04:00,POINT (-81.0616 33.99669)
2025-09-23 20:33:16 UTC,sensor03,218187713,20.35,91.17,2025-09-24 10:38:36+00:00,33.996735,-81.062177,82.5,11.65,0.4,275.65,10.0,3D,2025-09-24 06:38:36-04:00,POINT (-81.062177 33.996735)
2025-09-23 20:33:21 UTC,sensor03,218187713,20.35,91.26,2025-09-24 10:38:41+00:00,33.996795,-81.062815,84.0,10.87,0.2,276.81,10.0,3D,2025-09-24 06:38:41-04:00,POINT (-81.062815 33.996795)
2025-09-23 20:33:26 UTC,sensor03,218187713,20.5,91.32,2025-09-24 10:38:46+00:00,33.99686,-81.063367,85.2,8.77,0.1,283.98,10.0,3D,2025-09-24 06:38:46-04:00,POINT (-81.063367 33.99686)
2025-09-23 20:33:31 UTC,sensor03,218187713,20.3,91.34,2025-09-24 10:38:51+00:00,33.996998,-81.0637,85.8,4.76,-0.2,280.08,10.0,3D,2025-09-24 06:38:51-04:00,POINT (-81.0637 33.996998)
2025-09-23 20:33:56 UTC,sensor03,218187713,20.53,91.48,2025-09-24 10:39:16+00:00,33.996785,-81.063478,85.2,9.11,0.0,99.79,10.0,3D,2025-09-24 06:39:16-04:00,POINT (-81.063478 33.996785)
2025-09-23 20:34:01 UTC,sensor03,218187713,20.63,91.13,2025-09-24 10:39:21+00:00,33.996733,-81.062877,83.9,12.25,-0.2,95.97,10.0,3D,2025-09-24 06:39:21-04:00,POINT (-81.062877 33.996733)
2025-09-23 20:34:06 UTC,sensor03,218187713,20.75,90.81,2025-09-24 10:39:26+00:00,33.996672,-81.06217,81.6,12.98,-0.7,95.48,10.0,3D,2025-09-24 06:39:26-04:00,POINT (-81.06217 33.996672)
2025-09-23 20:34:12 UTC,sensor03,218187713,20.64,90.49,2025-09-24 10:39:31+00:00,33.996612,-81.061415,79.8,14.2,-0.5,97.87,10.0,3D,2025-09-24 06:39:31-04:00,POINT (-81.061415 33.996612)
2025-09-23 20:34:17 UTC,sensor03,218187713,20.65,90.53,2025-09-24 10:39:36+00:00,33.996533,-81.060622,75.5,15.05,-0.8,97.11,10.0,3D,2025-09-24 06:39:36-04:00,POINT (-81.060622 33.996533)
2025-09-23 20:34:22 UTC,sensor03,218187713,20.63,90.67,2025-09-24 10:39:42+00:00,33.996413,-81.05974,72.3,11.24,-0.5,0.0,10.0,3D,2025-09-24 06:39:42-04:00,POINT (-81.05974 33.996413)
2025-09-23 20:34:27 UTC,sensor03,218187713,20.76,90.87,2025-09-24 10:39:47+00:00,33.99633,-81.059258,71.5,13.51,0.2,0.0,10.0,3D,2025-09-24 06:39:47-04:00,POINT (-81.059258 33.99633)
2025-09-23 20:34:32 UTC,sensor03,218187713,20.29,90.64,2025-09-24 10:39:52+00:00,33.995978,-81.059003,68.4,10.05,-0.3,0.0,10.0,3D,2025-09-24 06:39:52-04:00,POINT (-81.059003 33.995978)
2025-09-23 20:34:37 UTC,sensor03,218187713,20.05,91.24,2025-09-24 10:39:57+00:00,33.995535,-81.059178,67.8,10.5,0.2,0.0,10.0,3D,2025-09-24 06:39:57-04:00,POINT (-81.059178 33.995535)
2025-09-23 20:34:42 UTC,sensor03,218187713,19.96,91.77,2025-09-24 10:40:02+00:00,33.995405,-81.05974,69.7,9.65,0.3,266.77,10.0,3D,2025-09-24 06:40:02-04:00,POINT (-81.05974 33.995405)
2025-09-23 20:34:47 UTC,sensor03,218187713,19.98,92.45,2025-09-24 10:40:07+00:00,33.995862,-81.060052,70.9,11.19,0.1,4.51,10.0,3D,2025-09-24 06:40:07-04:00,POINT (-81.060052 33.995862)
2025-09-23 20:34:52 UTC,sensor03,218187713,20.51,92.73,2025-09-24 10:40:12+00:00,33.996242,-81.05961,72.2,14.36,0.4,57.44,10.0,3D,2025-09-24 06:40:12-04:00,POINT (-81.05961 33.996242)
2025-09-23 20:35:47 UTC,sensor03,218187713,21.43,90.81,2025-09-24 10:41:07+00:00,34.0009,-81.049223,75.8,13.64,0.0,68.2,11.0,3D,2025-09-24 06:41:07-04:00,POINT (-81.049223 34.0009)
2025-09-23 20:35:52 UTC,sensor03,218187713,21.57,90.23,2025-09-24 10:41:12+00:00,34.001118,-81.048548,75.6,12.72,-0.1,68.07,11.0,3D,2025-09-24 06:41:12-04:00,POINT (-81.048548 34.001118)
2025-09-23 20:35:57 UTC,sensor03,218187713,21.73,88.97,2025-09-24 10:41:17+00:00,34.001358,-81.047997,77.4,9.43,0.9,59.6,11.0,3D,2025-09-24 06:41:17-04:00,POINT (-81.047997 34.001358)
2025-09-23 20:36:02 UTC,sensor03,218187713,21.81,88.18,2025-09-24 10:41:22+00:00,34.001497,-81.047693,79.4,4.41,-1.4,73.3,11.0,3D,2025-09-24 06:41:22-04:00,POINT (-81.047693 34.001497)
2025-09-23 20:36:07 UTC,sensor03,218187713,21.96,87.83,2025-09-24 10:41:27+00:00,34.00159,-81.047467,78.6,6.21,-0.1,68.17,11.0,3D,2025-09-24 06:41:27-04:00,POINT (-81.047467 34.00159)
2025-09-23 20:36:12 UTC,sensor03,218187713,22.12,87.3,2025-09-24 10:41:32+00:00,34.001648,-81.047027,79.7,8.88,0.2,86.51,11.0,3D,2025-09-24 06:41:32-04:00,POINT (-81.047027 34.001648)
2025-09-23 20:36:18 UTC,sensor03,218187713,22.09,86.94,2025-09-24 10:41:37+00:00,34.001507,-81.046637,80.6,8.76,0.1,142.19,11.0,3D,2025-09-24 06:41:37-04:00,POINT (-81.046637 34.001507)
2025-09-23 20:36:23 UTC,sensor03,218187713,22.17,86.81,2025-09-24 10:41:42+00:00,34.000977,-81.04641,80.0,13.92,-0.2,160.16,11.0,3D,2025-09-24 06:41:42-04:00,POINT (-81.04641 34.000977)
2025-09-23 20:36:28 UTC,sensor03,218187713,22.21,86.63,2025-09-24 10:41:48+00:00,34.00022,-81.04606,81.0,14.99,0.4,0.0,11.0,3D,2025-09-24 06:41:48-04:00,POINT (-81.04606 34.00022)
2025-09-23 20:36:33 UTC,sensor03,218187713,22.2,86.31,2025-09-24 10:41:53+00:00,33.999597,-81.04578,83.4,14.82,0.4,0.0,11.0,3D,2025-09-24 06:41:53-04:00,POINT (-81.04578 33.999597)
2025-09-23 20:36:38 UTC,sensor03,218187713,22.17,86.22,2025-09-24 10:41:58+00:00,33.998993,-81.04552,85.3,13.34,0.0,0.0,11.0,3D,2025-09-24 06:41:58-04:00,POINT (-81.04552 33.998993)
2025-09-23 20:36:43 UTC,sensor03,218187713,22.12,86.3,2025-09-24 10:42:03+00:00,33.998568,-81.045323,82.8,6.9,-0.3,158.62,11.0,3D,2025-09-24 06:42:03-04:00,POINT (-81.045323 33.998568)
2025-09-23 20:37:03 UTC,sensor03,218187713,22.27,86.35,2025-09-24 10:42:23+00:00,33.998088,-81.045113,82.3,9.39,-0.3,160.21,11.0,3D,2025-09-24 06:42:23-04:00,POINT (-81.045113 33.998088)
2025-09-23 20:37:08 UTC,sensor03,218187713,22.75,85.94,2025-09-24 10:42:28+00:00,33.997605,-81.0449,81.4,12.77,-0.2,159.2,11.0,3D,2025-09-24 06:42:28-04:00,POINT (-81.0449 33.997605)
2025-09-23 20:37:13 UTC,sensor03,218187713,22.72,84.61,2025-09-24 10:42:33+00:00,33.997012,-81.044633,78.3,15.3,-0.6,159.25,11.0,3D,2025-09-24 06:42:33-04:00,POINT (-81.044633 33.997012)
2025-09-23 20:37:38 UTC,sensor03,218187713,22.39,84.88,2025-09-24 10:42:58+00:00,33.993338,-81.042952,79.7,15.19,0.1,159.07,11.0,3D,2025-09-24 06:42:58-04:00,POINT (-81.042952 33.993338)
2025-09-23 20:37:43 UTC,sensor03,218187713,22.33,84.9,2025-09-24 10:43:03+00:00,33.992732,-81.042655,80.1,13.54,0.0,158.21,11.0,3D,2025-09-24 06:43:03-04:00,POINT (-81.042655 33.992732)
2025-09-23 20:37:48 UTC,sensor03,218187713,22.27,84.93,2025-09-24 10:43:08+00:00,33.992265,-81.04242,80.8,8.29,-0.1,144.49,11.0,3D,2025-09-24 06:43:08-04:00,POINT (-81.04242 33.992265)
2025-09-23 20:37:53 UTC,sensor03,218187713,22.04,85.23,2025-09-24 10:43:13+00:00,33.992273,-81.042042,81.7,8.6,0.1,69.6,11.0,3D,2025-09-24 06:43:13-04:00,POINT (-81.042042 33.992273)
2025-09-23 20:37:58 UTC,sensor03,218187713,22.09,85.75,2025-09-24 10:43:18+00:00,33.992518,-81.041593,79.3,8.98,0.1,69.23,11.0,3D,2025-09-24 06:43:18-04:00,POINT (-81.041593 33.992518)
2025-09-23 20:38:03 UTC,sensor03,218187713,22.13,85.71,2025-09-24 10:43:23+00:00,33.992652,-81.041177,79.2,7.03,-0.5,70.89,11.0,3D,2025-09-24 06:43:23-04:00,POINT (-81.041177 33.992652)
2025-09-23 20:38:13 UTC,sensor03,218187713,22.13,85.58,2025-09-24 10:43:33+00:00,33.992788,-81.040718,80.3,8.75,0.2,69.0,11.0,3D,2025-09-24 06:43:33-04:00,POINT (-81.040718 33.992788)
2025-09-23 20:38:18 UTC,sensor03,218187713,22.09,85.77,2025-09-24 10:43:38+00:00,33.992958,-81.040205,81.3,11.69,0.4,69.28,11.0,3D,2025-09-24 06:43:38-04:00,POINT (-81.040205 33.992958)
2025-09-23 20:38:23 UTC,sensor03,218187713,22.04,86.01,2025-09-24 10:43:43+00:00,33.993162,-81.039573,83.0,12.48,0.2,69.96,11.0,3D,2025-09-24 06:43:43-04:00,POINT (-81.039573 33.993162)
2025-09-23 20:38:28 UTC,sensor03,218187713,22.01,86.18,2025-09-24 10:43:48+00:00,33.993373,-81.038908,81.9,12.59,-0.4,71.19,11.0,3D,2025-09-24 06:43:48-04:00,POINT (-81.038908 33.993373)
2025-09-23 20:38:34 UTC,sensor03,218187713,21.96,86.27,2025-09-24 10:43:53+00:00,33.993545,-81.038297,80.6,10.82,-0.3,73.6,11.0,3D,2025-09-24 06:43:53-04:00,POINT (-81.038297 33.993545)
2025-09-23 20:38:39 UTC,sensor03,218187713,21.92,86.13,2025-09-24 10:43:59+00:00,33.993667,-81.037833,78.3,4.06,-0.3,0.0,11.0,3D,2025-09-24 06:43:59-04:00,POINT (-81.037833 33.993667)
2025-09-23 20:38:44 UTC,sensor03,218187713,21.89,86.23,2025-09-24 10:44:03+00:00,33.993685,-81.037753,77.3,3.05,-0.1,71.91,11.0,3D,2025-09-24 06:44:03-04:00,POINT (-81.037753 33.993685)
2025-09-23 20:38:49 UTC,sensor03,218187713,21.92,86.44,2025-09-24 10:44:09+00:00,33.993837,-81.037242,77.9,11.02,0.4,0.0,11.0,3D,2025-09-24 06:44:09-04:00,POINT (-81.037242 33.993837)
2025-09-23 20:38:54 UTC,sensor03,218187713,21.89,86.64,2025-09-24 10:44:09+00:00,33.993837,-81.037242,77.9,11.17,0.4,68.63,11.0,3D,2025-09-24 06:44:09-04:00,POINT (-81.037242 33.993837)
2025-09-23 20:38:59 UTC,sensor03,218187713,21.91,87.02,2025-09-24 10:44:19+00:00,33.994218,-81.03614,81.2,8.57,0.1,0.0,11.0,3D,2025-09-24 06:44:19-04:00,POINT (-81.03614 33.994218)
2025-09-23 20:39:04 UTC,sensor03,218187713,22.03,87.09,2025-09-24 10:44:24+00:00,33.994483,-81.036005,83.6,7.69,0.4,346.98,11.0,3D,2025-09-24 06:44:24-04:00,POINT (-81.036005 33.994483)
2025-09-23 20:39:09 UTC,sensor03,218187713,21.95,86.81,2025-09-24 10:44:29+00:00,33.99487,-81.036185,84.2,9.81,-0.2,338.24,11.0,3D,2025-09-24 06:44:29-04:00,POINT (-81.036185 33.99487)
2025-09-23 20:39:14 UTC,sensor03,218187713,21.96,87.17,2025-09-24 10:44:34+00:00,33.995267,-81.036362,83.6,8.3,-0.1,341.18,11.0,3D,2025-09-24 06:44:34-04:00,POINT (-81.036362 33.995267)
2025-09-23 20:39:19 UTC,sensor03,218187713,22.02,87.29,2025-09-24 10:44:39+00:00,33.995555,-81.036477,83.0,4.97,-0.1,333.38,11.0,3D,2025-09-24 06:44:39-04:00,POINT (-81.036477 33.995555)
2025-09-23 20:39:24 UTC,sensor03,218187713,22.0,86.99,2025-09-24 10:44:44+00:00,33.995467,-81.036595,82.4,2.99,0.1,176.76,11.0,3D,2025-09-24 06:44:44-04:00,POINT (-81.036595 33.995467)
2025-09-23 20:40:14 UTC,sensor03,218187713,21.99,86.82,2025-09-24 10:45:34+00:00,33.995175,-81.036472,85.9,7.22,0.0,155.37,11.0,3D,2025-09-24 06:45:34-04:00,POINT (-81.036472 33.995175)
2025-09-23 20:40:19 UTC,sensor03,218187713,21.93,86.89,2025-09-24 10:45:39+00:00,33.994825,-81.036305,85.9,7.98,0.0,159.93,11.0,3D,2025-09-24 06:45:39-04:00,POINT (-81.036305 33.994825)
2025-09-23 20:40:24 UTC,sensor03,218187713,22.04,86.97,2025-09-24 10:45:44+00:00,33.994505,-81.036157,85.5,6.12,-0.1,159.16,11.0,3D,2025-09-24 06:45:44-04:00,POINT (-81.036157 33.994505)
2025-09-23 20:40:40 UTC,sensor03,218187713,22.13,86.56,2025-09-24 10:45:59+00:00,33.994208,-81.036228,84.8,6.58,-0.2,240.74,11.0,3D,2025-09-24 06:45:59-04:00,POINT (-81.036228 33.994208)
2025-09-23 20:40:45 UTC,sensor03,218187713,22.07,86.38,2025-09-24 10:46:04+00:00,33.994058,-81.0367,83.0,10.43,-0.6,248.76,11.0,3D,2025-09-24 06:46:04-04:00,POINT (-81.0367 33.994058)
2025-09-23 20:40:50 UTC,sensor03,218187713,21.91,86.56,2025-09-24 10:46:04+00:00,33.994058,-81.0367,83.0,10.43,-0.6,248.76,11.0,3D,2025-09-24 06:46:04-04:00,POINT (-81.0367 33.994058)
2025-09-23 20:40:55 UTC,sensor03,218187713,21.87,86.51,2025-09-24 10:46:15+00:00,33.9938,-81.037597,80.7,2.84,0.3,0.0,11.0,3D,2025-09-24 06:46:15-04:00,POINT (-81.037597 33.9938)
2025-09-23 20:41:00 UTC,sensor03,218187713,21.89,86.52,2025-09-24 10:46:20+00:00,33.993738,-81.037817,81.0,6.98,-0.1,0.0,11.0,3D,2025-09-24 06:46:20-04:00,POINT (-81.037817 33.993738)
2025-09-23 20:41:05 UTC,sensor03,218187713,21.91,86.54,2025-09-24 10:46:25+00:00,33.99361,-81.03828,81.6,10.25,0.0,254.54,11.0,3D,2025-09-24 06:46:25-04:00,POINT (-81.03828 33.99361)
2025-09-23 20:41:10 UTC,sensor03,218187713,21.97,86.65,2025-09-24 10:46:30+00:00,33.993457,-81.038852,82.6,11.61,0.3,250.54,11.0,3D,2025-09-24 06:46:30-04:00,POINT (-81.038852 33.993457)
2025-09-23 20:41:15 UTC,sensor03,218187713,21.99,86.52,2025-09-24 10:46:35+00:00,33.99326,-81.039465,83.5,11.93,0.2,247.59,11.0,3D,2025-09-24 06:46:35-04:00,POINT (-81.039465 33.99326)
2025-09-23 20:41:20 UTC,sensor03,218187713,22.03,86.49,2025-09-24 10:46:40+00:00,33.993065,-81.040092,82.6,12.26,-0.4,248.62,11.0,3D,2025-09-24 06:46:40-04:00,POINT (-81.040092 33.993065)
2025-09-23 20:41:25 UTC,sensor03,218187713,21.95,86.27,2025-09-24 10:46:45+00:00,33.992913,-81.040593,82.3,6.84,-0.2,249.86,11.0,3D,2025-09-24 06:46:45-04:00,POINT (-81.040593 33.992913)
2025-09-23 20:41:35 UTC,sensor03,218187713,21.84,86.31,2025-09-24 10:46:55+00:00,33.992787,-81.040998,81.9,8.43,-0.2,249.39,11.0,3D,2025-09-24 06:46:55-04:00,POINT (-81.040998 33.992787)
2025-09-23 20:41:40 UTC,sensor03,218187713,21.61,86.59,2025-09-24 10:47:00+00:00,33.992625,-81.041492,79.6,9.77,-0.5,247.23,11.0,3D,2025-09-24 06:47:00-04:00,POINT (-81.041492 33.992625)
2025-09-23 20:41:45 UTC,sensor03,218187713,21.64,87.36,2025-09-24 10:47:05+00:00,33.992462,-81.041948,77.6,8.37,-0.3,246.79,11.0,3D,2025-09-24 06:47:05-04:00,POINT (-81.041948 33.992462)
2025-09-23 20:42:25 UTC,sensor03,218187713,21.77,87.22,2025-09-24 10:47:45+00:00,33.992307,-81.042358,75.9,5.79,-0.2,225.0,11.0,3D,2025-09-24 06:47:45-04:00,POINT (-81.042358 33.992307)
2025-09-23 20:42:30 UTC,sensor03,218187713,21.83,86.96,2025-09-24 10:47:50+00:00,33.991975,-81.042378,75.0,9.86,-0.2,162.09,11.0,3D,2025-09-24 06:47:50-04:00,POINT (-81.042378 33.991975)
2025-09-23 20:42:35 UTC,sensor03,218187713,21.57,86.66,2025-09-24 10:47:55+00:00,33.991448,-81.042153,74.1,13.51,-0.1,159.84,11.0,3D,2025-09-24 06:47:55-04:00,POINT (-81.042153 33.991448)
2025-09-23 20:42:40 UTC,sensor03,218187713,21.08,87.54,2025-09-24 10:48:00+00:00,33.990827,-81.041872,72.9,15.4,-0.5,161.05,11.0,3D,2025-09-24 06:48:00-04:00,POINT (-81.041872 33.990827)
2025-09-23 20:42:45 UTC,sensor03,218187713,20.98,88.64,2025-09-24 10:48:04+00:00,33.99028,-81.041655,70.9,15.55,-0.8,160.36,11.0,3D,2025-09-24 06:48:04-04:00,POINT (-81.041655 33.99028)
2025-09-23 20:42:50 UTC,sensor03,218187713,21.55,88.83,2025-09-24 10:48:10+00:00,33.989488,-81.041305,66.9,15.51,-0.3,159.87,11.0,3D,2025-09-24 06:48:10-04:00,POINT (-81.041305 33.989488)
2025-09-23 20:42:56 UTC,sensor03,218187713,21.67,87.67,2025-09-24 10:48:15+00:00,33.988878,-81.040975,71.6,13.97,0.8,158.64,11.0,3D,2025-09-24 06:48:15-04:00,POINT (-81.040975 33.988878)
2025-09-23 20:43:01 UTC,sensor03,218187713,21.64,86.93,2025-09-24 10:48:20+00:00,33.988255,-81.040705,73.5,14.77,0.2,159.83,11.0,3D,2025-09-24 06:48:20-04:00,POINT (-81.040705 33.988255)
2025-09-23 20:43:06 UTC,sensor03,218187713,21.46,86.94,2025-09-24 10:48:26+00:00,33.987485,-81.040352,75.3,15.16,0.2,0.0,11.0,3D,2025-09-24 06:48:26-04:00,POINT (-81.040352 33.987485)
2025-09-23 20:43:11 UTC,sensor03,218187713,21.51,87.26,2025-09-24 10:48:31+00:00,33.986862,-81.040063,76.3,14.65,0.0,0.0,11.0,3D,2025-09-24 06:48:31-04:00,POINT (-81.040063 33.986862)
2025-09-23 20:43:16 UTC,sensor03,218187713,21.65,87.33,2025-09-24 10:48:36+00:00,33.986258,-81.039802,77.0,13.87,0.3,0.0,11.0,3D,2025-09-24 06:48:36-04:00,POINT (-81.039802 33.986258)
2025-09-23 20:43:21 UTC,sensor03,218187713,21.55,87.24,2025-09-24 10:48:41+00:00,33.985708,-81.039587,78.1,12.72,0.5,0.0,11.0,3D,2025-09-24 06:48:41-04:00,POINT (-81.039587 33.985708)
2025-09-23 20:43:26 UTC,sensor03,218187713,21.49,87.26,2025-09-24 10:48:46+00:00,33.985222,-81.039373,78.3,11.22,0.2,0.0,4.0,3D,2025-09-24 06:48:46-04:00,POINT (-81.039373 33.985222)
2025-09-23 20:43:31 UTC,sensor03,218187713,21.26,87.73,2025-09-24 10:48:51+00:00,33.984742,-81.039158,78.7,10.59,-0.6,0.0,4.0,3D,2025-09-24 06:48:51-04:00,POINT (-81.039158 33.984742)
2025-09-23 20:43:36 UTC,sensor03,218187713,21.17,88.09,2025-09-24 10:48:56+00:00,33.984347,-81.038952,78.3,8.58,0.0,0.0,8.0,3D,2025-09-24 06:48:56-04:00,POINT (-81.038952 33.984347)
2025-09-23 20:43:41 UTC,sensor03,218187713,21.01,88.4,2025-09-24 10:49:01+00:00,33.984115,-81.038692,78.0,6.37,-0.1,0.0,8.0,3D,2025-09-24 06:49:01-04:00,POINT (-81.038692 33.984115)
2025-09-23 20:43:46 UTC,sensor03,218187713,20.84,88.93,2025-09-24 10:49:06+00:00,33.98384,-81.038562,77.0,6.87,-0.1,0.0,11.0,3D,2025-09-24 06:49:06-04:00,POINT (-81.038562 33.98384)
2025-09-23 20:43:51 UTC,sensor03,218187713,20.69,89.55,2025-09-24 10:49:11+00:00,33.983545,-81.03843,76.9,7.0,0.0,0.0,11.0,3D,2025-09-24 06:49:11-04:00,POINT (-81.03843 33.983545)
2025-09-23 20:43:56 UTC,sensor03,218187713,20.64,90.22,2025-09-24 10:49:16+00:00,33.983217,-81.038292,76.4,7.45,-0.2,160.75,11.0,3D,2025-09-24 06:49:16-04:00,POINT (-81.038292 33.983217)
2025-09-23 20:44:06 UTC,sensor03,218187713,20.62,90.84,2025-09-24 10:49:26+00:00,33.982903,-81.038257,75.5,3.59,-0.3,245.53,11.0,3D,2025-09-24 06:49:26-04:00,POINT (-81.038257 33.982903)
2025-09-23 20:44:11 UTC,sensor03,218187713,20.61,90.97,2025-09-24 10:49:31+00:00,33.982828,-81.038553,75.7,6.76,0.0,250.69,11.0,3D,2025-09-24 06:49:31-04:00,POINT (-81.038553 33.982828)
2025-09-23 20:44:16 UTC,sensor03,218187713,20.7,91.15,2025-09-24 10:49:36+00:00,33.982727,-81.03893,76.6,6.44,0.2,249.4,11.0,3D,2025-09-24 06:49:36-04:00,POINT (-81.03893 33.982727)
2025-09-23 20:44:21 UTC,sensor03,218187713,20.75,90.97,2025-09-24 10:49:41+00:00,33.982648,-81.039218,76.8,5.83,0.0,249.86,11.0,3D,2025-09-24 06:49:41-04:00,POINT (-81.039218 33.982648)
2025-09-23 20:44:26 UTC,sensor03,218187713,20.76,90.73,2025-09-24 10:49:46+00:00,33.982558,-81.039558,76.8,5.9,0.0,255.28,11.0,3D,2025-09-24 06:49:46-04:00,POINT (-81.039558 33.982558)
2025-09-23 20:44:31 UTC,sensor03,218187713,20.77,90.62,2025-09-24 10:49:51+00:00,33.98248,-81.039745,76.1,3.67,0.0,219.57,11.0,3D,2025-09-24 06:49:51-04:00,POINT (-81.039745 33.98248)
2025-09-23 20:44:36 UTC,sensor03,218187713,20.74,90.62,2025-09-24 10:49:56+00:00,33.982227,-81.039735,76.2,7.76,0.0,161.11,11.0,3D,2025-09-24 06:49:56-04:00,POINT (-81.039735 33.982227)
2025-09-23 20:44:41 UTC,sensor03,218187713,20.7,90.98,2025-09-24 10:50:01+00:00,33.98193,-81.039608,76.8,4.19,0.2,158.17,11.0,3D,2025-09-24 06:50:01-04:00,POINT (-81.039608 33.98193)
2025-09-24 10:02:13 UTC,sensor04,300372246,20.87,89.34,2025-09-24 10:02:13+00:00,34.002782,-81.000533,105.3,3.3,0.3,154.07,10.0,3D,2025-09-24 06:02:13-04:00,POINT (-81.000533 34.002782)
2025-09-24 10:02:18 UTC,sensor04,300372246,20.97,89.22,2025-09-24 10:02:17+00:00,34.00268,-81.00033,106.3,7.19,-0.1,112.91,10.0,3D,2025-09-24 06:02:17-04:00,POINT (-81.00033 34.00268)
2025-09-24 10:02:23 UTC,sensor04,300372246,21.01,89.07,2025-09-24 10:02:17+00:00,34.00268,-81.00033,106.3,7.19,-0.1,112.91,10.0,3D,2025-09-24 06:02:17-04:00,POINT (-81.00033 34.00268)
2025-09-24 10:02:28 UTC,sensor04,300372246,21.08,89.08,2025-09-24 10:02:28+00:00,34.002188,-80.99915,104.5,12.6,-0.2,121.6,10.0,3D,2025-09-24 06:02:28-04:00,POINT (-80.99915 34.002188)
2025-09-24 10:02:33 UTC,sensor04,300372246,21.09,88.94,2025-09-24 10:02:33+00:00,34.001828,-80.998612,104.1,11.75,0.0,131.98,10.0,3D,2025-09-24 06:02:33-04:00,POINT (-80.998612 34.001828)
2025-09-24 10:02:38 UTC,sensor04,300372246,21.28,88.62,2025-09-24 10:02:38+00:00,34.001447,-80.998155,104.1,12.08,0.0,136.18,10.0,3D,2025-09-24 06:02:38-04:00,POINT (-80.998155 34.001447)
2025-09-24 10:02:43 UTC,sensor04,300372246,21.28,88.29,2025-09-24 10:02:43+00:00,34.001053,-80.997695,104.1,12.46,0.0,136.49,10.0,3D,2025-09-24 06:02:43-04:00,POINT (-80.997695 34.001053)
2025-09-24 10:02:48 UTC,sensor04,300372246,21.31,88.21,2025-09-24 10:02:48+00:00,34.000648,-80.99724,103.6,12.19,-0.2,138.39,10.0,3D,2025-09-24 06:02:48-04:00,POINT (-80.99724 34.000648)
2025-09-24 10:02:53 UTC,sensor04,300372246,21.32,88.05,2025-09-24 10:02:53+00:00,34.000237,-80.996782,103.6,12.08,-0.1,137.91,10.0,3D,2025-09-24 06:02:53-04:00,POINT (-80.996782 34.000237)
2025-09-24 10:02:58 UTC,sensor04,300372246,21.43,87.69,2025-09-24 10:02:58+00:00,33.999818,-80.996335,103.3,12.44,-0.1,138.92,10.0,3D,2025-09-24 06:02:58-04:00,POINT (-80.996335 33.999818)
2025-09-24 10:03:03 UTC,sensor04,300372246,21.44,87.49,2025-09-24 10:03:03+00:00,33.9994,-80.995897,102.3,12.13,-0.2,139.56,10.0,3D,2025-09-24 06:03:03-04:00,POINT (-80.995897 33.9994)
2025-09-24 10:03:08 UTC,sensor04,300372246,21.46,87.32,2025-09-24 10:03:08+00:00,33.99899,-80.995462,101.2,12.19,-0.3,137.51,10.0,3D,2025-09-24 06:03:08-04:00,POINT (-80.995462 33.99899)
2025-09-24 10:03:13 UTC,sensor04,300372246,21.47,87.19,2025-09-24 10:03:13+00:00,33.998608,-80.995038,100.2,11.29,-0.3,137.62,10.0,3D,2025-09-24 06:03:13-04:00,POINT (-80.995038 33.998608)
2025-09-24 10:03:19 UTC,sensor04,300372246,21.45,86.96,2025-09-24 10:03:18+00:00,33.998247,-80.994597,98.7,11.12,-0.4,129.56,10.0,3D,2025-09-24 06:03:18-04:00,POINT (-80.994597 33.998247)
2025-09-24 10:03:24 UTC,sensor04,300372246,21.34,87.04,2025-09-24 10:03:23+00:00,33.997993,-80.994185,97.6,8.07,-0.1,126.24,10.0,3D,2025-09-24 06:03:23-04:00,POINT (-80.994185 33.997993)
2025-09-24 10:03:29 UTC,sensor04,300372246,21.34,87.24,2025-09-24 10:03:28+00:00,33.997837,-80.993942,97.4,3.65,0.1,133.71,10.0,3D,2025-09-24 06:03:28-04:00,POINT (-80.993942 33.997837)
2025-09-24 10:04:09 UTC,sensor04,300372246,21.52,87.42,2025-09-24 10:04:09+00:00,33.997672,-80.993652,97.4,6.15,0.0,0.0,8.0,3D,2025-09-24 06:04:09-04:00,POINT (-80.993652 33.997672)
2025-09-24 10:04:14 UTC,sensor04,300372246,21.59,87.13,2025-09-24 10:04:14+00:00,33.997518,-80.993385,97.9,5.69,0.0,0.0,10.0,3D,2025-09-24 06:04:14-04:00,POINT (-80.993385 33.997518)
2025-09-24 10:04:19 UTC,sensor04,300372246,21.61,86.64,2025-09-24 10:04:17+00:00,33.997408,-80.993298,97.6,4.76,-0.1,160.31,10.0,3D,2025-09-24 06:04:17-04:00,POINT (-80.993298 33.997408)
2025-09-24 10:04:24 UTC,sensor04,300372246,21.63,86.54,2025-09-24 10:04:24+00:00,33.997113,-80.993273,97.7,4.94,0.01,178.7,10.0,3D,2025-09-24 06:04:24-04:00,POINT (-80.993273 33.997113)
2025-09-24 10:04:29 UTC,sensor04,300372246,21.32,86.54,2025-09-24 10:04:29+00:00,33.996823,-80.993293,98.1,7.7,0.1,184.96,10.0,3D,2025-09-24 06:04:29-04:00,POINT (-80.993293 33.996823)
2025-09-24 10:04:34 UTC,sensor04,300372246,21.09,87.06,2025-09-24 10:04:34+00:00,33.996458,-80.993358,97.8,8.21,-0.1,188.77,10.0,3D,2025-09-24 06:04:34-04:00,POINT (-80.993358 33.996458)
2025-09-24 10:04:39 UTC,sensor04,300372246,20.99,87.65,2025-09-24 10:04:39+00:00,33.996197,-80.993398,97.7,3.88,0.0,184.78,10.0,3D,2025-09-24 06:04:39-04:00,POINT (-80.993398 33.996197)
2025-09-24 10:05:10 UTC,sensor04,300372246,20.8,87.79,2025-09-24 10:05:09+00:00,33.995852,-80.99344,97.1,7.14,-0.3,182.94,10.0,3D,2025-09-24 06:05:09-04:00,POINT (-80.99344 33.995852)
2025-09-24 10:05:15 UTC,sensor04,300372246,20.59,88.32,2025-09-24 10:05:14+00:00,33.99546,-80.993488,94.1,8.02,-0.6,186.39,10.0,3D,2025-09-24 06:05:14-04:00,POINT (-80.993488 33.99546)
2025-09-24 10:05:20 UTC,sensor04,300372246,20.47,88.63,2025-09-24 10:05:19+00:00,33.99508,-80.993548,91.8,8.9,-0.4,187.04,10.0,3D,2025-09-24 06:05:19-04:00,POINT (-80.993548 33.99508)
2025-09-24 10:05:25 UTC,sensor04,300372246,20.47,88.87,2025-09-24 10:05:24+00:00,33.99471,-80.993587,90.9,7.2,-0.1,187.52,10.0,3D,2025-09-24 06:05:24-04:00,POINT (-80.993587 33.99471)
2025-09-24 10:05:30 UTC,sensor04,300372246,20.42,88.71,2025-09-24 10:05:29+00:00,33.99449,-80.993607,91.6,2.52,0.0,193.58,10.0,3D,2025-09-24 06:05:29-04:00,POINT (-80.993607 33.99449)
2025-09-24 10:05:35 UTC,sensor04,300372246,20.35,88.67,2025-09-24 10:05:34+00:00,33.994397,-80.993615,92.3,3.35,0.4,193.87,10.0,3D,2025-09-24 06:05:34-04:00,POINT (-80.993615 33.994397)
2025-09-24 10:05:40 UTC,sensor04,300372246,20.29,88.88,2025-09-24 10:05:39+00:00,33.99415,-80.993642,93.0,6.61,0.0,183.82,10.0,3D,2025-09-24 06:05:39-04:00,POINT (-80.993642 33.99415)
2025-09-24 10:05:45 UTC,sensor04,300372246,20.27,89.32,2025-09-24 10:05:44+00:00,33.993832,-80.993655,93.2,7.5,-0.1,184.43,10.0,3D,2025-09-24 06:05:44-04:00,POINT (-80.993655 33.993832)
2025-09-24 10:05:50 UTC,sensor04,300372246,20.21,89.62,2025-09-24 10:05:50+00:00,33.993455,-80.993673,91.4,4.45,-0.5,0.0,10.0,3D,2025-09-24 06:05:50-04:00,POINT (-80.993673 33.993455)
2025-09-24 10:06:00 UTC,sensor04,300372246,20.22,89.82,2025-09-24 10:06:00+00:00,33.993162,-80.993757,91.9,6.88,0.1,0.0,10.0,3D,2025-09-24 06:06:00-04:00,POINT (-80.993757 33.993162)
2025-09-24 10:06:05 UTC,sensor04,300372246,20.16,89.71,2025-09-24 10:06:05+00:00,33.992753,-80.993812,91.3,8.94,0.1,0.0,10.0,3D,2025-09-24 06:06:05-04:00,POINT (-80.993812 33.992753)
2025-09-24 10:06:10 UTC,sensor04,300372246,20.17,89.88,2025-09-24 10:06:10+00:00,33.992397,-80.993845,90.4,6.11,-0.3,183.93,10.0,3D,2025-09-24 06:06:10-04:00,POINT (-80.993845 33.992397)
2025-09-24 10:06:20 UTC,sensor04,300372246,20.19,90.17,2025-09-24 10:06:18+00:00,33.99217,-80.993873,88.9,4.75,0.0,181.25,10.0,3D,2025-09-24 06:06:18-04:00,POINT (-80.993873 33.99217)
2025-09-24 10:06:25 UTC,sensor04,300372246,20.13,90.09,2025-09-24 10:06:25+00:00,33.991618,-80.993935,88.3,9.39,-0.1,184.97,10.0,3D,2025-09-24 06:06:25-04:00,POINT (-80.993935 33.991618)
2025-09-24 10:06:30 UTC,sensor04,300372246,20.07,90.01,2025-09-24 10:06:30+00:00,33.99123,-80.993988,87.0,6.9,-0.5,186.32,10.0,3D,2025-09-24 06:06:30-04:00,POINT (-80.993988 33.99123)
2025-09-24 10:06:40 UTC,sensor04,300372246,20.09,90.29,2025-09-24 10:06:40+00:00,33.990973,-80.993885,85.0,4.57,-0.2,114.14,10.0,3D,2025-09-24 06:06:40-04:00,POINT (-80.993885 33.990973)
2025-09-24 10:06:45 UTC,sensor04,300372246,20.09,90.14,2025-09-24 10:06:45+00:00,33.99095,-80.993515,86.3,8.13,0.3,91.25,10.0,3D,2025-09-24 06:06:45-04:00,POINT (-80.993515 33.99095)
2025-09-24 10:06:50 UTC,sensor04,300372246,20.07,90.41,2025-09-24 10:06:50+00:00,33.990913,-80.992995,87.4,10.04,0.1,94.22,10.0,3D,2025-09-24 06:06:50-04:00,POINT (-80.992995 33.990913)
2025-09-24 10:06:55 UTC,sensor04,300372246,20.11,90.56,2025-09-24 10:06:55+00:00,33.99093,-80.992605,88.4,5.29,0.2,69.29,10.0,3D,2025-09-24 06:06:55-04:00,POINT (-80.992605 33.99093)
2025-09-24 10:07:00 UTC,sensor04,300372246,20.16,90.64,2025-09-24 10:07:00+00:00,33.991148,-80.992518,90.1,6.42,0.4,13.12,10.0,3D,2025-09-24 06:07:00-04:00,POINT (-80.992518 33.991148)
2025-09-24 10:07:05 UTC,sensor04,300372246,20.18,90.6,2025-09-24 10:07:05+00:00,33.991447,-80.99244,91.7,6.79,0.2,10.74,10.0,3D,2025-09-24 06:07:05-04:00,POINT (-80.99244 33.991447)
2025-09-24 10:07:11 UTC,sensor04,300372246,20.2,90.5,2025-09-24 10:07:10+00:00,33.991725,-80.992403,92.7,5.83,0.1,7.36,10.0,3D,2025-09-24 06:07:10-04:00,POINT (-80.992403 33.991725)
2025-09-24 10:07:21 UTC,sensor04,300372246,20.25,90.3,2025-09-24 10:07:20+00:00,33.991935,-80.99232,93.7,3.44,0.1,53.97,10.0,3D,2025-09-24 06:07:20-04:00,POINT (-80.99232 33.991935)
2025-09-24 10:07:26 UTC,sensor04,300372246,20.23,90.35,2025-09-24 10:07:25+00:00,33.992002,-80.992035,94.7,6.84,0.2,86.71,10.0,3D,2025-09-24 06:07:25-04:00,POINT (-80.992035 33.992002)
2025-09-24 10:07:31 UTC,sensor04,300372246,20.23,90.54,2025-09-24 10:07:30+00:00,33.991992,-80.991618,95.9,7.42,0.4,90.27,10.0,3D,2025-09-24 06:07:30-04:00,POINT (-80.991618 33.991992)
2025-09-24 10:07:36 UTC,sensor04,300372246,20.25,90.61,2025-09-24 10:07:35+00:00,33.991977,-80.991237,96.1,6.7,0.0,94.37,10.0,3D,2025-09-24 06:07:35-04:00,POINT (-80.991237 33.991977)
2025-09-24 10:07:46 UTC,sensor04,300372246,20.26,90.34,2025-09-24 10:07:45+00:00,33.991918,-80.9909,96.2,2.31,0.1,119.29,10.0,3D,2025-09-24 06:07:45-04:00,POINT (-80.9909 33.991918)
2025-09-24 10:07:51 UTC,sensor04,300372246,20.27,90.35,2025-09-24 10:07:51+00:00,33.991633,-80.990895,96.7,8.04,0.1,0.0,10.0,3D,2025-09-24 06:07:51-04:00,POINT (-80.990895 33.991633)
2025-09-24 10:07:56 UTC,sensor04,300372246,20.29,90.33,2025-09-24 10:07:56+00:00,33.991252,-80.990948,96.5,8.82,0.2,0.0,10.0,3D,2025-09-24 06:07:56-04:00,POINT (-80.990948 33.991252)
2025-09-24 10:08:01 UTC,sensor04,300372246,20.23,90.29,2025-09-24 10:08:01+00:00,33.990957,-80.990973,95.6,5.38,-0.5,0.0,10.0,3D,2025-09-24 06:08:01-04:00,POINT (-80.990973 33.990957)
2025-09-24 10:08:06 UTC,sensor04,300372246,20.23,90.45,2025-09-24 10:08:06+00:00,33.990835,-80.990962,94.5,2.48,0.0,0.0,10.0,3D,2025-09-24 06:08:06-04:00,POINT (-80.990962 33.990835)
2025-09-24 10:08:11 UTC,sensor04,300372246,20.28,90.48,2025-09-24 10:08:11+00:00,33.99074,-80.99077,93.9,5.66,-0.3,96.06,10.0,3D,2025-09-24 06:08:11-04:00,POINT (-80.99077 33.99074)
2025-09-24 10:08:16 UTC,sensor04,300372246,20.25,90.72,2025-09-24 10:08:16+00:00,33.990695,-80.99039,93.9,7.36,0.0,97.78,10.0,3D,2025-09-24 06:08:16-04:00,POINT (-80.99039 33.990695)
2025-09-24 10:08:21 UTC,sensor04,300372246,20.23,90.82,2025-09-24 10:08:18+00:00,33.990685,-80.990225,94.2,7.23,0.1,93.71,10.0,3D,2025-09-24 06:08:18-04:00,POINT (-80.990225 33.990685)
2025-09-24 10:08:26 UTC,sensor04,300372246,20.21,90.91,2025-09-24 10:08:26+00:00,33.9906,-80.98985,94.5,3.22,-0.1,172.9,10.0,3D,2025-09-24 06:08:26-04:00,POINT (-80.98985 33.9906)
2025-09-24 10:08:31 UTC,sensor04,300372246,20.11,90.9,2025-09-24 10:08:31+00:00,33.990298,-80.989877,94.7,7.62,0.0,180.0,10.0,3D,2025-09-24 06:08:31-04:00,POINT (-80.989877 33.990298)
2025-09-24 10:08:36 UTC,sensor04,300372246,20.13,91.11,2025-09-24 10:08:36+00:00,33.989927,-80.989893,93.0,8.33,-0.7,182.19,10.0,3D,2025-09-24 06:08:36-04:00,POINT (-80.989893 33.989927)
2025-09-24 10:08:41 UTC,sensor04,300372246,20.09,91.48,2025-09-24 10:08:41+00:00,33.98954,-80.98992,91.9,7.84,-0.4,183.34,10.0,3D,2025-09-24 06:08:41-04:00,POINT (-80.98992 33.98954)
2025-09-24 10:08:46 UTC,sensor04,300372246,20.08,91.55,2025-09-24 10:08:46+00:00,33.989217,-80.989945,90.7,6.25,-0.4,182.35,10.0,3D,2025-09-24 06:08:46-04:00,POINT (-80.989945 33.989217)
2025-09-24 10:08:56 UTC,sensor04,300372246,20.06,91.58,2025-09-24 10:08:56+00:00,33.988945,-80.989885,87.5,4.11,-0.2,115.74,10.0,3D,2025-09-24 06:08:56-04:00,POINT (-80.989885 33.988945)
2025-09-24 10:09:01 UTC,sensor04,300372246,20.12,91.63,2025-09-24 10:09:01+00:00,33.98892,-80.989535,86.4,8.31,-0.2,93.99,10.0,3D,2025-09-24 06:09:01-04:00,POINT (-80.989535 33.98892)
2025-09-24 10:09:06 UTC,sensor04,300372246,20.18,91.63,2025-09-24 10:09:06+00:00,33.988883,-80.989047,85.3,8.0,-0.3,91.4,10.0,3D,2025-09-24 06:09:06-04:00,POINT (-80.989047 33.988883)
2025-09-24 10:09:16 UTC,sensor04,300372246,20.27,91.42,2025-09-24 10:09:16+00:00,33.988895,-80.988728,84.4,3.34,-0.1,82.08,11.0,3D,2025-09-24 06:09:16-04:00,POINT (-80.988728 33.988895)
2025-09-24 10:09:21 UTC,sensor04,300372246,20.23,91.08,2025-09-24 10:09:21+00:00,33.988892,-80.988345,83.8,8.22,-0.1,92.96,11.0,3D,2025-09-24 06:09:21-04:00,POINT (-80.988345 33.988892)
2025-09-24 10:09:26 UTC,sensor04,300372246,20.15,91.11,2025-09-24 10:09:26+00:00,33.988868,-80.987868,82.9,8.79,-0.3,92.73,11.0,3D,2025-09-24 06:09:26-04:00,POINT (-80.987868 33.988868)
2025-09-24 10:09:31 UTC,sensor04,300372246,20.04,91.17,2025-09-24 10:09:31+00:00,33.988853,-80.98739,81.0,8.3,-0.6,92.2,11.0,3D,2025-09-24 06:09:31-04:00,POINT (-80.98739 33.988853)
2025-09-24 10:09:37 UTC,sensor04,300372246,20.0,91.41,2025-09-24 10:09:36+00:00,33.98883,-80.986928,78.7,8.83,-0.7,91.67,11.0,3D,2025-09-24 06:09:36-04:00,POINT (-80.986928 33.98883)
2025-09-24 10:09:42 UTC,sensor04,300372246,19.95,91.65,2025-09-24 10:09:41+00:00,33.98883,-80.986448,76.5,8.91,-0.7,87.86,11.0,3D,2025-09-24 06:09:41-04:00,POINT (-80.986448 33.98883)
2025-09-24 10:09:47 UTC,sensor04,300372246,19.9,91.71,2025-09-24 10:09:46+00:00,33.988833,-80.985947,73.7,9.04,-0.2,91.26,11.0,3D,2025-09-24 06:09:46-04:00,POINT (-80.985947 33.988833)
2025-09-24 10:09:52 UTC,sensor04,300372246,19.91,91.82,2025-09-24 10:09:51+00:00,33.988807,-80.985537,73.4,5.31,-0.3,96.96,11.0,3D,2025-09-24 06:09:51-04:00,POINT (-80.985537 33.988807)
2025-09-24 10:10:02 UTC,sensor04,300372246,19.96,91.91,2025-09-24 10:09:58+00:00,33.988808,-80.985387,71.6,2.53,0.0,67.27,11.0,3D,2025-09-24 06:09:58-04:00,POINT (-80.985387 33.988808)
2025-09-24 10:10:07 UTC,sensor04,300372246,19.97,91.8,2025-09-24 10:10:06+00:00,33.989262,-80.985228,71.5,8.74,0.1,12.43,11.0,3D,2025-09-24 06:10:06-04:00,POINT (-80.985228 33.989262)
2025-09-24 10:10:12 UTC,sensor04,300372246,19.99,91.94,2025-09-24 10:10:12+00:00,33.989678,-80.98512,72.8,7.34,0.2,0.0,11.0,3D,2025-09-24 06:10:12-04:00,POINT (-80.98512 33.989678)
2025-09-24 10:10:17 UTC,sensor04,300372246,20.0,91.91,2025-09-24 10:10:17+00:00,33.989897,-80.98507,74.0,2.92,0.1,0.0,11.0,3D,2025-09-24 06:10:17-04:00,POINT (-80.98507 33.989897)
2025-09-24 10:10:22 UTC,sensor04,300372246,20.03,91.87,2025-09-24 10:10:18+00:00,33.989917,-80.985038,74.0,2.54,0.0,46.1,11.0,3D,2025-09-24 06:10:18-04:00,POINT (-80.985038 33.989917)
2025-09-24 10:10:27 UTC,sensor04,300372246,20.03,91.61,2025-09-24 10:10:27+00:00,33.98983,-80.984383,71.3,8.96,-0.4,97.94,11.0,3D,2025-09-24 06:10:27-04:00,POINT (-80.984383 33.98983)
2025-09-24 10:10:32 UTC,sensor04,300372246,20.03,91.56,2025-09-24 10:10:32+00:00,33.9898,-80.983945,70.4,7.98,-0.1,96.87,12.0,3D,2025-09-24 06:10:32-04:00,POINT (-80.983945 33.9898)
2025-09-24 10:10:37 UTC,sensor04,300372246,20.02,91.52,2025-09-24 10:10:37+00:00,33.989698,-80.98355,69.6,7.0,-0.3,113.55,12.0,3D,2025-09-24 06:10:37-04:00,POINT (-80.98355 33.989698)
2025-09-24 10:10:42 UTC,sensor04,300372246,19.98,91.47,2025-09-24 10:10:42+00:00,33.989545,-80.983267,67.6,5.22,-0.3,135.96,12.0,3D,2025-09-24 06:10:42-04:00,POINT (-80.983267 33.989545)
2025-09-24 10:10:47 UTC,sensor04,300372246,19.99,91.6,2025-09-24 10:10:47+00:00,33.989458,-80.983157,66.4,2.25,-0.2,146.64,12.0,3D,2025-09-24 06:10:47-04:00,POINT (-80.983157 33.989458)
2025-09-24 10:10:52 UTC,sensor04,300372246,19.96,91.76,2025-09-24 10:10:52+00:00,33.98927,-80.982987,65.1,6.05,-0.2,142.31,12.0,3D,2025-09-24 06:10:52-04:00,POINT (-80.982987 33.98927)
2025-09-24 10:10:57 UTC,sensor04,300372246,19.97,91.74,2025-09-24 10:10:57+00:00,33.989008,-80.982753,64.1,6.88,-0.2,144.16,12.0,3D,2025-09-24 06:10:57-04:00,POINT (-80.982753 33.989008)
2025-09-24 10:11:02 UTC,sensor04,300372246,19.94,91.65,2025-09-24 10:11:02+00:00,33.988757,-80.982542,62.5,5.42,-0.3,147.99,12.0,3D,2025-09-24 06:11:02-04:00,POINT (-80.982542 33.988757)
2025-09-24 10:11:17 UTC,sensor04,300372246,20.0,91.85,2025-09-24 10:11:17+00:00,33.98848,-80.982328,59.3,3.09,-0.2,114.72,12.0,3D,2025-09-24 06:11:17-04:00,POINT (-80.982328 33.98848)
2025-09-24 10:11:22 UTC,sensor04,300372246,20.11,91.82,2025-09-24 10:11:22+00:00,33.98858,-80.982078,59.4,7.89,0.1,49.95,12.0,3D,2025-09-24 06:11:22-04:00,POINT (-80.982078 33.98858)
2025-09-24 10:11:27 UTC,sensor04,300372246,20.16,91.47,2025-09-24 10:11:27+00:00,33.98893,-80.981677,59.6,12.05,0.0,41.58,12.0,3D,2025-09-24 06:11:27-04:00,POINT (-80.981677 33.98893)
2025-09-24 10:11:32 UTC,sensor04,300372246,20.15,91.15,2025-09-24 10:11:32+00:00,33.9894,-80.981237,59.6,12.89,-0.2,35.14,12.0,3D,2025-09-24 06:11:32-04:00,POINT (-80.981237 33.9894)
2025-09-24 10:11:37 UTC,sensor04,300372246,20.2,91.09,2025-09-24 10:11:37+00:00,33.989898,-80.980858,58.4,13.42,-0.2,27.19,12.0,3D,2025-09-24 06:11:37-04:00,POINT (-80.980858 33.989898)
2025-09-24 10:11:42 UTC,sensor04,300372246,20.19,91.06,2025-09-24 10:11:42+00:00,33.990418,-80.980568,56.3,12.59,-0.5,23.4,12.0,3D,2025-09-24 06:11:42-04:00,POINT (-80.980568 33.990418)
2025-09-24 10:11:48 UTC,sensor04,300372246,20.23,91.1,2025-09-24 10:11:47+00:00,33.990938,-80.980308,54.5,12.49,-0.3,23.71,12.0,3D,2025-09-24 06:11:47-04:00,POINT (-80.980308 33.990938)
2025-09-24 10:11:53 UTC,sensor04,300372246,20.35,90.97,2025-09-24 10:11:52+00:00,33.99146,-80.98004,54.4,12.56,-0.1,22.69,12.0,3D,2025-09-24 06:11:52-04:00,POINT (-80.98004 33.99146)
2025-09-24 10:11:58 UTC,sensor04,300372246,20.4,90.6,2025-09-24 10:11:57+00:00,33.991927,-80.979787,54.4,10.38,-0.1,24.87,12.0,3D,2025-09-24 06:11:57-04:00,POINT (-80.979787 33.991927)
2025-09-24 10:12:03 UTC,sensor04,300372246,20.36,90.27,2025-09-24 10:12:02+00:00,33.99228,-80.9796,54.1,6.92,-0.1,24.81,12.0,3D,2025-09-24 06:12:02-04:00,POINT (-80.9796 33.99228)
2025-09-24 10:12:08 UTC,sensor04,300372246,20.41,90.13,2025-09-24 10:12:07+00:00,33.99247,-80.979508,53.4,2.69,-0.2,23.48,12.0,3D,2025-09-24 06:12:07-04:00,POINT (-80.979508 33.99247)
2025-09-24 10:12:28 UTC,sensor04,300372246,20.44,89.65,2025-09-24 10:12:28+00:00,33.992507,-80.979207,51.7,7.04,-0.2,0.0,12.0,3D,2025-09-24 06:12:28-04:00,POINT (-80.979207 33.992507)
2025-09-24 10:12:33 UTC,sensor04,300372246,20.44,89.48,2025-09-24 10:12:33+00:00,33.992317,-80.978688,50.8,12.08,-0.2,0.0,12.0,3D,2025-09-24 06:12:33-04:00,POINT (-80.978688 33.992317)
2025-09-24 10:12:38 UTC,sensor04,300372246,20.52,89.35,2025-09-24 10:12:38+00:00,33.992072,-80.978043,49.6,13.01,-0.3,0.0,12.0,3D,2025-09-24 06:12:38-04:00,POINT (-80.978043 33.992072)
2025-09-24 10:12:43 UTC,sensor04,300372246,20.73,88.71,2025-09-24 10:12:43+00:00,33.991815,-80.9774,48.8,13.49,-0.1,116.4,12.0,3D,2025-09-24 06:12:43-04:00,POINT (-80.9774 33.991815)
2025-09-24 10:12:48 UTC,sensor04,300372246,20.81,87.68,2025-09-24 10:12:48+00:00,33.991533,-80.976757,47.7,13.13,-0.3,118.1,12.0,3D,2025-09-24 06:12:48-04:00,POINT (-80.976757 33.991533)
2025-09-24 10:12:53 UTC,sensor04,300372246,20.84,87.07,2025-09-24 10:12:53+00:00,33.99121,-80.976157,46.6,12.81,-0.2,127.77,12.0,3D,2025-09-24 06:12:53-04:00,POINT (-80.976157 33.99121)
2025-09-24 10:12:58 UTC,sensor04,300372246,20.86,86.63,2025-09-24 10:12:58+00:00,33.990783,-80.975628,45.7,13.53,0.0,137.29,12.0,3D,2025-09-24 06:12:58-04:00,POINT (-80.975628 33.990783)
2025-09-24 10:13:03 UTC,sensor04,300372246,20.75,86.67,2025-09-24 10:13:03+00:00,33.99031,-80.975113,44.0,13.69,-0.3,135.54,12.0,3D,2025-09-24 06:13:03-04:00,POINT (-80.975113 33.99031)
2025-09-24 10:13:08 UTC,sensor04,300372246,20.71,87.07,2025-09-24 10:13:08+00:00,33.989862,-80.974618,43.7,12.75,-0.1,138.98,12.0,3D,2025-09-24 06:13:08-04:00,POINT (-80.974618 33.989862)
2025-09-24 10:13:13 UTC,sensor04,300372246,20.74,86.96,2025-09-24 10:13:13+00:00,33.989427,-80.974168,43.6,12.06,-0.1,139.16,12.0,3D,2025-09-24 06:13:13-04:00,POINT (-80.974168 33.989427)
2025-09-24 10:13:18 UTC,sensor04,300372246,20.86,86.83,2025-09-24 10:13:18+00:00,33.98904,-80.973762,43.4,10.58,0.1,138.93,12.0,3D,2025-09-24 06:13:18-04:00,POINT (-80.973762 33.98904)
2025-09-24 10:13:23 UTC,sensor04,300372246,20.71,86.96,2025-09-24 10:13:23+00:00,33.988845,-80.973545,44.1,3.16,0.3,139.11,12.0,3D,2025-09-24 06:13:23-04:00,POINT (-80.973545 33.988845)
2025-09-24 10:14:24 UTC,sensor04,300372246,20.59,87.32,2025-09-24 10:14:23+00:00,33.988697,-80.97341,45.7,6.63,0.1,136.06,12.0,3D,2025-09-24 06:14:23-04:00,POINT (-80.97341 33.988697)
2025-09-24 10:14:29 UTC,sensor04,300372246,20.43,87.45,2025-09-24 10:14:29+00:00,33.988315,-80.972963,46.9,12.27,0.2,0.0,12.0,3D,2025-09-24 06:14:29-04:00,POINT (-80.972963 33.988315)
2025-09-24 10:14:34 UTC,sensor04,300372246,20.1,87.93,2025-09-24 10:14:34+00:00,33.987832,-80.972485,48.4,14.92,0.4,0.0,12.0,3D,2025-09-24 06:14:34-04:00,POINT (-80.972485 33.987832)
2025-09-24 10:14:39 UTC,sensor04,300372246,20.07,88.81,2025-09-24 10:14:39+00:00,33.987322,-80.971993,51.1,14.79,0.5,0.0,12.0,3D,2025-09-24 06:14:39-04:00,POINT (-80.971993 33.987322)
2025-09-24 10:14:44 UTC,sensor04,300372246,20.07,89.29,2025-09-24 10:14:44+00:00,33.986822,-80.97155,54.0,14.16,0.6,0.0,12.0,3D,2025-09-24 06:14:44-04:00,POINT (-80.97155 33.986822)
2025-09-24 10:14:49 UTC,sensor04,300372246,20.14,89.99,2025-09-24 10:14:49+00:00,33.9863,-80.971155,57.5,13.79,0.7,0.0,4.0,3D,2025-09-24 06:14:49-04:00,POINT (-80.971155 33.9863)
2025-09-24 10:14:54 UTC,sensor04,300372246,20.4,90.34,2025-09-24 10:14:54+00:00,33.985812,-80.97073,61.0,13.52,0.7,0.0,8.0,3D,2025-09-24 06:14:54-04:00,POINT (-80.97073 33.985812)
2025-09-24 10:14:59 UTC,sensor04,300372246,20.67,90.56,2025-09-24 10:14:59+00:00,33.985328,-80.970287,64.5,14.0,0.7,0.0,12.0,3D,2025-09-24 06:14:59-04:00,POINT (-80.970287 33.985328)
2025-09-24 10:15:04 UTC,sensor04,300372246,20.84,90.26,2025-09-24 10:15:04+00:00,33.984897,-80.969782,67.9,12.77,0.8,130.53,12.0,3D,2025-09-24 06:15:04-04:00,POINT (-80.969782 33.984897)
2025-09-24 10:15:09 UTC,sensor04,300372246,20.9,90.04,2025-09-24 10:15:09+00:00,33.984597,-80.969295,71.8,9.32,0.5,129.21,12.0,3D,2025-09-24 06:15:09-04:00,POINT (-80.969295 33.984597)
2025-09-24 10:15:14 UTC,sensor04,300372246,21.05,89.92,2025-09-24 10:15:14+00:00,33.984365,-80.968955,74.1,7.42,0.4,132.22,12.0,3D,2025-09-24 06:15:14-04:00,POINT (-80.968955 33.984365)
2025-09-24 10:15:19 UTC,sensor04,300372246,21.08,89.84,2025-09-24 10:15:19+00:00,33.984162,-80.968657,76.8,7.07,0.5,130.64,12.0,3D,2025-09-24 06:15:19-04:00,POINT (-80.968657 33.984162)
2025-09-24 10:15:24 UTC,sensor04,300372246,21.12,89.78,2025-09-24 10:15:24+00:00,33.984045,-80.968372,80.3,5.09,0.7,124.5,12.0,3D,2025-09-24 06:15:24-04:00,POINT (-80.968372 33.984045)
2025-09-24 10:15:29 UTC,sensor04,300372246,21.25,89.76,2025-09-24 10:15:29+00:00,33.9839,-80.968115,83.2,7.56,0.5,127.4,12.0,3D,2025-09-24 06:15:29-04:00,POINT (-80.968115 33.9839)
2025-09-24 10:15:34 UTC,sensor04,300372246,21.3,89.57,2025-09-24 10:15:34+00:00,33.983675,-80.967683,87.0,10.5,0.7,125.93,12.0,3D,2025-09-24 06:15:34-04:00,POINT (-80.967683 33.983675)
2025-09-24 10:15:39 UTC,sensor04,300372246,21.38,89.25,2025-09-24 10:15:39+00:00,33.98336,-80.967155,86.3,12.43,-0.2,126.47,12.0,3D,2025-09-24 06:15:39-04:00,POINT (-80.967155 33.98336)
2025-09-24 10:15:44 UTC,sensor04,300372246,21.37,88.97,2025-09-24 10:15:44+00:00,33.982993,-80.966617,82.4,12.78,-0.9,123.64,12.0,3D,2025-09-24 06:15:44-04:00,POINT (-80.966617 33.982993)
2025-09-24 10:15:50 UTC,sensor04,300372246,21.27,88.68,2025-09-24 10:15:49+00:00,33.982628,-80.966033,81.0,12.65,0.1,124.82,12.0,3D,2025-09-24 06:15:49-04:00,POINT (-80.966033 33.982628)
2025-09-24 10:15:55 UTC,sensor04,300372246,21.36,88.71,2025-09-24 10:15:54+00:00,33.982285,-80.96545,80.6,12.86,0.4,125.46,12.0,3D,2025-09-24 06:15:54-04:00,POINT (-80.96545 33.982285)
2025-09-24 10:16:00 UTC,sensor04,300372246,21.54,88.36,2025-09-24 10:15:59+00:00,33.981947,-80.964858,81.8,13.02,0.0,124.35,12.0,3D,2025-09-24 06:15:59-04:00,POINT (-80.964858 33.981947)
2025-09-24 10:16:05 UTC,sensor04,300372246,21.59,88.13,2025-09-24 10:16:04+00:00,33.981652,-80.964312,81.9,9.74,0.5,121.52,12.0,3D,2025-09-24 06:16:04-04:00,POINT (-80.964312 33.981652)
2025-09-24 10:16:10 UTC,sensor04,300372246,21.52,88.31,2025-09-24 10:16:09+00:00,33.981452,-80.964162,82.9,4.67,0.0,195.9,12.0,3D,2025-09-24 06:16:09-04:00,POINT (-80.964162 33.981452)
2025-09-24 10:16:15 UTC,sensor04,300372246,21.35,88.81,2025-09-24 10:16:14+00:00,33.9812,-80.964392,83.7,8.64,0.1,220.11,12.0,3D,2025-09-24 06:16:14-04:00,POINT (-80.964392 33.9812)
2025-09-24 10:16:20 UTC,sensor04,300372246,21.27,89.29,2025-09-24 10:16:19+00:00,33.980838,-80.964743,84.3,10.62,0.0,216.79,12.0,3D,2025-09-24 06:16:19-04:00,POINT (-80.964743 33.980838)
2025-09-24 10:16:25 UTC,sensor04,300372246,21.1,89.58,2025-09-24 10:16:19+00:00,33.980838,-80.964743,84.3,10.62,0.0,216.79,12.0,3D,2025-09-24 06:16:19-04:00,POINT (-80.964743 33.980838)
2025-09-24 10:16:30 UTC,sensor04,300372246,21.15,89.97,2025-09-24 10:16:30+00:00,33.97999,-80.965533,82.4,10.62,0.0,0.0,12.0,3D,2025-09-24 06:16:30-04:00,POINT (-80.965533 33.97999)
2025-09-24 10:16:35 UTC,sensor04,300372246,21.09,90.0,2025-09-24 10:16:35+00:00,33.979575,-80.965905,83.1,12.41,0.3,0.0,12.0,3D,2025-09-24 06:16:35-04:00,POINT (-80.965905 33.979575)
2025-09-24 10:16:40 UTC,sensor04,300372246,20.95,89.97,2025-09-24 10:16:40+00:00,33.979178,-80.96629,83.3,10.02,-0.1,219.0,12.0,3D,2025-09-24 06:16:40-04:00,POINT (-80.96629 33.979178)
2025-09-24 10:16:45 UTC,sensor04,300372246,20.92,90.2,2025-09-24 10:16:45+00:00,33.978798,-80.966667,82.8,10.97,-0.4,218.4,12.0,3D,2025-09-24 06:16:45-04:00,POINT (-80.966667 33.978798)
2025-09-24 10:16:50 UTC,sensor04,300372246,20.93,90.27,2025-09-24 10:16:50+00:00,33.978438,-80.967003,80.1,9.44,-0.1,214.85,12.0,3D,2025-09-24 06:16:50-04:00,POINT (-80.967003 33.978438)
2025-09-24 10:16:55 UTC,sensor04,300372246,20.89,90.48,2025-09-24 10:16:55+00:00,33.978145,-80.96726,82.1,5.85,0.3,225.09,12.0,3D,2025-09-24 06:16:55-04:00,POINT (-80.96726 33.978145)
2025-09-24 10:17:00 UTC,sensor04,300372246,20.82,90.61,2025-09-24 10:17:00+00:00,33.978052,-80.967542,81.8,6.58,-0.3,260.97,12.0,3D,2025-09-24 06:17:00-04:00,POINT (-80.967542 33.978052)
2025-09-24 10:17:05 UTC,sensor04,300372246,20.75,90.68,2025-09-24 10:17:05+00:00,33.978017,-80.967967,79.4,8.1,-0.5,264.06,12.0,3D,2025-09-24 06:17:05-04:00,POINT (-80.967967 33.978017)
2025-09-24 10:17:10 UTC,sensor04,300372246,20.59,90.78,2025-09-24 10:17:10+00:00,33.977993,-80.968425,77.3,8.74,-0.3,264.73,12.0,3D,2025-09-24 06:17:10-04:00,POINT (-80.968425 33.977993)
2025-09-24 10:17:15 UTC,sensor04,300372246,20.47,90.96,2025-09-24 10:17:15+00:00,33.977992,-80.96895,76.3,9.45,-0.3,270.72,12.0,3D,2025-09-24 06:17:15-04:00,POINT (-80.96895 33.977992)
2025-09-24 10:17:20 UTC,sensor04,300372246,20.4,91.2,2025-09-24 10:17:20+00:00,33.978017,-80.969468,74.9,9.32,-0.1,275.32,12.0,3D,2025-09-24 06:17:20-04:00,POINT (-80.969468 33.978017)
2025-09-24 10:17:25 UTC,sensor04,300372246,20.39,91.24,2025-09-24 10:17:25+00:00,33.97811,-80.969887,75.1,7.49,-0.1,288.94,12.0,3D,2025-09-24 06:17:25-04:00,POINT (-80.969887 33.97811)
2025-09-24 10:17:30 UTC,sensor04,300372246,20.28,91.01,2025-09-24 10:17:30+00:00,33.978292,-80.970252,73.2,8.8,-0.7,305.45,12.0,3D,2025-09-24 06:17:30-04:00,POINT (-80.970252 33.978292)
2025-09-24 10:17:35 UTC,sensor04,300372246,20.11,91.1,2025-09-24 10:17:35+00:00,33.97855,-80.970682,70.5,8.91,-0.6,301.35,12.0,3D,2025-09-24 06:17:35-04:00,POINT (-80.970682 33.97855)
2025-09-24 10:17:40 UTC,sensor04,300372246,20.02,91.21,2025-09-24 10:17:40+00:00,33.978707,-80.971162,67.7,10.02,-0.4,278.99,12.0,3D,2025-09-24 06:17:40-04:00,POINT (-80.971162 33.978707)
2025-09-24 10:17:45 UTC,sensor04,300372246,19.96,91.34,2025-09-24 10:17:45+00:00,33.978652,-80.971677,66.2,9.65,-0.2,257.66,12.0,3D,2025-09-24 06:17:45-04:00,POINT (-80.971677 33.978652)
2025-09-24 10:17:51 UTC,sensor04,300372246,19.88,91.45,2025-09-24 10:17:50+00:00,33.97857,-80.972193,66.1,8.65,-0.2,257.59,12.0,3D,2025-09-24 06:17:50-04:00,POINT (-80.972193 33.97857)
2025-09-24 10:17:56 UTC,sensor04,300372246,19.82,91.5,2025-09-24 10:17:55+00:00,33.97841,-80.972627,65.3,8.07,-0.5,234.77,12.0,3D,2025-09-24 06:17:55-04:00,POINT (-80.972627 33.97841)
2025-09-24 10:18:01 UTC,sensor04,300372246,19.72,91.61,2025-09-24 10:18:00+00:00,33.978072,-80.972773,62.8,7.97,-0.5,189.24,12.0,3D,2025-09-24 06:18:00-04:00,POINT (-80.972773 33.978072)
2025-09-24 10:18:06 UTC,sensor04,300372246,19.74,91.6,2025-09-24 10:18:05+00:00,33.977648,-80.972798,60.5,9.6,-0.3,182.09,12.0,3D,2025-09-24 06:18:05-04:00,POINT (-80.972798 33.977648)
2025-09-24 10:18:11 UTC,sensor04,300372246,19.64,91.76,2025-09-24 10:18:10+00:00,33.977233,-80.972853,58.6,8.67,-0.3,189.96,12.0,3D,2025-09-24 06:18:10-04:00,POINT (-80.972853 33.977233)
2025-09-24 10:18:16 UTC,sensor04,300372246,19.68,91.99,2025-09-24 10:18:15+00:00,33.976817,-80.97286,57.5,8.9,-0.3,185.37,12.0,3D,2025-09-24 06:18:15-04:00,POINT (-80.97286 33.976817)
2025-09-24 10:18:21 UTC,sensor04,300372246,19.68,92.15,2025-09-24 10:18:19+00:00,33.976512,-80.972887,56.9,8.1,-0.1,186.09,12.0,3D,2025-09-24 06:18:19-04:00,POINT (-80.972887 33.976512)
2025-09-24 10:18:26 UTC,sensor04,300372246,19.68,92.23,2025-09-24 10:18:25+00:00,33.976088,-80.972925,56.5,7.81,0.0,185.59,12.0,3D,2025-09-24 06:18:25-04:00,POINT (-80.972925 33.976088)
2025-09-24 10:18:31 UTC,sensor04,300372246,19.78,92.1,2025-09-24 10:18:31+00:00,33.97573,-80.97303,56.6,6.64,0.0,0.0,12.0,3D,2025-09-24 06:18:31-04:00,POINT (-80.97303 33.97573)
2025-09-24 10:18:36 UTC,sensor04,300372246,19.77,92.26,2025-09-24 10:18:36+00:00,33.97547,-80.973283,55.7,7.11,-0.3,0.0,12.0,3D,2025-09-24 06:18:36-04:00,POINT (-80.973283 33.97547)
2025-09-24 10:18:41 UTC,sensor04,300372246,19.68,92.43,2025-09-24 10:18:41+00:00,33.975403,-80.973782,54.5,10.49,-0.2,0.0,12.0,3D,2025-09-24 06:18:41-04:00,POINT (-80.973782 33.975403)
2025-09-24 10:18:46 UTC,sensor04,300372246,19.55,91.98,2025-09-24 10:18:46+00:00,33.975402,-80.974295,53.0,9.08,-0.3,258.73,12.0,3D,2025-09-24 06:18:46-04:00,POINT (-80.974295 33.975402)
2025-09-24 10:18:51 UTC,sensor04,300372246,19.48,92.0,2025-09-24 10:18:51+00:00,33.97511,-80.974637,51.2,7.26,-0.4,218.95,12.0,3D,2025-09-24 06:18:51-04:00,POINT (-80.974637 33.97511)
2025-09-24 10:18:56 UTC,sensor04,300372246,19.44,92.17,2025-09-24 10:18:56+00:00,33.974745,-80.974782,49.9,8.68,-0.1,198.06,12.0,3D,2025-09-24 06:18:56-04:00,POINT (-80.974782 33.974745)
2025-09-24 10:19:01 UTC,sensor04,300372246,19.45,92.0,2025-09-24 10:19:01+00:00,33.974365,-80.974913,49.5,9.07,-0.1,196.15,12.0,3D,2025-09-24 06:19:01-04:00,POINT (-80.974913 33.974365)
2025-09-24 10:19:06 UTC,sensor04,300372246,19.37,91.85,2025-09-24 10:19:06+00:00,33.973948,-80.975037,48.9,8.97,-0.1,187.05,12.0,3D,2025-09-24 06:19:06-04:00,POINT (-80.975037 33.973948)
2025-09-24 10:19:11 UTC,sensor04,300372246,19.4,92.28,2025-09-24 10:19:11+00:00,33.973513,-80.975053,48.4,9.11,-0.1,184.97,11.0,3D,2025-09-24 06:19:11-04:00,POINT (-80.975053 33.973513)
2025-09-24 10:19:16 UTC,sensor04,300372246,19.37,92.37,2025-09-24 10:19:16+00:00,33.973125,-80.975078,48.3,8.17,0.3,180.83,12.0,3D,2025-09-24 06:19:16-04:00,POINT (-80.975078 33.973125)
2025-09-24 10:19:21 UTC,sensor04,300372246,19.37,92.31,2025-09-24 10:19:21+00:00,33.972775,-80.975058,47.8,7.07,-0.1,165.47,12.0,3D,2025-09-24 06:19:21-04:00,POINT (-80.975058 33.972775)
2025-09-24 10:19:26 UTC,sensor04,300372246,19.34,92.3,2025-09-24 10:19:26+00:00,33.97253,-80.974828,47.6,7.61,0.0,130.89,12.0,3D,2025-09-24 06:19:26-04:00,POINT (-80.974828 33.97253)
2025-09-24 10:19:31 UTC,sensor04,300372246,19.35,92.25,2025-09-24 10:19:31+00:00,33.972328,-80.974362,47.4,8.63,0.0,119.24,12.0,3D,2025-09-24 06:19:31-04:00,POINT (-80.974362 33.972328)
2025-09-24 10:19:36 UTC,sensor04,300372246,19.46,92.29,2025-09-24 10:19:36+00:00,33.972167,-80.973963,48.8,7.57,0.9,113.09,12.0,3D,2025-09-24 06:19:36-04:00,POINT (-80.973963 33.972167)
2025-09-24 10:19:41 UTC,sensor04,300372246,19.54,92.3,2025-09-24 10:19:41+00:00,33.971998,-80.973672,51.4,6.24,0.3,120.18,12.0,3D,2025-09-24 06:19:41-04:00,POINT (-80.973672 33.971998)
2025-09-24 10:19:52 UTC,sensor04,300372246,19.84,92.96,2025-09-24 10:19:51+00:00,33.971967,-80.973305,54.4,5.71,0.5,39.66,12.0,3D,2025-09-24 06:19:51-04:00,POINT (-80.973305 33.971967)
2025-09-24 10:19:57 UTC,sensor04,300372246,20.15,93.6,2025-09-24 10:19:56+00:00,33.972242,-80.97311,56.9,7.04,0.4,31.46,12.0,3D,2025-09-24 06:19:56-04:00,POINT (-80.97311 33.972242)
2025-09-24 10:20:02 UTC,sensor04,300372246,20.3,93.6,2025-09-24 10:20:01+00:00,33.972517,-80.972887,58.1,6.71,0.1,29.73,12.0,3D,2025-09-24 06:20:01-04:00,POINT (-80.972887 33.972517)
2025-09-24 10:20:07 UTC,sensor04,300372246,20.38,93.5,2025-09-24 10:20:06+00:00,33.972672,-80.972723,59.3,3.12,0.4,68.72,12.0,3D,2025-09-24 06:20:06-04:00,POINT (-80.972723 33.972672)
2025-09-24 10:20:12 UTC,sensor04,300372246,20.47,93.28,2025-09-24 10:20:11+00:00,33.972568,-80.972487,62.1,7.35,0.2,116.51,12.0,3D,2025-09-24 06:20:11-04:00,POINT (-80.972487 33.972568)
2025-09-24 10:20:17 UTC,sensor04,300372246,20.5,92.71,2025-09-24 10:20:16+00:00,33.972318,-80.97203,62.9,8.74,0.1,119.33,12.0,3D,2025-09-24 06:20:16-04:00,POINT (-80.97203 33.972318)
2025-09-24 10:20:22 UTC,sensor04,300372246,20.51,92.48,2025-09-24 10:20:21+00:00,33.97211,-80.971603,64.5,8.03,0.2,117.77,12.0,3D,2025-09-24 06:20:21-04:00,POINT (-80.971603 33.97211)
2025-09-24 10:20:27 UTC,sensor04,300372246,20.52,92.22,2025-09-24 10:20:27+00:00,33.971883,-80.97114,65.1,8.3,0.0,0.0,12.0,3D,2025-09-24 06:20:27-04:00,POINT (-80.97114 33.971883)
2025-09-24 10:20:32 UTC,sensor04,300372246,20.52,92.09,2025-09-24 10:20:32+00:00,33.971677,-80.97074,65.3,9.18,0.0,0.0,12.0,3D,2025-09-24 06:20:32-04:00,POINT (-80.97074 33.971677)
2025-09-24 10:20:37 UTC,sensor04,300372246,20.46,92.01,2025-09-24 10:20:37+00:00,33.971468,-80.970355,65.6,7.38,0.1,0.0,12.0,3D,2025-09-24 06:20:37-04:00,POINT (-80.970355 33.971468)
2025-09-24 10:20:42 UTC,sensor04,300372246,20.46,92.13,2025-09-24 10:20:42+00:00,33.971335,-80.970133,65.4,3.07,-0.1,139.23,12.0,3D,2025-09-24 06:20:42-04:00,POINT (-80.970133 33.971335)
2025-09-24 10:20:52 UTC,sensor04,300372246,20.47,92.25,2025-09-24 10:20:52+00:00,33.97122,-80.969913,64.8,5.26,0.0,78.94,12.0,3D,2025-09-24 06:20:52-04:00,POINT (-80.969913 33.97122)
2025-09-24 10:20:57 UTC,sensor04,300372246,20.45,92.22,2025-09-24 10:20:57+00:00,33.971278,-80.969545,65.9,6.73,0.9,79.7,12.0,3D,2025-09-24 06:20:57-04:00,POINT (-80.969545 33.971278)
2025-09-24 10:21:02 UTC,sensor04,300372246,20.51,92.14,2025-09-24 10:21:02+00:00,33.971293,-80.969135,67.2,7.12,0.0,90.64,12.0,3D,2025-09-24 06:21:02-04:00,POINT (-80.969135 33.971293)
2025-09-24 10:21:07 UTC,sensor04,300372246,20.5,92.12,2025-09-24 10:21:07+00:00,33.971285,-80.968853,67.8,2.35,0.2,99.05,12.0,3D,2025-09-24 06:21:07-04:00,POINT (-80.968853 33.971285)
2025-09-24 10:21:17 UTC,sensor04,300372246,20.52,92.14,2025-09-24 10:21:17+00:00,33.971465,-80.968695,67.0,5.39,-0.1,19.6,12.0,3D,2025-09-24 06:21:17-04:00,POINT (-80.968695 33.971465)
2025-09-24 10:21:22 UTC,sensor04,300372246,20.58,92.1,2025-09-24 10:21:22+00:00,33.971838,-80.96864,67.1,9.02,0.0,7.42,12.0,3D,2025-09-24 06:21:22-04:00,POINT (-80.96864 33.971838)
2025-09-24 10:21:27 UTC,sensor04,300372246,20.6,92.04,2025-09-24 10:21:27+00:00,33.972275,-80.968533,67.4,9.98,0.0,11.82,12.0,3D,2025-09-24 06:21:27-04:00,POINT (-80.968533 33.972275)
2025-09-24 10:21:32 UTC,sensor04,300372246,20.5,92.14,2025-09-24 10:21:32+00:00,33.97272,-80.968407,67.2,9.23,0.1,11.94,12.0,3D,2025-09-24 06:21:32-04:00,POINT (-80.968407 33.97272)
2025-09-24 10:21:37 UTC,sensor04,300372246,20.53,92.16,2025-09-24 10:21:37+00:00,33.973102,-80.968305,67.9,7.75,0.2,12.36,12.0,3D,2025-09-24 06:21:37-04:00,POINT (-80.968305 33.973102)
2025-09-24 10:21:42 UTC,sensor04,300372246,20.58,92.14,2025-09-24 10:21:42+00:00,33.973315,-80.968222,68.6,3.61,0.0,43.47,12.0,3D,2025-09-24 06:21:42-04:00,POINT (-80.968222 33.973315)
2025-09-24 10:21:47 UTC,sensor04,300372246,20.53,92.21,2025-09-24 10:21:47+00:00,33.973307,-80.968043,68.5,5.2,0.0,117.67,12.0,3D,2025-09-24 06:21:47-04:00,POINT (-80.968043 33.973307)
2025-09-24 10:21:53 UTC,sensor04,300372246,20.54,92.05,2025-09-24 10:21:52+00:00,33.97317,-80.967725,68.7,7.53,0.1,120.03,12.0,3D,2025-09-24 06:21:52-04:00,POINT (-80.967725 33.97317)
2025-09-24 10:21:58 UTC,sensor04,300372246,20.49,91.67,2025-09-24 10:21:57+00:00,33.972988,-80.96735,69.0,8.03,0.1,120.63,12.0,3D,2025-09-24 06:21:57-04:00,POINT (-80.96735 33.972988)
2025-09-24 10:22:03 UTC,sensor04,300372246,20.5,91.99,2025-09-24 10:22:02+00:00,33.972813,-80.96696,70.3,7.29,0.6,118.35,12.0,3D,2025-09-24 06:22:02-04:00,POINT (-80.96696 33.972813)
2025-09-24 10:22:08 UTC,sensor04,300372246,20.5,92.07,2025-09-24 10:22:07+00:00,33.972673,-80.966642,71.1,6.96,0.1,112.43,12.0,3D,2025-09-24 06:22:07-04:00,POINT (-80.966642 33.972673)
2025-09-24 10:22:13 UTC,sensor04,300372246,20.45,92.17,2025-09-24 10:22:12+00:00,33.972648,-80.966272,71.7,6.73,0.7,79.99,12.0,3D,2025-09-24 06:22:12-04:00,POINT (-80.966272 33.972648)
2025-09-24 10:22:18 UTC,sensor04,300372246,20.49,92.4,2025-09-24 10:22:17+00:00,33.97279,-80.966018,72.9,6.05,0.3,53.27,12.0,3D,2025-09-24 06:22:17-04:00,POINT (-80.966018 33.97279)
2025-09-24 10:22:23 UTC,sensor04,300372246,20.5,92.49,2025-09-24 10:22:20+00:00,33.972933,-80.965897,73.6,6.56,0.2,36.33,12.0,3D,2025-09-24 06:22:20-04:00,POINT (-80.965897 33.972933)
2025-09-24 10:22:28 UTC,sensor04,300372246,20.53,92.33,2025-09-24 10:22:27+00:00,33.973322,-80.965637,74.1,6.36,0.07,26.44,12.0,3D,2025-09-24 06:22:27-04:00,POINT (-80.965637 33.973322)
2025-09-24 10:22:33 UTC,sensor04,300372246,20.52,92.2,2025-09-24 10:22:33+00:00,33.973533,-80.96542,74.4,4.22,0.1,0.0,12.0,3D,2025-09-24 06:22:33-04:00,POINT (-80.96542 33.973533)
2025-09-24 10:22:38 UTC,sensor04,300372246,20.55,92.24,2025-09-24 10:22:38+00:00,33.973468,-80.96512,74.8,11.6,0.1,0.0,12.0,3D,2025-09-24 06:22:38-04:00,POINT (-80.96512 33.973468)
2025-09-24 10:22:43 UTC,sensor04,300372246,20.59,92.39,2025-09-24 10:22:43+00:00,33.973262,-80.964703,75.2,8.8,0.0,0.0,12.0,3D,2025-09-24 06:22:43-04:00,POINT (-80.964703 33.973262)
2025-09-24 10:22:48 UTC,sensor04,300372246,20.62,92.28,2025-09-24 10:22:48+00:00,33.973057,-80.964312,76.4,8.1,0.4,0.0,12.0,3D,2025-09-24 06:22:48-04:00,POINT (-80.964312 33.973057)
2025-09-24 10:22:53 UTC,sensor04,300372246,20.78,92.13,2025-09-24 10:22:53+00:00,33.972857,-80.963927,77.0,7.65,0.2,123.27,12.0,3D,2025-09-24 06:22:53-04:00,POINT (-80.963927 33.972857)
2025-09-24 10:22:58 UTC,sensor04,300372246,20.82,91.99,2025-09-24 10:22:58+00:00,33.972667,-80.963507,78.1,8.38,0.1,119.07,12.0,3D,2025-09-24 06:22:58-04:00,POINT (-80.963507 33.972667)
2025-09-24 10:23:03 UTC,sensor04,300372246,20.9,91.93,2025-09-24 10:23:03+00:00,33.972465,-80.963087,78.8,9.05,0.2,118.37,12.0,3D,2025-09-24 06:23:03-04:00,POINT (-80.963087 33.972465)
2025-09-24 10:23:08 UTC,sensor04,300372246,20.84,91.65,2025-09-24 10:23:08+00:00,33.972237,-80.96265,79.7,9.62,0.2,123.35,12.0,3D,2025-09-24 06:23:08-04:00,POINT (-80.96265 33.972237)
2025-09-24 10:23:13 UTC,sensor04,300372246,20.78,91.62,2025-09-24 10:23:13+00:00,33.972015,-80.962215,80.2,9.21,0.1,121.57,12.0,3D,2025-09-24 06:23:13-04:00,POINT (-80.962215 33.972015)
2025-09-24 10:23:18 UTC,sensor04,300372246,20.79,91.74,2025-09-24 10:23:18+00:00,33.971792,-80.961778,80.8,9.61,0.2,122.5,12.0,3D,2025-09-24 06:23:18-04:00,POINT (-80.961778 33.971792)
2025-09-24 10:23:23 UTC,sensor04,300372246,20.82,91.94,2025-09-24 10:23:23+00:00,33.971583,-80.961343,81.4,9.09,0.0,119.86,12.0,3D,2025-09-24 06:23:23-04:00,POINT (-80.961343 33.971583)
2025-09-24 10:23:28 UTC,sensor04,300372246,20.95,91.88,2025-09-24 10:23:28+00:00,33.971387,-80.96093,82.4,7.58,0.1,121.82,12.0,3D,2025-09-24 06:23:28-04:00,POINT (-80.96093 33.971387)
2025-09-24 10:23:33 UTC,sensor04,300372246,20.91,91.8,2025-09-24 10:23:33+00:00,33.971237,-80.96068,83.0,4.38,0.1,124.46,12.0,3D,2025-09-24 06:23:33-04:00,POINT (-80.96068 33.971237)
2025-09-24 10:23:43 UTC,sensor04,300372246,20.85,91.55,2025-09-24 10:23:43+00:00,33.97132,-80.960408,84.3,6.37,0.2,41.14,12.0,3D,2025-09-24 06:23:43-04:00,POINT (-80.960408 33.97132)
2025-09-24 10:23:48 UTC,sensor04,300372246,20.82,91.73,2025-09-24 10:23:48+00:00,33.97157,-80.960202,85.2,6.25,0.2,35.86,12.0,3D,2025-09-24 06:23:48-04:00,POINT (-80.960202 33.97157)
2025-09-24 10:23:53 UTC,sensor04,300372246,20.83,91.8,2025-09-24 10:23:53+00:00,33.971605,-80.96,86.1,4.06,0.1,95.17,12.0,3D,2025-09-24 06:23:53-04:00,POINT (-80.96 33.971605)
2025-09-24 10:23:58 UTC,sensor04,300372246,20.83,91.66,2025-09-24 10:23:58+00:00,33.971383,-80.95959,85.8,8.09,-0.1,122.22,12.0,3D,2025-09-24 06:23:58-04:00,POINT (-80.95959 33.971383)
2025-09-24 10:24:09 UTC,sensor04,300372246,20.77,90.93,2025-09-24 10:24:08+00:00,33.971255,-80.959183,85.0,4.89,-0.1,54.96,12.0,3D,2025-09-24 06:24:08-04:00,POINT (-80.959183 33.971255)
2025-09-24 10:24:14 UTC,sensor04,300372246,20.75,91.12,2025-09-24 10:24:13+00:00,33.9715,-80.958978,85.2,7.91,0.0,31.34,12.0,3D,2025-09-24 06:24:13-04:00,POINT (-80.958978 33.9715)
2025-09-24 10:24:19 UTC,sensor04,300372246,20.87,91.18,2025-09-24 10:24:18+00:00,33.971848,-80.958735,85.6,8.76,0.0,33.81,12.0,3D,2025-09-24 06:24:18-04:00,POINT (-80.958735 33.971848)
2025-09-24 10:24:24 UTC,sensor04,300372246,20.87,91.29,2025-09-24 10:24:21+00:00,33.97206,-80.958597,85.7,9.5,-0.1,28.56,12.0,3D,2025-09-24 06:24:21-04:00,POINT (-80.958597 33.97206)
2025-09-24 10:24:29 UTC,sensor04,300372246,20.93,91.19,2025-09-24 10:24:28+00:00,33.972568,-80.958287,85.2,8.03,-0.07,16.29,12.0,3D,2025-09-24 06:24:28-04:00,POINT (-80.958287 33.972568)
2025-09-24 10:24:34 UTC,sensor04,300372246,20.93,91.19,2025-09-24 10:24:33+00:00,33.97294,-80.958263,85.2,8.07,0.0,359.66,12.0,3D,2025-09-24 06:24:33-04:00,POINT (-80.958263 33.97294)
2025-09-24 10:24:39 UTC,sensor04,300372246,21.01,90.89,2025-09-24 10:24:39+00:00,33.973373,-80.958245,85.6,6.92,0.0,0.0,12.0,3D,2025-09-24 06:24:39-04:00,POINT (-80.958245 33.973373)
2025-09-24 10:24:44 UTC,sensor04,300372246,21.13,90.68,2025-09-24 10:24:44+00:00,33.973612,-80.958248,85.2,4.99,-0.1,0.0,12.0,3D,2025-09-24 06:24:44-04:00,POINT (-80.958248 33.973612)
2025-09-24 10:24:49 UTC,sensor04,300372246,21.12,90.55,2025-09-24 10:24:49+00:00,33.973745,-80.958467,85.0,5.03,-0.1,0.0,12.0,3D,2025-09-24 06:24:49-04:00,POINT (-80.958467 33.973745)
2025-09-24 10:24:54 UTC,sensor04,300372246,21.24,90.52,2025-09-24 10:24:54+00:00,33.973812,-80.958743,84.8,5.88,-0.1,0.0,4.0,3D,2025-09-24 06:24:54-04:00,POINT (-80.958743 33.973812)
2025-09-24 10:24:59 UTC,sensor04,300372246,21.27,90.3,2025-09-24 10:24:59+00:00,33.973755,-80.959058,83.0,6.26,-0.3,0.0,4.0,3D,2025-09-24 06:24:59-04:00,POINT (-80.959058 33.973755)
2025-09-24 10:25:04 UTC,sensor04,300372246,21.26,90.31,2025-09-24 10:25:04+00:00,33.973595,-80.95931,82.5,5.88,0.0,0.0,8.0,3D,2025-09-24 06:25:04-04:00,POINT (-80.95931 33.973595)
2025-09-24 10:25:09 UTC,sensor04,300372246,21.25,90.39,2025-09-24 10:25:09+00:00,33.973353,-80.959472,82.1,6.04,0.0,0.0,12.0,3D,2025-09-24 06:25:09-04:00,POINT (-80.959472 33.973353)
2025-09-24 10:25:14 UTC,sensor04,300372246,21.17,90.47,2025-09-24 10:25:14+00:00,33.973145,-80.959692,81.8,6.51,-0.1,0.0,12.0,3D,2025-09-24 06:25:14-04:00,POINT (-80.959692 33.973145)
2025-09-24 10:25:19 UTC,sensor04,300372246,21.07,90.64,2025-09-24 10:25:19+00:00,33.973075,-80.960025,81.1,6.29,-0.2,271.77,12.0,3D,2025-09-24 06:25:19-04:00,POINT (-80.960025 33.973075)
2025-09-24 10:25:24 UTC,sensor04,300372246,21.09,90.98,2025-09-24 10:25:24+00:00,33.973173,-80.960345,80.8,6.27,-0.1,303.76,12.0,3D,2025-09-24 06:25:24-04:00,POINT (-80.960345 33.973173)
2025-09-24 10:25:29 UTC,sensor04,300372246,20.96,90.81,2025-09-24 10:25:29+00:00,33.973392,-80.960572,80.6,6.54,0.1,322.29,12.0,3D,2025-09-24 06:25:29-04:00,POINT (-80.960572 33.973392)
2025-09-24 10:25:34 UTC,sensor04,300372246,20.89,91.09,2025-09-24 10:25:34+00:00,33.973617,-80.960795,80.2,6.58,-0.1,318.99,12.0,3D,2025-09-24 06:25:34-04:00,POINT (-80.960795 33.973617)
2025-09-24 10:25:39 UTC,sensor04,300372246,20.87,91.1,2025-09-24 10:25:39+00:00,33.973813,-80.960952,79.9,3.09,-0.1,346.53,12.0,3D,2025-09-24 06:25:39-04:00,POINT (-80.960952 33.973813)
2025-09-24 10:25:49 UTC,sensor04,300372246,20.89,91.24,2025-09-24 10:25:49+00:00,33.97379,-80.960783,80.2,3.09,0.0,146.72,12.0,3D,2025-09-24 06:25:49-04:00,POINT (-80.960783 33.97379)
2025-09-24 10:25:54 UTC,sensor04,300372246,20.91,91.35,2025-09-24 10:25:54+00:00,33.973595,-80.960613,80.2,5.59,0.0,145.54,12.0,3D,2025-09-24 06:25:54-04:00,POINT (-80.960613 33.973595)
2025-09-24 10:25:59 UTC,sensor04,300372246,20.91,91.41,2025-09-24 10:25:59+00:00,33.973405,-80.960388,80.6,5.56,0.3,140.24,12.0,3D,2025-09-24 06:25:59-04:00,POINT (-80.960388 33.973405)
2025-09-24 10:26:05 UTC,sensor04,300372246,21.0,91.48,2025-09-24 10:26:04+00:00,33.973163,-80.960132,80.4,6.27,-0.1,121.63,12.0,3D,2025-09-24 06:26:04-04:00,POINT (-80.960132 33.973163)
2025-09-24 10:26:10 UTC,sensor04,300372246,21.01,91.39,2025-09-24 10:26:09+00:00,33.973162,-80.959845,80.1,4.54,-0.1,66.9,12.0,3D,2025-09-24 06:26:09-04:00,POINT (-80.959845 33.973162)
2025-09-24 10:26:15 UTC,sensor04,300372246,21.05,91.2,2025-09-24 10:26:12+00:00,33.973257,-80.959783,80.7,3.85,0.1,9.47,12.0,3D,2025-09-24 06:26:12-04:00,POINT (-80.959783 33.973257)
2025-09-24 10:26:20 UTC,sensor04,300372246,21.17,90.95,2025-09-24 10:26:12+00:00,33.973257,-80.959783,80.7,3.85,0.1,9.47,12.0,3D,2025-09-24 06:26:12-04:00,POINT (-80.959783 33.973257)
2025-09-24 10:26:25 UTC,sensor04,300372246,21.19,90.71,2025-09-24 10:26:12+00:00,33.973257,-80.959783,80.7,3.85,0.1,9.47,12.0,3D,2025-09-24 06:26:12-04:00,POINT (-80.959783 33.973257)
2025-09-24 10:26:31 UTC,sensor04,300372246,21.28,90.46,2025-09-24 10:26:12+00:00,33.973257,-80.959783,80.7,3.85,0.1,9.47,12.0,3D,2025-09-24 06:26:12-04:00,POINT (-80.959783 33.973257)
2025-09-24 10:26:38 UTC,sensor04,300372246,21.33,90.14,2025-09-24 10:26:37+00:00,33.97397,-80.960435,82.2,2.84,0.0,325.43,12.0,3D,2025-09-24 06:26:37-04:00,POINT (-80.960435 33.97397)
2025-09-24 10:26:48 UTC,sensor04,300372246,21.35,89.92,2025-09-24 10:26:48+00:00,33.974112,-80.960378,82.5,2.8,0.1,50.51,12.0,3D,2025-09-24 06:26:48-04:00,POINT (-80.960378 33.974112)
2025-09-24 10:26:53 UTC,sensor04,300372246,21.52,89.79,2025-09-24 10:26:53+00:00,33.97403,-80.960233,82.7,3.29,0.0,135.86,12.0,3D,2025-09-24 06:26:53-04:00,POINT (-80.960233 33.97403)
2025-09-24 10:26:58 UTC,sensor04,300372246,21.52,89.42,2025-09-24 10:26:58+00:00,33.973858,-80.960052,82.7,5.79,0.0,141.1,12.0,3D,2025-09-24 06:26:58-04:00,POINT (-80.960052 33.973858)
2025-09-24 10:27:03 UTC,sensor04,300372246,21.54,89.3,2025-09-24 10:27:03+00:00,33.973678,-80.959887,82.8,5.83,0.0,140.29,12.0,3D,2025-09-24 06:27:03-04:00,POINT (-80.959887 33.973678)
2025-09-24 10:27:08 UTC,sensor04,300372246,21.54,89.31,2025-09-24 10:27:08+00:00,33.973505,-80.959657,82.3,4.3,0.0,89.76,12.0,3D,2025-09-24 06:27:08-04:00,POINT (-80.959657 33.973505)
2025-09-24 10:27:19 UTC,sensor04,300372246,21.49,89.42,2025-09-24 10:27:19+00:00,33.973488,-80.959393,82.4,3.24,-0.1,0.0,4.0,3D,2025-09-24 06:27:19-04:00,POINT (-80.959393 33.973488)
2025-09-24 10:27:24 UTC,sensor04,300372246,21.4,89.54,2025-09-24 10:27:24+00:00,33.973293,-80.959498,82.1,6.18,0.0,0.0,8.0,3D,2025-09-24 06:27:24-04:00,POINT (-80.959498 33.973293)
2025-09-24 10:27:29 UTC,sensor04,300372246,21.22,89.88,2025-09-24 10:27:29+00:00,33.973105,-80.959755,81.7,6.39,-0.2,242.0,12.0,3D,2025-09-24 06:27:29-04:00,POINT (-80.959755 33.973105)
2025-09-24 10:27:34 UTC,sensor04,300372246,21.02,90.25,2025-09-24 10:27:34+00:00,33.97308,-80.960115,81.2,6.69,-0.1,282.4,12.0,3D,2025-09-24 06:27:34-04:00,POINT (-80.960115 33.97308)
2025-09-24 10:27:39 UTC,sensor04,300372246,20.91,90.55,2025-09-24 10:27:39+00:00,33.973268,-80.960433,80.2,7.49,-0.1,318.45,12.0,3D,2025-09-24 06:27:39-04:00,POINT (-80.960433 33.973268)
2025-09-24 10:27:44 UTC,sensor04,300372246,20.9,90.86,2025-09-24 10:27:44+00:00,33.973532,-80.960697,79.6,7.12,0.0,320.48,12.0,3D,2025-09-24 06:27:44-04:00,POINT (-80.960697 33.973532)
2025-09-24 10:27:50 UTC,sensor04,300372246,20.8,90.98,2025-09-24 10:27:49+00:00,33.97372,-80.96099,79.5,6.47,0.0,298.43,12.0,3D,2025-09-24 06:27:49-04:00,POINT (-80.96099 33.97372)
2025-09-24 10:27:55 UTC,sensor04,300372246,20.74,91.23,2025-09-24 10:27:54+00:00,33.973927,-80.961298,79.9,8.57,0.1,316.21,12.0,3D,2025-09-24 06:27:54-04:00,POINT (-80.961298 33.973927)
2025-09-24 10:28:00 UTC,sensor04,300372246,20.68,91.41,2025-09-24 10:28:00+00:00,33.974288,-80.961697,79.6,9.07,-0.1,0.0,12.0,3D,2025-09-24 06:28:00-04:00,POINT (-80.961697 33.974288)
2025-09-24 10:28:05 UTC,sensor04,300372246,20.72,91.46,2025-09-24 10:28:05+00:00,33.974597,-80.962018,79.4,8.37,0.0,315.73,12.0,3D,2025-09-24 06:28:05-04:00,POINT (-80.962018 33.974597)
2025-09-24 10:28:10 UTC,sensor04,300372246,20.8,91.52,2025-09-24 10:28:10+00:00,33.974885,-80.962303,79.6,8.04,0.0,321.95,12.0,3D,2025-09-24 06:28:10-04:00,POINT (-80.962303 33.974885)
2025-09-24 10:28:15 UTC,sensor04,300372246,20.82,91.44,2025-09-24 10:28:15+00:00,33.975162,-80.962585,79.5,8.02,-0.2,318.46,12.0,3D,2025-09-24 06:28:15-04:00,POINT (-80.962585 33.975162)
2025-09-24 10:28:20 UTC,sensor04,300372246,20.9,91.4,2025-09-24 10:28:20+00:00,33.975425,-80.96284,79.5,7.28,0.1,321.22,12.0,3D,2025-09-24 06:28:20-04:00,POINT (-80.96284 33.975425)
2025-09-24 10:28:26 UTC,sensor04,300372246,20.79,91.4,2025-09-24 10:28:21+00:00,33.97548,-80.962887,79.5,7.76,0.0,321.98,12.0,3D,2025-09-24 06:28:21-04:00,POINT (-80.962887 33.97548)
2025-09-24 10:28:31 UTC,sensor04,300372246,20.78,91.7,2025-09-24 10:28:30+00:00,33.976037,-80.963308,79.7,8.01,0.0,330.1,12.0,3D,2025-09-24 06:28:30-04:00,POINT (-80.963308 33.976037)
2025-09-24 10:28:36 UTC,sensor04,300372246,20.88,91.72,2025-09-24 10:28:35+00:00,33.976377,-80.963525,79.9,8.64,0.0,334.21,12.0,3D,2025-09-24 06:28:35-04:00,POINT (-80.963525 33.976377)
2025-09-24 10:28:41 UTC,sensor04,300372246,20.97,91.6,2025-09-24 10:28:40+00:00,33.976722,-80.963715,79.5,7.64,-0.1,338.2,12.0,3D,2025-09-24 06:28:40-04:00,POINT (-80.963715 33.976722)
2025-09-24 10:28:46 UTC,sensor04,300372246,21.03,91.45,2025-09-24 10:28:46+00:00,33.977148,-80.963847,79.9,8.1,0.0,0.0,12.0,3D,2025-09-24 06:28:46-04:00,POINT (-80.963847 33.977148)
2025-09-24 10:28:51 UTC,sensor04,300372246,21.07,91.25,2025-09-24 10:28:51+00:00,33.977477,-80.963983,80.1,7.21,0.0,340.54,12.0,3D,2025-09-24 06:28:51-04:00,POINT (-80.963983 33.977477)
2025-09-24 10:28:56 UTC,sensor04,300372246,21.05,91.26,2025-09-24 10:28:56+00:00,33.97776,-80.964147,80.1,6.73,0.0,325.79,12.0,3D,2025-09-24 06:28:56-04:00,POINT (-80.964147 33.97776)
2025-09-24 10:29:01 UTC,sensor04,300372246,20.98,91.21,2025-09-24 10:29:01+00:00,33.977995,-80.964387,80.5,6.77,0.2,319.85,12.0,3D,2025-09-24 06:29:01-04:00,POINT (-80.964387 33.977995)
2025-09-24 10:29:06 UTC,sensor04,300372246,20.96,91.23,2025-09-24 10:29:06+00:00,33.97821,-80.964645,81.2,6.15,0.0,318.53,12.0,3D,2025-09-24 06:29:06-04:00,POINT (-80.964645 33.97821)
2025-09-24 10:29:11 UTC,sensor04,300372246,21.01,91.33,2025-09-24 10:29:11+00:00,33.97843,-80.96488,80.8,6.28,-0.1,316.89,12.0,3D,2025-09-24 06:29:11-04:00,POINT (-80.96488 33.97843)
2025-09-24 10:29:17 UTC,sensor04,300372246,21.03,91.46,2025-09-24 10:29:16+00:00,33.978628,-80.964998,80.4,3.09,-0.1,350.69,12.0,3D,2025-09-24 06:29:16-04:00,POINT (-80.964998 33.978628)
2025-09-24 10:29:22 UTC,sensor04,300372246,21.07,91.45,2025-09-24 10:29:21+00:00,33.978687,-80.965097,80.4,2.28,0.0,246.49,12.0,3D,2025-09-24 06:29:21-04:00,POINT (-80.965097 33.978687)
2025-09-24 10:29:27 UTC,sensor04,300372246,21.06,91.54,2025-09-24 10:29:27+00:00,33.978542,-80.965018,80.3,4.62,0.1,0.0,12.0,3D,2025-09-24 06:29:27-04:00,POINT (-80.965018 33.978542)
2025-09-24 10:29:32 UTC,sensor04,300372246,21.02,91.61,2025-09-24 10:29:32+00:00,33.978338,-80.964788,80.5,6.61,0.1,137.48,12.0,3D,2025-09-24 06:29:32-04:00,POINT (-80.964788 33.978338)
2025-09-24 10:29:37 UTC,sensor04,300372246,21.04,91.41,2025-09-24 10:29:37+00:00,33.978065,-80.964487,80.9,8.04,-0.1,139.61,12.0,3D,2025-09-24 06:29:37-04:00,POINT (-80.964487 33.978065)
2025-09-24 10:29:42 UTC,sensor04,300372246,21.05,91.31,2025-09-24 10:29:42+00:00,33.977758,-80.964192,81.1,8.03,-0.1,140.35,12.0,3D,2025-09-24 06:29:42-04:00,POINT (-80.964192 33.977758)
2025-09-24 10:29:47 UTC,sensor04,300372246,21.06,91.48,2025-09-24 10:29:47+00:00,33.977418,-80.963993,81.2,7.8,0.1,161.56,12.0,3D,2025-09-24 06:29:47-04:00,POINT (-80.963993 33.977418)
2025-09-24 10:29:52 UTC,sensor04,300372246,21.07,91.21,2025-09-24 10:29:52+00:00,33.977057,-80.963857,81.2,8.33,0.0,162.74,12.0,3D,2025-09-24 06:29:52-04:00,POINT (-80.963857 33.977057)
2025-09-24 10:29:58 UTC,sensor04,300372246,21.07,91.18,2025-09-24 10:29:57+00:00,33.976735,-80.963723,81.1,6.07,0.0,156.65,12.0,3D,2025-09-24 06:29:57-04:00,POINT (-80.963723 33.976735)
2025-09-24 10:30:03 UTC,sensor04,300372246,21.07,91.14,2025-09-24 10:30:02+00:00,33.97667,-80.963528,81.2,4.31,0.1,79.18,12.0,3D,2025-09-24 06:30:02-04:00,POINT (-80.963528 33.97667)
2025-09-24 10:30:08 UTC,sensor04,300372246,21.16,91.03,2025-09-24 10:30:08+00:00,33.976753,-80.963273,81.6,2.78,0.0,0.0,12.0,3D,2025-09-24 06:30:08-04:00,POINT (-80.963273 33.976753)
2025-09-24 10:30:13 UTC,sensor04,300372246,21.21,90.98,2025-09-24 10:30:13+00:00,33.976827,-80.963137,81.8,4.31,0.0,51.56,12.0,3D,2025-09-24 06:30:13-04:00,POINT (-80.963137 33.976827)
2025-09-24 10:30:18 UTC,sensor04,300372246,21.33,90.57,2025-09-24 10:30:18+00:00,33.976973,-80.96293,81.9,5.06,0.0,53.39,12.0,3D,2025-09-24 06:30:18-04:00,POINT (-80.96293 33.976973)
2025-09-24 10:30:23 UTC,sensor04,300372246,21.29,90.21,2025-09-24 10:30:21+00:00,33.977048,-80.9628,82.4,2.65,-0.1,61.8,12.0,3D,2025-09-24 06:30:21-04:00,POINT (-80.9628 33.977048)
2025-09-24 10:30:28 UTC,sensor04,300372246,21.29,90.24,2025-09-24 10:30:28+00:00,33.977152,-80.962687,82.3,3.32,0.1,16.69,12.0,3D,2025-09-24 06:30:28-04:00,POINT (-80.962687 33.977152)
2025-09-24 10:30:34 UTC,sensor04,300372246,21.25,90.3,2025-09-24 10:30:33+00:00,33.977355,-80.962738,81.8,4.48,-0.1,352.65,12.0,3D,2025-09-24 06:30:33-04:00,POINT (-80.962738 33.977355)
2025-09-24 10:30:39 UTC,sensor04,300372246,21.17,90.36,2025-09-24 10:30:38+00:00,33.977528,-80.962732,81.5,3.4,-0.1,4.46,12.0,3D,2025-09-24 06:30:38-04:00,POINT (-80.962732 33.977528)
2025-09-24 10:30:44 UTC,sensor04,300372246,21.14,90.41,2025-09-24 10:30:43+00:00,33.977638,-80.962705,81.3,2.56,-0.1,13.25,12.0,3D,2025-09-24 06:30:43-04:00,POINT (-80.962705 33.977638)
2025-09-24 10:30:49 UTC,sensor04,300372246,21.17,90.38,2025-09-24 10:30:48+00:00,33.977813,-80.962602,80.8,5.64,-0.2,32.84,12.0,3D,2025-09-24 06:30:48-04:00,POINT (-80.962602 33.977813)
2025-09-24 10:30:54 UTC,sensor04,300372246,21.14,90.25,2025-09-24 10:30:54+00:00,33.978008,-80.962375,79.1,3.19,-0.1,0.0,12.0,3D,2025-09-24 06:30:54-04:00,POINT (-80.962375 33.978008)
2025-09-24 10:30:59 UTC,sensor04,300372246,21.19,90.12,2025-09-24 10:30:59+00:00,33.978088,-80.96226,78.6,3.57,0.0,0.0,8.0,3D,2025-09-24 06:30:59-04:00,POINT (-80.96226 33.978088)
2025-09-24 10:31:04 UTC,sensor04,300372246,21.18,89.95,2025-09-24 10:31:04+00:00,33.978268,-80.962027,79.0,6.83,0.0,46.86,12.0,3D,2025-09-24 06:31:04-04:00,POINT (-80.962027 33.978268)
2025-09-24 10:31:09 UTC,sensor04,300372246,21.19,89.98,2025-09-24 10:31:09+00:00,33.978442,-80.961812,79.6,3.27,0.2,49.17,12.0,3D,2025-09-24 06:31:09-04:00,POINT (-80.961812 33.978442)
2025-09-24 10:31:20 UTC,sensor04,300372246,21.15,89.81,2025-09-24 10:31:19+00:00,33.978692,-80.961753,81.2,4.96,0.3,327.06,12.0,3D,2025-09-24 06:31:19-04:00,POINT (-80.961753 33.978692)
2025-09-24 10:31:30 UTC,sensor04,300372246,21.11,90.11,2025-09-24 10:31:29+00:00,33.97891,-80.961975,82.5,3.33,0.0,355.01,12.0,3D,2025-09-24 06:31:29-04:00,POINT (-80.961975 33.97891)
2025-09-24 10:31:35 UTC,sensor04,300372246,21.17,89.97,2025-09-24 10:31:35+00:00,33.979155,-80.961773,83.8,6.74,0.4,0.0,12.0,3D,2025-09-24 06:31:35-04:00,POINT (-80.961773 33.979155)
2025-09-24 10:31:40 UTC,sensor04,300372246,21.26,89.59,2025-09-24 10:31:40+00:00,33.979372,-80.961585,84.6,4.92,0.4,37.97,12.0,3D,2025-09-24 06:31:40-04:00,POINT (-80.961585 33.979372)
2025-09-24 10:32:57 UTC,sensor04,300372246,21.39,88.09,2025-09-24 10:32:56+00:00,33.97962,-80.96139,83.9,5.8,0.2,2.87,11.0,3D,2025-09-24 06:32:56-04:00,POINT (-80.96139 33.97962)
2025-09-24 10:33:02 UTC,sensor04,300372246,21.31,88.54,2025-09-24 10:33:02+00:00,33.979987,-80.961672,85.5,10.72,0.0,0.0,11.0,3D,2025-09-24 06:33:02-04:00,POINT (-80.961672 33.979987)
2025-09-24 10:33:07 UTC,sensor04,300372246,21.16,89.12,2025-09-24 10:33:07+00:00,33.980388,-80.962133,85.1,13.08,-0.2,316.19,11.0,3D,2025-09-24 06:33:07-04:00,POINT (-80.962133 33.980388)
2025-09-24 10:33:12 UTC,sensor04,300372246,21.27,89.34,2025-09-24 10:33:12+00:00,33.980813,-80.962657,85.4,13.37,-0.2,313.37,11.0,3D,2025-09-24 06:33:12-04:00,POINT (-80.962657 33.980813)
2025-09-24 10:33:17 UTC,sensor04,300372246,21.13,89.28,2025-09-24 10:33:17+00:00,33.981215,-80.963197,84.3,12.9,-0.1,310.0,11.0,3D,2025-09-24 06:33:17-04:00,POINT (-80.963197 33.981215)
2025-09-24 10:33:22 UTC,sensor04,300372246,21.05,89.46,2025-09-24 10:33:22+00:00,33.981578,-80.963753,83.3,13.11,-0.2,307.21,11.0,3D,2025-09-24 06:33:22-04:00,POINT (-80.963753 33.981578)
2025-09-24 10:33:28 UTC,sensor04,300372246,20.94,89.69,2025-09-24 10:33:27+00:00,33.981915,-80.964318,82.5,12.52,-0.3,305.12,11.0,3D,2025-09-24 06:33:27-04:00,POINT (-80.964318 33.981915)
2025-09-24 10:33:33 UTC,sensor04,300372246,20.9,89.98,2025-09-24 10:33:32+00:00,33.982228,-80.964848,80.2,12.33,-0.5,303.51,11.0,3D,2025-09-24 06:33:32-04:00,POINT (-80.964848 33.982228)
2025-09-24 10:33:38 UTC,sensor04,300372246,20.82,90.2,2025-09-24 10:33:37+00:00,33.982553,-80.965407,80.0,12.58,0.1,305.42,11.0,3D,2025-09-24 06:33:37-04:00,POINT (-80.965407 33.982553)
2025-09-24 10:33:43 UTC,sensor04,300372246,20.6,90.49,2025-09-24 10:33:43+00:00,33.982932,-80.966065,80.9,12.38,0.1,0.0,11.0,3D,2025-09-24 06:33:43-04:00,POINT (-80.966065 33.982932)
2025-09-24 10:33:53 UTC,sensor04,300372246,20.82,91.07,2025-09-24 10:33:53+00:00,33.983718,-80.967378,83.5,15.32,0.4,306.9,11.0,3D,2025-09-24 06:33:53-04:00,POINT (-80.967378 33.983718)
2025-09-24 10:33:58 UTC,sensor04,300372246,20.72,90.97,2025-09-24 10:33:58+00:00,33.984127,-80.968033,83.5,14.49,-0.3,307.2,11.0,3D,2025-09-24 06:33:58-04:00,POINT (-80.968033 33.984127)
2025-09-24 10:34:34 UTC,sensor04,300372246,20.61,90.39,2025-09-24 10:34:34+00:00,33.987925,-80.97221,64.2,13.18,-0.6,0.0,11.0,3D,2025-09-24 06:34:34-04:00,POINT (-80.97221 33.987925)
2025-09-24 10:34:39 UTC,sensor04,300372246,20.65,89.98,2025-09-24 10:34:39+00:00,33.98833,-80.972638,60.9,10.83,-0.6,319.11,11.0,3D,2025-09-24 06:34:39-04:00,POINT (-80.972638 33.98833)
2025-09-24 10:34:44 UTC,sensor04,300372246,20.72,89.68,2025-09-24 10:34:44+00:00,33.988608,-80.972947,57.8,6.61,-0.6,318.95,11.0,3D,2025-09-24 06:34:44-04:00,POINT (-80.972947 33.988608)
2025-09-24 10:35:10 UTC,sensor04,300372246,20.9,89.15,2025-09-24 10:35:10+00:00,33.988815,-80.97319,54.0,6.32,0.1,0.0,11.0,3D,2025-09-24 06:35:10-04:00,POINT (-80.97319 33.988815)
2025-09-24 10:35:15 UTC,sensor04,300372246,20.54,88.37,2025-09-24 10:35:15+00:00,33.98915,-80.973573,54.7,12.99,0.2,315.1,11.0,3D,2025-09-24 06:35:15-04:00,POINT (-80.973573 33.98915)
2025-09-24 10:35:20 UTC,sensor04,300372246,20.44,88.47,2025-09-24 10:35:20+00:00,33.98963,-80.974085,56.0,14.97,0.2,316.19,11.0,3D,2025-09-24 06:35:20-04:00,POINT (-80.974085 33.98963)
2025-09-24 10:35:25 UTC,sensor04,300372246,20.33,89.01,2025-09-24 10:35:25+00:00,33.99012,-80.974642,57.7,14.48,0.3,318.1,11.0,3D,2025-09-24 06:35:25-04:00,POINT (-80.974642 33.99012)
2025-09-24 10:35:30 UTC,sensor04,300372246,20.36,89.29,2025-09-24 10:35:30+00:00,33.990613,-80.97517,58.3,14.5,0.0,316.49,11.0,3D,2025-09-24 06:35:30-04:00,POINT (-80.97517 33.990613)
2025-09-24 10:35:36 UTC,sensor04,300372246,20.39,89.19,2025-09-24 10:35:35+00:00,33.99107,-80.975697,60.2,12.85,0.6,315.92,11.0,3D,2025-09-24 06:35:35-04:00,POINT (-80.975697 33.99107)
2025-09-24 10:35:41 UTC,sensor04,300372246,20.45,88.96,2025-09-24 10:35:40+00:00,33.991498,-80.976125,60.8,12.14,0.1,324.04,11.0,3D,2025-09-24 06:35:40-04:00,POINT (-80.976125 33.991498)
2025-09-24 10:35:46 UTC,sensor04,300372246,20.45,89.13,2025-09-24 10:35:45+00:00,33.991997,-80.976445,60.7,12.78,0.1,336.42,11.0,3D,2025-09-24 06:35:45-04:00,POINT (-80.976445 33.991997)
2025-09-24 10:35:51 UTC,sensor04,300372246,20.35,89.25,2025-09-24 10:35:51+00:00,33.992713,-80.976717,62.4,14.27,0.6,0.0,10.0,3D,2025-09-24 06:35:51-04:00,POINT (-80.976717 33.992713)
2025-09-24 10:35:56 UTC,sensor04,300372246,20.3,89.3,2025-09-24 10:35:56+00:00,33.993388,-80.976782,64.5,15.61,0.5,358.67,10.0,3D,2025-09-24 06:35:56-04:00,POINT (-80.976782 33.993388)
2025-09-24 10:36:01 UTC,sensor04,300372246,20.2,89.47,2025-09-24 10:36:01+00:00,33.994053,-80.976718,66.5,14.21,0.6,4.75,10.0,3D,2025-09-24 06:36:01-04:00,POINT (-80.976718 33.994053)
2025-09-24 10:36:06 UTC,sensor04,300372246,20.27,89.82,2025-09-24 10:36:06+00:00,33.994702,-80.976657,71.4,14.55,1.2,4.33,10.0,3D,2025-09-24 06:36:06-04:00,POINT (-80.976657 33.994702)
2025-09-24 10:36:11 UTC,sensor04,300372246,20.27,89.73,2025-09-24 10:36:11+00:00,33.99531,-80.976635,77.6,13.31,1.4,1.25,10.0,3D,2025-09-24 06:36:11-04:00,POINT (-80.976635 33.99531)
2025-09-24 10:36:17 UTC,sensor04,300372246,20.16,89.92,2025-09-24 10:36:16+00:00,33.99594,-80.976658,84.0,13.67,1.2,354.18,10.0,3D,2025-09-24 06:36:16-04:00,POINT (-80.976658 33.99594)
2025-09-24 10:36:22 UTC,sensor04,300372246,20.05,90.15,2025-09-24 10:36:21+00:00,33.9965,-80.976763,88.6,10.55,0.9,348.24,10.0,3D,2025-09-24 06:36:21-04:00,POINT (-80.976763 33.9965)
2025-09-24 10:36:27 UTC,sensor04,300372246,20.05,90.45,2025-09-24 10:36:22+00:00,33.996588,-80.976795,89.4,9.68,0.8,345.26,10.0,3D,2025-09-24 06:36:22-04:00,POINT (-80.976795 33.996588)
2025-09-24 10:36:37 UTC,sensor04,300372246,20.06,90.68,2025-09-24 10:36:37+00:00,33.997137,-80.9771,98.3,8.15,0.7,331.49,10.0,3D,2025-09-24 06:36:37-04:00,POINT (-80.9771 33.997137)
2025-09-24 10:36:42 UTC,sensor04,300372246,20.02,90.62,2025-09-24 10:36:42+00:00,33.997557,-80.977378,101.7,12.49,0.7,329.54,10.0,3D,2025-09-24 06:36:42-04:00,POINT (-80.977378 33.997557)
2025-09-24 10:36:47 UTC,sensor04,300372246,20.08,90.77,2025-09-24 10:36:47+00:00,33.998083,-80.977758,99.2,13.57,0.4,327.54,10.0,3D,2025-09-24 06:36:47-04:00,POINT (-80.977758 33.998083)
2025-09-24 10:36:52 UTC,sensor04,300372246,20.16,90.63,2025-09-24 10:36:52+00:00,33.998612,-80.978125,94.2,13.24,0.4,328.16,10.0,3D,2025-09-24 06:36:52-04:00,POINT (-80.978125 33.998612)
2025-09-24 10:36:57 UTC,sensor04,300372246,20.19,90.55,2025-09-24 10:36:57+00:00,33.999133,-80.978508,94.5,13.83,0.6,329.39,10.0,3D,2025-09-24 06:36:57-04:00,POINT (-80.978508 33.999133)
2025-09-24 10:37:03 UTC,sensor04,300372246,20.19,90.35,2025-09-24 10:37:02+00:00,33.99966,-80.978883,94.6,13.51,0.6,327.89,10.0,3D,2025-09-24 06:37:02-04:00,POINT (-80.978883 33.99966)
2025-09-24 10:37:08 UTC,sensor04,300372246,20.2,90.33,2025-09-24 10:37:07+00:00,34.000185,-80.97925,98.2,13.6,0.7,331.2,10.0,3D,2025-09-24 06:37:07-04:00,POINT (-80.97925 34.000185)
2025-09-24 10:37:13 UTC,sensor04,300372246,20.25,90.36,2025-09-24 10:37:12+00:00,34.000745,-80.979525,98.3,12.98,0.8,335.8,10.0,3D,2025-09-24 06:37:12-04:00,POINT (-80.979525 34.000745)
2025-09-24 10:37:18 UTC,sensor04,300372246,20.2,90.3,2025-09-24 10:37:18+00:00,34.001462,-80.979718,102.8,13.6,0.6,0.0,10.0,3D,2025-09-24 06:37:18-04:00,POINT (-80.979718 34.001462)
2025-09-24 10:37:23 UTC,sensor04,300372246,20.23,90.26,2025-09-24 10:37:23+00:00,34.002022,-80.979732,105.4,10.51,0.4,358.65,10.0,3D,2025-09-24 06:37:23-04:00,POINT (-80.979732 34.002022)
2025-09-24 10:37:28 UTC,sensor04,300372246,20.23,90.11,2025-09-24 10:37:28+00:00,34.002352,-80.979708,106.7,5.25,0.4,356.8,10.0,3D,2025-09-24 06:37:28-04:00,POINT (-80.979708 34.002352)
2025-09-24 10:37:38 UTC,sensor04,300372246,20.3,89.98,2025-09-24 10:37:38+00:00,34.002405,-80.979677,106.0,3.35,0.3,12.0,10.0,3D,2025-09-24 06:37:38-04:00,POINT (-80.979677 34.002405)
2025-09-24 10:37:44 UTC,sensor04,300372246,20.27,89.84,2025-09-24 10:37:43+00:00,34.00272,-80.97959,107.7,9.08,0.5,10.71,10.0,3D,2025-09-24 06:37:43-04:00,POINT (-80.97959 34.00272)
2025-09-24 10:37:49 UTC,sensor04,300372246,20.15,89.81,2025-09-24 10:37:48+00:00,34.003232,-80.97946,109.4,12.52,0.0,12.25,10.0,3D,2025-09-24 06:37:48-04:00,POINT (-80.97946 34.003232)
2025-09-24 10:37:54 UTC,sensor04,300372246,20.2,89.95,2025-09-24 10:37:53+00:00,34.003827,-80.979323,111.2,13.66,0.3,9.68,10.0,3D,2025-09-24 06:37:53-04:00,POINT (-80.979323 34.003827)
2025-09-24 10:37:59 UTC,sensor04,300372246,20.16,90.03,2025-09-24 10:37:59+00:00,34.004543,-80.979112,112.8,12.88,-0.2,0.0,10.0,3D,2025-09-24 06:37:59-04:00,POINT (-80.979112 34.004543)
2025-09-24 10:38:04 UTC,sensor04,300372246,20.11,90.27,2025-09-24 10:38:04+00:00,34.00511,-80.97898,114.6,12.78,0.3,0.0,4.0,3D,2025-09-24 06:38:04-04:00,POINT (-80.97898 34.00511)
2025-09-24 10:38:09 UTC,sensor04,300372246,20.02,90.28,2025-09-24 10:38:09+00:00,34.005673,-80.978855,116.3,12.89,0.4,0.0,10.0,3D,2025-09-24 06:38:09-04:00,POINT (-80.978855 34.005673)
2025-09-24 10:38:14 UTC,sensor04,300372246,20.03,90.22,2025-09-24 10:38:14+00:00,34.006258,-80.978782,117.7,13.32,0.3,0.0,10.0,3D,2025-09-24 06:38:14-04:00,POINT (-80.978782 34.006258)
2025-09-24 10:38:19 UTC,sensor04,300372246,20.26,89.79,2025-09-24 10:38:19+00:00,34.006845,-80.978825,118.9,13.0,0.2,347.97,10.0,3D,2025-09-24 06:38:19-04:00,POINT (-80.978825 34.006845)
2025-09-24 10:38:24 UTC,sensor04,300372246,20.23,89.36,2025-09-24 10:38:22+00:00,34.007167,-80.978947,119.2,11.55,-0.1,340.59,10.0,3D,2025-09-24 06:38:22-04:00,POINT (-80.978947 34.007167)
2025-09-24 10:38:29 UTC,sensor04,300372246,20.15,89.18,2025-09-24 10:38:29+00:00,34.00789,-80.979465,118.1,13.33,-0.16,326.84,10.0,3D,2025-09-24 06:38:29-04:00,POINT (-80.979465 34.00789)
2025-09-24 10:38:34 UTC,sensor04,300372246,19.85,89.24,2025-09-24 10:38:34+00:00,34.008412,-80.979905,116.3,14.4,-0.4,325.22,10.0,3D,2025-09-24 06:38:34-04:00,POINT (-80.979905 34.008412)
2025-09-24 10:38:40 UTC,sensor04,300372246,19.59,89.95,2025-09-24 10:38:39+00:00,34.008962,-80.980368,115.7,14.89,0.1,325.34,10.0,3D,2025-09-24 06:38:39-04:00,POINT (-80.980368 34.008962)
2025-09-24 10:38:45 UTC,sensor04,300372246,19.64,90.54,2025-09-24 10:38:44+00:00,34.009477,-80.98079,115.1,13.1,0.5,325.89,10.0,3D,2025-09-24 06:38:44-04:00,POINT (-80.98079 34.009477)
2025-09-24 10:38:50 UTC,sensor04,300372246,19.53,90.79,2025-09-24 10:38:49+00:00,34.00998,-80.981188,117.6,13.15,0.6,325.54,10.0,3D,2025-09-24 06:38:49-04:00,POINT (-80.981188 34.00998)
2025-09-24 10:38:55 UTC,sensor04,300372246,19.6,91.07,2025-09-24 10:38:54+00:00,34.010475,-80.981595,121.1,12.36,0.7,325.35,10.0,3D,2025-09-24 06:38:54-04:00,POINT (-80.981595 34.010475)
2025-09-24 10:39:00 UTC,sensor04,300372246,19.65,90.97,2025-09-24 10:38:59+00:00,34.010932,-80.981967,123.3,11.5,0.6,325.57,10.0,3D,2025-09-24 06:38:59-04:00,POINT (-80.981967 34.010932)
2025-09-24 10:39:05 UTC,sensor04,300372246,19.6,90.74,2025-09-24 10:39:05+00:00,34.011487,-80.982422,126.2,12.78,0.3,0.0,10.0,3D,2025-09-24 06:39:05-04:00,POINT (-80.982422 34.011487)
2025-09-24 10:39:10 UTC,sensor04,300372246,19.66,90.56,2025-09-24 10:39:10+00:00,34.011988,-80.982835,126.6,13.41,-0.2,0.0,10.0,3D,2025-09-24 06:39:10-04:00,POINT (-80.982835 34.011988)
2025-09-24 10:39:15 UTC,sensor04,300372246,19.56,90.56,2025-09-24 10:39:15+00:00,34.012495,-80.983255,124.6,13.9,-0.3,324.93,10.0,3D,2025-09-24 06:39:15-04:00,POINT (-80.983255 34.012495)
2025-09-24 10:39:20 UTC,sensor04,300372246,19.56,90.7,2025-09-24 10:39:20+00:00,34.012997,-80.983655,123.2,12.84,0.0,322.5,10.0,3D,2025-09-24 06:39:20-04:00,POINT (-80.983655 34.012997)
2025-09-24 10:39:25 UTC,sensor04,300372246,19.48,90.95,2025-09-24 10:39:25+00:00,34.013395,-80.984028,123.5,11.29,0.3,315.8,10.0,3D,2025-09-24 06:39:25-04:00,POINT (-80.984028 34.013395)
2025-09-24 10:39:30 UTC,sensor04,300372246,19.6,91.13,2025-09-24 10:39:30+00:00,34.013757,-80.984538,124.7,12.93,0.3,305.0,10.0,3D,2025-09-24 06:39:30-04:00,POINT (-80.984538 34.013757)
2025-09-24 10:39:35 UTC,sensor04,300372246,19.6,91.0,2025-09-24 10:39:35+00:00,34.014095,-80.98513,125.5,12.93,0.5,303.23,10.0,3D,2025-09-24 06:39:35-04:00,POINT (-80.98513 34.014095)
2025-09-24 10:39:40 UTC,sensor04,300372246,19.64,90.91,2025-09-24 10:39:40+00:00,34.014425,-80.985705,127.6,13.02,0.4,303.18,10.0,3D,2025-09-24 06:39:40-04:00,POINT (-80.985705 34.014425)
2025-09-24 10:39:45 UTC,sensor04,300372246,19.65,90.75,2025-09-24 10:39:45+00:00,34.014745,-80.98628,129.9,12.61,0.5,302.93,10.0,3D,2025-09-24 06:39:45-04:00,POINT (-80.98628 34.014745)
2025-09-24 10:39:50 UTC,sensor04,300372246,19.63,90.69,2025-09-24 10:39:50+00:00,34.0151,-80.986853,132.1,13.54,0.4,309.29,10.0,3D,2025-09-24 06:39:50-04:00,POINT (-80.986853 34.0151)
2025-09-24 10:39:56 UTC,sensor04,300372246,19.7,90.47,2025-09-24 10:39:55+00:00,34.015532,-80.98737,131.1,13.3,-0.4,318.75,10.0,3D,2025-09-24 06:39:55-04:00,POINT (-80.98737 34.015532)
2025-09-24 10:40:01 UTC,sensor04,300372246,19.72,90.49,2025-09-24 10:40:00+00:00,34.016013,-80.987778,129.4,12.71,-0.4,327.48,10.0,3D,2025-09-24 06:40:00-04:00,POINT (-80.987778 34.016013)
2025-09-24 10:40:06 UTC,sensor04,300372246,19.86,90.33,2025-09-24 10:40:05+00:00,34.016517,-80.988138,127.8,12.78,-0.5,328.42,10.0,3D,2025-09-24 06:40:05-04:00,POINT (-80.988138 34.016517)
2025-09-24 10:40:11 UTC,sensor04,300372246,19.92,89.86,2025-09-24 10:40:10+00:00,34.017008,-80.988493,128.4,11.96,0.3,327.66,10.0,3D,2025-09-24 06:40:10-04:00,POINT (-80.988493 34.017008)
2025-09-24 10:40:16 UTC,sensor04,300372246,19.86,89.72,2025-09-24 10:40:16+00:00,34.017548,-80.988888,129.2,11.1,0.1,0.0,10.0,3D,2025-09-24 06:40:16-04:00,POINT (-80.988888 34.017548)
2025-09-24 10:40:21 UTC,sensor04,300372246,19.81,89.86,2025-09-24 10:40:21+00:00,34.017963,-80.989208,129.0,10.39,0.0,0.0,10.0,3D,2025-09-24 06:40:21-04:00,POINT (-80.989208 34.017963)
2025-09-24 10:40:26 UTC,sensor04,300372246,19.99,89.79,2025-09-24 10:40:26+00:00,34.01831,-80.989463,127.9,8.11,-0.28,331.2,10.0,3D,2025-09-24 06:40:26-04:00,POINT (-80.989463 34.01831)
2025-09-24 10:40:31 UTC,sensor04,300372246,20.13,89.35,2025-09-24 10:40:31+00:00,34.018618,-80.989632,125.5,6.04,-0.4,340.18,10.0,3D,2025-09-24 06:40:31-04:00,POINT (-80.989632 34.018618)
2025-09-24 10:41:22 UTC,sensor04,300372246,20.37,88.67,2025-09-24 10:41:21+00:00,34.018912,-80.98965,120.4,5.56,0.0,336.57,10.0,3D,2025-09-24 06:41:21-04:00,POINT (-80.98965 34.018912)
2025-09-24 10:41:27 UTC,sensor04,300372246,20.53,88.11,2025-09-24 10:41:26+00:00,34.019107,-80.989853,120.4,6.27,0.0,292.92,10.0,3D,2025-09-24 06:41:26-04:00,POINT (-80.989853 34.019107)
2025-09-24 10:41:32 UTC,sensor04,300372246,20.43,87.73,2025-09-24 10:41:32+00:00,34.018993,-80.990408,119.2,11.88,-0.2,0.0,10.0,3D,2025-09-24 06:41:32-04:00,POINT (-80.990408 34.018993)
2025-09-24 10:41:37 UTC,sensor04,300372246,20.32,88.03,2025-09-24 10:41:37+00:00,34.01881,-80.990918,118.2,10.4,-0.2,245.45,10.0,3D,2025-09-24 06:41:37-04:00,POINT (-80.990918 34.01881)
2025-09-24 10:41:42 UTC,sensor04,300372246,20.23,88.34,2025-09-24 10:41:42+00:00,34.018607,-80.991423,116.6,9.71,-0.3,245.88,10.0,3D,2025-09-24 06:41:42-04:00,POINT (-80.991423 34.018607)
2025-09-24 10:41:47 UTC,sensor04,300372246,20.24,88.52,2025-09-24 10:41:47+00:00,34.01847,-80.991785,114.7,5.12,-0.4,248.71,10.0,3D,2025-09-24 06:41:47-04:00,POINT (-80.991785 34.01847)
2025-09-24 10:42:07 UTC,sensor04,300372246,20.29,88.33,2025-09-24 10:42:07+00:00,34.018365,-80.992032,109.2,5.15,-0.6,248.31,11.0,3D,2025-09-24 06:42:07-04:00,POINT (-80.992032 34.018365)
2025-09-24 10:42:12 UTC,sensor04,300372246,20.37,88.51,2025-09-24 10:42:12+00:00,34.01823,-80.992372,105.8,8.83,-0.7,245.53,11.0,3D,2025-09-24 06:42:12-04:00,POINT (-80.992372 34.01823)
2025-09-24 10:42:18 UTC,sensor04,300372246,20.29,88.52,2025-09-24 10:42:17+00:00,34.018035,-80.992848,101.1,10.39,-0.8,244.39,11.0,3D,2025-09-24 06:42:17-04:00,POINT (-80.992848 34.018035)
2025-09-24 10:42:23 UTC,sensor04,300372246,20.26,88.48,2025-09-24 10:42:22+00:00,34.017875,-80.993312,97.5,8.22,-0.7,249.32,11.0,3D,2025-09-24 06:42:22-04:00,POINT (-80.993312 34.017875)
2025-09-24 10:42:28 UTC,sensor04,300372246,20.15,88.39,2025-09-24 10:42:27+00:00,34.017798,-80.993653,93.5,4.32,-0.82,286.18,11.0,3D,2025-09-24 06:42:27-04:00,POINT (-80.993653 34.017798)
2025-09-24 10:42:33 UTC,sensor04,300372246,20.05,88.62,2025-09-24 10:42:32+00:00,34.018022,-80.993813,89.5,7.6,-1.0,335.71,11.0,3D,2025-09-24 06:42:32-04:00,POINT (-80.993813 34.018022)
2025-09-24 10:42:38 UTC,sensor04,300372246,19.93,88.96,2025-09-24 10:42:38+00:00,34.018505,-80.994042,82.8,11.8,-1.3,0.0,11.0,3D,2025-09-24 06:42:38-04:00,POINT (-80.994042 34.018505)
2025-09-24 10:42:43 UTC,sensor04,300372246,19.65,89.32,2025-09-24 10:42:43+00:00,34.018983,-80.994282,79.4,10.64,-0.8,0.0,11.0,3D,2025-09-24 06:42:43-04:00,POINT (-80.994282 34.018983)
2025-09-24 10:42:48 UTC,sensor04,300372246,19.39,90.09,2025-09-24 10:42:48+00:00,34.019397,-80.994627,76.5,11.35,-0.5,319.04,11.0,3D,2025-09-24 06:42:48-04:00,POINT (-80.994627 34.019397)
2025-09-24 10:42:53 UTC,sensor04,300372246,19.33,90.79,2025-09-24 10:42:53+00:00,34.019755,-80.9951,74.0,11.53,-0.4,311.71,11.0,3D,2025-09-24 06:42:53-04:00,POINT (-80.9951 34.019755)
2025-09-24 10:42:58 UTC,sensor04,300372246,19.19,91.24,2025-09-24 10:42:58+00:00,34.020102,-80.995585,71.6,11.83,-0.5,307.27,11.0,3D,2025-09-24 06:42:58-04:00,POINT (-80.995585 34.020102)
2025-09-24 10:43:03 UTC,sensor04,300372246,19.16,91.55,2025-09-24 10:43:03+00:00,34.020433,-80.996058,69.6,11.75,-0.5,304.06,11.0,3D,2025-09-24 06:43:03-04:00,POINT (-80.996058 34.020433)
2025-09-24 10:43:08 UTC,sensor04,300372246,19.04,91.76,2025-09-24 10:43:08+00:00,34.020715,-80.996542,67.1,10.7,-0.6,305.19,11.0,3D,2025-09-24 06:43:08-04:00,POINT (-80.996542 34.020715)
2025-09-24 10:43:13 UTC,sensor04,300372246,19.02,91.99,2025-09-24 10:43:13+00:00,34.020998,-80.997045,64.4,10.49,-0.5,306.22,11.0,3D,2025-09-24 06:43:13-04:00,POINT (-80.997045 34.020998)
2025-09-24 10:43:18 UTC,sensor04,300372246,19.06,92.33,2025-09-24 10:43:18+00:00,34.02126,-80.997528,61.7,11.56,-0.5,300.6,11.0,3D,2025-09-24 06:43:18-04:00,POINT (-80.997528 34.02126)
2025-09-24 10:43:23 UTC,sensor04,300372246,19.07,92.45,2025-09-24 10:43:23+00:00,34.02151,-80.998095,59.3,11.93,-0.5,297.45,11.0,3D,2025-09-24 06:43:23-04:00,POINT (-80.998095 34.02151)
2025-09-24 10:43:28 UTC,sensor04,300372246,19.08,92.46,2025-09-24 10:43:28+00:00,34.021732,-80.998703,57.3,10.81,-0.4,292.47,11.0,3D,2025-09-24 06:43:28-04:00,POINT (-80.998703 34.021732)
2025-09-24 10:43:33 UTC,sensor04,300372246,19.17,92.29,2025-09-24 10:43:33+00:00,34.021895,-80.999152,55.2,8.8,-0.4,295.58,11.0,3D,2025-09-24 06:43:33-04:00,POINT (-80.999152 34.021895)
2025-09-24 10:43:38 UTC,sensor04,300372246,19.15,92.11,2025-09-24 10:43:38+00:00,34.022057,-80.999548,53.0,7.96,-0.5,294.37,11.0,3D,2025-09-24 06:43:38-04:00,POINT (-80.999548 34.022057)
2025-09-24 10:43:43 UTC,sensor04,300372246,19.15,92.18,2025-09-24 10:43:43+00:00,34.022138,-80.999783,51.1,2.72,-0.1,296.25,11.0,3D,2025-09-24 06:43:43-04:00,POINT (-80.999783 34.022138)
2025-09-24 10:43:48 UTC,sensor04,300372246,19.14,92.24,2025-09-24 10:43:48+00:00,34.022142,-80.9999,48.8,2.65,-0.4,230.96,11.0,3D,2025-09-24 06:43:48-04:00,POINT (-80.9999 34.022142)
2025-09-24 10:43:53 UTC,sensor04,300372246,19.14,92.27,2025-09-24 10:43:53+00:00,34.021928,-80.999917,46.9,6.07,-0.4,176.61,11.0,3D,2025-09-24 06:43:53-04:00,POINT (-80.999917 34.021928)
2025-09-24 10:43:58 UTC,sensor04,300372246,19.18,92.23,2025-09-24 10:43:58+00:00,34.021588,-80.999852,45.1,6.48,-0.3,166.26,11.0,3D,2025-09-24 06:43:58-04:00,POINT (-80.999852 34.021588)
2025-09-24 10:44:03 UTC,sensor04,300372246,19.19,92.04,2025-09-24 10:44:03+00:00,34.02133,-80.999772,43.6,4.8,-0.2,163.83,11.0,3D,2025-09-24 06:44:03-04:00,POINT (-80.999772 34.02133)
2025-09-23 16:10:02 UTC,sensor07,236476538,21.81,83.64,2025-09-24 09:56:42+00:00,34.003492,-81.047362,70.3,13.5,0.2,156.72,14.0,3D,2025-09-24 05:56:42-04:00,POINT (-81.047362 34.003492)
2025-09-23 16:10:07 UTC,sensor07,236476538,21.94,83.27,2025-09-24 09:56:47+00:00,34.002938,-81.047108,72.3,12.92,0.3,158.21,15.0,3D,2025-09-24 05:56:47-04:00,POINT (-81.047108 34.002938)
2025-09-23 16:10:12 UTC,sensor07,236476538,22.01,82.84,2025-09-24 09:56:52+00:00,34.002368,-81.046887,72.2,13.81,-0.9,160.63,16.0,3D,2025-09-24 05:56:52-04:00,POINT (-81.046887 34.002368)
2025-09-23 16:10:17 UTC,sensor07,236476538,22.03,82.66,2025-09-24 09:56:57+00:00,34.00176,-81.046713,66.3,12.87,-0.2,158.86,16.0,3D,2025-09-24 05:56:57-04:00,POINT (-81.046713 34.00176)
2025-09-23 16:10:22 UTC,sensor07,236476538,21.95,82.66,2025-09-24 09:57:02+00:00,34.001182,-81.046475,64.9,13.45,0.0,161.74,16.0,3D,2025-09-24 05:57:02-04:00,POINT (-81.046475 34.001182)
2025-09-23 16:10:32 UTC,sensor07,236476538,21.94,82.81,2025-09-24 09:57:12+00:00,33.99985,-81.04585,63.9,15.41,-0.2,158.41,16.0,3D,2025-09-24 05:57:12-04:00,POINT (-81.04585 33.99985)
2025-09-23 16:10:37 UTC,sensor07,236476538,21.88,82.74,2025-09-24 09:57:17+00:00,33.99926,-81.045573,63.7,14.13,0.2,159.12,16.0,3D,2025-09-24 05:57:17-04:00,POINT (-81.045573 33.99926)
2025-09-23 16:10:42 UTC,sensor07,236476538,21.88,82.79,2025-09-24 09:57:22+00:00,33.998622,-81.045278,62.3,15.63,-0.3,159.51,16.0,3D,2025-09-24 05:57:22-04:00,POINT (-81.045278 33.998622)
2025-09-23 16:10:47 UTC,sensor07,236476538,21.84,82.83,2025-09-24 09:57:27+00:00,33.997983,-81.044997,59.9,15.21,-0.7,159.97,16.0,3D,2025-09-24 05:57:27-04:00,POINT (-81.044997 33.997983)
2025-09-23 16:10:52 UTC,sensor07,236476538,22.07,82.84,2025-09-24 09:57:32+00:00,33.997408,-81.044753,60.0,14.18,0.0,159.72,15.0,3D,2025-09-24 05:57:32-04:00,POINT (-81.044753 33.997408)
2025-09-23 16:11:07 UTC,sensor07,236476538,21.64,82.87,2025-09-24 09:57:47+00:00,33.995287,-81.043778,54.1,15.3,-0.3,159.27,16.0,3D,2025-09-24 05:57:47-04:00,POINT (-81.043778 33.995287)
2025-09-23 16:11:12 UTC,sensor07,236476538,21.65,83.44,2025-09-24 09:57:52+00:00,33.99465,-81.043495,55.8,14.79,0.6,158.55,17.0,3D,2025-09-24 05:57:52-04:00,POINT (-81.043495 33.99465)
2025-09-23 16:11:18 UTC,sensor07,236476538,21.63,83.62,2025-09-24 09:57:57+00:00,33.994033,-81.043222,58.5,14.44,0.3,160.0,17.0,3D,2025-09-24 05:57:57-04:00,POINT (-81.043222 33.994033)
2025-09-23 16:11:23 UTC,sensor07,236476538,21.7,83.55,2025-09-24 09:58:02+00:00,33.993388,-81.04297,59.8,15.45,0.6,161.07,18.0,3D,2025-09-24 05:58:02-04:00,POINT (-81.04297 33.993388)
2025-09-23 16:11:28 UTC,sensor07,236476538,21.68,83.47,2025-09-24 09:58:07+00:00,33.992727,-81.042685,62.4,15.53,0.6,159.56,18.0,3D,2025-09-24 05:58:07-04:00,POINT (-81.042685 33.992727)
2025-09-23 16:11:33 UTC,sensor07,236476538,21.68,83.63,2025-09-24 09:58:12+00:00,33.992098,-81.042408,63.6,14.52,0.2,159.63,18.0,3D,2025-09-24 05:58:12-04:00,POINT (-81.042408 33.992098)
2025-09-23 16:11:38 UTC,sensor07,236476538,21.66,83.83,2025-09-24 09:58:17+00:00,33.991463,-81.042128,63.8,15.45,0.0,159.94,18.0,3D,2025-09-24 05:58:17-04:00,POINT (-81.042128 33.991463)
2025-09-23 16:11:43 UTC,sensor07,236476538,21.31,84.3,2025-09-24 09:58:23+00:00,33.990762,-81.0418,59.7,12.53,-0.8,0.0,18.0,3D,2025-09-24 05:58:23-04:00,POINT (-81.0418 33.990762)
2025-09-23 16:11:48 UTC,sensor07,236476538,21.27,84.95,2025-09-24 09:58:28+00:00,33.990322,-81.041607,54.3,9.22,-1.0,0.0,18.0,3D,2025-09-24 05:58:28-04:00,POINT (-81.041607 33.990322)
2025-09-23 16:11:53 UTC,sensor07,236476538,21.21,85.29,2025-09-24 09:58:33+00:00,33.990022,-81.041473,50.8,5.55,-0.6,0.0,19.0,3D,2025-09-24 05:58:33-04:00,POINT (-81.041473 33.990022)
2025-09-23 16:12:48 UTC,sensor07,236476538,21.44,85.41,2025-09-24 09:59:28+00:00,33.989783,-81.041355,50.0,7.21,-0.1,0.0,15.0,3D,2025-09-24 05:59:28-04:00,POINT (-81.041355 33.989783)
2025-09-23 16:12:53 UTC,sensor07,236476538,21.57,85.14,2025-09-24 09:59:33+00:00,33.989352,-81.041178,50.4,11.42,0.3,0.0,15.0,3D,2025-09-24 05:59:33-04:00,POINT (-81.041178 33.989352)
2025-09-23 16:12:58 UTC,sensor07,236476538,21.66,84.87,2025-09-24 09:59:38+00:00,33.988787,-81.040955,53.0,14.09,0.6,0.0,19.0,3D,2025-09-24 05:59:38-04:00,POINT (-81.040955 33.988787)
2025-09-23 16:13:03 UTC,sensor07,236476538,21.77,84.56,2025-09-24 09:59:43+00:00,33.988153,-81.040643,55.9,15.39,0.4,0.0,21.0,3D,2025-09-24 05:59:43-04:00,POINT (-81.040643 33.988153)
2025-09-23 16:13:24 UTC,sensor07,236476538,21.45,84.65,2025-09-24 10:00:03+00:00,33.985385,-81.039378,64.4,14.85,0.2,159.7,21.0,3D,2025-09-24 06:00:03-04:00,POINT (-81.039378 33.985385)
2025-09-23 16:13:29 UTC,sensor07,236476538,21.31,84.99,2025-09-24 10:00:08+00:00,33.984782,-81.039113,65.5,13.04,0.1,160.07,21.0,3D,2025-09-24 06:00:08-04:00,POINT (-81.039113 33.984782)
2025-09-23 16:13:34 UTC,sensor07,236476538,21.3,85.4,2025-09-24 10:00:14+00:00,33.98429,-81.038823,65.4,7.81,0.1,0.0,21.0,3D,2025-09-24 06:00:14-04:00,POINT (-81.038823 33.98429)
2025-09-23 16:13:39 UTC,sensor07,236476538,21.27,85.58,2025-09-24 10:00:17+00:00,33.984322,-81.038542,66.3,8.13,0.2,79.39,21.0,3D,2025-09-24 06:00:17-04:00,POINT (-81.038542 33.984322)
2025-09-23 16:13:44 UTC,sensor07,236476538,21.4,85.6,2025-09-24 10:00:24+00:00,33.984618,-81.037678,66.3,13.28,0.3,72.68,21.0,3D,2025-09-24 06:00:24-04:00,POINT (-81.037678 33.984618)
2025-09-23 16:13:49 UTC,sensor07,236476538,21.38,85.45,2025-09-24 10:00:29+00:00,33.984797,-81.036943,64.4,14.62,0.0,72.18,21.0,3D,2025-09-24 06:00:29-04:00,POINT (-81.036943 33.984797)
2025-09-23 16:13:54 UTC,sensor07,236476538,21.23,85.48,2025-09-24 10:00:34+00:00,33.985057,-81.03616,60.5,15.11,-1.3,68.76,21.0,3D,2025-09-24 06:00:34-04:00,POINT (-81.03616 33.985057)
2025-09-23 16:13:59 UTC,sensor07,236476538,21.22,85.72,2025-09-24 10:00:39+00:00,33.985272,-81.035445,56.7,13.01,0.0,70.04,21.0,3D,2025-09-24 06:00:39-04:00,POINT (-81.035445 33.985272)
2025-09-23 16:14:04 UTC,sensor07,236476538,21.07,85.89,2025-09-24 10:00:44+00:00,33.985497,-81.034785,58.8,12.62,0.7,68.16,21.0,3D,2025-09-24 06:00:44-04:00,POINT (-81.034785 33.985497)
2025-09-23 16:14:09 UTC,sensor07,236476538,21.01,86.32,2025-09-24 10:00:49+00:00,33.985693,-81.034147,60.9,12.56,0.5,70.66,21.0,3D,2025-09-24 06:00:49-04:00,POINT (-81.034147 33.985693)
2025-09-23 16:14:14 UTC,sensor07,236476538,20.9,86.82,2025-09-24 10:00:54+00:00,33.985912,-81.033522,62.8,12.4,0.3,69.35,21.0,3D,2025-09-24 06:00:54-04:00,POINT (-81.033522 33.985912)
2025-09-23 16:14:20 UTC,sensor07,236476538,20.94,87.13,2025-09-24 10:00:59+00:00,33.986097,-81.032927,65.0,10.68,0.4,72.43,21.0,3D,2025-09-24 06:00:59-04:00,POINT (-81.032927 33.986097)
2025-09-23 16:14:25 UTC,sensor07,236476538,20.89,87.23,2025-09-24 10:01:04+00:00,33.986255,-81.032473,64.3,9.44,-0.2,67.91,21.0,3D,2025-09-24 06:01:04-04:00,POINT (-81.032473 33.986255)
2025-09-23 16:14:30 UTC,sensor07,236476538,20.85,87.46,2025-09-24 10:01:09+00:00,33.986407,-81.031983,62.4,9.22,-1.7,71.87,21.0,3D,2025-09-24 06:01:09-04:00,POINT (-81.031983 33.986407)
2025-09-23 16:14:35 UTC,sensor07,236476538,20.87,87.93,2025-09-24 10:01:14+00:00,33.986582,-81.031442,59.9,11.78,-0.9,70.28,21.0,3D,2025-09-24 06:01:14-04:00,POINT (-81.031442 33.986582)
2025-09-23 16:14:40 UTC,sensor07,236476538,21.19,87.65,2025-09-24 10:01:20+00:00,33.98678,-81.030647,61.4,13.42,-0.4,0.0,21.0,3D,2025-09-24 06:01:20-04:00,POINT (-81.030647 33.98678)
2025-09-23 16:14:45 UTC,sensor07,236476538,21.41,87.03,2025-09-24 10:01:25+00:00,33.986948,-81.030058,65.3,8.49,1.8,0.0,21.0,3D,2025-09-24 06:01:25-04:00,POINT (-81.030058 33.986948)
2025-09-23 16:14:50 UTC,sensor07,236476538,21.58,86.32,2025-09-24 10:01:30+00:00,33.987053,-81.029587,64.2,6.33,0.2,63.93,21.0,3D,2025-09-24 06:01:30-04:00,POINT (-81.029587 33.987053)
2025-09-23 16:15:36 UTC,sensor07,236476538,21.88,85.22,2025-09-24 10:02:15+00:00,33.987185,-81.029218,63.4,6.61,-0.1,66.3,21.0,3D,2025-09-24 06:02:15-04:00,POINT (-81.029218 33.987185)
2025-09-23 16:15:41 UTC,sensor07,236476538,21.82,84.76,2025-09-24 10:02:18+00:00,33.987268,-81.028998,62.1,7.97,-0.3,0.0,21.0,3D,2025-09-24 06:02:18-04:00,POINT (-81.028998 33.987268)
2025-09-23 16:15:46 UTC,sensor07,236476538,21.57,84.95,2025-09-24 10:02:23+00:00,33.987413,-81.02856,59.5,8.83,-0.5,0.0,4.0,3D,2025-09-24 06:02:23-04:00,POINT (-81.02856 33.987413)
2025-09-23 16:15:51 UTC,sensor07,236476538,21.32,85.7,2025-09-24 10:02:31+00:00,33.987697,-81.027768,59.4,9.53,0.3,0.0,21.0,3D,2025-09-24 06:02:31-04:00,POINT (-81.027768 33.987697)
2025-09-23 16:15:56 UTC,sensor07,236476538,21.36,86.48,2025-09-24 10:02:36+00:00,33.987845,-81.027298,59.6,9.35,-0.3,67.75,21.0,3D,2025-09-24 06:02:36-04:00,POINT (-81.027298 33.987845)
2025-09-23 16:16:01 UTC,sensor07,236476538,21.37,86.34,2025-09-24 10:02:41+00:00,33.987995,-81.02684,66.3,10.05,0.9,67.92,21.0,3D,2025-09-24 06:02:41-04:00,POINT (-81.02684 33.987995)
2025-09-23 16:16:06 UTC,sensor07,236476538,21.3,86.31,2025-09-24 10:02:46+00:00,33.988162,-81.026357,69.5,7.82,0.7,70.82,21.0,3D,2025-09-24 06:02:46-04:00,POINT (-81.026357 33.988162)
2025-09-23 16:16:16 UTC,sensor07,236476538,21.5,86.31,2025-09-24 10:02:56+00:00,33.988288,-81.02597,71.9,6.67,0.0,68.65,21.0,3D,2025-09-24 06:02:56-04:00,POINT (-81.02597 33.988288)
2025-09-23 16:16:21 UTC,sensor07,236476538,21.48,86.14,2025-09-24 10:03:01+00:00,33.98842,-81.025503,75.5,10.9,1.0,70.72,21.0,3D,2025-09-24 06:03:01-04:00,POINT (-81.025503 33.98842)
2025-09-23 16:16:27 UTC,sensor07,236476538,21.52,86.31,2025-09-24 10:03:06+00:00,33.988597,-81.024952,79.6,9.73,1.0,69.41,21.0,3D,2025-09-24 06:03:06-04:00,POINT (-81.024952 33.988597)
2025-09-23 16:16:32 UTC,sensor07,236476538,21.59,86.31,2025-09-24 10:03:11+00:00,33.988732,-81.024515,80.5,6.48,-0.5,70.71,21.0,3D,2025-09-24 06:03:11-04:00,POINT (-81.024515 33.988732)
2025-09-23 16:16:37 UTC,sensor07,236476538,21.7,86.27,2025-09-24 10:03:16+00:00,33.988853,-81.024162,79.5,8.51,-0.1,66.74,21.0,3D,2025-09-24 06:03:16-04:00,POINT (-81.024162 33.988853)
2025-09-23 16:16:42 UTC,sensor07,236476538,21.7,86.04,2025-09-24 10:03:21+00:00,33.989012,-81.023688,83.3,10.44,1.4,69.52,21.0,3D,2025-09-24 06:03:21-04:00,POINT (-81.023688 33.989012)
2025-09-23 16:16:47 UTC,sensor07,236476538,21.57,86.13,2025-09-24 10:03:26+00:00,33.989182,-81.02309,83.3,10.2,-0.2,69.52,21.0,3D,2025-09-24 06:03:26-04:00,POINT (-81.02309 33.989182)
2025-09-23 16:16:52 UTC,sensor07,236476538,21.66,86.18,2025-09-24 10:03:32+00:00,33.98932,-81.022613,88.2,8.11,0.3,0.0,21.0,3D,2025-09-24 06:03:32-04:00,POINT (-81.022613 33.98932)
2025-09-23 16:16:57 UTC,sensor07,236476538,21.65,86.16,2025-09-24 10:03:37+00:00,33.98948,-81.022128,92.4,10.1,1.0,0.0,21.0,3D,2025-09-24 06:03:37-04:00,POINT (-81.022128 33.98948)
2025-09-23 16:17:02 UTC,sensor07,236476538,21.52,86.41,2025-09-24 10:03:42+00:00,33.989645,-81.021622,95.0,8.34,0.2,71.53,21.0,3D,2025-09-24 06:03:42-04:00,POINT (-81.021622 33.989645)
2025-09-23 16:17:07 UTC,sensor07,236476538,21.57,86.54,2025-09-24 10:03:47+00:00,33.989725,-81.021272,96.5,4.77,0.4,71.78,21.0,3D,2025-09-24 06:03:47-04:00,POINT (-81.021272 33.989725)
2025-09-23 16:17:12 UTC,sensor07,236476538,21.59,86.5,2025-09-24 10:03:52+00:00,33.989687,-81.021087,97.9,3.69,0.0,145.29,21.0,3D,2025-09-24 06:03:52-04:00,POINT (-81.021087 33.989687)
2025-09-23 16:17:17 UTC,sensor07,236476538,21.61,86.44,2025-09-24 10:03:57+00:00,33.989385,-81.020935,98.4,7.99,0.0,158.26,21.0,3D,2025-09-24 06:03:57-04:00,POINT (-81.020935 33.989385)
2025-09-23 16:17:22 UTC,sensor07,236476538,21.57,86.46,2025-09-24 10:04:02+00:00,33.989063,-81.020788,95.2,7.14,-0.6,155.31,21.0,3D,2025-09-24 06:04:02-04:00,POINT (-81.020788 33.989063)
2025-09-23 16:17:27 UTC,sensor07,236476538,21.53,86.64,2025-09-24 10:04:07+00:00,33.988713,-81.020645,91.8,8.66,-0.4,160.69,21.0,3D,2025-09-24 06:04:07-04:00,POINT (-81.020645 33.988713)
2025-09-23 16:17:32 UTC,sensor07,236476538,21.54,86.8,2025-09-24 10:04:12+00:00,33.988347,-81.020492,90.5,8.26,-0.1,160.61,21.0,3D,2025-09-24 06:04:12-04:00,POINT (-81.020492 33.988347)
2025-09-23 16:17:38 UTC,sensor07,236476538,21.41,86.77,2025-09-24 10:04:17+00:00,33.988012,-81.020315,89.0,8.3,-0.4,152.62,21.0,3D,2025-09-24 06:04:17-04:00,POINT (-81.020315 33.988012)
2025-09-23 16:17:43 UTC,sensor07,236476538,21.3,87.04,2025-09-24 10:04:22+00:00,33.987653,-81.020107,0.0,8.6,0.0,151.03,21.0,3D,2025-09-24 06:04:22-04:00,POINT (-81.020107 33.987653)
2025-09-23 16:17:48 UTC,sensor07,236476538,21.16,87.36,2025-09-24 10:04:24+00:00,33.987517,-81.020012,84.2,8.29,-1.1,146.87,21.0,3D,2025-09-24 06:04:24-04:00,POINT (-81.020012 33.987517)
2025-09-23 16:17:53 UTC,sensor07,236476538,21.15,87.51,2025-09-24 10:04:33+00:00,33.987102,-81.019627,79.3,6.56,-0.2,0.0,21.0,3D,2025-09-24 06:04:33-04:00,POINT (-81.019627 33.987102)
2025-09-23 16:17:58 UTC,sensor07,236476538,21.06,87.84,2025-09-24 10:04:38+00:00,33.986925,-81.019433,77.6,3.27,-0.2,0.0,21.0,3D,2025-09-24 06:04:38-04:00,POINT (-81.019433 33.986925)
2025-09-23 16:18:59 UTC,sensor07,236476538,21.31,86.72,2025-09-24 10:05:39+00:00,33.986857,-81.019318,76.7,3.56,0.2,0.0,21.0,3D,2025-09-24 06:05:39-04:00,POINT (-81.019318 33.986857)
2025-09-23 16:19:04 UTC,sensor07,236476538,21.17,87.29,2025-09-24 10:05:44+00:00,33.986718,-81.019137,77.4,5.1,0.1,0.0,21.0,3D,2025-09-24 06:05:44-04:00,POINT (-81.019137 33.986718)
2025-09-23 16:19:09 UTC,sensor07,236476538,21.1,87.58,2025-09-24 10:05:49+00:00,33.986577,-81.01895,76.4,2.94,-0.3,137.89,21.0,3D,2025-09-24 06:05:49-04:00,POINT (-81.01895 33.986577)
2025-09-23 16:19:14 UTC,sensor07,236476538,21.08,87.7,2025-09-24 10:05:54+00:00,33.986538,-81.018857,75.9,3.27,-0.2,88.25,21.0,3D,2025-09-24 06:05:54-04:00,POINT (-81.018857 33.986538)
2025-09-23 16:19:19 UTC,sensor07,236476538,21.04,87.88,2025-09-24 10:05:59+00:00,33.986612,-81.018643,77.2,4.96,0.2,62.96,21.0,3D,2025-09-24 06:05:59-04:00,POINT (-81.018643 33.986612)
2025-09-23 16:19:24 UTC,sensor07,236476538,20.99,88.02,2025-09-24 10:06:04+00:00,33.986718,-81.018413,77.1,5.07,0.1,72.4,21.0,3D,2025-09-24 06:06:04-04:00,POINT (-81.018413 33.986718)
2025-09-23 16:19:29 UTC,sensor07,236476538,20.9,88.25,2025-09-24 10:06:09+00:00,33.986787,-81.018113,77.0,6.11,0.0,69.83,21.0,3D,2025-09-24 06:06:09-04:00,POINT (-81.018113 33.986787)
2025-09-23 16:19:34 UTC,sensor07,236476538,20.84,88.67,2025-09-24 10:06:14+00:00,33.986877,-81.017807,79.1,5.51,0.2,69.51,21.0,3D,2025-09-24 06:06:14-04:00,POINT (-81.017807 33.986877)
2025-09-23 16:19:39 UTC,sensor07,236476538,20.79,88.98,2025-09-24 10:06:18+00:00,33.986957,-81.017593,81.1,4.93,0.8,67.34,21.0,3D,2025-09-24 06:06:18-04:00,POINT (-81.017593 33.986957)
2025-09-23 16:19:50 UTC,sensor07,236476538,20.78,89.18,2025-09-24 10:06:29+00:00,33.987057,-81.017282,88.2,3.92,0.8,69.19,21.0,3D,2025-09-24 06:06:29-04:00,POINT (-81.017282 33.987057)
2025-09-23 16:19:55 UTC,sensor07,236476538,20.75,89.14,2025-09-24 10:06:34+00:00,33.98711,-81.017047,93.7,5.1,0.9,67.89,21.0,3D,2025-09-24 06:06:34-04:00,POINT (-81.017047 33.98711)
2025-09-23 16:20:00 UTC,sensor07,236476538,20.76,89.11,2025-09-24 10:06:39+00:00,33.987205,-81.016788,97.1,4.83,0.3,67.61,21.0,3D,2025-09-24 06:06:39-04:00,POINT (-81.016788 33.987205)
2025-09-23 16:20:05 UTC,sensor07,236476538,20.7,89.04,2025-09-24 10:06:45+00:00,33.987297,-81.01641,98.8,6.63,0.1,0.0,21.0,3D,2025-09-24 06:06:45-04:00,POINT (-81.01641 33.987297)
2025-09-23 16:20:10 UTC,sensor07,236476538,20.71,89.08,2025-09-24 10:06:50+00:00,33.987408,-81.016083,99.3,6.26,0.0,0.0,21.0,3D,2025-09-24 06:06:50-04:00,POINT (-81.016083 33.987408)
2025-09-23 16:20:15 UTC,sensor07,236476538,20.68,89.27,2025-09-24 10:06:55+00:00,33.98751,-81.015792,99.4,5.7,-0.2,0.0,21.0,3D,2025-09-24 06:06:55-04:00,POINT (-81.015792 33.98751)
2025-09-23 16:20:20 UTC,sensor07,236476538,20.62,89.22,2025-09-24 10:07:00+00:00,33.987607,-81.015508,97.5,4.96,-0.4,73.12,21.0,3D,2025-09-24 06:07:00-04:00,POINT (-81.015508 33.987607)
2025-09-23 16:20:25 UTC,sensor07,236476538,20.59,89.48,2025-09-24 10:07:05+00:00,33.987643,-81.015288,95.0,3.79,-0.2,80.11,21.0,3D,2025-09-24 06:07:05-04:00,POINT (-81.015288 33.987643)
2025-09-23 16:20:46 UTC,sensor07,236476538,20.62,89.54,2025-09-24 10:07:25+00:00,33.987598,-81.015115,96.9,2.69,0.1,148.08,21.0,3D,2025-09-24 06:07:25-04:00,POINT (-81.015115 33.987598)
2025-09-23 16:20:51 UTC,sensor07,236476538,20.63,89.51,2025-09-24 10:07:30+00:00,33.987447,-81.015045,96.9,4.34,-0.4,165.37,21.0,3D,2025-09-24 06:07:30-04:00,POINT (-81.015045 33.987447)
2025-09-23 16:20:56 UTC,sensor07,236476538,20.54,89.72,2025-09-24 10:07:35+00:00,33.987257,-81.014985,95.7,4.65,-0.1,160.64,21.0,3D,2025-09-24 06:07:35-04:00,POINT (-81.014985 33.987257)
2025-09-23 16:21:01 UTC,sensor07,236476538,20.48,90.07,2025-09-24 10:07:40+00:00,33.987047,-81.014922,92.9,5.0,-0.5,160.91,21.0,3D,2025-09-24 06:07:40-04:00,POINT (-81.014922 33.987047)
2025-09-23 16:21:11 UTC,sensor07,236476538,20.52,90.3,2025-09-24 10:07:51+00:00,33.986752,-81.014778,89.7,5.27,0.0,0.0,21.0,3D,2025-09-24 06:07:51-04:00,POINT (-81.014778 33.986752)
2025-09-23 16:21:16 UTC,sensor07,236476538,20.48,90.24,2025-09-24 10:07:56+00:00,33.98646,-81.014667,89.6,6.66,0.4,160.93,21.0,3D,2025-09-24 06:07:56-04:00,POINT (-81.014667 33.98646)
2025-09-23 16:21:21 UTC,sensor07,236476538,20.52,90.35,2025-09-24 10:08:01+00:00,33.986193,-81.014548,89.7,4.81,-0.3,155.49,21.0,3D,2025-09-24 06:08:01-04:00,POINT (-81.014548 33.986193)
2025-09-23 16:21:26 UTC,sensor07,236476538,20.51,90.27,2025-09-24 10:08:06+00:00,33.985982,-81.014443,89.0,4.57,-0.1,161.66,21.0,3D,2025-09-24 06:08:06-04:00,POINT (-81.014443 33.985982)
2025-09-23 16:21:31 UTC,sensor07,236476538,20.59,90.1,2025-09-24 10:08:11+00:00,33.985782,-81.014342,89.7,3.02,0.2,145.23,21.0,3D,2025-09-24 06:08:11-04:00,POINT (-81.014342 33.985782)
2025-09-23 16:21:36 UTC,sensor07,236476538,20.6,90.13,2025-09-24 10:08:16+00:00,33.98578,-81.01418,90.4,3.85,0.5,67.81,21.0,3D,2025-09-24 06:08:16-04:00,POINT (-81.01418 33.98578)
2025-09-23 16:21:41 UTC,sensor07,236476538,20.61,89.92,2025-09-24 10:08:19+00:00,33.985823,-81.014035,92.0,4.36,0.3,0.0,21.0,3D,2025-09-24 06:08:19-04:00,POINT (-81.014035 33.985823)
2025-09-23 16:21:46 UTC,sensor07,236476538,20.62,89.9,2025-09-24 10:08:26+00:00,33.985873,-81.013865,93.3,4.17,0.33,0.0,21.0,3D,2025-09-24 06:08:26-04:00,POINT (-81.013865 33.985873)
2025-09-23 16:21:52 UTC,sensor07,236476538,20.64,89.66,2025-09-24 10:08:31+00:00,33.986002,-81.013435,94.3,3.89,0.2,70.65,21.0,3D,2025-09-24 06:08:31-04:00,POINT (-81.013435 33.986002)
2025-09-23 16:22:02 UTC,sensor07,236476538,20.64,89.49,2025-09-24 10:08:41+00:00,33.986135,-81.013257,93.7,3.82,0.0,352.34,21.0,3D,2025-09-24 06:08:41-04:00,POINT (-81.013257 33.986135)
2025-09-23 16:22:07 UTC,sensor07,236476538,20.67,89.56,2025-09-24 10:08:46+00:00,33.986367,-81.013382,93.0,6.04,0.0,340.45,21.0,3D,2025-09-24 06:08:46-04:00,POINT (-81.013382 33.986367)
2025-09-23 16:22:12 UTC,sensor07,236476538,20.58,89.46,2025-09-24 10:08:52+00:00,33.98665,-81.01352,91.5,5.32,0.2,0.0,21.0,3D,2025-09-24 06:08:52-04:00,POINT (-81.01352 33.98665)
2025-09-23 16:22:17 UTC,sensor07,236476538,20.57,89.12,2025-09-24 10:08:57+00:00,33.986875,-81.013635,91.4,6.07,0.1,0.0,21.0,3D,2025-09-24 06:08:57-04:00,POINT (-81.013635 33.986875)
2025-09-23 16:22:22 UTC,sensor07,236476538,20.46,89.08,2025-09-24 10:09:02+00:00,33.987142,-81.013757,92.0,6.26,0.2,342.69,21.0,3D,2025-09-24 06:09:02-04:00,POINT (-81.013757 33.987142)
2025-09-23 16:22:27 UTC,sensor07,236476538,20.42,89.39,2025-09-24 10:09:07+00:00,33.987353,-81.013872,92.9,4.54,0.1,339.03,21.0,3D,2025-09-24 06:09:07-04:00,POINT (-81.013872 33.987353)
2025-09-23 16:22:32 UTC,sensor07,236476538,20.39,89.54,2025-09-24 10:09:12+00:00,33.987517,-81.013963,91.8,3.56,-0.3,335.23,21.0,3D,2025-09-24 06:09:12-04:00,POINT (-81.013963 33.987517)
2025-09-23 16:22:37 UTC,sensor07,236476538,20.4,89.84,2025-09-24 10:09:17+00:00,33.987742,-81.014053,91.1,5.72,-0.2,340.55,21.0,3D,2025-09-24 06:09:17-04:00,POINT (-81.014053 33.987742)
2025-09-23 16:22:42 UTC,sensor07,236476538,20.43,89.87,2025-09-24 10:09:22+00:00,33.987997,-81.014157,91.9,5.42,0.0,340.91,21.0,3D,2025-09-24 06:09:22-04:00,POINT (-81.014157 33.987997)
2025-09-23 16:22:47 UTC,sensor07,236476538,20.48,89.95,2025-09-24 10:09:27+00:00,33.988223,-81.014247,92.9,4.41,0.2,337.13,21.0,3D,2025-09-24 06:09:27-04:00,POINT (-81.014247 33.988223)
2025-09-23 16:22:52 UTC,sensor07,236476538,20.44,90.03,2025-09-24 10:09:32+00:00,33.988368,-81.014327,94.5,4.22,0.0,336.71,21.0,3D,2025-09-24 06:09:32-04:00,POINT (-81.014327 33.988368)
2025-09-23 16:23:13 UTC,sensor07,236476538,20.49,90.23,2025-09-24 10:09:52+00:00,33.98859,-81.014293,91.1,2.45,0.0,74.73,21.0,3D,2025-09-24 06:09:52-04:00,POINT (-81.014293 33.98859)
2025-09-23 16:23:18 UTC,sensor07,236476538,20.46,90.3,2025-09-24 10:09:58+00:00,33.98866,-81.014107,92.0,4.06,0.3,0.0,21.0,3D,2025-09-24 06:09:58-04:00,POINT (-81.014107 33.98866)
2025-09-23 16:23:23 UTC,sensor07,236476538,20.44,90.31,2025-09-24 10:10:03+00:00,33.988723,-81.013898,93.5,4.19,0.3,0.0,21.0,3D,2025-09-24 06:10:03-04:00,POINT (-81.013898 33.988723)
2025-09-23 16:23:28 UTC,sensor07,236476538,20.39,90.31,2025-09-24 10:10:08+00:00,33.988783,-81.013672,93.8,4.41,0.3,0.0,4.0,3D,2025-09-24 06:10:08-04:00,POINT (-81.013672 33.988783)
2025-09-23 16:23:53 UTC,sensor07,236476538,20.4,89.53,2025-09-24 10:10:33+00:00,33.988765,-81.01334,92.8,4.01,0.0,150.62,21.0,3D,2025-09-24 06:10:33-04:00,POINT (-81.01334 33.988765)
2025-09-23 16:23:58 UTC,sensor07,236476538,20.41,89.58,2025-09-24 10:10:38+00:00,33.98858,-81.013245,93.5,3.76,0.1,157.59,21.0,3D,2025-09-24 06:10:38-04:00,POINT (-81.013245 33.98858)
2025-09-23 16:24:04 UTC,sensor07,236476538,20.34,89.66,2025-09-24 10:10:43+00:00,33.988402,-81.01317,92.7,5.16,-0.5,157.67,21.0,3D,2025-09-24 06:10:43-04:00,POINT (-81.01317 33.988402)
2025-09-23 16:24:09 UTC,sensor07,236476538,20.39,89.86,2025-09-24 10:10:48+00:00,33.988152,-81.013055,90.7,5.05,-0.1,158.71,21.0,3D,2025-09-24 06:10:48-04:00,POINT (-81.013055 33.988152)
2025-09-23 16:24:19 UTC,sensor07,236476538,20.34,90.26,2025-09-24 10:10:58+00:00,33.98784,-81.012913,89.9,5.32,0.0,157.75,21.0,3D,2025-09-24 06:10:58-04:00,POINT (-81.012913 33.98784)
2025-09-23 16:24:24 UTC,sensor07,236476538,20.3,90.4,2025-09-24 10:11:04+00:00,33.987558,-81.012788,90.7,4.58,-0.1,0.0,21.0,3D,2025-09-24 06:11:04-04:00,POINT (-81.012788 33.987558)
2025-09-23 16:24:29 UTC,sensor07,236476538,20.3,90.42,2025-09-24 10:11:09+00:00,33.98746,-81.01272,87.2,2.85,-1.3,0.0,21.0,3D,2025-09-24 06:11:09-04:00,POINT (-81.01272 33.98746)
2025-09-23 16:24:34 UTC,sensor07,236476538,20.34,90.36,2025-09-24 10:11:14+00:00,33.987483,-81.012478,87.8,6.26,-0.9,0.0,21.0,3D,2025-09-24 06:11:14-04:00,POINT (-81.012478 33.987483)
2025-09-23 16:24:39 UTC,sensor07,236476538,20.27,90.4,2025-09-24 10:11:19+00:00,33.987588,-81.012192,88.3,5.57,0.5,70.95,21.0,3D,2025-09-24 06:11:19-04:00,POINT (-81.012192 33.987588)
2025-09-23 16:24:44 UTC,sensor07,236476538,20.24,90.38,2025-09-24 10:11:24+00:00,33.987677,-81.01195,86.7,3.9,-0.5,61.06,21.0,3D,2025-09-24 06:11:24-04:00,POINT (-81.01195 33.987677)
2025-09-23 16:24:49 UTC,sensor07,236476538,20.24,90.47,2025-09-24 10:11:29+00:00,33.987733,-81.011715,88.2,3.96,0.2,68.06,21.0,3D,2025-09-24 06:11:29-04:00,POINT (-81.011715 33.987733)
2025-09-23 16:24:54 UTC,sensor07,236476538,20.25,90.52,2025-09-24 10:11:34+00:00,33.987775,-81.011613,88.0,2.4,0.1,63.81,21.0,3D,2025-09-24 06:11:34-04:00,POINT (-81.011613 33.987775)
2025-09-23 16:24:59 UTC,sensor07,236476538,20.28,90.66,2025-09-24 10:11:39+00:00,33.987853,-81.01137,88.6,5.64,0.1,67.98,21.0,3D,2025-09-24 06:11:39-04:00,POINT (-81.01137 33.987853)
2025-09-23 16:25:04 UTC,sensor07,236476538,20.35,90.72,2025-09-24 10:11:44+00:00,33.987973,-81.011023,89.7,6.81,-0.1,66.92,21.0,3D,2025-09-24 06:11:44-04:00,POINT (-81.011023 33.987973)
2025-09-23 16:25:10 UTC,sensor07,236476538,20.36,90.75,2025-09-24 10:11:49+00:00,33.988088,-81.010662,89.9,6.08,0.0,68.58,21.0,3D,2025-09-24 06:11:49-04:00,POINT (-81.010662 33.988088)
2025-09-23 16:25:15 UTC,sensor07,236476538,20.28,90.65,2025-09-24 10:11:54+00:00,33.988173,-81.010462,90.4,2.79,0.0,68.5,21.0,3D,2025-09-24 06:11:54-04:00,POINT (-81.010462 33.988173)
2025-09-23 16:25:20 UTC,sensor07,236476538,20.32,90.71,2025-09-24 10:11:59+00:00,33.988102,-81.010335,90.3,3.3,0.3,150.0,22.0,3D,2025-09-24 06:11:59-04:00,POINT (-81.010335 33.988102)
2025-09-23 16:25:25 UTC,sensor07,236476538,20.31,90.78,2025-09-24 10:12:04+00:00,33.987925,-81.010257,91.2,3.62,0.1,161.91,22.0,3D,2025-09-24 06:12:04-04:00,POINT (-81.010257 33.987925)
2025-09-23 16:25:30 UTC,sensor07,236476538,20.32,90.74,2025-09-24 10:12:10+00:00,33.9877,-81.01017,91.5,4.61,0.0,0.0,22.0,3D,2025-09-24 06:12:10-04:00,POINT (-81.01017 33.9877)
2025-09-23 16:25:35 UTC,sensor07,236476538,20.38,90.71,2025-09-24 10:12:15+00:00,33.987447,-81.010037,89.8,7.04,-0.4,0.0,22.0,3D,2025-09-24 06:12:15-04:00,POINT (-81.010037 33.987447)
2025-09-23 16:25:40 UTC,sensor07,236476538,20.32,90.55,2025-09-24 10:12:19+00:00,33.987192,-81.00992,88.9,7.29,-0.3,159.66,22.0,3D,2025-09-24 06:12:19-04:00,POINT (-81.00992 33.987192)
2025-09-23 16:25:45 UTC,sensor07,236476538,20.33,90.63,2025-09-24 10:12:25+00:00,33.986817,-81.009765,86.6,6.86,-0.4,162.8,22.0,3D,2025-09-24 06:12:25-04:00,POINT (-81.009765 33.986817)
2025-09-23 16:25:50 UTC,sensor07,236476538,20.41,90.81,2025-09-24 10:12:30+00:00,33.986535,-81.009643,82.6,6.91,-0.8,156.0,22.0,3D,2025-09-24 06:12:30-04:00,POINT (-81.009643 33.986535)
2025-09-23 16:25:55 UTC,sensor07,236476538,20.44,90.8,2025-09-24 10:12:35+00:00,33.986272,-81.009522,80.2,4.75,-0.6,158.08,22.0,3D,2025-09-24 06:12:35-04:00,POINT (-81.009522 33.986272)
2025-09-23 16:26:10 UTC,sensor07,236476538,20.61,90.6,2025-09-24 10:12:50+00:00,33.986108,-81.009482,80.1,3.12,-0.1,214.61,22.0,3D,2025-09-24 06:12:50-04:00,POINT (-81.009482 33.986108)
2025-09-23 16:26:16 UTC,sensor07,236476538,20.88,90.18,2025-09-24 10:12:55+00:00,33.98597,-81.009853,79.9,9.82,-0.1,249.34,22.0,3D,2025-09-24 06:12:55-04:00,POINT (-81.009853 33.98597)
2025-09-23 16:26:21 UTC,sensor07,236476538,21.03,89.28,2025-09-24 10:13:00+00:00,33.985815,-81.010443,79.2,11.16,0.0,250.47,22.0,3D,2025-09-24 06:13:00-04:00,POINT (-81.010443 33.985815)
2025-09-23 16:26:26 UTC,sensor07,236476538,21.03,88.67,2025-09-24 10:13:05+00:00,33.98563,-81.011033,85.2,11.07,3.5,247.4,22.0,3D,2025-09-24 06:13:05-04:00,POINT (-81.011033 33.98563)
2025-09-23 16:26:31 UTC,sensor07,236476538,20.96,88.88,2025-09-24 10:13:10+00:00,33.985465,-81.011497,87.5,7.34,0.1,251.7,22.0,3D,2025-09-24 06:13:10-04:00,POINT (-81.011497 33.985465)
2025-09-23 16:26:36 UTC,sensor07,236476538,21.13,88.9,2025-09-24 10:13:15+00:00,33.98532,-81.01176,88.5,4.68,0.7,202.94,22.0,3D,2025-09-24 06:13:15-04:00,POINT (-81.01176 33.98532)
2025-09-23 16:26:41 UTC,sensor07,236476538,21.01,88.65,2025-09-24 10:13:20+00:00,33.985125,-81.011707,89.8,4.9,-0.1,159.07,22.0,3D,2025-09-24 06:13:20-04:00,POINT (-81.011707 33.985125)
2025-09-23 16:26:46 UTC,sensor07,236476538,20.92,88.72,2025-09-24 10:13:26+00:00,33.984857,-81.011528,88.3,5.15,-0.4,0.0,22.0,3D,2025-09-24 06:13:26-04:00,POINT (-81.011528 33.984857)
2025-09-23 16:26:51 UTC,sensor07,236476538,20.91,88.64,2025-09-24 10:13:31+00:00,33.984633,-81.011413,87.1,5.67,-0.2,0.0,22.0,3D,2025-09-24 06:13:31-04:00,POINT (-81.011413 33.984633)
2025-09-23 16:26:56 UTC,sensor07,236476538,20.83,88.86,2025-09-24 10:13:36+00:00,33.984422,-81.011337,87.2,5.22,-0.1,0.0,22.0,3D,2025-09-24 06:13:36-04:00,POINT (-81.011337 33.984422)
2025-09-23 16:27:01 UTC,sensor07,236476538,20.8,89.05,2025-09-24 10:13:41+00:00,33.984173,-81.01123,86.8,5.21,0.0,0.0,22.0,3D,2025-09-24 06:13:41-04:00,POINT (-81.01123 33.984173)
2025-09-23 16:27:06 UTC,sensor07,236476538,20.74,89.15,2025-09-24 10:13:46+00:00,33.983953,-81.011137,86.2,6.18,0.0,0.0,22.0,3D,2025-09-24 06:13:46-04:00,POINT (-81.011137 33.983953)
2025-09-23 16:27:11 UTC,sensor07,236476538,20.66,89.33,2025-09-24 10:13:51+00:00,33.98364,-81.010973,86.2,7.66,0.1,159.19,22.0,3D,2025-09-24 06:13:51-04:00,POINT (-81.010973 33.98364)
2025-09-23 16:27:16 UTC,sensor07,236476538,20.47,89.59,2025-09-24 10:13:56+00:00,33.983297,-81.01083,85.5,7.71,-0.9,161.52,22.0,3D,2025-09-24 06:13:56-04:00,POINT (-81.01083 33.983297)
2025-09-23 16:27:21 UTC,sensor07,236476538,20.43,90.06,2025-09-24 10:14:01+00:00,33.983033,-81.010702,83.4,4.14,-0.3,158.32,22.0,3D,2025-09-24 06:14:01-04:00,POINT (-81.010702 33.983033)
2025-09-23 16:27:26 UTC,sensor07,236476538,20.33,90.29,2025-09-24 10:14:06+00:00,33.98281,-81.010617,80.1,5.25,-0.4,164.08,22.0,3D,2025-09-24 06:14:06-04:00,POINT (-81.010617 33.98281)
2025-09-23 16:27:31 UTC,sensor07,236476538,20.31,90.47,2025-09-24 10:14:11+00:00,33.982657,-81.010548,76.5,3.07,-0.6,133.42,22.0,3D,2025-09-24 06:14:11-04:00,POINT (-81.010548 33.982657)
2025-09-23 16:27:36 UTC,sensor07,236476538,20.24,90.58,2025-09-24 10:14:16+00:00,33.982667,-81.010365,73.7,4.43,-0.1,68.1,22.0,3D,2025-09-24 06:14:16-04:00,POINT (-81.010365 33.982667)
2025-09-23 16:27:41 UTC,sensor07,236476538,20.23,90.91,2025-09-24 10:14:19+00:00,33.982718,-81.010213,73.5,5.76,0.0,68.65,22.0,3D,2025-09-24 06:14:19-04:00,POINT (-81.010213 33.982718)
2025-09-23 16:27:46 UTC,sensor07,236476538,20.24,91.05,2025-09-24 10:14:24+00:00,33.98281,-81.00995,74.7,4.69,0.3,0.0,22.0,3D,2025-09-24 06:14:24-04:00,POINT (-81.00995 33.98281)
2025-09-23 16:27:51 UTC,sensor07,236476538,20.31,91.15,2025-09-24 10:14:31+00:00,33.982918,-81.00962,78.3,4.5,0.7,66.13,22.0,3D,2025-09-24 06:14:31-04:00,POINT (-81.00962 33.982918)
2025-09-23 16:28:01 UTC,sensor07,236476538,20.38,91.12,2025-09-24 10:14:41+00:00,33.983002,-81.009318,81.8,4.76,0.7,67.96,22.0,3D,2025-09-24 06:14:41-04:00,POINT (-81.009318 33.983002)
2025-09-23 16:28:06 UTC,sensor07,236476538,20.36,91.2,2025-09-24 10:14:46+00:00,33.98308,-81.009038,84.6,5.3,0.7,70.25,22.0,3D,2025-09-24 06:14:46-04:00,POINT (-81.009038 33.98308)
2025-09-23 16:28:12 UTC,sensor07,236476538,20.43,91.22,2025-09-24 10:14:51+00:00,33.98315,-81.00877,87.8,4.94,0.8,75.33,22.0,3D,2025-09-24 06:14:51-04:00,POINT (-81.00877 33.98315)
2025-09-23 16:28:17 UTC,sensor07,236476538,20.46,91.11,2025-09-24 10:14:56+00:00,33.983217,-81.008553,91.8,2.46,1.2,70.57,22.0,3D,2025-09-24 06:14:56-04:00,POINT (-81.008553 33.983217)
2025-09-23 16:28:27 UTC,sensor07,236476538,20.52,90.74,2025-09-24 10:15:06+00:00,33.983112,-81.008458,92.1,4.52,0.0,175.18,22.0,3D,2025-09-24 06:15:06-04:00,POINT (-81.008458 33.983112)
2025-09-23 16:28:32 UTC,sensor07,236476538,20.51,90.77,2025-09-24 10:15:11+00:00,33.982873,-81.008427,91.5,5.4,-0.3,177.79,22.0,3D,2025-09-24 06:15:11-04:00,POINT (-81.008427 33.982873)
2025-09-23 16:28:37 UTC,sensor07,236476538,20.5,90.83,2025-09-24 10:15:16+00:00,33.982555,-81.008388,89.4,7.59,-0.4,173.99,22.0,3D,2025-09-24 06:15:16-04:00,POINT (-81.008388 33.982555)
2025-09-23 16:28:42 UTC,sensor07,236476538,20.47,90.81,2025-09-24 10:15:21+00:00,33.982217,-81.008342,87.5,7.49,-0.4,174.89,22.0,3D,2025-09-24 06:15:21-04:00,POINT (-81.008342 33.982217)
2025-09-23 16:28:47 UTC,sensor07,236476538,20.44,90.85,2025-09-24 10:15:27+00:00,33.981913,-81.00828,82.1,4.03,-0.9,0.0,22.0,3D,2025-09-24 06:15:27-04:00,POINT (-81.00828 33.981913)
2025-09-23 16:29:02 UTC,sensor07,236476538,20.5,90.8,2025-09-24 10:15:42+00:00,33.981805,-81.008162,78.4,3.92,-0.2,0.0,22.0,3D,2025-09-24 06:15:42-04:00,POINT (-81.008162 33.981805)
2025-09-23 16:29:07 UTC,sensor07,236476538,20.48,90.83,2025-09-24 10:15:47+00:00,33.981862,-81.007957,78.3,4.12,0.1,0.0,22.0,3D,2025-09-24 06:15:47-04:00,POINT (-81.007957 33.981862)
2025-09-23 16:29:12 UTC,sensor07,236476538,20.49,90.83,2025-09-24 10:15:52+00:00,33.981952,-81.007673,80.5,5.89,0.4,72.37,22.0,3D,2025-09-24 06:15:52-04:00,POINT (-81.007673 33.981952)
2025-09-23 16:29:17 UTC,sensor07,236476538,20.48,90.89,2025-09-24 10:15:57+00:00,33.982033,-81.007338,81.8,5.65,0.4,73.7,22.0,3D,2025-09-24 06:15:57-04:00,POINT (-81.007338 33.982033)
2025-09-23 16:29:27 UTC,sensor07,236476538,20.47,90.8,2025-09-24 10:16:07+00:00,33.982115,-81.00706,84.4,4.51,0.1,70.13,22.0,3D,2025-09-24 06:16:07-04:00,POINT (-81.00706 33.982115)
2025-09-23 16:29:32 UTC,sensor07,236476538,20.43,90.86,2025-09-24 10:16:12+00:00,33.982182,-81.006753,86.2,6.22,0.5,72.78,22.0,3D,2025-09-24 06:16:12-04:00,POINT (-81.006753 33.982182)
2025-09-23 16:29:37 UTC,sensor07,236476538,20.46,90.92,2025-09-24 10:16:17+00:00,33.98227,-81.006415,88.0,6.3,0.3,76.28,22.0,3D,2025-09-24 06:16:17-04:00,POINT (-81.006415 33.98227)
2025-09-23 16:29:42 UTC,sensor07,236476538,20.46,90.89,2025-09-24 10:16:20+00:00,33.982313,-81.006243,88.9,4.79,0.3,76.95,22.0,3D,2025-09-24 06:16:20-04:00,POINT (-81.006243 33.982313)
2025-09-23 16:29:52 UTC,sensor07,236476538,20.47,90.71,2025-09-24 10:16:32+00:00,33.982435,-81.005792,88.1,5.78,0.4,70.98,22.0,3D,2025-09-24 06:16:32-04:00,POINT (-81.005792 33.982435)
2025-09-23 16:29:57 UTC,sensor07,236476538,20.43,90.73,2025-09-24 10:16:37+00:00,33.982513,-81.0055,89.4,5.42,0.0,74.46,22.0,3D,2025-09-24 06:16:37-04:00,POINT (-81.0055 33.982513)
2025-09-23 16:30:03 UTC,sensor07,236476538,20.38,90.76,2025-09-24 10:16:42+00:00,33.98257,-81.005202,89.4,5.61,-0.1,73.7,22.0,3D,2025-09-24 06:16:42-04:00,POINT (-81.005202 33.98257)
2025-09-23 16:30:13 UTC,sensor07,236476538,20.38,90.84,2025-09-24 10:16:52+00:00,33.982625,-81.004938,90.1,3.26,0.5,70.77,22.0,3D,2025-09-24 06:16:52-04:00,POINT (-81.004938 33.982625)
2025-09-23 16:30:18 UTC,sensor07,236476538,20.36,90.97,2025-09-24 10:16:57+00:00,33.982685,-81.004685,91.9,5.22,0.1,74.62,22.0,3D,2025-09-24 06:16:57-04:00,POINT (-81.004685 33.982685)
2025-09-23 16:30:23 UTC,sensor07,236476538,20.37,91.05,2025-09-24 10:17:02+00:00,33.982765,-81.004403,92.5,5.77,0.1,76.19,22.0,3D,2025-09-24 06:17:02-04:00,POINT (-81.004403 33.982765)
2025-09-23 16:30:28 UTC,sensor07,236476538,20.31,91.04,2025-09-24 10:17:07+00:00,33.982833,-81.004095,93.7,5.81,0.3,75.71,22.0,3D,2025-09-24 06:17:07-04:00,POINT (-81.004095 33.982833)
2025-09-23 16:30:38 UTC,sensor07,236476538,20.23,90.8,2025-09-24 10:17:18+00:00,33.982998,-81.003847,93.0,4.07,0.2,0.0,22.0,3D,2025-09-24 06:17:18-04:00,POINT (-81.003847 33.982998)
2025-09-23 16:30:43 UTC,sensor07,236476538,20.2,90.92,2025-09-24 10:17:23+00:00,33.983233,-81.003892,90.2,4.89,-0.4,0.0,22.0,3D,2025-09-24 06:17:23-04:00,POINT (-81.003892 33.983233)
2025-09-23 16:30:48 UTC,sensor07,236476538,20.16,91.13,2025-09-24 10:17:28+00:00,33.98342,-81.00392,89.7,4.48,0.6,0.0,22.0,3D,2025-09-24 06:17:28-04:00,POINT (-81.00392 33.98342)
2025-09-23 16:30:53 UTC,sensor07,236476538,20.17,91.4,2025-09-24 10:17:33+00:00,33.983663,-81.003963,89.5,4.48,0.1,0.0,22.0,3D,2025-09-24 06:17:33-04:00,POINT (-81.003963 33.983663)
2025-09-23 16:31:03 UTC,sensor07,236476538,20.18,91.32,2025-09-24 10:17:43+00:00,33.98385,-81.003782,90.3,4.41,0.1,0.0,8.0,3D,2025-09-24 06:17:43-04:00,POINT (-81.003782 33.98385)
2025-09-23 16:31:08 UTC,sensor07,236476538,20.13,91.03,2025-09-24 10:17:48+00:00,33.983915,-81.003467,90.4,6.45,-0.1,0.0,8.0,3D,2025-09-24 06:17:48-04:00,POINT (-81.003467 33.983915)
2025-09-23 16:31:13 UTC,sensor07,236476538,20.15,90.79,2025-09-24 10:17:53+00:00,33.984017,-81.003087,89.4,7.43,-0.2,0.0,12.0,3D,2025-09-24 06:17:53-04:00,POINT (-81.003087 33.984017)
2025-09-23 16:31:18 UTC,sensor07,236476538,20.13,90.76,2025-09-24 10:17:58+00:00,33.984127,-81.002657,88.0,8.71,-0.4,0.0,16.0,3D,2025-09-24 06:17:58-04:00,POINT (-81.002657 33.984127)
2025-09-23 16:31:23 UTC,sensor07,236476538,20.22,90.79,2025-09-24 10:18:03+00:00,33.984235,-81.0022,88.1,8.8,-0.2,0.0,16.0,3D,2025-09-24 06:18:03-04:00,POINT (-81.0022 33.984235)
2025-09-23 16:31:28 UTC,sensor07,236476538,20.2,90.94,2025-09-24 10:18:08+00:00,33.984345,-81.001777,86.9,7.37,-0.3,0.0,20.0,3D,2025-09-24 06:18:08-04:00,POINT (-81.001777 33.984345)
2025-09-23 16:31:49 UTC,sensor07,236476538,20.25,90.45,2025-09-24 10:18:28+00:00,33.984442,-81.001443,85.8,2.7,0.0,33.3,22.0,3D,2025-09-24 06:18:28-04:00,POINT (-81.001443 33.984442)
2025-09-23 16:31:54 UTC,sensor07,236476538,20.21,90.41,2025-09-24 10:18:33+00:00,33.984638,-81.001453,85.2,5.61,-0.3,350.97,22.0,3D,2025-09-24 06:18:33-04:00,POINT (-81.001453 33.984638)
2025-09-23 16:31:59 UTC,sensor07,236476538,20.19,90.65,2025-09-24 10:18:38+00:00,33.984917,-81.00151,84.8,6.48,-0.2,352.89,22.0,3D,2025-09-24 06:18:38-04:00,POINT (-81.00151 33.984917)
2025-09-23 16:32:04 UTC,sensor07,236476538,20.17,90.88,2025-09-24 10:18:43+00:00,33.985225,-81.001557,85.5,6.83,0.0,353.89,22.0,3D,2025-09-24 06:18:43-04:00,POINT (-81.001557 33.985225)
2025-09-23 16:32:09 UTC,sensor07,236476538,20.18,90.97,2025-09-24 10:18:48+00:00,33.985523,-81.001617,84.5,6.66,-0.2,351.94,22.0,3D,2025-09-24 06:18:48-04:00,POINT (-81.001617 33.985523)
2025-09-23 16:32:14 UTC,sensor07,236476538,20.2,90.98,2025-09-24 10:18:53+00:00,33.985833,-81.001665,84.2,7.57,0.1,354.03,22.0,3D,2025-09-24 06:18:53-04:00,POINT (-81.001665 33.985833)
2025-09-23 16:32:19 UTC,sensor07,236476538,20.15,91.08,2025-09-24 10:18:58+00:00,33.986115,-81.001673,86.0,3.56,0.4,359.14,22.0,3D,2025-09-24 06:18:58-04:00,POINT (-81.001673 33.986115)
2025-09-23 16:32:24 UTC,sensor07,236476538,20.08,91.17,2025-09-24 10:19:04+00:00,33.98642,-81.001708,86.2,6.7,-0.1,0.0,22.0,3D,2025-09-24 06:19:04-04:00,POINT (-81.001708 33.98642)
2025-09-23 16:32:29 UTC,sensor07,236476538,20.04,91.28,2025-09-24 10:19:09+00:00,33.98671,-81.001738,84.0,6.12,0.0,0.0,22.0,3D,2025-09-24 06:19:09-04:00,POINT (-81.001738 33.98671)
2025-09-23 16:32:34 UTC,sensor07,236476538,20.04,91.36,2025-09-24 10:19:14+00:00,33.98696,-81.00177,83.4,4.66,0.2,0.0,22.0,3D,2025-09-24 06:19:14-04:00,POINT (-81.00177 33.98696)
2025-09-23 16:32:44 UTC,sensor07,236476538,20.0,91.26,2025-09-24 10:19:24+00:00,33.987075,-81.002015,79.6,4.84,-0.4,251.55,22.0,3D,2025-09-24 06:19:24-04:00,POINT (-81.002015 33.987075)
2025-09-23 16:32:49 UTC,sensor07,236476538,19.92,91.45,2025-09-24 10:19:29+00:00,33.986985,-81.002298,77.5,5.44,-0.3,253.47,22.0,3D,2025-09-24 06:19:29-04:00,POINT (-81.002298 33.986985)
2025-09-23 16:32:54 UTC,sensor07,236476538,19.87,91.63,2025-09-24 10:19:34+00:00,33.986892,-81.00263,77.4,7.53,0.0,256.42,22.0,3D,2025-09-24 06:19:34-04:00,POINT (-81.00263 33.986892)
2025-09-23 16:32:59 UTC,sensor07,236476538,19.92,91.73,2025-09-24 10:19:39+00:00,33.986812,-81.003003,81.6,6.11,0.7,250.04,22.0,3D,2025-09-24 06:19:39-04:00,POINT (-81.003003 33.986812)
2025-09-23 16:33:04 UTC,sensor07,236476538,19.98,91.82,2025-09-24 10:19:44+00:00,33.986722,-81.003323,82.3,5.75,-0.4,245.61,22.0,3D,2025-09-24 06:19:44-04:00,POINT (-81.003323 33.986722)
2025-09-23 16:33:09 UTC,sensor07,236476538,20.0,91.86,2025-09-24 10:19:49+00:00,33.98664,-81.003637,81.7,6.38,0.0,256.8,22.0,3D,2025-09-24 06:19:49-04:00,POINT (-81.003637 33.98664)
2025-09-23 16:33:14 UTC,sensor07,236476538,20.09,91.89,2025-09-24 10:19:54+00:00,33.986575,-81.003973,83.7,5.74,0.6,254.68,22.0,3D,2025-09-24 06:19:54-04:00,POINT (-81.003973 33.986575)
2025-09-23 16:33:34 UTC,sensor07,236476538,20.31,91.82,2025-09-24 10:20:14+00:00,33.986585,-81.004308,84.7,2.94,0.0,336.65,22.0,3D,2025-09-24 06:20:14-04:00,POINT (-81.004308 33.986585)
2025-09-23 16:33:40 UTC,sensor07,236476538,20.36,91.59,2025-09-24 10:20:19+00:00,33.98682,-81.004345,87.5,5.8,0.2,354.84,22.0,3D,2025-09-24 06:20:19-04:00,POINT (-81.004345 33.98682)
2025-09-23 16:33:45 UTC,sensor07,236476538,20.37,91.29,2025-09-24 10:20:20+00:00,33.986875,-81.004353,87.6,5.84,0.1,354.58,22.0,3D,2025-09-24 06:20:20-04:00,POINT (-81.004353 33.986875)
2025-09-23 16:34:00 UTC,sensor07,236476538,20.62,91.02,2025-09-24 10:20:39+00:00,33.987328,-81.00437,87.0,3.12,-0.1,356.33,22.0,3D,2025-09-24 06:20:39-04:00,POINT (-81.00437 33.987328)
2025-09-23 16:34:05 UTC,sensor07,236476538,20.74,90.41,2025-09-24 10:20:44+00:00,33.987465,-81.00453,86.3,5.43,0.0,276.71,22.0,3D,2025-09-24 06:20:44-04:00,POINT (-81.00453 33.987465)
2025-09-23 16:34:10 UTC,sensor07,236476538,20.73,89.9,2025-09-24 10:20:49+00:00,33.987373,-81.004955,85.3,9.93,-0.2,254.16,22.0,3D,2025-09-24 06:20:49-04:00,POINT (-81.004955 33.987373)
2025-09-23 16:34:15 UTC,sensor07,236476538,20.75,89.83,2025-09-24 10:20:55+00:00,33.9872,-81.005642,85.0,11.03,0.2,0.0,22.0,3D,2025-09-24 06:20:55-04:00,POINT (-81.005642 33.9872)
2025-09-23 16:34:20 UTC,sensor07,236476538,20.84,89.49,2025-09-24 10:21:00+00:00,33.987058,-81.006213,83.4,9.68,0.0,0.0,22.0,3D,2025-09-24 06:21:00-04:00,POINT (-81.006213 33.987058)
2025-09-23 16:34:45 UTC,sensor07,236476538,20.7,89.18,2025-09-24 10:21:25+00:00,33.986965,-81.006643,84.3,6.53,0.0,262.38,22.0,3D,2025-09-24 06:21:25-04:00,POINT (-81.006643 33.986965)
2025-09-23 16:34:50 UTC,sensor07,236476538,20.72,89.43,2025-09-24 10:21:30+00:00,33.986862,-81.007093,84.0,7.83,-0.2,250.81,22.0,3D,2025-09-24 06:21:30-04:00,POINT (-81.007093 33.986862)
2025-09-23 16:34:55 UTC,sensor07,236476538,20.71,89.67,2025-09-24 10:21:35+00:00,33.986863,-81.007368,83.7,4.82,0.1,302.11,22.0,3D,2025-09-24 06:21:35-04:00,POINT (-81.007368 33.986863)
2025-09-23 16:35:00 UTC,sensor07,236476538,20.68,89.82,2025-09-24 10:21:40+00:00,33.987053,-81.007627,83.7,7.0,-0.1,314.84,22.0,3D,2025-09-24 06:21:40-04:00,POINT (-81.007627 33.987053)
2025-09-23 16:35:05 UTC,sensor07,236476538,20.64,89.75,2025-09-24 10:21:45+00:00,33.9873,-81.007905,83.4,7.32,-0.1,316.35,22.0,3D,2025-09-24 06:21:45-04:00,POINT (-81.007905 33.9873)
2025-09-23 16:35:10 UTC,sensor07,236476538,20.57,89.82,2025-09-24 10:21:50+00:00,33.987547,-81.00819,83.1,7.47,0.1,316.09,22.0,3D,2025-09-24 06:21:50-04:00,POINT (-81.00819 33.987547)
2025-09-23 16:35:15 UTC,sensor07,236476538,20.48,89.79,2025-09-24 10:21:55+00:00,33.987767,-81.008472,84.0,6.07,0.1,314.7,22.0,3D,2025-09-24 06:21:55-04:00,POINT (-81.008472 33.987767)
2025-09-23 16:35:20 UTC,sensor07,236476538,20.48,89.9,2025-09-24 10:22:00+00:00,33.98788,-81.008642,85.1,3.7,0.3,314.03,22.0,3D,2025-09-24 06:22:00-04:00,POINT (-81.008642 33.98788)
2025-09-23 16:35:26 UTC,sensor07,236476538,20.44,90.04,2025-09-24 10:22:05+00:00,33.988092,-81.008913,85.6,8.14,0.2,311.94,22.0,3D,2025-09-24 06:22:05-04:00,POINT (-81.008913 33.988092)
2025-09-23 16:35:31 UTC,sensor07,236476538,20.35,90.17,2025-09-24 10:22:10+00:00,33.988368,-81.009252,86.3,8.19,0.4,315.04,22.0,3D,2025-09-24 06:22:10-04:00,POINT (-81.009252 33.988368)
2025-09-23 16:35:36 UTC,sensor07,236476538,20.34,90.41,2025-09-24 10:22:15+00:00,33.988563,-81.009463,87.1,2.27,0.4,317.77,22.0,3D,2025-09-24 06:22:15-04:00,POINT (-81.009463 33.988563)
2025-09-23 16:35:41 UTC,sensor07,236476538,20.29,90.48,2025-09-24 10:22:20+00:00,33.98867,-81.00959,86.9,6.31,-0.2,308.54,22.0,3D,2025-09-24 06:22:20-04:00,POINT (-81.00959 33.98867)
2025-09-23 16:35:46 UTC,sensor07,236476538,20.33,90.7,2025-09-24 10:22:21+00:00,33.98872,-81.009643,86.8,7.36,-0.1,314.59,22.0,3D,2025-09-24 06:22:21-04:00,POINT (-81.009643 33.98872)
2025-09-23 16:35:51 UTC,sensor07,236476538,20.29,90.77,2025-09-24 10:22:30+00:00,33.989217,-81.010202,86.5,8.65,0.1,318.06,22.0,3D,2025-09-24 06:22:30-04:00,POINT (-81.010202 33.989217)
2025-09-23 16:35:56 UTC,sensor07,236476538,20.25,90.75,2025-09-24 10:22:35+00:00,33.989485,-81.010495,85.9,5.93,-0.1,318.8,22.0,3D,2025-09-24 06:22:35-04:00,POINT (-81.010495 33.989485)
2025-09-23 16:36:01 UTC,sensor07,236476538,20.27,90.72,2025-09-24 10:22:40+00:00,33.989645,-81.01066,84.3,3.52,-0.3,328.44,22.0,3D,2025-09-24 06:22:40-04:00,POINT (-81.01066 33.989645)
2025-09-23 16:36:06 UTC,sensor07,236476538,20.26,90.82,2025-09-24 10:22:46+00:00,33.989817,-81.010577,84.0,5.39,0.1,0.0,22.0,3D,2025-09-24 06:22:46-04:00,POINT (-81.010577 33.989817)
2025-09-23 16:36:11 UTC,sensor07,236476538,20.26,91.03,2025-09-24 10:22:51+00:00,33.989962,-81.010362,83.1,4.39,-0.2,0.0,22.0,3D,2025-09-24 06:22:51-04:00,POINT (-81.010362 33.989962)
2025-09-23 16:36:16 UTC,sensor07,236476538,20.24,90.96,2025-09-24 10:22:56+00:00,33.990057,-81.01021,83.5,3.63,0.5,0.0,22.0,3D,2025-09-24 06:22:56-04:00,POINT (-81.01021 33.990057)
2025-09-23 16:36:21 UTC,sensor07,236476538,20.27,90.97,2025-09-24 10:23:01+00:00,33.990087,-81.009985,84.9,5.01,0.3,0.0,22.0,3D,2025-09-24 06:23:01-04:00,POINT (-81.009985 33.990087)
2025-09-23 16:36:26 UTC,sensor07,236476538,20.29,90.93,2025-09-24 10:23:06+00:00,33.990068,-81.00968,84.4,5.37,0.1,93.28,22.0,3D,2025-09-24 06:23:06-04:00,POINT (-81.00968 33.990068)
2025-09-23 16:36:31 UTC,sensor07,236476538,20.28,91.02,2025-09-24 10:23:11+00:00,33.990047,-81.009313,83.1,7.28,-0.3,97.94,22.0,3D,2025-09-24 06:23:11-04:00,POINT (-81.009313 33.990047)
2025-09-23 16:36:36 UTC,sensor07,236476538,20.3,90.9,2025-09-24 10:23:16+00:00,33.990022,-81.00892,83.9,6.86,0.3,95.92,22.0,3D,2025-09-24 06:23:16-04:00,POINT (-81.00892 33.990022)
2025-09-23 16:36:41 UTC,sensor07,236476538,20.28,90.65,2025-09-24 10:23:21+00:00,33.989995,-81.008548,83.7,5.85,-0.1,93.9,22.0,3D,2025-09-24 06:23:21-04:00,POINT (-81.008548 33.989995)
2025-09-23 16:36:46 UTC,sensor07,236476538,20.26,90.6,2025-09-24 10:23:26+00:00,33.989975,-81.008262,83.5,4.57,0.2,99.52,22.0,3D,2025-09-24 06:23:26-04:00,POINT (-81.008262 33.989975)
2025-09-23 16:36:51 UTC,sensor07,236476538,20.24,90.77,2025-09-24 10:23:31+00:00,33.989983,-81.008087,83.6,3.33,0.2,60.26,22.0,3D,2025-09-24 06:23:31-04:00,POINT (-81.008087 33.989983)
2025-09-23 16:36:56 UTC,sensor07,236476538,20.23,90.82,2025-09-24 10:23:36+00:00,33.990118,-81.008038,83.7,3.15,0.0,2.67,22.0,3D,2025-09-24 06:23:36-04:00,POINT (-81.008038 33.990118)
2025-09-23 16:37:01 UTC,sensor07,236476538,20.16,90.79,2025-09-24 10:23:41+00:00,33.990328,-81.007995,83.4,5.55,-0.6,5.95,22.0,3D,2025-09-24 06:23:41-04:00,POINT (-81.007995 33.990328)
2025-09-23 16:37:06 UTC,sensor07,236476538,20.15,90.77,2025-09-24 10:23:46+00:00,33.990633,-81.007973,81.9,6.49,-0.5,4.89,22.0,3D,2025-09-24 06:23:46-04:00,POINT (-81.007973 33.990633)
2025-09-23 16:37:11 UTC,sensor07,236476538,20.15,90.81,2025-09-24 10:23:51+00:00,33.990897,-81.007947,81.2,4.16,0.1,9.69,22.0,3D,2025-09-24 06:23:51-04:00,POINT (-81.007947 33.990897)
2025-09-23 16:37:22 UTC,sensor07,236476538,20.12,90.84,2025-09-24 10:24:01+00:00,33.991033,-81.007793,83.0,3.84,0.2,85.73,22.0,3D,2025-09-24 06:24:01-04:00,POINT (-81.007793 33.991033)
2025-09-23 16:37:27 UTC,sensor07,236476538,20.2,90.88,2025-09-24 10:24:06+00:00,33.991042,-81.007527,82.5,5.5,0.0,92.53,22.0,3D,2025-09-24 06:24:06-04:00,POINT (-81.007527 33.991042)
2025-09-23 16:37:32 UTC,sensor07,236476538,20.18,90.83,2025-09-24 10:24:11+00:00,33.990997,-81.007202,81.3,7.02,-0.1,97.56,22.0,3D,2025-09-24 06:24:11-04:00,POINT (-81.007202 33.990997)
2025-09-23 16:37:37 UTC,sensor07,236476538,20.27,90.53,2025-09-24 10:24:16+00:00,33.990958,-81.006827,80.9,7.17,-0.2,93.86,22.0,3D,2025-09-24 06:24:16-04:00,POINT (-81.006827 33.990958)
2025-09-23 16:37:42 UTC,sensor07,236476538,20.26,90.39,2025-09-24 10:24:21+00:00,33.990928,-81.006467,80.0,4.32,-0.1,98.83,22.0,3D,2025-09-24 06:24:21-04:00,POINT (-81.006467 33.990928)
2025-09-23 16:37:52 UTC,sensor07,236476538,20.29,90.36,2025-09-24 10:24:32+00:00,33.990918,-81.006312,79.9,4.31,0.0,0.0,22.0,3D,2025-09-24 06:24:32-04:00,POINT (-81.006312 33.990918)
2025-09-23 16:37:57 UTC,sensor07,236476538,20.21,90.28,2025-09-24 10:24:37+00:00,33.990898,-81.005942,81.5,7.55,0.4,0.0,22.0,3D,2025-09-24 06:24:37-04:00,POINT (-81.005942 33.990898)
2025-09-23 16:38:02 UTC,sensor07,236476538,20.07,90.51,2025-09-24 10:24:42+00:00,33.990868,-81.005523,82.9,7.55,0.2,0.0,22.0,3D,2025-09-24 06:24:42-04:00,POINT (-81.005523 33.990868)
2025-09-23 16:38:07 UTC,sensor07,236476538,19.98,90.85,2025-09-24 10:24:47+00:00,33.990823,-81.00511,84.1,7.24,-0.5,0.0,22.0,3D,2025-09-24 06:24:47-04:00,POINT (-81.00511 33.990823)
2025-09-23 16:38:12 UTC,sensor07,236476538,19.88,90.74,2025-09-24 10:24:52+00:00,33.990787,-81.004738,82.7,6.45,-0.4,0.0,22.0,3D,2025-09-24 06:24:52-04:00,POINT (-81.004738 33.990787)
2025-09-23 16:38:17 UTC,sensor07,236476538,19.86,91.07,2025-09-24 10:24:57+00:00,33.99075,-81.004392,82.6,5.81,0.1,96.45,22.0,3D,2025-09-24 06:24:57-04:00,POINT (-81.004392 33.99075)
2025-09-23 16:38:37 UTC,sensor07,236476538,19.82,91.25,2025-09-24 10:25:17+00:00,33.990718,-81.00377,86.7,5.61,0.4,91.45,22.0,3D,2025-09-24 06:25:17-04:00,POINT (-81.00377 33.990718)
2025-09-23 16:38:42 UTC,sensor07,236476538,19.74,91.46,2025-09-24 10:25:22+00:00,33.990717,-81.00346,86.6,5.61,-0.6,94.21,22.0,3D,2025-09-24 06:25:22-04:00,POINT (-81.00346 33.990717)
2025-09-23 16:38:47 UTC,sensor07,236476538,19.81,91.76,2025-09-24 10:25:27+00:00,33.99069,-81.003153,86.6,5.66,0.1,93.32,22.0,3D,2025-09-24 06:25:27-04:00,POINT (-81.003153 33.99069)
2025-09-23 16:38:52 UTC,sensor07,236476538,19.81,91.91,2025-09-24 10:25:32+00:00,33.990672,-81.002767,86.4,7.76,-0.2,92.55,22.0,3D,2025-09-24 06:25:32-04:00,POINT (-81.002767 33.990672)
2025-09-23 16:38:57 UTC,sensor07,236476538,19.81,91.95,2025-09-24 10:25:37+00:00,33.99064,-81.002382,86.7,6.14,-0.1,94.71,22.0,3D,2025-09-24 06:25:37-04:00,POINT (-81.002382 33.99064)
2025-09-23 16:39:03 UTC,sensor07,236476538,19.82,91.93,2025-09-24 10:25:42+00:00,33.990615,-81.002087,85.9,4.26,-0.2,97.08,22.0,3D,2025-09-24 06:25:42-04:00,POINT (-81.002087 33.990615)
2025-09-23 16:39:13 UTC,sensor07,236476538,19.84,91.87,2025-09-24 10:25:52+00:00,33.990653,-81.00183,87.8,3.17,0.1,23.97,22.0,3D,2025-09-24 06:25:52-04:00,POINT (-81.00183 33.990653)
2025-09-23 16:39:18 UTC,sensor07,236476538,19.84,91.88,2025-09-24 10:25:57+00:00,33.990875,-81.001778,89.9,6.11,0.3,6.68,22.0,3D,2025-09-24 06:25:57-04:00,POINT (-81.001778 33.990875)
2025-09-23 16:39:23 UTC,sensor07,236476538,19.86,91.87,2025-09-24 10:26:02+00:00,33.991165,-81.00175,90.0,6.11,-0.3,7.76,22.0,3D,2025-09-24 06:26:02-04:00,POINT (-81.00175 33.991165)
2025-09-23 16:39:28 UTC,sensor07,236476538,19.88,91.74,2025-09-24 10:26:07+00:00,33.991445,-81.001738,91.3,5.62,0.2,2.79,22.0,3D,2025-09-24 06:26:07-04:00,POINT (-81.001738 33.991445)
2025-09-23 16:39:38 UTC,sensor07,236476538,19.98,91.88,2025-09-24 10:26:17+00:00,33.991815,-81.001708,91.6,5.88,-0.2,6.55,22.0,3D,2025-09-24 06:26:17-04:00,POINT (-81.001708 33.991815)
2025-09-23 16:39:43 UTC,sensor07,236476538,19.96,91.68,2025-09-24 10:26:22+00:00,33.992133,-81.001675,93.5,6.72,0.5,4.37,22.0,3D,2025-09-24 06:26:22-04:00,POINT (-81.001675 33.992133)
2025-09-23 16:39:48 UTC,sensor07,236476538,19.96,91.65,2025-09-24 10:26:22+00:00,33.992133,-81.001675,93.5,6.72,0.5,4.37,22.0,3D,2025-09-24 06:26:22-04:00,POINT (-81.001675 33.992133)
2025-09-23 16:39:53 UTC,sensor07,236476538,19.95,91.79,2025-09-24 10:26:33+00:00,33.99275,-81.001625,95.8,4.83,-0.2,0.0,22.0,3D,2025-09-24 06:26:33-04:00,POINT (-81.001625 33.99275)
2025-09-23 16:39:58 UTC,sensor07,236476538,19.99,91.9,2025-09-24 10:26:38+00:00,33.99289,-81.001603,94.2,4.62,-0.1,0.0,22.0,3D,2025-09-24 06:26:38-04:00,POINT (-81.001603 33.99289)
2025-09-23 16:40:03 UTC,sensor07,236476538,19.96,91.87,2025-09-24 10:26:43+00:00,33.99319,-81.001585,93.6,7.25,-0.1,0.0,4.0,3D,2025-09-24 06:26:43-04:00,POINT (-81.001585 33.99319)
2025-09-23 16:40:08 UTC,sensor07,236476538,20.0,91.8,2025-09-24 10:26:48+00:00,33.993545,-81.001558,93.1,7.96,0.0,0.0,4.0,3D,2025-09-24 06:26:48-04:00,POINT (-81.001558 33.993545)
2025-09-23 16:40:13 UTC,sensor07,236476538,20.03,91.8,2025-09-24 10:26:53+00:00,33.993852,-81.001517,92.5,5.42,-0.2,0.0,8.0,3D,2025-09-24 06:26:53-04:00,POINT (-81.001517 33.993852)
2025-09-23 16:40:23 UTC,sensor07,236476538,20.13,91.69,2025-09-24 10:27:03+00:00,33.994017,-81.001525,90.6,3.42,-0.4,0.0,12.0,3D,2025-09-24 06:27:03-04:00,POINT (-81.001525 33.994017)
2025-09-23 16:40:28 UTC,sensor07,236476538,20.09,91.45,2025-09-24 10:27:08+00:00,33.994055,-81.001743,90.4,4.62,0.0,0.0,12.0,3D,2025-09-24 06:27:08-04:00,POINT (-81.001743 33.994055)
2025-09-23 16:40:33 UTC,sensor07,236476538,20.11,91.48,2025-09-24 10:27:13+00:00,33.994057,-81.002018,90.0,4.93,-0.2,0.0,16.0,3D,2025-09-24 06:27:13-04:00,POINT (-81.002018 33.994057)
2025-09-23 16:40:38 UTC,sensor07,236476538,20.03,91.53,2025-09-24 10:27:18+00:00,33.994085,-81.002307,89.3,5.57,-0.3,0.0,16.0,3D,2025-09-24 06:27:18-04:00,POINT (-81.002307 33.994085)
2025-09-23 16:40:43 UTC,sensor07,236476538,20.04,91.67,2025-09-24 10:27:23+00:00,33.994095,-81.002583,88.9,4.77,-0.1,0.0,22.0,3D,2025-09-24 06:27:23-04:00,POINT (-81.002583 33.994095)
2025-09-23 16:40:48 UTC,sensor07,236476538,20.03,91.8,2025-09-24 10:27:28+00:00,33.994115,-81.002842,89.0,5.01,-0.2,0.0,22.0,3D,2025-09-24 06:27:28-04:00,POINT (-81.002842 33.994115)
2025-09-23 16:40:53 UTC,sensor07,236476538,20.01,91.74,2025-09-24 10:27:33+00:00,33.994135,-81.003122,89.5,5.02,0.0,276.15,22.0,3D,2025-09-24 06:27:33-04:00,POINT (-81.003122 33.994135)
2025-09-23 16:40:59 UTC,sensor07,236476538,19.96,91.92,2025-09-24 10:27:38+00:00,33.994162,-81.0034,89.5,4.86,-0.2,269.2,22.0,3D,2025-09-24 06:27:38-04:00,POINT (-81.0034 33.994162)
2025-09-23 16:41:04 UTC,sensor07,236476538,20.0,91.98,2025-09-24 10:27:43+00:00,33.994168,-81.003603,88.9,2.58,-0.2,276.74,22.0,3D,2025-09-24 06:27:43-04:00,POINT (-81.003603 33.994168)
2025-09-23 16:41:09 UTC,sensor07,236476538,20.0,91.92,2025-09-24 10:27:48+00:00,33.994188,-81.00385,88.2,5.55,-0.1,277.8,22.0,3D,2025-09-24 06:27:48-04:00,POINT (-81.00385 33.994188)
2025-09-23 16:41:14 UTC,sensor07,236476538,20.0,91.69,2025-09-24 10:27:53+00:00,33.994205,-81.004195,87.8,6.45,0.1,273.71,22.0,3D,2025-09-24 06:27:53-04:00,POINT (-81.004195 33.994205)
2025-09-23 16:41:19 UTC,sensor07,236476538,19.98,91.59,2025-09-24 10:27:58+00:00,33.994223,-81.004573,88.3,7.01,0.1,274.04,22.0,3D,2025-09-24 06:27:58-04:00,POINT (-81.004573 33.994223)
2025-09-23 16:41:24 UTC,sensor07,236476538,20.02,91.69,2025-09-24 10:28:03+00:00,33.994245,-81.004955,88.7,6.52,0.2,271.89,22.0,3D,2025-09-24 06:28:03-04:00,POINT (-81.004955 33.994245)
2025-09-23 16:41:29 UTC,sensor07,236476538,20.06,91.69,2025-09-24 10:28:08+00:00,33.994262,-81.005313,89.0,6.17,-0.1,274.43,22.0,3D,2025-09-24 06:28:08-04:00,POINT (-81.005313 33.994262)
2025-09-23 16:41:34 UTC,sensor07,236476538,20.07,91.56,2025-09-24 10:28:13+00:00,33.994287,-81.00563,89.9,5.39,0.3,278.02,22.0,3D,2025-09-24 06:28:13-04:00,POINT (-81.00563 33.994287)
2025-09-23 16:41:44 UTC,sensor07,236476538,20.08,91.63,2025-09-24 10:28:24+00:00,33.99431,-81.005942,90.3,3.86,0.1,0.0,22.0,3D,2025-09-24 06:28:24-04:00,POINT (-81.005942 33.99431)
2025-09-23 16:41:49 UTC,sensor07,236476538,20.07,91.62,2025-09-24 10:28:29+00:00,33.994098,-81.006023,91.4,5.21,0.0,0.0,22.0,3D,2025-09-24 06:28:29-04:00,POINT (-81.006023 33.994098)
2025-09-23 16:41:54 UTC,sensor07,236476538,20.06,91.6,2025-09-24 10:28:34+00:00,33.993858,-81.00604,91.2,5.92,-0.1,0.0,22.0,3D,2025-09-24 06:28:34-04:00,POINT (-81.00604 33.993858)
2025-09-23 16:41:59 UTC,sensor07,236476538,20.01,91.67,2025-09-24 10:28:39+00:00,33.993587,-81.006052,90.6,5.75,-0.2,181.28,22.0,3D,2025-09-24 06:28:39-04:00,POINT (-81.006052 33.993587)
2025-09-23 16:42:04 UTC,sensor07,236476538,20.08,91.86,2025-09-24 10:28:44+00:00,33.993357,-81.00608,89.3,2.5,-0.1,184.79,22.0,3D,2025-09-24 06:28:44-04:00,POINT (-81.00608 33.993357)
2025-09-23 16:42:09 UTC,sensor07,236476538,20.14,91.81,2025-09-24 10:28:49+00:00,33.993283,-81.006102,89.0,2.31,-0.1,202.04,22.0,3D,2025-09-24 06:28:49-04:00,POINT (-81.006102 33.993283)
2025-09-23 16:42:14 UTC,sensor07,236476538,20.19,91.39,2025-09-24 10:28:54+00:00,33.993217,-81.006268,86.3,5.46,-0.3,272.12,22.0,3D,2025-09-24 06:28:54-04:00,POINT (-81.006268 33.993217)
2025-09-23 16:42:19 UTC,sensor07,236476538,20.15,91.18,2025-09-24 10:28:59+00:00,33.993237,-81.006582,86.6,6.06,0.4,275.18,22.0,3D,2025-09-24 06:28:59-04:00,POINT (-81.006582 33.993237)
2025-09-23 16:42:24 UTC,sensor07,236476538,20.19,91.28,2025-09-24 10:29:04+00:00,33.993265,-81.00695,87.0,7.8,0.3,274.86,22.0,3D,2025-09-24 06:29:04-04:00,POINT (-81.00695 33.993265)
2025-09-23 16:42:29 UTC,sensor07,236476538,20.17,91.37,2025-09-24 10:29:09+00:00,33.99331,-81.00736,87.7,6.44,0.0,274.78,22.0,3D,2025-09-24 06:29:09-04:00,POINT (-81.00736 33.99331)
2025-09-23 16:42:39 UTC,sensor07,236476538,20.2,91.28,2025-09-24 10:29:19+00:00,33.993332,-81.007617,88.3,2.69,1.1,294.86,22.0,3D,2025-09-24 06:29:19-04:00,POINT (-81.007617 33.993332)
2025-09-23 16:42:45 UTC,sensor07,236476538,20.18,91.17,2025-09-24 10:29:24+00:00,33.993458,-81.007705,90.8,4.28,0.4,0.47,22.0,3D,2025-09-24 06:29:24-04:00,POINT (-81.007705 33.993458)
2025-09-23 16:42:50 UTC,sensor07,236476538,20.17,91.3,2025-09-24 10:29:29+00:00,33.993712,-81.007712,92.1,5.98,-0.1,359.8,22.0,3D,2025-09-24 06:29:29-04:00,POINT (-81.007712 33.993712)
2025-09-23 16:42:55 UTC,sensor07,236476538,20.13,91.39,2025-09-24 10:29:34+00:00,33.993988,-81.007677,94.6,5.42,0.1,3.82,22.0,3D,2025-09-24 06:29:34-04:00,POINT (-81.007677 33.993988)
2025-09-23 16:43:00 UTC,sensor07,236476538,20.14,91.53,2025-09-24 10:29:39+00:00,33.994242,-81.007655,93.1,5.04,-0.4,5.61,22.0,3D,2025-09-24 06:29:39-04:00,POINT (-81.007655 33.994242)
2025-09-23 16:43:05 UTC,sensor07,236476538,20.15,91.6,2025-09-24 10:29:44+00:00,33.9944,-81.007573,91.4,4.13,0.2,59.0,22.0,3D,2025-09-24 06:29:44-04:00,POINT (-81.007573 33.9944)
2025-09-23 16:43:10 UTC,sensor07,236476538,20.14,91.56,2025-09-24 10:29:49+00:00,33.99441,-81.007355,91.0,3.6,-0.1,97.1,22.0,3D,2025-09-24 06:29:49-04:00,POINT (-81.007355 33.99441)
2025-09-23 16:43:15 UTC,sensor07,236476538,20.15,91.47,2025-09-24 10:29:54+00:00,33.994442,-81.007163,92.0,3.47,0.6,57.18,22.0,3D,2025-09-24 06:29:54-04:00,POINT (-81.007163 33.994442)
2025-09-23 16:43:20 UTC,sensor07,236476538,20.16,91.41,2025-09-24 10:29:59+00:00,33.994598,-81.007093,91.6,3.45,-0.6,346.73,22.0,3D,2025-09-24 06:29:59-04:00,POINT (-81.007093 33.994598)
2025-09-23 16:43:25 UTC,sensor07,236476538,20.27,91.23,2025-09-24 10:30:05+00:00,33.994805,-81.007072,91.2,4.03,0.2,0.0,22.0,3D,2025-09-24 06:30:05-04:00,POINT (-81.007072 33.994805)
2025-09-23 16:43:30 UTC,sensor07,236476538,20.44,91.38,2025-09-24 10:30:10+00:00,33.994992,-81.007077,92.4,4.35,0.0,0.0,22.0,3D,2025-09-24 06:30:10-04:00,POINT (-81.007077 33.994992)
2025-09-23 16:43:35 UTC,sensor07,236476538,20.51,91.25,2025-09-24 10:30:15+00:00,33.995035,-81.007267,92.0,3.87,0.1,0.0,22.0,3D,2025-09-24 06:30:15-04:00,POINT (-81.007267 33.995035)
2025-09-23 16:43:50 UTC,sensor07,236476538,20.52,90.87,2025-09-24 10:30:30+00:00,33.995222,-81.007552,91.0,5.2,-0.2,0.0,22.0,3D,2025-09-24 06:30:30-04:00,POINT (-81.007552 33.995222)
2025-09-23 16:43:55 UTC,sensor07,236476538,20.57,90.77,2025-09-24 10:30:35+00:00,33.995398,-81.007533,89.5,2.98,-0.5,9.42,22.0,3D,2025-09-24 06:30:35-04:00,POINT (-81.007533 33.995398)
2025-09-23 16:44:00 UTC,sensor07,236476538,20.55,90.69,2025-09-24 10:30:40+00:00,33.995493,-81.007512,88.5,2.42,-0.2,10.01,22.0,3D,2025-09-24 06:30:40-04:00,POINT (-81.007512 33.995493)
2025-09-23 16:44:05 UTC,sensor07,236476538,20.61,90.58,2025-09-24 10:30:45+00:00,33.99572,-81.007458,86.1,4.73,-0.5,7.22,22.0,3D,2025-09-24 06:30:45-04:00,POINT (-81.007458 33.99572)
2025-09-23 16:44:10 UTC,sensor07,236476538,20.49,90.53,2025-09-24 10:30:50+00:00,33.996037,-81.007428,83.4,8.43,-0.5,5.36,22.0,3D,2025-09-24 06:30:50-04:00,POINT (-81.007428 33.996037)
2025-09-23 16:44:15 UTC,sensor07,236476538,20.38,90.64,2025-09-24 10:30:55+00:00,33.996395,-81.007382,80.3,7.29,-0.5,6.51,22.0,3D,2025-09-24 06:30:55-04:00,POINT (-81.007382 33.996395)
2025-09-23 16:44:20 UTC,sensor07,236476538,20.43,90.97,2025-09-24 10:31:00+00:00,33.99671,-81.007367,79.7,6.57,-0.1,1.28,22.0,3D,2025-09-24 06:31:00-04:00,POINT (-81.007367 33.99671)
2025-09-23 16:44:35 UTC,sensor07,236476538,20.48,91.14,2025-09-24 10:31:15+00:00,33.997007,-81.007457,79.8,4.79,0.2,286.71,21.0,3D,2025-09-24 06:31:15-04:00,POINT (-81.007457 33.997007)
2025-09-23 16:44:40 UTC,sensor07,236476538,20.6,91.01,2025-09-24 10:31:20+00:00,33.997053,-81.007835,80.2,8.72,-0.3,277.57,21.0,3D,2025-09-24 06:31:20-04:00,POINT (-81.007835 33.997053)
2025-09-23 16:44:46 UTC,sensor07,236476538,20.55,90.63,2025-09-24 10:31:25+00:00,33.997093,-81.008312,78.8,8.5,-0.4,272.55,21.0,3D,2025-09-24 06:31:25-04:00,POINT (-81.008312 33.997093)
2025-09-23 16:44:51 UTC,sensor07,236476538,20.51,90.54,2025-09-24 10:31:30+00:00,33.997117,-81.008737,77.2,6.63,-0.2,274.72,21.0,3D,2025-09-24 06:31:30-04:00,POINT (-81.008737 33.997117)
2025-09-23 16:45:01 UTC,sensor07,236476538,20.46,90.7,2025-09-24 10:31:40+00:00,33.997138,-81.0091,75.2,4.5,-0.1,276.0,21.0,3D,2025-09-24 06:31:40-04:00,POINT (-81.0091 33.997138)
2025-09-23 16:45:06 UTC,sensor07,236476538,20.27,90.76,2025-09-24 10:31:45+00:00,33.997168,-81.009487,73.1,8.65,-0.3,274.46,21.0,3D,2025-09-24 06:31:45-04:00,POINT (-81.009487 33.997168)
2025-09-23 16:45:11 UTC,sensor07,236476538,20.26,91.08,2025-09-24 10:31:50+00:00,33.997185,-81.009968,71.8,8.08,-0.2,272.26,21.0,3D,2025-09-24 06:31:50-04:00,POINT (-81.009968 33.997185)
2025-09-23 16:45:16 UTC,sensor07,236476538,20.22,91.12,2025-09-24 10:31:55+00:00,33.99724,-81.010422,72.1,7.4,0.0,276.09,21.0,3D,2025-09-24 06:31:55-04:00,POINT (-81.010422 33.99724)
2025-09-23 16:45:21 UTC,sensor07,236476538,20.18,91.14,2025-09-24 10:32:01+00:00,33.99727,-81.010765,72.3,3.59,0.1,0.0,21.0,3D,2025-09-24 06:32:01-04:00,POINT (-81.010765 33.99727)
2025-09-23 16:45:26 UTC,sensor07,236476538,20.19,91.23,2025-09-24 10:32:06+00:00,33.997443,-81.010797,70.3,4.48,-0.1,0.0,21.0,3D,2025-09-24 06:32:06-04:00,POINT (-81.010797 33.997443)
2025-09-23 16:45:31 UTC,sensor07,236476538,20.23,91.3,2025-09-24 10:32:11+00:00,33.997635,-81.010783,71.2,4.44,0.2,0.0,21.0,3D,2025-09-24 06:32:11-04:00,POINT (-81.010783 33.997635)
2025-09-23 16:45:36 UTC,sensor07,236476538,20.23,91.22,2025-09-24 10:32:16+00:00,33.997882,-81.010788,72.9,5.73,0.9,0.0,21.0,3D,2025-09-24 06:32:16-04:00,POINT (-81.010788 33.997882)
2025-09-23 16:45:41 UTC,sensor07,236476538,20.3,91.25,2025-09-24 10:32:21+00:00,33.998135,-81.010773,76.0,6.02,0.7,11.6,21.0,3D,2025-09-24 06:32:21-04:00,POINT (-81.010773 33.998135)
2025-09-23 16:45:46 UTC,sensor07,236476538,20.36,91.3,2025-09-24 10:32:23+00:00,33.998243,-81.010747,77.0,6.2,0.4,11.55,21.0,3D,2025-09-24 06:32:23-04:00,POINT (-81.010747 33.998243)
2025-09-23 16:46:01 UTC,sensor07,236476538,20.55,90.76,2025-09-24 10:32:41+00:00,33.998668,-81.010742,82.7,4.89,0.1,318.08,21.0,3D,2025-09-24 06:32:41-04:00,POINT (-81.010742 33.998668)
2025-09-23 16:46:06 UTC,sensor07,236476538,20.75,90.31,2025-09-24 10:32:46+00:00,33.998732,-81.011117,84.0,9.1,-0.2,273.43,21.0,3D,2025-09-24 06:32:46-04:00,POINT (-81.011117 33.998732)
2025-09-23 16:46:11 UTC,sensor07,236476538,20.86,89.71,2025-09-24 10:32:51+00:00,33.998762,-81.011663,83.0,10.37,-0.7,274.98,21.0,3D,2025-09-24 06:32:51-04:00,POINT (-81.011663 33.998762)
2025-09-23 16:46:16 UTC,sensor07,236476538,20.59,89.46,2025-09-24 10:32:56+00:00,33.998782,-81.012182,81.0,8.65,-0.6,274.9,21.0,3D,2025-09-24 06:32:56-04:00,POINT (-81.012182 33.998782)
2025-09-23 16:46:21 UTC,sensor07,236476538,20.51,89.92,2025-09-24 10:33:01+00:00,33.998822,-81.012648,79.5,9.32,-0.5,274.24,21.0,3D,2025-09-24 06:33:01-04:00,POINT (-81.012648 33.998822)
2025-09-23 16:46:26 UTC,sensor07,236476538,20.71,90.11,2025-09-24 10:33:06+00:00,33.998885,-81.013183,75.3,10.4,-1.7,273.64,21.0,3D,2025-09-24 06:33:06-04:00,POINT (-81.013183 33.998885)
2025-09-23 16:46:31 UTC,sensor07,236476538,21.02,89.85,2025-09-24 10:33:11+00:00,33.998917,-81.013753,74.9,9.9,0.7,273.91,21.0,3D,2025-09-24 06:33:11-04:00,POINT (-81.013753 33.998917)
2025-09-23 16:46:37 UTC,sensor07,236476538,21.05,89.24,2025-09-24 10:33:16+00:00,33.998947,-81.014318,71.3,10.42,-0.8,272.64,21.0,3D,2025-09-24 06:33:16-04:00,POINT (-81.014318 33.998947)
2025-09-23 16:46:42 UTC,sensor07,236476538,20.86,88.61,2025-09-24 10:33:21+00:00,33.998982,-81.014855,65.9,9.53,-0.9,276.92,21.0,3D,2025-09-24 06:33:21-04:00,POINT (-81.014855 33.998982)
2025-09-23 16:46:47 UTC,sensor07,236476538,20.85,88.55,2025-09-24 10:33:26+00:00,33.999017,-81.015285,62.2,6.12,-0.7,276.13,21.0,3D,2025-09-24 06:33:26-04:00,POINT (-81.015285 33.999017)
2025-09-23 16:46:52 UTC,sensor07,236476538,20.75,88.71,2025-09-24 10:33:31+00:00,33.999055,-81.015482,63.8,2.26,0.3,320.27,21.0,3D,2025-09-24 06:33:31-04:00,POINT (-81.015482 33.999055)
2025-09-23 16:46:57 UTC,sensor07,236476538,20.66,88.91,2025-09-24 10:33:36+00:00,33.999168,-81.015468,64.3,3.92,0.2,36.52,21.0,3D,2025-09-24 06:33:36-04:00,POINT (-81.015468 33.999168)
2025-09-23 16:47:02 UTC,sensor07,236476538,20.51,89.08,2025-09-24 10:33:41+00:00,33.999322,-81.015285,67.3,5.23,0.5,43.47,21.0,3D,2025-09-24 06:33:41-04:00,POINT (-81.015285 33.999322)
2025-09-23 16:47:07 UTC,sensor07,236476538,20.43,89.39,2025-09-24 10:33:47+00:00,33.999538,-81.01502,68.9,5.95,0.1,0.0,21.0,3D,2025-09-24 06:33:47-04:00,POINT (-81.01502 33.999538)
2025-09-23 16:47:12 UTC,sensor07,236476538,20.31,89.58,2025-09-24 10:33:52+00:00,33.999757,-81.014773,69.1,7.15,0.3,0.0,21.0,3D,2025-09-24 06:33:52-04:00,POINT (-81.014773 33.999757)
2025-09-23 16:47:17 UTC,sensor07,236476538,20.21,89.96,2025-09-24 10:33:57+00:00,33.99995,-81.01453,69.2,5.69,-0.1,0.0,21.0,3D,2025-09-24 06:33:57-04:00,POINT (-81.01453 33.99995)
2025-09-23 16:47:22 UTC,sensor07,236476538,20.13,90.21,2025-09-24 10:34:02+00:00,34.000093,-81.014428,69.1,3.33,0.2,0.0,21.0,3D,2025-09-24 06:34:02-04:00,POINT (-81.014428 34.000093)
2025-09-23 16:47:27 UTC,sensor07,236476538,20.05,90.46,2025-09-24 10:34:07+00:00,34.000237,-81.014585,69.6,4.62,0.3,0.0,21.0,3D,2025-09-24 06:34:07-04:00,POINT (-81.014585 34.000237)
2025-09-23 16:47:32 UTC,sensor07,236476538,19.92,90.73,2025-09-24 10:34:12+00:00,34.00042,-81.014857,70.8,7.27,0.3,311.19,21.0,3D,2025-09-24 06:34:12-04:00,POINT (-81.014857 34.00042)
2025-09-23 16:47:37 UTC,sensor07,236476538,19.85,91.2,2025-09-24 10:34:17+00:00,34.00063,-81.015147,71.7,4.76,0.0,308.65,21.0,3D,2025-09-24 06:34:17-04:00,POINT (-81.015147 34.00063)
2025-09-23 16:47:47 UTC,sensor07,236476538,19.82,91.49,2025-09-24 10:34:26+00:00,34.000755,-81.015285,71.6,3.28,0.1,353.04,21.0,3D,2025-09-24 06:34:26-04:00,POINT (-81.015285 34.000755)
2025-09-23 16:47:52 UTC,sensor07,236476538,19.78,91.66,2025-09-24 10:34:32+00:00,34.000963,-81.015162,71.9,5.75,0.1,35.59,21.0,3D,2025-09-24 06:34:32-04:00,POINT (-81.015162 34.000963)
2025-09-23 16:47:57 UTC,sensor07,236476538,19.72,91.83,2025-09-24 10:34:37+00:00,34.001163,-81.014997,70.9,6.21,-0.1,33.23,21.0,3D,2025-09-24 06:34:37-04:00,POINT (-81.014997 34.001163)
2025-09-23 16:48:02 UTC,sensor07,236476538,19.65,91.98,2025-09-24 10:34:42+00:00,34.001392,-81.014798,69.6,7.17,-0.1,32.75,21.0,3D,2025-09-24 06:34:42-04:00,POINT (-81.014798 34.001392)
2025-09-23 16:48:07 UTC,sensor07,236476538,19.61,92.24,2025-09-24 10:34:47+00:00,34.00165,-81.014592,71.4,6.44,0.9,34.38,21.0,3D,2025-09-24 06:34:47-04:00,POINT (-81.014592 34.00165)
2025-09-23 16:48:12 UTC,sensor07,236476538,19.63,92.33,2025-09-24 10:34:52+00:00,34.001902,-81.014393,72.1,6.66,0.4,36.45,20.0,3D,2025-09-24 06:34:52-04:00,POINT (-81.014393 34.001902)
2025-09-23 16:48:18 UTC,sensor07,236476538,19.64,92.26,2025-09-24 10:34:57+00:00,34.002103,-81.014173,73.0,4.28,0.0,45.7,20.0,3D,2025-09-24 06:34:57-04:00,POINT (-81.014173 34.002103)
2025-09-23 16:48:28 UTC,sensor07,236476538,19.64,92.07,2025-09-24 10:35:07+00:00,34.002243,-81.014,72.8,3.49,-0.2,37.35,20.0,3D,2025-09-24 06:35:07-04:00,POINT (-81.014 34.002243)
2025-09-23 16:48:33 UTC,sensor07,236476538,19.69,92.16,2025-09-24 10:35:12+00:00,34.002393,-81.013858,72.0,3.96,-0.2,39.59,20.0,3D,2025-09-24 06:35:12-04:00,POINT (-81.013858 34.002393)
2025-09-23 16:48:38 UTC,sensor07,236476538,19.82,92.21,2025-09-24 10:35:17+00:00,34.002525,-81.013715,71.0,3.62,-0.3,39.85,20.0,3D,2025-09-24 06:35:17-04:00,POINT (-81.013715 34.002525)
2025-09-23 16:48:43 UTC,sensor07,236476538,19.76,92.04,2025-09-24 10:35:23+00:00,34.002657,-81.013457,71.4,5.79,-0.2,0.0,20.0,3D,2025-09-24 06:35:23-04:00,POINT (-81.013457 34.002657)
2025-09-23 16:48:48 UTC,sensor07,236476538,19.75,92.09,2025-09-24 10:35:28+00:00,34.002813,-81.013178,73.0,6.11,0.7,0.0,20.0,3D,2025-09-24 06:35:28-04:00,POINT (-81.013178 34.002813)
2025-09-23 16:48:53 UTC,sensor07,236476538,19.83,92.03,2025-09-24 10:35:33+00:00,34.00295,-81.012877,74.6,6.51,-0.1,0.0,20.0,3D,2025-09-24 06:35:33-04:00,POINT (-81.012877 34.00295)
2025-09-23 16:48:58 UTC,sensor07,236476538,19.8,91.96,2025-09-24 10:35:38+00:00,34.003078,-81.012585,73.9,6.46,-0.2,0.0,20.0,3D,2025-09-24 06:35:38-04:00,POINT (-81.012585 34.003078)
2025-09-23 16:49:03 UTC,sensor07,236476538,19.85,91.9,2025-09-24 10:35:43+00:00,34.003225,-81.01231,72.2,5.23,-0.4,0.0,4.0,3D,2025-09-24 06:35:43-04:00,POINT (-81.01231 34.003225)
2025-09-23 16:49:18 UTC,sensor07,236476538,19.87,91.55,2025-09-24 10:35:58+00:00,34.003193,-81.012083,68.9,4.03,-0.2,0.0,10.0,3D,2025-09-24 06:35:58-04:00,POINT (-81.012083 34.003193)
2025-09-23 16:49:23 UTC,sensor07,236476538,19.78,91.73,2025-09-24 10:36:03+00:00,34.002998,-81.012022,68.8,4.25,-0.2,0.0,10.0,3D,2025-09-24 06:36:03-04:00,POINT (-81.012022 34.002998)
2025-09-23 16:49:28 UTC,sensor07,236476538,19.75,92.01,2025-09-24 10:36:08+00:00,34.002777,-81.011962,67.2,5.03,-0.4,0.0,14.0,3D,2025-09-24 06:36:08-04:00,POINT (-81.011962 34.002777)
2025-09-23 16:49:33 UTC,sensor07,236476538,19.8,92.02,2025-09-24 10:36:13+00:00,34.00252,-81.011903,68.5,6.5,0.4,0.0,14.0,3D,2025-09-24 06:36:13-04:00,POINT (-81.011903 34.00252)
2025-09-23 16:49:43 UTC,sensor07,236476538,19.75,91.84,2025-09-24 10:36:23+00:00,34.00224,-81.01196,70.7,4.53,-0.1,0.0,18.0,3D,2025-09-24 06:36:23-04:00,POINT (-81.01196 34.00224)
2025-09-23 16:49:48 UTC,sensor07,236476538,19.76,91.83,2025-09-24 10:36:27+00:00,34.002123,-81.012092,69.3,3.9,-0.3,208.07,21.0,3D,2025-09-24 06:36:27-04:00,POINT (-81.012092 34.002123)
2025-09-23 16:49:53 UTC,sensor07,236476538,19.73,91.88,2025-09-24 10:36:33+00:00,34.001962,-81.012128,70.0,2.48,0.2,186.08,21.0,3D,2025-09-24 06:36:33-04:00,POINT (-81.012128 34.001962)
2025-09-23 16:49:58 UTC,sensor07,236476538,19.79,91.98,2025-09-24 10:36:38+00:00,34.001775,-81.01217,72.5,4.57,0.0,185.25,21.0,3D,2025-09-24 06:36:38-04:00,POINT (-81.01217 34.001775)
2025-09-23 16:50:14 UTC,sensor07,236476538,19.91,92.0,2025-09-24 10:36:53+00:00,34.00155,-81.011993,74.2,4.34,0.4,92.06,21.0,3D,2025-09-24 06:36:53-04:00,POINT (-81.011993 34.00155)
2025-09-23 16:50:19 UTC,sensor07,236476538,19.92,91.87,2025-09-24 10:36:58+00:00,34.001542,-81.011727,75.9,4.58,0.3,94.9,21.0,3D,2025-09-24 06:36:58-04:00,POINT (-81.011727 34.001542)
2025-09-23 16:50:24 UTC,sensor07,236476538,19.94,91.71,2025-09-24 10:37:03+00:00,34.001532,-81.011465,78.6,5.4,0.5,93.49,21.0,3D,2025-09-24 06:37:03-04:00,POINT (-81.011465 34.001532)
2025-09-23 16:50:29 UTC,sensor07,236476538,19.95,91.66,2025-09-24 10:37:08+00:00,34.001508,-81.011145,80.5,5.84,-0.2,93.92,21.0,3D,2025-09-24 06:37:08-04:00,POINT (-81.011145 34.001508)
2025-09-23 16:50:34 UTC,sensor07,236476538,19.98,91.81,2025-09-24 10:37:13+00:00,34.001475,-81.010813,80.5,5.6,-0.2,92.92,21.0,3D,2025-09-24 06:37:13-04:00,POINT (-81.010813 34.001475)
2025-09-23 16:50:39 UTC,sensor07,236476538,20.02,92.08,2025-09-24 10:37:18+00:00,34.001463,-81.010558,78.8,2.96,-0.8,95.35,21.0,3D,2025-09-24 06:37:18-04:00,POINT (-81.010558 34.001463)
2025-09-23 16:50:44 UTC,sensor07,236476538,20.05,92.07,2025-09-24 10:37:24+00:00,34.001453,-81.010253,76.9,5.39,0.9,0.0,21.0,3D,2025-09-24 06:37:24-04:00,POINT (-81.010253 34.001453)
2025-09-23 16:50:49 UTC,sensor07,236476538,20.05,91.9,2025-09-24 10:37:29+00:00,34.001447,-81.009918,76.1,6.34,-0.2,0.0,21.0,3D,2025-09-24 06:37:29-04:00,POINT (-81.009918 34.001447)
2025-09-23 16:50:54 UTC,sensor07,236476538,19.99,91.9,2025-09-24 10:37:34+00:00,34.001422,-81.009558,76.1,6.95,-0.1,0.0,21.0,3D,2025-09-24 06:37:34-04:00,POINT (-81.009558 34.001422)
2025-09-23 16:50:59 UTC,sensor07,236476538,20.06,92.15,2025-09-24 10:37:39+00:00,34.001387,-81.00924,76.7,6.14,0.4,0.0,21.0,3D,2025-09-24 06:37:39-04:00,POINT (-81.00924 34.001387)
2025-09-23 16:51:04 UTC,sensor07,236476538,20.17,92.12,2025-09-24 10:37:44+00:00,34.001345,-81.008943,78.6,5.11,0.2,0.0,21.0,3D,2025-09-24 06:37:44-04:00,POINT (-81.008943 34.001345)
2025-09-23 16:51:09 UTC,sensor07,236476538,20.17,92.02,2025-09-24 10:37:49+00:00,34.001368,-81.00878,80.4,2.65,0.3,84.02,21.0,3D,2025-09-24 06:37:49-04:00,POINT (-81.00878 34.001368)
2025-09-23 16:51:14 UTC,sensor07,236476538,20.24,92.04,2025-09-24 10:37:54+00:00,34.001478,-81.00867,82.0,5.23,0.2,2.18,21.0,3D,2025-09-24 06:37:54-04:00,POINT (-81.00867 34.001478)
2025-09-23 16:51:19 UTC,sensor07,236476538,20.28,91.84,2025-09-24 10:37:59+00:00,34.001752,-81.008655,83.4,5.88,0.4,6.67,21.0,3D,2025-09-24 06:37:59-04:00,POINT (-81.008655 34.001752)
2025-09-23 16:51:24 UTC,sensor07,236476538,20.36,91.66,2025-09-24 10:38:04+00:00,34.002032,-81.008638,85.4,6.59,0.7,3.2,21.0,3D,2025-09-24 06:38:04-04:00,POINT (-81.008638 34.002032)
2025-09-23 16:51:29 UTC,sensor07,236476538,20.4,91.57,2025-09-24 10:38:09+00:00,34.002372,-81.008607,86.4,7.32,-0.1,6.6,21.0,3D,2025-09-24 06:38:09-04:00,POINT (-81.008607 34.002372)
2025-09-23 16:51:34 UTC,sensor07,236476538,20.44,91.44,2025-09-24 10:38:14+00:00,34.002628,-81.008578,86.8,3.02,0.3,7.14,21.0,3D,2025-09-24 06:38:14-04:00,POINT (-81.008578 34.002628)
2025-09-23 16:51:44 UTC,sensor07,236476538,20.55,91.39,2025-09-24 10:38:24+00:00,34.002768,-81.008417,87.1,3.69,0.0,78.08,21.0,3D,2025-09-24 06:38:24-04:00,POINT (-81.008417 34.002768)
2025-09-23 16:51:49 UTC,sensor07,236476538,20.6,91.26,2025-09-24 10:38:29+00:00,34.00277,-81.008145,87.8,4.88,-0.3,93.21,21.0,3D,2025-09-24 06:38:29-04:00,POINT (-81.008145 34.00277)
2025-09-23 16:51:54 UTC,sensor07,236476538,20.57,91.18,2025-09-24 10:38:30+00:00,34.002768,-81.008092,87.6,4.86,-0.2,96.66,21.0,3D,2025-09-24 06:38:30-04:00,POINT (-81.008092 34.002768)
2025-09-23 16:51:59 UTC,sensor07,236476538,20.6,91.13,2025-09-24 10:38:39+00:00,34.002715,-81.007445,88.0,6.97,0.0,95.5,21.0,3D,2025-09-24 06:38:39-04:00,POINT (-81.007445 34.002715)
2025-09-23 16:52:04 UTC,sensor07,236476538,20.62,90.97,2025-09-24 10:38:44+00:00,34.002685,-81.007123,89.5,4.67,0.0,97.99,21.0,3D,2025-09-24 06:38:44-04:00,POINT (-81.007123 34.002685)
2025-09-23 16:52:15 UTC,sensor07,236476538,20.67,90.92,2025-09-24 10:38:54+00:00,34.002648,-81.006768,92.9,5.59,0.7,95.17,21.0,3D,2025-09-24 06:38:54-04:00,POINT (-81.006768 34.002648)
2025-09-23 16:52:20 UTC,sensor07,236476538,20.71,90.82,2025-09-24 10:38:59+00:00,34.002612,-81.006387,93.4,7.97,-0.3,96.23,21.0,3D,2025-09-24 06:38:59-04:00,POINT (-81.006387 34.002612)
2025-09-23 16:52:25 UTC,sensor07,236476538,20.76,90.7,2025-09-24 10:39:04+00:00,34.00258,-81.005983,94.9,7.18,0.4,94.61,21.0,3D,2025-09-24 06:39:04-04:00,POINT (-81.005983 34.00258)
2025-09-23 16:52:30 UTC,sensor07,236476538,20.75,90.57,2025-09-24 10:39:09+00:00,34.002545,-81.0056,95.5,6.62,0.3,97.0,21.0,3D,2025-09-24 06:39:09-04:00,POINT (-81.0056 34.002545)
2025-09-23 16:52:40 UTC,sensor07,236476538,20.83,90.43,2025-09-24 10:39:19+00:00,34.00252,-81.005247,93.2,2.56,-0.2,99.09,21.0,3D,2025-09-24 06:39:19-04:00,POINT (-81.005247 34.00252)
2025-09-23 16:52:45 UTC,sensor07,236476538,20.81,90.3,2025-09-24 10:39:24+00:00,34.002513,-81.005055,93.9,4.94,-0.2,91.93,21.0,3D,2025-09-24 06:39:24-04:00,POINT (-81.005055 34.002513)
2025-09-23 16:52:50 UTC,sensor07,236476538,20.78,90.22,2025-09-24 10:39:30+00:00,34.002495,-81.004608,95.6,7.87,0.2,0.0,21.0,3D,2025-09-24 06:39:30-04:00,POINT (-81.004608 34.002495)
2025-09-23 16:52:55 UTC,sensor07,236476538,20.76,90.39,2025-09-24 10:39:35+00:00,34.002482,-81.00422,95.3,6.48,-0.1,0.0,21.0,3D,2025-09-24 06:39:35-04:00,POINT (-81.00422 34.002482)
2025-09-23 16:53:00 UTC,sensor07,236476538,20.79,90.55,2025-09-24 10:39:40+00:00,34.00244,-81.003855,95.0,7.47,0.0,0.0,21.0,3D,2025-09-24 06:39:40-04:00,POINT (-81.003855 34.00244)
2025-09-23 16:53:05 UTC,sensor07,236476538,20.76,90.5,2025-09-24 10:39:45+00:00,34.002417,-81.003443,94.3,7.07,0.0,93.85,21.0,3D,2025-09-24 06:39:45-04:00,POINT (-81.003443 34.002417)
2025-09-23 16:53:10 UTC,sensor07,236476538,20.77,90.55,2025-09-24 10:39:50+00:00,34.002387,-81.003142,93.3,3.78,-0.5,99.57,21.0,3D,2025-09-24 06:39:50-04:00,POINT (-81.003142 34.002387)
2025-09-23 16:53:20 UTC,sensor07,236476538,20.72,90.52,2025-09-24 10:40:00+00:00,34.002287,-81.002945,91.9,3.66,-0.1,167.38,20.0,3D,2025-09-24 06:40:00-04:00,POINT (-81.002945 34.002287)
2025-09-23 16:53:25 UTC,sensor07,236476538,20.67,90.58,2025-09-24 10:40:05+00:00,34.002022,-81.00295,92.9,6.59,0.5,185.11,20.0,3D,2025-09-24 06:40:05-04:00,POINT (-81.00295 34.002022)
2025-09-23 16:53:30 UTC,sensor07,236476538,20.56,90.52,2025-09-24 10:40:10+00:00,34.001707,-81.003002,92.2,6.73,0.0,186.39,20.0,3D,2025-09-24 06:40:10-04:00,POINT (-81.003002 34.001707)
2025-09-23 16:53:35 UTC,sensor07,236476538,20.5,90.91,2025-09-24 10:40:15+00:00,34.001395,-81.003048,92.9,6.69,-0.1,184.76,20.0,3D,2025-09-24 06:40:15-04:00,POINT (-81.003048 34.001395)
2025-09-23 16:53:40 UTC,sensor07,236476538,20.47,91.04,2025-09-24 10:40:20+00:00,34.001147,-81.003067,93.7,3.38,0.3,187.51,20.0,3D,2025-09-24 06:40:20-04:00,POINT (-81.003067 34.001147)
2025-09-23 16:53:45 UTC,sensor07,236476538,20.47,91.16,2025-09-24 10:40:24+00:00,34.001077,-81.003082,94.4,3.02,0.1,189.29,20.0,3D,2025-09-24 06:40:24-04:00,POINT (-81.003082 34.001077)
2025-09-23 16:53:50 UTC,sensor07,236476538,20.39,91.27,2025-09-24 10:40:30+00:00,34.000833,-81.003088,93.8,5.67,-0.4,182.63,20.0,3D,2025-09-24 06:40:30-04:00,POINT (-81.003088 34.000833)
2025-09-23 16:53:56 UTC,sensor07,236476538,20.35,91.4,2025-09-24 10:40:35+00:00,34.00053,-81.00311,92.9,7.22,-0.7,184.95,20.0,3D,2025-09-24 06:40:35-04:00,POINT (-81.00311 34.00053)
2025-09-23 16:54:01 UTC,sensor07,236476538,20.33,91.58,2025-09-24 10:40:40+00:00,34.00021,-81.003135,91.1,6.94,-0.2,185.75,20.0,3D,2025-09-24 06:40:40-04:00,POINT (-81.003135 34.00021)
2025-09-23 16:54:06 UTC,sensor07,236476538,20.32,91.7,2025-09-24 10:40:45+00:00,33.999885,-81.003162,90.7,6.15,-0.1,185.38,20.0,3D,2025-09-24 06:40:45-04:00,POINT (-81.003162 33.999885)
2025-09-23 16:54:11 UTC,sensor07,236476538,20.33,91.82,2025-09-24 10:40:50+00:00,33.999673,-81.00321,89.6,3.89,0.1,192.8,20.0,3D,2025-09-24 06:40:50-04:00,POINT (-81.00321 33.999673)
2025-09-23 16:54:16 UTC,sensor07,236476538,20.38,91.83,2025-09-24 10:40:55+00:00,33.999573,-81.00335,91.0,3.95,0.4,263.45,21.0,3D,2025-09-24 06:40:55-04:00,POINT (-81.00335 33.999573)
2025-09-23 16:54:21 UTC,sensor07,236476538,20.47,91.84,2025-09-24 10:41:00+00:00,33.999587,-81.003658,90.9,6.05,-0.2,272.55,21.0,3D,2025-09-24 06:41:00-04:00,POINT (-81.003658 33.999587)
2025-09-23 16:54:26 UTC,sensor07,236476538,20.46,91.53,2025-09-24 10:41:05+00:00,33.999628,-81.003992,89.3,6.09,-0.6,275.86,21.0,3D,2025-09-24 06:41:05-04:00,POINT (-81.003992 33.999628)
2025-09-23 16:54:31 UTC,sensor07,236476538,20.43,91.36,2025-09-24 10:41:11+00:00,33.999667,-81.004508,86.6,8.81,-0.5,0.0,21.0,3D,2025-09-24 06:41:11-04:00,POINT (-81.004508 33.999667)
2025-09-23 16:54:36 UTC,sensor07,236476538,20.45,91.39,2025-09-24 10:41:16+00:00,33.999702,-81.004978,85.4,8.64,0.0,0.0,21.0,3D,2025-09-24 06:41:16-04:00,POINT (-81.004978 33.999702)
2025-09-23 16:54:41 UTC,sensor07,236476538,20.46,91.31,2025-09-24 10:41:21+00:00,33.999745,-81.005243,86.3,3.06,0.3,0.0,21.0,3D,2025-09-24 06:41:21-04:00,POINT (-81.005243 33.999745)
2025-09-23 16:54:46 UTC,sensor07,236476538,20.48,91.26,2025-09-24 10:41:26+00:00,33.999782,-81.005362,86.0,2.96,0.1,0.0,21.0,3D,2025-09-24 06:41:26-04:00,POINT (-81.005362 33.999782)
2025-09-23 16:54:51 UTC,sensor07,236476538,20.48,91.14,2025-09-24 10:41:31+00:00,34.00003,-81.005383,85.7,7.4,0.0,0.0,21.0,3D,2025-09-24 06:41:31-04:00,POINT (-81.005383 34.00003)
2025-09-23 16:54:56 UTC,sensor07,236476538,20.45,91.16,2025-09-24 10:41:36+00:00,34.000397,-81.005352,85.3,8.63,-0.4,5.01,21.0,3D,2025-09-24 06:41:36-04:00,POINT (-81.005352 34.000397)
2025-09-23 16:55:01 UTC,sensor07,236476538,20.46,91.18,2025-09-24 10:41:41+00:00,34.000793,-81.005297,84.3,8.13,-0.2,7.45,21.0,3D,2025-09-24 06:41:41-04:00,POINT (-81.005297 34.000793)
2025-09-23 16:55:11 UTC,sensor07,236476538,20.43,91.11,2025-09-24 10:41:51+00:00,34.001095,-81.005305,84.8,2.44,0.7,337.82,21.0,3D,2025-09-24 06:41:51-04:00,POINT (-81.005305 34.001095)
2025-09-23 16:55:16 UTC,sensor07,236476538,20.55,91.17,2025-09-24 10:41:56+00:00,34.001167,-81.005467,85.2,5.0,-0.1,278.52,21.0,3D,2025-09-24 06:41:56-04:00,POINT (-81.005467 34.001167)
2025-09-23 16:55:21 UTC,sensor07,236476538,20.6,90.99,2025-09-24 10:42:01+00:00,34.001205,-81.00586,84.7,8.02,0.0,276.76,21.0,3D,2025-09-24 06:42:01-04:00,POINT (-81.00586 34.001205)
2025-09-23 16:55:26 UTC,sensor07,236476538,20.64,90.92,2025-09-24 10:42:06+00:00,34.001223,-81.006263,84.1,7.03,-0.1,276.02,21.0,3D,2025-09-24 06:42:06-04:00,POINT (-81.006263 34.001223)
2025-09-23 16:55:31 UTC,sensor07,236476538,20.71,90.71,2025-09-24 10:42:11+00:00,34.001245,-81.006663,83.6,6.74,-0.4,272.27,21.0,3D,2025-09-24 06:42:11-04:00,POINT (-81.006663 34.001245)
2025-09-23 16:55:36 UTC,sensor07,236476538,20.72,90.56,2025-09-24 10:42:16+00:00,34.001262,-81.006838,82.5,2.43,-0.1,267.4,21.0,3D,2025-09-24 06:42:16-04:00,POINT (-81.006838 34.001262)
2025-09-23 16:55:41 UTC,sensor07,236476538,20.76,90.46,2025-09-24 10:42:21+00:00,34.001282,-81.007082,81.3,6.35,-0.2,272.82,21.0,3D,2025-09-24 06:42:21-04:00,POINT (-81.007082 34.001282)
2025-09-23 16:55:46 UTC,sensor07,236476538,20.85,90.27,2025-09-24 10:42:24+00:00,34.001293,-81.007335,81.0,7.9,-0.1,269.3,21.0,3D,2025-09-24 06:42:24-04:00,POINT (-81.007335 34.001293)
2025-09-23 16:55:52 UTC,sensor07,236476538,20.86,90.14,2025-09-24 10:42:30+00:00,34.001307,-81.0078,79.5,6.8,-0.2,272.01,21.0,3D,2025-09-24 06:42:30-04:00,POINT (-81.0078 34.001307)
2025-09-23 16:55:57 UTC,sensor07,236476538,20.67,89.94,2025-09-24 10:42:36+00:00,34.00132,-81.008277,78.0,7.61,-0.1,270.5,21.0,3D,2025-09-24 06:42:36-04:00,POINT (-81.008277 34.00132)
2025-09-23 16:56:02 UTC,sensor07,236476538,20.66,90.19,2025-09-24 10:42:41+00:00,34.00136,-81.008588,75.9,3.38,-0.8,274.59,21.0,3D,2025-09-24 06:42:41-04:00,POINT (-81.008588 34.00136)
2025-09-23 16:56:07 UTC,sensor07,236476538,20.58,90.32,2025-09-24 10:42:46+00:00,34.001367,-81.008833,74.5,6.95,-0.1,272.21,21.0,3D,2025-09-24 06:42:46-04:00,POINT (-81.008833 34.001367)
2025-09-23 16:56:12 UTC,sensor07,236476538,20.52,90.45,2025-09-24 10:42:51+00:00,34.001395,-81.009235,73.1,7.39,-0.2,274.36,21.0,3D,2025-09-24 06:42:51-04:00,POINT (-81.009235 34.001395)
2025-09-23 16:56:17 UTC,sensor07,236476538,20.32,90.57,2025-09-24 10:42:56+00:00,34.001427,-81.009615,71.9,5.85,-0.2,274.99,21.0,3D,2025-09-24 06:42:56-04:00,POINT (-81.009615 34.001427)
2025-09-23 16:56:22 UTC,sensor07,236476538,20.25,90.85,2025-09-24 10:43:01+00:00,34.00144,-81.009953,71.5,6.39,-0.2,271.32,21.0,3D,2025-09-24 06:43:01-04:00,POINT (-81.009953 34.00144)
2025-09-23 16:56:27 UTC,sensor07,236476538,20.27,91.12,2025-09-24 10:43:06+00:00,34.001462,-81.010225,70.7,3.34,-0.3,273.08,21.0,3D,2025-09-24 06:43:06-04:00,POINT (-81.010225 34.001462)
2025-09-23 16:56:32 UTC,sensor07,236476538,20.27,91.2,2025-09-24 10:43:12+00:00,34.001493,-81.010388,70.7,3.58,0.4,0.0,21.0,3D,2025-09-24 06:43:12-04:00,POINT (-81.010388 34.001493)
2025-09-23 16:56:37 UTC,sensor07,236476538,20.28,91.35,2025-09-24 10:43:17+00:00,34.001505,-81.01067,72.3,6.16,0.0,0.0,21.0,3D,2025-09-24 06:43:17-04:00,POINT (-81.01067 34.001505)
2025-09-23 16:56:42 UTC,sensor07,236476538,20.19,91.31,2025-09-24 10:43:22+00:00,34.001537,-81.011043,71.1,7.27,-0.3,0.0,21.0,3D,2025-09-24 06:43:22-04:00,POINT (-81.011043 34.001537)
2025-09-23 16:56:47 UTC,sensor07,236476538,20.16,91.29,2025-09-24 10:43:27+00:00,34.001572,-81.01144,69.5,7.29,0.0,0.0,21.0,3D,2025-09-24 06:43:27-04:00,POINT (-81.01144 34.001572)
2025-09-23 16:56:52 UTC,sensor07,236476538,20.16,91.35,2025-09-24 10:43:32+00:00,34.001597,-81.011815,69.3,6.02,-0.1,276.12,21.0,3D,2025-09-24 06:43:32-04:00,POINT (-81.011815 34.001597)
2025-09-23 16:57:02 UTC,sensor07,236476538,20.09,90.94,2025-09-24 10:43:42+00:00,34.001717,-81.01209,69.9,5.01,-0.1,352.91,21.0,3D,2025-09-24 06:43:42-04:00,POINT (-81.01209 34.001717)
2025-09-23 16:57:07 UTC,sensor07,236476538,20.01,90.98,2025-09-24 10:43:47+00:00,34.001965,-81.012063,68.4,5.06,0.0,7.44,21.0,3D,2025-09-24 06:43:47-04:00,POINT (-81.012063 34.001965)
2025-09-23 16:57:12 UTC,sensor07,236476538,19.95,91.15,2025-09-24 10:43:52+00:00,34.002112,-81.012038,68.8,3.76,0.2,10.53,21.0,3D,2025-09-24 06:43:52-04:00,POINT (-81.012038 34.002112)
2025-09-23 16:57:17 UTC,sensor07,236476538,19.95,91.39,2025-09-24 10:43:57+00:00,34.002317,-81.011905,69.4,5.26,-0.1,29.03,21.0,3D,2025-09-24 06:43:57-04:00,POINT (-81.011905 34.002317)
2025-09-23 16:57:22 UTC,sensor07,236476538,19.95,91.45,2025-09-24 10:44:02+00:00,34.002563,-81.011862,68.9,5.3,0.1,356.9,21.0,3D,2025-09-24 06:44:02-04:00,POINT (-81.011862 34.002563)
2025-09-23 16:57:27 UTC,sensor07,236476538,19.96,91.56,2025-09-24 10:44:07+00:00,34.00283,-81.011927,69.8,6.52,0.5,351.15,21.0,3D,2025-09-24 06:44:07-04:00,POINT (-81.011927 34.00283)
2025-09-23 16:57:32 UTC,sensor07,236476538,19.88,91.67,2025-09-24 10:44:12+00:00,34.0031,-81.012013,70.3,6.21,0.2,343.17,21.0,3D,2025-09-24 06:44:12-04:00,POINT (-81.012013 34.0031)
2025-09-23 16:57:42 UTC,sensor07,236476538,19.84,91.84,2025-09-24 10:44:22+00:00,34.003342,-81.012207,66.6,4.08,-0.2,261.48,21.0,3D,2025-09-24 06:44:22-04:00,POINT (-81.012207 34.003342)
2025-09-23 16:57:47 UTC,sensor07,236476538,19.8,91.8,2025-09-24 10:44:25+00:00,34.003267,-81.01236,65.3,6.16,-0.5,235.58,21.0,3D,2025-09-24 06:44:25-04:00,POINT (-81.01236 34.003267)
2025-09-23 16:57:53 UTC,sensor07,236476538,19.84,92.07,2025-09-24 10:44:31+00:00,34.003043,-81.012748,63.2,6.61,-0.4,240.49,23.0,3D,2025-09-24 06:44:31-04:00,POINT (-81.012748 34.003043)
2025-09-23 16:57:58 UTC,sensor07,236476538,19.84,92.07,2025-09-24 10:44:31+00:00,34.003043,-81.012748,63.2,6.61,-0.4,240.49,23.0,3D,2025-09-24 06:44:31-04:00,POINT (-81.012748 34.003043)
2025-09-23 16:58:03 UTC,sensor07,236476538,19.84,91.99,2025-09-24 10:44:42+00:00,34.00282,-81.013327,62.6,3.81,-0.1,264.77,21.0,3D,2025-09-24 06:44:42-04:00,POINT (-81.013327 34.00282)
2025-09-23 16:58:48 UTC,sensor07,236476538,20.21,91.0,2025-09-24 10:45:28+00:00,34.002713,-81.013662,62.1,4.01,-0.1,0.0,21.0,3D,2025-09-24 06:45:28-04:00,POINT (-81.013662 34.002713)
2025-09-23 16:58:53 UTC,sensor07,236476538,20.23,91.09,2025-09-24 10:45:33+00:00,34.002657,-81.013892,62.9,4.41,0.3,0.0,4.0,3D,2025-09-24 06:45:33-04:00,POINT (-81.013892 34.002657)
2025-09-23 16:59:03 UTC,sensor07,236476538,20.18,91.02,2025-09-24 10:45:43+00:00,34.002485,-81.01404,66.3,3.99,0.1,0.0,4.0,3D,2025-09-24 06:45:43-04:00,POINT (-81.01404 34.002485)
2025-09-23 00:20:45 UTC,sensor08,236476534,19.43,92.31,2025-09-24 10:00:17+00:00,34.030345,-81.045505,63.3,14.32,0.2,104.29,10.0,3D,2025-09-24 06:00:17-04:00,POINT (-81.045505 34.030345)
2025-09-23 00:20:50 UTC,sensor08,236476534,19.58,92.0,2025-09-24 10:00:22+00:00,34.030287,-81.044742,65.7,13.41,0.4,92.57,10.0,3D,2025-09-24 06:00:22-04:00,POINT (-81.044742 34.030287)
2025-09-23 00:20:55 UTC,sensor08,236476534,19.67,91.56,2025-09-24 10:00:26+00:00,34.03025,-81.04417,68.4,12.36,0.8,92.52,10.0,3D,2025-09-24 06:00:26-04:00,POINT (-81.04417 34.03025)
2025-09-23 00:21:00 UTC,sensor08,236476534,19.77,91.16,2025-09-24 10:00:32+00:00,34.030155,-81.043335,69.0,12.18,0.1,94.51,10.0,3D,2025-09-24 06:00:32-04:00,POINT (-81.043335 34.030155)
2025-09-23 00:21:05 UTC,sensor08,236476534,19.88,90.86,2025-09-24 10:00:35+00:00,34.030125,-81.042982,0.0,10.76,0.0,96.35,10.0,3D,2025-09-24 06:00:35-04:00,POINT (-81.042982 34.030125)
2025-09-23 00:21:20 UTC,sensor08,236476534,19.93,90.37,2025-09-24 10:00:52+00:00,34.02985,-81.04257,67.3,8.18,0.1,186.59,10.0,3D,2025-09-24 06:00:52-04:00,POINT (-81.04257 34.02985)
2025-09-23 00:21:51 UTC,sensor08,236476534,19.61,91.05,2025-09-24 10:01:23+00:00,34.02548,-81.042268,71.2,15.41,0.6,181.3,10.0,3D,2025-09-24 06:01:23-04:00,POINT (-81.042268 34.02548)
2025-09-23 00:21:56 UTC,sensor08,236476534,19.31,91.01,2025-09-24 10:01:28+00:00,34.024773,-81.042357,74.1,15.55,0.6,189.39,10.0,3D,2025-09-24 06:01:28-04:00,POINT (-81.042357 34.024773)
2025-09-23 00:22:06 UTC,sensor08,236476534,19.89,91.77,2025-09-24 10:01:38+00:00,34.023408,-81.042748,80.2,14.86,0.4,186.66,10.0,3D,2025-09-24 06:01:38-04:00,POINT (-81.042748 34.023408)
2025-09-23 00:22:11 UTC,sensor08,236476534,20.29,90.58,2025-09-24 10:01:43+00:00,34.022702,-81.042762,82.3,14.85,0.4,181.6,10.0,3D,2025-09-24 06:01:43-04:00,POINT (-81.042762 34.022702)
2025-09-23 00:22:16 UTC,sensor08,236476534,20.66,89.61,2025-09-24 10:01:48+00:00,34.022018,-81.042743,84.0,14.26,0.3,179.07,11.0,3D,2025-09-24 06:01:48-04:00,POINT (-81.042743 34.022018)
2025-09-23 00:22:21 UTC,sensor08,236476534,21.13,88.49,2025-09-24 10:01:53+00:00,34.02135,-81.04258,84.7,14.21,0.0,161.87,11.0,3D,2025-09-24 06:01:53-04:00,POINT (-81.04258 34.02135)
2025-09-23 00:22:26 UTC,sensor08,236476534,21.52,87.28,2025-09-24 10:01:58+00:00,34.020682,-81.04229,84.7,14.95,0.0,161.22,11.0,3D,2025-09-24 06:01:58-04:00,POINT (-81.04229 34.020682)
2025-09-23 00:22:31 UTC,sensor08,236476534,21.62,86.18,2025-09-24 10:02:01+00:00,34.020305,-81.042142,84.6,14.61,-0.1,161.97,11.0,3D,2025-09-24 06:02:01-04:00,POINT (-81.042142 34.020305)
2025-09-23 00:22:36 UTC,sensor08,236476534,21.65,85.82,2025-09-24 10:02:08+00:00,34.019413,-81.041767,84.3,14.68,-0.04,160.2,11.0,3D,2025-09-24 06:02:08-04:00,POINT (-81.041767 34.019413)
2025-09-23 00:22:41 UTC,sensor08,236476534,21.63,85.58,2025-09-24 10:02:13+00:00,34.018807,-81.041492,84.0,14.38,-0.1,159.77,11.0,3D,2025-09-24 06:02:13-04:00,POINT (-81.041492 34.018807)
2025-09-23 00:22:46 UTC,sensor08,236476534,21.57,85.49,2025-09-24 10:02:18+00:00,34.018195,-81.041207,83.5,14.59,0.0,159.99,11.0,3D,2025-09-24 06:02:18-04:00,POINT (-81.041207 34.018195)
2025-09-23 00:22:51 UTC,sensor08,236476534,21.44,85.52,2025-09-24 10:02:23+00:00,34.01755,-81.040915,83.0,15.39,-0.1,159.77,11.0,3D,2025-09-24 06:02:23-04:00,POINT (-81.040915 34.01755)
2025-09-23 00:23:01 UTC,sensor08,236476534,21.35,85.59,2025-09-24 10:02:33+00:00,34.016157,-81.040268,83.7,15.28,-0.2,159.28,11.0,3D,2025-09-24 06:02:33-04:00,POINT (-81.040268 34.016157)
2025-09-23 00:23:06 UTC,sensor08,236476534,21.4,85.86,2025-09-24 10:02:38+00:00,34.01548,-81.03996,84.3,15.58,0.3,160.08,11.0,3D,2025-09-24 06:02:38-04:00,POINT (-81.03996 34.01548)
2025-09-23 00:23:11 UTC,sensor08,236476534,21.69,85.87,2025-09-24 10:02:43+00:00,34.014812,-81.039673,86.3,14.35,0.2,160.91,11.0,3D,2025-09-24 06:02:43-04:00,POINT (-81.039673 34.014812)
2025-09-23 00:23:16 UTC,sensor08,236476534,21.88,85.47,2025-09-24 10:02:48+00:00,34.014212,-81.039402,87.9,14.01,3.3,159.87,10.0,3D,2025-09-24 06:02:48-04:00,POINT (-81.039402 34.014212)
2025-09-23 00:23:21 UTC,sensor08,236476534,22.02,84.95,2025-09-24 10:02:53+00:00,34.013718,-81.039188,88.2,8.37,0.1,159.39,10.0,3D,2025-09-24 06:02:53-04:00,POINT (-81.039188 34.013718)
2025-09-23 00:24:02 UTC,sensor08,236476534,22.24,84.24,2025-09-24 10:03:34+00:00,34.013378,-81.039132,89.2,5.55,0.1,210.03,11.0,3D,2025-09-24 06:03:34-04:00,POINT (-81.039132 34.013378)
2025-09-23 00:24:07 UTC,sensor08,236476534,22.38,83.94,2025-09-24 10:03:39+00:00,34.013198,-81.039553,90.0,10.72,0.2,248.13,11.0,3D,2025-09-24 06:03:39-04:00,POINT (-81.039553 34.013198)
2025-09-23 00:24:12 UTC,sensor08,236476534,22.28,83.5,2025-09-24 10:03:44+00:00,34.013032,-81.04012,90.7,9.39,0.3,248.19,11.0,3D,2025-09-24 06:03:44-04:00,POINT (-81.04012 34.013032)
2025-09-23 00:24:17 UTC,sensor08,236476534,22.24,83.52,2025-09-24 10:03:49+00:00,34.012942,-81.040428,91.0,2.82,0.0,244.68,11.0,3D,2025-09-24 06:03:49-04:00,POINT (-81.040428 34.012942)
2025-09-23 00:25:17 UTC,sensor08,236476534,22.37,83.61,2025-09-24 10:04:50+00:00,34.012758,-81.04071,88.8,6.9,-0.3,0.0,11.0,3D,2025-09-24 06:04:50-04:00,POINT (-81.04071 34.012758)
2025-09-23 00:25:22 UTC,sensor08,236476534,22.14,83.62,2025-09-24 10:04:55+00:00,34.01229,-81.040543,88.2,12.19,-0.2,0.0,11.0,3D,2025-09-24 06:04:55-04:00,POINT (-81.040543 34.01229)
2025-09-23 00:25:28 UTC,sensor08,236476534,22.12,83.95,2025-09-24 10:05:00+00:00,34.011687,-81.040273,87.9,14.81,0.0,161.45,11.0,3D,2025-09-24 06:05:00-04:00,POINT (-81.040273 34.011687)
2025-09-23 00:25:48 UTC,sensor08,236476534,22.23,83.8,2025-09-24 10:05:20+00:00,34.008998,-81.039092,95.9,15.56,0.0,161.3,11.0,3D,2025-09-24 06:05:20-04:00,POINT (-81.039092 34.008998)
2025-09-23 00:25:53 UTC,sensor08,236476534,21.84,83.94,2025-09-24 10:05:25+00:00,34.008358,-81.038785,96.0,14.92,-0.4,159.43,11.0,3D,2025-09-24 06:05:25-04:00,POINT (-81.038785 34.008358)
2025-09-23 00:26:08 UTC,sensor08,236476534,22.01,83.83,2025-09-24 10:05:40+00:00,34.006302,-81.037902,87.0,12.69,0.0,164.25,11.0,3D,2025-09-24 06:05:40-04:00,POINT (-81.037902 34.006302)
2025-09-23 00:26:13 UTC,sensor08,236476534,22.13,84.09,2025-09-24 10:05:45+00:00,34.006045,-81.038012,87.5,8.02,0.3,234.46,11.0,3D,2025-09-24 06:05:45-04:00,POINT (-81.038012 34.006045)
2025-09-23 00:26:18 UTC,sensor08,236476534,22.03,83.97,2025-09-24 10:05:50+00:00,34.005847,-81.03852,88.1,11.68,-0.1,249.71,11.0,3D,2025-09-24 06:05:50-04:00,POINT (-81.03852 34.005847)
2025-09-23 00:26:23 UTC,sensor08,236476534,22.03,83.83,2025-09-24 10:05:55+00:00,34.00565,-81.039078,85.7,8.61,-0.5,245.53,11.0,3D,2025-09-24 06:05:55-04:00,POINT (-81.039078 34.00565)
2025-09-23 00:26:28 UTC,sensor08,236476534,21.93,83.98,2025-09-24 10:06:00+00:00,34.005465,-81.039302,83.8,5.46,-0.2,182.46,11.0,3D,2025-09-24 06:06:00-04:00,POINT (-81.039302 34.005465)
2025-09-23 00:26:33 UTC,sensor08,236476534,21.9,84.46,2025-09-24 10:06:03+00:00,34.005272,-81.039233,83.4,8.02,-0.2,160.97,11.0,3D,2025-09-24 06:06:03-04:00,POINT (-81.039233 34.005272)
2025-09-23 00:26:38 UTC,sensor08,236476534,22.03,84.67,2025-09-24 10:06:08+00:00,34.004897,-81.03906,84.8,8.55,0.4,157.8,11.0,3D,2025-09-24 06:06:08-04:00,POINT (-81.03906 34.004897)
2025-09-23 00:26:43 UTC,sensor08,236476534,22.02,84.4,2025-09-24 10:06:14+00:00,34.004513,-81.038858,87.5,5.51,0.4,159.04,11.0,3D,2025-09-24 06:06:14-04:00,POINT (-81.038858 34.004513)
2025-09-23 00:27:03 UTC,sensor08,236476534,22.05,84.32,2025-09-24 10:06:36+00:00,34.004052,-81.03869,87.4,9.04,0.1,0.0,11.0,3D,2025-09-24 06:06:36-04:00,POINT (-81.03869 34.004052)
2025-09-23 00:27:08 UTC,sensor08,236476534,22.03,84.29,2025-09-24 10:06:41+00:00,34.003592,-81.038505,87.0,11.17,-0.1,0.0,11.0,3D,2025-09-24 06:06:41-04:00,POINT (-81.038505 34.003592)
2025-09-23 00:27:13 UTC,sensor08,236476534,21.97,84.37,2025-09-24 10:06:46+00:00,34.00315,-81.038283,86.4,6.2,-0.2,0.0,11.0,3D,2025-09-24 06:06:46-04:00,POINT (-81.038283 34.00315)
2025-09-23 00:27:19 UTC,sensor08,236476534,21.96,84.68,2025-09-24 10:06:51+00:00,34.00295,-81.038157,86.7,6.42,0.1,0.0,11.0,3D,2025-09-24 06:06:51-04:00,POINT (-81.038157 34.00295)
2025-09-23 00:27:24 UTC,sensor08,236476534,21.89,84.82,2025-09-24 10:06:56+00:00,34.002595,-81.037997,86.8,9.79,0.0,0.0,4.0,3D,2025-09-24 06:06:56-04:00,POINT (-81.037997 34.002595)
2025-09-23 00:27:29 UTC,sensor08,236476534,22.02,84.83,2025-09-24 10:07:01+00:00,34.002147,-81.037802,86.5,10.42,-0.1,0.0,4.0,3D,2025-09-24 06:07:01-04:00,POINT (-81.037802 34.002147)
2025-09-23 00:27:34 UTC,sensor08,236476534,22.02,84.52,2025-09-24 10:07:06+00:00,34.001768,-81.037642,86.0,6.92,-0.1,0.0,8.0,3D,2025-09-24 06:07:06-04:00,POINT (-81.037642 34.001768)
2025-09-23 00:28:29 UTC,sensor08,236476534,22.09,84.35,2025-09-24 10:08:01+00:00,34.001533,-81.037528,85.7,6.28,-0.2,160.49,11.0,3D,2025-09-24 06:08:01-04:00,POINT (-81.037528 34.001533)
2025-09-23 00:28:34 UTC,sensor08,236476534,22.09,84.23,2025-09-24 10:08:04+00:00,34.001332,-81.03745,85.5,8.4,-0.1,161.42,11.0,3D,2025-09-24 06:08:04-04:00,POINT (-81.03745 34.001332)
2025-09-23 00:28:39 UTC,sensor08,236476534,22.16,84.09,2025-09-24 10:08:11+00:00,34.000723,-81.03713,85.9,9.58,0.0,159.19,11.0,3D,2025-09-24 06:08:11-04:00,POINT (-81.03713 34.000723)
2025-09-23 00:28:44 UTC,sensor08,236476534,22.15,84.03,2025-09-24 10:08:16+00:00,34.000425,-81.036997,86.0,5.56,0.0,156.8,11.0,3D,2025-09-24 06:08:16-04:00,POINT (-81.036997 34.000425)
2025-09-23 00:29:09 UTC,sensor08,236476534,22.19,83.83,2025-09-24 10:08:42+00:00,34.000238,-81.036912,86.0,6.2,-0.1,0.0,11.0,3D,2025-09-24 06:08:42-04:00,POINT (-81.036912 34.000238)
2025-09-23 00:29:15 UTC,sensor08,236476534,22.22,83.74,2025-09-24 10:08:47+00:00,33.999817,-81.036732,86.1,11.04,-0.1,0.0,11.0,3D,2025-09-24 06:08:47-04:00,POINT (-81.036732 33.999817)
2025-09-23 00:29:20 UTC,sensor08,236476534,22.07,83.75,2025-09-24 10:08:52+00:00,33.999333,-81.036525,86.1,11.25,0.1,159.85,11.0,3D,2025-09-24 06:08:52-04:00,POINT (-81.036525 33.999333)
2025-09-23 00:29:25 UTC,sensor08,236476534,22.03,84.14,2025-09-24 10:08:57+00:00,33.998875,-81.036325,85.7,10.92,-0.2,159.67,11.0,3D,2025-09-24 06:08:57-04:00,POINT (-81.036325 33.998875)
2025-09-23 00:29:30 UTC,sensor08,236476534,22.23,84.41,2025-09-24 10:09:02+00:00,33.998388,-81.03613,84.7,10.81,-0.3,161.01,11.0,3D,2025-09-24 06:09:02-04:00,POINT (-81.03613 33.998388)
2025-09-23 00:29:35 UTC,sensor08,236476534,22.19,83.92,2025-09-24 10:09:07+00:00,33.997913,-81.035923,84.0,11.09,-0.1,159.53,11.0,3D,2025-09-24 06:09:07-04:00,POINT (-81.035923 33.997913)
2025-09-23 00:29:40 UTC,sensor08,236476534,22.13,83.82,2025-09-24 10:09:12+00:00,33.997437,-81.03569,84.4,10.71,0.2,160.75,11.0,3D,2025-09-24 06:09:12-04:00,POINT (-81.03569 33.997437)
2025-09-23 00:29:45 UTC,sensor08,236476534,22.17,83.85,2025-09-24 10:09:17+00:00,33.996968,-81.035477,84.1,11.83,-0.1,159.81,12.0,3D,2025-09-24 06:09:17-04:00,POINT (-81.035477 33.996968)
2025-09-23 00:29:50 UTC,sensor08,236476534,22.08,84.06,2025-09-24 10:09:22+00:00,33.996473,-81.035267,83.7,10.79,0.1,159.58,12.0,3D,2025-09-24 06:09:22-04:00,POINT (-81.035267 33.996473)
2025-09-23 00:29:55 UTC,sensor08,236476534,22.03,84.14,2025-09-24 10:09:27+00:00,33.996098,-81.035143,85.2,6.03,0.1,180.24,12.0,3D,2025-09-24 06:09:27-04:00,POINT (-81.035143 33.996098)
2025-09-23 00:30:00 UTC,sensor08,236476534,22.0,84.15,2025-09-24 10:09:32+00:00,33.995905,-81.035458,84.8,9.56,-1.0,249.62,12.0,3D,2025-09-24 06:09:32-04:00,POINT (-81.035458 33.995905)
2025-09-23 00:30:05 UTC,sensor08,236476534,21.99,84.14,2025-09-24 10:09:38+00:00,33.99572,-81.036083,80.2,10.11,-0.8,0.0,12.0,3D,2025-09-24 06:09:38-04:00,POINT (-81.036083 33.99572)
2025-09-23 00:30:11 UTC,sensor08,236476534,21.96,84.11,2025-09-24 10:09:43+00:00,33.995617,-81.036438,77.8,3.08,-0.3,249.19,12.0,3D,2025-09-24 06:09:43-04:00,POINT (-81.036438 33.995617)
2025-09-23 00:30:26 UTC,sensor08,236476534,21.89,84.23,2025-09-24 10:09:58+00:00,33.995527,-81.036558,77.2,3.81,-0.6,193.97,12.0,3D,2025-09-24 06:09:58-04:00,POINT (-81.036558 33.995527)
2025-09-23 00:30:31 UTC,sensor08,236476534,21.75,84.23,2025-09-24 10:10:03+00:00,33.995173,-81.036442,73.1,9.5,-0.8,157.79,12.0,3D,2025-09-24 06:10:03-04:00,POINT (-81.036442 33.995173)
2025-09-23 00:30:36 UTC,sensor08,236476534,21.57,84.69,2025-09-24 10:10:05+00:00,33.995003,-81.036363,71.7,9.83,-0.7,159.96,12.0,3D,2025-09-24 06:10:05-04:00,POINT (-81.036363 33.995003)
2025-09-23 00:30:41 UTC,sensor08,236476534,21.73,85.15,2025-09-24 10:10:13+00:00,33.994522,-81.036182,66.8,4.27,-0.61,161.19,12.0,3D,2025-09-24 06:10:13-04:00,POINT (-81.036182 33.994522)
2025-09-23 00:30:46 UTC,sensor08,236476534,21.8,85.2,2025-09-24 10:10:18+00:00,33.994455,-81.036168,64.8,2.34,-0.3,175.37,12.0,3D,2025-09-24 06:10:18-04:00,POINT (-81.036168 33.994455)
2025-09-23 00:30:52 UTC,sensor08,236476534,21.81,85.04,2025-09-24 10:10:24+00:00,33.994262,-81.036362,63.2,7.68,-0.1,246.7,12.0,3D,2025-09-24 06:10:24-04:00,POINT (-81.036362 33.994262)
2025-09-23 00:30:57 UTC,sensor08,236476534,21.89,84.75,2025-09-24 10:10:29+00:00,33.994105,-81.036763,62.5,8.1,-0.3,247.91,12.0,3D,2025-09-24 06:10:29-04:00,POINT (-81.036763 33.994105)
2025-09-23 00:31:02 UTC,sensor08,236476534,21.86,84.62,2025-09-24 10:10:34+00:00,33.993948,-81.03721,60.9,8.68,-0.3,248.26,12.0,3D,2025-09-24 06:10:34-04:00,POINT (-81.03721 33.993948)
2025-09-23 00:31:07 UTC,sensor08,236476534,21.86,84.75,2025-09-24 10:10:39+00:00,33.993837,-81.03755,60.0,3.61,-0.2,248.37,12.0,3D,2025-09-24 06:10:39-04:00,POINT (-81.03755 33.993837)
2025-09-23 00:31:12 UTC,sensor08,236476534,21.92,84.53,2025-09-24 10:10:44+00:00,33.993773,-81.037672,59.6,4.55,0.0,225.9,12.0,3D,2025-09-24 06:10:44-04:00,POINT (-81.037672 33.993773)
2025-09-23 00:31:17 UTC,sensor08,236476534,21.87,84.25,2025-09-24 10:10:49+00:00,33.99346,-81.037622,59.0,8.57,-0.1,158.2,12.0,3D,2025-09-24 06:10:49-04:00,POINT (-81.037622 33.99346)
2025-09-23 00:31:22 UTC,sensor08,236476534,21.8,84.33,2025-09-24 10:10:54+00:00,33.993082,-81.037473,59.4,8.33,-0.2,157.29,12.0,3D,2025-09-24 06:10:54-04:00,POINT (-81.037473 33.993082)
2025-09-23 00:31:27 UTC,sensor08,236476534,21.89,84.4,2025-09-24 10:10:59+00:00,33.99272,-81.037347,60.4,7.87,0.8,157.49,12.0,3D,2025-09-24 06:10:59-04:00,POINT (-81.037347 33.99272)
2025-09-23 00:31:32 UTC,sensor08,236476534,21.93,84.47,2025-09-24 10:11:05+00:00,33.992548,-81.03727,60.5,2.85,0.0,0.0,12.0,3D,2025-09-24 06:11:05-04:00,POINT (-81.03727 33.992548)
2025-09-23 00:31:38 UTC,sensor08,236476534,22.01,84.38,2025-09-24 10:11:10+00:00,33.992483,-81.03689,63.3,12.68,1.6,0.0,12.0,3D,2025-09-24 06:11:10-04:00,POINT (-81.03689 33.992483)
2025-09-23 00:31:43 UTC,sensor08,236476534,21.93,84.5,2025-09-24 10:11:15+00:00,33.992598,-81.036335,64.1,9.31,0.2,67.64,12.0,3D,2025-09-24 06:11:15-04:00,POINT (-81.036335 33.992598)
2025-09-23 00:31:48 UTC,sensor08,236476534,21.93,84.45,2025-09-24 10:11:20+00:00,33.992748,-81.035867,65.6,8.31,0.3,69.75,12.0,3D,2025-09-24 06:11:20-04:00,POINT (-81.035867 33.992748)
2025-09-23 00:32:03 UTC,sensor08,236476534,21.93,85.08,2025-09-24 10:11:35+00:00,33.992483,-81.03525,68.4,8.79,0.1,162.62,12.0,3D,2025-09-24 06:11:35-04:00,POINT (-81.03525 33.992483)
2025-09-23 00:32:08 UTC,sensor08,236476534,21.87,85.0,2025-09-24 10:11:40+00:00,33.992082,-81.035058,70.9,8.89,1.9,162.64,12.0,3D,2025-09-24 06:11:40-04:00,POINT (-81.035058 33.992082)
2025-09-23 00:32:13 UTC,sensor08,236476534,21.89,85.16,2025-09-24 10:11:45+00:00,33.991815,-81.034952,73.5,3.46,0.1,150.53,12.0,3D,2025-09-24 06:11:45-04:00,POINT (-81.034952 33.991815)
2025-09-23 00:32:23 UTC,sensor08,236476534,21.91,85.18,2025-09-24 10:11:55+00:00,33.991762,-81.03493,73.7,2.88,-0.1,165.78,12.0,3D,2025-09-24 06:11:55-04:00,POINT (-81.03493 33.991762)
2025-09-23 00:32:28 UTC,sensor08,236476534,21.82,85.4,2025-09-24 10:12:00+00:00,33.991488,-81.034768,73.2,7.84,-0.1,156.03,12.0,3D,2025-09-24 06:12:00-04:00,POINT (-81.034768 33.991488)
2025-09-23 00:32:33 UTC,sensor08,236476534,21.72,85.52,2025-09-24 10:12:05+00:00,33.991163,-81.034615,72.6,7.28,-0.1,159.13,12.0,3D,2025-09-24 06:12:05-04:00,POINT (-81.034615 33.991163)
2025-09-23 00:32:38 UTC,sensor08,236476534,21.61,86.0,2025-09-24 10:12:11+00:00,33.990785,-81.034447,72.0,7.39,-0.1,0.0,12.0,3D,2025-09-24 06:12:11-04:00,POINT (-81.034447 33.990785)
2025-09-23 00:32:44 UTC,sensor08,236476534,21.48,86.26,2025-09-24 10:12:11+00:00,33.990785,-81.034447,72.0,7.08,-0.1,160.25,12.0,3D,2025-09-24 06:12:11-04:00,POINT (-81.034447 33.990785)
2025-09-23 00:32:49 UTC,sensor08,236476534,21.48,86.64,2025-09-24 10:12:21+00:00,33.990158,-81.034152,70.4,7.15,-0.2,0.0,4.0,3D,2025-09-24 06:12:21-04:00,POINT (-81.034152 33.990158)
2025-09-23 00:32:54 UTC,sensor08,236476534,21.57,86.75,2025-09-24 10:12:26+00:00,33.989878,-81.034162,69.8,6.2,-0.2,0.0,8.0,3D,2025-09-24 06:12:26-04:00,POINT (-81.034162 33.989878)
2025-09-23 00:32:59 UTC,sensor08,236476534,21.51,86.72,2025-09-24 10:12:31+00:00,33.989695,-81.034292,68.6,4.86,-0.2,0.0,12.0,3D,2025-09-24 06:12:31-04:00,POINT (-81.034292 33.989695)
2025-09-23 00:33:04 UTC,sensor08,236476534,21.36,87.03,2025-09-24 10:12:36+00:00,33.989538,-81.03463,67.5,8.19,-0.2,248.16,12.0,3D,2025-09-24 06:12:36-04:00,POINT (-81.03463 33.989538)
2025-09-23 00:33:09 UTC,sensor08,236476534,21.19,87.67,2025-09-24 10:12:41+00:00,33.989405,-81.035007,66.2,6.47,-0.2,248.99,12.0,3D,2025-09-24 06:12:41-04:00,POINT (-81.035007 33.989405)
2025-09-23 00:33:14 UTC,sensor08,236476534,21.13,87.99,2025-09-24 10:12:46+00:00,33.989345,-81.03534,65.9,6.17,0.0,272.28,12.0,3D,2025-09-24 06:12:46-04:00,POINT (-81.03534 33.989345)
2025-09-23 00:33:19 UTC,sensor08,236476534,21.06,88.18,2025-09-24 10:12:51+00:00,33.989397,-81.035587,65.9,2.73,0.0,294.0,12.0,3D,2025-09-24 06:12:51-04:00,POINT (-81.035587 33.989397)
2025-09-23 00:33:24 UTC,sensor08,236476534,21.02,88.24,2025-09-24 10:12:56+00:00,33.989535,-81.035745,66.3,6.41,0.0,323.49,12.0,3D,2025-09-24 06:12:56-04:00,POINT (-81.035745 33.989535)
2025-09-23 00:33:29 UTC,sensor08,236476534,21.12,88.19,2025-09-24 10:13:01+00:00,33.98985,-81.035905,66.3,7.44,0.1,334.53,12.0,3D,2025-09-24 06:13:01-04:00,POINT (-81.035905 33.98985)
2025-09-23 00:33:34 UTC,sensor08,236476534,21.04,88.13,2025-09-24 10:13:06+00:00,33.990178,-81.036077,66.6,8.01,0.1,338.12,12.0,3D,2025-09-24 06:13:06-04:00,POINT (-81.036077 33.990178)
2025-09-23 00:33:39 UTC,sensor08,236476534,21.08,88.68,2025-09-24 10:13:11+00:00,33.9905,-81.03622,66.5,7.91,0.0,341.31,12.0,3D,2025-09-24 06:13:11-04:00,POINT (-81.03622 33.9905)
2025-09-23 00:33:44 UTC,sensor08,236476534,21.14,88.59,2025-09-24 10:13:17+00:00,33.990847,-81.036362,65.8,5.55,-0.1,0.0,12.0,3D,2025-09-24 06:13:17-04:00,POINT (-81.036362 33.990847)
2025-09-23 00:34:10 UTC,sensor08,236476534,21.31,88.05,2025-09-24 10:13:42+00:00,33.991088,-81.03618,65.8,9.0,0.0,61.17,12.0,3D,2025-09-24 06:13:42-04:00,POINT (-81.03618 33.991088)
2025-09-23 00:34:15 UTC,sensor08,236476534,21.54,87.15,2025-09-24 10:13:47+00:00,33.99131,-81.035603,66.5,12.02,0.1,70.47,12.0,3D,2025-09-24 06:13:47-04:00,POINT (-81.035603 33.99131)
2025-09-23 00:34:20 UTC,sensor08,236476534,21.67,86.68,2025-09-24 10:13:52+00:00,33.991503,-81.03497,67.3,12.42,0.2,70.96,12.0,3D,2025-09-24 06:13:52-04:00,POINT (-81.03497 33.991503)
2025-09-23 00:34:25 UTC,sensor08,236476534,21.73,86.18,2025-09-24 10:13:57+00:00,33.991673,-81.034288,68.2,13.14,0.1,69.38,12.0,3D,2025-09-24 06:13:57-04:00,POINT (-81.034288 33.991673)
2025-09-23 00:34:30 UTC,sensor08,236476534,21.86,85.97,2025-09-24 10:14:02+00:00,33.991923,-81.03371,69.0,10.19,0.2,65.0,12.0,3D,2025-09-24 06:14:02-04:00,POINT (-81.03371 33.991923)
2025-09-23 00:34:35 UTC,sensor08,236476534,21.87,85.6,2025-09-24 10:14:06+00:00,33.992047,-81.033427,69.5,5.17,0.2,67.45,12.0,3D,2025-09-24 06:14:06-04:00,POINT (-81.033427 33.992047)
2025-09-23 00:34:40 UTC,sensor08,236476534,21.95,85.43,2025-09-24 10:14:12+00:00,33.992218,-81.0333,70.5,5.37,0.2,4.27,12.0,3D,2025-09-24 06:14:12-04:00,POINT (-81.0333 33.992218)
2025-09-23 00:34:45 UTC,sensor08,236476534,21.93,85.2,2025-09-24 10:14:17+00:00,33.992583,-81.033447,71.6,10.21,0.2,341.76,12.0,3D,2025-09-24 06:14:17-04:00,POINT (-81.033447 33.992583)
2025-09-23 00:34:50 UTC,sensor08,236476534,21.96,85.21,2025-09-24 10:14:22+00:00,33.993058,-81.033665,72.1,10.8,0.5,339.02,12.0,3D,2025-09-24 06:14:22-04:00,POINT (-81.033665 33.993058)
2025-09-23 00:34:55 UTC,sensor08,236476534,22.11,84.78,2025-09-24 10:14:28+00:00,33.993605,-81.033783,71.9,10.95,-0.2,0.0,12.0,3D,2025-09-24 06:14:28-04:00,POINT (-81.033783 33.993605)
2025-09-23 00:35:00 UTC,sensor08,236476534,22.21,84.46,2025-09-24 10:14:33+00:00,33.994087,-81.034003,73.7,11.56,0.6,0.0,12.0,3D,2025-09-24 06:14:33-04:00,POINT (-81.034003 33.994087)
2025-09-23 00:35:06 UTC,sensor08,236476534,22.19,84.02,2025-09-24 10:14:38+00:00,33.99456,-81.034218,76.2,11.48,0.8,338.56,12.0,3D,2025-09-24 06:14:38-04:00,POINT (-81.034218 33.99456)
2025-09-23 00:35:11 UTC,sensor08,236476534,22.19,83.96,2025-09-24 10:14:43+00:00,33.995018,-81.034437,79.2,11.29,0.5,338.09,12.0,3D,2025-09-24 06:14:43-04:00,POINT (-81.034437 33.995018)
2025-09-23 00:35:16 UTC,sensor08,236476534,22.02,84.12,2025-09-24 10:14:48+00:00,33.995487,-81.034683,81.4,11.37,0.1,338.34,12.0,3D,2025-09-24 06:14:48-04:00,POINT (-81.034683 33.995487)
2025-09-23 00:35:21 UTC,sensor08,236476534,22.12,84.18,2025-09-24 10:14:53+00:00,33.995913,-81.034865,82.5,8.35,0.2,336.47,12.0,3D,2025-09-24 06:14:53-04:00,POINT (-81.034865 33.995913)
2025-09-23 00:35:26 UTC,sensor08,236476534,22.09,83.93,2025-09-24 10:14:58+00:00,33.996217,-81.034818,83.1,7.62,0.2,22.18,12.0,3D,2025-09-24 06:14:58-04:00,POINT (-81.034818 33.996217)
2025-09-23 00:35:31 UTC,sensor08,236476534,22.07,83.91,2025-09-24 10:15:03+00:00,33.996377,-81.034332,85.3,10.46,0.4,66.81,12.0,3D,2025-09-24 06:15:03-04:00,POINT (-81.034332 33.996377)
2025-09-23 00:35:36 UTC,sensor08,236476534,21.99,84.3,2025-09-24 10:15:08+00:00,33.996533,-81.033848,87.8,7.66,0.6,71.43,12.0,3D,2025-09-24 06:15:08-04:00,POINT (-81.033848 33.996533)
2025-09-23 00:36:12 UTC,sensor08,236476534,22.07,84.18,2025-09-24 10:15:44+00:00,33.996687,-81.033445,89.6,6.18,0.3,0.0,12.0,3D,2025-09-24 06:15:44-04:00,POINT (-81.033445 33.996687)
2025-09-23 00:36:17 UTC,sensor08,236476534,22.08,84.07,2025-09-24 10:15:49+00:00,33.997037,-81.033435,90.4,10.8,-0.1,341.01,12.0,3D,2025-09-24 06:15:49-04:00,POINT (-81.033435 33.997037)
2025-09-23 00:36:22 UTC,sensor08,236476534,22.16,84.08,2025-09-24 10:15:54+00:00,33.997513,-81.03364,92.1,11.4,0.5,340.17,12.0,3D,2025-09-24 06:15:54-04:00,POINT (-81.03364 33.997513)
2025-09-23 00:36:27 UTC,sensor08,236476534,22.21,83.79,2025-09-24 10:15:59+00:00,33.997847,-81.033773,91.6,3.95,-0.3,343.32,12.0,3D,2025-09-24 06:15:59-04:00,POINT (-81.033773 33.997847)
2025-09-23 00:36:37 UTC,sensor08,236476534,22.08,83.78,2025-09-24 10:16:09+00:00,33.998018,-81.033763,91.7,5.55,0.0,53.0,12.0,3D,2025-09-24 06:16:09-04:00,POINT (-81.033763 33.998018)
2025-09-23 00:36:42 UTC,sensor08,236476534,22.07,83.81,2025-09-24 10:16:14+00:00,33.998165,-81.033315,91.8,10.37,0.02,72.28,12.0,3D,2025-09-24 06:16:14-04:00,POINT (-81.033315 33.998165)
2025-09-23 00:36:47 UTC,sensor08,236476534,22.15,83.86,2025-09-24 10:16:19+00:00,33.998313,-81.03278,94.0,10.01,0.3,69.6,12.0,3D,2025-09-24 06:16:19-04:00,POINT (-81.03278 33.998313)
2025-09-23 00:36:52 UTC,sensor08,236476534,22.13,83.88,2025-09-24 10:16:24+00:00,33.998423,-81.032397,95.4,5.0,0.3,90.91,12.0,3D,2025-09-24 06:16:24-04:00,POINT (-81.032397 33.998423)
2025-09-23 00:36:57 UTC,sensor08,236476534,22.13,83.82,2025-09-24 10:16:29+00:00,33.998215,-81.032197,96.8,7.43,0.2,155.45,12.0,3D,2025-09-24 06:16:29-04:00,POINT (-81.032197 33.998215)
2025-09-23 00:37:02 UTC,sensor08,236476534,22.11,83.86,2025-09-24 10:16:34+00:00,33.997805,-81.03201,97.0,9.52,0.0,159.05,12.0,3D,2025-09-24 06:16:34-04:00,POINT (-81.03201 33.997805)
2025-09-23 00:37:07 UTC,sensor08,236476534,22.13,84.19,2025-09-24 10:16:39+00:00,33.997383,-81.031828,97.0,9.53,0.0,158.66,12.0,3D,2025-09-24 06:16:39-04:00,POINT (-81.031828 33.997383)
2025-09-23 00:37:12 UTC,sensor08,236476534,22.17,84.22,2025-09-24 10:16:45+00:00,33.996843,-81.031588,97.9,10.99,0.3,0.0,12.0,3D,2025-09-24 06:16:45-04:00,POINT (-81.031588 33.996843)
2025-09-23 00:37:18 UTC,sensor08,236476534,22.12,84.26,2025-09-24 10:16:50+00:00,33.996397,-81.031395,99.5,10.42,-0.1,0.0,12.0,3D,2025-09-24 06:16:50-04:00,POINT (-81.031395 33.996397)
2025-09-23 00:37:23 UTC,sensor08,236476534,22.08,84.45,2025-09-24 10:16:55+00:00,33.996015,-81.031223,100.4,7.27,0.2,159.56,12.0,3D,2025-09-24 06:16:55-04:00,POINT (-81.031223 33.996015)
2025-09-23 00:37:28 UTC,sensor08,236476534,22.13,84.55,2025-09-24 10:17:00+00:00,33.995833,-81.030993,101.4,5.99,0.1,97.82,12.0,3D,2025-09-24 06:17:00-04:00,POINT (-81.030993 33.995833)
2025-09-23 00:37:33 UTC,sensor08,236476534,22.04,84.58,2025-09-24 10:17:05+00:00,33.99593,-81.030577,102.3,8.66,0.3,70.0,12.0,3D,2025-09-24 06:17:05-04:00,POINT (-81.030577 33.99593)
2025-09-23 00:37:38 UTC,sensor08,236476534,22.04,84.71,2025-09-24 10:17:10+00:00,33.996082,-81.03015,103.1,7.77,0.1,66.99,12.0,3D,2025-09-24 06:17:10-04:00,POINT (-81.03015 33.996082)
2025-09-23 00:37:43 UTC,sensor08,236476534,22.11,84.69,2025-09-24 10:17:15+00:00,33.996155,-81.02987,104.0,2.57,0.4,69.4,12.0,3D,2025-09-24 06:17:15-04:00,POINT (-81.02987 33.996155)
2025-09-23 00:38:13 UTC,sensor08,236476534,22.12,84.84,2025-09-24 10:17:45+00:00,33.996222,-81.029713,104.1,6.1,-0.2,59.68,12.0,3D,2025-09-24 06:17:45-04:00,POINT (-81.029713 33.996222)
2025-09-23 00:38:18 UTC,sensor08,236476534,22.05,84.81,2025-09-24 10:17:50+00:00,33.996502,-81.029578,104.2,8.27,-0.1,356.95,12.0,3D,2025-09-24 06:17:50-04:00,POINT (-81.029578 33.996502)
2025-09-23 00:38:23 UTC,sensor08,236476534,21.98,84.83,2025-09-24 10:17:56+00:00,33.997048,-81.0298,103.3,10.72,-0.2,0.0,12.0,3D,2025-09-24 06:17:56-04:00,POINT (-81.0298 33.997048)
2025-09-23 00:38:34 UTC,sensor08,236476534,22.06,85.11,2025-09-24 10:18:06+00:00,33.997993,-81.030158,101.3,10.41,-0.2,0.0,4.0,3D,2025-09-24 06:18:06-04:00,POINT (-81.030158 33.997993)
2025-09-23 00:38:39 UTC,sensor08,236476534,22.16,84.89,2025-09-24 10:18:11+00:00,33.998418,-81.030353,100.9,10.08,-0.05,0.0,8.0,3D,2025-09-24 06:18:11-04:00,POINT (-81.030353 33.998418)
2025-09-23 00:38:44 UTC,sensor08,236476534,22.19,84.6,2025-09-24 10:18:12+00:00,33.998498,-81.03039,100.9,9.26,0.0,342.33,12.0,3D,2025-09-24 06:18:12-04:00,POINT (-81.03039 33.998498)
2025-09-23 00:39:19 UTC,sensor08,236476534,22.22,83.85,2025-09-24 10:18:51+00:00,33.998987,-81.030655,100.4,5.88,0.1,338.49,12.0,3D,2025-09-24 06:18:51-04:00,POINT (-81.030655 33.998987)
2025-09-23 00:39:24 UTC,sensor08,236476534,22.15,83.77,2025-09-24 10:18:56+00:00,33.999378,-81.030823,100.7,10.27,0.0,340.4,12.0,3D,2025-09-24 06:18:56-04:00,POINT (-81.030823 33.999378)
2025-09-23 00:39:29 UTC,sensor08,236476534,22.08,83.9,2025-09-24 10:19:01+00:00,33.99982,-81.031038,101.3,10.16,0.1,339.6,12.0,3D,2025-09-24 06:19:01-04:00,POINT (-81.031038 33.99982)
2025-09-23 00:39:34 UTC,sensor08,236476534,22.02,84.14,2025-09-24 10:19:06+00:00,34.000302,-81.031228,102.0,11.05,0.3,338.58,12.0,3D,2025-09-24 06:19:06-04:00,POINT (-81.031228 34.000302)
2025-09-23 00:39:39 UTC,sensor08,236476534,21.99,84.47,2025-09-24 10:19:11+00:00,34.000792,-81.031467,103.8,11.03,0.4,340.35,12.0,3D,2025-09-24 06:19:11-04:00,POINT (-81.031467 34.000792)
2025-09-23 00:39:44 UTC,sensor08,236476534,21.89,84.79,2025-09-24 10:19:16+00:00,34.001177,-81.031638,105.0,9.51,0.4,339.46,12.0,3D,2025-09-24 06:19:16-04:00,POINT (-81.031638 34.001177)
2025-09-23 00:39:49 UTC,sensor08,236476534,21.88,85.23,2025-09-24 10:19:21+00:00,34.001513,-81.031782,106.2,6.33,0.3,338.83,12.0,3D,2025-09-24 06:19:21-04:00,POINT (-81.031782 34.001513)
2025-09-23 00:39:59 UTC,sensor08,236476534,22.1,85.29,2025-09-24 10:19:31+00:00,34.001645,-81.031847,106.6,4.48,0.1,339.47,12.0,3D,2025-09-24 06:19:31-04:00,POINT (-81.031847 34.001645)
2025-09-23 00:40:04 UTC,sensor08,236476534,22.15,85.13,2025-09-24 10:19:36+00:00,34.001997,-81.032005,107.4,9.96,0.1,337.84,12.0,3D,2025-09-24 06:19:36-04:00,POINT (-81.032005 34.001997)
2025-09-23 00:40:09 UTC,sensor08,236476534,22.16,84.88,2025-09-24 10:19:42+00:00,34.00259,-81.032257,107.7,11.39,0.2,0.0,12.0,3D,2025-09-24 06:19:42-04:00,POINT (-81.032257 34.00259)
2025-09-23 00:40:14 UTC,sensor08,236476534,22.18,84.65,2025-09-24 10:19:47+00:00,34.00292,-81.032417,108.0,4.24,0.1,0.0,12.0,3D,2025-09-24 06:19:47-04:00,POINT (-81.032417 34.00292)
2025-09-23 00:40:50 UTC,sensor08,236476534,22.17,84.5,2025-09-24 10:20:22+00:00,34.003085,-81.032442,108.4,7.11,0.1,345.36,12.0,3D,2025-09-24 06:20:22-04:00,POINT (-81.032442 34.003085)
2025-09-23 00:40:55 UTC,sensor08,236476534,22.2,84.15,2025-09-24 10:20:27+00:00,34.003537,-81.032653,108.9,11.83,0.3,340.1,12.0,3D,2025-09-24 06:20:27-04:00,POINT (-81.032653 34.003537)
2025-09-23 00:41:00 UTC,sensor08,236476534,22.23,84.28,2025-09-24 10:20:32+00:00,34.004022,-81.032872,109.3,10.61,0.0,339.4,12.0,3D,2025-09-24 06:20:32-04:00,POINT (-81.032872 34.004022)
2025-09-23 00:41:05 UTC,sensor08,236476534,22.27,84.18,2025-09-24 10:20:37+00:00,34.004408,-81.03304,108.4,6.32,-0.2,355.27,12.0,3D,2025-09-24 06:20:37-04:00,POINT (-81.03304 34.004408)
2025-09-23 00:41:10 UTC,sensor08,236476534,22.32,84.08,2025-09-24 10:20:42+00:00,34.004568,-81.032747,108.4,8.7,-0.1,69.49,12.0,3D,2025-09-24 06:20:42-04:00,POINT (-81.032747 34.004568)
2025-09-23 00:41:15 UTC,sensor08,236476534,22.32,84.26,2025-09-24 10:20:47+00:00,34.004677,-81.032238,107.7,9.88,-0.4,70.29,12.0,3D,2025-09-24 06:20:47-04:00,POINT (-81.032238 34.004677)
2025-09-23 00:41:20 UTC,sensor08,236476534,22.27,84.37,2025-09-24 10:20:52+00:00,34.004828,-81.031835,107.2,4.86,0.0,78.73,12.0,3D,2025-09-24 06:20:52-04:00,POINT (-81.031835 34.004828)
2025-09-23 00:41:30 UTC,sensor08,236476534,22.29,84.48,2025-09-24 10:21:02+00:00,34.004908,-81.031628,105.6,4.59,-0.1,73.76,12.0,3D,2025-09-24 06:21:02-04:00,POINT (-81.031628 34.004908)
2025-09-23 00:41:35 UTC,sensor08,236476534,22.33,84.41,2025-09-24 10:21:07+00:00,34.005053,-81.031192,107.3,10.05,0.2,69.73,12.0,3D,2025-09-24 06:21:07-04:00,POINT (-81.031192 34.005053)
2025-09-23 00:41:40 UTC,sensor08,236476534,22.43,84.21,2025-09-24 10:21:12+00:00,34.005188,-81.030672,107.5,9.39,0.0,72.42,12.0,3D,2025-09-24 06:21:12-04:00,POINT (-81.030672 34.005188)
2025-09-23 00:41:45 UTC,sensor08,236476534,22.37,84.05,2025-09-24 10:21:17+00:00,34.005258,-81.030247,106.7,6.39,0.0,78.75,12.0,3D,2025-09-24 06:21:17-04:00,POINT (-81.030247 34.005258)
2025-09-23 00:41:55 UTC,sensor08,236476534,22.42,84.22,2025-09-24 10:21:27+00:00,34.005317,-81.030072,107.1,2.58,0.0,66.16,12.0,3D,2025-09-24 06:21:27-04:00,POINT (-81.030072 34.005317)
2025-09-23 00:42:00 UTC,sensor08,236476534,22.45,84.34,2025-09-24 10:21:32+00:00,34.005433,-81.02971,106.9,9.52,-0.1,67.87,12.0,3D,2025-09-24 06:21:32-04:00,POINT (-81.02971 34.005433)
2025-09-23 00:42:05 UTC,sensor08,236476534,22.52,84.04,2025-09-24 10:21:37+00:00,34.00561,-81.029155,105.8,10.81,-0.5,69.95,12.0,3D,2025-09-24 06:21:37-04:00,POINT (-81.029155 34.00561)
2025-09-23 00:42:10 UTC,sensor08,236476534,22.52,83.96,2025-09-24 10:21:42+00:00,34.005773,-81.028672,106.0,8.24,0.4,67.49,12.0,3D,2025-09-24 06:21:42-04:00,POINT (-81.028672 34.005773)
2025-09-23 00:42:20 UTC,sensor08,236476534,22.5,83.98,2025-09-24 10:21:53+00:00,34.005828,-81.028358,107.5,3.28,0.0,0.0,12.0,3D,2025-09-24 06:21:53-04:00,POINT (-81.028358 34.005828)
2025-09-23 00:42:25 UTC,sensor08,236476534,22.59,84.04,2025-09-24 10:21:58+00:00,34.005557,-81.028187,107.4,8.93,0.0,0.0,12.0,3D,2025-09-24 06:21:58-04:00,POINT (-81.028187 34.005557)
2025-09-23 00:42:31 UTC,sensor08,236476534,22.53,83.89,2025-09-24 10:22:03+00:00,34.005132,-81.027995,107.0,9.97,-0.3,0.0,12.0,3D,2025-09-24 06:22:03-04:00,POINT (-81.027995 34.005132)
2025-09-23 00:42:36 UTC,sensor08,236476534,22.46,83.69,2025-09-24 10:22:08+00:00,34.004693,-81.027808,106.3,10.38,0.2,158.98,12.0,3D,2025-09-24 06:22:08-04:00,POINT (-81.027808 34.004693)
2025-09-23 00:42:41 UTC,sensor08,236476534,22.4,83.66,2025-09-24 10:22:13+00:00,34.004247,-81.027623,107.0,10.61,0.12,161.77,12.0,3D,2025-09-24 06:22:13-04:00,POINT (-81.027623 34.004247)
2025-09-23 00:42:46 UTC,sensor08,236476534,22.31,83.81,2025-09-24 10:22:18+00:00,34.003832,-81.027445,108.2,8.72,0.3,159.5,12.0,3D,2025-09-24 06:22:18-04:00,POINT (-81.027445 34.003832)
2025-09-23 00:42:51 UTC,sensor08,236476534,22.24,83.8,2025-09-24 10:22:23+00:00,34.003533,-81.027312,109.2,5.41,0.3,159.37,12.0,3D,2025-09-24 06:22:23-04:00,POINT (-81.027312 34.003533)
2025-09-23 00:43:31 UTC,sensor08,236476534,22.31,84.03,2025-09-24 10:23:03+00:00,34.003175,-81.027182,108.2,8.73,-0.1,160.53,12.0,3D,2025-09-24 06:23:03-04:00,POINT (-81.027182 34.003175)
2025-09-23 00:43:36 UTC,sensor08,236476534,22.32,83.9,2025-09-24 10:23:08+00:00,34.002707,-81.026968,107.3,11.18,-0.2,160.03,12.0,3D,2025-09-24 06:23:08-04:00,POINT (-81.026968 34.002707)
2025-09-23 00:43:41 UTC,sensor08,236476534,22.2,84.32,2025-09-24 10:23:13+00:00,34.002248,-81.026737,106.1,10.37,-0.3,158.67,12.0,3D,2025-09-24 06:23:13-04:00,POINT (-81.026737 34.002248)
2025-09-23 00:43:46 UTC,sensor08,236476534,22.2,84.35,2025-09-24 10:23:18+00:00,34.001775,-81.026525,103.9,11.06,-0.6,160.77,12.0,3D,2025-09-24 06:23:18-04:00,POINT (-81.026525 34.001775)
2025-09-23 00:43:51 UTC,sensor08,236476534,22.17,84.47,2025-09-24 10:23:23+00:00,34.001302,-81.026323,102.3,10.63,-0.1,159.03,12.0,3D,2025-09-24 06:23:23-04:00,POINT (-81.026323 34.001302)
2025-09-23 00:43:56 UTC,sensor08,236476534,22.0,84.75,2025-09-24 10:23:28+00:00,34.000882,-81.026132,101.3,9.0,-0.2,160.16,12.0,3D,2025-09-24 06:23:28-04:00,POINT (-81.026132 34.000882)
2025-09-23 00:44:01 UTC,sensor08,236476534,21.9,85.2,2025-09-24 10:23:33+00:00,34.00062,-81.026005,100.7,3.12,0.0,155.78,12.0,3D,2025-09-24 06:23:33-04:00,POINT (-81.026005 34.00062)
2025-09-23 00:44:26 UTC,sensor08,236476534,21.62,86.19,2025-09-24 10:23:58+00:00,34.000463,-81.025968,100.0,6.44,0.1,163.84,12.0,3D,2025-09-24 06:23:58-04:00,POINT (-81.025968 34.000463)
2025-09-23 00:44:31 UTC,sensor08,236476534,21.7,86.53,2025-09-24 10:24:04+00:00,34.0,-81.025797,99.4,10.4,-0.3,0.0,12.0,3D,2025-09-24 06:24:04-04:00,POINT (-81.025797 34)
2025-09-23 00:44:36 UTC,sensor08,236476534,21.71,86.46,2025-09-24 10:24:09+00:00,33.999518,-81.025602,98.6,11.79,-0.3,0.0,12.0,3D,2025-09-24 06:24:09-04:00,POINT (-81.025602 33.999518)
2025-09-23 00:44:42 UTC,sensor08,236476534,21.67,86.78,2025-09-24 10:24:13+00:00,33.99907,-81.02544,97.1,14.02,-0.1,0.0,12.0,3D,2025-09-24 06:24:13-04:00,POINT (-81.02544 33.99907)
2025-09-23 00:44:47 UTC,sensor08,236476534,21.64,86.86,2025-09-24 10:24:19+00:00,33.998458,-81.025182,96.6,10.89,-0.1,162.82,12.0,3D,2025-09-24 06:24:19-04:00,POINT (-81.025182 33.998458)
2025-09-23 00:44:52 UTC,sensor08,236476534,21.68,86.77,2025-09-24 10:24:24+00:00,33.997977,-81.025007,96.5,9.77,0.0,160.99,12.0,3D,2025-09-24 06:24:24-04:00,POINT (-81.025007 33.997977)
2025-09-23 00:44:57 UTC,sensor08,236476534,21.85,86.53,2025-09-24 10:24:29+00:00,33.997525,-81.024832,96.0,10.43,-0.4,161.83,12.0,3D,2025-09-24 06:24:29-04:00,POINT (-81.024832 33.997525)
2025-09-23 00:45:02 UTC,sensor08,236476534,21.95,85.97,2025-09-24 10:24:34+00:00,33.997058,-81.024618,95.2,11.26,-0.3,155.81,12.0,3D,2025-09-24 06:24:34-04:00,POINT (-81.024618 33.997058)
2025-09-23 00:45:07 UTC,sensor08,236476534,21.75,85.65,2025-09-24 10:24:39+00:00,33.996592,-81.024407,93.8,9.52,-0.3,159.41,12.0,3D,2025-09-24 06:24:39-04:00,POINT (-81.024407 33.996592)
2025-09-23 00:45:12 UTC,sensor08,236476534,21.65,85.85,2025-09-24 10:24:44+00:00,33.996205,-81.02427,92.5,9.26,-0.2,162.09,12.0,3D,2025-09-24 06:24:44-04:00,POINT (-81.02427 33.996205)
2025-09-23 00:45:17 UTC,sensor08,236476534,21.52,86.02,2025-09-24 10:24:49+00:00,33.995803,-81.024105,90.7,9.46,-0.5,158.62,12.0,3D,2025-09-24 06:24:49-04:00,POINT (-81.024105 33.995803)
2025-09-23 00:45:22 UTC,sensor08,236476534,21.35,86.28,2025-09-24 10:24:54+00:00,33.995422,-81.023933,87.8,7.87,-0.6,154.69,12.0,3D,2025-09-24 06:24:54-04:00,POINT (-81.023933 33.995422)
2025-09-23 00:45:27 UTC,sensor08,236476534,21.18,86.5,2025-09-24 10:24:59+00:00,33.995175,-81.02378,85.3,5.37,-0.4,140.44,12.0,3D,2025-09-24 06:24:59-04:00,POINT (-81.02378 33.995175)
2025-09-23 00:45:32 UTC,sensor08,236476534,20.86,87.01,2025-09-24 10:25:04+00:00,33.995253,-81.023415,84.5,9.67,-0.2,54.1,12.0,3D,2025-09-24 06:25:04-04:00,POINT (-81.023415 33.995253)
2025-09-23 00:45:37 UTC,sensor08,236476534,20.55,88.18,2025-09-24 10:25:09+00:00,33.995638,-81.022993,81.6,11.37,-1.1,41.56,12.0,3D,2025-09-24 06:25:09-04:00,POINT (-81.022993 33.995638)
2025-09-23 00:45:42 UTC,sensor08,236476534,20.39,89.17,2025-09-24 10:25:14+00:00,33.995995,-81.022578,80.6,10.97,-0.2,43.47,12.0,3D,2025-09-24 06:25:14-04:00,POINT (-81.022578 33.995995)
2025-09-23 00:45:47 UTC,sensor08,236476534,20.23,90.02,2025-09-24 10:25:19+00:00,33.99638,-81.022157,80.1,11.02,0.1,42.07,12.0,3D,2025-09-24 06:25:19-04:00,POINT (-81.022157 33.99638)
2025-09-23 00:45:52 UTC,sensor08,236476534,20.25,90.69,2025-09-24 10:25:24+00:00,33.99674,-81.021742,79.9,10.97,-0.1,45.35,12.0,3D,2025-09-24 06:25:24-04:00,POINT (-81.021742 33.99674)
2025-09-23 00:45:57 UTC,sensor08,236476534,20.17,90.96,2025-09-24 10:25:29+00:00,33.997112,-81.021318,80.1,11.2,0.1,44.31,12.0,3D,2025-09-24 06:25:29-04:00,POINT (-81.021318 33.997112)
2025-09-23 00:46:02 UTC,sensor08,236476534,20.06,91.16,2025-09-24 10:25:34+00:00,33.997448,-81.020878,80.2,11.23,0.0,45.01,12.0,3D,2025-09-24 06:25:34-04:00,POINT (-81.020878 33.997448)
2025-09-23 00:46:07 UTC,sensor08,236476534,20.06,91.37,2025-09-24 10:25:39+00:00,33.997807,-81.020422,80.2,11.63,-0.1,51.56,12.0,3D,2025-09-24 06:25:39-04:00,POINT (-81.020422 33.997807)
2025-09-23 00:46:12 UTC,sensor08,236476534,20.11,91.59,2025-09-24 10:25:44+00:00,33.998052,-81.019855,80.5,11.71,0.0,68.38,12.0,3D,2025-09-24 06:25:44-04:00,POINT (-81.019855 33.998052)
2025-09-23 00:46:17 UTC,sensor08,236476534,20.25,91.49,2025-09-24 10:25:49+00:00,33.99819,-81.01924,80.4,11.99,0.0,82.15,12.0,3D,2025-09-24 06:25:49-04:00,POINT (-81.01924 33.99819)
2025-09-23 00:46:22 UTC,sensor08,236476534,20.27,90.99,2025-09-24 10:25:54+00:00,33.998197,-81.018608,80.9,11.7,0.1,93.39,12.0,3D,2025-09-24 06:25:54-04:00,POINT (-81.018608 33.998197)
2025-09-23 00:46:27 UTC,sensor08,236476534,20.35,90.67,2025-09-24 10:25:59+00:00,33.998102,-81.018082,80.8,8.56,0.0,107.98,12.0,3D,2025-09-24 06:25:59-04:00,POINT (-81.018082 33.998102)
2025-09-23 00:46:32 UTC,sensor08,236476534,20.37,90.56,2025-09-24 10:26:04+00:00,33.99796,-81.017832,80.7,4.6,0.0,158.26,12.0,3D,2025-09-24 06:26:04-04:00,POINT (-81.017832 33.99796)
2025-09-23 00:46:37 UTC,sensor08,236476534,20.4,90.56,2025-09-24 10:26:09+00:00,33.997653,-81.017993,80.3,8.06,0.0,202.38,12.0,3D,2025-09-24 06:26:09-04:00,POINT (-81.017993 33.997653)
2025-09-23 00:46:42 UTC,sensor08,236476534,20.34,90.65,2025-09-24 10:26:15+00:00,33.99718,-81.018235,80.6,9.85,0.05,0.0,4.0,3D,2025-09-24 06:26:15-04:00,POINT (-81.018235 33.99718)
2025-09-23 00:46:47 UTC,sensor08,236476534,20.43,90.86,2025-09-24 10:26:20+00:00,33.996797,-81.01844,81.4,9.27,0.2,0.0,4.0,3D,2025-09-24 06:26:20-04:00,POINT (-81.01844 33.996797)
2025-09-23 00:46:53 UTC,sensor08,236476534,20.55,90.77,2025-09-24 10:26:25+00:00,33.996422,-81.01863,82.6,8.81,0.2,0.0,12.0,3D,2025-09-24 06:26:25-04:00,POINT (-81.01863 33.996422)
2025-09-23 00:46:58 UTC,sensor08,236476534,20.57,90.61,2025-09-24 10:26:30+00:00,33.99606,-81.01876,84.6,7.37,0.4,195.92,12.0,3D,2025-09-24 06:26:30-04:00,POINT (-81.01876 33.99606)
2025-09-23 00:47:03 UTC,sensor08,236476534,20.54,90.6,2025-09-24 10:26:35+00:00,33.995718,-81.01883,86.3,7.31,0.4,182.41,12.0,3D,2025-09-24 06:26:35-04:00,POINT (-81.01883 33.995718)
2025-09-23 00:47:08 UTC,sensor08,236476534,20.65,90.59,2025-09-24 10:26:40+00:00,33.995375,-81.018845,87.9,7.55,0.4,180.61,12.0,3D,2025-09-24 06:26:40-04:00,POINT (-81.018845 33.995375)
2025-09-23 00:47:18 UTC,sensor08,236476534,20.78,90.26,2025-09-24 10:26:50+00:00,33.995033,-81.018898,91.1,4.04,0.3,239.59,12.0,3D,2025-09-24 06:26:50-04:00,POINT (-81.018898 33.995033)
2025-09-23 00:47:23 UTC,sensor08,236476534,20.98,89.79,2025-09-24 10:26:55+00:00,33.994898,-81.019288,92.6,8.97,0.2,247.61,12.0,3D,2025-09-24 06:26:55-04:00,POINT (-81.019288 33.994898)
2025-09-23 00:47:28 UTC,sensor08,236476534,21.11,89.23,2025-09-24 10:27:00+00:00,33.994747,-81.019765,92.4,8.6,-0.3,246.96,12.0,3D,2025-09-24 06:27:00-04:00,POINT (-81.019765 33.994747)
2025-09-23 00:47:33 UTC,sensor08,236476534,21.18,88.69,2025-09-24 10:27:05+00:00,33.994598,-81.02023,89.9,9.52,-0.5,251.14,12.0,3D,2025-09-24 06:27:05-04:00,POINT (-81.02023 33.994598)
2025-09-23 00:47:38 UTC,sensor08,236476534,21.31,88.2,2025-09-24 10:27:10+00:00,33.994463,-81.020682,87.0,9.21,-0.6,248.21,12.0,3D,2025-09-24 06:27:10-04:00,POINT (-81.020682 33.994463)
2025-09-23 00:47:43 UTC,sensor08,236476534,21.3,87.93,2025-09-24 10:27:15+00:00,33.994325,-81.021132,84.2,7.45,-0.5,250.72,12.0,3D,2025-09-24 06:27:15-04:00,POINT (-81.021132 33.994325)
2025-09-23 00:47:48 UTC,sensor08,236476534,21.24,87.97,2025-09-24 10:27:20+00:00,33.994217,-81.021507,81.9,7.71,-0.4,251.05,12.0,3D,2025-09-24 06:27:20-04:00,POINT (-81.021507 33.994217)
2025-09-23 00:47:53 UTC,sensor08,236476534,21.27,88.05,2025-09-24 10:27:25+00:00,33.994078,-81.021967,76.3,10.26,-0.9,250.3,12.0,3D,2025-09-24 06:27:25-04:00,POINT (-81.021967 33.994078)
2025-09-23 00:47:58 UTC,sensor08,236476534,21.25,87.89,2025-09-24 10:27:30+00:00,33.993937,-81.022468,73.6,8.9,-0.1,250.8,12.0,3D,2025-09-24 06:27:30-04:00,POINT (-81.022468 33.993937)
2025-09-23 00:48:03 UTC,sensor08,236476534,21.33,87.85,2025-09-24 10:27:35+00:00,33.993847,-81.02279,73.0,2.51,-0.2,255.54,12.0,3D,2025-09-24 06:27:35-04:00,POINT (-81.02279 33.993847)
2025-09-23 00:48:08 UTC,sensor08,236476534,21.39,87.68,2025-09-24 10:27:40+00:00,33.993845,-81.022905,72.2,3.61,-0.3,286.4,12.0,3D,2025-09-24 06:27:40-04:00,POINT (-81.022905 33.993845)
2025-09-23 00:48:13 UTC,sensor08,236476534,21.38,87.5,2025-09-24 10:27:45+00:00,33.99411,-81.023108,71.6,9.06,-0.1,331.27,12.0,3D,2025-09-24 06:27:45-04:00,POINT (-81.023108 33.99411)
2025-09-23 00:48:18 UTC,sensor08,236476534,21.43,87.3,2025-09-24 10:27:50+00:00,33.994507,-81.023382,71.5,9.89,0.1,329.77,12.0,3D,2025-09-24 06:27:50-04:00,POINT (-81.023382 33.994507)
2025-09-23 00:48:23 UTC,sensor08,236476534,20.93,87.61,2025-09-24 10:27:55+00:00,33.994843,-81.023628,72.3,6.73,0.1,331.4,12.0,3D,2025-09-24 06:27:55-04:00,POINT (-81.023628 33.994843)
2025-09-23 00:48:43 UTC,sensor08,236476534,20.99,88.58,2025-09-24 10:28:16+00:00,33.995112,-81.023995,73.8,6.13,0.05,0.0,12.0,3D,2025-09-24 06:28:16-04:00,POINT (-81.023995 33.995112)
2025-09-23 00:48:48 UTC,sensor08,236476534,21.07,88.55,2025-09-24 10:28:17+00:00,33.995112,-81.024075,73.8,7.4,0.0,273.13,12.0,3D,2025-09-24 06:28:17-04:00,POINT (-81.024075 33.995112)
2025-09-23 00:48:54 UTC,sensor08,236476534,21.01,88.86,2025-09-24 10:28:26+00:00,33.994753,-81.024848,74.3,6.62,0.1,0.0,12.0,3D,2025-09-24 06:28:26-04:00,POINT (-81.024848 33.994753)
2025-09-23 00:49:19 UTC,sensor08,236476534,21.11,89.17,2025-09-24 10:28:51+00:00,33.994633,-81.025157,75.9,11.37,0.1,0.0,12.0,3D,2025-09-24 06:28:51-04:00,POINT (-81.025157 33.994633)
2025-09-23 00:49:24 UTC,sensor08,236476534,21.3,88.53,2025-09-24 10:28:56+00:00,33.99446,-81.025735,78.4,11.78,0.6,0.0,12.0,3D,2025-09-24 06:28:56-04:00,POINT (-81.025735 33.99446)
2025-09-23 00:49:29 UTC,sensor08,236476534,21.55,87.72,2025-09-24 10:29:01+00:00,33.994283,-81.026387,81.2,12.4,0.6,0.0,12.0,3D,2025-09-24 06:29:01-04:00,POINT (-81.026387 33.994283)
2025-09-23 00:49:34 UTC,sensor08,236476534,21.89,87.04,2025-09-24 10:29:06+00:00,33.994077,-81.027042,84.8,12.84,0.8,247.42,12.0,3D,2025-09-24 06:29:06-04:00,POINT (-81.027042 33.994077)
2025-09-23 00:49:39 UTC,sensor08,236476534,21.93,86.11,2025-09-24 10:29:11+00:00,33.993875,-81.0277,88.0,12.74,0.6,249.4,12.0,3D,2025-09-24 06:29:11-04:00,POINT (-81.0277 33.993875)
2025-09-23 00:49:44 UTC,sensor08,236476534,22.0,85.67,2025-09-24 10:29:16+00:00,33.993672,-81.02836,90.4,12.95,0.3,249.53,12.0,3D,2025-09-24 06:29:16-04:00,POINT (-81.02836 33.993672)
2025-09-23 00:49:49 UTC,sensor08,236476534,22.04,85.17,2025-09-24 10:29:21+00:00,33.993463,-81.029015,91.0,12.6,0.1,248.39,12.0,3D,2025-09-24 06:29:21-04:00,POINT (-81.029015 33.993463)
2025-09-23 00:49:54 UTC,sensor08,236476534,21.92,84.93,2025-09-24 10:29:26+00:00,33.99325,-81.029577,91.4,9.4,0.0,246.97,12.0,3D,2025-09-24 06:29:26-04:00,POINT (-81.029577 33.99325)
2025-09-23 00:50:14 UTC,sensor08,236476534,21.99,84.73,2025-09-24 10:29:46+00:00,33.992725,-81.02969,93.1,9.69,0.2,160.81,12.0,3D,2025-09-24 06:29:46-04:00,POINT (-81.02969 33.992725)
2025-09-23 00:50:19 UTC,sensor08,236476534,22.03,84.62,2025-09-24 10:29:51+00:00,33.992267,-81.029518,93.0,10.6,-0.2,155.82,12.0,3D,2025-09-24 06:29:51-04:00,POINT (-81.029518 33.992267)
2025-09-23 00:50:24 UTC,sensor08,236476534,22.01,84.67,2025-09-24 10:29:56+00:00,33.991892,-81.029337,91.5,5.93,-0.4,158.55,12.0,3D,2025-09-24 06:29:56-04:00,POINT (-81.029337 33.991892)
2025-09-23 00:50:29 UTC,sensor08,236476534,21.96,84.59,2025-09-24 10:30:01+00:00,33.991813,-81.029128,89.8,6.08,-0.2,77.27,12.0,3D,2025-09-24 06:30:01-04:00,POINT (-81.029128 33.991813)
2025-09-23 00:50:34 UTC,sensor08,236476534,21.8,84.82,2025-09-24 10:30:06+00:00,33.991905,-81.028715,88.0,8.81,-0.4,71.41,12.0,3D,2025-09-24 06:30:06-04:00,POINT (-81.028715 33.991905)
2025-09-23 00:50:39 UTC,sensor08,236476534,21.67,85.1,2025-09-24 10:30:11+00:00,33.992052,-81.028268,87.0,8.57,-0.1,69.9,12.0,3D,2025-09-24 06:30:11-04:00,POINT (-81.028268 33.992052)
2025-09-23 00:50:44 UTC,sensor08,236476534,21.7,85.42,2025-09-24 10:30:13+00:00,33.992112,-81.028105,86.6,7.57,-0.1,70.54,12.0,3D,2025-09-24 06:30:13-04:00,POINT (-81.028105 33.992112)
2025-09-23 00:51:05 UTC,sensor08,236476534,21.41,86.96,2025-09-24 10:30:37+00:00,33.991702,-81.02751,83.3,13.4,0.3,0.0,12.0,3D,2025-09-24 06:30:37-04:00,POINT (-81.02751 33.991702)
2025-09-23 00:51:10 UTC,sensor08,236476534,21.31,87.13,2025-09-24 10:30:42+00:00,33.991237,-81.027277,79.7,11.65,-0.4,160.18,12.0,3D,2025-09-24 06:30:42-04:00,POINT (-81.027277 33.991237)
2025-09-23 00:51:15 UTC,sensor08,236476534,21.02,87.81,2025-09-24 10:30:47+00:00,33.99075,-81.027052,76.0,11.14,-0.2,161.08,12.0,3D,2025-09-24 06:30:47-04:00,POINT (-81.027052 33.99075)
2025-09-23 00:51:20 UTC,sensor08,236476534,21.33,88.05,2025-09-24 10:30:52+00:00,33.990275,-81.026868,76.1,10.88,0.4,161.08,12.0,3D,2025-09-24 06:30:52-04:00,POINT (-81.026868 33.990275)
2025-09-23 00:51:25 UTC,sensor08,236476534,21.48,87.02,2025-09-24 10:30:57+00:00,33.989838,-81.026697,77.3,9.09,0.3,160.49,12.0,3D,2025-09-24 06:30:57-04:00,POINT (-81.026697 33.989838)
2025-09-23 00:51:30 UTC,sensor08,236476534,21.49,86.65,2025-09-24 10:31:02+00:00,33.989567,-81.026657,78.5,4.67,0.2,207.62,12.0,3D,2025-09-24 06:31:02-04:00,POINT (-81.026657 33.989567)
2025-09-23 00:51:35 UTC,sensor08,236476534,21.58,86.48,2025-09-24 10:31:07+00:00,33.989412,-81.027047,78.5,9.67,0.0,248.69,12.0,3D,2025-09-24 06:31:07-04:00,POINT (-81.027047 33.989412)
2025-09-23 00:51:40 UTC,sensor08,236476534,21.64,86.35,2025-09-24 10:31:12+00:00,33.989263,-81.027543,77.7,9.41,-0.1,250.47,12.0,3D,2025-09-24 06:31:12-04:00,POINT (-81.027543 33.989263)
2025-09-23 00:51:45 UTC,sensor08,236476534,21.6,86.5,2025-09-24 10:31:17+00:00,33.989153,-81.027952,76.7,5.19,0.0,253.12,12.0,3D,2025-09-24 06:31:17-04:00,POINT (-81.027952 33.989153)
2025-09-23 00:51:55 UTC,sensor08,236476534,21.74,85.81,2025-09-24 10:31:27+00:00,33.98899,-81.028103,74.4,4.94,0.0,177.95,12.0,3D,2025-09-24 06:31:27-04:00,POINT (-81.028103 33.98899)
2025-09-23 00:52:00 UTC,sensor08,236476534,21.73,85.48,2025-09-24 10:31:32+00:00,33.988508,-81.027898,73.1,11.25,-0.3,157.86,12.0,3D,2025-09-24 06:31:32-04:00,POINT (-81.027898 33.988508)
2025-09-23 00:52:05 UTC,sensor08,236476534,21.67,85.81,2025-09-24 10:31:37+00:00,33.98806,-81.027702,72.0,8.97,-0.1,160.33,12.0,3D,2025-09-24 06:31:37-04:00,POINT (-81.027702 33.98806)
2025-09-23 00:52:15 UTC,sensor08,236476534,21.58,86.42,2025-09-24 10:31:47+00:00,33.987768,-81.027485,72.7,4.65,0.0,93.61,11.0,3D,2025-09-24 06:31:47-04:00,POINT (-81.027485 33.987768)
2025-09-23 00:52:20 UTC,sensor08,236476534,21.51,86.32,2025-09-24 10:31:52+00:00,33.987882,-81.027097,73.6,8.68,0.4,68.94,11.0,3D,2025-09-24 06:31:52-04:00,POINT (-81.027097 33.987882)
2025-09-23 00:52:25 UTC,sensor08,236476534,21.41,86.58,2025-09-24 10:31:57+00:00,33.98804,-81.02663,73.0,8.4,0.2,68.77,11.0,3D,2025-09-24 06:31:57-04:00,POINT (-81.02663 33.98804)
2025-09-23 00:52:30 UTC,sensor08,236476534,21.35,86.87,2025-09-24 10:32:02+00:00,33.988162,-81.026252,74.6,5.62,0.4,71.34,11.0,3D,2025-09-24 06:32:02-04:00,POINT (-81.026252 33.988162)
2025-09-23 00:52:40 UTC,sensor08,236476534,21.53,86.49,2025-09-24 10:32:12+00:00,33.98827,-81.025817,79.0,8.11,1.7,68.68,11.0,3D,2025-09-24 06:32:12-04:00,POINT (-81.025817 33.98827)
2025-09-23 00:52:45 UTC,sensor08,236476534,21.57,86.17,2025-09-24 10:32:15+00:00,33.988373,-81.025522,79.4,10.44,0.4,68.32,11.0,3D,2025-09-24 06:32:15-04:00,POINT (-81.025522 33.988373)
2025-09-23 00:52:50 UTC,sensor08,236476534,21.67,86.01,2025-09-24 10:32:22+00:00,33.988613,-81.024772,82.2,9.6,0.4,70.65,11.0,3D,2025-09-24 06:32:22-04:00,POINT (-81.024772 33.988613)
2025-09-23 00:52:55 UTC,sensor08,236476534,21.65,85.96,2025-09-24 10:32:27+00:00,33.98871,-81.024412,84.0,4.38,0.3,83.94,11.0,3D,2025-09-24 06:32:27-04:00,POINT (-81.024412 33.98871)
2025-09-23 00:53:00 UTC,sensor08,236476534,21.67,86.06,2025-09-24 10:32:33+00:00,33.98848,-81.024202,85.2,7.84,0.0,0.0,11.0,3D,2025-09-24 06:32:33-04:00,POINT (-81.024202 33.98848)
2025-09-23 00:53:05 UTC,sensor08,236476534,21.64,86.1,2025-09-24 10:32:38+00:00,33.98811,-81.024018,85.4,9.67,0.2,0.0,11.0,3D,2025-09-24 06:32:38-04:00,POINT (-81.024018 33.98811)
2025-09-23 00:53:11 UTC,sensor08,236476534,21.61,86.25,2025-09-24 10:32:43+00:00,33.987745,-81.023822,85.2,7.5,-0.4,0.0,11.0,3D,2025-09-24 06:32:43-04:00,POINT (-81.023822 33.987745)
2025-09-23 00:53:16 UTC,sensor08,236476534,21.59,86.51,2025-09-24 10:32:48+00:00,33.987498,-81.023713,83.8,4.03,-0.1,162.88,11.0,3D,2025-09-24 06:32:48-04:00,POINT (-81.023713 33.987498)
2025-09-23 00:53:21 UTC,sensor08,236476534,21.58,86.63,2025-09-24 10:32:53+00:00,33.98741,-81.023695,83.3,2.37,-0.2,136.97,11.0,3D,2025-09-24 06:32:53-04:00,POINT (-81.023695 33.98741)
2025-09-23 00:53:26 UTC,sensor08,236476534,21.41,87.02,2025-09-24 10:32:58+00:00,33.987407,-81.02344,83.6,6.95,0.1,68.9,11.0,3D,2025-09-24 06:32:58-04:00,POINT (-81.02344 33.987407)
2025-09-23 00:53:31 UTC,sensor08,236476534,21.34,87.48,2025-09-24 10:33:03+00:00,33.987465,-81.023217,84.2,2.25,0.2,93.85,11.0,3D,2025-09-24 06:33:03-04:00,POINT (-81.023217 33.987465)
2025-09-23 00:53:36 UTC,sensor08,236476534,21.26,87.86,2025-09-24 10:33:08+00:00,33.987417,-81.023067,84.6,3.76,0.1,119.98,11.0,3D,2025-09-24 06:33:08-04:00,POINT (-81.023067 33.987417)
2025-09-23 00:53:41 UTC,sensor08,236476534,21.18,88.11,2025-09-24 10:33:13+00:00,33.987168,-81.0228,84.8,7.73,0.0,136.1,11.0,3D,2025-09-24 06:33:13-04:00,POINT (-81.0228 33.987168)
2025-09-23 00:53:46 UTC,sensor08,236476534,21.09,88.23,2025-09-24 10:33:18+00:00,33.98687,-81.022525,83.7,8.53,-0.7,133.56,11.0,3D,2025-09-24 06:33:18-04:00,POINT (-81.022525 33.98687)
2025-09-23 00:53:51 UTC,sensor08,236476534,21.09,88.47,2025-09-24 10:33:23+00:00,33.986548,-81.022142,82.8,8.95,0.0,130.26,11.0,3D,2025-09-24 06:33:23-04:00,POINT (-81.022142 33.986548)
2025-09-23 00:53:56 UTC,sensor08,236476534,21.1,88.55,2025-09-24 10:33:28+00:00,33.986302,-81.021802,81.3,7.79,-0.2,128.77,11.0,3D,2025-09-24 06:33:28-04:00,POINT (-81.021802 33.986302)
2025-09-23 00:54:01 UTC,sensor08,236476534,20.92,88.66,2025-09-24 10:33:33+00:00,33.986055,-81.021448,80.3,8.55,-0.1,132.93,11.0,3D,2025-09-24 06:33:33-04:00,POINT (-81.021448 33.986055)
2025-09-23 00:54:06 UTC,sensor08,236476534,20.84,89.06,2025-09-24 10:33:38+00:00,33.985833,-81.02114,80.6,3.87,0.2,137.72,11.0,3D,2025-09-24 06:33:38-04:00,POINT (-81.02114 33.985833)
2025-09-23 00:54:11 UTC,sensor08,236476534,20.75,89.37,2025-09-24 10:33:43+00:00,33.98567,-81.020917,79.4,6.64,-0.3,130.07,11.0,3D,2025-09-24 06:33:43-04:00,POINT (-81.020917 33.98567)
2025-09-23 00:54:16 UTC,sensor08,236476534,20.79,89.73,2025-09-24 10:33:48+00:00,33.985438,-81.020617,77.8,6.96,-0.3,133.13,11.0,3D,2025-09-24 06:33:48-04:00,POINT (-81.020617 33.985438)
2025-09-23 00:54:26 UTC,sensor08,236476534,20.76,89.74,2025-09-24 10:33:58+00:00,33.985175,-81.020297,76.0,6.19,-0.1,124.19,11.0,3D,2025-09-24 06:33:58-04:00,POINT (-81.020297 33.985175)
2025-09-23 00:54:31 UTC,sensor08,236476534,20.75,89.8,2025-09-24 10:34:03+00:00,33.984923,-81.01996,76.4,9.48,0.1,133.11,11.0,3D,2025-09-24 06:34:03-04:00,POINT (-81.01996 33.984923)
2025-09-23 00:54:36 UTC,sensor08,236476534,20.75,89.81,2025-09-24 10:34:08+00:00,33.98461,-81.019543,75.6,9.7,0.0,131.34,11.0,3D,2025-09-24 06:34:08-04:00,POINT (-81.019543 33.98461)
2025-09-23 00:54:41 UTC,sensor08,236476534,20.84,89.73,2025-09-24 10:34:13+00:00,33.984305,-81.019152,75.0,9.57,-0.2,133.23,11.0,3D,2025-09-24 06:34:13-04:00,POINT (-81.019152 33.984305)
2025-09-23 00:54:46 UTC,sensor08,236476534,20.84,89.7,2025-09-24 10:34:13+00:00,33.984305,-81.019152,75.0,9.57,-0.2,133.23,11.0,3D,2025-09-24 06:34:13-04:00,POINT (-81.019152 33.984305)
2025-09-23 00:54:51 UTC,sensor08,236476534,20.89,89.69,2025-09-24 10:34:24+00:00,33.983617,-81.018305,73.2,8.99,-0.2,0.0,11.0,3D,2025-09-24 06:34:24-04:00,POINT (-81.018305 33.983617)
2025-09-23 00:54:56 UTC,sensor08,236476534,20.94,89.49,2025-09-24 10:34:29+00:00,33.983438,-81.01808,72.9,2.89,0.0,0.0,11.0,3D,2025-09-24 06:34:29-04:00,POINT (-81.01808 33.983438)
2025-09-23 00:55:07 UTC,sensor08,236476534,21.21,89.15,2025-09-24 10:34:39+00:00,33.983303,-81.017922,73.8,5.53,0.1,122.41,11.0,3D,2025-09-24 06:34:39-04:00,POINT (-81.017922 33.983303)
2025-09-23 00:55:12 UTC,sensor08,236476534,21.31,88.53,2025-09-24 10:34:44+00:00,33.983362,-81.017543,76.0,9.11,0.7,63.81,11.0,3D,2025-09-24 06:34:44-04:00,POINT (-81.017543 33.983362)
2025-09-23 00:55:17 UTC,sensor08,236476534,21.3,88.2,2025-09-24 10:34:49+00:00,33.983538,-81.017058,78.6,9.7,0.6,66.64,11.0,3D,2025-09-24 06:34:49-04:00,POINT (-81.017058 33.983538)
2025-09-23 00:55:22 UTC,sensor08,236476534,21.41,87.99,2025-09-24 10:34:54+00:00,33.983712,-81.016572,81.2,9.29,0.5,68.54,11.0,3D,2025-09-24 06:34:54-04:00,POINT (-81.016572 33.983712)
2025-09-23 00:55:27 UTC,sensor08,236476534,21.44,87.79,2025-09-24 10:34:59+00:00,33.98385,-81.016145,84.5,6.99,0.4,64.82,11.0,3D,2025-09-24 06:34:59-04:00,POINT (-81.016145 33.98385)
2025-09-23 00:55:32 UTC,sensor08,236476534,21.53,87.51,2025-09-24 10:35:04+00:00,33.983925,-81.01591,86.6,4.96,0.4,69.51,11.0,3D,2025-09-24 06:35:04-04:00,POINT (-81.01591 33.983925)
2025-09-23 00:55:37 UTC,sensor08,236476534,21.52,87.36,2025-09-24 10:35:09+00:00,33.984077,-81.01548,89.1,10.78,0.6,67.61,11.0,3D,2025-09-24 06:35:09-04:00,POINT (-81.01548 33.984077)
2025-09-23 00:55:42 UTC,sensor08,236476534,21.42,87.41,2025-09-24 10:35:14+00:00,33.984292,-81.014843,93.3,12.92,1.0,69.52,11.0,3D,2025-09-24 06:35:14-04:00,POINT (-81.014843 33.984292)
2025-09-23 00:55:47 UTC,sensor08,236476534,21.45,87.47,2025-09-24 10:35:19+00:00,33.984503,-81.014177,96.6,13.2,0.0,68.49,11.0,3D,2025-09-24 06:35:19-04:00,POINT (-81.014177 33.984503)
2025-09-23 00:55:52 UTC,sensor08,236476534,21.26,87.48,2025-09-24 10:35:24+00:00,33.984723,-81.013528,97.4,12.0,-0.1,63.18,11.0,3D,2025-09-24 06:35:24-04:00,POINT (-81.013528 33.984723)
2025-09-23 00:55:57 UTC,sensor08,236476534,21.13,87.89,2025-09-24 10:35:29+00:00,33.984892,-81.013085,97.1,5.41,0.1,71.18,11.0,3D,2025-09-24 06:35:29-04:00,POINT (-81.013085 33.984892)
2025-09-23 00:56:17 UTC,sensor08,236476534,21.14,87.8,2025-09-24 10:35:49+00:00,33.985092,-81.01287,97.9,4.83,-0.1,341.99,10.0,3D,2025-09-24 06:35:49-04:00,POINT (-81.01287 33.985092)
2025-09-23 00:56:22 UTC,sensor08,236476534,20.91,88.1,2025-09-24 10:35:54+00:00,33.985378,-81.012997,97.8,7.71,0.2,341.02,10.0,3D,2025-09-24 06:35:54-04:00,POINT (-81.012997 33.985378)
2025-09-23 00:56:27 UTC,sensor08,236476534,20.77,88.69,2025-09-24 10:35:59+00:00,33.985715,-81.01316,98.1,6.48,0.1,338.53,10.0,3D,2025-09-24 06:35:59-04:00,POINT (-81.01316 33.985715)
2025-09-23 00:56:37 UTC,sensor08,236476534,20.59,89.3,2025-09-24 10:36:09+00:00,33.98605,-81.013287,98.4,5.81,0.1,340.67,10.0,3D,2025-09-24 06:36:09-04:00,POINT (-81.013287 33.98605)
2025-09-23 00:56:42 UTC,sensor08,236476534,20.46,89.78,2025-09-24 10:36:14+00:00,33.986363,-81.013427,98.7,7.93,0.1,337.63,10.0,3D,2025-09-24 06:36:14-04:00,POINT (-81.013427 33.986363)
2025-09-23 00:56:47 UTC,sensor08,236476534,20.38,89.89,2025-09-24 10:36:20+00:00,33.986828,-81.013658,98.9,8.7,0.1,0.0,10.0,3D,2025-09-24 06:36:20-04:00,POINT (-81.013658 33.986828)
2025-09-23 00:56:53 UTC,sensor08,236476534,20.26,90.22,2025-09-24 10:36:25+00:00,33.987155,-81.013798,99.2,7.1,0.2,0.0,10.0,3D,2025-09-24 06:36:25-04:00,POINT (-81.013798 33.987155)
2025-09-23 00:56:58 UTC,sensor08,236476534,20.23,90.56,2025-09-24 10:36:30+00:00,33.987392,-81.013905,99.6,4.3,0.1,0.0,10.0,3D,2025-09-24 06:36:30-04:00,POINT (-81.013905 33.987392)
2025-09-23 00:57:03 UTC,sensor08,236476534,20.15,90.87,2025-09-24 10:36:35+00:00,33.987533,-81.013985,99.7,4.76,0.0,335.72,10.0,3D,2025-09-24 06:36:35-04:00,POINT (-81.013985 33.987533)
2025-09-23 00:57:08 UTC,sensor08,236476534,20.24,91.05,2025-09-24 10:36:40+00:00,33.987802,-81.014117,100.8,6.58,0.2,339.58,10.0,3D,2025-09-24 06:36:40-04:00,POINT (-81.014117 33.987802)
2025-09-23 00:57:13 UTC,sensor08,236476534,20.3,91.02,2025-09-24 10:36:45+00:00,33.988093,-81.014238,101.3,6.05,0.1,340.77,10.0,3D,2025-09-24 06:36:45-04:00,POINT (-81.014238 33.988093)
2025-09-23 00:57:18 UTC,sensor08,236476534,20.25,91.01,2025-09-24 10:36:50+00:00,33.988263,-81.014323,101.8,3.68,0.0,341.05,10.0,3D,2025-09-24 06:36:50-04:00,POINT (-81.014323 33.988263)
2025-09-23 00:57:23 UTC,sensor08,236476534,20.26,91.25,2025-09-24 10:36:55+00:00,33.988507,-81.01444,102.4,6.72,0.0,337.82,10.0,3D,2025-09-24 06:36:55-04:00,POINT (-81.01444 33.988507)
2025-09-23 00:57:28 UTC,sensor08,236476534,20.22,91.33,2025-09-24 10:37:00+00:00,33.988813,-81.014597,103.4,7.77,0.2,339.93,10.0,3D,2025-09-24 06:37:00-04:00,POINT (-81.014597 33.988813)
2025-09-23 00:57:33 UTC,sensor08,236476534,20.29,91.19,2025-09-24 10:37:05+00:00,33.989148,-81.014745,104.3,7.15,0.2,342.09,10.0,3D,2025-09-24 06:37:05-04:00,POINT (-81.014745 33.989148)
2025-09-23 00:57:38 UTC,sensor08,236476534,20.34,91.1,2025-09-24 10:37:10+00:00,33.98941,-81.014845,105.1,4.05,0.1,340.03,10.0,3D,2025-09-24 06:37:10-04:00,POINT (-81.014845 33.98941)
2025-09-23 17:05:14 UTC,sensor10,300372181,20.27,90.2,2025-09-24 10:06:32+00:00,33.994973,-81.013955,71.1,6.13,-0.3,0.0,8.0,3D,2025-09-24 06:06:32-04:00,POINT (-81.013955 33.994973)
2025-09-23 17:05:19 UTC,sensor10,300372181,20.41,89.99,2025-09-24 10:06:37+00:00,33.995218,-81.014095,70.7,5.9,0.0,0.0,8.0,3D,2025-09-24 06:06:37-04:00,POINT (-81.014095 33.995218)
2025-09-23 17:05:24 UTC,sensor10,300372181,20.5,89.89,2025-09-24 10:06:42+00:00,33.995467,-81.014235,70.5,6.24,-0.1,0.0,8.0,3D,2025-09-24 06:06:42-04:00,POINT (-81.014235 33.995467)
2025-09-23 17:05:29 UTC,sensor10,300372181,20.52,89.71,2025-09-24 10:06:47+00:00,33.995718,-81.014377,70.4,6.59,0.0,336.16,8.0,3D,2025-09-24 06:06:47-04:00,POINT (-81.014377 33.995718)
2025-09-23 17:05:34 UTC,sensor10,300372181,20.56,89.63,2025-09-24 10:06:52+00:00,33.995997,-81.014518,70.4,6.66,0.1,340.63,8.0,3D,2025-09-24 06:06:52-04:00,POINT (-81.014518 33.995997)
2025-09-23 17:05:39 UTC,sensor10,300372181,20.66,89.73,2025-09-24 10:06:57+00:00,33.99632,-81.014675,70.2,8.47,0.0,340.52,8.0,3D,2025-09-24 06:06:57-04:00,POINT (-81.014675 33.99632)
2025-09-23 17:05:44 UTC,sensor10,300372181,20.81,89.45,2025-09-24 10:07:02+00:00,33.996713,-81.01486,70.1,10.25,0.0,337.9,8.0,3D,2025-09-24 06:07:02-04:00,POINT (-81.01486 33.996713)
2025-09-23 17:05:49 UTC,sensor10,300372181,20.9,89.02,2025-09-24 10:07:07+00:00,33.997118,-81.015038,69.6,9.74,-0.2,338.81,8.0,3D,2025-09-24 06:07:07-04:00,POINT (-81.015038 33.997118)
2025-09-23 17:05:54 UTC,sensor10,300372181,20.85,88.64,2025-09-24 10:07:12+00:00,33.997555,-81.015223,68.5,9.81,-0.1,339.49,8.0,3D,2025-09-24 06:07:12-04:00,POINT (-81.015223 33.997555)
2025-09-23 17:05:59 UTC,sensor10,300372181,20.89,88.39,2025-09-24 10:07:17+00:00,33.997973,-81.015408,68.5,9.15,0.1,338.41,8.0,3D,2025-09-24 06:07:17-04:00,POINT (-81.015408 33.997973)
2025-09-23 17:06:04 UTC,sensor10,300372181,20.91,88.27,2025-09-24 10:07:22+00:00,33.998322,-81.015575,69.4,7.95,0.2,338.35,8.0,3D,2025-09-24 06:07:22-04:00,POINT (-81.015575 33.998322)
2025-09-23 17:06:09 UTC,sensor10,300372181,20.97,88.04,2025-09-24 10:07:27+00:00,33.998627,-81.015708,70.5,6.83,0.0,339.76,8.0,3D,2025-09-24 06:07:27-04:00,POINT (-81.015708 33.998627)
2025-09-23 17:06:14 UTC,sensor10,300372181,21.01,87.86,2025-09-24 10:07:32+00:00,33.998805,-81.015803,72.2,2.54,0.5,325.3,8.0,3D,2025-09-24 06:07:32-04:00,POINT (-81.015803 33.998805)
2025-09-23 17:06:19 UTC,sensor10,300372181,21.1,87.66,2025-09-24 10:07:37+00:00,33.998925,-81.015857,75.2,3.84,0.4,351.2,9.0,3D,2025-09-24 06:07:37-04:00,POINT (-81.015857 33.998925)
2025-09-23 17:06:24 UTC,sensor10,300372181,21.14,87.38,2025-09-24 10:07:42+00:00,33.999133,-81.015935,76.0,5.21,-0.1,344.18,9.0,3D,2025-09-24 06:07:42-04:00,POINT (-81.015935 33.999133)
2025-09-23 17:06:29 UTC,sensor10,300372181,21.09,86.9,2025-09-24 10:07:47+00:00,33.999352,-81.016032,74.9,5.12,-0.3,336.69,10.0,3D,2025-09-24 06:07:47-04:00,POINT (-81.016032 33.999352)
2025-09-23 17:06:34 UTC,sensor10,300372181,21.06,86.56,2025-09-24 10:07:52+00:00,33.99956,-81.016162,73.1,5.11,-0.4,333.41,11.0,3D,2025-09-24 06:07:52-04:00,POINT (-81.016162 33.99956)
2025-09-23 17:06:39 UTC,sensor10,300372181,21.03,86.6,2025-09-24 10:07:57+00:00,33.999762,-81.01628,71.3,4.57,-0.5,331.18,11.0,3D,2025-09-24 06:07:57-04:00,POINT (-81.01628 33.999762)
2025-09-23 17:06:45 UTC,sensor10,300372181,21.05,86.74,2025-09-24 10:08:02+00:00,33.999967,-81.016378,69.1,4.8,-0.5,344.64,11.0,3D,2025-09-24 06:08:02-04:00,POINT (-81.016378 33.999967)
2025-09-23 17:06:50 UTC,sensor10,300372181,21.03,86.79,2025-09-24 10:08:07+00:00,34.000173,-81.016463,66.2,4.9,-0.6,330.17,11.0,3D,2025-09-24 06:08:07-04:00,POINT (-81.016463 34.000173)
2025-09-23 17:06:55 UTC,sensor10,300372181,20.91,86.92,2025-09-24 10:08:12+00:00,34.000277,-81.016682,63.1,4.99,-0.6,275.85,11.0,3D,2025-09-24 06:08:12-04:00,POINT (-81.016682 34.000277)
2025-09-23 17:07:00 UTC,sensor10,300372181,20.95,87.17,2025-09-24 10:08:16+00:00,34.000242,-81.016882,60.6,4.51,-0.6,247.85,11.0,3D,2025-09-24 06:08:16-04:00,POINT (-81.016882 34.000242)
2025-09-23 17:07:05 UTC,sensor10,300372181,20.97,87.27,2025-09-24 10:08:22+00:00,34.00015,-81.017127,56.6,3.66,-0.6,247.44,11.0,3D,2025-09-24 06:08:22-04:00,POINT (-81.017127 34.00015)
2025-09-23 17:07:10 UTC,sensor10,300372181,21.04,87.16,2025-09-24 10:08:27+00:00,34.000087,-81.017317,53.4,3.15,-0.6,253.05,11.0,3D,2025-09-24 06:08:27-04:00,POINT (-81.017317 34.000087)
2025-09-23 17:07:15 UTC,sensor10,300372181,21.05,87.03,2025-09-24 10:08:32+00:00,34.00003,-81.017485,50.1,3.27,-0.7,241.18,11.0,3D,2025-09-24 06:08:32-04:00,POINT (-81.017485 34.00003)
2025-09-23 17:07:20 UTC,sensor10,300372181,21.04,86.84,2025-09-24 10:08:37+00:00,33.999955,-81.017677,47.1,4.14,-0.6,250.92,11.0,3D,2025-09-24 06:08:37-04:00,POINT (-81.017677 33.999955)
2025-09-23 17:07:25 UTC,sensor10,300372181,21.06,86.82,2025-09-24 10:08:43+00:00,33.999872,-81.017875,44.0,3.01,-0.5,0.0,11.0,3D,2025-09-24 06:08:43-04:00,POINT (-81.017875 33.999872)
2025-09-23 17:07:30 UTC,sensor10,300372181,21.09,86.76,2025-09-24 10:08:48+00:00,33.99981,-81.018037,42.2,2.98,-0.4,0.0,11.0,3D,2025-09-24 06:08:48-04:00,POINT (-81.018037 33.99981)
2025-09-23 17:07:35 UTC,sensor10,300372181,21.1,86.76,2025-09-24 10:08:53+00:00,33.999775,-81.0182,41.1,2.98,-0.2,0.0,11.0,3D,2025-09-24 06:08:53-04:00,POINT (-81.0182 33.999775)
2025-09-23 17:07:40 UTC,sensor10,300372181,21.13,86.68,2025-09-24 10:08:58+00:00,33.999722,-81.01836,40.1,3.8,-0.1,249.4,11.0,3D,2025-09-24 06:08:58-04:00,POINT (-81.01836 33.999722)
2025-09-23 17:07:45 UTC,sensor10,300372181,21.11,86.68,2025-09-24 10:09:03+00:00,33.999667,-81.018522,39.4,3.31,-0.2,252.26,11.0,3D,2025-09-24 06:09:03-04:00,POINT (-81.018522 33.999667)
2025-09-23 17:07:50 UTC,sensor10,300372181,21.09,86.77,2025-09-24 10:09:08+00:00,33.999622,-81.018688,39.0,3.69,-0.2,249.17,11.0,3D,2025-09-24 06:09:08-04:00,POINT (-81.018688 33.999622)
2025-09-23 17:07:55 UTC,sensor10,300372181,21.04,86.94,2025-09-24 10:09:13+00:00,33.999548,-81.018863,39.0,3.93,0.0,246.58,11.0,3D,2025-09-24 06:09:13-04:00,POINT (-81.018863 33.999548)
2025-09-23 17:08:00 UTC,sensor10,300372181,21.02,87.2,2025-09-24 10:09:18+00:00,33.999472,-81.019035,39.0,3.83,0.0,246.49,11.0,3D,2025-09-24 06:09:18-04:00,POINT (-81.019035 33.999472)
2025-09-23 17:08:05 UTC,sensor10,300372181,20.97,87.28,2025-09-24 10:09:23+00:00,33.999413,-81.019213,38.9,3.9,0.0,246.87,11.0,3D,2025-09-24 06:09:23-04:00,POINT (-81.019213 33.999413)
2025-09-23 17:08:10 UTC,sensor10,300372181,20.96,87.41,2025-09-24 10:09:28+00:00,33.999352,-81.0194,39.0,3.79,0.0,250.28,11.0,3D,2025-09-24 06:09:28-04:00,POINT (-81.0194 33.999352)
2025-09-23 17:08:15 UTC,sensor10,300372181,21.0,87.43,2025-09-24 10:09:33+00:00,33.999285,-81.01958,39.5,3.8,0.2,237.11,11.0,3D,2025-09-24 06:09:33-04:00,POINT (-81.01958 33.999285)
2025-09-23 17:08:20 UTC,sensor10,300372181,20.98,87.4,2025-09-24 10:09:38+00:00,33.999187,-81.019783,40.0,4.89,0.1,243.96,11.0,3D,2025-09-24 06:09:38-04:00,POINT (-81.019783 33.999187)
2025-09-23 17:08:25 UTC,sensor10,300372181,20.98,87.39,2025-09-24 10:09:43+00:00,33.999107,-81.020013,40.3,4.13,0.0,248.91,11.0,3D,2025-09-24 06:09:43-04:00,POINT (-81.020013 33.999107)
2025-09-23 17:08:30 UTC,sensor10,300372181,20.96,87.53,2025-09-24 10:09:48+00:00,33.99904,-81.02023,40.4,4.43,0.1,249.65,11.0,3D,2025-09-24 06:09:48-04:00,POINT (-81.02023 33.99904)
2025-09-23 17:08:35 UTC,sensor10,300372181,20.97,87.53,2025-09-24 10:09:53+00:00,33.998972,-81.020457,40.8,4.55,0.1,247.51,11.0,3D,2025-09-24 06:09:53-04:00,POINT (-81.020457 33.998972)
2025-09-23 17:08:40 UTC,sensor10,300372181,20.94,87.46,2025-09-24 10:09:58+00:00,33.9989,-81.02069,41.5,4.6,0.2,249.06,11.0,3D,2025-09-24 06:09:58-04:00,POINT (-81.02069 33.9989)
2025-09-23 17:08:45 UTC,sensor10,300372181,20.94,87.53,2025-09-24 10:10:03+00:00,33.998843,-81.020922,42.5,4.08,0.2,249.19,11.0,3D,2025-09-24 06:10:03-04:00,POINT (-81.020922 33.998843)
2025-09-23 17:08:50 UTC,sensor10,300372181,21.03,87.53,2025-09-24 10:10:08+00:00,33.998787,-81.021157,43.2,4.64,0.1,255.17,11.0,3D,2025-09-24 06:10:08-04:00,POINT (-81.021157 33.998787)
2025-09-23 17:08:56 UTC,sensor10,300372181,21.16,87.35,2025-09-24 10:10:13+00:00,33.99871,-81.021355,44.2,3.96,0.2,243.31,11.0,3D,2025-09-24 06:10:13-04:00,POINT (-81.021355 33.99871)
2025-09-23 17:09:01 UTC,sensor10,300372181,21.23,86.99,2025-09-24 10:10:17+00:00,33.998642,-81.021528,45.2,4.65,0.3,245.4,11.0,3D,2025-09-24 06:10:17-04:00,POINT (-81.021528 33.998642)
2025-09-23 17:09:06 UTC,sensor10,300372181,21.1,86.59,2025-09-24 10:10:22+00:00,33.998568,-81.021755,46.4,4.46,0.2,248.65,11.0,3D,2025-09-24 06:10:22-04:00,POINT (-81.021755 33.998568)
2025-09-23 17:09:11 UTC,sensor10,300372181,21.14,86.73,2025-09-24 10:10:22+00:00,33.998568,-81.021755,46.4,4.46,0.2,248.65,11.0,3D,2025-09-24 06:10:22-04:00,POINT (-81.021755 33.998568)
2025-09-23 17:09:16 UTC,sensor10,300372181,21.19,86.96,2025-09-24 10:10:33+00:00,33.99842,-81.022268,50.5,4.17,0.4,247.33,11.0,3D,2025-09-24 06:10:33-04:00,POINT (-81.022268 33.99842)
2025-09-23 17:09:21 UTC,sensor10,300372181,21.25,87.1,2025-09-24 10:10:38+00:00,33.998357,-81.022487,51.9,3.93,0.2,250.21,11.0,3D,2025-09-24 06:10:38-04:00,POINT (-81.022487 33.998357)
2025-09-23 17:09:26 UTC,sensor10,300372181,21.27,87.01,2025-09-24 10:10:44+00:00,33.998292,-81.022752,53.6,4.41,0.3,0.0,11.0,3D,2025-09-24 06:10:44-04:00,POINT (-81.022752 33.998292)
2025-09-23 17:09:31 UTC,sensor10,300372181,21.29,86.92,2025-09-24 10:10:49+00:00,33.998252,-81.022985,55.3,3.92,0.3,0.0,11.0,3D,2025-09-24 06:10:49-04:00,POINT (-81.022985 33.998252)
2025-09-23 17:09:36 UTC,sensor10,300372181,21.4,87.0,2025-09-24 10:10:54+00:00,33.99818,-81.023182,56.8,4.62,0.3,0.0,11.0,3D,2025-09-24 06:10:54-04:00,POINT (-81.023182 33.99818)
2025-09-23 17:09:41 UTC,sensor10,300372181,21.52,86.69,2025-09-24 10:10:59+00:00,33.998092,-81.023405,59.3,4.54,0.5,0.0,11.0,3D,2025-09-24 06:10:59-04:00,POINT (-81.023405 33.998092)
2025-09-23 17:09:46 UTC,sensor10,300372181,21.56,85.95,2025-09-24 10:11:04+00:00,33.997988,-81.023582,61.6,3.77,0.4,0.0,11.0,3D,2025-09-24 06:11:04-04:00,POINT (-81.023582 33.997988)
2025-09-23 17:09:51 UTC,sensor10,300372181,21.76,86.05,2025-09-24 10:11:09+00:00,33.997935,-81.023775,62.4,4.15,0.1,0.0,11.0,3D,2025-09-24 06:11:09-04:00,POINT (-81.023775 33.997935)
2025-09-23 17:09:56 UTC,sensor10,300372181,21.9,85.8,2025-09-24 10:11:14+00:00,33.997863,-81.024,62.9,4.31,0.2,251.91,11.0,3D,2025-09-24 06:11:14-04:00,POINT (-81.024 33.997863)
2025-09-23 17:10:01 UTC,sensor10,300372181,21.99,85.43,2025-09-24 10:11:19+00:00,33.997803,-81.024228,63.7,4.14,0.1,251.94,12.0,3D,2025-09-24 06:11:19-04:00,POINT (-81.024228 33.997803)
2025-09-23 17:10:06 UTC,sensor10,300372181,22.01,85.13,2025-09-24 10:11:24+00:00,33.99774,-81.02444,64.6,4.07,0.2,246.51,12.0,3D,2025-09-24 06:11:24-04:00,POINT (-81.02444 33.99774)
2025-09-23 17:10:11 UTC,sensor10,300372181,22.03,84.99,2025-09-24 10:11:29+00:00,33.997685,-81.024608,65.7,2.43,0.2,245.97,12.0,3D,2025-09-24 06:11:29-04:00,POINT (-81.024608 33.997685)
2025-09-23 17:10:16 UTC,sensor10,300372181,22.04,84.89,2025-09-24 10:11:34+00:00,33.99765,-81.024708,66.2,3.34,0.3,251.3,12.0,3D,2025-09-24 06:11:34-04:00,POINT (-81.024708 33.99765)
2025-09-23 17:10:21 UTC,sensor10,300372181,22.04,84.85,2025-09-24 10:11:39+00:00,33.997607,-81.024913,67.5,4.14,0.2,243.66,12.0,3D,2025-09-24 06:11:39-04:00,POINT (-81.024913 33.997607)
2025-09-23 17:10:26 UTC,sensor10,300372181,22.08,84.84,2025-09-24 10:11:44+00:00,33.997565,-81.025143,68.8,3.82,0.3,261.19,12.0,3D,2025-09-24 06:11:44-04:00,POINT (-81.025143 33.997565)
2025-09-23 17:10:31 UTC,sensor10,300372181,22.01,84.75,2025-09-24 10:11:49+00:00,33.997507,-81.025347,69.8,3.9,0.2,264.71,12.0,3D,2025-09-24 06:11:49-04:00,POINT (-81.025347 33.997507)
2025-09-23 17:10:36 UTC,sensor10,300372181,21.97,84.98,2025-09-24 10:11:54+00:00,33.997405,-81.02551,71.1,3.84,0.3,244.5,12.0,3D,2025-09-24 06:11:54-04:00,POINT (-81.02551 33.997405)
2025-09-23 17:10:41 UTC,sensor10,300372181,21.99,84.99,2025-09-24 10:11:59+00:00,33.997355,-81.025723,72.2,3.73,0.3,246.62,12.0,3D,2025-09-24 06:11:59-04:00,POINT (-81.025723 33.997355)
2025-09-23 17:10:46 UTC,sensor10,300372181,22.07,84.66,2025-09-24 10:12:04+00:00,33.997272,-81.025928,73.1,4.02,0.2,244.75,12.0,3D,2025-09-24 06:12:04-04:00,POINT (-81.025928 33.997272)
2025-09-23 17:10:51 UTC,sensor10,300372181,22.1,84.42,2025-09-24 10:12:09+00:00,33.997247,-81.026147,74.2,3.42,0.2,267.18,12.0,3D,2025-09-24 06:12:09-04:00,POINT (-81.026147 33.997247)
2025-09-23 17:10:56 UTC,sensor10,300372181,22.15,84.34,2025-09-24 10:12:14+00:00,33.997203,-81.026357,75.0,3.8,0.1,248.53,12.0,3D,2025-09-24 06:12:14-04:00,POINT (-81.026357 33.997203)
2025-09-23 17:11:02 UTC,sensor10,300372181,22.2,84.19,2025-09-24 10:12:18+00:00,33.997155,-81.026542,76.0,3.93,0.2,246.55,12.0,3D,2025-09-24 06:12:18-04:00,POINT (-81.026542 33.997155)
2025-09-23 17:11:07 UTC,sensor10,300372181,22.16,84.18,2025-09-24 10:12:24+00:00,33.997077,-81.026783,77.4,4.03,0.2,248.86,12.0,3D,2025-09-24 06:12:24-04:00,POINT (-81.026783 33.997077)
2025-09-23 17:11:12 UTC,sensor10,300372181,22.13,84.19,2025-09-24 10:12:29+00:00,33.997022,-81.027007,78.7,4.06,0.3,245.18,12.0,3D,2025-09-24 06:12:29-04:00,POINT (-81.027007 33.997022)
2025-09-23 17:11:17 UTC,sensor10,300372181,22.14,84.38,2025-09-24 10:12:34+00:00,33.99696,-81.027268,79.6,4.75,0.2,245.12,12.0,3D,2025-09-24 06:12:34-04:00,POINT (-81.027268 33.99696)
2025-09-23 17:11:22 UTC,sensor10,300372181,22.06,84.64,2025-09-24 10:12:39+00:00,33.996883,-81.027508,80.7,4.62,0.3,242.37,12.0,3D,2025-09-24 06:12:39-04:00,POINT (-81.027508 33.996883)
2025-09-23 17:11:27 UTC,sensor10,300372181,22.06,84.74,2025-09-24 10:12:44+00:00,33.996775,-81.027762,81.9,5.09,0.3,248.3,12.0,3D,2025-09-24 06:12:44-04:00,POINT (-81.027762 33.996775)
2025-09-23 17:11:32 UTC,sensor10,300372181,22.01,84.74,2025-09-24 10:12:49+00:00,33.996688,-81.028058,83.0,5.61,0.3,247.99,12.0,3D,2025-09-24 06:12:49-04:00,POINT (-81.028058 33.996688)
2025-09-23 17:11:37 UTC,sensor10,300372181,22.01,85.01,2025-09-24 10:12:54+00:00,33.996613,-81.028373,84.0,5.43,0.3,237.96,12.0,3D,2025-09-24 06:12:54-04:00,POINT (-81.028373 33.996613)
2025-09-23 17:11:42 UTC,sensor10,300372181,22.07,84.99,2025-09-24 10:12:59+00:00,33.996552,-81.028637,84.8,4.88,0.1,250.5,12.0,3D,2025-09-24 06:12:59-04:00,POINT (-81.028637 33.996552)
2025-09-23 17:11:47 UTC,sensor10,300372181,22.05,84.93,2025-09-24 10:13:04+00:00,33.996528,-81.02894,85.0,5.08,0.1,244.19,12.0,3D,2025-09-24 06:13:04-04:00,POINT (-81.02894 33.996528)
2025-09-23 17:11:52 UTC,sensor10,300372181,22.08,84.56,2025-09-24 10:13:10+00:00,33.996405,-81.029258,86.2,5.19,0.2,0.0,12.0,3D,2025-09-24 06:13:10-04:00,POINT (-81.029258 33.996405)
2025-09-23 17:11:57 UTC,sensor10,300372181,22.11,84.38,2025-09-24 10:13:15+00:00,33.996423,-81.029485,87.3,3.9,0.3,0.0,12.0,3D,2025-09-24 06:13:15-04:00,POINT (-81.029485 33.996423)
2025-09-23 17:12:02 UTC,sensor10,300372181,22.12,84.29,2025-09-24 10:13:20+00:00,33.996653,-81.02957,88.4,5.85,0.2,338.6,12.0,3D,2025-09-24 06:13:20-04:00,POINT (-81.02957 33.996653)
2025-09-23 17:12:07 UTC,sensor10,300372181,22.07,84.22,2025-09-24 10:13:25+00:00,33.996905,-81.029675,89.2,6.01,0.2,342.74,12.0,3D,2025-09-24 06:13:25-04:00,POINT (-81.029675 33.996905)
2025-09-23 17:12:12 UTC,sensor10,300372181,22.06,84.19,2025-09-24 10:13:30+00:00,33.997183,-81.029793,89.9,6.14,0.1,340.4,12.0,3D,2025-09-24 06:13:30-04:00,POINT (-81.029793 33.997183)
2025-09-23 17:12:17 UTC,sensor10,300372181,22.09,84.32,2025-09-24 10:13:35+00:00,33.997457,-81.02992,90.4,6.21,0.1,341.14,12.0,3D,2025-09-24 06:13:35-04:00,POINT (-81.02992 33.997457)
2025-09-23 17:12:22 UTC,sensor10,300372181,22.11,84.49,2025-09-24 10:13:40+00:00,33.997727,-81.030045,91.3,5.9,0.2,340.64,11.0,3D,2025-09-24 06:13:40-04:00,POINT (-81.030045 33.997727)
2025-09-23 17:12:27 UTC,sensor10,300372181,22.15,84.42,2025-09-24 10:13:45+00:00,33.997968,-81.030167,92.4,5.36,0.3,342.01,11.0,3D,2025-09-24 06:13:45-04:00,POINT (-81.030167 33.997968)
2025-09-23 17:12:32 UTC,sensor10,300372181,22.21,84.11,2025-09-24 10:13:50+00:00,33.998217,-81.030242,94.0,5.9,0.4,340.55,11.0,3D,2025-09-24 06:13:50-04:00,POINT (-81.030242 33.998217)
2025-09-23 17:12:37 UTC,sensor10,300372181,22.23,83.77,2025-09-24 10:13:55+00:00,33.998497,-81.030372,95.2,5.99,0.2,339.93,11.0,3D,2025-09-24 06:13:55-04:00,POINT (-81.030372 33.998497)
2025-09-23 17:12:42 UTC,sensor10,300372181,22.27,83.67,2025-09-24 10:14:00+00:00,33.99876,-81.030498,96.6,6.03,0.4,340.31,11.0,3D,2025-09-24 06:14:00-04:00,POINT (-81.030498 33.99876)
2025-09-23 17:12:47 UTC,sensor10,300372181,22.28,83.51,2025-09-24 10:14:05+00:00,33.999002,-81.030633,98.0,5.71,0.3,337.68,11.0,3D,2025-09-24 06:14:05-04:00,POINT (-81.030633 33.999002)
2025-09-23 17:12:52 UTC,sensor10,300372181,22.33,83.26,2025-09-24 10:14:10+00:00,33.999262,-81.030753,99.4,6.27,0.3,338.01,11.0,3D,2025-09-24 06:14:10-04:00,POINT (-81.030753 33.999262)
2025-09-23 17:12:57 UTC,sensor10,300372181,22.35,82.95,2025-09-24 10:14:15+00:00,33.999512,-81.030883,100.4,5.88,0.3,335.96,11.0,3D,2025-09-24 06:14:15-04:00,POINT (-81.030883 33.999512)
2025-09-23 17:13:02 UTC,sensor10,300372181,22.33,82.83,2025-09-24 10:14:19+00:00,33.999705,-81.03097,101.5,5.72,0.2,336.91,11.0,3D,2025-09-24 06:14:19-04:00,POINT (-81.03097 33.999705)
2025-09-23 17:13:07 UTC,sensor10,300372181,22.23,82.86,2025-09-24 10:14:19+00:00,33.999705,-81.03097,101.5,5.72,0.2,336.91,11.0,3D,2025-09-24 06:14:19-04:00,POINT (-81.03097 33.999705)
2025-09-23 17:13:13 UTC,sensor10,300372181,22.21,83.01,2025-09-24 10:14:30+00:00,34.000183,-81.031155,104.8,4.93,0.3,340.21,11.0,3D,2025-09-24 06:14:30-04:00,POINT (-81.031155 34.000183)
2025-09-23 17:13:18 UTC,sensor10,300372181,22.18,83.14,2025-09-24 10:14:35+00:00,34.000388,-81.031243,106.1,4.57,0.3,337.97,11.0,3D,2025-09-24 06:14:35-04:00,POINT (-81.031243 34.000388)
2025-09-23 17:13:23 UTC,sensor10,300372181,22.12,83.28,2025-09-24 10:14:40+00:00,34.000593,-81.031327,106.9,4.51,0.2,340.76,11.0,3D,2025-09-24 06:14:40-04:00,POINT (-81.031327 34.000593)
2025-09-23 17:13:28 UTC,sensor10,300372181,22.14,83.49,2025-09-24 10:14:45+00:00,34.000795,-81.031418,107.6,4.53,0.1,338.14,11.0,3D,2025-09-24 06:14:45-04:00,POINT (-81.031418 34.000795)
2025-09-23 17:13:33 UTC,sensor10,300372181,22.09,83.63,2025-09-24 10:14:50+00:00,34.000995,-81.031522,108.3,4.74,0.1,336.17,11.0,3D,2025-09-24 06:14:50-04:00,POINT (-81.031522 34.000995)
2025-09-23 17:13:38 UTC,sensor10,300372181,22.04,83.99,2025-09-24 10:14:55+00:00,34.001177,-81.03161,108.7,3.95,0.1,337.4,11.0,3D,2025-09-24 06:14:55-04:00,POINT (-81.03161 34.001177)
2025-09-23 17:13:43 UTC,sensor10,300372181,22.06,84.34,2025-09-24 10:15:00+00:00,34.001345,-81.031682,109.5,3.89,0.2,342.65,11.0,3D,2025-09-24 06:15:00-04:00,POINT (-81.031682 34.001345)
2025-09-23 17:13:48 UTC,sensor10,300372181,22.04,84.3,2025-09-24 10:15:05+00:00,34.0015,-81.031743,110.3,2.97,0.1,339.6,11.0,3D,2025-09-24 06:15:05-04:00,POINT (-81.031743 34.0015)
2025-09-23 17:14:03 UTC,sensor10,300372181,22.17,83.99,2025-09-24 10:15:21+00:00,34.00186,-81.0319,111.1,4.65,0.0,0.0,11.0,3D,2025-09-24 06:15:21-04:00,POINT (-81.0319 34.00186)
2025-09-23 17:14:08 UTC,sensor10,300372181,22.11,83.75,2025-09-24 10:15:26+00:00,34.00207,-81.032005,111.5,5.21,0.0,0.0,11.0,3D,2025-09-24 06:15:26-04:00,POINT (-81.032005 34.00207)
2025-09-23 17:14:13 UTC,sensor10,300372181,22.11,83.77,2025-09-24 10:15:31+00:00,34.00229,-81.0321,111.4,5.4,0.0,0.0,11.0,3D,2025-09-24 06:15:31-04:00,POINT (-81.0321 34.00229)
2025-09-23 17:14:18 UTC,sensor10,300372181,22.1,83.79,2025-09-24 10:15:36+00:00,34.002515,-81.032242,111.8,5.61,0.1,0.0,8.0,3D,2025-09-24 06:15:36-04:00,POINT (-81.032242 34.002515)
2025-09-23 17:14:23 UTC,sensor10,300372181,22.09,83.81,2025-09-24 10:15:41+00:00,34.002767,-81.032328,112.0,6.07,0.0,0.0,4.0,3D,2025-09-24 06:15:41-04:00,POINT (-81.032328 34.002767)
2025-09-23 17:14:28 UTC,sensor10,300372181,22.09,83.77,2025-09-24 10:15:46+00:00,34.003005,-81.032432,111.7,5.61,-0.2,0.0,8.0,3D,2025-09-24 06:15:46-04:00,POINT (-81.032432 34.003005)
2025-09-23 17:14:33 UTC,sensor10,300372181,22.11,83.74,2025-09-24 10:15:51+00:00,34.003248,-81.032518,111.8,5.62,0.0,0.0,11.0,3D,2025-09-24 06:15:51-04:00,POINT (-81.032518 34.003248)
2025-09-23 17:14:38 UTC,sensor10,300372181,22.2,83.68,2025-09-24 10:15:56+00:00,34.0035,-81.032587,111.6,6.07,-0.1,0.0,11.0,3D,2025-09-24 06:15:56-04:00,POINT (-81.032587 34.0035)
2025-09-23 17:14:43 UTC,sensor10,300372181,22.22,83.54,2025-09-24 10:16:01+00:00,34.003745,-81.032685,111.4,5.14,-0.1,0.0,11.0,3D,2025-09-24 06:16:01-04:00,POINT (-81.032685 34.003745)
2025-09-23 17:14:48 UTC,sensor10,300372181,22.22,83.39,2025-09-24 10:16:06+00:00,34.003982,-81.03279,111.2,5.66,-0.1,340.81,11.0,3D,2025-09-24 06:16:06-04:00,POINT (-81.03279 34.003982)
2025-09-23 17:14:53 UTC,sensor10,300372181,22.28,83.41,2025-09-24 10:16:11+00:00,34.00421,-81.032903,110.8,5.54,-0.1,339.08,11.0,3D,2025-09-24 06:16:11-04:00,POINT (-81.032903 34.00421)
2025-09-23 17:15:03 UTC,sensor10,300372181,22.31,83.31,2025-09-24 10:16:21+00:00,34.00444,-81.033043,110.0,3.32,-0.1,340.82,11.0,3D,2025-09-24 06:16:21-04:00,POINT (-81.033043 34.00444)
2025-09-23 17:15:08 UTC,sensor10,300372181,22.38,83.18,2025-09-24 10:16:23+00:00,34.004507,-81.033075,109.9,4.15,0.0,343.16,11.0,3D,2025-09-24 06:16:23-04:00,POINT (-81.033075 34.004507)
2025-09-23 17:15:13 UTC,sensor10,300372181,22.42,82.91,2025-09-24 10:16:31+00:00,34.004828,-81.033238,108.7,4.6,-0.1,325.42,11.0,3D,2025-09-24 06:16:31-04:00,POINT (-81.033238 34.004828)
2025-09-23 17:15:18 UTC,sensor10,300372181,22.48,82.78,2025-09-24 10:16:36+00:00,34.005078,-81.033377,108.5,6.11,0.0,337.01,11.0,3D,2025-09-24 06:16:36-04:00,POINT (-81.033377 34.005078)
2025-09-23 17:15:24 UTC,sensor10,300372181,22.48,82.71,2025-09-24 10:16:41+00:00,34.005357,-81.033487,108.6,6.14,0.0,336.75,11.0,3D,2025-09-24 06:16:41-04:00,POINT (-81.033487 34.005357)
2025-09-23 17:15:29 UTC,sensor10,300372181,22.59,82.69,2025-09-24 10:16:46+00:00,34.005645,-81.033567,108.6,6.0,0.1,337.13,11.0,3D,2025-09-24 06:16:46-04:00,POINT (-81.033567 34.005645)
2025-09-23 17:15:34 UTC,sensor10,300372181,22.68,82.3,2025-09-24 10:16:51+00:00,34.00594,-81.033683,108.9,6.22,-0.1,337.6,11.0,3D,2025-09-24 06:16:51-04:00,POINT (-81.033683 34.00594)
2025-09-23 17:15:39 UTC,sensor10,300372181,22.74,81.53,2025-09-24 10:16:56+00:00,34.006192,-81.033815,108.7,6.18,0.0,336.4,11.0,3D,2025-09-24 06:16:56-04:00,POINT (-81.033815 34.006192)
2025-09-23 17:15:44 UTC,sensor10,300372181,22.7,81.8,2025-09-24 10:17:01+00:00,34.00644,-81.03394,108.8,5.59,0.0,338.24,11.0,3D,2025-09-24 06:17:01-04:00,POINT (-81.03394 34.00644)
2025-09-23 17:15:49 UTC,sensor10,300372181,22.69,81.8,2025-09-24 10:17:06+00:00,34.006687,-81.034057,109.0,6.11,-0.1,339.56,11.0,3D,2025-09-24 06:17:06-04:00,POINT (-81.034057 34.006687)
2025-09-23 17:15:54 UTC,sensor10,300372181,22.66,81.87,2025-09-24 10:17:11+00:00,34.006958,-81.034167,108.7,6.08,-0.1,336.92,11.0,3D,2025-09-24 06:17:11-04:00,POINT (-81.034167 34.006958)
2025-09-23 17:15:59 UTC,sensor10,300372181,22.62,82.11,2025-09-24 10:17:16+00:00,34.007212,-81.034282,108.0,5.84,-0.1,336.51,11.0,3D,2025-09-24 06:17:16-04:00,POINT (-81.034282 34.007212)
2025-09-23 17:16:04 UTC,sensor10,300372181,22.54,82.41,2025-09-24 10:17:22+00:00,34.007488,-81.034428,107.4,5.5,0.0,0.0,11.0,3D,2025-09-24 06:17:22-04:00,POINT (-81.034428 34.007488)
2025-09-23 17:16:09 UTC,sensor10,300372181,22.49,82.76,2025-09-24 10:17:27+00:00,34.007727,-81.03454,107.5,5.61,0.0,0.0,11.0,3D,2025-09-24 06:17:27-04:00,POINT (-81.03454 34.007727)
2025-09-23 17:16:14 UTC,sensor10,300372181,22.56,82.7,2025-09-24 10:17:32+00:00,34.00796,-81.03463,108.1,5.84,0.2,0.0,11.0,3D,2025-09-24 06:17:32-04:00,POINT (-81.03463 34.00796)
2025-09-23 17:16:19 UTC,sensor10,300372181,22.56,82.19,2025-09-24 10:17:37+00:00,34.008168,-81.034718,108.8,4.7,0.2,0.0,11.0,3D,2025-09-24 06:17:37-04:00,POINT (-81.034718 34.008168)
2025-09-23 17:16:24 UTC,sensor10,300372181,22.52,81.96,2025-09-24 10:17:42+00:00,34.008323,-81.034802,109.6,3.41,0.2,0.0,11.0,3D,2025-09-24 06:17:42-04:00,POINT (-81.034802 34.008323)
2025-09-23 17:16:29 UTC,sensor10,300372181,22.46,82.02,2025-09-24 10:17:47+00:00,34.008435,-81.034832,108.8,3.2,-0.5,346.71,11.0,3D,2025-09-24 06:17:47-04:00,POINT (-81.034832 34.008435)
2025-09-23 17:16:34 UTC,sensor10,300372181,22.49,82.15,2025-09-24 10:17:52+00:00,34.008602,-81.0349,108.4,4.53,0.0,335.25,11.0,3D,2025-09-24 06:17:52-04:00,POINT (-81.0349 34.008602)
2025-09-23 17:16:39 UTC,sensor10,300372181,22.42,82.31,2025-09-24 10:17:57+00:00,34.008797,-81.034987,107.9,4.51,-0.1,335.7,11.0,3D,2025-09-24 06:17:57-04:00,POINT (-81.034987 34.008797)
2025-09-23 17:16:44 UTC,sensor10,300372181,22.41,82.39,2025-09-24 10:18:02+00:00,34.008993,-81.035067,107.6,4.71,-0.1,341.38,11.0,3D,2025-09-24 06:18:02-04:00,POINT (-81.035067 34.008993)
2025-09-23 17:16:49 UTC,sensor10,300372181,22.39,82.37,2025-09-24 10:18:07+00:00,34.009195,-81.03515,107.4,5.0,0.0,339.51,11.0,3D,2025-09-24 06:18:07-04:00,POINT (-81.03515 34.009195)
2025-09-23 17:16:54 UTC,sensor10,300372181,22.42,82.35,2025-09-24 10:18:12+00:00,34.0094,-81.035248,106.9,5.11,-0.1,333.79,11.0,3D,2025-09-24 06:18:12-04:00,POINT (-81.035248 34.0094)
2025-09-23 17:16:59 UTC,sensor10,300372181,22.4,82.25,2025-09-24 10:18:17+00:00,34.0096,-81.035277,104.4,4.7,-0.1,341.87,11.0,3D,2025-09-24 06:18:17-04:00,POINT (-81.035277 34.0096)
2025-09-23 17:17:04 UTC,sensor10,300372181,22.38,82.31,2025-09-24 10:18:21+00:00,34.009747,-81.035327,103.6,3.58,0.0,347.48,11.0,3D,2025-09-24 06:18:21-04:00,POINT (-81.035327 34.009747)
2025-09-23 17:17:09 UTC,sensor10,300372181,22.37,82.4,2025-09-24 10:18:27+00:00,34.00993,-81.035408,102.6,4.32,-0.1,336.89,11.0,3D,2025-09-24 06:18:27-04:00,POINT (-81.035408 34.00993)
2025-09-23 17:17:14 UTC,sensor10,300372181,22.36,82.59,2025-09-24 10:18:32+00:00,34.010145,-81.035518,102.0,5.91,-0.1,337.77,11.0,3D,2025-09-24 06:18:32-04:00,POINT (-81.035518 34.010145)
2025-09-23 17:17:19 UTC,sensor10,300372181,22.42,82.51,2025-09-24 10:18:37+00:00,34.010413,-81.03564,101.5,6.84,-0.2,338.95,11.0,3D,2025-09-24 06:18:37-04:00,POINT (-81.03564 34.010413)
2025-09-23 17:17:24 UTC,sensor10,300372181,22.38,82.53,2025-09-24 10:18:42+00:00,34.010708,-81.035773,100.7,7.37,-0.2,339.62,11.0,3D,2025-09-24 06:18:42-04:00,POINT (-81.035773 34.010708)
2025-09-23 17:17:29 UTC,sensor10,300372181,22.32,82.68,2025-09-24 10:18:47+00:00,34.011012,-81.035908,99.9,7.6,-0.3,339.46,11.0,3D,2025-09-24 06:18:47-04:00,POINT (-81.035908 34.011012)
2025-09-23 17:17:35 UTC,sensor10,300372181,22.35,82.83,2025-09-24 10:18:52+00:00,34.01133,-81.036055,99.4,7.54,-0.2,334.76,11.0,3D,2025-09-24 06:18:52-04:00,POINT (-81.036055 34.01133)
2025-09-23 17:17:40 UTC,sensor10,300372181,22.29,83.06,2025-09-24 10:18:57+00:00,34.011618,-81.036238,98.7,7.15,-0.1,333.74,11.0,3D,2025-09-24 06:18:57-04:00,POINT (-81.036238 34.011618)
2025-09-23 17:17:45 UTC,sensor10,300372181,22.31,83.21,2025-09-24 10:19:02+00:00,34.01191,-81.036398,98.4,7.07,-0.1,335.94,11.0,3D,2025-09-24 06:19:02-04:00,POINT (-81.036398 34.01191)
2025-09-23 17:17:50 UTC,sensor10,300372181,22.36,83.12,2025-09-24 10:19:07+00:00,34.012212,-81.036538,98.8,7.13,-0.1,340.2,11.0,3D,2025-09-24 06:19:07-04:00,POINT (-81.036538 34.012212)
2025-09-23 17:17:55 UTC,sensor10,300372181,22.39,83.21,2025-09-24 10:19:12+00:00,34.012458,-81.036752,99.1,6.8,0.0,294.66,11.0,3D,2025-09-24 06:19:12-04:00,POINT (-81.036752 34.012458)
2025-09-23 17:18:00 UTC,sensor10,300372181,22.42,83.3,2025-09-24 10:19:17+00:00,34.012442,-81.037132,99.9,6.88,0.2,258.63,11.0,3D,2025-09-24 06:19:17-04:00,POINT (-81.037132 34.012442)
2025-09-23 17:18:05 UTC,sensor10,300372181,22.44,83.24,2025-09-24 10:19:23+00:00,34.012327,-81.037518,100.1,5.9,0.0,0.0,11.0,3D,2025-09-24 06:19:23-04:00,POINT (-81.037518 34.012327)
2025-09-23 17:18:10 UTC,sensor10,300372181,22.51,83.08,2025-09-24 10:19:27+00:00,34.012255,-81.037735,100.1,5.18,0.0,253.26,11.0,3D,2025-09-24 06:19:27-04:00,POINT (-81.037735 34.012255)
2025-09-23 17:18:15 UTC,sensor10,300372181,22.48,82.85,2025-09-24 10:19:33+00:00,34.012142,-81.038043,100.2,5.19,0.0,0.0,11.0,3D,2025-09-24 06:19:33-04:00,POINT (-81.038043 34.012142)
2025-09-23 17:18:20 UTC,sensor10,300372181,22.48,82.88,2025-09-24 10:19:38+00:00,34.012042,-81.038305,100.1,5.19,0.0,0.0,11.0,3D,2025-09-24 06:19:38-04:00,POINT (-81.038305 34.012042)
2025-09-23 17:18:25 UTC,sensor10,300372181,22.49,82.84,2025-09-24 10:19:43+00:00,34.011942,-81.038568,100.0,5.35,0.0,0.0,11.0,3D,2025-09-24 06:19:43-04:00,POINT (-81.038568 34.011942)
2025-09-23 17:18:30 UTC,sensor10,300372181,22.4,82.69,2025-09-24 10:19:48+00:00,34.01183,-81.038898,98.8,5.83,0.0,0.0,11.0,3D,2025-09-24 06:19:48-04:00,POINT (-81.038898 34.01183)
2025-09-23 17:18:35 UTC,sensor10,300372181,22.36,82.76,2025-09-24 10:19:53+00:00,34.011732,-81.039187,97.1,5.31,0.0,255.31,11.0,3D,2025-09-24 06:19:53-04:00,POINT (-81.039187 34.011732)
2025-09-23 17:18:40 UTC,sensor10,300372181,22.33,82.85,2025-09-24 10:19:58+00:00,34.011642,-81.039442,97.6,4.92,0.1,253.31,11.0,3D,2025-09-24 06:19:58-04:00,POINT (-81.039442 34.011642)
2025-09-23 17:18:45 UTC,sensor10,300372181,22.29,82.8,2025-09-24 10:20:03+00:00,34.011557,-81.039662,98.3,3.78,0.1,240.11,11.0,3D,2025-09-24 06:20:03-04:00,POINT (-81.039662 34.011557)
2025-09-23 17:19:00 UTC,sensor10,300372181,22.23,83.2,2025-09-24 10:20:18+00:00,34.011478,-81.039917,99.7,3.25,0.0,241.92,11.0,3D,2025-09-24 06:20:18-04:00,POINT (-81.039917 34.011478)
2025-09-23 17:19:05 UTC,sensor10,300372181,22.16,83.15,2025-09-24 10:20:22+00:00,34.011467,-81.0401,99.3,4.4,0.1,244.84,11.0,3D,2025-09-24 06:20:22-04:00,POINT (-81.0401 34.011467)
2025-09-23 17:19:10 UTC,sensor10,300372181,22.11,83.25,2025-09-24 10:20:28+00:00,34.01138,-81.040393,100.1,5.06,0.2,250.13,11.0,3D,2025-09-24 06:20:28-04:00,POINT (-81.040393 34.01138)
2025-09-23 17:19:15 UTC,sensor10,300372181,22.16,83.43,2025-09-24 10:20:33+00:00,34.011322,-81.04064,100.5,4.13,-0.2,242.23,11.0,3D,2025-09-24 06:20:33-04:00,POINT (-81.04064 34.011322)
2025-09-23 17:19:20 UTC,sensor10,300372181,22.19,83.53,2025-09-24 10:20:38+00:00,34.01126,-81.040873,100.2,4.19,-0.3,252.49,11.0,3D,2025-09-24 06:20:38-04:00,POINT (-81.040873 34.01126)
2025-09-23 17:19:25 UTC,sensor10,300372181,22.13,83.89,2025-09-24 10:20:43+00:00,34.01117,-81.041153,99.0,5.06,-0.3,246.4,11.0,3D,2025-09-24 06:20:43-04:00,POINT (-81.041153 34.01117)
2025-09-23 17:19:30 UTC,sensor10,300372181,22.13,83.96,2025-09-24 10:20:48+00:00,34.011098,-81.041432,99.2,4.84,0.0,245.82,11.0,3D,2025-09-24 06:20:48-04:00,POINT (-81.041432 34.011098)
2025-09-23 17:19:36 UTC,sensor10,300372181,22.09,83.83,2025-09-24 10:20:53+00:00,34.011007,-81.041672,99.5,4.52,0.1,242.3,11.0,3D,2025-09-24 06:20:53-04:00,POINT (-81.041672 34.011007)
2025-09-23 17:19:41 UTC,sensor10,300372181,21.97,84.0,2025-09-24 10:20:58+00:00,34.010923,-81.041912,99.6,5.21,0.0,247.46,11.0,3D,2025-09-24 06:20:58-04:00,POINT (-81.041912 34.010923)
2025-09-23 17:19:46 UTC,sensor10,300372181,21.86,84.26,2025-09-24 10:21:03+00:00,34.010843,-81.042158,100.1,4.86,0.2,248.87,11.0,3D,2025-09-24 06:21:03-04:00,POINT (-81.042158 34.010843)
2025-09-23 17:19:51 UTC,sensor10,300372181,21.75,84.54,2025-09-24 10:21:08+00:00,34.010773,-81.042407,100.2,4.94,0.0,248.77,11.0,3D,2025-09-24 06:21:08-04:00,POINT (-81.042407 34.010773)
2025-09-23 17:19:56 UTC,sensor10,300372181,21.73,84.85,2025-09-24 10:21:13+00:00,34.010697,-81.042655,100.6,4.66,0.1,253.58,11.0,3D,2025-09-24 06:21:13-04:00,POINT (-81.042655 34.010697)
2025-09-23 17:20:01 UTC,sensor10,300372181,21.7,85.07,2025-09-24 10:21:18+00:00,34.010622,-81.04291,101.0,5.36,0.1,246.31,11.0,3D,2025-09-24 06:21:18-04:00,POINT (-81.04291 34.010622)
2025-09-23 17:20:06 UTC,sensor10,300372181,21.68,85.25,2025-09-24 10:21:23+00:00,34.010525,-81.04318,101.8,5.53,0.1,247.49,11.0,3D,2025-09-24 06:21:23-04:00,POINT (-81.04318 34.010525)
2025-09-23 17:20:11 UTC,sensor10,300372181,21.47,85.55,2025-09-24 10:21:28+00:00,34.010442,-81.043445,102.4,5.31,0.1,248.6,11.0,3D,2025-09-24 06:21:28-04:00,POINT (-81.043445 34.010442)
2025-09-23 17:20:16 UTC,sensor10,300372181,21.38,86.15,2025-09-24 10:21:33+00:00,34.010367,-81.04372,103.0,5.75,0.2,248.93,11.0,3D,2025-09-24 06:21:33-04:00,POINT (-81.04372 34.010367)
2025-09-23 17:20:21 UTC,sensor10,300372181,21.4,86.29,2025-09-24 10:21:38+00:00,34.010272,-81.044008,103.6,5.85,0.1,251.22,11.0,3D,2025-09-24 06:21:38-04:00,POINT (-81.044008 34.010272)
2025-09-23 17:20:26 UTC,sensor10,300372181,21.36,86.25,2025-09-24 10:21:44+00:00,34.010167,-81.044377,105.5,6.18,0.6,0.0,11.0,3D,2025-09-24 06:21:44-04:00,POINT (-81.044377 34.010167)
2025-09-23 17:20:31 UTC,sensor10,300372181,21.34,86.41,2025-09-24 10:21:49+00:00,34.010105,-81.044635,106.9,4.65,0.3,0.0,11.0,3D,2025-09-24 06:21:49-04:00,POINT (-81.044635 34.010105)
2025-09-23 17:20:36 UTC,sensor10,300372181,21.46,86.38,2025-09-24 10:21:54+00:00,34.010018,-81.044873,108.2,4.99,0.3,0.0,11.0,3D,2025-09-24 06:21:54-04:00,POINT (-81.044873 34.010018)
2025-09-23 17:20:41 UTC,sensor10,300372181,21.38,86.32,2025-09-24 10:21:59+00:00,34.009925,-81.045145,108.9,5.22,0.1,244.24,11.0,3D,2025-09-24 06:21:59-04:00,POINT (-81.045145 34.009925)
2025-09-23 17:20:46 UTC,sensor10,300372181,21.43,86.2,2025-09-24 10:22:04+00:00,34.009837,-81.045415,109.4,5.43,0.1,242.98,11.0,3D,2025-09-24 06:22:04-04:00,POINT (-81.045415 34.009837)
2025-09-23 17:20:51 UTC,sensor10,300372181,21.46,85.97,2025-09-24 10:22:09+00:00,34.009742,-81.04569,110.9,5.27,0.3,248.42,11.0,3D,2025-09-24 06:22:09-04:00,POINT (-81.04569 34.009742)
2025-09-23 17:20:56 UTC,sensor10,300372181,21.5,85.82,2025-09-24 10:22:14+00:00,34.009638,-81.04597,112.4,5.45,0.2,248.66,11.0,3D,2025-09-24 06:22:14-04:00,POINT (-81.04597 34.009638)
2025-09-23 17:21:01 UTC,sensor10,300372181,21.48,85.75,2025-09-24 10:22:19+00:00,34.009562,-81.04626,113.5,5.58,0.3,253.22,11.0,3D,2025-09-24 06:22:19-04:00,POINT (-81.04626 34.009562)
2025-09-23 17:21:06 UTC,sensor10,300372181,21.52,85.79,2025-09-24 10:22:23+00:00,34.009588,-81.04648,114.7,5.11,0.2,310.37,11.0,3D,2025-09-24 06:22:23-04:00,POINT (-81.04648 34.009588)
2025-09-23 17:21:11 UTC,sensor10,300372181,21.53,85.87,2025-09-24 10:22:29+00:00,34.009873,-81.046603,116.6,6.08,0.2,341.71,11.0,3D,2025-09-24 06:22:29-04:00,POINT (-81.046603 34.009873)
2025-09-23 17:21:16 UTC,sensor10,300372181,21.42,85.88,2025-09-24 10:22:34+00:00,34.01016,-81.046727,117.9,6.83,0.2,340.57,11.0,3D,2025-09-24 06:22:34-04:00,POINT (-81.046727 34.01016)
2025-09-23 17:21:21 UTC,sensor10,300372181,21.46,86.1,2025-09-24 10:22:39+00:00,34.010463,-81.046862,118.8,7.18,0.2,336.86,11.0,3D,2025-09-24 06:22:39-04:00,POINT (-81.046862 34.010463)
2025-09-23 17:21:26 UTC,sensor10,300372181,21.58,86.03,2025-09-24 10:22:44+00:00,34.010752,-81.046995,119.4,6.82,0.3,335.93,11.0,3D,2025-09-24 06:22:44-04:00,POINT (-81.046995 34.010752)
2025-09-23 17:21:31 UTC,sensor10,300372181,21.55,85.59,2025-09-24 10:22:49+00:00,34.010988,-81.047013,120.2,5.24,0.0,29.68,11.0,3D,2025-09-24 06:22:49-04:00,POINT (-81.047013 34.010988)
2025-09-23 17:21:36 UTC,sensor10,300372181,21.58,85.53,2025-09-24 10:22:54+00:00,34.011098,-81.046788,121.1,4.79,0.2,63.42,11.0,3D,2025-09-24 06:22:54-04:00,POINT (-81.046788 34.011098)
2025-09-23 17:21:41 UTC,sensor10,300372181,21.62,85.39,2025-09-24 10:22:59+00:00,34.011185,-81.046633,120.8,3.01,-0.9,12.83,11.0,3D,2025-09-24 06:22:59-04:00,POINT (-81.046633 34.011185)
2025-09-23 17:21:47 UTC,sensor10,300372181,21.72,85.16,2025-09-24 10:23:04+00:00,34.011318,-81.046685,119.5,4.01,-0.6,326.31,11.0,3D,2025-09-24 06:23:04-04:00,POINT (-81.046685 34.011318)
2025-09-23 17:21:52 UTC,sensor10,300372181,21.76,84.93,2025-09-24 10:23:09+00:00,34.011473,-81.046798,120.7,3.99,0.2,327.73,11.0,3D,2025-09-24 06:23:09-04:00,POINT (-81.046798 34.011473)
2025-09-23 17:21:57 UTC,sensor10,300372181,21.78,84.8,2025-09-24 10:23:14+00:00,34.011642,-81.04693,120.5,5.0,-0.2,327.03,11.0,3D,2025-09-24 06:23:14-04:00,POINT (-81.04693 34.011642)
2025-09-23 17:22:02 UTC,sensor10,300372181,21.71,84.75,2025-09-24 10:23:19+00:00,34.01184,-81.047057,118.9,5.55,-0.5,330.2,11.0,3D,2025-09-24 06:23:19-04:00,POINT (-81.047057 34.01184)
2025-09-23 17:22:07 UTC,sensor10,300372181,21.5,84.93,2025-09-24 10:23:24+00:00,34.012057,-81.047213,119.4,5.84,0.0,329.49,11.0,3D,2025-09-24 06:23:24-04:00,POINT (-81.047213 34.012057)
2025-09-23 17:22:12 UTC,sensor10,300372181,21.3,85.59,2025-09-24 10:23:29+00:00,34.012323,-81.047385,117.1,7.32,-0.8,330.69,11.0,3D,2025-09-24 06:23:29-04:00,POINT (-81.047385 34.012323)
2025-09-23 17:22:17 UTC,sensor10,300372181,21.1,86.28,2025-09-24 10:23:34+00:00,34.012612,-81.047602,116.8,7.32,0.0,329.05,11.0,3D,2025-09-24 06:23:34-04:00,POINT (-81.047602 34.012612)
2025-09-23 17:22:22 UTC,sensor10,300372181,20.96,86.9,2025-09-24 10:23:39+00:00,34.012882,-81.047798,117.2,6.1,0.1,325.27,11.0,3D,2025-09-24 06:23:39-04:00,POINT (-81.047798 34.012882)
2025-09-23 17:22:27 UTC,sensor10,300372181,20.83,87.12,2025-09-24 10:23:44+00:00,34.013085,-81.04793,118.4,5.02,0.3,327.93,11.0,3D,2025-09-24 06:23:44-04:00,POINT (-81.04793 34.013085)
2025-09-23 17:22:32 UTC,sensor10,300372181,20.83,87.37,2025-09-24 10:23:49+00:00,34.013295,-81.048083,119.3,5.59,0.2,327.06,11.0,3D,2025-09-24 06:23:49-04:00,POINT (-81.048083 34.013295)
2025-09-23 17:22:37 UTC,sensor10,300372181,20.7,87.37,2025-09-24 10:23:55+00:00,34.01356,-81.048287,120.1,5.87,0.1,0.0,11.0,3D,2025-09-24 06:23:55-04:00,POINT (-81.048287 34.01356)
2025-09-23 17:22:42 UTC,sensor10,300372181,20.47,87.43,2025-09-24 10:24:00+00:00,34.013808,-81.04846,118.0,6.1,-0.3,0.0,11.0,3D,2025-09-24 06:24:00-04:00,POINT (-81.04846 34.013808)
2025-09-23 17:22:47 UTC,sensor10,300372181,20.23,87.58,2025-09-24 10:24:05+00:00,34.014037,-81.048625,118.0,5.79,0.2,0.0,11.0,3D,2025-09-24 06:24:05-04:00,POINT (-81.048625 34.014037)
2025-09-23 17:22:52 UTC,sensor10,300372181,20.07,87.87,2025-09-24 10:24:10+00:00,34.014248,-81.048772,118.2,5.47,0.0,0.0,11.0,3D,2025-09-24 06:24:10-04:00,POINT (-81.048772 34.014248)
2025-09-23 17:22:57 UTC,sensor10,300372181,19.88,88.13,2025-09-24 10:24:15+00:00,34.014473,-81.048823,118.6,4.81,0.1,27.15,11.0,3D,2025-09-24 06:24:15-04:00,POINT (-81.048823 34.014473)
2025-09-23 17:23:02 UTC,sensor10,300372181,19.6,88.69,2025-09-24 10:24:20+00:00,34.01462,-81.048583,118.0,5.39,-0.3,56.15,11.0,3D,2025-09-24 06:24:20-04:00,POINT (-81.048583 34.01462)
2025-09-23 17:23:07 UTC,sensor10,300372181,19.45,89.58,2025-09-24 10:24:24+00:00,34.01472,-81.048377,117.3,5.0,-0.3,60.87,11.0,3D,2025-09-24 06:24:24-04:00,POINT (-81.048377 34.01472)
2025-09-23 17:23:12 UTC,sensor10,300372181,19.5,89.99,2025-09-24 10:24:30+00:00,34.014825,-81.04816,116.3,3.47,-0.4,53.72,11.0,3D,2025-09-24 06:24:30-04:00,POINT (-81.04816 34.014825)
2025-09-23 17:23:22 UTC,sensor10,300372181,19.61,90.38,2025-09-24 10:24:40+00:00,34.014957,-81.047868,115.5,3.67,0.0,62.07,11.0,3D,2025-09-24 06:24:40-04:00,POINT (-81.047868 34.014957)
2025-09-23 17:23:27 UTC,sensor10,300372181,19.78,90.45,2025-09-24 10:24:45+00:00,34.015035,-81.047693,116.1,3.15,0.0,67.69,11.0,3D,2025-09-24 06:24:45-04:00,POINT (-81.047693 34.015035)
2025-09-23 17:23:32 UTC,sensor10,300372181,19.95,90.87,2025-09-24 10:24:50+00:00,34.01512,-81.047533,116.1,3.19,-0.2,56.77,11.0,3D,2025-09-24 06:24:50-04:00,POINT (-81.047533 34.01512)
2025-09-23 17:23:37 UTC,sensor10,300372181,20.08,90.96,2025-09-24 10:24:55+00:00,34.015205,-81.047373,116.5,3.47,0.2,55.75,11.0,3D,2025-09-24 06:24:55-04:00,POINT (-81.047373 34.015205)
2025-09-23 17:23:42 UTC,sensor10,300372181,20.21,90.64,2025-09-24 10:25:00+00:00,34.015275,-81.047217,118.5,3.5,0.4,63.79,11.0,3D,2025-09-24 06:25:00-04:00,POINT (-81.047217 34.015275)
2025-09-23 17:23:47 UTC,sensor10,300372181,20.21,90.4,2025-09-24 10:25:05+00:00,34.015353,-81.047047,118.2,3.11,-0.7,61.98,11.0,3D,2025-09-24 06:25:05-04:00,POINT (-81.047047 34.015353)
2025-09-23 17:23:53 UTC,sensor10,300372181,20.27,90.22,2025-09-24 10:25:10+00:00,34.01546,-81.046862,116.6,3.6,0.4,61.23,11.0,3D,2025-09-24 06:25:10-04:00,POINT (-81.046862 34.01546)
2025-09-23 17:23:58 UTC,sensor10,300372181,20.37,89.78,2025-09-24 10:25:15+00:00,34.015547,-81.04669,116.0,2.84,-1.4,62.84,11.0,3D,2025-09-24 06:25:15-04:00,POINT (-81.04669 34.015547)
2025-09-23 17:24:03 UTC,sensor10,300372181,20.51,89.33,2025-09-24 10:25:20+00:00,34.015508,-81.046563,117.5,3.9,0.5,159.91,11.0,3D,2025-09-24 06:25:20-04:00,POINT (-81.046563 34.015508)
2025-09-23 17:24:08 UTC,sensor10,300372181,20.66,88.94,2025-09-24 10:25:25+00:00,34.01535,-81.046458,120.1,4.03,0.5,150.85,11.0,3D,2025-09-24 06:25:25-04:00,POINT (-81.046458 34.01535)
2025-09-23 17:24:13 UTC,sensor10,300372181,20.73,88.75,2025-09-24 10:25:30+00:00,34.015202,-81.04634,120.8,4.06,0.4,148.34,11.0,3D,2025-09-24 06:25:30-04:00,POINT (-81.04634 34.015202)
2025-09-23 17:24:18 UTC,sensor10,300372181,20.82,88.63,2025-09-24 10:25:35+00:00,34.015042,-81.046208,120.1,4.46,-0.3,150.6,11.0,3D,2025-09-24 06:25:35-04:00,POINT (-81.046208 34.015042)
2025-09-23 17:24:23 UTC,sensor10,300372181,20.83,88.66,2025-09-24 10:25:40+00:00,34.01487,-81.046082,120.8,4.62,0.4,154.51,11.0,3D,2025-09-24 06:25:40-04:00,POINT (-81.046082 34.01487)
2025-09-23 17:24:28 UTC,sensor10,300372181,20.9,88.69,2025-09-24 10:25:45+00:00,34.014697,-81.045965,122.9,4.02,0.4,151.05,11.0,3D,2025-09-24 06:25:45-04:00,POINT (-81.045965 34.014697)
2025-09-23 17:24:33 UTC,sensor10,300372181,20.94,88.52,2025-09-24 10:25:50+00:00,34.014538,-81.04584,120.5,4.38,-1.0,155.04,11.0,3D,2025-09-24 06:25:50-04:00,POINT (-81.04584 34.014538)
2025-09-23 17:24:38 UTC,sensor10,300372181,20.96,88.5,2025-09-24 10:25:55+00:00,34.014363,-81.045732,120.6,4.48,0.3,150.25,11.0,3D,2025-09-24 06:25:55-04:00,POINT (-81.045732 34.014363)
2025-09-23 17:24:43 UTC,sensor10,300372181,21.06,88.38,2025-09-24 10:26:00+00:00,34.014195,-81.045605,120.8,4.07,0.2,141.57,11.0,3D,2025-09-24 06:26:00-04:00,POINT (-81.045605 34.014195)
2025-09-23 17:24:48 UTC,sensor10,300372181,21.05,88.2,2025-09-24 10:26:06+00:00,34.013997,-81.045475,121.9,4.37,0.2,0.0,11.0,3D,2025-09-24 06:26:06-04:00,POINT (-81.045475 34.013997)
2025-09-23 17:24:53 UTC,sensor10,300372181,21.03,88.02,2025-09-24 10:26:11+00:00,34.013823,-81.045352,123.2,4.2,0.3,0.0,11.0,3D,2025-09-24 06:26:11-04:00,POINT (-81.045352 34.013823)
2025-09-23 17:24:58 UTC,sensor10,300372181,21.03,87.88,2025-09-24 10:26:16+00:00,34.013657,-81.045228,124.7,4.52,0.4,0.0,11.0,3D,2025-09-24 06:26:16-04:00,POINT (-81.045228 34.013657)
2025-09-23 17:25:03 UTC,sensor10,300372181,21.08,88.43,2025-09-24 10:26:21+00:00,34.013458,-81.045105,125.6,5.55,0.0,0.0,4.0,3D,2025-09-24 06:26:21-04:00,POINT (-81.045105 34.013458)
2025-09-23 17:25:08 UTC,sensor10,300372181,21.07,88.53,2025-09-24 10:26:25+00:00,34.013293,-81.04499,125.8,4.96,-0.4,152.65,11.0,3D,2025-09-24 06:26:25-04:00,POINT (-81.04499 34.013293)
2025-09-23 17:25:13 UTC,sensor10,300372181,21.09,88.31,2025-09-24 10:26:29+00:00,34.013128,-81.044865,123.7,5.14,-0.53,148.66,11.0,3D,2025-09-24 06:26:29-04:00,POINT (-81.044865 34.013128)
2025-09-23 17:25:18 UTC,sensor10,300372181,21.16,88.29,2025-09-24 10:26:36+00:00,34.013025,-81.044608,124.3,4.12,0.2,0.0,11.0,3D,2025-09-24 06:26:36-04:00,POINT (-81.044608 34.013025)
2025-09-23 17:25:23 UTC,sensor10,300372181,21.19,87.98,2025-09-24 10:26:41+00:00,34.013107,-81.04441,124.7,3.82,0.3,0.0,11.0,3D,2025-09-24 06:26:41-04:00,POINT (-81.04441 34.013107)
2025-09-23 17:25:28 UTC,sensor10,300372181,21.19,87.82,2025-09-24 10:26:46+00:00,34.013213,-81.04418,125.2,4.94,0.0,58.96,11.0,3D,2025-09-24 06:26:46-04:00,POINT (-81.04418 34.013213)
2025-09-23 17:25:33 UTC,sensor10,300372181,21.23,87.8,2025-09-24 10:26:51+00:00,34.013308,-81.043908,125.3,4.51,-0.3,59.79,11.0,3D,2025-09-24 06:26:51-04:00,POINT (-81.043908 34.013308)
2025-09-23 17:25:38 UTC,sensor10,300372181,21.33,87.7,2025-09-24 10:26:56+00:00,34.01343,-81.043655,124.6,4.83,-0.1,58.9,11.0,3D,2025-09-24 06:26:56-04:00,POINT (-81.043655 34.01343)
2025-09-23 17:25:43 UTC,sensor10,300372181,21.41,87.46,2025-09-24 10:27:01+00:00,34.013527,-81.043523,125.4,2.45,0.3,28.85,11.0,3D,2025-09-24 06:27:01-04:00,POINT (-81.043523 34.013527)
2025-09-23 17:25:48 UTC,sensor10,300372181,21.49,86.99,2025-09-24 10:27:06+00:00,34.013687,-81.043493,125.6,3.67,0.1,342.54,11.0,3D,2025-09-24 06:27:06-04:00,POINT (-81.043493 34.013687)
2025-09-23 17:25:53 UTC,sensor10,300372181,21.38,86.79,2025-09-24 10:27:11+00:00,34.013872,-81.043598,125.8,4.29,-0.6,327.88,11.0,3D,2025-09-24 06:27:11-04:00,POINT (-81.043598 34.013872)
2025-09-23 17:25:59 UTC,sensor10,300372181,21.38,86.76,2025-09-24 10:27:16+00:00,34.01405,-81.043563,126.0,4.54,0.2,57.74,11.0,3D,2025-09-24 06:27:16-04:00,POINT (-81.043563 34.01405)
2025-09-23 17:26:04 UTC,sensor10,300372181,21.3,86.71,2025-09-24 10:27:21+00:00,34.014178,-81.043333,124.8,5.09,-0.3,57.47,11.0,3D,2025-09-24 06:27:21-04:00,POINT (-81.043333 34.014178)
2025-09-23 17:26:09 UTC,sensor10,300372181,21.19,86.85,2025-09-24 10:27:26+00:00,34.014315,-81.043097,124.6,5.0,0.0,56.78,11.0,3D,2025-09-24 06:27:26-04:00,POINT (-81.043097 34.014315)
2025-09-23 17:26:14 UTC,sensor10,300372181,21.16,86.83,2025-09-24 10:27:31+00:00,34.014437,-81.042883,123.9,4.23,0.0,57.62,11.0,3D,2025-09-24 06:27:31-04:00,POINT (-81.042883 34.014437)
2025-09-23 17:26:19 UTC,sensor10,300372181,21.05,87.02,2025-09-24 10:27:36+00:00,34.014575,-81.042743,122.1,3.54,-0.7,32.38,11.0,3D,2025-09-24 06:27:36-04:00,POINT (-81.042743 34.014575)
2025-09-23 17:26:24 UTC,sensor10,300372181,20.89,87.05,2025-09-24 10:27:41+00:00,34.014767,-81.042795,119.9,5.09,-0.7,328.07,11.0,3D,2025-09-24 06:27:41-04:00,POINT (-81.042795 34.014767)
2025-09-23 17:26:29 UTC,sensor10,300372181,20.73,87.25,2025-09-24 10:27:46+00:00,34.015037,-81.042982,117.7,7.16,-0.7,331.6,11.0,3D,2025-09-24 06:27:46-04:00,POINT (-81.042982 34.015037)
2025-09-23 17:26:34 UTC,sensor10,300372181,20.56,87.59,2025-09-24 10:27:51+00:00,34.015313,-81.04319,117.3,7.7,-0.2,326.62,11.0,3D,2025-09-24 06:27:51-04:00,POINT (-81.04319 34.015313)
2025-09-23 17:26:39 UTC,sensor10,300372181,20.5,88.02,2025-09-24 10:27:57+00:00,34.015775,-81.043523,115.2,8.8,-0.2,0.0,11.0,3D,2025-09-24 06:27:57-04:00,POINT (-81.043523 34.015775)
2025-09-23 17:26:44 UTC,sensor10,300372181,20.4,88.36,2025-09-24 10:28:02+00:00,34.016092,-81.043737,114.1,7.47,-0.2,0.0,11.0,3D,2025-09-24 06:28:02-04:00,POINT (-81.043737 34.016092)
2025-09-23 17:26:49 UTC,sensor10,300372181,20.36,88.62,2025-09-24 10:28:07+00:00,34.016313,-81.043885,113.8,5.55,0.0,0.0,11.0,3D,2025-09-24 06:28:07-04:00,POINT (-81.043885 34.016313)
2025-09-23 17:26:54 UTC,sensor10,300372181,20.26,88.83,2025-09-24 10:28:12+00:00,34.016545,-81.04407,113.3,6.42,0.2,0.0,11.0,3D,2025-09-24 06:28:12-04:00,POINT (-81.04407 34.016545)
2025-09-23 17:26:59 UTC,sensor10,300372181,20.25,89.16,2025-09-24 10:28:17+00:00,34.01683,-81.044262,112.9,6.8,-0.2,327.01,11.0,3D,2025-09-24 06:28:17-04:00,POINT (-81.044262 34.01683)
2025-09-23 17:27:04 UTC,sensor10,300372181,20.15,89.26,2025-09-24 10:28:22+00:00,34.017075,-81.044438,111.0,6.12,-0.4,324.92,11.0,3D,2025-09-24 06:28:22-04:00,POINT (-81.044438 34.017075)
2025-09-23 17:27:09 UTC,sensor10,300372181,20.05,89.53,2025-09-24 10:28:25+00:00,34.017208,-81.044548,110.4,5.82,-0.4,321.0,11.0,3D,2025-09-24 06:28:25-04:00,POINT (-81.044548 34.017208)
2025-09-23 17:27:14 UTC,sensor10,300372181,19.95,89.81,2025-09-24 10:28:32+00:00,34.017542,-81.04477,109.5,5.47,-0.13,327.53,11.0,3D,2025-09-24 06:28:32-04:00,POINT (-81.04477 34.017542)
2025-09-23 17:27:19 UTC,sensor10,300372181,19.85,90.05,2025-09-24 10:28:37+00:00,34.017715,-81.044907,109.2,4.0,0.2,300.53,11.0,3D,2025-09-24 06:28:37-04:00,POINT (-81.044907 34.017715)
2025-09-23 17:27:24 UTC,sensor10,300372181,19.86,90.21,2025-09-24 10:28:42+00:00,34.017663,-81.045152,107.9,5.37,0.0,239.59,11.0,3D,2025-09-24 06:28:42-04:00,POINT (-81.045152 34.017663)
2025-09-23 17:27:29 UTC,sensor10,300372181,19.85,90.28,2025-09-24 10:28:47+00:00,34.017537,-81.045428,107.7,5.83,0.2,237.16,11.0,3D,2025-09-24 06:28:47-04:00,POINT (-81.045428 34.017537)
2025-09-23 17:27:34 UTC,sensor10,300372181,19.88,90.48,2025-09-24 10:28:52+00:00,34.017442,-81.045682,107.6,4.29,-0.2,241.87,11.0,3D,2025-09-24 06:28:52-04:00,POINT (-81.045682 34.017442)
2025-09-23 17:27:39 UTC,sensor10,300372181,19.87,90.56,2025-09-24 10:28:57+00:00,34.017355,-81.045872,108.3,3.65,0.3,237.48,11.0,3D,2025-09-24 06:28:57-04:00,POINT (-81.045872 34.017355)
2025-09-23 17:27:44 UTC,sensor10,300372181,19.91,90.6,2025-09-24 10:29:02+00:00,34.017345,-81.046035,107.3,3.38,-0.5,311.5,11.0,3D,2025-09-24 06:29:02-04:00,POINT (-81.046035 34.017345)
2025-09-23 17:27:49 UTC,sensor10,300372181,19.88,90.55,2025-09-24 10:29:07+00:00,34.017572,-81.046213,105.5,7.24,-0.3,331.15,11.0,3D,2025-09-24 06:29:07-04:00,POINT (-81.046213 34.017572)
2025-09-23 17:27:55 UTC,sensor10,300372181,19.73,90.42,2025-09-24 10:29:12+00:00,34.017863,-81.046413,103.6,7.16,-0.4,326.78,11.0,3D,2025-09-24 06:29:12-04:00,POINT (-81.046413 34.017863)
2025-09-23 17:28:00 UTC,sensor10,300372181,19.68,90.67,2025-09-24 10:29:17+00:00,34.018128,-81.046613,101.7,6.53,-0.4,329.25,11.0,3D,2025-09-24 06:29:17-04:00,POINT (-81.046613 34.018128)
2025-09-23 17:28:05 UTC,sensor10,300372181,19.74,91.04,2025-09-24 10:29:22+00:00,34.01836,-81.04677,100.0,5.35,-0.4,325.21,11.0,3D,2025-09-24 06:29:22-04:00,POINT (-81.04677 34.01836)
2025-09-23 17:28:10 UTC,sensor10,300372181,19.74,91.11,2025-09-24 10:29:27+00:00,34.018555,-81.046897,98.6,4.89,-0.3,325.33,11.0,3D,2025-09-24 06:29:27-04:00,POINT (-81.046897 34.018555)
2025-09-23 17:28:15 UTC,sensor10,300372181,19.79,91.02,2025-09-24 10:29:32+00:00,34.018725,-81.047015,98.1,4.03,0.0,330.36,11.0,3D,2025-09-24 06:29:32-04:00,POINT (-81.047015 34.018725)
2025-09-23 17:28:20 UTC,sensor10,300372181,19.89,90.86,2025-09-24 10:29:37+00:00,34.018898,-81.047133,98.5,4.42,0.2,329.33,11.0,3D,2025-09-24 06:29:37-04:00,POINT (-81.047133 34.018898)
2025-09-23 17:28:25 UTC,sensor10,300372181,19.97,90.63,2025-09-24 10:29:42+00:00,34.01907,-81.047247,100.1,4.07,0.3,332.07,11.0,3D,2025-09-24 06:29:42-04:00,POINT (-81.047247 34.01907)
2025-09-23 17:28:30 UTC,sensor10,300372181,19.92,90.48,2025-09-24 10:29:47+00:00,34.019217,-81.047352,102.2,3.58,0.3,327.9,11.0,3D,2025-09-24 06:29:47-04:00,POINT (-81.047352 34.019217)
2025-09-23 17:28:35 UTC,sensor10,300372181,19.88,90.64,2025-09-24 10:29:52+00:00,34.019353,-81.047462,103.9,3.19,0.4,324.88,11.0,3D,2025-09-24 06:29:52-04:00,POINT (-81.047462 34.019353)
2025-09-23 17:28:40 UTC,sensor10,300372181,20.03,91.02,2025-09-24 10:29:58+00:00,34.019508,-81.04758,105.9,3.42,0.3,0.0,11.0,3D,2025-09-24 06:29:58-04:00,POINT (-81.04758 34.019508)
2025-09-23 17:28:45 UTC,sensor10,300372181,20.22,91.17,2025-09-24 10:30:03+00:00,34.019638,-81.047697,107.3,3.51,0.1,0.0,11.0,3D,2025-09-24 06:30:03-04:00,POINT (-81.047697 34.019638)
2025-09-23 17:28:50 UTC,sensor10,300372181,20.28,90.99,2025-09-24 10:30:08+00:00,34.019675,-81.047868,108.8,3.77,0.2,0.0,11.0,3D,2025-09-24 06:30:08-04:00,POINT (-81.047868 34.019675)
2025-09-23 17:28:55 UTC,sensor10,300372181,20.24,90.75,2025-09-24 10:30:13+00:00,34.019543,-81.048052,109.6,4.77,0.2,0.0,11.0,3D,2025-09-24 06:30:13-04:00,POINT (-81.048052 34.019543)
2025-09-23 17:29:00 UTC,sensor10,300372181,20.17,90.67,2025-09-24 10:30:18+00:00,34.019353,-81.048243,110.5,5.87,0.2,222.15,11.0,3D,2025-09-24 06:30:18-04:00,POINT (-81.048243 34.019353)
2025-09-23 17:29:05 UTC,sensor10,300372181,19.99,90.39,2025-09-24 10:30:23+00:00,34.019108,-81.048487,111.1,7.05,0.2,220.02,11.0,3D,2025-09-24 06:30:23-04:00,POINT (-81.048487 34.019108)
2025-09-23 17:29:10 UTC,sensor10,300372181,19.76,90.38,2025-09-24 10:30:26+00:00,34.018943,-81.048637,111.3,8.41,0.0,218.06,11.0,3D,2025-09-24 06:30:26-04:00,POINT (-81.048637 34.018943)
2025-09-23 17:29:15 UTC,sensor10,300372181,19.6,90.83,2025-09-24 10:30:32+00:00,34.018578,-81.04896,111.3,7.71,0.0,220.39,11.0,3D,2025-09-24 06:30:32-04:00,POINT (-81.04896 34.018578)
2025-09-23 17:29:20 UTC,sensor10,300372181,19.45,91.15,2025-09-24 10:30:32+00:00,34.018578,-81.04896,111.3,7.71,0.0,220.39,11.0,3D,2025-09-24 06:30:32-04:00,POINT (-81.04896 34.018578)
2025-09-23 17:29:25 UTC,sensor10,300372181,19.41,91.3,2025-09-24 10:30:43+00:00,34.01827,-81.04952,112.5,4.83,0.4,300.0,11.0,3D,2025-09-24 06:30:43-04:00,POINT (-81.04952 34.01827)
2025-09-23 17:29:30 UTC,sensor10,300372181,19.39,91.53,2025-09-24 10:30:48+00:00,34.018382,-81.049705,113.3,4.49,-0.1,303.79,11.0,3D,2025-09-24 06:30:48-04:00,POINT (-81.049705 34.018382)
2025-09-23 17:29:35 UTC,sensor10,300372181,19.4,91.74,2025-09-24 10:30:53+00:00,34.018463,-81.049825,110.4,3.45,-0.2,308.62,11.0,3D,2025-09-24 06:30:53-04:00,POINT (-81.049825 34.018463)
2025-09-23 17:29:40 UTC,sensor10,300372181,19.45,91.89,2025-09-24 10:30:58+00:00,34.018563,-81.049985,110.2,4.07,0.2,295.62,11.0,3D,2025-09-24 06:30:58-04:00,POINT (-81.049985 34.018563)
2025-09-23 17:29:46 UTC,sensor10,300372181,19.58,92.09,2025-09-24 10:31:03+00:00,34.018632,-81.050158,111.3,3.12,0.5,299.84,11.0,3D,2025-09-24 06:31:03-04:00,POINT (-81.050158 34.018632)
2025-09-23 17:29:51 UTC,sensor10,300372181,19.72,92.24,2025-09-24 10:31:08+00:00,34.018778,-81.05036,111.8,4.65,-0.4,306.58,11.0,3D,2025-09-24 06:31:08-04:00,POINT (-81.05036 34.018778)
2025-09-23 17:29:56 UTC,sensor10,300372181,19.86,92.28,2025-09-24 10:31:13+00:00,34.0189,-81.050567,111.6,3.95,-0.5,300.09,11.0,3D,2025-09-24 06:31:13-04:00,POINT (-81.050567 34.0189)
2025-09-23 17:30:01 UTC,sensor10,300372181,19.91,91.96,2025-09-24 10:31:18+00:00,34.018843,-81.050785,111.6,4.6,0.2,221.62,11.0,3D,2025-09-24 06:31:18-04:00,POINT (-81.050785 34.018843)
2025-09-23 17:30:06 UTC,sensor10,300372181,19.93,91.56,2025-09-24 10:31:23+00:00,34.01867,-81.05096,111.9,5.37,0.0,219.04,11.0,3D,2025-09-24 06:31:23-04:00,POINT (-81.05096 34.01867)
2025-09-23 17:30:11 UTC,sensor10,300372181,19.88,91.4,2025-09-24 10:31:28+00:00,34.018435,-81.051193,113.1,7.26,0.3,216.87,11.0,3D,2025-09-24 06:31:28-04:00,POINT (-81.051193 34.018435)
2025-09-23 17:30:16 UTC,sensor10,300372181,19.8,91.28,2025-09-24 10:31:33+00:00,34.018113,-81.051488,113.0,9.91,-0.1,214.55,11.0,3D,2025-09-24 06:31:33-04:00,POINT (-81.051488 34.018113)
2025-09-23 17:30:26 UTC,sensor10,300372181,19.72,91.73,2025-09-24 10:31:43+00:00,34.018042,-81.052475,111.1,8.63,-0.1,280.4,11.0,3D,2025-09-24 06:31:43-04:00,POINT (-81.052475 34.018042)
2025-09-23 17:30:31 UTC,sensor10,300372181,19.72,91.88,2025-09-24 10:31:49+00:00,34.018193,-81.052935,109.7,6.32,0.2,0.0,11.0,3D,2025-09-24 06:31:49-04:00,POINT (-81.052935 34.018193)
2025-09-23 17:30:36 UTC,sensor10,300372181,19.67,91.96,2025-09-24 10:31:54+00:00,34.018265,-81.053248,109.8,5.84,0.1,0.0,11.0,3D,2025-09-24 06:31:54-04:00,POINT (-81.053248 34.018265)
2025-09-23 17:30:41 UTC,sensor10,300372181,19.63,92.08,2025-09-24 10:31:59+00:00,34.018388,-81.053443,107.5,5.36,-0.9,0.0,11.0,3D,2025-09-24 06:31:59-04:00,POINT (-81.053443 34.018388)
2025-09-23 17:30:46 UTC,sensor10,300372181,19.61,92.13,2025-09-24 10:32:04+00:00,34.018518,-81.05331,107.7,3.36,0.1,35.15,11.0,3D,2025-09-24 06:32:04-04:00,POINT (-81.05331 34.018518)
2025-09-23 17:30:51 UTC,sensor10,300372181,19.57,92.25,2025-09-24 10:32:09+00:00,34.01863,-81.053205,105.1,2.85,0.4,35.09,11.0,3D,2025-09-24 06:32:09-04:00,POINT (-81.053205 34.01863)
2025-09-23 17:30:56 UTC,sensor10,300372181,19.6,92.43,2025-09-24 10:32:14+00:00,34.018743,-81.053105,106.7,2.73,0.5,40.73,11.0,3D,2025-09-24 06:32:14-04:00,POINT (-81.053105 34.018743)
2025-09-23 17:31:01 UTC,sensor10,300372181,19.6,92.49,2025-09-24 10:32:19+00:00,34.018842,-81.05301,107.9,2.57,0.1,46.7,11.0,3D,2025-09-24 06:32:19-04:00,POINT (-81.05301 34.018842)
2025-09-23 17:31:06 UTC,sensor10,300372181,19.59,92.53,2025-09-24 10:32:24+00:00,34.018938,-81.052905,104.5,2.81,0.4,43.71,11.0,3D,2025-09-24 06:32:24-04:00,POINT (-81.052905 34.018938)
2025-09-23 17:31:11 UTC,sensor10,300372181,19.66,92.69,2025-09-24 10:32:27+00:00,34.01897,-81.052848,103.9,2.38,0.3,38.72,11.0,3D,2025-09-24 06:32:27-04:00,POINT (-81.052848 34.01897)
2025-09-23 17:31:16 UTC,sensor10,300372181,19.73,92.9,2025-09-24 10:32:34+00:00,34.019148,-81.052695,102.8,4.31,-0.16,46.12,11.0,3D,2025-09-24 06:32:34-04:00,POINT (-81.052695 34.019148)
2025-09-23 17:31:21 UTC,sensor10,300372181,19.87,93.06,2025-09-24 10:32:39+00:00,34.019308,-81.052565,98.8,4.23,-0.3,36.65,11.0,3D,2025-09-24 06:32:39-04:00,POINT (-81.052565 34.019308)
2025-09-23 17:31:26 UTC,sensor10,300372181,19.89,92.88,2025-09-24 10:32:44+00:00,34.019438,-81.052465,96.9,3.14,-0.4,37.47,11.0,3D,2025-09-24 06:32:44-04:00,POINT (-81.052465 34.019438)
2025-09-23 17:31:31 UTC,sensor10,300372181,19.94,92.83,2025-09-24 10:32:49+00:00,34.019563,-81.05238,95.5,3.07,-0.2,32.02,11.0,3D,2025-09-24 06:32:49-04:00,POINT (-81.05238 34.019563)
2025-09-23 17:31:37 UTC,sensor10,300372181,20.01,92.61,2025-09-24 10:32:54+00:00,34.01969,-81.052282,95.1,3.38,-0.1,29.26,11.0,3D,2025-09-24 06:32:54-04:00,POINT (-81.052282 34.01969)
2025-09-23 17:31:42 UTC,sensor10,300372181,20.04,92.34,2025-09-24 10:32:59+00:00,34.019832,-81.052172,94.4,3.73,-0.1,34.47,11.0,3D,2025-09-24 06:32:59-04:00,POINT (-81.052172 34.019832)
2025-09-23 17:31:47 UTC,sensor10,300372181,20.06,92.15,2025-09-24 10:33:04+00:00,34.019955,-81.05205,93.4,3.3,-0.2,28.5,11.0,3D,2025-09-24 06:33:04-04:00,POINT (-81.05205 34.019955)
2025-09-23 17:31:52 UTC,sensor10,300372181,20.13,92.0,2025-09-24 10:33:09+00:00,34.020095,-81.051938,92.5,3.58,-0.2,28.9,11.0,3D,2025-09-24 06:33:09-04:00,POINT (-81.051938 34.020095)
2025-09-23 17:31:57 UTC,sensor10,300372181,20.24,91.65,2025-09-24 10:33:14+00:00,34.020245,-81.051808,91.5,4.07,-0.3,34.81,11.0,3D,2025-09-24 06:33:14-04:00,POINT (-81.051808 34.020245)
2025-09-23 17:32:02 UTC,sensor10,300372181,20.35,91.24,2025-09-24 10:33:19+00:00,34.020388,-81.051682,90.4,3.32,0.0,34.74,11.0,3D,2025-09-24 06:33:19-04:00,POINT (-81.051682 34.020388)
2025-09-23 17:32:07 UTC,sensor10,300372181,20.42,90.8,2025-09-24 10:33:24+00:00,34.020537,-81.051567,90.1,3.68,0.0,32.5,11.0,3D,2025-09-24 06:33:24-04:00,POINT (-81.051567 34.020537)
2025-09-23 17:32:12 UTC,sensor10,300372181,20.45,90.56,2025-09-24 10:33:29+00:00,34.020667,-81.051438,90.6,4.2,-0.3,40.46,11.0,3D,2025-09-24 06:33:29-04:00,POINT (-81.051438 34.020667)
2025-09-23 17:32:17 UTC,sensor10,300372181,20.56,90.39,2025-09-24 10:33:35+00:00,34.020818,-81.051265,91.8,4.23,0.0,0.0,11.0,3D,2025-09-24 06:33:35-04:00,POINT (-81.051265 34.020818)
2025-09-23 17:32:22 UTC,sensor10,300372181,20.5,89.9,2025-09-24 10:33:39+00:00,34.020942,-81.051168,92.2,4.56,-0.3,32.98,11.0,3D,2025-09-24 06:33:39-04:00,POINT (-81.051168 34.020942)
2025-09-23 17:32:27 UTC,sensor10,300372181,20.58,89.74,2025-09-24 10:33:45+00:00,34.021135,-81.051043,89.8,4.24,-0.4,0.0,11.0,3D,2025-09-24 06:33:45-04:00,POINT (-81.051043 34.021135)
2025-09-23 17:32:32 UTC,sensor10,300372181,20.67,89.61,2025-09-24 10:33:50+00:00,34.021293,-81.050928,87.8,3.9,-0.2,0.0,11.0,3D,2025-09-24 06:33:50-04:00,POINT (-81.050928 34.021293)
2025-09-23 17:32:37 UTC,sensor10,300372181,20.73,89.44,2025-09-24 10:33:55+00:00,34.021457,-81.050768,85.0,4.33,-0.2,0.0,11.0,3D,2025-09-24 06:33:55-04:00,POINT (-81.050768 34.021457)
2025-09-23 17:32:42 UTC,sensor10,300372181,20.86,89.23,2025-09-24 10:34:00+00:00,34.02164,-81.050632,84.5,5.25,-0.1,29.75,11.0,3D,2025-09-24 06:34:00-04:00,POINT (-81.050632 34.02164)
2025-09-23 17:32:47 UTC,sensor10,300372181,20.87,88.71,2025-09-24 10:34:05+00:00,34.021853,-81.050438,85.4,5.47,0.2,36.79,11.0,3D,2025-09-24 06:34:05-04:00,POINT (-81.050438 34.021853)
2025-09-23 17:32:52 UTC,sensor10,300372181,20.82,88.8,2025-09-24 10:34:10+00:00,34.022043,-81.050263,85.5,4.69,0.0,40.25,11.0,3D,2025-09-24 06:34:10-04:00,POINT (-81.050263 34.022043)
2025-09-23 17:32:57 UTC,sensor10,300372181,20.8,88.92,2025-09-24 10:34:15+00:00,34.022225,-81.050105,87.2,4.52,0.7,47.43,11.0,3D,2025-09-24 06:34:15-04:00,POINT (-81.050105 34.022225)
2025-09-23 17:33:02 UTC,sensor10,300372181,20.8,88.98,2025-09-24 10:34:20+00:00,34.022257,-81.049905,88.9,2.83,0.4,100.78,11.0,3D,2025-09-24 06:34:20-04:00,POINT (-81.049905 34.022257)
2025-09-23 17:33:07 UTC,sensor10,300372181,20.71,89.08,2025-09-24 10:34:25+00:00,34.022162,-81.049767,90.6,2.45,0.8,106.28,11.0,3D,2025-09-24 06:34:25-04:00,POINT (-81.049767 34.022162)
2025-09-23 17:33:17 UTC,sensor10,300372181,20.77,89.13,2025-09-24 10:34:35+00:00,34.022385,-81.04995,96.1,3.72,0.5,335.69,11.0,3D,2025-09-24 06:34:35-04:00,POINT (-81.04995 34.022385)
2025-09-23 17:33:22 UTC,sensor10,300372181,20.75,88.94,2025-09-24 10:34:40+00:00,34.02256,-81.049808,97.7,5.23,0.2,30.59,11.0,3D,2025-09-24 06:34:40-04:00,POINT (-81.049808 34.02256)
2025-09-23 17:33:27 UTC,sensor10,300372181,20.65,89.04,2025-09-24 10:34:45+00:00,34.022747,-81.049602,97.1,5.17,-0.4,45.8,10.0,3D,2025-09-24 06:34:45-04:00,POINT (-81.049602 34.022747)
2025-09-23 17:33:33 UTC,sensor10,300372181,20.6,89.15,2025-09-24 10:34:50+00:00,34.022928,-81.04943,97.6,5.05,0.1,42.83,11.0,3D,2025-09-24 06:34:50-04:00,POINT (-81.04943 34.022928)
2025-09-23 17:33:38 UTC,sensor10,300372181,20.61,89.2,2025-09-24 10:34:55+00:00,34.022998,-81.049178,100.0,4.6,0.4,111.48,10.0,3D,2025-09-24 06:34:55-04:00,POINT (-81.049178 34.022998)
2025-09-23 17:33:43 UTC,sensor10,300372181,20.57,89.25,2025-09-24 10:35:00+00:00,34.02287,-81.048958,103.4,5.18,1.2,126.05,11.0,3D,2025-09-24 06:35:00-04:00,POINT (-81.048958 34.02287)
2025-09-23 17:33:48 UTC,sensor10,300372181,20.48,89.38,2025-09-24 10:35:05+00:00,34.022728,-81.048743,106.6,4.85,0.4,125.63,11.0,3D,2025-09-24 06:35:05-04:00,POINT (-81.048743 34.022728)
2025-09-23 17:33:53 UTC,sensor10,300372181,20.43,89.38,2025-09-24 10:35:10+00:00,34.022603,-81.04853,106.0,4.86,-0.2,124.12,11.0,3D,2025-09-24 06:35:10-04:00,POINT (-81.04853 34.022603)
2025-09-23 17:33:58 UTC,sensor10,300372181,20.4,89.71,2025-09-24 10:35:15+00:00,34.022493,-81.048317,107.0,4.61,0.4,127.8,10.0,3D,2025-09-24 06:35:15-04:00,POINT (-81.048317 34.022493)
2025-09-23 17:34:03 UTC,sensor10,300372181,20.42,90.09,2025-09-24 10:35:20+00:00,34.022387,-81.048117,107.8,4.15,0.2,117.55,10.0,3D,2025-09-24 06:35:20-04:00,POINT (-81.048117 34.022387)
2025-09-23 17:34:08 UTC,sensor10,300372181,20.51,90.28,2025-09-24 10:35:25+00:00,34.022265,-81.047923,109.5,4.68,0.4,130.73,10.0,3D,2025-09-24 06:35:25-04:00,POINT (-81.047923 34.022265)
2025-09-23 17:34:13 UTC,sensor10,300372181,20.57,90.09,2025-09-24 10:35:30+00:00,34.02212,-81.047683,111.2,5.07,0.3,123.52,10.0,3D,2025-09-24 06:35:30-04:00,POINT (-81.047683 34.02212)
2025-09-23 17:34:18 UTC,sensor10,300372181,20.6,89.85,2025-09-24 10:35:36+00:00,34.021943,-81.04739,110.9,5.68,0.0,0.0,10.0,3D,2025-09-24 06:35:36-04:00,POINT (-81.04739 34.021943)
2025-09-23 17:34:23 UTC,sensor10,300372181,20.59,89.57,2025-09-24 10:35:41+00:00,34.021787,-81.047162,111.7,5.56,0.5,0.0,10.0,3D,2025-09-24 06:35:41-04:00,POINT (-81.047162 34.021787)
2025-09-23 17:34:28 UTC,sensor10,300372181,20.62,89.7,2025-09-24 10:35:46+00:00,34.021632,-81.046927,113.0,5.57,0.2,0.0,10.0,3D,2025-09-24 06:35:46-04:00,POINT (-81.046927 34.021632)
2025-09-23 17:34:33 UTC,sensor10,300372181,20.66,89.77,2025-09-24 10:35:51+00:00,34.02149,-81.046702,112.5,5.21,-0.2,0.0,4.0,3D,2025-09-24 06:35:51-04:00,POINT (-81.046702 34.02149)
2025-09-23 17:34:38 UTC,sensor10,300372181,20.71,89.48,2025-09-24 10:35:56+00:00,34.021448,-81.046498,113.8,3.41,0.5,0.0,8.0,3D,2025-09-24 06:35:56-04:00,POINT (-81.046498 34.021448)
2025-09-23 17:34:43 UTC,sensor10,300372181,20.76,89.12,2025-09-24 10:36:01+00:00,34.02161,-81.046377,116.5,4.44,0.4,0.0,10.0,3D,2025-09-24 06:36:01-04:00,POINT (-81.046377 34.02161)
2025-09-23 17:34:48 UTC,sensor10,300372181,20.77,88.81,2025-09-24 10:36:06+00:00,34.021817,-81.046205,118.9,5.08,0.2,27.18,10.0,3D,2025-09-24 06:36:06-04:00,POINT (-81.046205 34.021817)
2025-09-23 17:34:53 UTC,sensor10,300372181,20.71,88.87,2025-09-24 10:36:11+00:00,34.022015,-81.046057,118.7,4.82,0.0,25.42,10.0,3D,2025-09-24 06:36:11-04:00,POINT (-81.046057 34.022015)
2025-09-23 17:34:58 UTC,sensor10,300372181,20.81,89.03,2025-09-24 10:36:16+00:00,34.022207,-81.045938,117.7,3.91,0.0,14.7,10.0,3D,2025-09-24 06:36:16-04:00,POINT (-81.045938 34.022207)
2025-09-23 17:35:03 UTC,sensor10,300372181,20.89,88.63,2025-09-24 10:36:21+00:00,34.022415,-81.045895,117.7,4.88,0.0,341.24,10.0,3D,2025-09-24 06:36:21-04:00,POINT (-81.045895 34.022415)
2025-09-23 17:35:08 UTC,sensor10,300372181,20.84,88.3,2025-09-24 10:36:26+00:00,34.022593,-81.046105,118.2,5.61,0.0,304.24,10.0,3D,2025-09-24 06:36:26-04:00,POINT (-81.046105 34.022593)
2025-09-23 17:35:14 UTC,sensor10,300372181,20.68,88.06,2025-09-24 10:36:28+00:00,34.022665,-81.046195,118.2,5.55,0.1,309.6,10.0,3D,2025-09-24 06:36:28-04:00,POINT (-81.046195 34.022665)
2025-09-23 17:35:19 UTC,sensor10,300372181,20.65,88.28,2025-09-24 10:36:36+00:00,34.022922,-81.046578,117.6,5.66,-0.2,306.07,10.0,3D,2025-09-24 06:36:36-04:00,POINT (-81.046578 34.022922)
2025-09-23 17:35:24 UTC,sensor10,300372181,20.63,88.55,2025-09-24 10:36:41+00:00,34.023083,-81.046802,116.2,5.55,-0.5,306.36,10.0,3D,2025-09-24 06:36:41-04:00,POINT (-81.046802 34.023083)
2025-09-23 17:35:29 UTC,sensor10,300372181,20.54,88.72,2025-09-24 10:36:46+00:00,34.023247,-81.047048,114.4,5.84,-0.3,306.68,10.0,3D,2025-09-24 06:36:46-04:00,POINT (-81.047048 34.023247)
2025-09-23 17:35:34 UTC,sensor10,300372181,20.54,88.99,2025-09-24 10:36:51+00:00,34.023405,-81.047293,112.9,5.31,-0.3,305.74,10.0,3D,2025-09-24 06:36:51-04:00,POINT (-81.047293 34.023405)
2025-09-23 17:35:39 UTC,sensor10,300372181,20.45,88.94,2025-09-24 10:36:56+00:00,34.023562,-81.047542,111.9,5.7,-0.3,308.06,10.0,3D,2025-09-24 06:36:56-04:00,POINT (-81.047542 34.023562)
2025-09-23 17:35:44 UTC,sensor10,300372181,20.38,89.06,2025-09-24 10:37:01+00:00,34.023727,-81.047797,111.4,5.88,-0.2,308.04,10.0,3D,2025-09-24 06:37:01-04:00,POINT (-81.047797 34.023727)
2025-09-23 17:35:49 UTC,sensor10,300372181,20.57,89.49,2025-09-24 10:37:06+00:00,34.02389,-81.048063,110.6,5.62,0.0,305.95,10.0,3D,2025-09-24 06:37:06-04:00,POINT (-81.048063 34.02389)
2025-09-23 17:35:54 UTC,sensor10,300372181,20.7,89.08,2025-09-24 10:37:11+00:00,34.024042,-81.048317,110.9,5.56,-0.1,306.25,10.0,3D,2025-09-24 06:37:11-04:00,POINT (-81.048317 34.024042)
2025-09-23 17:35:59 UTC,sensor10,300372181,20.77,88.8,2025-09-24 10:37:17+00:00,34.024208,-81.048612,110.7,5.82,0.2,0.0,10.0,3D,2025-09-24 06:37:17-04:00,POINT (-81.048612 34.024208)
2025-09-23 17:36:04 UTC,sensor10,300372181,20.78,88.64,2025-09-24 10:37:22+00:00,34.024358,-81.04886,110.0,6.05,-0.3,0.0,10.0,3D,2025-09-24 06:37:22-04:00,POINT (-81.04886 34.024358)
2025-09-23 17:36:09 UTC,sensor10,300372181,20.81,88.59,2025-09-24 10:37:27+00:00,34.024515,-81.049113,109.4,5.56,-0.1,0.0,10.0,3D,2025-09-24 06:37:27-04:00,POINT (-81.049113 34.024515)
2025-09-23 17:36:14 UTC,sensor10,300372181,20.81,88.46,2025-09-24 10:37:32+00:00,34.024677,-81.049333,109.0,5.02,0.2,314.64,10.0,3D,2025-09-24 06:37:32-04:00,POINT (-81.049333 34.024677)
2025-09-23 17:36:19 UTC,sensor10,300372181,20.78,88.29,2025-09-24 10:37:37+00:00,34.024838,-81.049572,109.9,5.53,0.1,305.75,10.0,3D,2025-09-24 06:37:37-04:00,POINT (-81.049572 34.024838)
2025-09-23 17:36:24 UTC,sensor10,300372181,20.73,88.34,2025-09-24 10:37:42+00:00,34.025003,-81.049848,111.3,6.31,0.2,307.6,10.0,3D,2025-09-24 06:37:42-04:00,POINT (-81.049848 34.025003)
2025-09-23 17:36:29 UTC,sensor10,300372181,20.57,88.38,2025-09-24 10:37:47+00:00,34.025178,-81.050132,110.8,5.93,-0.1,303.71,10.0,3D,2025-09-24 06:37:47-04:00,POINT (-81.050132 34.025178)
2025-09-23 17:36:34 UTC,sensor10,300372181,20.42,88.62,2025-09-24 10:37:52+00:00,34.025335,-81.050417,111.6,6.35,0.1,305.2,10.0,3D,2025-09-24 06:37:52-04:00,POINT (-81.050417 34.025335)
2025-09-23 17:36:39 UTC,sensor10,300372181,20.34,88.91,2025-09-24 10:37:57+00:00,34.025493,-81.050707,110.2,6.16,-0.1,305.12,10.0,3D,2025-09-24 06:37:57-04:00,POINT (-81.050707 34.025493)
2025-09-23 17:36:44 UTC,sensor10,300372181,20.32,89.39,2025-09-24 10:38:02+00:00,34.025655,-81.050965,110.2,5.56,-0.4,305.18,10.0,3D,2025-09-24 06:38:02-04:00,POINT (-81.050965 34.025655)
2025-09-23 17:36:49 UTC,sensor10,300372181,20.27,89.45,2025-09-24 10:38:07+00:00,34.025812,-81.051213,110.4,5.38,0.2,306.3,10.0,3D,2025-09-24 06:38:07-04:00,POINT (-81.051213 34.025812)
2025-09-23 17:36:54 UTC,sensor10,300372181,20.24,89.69,2025-09-24 10:38:12+00:00,34.025978,-81.051458,110.3,5.65,-0.2,302.69,10.0,3D,2025-09-24 06:38:12-04:00,POINT (-81.051458 34.025978)
2025-09-23 17:36:59 UTC,sensor10,300372181,20.2,89.82,2025-09-24 10:38:17+00:00,34.026158,-81.051735,109.7,5.96,0.2,305.17,10.0,3D,2025-09-24 06:38:17-04:00,POINT (-81.051735 34.026158)
2025-09-23 17:37:05 UTC,sensor10,300372181,20.29,89.82,2025-09-24 10:38:22+00:00,34.026357,-81.052013,110.4,6.07,0.1,308.55,10.0,3D,2025-09-24 06:38:22-04:00,POINT (-81.052013 34.026357)
2025-09-23 17:37:10 UTC,sensor10,300372181,20.42,89.66,2025-09-24 10:38:27+00:00,34.026528,-81.05231,111.4,6.15,0.1,310.91,10.0,3D,2025-09-24 06:38:27-04:00,POINT (-81.05231 34.026528)
2025-09-23 17:37:15 UTC,sensor10,300372181,20.4,89.37,2025-09-24 10:38:29+00:00,34.026598,-81.052425,111.7,6.56,0.2,306.44,10.0,3D,2025-09-24 06:38:29-04:00,POINT (-81.052425 34.026598)
2025-09-23 17:37:20 UTC,sensor10,300372181,20.34,89.34,2025-09-24 10:38:37+00:00,34.026882,-81.052888,110.9,6.62,-0.2,308.29,10.0,3D,2025-09-24 06:38:37-04:00,POINT (-81.052888 34.026882)
2025-09-23 17:37:25 UTC,sensor10,300372181,20.27,89.23,2025-09-24 10:38:42+00:00,34.027077,-81.053162,111.6,6.22,0.3,313.66,10.0,3D,2025-09-24 06:38:42-04:00,POINT (-81.053162 34.027077)
2025-09-23 17:37:30 UTC,sensor10,300372181,20.06,89.39,2025-09-24 10:38:47+00:00,34.02732,-81.053442,111.3,6.44,-0.8,318.15,10.0,3D,2025-09-24 06:38:47-04:00,POINT (-81.053442 34.02732)
2025-09-23 17:37:35 UTC,sensor10,300372181,19.94,89.7,2025-09-24 10:38:52+00:00,34.027532,-81.053715,112.8,6.5,0.3,315.91,10.0,3D,2025-09-24 06:38:52-04:00,POINT (-81.053715 34.027532)
2025-09-23 17:37:40 UTC,sensor10,300372181,19.86,90.18,2025-09-24 10:38:57+00:00,34.027742,-81.053963,113.3,6.91,0.1,318.72,10.0,3D,2025-09-24 06:38:57-04:00,POINT (-81.053963 34.027742)
2025-09-23 17:37:45 UTC,sensor10,300372181,19.84,90.47,2025-09-24 10:39:02+00:00,34.027975,-81.054198,114.0,6.47,0.1,326.16,10.0,3D,2025-09-24 06:39:02-04:00,POINT (-81.054198 34.027975)
2025-09-23 17:37:50 UTC,sensor10,300372181,19.88,90.68,2025-09-24 10:39:08+00:00,34.02823,-81.054493,113.8,6.77,0.0,0.0,10.0,3D,2025-09-24 06:39:08-04:00,POINT (-81.054493 34.02823)
2025-09-23 17:37:55 UTC,sensor10,300372181,20.1,90.51,2025-09-24 10:39:13+00:00,34.028452,-81.054745,113.8,6.75,-0.1,0.0,10.0,3D,2025-09-24 06:39:13-04:00,POINT (-81.054745 34.028452)
2025-09-23 17:38:00 UTC,sensor10,300372181,20.24,90.09,2025-09-24 10:39:18+00:00,34.028645,-81.05492,114.2,3.5,0.5,0.0,10.0,3D,2025-09-24 06:39:18-04:00,POINT (-81.05492 34.028645)
2025-09-23 17:38:05 UTC,sensor10,300372181,20.25,89.93,2025-09-24 10:39:23+00:00,34.028765,-81.054975,112.0,2.66,-2.5,0.0,10.0,3D,2025-09-24 06:39:23-04:00,POINT (-81.054975 34.028765)
2025-09-23 17:38:10 UTC,sensor10,300372181,20.29,89.83,2025-09-24 10:39:28+00:00,34.02873,-81.055088,110.3,2.69,-0.2,212.05,10.0,3D,2025-09-24 06:39:28-04:00,POINT (-81.055088 34.02873)
2025-09-23 17:38:15 UTC,sensor10,300372181,20.41,89.47,2025-09-24 10:39:33+00:00,34.028553,-81.055133,107.6,4.58,-0.3,159.05,10.0,3D,2025-09-24 06:39:33-04:00,POINT (-81.055133 34.028553)
2025-09-23 17:38:20 UTC,sensor10,300372181,20.48,89.09,2025-09-24 10:39:38+00:00,34.0284,-81.054968,105.8,4.69,-0.3,133.58,10.0,3D,2025-09-24 06:39:38-04:00,POINT (-81.054968 34.0284)
2025-09-23 17:38:25 UTC,sensor10,300372181,20.33,88.91,2025-09-24 10:39:43+00:00,34.028252,-81.054773,106.2,4.9,0.2,132.44,10.0,3D,2025-09-24 06:39:43-04:00,POINT (-81.054773 34.028252)
2025-09-23 17:38:30 UTC,sensor10,300372181,20.25,89.2,2025-09-24 10:39:48+00:00,34.028113,-81.054587,107.6,5.08,0.4,133.97,10.0,3D,2025-09-24 06:39:48-04:00,POINT (-81.054587 34.028113)
2025-09-23 17:38:35 UTC,sensor10,300372181,20.3,89.3,2025-09-24 10:39:53+00:00,34.027983,-81.05442,108.5,4.28,-0.2,135.56,10.0,3D,2025-09-24 06:39:53-04:00,POINT (-81.05442 34.027983)
2025-09-23 17:38:40 UTC,sensor10,300372181,20.28,89.21,2025-09-24 10:39:58+00:00,34.02784,-81.054228,104.3,4.25,-2.7,134.71,10.0,3D,2025-09-24 06:39:58-04:00,POINT (-81.054228 34.02784)
2025-09-23 17:38:45 UTC,sensor10,300372181,20.17,89.24,2025-09-24 10:40:03+00:00,34.027705,-81.054043,104.0,5.03,0.0,132.69,10.0,3D,2025-09-24 06:40:03-04:00,POINT (-81.054043 34.027705)
2025-09-23 17:38:50 UTC,sensor10,300372181,20.07,89.47,2025-09-24 10:40:08+00:00,34.027545,-81.05387,104.0,4.84,0.1,134.2,10.0,3D,2025-09-24 06:40:08-04:00,POINT (-81.05387 34.027545)
2025-09-23 17:38:55 UTC,sensor10,300372181,20.0,89.74,2025-09-24 10:40:13+00:00,34.027403,-81.053678,104.2,5.07,-0.1,134.98,10.0,3D,2025-09-24 06:40:13-04:00,POINT (-81.053678 34.027403)
2025-09-23 17:39:01 UTC,sensor10,300372181,19.96,89.94,2025-09-24 10:40:18+00:00,34.027247,-81.053485,106.2,4.4,0.9,133.69,10.0,3D,2025-09-24 06:40:18-04:00,POINT (-81.053485 34.027247)
2025-09-23 17:39:06 UTC,sensor10,300372181,19.99,90.27,2025-09-24 10:40:23+00:00,34.027132,-81.053285,108.3,4.37,0.3,132.12,10.0,3D,2025-09-24 06:40:23-04:00,POINT (-81.053285 34.027132)
2025-09-23 17:39:11 UTC,sensor10,300372181,20.07,90.41,2025-09-24 10:40:28+00:00,34.026937,-81.05311,108.9,4.45,0.0,135.0,10.0,3D,2025-09-24 06:40:28-04:00,POINT (-81.05311 34.026937)
2025-09-23 17:39:16 UTC,sensor10,300372181,20.11,90.59,2025-09-24 10:40:30+00:00,34.026865,-81.053043,109.3,4.63,0.3,132.16,10.0,3D,2025-09-24 06:40:30-04:00,POINT (-81.053043 34.026865)
2025-09-23 17:39:21 UTC,sensor10,300372181,20.24,90.45,2025-09-24 10:40:38+00:00,34.026635,-81.052713,112.7,4.75,0.4,133.86,10.0,3D,2025-09-24 06:40:38-04:00,POINT (-81.052713 34.026635)
2025-09-23 17:39:26 UTC,sensor10,300372181,20.33,90.08,2025-09-24 10:40:43+00:00,34.026513,-81.05252,113.5,4.74,0.1,124.18,10.0,3D,2025-09-24 06:40:43-04:00,POINT (-81.05252 34.026513)
2025-09-23 17:39:31 UTC,sensor10,300372181,20.38,89.89,2025-09-24 10:40:48+00:00,34.026385,-81.052315,114.4,5.2,0.3,130.36,10.0,3D,2025-09-24 06:40:48-04:00,POINT (-81.052315 34.026385)
2025-09-23 17:39:36 UTC,sensor10,300372181,20.38,89.64,2025-09-24 10:40:54+00:00,34.026225,-81.05207,115.5,5.21,0.3,0.0,10.0,3D,2025-09-24 06:40:54-04:00,POINT (-81.05207 34.026225)
2025-09-23 17:39:41 UTC,sensor10,300372181,20.42,89.45,2025-09-24 10:40:59+00:00,34.02609,-81.051857,116.4,4.51,0.2,0.0,10.0,3D,2025-09-24 06:40:59-04:00,POINT (-81.051857 34.02609)
2025-09-23 17:39:46 UTC,sensor10,300372181,20.4,89.49,2025-09-24 10:41:04+00:00,34.025962,-81.051652,117.6,4.97,0.3,0.0,10.0,3D,2025-09-24 06:41:04-04:00,POINT (-81.051652 34.025962)
2025-09-23 17:39:51 UTC,sensor10,300372181,20.42,89.55,2025-09-24 10:41:09+00:00,34.025822,-81.051425,117.4,4.86,0.0,124.55,10.0,3D,2025-09-24 06:41:09-04:00,POINT (-81.051425 34.025822)
2025-09-23 17:39:56 UTC,sensor10,300372181,20.4,89.41,2025-09-24 10:41:14+00:00,34.025685,-81.051182,116.4,5.28,-0.1,124.28,10.0,3D,2025-09-24 06:41:14-04:00,POINT (-81.051182 34.025685)
2025-09-23 17:40:01 UTC,sensor10,300372181,20.51,89.31,2025-09-24 10:41:19+00:00,34.025545,-81.050923,114.4,5.57,0.0,127.55,10.0,3D,2025-09-24 06:41:19-04:00,POINT (-81.050923 34.025545)
2025-09-23 17:40:06 UTC,sensor10,300372181,20.62,89.13,2025-09-24 10:41:24+00:00,34.025397,-81.05068,114.1,5.5,0.0,125.46,11.0,3D,2025-09-24 06:41:24-04:00,POINT (-81.05068 34.025397)
2025-09-23 17:40:11 UTC,sensor10,300372181,20.67,88.9,2025-09-24 10:41:29+00:00,34.025223,-81.05043,114.3,5.74,0.2,125.89,11.0,3D,2025-09-24 06:41:29-04:00,POINT (-81.05043 34.025223)
2025-09-23 17:40:16 UTC,sensor10,300372181,20.7,88.8,2025-09-24 10:41:34+00:00,34.025065,-81.05018,114.2,5.67,0.0,126.06,11.0,3D,2025-09-24 06:41:34-04:00,POINT (-81.05018 34.025065)
2025-09-23 17:40:21 UTC,sensor10,300372181,20.75,88.71,2025-09-24 10:41:39+00:00,34.024922,-81.04993,113.2,5.27,-0.1,126.34,11.0,3D,2025-09-24 06:41:39-04:00,POINT (-81.04993 34.024922)
2025-09-23 17:40:42 UTC,sensor10,300372181,20.84,88.6,2025-09-24 10:41:59+00:00,34.024695,-81.049608,111.6,3.43,-0.6,122.28,11.0,3D,2025-09-24 06:41:59-04:00,POINT (-81.049608 34.024695)
2025-09-23 17:40:47 UTC,sensor10,300372181,20.83,88.45,2025-09-24 10:42:04+00:00,34.024577,-81.049413,110.8,4.69,-0.3,121.05,11.0,3D,2025-09-24 06:42:04-04:00,POINT (-81.049413 34.024577)
2025-09-23 17:40:52 UTC,sensor10,300372181,20.86,88.35,2025-09-24 10:42:09+00:00,34.024447,-81.049202,110.1,5.23,-0.2,124.59,11.0,3D,2025-09-24 06:42:09-04:00,POINT (-81.049202 34.024447)
2025-09-23 17:40:57 UTC,sensor10,300372181,20.9,88.29,2025-09-24 10:42:14+00:00,34.024325,-81.048948,108.9,5.42,-0.1,117.01,11.0,3D,2025-09-24 06:42:14-04:00,POINT (-81.048948 34.024325)
2025-09-23 17:41:02 UTC,sensor10,300372181,20.93,88.06,2025-09-24 10:42:19+00:00,34.024152,-81.048723,107.9,5.77,-0.2,126.82,11.0,3D,2025-09-24 06:42:19-04:00,POINT (-81.048723 34.024152)
2025-09-23 17:41:07 UTC,sensor10,300372181,20.9,88.01,2025-09-24 10:42:24+00:00,34.024003,-81.048475,106.8,5.58,-0.2,124.65,11.0,3D,2025-09-24 06:42:24-04:00,POINT (-81.048475 34.024003)
2025-09-23 17:41:12 UTC,sensor10,300372181,20.89,88.09,2025-09-24 10:42:29+00:00,34.023853,-81.048225,106.4,6.07,-0.2,128.51,11.0,3D,2025-09-24 06:42:29-04:00,POINT (-81.048225 34.023853)
2025-09-23 17:41:17 UTC,sensor10,300372181,20.89,88.04,2025-09-24 10:42:31+00:00,34.02379,-81.048117,106.3,5.9,0.0,128.4,11.0,3D,2025-09-24 06:42:31-04:00,POINT (-81.048117 34.02379)
2025-09-23 17:41:22 UTC,sensor10,300372181,20.86,87.95,2025-09-24 10:42:40+00:00,34.023513,-81.047655,104.7,5.57,-0.4,0.0,11.0,3D,2025-09-24 06:42:40-04:00,POINT (-81.047655 34.023513)
2025-09-23 17:41:27 UTC,sensor10,300372181,20.88,88.05,2025-09-24 10:42:45+00:00,34.023352,-81.047417,104.3,5.56,0.3,0.0,11.0,3D,2025-09-24 06:42:45-04:00,POINT (-81.047417 34.023352)
2025-09-23 17:41:32 UTC,sensor10,300372181,20.81,88.06,2025-09-24 10:42:50+00:00,34.023203,-81.047175,104.3,5.8,-0.1,0.0,11.0,3D,2025-09-24 06:42:50-04:00,POINT (-81.047175 34.023203)
2025-09-23 17:41:37 UTC,sensor10,300372181,20.83,88.18,2025-09-24 10:42:55+00:00,34.023057,-81.046923,105.2,5.2,0.3,124.05,11.0,3D,2025-09-24 06:42:55-04:00,POINT (-81.046923 34.023057)
2025-09-23 17:41:42 UTC,sensor10,300372181,20.94,88.11,2025-09-24 10:43:00+00:00,34.022885,-81.046625,106.9,6.29,1.3,125.18,11.0,3D,2025-09-24 06:43:00-04:00,POINT (-81.046625 34.022885)
2025-09-23 17:41:47 UTC,sensor10,300372181,20.98,87.87,2025-09-24 10:43:05+00:00,34.022735,-81.046368,106.4,5.85,-0.1,127.14,11.0,3D,2025-09-24 06:43:05-04:00,POINT (-81.046368 34.022735)
2025-09-23 17:41:52 UTC,sensor10,300372181,21.03,87.6,2025-09-24 10:43:10+00:00,34.02258,-81.046103,106.1,5.8,-0.1,122.05,11.0,3D,2025-09-24 06:43:10-04:00,POINT (-81.046103 34.02258)
2025-09-23 17:41:57 UTC,sensor10,300372181,21.09,87.45,2025-09-24 10:43:15+00:00,34.022422,-81.045872,104.8,5.64,0.0,121.7,11.0,3D,2025-09-24 06:43:15-04:00,POINT (-81.045872 34.022422)
2025-09-23 17:42:02 UTC,sensor10,300372181,21.16,87.27,2025-09-24 10:43:20+00:00,34.022268,-81.045605,104.2,6.04,-0.1,122.34,11.0,3D,2025-09-24 06:43:20-04:00,POINT (-81.045605 34.022268)
2025-09-23 17:42:07 UTC,sensor10,300372181,21.11,87.08,2025-09-24 10:43:25+00:00,34.02212,-81.04534,103.9,5.89,-0.1,123.49,11.0,3D,2025-09-24 06:43:25-04:00,POINT (-81.04534 34.02212)
2025-09-23 17:42:12 UTC,sensor10,300372181,21.16,87.17,2025-09-24 10:43:30+00:00,34.021982,-81.045083,102.7,5.28,-0.4,123.53,11.0,3D,2025-09-24 06:43:30-04:00,POINT (-81.045083 34.021982)
2025-09-23 17:42:17 UTC,sensor10,300372181,21.07,87.21,2025-09-24 10:43:35+00:00,34.021838,-81.04482,101.1,6.25,-0.4,125.95,11.0,3D,2025-09-24 06:43:35-04:00,POINT (-81.04482 34.021838)
2025-09-23 17:42:22 UTC,sensor10,300372181,20.96,87.53,2025-09-24 10:43:40+00:00,34.021677,-81.044542,100.0,6.01,-0.2,123.97,11.0,3D,2025-09-24 06:43:40-04:00,POINT (-81.044542 34.021677)
2025-09-23 17:42:27 UTC,sensor10,300372181,20.88,87.86,2025-09-24 10:43:45+00:00,34.021523,-81.044262,99.7,6.23,0.3,125.12,11.0,3D,2025-09-24 06:43:45-04:00,POINT (-81.044262 34.021523)
2025-09-23 17:42:32 UTC,sensor10,300372181,20.88,88.1,2025-09-24 10:43:50+00:00,34.02137,-81.044003,100.0,5.82,0.0,125.55,11.0,3D,2025-09-24 06:43:50-04:00,POINT (-81.044003 34.02137)
2025-09-23 17:42:38 UTC,sensor10,300372181,20.82,88.17,2025-09-24 10:43:55+00:00,34.021195,-81.043733,100.2,6.35,0.1,128.6,11.0,3D,2025-09-24 06:43:55-04:00,POINT (-81.043733 34.021195)
2025-09-23 17:42:43 UTC,sensor10,300372181,20.76,88.43,2025-09-24 10:44:00+00:00,34.02103,-81.043467,99.8,5.77,-0.1,124.74,11.0,3D,2025-09-24 06:44:00-04:00,POINT (-81.043467 34.02103)
2025-09-23 17:42:48 UTC,sensor10,300372181,20.99,88.55,2025-09-24 10:44:05+00:00,34.020868,-81.043198,99.5,6.02,-0.1,125.33,11.0,3D,2025-09-24 06:44:05-04:00,POINT (-81.043198 34.020868)
2025-09-23 17:42:53 UTC,sensor10,300372181,21.17,88.17,2025-09-24 10:44:10+00:00,34.020678,-81.042922,99.0,6.44,-0.2,129.27,11.0,3D,2025-09-24 06:44:10-04:00,POINT (-81.042922 34.020678)
2025-09-23 17:42:58 UTC,sensor10,300372181,21.36,87.63,2025-09-24 10:44:15+00:00,34.020523,-81.042672,98.5,5.79,-0.1,127.27,11.0,3D,2025-09-24 06:44:15-04:00,POINT (-81.042672 34.020523)
2025-09-23 17:43:03 UTC,sensor10,300372181,21.36,87.21,2025-09-24 10:44:20+00:00,34.020368,-81.042412,97.9,4.88,0.0,125.55,11.0,3D,2025-09-24 06:44:20-04:00,POINT (-81.042412 34.020368)
2025-09-23 17:43:43 UTC,sensor10,300372181,21.65,87.17,2025-09-24 10:45:01+00:00,34.020182,-81.042058,95.6,4.54,-0.1,0.0,4.0,3D,2025-09-24 06:45:01-04:00,POINT (-81.042058 34.020182)
2025-09-23 17:43:48 UTC,sensor10,300372181,21.8,86.47,2025-09-24 10:45:06+00:00,34.020098,-81.041825,94.8,5.29,-0.3,0.0,4.0,3D,2025-09-24 06:45:06-04:00,POINT (-81.041825 34.020098)
2025-09-23 17:43:53 UTC,sensor10,300372181,21.79,86.02,2025-09-24 10:45:11+00:00,34.02012,-81.041525,94.6,5.32,0.1,0.0,8.0,3D,2025-09-24 06:45:11-04:00,POINT (-81.041525 34.02012)
2025-09-23 17:43:58 UTC,sensor10,300372181,21.58,85.97,2025-09-24 10:45:16+00:00,34.020162,-81.041263,95.4,5.01,0.1,0.0,11.0,3D,2025-09-24 06:45:16-04:00,POINT (-81.041263 34.020162)
2025-09-23 17:44:03 UTC,sensor10,300372181,21.37,86.43,2025-09-24 10:45:21+00:00,34.020192,-81.041007,94.9,4.96,-0.1,0.0,11.0,3D,2025-09-24 06:45:21-04:00,POINT (-81.041007 34.020192)
2025-09-23 17:44:08 UTC,sensor10,300372181,21.2,86.99,2025-09-24 10:45:26+00:00,34.020075,-81.040833,94.9,5.2,0.0,154.12,11.0,3D,2025-09-24 06:45:26-04:00,POINT (-81.040833 34.020075)
2025-09-23 17:44:13 UTC,sensor10,300372181,21.11,87.55,2025-09-24 10:45:31+00:00,34.019858,-81.040673,94.6,5.37,-0.2,150.37,11.0,3D,2025-09-24 06:45:31-04:00,POINT (-81.040673 34.019858)
2025-09-23 17:44:18 UTC,sensor10,300372181,21.1,88.02,2025-09-24 10:45:36+00:00,34.019635,-81.040548,94.4,5.83,0.1,153.06,11.0,3D,2025-09-24 06:45:36-04:00,POINT (-81.040548 34.019635)
2025-09-23 17:44:23 UTC,sensor10,300372181,21.08,88.05,2025-09-24 10:45:41+00:00,34.019415,-81.0404,94.5,5.17,0.2,151.53,11.0,3D,2025-09-24 06:45:41-04:00,POINT (-81.0404 34.019415)
2025-09-23 17:44:28 UTC,sensor10,300372181,21.09,88.06,2025-09-24 10:45:46+00:00,34.019183,-81.040218,95.4,5.82,0.0,153.74,11.0,3D,2025-09-24 06:45:46-04:00,POINT (-81.040218 34.019183)
2025-09-23 17:44:33 UTC,sensor10,300372181,21.07,88.26,2025-09-24 10:45:51+00:00,34.018925,-81.040032,95.4,6.29,0.6,150.13,11.0,3D,2025-09-24 06:45:51-04:00,POINT (-81.040032 34.018925)
2025-09-23 17:44:39 UTC,sensor10,300372181,21.0,88.55,2025-09-24 10:45:56+00:00,34.01865,-81.039847,96.0,7.95,0.0,151.48,11.0,3D,2025-09-24 06:45:56-04:00,POINT (-81.039847 34.01865)
2025-09-23 17:44:44 UTC,sensor10,300372181,20.97,88.73,2025-09-24 10:46:01+00:00,34.01829,-81.039628,95.5,9.18,-0.1,154.52,11.0,3D,2025-09-24 06:46:01-04:00,POINT (-81.039628 34.01829)
2025-09-23 17:44:49 UTC,sensor10,300372181,20.98,88.78,2025-09-24 10:46:06+00:00,34.017943,-81.039402,95.1,8.4,0.0,153.01,11.0,3D,2025-09-24 06:46:06-04:00,POINT (-81.039402 34.017943)
2025-09-23 17:44:54 UTC,sensor10,300372181,20.98,88.81,2025-09-24 10:46:11+00:00,34.017617,-81.039207,95.6,7.51,0.1,151.82,11.0,3D,2025-09-24 06:46:11-04:00,POINT (-81.039207 34.017617)
2025-09-23 17:44:59 UTC,sensor10,300372181,21.04,88.9,2025-09-24 10:46:16+00:00,34.017322,-81.039065,96.2,6.54,-0.2,158.87,11.0,3D,2025-09-24 06:46:16-04:00,POINT (-81.039065 34.017322)
2025-09-23 17:45:04 UTC,sensor10,300372181,21.1,88.73,2025-09-24 10:46:21+00:00,34.01707,-81.038943,97.5,6.39,0.5,156.73,11.0,3D,2025-09-24 06:46:21-04:00,POINT (-81.038943 34.01707)
2025-09-23 17:45:09 UTC,sensor10,300372181,21.14,88.56,2025-09-24 10:46:26+00:00,34.0168,-81.038822,102.7,6.0,0.7,162.42,11.0,3D,2025-09-24 06:46:26-04:00,POINT (-81.038822 34.0168)
2025-09-23 17:45:14 UTC,sensor10,300372181,21.15,88.38,2025-09-24 10:46:31+00:00,34.016523,-81.038707,106.6,6.65,0.8,158.03,11.0,3D,2025-09-24 06:46:31-04:00,POINT (-81.038707 34.016523)
2025-09-23 17:45:19 UTC,sensor10,300372181,21.29,88.27,2025-09-24 10:46:36+00:00,34.016273,-81.03858,109.4,5.7,0.55,165.36,11.0,3D,2025-09-24 06:46:36-04:00,POINT (-81.03858 34.016273)
2025-09-23 17:45:24 UTC,sensor10,300372181,21.34,87.93,2025-09-24 10:46:42+00:00,34.01602,-81.038468,112.8,4.47,0.8,0.0,11.0,3D,2025-09-24 06:46:42-04:00,POINT (-81.038468 34.01602)
2025-09-23 17:45:29 UTC,sensor10,300372181,21.37,87.63,2025-09-24 10:46:47+00:00,34.015852,-81.038392,116.7,3.67,0.7,0.0,11.0,3D,2025-09-24 06:46:47-04:00,POINT (-81.038392 34.015852)
2025-09-23 17:45:34 UTC,sensor10,300372181,21.35,87.68,2025-09-24 10:46:52+00:00,34.015702,-81.038312,117.9,3.72,0.8,0.0,11.0,3D,2025-09-24 06:46:52-04:00,POINT (-81.038312 34.015702)
2025-09-23 17:45:39 UTC,sensor10,300372181,21.36,87.79,2025-09-24 10:46:57+00:00,34.015547,-81.038243,121.1,3.72,0.6,0.0,11.0,3D,2025-09-24 06:46:57-04:00,POINT (-81.038243 34.015547)
2025-09-23 17:45:44 UTC,sensor10,300372181,21.41,87.77,2025-09-24 10:47:02+00:00,34.015392,-81.038175,123.2,3.77,0.2,157.61,11.0,3D,2025-09-24 06:47:02-04:00,POINT (-81.038175 34.015392)
2025-09-23 17:45:49 UTC,sensor10,300372181,21.44,87.71,2025-09-24 10:47:07+00:00,34.01522,-81.038103,124.5,4.07,0.6,159.4,11.0,3D,2025-09-24 06:47:07-04:00,POINT (-81.038103 34.01522)
2025-09-23 17:45:54 UTC,sensor10,300372181,21.43,87.8,2025-09-24 10:47:12+00:00,34.015047,-81.038045,126.1,3.94,0.2,157.82,11.0,3D,2025-09-24 06:47:12-04:00,POINT (-81.038045 34.015047)
2025-09-23 17:45:59 UTC,sensor10,300372181,21.38,87.9,2025-09-24 10:47:17+00:00,34.014878,-81.037928,120.7,4.66,-4.0,156.25,11.0,3D,2025-09-24 06:47:17-04:00,POINT (-81.037928 34.014878)
2025-09-23 17:46:04 UTC,sensor10,300372181,21.4,88.0,2025-09-24 10:47:22+00:00,34.014695,-81.03784,119.3,4.5,-0.1,162.02,11.0,3D,2025-09-24 06:47:22-04:00,POINT (-81.03784 34.014695)
2025-09-23 17:46:09 UTC,sensor10,300372181,21.48,87.97,2025-09-24 10:47:27+00:00,34.014498,-81.037767,119.0,4.67,-0.1,159.64,11.0,3D,2025-09-24 06:47:27-04:00,POINT (-81.037767 34.014498)
2025-09-23 17:46:14 UTC,sensor10,300372181,21.55,87.75,2025-09-24 10:47:32+00:00,34.014312,-81.037677,119.2,4.46,-0.1,159.5,11.0,3D,2025-09-24 06:47:32-04:00,POINT (-81.037677 34.014312)
2025-09-23 17:46:19 UTC,sensor10,300372181,21.61,87.46,2025-09-24 10:47:37+00:00,34.014138,-81.0376,118.2,3.79,-0.1,159.27,11.0,3D,2025-09-24 06:47:37-04:00,POINT (-81.0376 34.014138)
2025-09-23 17:47:50 UTC,sensor10,300372181,22.08,86.51,2025-09-24 10:49:08+00:00,34.01395,-81.037527,106.6,2.43,0.0,151.73,11.0,3D,2025-09-24 06:49:08-04:00,POINT (-81.037527 34.01395)
2025-09-23 17:47:55 UTC,sensor10,300372181,22.42,86.11,2025-09-24 10:49:13+00:00,34.013765,-81.037413,106.3,3.77,-0.1,152.69,11.0,3D,2025-09-24 06:49:13-04:00,POINT (-81.037413 34.013765)
2025-09-23 17:48:00 UTC,sensor10,300372181,22.37,85.5,2025-09-24 10:49:18+00:00,34.013568,-81.037312,106.8,4.81,0.1,154.4,11.0,3D,2025-09-24 06:49:18-04:00,POINT (-81.037312 34.013568)
2025-09-23 17:48:05 UTC,sensor10,300372181,22.32,85.42,2025-09-24 10:49:23+00:00,34.013355,-81.037223,106.8,4.83,0.0,159.98,11.0,3D,2025-09-24 06:49:23-04:00,POINT (-81.037223 34.013355)
2025-09-23 17:48:10 UTC,sensor10,300372181,22.31,85.44,2025-09-24 10:49:28+00:00,34.013132,-81.037112,107.6,5.06,0.2,159.38,11.0,3D,2025-09-24 06:49:28-04:00,POINT (-81.037112 34.013132)
2025-09-23 17:48:15 UTC,sensor10,300372181,22.32,85.47,2025-09-24 10:49:33+00:00,34.012923,-81.037018,107.6,4.92,0.0,163.6,11.0,3D,2025-09-24 06:49:33-04:00,POINT (-81.037018 34.012923)
2025-09-23 17:48:20 UTC,sensor10,300372181,22.28,85.5,2025-09-24 10:49:38+00:00,34.012733,-81.036942,108.4,3.64,-0.1,156.43,11.0,3D,2025-09-24 06:49:38-04:00,POINT (-81.036942 34.012733)
2025-09-23 17:48:26 UTC,sensor10,300372181,22.29,85.56,2025-09-24 10:49:43+00:00,34.012578,-81.03687,108.3,3.12,-0.1,159.16,11.0,3D,2025-09-24 06:49:43-04:00,POINT (-81.03687 34.012578)
2025-09-23 17:48:31 UTC,sensor10,300372181,22.29,85.5,2025-09-24 10:49:48+00:00,34.012412,-81.036812,107.8,3.92,0.3,164.22,11.0,3D,2025-09-24 06:49:48-04:00,POINT (-81.036812 34.012412)
2025-09-23 17:48:36 UTC,sensor10,300372181,22.3,85.35,2025-09-24 10:49:53+00:00,34.012235,-81.036737,107.7,4.04,-0.2,162.84,11.0,3D,2025-09-24 06:49:53-04:00,POINT (-81.036737 34.012235)
2025-09-23 17:48:41 UTC,sensor10,300372181,22.22,85.34,2025-09-24 10:49:58+00:00,34.012033,-81.036642,106.6,4.39,-0.3,157.68,11.0,3D,2025-09-24 06:49:58-04:00,POINT (-81.036642 34.012033)
2025-09-23 17:48:46 UTC,sensor10,300372181,22.21,85.49,2025-09-24 10:50:03+00:00,34.011835,-81.036535,103.9,4.38,-0.6,155.72,11.0,3D,2025-09-24 06:50:03-04:00,POINT (-81.036535 34.011835)
2025-09-23 17:48:51 UTC,sensor10,300372181,22.24,85.52,2025-09-24 10:50:08+00:00,34.01165,-81.036447,101.2,4.03,-0.6,156.37,11.0,3D,2025-09-24 06:50:08-04:00,POINT (-81.036447 34.01165)
2025-09-23 17:48:56 UTC,sensor10,300372181,22.29,85.46,2025-09-24 10:50:13+00:00,34.011482,-81.036343,98.7,4.11,-0.2,158.78,11.0,3D,2025-09-24 06:50:13-04:00,POINT (-81.036343 34.011482)
2025-09-23 17:49:01 UTC,sensor10,300372181,22.27,85.32,2025-09-24 10:50:18+00:00,34.011325,-81.03629,95.0,3.81,-0.7,161.77,11.0,3D,2025-09-24 06:50:18-04:00,POINT (-81.03629 34.011325)
2025-09-23 17:49:06 UTC,sensor10,300372181,22.38,85.07,2025-09-24 10:50:23+00:00,34.011163,-81.03623,93.2,3.65,-0.3,155.08,11.0,3D,2025-09-24 06:50:23-04:00,POINT (-81.03623 34.011163)
2025-09-23 17:49:11 UTC,sensor10,300372181,22.47,84.65,2025-09-24 10:50:28+00:00,34.010988,-81.036148,91.0,4.5,-0.5,156.23,11.0,3D,2025-09-24 06:50:28-04:00,POINT (-81.036148 34.010988)
2025-09-23 17:49:16 UTC,sensor10,300372181,22.5,84.4,2025-09-24 10:50:33+00:00,34.010783,-81.036082,92.4,4.57,-0.2,162.08,11.0,3D,2025-09-24 06:50:33-04:00,POINT (-81.036082 34.010783)
2025-09-23 17:49:21 UTC,sensor10,300372181,22.51,84.16,2025-09-24 10:50:38+00:00,34.010577,-81.036023,92.0,4.71,-0.08,0.0,11.0,3D,2025-09-24 06:50:38-04:00,POINT (-81.036023 34.010577)
2025-09-23 17:49:26 UTC,sensor10,300372181,22.54,84.11,2025-09-24 10:50:44+00:00,34.010352,-81.035928,91.9,4.3,0.3,0.0,11.0,3D,2025-09-24 06:50:44-04:00,POINT (-81.035928 34.010352)
2025-09-23 17:49:31 UTC,sensor10,300372181,22.55,84.12,2025-09-24 10:50:49+00:00,34.010162,-81.035855,93.6,4.55,0.1,169.95,11.0,3D,2025-09-24 06:50:49-04:00,POINT (-81.035855 34.010162)
2025-09-23 17:49:36 UTC,sensor10,300372181,22.58,84.01,2025-09-24 10:50:54+00:00,34.009967,-81.035792,95.3,5.04,0.2,166.5,11.0,3D,2025-09-24 06:50:54-04:00,POINT (-81.035792 34.009967)
2025-09-23 17:49:41 UTC,sensor10,300372181,22.54,83.98,2025-09-24 10:50:59+00:00,34.00978,-81.035682,98.2,3.98,1.2,157.97,11.0,3D,2025-09-24 06:50:59-04:00,POINT (-81.035682 34.00978)
2025-09-23 17:49:46 UTC,sensor10,300372181,22.52,83.84,2025-09-24 10:51:04+00:00,34.009578,-81.035583,100.2,4.7,0.2,157.21,11.0,3D,2025-09-24 06:51:04-04:00,POINT (-81.035583 34.009578)
2025-09-23 17:49:51 UTC,sensor10,300372181,22.51,84.15,2025-09-24 10:51:09+00:00,34.009368,-81.035487,101.3,4.74,0.0,158.58,11.0,3D,2025-09-24 06:51:09-04:00,POINT (-81.035487 34.009368)
2025-09-23 17:49:56 UTC,sensor10,300372181,22.53,84.22,2025-09-24 10:51:14+00:00,34.009147,-81.035378,101.2,5.12,0.1,157.52,11.0,3D,2025-09-24 06:51:14-04:00,POINT (-81.035378 34.009147)
2025-09-23 17:50:01 UTC,sensor10,300372181,22.59,84.2,2025-09-24 10:51:19+00:00,34.008915,-81.035252,101.0,5.6,-0.2,156.39,11.0,3D,2025-09-24 06:51:19-04:00,POINT (-81.035252 34.008915)
2025-09-23 17:50:06 UTC,sensor10,300372181,22.72,83.97,2025-09-24 10:51:24+00:00,34.008663,-81.035118,100.4,5.92,-0.2,153.01,11.0,3D,2025-09-24 06:51:24-04:00,POINT (-81.035118 34.008663)
2025-09-23 17:50:11 UTC,sensor10,300372181,22.7,83.77,2025-09-24 10:51:29+00:00,34.008405,-81.034995,99.6,6.08,-0.1,162.92,11.0,3D,2025-09-24 06:51:29-04:00,POINT (-81.034995 34.008405)
2025-09-23 17:50:16 UTC,sensor10,300372181,22.66,83.81,2025-09-24 10:51:34+00:00,34.008152,-81.034868,98.9,6.02,0.0,158.08,11.0,3D,2025-09-24 06:51:34-04:00,POINT (-81.034868 34.008152)
2025-09-23 17:50:21 UTC,sensor10,300372181,22.65,83.87,2025-09-24 10:51:39+00:00,34.007913,-81.034752,97.6,5.43,-0.2,162.04,11.0,3D,2025-09-24 06:51:39-04:00,POINT (-81.034752 34.007913)
2025-09-23 17:50:26 UTC,sensor10,300372181,22.8,83.99,2025-09-24 10:51:44+00:00,34.00772,-81.034647,96.4,4.51,-0.2,158.31,11.0,3D,2025-09-24 06:51:44-04:00,POINT (-81.034647 34.00772)
2025-09-23 17:50:32 UTC,sensor10,300372181,22.86,83.92,2025-09-24 10:51:49+00:00,34.007543,-81.034538,95.6,4.17,-0.3,153.77,11.0,3D,2025-09-24 06:51:49-04:00,POINT (-81.034538 34.007543)
2025-09-23 17:51:17 UTC,sensor10,300372181,23.12,83.06,2025-09-24 10:52:34+00:00,34.007235,-81.03414,93.5,2.44,0.2,163.42,11.0,3D,2025-09-24 06:52:34-04:00,POINT (-81.03414 34.007235)
2025-09-23 17:51:22 UTC,sensor10,300372181,23.07,83.03,2025-09-24 10:52:36+00:00,34.00715,-81.034147,93.5,3.38,0.0,152.54,11.0,3D,2025-09-24 06:52:36-04:00,POINT (-81.034147 34.00715)
2025-09-23 17:51:27 UTC,sensor10,300372181,23.06,83.06,2025-09-24 10:52:45+00:00,34.006903,-81.034192,93.7,4.07,0.1,0.0,11.0,3D,2025-09-24 06:52:45-04:00,POINT (-81.034192 34.006903)
2025-09-23 17:51:32 UTC,sensor10,300372181,23.03,83.21,2025-09-24 10:52:50+00:00,34.006695,-81.034152,93.7,5.38,-0.5,0.0,11.0,3D,2025-09-24 06:52:50-04:00,POINT (-81.034152 34.006695)
2025-09-23 17:51:37 UTC,sensor10,300372181,23.05,83.33,2025-09-24 10:52:55+00:00,34.006497,-81.034057,95.1,4.87,0.3,156.2,11.0,3D,2025-09-24 06:52:55-04:00,POINT (-81.034057 34.006497)
2025-09-23 17:51:42 UTC,sensor10,300372181,23.02,83.08,2025-09-24 10:53:00+00:00,34.006318,-81.033905,95.6,5.14,0.2,156.69,11.0,3D,2025-09-24 06:53:00-04:00,POINT (-81.033905 34.006318)
2025-09-23 17:51:47 UTC,sensor10,300372181,22.94,83.03,2025-09-24 10:53:05+00:00,34.006153,-81.033743,96.6,4.83,0.1,146.09,11.0,3D,2025-09-24 06:53:05-04:00,POINT (-81.033743 34.006153)
2025-09-23 17:51:52 UTC,sensor10,300372181,22.9,83.24,2025-09-24 10:53:10+00:00,34.005972,-81.033642,97.4,4.8,0.0,160.37,11.0,3D,2025-09-24 06:53:10-04:00,POINT (-81.033642 34.005972)
2025-09-23 17:51:57 UTC,sensor10,300372181,22.85,83.37,2025-09-24 10:53:15+00:00,34.005733,-81.0336,97.4,5.51,0.4,162.61,11.0,3D,2025-09-24 06:53:15-04:00,POINT (-81.0336 34.005733)
2025-09-23 17:52:02 UTC,sensor10,300372181,22.8,83.48,2025-09-24 10:53:20+00:00,34.005492,-81.03347,98.4,4.96,0.1,151.95,11.0,3D,2025-09-24 06:53:20-04:00,POINT (-81.03347 34.005492)
2025-09-23 17:52:07 UTC,sensor10,300372181,22.7,83.77,2025-09-24 10:53:25+00:00,34.005272,-81.033358,100.2,5.7,0.3,154.42,11.0,3D,2025-09-24 06:53:25-04:00,POINT (-81.033358 34.005272)
2025-09-23 17:52:12 UTC,sensor10,300372181,22.65,84.04,2025-09-24 10:53:30+00:00,34.005038,-81.033253,101.5,5.52,-0.2,157.0,11.0,3D,2025-09-24 06:53:30-04:00,POINT (-81.033253 34.005038)
2025-09-23 17:52:17 UTC,sensor10,300372181,22.69,84.06,2025-09-24 10:53:35+00:00,34.004833,-81.033085,104.2,5.97,0.6,143.19,11.0,3D,2025-09-24 06:53:35-04:00,POINT (-81.033085 34.004833)
2025-09-23 17:52:22 UTC,sensor10,300372181,22.69,83.96,2025-09-24 10:53:40+00:00,34.004598,-81.033042,109.9,4.94,0.3,160.79,11.0,3D,2025-09-24 06:53:40-04:00,POINT (-81.033042 34.004598)
2025-09-23 17:52:27 UTC,sensor10,300372181,22.75,83.92,2025-09-24 10:53:45+00:00,34.00437,-81.033013,113.6,4.93,0.9,155.4,11.0,3D,2025-09-24 06:53:45-04:00,POINT (-81.033013 34.00437)
2025-09-23 17:52:32 UTC,sensor10,300372181,22.77,84.01,2025-09-24 10:53:50+00:00,34.00412,-81.03293,117.8,5.35,0.7,165.43,11.0,3D,2025-09-24 06:53:50-04:00,POINT (-81.03293 34.00412)
2025-09-23 17:52:38 UTC,sensor10,300372181,22.74,83.97,2025-09-24 10:53:55+00:00,34.003857,-81.032872,119.1,5.12,0.5,158.74,11.0,3D,2025-09-24 06:53:55-04:00,POINT (-81.032872 34.003857)
2025-09-23 17:52:43 UTC,sensor10,300372181,22.69,84.24,2025-09-24 10:54:00+00:00,34.003608,-81.032797,121.1,4.7,0.2,155.95,11.0,3D,2025-09-24 06:54:00-04:00,POINT (-81.032797 34.003608)
2025-09-23 17:52:48 UTC,sensor10,300372181,22.68,84.2,2025-09-24 10:54:05+00:00,34.003413,-81.032715,122.8,3.86,0.6,149.06,11.0,3D,2025-09-24 06:54:05-04:00,POINT (-81.032715 34.003413)
2025-09-23 17:53:08 UTC,sensor10,300372181,22.73,84.19,2025-09-24 10:54:25+00:00,34.003057,-81.03259,131.2,3.3,1.0,148.43,11.0,3D,2025-09-24 06:54:25-04:00,POINT (-81.03259 34.003057)
2025-09-23 17:53:13 UTC,sensor10,300372181,22.71,84.01,2025-09-24 10:54:30+00:00,34.002905,-81.032487,132.9,4.09,0.4,155.58,11.0,3D,2025-09-24 06:54:30-04:00,POINT (-81.032487 34.002905)
2025-09-23 17:53:18 UTC,sensor10,300372181,22.63,84.18,2025-09-24 10:54:35+00:00,34.002657,-81.032267,139.8,4.78,1.1,154.82,11.0,3D,2025-09-24 06:54:35-04:00,POINT (-81.032267 34.002657)
2025-09-23 17:53:23 UTC,sensor10,300372181,22.56,84.3,2025-09-24 10:54:41+00:00,34.002405,-81.032188,143.3,4.89,0.5,0.0,11.0,3D,2025-09-24 06:54:41-04:00,POINT (-81.032188 34.002405)
2025-09-23 17:53:28 UTC,sensor10,300372181,22.51,84.35,2025-09-24 10:54:46+00:00,34.00225,-81.032125,145.8,3.88,0.5,0.0,11.0,3D,2025-09-24 06:54:46-04:00,POINT (-81.032125 34.00225)
2025-09-23 17:53:33 UTC,sensor10,300372181,22.45,84.55,2025-09-24 10:54:51+00:00,34.002083,-81.031985,150.4,4.62,0.9,0.0,11.0,3D,2025-09-24 06:54:51-04:00,POINT (-81.031985 34.002083)
2025-09-23 17:53:38 UTC,sensor10,300372181,22.43,84.69,2025-09-24 10:54:56+00:00,34.001948,-81.03189,153.4,2.88,0.5,0.0,11.0,3D,2025-09-24 06:54:56-04:00,POINT (-81.03189 34.001948)
2025-09-23 17:53:43 UTC,sensor10,300372181,22.43,84.76,2025-09-24 10:55:01+00:00,34.001758,-81.0319,155.3,5.26,0.3,0.0,4.0,3D,2025-09-24 06:55:01-04:00,POINT (-81.0319 34.001758)
2025-09-23 17:53:48 UTC,sensor10,300372181,22.27,84.9,2025-09-24 10:55:06+00:00,34.001477,-81.031813,159.0,6.77,1.0,0.0,8.0,3D,2025-09-24 06:55:06-04:00,POINT (-81.031813 34.001477)
2025-09-23 17:53:53 UTC,sensor10,300372181,22.2,85.52,2025-09-24 10:55:11+00:00,34.001162,-81.031677,163.4,7.9,0.2,0.0,8.0,3D,2025-09-24 06:55:11-04:00,POINT (-81.031677 34.001162)
2025-09-23 17:53:58 UTC,sensor10,300372181,22.12,85.73,2025-09-24 10:55:16+00:00,34.000827,-81.03158,163.2,7.13,-0.2,0.0,11.0,3D,2025-09-24 06:55:16-04:00,POINT (-81.03158 34.000827)
2025-09-23 17:54:03 UTC,sensor10,300372181,22.06,85.91,2025-09-24 10:55:21+00:00,34.000498,-81.031483,163.5,7.35,-0.2,0.0,11.0,3D,2025-09-24 06:55:21-04:00,POINT (-81.031483 34.000498)
2025-09-23 17:54:08 UTC,sensor10,300372181,22.11,86.06,2025-09-24 10:55:26+00:00,34.000172,-81.031413,161.0,7.23,-0.1,162.38,11.0,3D,2025-09-24 06:55:26-04:00,POINT (-81.031413 34.000172)
2025-09-23 17:54:13 UTC,sensor10,300372181,22.15,85.8,2025-09-24 10:55:31+00:00,33.999888,-81.031278,162.0,6.33,0.3,154.92,11.0,3D,2025-09-24 06:55:31-04:00,POINT (-81.031278 33.999888)
2025-09-23 17:54:18 UTC,sensor10,300372181,22.26,85.55,2025-09-24 10:55:36+00:00,33.999615,-81.031122,163.5,6.69,0.3,160.41,11.0,3D,2025-09-24 06:55:36-04:00,POINT (-81.031122 33.999615)
2025-09-23 17:54:23 UTC,sensor10,300372181,22.33,85.17,2025-09-24 10:55:41+00:00,33.999327,-81.031043,163.7,6.52,0.1,154.8,11.0,3D,2025-09-24 06:55:41-04:00,POINT (-81.031043 33.999327)
2025-09-23 17:54:28 UTC,sensor10,300372181,22.36,84.93,2025-09-24 10:55:46+00:00,33.999027,-81.030928,165.7,6.58,0.3,161.35,11.0,3D,2025-09-24 06:55:46-04:00,POINT (-81.030928 33.999027)
2025-09-23 17:54:34 UTC,sensor10,300372181,22.36,84.77,2025-09-24 10:55:51+00:00,33.998775,-81.030812,167.7,6.25,0.7,156.86,11.0,3D,2025-09-24 06:55:51-04:00,POINT (-81.030812 33.998775)
2025-09-23 17:54:39 UTC,sensor10,300372181,22.34,84.65,2025-09-24 10:55:56+00:00,33.998507,-81.030672,170.5,6.36,0.6,156.85,11.0,3D,2025-09-24 06:55:56-04:00,POINT (-81.030672 33.998507)
2025-09-23 17:54:44 UTC,sensor10,300372181,22.34,84.66,2025-09-24 10:56:01+00:00,33.99823,-81.030577,171.7,5.87,0.2,161.38,11.0,3D,2025-09-24 06:56:01-04:00,POINT (-81.030577 33.99823)
2025-09-23 17:54:49 UTC,sensor10,300372181,22.39,84.69,2025-09-24 10:56:06+00:00,33.997972,-81.030457,173.2,5.68,0.3,156.68,11.0,3D,2025-09-24 06:56:06-04:00,POINT (-81.030457 33.997972)
2025-09-23 17:54:54 UTC,sensor10,300372181,22.36,84.77,2025-09-24 10:56:11+00:00,33.99774,-81.030323,175.3,5.91,0.4,155.85,11.0,3D,2025-09-24 06:56:11-04:00,POINT (-81.030323 33.99774)
2025-09-23 17:54:59 UTC,sensor10,300372181,22.36,84.71,2025-09-24 10:56:16+00:00,33.99746,-81.03025,176.3,5.74,0.4,155.24,11.0,3D,2025-09-24 06:56:16-04:00,POINT (-81.03025 33.99746)
2025-09-23 17:55:04 UTC,sensor10,300372181,22.27,85.0,2025-09-24 10:56:21+00:00,33.99724,-81.03007,178.8,5.99,0.4,159.83,11.0,3D,2025-09-24 06:56:21-04:00,POINT (-81.03007 33.99724)
2025-09-23 17:55:09 UTC,sensor10,300372181,22.28,85.14,2025-09-24 10:56:26+00:00,33.996977,-81.030027,179.1,5.55,-0.6,160.32,11.0,3D,2025-09-24 06:56:26-04:00,POINT (-81.030027 33.996977)
2025-09-23 17:55:14 UTC,sensor10,300372181,22.18,84.75,2025-09-24 10:56:31+00:00,33.99674,-81.029967,179.9,5.29,0.3,153.06,11.0,3D,2025-09-24 06:56:31-04:00,POINT (-81.029967 33.99674)
2025-09-23 17:55:19 UTC,sensor10,300372181,22.11,84.59,2025-09-24 10:56:36+00:00,33.996533,-81.029847,179.5,5.12,0.0,156.01,11.0,3D,2025-09-24 06:56:36-04:00,POINT (-81.029847 33.996533)
2025-09-23 17:55:24 UTC,sensor10,300372181,22.0,84.62,2025-09-24 10:56:36+00:00,33.996533,-81.029847,179.5,5.12,0.0,156.01,11.0,3D,2025-09-24 06:56:36-04:00,POINT (-81.029847 33.996533)
2025-09-23 17:55:29 UTC,sensor10,300372181,21.93,84.95,2025-09-24 10:56:47+00:00,33.99619,-81.029475,174.2,5.42,-0.7,0.0,11.0,3D,2025-09-24 06:56:47-04:00,POINT (-81.029475 33.99619)
2025-09-23 17:55:34 UTC,sensor10,300372181,21.81,85.17,2025-09-24 10:56:52+00:00,33.996215,-81.029203,169.3,4.85,-0.9,0.0,11.0,3D,2025-09-24 06:56:52-04:00,POINT (-81.029203 33.996215)
2025-09-23 17:55:39 UTC,sensor10,300372181,21.75,85.36,2025-09-24 10:56:57+00:00,33.996283,-81.028968,165.3,4.36,-1.0,69.11,11.0,3D,2025-09-24 06:56:57-04:00,POINT (-81.028968 33.996283)
2025-09-23 17:55:44 UTC,sensor10,300372181,21.7,85.77,2025-09-24 10:57:02+00:00,33.996357,-81.028748,161.9,4.96,-0.5,70.56,11.0,3D,2025-09-24 06:57:02-04:00,POINT (-81.028748 33.996357)
2025-09-23 17:55:49 UTC,sensor10,300372181,21.6,86.12,2025-09-24 10:57:07+00:00,33.996445,-81.028505,157.4,4.52,-0.8,63.22,11.0,3D,2025-09-24 06:57:07-04:00,POINT (-81.028505 33.996445)
2025-09-23 17:55:54 UTC,sensor10,300372181,21.5,86.59,2025-09-24 10:57:12+00:00,33.99652,-81.028275,154.0,5.09,-0.8,68.52,11.0,3D,2025-09-24 06:57:12-04:00,POINT (-81.028275 33.99652)
2025-09-23 17:55:59 UTC,sensor10,300372181,21.53,86.71,2025-09-24 10:57:17+00:00,33.996605,-81.028057,149.3,4.58,-0.6,73.11,11.0,3D,2025-09-24 06:57:17-04:00,POINT (-81.028057 33.996605)
2025-09-23 17:56:04 UTC,sensor10,300372181,21.62,86.64,2025-09-24 10:57:22+00:00,33.996687,-81.027795,145.7,4.65,-0.5,68.32,11.0,3D,2025-09-24 06:57:22-04:00,POINT (-81.027795 33.996687)
2025-09-23 17:56:09 UTC,sensor10,300372181,21.76,86.37,2025-09-24 10:57:27+00:00,33.996767,-81.027532,142.2,4.71,-0.5,71.85,11.0,3D,2025-09-24 06:57:27-04:00,POINT (-81.027532 33.996767)
2025-09-23 17:56:14 UTC,sensor10,300372181,21.78,85.99,2025-09-24 10:57:32+00:00,33.996847,-81.027305,141.4,4.52,-0.2,67.92,11.0,3D,2025-09-24 06:57:32-04:00,POINT (-81.027305 33.996847)
2025-09-23 17:56:19 UTC,sensor10,300372181,21.8,85.64,2025-09-24 10:57:37+00:00,33.996953,-81.02707,139.6,4.91,-0.4,62.21,11.0,3D,2025-09-24 06:57:37-04:00,POINT (-81.02707 33.996953)
2025-09-23 17:56:24 UTC,sensor10,300372181,21.8,85.35,2025-09-24 10:57:42+00:00,33.99706,-81.026805,137.3,5.31,-1.0,58.83,11.0,3D,2025-09-24 06:57:42-04:00,POINT (-81.026805 33.99706)
2025-09-23 17:56:30 UTC,sensor10,300372181,21.85,85.33,2025-09-24 10:57:47+00:00,33.997197,-81.02652,133.9,5.27,-1.0,68.56,11.0,3D,2025-09-24 06:57:47-04:00,POINT (-81.02652 33.997197)
2025-09-23 17:56:35 UTC,sensor10,300372181,21.76,85.64,2025-09-24 10:57:52+00:00,33.997217,-81.026217,132.2,5.59,-0.1,84.27,11.0,3D,2025-09-24 06:57:52-04:00,POINT (-81.026217 33.997217)
2025-09-23 17:56:40 UTC,sensor10,300372181,21.66,85.93,2025-09-24 10:57:57+00:00,33.997273,-81.025902,129.1,5.78,-0.4,76.42,11.0,3D,2025-09-24 06:57:57-04:00,POINT (-81.025902 33.997273)
2025-09-23 17:56:45 UTC,sensor10,300372181,21.55,86.36,2025-09-24 10:58:02+00:00,33.997367,-81.025568,127.2,6.82,-0.3,72.76,11.0,3D,2025-09-24 06:58:02-04:00,POINT (-81.025568 33.997367)
2025-09-23 17:56:50 UTC,sensor10,300372181,21.53,86.66,2025-09-24 10:58:07+00:00,33.997452,-81.025248,125.3,5.29,-0.3,64.84,11.0,3D,2025-09-24 06:58:07-04:00,POINT (-81.025248 33.997452)
2025-09-23 17:56:55 UTC,sensor10,300372181,21.58,86.79,2025-09-24 10:58:12+00:00,33.997528,-81.025037,121.8,2.57,-0.8,72.9,11.0,3D,2025-09-24 06:58:12-04:00,POINT (-81.025037 33.997528)
2025-09-23 17:57:00 UTC,sensor10,300372181,21.65,86.76,2025-09-24 10:58:17+00:00,33.997582,-81.024863,119.2,3.8,-0.4,70.33,11.0,3D,2025-09-24 06:58:17-04:00,POINT (-81.024863 33.997582)
2025-09-23 17:57:05 UTC,sensor10,300372181,21.7,86.65,2025-09-24 10:58:22+00:00,33.99769,-81.024618,118.9,6.0,-0.2,65.19,11.0,3D,2025-09-24 06:58:22-04:00,POINT (-81.024618 33.99769)
2025-09-23 17:57:10 UTC,sensor10,300372181,21.78,86.43,2025-09-24 10:58:27+00:00,33.99781,-81.024282,117.8,6.93,-0.2,67.36,11.0,3D,2025-09-24 06:58:27-04:00,POINT (-81.024282 33.99781)
2025-09-23 17:57:15 UTC,sensor10,300372181,21.79,86.18,2025-09-24 10:58:33+00:00,33.997952,-81.023835,116.7,6.69,-0.4,0.0,11.0,3D,2025-09-24 06:58:33-04:00,POINT (-81.023835 33.997952)
2025-09-23 17:57:20 UTC,sensor10,300372181,21.68,86.11,2025-09-24 10:58:37+00:00,33.998057,-81.023528,115.5,7.57,-0.6,65.18,11.0,3D,2025-09-24 06:58:37-04:00,POINT (-81.023528 33.998057)
2025-09-23 17:57:25 UTC,sensor10,300372181,21.56,86.35,2025-09-24 10:58:43+00:00,33.998212,-81.02305,113.3,7.96,-0.3,0.0,11.0,3D,2025-09-24 06:58:43-04:00,POINT (-81.02305 33.998212)
2025-09-23 17:57:30 UTC,sensor10,300372181,21.49,86.75,2025-09-24 10:58:48+00:00,33.99833,-81.022643,111.8,7.75,-0.2,73.72,11.0,3D,2025-09-24 06:58:48-04:00,POINT (-81.022643 33.99833)
2025-09-23 17:57:35 UTC,sensor10,300372181,21.39,86.99,2025-09-24 10:58:53+00:00,33.998435,-81.02225,110.3,7.54,-0.3,70.47,11.0,3D,2025-09-24 06:58:53-04:00,POINT (-81.02225 33.998435)
2025-09-23 17:57:40 UTC,sensor10,300372181,21.37,87.14,2025-09-24 10:58:58+00:00,33.998557,-81.021875,109.8,7.29,0.1,67.43,11.0,3D,2025-09-24 06:58:58-04:00,POINT (-81.021875 33.998557)
2025-09-23 17:57:45 UTC,sensor10,300372181,21.42,87.22,2025-09-24 10:59:03+00:00,33.998667,-81.021502,108.7,6.78,0.1,69.94,11.0,3D,2025-09-24 06:59:03-04:00,POINT (-81.021502 33.998667)
2025-09-23 17:57:50 UTC,sensor10,300372181,21.4,87.18,2025-09-24 10:59:08+00:00,33.998772,-81.02115,109.0,6.7,0.1,67.87,11.0,3D,2025-09-24 06:59:08-04:00,POINT (-81.02115 33.998772)
2025-09-23 17:57:55 UTC,sensor10,300372181,21.32,87.33,2025-09-24 10:59:13+00:00,33.998875,-81.020777,108.3,7.53,0.1,71.0,11.0,3D,2025-09-24 06:59:13-04:00,POINT (-81.020777 33.998875)
2025-09-23 17:58:00 UTC,sensor10,300372181,21.27,87.59,2025-09-24 10:59:18+00:00,33.998992,-81.02041,108.1,6.91,0.0,73.28,11.0,3D,2025-09-24 06:59:18-04:00,POINT (-81.02041 33.998992)
2025-09-23 17:58:05 UTC,sensor10,300372181,21.22,87.72,2025-09-24 10:59:23+00:00,33.999118,-81.020035,109.1,6.83,0.5,69.58,11.0,3D,2025-09-24 06:59:23-04:00,POINT (-81.020035 33.999118)
2025-09-23 17:58:10 UTC,sensor10,300372181,21.13,87.92,2025-09-24 10:59:28+00:00,33.999232,-81.019683,111.4,7.09,0.4,68.66,11.0,3D,2025-09-24 06:59:28-04:00,POINT (-81.019683 33.999232)
2025-09-23 17:58:15 UTC,sensor10,300372181,21.11,88.31,2025-09-24 10:59:33+00:00,33.99934,-81.01934,112.2,7.26,-0.5,70.24,11.0,3D,2025-09-24 06:59:33-04:00,POINT (-81.01934 33.99934)
2025-09-23 17:58:21 UTC,sensor10,300372181,21.1,88.61,2025-09-24 10:59:38+00:00,33.999462,-81.018883,111.3,7.83,0.0,67.57,11.0,3D,2025-09-24 06:59:38-04:00,POINT (-81.018883 33.999462)
2025-09-23 17:58:26 UTC,sensor10,300372181,21.13,88.8,2025-09-24 10:59:43+00:00,33.999573,-81.018498,111.4,7.32,0.1,70.02,11.0,3D,2025-09-24 06:59:43-04:00,POINT (-81.018498 33.999573)
2025-09-23 17:58:31 UTC,sensor10,300372181,21.15,88.57,2025-09-24 10:59:48+00:00,33.99969,-81.018105,111.3,8.33,-0.1,70.45,11.0,3D,2025-09-24 06:59:48-04:00,POINT (-81.018105 33.99969)
2025-09-23 17:58:36 UTC,sensor10,300372181,21.17,88.31,2025-09-24 10:59:53+00:00,33.999802,-81.017665,110.6,8.27,-0.2,74.97,11.0,3D,2025-09-24 06:59:53-04:00,POINT (-81.017665 33.999802)
2025-09-23 17:58:41 UTC,sensor10,300372181,21.16,88.16,2025-09-24 10:59:58+00:00,33.999913,-81.017293,109.9,6.27,-0.1,72.29,11.0,3D,2025-09-24 06:59:58-04:00,POINT (-81.017293 33.999913)
2025-09-23 17:58:46 UTC,sensor10,300372181,21.18,87.88,2025-09-24 11:00:03+00:00,34.000017,-81.01694,109.6,6.84,0.0,76.21,11.0,3D,2025-09-24 07:00:03-04:00,POINT (-81.01694 34.000017)
2025-09-23 17:58:51 UTC,sensor10,300372181,21.17,87.72,2025-09-24 11:00:08+00:00,34.000123,-81.016592,110.8,6.95,0.7,74.05,11.0,3D,2025-09-24 07:00:08-04:00,POINT (-81.016592 34.000123)
2025-09-23 17:58:56 UTC,sensor10,300372181,20.91,87.79,2025-09-24 11:00:13+00:00,34.00023,-81.01626,113.9,6.34,0.2,75.78,11.0,3D,2025-09-24 07:00:13-04:00,POINT (-81.01626 34.00023)
2025-09-23 17:59:01 UTC,sensor10,300372181,20.68,88.19,2025-09-24 11:00:18+00:00,34.000345,-81.0159,116.2,6.75,0.5,69.09,11.0,3D,2025-09-24 07:00:18-04:00,POINT (-81.0159 34.000345)
2025-09-23 17:59:06 UTC,sensor10,300372181,20.52,88.79,2025-09-24 11:00:23+00:00,34.000447,-81.01553,111.5,6.41,0.0,64.05,11.0,3D,2025-09-24 07:00:23-04:00,POINT (-81.01553 34.000447)
2025-09-23 17:59:11 UTC,sensor10,300372181,20.31,89.33,2025-09-24 11:00:29+00:00,34.000675,-81.015252,112.2,6.26,0.1,0.0,11.0,3D,2025-09-24 07:00:29-04:00,POINT (-81.015252 34.000675)
2025-09-23 17:59:16 UTC,sensor10,300372181,20.08,89.87,2025-09-24 11:00:34+00:00,34.000903,-81.015068,113.3,6.1,0.2,0.0,11.0,3D,2025-09-24 07:00:34-04:00,POINT (-81.015068 34.000903)
2025-09-23 17:59:21 UTC,sensor10,300372181,19.97,90.45,2025-09-24 11:00:39+00:00,34.001132,-81.014918,114.1,5.39,0.2,30.86,11.0,3D,2025-09-24 07:00:39-04:00,POINT (-81.014918 34.001132)
2025-09-23 17:59:26 UTC,sensor10,300372181,19.78,90.78,2025-09-24 11:00:41+00:00,34.001217,-81.014857,112.9,5.64,-1.2,0.0,4.0,3D,2025-09-24 07:00:41-04:00,POINT (-81.014857 34.001217)
2025-09-23 17:59:31 UTC,sensor10,300372181,19.66,91.25,2025-09-24 11:00:49+00:00,34.00162,-81.014547,95.9,5.27,-1.8,29.61,4.0,3D,2025-09-24 07:00:49-04:00,POINT (-81.014547 34.00162)
2025-09-23 17:59:36 UTC,sensor10,300372181,19.56,91.64,2025-09-24 11:00:54+00:00,34.001818,-81.014388,92.6,5.05,-0.4,31.43,11.0,3D,2025-09-24 07:00:54-04:00,POINT (-81.014388 34.001818)
2025-09-23 17:59:41 UTC,sensor10,300372181,19.55,92.03,2025-09-24 11:00:59+00:00,34.001982,-81.014222,90.9,4.67,-0.3,39.65,11.0,3D,2025-09-24 07:00:59-04:00,POINT (-81.014222 34.001982)
2025-09-23 17:59:46 UTC,sensor10,300372181,19.54,92.23,2025-09-24 11:01:04+00:00,34.002125,-81.014058,89.7,3.94,-0.2,45.06,11.0,3D,2025-09-24 07:01:04-04:00,POINT (-81.014058 34.002125)
2025-09-23 17:59:51 UTC,sensor10,300372181,19.54,92.3,2025-09-24 11:01:09+00:00,34.002225,-81.013938,89.1,2.6,-0.2,45.22,11.0,3D,2025-09-24 07:01:09-04:00,POINT (-81.013938 34.002225)
