System_Timestamp_UTC,RaspberryPiName,Sensor_ID,Temperature_C,Humidity_RH,GPS_Timestamp_UTC,Latitude,Longitude,Altitude_m,Speed_mps,Climb_mps,Track_deg,Satellites,GPS_Fix_Type,datetime,geometry
2025-09-23 21:04:44 UTC,sensor03,218187713,32.47,46.07,2025-09-24 18:55:20+00:00,33.986947,-81.006667,86.6,8.4,0.0,254.81,11.0,3D,2025-09-24 14:55:20-04:00,POINT (-81.006667 33.986947)
2025-09-23 21:04:49 UTC,sensor03,218187713,32.66,46.62,2025-09-24 18:55:26+00:00,33.986833,-81.007215,86.5,7.58,-0.1,0.0,11.0,3D,2025-09-24 14:55:26-04:00,POINT (-81.007215 33.986833)
2025-09-23 21:04:54 UTC,sensor03,218187713,32.61,46.37,2025-09-24 18:55:31+00:00,33.986958,-81.007517,86.0,6.41,0.0,0.0,11.0,3D,2025-09-24 14:55:31-04:00,POINT (-81.007517 33.986958)
2025-09-23 21:05:00 UTC,sensor03,218187713,32.99,45.88,2025-09-24 18:55:36+00:00,33.987203,-81.00782,87.1,7.62,0.3,316.31,11.0,3D,2025-09-24 14:55:36-04:00,POINT (-81.00782 33.987203)
2025-09-23 21:05:05 UTC,sensor03,218187713,32.39,47.18,2025-09-24 18:55:40+00:00,33.9874,-81.008073,88.1,7.97,0.1,316.79,11.0,3D,2025-09-24 14:55:40-04:00,POINT (-81.008073 33.9874)
2025-09-23 21:05:10 UTC,sensor03,218187713,32.4,47.63,2025-09-24 18:55:44+00:00,33.98763,-81.008307,84.8,8.08,0.0,316.19,11.0,3D,2025-09-24 14:55:44-04:00,POINT (-81.008307 33.98763)
2025-09-23 21:05:15 UTC,sensor03,218187713,32.52,47.58,2025-09-24 18:55:51+00:00,33.987975,-81.008753,87.9,8.6,2.4,315.35,11.0,3D,2025-09-24 14:55:51-04:00,POINT (-81.008753 33.987975)
2025-09-23 21:05:20 UTC,sensor03,218187713,32.38,47.98,2025-09-24 18:55:56+00:00,33.988238,-81.009067,88.9,7.95,0.0,314.93,11.0,3D,2025-09-24 14:55:56-04:00,POINT (-81.009067 33.988238)
2025-09-23 21:05:25 UTC,sensor03,218187713,32.34,48.61,2025-09-24 18:56:01+00:00,33.98846,-81.00933,88.7,5.38,-0.5,313.73,11.0,3D,2025-09-24 14:56:01-04:00,POINT (-81.00933 33.98846)
2025-09-23 21:05:35 UTC,sensor03,218187713,32.62,46.84,2025-09-24 18:56:11+00:00,33.988628,-81.009505,85.8,3.45,-0.2,311.83,11.0,3D,2025-09-24 14:56:11-04:00,POINT (-81.009505 33.988628)
2025-09-23 21:05:40 UTC,sensor03,218187713,32.44,46.95,2025-09-24 18:56:16+00:00,33.988835,-81.00979,84.9,7.44,0.1,313.54,11.0,3D,2025-09-24 14:56:16-04:00,POINT (-81.00979 33.988835)
2025-09-23 21:05:45 UTC,sensor03,218187713,32.52,46.67,2025-09-24 18:56:22+00:00,33.98916,-81.010173,84.3,8.24,-0.1,0.0,11.0,3D,2025-09-24 14:56:22-04:00,POINT (-81.010173 33.98916)
2025-09-23 21:05:51 UTC,sensor03,218187713,32.72,47.11,2025-09-24 18:56:27+00:00,33.989452,-81.010497,83.8,9.38,-0.1,0.0,4.0,3D,2025-09-24 14:56:27-04:00,POINT (-81.010497 33.989452)
2025-09-23 21:05:56 UTC,sensor03,218187713,32.52,46.48,2025-09-24 18:56:32+00:00,33.989715,-81.0107,83.5,4.87,0.1,0.0,8.0,3D,2025-09-24 14:56:32-04:00,POINT (-81.0107 33.989715)
2025-09-23 21:06:01 UTC,sensor03,218187713,32.43,46.35,2025-09-24 18:56:37+00:00,33.98995,-81.010478,84.3,6.08,0.3,0.0,11.0,3D,2025-09-24 14:56:37-04:00,POINT (-81.010478 33.98995)
2025-09-23 21:06:06 UTC,sensor03,218187713,32.33,47.1,2025-09-24 18:56:42+00:00,33.990077,-81.01025,85.8,2.79,0.3,63.11,11.0,3D,2025-09-24 14:56:42-04:00,POINT (-81.01025 33.990077)
2025-09-23 21:06:21 UTC,sensor03,218187713,32.25,47.09,2025-09-24 18:56:57+00:00,33.990095,-81.010057,87.3,6.71,0.2,86.95,11.0,3D,2025-09-24 14:56:57-04:00,POINT (-81.010057 33.990095)
2025-09-23 21:06:26 UTC,sensor03,218187713,32.17,46.99,2025-09-24 18:57:02+00:00,33.990065,-81.009565,88.2,10.02,0.3,93.23,11.0,3D,2025-09-24 14:57:02-04:00,POINT (-81.009565 33.990065)
2025-09-23 21:06:31 UTC,sensor03,218187713,32.45,47.42,2025-09-24 18:57:07+00:00,33.990023,-81.008967,89.3,11.1,0.3,94.67,11.0,3D,2025-09-24 14:57:07-04:00,POINT (-81.008967 33.990023)
2025-09-23 21:06:36 UTC,sensor03,218187713,32.34,46.84,2025-09-24 18:57:12+00:00,33.989977,-81.008413,90.4,8.89,0.2,97.45,11.0,3D,2025-09-24 14:57:12-04:00,POINT (-81.008413 33.989977)
2025-09-23 21:06:41 UTC,sensor03,218187713,32.26,47.69,2025-09-24 18:57:17+00:00,33.990077,-81.0081,91.4,5.34,0.1,25.81,11.0,3D,2025-09-24 14:57:17-04:00,POINT (-81.0081 33.990077)
2025-09-23 21:06:46 UTC,sensor03,218187713,32.21,47.77,2025-09-24 18:57:22+00:00,33.990397,-81.008072,92.5,7.52,0.3,8.12,11.0,3D,2025-09-24 14:57:22-04:00,POINT (-81.008072 33.990397)
2025-09-23 21:06:51 UTC,sensor03,218187713,32.32,47.82,2025-09-24 18:57:28+00:00,33.990838,-81.008033,94.0,6.49,0.3,0.0,11.0,3D,2025-09-24 14:57:28-04:00,POINT (-81.008033 33.990838)
2025-09-23 21:06:56 UTC,sensor03,218187713,32.19,47.29,2025-09-24 18:57:33+00:00,33.990953,-81.008005,95.3,2.55,0.3,0.0,11.0,3D,2025-09-24 14:57:33-04:00,POINT (-81.008005 33.990953)
2025-09-23 21:07:02 UTC,sensor03,218187713,32.04,47.12,2025-09-24 18:57:38+00:00,33.99097,-81.007653,96.5,7.01,0.2,89.2,11.0,3D,2025-09-24 14:57:38-04:00,POINT (-81.007653 33.99097)
2025-09-23 21:07:07 UTC,sensor03,218187713,32.11,47.0,2025-09-24 18:57:40+00:00,33.990967,-81.00749,96.7,7.8,0.0,92.66,11.0,3D,2025-09-24 14:57:40-04:00,POINT (-81.00749 33.990967)
2025-09-23 21:07:12 UTC,sensor03,218187713,32.13,46.98,2025-09-24 18:57:48+00:00,33.990917,-81.006642,98.3,8.32,0.2,98.26,11.0,3D,2025-09-24 14:57:48-04:00,POINT (-81.006642 33.990917)
2025-09-23 21:07:17 UTC,sensor03,218187713,32.43,47.38,2025-09-24 18:57:53+00:00,33.990938,-81.006313,97.4,7.76,-0.1,89.72,11.0,3D,2025-09-24 14:57:53-04:00,POINT (-81.006313 33.990938)
2025-09-23 21:07:22 UTC,sensor03,218187713,32.48,47.22,2025-09-24 18:57:58+00:00,33.990902,-81.005737,97.3,11.46,-0.2,95.7,11.0,3D,2025-09-24 14:57:58-04:00,POINT (-81.005737 33.990902)
2025-09-23 21:07:27 UTC,sensor03,218187713,32.49,47.68,2025-09-24 18:58:03+00:00,33.990853,-81.005117,97.2,11.22,0.0,95.53,11.0,3D,2025-09-24 14:58:03-04:00,POINT (-81.005117 33.990853)
2025-09-23 21:07:32 UTC,sensor03,218187713,32.43,48.09,2025-09-24 18:58:08+00:00,33.990802,-81.004472,96.2,11.01,-0.1,96.78,11.0,3D,2025-09-24 14:58:08-04:00,POINT (-81.004472 33.990802)
2025-09-23 21:07:42 UTC,sensor03,218187713,32.24,48.44,2025-09-24 18:58:18+00:00,33.99077,-81.003945,95.5,8.96,0.0,92.02,11.0,3D,2025-09-24 14:58:18-04:00,POINT (-81.003945 33.99077)
2025-09-23 21:07:47 UTC,sensor03,218187713,31.95,49.48,2025-09-24 18:58:23+00:00,33.990728,-81.00337,94.9,10.52,-0.2,93.3,11.0,3D,2025-09-24 14:58:23-04:00,POINT (-81.00337 33.990728)
2025-09-23 21:07:52 UTC,sensor03,218187713,31.97,49.15,2025-09-24 18:58:28+00:00,33.990678,-81.002812,94.8,10.03,-0.1,94.54,11.0,3D,2025-09-24 14:58:28-04:00,POINT (-81.002812 33.990678)
2025-09-23 21:07:57 UTC,sensor03,218187713,31.99,48.47,2025-09-24 18:58:33+00:00,33.990672,-81.002272,92.6,9.41,-0.2,97.18,11.0,3D,2025-09-24 14:58:33-04:00,POINT (-81.002272 33.990672)
2025-09-23 21:08:02 UTC,sensor03,218187713,31.99,48.87,2025-09-24 18:58:39+00:00,33.990652,-81.001948,91.9,4.02,0.1,0.0,11.0,3D,2025-09-24 14:58:39-04:00,POINT (-81.001948 33.990652)
2025-09-23 21:08:07 UTC,sensor03,218187713,32.19,49.33,2025-09-24 18:58:44+00:00,33.990915,-81.001835,91.5,8.0,-0.1,0.0,11.0,3D,2025-09-24 14:58:44-04:00,POINT (-81.001835 33.990915)
2025-09-23 21:08:13 UTC,sensor03,218187713,32.21,48.7,2025-09-24 18:58:49+00:00,33.991312,-81.001813,91.5,9.25,0.0,7.35,11.0,3D,2025-09-24 14:58:49-04:00,POINT (-81.001813 33.991312)
2025-09-23 21:08:18 UTC,sensor03,218187713,32.5,48.24,2025-09-24 18:58:54+00:00,33.991617,-81.00179,91.8,2.87,0.0,353.59,11.0,3D,2025-09-24 14:58:54-04:00,POINT (-81.00179 33.991617)
2025-09-23 21:08:23 UTC,sensor03,218187713,32.58,47.91,2025-09-24 18:58:59+00:00,33.991792,-81.00178,91.9,6.52,0.1,11.04,11.0,3D,2025-09-24 14:58:59-04:00,POINT (-81.00178 33.991792)
2025-09-23 21:08:28 UTC,sensor03,218187713,32.69,47.89,2025-09-24 18:59:04+00:00,33.992258,-81.00174,91.9,10.6,-0.1,3.94,11.0,3D,2025-09-24 14:59:04-04:00,POINT (-81.00174 33.992258)
2025-09-23 21:08:33 UTC,sensor03,218187713,32.69,47.98,2025-09-24 18:59:09+00:00,33.992667,-81.001688,91.9,7.08,0.0,3.63,11.0,3D,2025-09-24 14:59:09-04:00,POINT (-81.001688 33.992667)
2025-09-23 21:08:38 UTC,sensor03,218187713,32.73,47.24,2025-09-24 18:59:14+00:00,33.992777,-81.001685,91.8,2.76,0.0,3.62,11.0,3D,2025-09-24 14:59:14-04:00,POINT (-81.001685 33.992777)
2025-09-23 21:08:43 UTC,sensor03,218187713,32.82,46.45,2025-09-24 18:59:19+00:00,33.993155,-81.001633,91.7,11.52,-0.2,5.41,11.0,3D,2025-09-24 14:59:19-04:00,POINT (-81.001633 33.993155)
2025-09-23 21:08:48 UTC,sensor03,218187713,32.81,45.83,2025-09-24 18:59:24+00:00,33.993703,-81.001582,91.7,10.88,0.1,3.83,11.0,3D,2025-09-24 14:59:24-04:00,POINT (-81.001582 33.993703)
2025-09-23 21:08:58 UTC,sensor03,218187713,32.83,45.68,2025-09-24 18:59:34+00:00,33.994035,-81.001748,91.0,7.17,0.0,279.84,11.0,3D,2025-09-24 14:59:34-04:00,POINT (-81.001748 33.994035)
2025-09-23 21:09:03 UTC,sensor03,218187713,32.57,45.71,2025-09-24 18:59:39+00:00,33.994075,-81.0022,91.1,8.92,0.0,275.08,11.0,3D,2025-09-24 14:59:39-04:00,POINT (-81.0022 33.994075)
2025-09-23 21:09:08 UTC,sensor03,218187713,32.52,45.87,2025-09-24 18:59:44+00:00,33.994098,-81.00269,91.1,8.83,0.0,273.27,11.0,3D,2025-09-24 14:59:44-04:00,POINT (-81.00269 33.994098)
2025-09-23 21:09:13 UTC,sensor03,218187713,32.38,46.17,2025-09-24 18:59:50+00:00,33.994132,-81.003305,91.2,9.9,0.0,0.0,11.0,3D,2025-09-24 14:59:50-04:00,POINT (-81.003305 33.994132)
2025-09-23 21:09:18 UTC,sensor03,218187713,32.49,46.33,2025-09-24 18:59:55+00:00,33.994153,-81.003863,91.9,10.33,0.2,0.0,11.0,3D,2025-09-24 14:59:55-04:00,POINT (-81.003863 33.994153)
2025-09-23 21:09:24 UTC,sensor03,218187713,32.46,45.76,2025-09-24 19:00:00+00:00,33.994187,-81.004413,93.2,9.78,0.3,275.54,11.0,3D,2025-09-24 15:00:00-04:00,POINT (-81.004413 33.994187)
2025-09-23 21:09:29 UTC,sensor03,218187713,32.34,46.05,2025-09-24 19:00:05+00:00,33.99422,-81.004967,95.1,10.05,0.2,273.98,11.0,3D,2025-09-24 15:00:05-04:00,POINT (-81.004967 33.99422)
2025-09-23 21:09:34 UTC,sensor03,218187713,32.25,47.63,2025-09-24 19:00:10+00:00,33.994252,-81.005507,95.3,9.51,0.2,271.46,11.0,3D,2025-09-24 15:00:10-04:00,POINT (-81.005507 33.994252)
2025-09-23 21:10:14 UTC,sensor03,218187713,33.31,45.37,2025-09-24 19:00:51+00:00,33.994218,-81.005888,97.3,5.47,0.1,0.0,12.0,3D,2025-09-24 15:00:51-04:00,POINT (-81.005888 33.994218)
2025-09-23 21:10:20 UTC,sensor03,218187713,33.18,45.42,2025-09-24 19:00:56+00:00,33.993888,-81.005993,97.5,9.51,0.1,186.51,11.0,3D,2025-09-24 15:00:56-04:00,POINT (-81.005993 33.993888)
2025-09-23 21:10:25 UTC,sensor03,218187713,33.1,45.77,2025-09-24 19:01:01+00:00,33.99345,-81.006047,97.6,9.07,0.0,183.5,11.0,3D,2025-09-24 15:01:01-04:00,POINT (-81.006047 33.99345)
2025-09-23 21:10:35 UTC,sensor03,218187713,32.81,45.24,2025-09-24 19:01:11+00:00,33.99321,-81.006292,98.5,6.14,0.2,269.68,11.0,3D,2025-09-24 15:01:11-04:00,POINT (-81.006292 33.99321)
2025-09-23 21:10:40 UTC,sensor03,218187713,32.73,45.85,2025-09-24 19:01:16+00:00,33.993243,-81.006793,99.0,9.86,0.1,274.59,11.0,3D,2025-09-24 15:01:16-04:00,POINT (-81.006793 33.993243)
2025-09-23 21:10:45 UTC,sensor03,218187713,32.65,45.88,2025-09-24 19:01:21+00:00,33.99329,-81.007287,98.5,8.49,0.0,275.47,11.0,3D,2025-09-24 15:01:21-04:00,POINT (-81.007287 33.99329)
2025-09-23 21:10:50 UTC,sensor03,218187713,32.93,46.2,2025-09-24 19:01:26+00:00,33.99332,-81.007607,97.8,2.5,-0.1,275.07,11.0,3D,2025-09-24 15:01:26-04:00,POINT (-81.007607 33.99332)
2025-09-23 21:10:55 UTC,sensor03,218187713,33.06,46.08,2025-09-24 19:01:31+00:00,33.993373,-81.007727,97.3,3.36,-0.2,325.42,11.0,3D,2025-09-24 15:01:31-04:00,POINT (-81.007727 33.993373)
2025-09-23 21:11:00 UTC,sensor03,218187713,32.81,46.12,2025-09-24 19:01:36+00:00,33.993718,-81.007708,95.9,8.38,-0.2,5.62,11.0,3D,2025-09-24 15:01:36-04:00,POINT (-81.007708 33.993718)
2025-09-23 21:11:05 UTC,sensor03,218187713,32.75,46.46,2025-09-24 19:01:41+00:00,33.994187,-81.007655,95.1,10.85,-0.1,3.53,11.0,3D,2025-09-24 15:01:41-04:00,POINT (-81.007655 33.994187)
2025-09-23 21:11:10 UTC,sensor03,218187713,33.26,45.47,2025-09-24 19:01:45+00:00,33.994598,-81.007613,94.6,10.84,-0.12,4.02,11.0,3D,2025-09-24 15:01:45-04:00,POINT (-81.007613 33.994598)
2025-09-23 21:11:15 UTC,sensor03,218187713,33.17,45.1,2025-09-24 19:01:52+00:00,33.995252,-81.007573,93.6,9.28,-0.2,0.0,11.0,3D,2025-09-24 15:01:52-04:00,POINT (-81.007573 33.995252)
2025-09-23 21:11:26 UTC,sensor03,218187713,33.54,44.65,2025-09-24 19:02:02+00:00,33.995683,-81.007493,92.1,10.65,-0.2,0.0,8.0,3D,2025-09-24 15:02:02-04:00,POINT (-81.007493 33.995683)
2025-09-23 21:11:31 UTC,sensor03,218187713,33.12,44.24,2025-09-24 19:02:07+00:00,33.996273,-81.007458,90.5,12.96,-0.3,0.0,11.0,3D,2025-09-24 15:02:07-04:00,POINT (-81.007458 33.996273)
2025-09-23 21:11:36 UTC,sensor03,218187713,33.13,45.02,2025-09-24 19:02:12+00:00,33.996758,-81.00742,89.6,9.48,-0.1,355.2,11.0,3D,2025-09-24 15:02:12-04:00,POINT (-81.00742 33.996758)
2025-09-23 21:11:46 UTC,sensor03,218187713,33.26,44.85,2025-09-24 19:02:22+00:00,33.996937,-81.007428,91.0,3.87,0.7,353.87,11.0,3D,2025-09-24 15:02:22-04:00,POINT (-81.007428 33.996937)
2025-09-23 21:11:51 UTC,sensor03,218187713,33.45,44.96,2025-09-24 19:02:27+00:00,33.997068,-81.007745,90.7,9.11,0.1,278.7,11.0,3D,2025-09-24 15:02:27-04:00,POINT (-81.007745 33.997068)
2025-09-23 21:11:56 UTC,sensor03,218187713,33.46,44.57,2025-09-24 19:02:32+00:00,33.997077,-81.008318,90.8,10.62,-0.1,275.62,11.0,3D,2025-09-24 15:02:32-04:00,POINT (-81.008318 33.997077)
2025-09-23 21:12:01 UTC,sensor03,218187713,33.5,45.1,2025-09-24 19:02:37+00:00,33.99708,-81.008732,88.9,5.21,-0.2,273.04,11.0,3D,2025-09-24 15:02:37-04:00,POINT (-81.008732 33.99708)
2025-09-23 21:12:16 UTC,sensor03,218187713,33.53,44.72,2025-09-24 19:02:52+00:00,33.997088,-81.009023,87.3,4.09,0.0,275.8,11.0,3D,2025-09-24 15:02:52-04:00,POINT (-81.009023 33.997088)
2025-09-23 21:12:21 UTC,sensor03,218187713,33.38,45.09,2025-09-24 19:02:58+00:00,33.997128,-81.009678,86.2,14.03,-0.2,0.0,11.0,3D,2025-09-24 15:02:58-04:00,POINT (-81.009678 33.997128)
2025-09-23 21:12:26 UTC,sensor03,218187713,33.6,45.97,2025-09-24 19:03:03+00:00,33.997188,-81.010412,84.9,12.06,0.0,0.0,11.0,3D,2025-09-24 15:03:03-04:00,POINT (-81.010412 33.997188)
2025-09-23 21:12:32 UTC,sensor03,218187713,33.45,45.83,2025-09-24 19:03:08+00:00,33.99727,-81.010812,83.9,5.33,-0.1,303.81,11.0,3D,2025-09-24 15:03:08-04:00,POINT (-81.010812 33.99727)
2025-09-23 21:12:37 UTC,sensor03,218187713,33.19,46.78,2025-09-24 19:03:13+00:00,33.997602,-81.01081,83.6,7.44,0.0,1.18,11.0,3D,2025-09-24 15:03:13-04:00,POINT (-81.01081 33.997602)
2025-09-23 21:12:42 UTC,sensor03,218187713,33.29,45.98,2025-09-24 19:03:18+00:00,33.997935,-81.010802,84.9,7.86,0.6,3.35,11.0,3D,2025-09-24 15:03:18-04:00,POINT (-81.010802 33.997935)
2025-09-23 21:12:47 UTC,sensor03,218187713,33.36,45.14,2025-09-24 19:03:23+00:00,33.9983,-81.010762,87.0,7.51,0.1,4.93,11.0,3D,2025-09-24 15:03:23-04:00,POINT (-81.010762 33.9983)
2025-09-23 21:13:12 UTC,sensor03,218187713,34.44,43.32,2025-09-24 19:03:46+00:00,33.998492,-81.010743,88.7,4.1,0.2,342.69,11.0,3D,2025-09-24 15:03:46-04:00,POINT (-81.010743 33.998492)
2025-09-23 21:13:17 UTC,sensor03,218187713,34.14,42.88,2025-09-24 19:03:53+00:00,33.998638,-81.011333,89.6,10.26,0.2,275.8,11.0,3D,2025-09-24 15:03:53-04:00,POINT (-81.011333 33.998638)
2025-09-23 21:13:22 UTC,sensor03,218187713,33.49,43.53,2025-09-24 19:03:58+00:00,33.998693,-81.011973,90.0,12.69,0.1,274.77,11.0,3D,2025-09-24 15:03:58-04:00,POINT (-81.011973 33.998693)
2025-09-23 21:13:27 UTC,sensor03,218187713,33.28,44.86,2025-09-24 19:04:03+00:00,33.998748,-81.012675,90.0,12.87,-0.1,274.62,11.0,3D,2025-09-24 15:04:03-04:00,POINT (-81.012675 33.998748)
2025-09-23 21:13:32 UTC,sensor03,218187713,33.68,44.82,2025-09-24 19:04:09+00:00,33.998807,-81.01354,87.3,13.44,-0.3,0.0,11.0,3D,2025-09-24 15:04:09-04:00,POINT (-81.01354 33.998807)
2025-09-23 21:13:37 UTC,sensor03,218187713,33.6,43.88,2025-09-24 19:04:14+00:00,33.998863,-81.014273,84.5,13.58,-0.5,0.0,11.0,3D,2025-09-24 15:04:14-04:00,POINT (-81.014273 33.998863)
2025-09-23 21:13:43 UTC,sensor03,218187713,33.23,43.95,2025-09-24 19:04:19+00:00,33.998902,-81.014895,80.6,9.14,-1.0,275.22,11.0,3D,2025-09-24 15:04:19-04:00,POINT (-81.014895 33.998902)
2025-09-23 21:13:48 UTC,sensor03,218187713,33.69,44.4,2025-09-24 19:04:24+00:00,33.99896,-81.015347,75.3,9.24,-1.0,275.6,11.0,3D,2025-09-24 15:04:24-04:00,POINT (-81.015347 33.99896)
2025-09-23 21:13:53 UTC,sensor03,218187713,34.05,43.22,2025-09-24 19:04:29+00:00,33.998995,-81.015823,72.0,7.13,-0.4,277.48,11.0,3D,2025-09-24 15:04:29-04:00,POINT (-81.015823 33.998995)
2025-09-23 21:13:58 UTC,sensor03,218187713,33.99,43.03,2025-09-24 19:04:34+00:00,33.999248,-81.01607,70.2,9.39,0.1,340.24,11.0,3D,2025-09-24 15:04:34-04:00,POINT (-81.01607 33.999248)
2025-09-23 21:14:03 UTC,sensor03,218187713,33.87,42.95,2025-09-24 19:04:39+00:00,33.999697,-81.016258,70.8,10.48,0.1,339.88,11.0,3D,2025-09-24 15:04:39-04:00,POINT (-81.016258 33.999697)
2025-09-23 21:14:08 UTC,sensor03,218187713,33.99,42.54,2025-09-24 19:04:44+00:00,34.000172,-81.016462,71.4,11.4,0.1,341.67,11.0,3D,2025-09-24 15:04:44-04:00,POINT (-81.016462 34.000172)
2025-09-23 21:14:13 UTC,sensor03,218187713,33.92,42.1,2025-09-24 19:04:49+00:00,34.000687,-81.016688,71.5,12.52,0.3,337.58,11.0,3D,2025-09-24 15:04:49-04:00,POINT (-81.016688 34.000687)
2025-09-23 21:14:18 UTC,sensor03,218187713,34.09,42.49,2025-09-24 19:04:54+00:00,34.001163,-81.016932,72.2,10.38,0.1,334.39,11.0,3D,2025-09-24 15:04:54-04:00,POINT (-81.016932 34.001163)
2025-09-23 21:14:23 UTC,sensor03,218187713,34.11,42.59,2025-09-24 19:04:59+00:00,34.001485,-81.017075,71.2,4.65,-0.4,340.62,11.0,3D,2025-09-24 15:04:59-04:00,POINT (-81.017075 34.001485)
2025-09-23 21:14:28 UTC,sensor03,218187713,34.15,42.91,2025-09-24 19:05:04+00:00,34.001588,-81.017147,71.1,4.34,0.1,307.03,11.0,3D,2025-09-24 15:05:04-04:00,POINT (-81.017147 34.001588)
2025-09-23 21:14:33 UTC,sensor03,218187713,33.7,43.4,2025-09-24 19:05:09+00:00,34.001557,-81.01763,74.7,11.29,0.3,249.99,11.0,3D,2025-09-24 15:05:09-04:00,POINT (-81.01763 34.001557)
2025-09-23 21:14:38 UTC,sensor03,218187713,33.81,43.54,2025-09-24 19:05:14+00:00,34.001395,-81.018125,76.8,7.67,0.4,249.09,11.0,3D,2025-09-24 15:05:14-04:00,POINT (-81.018125 34.001395)
2025-09-23 21:14:43 UTC,sensor03,218187713,33.7,43.41,2025-09-24 19:05:20+00:00,34.001258,-81.01842,83.5,3.33,1.0,0.0,11.0,3D,2025-09-24 15:05:20-04:00,POINT (-81.01842 34.001258)
2025-09-23 21:14:48 UTC,sensor03,218187713,33.76,44.23,2025-09-24 19:05:25+00:00,34.001092,-81.018457,85.4,5.2,0.5,0.0,11.0,3D,2025-09-24 15:05:25-04:00,POINT (-81.018457 34.001092)
2025-09-23 21:14:54 UTC,sensor03,218187713,33.69,44.4,2025-09-24 19:05:30+00:00,34.000843,-81.01843,87.2,6.06,0.3,181.83,11.0,3D,2025-09-24 15:05:30-04:00,POINT (-81.01843 34.000843)
2025-09-23 21:14:59 UTC,sensor03,218187713,33.51,44.3,2025-09-24 19:05:35+00:00,34.000578,-81.018453,88.3,5.61,0.2,182.54,11.0,3D,2025-09-24 15:05:35-04:00,POINT (-81.018453 34.000578)
2025-09-23 21:15:04 UTC,sensor03,218187713,33.63,45.39,2025-09-24 19:05:40+00:00,34.000342,-81.018482,89.4,4.43,0.2,188.1,11.0,3D,2025-09-24 15:05:40-04:00,POINT (-81.018482 34.000342)
2025-09-23 21:15:19 UTC,sensor03,218187713,33.46,44.15,2025-09-24 19:05:55+00:00,34.000117,-81.018507,92.2,5.28,0.2,178.26,11.0,3D,2025-09-24 15:05:55-04:00,POINT (-81.018507 34.000117)
2025-09-23 21:15:24 UTC,sensor03,218187713,33.52,44.85,2025-09-24 19:06:00+00:00,33.999895,-81.018493,92.5,3.7,0.0,176.2,11.0,3D,2025-09-24 15:06:00-04:00,POINT (-81.018493 33.999895)
2025-09-23 21:15:34 UTC,sensor03,218187713,33.6,44.79,2025-09-24 19:06:10+00:00,33.999818,-81.018212,92.6,8.4,-0.1,79.45,11.0,3D,2025-09-24 15:06:10-04:00,POINT (-81.018212 33.999818)
2025-09-23 21:15:39 UTC,sensor03,218187713,33.4,45.0,2025-09-24 19:06:15+00:00,33.999972,-81.017672,92.1,10.62,-0.2,69.96,11.0,3D,2025-09-24 15:06:15-04:00,POINT (-81.017672 33.999972)
2025-09-23 21:15:44 UTC,sensor03,218187713,33.34,44.66,2025-09-24 19:06:20+00:00,34.000197,-81.017142,91.3,10.07,-0.2,74.92,11.0,3D,2025-09-24 15:06:20-04:00,POINT (-81.017142 34.000197)
2025-09-23 21:16:54 UTC,sensor03,218187713,33.73,43.92,2025-09-24 19:07:31+00:00,33.99997,-81.016585,88.5,9.57,-0.1,0.0,11.0,3D,2025-09-24 15:07:31-04:00,POINT (-81.016585 33.99997)
2025-09-23 21:17:00 UTC,sensor03,218187713,33.19,44.04,2025-09-24 19:07:36+00:00,33.999492,-81.016363,87.3,11.1,-0.2,0.0,11.0,3D,2025-09-24 15:07:36-04:00,POINT (-81.016363 33.999492)
2025-09-23 21:17:05 UTC,sensor03,218187713,33.49,44.45,2025-09-24 19:07:41+00:00,33.99907,-81.016133,86.2,7.46,-0.1,157.29,11.0,3D,2025-09-24 15:07:41-04:00,POINT (-81.016133 33.99907)
2025-09-23 21:17:10 UTC,sensor03,218187713,33.51,43.56,2025-09-24 19:07:46+00:00,33.998613,-81.015962,84.7,12.95,-0.3,160.87,11.0,3D,2025-09-24 15:07:46-04:00,POINT (-81.015962 33.998613)
2025-09-23 21:17:15 UTC,sensor03,218187713,33.89,43.71,2025-09-24 19:07:51+00:00,33.998065,-81.015707,83.5,11.99,-0.2,159.17,11.0,3D,2025-09-24 15:07:51-04:00,POINT (-81.015707 33.998065)
2025-09-23 21:17:20 UTC,sensor03,218187713,34.22,42.91,2025-09-24 19:07:56+00:00,33.997662,-81.015478,82.5,6.29,-0.2,156.49,11.0,3D,2025-09-24 15:07:56-04:00,POINT (-81.015478 33.997662)
2025-09-23 21:18:15 UTC,sensor03,218187713,33.57,43.15,2025-09-24 19:08:51+00:00,33.99752,-81.015362,77.3,3.54,-0.3,145.69,11.0,3D,2025-09-24 15:08:51-04:00,POINT (-81.015362 33.99752)
2025-09-23 21:18:20 UTC,sensor03,218187713,33.56,43.66,2025-09-24 19:08:56+00:00,33.997393,-81.015042,76.4,8.9,-0.2,96.11,11.0,3D,2025-09-24 15:08:56-04:00,POINT (-81.015042 33.997393)
2025-09-23 21:18:25 UTC,sensor03,218187713,33.19,44.0,2025-09-24 19:09:02+00:00,33.997368,-81.014407,76.1,9.27,0.0,0.0,11.0,3D,2025-09-24 15:09:02-04:00,POINT (-81.014407 33.997368)
2025-09-23 21:18:30 UTC,sensor03,218187713,33.19,44.35,2025-09-24 19:09:07+00:00,33.99743,-81.014163,76.2,4.14,-0.1,0.0,11.0,3D,2025-09-24 15:09:07-04:00,POINT (-81.014163 33.99743)
2025-09-23 21:18:35 UTC,sensor03,218187713,33.12,44.59,2025-09-24 19:09:12+00:00,33.997713,-81.01407,76.7,7.25,0.1,0.0,11.0,3D,2025-09-24 15:09:12-04:00,POINT (-81.01407 33.997713)
2025-09-23 21:18:46 UTC,sensor03,218187713,33.64,44.61,2025-09-24 19:09:22+00:00,33.998088,-81.01404,79.0,7.4,0.2,0.0,4.0,3D,2025-09-24 15:09:22-04:00,POINT (-81.01404 33.998088)
2025-09-23 21:18:51 UTC,sensor03,218187713,33.42,44.14,2025-09-24 19:09:27+00:00,33.998483,-81.014005,80.3,8.72,0.2,0.0,8.0,3D,2025-09-24 15:09:27-04:00,POINT (-81.014005 33.998483)
2025-09-23 21:19:26 UTC,sensor03,218187713,34.38,42.08,2025-09-24 19:10:02+00:00,33.998787,-81.014053,81.1,7.12,0.0,307.5,11.0,3D,2025-09-24 15:10:02-04:00,POINT (-81.014053 33.998787)
2025-09-23 21:19:31 UTC,sensor03,218187713,34.39,42.4,2025-09-24 19:10:07+00:00,33.998898,-81.014605,80.8,11.72,-0.1,275.79,11.0,3D,2025-09-24 15:10:07-04:00,POINT (-81.014605 33.998898)
2025-09-23 21:19:36 UTC,sensor03,218187713,33.97,43.38,2025-09-24 19:10:12+00:00,33.998928,-81.015123,79.2,6.21,-0.3,274.64,11.0,3D,2025-09-24 15:10:12-04:00,POINT (-81.015123 33.998928)
2025-09-23 21:19:46 UTC,sensor03,218187713,34.32,42.68,2025-09-24 19:10:22+00:00,33.99894,-81.015357,78.0,6.86,-0.2,272.59,11.0,3D,2025-09-24 15:10:22-04:00,POINT (-81.015357 33.99894)
2025-09-23 21:19:51 UTC,sensor03,218187713,34.8,42.04,2025-09-24 19:10:27+00:00,33.998942,-81.015875,77.9,9.8,0.8,261.23,12.0,3D,2025-09-24 15:10:27-04:00,POINT (-81.015875 33.998942)
2025-09-23 21:19:56 UTC,sensor03,218187713,34.89,41.78,2025-09-24 19:10:32+00:00,33.998812,-81.016367,78.0,9.16,-0.1,249.28,12.0,3D,2025-09-24 15:10:32-04:00,POINT (-81.016367 33.998812)
2025-09-23 21:20:01 UTC,sensor03,218187713,34.53,41.52,2025-09-24 19:10:37+00:00,33.998658,-81.016875,76.8,9.59,-0.4,249.55,12.0,3D,2025-09-24 15:10:37-04:00,POINT (-81.016875 33.998658)
2025-09-23 21:20:06 UTC,sensor03,218187713,34.12,42.25,2025-09-24 19:10:42+00:00,33.998532,-81.017305,75.7,5.36,-0.4,257.24,12.0,3D,2025-09-24 15:10:42-04:00,POINT (-81.017305 33.998532)
2025-09-23 21:20:11 UTC,sensor03,218187713,33.77,42.79,2025-09-24 19:10:47+00:00,33.99866,-81.017372,73.5,4.87,-0.4,13.81,12.0,3D,2025-09-24 15:10:47-04:00,POINT (-81.017372 33.99866)
2025-09-23 21:20:16 UTC,sensor03,218187713,33.69,43.64,2025-09-24 19:10:53+00:00,33.999003,-81.017202,72.6,6.87,-0.1,0.0,12.0,3D,2025-09-24 15:10:53-04:00,POINT (-81.017202 33.999003)
2025-09-23 21:20:21 UTC,sensor03,218187713,33.8,43.5,2025-09-24 19:10:58+00:00,33.99929,-81.017053,72.0,6.77,0.0,0.0,12.0,3D,2025-09-24 15:10:58-04:00,POINT (-81.017053 33.99929)
2025-09-23 21:20:27 UTC,sensor03,218187713,33.52,43.45,2025-09-24 19:11:03+00:00,33.999545,-81.016925,73.0,4.7,0.5,0.0,12.0,3D,2025-09-24 15:11:03-04:00,POINT (-81.016925 33.999545)
2025-09-23 21:20:37 UTC,sensor03,218187713,33.23,43.99,2025-09-24 19:11:13+00:00,33.99984,-81.016907,75.6,4.03,0.3,330.48,12.0,3D,2025-09-24 15:11:13-04:00,POINT (-81.016907 33.99984)
2025-09-23 21:21:37 UTC,sensor03,218187713,34.98,40.9,2025-09-24 19:12:13+00:00,34.000047,-81.016965,81.3,2.31,0.1,9.42,12.0,3D,2025-09-24 15:12:13-04:00,POINT (-81.016965 34.000047)
2025-09-23 21:22:53 UTC,sensor03,218187713,34.71,42.7,2025-09-24 19:13:29+00:00,34.000217,-81.016735,81.7,4.86,-0.1,68.78,12.0,3D,2025-09-24 15:13:29-04:00,POINT (-81.016735 34.000217)
2025-09-23 21:22:58 UTC,sensor03,218187713,34.32,42.49,2025-09-24 19:13:34+00:00,34.00031,-81.016462,81.2,6.23,-0.2,66.03,12.0,3D,2025-09-24 15:13:34-04:00,POINT (-81.016462 34.00031)
2025-09-23 21:23:03 UTC,sensor03,218187713,34.16,42.36,2025-09-24 19:13:39+00:00,34.00043,-81.016102,80.7,7.09,-0.1,68.01,12.0,3D,2025-09-24 15:13:39-04:00,POINT (-81.016102 34.00043)
2025-09-23 21:23:08 UTC,sensor03,218187713,34.17,42.63,2025-09-24 19:13:43+00:00,34.000545,-81.015802,80.2,7.92,-0.1,64.89,12.0,3D,2025-09-24 15:13:43-04:00,POINT (-81.015802 34.000545)
2025-09-23 21:23:13 UTC,sensor03,218187713,33.83,42.74,2025-09-24 19:13:47+00:00,34.00065,-81.01551,79.1,7.34,-0.28,0.0,8.0,3D,2025-09-24 15:13:47-04:00,POINT (-81.01551 34.00065)
2025-09-23 21:23:18 UTC,sensor03,218187713,33.52,43.48,2025-09-24 19:13:54+00:00,34.001043,-81.015092,79.5,10.56,0.1,33.03,12.0,3D,2025-09-24 15:13:54-04:00,POINT (-81.015092 34.001043)
2025-09-23 21:23:23 UTC,sensor03,218187713,33.32,44.45,2025-09-24 19:13:59+00:00,34.001458,-81.01478,79.5,11.12,0.0,31.38,12.0,3D,2025-09-24 15:13:59-04:00,POINT (-81.01478 34.001458)
2025-09-23 21:23:28 UTC,sensor03,218187713,33.29,44.47,2025-09-24 19:14:04+00:00,34.001893,-81.014452,79.9,11.01,0.2,37.65,12.0,3D,2025-09-24 15:14:04-04:00,POINT (-81.014452 34.001893)
2025-09-23 21:23:33 UTC,sensor03,218187713,33.1,44.43,2025-09-24 19:14:09+00:00,34.002185,-81.014098,82.0,7.01,0.5,50.22,12.0,3D,2025-09-24 15:14:09-04:00,POINT (-81.014098 34.002185)
2025-09-23 21:23:38 UTC,sensor03,218187713,32.81,44.55,2025-09-24 19:14:14+00:00,34.00236,-81.013907,83.8,7.92,0.2,47.33,12.0,3D,2025-09-24 15:14:14-04:00,POINT (-81.013907 34.00236)
2025-09-23 21:23:43 UTC,sensor03,218187713,32.79,44.9,2025-09-24 19:14:19+00:00,34.002625,-81.013532,85.6,9.86,0.4,50.05,12.0,3D,2025-09-24 15:14:19-04:00,POINT (-81.013532 34.002625)
2025-09-23 21:23:48 UTC,sensor03,218187713,32.87,45.51,2025-09-24 19:14:24+00:00,34.002892,-81.013022,86.0,11.35,-0.1,61.14,12.0,3D,2025-09-24 15:14:24-04:00,POINT (-81.013022 34.002892)
2025-09-23 21:23:53 UTC,sensor03,218187713,32.74,45.75,2025-09-24 19:14:30+00:00,34.003178,-81.012478,86.8,8.82,-0.1,0.0,12.0,3D,2025-09-24 15:14:30-04:00,POINT (-81.012478 34.003178)
2025-09-23 21:23:59 UTC,sensor03,218187713,32.98,45.66,2025-09-24 19:14:35+00:00,34.0033,-81.012212,88.0,3.09,0.2,71.12,12.0,3D,2025-09-24 15:14:35-04:00,POINT (-81.012212 34.0033)
2025-09-23 21:24:04 UTC,sensor03,218187713,33.0,45.12,2025-09-24 19:14:40+00:00,34.00316,-81.01211,88.8,6.5,0.1,164.67,12.0,3D,2025-09-24 15:14:40-04:00,POINT (-81.01211 34.00316)
2025-09-23 21:24:09 UTC,sensor03,218187713,32.91,45.03,2025-09-24 19:14:45+00:00,34.002767,-81.011997,89.5,9.16,0.2,165.95,12.0,3D,2025-09-24 15:14:45-04:00,POINT (-81.011997 34.002767)
2025-09-23 21:24:14 UTC,sensor03,218187713,32.88,45.24,2025-09-24 19:14:50+00:00,34.002412,-81.011938,89.8,3.9,0.0,177.07,12.0,3D,2025-09-24 15:14:50-04:00,POINT (-81.011938 34.002412)
2025-09-23 21:24:19 UTC,sensor03,218187713,32.94,45.62,2025-09-24 19:14:55+00:00,34.002308,-81.011958,89.9,4.54,0.1,199.0,12.0,3D,2025-09-24 15:14:55-04:00,POINT (-81.011958 34.002308)
2025-09-23 21:24:24 UTC,sensor03,218187713,32.98,46.14,2025-09-24 19:15:00+00:00,34.00213,-81.012113,90.5,3.53,0.2,222.34,12.0,3D,2025-09-24 15:15:00-04:00,POINT (-81.012113 34.00213)
2025-09-23 21:24:29 UTC,sensor03,218187713,32.82,44.84,2025-09-24 19:15:05+00:00,34.001992,-81.012288,91.1,6.79,0.2,223.25,12.0,3D,2025-09-24 15:15:05-04:00,POINT (-81.012288 34.001992)
2025-09-23 21:24:34 UTC,sensor03,218187713,32.77,44.89,2025-09-24 19:15:10+00:00,34.00176,-81.01255,91.8,6.87,0.0,222.63,12.0,3D,2025-09-24 15:15:10-04:00,POINT (-81.01255 34.00176)
2025-09-23 21:24:39 UTC,sensor03,218187713,32.77,45.09,2025-09-24 19:15:15+00:00,34.001563,-81.01254,90.9,4.62,0.0,124.15,12.0,3D,2025-09-24 15:15:15-04:00,POINT (-81.01254 34.001563)
2025-09-23 21:24:44 UTC,sensor03,218187713,32.92,45.01,2025-09-24 19:15:20+00:00,34.001547,-81.01228,91.0,2.79,0.1,87.44,12.0,3D,2025-09-24 15:15:20-04:00,POINT (-81.01228 34.001547)
2025-09-23 21:24:49 UTC,sensor03,218187713,32.93,44.81,2025-09-24 19:15:25+00:00,34.001548,-81.012192,91.0,4.66,0.1,89.41,12.0,3D,2025-09-24 15:15:25-04:00,POINT (-81.012192 34.001548)
2025-09-23 21:24:54 UTC,sensor03,218187713,32.77,45.17,2025-09-24 19:15:30+00:00,34.001522,-81.01174,91.0,9.37,0.0,93.65,12.0,3D,2025-09-24 15:15:30-04:00,POINT (-81.01174 34.001522)
2025-09-23 21:24:59 UTC,sensor03,218187713,32.93,45.37,2025-09-24 19:15:35+00:00,34.001485,-81.01114,91.7,10.74,0.2,92.81,12.0,3D,2025-09-24 15:15:35-04:00,POINT (-81.01114 34.001485)
2025-09-23 21:25:04 UTC,sensor03,218187713,32.86,45.66,2025-09-24 19:15:40+00:00,34.001447,-81.010573,92.3,10.17,0.0,93.81,12.0,3D,2025-09-24 15:15:40-04:00,POINT (-81.010573 34.001447)
2025-09-23 21:25:09 UTC,sensor03,218187713,32.99,45.49,2025-09-24 19:15:43+00:00,34.00143,-81.010183,90.2,11.65,-0.1,94.04,12.0,3D,2025-09-24 15:15:43-04:00,POINT (-81.010183 34.00143)
2025-09-23 21:25:14 UTC,sensor03,218187713,32.65,45.79,2025-09-24 19:15:48+00:00,34.001387,-81.00954,89.0,11.3,0.0,95.62,12.0,3D,2025-09-24 15:15:48-04:00,POINT (-81.00954 34.001387)
2025-09-23 21:25:19 UTC,sensor03,218187713,32.74,45.72,2025-09-24 19:15:55+00:00,34.001353,-81.008827,88.6,6.52,-0.2,82.54,12.0,3D,2025-09-24 15:15:55-04:00,POINT (-81.008827 34.001353)
2025-09-23 21:25:24 UTC,sensor03,218187713,33.2,46.85,2025-09-24 19:16:00+00:00,34.001627,-81.008697,88.6,8.78,0.1,6.16,12.0,3D,2025-09-24 15:16:00-04:00,POINT (-81.008697 34.001627)
2025-09-23 21:25:29 UTC,sensor03,218187713,33.16,44.81,2025-09-24 19:16:06+00:00,34.002127,-81.008643,89.5,9.47,0.2,0.0,12.0,3D,2025-09-24 15:16:06-04:00,POINT (-81.008643 34.002127)
2025-09-23 21:25:34 UTC,sensor03,218187713,33.12,45.16,2025-09-24 19:16:11+00:00,34.002553,-81.008587,90.5,9.16,0.3,0.0,12.0,3D,2025-09-24 15:16:11-04:00,POINT (-81.008587 34.002553)
2025-09-23 21:25:40 UTC,sensor03,218187713,33.05,44.71,2025-09-24 19:16:16+00:00,34.00272,-81.008532,90.4,3.08,0.0,0.0,12.0,3D,2025-09-24 15:16:16-04:00,POINT (-81.008532 34.00272)
2025-09-23 21:25:45 UTC,sensor03,218187713,33.11,44.89,2025-09-24 19:16:21+00:00,34.002737,-81.008208,90.8,7.56,0.1,91.96,12.0,3D,2025-09-24 15:16:21-04:00,POINT (-81.008208 34.002737)
2025-09-23 21:25:50 UTC,sensor03,218187713,33.08,44.99,2025-09-24 19:16:26+00:00,34.002705,-81.007718,92.3,10.17,0.2,93.83,12.0,3D,2025-09-24 15:16:26-04:00,POINT (-81.007718 34.002705)
2025-09-23 21:25:55 UTC,sensor03,218187713,32.69,45.11,2025-09-24 19:16:31+00:00,34.002653,-81.007172,93.8,8.13,0.3,97.2,12.0,3D,2025-09-24 15:16:31-04:00,POINT (-81.007172 34.002653)
2025-09-23 21:26:00 UTC,sensor03,218187713,32.75,45.01,2025-09-24 19:16:36+00:00,34.002637,-81.00696,94.6,4.19,0.1,92.85,12.0,3D,2025-09-24 15:16:36-04:00,POINT (-81.00696 34.002637)
2025-09-23 21:26:05 UTC,sensor03,218187713,32.73,45.49,2025-09-24 19:16:41+00:00,34.002613,-81.00651,95.9,10.94,0.3,95.46,12.0,3D,2025-09-24 15:16:41-04:00,POINT (-81.00651 34.002613)
2025-09-23 21:26:10 UTC,sensor03,218187713,32.5,45.41,2025-09-24 19:16:46+00:00,34.00257,-81.005848,97.5,12.48,0.2,93.87,12.0,3D,2025-09-24 15:16:46-04:00,POINT (-81.005848 34.00257)
2025-09-23 21:26:15 UTC,sensor03,218187713,32.64,45.72,2025-09-24 19:16:51+00:00,34.002513,-81.005342,99.0,7.63,0.7,94.9,12.0,3D,2025-09-24 15:16:51-04:00,POINT (-81.005342 34.002513)
2025-09-23 21:26:35 UTC,sensor03,218187713,33.07,44.46,2025-09-24 19:17:11+00:00,34.002498,-81.005248,99.4,4.82,0.1,98.81,12.0,3D,2025-09-24 15:17:11-04:00,POINT (-81.005248 34.002498)
2025-09-23 21:26:40 UTC,sensor03,218187713,32.83,44.62,2025-09-24 19:17:16+00:00,34.002472,-81.004797,100.7,10.03,0.3,95.71,12.0,3D,2025-09-24 15:17:16-04:00,POINT (-81.004797 34.002472)
2025-09-23 21:26:45 UTC,sensor03,218187713,32.8,45.82,2025-09-24 19:17:21+00:00,34.002438,-81.004137,102.5,12.05,0.4,95.12,12.0,3D,2025-09-24 15:17:21-04:00,POINT (-81.004137 34.002438)
2025-09-23 21:26:50 UTC,sensor03,218187713,32.83,45.55,2025-09-24 19:17:26+00:00,34.002382,-81.003512,105.1,11.21,0.6,96.31,12.0,3D,2025-09-24 15:17:26-04:00,POINT (-81.003512 34.002382)
2025-09-23 21:26:55 UTC,sensor03,218187713,32.7,45.57,2025-09-24 19:17:31+00:00,34.002335,-81.003062,107.8,5.96,0.5,96.9,12.0,3D,2025-09-24 15:17:31-04:00,POINT (-81.003062 34.002335)
2025-09-23 21:27:00 UTC,sensor03,218187713,32.8,45.69,2025-09-24 19:17:36+00:00,34.002252,-81.002983,110.0,5.05,0.4,171.47,12.0,3D,2025-09-24 15:17:36-04:00,POINT (-81.002983 34.002252)
2025-09-23 21:27:05 UTC,sensor03,218187713,33.12,45.53,2025-09-24 19:17:41+00:00,34.001863,-81.002997,111.9,10.71,0.4,182.82,12.0,3D,2025-09-24 15:17:41-04:00,POINT (-81.002997 34.001863)
2025-09-23 21:27:10 UTC,sensor03,218187713,32.98,45.02,2025-09-24 19:17:47+00:00,34.001298,-81.003122,112.9,10.19,0.0,0.0,12.0,3D,2025-09-24 15:17:47-04:00,POINT (-81.003122 34.001298)
2025-09-23 21:27:15 UTC,sensor03,218187713,32.81,44.9,2025-09-24 19:17:52+00:00,34.001075,-81.003157,113.5,2.59,0.1,0.0,4.0,3D,2025-09-24 15:17:52-04:00,POINT (-81.003157 34.001075)
2025-09-23 21:27:21 UTC,sensor03,218187713,32.76,45.6,2025-09-24 19:17:57+00:00,34.000772,-81.003197,114.1,10.36,0.2,0.0,4.0,3D,2025-09-24 15:17:57-04:00,POINT (-81.003197 34.000772)
2025-09-23 21:27:26 UTC,sensor03,218187713,33.28,45.34,2025-09-24 19:18:02+00:00,34.000225,-81.003233,114.6,12.43,0.0,0.0,4.0,3D,2025-09-24 15:18:02-04:00,POINT (-81.003233 34.000225)
2025-09-23 21:27:31 UTC,sensor03,218187713,33.36,45.29,2025-09-24 19:18:07+00:00,33.999693,-81.003287,114.1,10.21,-0.2,0.0,4.0,3D,2025-09-24 15:18:07-04:00,POINT (-81.003287 33.999693)
2025-09-23 21:27:36 UTC,sensor03,218187713,33.49,44.47,2025-09-24 19:18:12+00:00,33.99938,-81.003337,113.9,5.01,0.0,0.0,8.0,3D,2025-09-24 15:18:12-04:00,POINT (-81.003337 33.99938)
2025-09-23 21:31:43 UTC,sensor03,218187713,33.14,44.01,2025-09-24 19:22:19+00:00,33.999,-81.003278,114.6,8.38,0.1,184.72,13.0,3D,2025-09-24 15:22:19-04:00,POINT (-81.003278 33.999)
2025-09-23 21:31:48 UTC,sensor03,218187713,32.93,44.4,2025-09-24 19:22:24+00:00,33.998558,-81.003337,114.9,10.1,0.0,187.53,13.0,3D,2025-09-24 15:22:24-04:00,POINT (-81.003337 33.998558)
2025-09-23 21:32:33 UTC,sensor03,218187713,34.5,41.78,2025-09-24 19:23:09+00:00,33.998228,-81.00336,116.8,2.35,0.0,196.73,13.0,3D,2025-09-24 15:23:09-04:00,POINT (-81.00336 33.998228)
2025-09-23 21:32:38 UTC,sensor03,218187713,34.4,42.2,2025-09-24 19:23:14+00:00,33.998172,-81.00365,116.6,9.17,0.0,272.07,13.0,3D,2025-09-24 15:23:14-04:00,POINT (-81.00365 33.998172)
2025-09-23 21:32:43 UTC,sensor03,218187713,34.07,42.24,2025-09-24 19:23:20+00:00,33.998235,-81.004383,115.4,10.99,-0.2,0.0,13.0,3D,2025-09-24 15:23:20-04:00,POINT (-81.004383 33.998235)
2025-09-23 21:32:48 UTC,sensor03,218187713,33.65,42.7,2025-09-24 19:23:25+00:00,33.998277,-81.004868,113.8,6.99,-0.4,0.0,13.0,3D,2025-09-24 15:23:25-04:00,POINT (-81.004868 33.998277)
2025-09-23 21:33:14 UTC,sensor03,218187713,33.95,43.16,2025-09-24 19:23:48+00:00,33.998317,-81.005338,112.6,5.78,0.05,0.0,13.0,3D,2025-09-24 15:23:48-04:00,POINT (-81.005338 33.998317)
2025-09-23 21:33:19 UTC,sensor03,218187713,33.36,43.08,2025-09-24 19:23:55+00:00,33.998365,-81.00615,113.5,12.59,-0.3,274.22,13.0,3D,2025-09-24 15:23:55-04:00,POINT (-81.00615 33.998365)
2025-09-23 21:33:24 UTC,sensor03,218187713,33.82,43.66,2025-09-24 19:24:00+00:00,33.998413,-81.0069,111.6,14.22,-0.6,274.87,13.0,3D,2025-09-24 15:24:00-04:00,POINT (-81.0069 33.998413)
2025-09-23 21:33:29 UTC,sensor03,218187713,33.5,43.28,2025-09-24 19:24:05+00:00,33.998475,-81.00769,110.5,14.77,0.2,275.33,13.0,3D,2025-09-24 15:24:05-04:00,POINT (-81.00769 33.998475)
2025-09-23 21:33:34 UTC,sensor03,218187713,33.43,43.86,2025-09-24 19:24:10+00:00,33.998533,-81.00851,112.1,15.32,0.1,274.58,13.0,3D,2025-09-24 15:24:10-04:00,POINT (-81.00851 33.998533)
2025-09-23 21:33:44 UTC,sensor03,218187713,33.61,43.06,2025-09-24 19:24:20+00:00,33.998655,-81.010212,110.2,15.37,-0.1,275.21,13.0,3D,2025-09-24 15:24:20-04:00,POINT (-81.010212 33.998655)
2025-09-23 21:33:49 UTC,sensor03,218187713,33.73,43.44,2025-09-24 19:24:25+00:00,33.99871,-81.011015,109.9,14.09,-0.4,274.86,13.0,3D,2025-09-24 15:24:25-04:00,POINT (-81.011015 33.99871)
2025-09-23 21:33:54 UTC,sensor03,218187713,33.52,43.28,2025-09-24 19:24:30+00:00,33.998755,-81.011743,108.9,13.19,-0.2,275.3,13.0,3D,2025-09-24 15:24:30-04:00,POINT (-81.011743 33.998755)
2025-09-23 21:33:59 UTC,sensor03,218187713,33.8,42.83,2025-09-24 19:24:35+00:00,33.998805,-81.012347,108.4,7.97,0.0,280.35,13.0,3D,2025-09-24 15:24:35-04:00,POINT (-81.012347 33.998805)
2025-09-23 21:34:04 UTC,sensor03,218187713,33.55,43.65,2025-09-24 19:24:40+00:00,33.999108,-81.012417,108.0,9.0,0.1,3.91,13.0,3D,2025-09-24 15:24:40-04:00,POINT (-81.012417 33.999108)
2025-09-23 21:34:09 UTC,sensor03,218187713,33.62,44.07,2025-09-24 19:24:45+00:00,33.99959,-81.012355,108.3,11.49,0.0,5.99,13.0,3D,2025-09-24 15:24:45-04:00,POINT (-81.012355 33.99959)
2025-09-23 21:34:14 UTC,sensor03,218187713,33.44,44.08,2025-09-24 19:24:50+00:00,34.000027,-81.012295,107.3,7.4,-0.6,357.76,13.0,3D,2025-09-24 15:24:50-04:00,POINT (-81.012295 34.000027)
2025-09-23 21:34:24 UTC,sensor03,218187713,33.22,44.53,2025-09-24 19:25:00+00:00,34.000177,-81.012607,103.6,8.23,-0.3,278.44,13.0,3D,2025-09-24 15:25:00-04:00,POINT (-81.012607 34.000177)
2025-09-23 21:34:29 UTC,sensor03,218187713,33.48,44.86,2025-09-24 19:25:05+00:00,34.000205,-81.013335,100.7,13.91,-0.5,274.17,13.0,3D,2025-09-24 15:25:05-04:00,POINT (-81.013335 34.000205)
2025-09-23 21:34:34 UTC,sensor03,218187713,33.1,44.86,2025-09-24 19:25:10+00:00,34.000282,-81.014122,97.8,14.33,-0.6,276.04,13.0,3D,2025-09-24 15:25:10-04:00,POINT (-81.014122 34.000282)
2025-09-23 21:34:39 UTC,sensor03,218187713,33.26,44.61,2025-09-24 19:25:15+00:00,34.000383,-81.014853,95.9,11.89,-0.4,294.67,13.0,3D,2025-09-24 15:25:15-04:00,POINT (-81.014853 34.000383)
2025-09-23 21:34:44 UTC,sensor03,218187713,33.26,44.21,2025-09-24 19:25:21+00:00,34.000633,-81.01526,95.8,3.99,0.1,0.0,13.0,3D,2025-09-24 15:25:21-04:00,POINT (-81.01526 34.000633)
2025-09-23 21:34:49 UTC,sensor03,218187713,33.31,44.07,2025-09-24 19:25:26+00:00,34.000832,-81.01531,96.1,6.69,0.0,0.0,13.0,3D,2025-09-24 15:25:26-04:00,POINT (-81.01531 34.000832)
2025-09-23 21:34:55 UTC,sensor03,218187713,33.12,44.4,2025-09-24 19:25:31+00:00,34.001197,-81.015027,96.2,10.24,0.0,0.0,13.0,3D,2025-09-24 15:25:31-04:00,POINT (-81.015027 34.001197)
2025-09-23 21:35:00 UTC,sensor03,218187713,33.18,45.39,2025-09-24 19:25:36+00:00,34.00145,-81.01482,95.2,3.17,-0.5,32.71,13.0,3D,2025-09-24 15:25:36-04:00,POINT (-81.01482 34.00145)
2025-09-23 21:35:05 UTC,sensor03,218187713,33.1,45.08,2025-09-24 19:25:41+00:00,34.001645,-81.01468,94.1,7.13,0.0,26.44,13.0,3D,2025-09-24 15:25:41-04:00,POINT (-81.01468 34.001645)
2025-09-23 21:35:10 UTC,sensor03,218187713,33.24,45.33,2025-09-24 19:25:45+00:00,34.001888,-81.014487,93.9,9.07,-0.1,35.01,13.0,3D,2025-09-24 15:25:45-04:00,POINT (-81.014487 34.001888)
2025-09-23 21:35:15 UTC,sensor03,218187713,33.09,44.61,2025-09-24 19:25:51+00:00,34.002205,-81.014108,92.8,4.67,-0.2,49.75,13.0,3D,2025-09-24 15:25:51-04:00,POINT (-81.014108 34.002205)
2025-09-23 21:35:20 UTC,sensor03,218187713,33.26,44.4,2025-09-24 19:25:56+00:00,34.002373,-81.013892,92.1,7.44,-0.1,46.78,13.0,3D,2025-09-24 15:25:56-04:00,POINT (-81.013892 34.002373)
2025-09-23 21:35:25 UTC,sensor03,218187713,33.37,44.43,2025-09-24 19:26:01+00:00,34.002633,-81.013543,90.8,8.06,-0.3,53.56,13.0,3D,2025-09-24 15:26:01-04:00,POINT (-81.013543 34.002633)
2025-09-23 21:35:30 UTC,sensor03,218187713,33.32,44.2,2025-09-24 19:26:06+00:00,34.002657,-81.0133,90.0,3.93,-0.3,123.34,13.0,3D,2025-09-24 15:26:06-04:00,POINT (-81.0133 34.002657)
2025-09-23 21:35:35 UTC,sensor03,218187713,33.02,44.59,2025-09-24 19:26:11+00:00,34.002437,-81.013077,88.8,6.37,-0.3,131.93,13.0,3D,2025-09-24 15:26:11-04:00,POINT (-81.013077 34.002437)
2025-09-23 21:35:40 UTC,sensor03,218187713,32.92,44.42,2025-09-24 19:26:16+00:00,34.002277,-81.012868,87.2,3.1,-0.4,142.3,13.0,3D,2025-09-24 15:26:16-04:00,POINT (-81.012868 34.002277)
2025-09-24 10:51:06 UTC,sensor04,300372246,34.25,42.44,2025-09-24 18:57:03+00:00,34.002267,-81.012933,72.3,3.57,0.0,0.0,4.0,3D,2025-09-24 14:57:03-04:00,POINT (-81.012933 34.002267)
2025-09-24 10:51:11 UTC,sensor04,300372246,34.12,43.55,2025-09-24 18:57:08+00:00,34.002405,-81.013072,72.6,4.99,0.1,0.0,4.0,3D,2025-09-24 14:57:08-04:00,POINT (-81.013072 34.002405)
2025-09-24 10:51:16 UTC,sensor04,300372246,34.04,44.15,2025-09-24 18:57:13+00:00,34.002545,-81.013248,73.2,4.61,0.1,0.0,8.0,3D,2025-09-24 14:57:13-04:00,POINT (-81.013248 34.002545)
2025-09-24 10:51:26 UTC,sensor04,300372246,34.01,43.3,2025-09-24 18:57:23+00:00,34.002637,-81.013482,75.4,3.83,0.3,251.56,11.0,3D,2025-09-24 14:57:23-04:00,POINT (-81.013482 34.002637)
2025-09-24 10:51:31 UTC,sensor04,300372246,34.0,44.06,2025-09-24 18:57:28+00:00,34.002513,-81.013653,77.5,4.36,0.3,220.86,11.0,3D,2025-09-24 14:57:28-04:00,POINT (-81.013653 34.002513)
2025-09-24 10:51:36 UTC,sensor04,300372246,33.79,43.93,2025-09-24 18:57:33+00:00,34.002385,-81.013793,79.1,2.45,0.3,226.9,11.0,3D,2025-09-24 14:57:33-04:00,POINT (-81.013793 34.002385)
2025-09-24 10:51:41 UTC,sensor04,300372246,33.55,43.85,2025-09-24 18:57:38+00:00,34.002278,-81.013937,80.3,5.47,0.2,227.09,11.0,3D,2025-09-24 14:57:38-04:00,POINT (-81.013937 34.002278)
2025-09-24 10:51:46 UTC,sensor04,300372246,33.55,44.58,2025-09-24 18:57:43+00:00,34.002092,-81.01418,81.3,5.92,0.1,226.72,11.0,3D,2025-09-24 14:57:43-04:00,POINT (-81.01418 34.002092)
2025-09-24 10:51:51 UTC,sensor04,300372246,33.91,44.95,2025-09-24 18:57:48+00:00,34.001908,-81.014402,81.8,5.59,0.1,219.52,11.0,3D,2025-09-24 14:57:48-04:00,POINT (-81.014402 34.001908)
2025-09-24 10:51:56 UTC,sensor04,300372246,33.91,44.3,2025-09-24 18:57:53+00:00,34.001657,-81.014598,82.2,6.9,0.0,209.26,11.0,3D,2025-09-24 14:57:53-04:00,POINT (-81.014598 34.001657)
2025-09-24 10:52:01 UTC,sensor04,300372246,33.5,43.94,2025-09-24 18:57:58+00:00,34.001383,-81.014835,82.3,7.13,-0.1,215.91,11.0,3D,2025-09-24 14:57:58-04:00,POINT (-81.014835 34.001383)
2025-09-24 10:52:06 UTC,sensor04,300372246,33.48,44.15,2025-09-24 18:58:03+00:00,34.001112,-81.015053,82.7,6.93,0.1,211.97,11.0,3D,2025-09-24 14:58:03-04:00,POINT (-81.015053 34.001112)
2025-09-24 10:52:12 UTC,sensor04,300372246,33.76,44.44,2025-09-24 18:58:08+00:00,34.00085,-81.015265,82.9,6.72,-0.3,216.28,11.0,3D,2025-09-24 14:58:08-04:00,POINT (-81.015265 34.00085)
2025-09-24 10:52:17 UTC,sensor04,300372246,33.92,43.45,2025-09-24 18:58:13+00:00,34.000683,-81.015557,83.3,6.49,0.2,247.76,11.0,3D,2025-09-24 14:58:13-04:00,POINT (-81.015557 34.000683)
2025-09-24 10:52:22 UTC,sensor04,300372246,34.16,43.14,2025-09-24 18:58:18+00:00,34.00058,-81.015877,83.4,5.92,0.0,252.45,11.0,3D,2025-09-24 14:58:18-04:00,POINT (-81.015877 34.00058)
2025-09-24 10:52:27 UTC,sensor04,300372246,33.77,42.89,2025-09-24 18:58:23+00:00,34.000518,-81.016125,83.2,3.16,-0.3,248.59,11.0,3D,2025-09-24 14:58:23-04:00,POINT (-81.016125 34.000518)
2025-09-24 10:53:32 UTC,sensor04,300372246,34.85,41.76,2025-09-24 18:59:29+00:00,34.000477,-81.016238,80.6,5.26,0.0,253.68,11.0,3D,2025-09-24 14:59:29-04:00,POINT (-81.016238 34.000477)
2025-09-24 10:53:37 UTC,sensor04,300372246,34.41,41.91,2025-09-24 18:59:34+00:00,34.000362,-81.016612,81.3,7.78,0.1,248.17,11.0,3D,2025-09-24 14:59:34-04:00,POINT (-81.016612 34.000362)
2025-09-24 10:53:42 UTC,sensor04,300372246,33.86,42.5,2025-09-24 18:59:39+00:00,34.000228,-81.017035,81.7,8.98,0.0,250.51,11.0,3D,2025-09-24 14:59:39-04:00,POINT (-81.017035 34.000228)
2025-09-24 10:53:47 UTC,sensor04,300372246,33.77,43.04,2025-09-24 18:59:44+00:00,34.000108,-81.017535,81.9,9.29,0.2,248.52,11.0,3D,2025-09-24 14:59:44-04:00,POINT (-81.017535 34.000108)
2025-09-24 10:53:52 UTC,sensor04,300372246,33.9,43.83,2025-09-24 18:59:49+00:00,33.999957,-81.018035,82.9,9.87,0.3,247.26,11.0,3D,2025-09-24 14:59:49-04:00,POINT (-81.018035 33.999957)
2025-09-24 10:53:57 UTC,sensor04,300372246,34.27,43.46,2025-09-24 18:59:54+00:00,33.999775,-81.018518,84.8,8.9,0.4,248.69,11.0,3D,2025-09-24 14:59:54-04:00,POINT (-81.018518 33.999775)
2025-09-24 10:54:03 UTC,sensor04,300372246,33.67,44.08,2025-09-24 18:59:59+00:00,33.999627,-81.018928,85.9,8.5,0.2,245.77,11.0,3D,2025-09-24 14:59:59-04:00,POINT (-81.018928 33.999627)
2025-09-24 10:54:08 UTC,sensor04,300372246,33.59,44.02,2025-09-24 19:00:04+00:00,33.999458,-81.019363,86.6,8.89,0.1,245.37,11.0,3D,2025-09-24 15:00:04-04:00,POINT (-81.019363 33.999458)
2025-09-24 10:54:13 UTC,sensor04,300372246,33.78,44.01,2025-09-24 19:00:09+00:00,33.99929,-81.019772,87.3,6.92,0.2,240.55,11.0,3D,2025-09-24 15:00:09-04:00,POINT (-81.019772 33.99929)
2025-09-24 10:54:18 UTC,sensor04,300372246,33.6,44.23,2025-09-24 19:00:14+00:00,33.999147,-81.020155,87.0,8.2,-0.1,248.25,11.0,3D,2025-09-24 15:00:14-04:00,POINT (-81.020155 33.999147)
2025-09-24 10:54:23 UTC,sensor04,300372246,33.7,43.48,2025-09-24 19:00:19+00:00,33.999017,-81.020572,86.8,8.54,-0.1,245.98,11.0,3D,2025-09-24 15:00:19-04:00,POINT (-81.020572 33.999017)
2025-09-24 10:54:28 UTC,sensor04,300372246,33.24,43.7,2025-09-24 19:00:25+00:00,33.998883,-81.021102,86.4,7.48,0.1,0.0,11.0,3D,2025-09-24 15:00:25-04:00,POINT (-81.021102 33.998883)
2025-09-24 10:54:33 UTC,sensor04,300372246,33.34,43.81,2025-09-24 19:00:30+00:00,33.998832,-81.021377,86.6,3.87,-0.1,0.0,11.0,3D,2025-09-24 15:00:30-04:00,POINT (-81.021377 33.998832)
2025-09-24 10:54:43 UTC,sensor04,300372246,33.56,44.57,2025-09-24 19:00:40+00:00,33.999095,-81.021558,86.2,4.95,0.1,342.02,11.0,3D,2025-09-24 15:00:40-04:00,POINT (-81.021558 33.999095)
2025-09-24 10:54:48 UTC,sensor04,300372246,33.34,45.13,2025-09-24 19:00:45+00:00,33.999355,-81.021675,87.3,5.83,0.3,340.9,11.0,3D,2025-09-24 15:00:45-04:00,POINT (-81.021675 33.999355)
2025-09-24 10:54:53 UTC,sensor04,300372246,33.48,45.26,2025-09-24 19:00:50+00:00,33.999603,-81.021782,88.8,5.9,0.3,343.96,11.0,3D,2025-09-24 15:00:50-04:00,POINT (-81.021782 33.999603)
2025-09-24 10:54:58 UTC,sensor04,300372246,33.56,45.22,2025-09-24 19:00:55+00:00,33.999843,-81.021897,89.9,5.46,0.2,337.47,11.0,3D,2025-09-24 15:00:55-04:00,POINT (-81.021897 33.999843)
2025-09-24 10:55:08 UTC,sensor04,300372246,33.45,43.27,2025-09-24 19:01:05+00:00,34.000055,-81.021997,90.9,4.57,0.5,333.27,11.0,3D,2025-09-24 15:01:05-04:00,POINT (-81.021997 34.000055)
2025-09-24 10:55:13 UTC,sensor04,300372246,33.61,43.68,2025-09-24 19:01:10+00:00,34.00032,-81.022087,89.5,5.94,0.4,340.19,11.0,3D,2025-09-24 15:01:10-04:00,POINT (-81.022087 34.00032)
2025-09-24 10:55:18 UTC,sensor04,300372246,33.2,43.93,2025-09-24 19:01:15+00:00,34.000618,-81.022245,90.0,6.97,0.2,336.23,11.0,3D,2025-09-24 15:01:15-04:00,POINT (-81.022245 34.000618)
2025-09-24 10:55:23 UTC,sensor04,300372246,33.24,44.18,2025-09-24 19:01:20+00:00,34.000945,-81.022408,90.9,8.03,0.2,337.56,11.0,3D,2025-09-24 15:01:20-04:00,POINT (-81.022408 34.000945)
2025-09-24 10:55:28 UTC,sensor04,300372246,33.45,45.39,2025-09-24 19:01:25+00:00,34.001272,-81.022555,91.3,4.94,0.1,335.7,11.0,3D,2025-09-24 15:01:25-04:00,POINT (-81.022555 34.001272)
2025-09-24 10:55:38 UTC,sensor04,300372246,33.6,44.68,2025-09-24 19:01:35+00:00,34.001383,-81.022588,92.0,3.41,0.3,332.72,11.0,3D,2025-09-24 15:01:35-04:00,POINT (-81.022588 34.001383)
2025-09-24 10:55:43 UTC,sensor04,300372246,33.33,43.61,2025-09-24 19:01:40+00:00,34.00143,-81.022793,93.2,4.96,0.2,258.84,11.0,3D,2025-09-24 15:01:40-04:00,POINT (-81.022793 34.00143)
2025-09-24 10:55:49 UTC,sensor04,300372246,33.2,43.57,2025-09-24 19:01:45+00:00,34.001322,-81.023102,93.6,7.17,0.2,247.03,11.0,3D,2025-09-24 15:01:45-04:00,POINT (-81.023102 34.001322)
2025-09-24 10:55:54 UTC,sensor04,300372246,32.84,43.45,2025-09-24 19:01:50+00:00,34.001168,-81.023453,94.7,7.17,0.3,240.47,11.0,3D,2025-09-24 15:01:50-04:00,POINT (-81.023453 34.001168)
2025-09-24 10:55:59 UTC,sensor04,300372246,32.95,43.91,2025-09-24 19:01:55+00:00,34.00102,-81.023817,96.3,6.6,-0.1,250.26,11.0,3D,2025-09-24 15:01:55-04:00,POINT (-81.023817 34.00102)
2025-09-24 10:56:04 UTC,sensor04,300372246,33.01,43.79,2025-09-24 19:02:00+00:00,34.00096,-81.024105,95.4,2.73,-0.1,254.13,11.0,3D,2025-09-24 15:02:00-04:00,POINT (-81.024105 34.00096)
2025-09-24 10:56:09 UTC,sensor04,300372246,33.34,43.9,2025-09-24 19:02:05+00:00,34.000922,-81.02438,94.8,7.2,0.1,250.86,11.0,3D,2025-09-24 15:02:05-04:00,POINT (-81.02438 34.000922)
2025-09-24 10:56:14 UTC,sensor04,300372246,33.2,43.44,2025-09-24 19:02:10+00:00,34.000798,-81.024777,95.4,7.79,0.1,250.01,11.0,3D,2025-09-24 15:02:10-04:00,POINT (-81.024777 34.000798)
2025-09-24 10:56:19 UTC,sensor04,300372246,32.95,43.53,2025-09-24 19:02:16+00:00,34.000617,-81.02525,96.4,7.77,0.2,0.0,11.0,3D,2025-09-24 15:02:16-04:00,POINT (-81.02525 34.000617)
2025-09-24 10:56:24 UTC,sensor04,300372246,33.03,45.46,2025-09-24 19:02:21+00:00,34.000493,-81.025632,97.6,7.96,0.3,0.0,11.0,3D,2025-09-24 15:02:21-04:00,POINT (-81.025632 34.000493)
2025-09-24 10:56:29 UTC,sensor04,300372246,33.36,44.17,2025-09-24 19:02:26+00:00,34.000362,-81.025992,98.0,6.93,0.2,241.06,11.0,3D,2025-09-24 15:02:26-04:00,POINT (-81.025992 34.000362)
2025-09-24 10:56:34 UTC,sensor04,300372246,33.05,44.22,2025-09-24 19:02:31+00:00,34.000252,-81.026373,98.8,7.22,0.0,247.9,11.0,3D,2025-09-24 15:02:31-04:00,POINT (-81.026373 34.000252)
2025-09-24 10:56:39 UTC,sensor04,300372246,33.36,44.82,2025-09-24 19:02:31+00:00,34.000252,-81.026373,98.8,7.22,0.0,247.9,11.0,3D,2025-09-24 15:02:31-04:00,POINT (-81.026373 34.000252)
2025-09-24 10:56:44 UTC,sensor04,300372246,33.06,44.22,2025-09-24 19:02:41+00:00,34.000028,-81.027133,101.1,7.3,0.3,246.09,11.0,3D,2025-09-24 15:02:41-04:00,POINT (-81.027133 34.000028)
2025-09-24 10:56:49 UTC,sensor04,300372246,33.26,45.1,2025-09-24 19:02:46+00:00,33.99992,-81.027563,102.0,7.69,0.4,245.64,11.0,3D,2025-09-24 15:02:46-04:00,POINT (-81.027563 33.99992)
2025-09-24 10:56:54 UTC,sensor04,300372246,33.4,44.72,2025-09-24 19:02:51+00:00,33.99979,-81.028038,102.9,9.01,0.0,249.27,11.0,3D,2025-09-24 15:02:51-04:00,POINT (-81.028038 33.99979)
2025-09-24 10:56:59 UTC,sensor04,300372246,33.02,43.92,2025-09-24 19:02:56+00:00,33.999653,-81.028513,102.8,9.07,-0.1,249.22,11.0,3D,2025-09-24 15:02:56-04:00,POINT (-81.028513 33.999653)
2025-09-24 10:57:04 UTC,sensor04,300372246,33.03,44.41,2025-09-24 19:03:01+00:00,33.999503,-81.028993,102.2,9.06,-0.2,248.25,11.0,3D,2025-09-24 15:03:01-04:00,POINT (-81.028993 33.999503)
2025-09-24 10:57:09 UTC,sensor04,300372246,32.9,44.7,2025-09-24 19:03:06+00:00,33.999363,-81.029467,102.3,9.29,0.4,252.33,11.0,3D,2025-09-24 15:03:06-04:00,POINT (-81.029467 33.999363)
2025-09-24 10:57:14 UTC,sensor04,300372246,33.2,45.3,2025-09-24 19:03:11+00:00,33.999228,-81.029923,102.2,8.6,0.0,247.74,11.0,3D,2025-09-24 15:03:11-04:00,POINT (-81.029923 33.999228)
2025-09-24 10:57:19 UTC,sensor04,300372246,33.31,44.35,2025-09-24 19:03:16+00:00,33.999108,-81.030308,102.0,6.29,-0.1,248.86,11.0,3D,2025-09-24 15:03:16-04:00,POINT (-81.030308 33.999108)
2025-09-24 10:57:55 UTC,sensor04,300372246,33.44,43.04,2025-09-24 19:03:51+00:00,33.99901,-81.030763,102.2,6.2,0.3,251.62,11.0,3D,2025-09-24 15:03:51-04:00,POINT (-81.030763 33.99901)
2025-09-24 10:58:00 UTC,sensor04,300372246,33.26,43.24,2025-09-24 19:03:56+00:00,33.998878,-81.031165,103.2,8.9,0.3,249.88,11.0,3D,2025-09-24 15:03:56-04:00,POINT (-81.031165 33.998878)
2025-09-24 10:58:05 UTC,sensor04,300372246,33.32,43.18,2025-09-24 19:04:02+00:00,33.998688,-81.031732,104.0,9.04,0.1,0.0,11.0,3D,2025-09-24 15:04:02-04:00,POINT (-81.031732 33.998688)
2025-09-24 10:58:10 UTC,sensor04,300372246,33.36,43.25,2025-09-24 19:04:07+00:00,33.998598,-81.032068,104.4,3.85,0.1,0.0,11.0,3D,2025-09-24 15:04:07-04:00,POINT (-81.032068 33.998598)
2025-09-24 10:58:45 UTC,sensor04,300372246,33.88,41.81,2025-09-24 19:04:42+00:00,33.998528,-81.032217,104.8,5.19,0.1,249.67,11.0,3D,2025-09-24 15:04:42-04:00,POINT (-81.032217 33.998528)
2025-09-24 10:58:50 UTC,sensor04,300372246,33.92,42.43,2025-09-24 19:04:46+00:00,33.99844,-81.032363,104.9,3.8,0.03,202.81,11.0,3D,2025-09-24 15:04:46-04:00,POINT (-81.032363 33.99844)
2025-09-24 10:58:55 UTC,sensor04,300372246,34.07,42.2,2025-09-24 19:04:52+00:00,33.998205,-81.032305,104.2,6.32,-0.2,161.16,11.0,3D,2025-09-24 15:04:52-04:00,POINT (-81.032305 33.998205)
2025-09-24 10:59:00 UTC,sensor04,300372246,34.09,42.45,2025-09-24 19:04:57+00:00,33.99789,-81.032178,103.3,7.86,-0.2,159.03,11.0,3D,2025-09-24 15:04:57-04:00,POINT (-81.032178 33.99789)
2025-09-24 10:59:05 UTC,sensor04,300372246,34.06,42.09,2025-09-24 19:05:02+00:00,33.997573,-81.03205,102.4,5.42,-0.2,158.53,11.0,3D,2025-09-24 15:05:02-04:00,POINT (-81.03205 33.997573)
2025-09-24 10:59:10 UTC,sensor04,300372246,34.23,41.8,2025-09-24 19:05:07+00:00,33.997425,-81.03199,100.9,4.19,-0.3,162.56,11.0,3D,2025-09-24 15:05:07-04:00,POINT (-81.03199 33.997425)
2025-09-24 10:59:15 UTC,sensor04,300372246,34.38,41.48,2025-09-24 19:05:12+00:00,33.997187,-81.031895,99.3,4.37,-0.3,173.32,11.0,3D,2025-09-24 15:05:12-04:00,POINT (-81.031895 33.997187)
2025-09-24 10:59:20 UTC,sensor04,300372246,33.77,41.84,2025-09-24 19:05:17+00:00,33.997063,-81.032077,97.9,6.9,-0.5,250.73,11.0,3D,2025-09-24 15:05:17-04:00,POINT (-81.032077 33.997063)
2025-09-24 10:59:25 UTC,sensor04,300372246,33.69,42.58,2025-09-24 19:05:22+00:00,33.996923,-81.03254,96.3,10.04,-0.4,249.67,11.0,3D,2025-09-24 15:05:22-04:00,POINT (-81.03254 33.996923)
2025-09-24 10:59:30 UTC,sensor04,300372246,33.34,43.01,2025-09-24 19:05:27+00:00,33.996765,-81.03304,94.3,8.84,-0.2,247.99,11.0,3D,2025-09-24 15:05:27-04:00,POINT (-81.03304 33.996765)
2025-09-24 10:59:36 UTC,sensor04,300372246,33.28,43.38,2025-09-24 19:05:32+00:00,33.996665,-81.033448,92.1,7.39,-0.3,250.2,11.0,3D,2025-09-24 15:05:32-04:00,POINT (-81.033448 33.996665)
2025-09-24 10:59:41 UTC,sensor04,300372246,33.53,43.54,2025-09-24 19:05:37+00:00,33.996527,-81.033857,90.9,8.76,-0.3,249.05,11.0,3D,2025-09-24 15:05:37-04:00,POINT (-81.033857 33.996527)
2025-09-24 10:59:46 UTC,sensor04,300372246,33.08,43.68,2025-09-24 19:05:42+00:00,33.996372,-81.03435,89.0,9.9,-0.4,250.01,11.0,3D,2025-09-24 15:05:42-04:00,POINT (-81.03435 33.996372)
2025-09-24 10:59:51 UTC,sensor04,300372246,33.04,44.47,2025-09-24 19:05:47+00:00,33.996213,-81.034847,88.1,8.98,-0.2,246.99,11.0,3D,2025-09-24 15:05:47-04:00,POINT (-81.034847 33.996213)
2025-09-24 11:00:26 UTC,sensor04,300372246,33.93,43.1,2025-09-24 19:06:23+00:00,33.996068,-81.035207,86.7,5.41,-0.1,0.0,8.0,3D,2025-09-24 15:06:23-04:00,POINT (-81.035207 33.996068)
2025-09-24 11:00:31 UTC,sensor04,300372246,33.42,42.67,2025-09-24 19:06:28+00:00,33.995987,-81.035525,85.9,7.13,-0.1,0.0,11.0,3D,2025-09-24 15:06:28-04:00,POINT (-81.035525 33.995987)
2025-09-24 11:00:36 UTC,sensor04,300372246,33.12,43.06,2025-09-24 19:06:32+00:00,33.995898,-81.035867,84.9,8.94,-0.3,251.36,11.0,3D,2025-09-24 15:06:32-04:00,POINT (-81.035867 33.995898)
2025-09-24 11:00:41 UTC,sensor04,300372246,33.0,43.97,2025-09-24 19:06:37+00:00,33.995738,-81.036298,83.8,7.72,-0.2,250.1,11.0,3D,2025-09-24 15:06:37-04:00,POINT (-81.036298 33.995738)
2025-09-24 11:00:46 UTC,sensor04,300372246,33.19,44.11,2025-09-24 19:06:37+00:00,33.995738,-81.036298,83.8,7.72,-0.2,250.1,11.0,3D,2025-09-24 15:06:37-04:00,POINT (-81.036298 33.995738)
2025-09-24 11:00:51 UTC,sensor04,300372246,33.08,43.62,2025-09-24 19:06:48+00:00,33.995508,-81.036722,83.1,5.51,-0.2,193.81,11.0,3D,2025-09-24 15:06:48-04:00,POINT (-81.036722 33.995508)
2025-09-24 11:00:56 UTC,sensor04,300372246,33.16,44.13,2025-09-24 19:06:53+00:00,33.995248,-81.036625,82.5,7.39,0.0,154.38,11.0,3D,2025-09-24 15:06:53-04:00,POINT (-81.036625 33.995248)
2025-09-24 11:01:01 UTC,sensor04,300372246,32.95,43.82,2025-09-24 19:06:58+00:00,33.994938,-81.036483,82.4,7.34,0.0,157.86,11.0,3D,2025-09-24 15:06:58-04:00,POINT (-81.036483 33.994938)
2025-09-24 11:01:06 UTC,sensor04,300372246,32.91,44.16,2025-09-24 19:07:03+00:00,33.994673,-81.036363,82.3,4.66,0.0,156.14,11.0,3D,2025-09-24 15:07:03-04:00,POINT (-81.036363 33.994673)
2025-09-24 11:01:11 UTC,sensor04,300372246,32.88,44.06,2025-09-24 19:07:08+00:00,33.994553,-81.036305,81.4,2.82,-0.2,161.0,11.0,3D,2025-09-24 15:07:08-04:00,POINT (-81.036305 33.994553)
2025-09-24 11:01:16 UTC,sensor04,300372246,33.3,43.92,2025-09-24 19:07:13+00:00,33.994368,-81.036222,81.0,4.43,0.0,168.81,11.0,3D,2025-09-24 15:07:13-04:00,POINT (-81.036222 33.994368)
2025-09-24 11:01:21 UTC,sensor04,300372246,33.38,43.24,2025-09-24 19:07:18+00:00,33.994212,-81.036385,81.2,6.52,0.1,248.14,11.0,3D,2025-09-24 15:07:18-04:00,POINT (-81.036385 33.994212)
2025-09-24 11:01:27 UTC,sensor04,300372246,33.33,43.37,2025-09-24 19:07:23+00:00,33.99406,-81.03683,81.4,9.72,-0.1,248.29,11.0,3D,2025-09-24 15:07:23-04:00,POINT (-81.03683 33.99406)
2025-09-24 11:01:32 UTC,sensor04,300372246,33.06,43.34,2025-09-24 19:07:28+00:00,33.993913,-81.037313,81.0,8.44,-0.2,251.97,11.0,3D,2025-09-24 15:07:28-04:00,POINT (-81.037313 33.993913)
2025-09-24 11:01:37 UTC,sensor04,300372246,33.17,43.5,2025-09-24 19:07:33+00:00,33.993792,-81.037658,79.3,4.01,-0.2,245.67,11.0,3D,2025-09-24 15:07:33-04:00,POINT (-81.037658 33.993792)
2025-09-24 11:01:42 UTC,sensor04,300372246,32.93,43.43,2025-09-24 19:07:38+00:00,33.993708,-81.037973,78.7,9.38,0.1,253.43,11.0,3D,2025-09-24 15:07:38-04:00,POINT (-81.037973 33.993708)
2025-09-24 11:01:47 UTC,sensor04,300372246,32.91,44.0,2025-09-24 19:07:43+00:00,33.993558,-81.038517,80.1,10.78,0.4,251.87,11.0,3D,2025-09-24 15:07:43-04:00,POINT (-81.038517 33.993558)
2025-09-24 11:01:52 UTC,sensor04,300372246,32.97,44.05,2025-09-24 19:07:49+00:00,33.993377,-81.039158,81.8,10.67,0.2,0.0,11.0,3D,2025-09-24 15:07:49-04:00,POINT (-81.039158 33.993377)
2025-09-24 11:01:57 UTC,sensor04,300372246,33.42,43.79,2025-09-24 19:07:54+00:00,33.9932,-81.039735,82.5,11.46,0.1,0.0,11.0,3D,2025-09-24 15:07:54-04:00,POINT (-81.039735 33.9932)
2025-09-24 11:02:02 UTC,sensor04,300372246,33.73,43.13,2025-09-24 19:07:59+00:00,33.993017,-81.040307,82.4,11.16,0.0,0.0,11.0,3D,2025-09-24 15:07:59-04:00,POINT (-81.040307 33.993017)
2025-09-24 11:02:07 UTC,sensor04,300372246,33.91,42.6,2025-09-24 19:08:04+00:00,33.992877,-81.040738,82.2,6.31,-0.1,248.18,11.0,3D,2025-09-24 15:08:04-04:00,POINT (-81.040738 33.992877)
2025-09-24 11:02:12 UTC,sensor04,300372246,33.7,42.16,2025-09-24 19:08:09+00:00,33.992807,-81.040895,83.3,4.09,0.1,250.48,11.0,3D,2025-09-24 15:08:09-04:00,POINT (-81.040895 33.992807)
2025-09-24 11:02:17 UTC,sensor04,300372246,33.43,42.79,2025-09-24 19:08:14+00:00,33.992698,-81.04129,84.4,9.12,0.9,249.83,11.0,3D,2025-09-24 15:08:14-04:00,POINT (-81.04129 33.992698)
2025-09-24 11:02:22 UTC,sensor04,300372246,33.28,42.9,2025-09-24 19:08:19+00:00,33.992557,-81.04178,84.3,9.41,-0.2,249.75,11.0,3D,2025-09-24 15:08:19-04:00,POINT (-81.04178 33.992557)
2025-09-24 11:02:27 UTC,sensor04,300372246,33.45,43.14,2025-09-24 19:08:24+00:00,33.992433,-81.042182,82.3,6.37,-0.5,248.66,11.0,3D,2025-09-24 15:08:24-04:00,POINT (-81.042182 33.992433)
2025-09-24 11:03:13 UTC,sensor04,300372246,34.83,40.26,2025-09-24 19:09:09+00:00,33.992378,-81.042502,79.5,3.6,0.0,262.98,11.0,3D,2025-09-24 15:09:09-04:00,POINT (-81.042502 33.992378)
2025-09-24 11:03:18 UTC,sensor04,300372246,34.55,40.61,2025-09-24 19:09:14+00:00,33.992635,-81.042698,78.6,9.47,-0.3,340.81,11.0,3D,2025-09-24 15:09:14-04:00,POINT (-81.042698 33.992635)
2025-09-24 11:03:23 UTC,sensor04,300372246,34.32,40.94,2025-09-24 19:09:19+00:00,33.99308,-81.042873,76.8,9.93,-0.3,340.25,11.0,3D,2025-09-24 15:09:19-04:00,POINT (-81.042873 33.99308)
2025-09-24 11:03:28 UTC,sensor04,300372246,34.23,41.38,2025-09-24 19:09:24+00:00,33.993538,-81.043057,74.3,10.71,-0.3,339.31,11.0,3D,2025-09-24 15:09:24-04:00,POINT (-81.043057 33.993538)
2025-09-24 11:03:33 UTC,sensor04,300372246,34.18,42.41,2025-09-24 19:09:29+00:00,33.994003,-81.043278,72.0,11.65,-0.6,337.86,11.0,3D,2025-09-24 15:09:29-04:00,POINT (-81.043278 33.994003)
2025-09-24 11:03:38 UTC,sensor04,300372246,33.77,42.01,2025-09-24 19:09:35+00:00,33.994608,-81.043572,71.5,12.25,-0.3,0.0,11.0,3D,2025-09-24 15:09:35-04:00,POINT (-81.043572 33.994608)
2025-09-24 11:03:43 UTC,sensor04,300372246,33.71,42.49,2025-09-24 19:09:40+00:00,33.995148,-81.043815,68.3,13.05,-0.6,0.0,11.0,3D,2025-09-24 15:09:40-04:00,POINT (-81.043815 33.995148)
2025-09-24 11:03:48 UTC,sensor04,300372246,33.39,42.83,2025-09-24 19:09:45+00:00,33.995693,-81.044052,67.0,12.49,0.0,0.0,11.0,3D,2025-09-24 15:09:45-04:00,POINT (-81.044052 33.995693)
2025-09-24 11:03:53 UTC,sensor04,300372246,33.33,43.63,2025-09-24 19:09:50+00:00,33.996198,-81.044275,66.8,11.01,0.0,340.3,11.0,3D,2025-09-24 15:09:50-04:00,POINT (-81.044275 33.996198)
2025-09-24 11:03:58 UTC,sensor04,300372246,33.25,43.28,2025-09-24 19:09:55+00:00,33.99661,-81.04445,67.7,8.36,0.2,340.19,11.0,3D,2025-09-24 15:09:55-04:00,POINT (-81.04445 33.99661)
2025-09-24 11:04:03 UTC,sensor04,300372246,33.53,43.78,2025-09-24 19:10:00+00:00,33.996858,-81.044557,68.7,3.22,0.1,340.47,11.0,3D,2025-09-24 15:10:00-04:00,POINT (-81.044557 33.996858)
2025-09-24 11:04:18 UTC,sensor04,300372246,33.74,42.64,2025-09-24 19:10:15+00:00,33.997,-81.044618,69.5,5.85,0.3,338.66,11.0,3D,2025-09-24 15:10:15-04:00,POINT (-81.044618 33.997)
2025-09-24 11:04:23 UTC,sensor04,300372246,33.78,42.65,2025-09-24 19:10:20+00:00,33.99733,-81.044772,71.5,9.86,0.6,339.12,11.0,3D,2025-09-24 15:10:20-04:00,POINT (-81.044772 33.99733)
2025-09-24 11:04:28 UTC,sensor04,300372246,33.57,42.64,2025-09-24 19:10:25+00:00,33.997767,-81.044977,73.7,10.77,0.5,339.02,11.0,3D,2025-09-24 15:10:25-04:00,POINT (-81.044977 33.997767)
2025-09-24 11:04:33 UTC,sensor04,300372246,34.23,42.57,2025-09-24 19:10:30+00:00,33.998245,-81.045198,75.5,11.25,0.4,338.79,11.0,3D,2025-09-24 15:10:30-04:00,POINT (-81.045198 33.998245)
2025-09-24 11:04:38 UTC,sensor04,300372246,35.08,41.48,2025-09-24 19:10:33+00:00,33.998515,-81.045325,75.9,10.53,0.2,0.0,8.0,3D,2025-09-24 15:10:33-04:00,POINT (-81.045325 33.998515)
2025-09-24 11:04:43 UTC,sensor04,300372246,35.08,40.62,2025-09-24 19:10:40+00:00,33.999192,-81.045623,78.8,11.66,0.0,338.89,8.0,3D,2025-09-24 15:10:40-04:00,POINT (-81.045623 33.999192)
2025-09-24 11:04:48 UTC,sensor04,300372246,34.98,40.29,2025-09-24 19:10:45+00:00,33.9997,-81.045852,77.2,11.92,-0.5,339.31,11.0,3D,2025-09-24 15:10:45-04:00,POINT (-81.045852 33.9997)
2025-09-24 11:04:53 UTC,sensor04,300372246,35.08,39.95,2025-09-24 19:10:50+00:00,34.00011,-81.046027,74.3,8.18,-0.5,340.36,11.0,3D,2025-09-24 15:10:50-04:00,POINT (-81.046027 34.00011)
2025-09-24 11:04:59 UTC,sensor04,300372246,35.15,39.83,2025-09-24 19:10:55+00:00,34.000438,-81.046162,71.3,7.11,-0.5,339.7,11.0,3D,2025-09-24 15:10:55-04:00,POINT (-81.046162 34.000438)
2025-09-24 11:05:04 UTC,sensor04,300372246,35.21,39.91,2025-09-24 19:11:00+00:00,34.00065,-81.046252,69.6,3.18,0.1,339.78,11.0,3D,2025-09-24 15:11:00-04:00,POINT (-81.046252 34.00065)
2025-09-24 11:05:39 UTC,sensor04,300372246,35.7,38.89,2025-09-24 19:11:36+00:00,34.00092,-81.046365,68.3,4.89,0.0,340.16,12.0,3D,2025-09-24 15:11:36-04:00,POINT (-81.046365 34.00092)
2025-09-24 11:05:44 UTC,sensor04,300372246,35.82,39.31,2025-09-24 19:11:41+00:00,34.001197,-81.046487,69.1,8.81,0.4,340.08,12.0,3D,2025-09-24 15:11:41-04:00,POINT (-81.046487 34.001197)
2025-09-24 11:05:49 UTC,sensor04,300372246,35.71,39.19,2025-09-24 19:11:46+00:00,34.001583,-81.046652,71.1,9.03,0.5,340.04,12.0,3D,2025-09-24 15:11:46-04:00,POINT (-81.046652 34.001583)
2025-09-24 11:05:54 UTC,sensor04,300372246,35.89,38.96,2025-09-24 19:11:51+00:00,34.001922,-81.046785,71.6,5.45,0.1,339.4,12.0,3D,2025-09-24 15:11:51-04:00,POINT (-81.046785 34.001922)
2025-09-24 11:06:44 UTC,sensor04,300372246,35.61,39.15,2025-09-24 19:12:41+00:00,34.002178,-81.046892,74.2,7.5,0.25,338.53,4.0,3D,2025-09-24 15:12:41-04:00,POINT (-81.046892 34.002178)
2025-09-24 11:06:50 UTC,sensor04,300372246,35.61,39.47,2025-09-24 19:12:46+00:00,34.002522,-81.047063,75.7,7.8,0.0,336.47,12.0,3D,2025-09-24 15:12:46-04:00,POINT (-81.047063 34.002522)
2025-09-24 11:06:55 UTC,sensor04,300372246,35.32,39.47,2025-09-24 19:12:51+00:00,34.002825,-81.047218,77.3,7.63,0.1,337.36,12.0,3D,2025-09-24 15:12:51-04:00,POINT (-81.047218 34.002825)
2025-09-24 11:07:30 UTC,sensor04,300372246,35.36,39.2,2025-09-24 19:13:27+00:00,34.003,-81.04753,80.6,5.25,0.0,256.78,12.0,3D,2025-09-24 15:13:27-04:00,POINT (-81.04753 34.003)
2025-09-24 11:07:35 UTC,sensor04,300372246,35.11,40.3,2025-09-24 19:13:32+00:00,34.002905,-81.047912,79.8,8.71,-0.2,251.7,12.0,3D,2025-09-24 15:13:32-04:00,POINT (-81.047912 34.002905)
2025-09-24 11:07:40 UTC,sensor04,300372246,34.44,40.54,2025-09-24 19:13:37+00:00,34.002782,-81.048348,78.9,8.38,-0.1,246.35,12.0,3D,2025-09-24 15:13:37-04:00,POINT (-81.048348 34.002782)
2025-09-24 11:07:45 UTC,sensor04,300372246,34.4,41.33,2025-09-24 19:13:42+00:00,34.002667,-81.048712,78.6,6.36,-0.1,241.27,12.0,3D,2025-09-24 15:13:42-04:00,POINT (-81.048712 34.002667)
2025-09-24 11:07:50 UTC,sensor04,300372246,33.84,41.38,2025-09-24 19:13:47+00:00,34.002445,-81.048918,78.9,7.83,0.1,191.89,12.0,3D,2025-09-24 15:13:47-04:00,POINT (-81.048918 34.002445)
2025-09-24 11:07:55 UTC,sensor04,300372246,33.91,42.79,2025-09-24 19:13:52+00:00,34.002087,-81.048762,79.1,9.6,0.1,158.95,12.0,3D,2025-09-24 15:13:52-04:00,POINT (-81.048762 34.002087)
2025-09-24 11:08:00 UTC,sensor04,300372246,33.57,42.42,2025-09-24 19:13:57+00:00,34.001735,-81.048587,80.1,8.38,0.3,160.14,12.0,3D,2025-09-24 15:13:57-04:00,POINT (-81.048587 34.001735)
2025-09-24 11:08:05 UTC,sensor04,300372246,33.36,42.46,2025-09-24 19:14:02+00:00,34.001422,-81.048492,82.2,5.74,0.4,190.58,12.0,3D,2025-09-24 15:14:02-04:00,POINT (-81.048492 34.001422)
2025-09-24 11:08:10 UTC,sensor04,300372246,33.24,43.91,2025-09-24 19:14:07+00:00,34.001222,-81.048717,84.0,7.94,0.3,247.45,12.0,3D,2025-09-24 15:14:07-04:00,POINT (-81.048717 34.001222)
2025-09-24 11:08:15 UTC,sensor04,300372246,34.1,42.82,2025-09-24 19:14:12+00:00,34.001055,-81.049275,85.7,11.29,0.4,249.5,12.0,3D,2025-09-24 15:14:12-04:00,POINT (-81.049275 34.001055)
2025-09-24 11:08:20 UTC,sensor04,300372246,33.83,42.95,2025-09-24 19:14:17+00:00,34.000882,-81.049847,87.2,10.94,0.3,250.08,12.0,3D,2025-09-24 15:14:17-04:00,POINT (-81.049847 34.000882)
2025-09-24 11:08:25 UTC,sensor04,300372246,33.8,42.98,2025-09-24 19:14:22+00:00,34.000695,-81.05037,88.2,9.74,0.2,243.46,12.0,3D,2025-09-24 15:14:22-04:00,POINT (-81.05037 34.000695)
2025-09-24 11:08:30 UTC,sensor04,300372246,33.63,42.82,2025-09-24 19:14:27+00:00,34.000495,-81.05087,89.0,10.46,0.2,239.89,12.0,3D,2025-09-24 15:14:27-04:00,POINT (-81.05087 34.000495)
2025-09-24 11:08:36 UTC,sensor04,300372246,33.72,42.97,2025-09-24 19:14:32+00:00,34.00031,-81.051318,84.7,10.0,0.0,240.53,12.0,3D,2025-09-24 15:14:32-04:00,POINT (-81.051318 34.00031)
2025-09-24 11:08:41 UTC,sensor04,300372246,33.86,42.16,2025-09-24 19:14:37+00:00,34.000085,-81.051783,85.2,9.92,0.12,0.0,4.0,3D,2025-09-24 15:14:37-04:00,POINT (-81.051783 34.000085)
2025-09-24 11:08:46 UTC,sensor04,300372246,34.06,42.05,2025-09-24 19:14:42+00:00,33.999818,-81.052343,85.5,12.33,0.0,241.66,4.0,3D,2025-09-24 15:14:42-04:00,POINT (-81.052343 33.999818)
2025-09-24 11:08:51 UTC,sensor04,300372246,33.97,41.86,2025-09-24 19:14:47+00:00,33.999563,-81.05292,85.2,12.12,-0.1,241.01,12.0,3D,2025-09-24 15:14:47-04:00,POINT (-81.05292 33.999563)
2025-09-24 11:08:56 UTC,sensor04,300372246,34.0,42.02,2025-09-24 19:14:52+00:00,33.999313,-81.053473,83.2,11.08,-0.4,241.47,12.0,3D,2025-09-24 15:14:52-04:00,POINT (-81.053473 33.999313)
2025-09-24 11:09:01 UTC,sensor04,300372246,34.25,41.76,2025-09-24 19:14:57+00:00,33.999105,-81.053935,83.9,8.09,0.3,240.96,12.0,3D,2025-09-24 15:14:57-04:00,POINT (-81.053935 33.999105)
2025-09-24 11:09:06 UTC,sensor04,300372246,34.52,41.63,2025-09-24 19:15:03+00:00,33.998955,-81.054277,82.0,4.35,0.0,0.0,12.0,3D,2025-09-24 15:15:03-04:00,POINT (-81.054277 33.998955)
2025-09-24 11:09:11 UTC,sensor04,300372246,34.35,41.58,2025-09-24 19:15:08+00:00,33.99885,-81.054512,81.8,6.06,0.0,0.0,12.0,3D,2025-09-24 15:15:08-04:00,POINT (-81.054512 33.99885)
2025-09-24 11:09:16 UTC,sensor04,300372246,34.4,41.7,2025-09-24 19:15:13+00:00,33.998738,-81.054775,81.3,4.27,-0.1,0.0,4.0,3D,2025-09-24 15:15:13-04:00,POINT (-81.054775 33.998738)
2025-09-24 11:09:21 UTC,sensor04,300372246,34.41,41.6,2025-09-24 19:15:18+00:00,33.998687,-81.05492,79.9,3.06,-0.1,0.0,4.0,3D,2025-09-24 15:15:18-04:00,POINT (-81.05492 33.998687)
2025-09-24 11:09:26 UTC,sensor04,300372246,34.73,41.06,2025-09-24 19:15:23+00:00,33.998588,-81.055143,80.2,4.94,-0.2,0.0,8.0,3D,2025-09-24 15:15:23-04:00,POINT (-81.055143 33.998588)
2025-09-24 11:09:41 UTC,sensor04,300372246,34.73,40.64,2025-09-24 19:15:38+00:00,33.998463,-81.05543,79.4,3.64,0.0,0.0,12.0,3D,2025-09-24 15:15:38-04:00,POINT (-81.05543 33.998463)
2025-09-24 11:09:46 UTC,sensor04,300372246,34.57,40.79,2025-09-24 19:15:43+00:00,33.998405,-81.055557,79.4,3.02,0.0,241.58,12.0,3D,2025-09-24 15:15:43-04:00,POINT (-81.055557 33.998405)
2025-09-24 11:09:51 UTC,sensor04,300372246,34.77,40.6,2025-09-24 19:15:48+00:00,33.998332,-81.055722,79.3,2.53,0.0,242.31,12.0,3D,2025-09-24 15:15:48-04:00,POINT (-81.055722 33.998332)
2025-09-24 11:09:56 UTC,sensor04,300372246,34.83,40.48,2025-09-24 19:15:53+00:00,33.998285,-81.05583,79.2,2.9,0.0,242.26,12.0,3D,2025-09-24 15:15:53-04:00,POINT (-81.05583 33.998285)
2025-09-24 11:10:06 UTC,sensor04,300372246,34.78,40.63,2025-09-24 19:16:03+00:00,33.99818,-81.05607,78.7,3.66,-0.1,241.48,12.0,3D,2025-09-24 15:16:03-04:00,POINT (-81.05607 33.99818)
2025-09-24 11:10:11 UTC,sensor04,300372246,34.69,40.84,2025-09-24 19:16:08+00:00,33.998108,-81.056237,78.7,3.46,0.0,241.65,12.0,3D,2025-09-24 15:16:08-04:00,POINT (-81.056237 33.998108)
2025-09-24 11:10:16 UTC,sensor04,300372246,34.77,40.86,2025-09-24 19:16:13+00:00,33.998035,-81.056397,78.9,2.58,0.0,240.78,12.0,3D,2025-09-24 15:16:13-04:00,POINT (-81.056397 33.998035)
2025-09-24 11:10:57 UTC,sensor04,300372246,35.17,40.06,2025-09-24 19:16:54+00:00,33.997857,-81.056797,79.1,3.28,0.1,0.0,12.0,3D,2025-09-24 15:16:54-04:00,POINT (-81.056797 33.997857)
2025-09-24 11:11:02 UTC,sensor04,300372246,34.8,40.53,2025-09-24 19:16:59+00:00,33.99776,-81.057037,79.7,4.77,0.1,0.0,12.0,3D,2025-09-24 15:16:59-04:00,POINT (-81.057037 33.99776)
2025-09-24 11:11:07 UTC,sensor04,300372246,34.75,41.47,2025-09-24 19:17:04+00:00,33.997668,-81.057282,79.2,4.55,-0.3,0.0,12.0,3D,2025-09-24 15:17:04-04:00,POINT (-81.057282 33.997668)
2025-09-24 11:11:12 UTC,sensor04,300372246,34.79,42.33,2025-09-24 19:17:09+00:00,33.997577,-81.057508,79.5,5.13,0.5,244.06,12.0,3D,2025-09-24 15:17:09-04:00,POINT (-81.057508 33.997577)
2025-09-24 11:11:17 UTC,sensor04,300372246,34.67,42.46,2025-09-24 19:17:14+00:00,33.997487,-81.05775,79.6,5.71,0.4,246.13,12.0,3D,2025-09-24 15:17:14-04:00,POINT (-81.05775 33.997487)
2025-09-24 11:11:22 UTC,sensor04,300372246,34.35,44.81,2025-09-24 19:17:19+00:00,33.997403,-81.057977,81.6,3.41,0.4,250.91,12.0,3D,2025-09-24 15:17:19-04:00,POINT (-81.057977 33.997403)
2025-09-24 11:11:27 UTC,sensor04,300372246,34.31,45.2,2025-09-24 19:17:24+00:00,33.997342,-81.058133,82.8,3.09,0.2,244.95,12.0,3D,2025-09-24 15:17:24-04:00,POINT (-81.058133 33.997342)
2025-09-24 11:11:32 UTC,sensor04,300372246,33.98,46.45,2025-09-24 19:17:29+00:00,33.997275,-81.058305,84.7,5.13,0.5,245.74,12.0,3D,2025-09-24 15:17:29-04:00,POINT (-81.058305 33.997275)
2025-09-24 11:11:37 UTC,sensor04,300372246,33.89,45.3,2025-09-24 19:17:34+00:00,33.997187,-81.05852,86.8,3.87,0.5,246.03,12.0,3D,2025-09-24 15:17:34-04:00,POINT (-81.05852 33.997187)
2025-09-24 11:11:42 UTC,sensor04,300372246,34.18,45.81,2025-09-24 19:17:39+00:00,33.997125,-81.058652,88.5,3.3,0.4,239.18,12.0,3D,2025-09-24 15:17:39-04:00,POINT (-81.058652 33.997125)
2025-09-24 11:11:47 UTC,sensor04,300372246,34.35,44.27,2025-09-24 19:17:44+00:00,33.997047,-81.058802,91.7,2.85,0.9,243.25,12.0,3D,2025-09-24 15:17:44-04:00,POINT (-81.058802 33.997047)
2025-09-24 11:11:52 UTC,sensor04,300372246,34.69,45.09,2025-09-24 19:17:49+00:00,33.996972,-81.058975,93.9,4.58,0.3,243.09,12.0,3D,2025-09-24 15:17:49-04:00,POINT (-81.058975 33.996972)
2025-09-24 11:11:57 UTC,sensor04,300372246,34.49,44.12,2025-09-24 19:17:54+00:00,33.996882,-81.05922,90.7,4.31,-0.8,242.83,12.0,3D,2025-09-24 15:17:54-04:00,POINT (-81.05922 33.996882)
2025-09-24 11:12:02 UTC,sensor04,300372246,34.42,44.32,2025-09-24 19:17:59+00:00,33.996788,-81.059495,90.3,4.26,-0.3,245.94,12.0,3D,2025-09-24 15:17:59-04:00,POINT (-81.059495 33.996788)
2025-09-24 11:12:07 UTC,sensor04,300372246,34.38,44.09,2025-09-24 19:18:04+00:00,33.996715,-81.059685,89.2,3.72,0.0,230.74,12.0,3D,2025-09-24 15:18:04-04:00,POINT (-81.059685 33.996715)
2025-09-24 11:12:12 UTC,sensor04,300372246,34.47,41.75,2025-09-24 19:18:09+00:00,33.996542,-81.059752,88.7,5.37,-0.1,174.83,12.0,3D,2025-09-24 15:18:09-04:00,POINT (-81.059752 33.996542)
2025-09-24 11:12:17 UTC,sensor04,300372246,34.0,41.45,2025-09-24 19:18:14+00:00,33.996382,-81.059513,88.2,7.0,0.0,106.41,12.0,3D,2025-09-24 15:18:14-04:00,POINT (-81.059513 33.996382)
2025-09-24 11:12:22 UTC,sensor04,300372246,33.97,41.58,2025-09-24 19:18:19+00:00,33.996292,-81.058965,88.7,10.32,0.0,102.9,12.0,3D,2025-09-24 15:18:19-04:00,POINT (-81.058965 33.996292)
2025-09-24 11:12:27 UTC,sensor04,300372246,34.03,42.06,2025-09-24 19:18:24+00:00,33.996187,-81.058438,88.1,9.5,-0.1,107.92,12.0,3D,2025-09-24 15:18:24-04:00,POINT (-81.058438 33.996187)
2025-09-24 11:12:33 UTC,sensor04,300372246,34.03,41.74,2025-09-24 19:18:29+00:00,33.99606,-81.057952,87.2,9.32,-0.2,109.13,12.0,3D,2025-09-24 15:18:29-04:00,POINT (-81.057952 33.99606)
2025-09-24 11:12:38 UTC,sensor04,300372246,33.96,41.82,2025-09-24 19:18:34+00:00,33.995898,-81.057438,86.7,10.49,0.0,112.51,12.0,3D,2025-09-24 15:18:34-04:00,POINT (-81.057438 33.995898)
2025-09-24 11:12:43 UTC,sensor04,300372246,34.16,41.59,2025-09-24 19:18:38+00:00,33.995732,-81.057018,85.2,10.75,-0.38,0.0,12.0,3D,2025-09-24 15:18:38-04:00,POINT (-81.057018 33.995732)
2025-09-24 11:12:48 UTC,sensor04,300372246,34.01,41.92,2025-09-24 19:18:44+00:00,33.995507,-81.056432,85.8,8.79,0.2,113.94,12.0,3D,2025-09-24 15:18:44-04:00,POINT (-81.056432 33.995507)
2025-09-24 11:12:53 UTC,sensor04,300372246,33.78,42.45,2025-09-24 19:18:49+00:00,33.99538,-81.056087,85.6,5.16,-0.2,115.78,12.0,3D,2025-09-24 15:18:49-04:00,POINT (-81.056087 33.99538)
2025-09-24 11:12:58 UTC,sensor04,300372246,33.93,42.42,2025-09-24 19:18:54+00:00,33.99532,-81.055927,84.2,3.39,-0.2,115.45,12.0,3D,2025-09-24 15:18:54-04:00,POINT (-81.055927 33.99532)
2025-09-24 11:13:03 UTC,sensor04,300372246,34.11,42.35,2025-09-24 19:19:00+00:00,33.99517,-81.055642,83.4,5.32,-0.1,0.0,12.0,3D,2025-09-24 15:19:00-04:00,POINT (-81.055642 33.99517)
2025-09-24 11:13:08 UTC,sensor04,300372246,34.34,41.96,2025-09-24 19:19:05+00:00,33.994872,-81.055663,83.8,6.2,0.3,0.0,12.0,3D,2025-09-24 15:19:05-04:00,POINT (-81.055663 33.994872)
2025-09-24 11:13:13 UTC,sensor04,300372246,34.58,41.8,2025-09-24 19:19:10+00:00,33.994628,-81.055753,84.8,5.9,0.3,0.0,12.0,3D,2025-09-24 15:19:10-04:00,POINT (-81.055753 33.994628)
2025-09-24 11:13:18 UTC,sensor04,300372246,33.93,40.84,2025-09-24 19:19:15+00:00,33.994473,-81.056013,86.6,8.23,0.3,253.81,12.0,3D,2025-09-24 15:19:15-04:00,POINT (-81.056013 33.994473)
2025-09-24 11:13:23 UTC,sensor04,300372246,33.81,41.41,2025-09-24 19:19:20+00:00,33.99432,-81.056562,88.5,10.6,-0.1,252.92,13.0,3D,2025-09-24 15:19:20-04:00,POINT (-81.056562 33.99432)
2025-09-24 11:13:28 UTC,sensor04,300372246,33.57,41.96,2025-09-24 19:19:25+00:00,33.994175,-81.057143,88.2,11.66,-0.3,252.96,13.0,3D,2025-09-24 15:19:25-04:00,POINT (-81.057143 33.994175)
2025-09-24 11:13:33 UTC,sensor04,300372246,34.19,40.99,2025-09-24 19:19:30+00:00,33.994025,-81.057743,87.6,11.42,0.1,251.57,13.0,3D,2025-09-24 15:19:30-04:00,POINT (-81.057743 33.994025)
2025-09-24 11:13:38 UTC,sensor04,300372246,33.97,41.45,2025-09-24 19:19:35+00:00,33.993893,-81.05829,88.7,9.78,0.4,251.45,13.0,3D,2025-09-24 15:19:35-04:00,POINT (-81.05829 33.993893)
2025-09-24 11:13:43 UTC,sensor04,300372246,34.04,41.52,2025-09-24 19:19:40+00:00,33.993765,-81.058783,89.5,9.38,0.0,252.31,13.0,3D,2025-09-24 15:19:40-04:00,POINT (-81.058783 33.993765)
2025-09-24 11:13:48 UTC,sensor04,300372246,33.87,41.57,2025-09-24 19:19:45+00:00,33.993635,-81.059267,90.5,9.36,0.3,252.2,13.0,3D,2025-09-24 15:19:45-04:00,POINT (-81.059267 33.993635)
2025-09-24 11:13:53 UTC,sensor04,300372246,33.68,41.8,2025-09-24 19:19:50+00:00,33.993507,-81.059742,91.5,9.25,0.2,251.5,13.0,3D,2025-09-24 15:19:50-04:00,POINT (-81.059742 33.993507)
2025-09-24 11:13:58 UTC,sensor04,300372246,33.65,42.0,2025-09-24 19:19:55+00:00,33.993373,-81.060212,92.0,9.14,0.2,251.22,13.0,3D,2025-09-24 15:19:55-04:00,POINT (-81.060212 33.993373)
2025-09-24 11:14:03 UTC,sensor04,300372246,33.69,42.24,2025-09-24 19:20:00+00:00,33.993237,-81.060667,93.8,8.82,0.6,249.8,13.0,3D,2025-09-24 15:20:00-04:00,POINT (-81.060667 33.993237)
2025-09-24 11:14:08 UTC,sensor04,300372246,33.72,41.77,2025-09-24 19:20:05+00:00,33.993102,-81.06111,95.2,8.96,0.4,249.75,13.0,3D,2025-09-24 15:20:05-04:00,POINT (-81.06111 33.993102)
2025-09-24 11:14:14 UTC,sensor04,300372246,33.75,41.72,2025-09-24 19:20:10+00:00,33.992955,-81.061555,96.2,8.66,0.2,248.73,13.0,3D,2025-09-24 15:20:10-04:00,POINT (-81.061555 33.992955)
2025-09-24 11:14:19 UTC,sensor04,300372246,33.74,41.92,2025-09-24 19:20:15+00:00,33.992818,-81.061968,97.0,7.5,0.1,249.27,13.0,3D,2025-09-24 15:20:15-04:00,POINT (-81.061968 33.992818)
2025-09-24 11:14:24 UTC,sensor04,300372246,33.84,42.25,2025-09-24 19:20:20+00:00,33.992722,-81.062255,96.4,4.24,-0.2,249.15,13.0,3D,2025-09-24 15:20:20-04:00,POINT (-81.062255 33.992722)
2025-09-24 11:15:09 UTC,sensor04,300372246,34.95,40.04,2025-09-24 19:21:06+00:00,33.99264,-81.0624,95.4,3.16,0.1,175.07,13.0,3D,2025-09-24 15:21:06-04:00,POINT (-81.0624 33.99264)
2025-09-24 11:15:14 UTC,sensor04,300372246,34.48,40.45,2025-09-24 19:21:11+00:00,33.992415,-81.06231,95.7,6.56,0.1,157.11,13.0,3D,2025-09-24 15:21:11-04:00,POINT (-81.06231 33.992415)
2025-09-24 11:15:19 UTC,sensor04,300372246,34.22,41.53,2025-09-24 19:21:16+00:00,33.992148,-81.062175,95.3,6.31,-0.2,156.67,13.0,3D,2025-09-24 15:21:16-04:00,POINT (-81.062175 33.992148)
2025-09-24 11:15:24 UTC,sensor04,300372246,34.03,42.63,2025-09-24 19:21:21+00:00,33.991943,-81.062083,93.8,2.41,-0.2,155.35,13.0,3D,2025-09-24 15:21:21-04:00,POINT (-81.062083 33.991943)
2025-09-24 11:15:29 UTC,sensor04,300372246,34.06,42.51,2025-09-24 19:21:26+00:00,33.991862,-81.062098,93.1,3.75,-0.1,231.15,13.0,3D,2025-09-24 15:21:26-04:00,POINT (-81.062098 33.991862)
2025-09-24 11:15:34 UTC,sensor04,300372246,33.87,42.87,2025-09-24 19:21:31+00:00,33.99175,-81.06241,94.4,7.91,0.5,246.56,13.0,3D,2025-09-24 15:21:31-04:00,POINT (-81.06241 33.99175)
2025-09-24 11:15:39 UTC,sensor04,300372246,33.83,42.82,2025-09-24 19:21:36+00:00,33.991608,-81.06281,96.2,8.06,0.3,248.07,13.0,3D,2025-09-24 15:21:36-04:00,POINT (-81.06281 33.991608)
2025-09-24 11:15:44 UTC,sensor04,300372246,33.81,43.23,2025-09-24 19:21:41+00:00,33.991473,-81.063195,96.3,6.83,0.0,248.45,13.0,3D,2025-09-24 15:21:41-04:00,POINT (-81.063195 33.991473)
2025-09-24 11:15:49 UTC,sensor04,300372246,33.78,42.89,2025-09-24 19:21:46+00:00,33.991363,-81.063413,95.5,3.52,-0.5,196.82,13.0,3D,2025-09-24 15:21:46-04:00,POINT (-81.063413 33.991363)
2025-09-24 11:15:54 UTC,sensor04,300372246,33.55,42.64,2025-09-24 19:21:51+00:00,33.991205,-81.063367,94.2,5.17,-0.1,156.92,13.0,3D,2025-09-24 15:21:51-04:00,POINT (-81.063367 33.991205)
2025-09-24 11:15:59 UTC,sensor04,300372246,33.21,42.79,2025-09-24 19:21:56+00:00,33.990937,-81.063232,93.7,6.62,-0.2,156.64,13.0,3D,2025-09-24 15:21:56-04:00,POINT (-81.063232 33.990937)
2025-09-24 11:16:04 UTC,sensor04,300372246,32.95,43.26,2025-09-24 19:22:01+00:00,33.990678,-81.063113,92.9,5.64,-0.3,156.49,13.0,3D,2025-09-24 15:22:01-04:00,POINT (-81.063113 33.990678)
2025-09-24 11:16:09 UTC,sensor04,300372246,32.81,43.54,2025-09-24 19:22:06+00:00,33.990425,-81.063008,91.5,5.38,-0.4,165.05,13.0,3D,2025-09-24 15:22:06-04:00,POINT (-81.063008 33.990425)
2025-09-24 11:16:15 UTC,sensor04,300372246,32.96,44.38,2025-09-24 19:22:11+00:00,33.990232,-81.062932,90.5,3.02,-0.1,155.73,13.0,3D,2025-09-24 15:22:11-04:00,POINT (-81.062932 33.990232)
2025-09-24 11:16:20 UTC,sensor04,300372246,32.93,44.3,2025-09-24 19:22:16+00:00,33.990145,-81.062888,90.3,2.33,0.3,214.21,13.0,3D,2025-09-24 15:22:16-04:00,POINT (-81.062888 33.990145)
2025-09-24 11:16:25 UTC,sensor04,300372246,32.87,45.23,2025-09-24 19:22:21+00:00,33.990078,-81.063112,91.9,7.06,0.3,256.5,13.0,3D,2025-09-24 15:22:21-04:00,POINT (-81.063112 33.990078)
2025-09-24 11:16:30 UTC,sensor04,300372246,32.95,45.47,2025-09-24 19:22:26+00:00,33.99,-81.063473,93.3,6.28,0.3,253.7,13.0,3D,2025-09-24 15:22:26-04:00,POINT (-81.063473 33.99)
2025-09-24 11:16:35 UTC,sensor04,300372246,33.26,44.41,2025-09-24 19:22:31+00:00,33.98993,-81.063867,94.5,7.03,0.3,256.86,13.0,3D,2025-09-24 15:22:31-04:00,POINT (-81.063867 33.98993)
2025-09-24 11:16:40 UTC,sensor04,300372246,33.17,44.17,2025-09-24 19:22:35+00:00,33.989895,-81.064167,95.6,6.99,0.1,0.0,13.0,3D,2025-09-24 15:22:35-04:00,POINT (-81.064167 33.989895)
2025-09-24 11:16:45 UTC,sensor04,300372246,33.21,44.07,2025-09-24 19:22:38+00:00,33.989865,-81.064388,0.0,6.57,0.0,256.4,14.0,3D,2025-09-24 15:22:38-04:00,POINT (-81.064388 33.989865)
2025-09-24 11:16:50 UTC,sensor04,300372246,33.29,44.17,2025-09-24 19:22:47+00:00,33.98976,-81.064738,97.2,2.94,-0.2,0.0,13.0,3D,2025-09-24 15:22:47-04:00,POINT (-81.064738 33.98976)
2025-09-24 11:16:55 UTC,sensor04,300372246,33.16,44.59,2025-09-24 19:22:52+00:00,33.989573,-81.064697,96.6,5.55,-0.2,159.6,13.0,3D,2025-09-24 15:22:52-04:00,POINT (-81.064697 33.989573)
2025-09-24 11:17:00 UTC,sensor04,300372246,33.31,44.85,2025-09-24 19:22:57+00:00,33.989323,-81.064603,95.5,6.05,-0.3,166.7,13.0,3D,2025-09-24 15:22:57-04:00,POINT (-81.064603 33.989323)
2025-09-24 11:17:05 UTC,sensor04,300372246,33.38,44.82,2025-09-24 19:23:02+00:00,33.989075,-81.064498,94.6,5.17,-0.2,158.29,13.0,3D,2025-09-24 15:23:02-04:00,POINT (-81.064498 33.989075)
2025-09-24 11:17:15 UTC,sensor04,300372246,33.3,44.28,2025-09-24 19:23:12+00:00,33.98886,-81.064283,93.8,5.34,0.0,106.34,13.0,3D,2025-09-24 15:23:12-04:00,POINT (-81.064283 33.98886)
2025-09-24 11:17:20 UTC,sensor04,300372246,33.43,44.25,2025-09-24 19:23:17+00:00,33.988813,-81.064053,93.8,3.25,-0.1,135.4,13.0,3D,2025-09-24 15:23:17-04:00,POINT (-81.064053 33.988813)
2025-09-24 11:17:25 UTC,sensor04,300372246,33.48,44.46,2025-09-24 19:23:22+00:00,33.98857,-81.063953,93.7,7.57,-0.1,163.31,13.0,3D,2025-09-24 15:23:22-04:00,POINT (-81.063953 33.98857)
2025-09-24 11:17:30 UTC,sensor04,300372246,33.24,43.3,2025-09-24 19:23:27+00:00,33.988233,-81.063853,93.3,6.59,-0.2,165.81,13.0,3D,2025-09-24 15:23:27-04:00,POINT (-81.063853 33.988233)
2025-09-24 11:17:35 UTC,sensor04,300372246,33.22,43.36,2025-09-24 19:23:32+00:00,33.988033,-81.063803,92.3,2.68,-0.2,174.91,13.0,3D,2025-09-24 15:23:32-04:00,POINT (-81.063803 33.988033)
2025-09-24 11:17:40 UTC,sensor04,300372246,33.17,44.03,2025-09-24 19:23:37+00:00,33.987935,-81.063855,91.6,3.1,0.0,239.3,13.0,3D,2025-09-24 15:23:37-04:00,POINT (-81.063855 33.987935)
2025-09-24 11:17:45 UTC,sensor04,300372246,32.71,45.73,2025-09-24 19:23:42+00:00,33.987878,-81.06414,91.9,6.5,0.1,259.37,13.0,3D,2025-09-24 15:23:42-04:00,POINT (-81.06414 33.987878)
2025-09-24 11:17:50 UTC,sensor04,300372246,32.7,47.35,2025-09-24 19:23:47+00:00,33.987793,-81.064515,92.9,7.5,0.3,253.48,13.0,3D,2025-09-24 15:23:47-04:00,POINT (-81.064515 33.987793)
2025-09-24 11:17:55 UTC,sensor04,300372246,32.42,48.69,2025-09-24 19:23:52+00:00,33.987692,-81.064915,94.6,8.06,0.4,251.6,13.0,3D,2025-09-24 15:23:52-04:00,POINT (-81.064915 33.987692)
2025-09-24 11:18:01 UTC,sensor04,300372246,32.12,50.14,2025-09-24 19:23:57+00:00,33.987568,-81.065323,96.3,7.67,0.3,249.81,13.0,3D,2025-09-24 15:23:57-04:00,POINT (-81.065323 33.987568)
2025-09-24 11:18:06 UTC,sensor04,300372246,32.11,50.23,2025-09-24 19:24:02+00:00,33.987452,-81.065687,98.6,7.29,0.5,249.22,13.0,3D,2025-09-24 15:24:02-04:00,POINT (-81.065687 33.987452)
2025-09-24 11:18:11 UTC,sensor04,300372246,32.0,49.65,2025-09-24 19:24:07+00:00,33.987358,-81.065983,100.7,4.6,0.5,243.21,13.0,3D,2025-09-24 15:24:07-04:00,POINT (-81.065983 33.987358)
2025-09-24 11:18:21 UTC,sensor04,300372246,32.59,47.12,2025-09-24 19:24:17+00:00,33.987258,-81.066148,103.5,3.74,0.3,197.77,13.0,3D,2025-09-24 15:24:17-04:00,POINT (-81.066148 33.987258)
2025-09-24 11:18:26 UTC,sensor04,300372246,32.87,44.84,2025-09-24 19:24:22+00:00,33.98701,-81.066108,104.7,7.28,0.3,166.47,13.0,3D,2025-09-24 15:24:22-04:00,POINT (-81.066108 33.98701)
2025-09-24 11:18:31 UTC,sensor04,300372246,32.95,44.16,2025-09-24 19:24:28+00:00,33.986565,-81.065923,104.0,8.35,0.2,0.0,13.0,3D,2025-09-24 15:24:28-04:00,POINT (-81.065923 33.986565)
2025-09-24 11:18:36 UTC,sensor04,300372246,33.21,43.86,2025-09-24 19:24:33+00:00,33.986173,-81.065782,102.9,8.82,0.1,0.0,13.0,3D,2025-09-24 15:24:33-04:00,POINT (-81.065782 33.986173)
2025-09-24 11:18:41 UTC,sensor04,300372246,33.13,43.41,2025-09-24 19:24:35+00:00,33.986022,-81.065708,103.2,9.04,0.1,0.0,13.0,3D,2025-09-24 15:24:35-04:00,POINT (-81.065708 33.986022)
2025-09-24 11:18:46 UTC,sensor04,300372246,33.15,44.76,2025-09-24 19:24:43+00:00,33.985397,-81.065412,103.0,9.27,0.1,0.0,4.0,3D,2025-09-24 15:24:43-04:00,POINT (-81.065412 33.985397)
2025-09-24 11:18:51 UTC,sensor04,300372246,32.87,47.42,2025-09-24 19:24:48+00:00,33.985027,-81.065197,103.3,9.17,0.2,0.0,8.0,3D,2025-09-24 15:24:48-04:00,POINT (-81.065197 33.985027)
2025-09-24 11:18:56 UTC,sensor04,300372246,33.18,44.92,2025-09-24 19:24:53+00:00,33.984648,-81.06499,104.0,8.87,0.1,0.0,12.0,3D,2025-09-24 15:24:53-04:00,POINT (-81.06499 33.984648)
2025-09-24 11:19:01 UTC,sensor04,300372246,33.22,44.11,2025-09-24 19:24:58+00:00,33.984263,-81.064812,104.2,8.54,0.2,0.0,13.0,3D,2025-09-24 15:24:58-04:00,POINT (-81.064812 33.984263)
2025-09-24 11:19:06 UTC,sensor04,300372246,33.25,44.53,2025-09-24 19:25:03+00:00,33.983865,-81.064667,103.6,11.04,0.2,0.0,13.0,3D,2025-09-24 15:25:03-04:00,POINT (-81.064667 33.983865)
2025-09-24 11:19:11 UTC,sensor04,300372246,33.09,44.31,2025-09-24 19:25:08+00:00,33.983432,-81.064465,103.2,9.84,-0.2,160.63,13.0,3D,2025-09-24 15:25:08-04:00,POINT (-81.064465 33.983432)
2025-09-24 11:19:16 UTC,sensor04,300372246,33.19,43.89,2025-09-24 19:25:13+00:00,33.98302,-81.064287,102.7,9.27,-0.1,159.96,13.0,3D,2025-09-24 15:25:13-04:00,POINT (-81.064287 33.98302)
2025-09-24 11:19:21 UTC,sensor04,300372246,33.16,43.42,2025-09-24 19:25:18+00:00,33.982667,-81.064133,101.6,7.22,-0.1,160.75,13.0,3D,2025-09-24 15:25:18-04:00,POINT (-81.064133 33.982667)
2025-09-24 11:19:26 UTC,sensor04,300372246,33.17,43.48,2025-09-24 19:25:23+00:00,33.98234,-81.06399,101.1,7.83,0.1,158.72,13.0,3D,2025-09-24 15:25:23-04:00,POINT (-81.06399 33.98234)
2025-09-24 11:19:31 UTC,sensor04,300372246,33.23,43.49,2025-09-24 19:25:28+00:00,33.982015,-81.063848,99.8,6.83,0.0,160.55,13.0,3D,2025-09-24 15:25:28-04:00,POINT (-81.063848 33.982015)
2025-09-24 11:19:37 UTC,sensor04,300372246,33.17,43.1,2025-09-24 19:25:33+00:00,33.981772,-81.063772,97.4,3.66,-0.1,156.82,13.0,3D,2025-09-24 15:25:33-04:00,POINT (-81.063772 33.981772)
2025-09-24 11:20:02 UTC,sensor04,300372246,34.06,41.36,2025-09-24 19:25:58+00:00,33.98156,-81.06365,96.8,5.99,0.1,157.25,13.0,3D,2025-09-24 15:25:58-04:00,POINT (-81.06365 33.98156)
2025-09-24 11:20:07 UTC,sensor04,300372246,33.69,41.54,2025-09-24 19:26:04+00:00,33.981198,-81.063493,97.1,8.06,-0.1,0.0,13.0,3D,2025-09-24 15:26:04-04:00,POINT (-81.063493 33.981198)
2025-09-24 11:20:12 UTC,sensor04,300372246,33.5,41.96,2025-09-24 19:26:09+00:00,33.9809,-81.063337,97.7,6.7,0.1,0.0,13.0,3D,2025-09-24 15:26:09-04:00,POINT (-81.063337 33.9809)
2025-09-24 11:20:22 UTC,sensor04,300372246,33.36,42.37,2025-09-24 19:26:19+00:00,33.980548,-81.063165,98.6,6.3,0.2,164.83,13.0,3D,2025-09-24 15:26:19-04:00,POINT (-81.063165 33.980548)
2025-09-24 11:20:27 UTC,sensor04,300372246,33.37,44.33,2025-09-24 19:26:24+00:00,33.980252,-81.06304,99.8,7.61,0.3,160.08,13.0,3D,2025-09-24 15:26:24-04:00,POINT (-81.06304 33.980252)
2025-09-24 11:20:32 UTC,sensor04,300372246,33.25,43.93,2025-09-24 19:26:29+00:00,33.979927,-81.062897,99.6,5.85,0.2,156.98,13.0,3D,2025-09-24 15:26:29-04:00,POINT (-81.062897 33.979927)
2025-09-24 11:20:37 UTC,sensor04,300372246,33.14,43.29,2025-09-24 19:26:34+00:00,33.979785,-81.06279,100.4,3.6,0.2,122.37,13.0,3D,2025-09-24 15:26:34-04:00,POINT (-81.06279 33.979785)
2025-09-24 11:20:42 UTC,sensor04,300372246,33.14,44.37,2025-09-24 19:26:35+00:00,33.979773,-81.06275,100.6,3.84,0.2,107.45,13.0,3D,2025-09-24 15:26:35-04:00,POINT (-81.06275 33.979773)
2025-09-24 11:20:47 UTC,sensor04,300372246,33.17,44.09,2025-09-24 19:26:44+00:00,33.979897,-81.062353,101.3,6.0,0.1,74.51,13.0,3D,2025-09-24 15:26:44-04:00,POINT (-81.062353 33.979897)
2025-09-24 11:20:52 UTC,sensor04,300372246,33.09,43.55,2025-09-24 19:26:49+00:00,33.97996,-81.062087,100.2,2.93,0.0,70.43,13.0,3D,2025-09-24 15:26:49-04:00,POINT (-81.062087 33.97996)
2025-09-24 11:20:57 UTC,sensor04,300372246,33.07,44.85,2025-09-24 19:26:54+00:00,33.980008,-81.061838,97.6,6.76,-1.4,78.52,12.0,3D,2025-09-24 15:26:54-04:00,POINT (-81.061838 33.980008)
2025-09-24 11:21:02 UTC,sensor04,300372246,33.1,45.14,2025-09-24 19:26:59+00:00,33.980093,-81.061438,97.4,7.68,0.0,75.26,12.0,3D,2025-09-24 15:26:59-04:00,POINT (-81.061438 33.980093)
2025-09-24 11:21:07 UTC,sensor04,300372246,32.89,44.73,2025-09-24 19:27:04+00:00,33.980157,-81.06106,95.6,6.39,0.0,78.47,12.0,3D,2025-09-24 15:27:04-04:00,POINT (-81.06106 33.980157)
2025-09-24 11:21:12 UTC,sensor04,300372246,32.91,45.29,2025-09-24 19:27:09+00:00,33.980207,-81.06074,95.1,6.01,-0.3,78.27,12.0,3D,2025-09-24 15:27:09-04:00,POINT (-81.06074 33.980207)
2025-09-24 11:21:22 UTC,sensor04,300372246,32.89,45.21,2025-09-24 19:27:19+00:00,33.980113,-81.060505,94.6,4.02,0.0,176.07,12.0,3D,2025-09-24 15:27:19-04:00,POINT (-81.060505 33.980113)
2025-09-24 11:21:28 UTC,sensor04,300372246,32.85,44.38,2025-09-24 19:27:24+00:00,33.979828,-81.060447,95.1,6.86,0.1,166.23,12.0,3D,2025-09-24 15:27:24-04:00,POINT (-81.060447 33.979828)
2025-09-24 11:21:33 UTC,sensor04,300372246,32.71,43.68,2025-09-24 19:27:29+00:00,33.979563,-81.060388,94.9,5.32,0.1,168.29,12.0,3D,2025-09-24 15:27:29-04:00,POINT (-81.060388 33.979563)
2025-09-24 11:21:43 UTC,sensor04,300372246,32.88,43.43,2025-09-24 19:27:39+00:00,33.979248,-81.060303,96.2,5.25,0.0,164.39,12.0,3D,2025-09-24 15:27:39-04:00,POINT (-81.060303 33.979248)
2025-09-24 11:21:48 UTC,sensor04,300372246,32.84,43.75,2025-09-24 19:27:44+00:00,33.978947,-81.060237,94.6,7.2,0.3,173.16,12.0,3D,2025-09-24 15:27:44-04:00,POINT (-81.060237 33.978947)
2025-09-24 11:21:53 UTC,sensor04,300372246,32.65,44.43,2025-09-24 19:27:50+00:00,33.9786,-81.060128,96.5,6.26,0.3,0.0,12.0,3D,2025-09-24 15:27:50-04:00,POINT (-81.060128 33.9786)
2025-09-24 11:21:58 UTC,sensor04,300372246,32.76,46.03,2025-09-24 19:27:55+00:00,33.97841,-81.060083,98.3,2.35,0.4,0.0,12.0,3D,2025-09-24 15:27:55-04:00,POINT (-81.060083 33.97841)
2025-09-24 11:22:03 UTC,sensor04,300372246,32.87,44.16,2025-09-24 19:28:00+00:00,33.97825,-81.060023,100.1,5.58,0.4,0.0,12.0,3D,2025-09-24 15:28:00-04:00,POINT (-81.060023 33.97825)
2025-09-24 11:22:08 UTC,sensor04,300372246,32.81,44.6,2025-09-24 19:28:05+00:00,33.977942,-81.05994,101.6,7.88,0.2,0.0,12.0,3D,2025-09-24 15:28:05-04:00,POINT (-81.05994 33.977942)
2025-09-24 11:22:13 UTC,sensor04,300372246,32.93,44.83,2025-09-24 19:28:10+00:00,33.977617,-81.059848,102.4,6.63,0.3,165.41,12.0,3D,2025-09-24 15:28:10-04:00,POINT (-81.059848 33.977617)
2025-09-24 11:22:23 UTC,sensor04,300372246,33.09,44.4,2025-09-24 19:28:20+00:00,33.97734,-81.059727,103.0,3.3,0.3,116.55,12.0,3D,2025-09-24 15:28:20-04:00,POINT (-81.059727 33.97734)
2025-09-24 11:22:28 UTC,sensor04,300372246,33.08,43.65,2025-09-24 19:28:25+00:00,33.977377,-81.059375,100.3,6.82,0.3,76.84,12.0,3D,2025-09-24 15:28:25-04:00,POINT (-81.059375 33.977377)
2025-09-24 11:22:33 UTC,sensor04,300372246,33.12,44.82,2025-09-24 19:28:30+00:00,33.977453,-81.058998,99.7,7.08,0.3,76.81,12.0,3D,2025-09-24 15:28:30-04:00,POINT (-81.058998 33.977453)
2025-09-24 11:22:38 UTC,sensor04,300372246,33.56,44.16,2025-09-24 19:28:35+00:00,33.97753,-81.05859,99.0,7.52,0.2,77.25,12.0,3D,2025-09-24 15:28:35-04:00,POINT (-81.05859 33.97753)
2025-09-24 11:22:43 UTC,sensor04,300372246,33.4,43.44,2025-09-24 19:28:40+00:00,33.977643,-81.058217,99.3,6.46,0.2,79.12,12.0,3D,2025-09-24 15:28:40-04:00,POINT (-81.058217 33.977643)
2025-09-24 11:22:48 UTC,sensor04,300372246,33.37,43.03,2025-09-24 19:28:45+00:00,33.977668,-81.058022,100.5,2.54,0.3,80.73,12.0,3D,2025-09-24 15:28:45-04:00,POINT (-81.058022 33.977668)
2025-09-24 11:22:53 UTC,sensor04,300372246,33.1,42.97,2025-09-24 19:28:50+00:00,33.977692,-81.057792,100.9,6.41,0.4,77.26,12.0,3D,2025-09-24 15:28:50-04:00,POINT (-81.057792 33.977692)
2025-09-24 11:22:58 UTC,sensor04,300372246,33.03,43.94,2025-09-24 19:28:55+00:00,33.977763,-81.05742,102.8,6.83,0.5,79.35,12.0,3D,2025-09-24 15:28:55-04:00,POINT (-81.05742 33.977763)
2025-09-24 11:23:03 UTC,sensor04,300372246,33.06,43.47,2025-09-24 19:29:00+00:00,33.977857,-81.057022,104.3,7.38,0.4,76.92,12.0,3D,2025-09-24 15:29:00-04:00,POINT (-81.057022 33.977857)
2025-09-24 11:23:08 UTC,sensor04,300372246,33.13,43.59,2025-09-24 19:29:05+00:00,33.977943,-81.05661,102.6,7.07,-1.1,74.52,12.0,3D,2025-09-24 15:29:05-04:00,POINT (-81.05661 33.977943)
2025-09-24 11:23:13 UTC,sensor04,300372246,33.05,43.33,2025-09-24 19:29:10+00:00,33.978003,-81.056283,105.0,4.87,0.5,75.06,12.0,3D,2025-09-24 15:29:10-04:00,POINT (-81.056283 33.978003)
2025-09-24 11:23:24 UTC,sensor04,300372246,32.94,44.02,2025-09-24 19:29:20+00:00,33.97777,-81.056102,103.0,5.95,0.1,178.6,12.0,3D,2025-09-24 15:29:20-04:00,POINT (-81.056102 33.97777)
2025-09-24 11:23:29 UTC,sensor04,300372246,32.76,44.38,2025-09-24 19:29:25+00:00,33.977508,-81.056042,103.5,6.12,0.4,166.97,12.0,3D,2025-09-24 15:29:25-04:00,POINT (-81.056042 33.977508)
2025-09-24 11:23:34 UTC,sensor04,300372246,32.79,45.42,2025-09-24 19:29:30+00:00,33.977225,-81.05596,104.5,5.6,0.2,171.34,12.0,3D,2025-09-24 15:29:30-04:00,POINT (-81.05596 33.977225)
2025-09-24 11:23:44 UTC,sensor04,300372246,32.95,45.19,2025-09-24 19:29:40+00:00,33.97705,-81.055765,106.9,5.01,0.3,86.67,12.0,3D,2025-09-24 15:29:40-04:00,POINT (-81.055765 33.97705)
2025-09-24 11:23:49 UTC,sensor04,300372246,32.89,44.68,2025-09-24 19:29:46+00:00,33.977113,-81.055313,104.9,6.29,0.2,0.0,12.0,3D,2025-09-24 15:29:46-04:00,POINT (-81.055313 33.977113)
2025-09-24 11:23:54 UTC,sensor04,300372246,32.95,45.35,2025-09-24 19:29:51+00:00,33.977192,-81.054973,106.5,6.26,0.3,0.0,12.0,3D,2025-09-24 15:29:51-04:00,POINT (-81.054973 33.977192)
2025-09-24 11:23:59 UTC,sensor04,300372246,32.8,45.8,2025-09-24 19:29:56+00:00,33.977248,-81.054635,108.4,5.99,0.5,0.0,12.0,3D,2025-09-24 15:29:56-04:00,POINT (-81.054635 33.977248)
2025-09-24 11:24:09 UTC,sensor04,300372246,32.69,45.81,2025-09-24 19:30:06+00:00,33.977205,-81.054337,109.4,3.75,0.3,108.85,12.0,3D,2025-09-24 15:30:06-04:00,POINT (-81.054337 33.977205)
2025-09-24 11:24:14 UTC,sensor04,300372246,32.74,45.94,2025-09-24 19:30:11+00:00,33.977322,-81.054087,108.8,4.9,0.5,56.66,12.0,3D,2025-09-24 15:30:11-04:00,POINT (-81.054087 33.977322)
2025-09-24 11:24:24 UTC,sensor04,300372246,33.03,44.24,2025-09-24 19:30:21+00:00,33.977202,-81.053853,106.3,5.56,-0.6,150.87,12.0,3D,2025-09-24 15:30:21-04:00,POINT (-81.053853 33.977202)
2025-09-24 11:24:29 UTC,sensor04,300372246,33.01,44.53,2025-09-24 19:30:26+00:00,33.976888,-81.053627,107.4,9.13,0.5,152.25,12.0,3D,2025-09-24 15:30:26-04:00,POINT (-81.053627 33.976888)
2025-09-24 11:24:34 UTC,sensor04,300372246,33.17,44.42,2025-09-24 19:30:31+00:00,33.976502,-81.053367,108.2,9.11,-0.1,150.53,12.0,3D,2025-09-24 15:30:31-04:00,POINT (-81.053367 33.976502)
2025-09-24 11:24:39 UTC,sensor04,300372246,32.96,43.8,2025-09-24 19:30:35+00:00,33.9762,-81.053185,109.1,9.54,0.3,150.32,12.0,3D,2025-09-24 15:30:35-04:00,POINT (-81.053185 33.9762)
2025-09-24 11:24:44 UTC,sensor04,300372246,33.32,44.42,2025-09-24 19:30:40+00:00,33.975862,-81.052912,107.4,8.26,0.3,150.41,12.0,3D,2025-09-24 15:30:40-04:00,POINT (-81.052912 33.975862)
2025-09-24 11:24:49 UTC,sensor04,300372246,33.33,43.52,2025-09-24 19:30:46+00:00,33.975485,-81.052693,108.2,7.78,0.3,149.84,12.0,3D,2025-09-24 15:30:46-04:00,POINT (-81.052693 33.975485)
2025-09-24 11:24:54 UTC,sensor04,300372246,33.3,43.47,2025-09-24 19:30:51+00:00,33.97522,-81.052488,109.8,5.4,0.4,144.87,13.0,3D,2025-09-24 15:30:51-04:00,POINT (-81.052488 33.97522)
2025-09-24 11:24:59 UTC,sensor04,300372246,33.42,43.17,2025-09-24 19:30:56+00:00,33.975202,-81.05229,108.2,4.76,-0.2,65.87,13.0,3D,2025-09-24 15:30:56-04:00,POINT (-81.05229 33.975202)
2025-09-24 11:25:04 UTC,sensor04,300372246,33.57,43.34,2025-09-24 19:31:01+00:00,33.975332,-81.052017,106.3,6.36,0.5,59.84,13.0,3D,2025-09-24 15:31:01-04:00,POINT (-81.052017 33.975332)
2025-09-24 11:25:10 UTC,sensor04,300372246,33.1,45.91,2025-09-24 19:31:06+00:00,33.97549,-81.05169,107.8,7.26,0.2,60.82,13.0,3D,2025-09-24 15:31:06-04:00,POINT (-81.05169 33.97549)
2025-09-24 11:25:15 UTC,sensor04,300372246,33.05,45.02,2025-09-24 19:31:11+00:00,33.97565,-81.051352,109.7,7.13,0.2,61.6,13.0,3D,2025-09-24 15:31:11-04:00,POINT (-81.051352 33.97565)
2025-09-24 11:25:20 UTC,sensor04,300372246,33.16,45.91,2025-09-24 19:31:16+00:00,33.975838,-81.050998,110.2,6.13,0.1,58.43,13.0,3D,2025-09-24 15:31:16-04:00,POINT (-81.050998 33.975838)
2025-09-24 11:25:25 UTC,sensor04,300372246,33.23,45.21,2025-09-24 19:31:21+00:00,33.975965,-81.05085,111.3,3.26,0.3,0.29,13.0,3D,2025-09-24 15:31:21-04:00,POINT (-81.05085 33.975965)
2025-09-24 11:25:30 UTC,sensor04,300372246,33.2,45.56,2025-09-24 19:31:26+00:00,33.9762,-81.050938,113.2,7.29,0.3,341.22,13.0,3D,2025-09-24 15:31:26-04:00,POINT (-81.050938 33.9762)
2025-09-24 11:25:35 UTC,sensor04,300372246,33.11,44.5,2025-09-24 19:31:31+00:00,33.976523,-81.05104,110.7,7.52,0.4,339.78,13.0,3D,2025-09-24 15:31:31-04:00,POINT (-81.05104 33.976523)
2025-09-24 11:25:40 UTC,sensor04,300372246,33.1,44.75,2025-09-24 19:31:37+00:00,33.976877,-81.051165,105.8,7.08,0.3,0.0,13.0,3D,2025-09-24 15:31:37-04:00,POINT (-81.051165 33.976877)
2025-09-24 11:25:45 UTC,sensor04,300372246,32.84,44.51,2025-09-24 19:31:42+00:00,33.977235,-81.05131,107.3,8.59,0.3,0.0,13.0,3D,2025-09-24 15:31:42-04:00,POINT (-81.05131 33.977235)
2025-09-24 11:25:50 UTC,sensor04,300372246,32.89,44.55,2025-09-24 19:31:47+00:00,33.977607,-81.051455,108.3,8.54,0.2,0.0,13.0,3D,2025-09-24 15:31:47-04:00,POINT (-81.051455 33.977607)
2025-09-24 11:25:55 UTC,sensor04,300372246,33.06,44.6,2025-09-24 19:31:52+00:00,33.977935,-81.051587,109.4,7.22,0.2,343.9,13.0,3D,2025-09-24 15:31:52-04:00,POINT (-81.051587 33.977935)
2025-09-24 11:26:00 UTC,sensor04,300372246,32.94,44.1,2025-09-24 19:31:57+00:00,33.978255,-81.051685,106.7,7.51,-2.5,344.95,13.0,3D,2025-09-24 15:31:57-04:00,POINT (-81.051685 33.978255)
2025-09-24 11:26:05 UTC,sensor04,300372246,32.8,43.78,2025-09-24 19:32:02+00:00,33.978567,-81.051798,103.2,6.28,0.0,344.26,13.0,3D,2025-09-24 15:32:02-04:00,POINT (-81.051798 33.978567)
2025-09-24 11:26:10 UTC,sensor04,300372246,32.82,43.81,2025-09-24 19:32:07+00:00,33.978762,-81.051828,102.3,4.33,-0.1,349.93,13.0,3D,2025-09-24 15:32:07-04:00,POINT (-81.051828 33.978762)
2025-09-24 11:26:15 UTC,sensor04,300372246,33.0,43.73,2025-09-24 19:32:12+00:00,33.979007,-81.051857,102.0,6.57,0.1,8.39,13.0,3D,2025-09-24 15:32:12-04:00,POINT (-81.051857 33.979007)
2025-09-24 11:26:20 UTC,sensor04,300372246,32.93,44.1,2025-09-24 19:32:17+00:00,33.979285,-81.051752,102.1,6.92,0.0,26.76,13.0,3D,2025-09-24 15:32:17-04:00,POINT (-81.051752 33.979285)
2025-09-24 11:26:25 UTC,sensor04,300372246,32.69,44.91,2025-09-24 19:32:22+00:00,33.979578,-81.051585,98.7,6.38,-3.8,25.2,13.0,3D,2025-09-24 15:32:22-04:00,POINT (-81.051585 33.979578)
2025-09-24 11:26:30 UTC,sensor04,300372246,32.71,45.34,2025-09-24 19:32:27+00:00,33.979842,-81.051465,98.7,6.28,0.1,22.58,13.0,3D,2025-09-24 15:32:27-04:00,POINT (-81.051465 33.979842)
2025-09-24 11:26:35 UTC,sensor04,300372246,32.65,45.59,2025-09-24 19:32:32+00:00,33.980133,-81.051307,98.9,7.34,0.0,22.7,13.0,3D,2025-09-24 15:32:32-04:00,POINT (-81.051307 33.980133)
2025-09-24 11:26:40 UTC,sensor04,300372246,32.56,45.6,2025-09-24 19:32:36+00:00,33.980388,-81.051213,99.1,7.49,0.1,9.82,13.0,3D,2025-09-24 15:32:36-04:00,POINT (-81.051213 33.980388)
2025-09-24 11:26:45 UTC,sensor04,300372246,32.59,44.39,2025-09-24 19:32:36+00:00,33.980388,-81.051213,99.1,7.49,0.1,9.82,13.0,3D,2025-09-24 15:32:36-04:00,POINT (-81.051213 33.980388)
2025-09-24 11:26:50 UTC,sensor04,300372246,32.63,44.7,2025-09-24 19:32:47+00:00,33.981137,-81.051282,100.3,7.58,0.2,350.9,13.0,3D,2025-09-24 15:32:47-04:00,POINT (-81.051282 33.981137)
2025-09-24 11:26:55 UTC,sensor04,300372246,32.55,45.69,2025-09-24 19:32:52+00:00,33.981475,-81.051357,100.9,7.36,0.2,350.44,13.0,3D,2025-09-24 15:32:52-04:00,POINT (-81.051357 33.981475)
2025-09-24 11:27:01 UTC,sensor04,300372246,32.57,45.36,2025-09-24 19:32:57+00:00,33.981743,-81.051422,101.7,4.11,0.1,344.39,13.0,3D,2025-09-24 15:32:57-04:00,POINT (-81.051422 33.981743)
2025-09-24 11:27:06 UTC,sensor04,300372246,32.62,44.58,2025-09-24 19:33:02+00:00,33.981922,-81.051473,101.9,6.58,-0.1,349.66,13.0,3D,2025-09-24 15:33:02-04:00,POINT (-81.051473 33.981922)
2025-09-24 11:27:11 UTC,sensor04,300372246,32.58,44.05,2025-09-24 19:33:07+00:00,33.982223,-81.051535,102.2,6.01,0.1,350.85,13.0,3D,2025-09-24 15:33:07-04:00,POINT (-81.051535 33.982223)
2025-09-24 11:27:16 UTC,sensor04,300372246,32.59,43.92,2025-09-24 19:33:12+00:00,33.982448,-81.05154,100.8,2.99,0.1,11.64,13.0,3D,2025-09-24 15:33:12-04:00,POINT (-81.05154 33.982448)
2025-09-24 11:27:21 UTC,sensor04,300372246,32.65,44.24,2025-09-24 19:33:17+00:00,33.98252,-81.051403,101.8,4.26,0.2,78.71,13.0,3D,2025-09-24 15:33:17-04:00,POINT (-81.051403 33.98252)
2025-09-24 11:27:26 UTC,sensor04,300372246,32.73,44.53,2025-09-24 19:33:23+00:00,33.982577,-81.050997,100.7,6.94,0.1,0.0,13.0,3D,2025-09-24 15:33:23-04:00,POINT (-81.050997 33.982577)
2025-09-24 11:27:31 UTC,sensor04,300372246,32.74,45.27,2025-09-24 19:33:28+00:00,33.982602,-81.050672,99.8,5.94,-0.6,0.0,13.0,3D,2025-09-24 15:33:28-04:00,POINT (-81.050672 33.982602)
2025-09-24 11:27:36 UTC,sensor04,300372246,32.61,46.53,2025-09-24 19:33:33+00:00,33.982645,-81.050455,99.6,3.23,0.1,0.0,13.0,3D,2025-09-24 15:33:33-04:00,POINT (-81.050455 33.982645)
2025-09-24 11:27:41 UTC,sensor04,300372246,32.62,46.03,2025-09-24 19:33:38+00:00,33.98283,-81.05045,101.0,5.26,0.3,0.0,4.0,3D,2025-09-24 15:33:38-04:00,POINT (-81.05045 33.98283)
2025-09-24 11:27:46 UTC,sensor04,300372246,32.67,46.82,2025-09-24 19:33:43+00:00,33.983123,-81.050507,101.7,6.35,0.4,0.0,4.0,3D,2025-09-24 15:33:43-04:00,POINT (-81.050507 33.983123)
2025-09-24 11:27:51 UTC,sensor04,300372246,32.71,47.61,2025-09-24 19:33:48+00:00,33.983432,-81.050528,100.7,6.38,-0.1,0.0,8.0,3D,2025-09-24 15:33:48-04:00,POINT (-81.050528 33.983432)
2025-09-24 11:27:56 UTC,sensor04,300372246,32.77,45.43,2025-09-24 19:33:53+00:00,33.983708,-81.050598,99.5,6.55,-0.4,0.0,12.0,3D,2025-09-24 15:33:53-04:00,POINT (-81.050598 33.983708)
2025-09-24 11:28:01 UTC,sensor04,300372246,32.7,45.77,2025-09-24 19:33:58+00:00,33.98393,-81.050642,98.3,5.14,-0.1,0.0,13.0,3D,2025-09-24 15:33:58-04:00,POINT (-81.050642 33.98393)
2025-09-24 11:28:06 UTC,sensor04,300372246,31.99,54.14,2025-09-24 19:34:03+00:00,33.984105,-81.050723,97.1,3.72,-0.1,0.0,13.0,3D,2025-09-24 15:34:03-04:00,POINT (-81.050723 33.984105)
2025-09-24 11:28:11 UTC,sensor04,300372246,31.39,56.83,2025-09-24 19:34:08+00:00,33.984238,-81.050665,98.0,4.03,0.2,49.24,13.0,3D,2025-09-24 15:34:08-04:00,POINT (-81.050665 33.984238)
2025-09-24 11:28:16 UTC,sensor04,300372246,30.91,58.85,2025-09-24 19:34:13+00:00,33.984325,-81.050365,99.1,5.95,0.0,77.18,13.0,3D,2025-09-24 15:34:13-04:00,POINT (-81.050365 33.984325)
2025-09-24 11:28:21 UTC,sensor04,300372246,31.25,53.77,2025-09-24 19:34:18+00:00,33.984378,-81.050037,99.5,6.13,0.0,86.81,13.0,3D,2025-09-24 15:34:18-04:00,POINT (-81.050037 33.984378)
2025-09-24 11:28:26 UTC,sensor04,300372246,31.09,54.93,2025-09-24 19:34:23+00:00,33.984463,-81.049743,101.3,6.22,0.4,67.1,13.0,3D,2025-09-24 15:34:23-04:00,POINT (-81.049743 33.984463)
2025-09-24 11:28:31 UTC,sensor04,300372246,30.94,57.47,2025-09-24 19:34:28+00:00,33.984647,-81.04954,102.5,4.86,0.3,32.42,13.0,3D,2025-09-24 15:34:28-04:00,POINT (-81.04954 33.984647)
2025-09-24 11:28:36 UTC,sensor04,300372246,31.19,54.66,2025-09-24 19:34:33+00:00,33.984847,-81.049483,105.1,5.69,0.5,2.53,13.0,3D,2025-09-24 15:34:33-04:00,POINT (-81.049483 33.984847)
2025-09-24 11:28:41 UTC,sensor04,300372246,31.33,52.77,2025-09-24 19:34:37+00:00,33.98505,-81.049487,106.4,5.48,0.2,354.5,13.0,3D,2025-09-24 15:34:37-04:00,POINT (-81.049487 33.98505)
2025-09-24 11:28:47 UTC,sensor04,300372246,31.56,53.93,2025-09-24 19:34:42+00:00,33.985307,-81.049523,107.1,5.88,-0.8,348.22,13.0,3D,2025-09-24 15:34:42-04:00,POINT (-81.049523 33.985307)
2025-09-24 11:28:52 UTC,sensor04,300372246,31.7,49.75,2025-09-24 19:34:42+00:00,33.985307,-81.049523,107.1,5.88,-0.8,348.22,13.0,3D,2025-09-24 15:34:42-04:00,POINT (-81.049523 33.985307)
2025-09-24 11:28:57 UTC,sensor04,300372246,31.79,51.78,2025-09-24 19:34:53+00:00,33.985698,-81.049682,108.4,2.79,0.4,303.02,13.0,3D,2025-09-24 15:34:53-04:00,POINT (-81.049682 33.985698)
2025-09-24 11:29:02 UTC,sensor04,300372246,31.86,51.43,2025-09-24 19:34:58+00:00,33.985665,-81.04985,104.9,4.66,0.0,246.71,13.0,3D,2025-09-24 15:34:58-04:00,POINT (-81.04985 33.985665)
2025-09-24 11:29:07 UTC,sensor04,300372246,32.03,49.33,2025-09-24 19:35:03+00:00,33.985548,-81.050132,105.2,5.73,0.1,238.5,13.0,3D,2025-09-24 15:35:03-04:00,POINT (-81.050132 33.985548)
2025-09-24 11:29:12 UTC,sensor04,300372246,32.09,49.52,2025-09-24 19:35:09+00:00,33.985402,-81.050473,101.5,6.61,0.1,0.0,13.0,3D,2025-09-24 15:35:09-04:00,POINT (-81.050473 33.985402)
2025-09-24 11:29:17 UTC,sensor04,300372246,31.75,50.61,2025-09-24 19:35:14+00:00,33.985263,-81.050817,104.0,6.76,0.6,0.0,13.0,3D,2025-09-24 15:35:14-04:00,POINT (-81.050817 33.985263)
2025-09-24 11:29:22 UTC,sensor04,300372246,31.53,53.08,2025-09-24 19:35:19+00:00,33.985178,-81.051122,103.1,5.84,0.5,0.0,13.0,3D,2025-09-24 15:35:19-04:00,POINT (-81.051122 33.985178)
2025-09-24 11:29:27 UTC,sensor04,300372246,31.3,52.57,2025-09-24 19:35:24+00:00,33.9851,-81.051385,101.0,5.35,0.5,250.55,13.0,3D,2025-09-24 15:35:24-04:00,POINT (-81.051385 33.9851)
2025-09-24 11:29:32 UTC,sensor04,300372246,31.2,52.94,2025-09-24 19:35:29+00:00,33.985018,-81.051647,103.3,5.45,0.5,247.16,13.0,3D,2025-09-24 15:35:29-04:00,POINT (-81.051647 33.985018)
2025-09-24 11:29:37 UTC,sensor04,300372246,31.23,53.34,2025-09-24 19:35:34+00:00,33.98498,-81.05192,104.5,5.19,0.3,249.29,13.0,3D,2025-09-24 15:35:34-04:00,POINT (-81.05192 33.98498)
2025-09-24 11:29:47 UTC,sensor04,300372246,31.6,50.11,2025-09-24 19:35:44+00:00,33.984918,-81.052255,106.2,3.55,0.7,269.12,13.0,3D,2025-09-24 15:35:44-04:00,POINT (-81.052255 33.984918)
2025-09-24 11:29:52 UTC,sensor04,300372246,31.55,50.36,2025-09-24 19:35:49+00:00,33.984935,-81.052508,105.9,5.71,-0.8,272.74,13.0,3D,2025-09-24 15:35:49-04:00,POINT (-81.052508 33.984935)
2025-09-24 11:29:57 UTC,sensor04,300372246,31.57,50.03,2025-09-24 19:35:54+00:00,33.984925,-81.052817,107.0,6.09,0.5,263.08,13.0,3D,2025-09-24 15:35:54-04:00,POINT (-81.052817 33.984925)
2025-09-24 11:30:02 UTC,sensor04,300372246,31.68,50.25,2025-09-24 19:35:59+00:00,33.984883,-81.053167,107.9,5.59,0.5,263.08,13.0,3D,2025-09-24 15:35:59-04:00,POINT (-81.053167 33.984883)
2025-09-24 11:30:07 UTC,sensor04,300372246,31.89,49.44,2025-09-24 19:36:04+00:00,33.984803,-81.053503,109.7,5.61,0.4,261.7,13.0,3D,2025-09-24 15:36:04-04:00,POINT (-81.053503 33.984803)
2025-09-24 11:30:12 UTC,sensor04,300372246,32.06,49.29,2025-09-24 19:36:09+00:00,33.984805,-81.053802,112.4,5.53,0.5,269.55,13.0,3D,2025-09-24 15:36:09-04:00,POINT (-81.053802 33.984805)
2025-09-24 11:30:17 UTC,sensor04,300372246,32.1,48.54,2025-09-24 19:36:14+00:00,33.984807,-81.054048,114.8,2.71,0.2,258.42,13.0,3D,2025-09-24 15:36:14-04:00,POINT (-81.054048 33.984807)
2025-09-24 11:30:22 UTC,sensor04,300372246,32.42,46.71,2025-09-24 19:36:19+00:00,33.98482,-81.054243,116.1,4.32,0.3,266.71,13.0,3D,2025-09-24 15:36:19-04:00,POINT (-81.054243 33.98482)
2025-09-24 11:30:27 UTC,sensor04,300372246,32.61,46.17,2025-09-24 19:36:24+00:00,33.984778,-81.054478,117.5,2.59,-0.1,260.01,13.0,3D,2025-09-24 15:36:24-04:00,POINT (-81.054478 33.984778)
2025-09-24 11:30:33 UTC,sensor04,300372246,32.83,45.87,2025-09-24 19:36:29+00:00,33.984782,-81.054587,118.7,2.86,0.4,258.25,13.0,3D,2025-09-24 15:36:29-04:00,POINT (-81.054587 33.984782)
2025-09-24 11:30:38 UTC,sensor04,300372246,32.86,46.06,2025-09-24 19:36:34+00:00,33.984758,-81.054775,119.6,3.11,0.3,256.4,13.0,3D,2025-09-24 15:36:34-04:00,POINT (-81.054775 33.984758)
2025-09-24 11:30:43 UTC,sensor04,300372246,32.76,45.17,2025-09-24 19:36:37+00:00,33.984742,-81.054867,120.5,2.96,0.2,249.93,13.0,3D,2025-09-24 15:36:37-04:00,POINT (-81.054867 33.984742)
2025-09-24 11:30:48 UTC,sensor04,300372246,32.94,44.16,2025-09-24 19:36:44+00:00,33.984683,-81.05528,120.8,5.48,0.04,260.01,13.0,3D,2025-09-24 15:36:44-04:00,POINT (-81.05528 33.984683)
2025-09-24 11:30:53 UTC,sensor04,300372246,33.14,43.44,2025-09-24 19:36:49+00:00,33.98469,-81.055538,120.8,3.09,-0.3,273.1,13.0,3D,2025-09-24 15:36:49-04:00,POINT (-81.055538 33.98469)
2025-09-24 11:31:13 UTC,sensor04,300372246,33.64,42.28,2025-09-24 19:37:10+00:00,33.984283,-81.055943,111.2,3.02,-0.4,0.0,13.0,3D,2025-09-24 15:37:10-04:00,POINT (-81.055943 33.984283)
2025-09-24 11:31:18 UTC,sensor04,300372246,33.83,41.97,2025-09-24 19:37:15+00:00,33.984017,-81.055913,111.5,7.58,0.0,171.23,13.0,3D,2025-09-24 15:37:15-04:00,POINT (-81.055913 33.984017)
2025-09-24 11:31:23 UTC,sensor04,300372246,33.35,42.0,2025-09-24 19:37:20+00:00,33.983665,-81.055822,111.2,8.44,0.0,169.43,13.0,3D,2025-09-24 15:37:20-04:00,POINT (-81.055822 33.983665)
2025-09-24 11:31:28 UTC,sensor04,300372246,33.49,42.44,2025-09-24 19:37:25+00:00,33.983273,-81.055753,105.9,8.2,-0.2,169.29,13.0,3D,2025-09-24 15:37:25-04:00,POINT (-81.055753 33.983273)
2025-09-24 11:31:33 UTC,sensor04,300372246,33.32,42.33,2025-09-24 19:37:30+00:00,33.982907,-81.055715,104.9,8.68,0.0,170.05,13.0,3D,2025-09-24 15:37:30-04:00,POINT (-81.055715 33.982907)
2025-09-24 11:31:38 UTC,sensor04,300372246,33.35,43.27,2025-09-24 19:37:35+00:00,33.982563,-81.055597,103.9,7.01,-0.3,165.7,13.0,3D,2025-09-24 15:37:35-04:00,POINT (-81.055597 33.982563)
2025-09-24 11:31:43 UTC,sensor04,300372246,33.49,42.52,2025-09-24 19:37:40+00:00,33.982378,-81.055547,104.2,2.41,0.2,201.63,13.0,3D,2025-09-24 15:37:40-04:00,POINT (-81.055547 33.982378)
2025-09-24 11:31:53 UTC,sensor04,300372246,33.73,42.13,2025-09-24 19:37:50+00:00,33.982333,-81.055703,104.9,3.29,0.0,203.94,13.0,3D,2025-09-24 15:37:50-04:00,POINT (-81.055703 33.982333)
2025-09-24 11:31:58 UTC,sensor04,300372246,33.87,42.02,2025-09-24 19:37:55+00:00,33.982178,-81.055647,105.7,4.51,0.2,160.99,13.0,3D,2025-09-24 15:37:55-04:00,POINT (-81.055647 33.982178)
2025-09-24 11:32:03 UTC,sensor04,300372246,33.63,42.08,2025-09-24 19:38:00+00:00,33.982,-81.055597,106.6,4.08,0.2,164.07,13.0,3D,2025-09-24 15:38:00-04:00,POINT (-81.055597 33.982)
2025-09-24 11:32:08 UTC,sensor04,300372246,33.47,42.77,2025-09-24 19:38:05+00:00,33.981757,-81.055533,106.6,5.95,0.3,169.87,13.0,3D,2025-09-24 15:38:05-04:00,POINT (-81.055533 33.981757)
2025-09-24 11:32:13 UTC,sensor04,300372246,33.59,43.07,2025-09-24 19:38:10+00:00,33.981538,-81.055475,107.0,5.53,0.3,161.86,13.0,3D,2025-09-24 15:38:10-04:00,POINT (-81.055475 33.981538)
2025-09-24 11:32:18 UTC,sensor04,300372246,33.67,42.92,2025-09-24 19:38:15+00:00,33.981275,-81.055415,107.2,5.65,0.0,166.6,13.0,3D,2025-09-24 15:38:15-04:00,POINT (-81.055415 33.981275)
2025-09-24 11:32:24 UTC,sensor04,300372246,33.91,42.33,2025-09-24 19:38:20+00:00,33.981092,-81.055372,107.4,2.47,0.1,163.09,13.0,3D,2025-09-24 15:38:20-04:00,POINT (-81.055372 33.981092)
2025-09-24 11:32:29 UTC,sensor04,300372246,33.93,42.11,2025-09-24 19:38:25+00:00,33.98101,-81.055503,104.9,3.21,-0.1,252.88,13.0,3D,2025-09-24 15:38:25-04:00,POINT (-81.055503 33.98101)
2025-09-24 11:32:34 UTC,sensor04,300372246,34.04,42.91,2025-09-24 19:38:30+00:00,33.98097,-81.055655,104.5,2.87,-0.1,225.58,13.0,3D,2025-09-24 15:38:30-04:00,POINT (-81.055655 33.98097)
2025-09-24 11:32:44 UTC,sensor04,300372246,34.11,42.36,2025-09-24 19:38:37+00:00,33.980872,-81.055747,102.6,2.49,-0.6,231.68,13.0,3D,2025-09-24 15:38:37-04:00,POINT (-81.055747 33.980872)
2025-09-24 11:32:49 UTC,sensor04,300372246,34.15,41.85,2025-09-24 19:38:45+00:00,33.980753,-81.05599,99.0,3.04,-0.45,194.83,13.0,3D,2025-09-24 15:38:45-04:00,POINT (-81.05599 33.980753)
2025-09-24 11:32:54 UTC,sensor04,300372246,34.1,41.64,2025-09-24 19:38:51+00:00,33.980638,-81.056087,95.9,3.2,-0.5,0.0,13.0,3D,2025-09-24 15:38:51-04:00,POINT (-81.056087 33.980638)
2025-09-24 11:32:59 UTC,sensor04,300372246,33.94,41.94,2025-09-24 19:38:56+00:00,33.980612,-81.056307,95.0,4.41,-0.2,0.0,13.0,3D,2025-09-24 15:38:56-04:00,POINT (-81.056307 33.980612)
2025-09-24 11:33:04 UTC,sensor04,300372246,33.96,42.65,2025-09-24 19:39:01+00:00,33.980558,-81.056535,94.8,4.02,0.1,0.0,13.0,3D,2025-09-24 15:39:01-04:00,POINT (-81.056535 33.980558)
2025-09-24 11:33:14 UTC,sensor04,300372246,34.26,42.25,2025-09-24 19:39:11+00:00,33.980493,-81.056735,94.7,2.31,0.0,215.01,13.0,3D,2025-09-24 15:39:11-04:00,POINT (-81.056735 33.980493)
2025-09-24 11:33:19 UTC,sensor04,300372246,33.97,42.51,2025-09-24 19:39:16+00:00,33.980287,-81.056745,93.8,5.54,0.0,172.03,13.0,3D,2025-09-24 15:39:16-04:00,POINT (-81.056745 33.980287)
2025-09-24 11:33:24 UTC,sensor04,300372246,33.99,42.71,2025-09-24 19:39:21+00:00,33.980053,-81.056712,93.2,3.73,-0.4,169.55,13.0,3D,2025-09-24 15:39:21-04:00,POINT (-81.056712 33.980053)
2025-09-24 11:33:29 UTC,sensor04,300372246,34.06,43.3,2025-09-24 19:39:26+00:00,33.979957,-81.056725,90.2,2.57,-0.4,217.61,13.0,3D,2025-09-24 15:39:26-04:00,POINT (-81.056725 33.979957)
2025-09-24 11:33:34 UTC,sensor04,300372246,33.81,42.35,2025-09-24 19:39:31+00:00,33.979887,-81.056992,89.6,7.19,-0.3,259.43,13.0,3D,2025-09-24 15:39:31-04:00,POINT (-81.056992 33.979887)
2025-09-24 11:33:39 UTC,sensor04,300372246,33.75,42.79,2025-09-24 19:39:36+00:00,33.979822,-81.057445,88.0,8.96,0.1,259.03,13.0,3D,2025-09-24 15:39:36-04:00,POINT (-81.057445 33.979822)
2025-09-24 11:33:44 UTC,sensor04,300372246,33.79,43.39,2025-09-24 19:39:41+00:00,33.979748,-81.057888,88.2,7.72,0.1,255.65,13.0,3D,2025-09-24 15:39:41-04:00,POINT (-81.057888 33.979748)
2025-09-24 11:33:49 UTC,sensor04,300372246,33.56,43.59,2025-09-24 19:39:46+00:00,33.979683,-81.058238,87.0,5.74,-0.1,259.04,13.0,3D,2025-09-24 15:39:46-04:00,POINT (-81.058238 33.979683)
2025-09-24 11:33:54 UTC,sensor04,300372246,33.61,43.92,2025-09-24 19:39:51+00:00,33.979675,-81.058442,86.0,3.07,-0.1,301.28,13.0,3D,2025-09-24 15:39:51-04:00,POINT (-81.058442 33.979675)
2025-09-24 11:33:59 UTC,sensor04,300372246,33.55,43.53,2025-09-24 19:39:56+00:00,33.979883,-81.058522,86.0,6.94,0.1,348.55,13.0,3D,2025-09-24 15:39:56-04:00,POINT (-81.058522 33.979883)
2025-09-24 11:34:04 UTC,sensor04,300372246,33.45,44.53,2025-09-24 19:40:01+00:00,33.98021,-81.0586,86.2,7.53,0.1,349.84,13.0,3D,2025-09-24 15:40:01-04:00,POINT (-81.0586 33.98021)
2025-09-24 11:34:09 UTC,sensor04,300372246,33.58,43.89,2025-09-24 19:40:06+00:00,33.98055,-81.058715,84.9,6.59,-0.2,345.05,13.0,3D,2025-09-24 15:40:06-04:00,POINT (-81.058715 33.98055)
2025-09-24 11:34:15 UTC,sensor04,300372246,33.55,44.44,2025-09-24 19:40:11+00:00,33.980843,-81.058802,83.5,6.9,0.1,348.05,13.0,3D,2025-09-24 15:40:11-04:00,POINT (-81.058802 33.980843)
2025-09-24 11:34:20 UTC,sensor04,300372246,33.46,44.06,2025-09-24 19:40:16+00:00,33.981157,-81.058867,82.9,6.53,0.0,346.82,13.0,3D,2025-09-24 15:40:16-04:00,POINT (-81.058867 33.981157)
2025-09-24 11:34:25 UTC,sensor04,300372246,33.39,42.73,2025-09-24 19:40:21+00:00,33.981437,-81.058932,80.3,6.82,-1.1,344.97,13.0,3D,2025-09-24 15:40:21-04:00,POINT (-81.058932 33.981437)
2025-09-24 11:34:30 UTC,sensor04,300372246,33.4,43.18,2025-09-24 19:40:26+00:00,33.981725,-81.059032,79.0,7.11,0.0,335.06,13.0,3D,2025-09-24 15:40:26-04:00,POINT (-81.059032 33.981725)
2025-09-24 11:34:35 UTC,sensor04,300372246,33.44,44.07,2025-09-24 19:40:31+00:00,33.981995,-81.05924,77.8,7.62,-0.2,330.41,13.0,3D,2025-09-24 15:40:31-04:00,POINT (-81.05924 33.981995)
2025-09-24 11:34:40 UTC,sensor04,300372246,33.59,43.21,2025-09-24 19:40:36+00:00,33.98227,-81.059423,77.7,5.05,0.0,329.5,13.0,3D,2025-09-24 15:40:36-04:00,POINT (-81.059423 33.98227)
2025-09-24 11:34:45 UTC,sensor04,300372246,33.52,42.69,2025-09-24 19:40:42+00:00,33.982442,-81.059572,78.5,4.06,0.15,0.0,13.0,3D,2025-09-24 15:40:42-04:00,POINT (-81.059572 33.982442)
2025-09-24 11:34:50 UTC,sensor04,300372246,33.66,43.21,2025-09-24 19:40:43+00:00,33.982487,-81.059605,78.9,7.12,0.4,329.94,13.0,3D,2025-09-24 15:40:43-04:00,POINT (-81.059605 33.982487)
2025-09-24 11:34:55 UTC,sensor04,300372246,33.75,42.4,2025-09-24 19:40:52+00:00,33.982915,-81.059867,80.4,4.04,0.0,0.0,13.0,3D,2025-09-24 15:40:52-04:00,POINT (-81.059867 33.982915)
2025-09-24 11:36:06 UTC,sensor04,300372246,34.79,39.97,2025-09-24 19:42:02+00:00,33.983238,-81.059953,81.0,4.08,0.1,52.41,13.0,3D,2025-09-24 15:42:02-04:00,POINT (-81.059953 33.983238)
2025-09-24 11:36:11 UTC,sensor04,300372246,34.4,42.03,2025-09-24 19:42:07+00:00,33.983407,-81.059603,81.1,9.25,-0.1,59.79,13.0,3D,2025-09-24 15:42:07-04:00,POINT (-81.059603 33.983407)
2025-09-24 11:36:16 UTC,sensor04,300372246,34.15,41.72,2025-09-24 19:42:12+00:00,33.983607,-81.059113,81.3,9.59,0.0,60.14,13.0,3D,2025-09-24 15:42:12-04:00,POINT (-81.059113 33.983607)
2025-09-24 11:36:21 UTC,sensor04,300372246,34.64,41.66,2025-09-24 19:42:17+00:00,33.983825,-81.058617,81.7,10.47,-0.1,59.86,13.0,3D,2025-09-24 15:42:17-04:00,POINT (-81.058617 33.983825)
2025-09-24 11:36:26 UTC,sensor04,300372246,34.51,41.58,2025-09-24 19:42:22+00:00,33.984065,-81.058118,81.0,10.94,-0.4,59.78,13.0,3D,2025-09-24 15:42:22-04:00,POINT (-81.058118 33.984065)
2025-09-24 11:36:31 UTC,sensor04,300372246,34.84,41.23,2025-09-24 19:42:28+00:00,33.984378,-81.057477,78.7,12.03,-0.3,0.0,13.0,3D,2025-09-24 15:42:28-04:00,POINT (-81.057477 33.984378)
2025-09-24 11:36:36 UTC,sensor04,300372246,34.53,41.07,2025-09-24 19:42:33+00:00,33.984657,-81.0569,76.2,12.39,-0.5,0.0,13.0,3D,2025-09-24 15:42:33-04:00,POINT (-81.0569 33.984657)
2025-09-24 11:36:41 UTC,sensor04,300372246,34.07,41.75,2025-09-24 19:42:38+00:00,33.984913,-81.05635,73.9,11.44,0.0,0.0,13.0,3D,2025-09-24 15:42:38-04:00,POINT (-81.05635 33.984913)
2025-09-24 11:36:46 UTC,sensor04,300372246,34.0,42.74,2025-09-24 19:42:43+00:00,33.985123,-81.055833,72.0,10.24,-0.7,0.0,4.0,3D,2025-09-24 15:42:43-04:00,POINT (-81.055833 33.985123)
2025-09-24 11:36:51 UTC,sensor04,300372246,33.53,44.71,2025-09-24 19:42:48+00:00,33.985298,-81.055267,70.3,11.88,0.0,0.0,8.0,3D,2025-09-24 15:42:48-04:00,POINT (-81.055267 33.985298)
2025-09-24 11:36:56 UTC,sensor04,300372246,33.22,45.34,2025-09-24 19:42:53+00:00,33.985467,-81.054697,69.9,10.75,-0.1,0.0,8.0,3D,2025-09-24 15:42:53-04:00,POINT (-81.054697 33.985467)
2025-09-24 11:37:01 UTC,sensor04,300372246,32.74,47.63,2025-09-24 19:42:58+00:00,33.985635,-81.054163,69.9,10.53,0.0,0.0,13.0,3D,2025-09-24 15:42:58-04:00,POINT (-81.054163 33.985635)
2025-09-24 11:37:06 UTC,sensor04,300372246,32.65,48.93,2025-09-24 19:43:03+00:00,33.985797,-81.053632,70.6,9.68,0.2,0.0,13.0,3D,2025-09-24 15:43:03-04:00,POINT (-81.053632 33.985797)
2025-09-24 11:37:11 UTC,sensor04,300372246,32.62,50.06,2025-09-24 19:43:08+00:00,33.985897,-81.053262,71.4,5.39,0.2,72.97,13.0,3D,2025-09-24 15:43:08-04:00,POINT (-81.053262 33.985897)
2025-09-24 11:37:16 UTC,sensor04,300372246,32.7,49.21,2025-09-24 19:43:13+00:00,33.98596,-81.053068,71.9,3.26,0.2,69.97,13.0,3D,2025-09-24 15:43:13-04:00,POINT (-81.053068 33.98596)
2025-09-24 11:37:21 UTC,sensor04,300372246,33.06,46.84,2025-09-24 19:43:18+00:00,33.986063,-81.052782,72.7,7.68,0.2,68.72,13.0,3D,2025-09-24 15:43:18-04:00,POINT (-81.052782 33.986063)
2025-09-24 11:37:26 UTC,sensor04,300372246,33.95,45.44,2025-09-24 19:43:23+00:00,33.986223,-81.052315,74.7,10.64,0.7,70.16,13.0,3D,2025-09-24 15:43:23-04:00,POINT (-81.052315 33.986223)
2025-09-24 11:37:31 UTC,sensor04,300372246,34.01,42.7,2025-09-24 19:43:28+00:00,33.986423,-81.051722,76.5,12.35,0.5,68.47,13.0,3D,2025-09-24 15:43:28-04:00,POINT (-81.051722 33.986423)
2025-09-24 11:37:36 UTC,sensor04,300372246,34.44,42.06,2025-09-24 19:43:33+00:00,33.986623,-81.051058,77.0,13.5,-0.1,70.63,13.0,3D,2025-09-24 15:43:33-04:00,POINT (-81.051058 33.986623)
2025-09-24 11:37:41 UTC,sensor04,300372246,34.15,42.4,2025-09-24 19:43:38+00:00,33.986825,-81.05038,75.1,13.39,-0.7,70.23,13.0,3D,2025-09-24 15:43:38-04:00,POINT (-81.05038 33.986825)
2025-09-24 11:37:46 UTC,sensor04,300372246,34.3,42.49,2025-09-24 19:43:43+00:00,33.987015,-81.04974,72.9,13.0,-0.6,67.87,13.0,3D,2025-09-24 15:43:43-04:00,POINT (-81.04974 33.987015)
2025-09-24 11:37:52 UTC,sensor04,300372246,34.04,47.61,2025-09-24 19:43:48+00:00,33.987217,-81.049108,72.1,12.32,-0.2,69.05,13.0,3D,2025-09-24 15:43:48-04:00,POINT (-81.049108 33.987217)
2025-09-24 11:37:57 UTC,sensor04,300372246,33.79,44.49,2025-09-24 19:43:53+00:00,33.987428,-81.048442,72.8,13.92,0.3,70.54,13.0,3D,2025-09-24 15:43:53-04:00,POINT (-81.048442 33.987428)
2025-09-24 11:38:02 UTC,sensor04,300372246,33.6,43.76,2025-09-24 19:43:58+00:00,33.987647,-81.047745,74.5,13.96,0.3,70.22,13.0,3D,2025-09-24 15:43:58-04:00,POINT (-81.047745 33.987647)
2025-09-24 11:38:07 UTC,sensor04,300372246,33.14,42.82,2025-09-24 19:44:03+00:00,33.987865,-81.047027,75.8,13.96,0.3,70.01,13.0,3D,2025-09-24 15:44:03-04:00,POINT (-81.047027 33.987865)
2025-09-24 11:38:12 UTC,sensor04,300372246,33.06,43.33,2025-09-24 19:44:08+00:00,33.988057,-81.046358,76.1,13.23,0.0,70.14,13.0,3D,2025-09-24 15:44:08-04:00,POINT (-81.046358 33.988057)
2025-09-24 11:38:17 UTC,sensor04,300372246,33.21,43.62,2025-09-24 19:44:13+00:00,33.988253,-81.045693,75.5,13.38,-0.2,69.79,13.0,3D,2025-09-24 15:44:13-04:00,POINT (-81.045693 33.988253)
2025-09-24 11:38:22 UTC,sensor04,300372246,33.63,43.69,2025-09-24 19:44:19+00:00,33.98848,-81.044925,74.2,12.6,-0.1,0.0,13.0,3D,2025-09-24 15:44:19-04:00,POINT (-81.044925 33.98848)
2025-09-24 11:38:27 UTC,sensor04,300372246,34.15,44.54,2025-09-24 19:44:24+00:00,33.988662,-81.044243,74.1,13.45,0.1,0.0,13.0,3D,2025-09-24 15:44:24-04:00,POINT (-81.044243 33.988662)
2025-09-24 11:38:32 UTC,sensor04,300372246,34.02,43.84,2025-09-24 19:44:29+00:00,33.988862,-81.043522,74.9,13.89,0.2,71.61,13.0,3D,2025-09-24 15:44:29-04:00,POINT (-81.043522 33.988862)
2025-09-24 11:38:37 UTC,sensor04,300372246,34.61,42.3,2025-09-24 19:44:34+00:00,33.989077,-81.042878,72.7,10.97,-0.1,68.57,13.0,3D,2025-09-24 15:44:34-04:00,POINT (-81.042878 33.989077)
2025-09-24 11:38:42 UTC,sensor04,300372246,34.43,41.32,2025-09-24 19:44:39+00:00,33.98923,-81.042352,71.7,10.05,-0.1,0.0,13.0,3D,2025-09-24 15:44:39-04:00,POINT (-81.042352 33.98923)
2025-09-24 11:38:47 UTC,sensor04,300372246,34.46,41.44,2025-09-24 19:44:43+00:00,33.989343,-81.041977,71.6,9.21,-0.03,0.0,13.0,3D,2025-09-24 15:44:43-04:00,POINT (-81.041977 33.989343)
2025-09-24 11:40:33 UTC,sensor04,300372246,35.68,39.65,2025-09-24 19:46:30+00:00,33.98953,-81.041325,74.4,7.83,0.0,71.8,13.0,3D,2025-09-24 15:46:30-04:00,POINT (-81.041325 33.98953)
2025-09-24 11:40:38 UTC,sensor04,300372246,35.25,39.65,2025-09-24 19:46:35+00:00,33.989678,-81.04082,74.8,11.51,0.1,69.85,13.0,3D,2025-09-24 15:46:35-04:00,POINT (-81.04082 33.989678)
2025-09-24 11:40:43 UTC,sensor04,300372246,35.07,39.86,2025-09-24 19:46:39+00:00,33.989838,-81.04034,75.8,12.38,0.3,69.28,13.0,3D,2025-09-24 15:46:39-04:00,POINT (-81.04034 33.989838)
2025-09-24 11:40:48 UTC,sensor04,300372246,35.01,40.68,2025-09-24 19:46:43+00:00,33.989998,-81.039843,77.1,12.3,0.33,0.0,4.0,3D,2025-09-24 15:46:43-04:00,POINT (-81.039843 33.989998)
2025-09-24 11:40:53 UTC,sensor04,300372246,34.79,40.4,2025-09-24 19:46:50+00:00,33.990288,-81.038967,80.5,12.23,0.5,69.92,13.0,3D,2025-09-24 15:46:50-04:00,POINT (-81.038967 33.990288)
2025-09-24 11:40:58 UTC,sensor04,300372246,34.91,40.48,2025-09-24 19:46:55+00:00,33.99051,-81.038317,83.2,13.53,0.6,69.52,13.0,3D,2025-09-24 15:46:55-04:00,POINT (-81.038317 33.99051)
2025-09-24 11:41:03 UTC,sensor04,300372246,34.59,40.83,2025-09-24 19:47:00+00:00,33.990738,-81.037627,83.7,13.73,-0.1,69.35,13.0,3D,2025-09-24 15:47:00-04:00,POINT (-81.037627 33.990738)
2025-09-24 11:41:08 UTC,sensor04,300372246,34.87,40.86,2025-09-24 19:47:05+00:00,33.990958,-81.036923,81.4,13.96,-0.6,69.59,13.0,3D,2025-09-24 15:47:05-04:00,POINT (-81.036923 33.990958)
2025-09-24 11:41:13 UTC,sensor04,300372246,34.92,41.26,2025-09-24 19:47:10+00:00,33.991152,-81.03623,79.3,12.62,-0.2,71.68,13.0,3D,2025-09-24 15:47:10-04:00,POINT (-81.03623 33.991152)
2025-09-24 11:41:18 UTC,sensor04,300372246,34.43,42.09,2025-09-24 19:47:15+00:00,33.991307,-81.035642,79.6,9.96,0.0,70.76,13.0,3D,2025-09-24 15:47:15-04:00,POINT (-81.035642 33.991307)
2025-09-24 11:41:23 UTC,sensor04,300372246,34.25,43.06,2025-09-24 19:47:20+00:00,33.991397,-81.035288,79.7,4.23,0.1,68.37,13.0,3D,2025-09-24 15:47:20-04:00,POINT (-81.035288 33.991397)
2025-09-24 11:41:54 UTC,sensor04,300372246,33.84,43.57,2025-09-24 19:47:51+00:00,33.991472,-81.034828,75.3,3.63,-0.2,0.0,13.0,3D,2025-09-24 15:47:51-04:00,POINT (-81.034828 33.991472)
2025-09-24 11:41:59 UTC,sensor04,300372246,34.11,43.16,2025-09-24 19:47:56+00:00,33.991555,-81.03457,75.3,6.69,0.2,0.0,13.0,3D,2025-09-24 15:47:56-04:00,POINT (-81.03457 33.991555)
2025-09-24 11:42:04 UTC,sensor04,300372246,33.97,42.61,2025-09-24 19:48:01+00:00,33.99169,-81.034218,75.8,7.27,0.1,0.0,13.0,3D,2025-09-24 15:48:01-04:00,POINT (-81.034218 33.99169)
2025-09-24 11:42:09 UTC,sensor04,300372246,34.13,42.59,2025-09-24 19:48:06+00:00,33.991862,-81.033778,76.7,9.46,0.2,0.0,13.0,3D,2025-09-24 15:48:06-04:00,POINT (-81.033778 33.991862)
2025-09-24 11:42:14 UTC,sensor04,300372246,34.32,42.1,2025-09-24 19:48:11+00:00,33.992027,-81.033298,78.0,9.28,0.2,68.59,13.0,3D,2025-09-24 15:48:11-04:00,POINT (-81.033298 33.992027)
2025-09-24 11:42:19 UTC,sensor04,300372246,34.26,41.84,2025-09-24 19:48:16+00:00,33.992165,-81.032878,79.7,6.35,0.3,68.44,13.0,3D,2025-09-24 15:48:16-04:00,POINT (-81.032878 33.992165)
2025-09-24 11:42:34 UTC,sensor04,300372246,34.62,41.75,2025-09-24 19:48:31+00:00,33.992368,-81.032353,85.1,4.08,0.4,69.31,13.0,3D,2025-09-24 15:48:31-04:00,POINT (-81.032353 33.992368)
2025-09-24 11:43:40 UTC,sensor04,300372246,34.53,40.22,2025-09-24 19:49:37+00:00,33.99245,-81.032118,88.9,6.05,0.4,0.0,13.0,3D,2025-09-24 15:49:37-04:00,POINT (-81.032118 33.99245)
2025-09-24 11:43:45 UTC,sensor04,300372246,34.34,41.16,2025-09-24 19:49:42+00:00,33.99257,-81.031712,91.2,8.83,0.5,0.0,13.0,3D,2025-09-24 15:49:42-04:00,POINT (-81.031712 33.99257)
2025-09-24 11:43:50 UTC,sensor04,300372246,34.59,41.69,2025-09-24 19:49:47+00:00,33.99271,-81.031232,93.3,9.68,0.4,0.0,13.0,3D,2025-09-24 15:49:47-04:00,POINT (-81.031232 33.99271)
2025-09-24 11:43:55 UTC,sensor04,300372246,34.46,41.45,2025-09-24 19:49:52+00:00,33.992862,-81.03076,96.2,7.16,0.5,72.81,13.0,3D,2025-09-24 15:49:52-04:00,POINT (-81.03076 33.992862)
2025-09-24 11:44:40 UTC,sensor04,300372246,34.39,41.13,2025-09-24 19:50:37+00:00,33.993083,-81.030137,101.1,7.11,0.1,72.15,13.0,3D,2025-09-24 15:50:37-04:00,POINT (-81.030137 33.993083)
2025-09-24 11:44:45 UTC,sensor04,300372246,34.62,41.47,2025-09-24 19:50:40+00:00,33.993167,-81.029848,101.7,9.65,0.2,70.36,13.0,3D,2025-09-24 15:50:40-04:00,POINT (-81.029848 33.993167)
2025-09-24 11:44:50 UTC,sensor04,300372246,34.7,42.09,2025-09-24 19:50:40+00:00,33.993167,-81.029848,101.7,9.65,0.2,70.36,13.0,3D,2025-09-24 15:50:40-04:00,POINT (-81.029848 33.993167)
2025-09-24 11:44:55 UTC,sensor04,300372246,34.56,41.77,2025-09-24 19:50:52+00:00,33.993558,-81.028542,104.4,9.79,0.2,68.43,13.0,3D,2025-09-24 15:50:52-04:00,POINT (-81.028542 33.993558)
2025-09-24 11:45:01 UTC,sensor04,300372246,33.74,42.28,2025-09-24 19:50:57+00:00,33.993712,-81.027997,105.1,11.48,0.1,70.67,13.0,3D,2025-09-24 15:50:57-04:00,POINT (-81.027997 33.993712)
2025-09-24 11:45:06 UTC,sensor04,300372246,32.87,44.41,2025-09-24 19:51:01+00:00,33.993865,-81.027508,105.4,12.65,0.1,0.0,13.0,3D,2025-09-24 15:51:01-04:00,POINT (-81.027508 33.993865)
2025-09-24 11:45:11 UTC,sensor04,300372246,32.72,45.68,2025-09-24 19:51:06+00:00,33.994085,-81.026853,104.7,12.79,-0.2,0.0,13.0,3D,2025-09-24 15:51:06-04:00,POINT (-81.026853 33.994085)
2025-09-24 11:45:16 UTC,sensor04,300372246,33.44,45.14,2025-09-24 19:51:12+00:00,33.994327,-81.026233,104.5,8.42,0.1,66.81,13.0,3D,2025-09-24 15:51:12-04:00,POINT (-81.026233 33.994327)
2025-09-24 11:45:21 UTC,sensor04,300372246,33.77,43.88,2025-09-24 19:51:17+00:00,33.994533,-81.025875,105.8,4.43,1.2,67.66,13.0,3D,2025-09-24 15:51:17-04:00,POINT (-81.025875 33.994533)
2025-09-24 11:45:36 UTC,sensor04,300372246,34.17,43.44,2025-09-24 19:51:33+00:00,33.99453,-81.025807,108.2,2.42,0.0,0.0,13.0,3D,2025-09-24 15:51:33-04:00,POINT (-81.025807 33.99453)
2025-09-24 11:45:41 UTC,sensor04,300372246,33.5,44.08,2025-09-24 19:51:38+00:00,33.994637,-81.025473,107.9,7.69,-0.1,0.0,4.0,3D,2025-09-24 15:51:38-04:00,POINT (-81.025473 33.994637)
2025-09-24 11:45:46 UTC,sensor04,300372246,33.37,45.97,2025-09-24 19:51:43+00:00,33.994723,-81.025182,107.0,3.66,-0.2,0.0,4.0,3D,2025-09-24 15:51:43-04:00,POINT (-81.025182 33.994723)
2025-09-24 11:45:51 UTC,sensor04,300372246,33.26,46.66,2025-09-24 19:51:48+00:00,33.994748,-81.025048,105.6,3.13,-0.7,0.0,8.0,3D,2025-09-24 15:51:48-04:00,POINT (-81.025048 33.994748)
2025-09-24 11:45:56 UTC,sensor04,300372246,33.1,46.84,2025-09-24 19:51:53+00:00,33.994757,-81.024938,104.2,2.46,-0.2,0.0,12.0,3D,2025-09-24 15:51:53-04:00,POINT (-81.024938 33.994757)
2025-09-24 11:46:01 UTC,sensor04,300372246,33.17,47.27,2025-09-24 19:51:58+00:00,33.994818,-81.024675,102.9,7.13,-0.2,0.0,13.0,3D,2025-09-24 15:51:58-04:00,POINT (-81.024675 33.994818)
2025-09-24 11:46:06 UTC,sensor04,300372246,33.78,45.28,2025-09-24 19:52:03+00:00,33.994952,-81.02427,101.0,8.57,-0.4,65.15,13.0,3D,2025-09-24 15:52:03-04:00,POINT (-81.02427 33.994952)
2025-09-24 11:46:11 UTC,sensor04,300372246,33.88,44.48,2025-09-24 19:52:08+00:00,33.995088,-81.023928,99.9,7.34,-0.3,60.26,13.0,3D,2025-09-24 15:52:08-04:00,POINT (-81.023928 33.995088)
2025-09-24 11:46:16 UTC,sensor04,300372246,33.92,43.38,2025-09-24 19:52:13+00:00,33.995328,-81.023505,99.4,11.15,-0.1,49.51,13.0,3D,2025-09-24 15:52:13-04:00,POINT (-81.023505 33.995328)
2025-09-24 11:46:21 UTC,sensor04,300372246,34.16,43.84,2025-09-24 19:52:18+00:00,33.995708,-81.023022,98.0,11.94,-0.6,44.38,13.0,3D,2025-09-24 15:52:18-04:00,POINT (-81.023022 33.995708)
2025-09-24 11:46:26 UTC,sensor04,300372246,33.7,44.88,2025-09-24 19:52:23+00:00,33.996098,-81.022558,97.1,12.24,-0.4,43.42,13.0,3D,2025-09-24 15:52:23-04:00,POINT (-81.022558 33.996098)
2025-09-24 11:46:31 UTC,sensor04,300372246,33.62,45.93,2025-09-24 19:52:28+00:00,33.996475,-81.022107,96.1,11.27,-0.2,44.45,13.0,3D,2025-09-24 15:52:28-04:00,POINT (-81.022107 33.996475)
2025-09-24 11:46:36 UTC,sensor04,300372246,33.66,46.29,2025-09-24 19:52:33+00:00,33.996832,-81.021697,94.4,11.06,-0.3,43.41,13.0,3D,2025-09-24 15:52:33-04:00,POINT (-81.021697 33.996832)
2025-09-24 11:46:41 UTC,sensor04,300372246,33.71,45.38,2025-09-24 19:52:38+00:00,33.997197,-81.021283,93.2,11.36,-0.3,44.01,13.0,3D,2025-09-24 15:52:38-04:00,POINT (-81.021283 33.997197)
2025-09-24 11:46:46 UTC,sensor04,300372246,33.92,44.09,2025-09-24 19:52:41+00:00,33.997432,-81.021015,93.0,12.67,0.0,0.0,13.0,3D,2025-09-24 15:52:41-04:00,POINT (-81.021015 33.997432)
2025-09-24 11:46:52 UTC,sensor04,300372246,33.96,43.65,2025-09-24 19:52:48+00:00,33.997955,-81.02028,92.6,13.05,-0.06,59.47,13.0,3D,2025-09-24 15:52:48-04:00,POINT (-81.02028 33.997955)
2025-09-24 11:46:57 UTC,sensor04,300372246,33.65,44.56,2025-09-24 19:52:53+00:00,33.998185,-81.019627,92.4,12.64,0.1,75.44,13.0,3D,2025-09-24 15:52:53-04:00,POINT (-81.019627 33.998185)
2025-09-24 11:47:02 UTC,sensor04,300372246,33.37,44.62,2025-09-24 19:52:58+00:00,33.998252,-81.018968,90.7,11.67,-0.1,86.36,13.0,3D,2025-09-24 15:52:58-04:00,POINT (-81.018968 33.998252)
2025-09-24 11:47:07 UTC,sensor04,300372246,33.42,43.63,2025-09-24 19:53:03+00:00,33.99818,-81.018372,89.6,10.41,-0.8,100.44,13.0,3D,2025-09-24 15:53:03-04:00,POINT (-81.018372 33.99818)
2025-09-24 11:47:12 UTC,sensor04,300372246,33.58,43.52,2025-09-24 19:53:08+00:00,33.998082,-81.017988,88.4,3.83,-0.2,108.75,13.0,3D,2025-09-24 15:53:08-04:00,POINT (-81.017988 33.998082)
2025-09-24 11:47:37 UTC,sensor04,300372246,33.96,42.07,2025-09-24 19:53:34+00:00,33.997998,-81.017717,85.9,6.96,-0.5,111.65,13.0,3D,2025-09-24 15:53:34-04:00,POINT (-81.017717 33.997998)
2025-09-24 11:47:42 UTC,sensor04,300372246,33.47,42.65,2025-09-24 19:53:39+00:00,33.997858,-81.01721,83.1,10.0,-0.6,107.62,13.0,3D,2025-09-24 15:53:39-04:00,POINT (-81.01721 33.997858)
2025-09-24 11:47:47 UTC,sensor04,300372246,33.59,43.18,2025-09-24 19:53:44+00:00,33.99767,-81.01662,80.5,11.27,-0.4,106.3,13.0,3D,2025-09-24 15:53:44-04:00,POINT (-81.01662 33.99767)
2025-09-24 11:47:52 UTC,sensor04,300372246,33.77,42.87,2025-09-24 19:53:49+00:00,33.997595,-81.016057,79.1,9.13,-0.2,95.3,13.0,3D,2025-09-24 15:53:49-04:00,POINT (-81.016057 33.997595)
2025-09-24 11:47:57 UTC,sensor04,300372246,33.56,42.59,2025-09-24 19:53:54+00:00,33.997555,-81.015698,79.6,3.45,0.7,99.42,13.0,3D,2025-09-24 15:53:54-04:00,POINT (-81.015698 33.997555)
2025-09-24 11:48:27 UTC,sensor04,300372246,34.44,41.26,2025-09-24 19:54:24+00:00,33.997568,-81.015545,80.1,4.99,0.3,81.42,13.0,3D,2025-09-24 15:54:24-04:00,POINT (-81.015545 33.997568)
2025-09-24 11:48:32 UTC,sensor04,300372246,34.07,41.38,2025-09-24 19:54:29+00:00,33.99775,-81.015402,82.0,5.64,0.5,353.33,13.0,3D,2025-09-24 15:54:29-04:00,POINT (-81.015402 33.99775)
2025-09-24 11:48:37 UTC,sensor04,300372246,33.95,41.81,2025-09-24 19:54:34+00:00,33.998108,-81.015565,83.5,7.7,0.3,339.65,13.0,3D,2025-09-24 15:54:34-04:00,POINT (-81.015565 33.998108)
2025-09-24 11:48:43 UTC,sensor04,300372246,34.28,41.82,2025-09-24 19:54:39+00:00,33.998387,-81.015683,84.4,6.28,0.2,338.53,13.0,3D,2025-09-24 15:54:39-04:00,POINT (-81.015683 33.998387)
2025-09-24 11:48:48 UTC,sensor04,300372246,34.17,41.31,2025-09-24 19:54:41+00:00,33.998492,-81.015732,84.7,5.84,0.2,338.68,13.0,3D,2025-09-24 15:54:41-04:00,POINT (-81.015732 33.998492)
2025-09-24 11:49:43 UTC,sensor04,300372246,34.62,40.67,2025-09-24 19:55:40+00:00,33.998892,-81.015883,81.2,7.75,-0.8,343.06,13.0,3D,2025-09-24 15:55:40-04:00,POINT (-81.015883 33.998892)
2025-09-24 11:49:48 UTC,sensor04,300372246,34.56,40.62,2025-09-24 19:55:45+00:00,33.999357,-81.016073,80.0,9.97,0.0,342.25,13.0,3D,2025-09-24 15:55:45-04:00,POINT (-81.016073 33.999357)
2025-09-24 11:49:53 UTC,sensor04,300372246,34.32,40.9,2025-09-24 19:55:50+00:00,33.999773,-81.016245,81.3,8.52,0.5,338.48,13.0,3D,2025-09-24 15:55:50-04:00,POINT (-81.016245 33.999773)
2025-09-24 11:50:18 UTC,sensor04,300372246,35.13,39.72,2025-09-24 19:56:15+00:00,34.000257,-81.016407,85.4,5.4,0.2,354.01,13.0,3D,2025-09-24 15:56:15-04:00,POINT (-81.016407 34.000257)
2025-09-24 11:50:24 UTC,sensor04,300372246,34.83,39.9,2025-09-24 19:56:20+00:00,34.000415,-81.016225,86.9,6.93,0.2,74.23,13.0,3D,2025-09-24 15:56:20-04:00,POINT (-81.016225 34.000415)
2025-09-24 11:50:29 UTC,sensor04,300372246,34.25,40.86,2025-09-24 19:56:25+00:00,34.000543,-81.015777,88.4,9.5,0.3,69.05,13.0,3D,2025-09-24 15:56:25-04:00,POINT (-81.015777 34.000543)
2025-09-24 11:50:34 UTC,sensor04,300372246,34.13,41.16,2025-09-24 19:56:30+00:00,34.000693,-81.015372,88.1,7.56,0.2,51.17,13.0,3D,2025-09-24 15:56:30-04:00,POINT (-81.015372 34.000693)
2025-09-24 11:50:39 UTC,sensor04,300372246,33.81,41.72,2025-09-24 19:56:35+00:00,34.000983,-81.015102,90.1,9.43,0.7,33.45,13.0,3D,2025-09-24 15:56:35-04:00,POINT (-81.015102 34.000983)
2025-09-24 11:50:44 UTC,sensor04,300372246,33.66,43.08,2025-09-24 19:56:40+00:00,34.001345,-81.014827,91.5,9.41,0.5,30.9,13.0,3D,2025-09-24 15:56:40-04:00,POINT (-81.014827 34.001345)
2025-09-24 11:50:49 UTC,sensor04,300372246,33.44,44.07,2025-09-24 19:56:42+00:00,34.001492,-81.014715,91.8,9.28,0.2,0.0,13.0,3D,2025-09-24 15:56:42-04:00,POINT (-81.014715 34.001492)
2025-09-24 11:50:54 UTC,sensor04,300372246,33.25,43.31,2025-09-24 19:56:51+00:00,34.002063,-81.014248,93.8,8.0,0.2,0.0,13.0,3D,2025-09-24 15:56:51-04:00,POINT (-81.014248 34.002063)
2025-09-24 11:51:04 UTC,sensor04,300372246,33.27,43.56,2025-09-24 19:57:01+00:00,34.002388,-81.013837,95.4,7.81,0.1,44.78,13.0,3D,2025-09-24 15:57:01-04:00,POINT (-81.013837 34.002388)
2025-09-24 11:51:09 UTC,sensor04,300372246,33.54,44.08,2025-09-24 19:57:06+00:00,34.00261,-81.01353,96.4,6.26,0.1,51.71,13.0,3D,2025-09-24 15:57:06-04:00,POINT (-81.01353 34.00261)
2025-09-24 11:51:14 UTC,sensor04,300372246,33.7,44.26,2025-09-24 19:57:11+00:00,34.002655,-81.013327,97.3,2.92,0.2,108.62,13.0,3D,2025-09-24 15:57:11-04:00,POINT (-81.013327 34.002655)
2025-09-24 11:51:19 UTC,sensor04,300372246,33.7,44.47,2025-09-24 19:57:16+00:00,34.00251,-81.01315,98.3,6.42,0.1,136.08,13.0,3D,2025-09-24 15:57:16-04:00,POINT (-81.01315 34.00251)
2025-09-24 11:51:24 UTC,sensor04,300372246,33.73,44.25,2025-09-24 19:57:21+00:00,34.002328,-81.012932,99.3,4.39,0.2,133.56,13.0,3D,2025-09-24 15:57:21-04:00,POINT (-81.012932 34.002328)
2025-09-24 11:51:29 UTC,sensor04,300372246,34.11,43.57,2025-09-24 19:57:26+00:00,34.002228,-81.012828,100.0,2.25,0.2,142.56,13.0,3D,2025-09-24 15:57:26-04:00,POINT (-81.012828 34.002228)
2025-09-23 01:00:04 UTC,sensor08,236476534,32.92,44.83,2025-09-24 18:58:30+00:00,34.018992,-81.041395,129.7,15.07,-0.3,159.09,10.0,3D,2025-09-24 14:58:30-04:00,POINT (-81.041395 34.018992)
2025-09-23 01:00:09 UTC,sensor08,236476534,33.14,45.08,2025-09-24 18:58:35+00:00,34.018357,-81.041125,128.7,15.43,-0.2,159.87,9.0,3D,2025-09-24 14:58:35-04:00,POINT (-81.041125 34.018357)
2025-09-23 01:00:14 UTC,sensor08,236476534,33.32,44.64,2025-09-24 18:58:40+00:00,34.0177,-81.040735,125.7,15.55,-0.6,158.94,9.0,3D,2025-09-24 14:58:40-04:00,POINT (-81.040735 34.0177)
2025-09-23 01:00:29 UTC,sensor08,236476534,33.27,43.99,2025-09-24 18:58:55+00:00,34.01561,-81.039887,115.6,15.21,-0.4,160.59,9.0,3D,2025-09-24 14:58:55-04:00,POINT (-81.039887 34.01561)
2025-09-23 01:00:34 UTC,sensor08,236476534,33.52,43.53,2025-09-24 18:59:00+00:00,34.015045,-81.039658,113.3,12.27,-0.4,160.36,9.0,3D,2025-09-24 14:59:00-04:00,POINT (-81.039658 34.015045)
2025-09-23 01:00:39 UTC,sensor08,236476534,33.32,43.47,2025-09-24 18:59:06+00:00,34.014393,-81.0394,110.5,13.39,-0.4,0.0,9.0,3D,2025-09-24 14:59:06-04:00,POINT (-81.0394 34.014393)
2025-09-23 01:00:44 UTC,sensor08,236476534,33.14,43.22,2025-09-24 18:59:11+00:00,34.013918,-81.03921,108.0,8.9,-0.5,0.0,9.0,3D,2025-09-24 14:59:11-04:00,POINT (-81.03921 34.013918)
2025-09-23 01:00:50 UTC,sensor08,236476534,33.21,43.62,2025-09-24 18:59:16+00:00,34.013643,-81.039123,104.9,4.17,-0.6,0.0,9.0,3D,2025-09-24 14:59:16-04:00,POINT (-81.039123 34.013643)
2025-09-23 01:01:45 UTC,sensor08,236476534,34.12,41.55,2025-09-24 19:00:11+00:00,34.013373,-81.0391,102.8,5.74,0.0,222.82,10.0,3D,2025-09-24 15:00:11-04:00,POINT (-81.0391 34.013373)
2025-09-23 01:01:50 UTC,sensor08,236476534,33.55,42.54,2025-09-24 19:00:14+00:00,34.013275,-81.039353,102.7,10.12,-0.1,249.62,10.0,3D,2025-09-24 15:00:14-04:00,POINT (-81.039353 34.013275)
2025-09-23 01:01:55 UTC,sensor08,236476534,33.65,42.81,2025-09-24 19:00:19+00:00,34.013098,-81.03994,102.7,10.26,0.0,249.52,10.0,3D,2025-09-24 15:00:19-04:00,POINT (-81.03994 34.013098)
2025-09-23 01:03:16 UTC,sensor08,236476534,34.65,40.69,2025-09-24 19:01:42+00:00,34.01294,-81.040462,102.4,5.5,0.1,250.04,11.0,3D,2025-09-24 15:01:42-04:00,POINT (-81.040462 34.01294)
2025-09-23 01:03:21 UTC,sensor08,236476534,34.4,40.85,2025-09-24 19:01:47+00:00,34.012765,-81.040693,103.0,6.18,0.0,200.26,11.0,3D,2025-09-24 15:01:47-04:00,POINT (-81.040693 34.012765)
2025-09-23 01:03:26 UTC,sensor08,236476534,34.53,41.07,2025-09-24 19:01:52+00:00,34.012387,-81.040598,103.2,10.87,0.1,154.67,11.0,3D,2025-09-24 15:01:52-04:00,POINT (-81.040598 34.012387)
2025-09-23 01:03:31 UTC,sensor08,236476534,34.33,41.72,2025-09-24 19:01:57+00:00,34.011895,-81.040373,103.4,12.41,0.0,159.51,11.0,3D,2025-09-24 15:01:57-04:00,POINT (-81.040373 34.011895)
2025-09-23 01:03:36 UTC,sensor08,236476534,33.99,42.14,2025-09-24 19:02:02+00:00,34.011332,-81.040118,103.4,14.04,0.0,159.37,11.0,3D,2025-09-24 15:02:02-04:00,POINT (-81.040118 34.011332)
2025-09-23 01:03:41 UTC,sensor08,236476534,33.32,43.79,2025-09-24 19:02:07+00:00,34.010702,-81.039847,103.3,15.09,-0.1,158.59,10.0,3D,2025-09-24 15:02:07-04:00,POINT (-81.039847 34.010702)
2025-09-23 01:03:46 UTC,sensor08,236476534,33.1,44.6,2025-09-24 19:02:12+00:00,34.010067,-81.039552,103.5,14.93,0.0,159.38,11.0,3D,2025-09-24 15:02:12-04:00,POINT (-81.039552 34.010067)
2025-09-23 01:03:51 UTC,sensor08,236476534,32.86,44.4,2025-09-24 19:02:14+00:00,34.009813,-81.039447,103.6,14.92,0.0,160.41,11.0,3D,2025-09-24 15:02:14-04:00,POINT (-81.039447 34.009813)
2025-09-23 01:03:56 UTC,sensor08,236476534,33.57,44.5,2025-09-24 19:02:22+00:00,34.008783,-81.038993,104.1,14.73,0.0,160.54,17.0,3D,2025-09-24 15:02:22-04:00,POINT (-81.038993 34.008783)
2025-09-23 01:04:11 UTC,sensor08,236476534,33.56,43.35,2025-09-24 19:02:37+00:00,34.006727,-81.038093,102.4,13.12,0.0,159.84,10.0,3D,2025-09-24 15:02:37-04:00,POINT (-81.038093 34.006727)
2025-09-23 01:04:16 UTC,sensor08,236476534,33.18,44.48,2025-09-24 19:02:42+00:00,34.006322,-81.037927,102.2,7.24,-0.1,163.48,10.0,3D,2025-09-24 15:02:42-04:00,POINT (-81.037927 34.006322)
2025-09-23 01:04:26 UTC,sensor08,236476534,33.01,44.25,2025-09-24 19:02:52+00:00,34.006163,-81.037883,101.6,2.89,0.2,181.88,10.0,3D,2025-09-24 15:02:52-04:00,POINT (-81.037883 34.006163)
2025-09-23 01:04:32 UTC,sensor08,236476534,33.28,44.21,2025-09-24 19:02:58+00:00,34.00594,-81.038333,102.1,12.72,0.1,0.0,10.0,3D,2025-09-24 15:02:58-04:00,POINT (-81.038333 34.00594)
2025-09-23 01:04:37 UTC,sensor08,236476534,33.38,43.95,2025-09-24 19:03:03+00:00,34.00573,-81.038968,100.5,11.23,-0.3,0.0,10.0,3D,2025-09-24 15:03:03-04:00,POINT (-81.038968 34.00573)
2025-09-23 01:04:42 UTC,sensor08,236476534,33.63,43.7,2025-09-24 19:03:08+00:00,34.00553,-81.039302,97.6,5.9,-0.6,0.0,10.0,3D,2025-09-24 15:03:08-04:00,POINT (-81.039302 34.00553)
2025-09-23 01:04:47 UTC,sensor08,236476534,33.71,43.08,2025-09-24 19:03:13+00:00,34.00516,-81.039175,95.6,10.1,-0.2,157.88,10.0,3D,2025-09-24 15:03:13-04:00,POINT (-81.039175 34.00516)
2025-09-23 01:04:52 UTC,sensor08,236476534,33.72,43.3,2025-09-24 19:03:18+00:00,34.00475,-81.03897,94.3,8.87,-0.3,158.55,10.0,3D,2025-09-24 15:03:18-04:00,POINT (-81.03897 34.00475)
2025-09-23 01:04:57 UTC,sensor08,236476534,33.56,43.62,2025-09-24 19:03:23+00:00,34.004497,-81.03885,93.2,2.71,-0.2,155.46,10.0,3D,2025-09-24 15:03:23-04:00,POINT (-81.03885 34.004497)
2025-09-23 01:05:12 UTC,sensor08,236476534,33.09,43.99,2025-09-24 19:03:38+00:00,34.004355,-81.038793,93.0,6.37,-0.1,165.0,10.0,3D,2025-09-24 15:03:38-04:00,POINT (-81.038793 34.004355)
2025-09-23 01:05:17 UTC,sensor08,236476534,33.15,44.33,2025-09-24 19:03:43+00:00,34.004045,-81.038633,92.5,5.79,-0.1,158.67,10.0,3D,2025-09-24 15:03:43-04:00,POINT (-81.038633 34.004045)
2025-09-23 01:05:22 UTC,sensor08,236476534,33.21,44.09,2025-09-24 19:03:48+00:00,34.003668,-81.038463,92.0,11.21,0.0,159.18,10.0,3D,2025-09-24 15:03:48-04:00,POINT (-81.038463 34.003668)
2025-09-23 01:05:27 UTC,sensor08,236476534,32.99,44.12,2025-09-24 19:03:53+00:00,34.003243,-81.038282,91.9,7.1,0.0,158.36,10.0,3D,2025-09-24 15:03:53-04:00,POINT (-81.038282 34.003243)
2025-09-23 01:06:02 UTC,sensor08,236476534,33.46,43.4,2025-09-24 19:04:28+00:00,34.002978,-81.03818,91.5,5.34,-0.1,160.36,10.0,3D,2025-09-24 15:04:28-04:00,POINT (-81.03818 34.002978)
2025-09-23 01:06:07 UTC,sensor08,236476534,33.51,43.82,2025-09-24 19:04:33+00:00,34.002588,-81.038013,90.7,10.56,-0.2,160.3,10.0,3D,2025-09-24 15:04:33-04:00,POINT (-81.038013 34.002588)
2025-09-23 01:06:12 UTC,sensor08,236476534,32.95,43.86,2025-09-24 19:04:38+00:00,34.002108,-81.037808,89.8,11.5,-0.2,161.38,10.0,3D,2025-09-24 15:04:38-04:00,POINT (-81.037808 34.002108)
2025-09-23 01:06:17 UTC,sensor08,236476534,32.75,44.47,2025-09-24 19:04:43+00:00,34.001653,-81.03761,89.0,10.13,-0.2,160.97,10.0,3D,2025-09-24 15:04:43-04:00,POINT (-81.03761 34.001653)
2025-09-23 01:06:22 UTC,sensor08,236476534,32.94,44.75,2025-09-24 19:04:48+00:00,34.00123,-81.037427,88.1,10.14,-0.1,160.47,10.0,3D,2025-09-24 15:04:48-04:00,POINT (-81.037427 34.00123)
2025-09-23 01:06:27 UTC,sensor08,236476534,33.04,44.33,2025-09-24 19:04:53+00:00,34.000852,-81.037213,88.5,7.55,0.2,158.13,10.0,3D,2025-09-24 15:04:53-04:00,POINT (-81.037213 34.000852)
2025-09-23 01:06:32 UTC,sensor08,236476534,33.05,44.13,2025-09-24 19:04:58+00:00,34.000628,-81.037123,88.0,3.96,-0.1,160.65,10.0,3D,2025-09-24 15:04:58-04:00,POINT (-81.037123 34.000628)
2025-09-23 01:07:03 UTC,sensor08,236476534,33.1,44.55,2025-09-24 19:05:29+00:00,34.000463,-81.03699,88.5,2.41,0.1,164.89,10.0,3D,2025-09-24 15:05:29-04:00,POINT (-81.03699 34.000463)
2025-09-23 01:07:08 UTC,sensor08,236476534,32.81,44.17,2025-09-24 19:05:34+00:00,34.000208,-81.036847,89.2,9.5,0.0,160.89,10.0,3D,2025-09-24 15:05:34-04:00,POINT (-81.036847 34.000208)
2025-09-23 01:07:13 UTC,sensor08,236476534,32.97,44.4,2025-09-24 19:05:39+00:00,33.999757,-81.03667,89.5,10.6,0.0,161.19,10.0,3D,2025-09-24 15:05:39-04:00,POINT (-81.03667 33.999757)
2025-09-23 01:07:18 UTC,sensor08,236476534,33.17,44.27,2025-09-24 19:05:44+00:00,33.999345,-81.036542,92.3,8.17,0.0,161.23,10.0,3D,2025-09-24 15:05:44-04:00,POINT (-81.036542 33.999345)
2025-09-23 01:07:23 UTC,sensor08,236476534,33.1,44.1,2025-09-24 19:05:49+00:00,33.998997,-81.036437,94.4,8.83,0.1,161.33,10.0,3D,2025-09-24 15:05:49-04:00,POINT (-81.036437 33.998997)
2025-09-23 01:07:28 UTC,sensor08,236476534,33.0,44.3,2025-09-24 19:05:54+00:00,33.998542,-81.036242,94.4,11.79,-0.1,158.13,10.0,3D,2025-09-24 15:05:54-04:00,POINT (-81.036242 33.998542)
2025-09-23 01:07:33 UTC,sensor08,236476534,32.69,44.48,2025-09-24 19:05:59+00:00,33.998012,-81.035997,94.4,12.74,0.0,159.64,10.0,3D,2025-09-24 15:05:59-04:00,POINT (-81.035997 33.998012)
2025-09-23 01:07:43 UTC,sensor08,236476534,32.89,45.18,2025-09-24 19:06:09+00:00,33.99691,-81.035503,94.9,13.75,-0.1,159.11,10.0,3D,2025-09-24 15:06:09-04:00,POINT (-81.035503 33.99691)
2025-09-23 01:07:48 UTC,sensor08,236476534,32.72,44.94,2025-09-24 19:06:14+00:00,33.996393,-81.035282,94.2,10.02,-0.2,161.4,10.0,3D,2025-09-24 15:06:14-04:00,POINT (-81.035282 33.996393)
2025-09-23 01:08:08 UTC,sensor08,236476534,33.21,44.98,2025-09-24 19:06:34+00:00,33.996115,-81.035198,94.6,3.0,-0.1,198.15,10.0,3D,2025-09-24 15:06:34-04:00,POINT (-81.035198 33.996115)
2025-09-23 01:08:13 UTC,sensor08,236476534,33.39,43.67,2025-09-24 19:06:39+00:00,33.995987,-81.035458,94.3,7.43,0.0,250.16,10.0,3D,2025-09-24 15:06:39-04:00,POINT (-81.035458 33.995987)
2025-09-23 01:08:18 UTC,sensor08,236476534,33.19,43.42,2025-09-24 19:06:44+00:00,33.995873,-81.035835,93.8,7.95,-0.1,247.25,10.0,3D,2025-09-24 15:06:44-04:00,POINT (-81.035835 33.995873)
2025-09-23 01:08:23 UTC,sensor08,236476534,32.98,43.84,2025-09-24 19:06:49+00:00,33.995733,-81.036255,92.7,7.29,-0.3,249.3,10.0,3D,2025-09-24 15:06:49-04:00,POINT (-81.036255 33.995733)
2025-09-23 01:08:33 UTC,sensor08,236476534,33.39,43.84,2025-09-24 19:06:59+00:00,33.995573,-81.03664,91.0,5.25,-0.1,206.54,10.0,3D,2025-09-24 15:06:59-04:00,POINT (-81.03664 33.995573)
2025-09-23 01:08:38 UTC,sensor08,236476534,33.33,43.92,2025-09-24 19:07:04+00:00,33.995242,-81.036562,89.0,9.1,-0.2,157.65,10.0,3D,2025-09-24 15:07:04-04:00,POINT (-81.036562 33.995242)
2025-09-23 01:08:43 UTC,sensor08,236476534,33.15,44.17,2025-09-24 19:07:09+00:00,33.994882,-81.03639,87.8,7.29,-0.3,160.94,10.0,3D,2025-09-24 15:07:09-04:00,POINT (-81.03639 33.994882)
2025-09-23 01:08:48 UTC,sensor08,236476534,32.98,44.24,2025-09-24 19:07:14+00:00,33.994558,-81.036265,86.8,7.88,-0.2,161.86,10.0,3D,2025-09-24 15:07:14-04:00,POINT (-81.036265 33.994558)
2025-09-23 01:08:54 UTC,sensor08,236476534,33.5,43.83,2025-09-24 19:07:20+00:00,33.994242,-81.0362,86.0,5.71,-0.2,0.0,10.0,3D,2025-09-24 15:07:20-04:00,POINT (-81.0362 33.994242)
2025-09-23 01:08:59 UTC,sensor08,236476534,33.49,43.45,2025-09-24 19:07:25+00:00,33.99408,-81.036625,85.2,9.6,-0.2,0.0,10.0,3D,2025-09-24 15:07:25-04:00,POINT (-81.036625 33.99408)
2025-09-23 01:09:04 UTC,sensor08,236476534,33.3,43.55,2025-09-24 19:07:30+00:00,33.99391,-81.037128,82.0,11.25,-1.0,0.0,10.0,3D,2025-09-24 15:07:30-04:00,POINT (-81.037128 33.99391)
2025-09-23 01:09:09 UTC,sensor08,236476534,33.31,43.64,2025-09-24 19:07:35+00:00,33.993763,-81.037505,77.1,5.79,-1.5,0.0,10.0,3D,2025-09-24 15:07:35-04:00,POINT (-81.037505 33.993763)
2025-09-23 01:09:24 UTC,sensor08,236476534,33.31,43.08,2025-09-24 19:07:50+00:00,33.993607,-81.037662,74.7,4.98,0.0,179.89,10.0,3D,2025-09-24 15:07:50-04:00,POINT (-81.037662 33.993607)
2025-09-23 01:09:29 UTC,sensor08,236476534,32.99,43.79,2025-09-24 19:07:55+00:00,33.99324,-81.037532,74.1,8.9,0.1,155.64,10.0,3D,2025-09-24 15:07:55-04:00,POINT (-81.037532 33.99324)
2025-09-23 01:09:34 UTC,sensor08,236476534,32.62,44.26,2025-09-24 19:08:00+00:00,33.992792,-81.037367,73.1,9.7,-0.1,159.02,10.0,3D,2025-09-24 15:08:00-04:00,POINT (-81.037367 33.992792)
2025-09-23 01:09:54 UTC,sensor08,236476534,32.97,44.33,2025-09-24 19:08:20+00:00,33.992497,-81.037267,73.0,3.84,-0.04,134.83,10.0,3D,2025-09-24 15:08:20-04:00,POINT (-81.037267 33.992497)
2025-09-23 01:09:59 UTC,sensor08,236476534,32.8,44.41,2025-09-24 19:08:25+00:00,33.992487,-81.036822,72.6,10.16,-0.1,77.52,10.0,3D,2025-09-24 15:08:25-04:00,POINT (-81.036822 33.992487)
2025-09-23 01:10:04 UTC,sensor08,236476534,33.07,44.55,2025-09-24 19:08:30+00:00,33.99264,-81.036168,72.1,11.4,-0.1,71.6,11.0,3D,2025-09-24 15:08:30-04:00,POINT (-81.036168 33.99264)
2025-09-23 01:10:09 UTC,sensor08,236476534,33.48,43.87,2025-09-24 19:08:35+00:00,33.992802,-81.03571,71.7,5.73,-0.1,64.23,11.0,3D,2025-09-24 15:08:35-04:00,POINT (-81.03571 33.992802)
2025-09-23 01:10:24 UTC,sensor08,236476534,32.91,43.87,2025-09-24 19:08:50+00:00,33.992712,-81.035398,70.7,6.67,-0.2,154.78,11.0,3D,2025-09-24 15:08:50-04:00,POINT (-81.035398 33.992712)
2025-09-23 01:10:29 UTC,sensor08,236476534,33.13,44.48,2025-09-24 19:08:55+00:00,33.992305,-81.035203,69.8,9.48,-0.1,159.75,11.0,3D,2025-09-24 15:08:55-04:00,POINT (-81.035203 33.992305)
2025-09-23 01:10:34 UTC,sensor08,236476534,33.02,44.18,2025-09-24 19:09:00+00:00,33.991997,-81.035063,67.8,4.76,-0.2,157.11,11.0,3D,2025-09-24 15:09:00-04:00,POINT (-81.035063 33.991997)
2025-09-23 01:10:59 UTC,sensor08,236476534,33.73,43.7,2025-09-24 19:09:25+00:00,33.991778,-81.034943,66.9,5.79,-0.1,157.29,11.0,3D,2025-09-24 15:09:25-04:00,POINT (-81.034943 33.991778)
2025-09-23 01:11:05 UTC,sensor08,236476534,33.69,43.31,2025-09-24 19:09:30+00:00,33.991498,-81.034772,66.0,7.47,-0.2,149.96,11.0,3D,2025-09-24 15:09:30-04:00,POINT (-81.034772 33.991498)
2025-09-23 01:11:10 UTC,sensor08,236476534,33.6,44.41,2025-09-24 19:09:36+00:00,33.991107,-81.034585,64.7,8.19,-0.2,0.0,11.0,3D,2025-09-24 15:09:36-04:00,POINT (-81.034585 33.991107)
2025-09-23 01:11:15 UTC,sensor08,236476534,33.52,43.85,2025-09-24 19:09:41+00:00,33.990747,-81.034422,63.2,8.41,-0.4,0.0,12.0,3D,2025-09-24 15:09:41-04:00,POINT (-81.034422 33.990747)
2025-09-23 01:11:20 UTC,sensor08,236476534,33.55,44.57,2025-09-24 19:09:46+00:00,33.990407,-81.034248,61.7,7.67,-0.3,0.0,4.0,3D,2025-09-24 15:09:46-04:00,POINT (-81.034248 33.990407)
2025-09-23 01:11:25 UTC,sensor08,236476534,33.14,44.15,2025-09-24 19:09:51+00:00,33.990108,-81.034133,60.3,7.08,-0.3,0.0,4.0,3D,2025-09-24 15:09:51-04:00,POINT (-81.034133 33.990108)
2025-09-23 01:11:30 UTC,sensor08,236476534,32.91,44.44,2025-09-24 19:09:56+00:00,33.989828,-81.034163,59.2,5.85,-0.2,0.0,8.0,3D,2025-09-24 15:09:56-04:00,POINT (-81.034163 33.989828)
2025-09-23 01:11:35 UTC,sensor08,236476534,32.87,44.82,2025-09-24 19:10:01+00:00,33.989692,-81.034263,58.5,3.71,-0.1,0.0,8.0,3D,2025-09-24 15:10:01-04:00,POINT (-81.034263 33.989692)
2025-09-23 01:11:40 UTC,sensor08,236476534,33.16,45.57,2025-09-24 19:10:06+00:00,33.989585,-81.034433,58.1,4.51,-0.1,0.0,12.0,3D,2025-09-24 15:10:06-04:00,POINT (-81.034433 33.989585)
2025-09-23 01:11:45 UTC,sensor08,236476534,32.98,45.04,2025-09-24 19:10:11+00:00,33.989483,-81.034697,57.6,5.69,-0.1,0.0,12.0,3D,2025-09-24 15:10:11-04:00,POINT (-81.034697 33.989483)
2025-09-23 01:11:50 UTC,sensor08,236476534,33.02,45.94,2025-09-24 19:10:16+00:00,33.98937,-81.03499,57.5,5.77,-0.1,250.91,12.0,3D,2025-09-24 15:10:16-04:00,POINT (-81.03499 33.98937)
2025-09-23 01:11:55 UTC,sensor08,236476534,33.47,45.34,2025-09-24 19:10:21+00:00,33.989313,-81.035272,57.7,5.31,0.0,272.2,12.0,3D,2025-09-24 15:10:21-04:00,POINT (-81.035272 33.989313)
2025-09-23 01:12:00 UTC,sensor08,236476534,33.51,44.52,2025-09-24 19:10:26+00:00,33.98937,-81.035528,58.1,3.17,0.1,293.85,12.0,3D,2025-09-24 15:10:26-04:00,POINT (-81.035528 33.98937)
2025-09-23 01:12:05 UTC,sensor08,236476534,33.53,44.33,2025-09-24 19:10:31+00:00,33.989455,-81.035662,58.2,4.05,0.03,313.99,12.0,3D,2025-09-24 15:10:31-04:00,POINT (-81.035662 33.989455)
2025-09-23 01:12:10 UTC,sensor08,236476534,33.31,44.21,2025-09-24 19:10:36+00:00,33.989688,-81.035827,58.6,6.72,0.1,337.46,12.0,3D,2025-09-24 15:10:36-04:00,POINT (-81.035827 33.989688)
2025-09-23 01:12:15 UTC,sensor08,236476534,33.15,44.63,2025-09-24 19:10:41+00:00,33.99002,-81.035978,59.2,7.79,0.1,340.72,12.0,3D,2025-09-24 15:10:41-04:00,POINT (-81.035978 33.99002)
2025-09-23 01:12:20 UTC,sensor08,236476534,33.19,45.13,2025-09-24 19:10:46+00:00,33.990378,-81.036128,60.0,8.41,0.1,341.01,12.0,3D,2025-09-24 15:10:46-04:00,POINT (-81.036128 33.990378)
2025-09-23 01:12:25 UTC,sensor08,236476534,32.83,44.75,2025-09-24 19:10:51+00:00,33.990752,-81.036293,61.3,8.1,0.3,338.92,12.0,3D,2025-09-24 15:10:51-04:00,POINT (-81.036293 33.990752)
2025-09-23 01:13:05 UTC,sensor08,236476534,33.53,43.73,2025-09-24 19:11:31+00:00,33.991013,-81.036388,62.2,2.5,0.0,14.69,12.0,3D,2025-09-24 15:11:31-04:00,POINT (-81.036388 33.991013)
2025-09-23 01:13:10 UTC,sensor08,236476534,33.56,43.6,2025-09-24 19:11:36+00:00,33.99116,-81.0361,62.1,7.91,0.0,70.51,12.0,3D,2025-09-24 15:11:36-04:00,POINT (-81.0361 33.99116)
2025-09-23 01:13:15 UTC,sensor08,236476534,33.55,43.76,2025-09-24 19:11:41+00:00,33.991247,-81.035817,62.1,2.48,0.0,73.68,12.0,3D,2025-09-24 15:11:41-04:00,POINT (-81.035817 33.991247)
2025-09-23 01:13:51 UTC,sensor08,236476534,33.44,44.19,2025-09-24 19:12:17+00:00,33.991302,-81.035657,62.5,4.66,0.1,68.68,12.0,3D,2025-09-24 15:12:17-04:00,POINT (-81.035657 33.991302)
2025-09-23 01:13:56 UTC,sensor08,236476534,33.83,44.21,2025-09-24 19:12:22+00:00,33.991422,-81.035248,62.8,9.6,0.1,69.55,12.0,3D,2025-09-24 15:12:22-04:00,POINT (-81.035248 33.991422)
2025-09-23 01:14:01 UTC,sensor08,236476534,33.47,43.64,2025-09-24 19:12:27+00:00,33.991572,-81.034765,63.6,9.12,0.2,68.54,12.0,3D,2025-09-24 15:12:27-04:00,POINT (-81.034765 33.991572)
2025-09-23 01:14:06 UTC,sensor08,236476534,33.96,43.6,2025-09-24 19:12:32+00:00,33.991673,-81.03446,64.0,4.06,0.0,70.28,12.0,3D,2025-09-24 15:12:32-04:00,POINT (-81.03446 33.991673)
2025-09-23 01:14:11 UTC,sensor08,236476534,34.71,42.75,2025-09-24 19:12:37+00:00,33.99179,-81.03414,64.1,8.72,0.1,68.4,12.0,3D,2025-09-24 15:12:37-04:00,POINT (-81.03414 33.99179)
2025-09-23 01:14:16 UTC,sensor08,236476534,33.83,42.95,2025-09-24 19:12:42+00:00,33.991995,-81.033623,64.4,9.62,0.0,65.92,12.0,3D,2025-09-24 15:12:42-04:00,POINT (-81.033623 33.991995)
2025-09-23 01:15:02 UTC,sensor08,236476534,35.0,42.24,2025-09-24 19:13:28+00:00,33.992178,-81.03328,64.1,3.93,-0.1,0.0,12.0,3D,2025-09-24 15:13:28-04:00,POINT (-81.03328 33.992178)
2025-09-23 01:15:07 UTC,sensor08,236476534,34.14,42.43,2025-09-24 19:13:33+00:00,33.992525,-81.033402,63.9,9.67,0.1,0.0,12.0,3D,2025-09-24 15:13:33-04:00,POINT (-81.033402 33.992525)
2025-09-23 01:15:12 UTC,sensor08,236476534,33.5,43.82,2025-09-24 19:13:38+00:00,33.992975,-81.033608,64.5,11.39,0.1,0.0,12.0,3D,2025-09-24 15:13:38-04:00,POINT (-81.033608 33.992975)
2025-09-23 01:15:17 UTC,sensor08,236476534,33.79,45.58,2025-09-24 19:13:43+00:00,33.993437,-81.033822,64.9,10.42,0.1,339.22,12.0,3D,2025-09-24 15:13:43-04:00,POINT (-81.033822 33.993437)
2025-09-23 01:15:22 UTC,sensor08,236476534,33.6,43.7,2025-09-24 19:13:48+00:00,33.993892,-81.03401,65.3,10.43,0.1,338.86,12.0,3D,2025-09-24 15:13:48-04:00,POINT (-81.03401 33.993892)
2025-09-23 01:15:27 UTC,sensor08,236476534,33.53,42.92,2025-09-24 19:13:53+00:00,33.994375,-81.034177,66.1,10.43,0.0,341.92,12.0,3D,2025-09-24 15:13:53-04:00,POINT (-81.034177 33.994375)
2025-09-23 01:15:32 UTC,sensor08,236476534,33.83,43.02,2025-09-24 19:13:58+00:00,33.994695,-81.034345,68.6,6.96,0.3,338.55,12.0,3D,2025-09-24 15:13:58-04:00,POINT (-81.034345 33.994695)
2025-09-23 01:15:37 UTC,sensor08,236476534,33.53,42.9,2025-09-24 19:14:03+00:00,33.995073,-81.034543,70.6,10.69,0.3,338.26,12.0,3D,2025-09-24 15:14:03-04:00,POINT (-81.034543 33.995073)
2025-09-23 01:15:42 UTC,sensor08,236476534,33.2,43.31,2025-09-24 19:14:08+00:00,33.99554,-81.034747,72.4,10.66,0.4,340.98,12.0,3D,2025-09-24 15:14:08-04:00,POINT (-81.034747 33.99554)
2025-09-23 01:15:47 UTC,sensor08,236476534,33.08,44.6,2025-09-24 19:14:13+00:00,33.995893,-81.034983,75.9,6.48,1.1,337.93,12.0,3D,2025-09-24 15:14:13-04:00,POINT (-81.034983 33.995893)
2025-09-23 01:16:07 UTC,sensor08,236476534,32.46,44.78,2025-09-24 19:14:33+00:00,33.996235,-81.034327,79.0,9.84,0.3,68.63,12.0,3D,2025-09-24 15:14:33-04:00,POINT (-81.034327 33.996235)
2025-09-23 01:16:12 UTC,sensor08,236476534,32.65,44.75,2025-09-24 19:14:38+00:00,33.996423,-81.03388,81.8,7.25,1.2,67.29,12.0,3D,2025-09-24 15:14:38-04:00,POINT (-81.03388 33.996423)
2025-09-23 01:17:08 UTC,sensor08,236476534,33.61,43.83,2025-09-24 19:15:34+00:00,33.996685,-81.033463,86.1,3.1,0.0,0.0,12.0,3D,2025-09-24 15:15:34-04:00,POINT (-81.033463 33.996685)
2025-09-23 01:17:13 UTC,sensor08,236476534,33.21,43.34,2025-09-24 19:15:39+00:00,33.99691,-81.033448,86.3,7.84,0.1,0.0,12.0,3D,2025-09-24 15:15:39-04:00,POINT (-81.033448 33.99691)
2025-09-23 01:17:18 UTC,sensor08,236476534,32.87,44.04,2025-09-24 19:15:44+00:00,33.997352,-81.033622,87.1,11.17,0.2,0.0,12.0,3D,2025-09-24 15:15:44-04:00,POINT (-81.033622 33.997352)
2025-09-23 01:17:23 UTC,sensor08,236476534,32.95,44.1,2025-09-24 19:15:49+00:00,33.997752,-81.03379,87.7,7.2,-0.3,340.98,12.0,3D,2025-09-24 15:15:49-04:00,POINT (-81.03379 33.997752)
2025-09-23 01:17:43 UTC,sensor08,236476534,32.87,43.93,2025-09-24 19:16:09+00:00,33.997998,-81.03377,87.5,5.62,0.2,49.21,12.0,3D,2025-09-24 15:16:09-04:00,POINT (-81.03377 33.997998)
2025-09-23 01:17:48 UTC,sensor08,236476534,32.53,44.55,2025-09-24 19:16:14+00:00,33.998152,-81.033285,88.8,10.76,0.4,71.44,12.0,3D,2025-09-24 15:16:14-04:00,POINT (-81.033285 33.998152)
2025-09-23 01:17:53 UTC,sensor08,236476534,32.89,44.44,2025-09-24 19:16:16+00:00,33.998213,-81.033065,89.3,10.14,0.3,71.62,12.0,3D,2025-09-24 15:16:16-04:00,POINT (-81.033065 33.998213)
2025-09-23 01:18:18 UTC,sensor08,236476534,32.63,44.77,2025-09-24 19:16:44+00:00,33.998433,-81.032345,92.2,5.03,0.0,106.95,12.0,3D,2025-09-24 15:16:44-04:00,POINT (-81.032345 33.998433)
2025-09-23 01:18:23 UTC,sensor08,236476534,32.77,44.81,2025-09-24 19:16:49+00:00,33.998138,-81.032128,92.0,9.18,0.0,161.29,12.0,3D,2025-09-24 15:16:49-04:00,POINT (-81.032128 33.998138)
2025-09-23 01:18:28 UTC,sensor08,236476534,32.53,44.9,2025-09-24 19:16:54+00:00,33.99772,-81.031922,92.0,9.98,0.1,158.81,12.0,3D,2025-09-24 15:16:54-04:00,POINT (-81.031922 33.99772)
2025-09-23 01:18:33 UTC,sensor08,236476534,32.88,44.59,2025-09-24 19:16:59+00:00,33.997325,-81.031733,92.0,7.29,0.0,160.41,12.0,3D,2025-09-24 15:16:59-04:00,POINT (-81.031733 33.997325)
2025-09-23 01:18:38 UTC,sensor08,236476534,32.91,44.25,2025-09-24 19:17:04+00:00,33.99694,-81.031558,92.0,10.47,0.0,159.07,12.0,3D,2025-09-24 15:17:04-04:00,POINT (-81.031558 33.99694)
2025-09-23 01:18:43 UTC,sensor08,236476534,32.65,44.54,2025-09-24 19:17:09+00:00,33.996493,-81.031357,92.8,10.61,0.5,159.99,12.0,3D,2025-09-24 15:17:09-04:00,POINT (-81.031357 33.996493)
2025-09-23 01:18:48 UTC,sensor08,236476534,32.88,44.8,2025-09-24 19:17:14+00:00,33.996082,-81.031155,94.9,7.62,0.1,159.86,12.0,3D,2025-09-24 15:17:14-04:00,POINT (-81.031155 33.996082)
2025-09-23 01:18:58 UTC,sensor08,236476534,32.88,44.35,2025-09-24 19:17:24+00:00,33.995862,-81.031047,95.2,2.5,0.0,140.84,12.0,3D,2025-09-24 15:17:24-04:00,POINT (-81.031047 33.995862)
2025-09-23 01:19:04 UTC,sensor08,236476534,33.08,44.61,2025-09-24 19:17:30+00:00,33.995902,-81.030692,95.0,8.54,-0.1,0.0,12.0,3D,2025-09-24 15:17:30-04:00,POINT (-81.030692 33.995902)
2025-09-23 01:19:09 UTC,sensor08,236476534,33.51,44.91,2025-09-24 19:17:35+00:00,33.996042,-81.030233,95.0,8.68,0.0,0.0,12.0,3D,2025-09-24 15:17:35-04:00,POINT (-81.030233 33.996042)
2025-09-23 01:19:14 UTC,sensor08,236476534,33.28,44.17,2025-09-24 19:17:40+00:00,33.996153,-81.02988,95.5,4.8,0.0,0.0,12.0,3D,2025-09-24 15:17:40-04:00,POINT (-81.02988 33.996153)
2025-09-23 01:19:54 UTC,sensor08,236476534,32.74,44.52,2025-09-24 19:18:20+00:00,33.996233,-81.029677,95.3,2.72,-0.2,60.54,13.0,3D,2025-09-24 15:18:20-04:00,POINT (-81.029677 33.996233)
2025-09-23 01:20:09 UTC,sensor08,236476534,33.05,44.32,2025-09-24 19:18:35+00:00,33.996435,-81.029552,95.6,4.64,0.5,358.93,13.0,3D,2025-09-24 15:18:35-04:00,POINT (-81.029552 33.996435)
2025-09-23 01:20:14 UTC,sensor08,236476534,33.2,44.01,2025-09-24 19:18:40+00:00,33.996772,-81.029608,96.1,8.76,0.4,340.34,13.0,3D,2025-09-24 15:18:40-04:00,POINT (-81.029608 33.996772)
2025-09-23 01:20:19 UTC,sensor08,236476534,33.1,44.34,2025-09-24 19:18:45+00:00,33.99714,-81.029777,97.2,8.13,0.2,340.66,13.0,3D,2025-09-24 15:18:45-04:00,POINT (-81.029777 33.99714)
2025-09-23 01:20:24 UTC,sensor08,236476534,33.18,44.33,2025-09-24 19:18:50+00:00,33.997485,-81.029918,98.5,7.89,0.1,344.01,13.0,3D,2025-09-24 15:18:50-04:00,POINT (-81.029918 33.997485)
2025-09-23 01:20:29 UTC,sensor08,236476534,33.36,44.86,2025-09-24 19:18:55+00:00,33.997875,-81.030123,99.1,10.17,0.1,337.24,13.0,3D,2025-09-24 15:18:55-04:00,POINT (-81.030123 33.997875)
2025-09-23 01:20:34 UTC,sensor08,236476534,33.1,44.75,2025-09-24 19:19:00+00:00,33.99834,-81.030312,101.9,10.04,0.3,338.61,13.0,3D,2025-09-24 15:19:00-04:00,POINT (-81.030312 33.99834)
2025-09-23 01:20:39 UTC,sensor08,236476534,33.02,44.81,2025-09-24 19:19:05+00:00,33.998765,-81.030552,102.2,7.47,-0.1,334.47,13.0,3D,2025-09-24 15:19:05-04:00,POINT (-81.030552 33.998765)
2025-09-23 01:20:54 UTC,sensor08,236476534,32.86,44.58,2025-09-24 19:19:20+00:00,33.99898,-81.030642,104.5,4.24,0.5,345.77,13.0,3D,2025-09-24 15:19:20-04:00,POINT (-81.030642 33.99898)
2025-09-23 01:20:59 UTC,sensor08,236476534,32.73,44.95,2025-09-24 19:19:25+00:00,33.999393,-81.030897,103.6,11.33,-1.3,338.98,13.0,3D,2025-09-24 15:19:25-04:00,POINT (-81.030897 33.999393)
2025-09-23 01:21:05 UTC,sensor08,236476534,32.81,44.37,2025-09-24 19:19:30+00:00,33.99996,-81.031157,104.1,12.77,-0.1,338.05,13.0,3D,2025-09-24 15:19:30-04:00,POINT (-81.031157 33.99996)
2025-09-23 01:21:10 UTC,sensor08,236476534,32.74,44.8,2025-09-24 19:19:36+00:00,34.000632,-81.031415,105.0,13.12,0.1,0.0,13.0,3D,2025-09-24 15:19:36-04:00,POINT (-81.031415 34.000632)
2025-09-23 01:21:15 UTC,sensor08,236476534,32.82,44.41,2025-09-24 19:19:41+00:00,34.001195,-81.031642,107.1,12.19,0.5,0.0,13.0,3D,2025-09-24 15:19:41-04:00,POINT (-81.031642 34.001195)
2025-09-23 01:21:20 UTC,sensor08,236476534,32.52,44.58,2025-09-24 19:19:46+00:00,34.001592,-81.03177,109.2,6.87,0.2,0.0,13.0,3D,2025-09-24 15:19:46-04:00,POINT (-81.03177 34.001592)
2025-09-23 01:22:45 UTC,sensor08,236476534,32.64,43.74,2025-09-24 19:21:11+00:00,34.001995,-81.031972,108.4,9.84,-0.2,337.66,13.0,3D,2025-09-24 15:21:11-04:00,POINT (-81.031972 34.001995)
2025-09-23 01:22:50 UTC,sensor08,236476534,32.52,44.28,2025-09-24 19:21:16+00:00,34.002505,-81.032157,107.6,11.89,-0.2,341.53,13.0,3D,2025-09-24 15:21:16-04:00,POINT (-81.032157 34.002505)
2025-09-23 01:22:55 UTC,sensor08,236476534,32.55,44.51,2025-09-24 19:21:21+00:00,34.00293,-81.032338,106.8,6.78,-0.1,340.0,13.0,3D,2025-09-24 15:21:21-04:00,POINT (-81.032338 34.00293)
2025-09-23 01:23:31 UTC,sensor08,236476534,32.92,43.42,2025-09-24 19:21:57+00:00,34.003097,-81.03248,106.0,6.22,0.1,339.2,13.0,3D,2025-09-24 15:21:57-04:00,POINT (-81.03248 34.003097)
2025-09-23 01:23:36 UTC,sensor08,236476534,32.74,43.98,2025-09-24 19:22:02+00:00,34.003542,-81.03262,104.8,10.76,-0.3,339.53,13.0,3D,2025-09-24 15:22:02-04:00,POINT (-81.03262 34.003542)
2025-09-23 01:23:41 UTC,sensor08,236476534,32.77,44.3,2025-09-24 19:22:07+00:00,34.004017,-81.03282,104.0,11.14,0.0,339.5,13.0,3D,2025-09-24 15:22:07-04:00,POINT (-81.03282 34.004017)
2025-09-23 01:23:46 UTC,sensor08,236476534,32.97,44.36,2025-09-24 19:22:12+00:00,34.004397,-81.03298,103.4,6.4,-0.1,347.5,13.0,3D,2025-09-24 15:22:12-04:00,POINT (-81.03298 34.004397)
2025-09-23 01:23:51 UTC,sensor08,236476534,33.21,44.0,2025-09-24 19:22:17+00:00,34.004605,-81.032812,103.4,5.33,0.2,48.49,13.0,3D,2025-09-24 15:22:17-04:00,POINT (-81.032812 34.004605)
2025-09-23 01:23:56 UTC,sensor08,236476534,33.58,43.73,2025-09-24 19:22:21+00:00,34.00474,-81.032305,103.5,10.8,-0.1,0.0,13.0,3D,2025-09-24 15:22:21-04:00,POINT (-81.032305 34.00474)
2025-09-23 01:24:01 UTC,sensor08,236476534,33.4,43.68,2025-09-24 19:22:26+00:00,34.00488,-81.031815,103.7,8.36,0.5,0.0,13.0,3D,2025-09-24 15:22:26-04:00,POINT (-81.031815 34.00488)
2025-09-23 01:24:21 UTC,sensor08,236476534,32.98,43.09,2025-09-24 19:22:47+00:00,34.00501,-81.031342,105.7,8.68,-0.1,73.56,13.0,3D,2025-09-24 15:22:47-04:00,POINT (-81.031342 34.00501)
2025-09-23 01:24:26 UTC,sensor08,236476534,32.86,44.47,2025-09-24 19:22:52+00:00,34.005162,-81.030762,105.4,11.25,0.1,71.15,13.0,3D,2025-09-24 15:22:52-04:00,POINT (-81.030762 34.005162)
2025-09-23 01:24:31 UTC,sensor08,236476534,32.66,44.98,2025-09-24 19:22:57+00:00,34.005322,-81.030195,104.8,10.33,-0.2,67.37,13.0,3D,2025-09-24 15:22:57-04:00,POINT (-81.030195 34.005322)
2025-09-23 01:24:36 UTC,sensor08,236476534,32.87,45.05,2025-09-24 19:23:02+00:00,34.005477,-81.029687,104.3,10.61,-0.4,69.75,13.0,3D,2025-09-24 15:23:02-04:00,POINT (-81.029687 34.005477)
2025-09-23 01:24:41 UTC,sensor08,236476534,32.62,44.45,2025-09-24 19:23:07+00:00,34.005663,-81.02909,103.4,11.98,0.0,69.59,13.0,3D,2025-09-24 15:23:07-04:00,POINT (-81.02909 34.005663)
2025-09-23 01:24:46 UTC,sensor08,236476534,32.48,44.9,2025-09-24 19:23:12+00:00,34.005828,-81.028558,103.1,7.93,-0.1,70.74,13.0,3D,2025-09-24 15:23:12-04:00,POINT (-81.028558 34.005828)
2025-09-23 01:24:56 UTC,sensor08,236476534,32.56,44.87,2025-09-24 19:23:22+00:00,34.005875,-81.028253,102.0,3.99,-0.2,126.64,13.0,3D,2025-09-24 15:23:22-04:00,POINT (-81.028253 34.005875)
2025-09-23 01:25:01 UTC,sensor08,236476534,32.59,44.89,2025-09-24 19:23:27+00:00,34.005488,-81.02806,100.6,11.21,-0.2,159.15,13.0,3D,2025-09-24 15:23:27-04:00,POINT (-81.02806 34.005488)
2025-09-23 01:25:07 UTC,sensor08,236476534,32.69,45.2,2025-09-24 19:23:33+00:00,34.004902,-81.027787,100.1,11.97,-0.1,0.0,13.0,3D,2025-09-24 15:23:33-04:00,POINT (-81.027787 34.004902)
2025-09-23 01:25:12 UTC,sensor08,236476534,32.68,44.8,2025-09-24 19:23:38+00:00,34.004418,-81.027568,100.2,11.29,-0.1,0.0,13.0,3D,2025-09-24 15:23:38-04:00,POINT (-81.027568 34.004418)
2025-09-23 01:25:17 UTC,sensor08,236476534,32.58,44.69,2025-09-24 19:23:43+00:00,34.003945,-81.027373,102.2,11.12,0.7,0.0,13.0,3D,2025-09-24 15:23:43-04:00,POINT (-81.027373 34.003945)
2025-09-23 01:25:22 UTC,sensor08,236476534,32.45,44.8,2025-09-24 19:23:48+00:00,34.003577,-81.027212,102.8,6.37,0.1,160.37,13.0,3D,2025-09-24 15:23:48-04:00,POINT (-81.027212 34.003577)
2025-09-23 01:26:12 UTC,sensor08,236476534,33.34,43.71,2025-09-24 19:24:38+00:00,34.003118,-81.027043,105.0,9.48,0.0,161.54,13.0,3D,2025-09-24 15:24:38-04:00,POINT (-81.027043 34.003118)
2025-09-23 01:26:17 UTC,sensor08,236476534,33.62,43.35,2025-09-24 19:24:43+00:00,34.002678,-81.026858,104.9,10.04,0.0,158.99,13.0,3D,2025-09-24 15:24:43-04:00,POINT (-81.026858 34.002678)
2025-09-23 01:26:22 UTC,sensor08,236476534,34.13,42.72,2025-09-24 19:24:48+00:00,34.002282,-81.026688,104.3,8.01,-0.2,158.47,13.0,3D,2025-09-24 15:24:48-04:00,POINT (-81.026688 34.002282)
2025-09-23 01:26:37 UTC,sensor08,236476534,33.65,43.1,2025-09-24 19:25:03+00:00,34.001907,-81.026502,106.1,7.33,0.0,160.85,13.0,3D,2025-09-24 15:25:03-04:00,POINT (-81.026502 34.001907)
2025-09-23 01:26:42 UTC,sensor08,236476534,34.05,42.9,2025-09-24 19:25:08+00:00,34.001517,-81.026333,104.5,10.57,-0.1,158.48,13.0,3D,2025-09-24 15:25:08-04:00,POINT (-81.026333 34.001517)
2025-09-23 01:26:47 UTC,sensor08,236476534,33.16,42.99,2025-09-24 19:25:13+00:00,34.001077,-81.02615,103.0,9.19,-0.5,159.59,13.0,3D,2025-09-24 15:25:13-04:00,POINT (-81.02615 34.001077)
2025-09-23 01:26:52 UTC,sensor08,236476534,32.92,44.1,2025-09-24 19:25:18+00:00,34.000805,-81.026038,101.5,4.28,-0.4,159.13,13.0,3D,2025-09-24 15:25:18-04:00,POINT (-81.026038 34.000805)
2025-09-23 01:27:28 UTC,sensor08,236476534,33.3,44.37,2025-09-24 19:25:54+00:00,34.000495,-81.025947,101.0,6.19,0.1,165.81,13.0,3D,2025-09-24 15:25:54-04:00,POINT (-81.025947 34.000495)
2025-09-23 01:27:33 UTC,sensor08,236476534,33.25,44.32,2025-09-24 19:25:59+00:00,34.00011,-81.025802,101.5,10.39,-0.1,163.99,13.0,3D,2025-09-24 15:25:59-04:00,POINT (-81.025802 34.00011)
2025-09-23 01:27:38 UTC,sensor08,236476534,33.15,44.2,2025-09-24 19:26:04+00:00,33.999588,-81.025637,100.9,12.73,-0.3,163.93,13.0,3D,2025-09-24 15:26:04-04:00,POINT (-81.025637 33.999588)
2025-09-23 01:27:43 UTC,sensor08,236476534,32.77,44.97,2025-09-24 19:26:09+00:00,33.999032,-81.02545,99.3,12.22,-0.4,163.02,13.0,3D,2025-09-24 15:26:09-04:00,POINT (-81.02545 33.999032)
2025-09-23 01:27:48 UTC,sensor08,236476534,32.53,46.52,2025-09-24 19:26:14+00:00,33.998505,-81.025282,97.2,12.37,-0.4,163.75,13.0,3D,2025-09-24 15:26:14-04:00,POINT (-81.025282 33.998505)
2025-09-23 01:27:53 UTC,sensor08,236476534,33.02,45.19,2025-09-24 19:26:19+00:00,33.997948,-81.025068,95.5,11.28,-0.2,159.7,13.0,3D,2025-09-24 15:26:19-04:00,POINT (-81.025068 33.997948)
2025-09-23 01:27:58 UTC,sensor08,236476534,32.93,44.2,2025-09-24 19:26:24+00:00,33.997472,-81.024838,95.3,11.45,-0.1,0.0,13.0,3D,2025-09-24 15:26:24-04:00,POINT (-81.024838 33.997472)
2025-09-23 01:28:03 UTC,sensor08,236476534,32.81,45.08,2025-09-24 19:26:29+00:00,33.996968,-81.02463,95.0,11.66,0.3,157.35,13.0,3D,2025-09-24 15:26:29-04:00,POINT (-81.02463 33.996968)
2025-09-23 01:28:08 UTC,sensor08,236476534,32.7,44.7,2025-09-24 19:26:34+00:00,33.996502,-81.024418,94.2,10.64,-0.2,163.97,13.0,3D,2025-09-24 15:26:34-04:00,POINT (-81.024418 33.996502)
2025-09-23 01:28:13 UTC,sensor08,236476534,32.77,44.88,2025-09-24 19:26:39+00:00,33.996047,-81.024227,93.4,10.27,-0.2,157.78,13.0,3D,2025-09-24 15:26:39-04:00,POINT (-81.024227 33.996047)
2025-09-23 01:28:18 UTC,sensor08,236476534,32.64,44.8,2025-09-24 19:26:44+00:00,33.995697,-81.02407,92.0,6.97,0.1,155.61,13.0,3D,2025-09-24 15:26:44-04:00,POINT (-81.02407 33.995697)
2025-09-23 01:28:23 UTC,sensor08,236476534,32.7,44.88,2025-09-24 19:26:49+00:00,33.995472,-81.023955,90.3,3.52,-0.4,162.25,13.0,3D,2025-09-24 15:26:49-04:00,POINT (-81.023955 33.995472)
2025-09-23 01:29:14 UTC,sensor08,236476534,33.59,44.21,2025-09-24 19:27:40+00:00,33.995262,-81.023887,85.3,2.74,-0.1,171.6,12.0,3D,2025-09-24 15:27:40-04:00,POINT (-81.023887 33.995262)
2025-09-23 01:29:19 UTC,sensor08,236476534,33.31,43.12,2025-09-24 19:27:45+00:00,33.99512,-81.02374,85.0,4.41,-0.1,108.57,12.0,3D,2025-09-24 15:27:45-04:00,POINT (-81.02374 33.99512)
2025-09-23 01:29:24 UTC,sensor08,236476534,33.04,44.31,2025-09-24 19:27:50+00:00,33.99531,-81.023368,84.1,10.24,-0.3,47.64,12.0,3D,2025-09-24 15:27:50-04:00,POINT (-81.023368 33.99531)
2025-09-23 01:29:29 UTC,sensor08,236476534,33.09,44.7,2025-09-24 19:27:55+00:00,33.99569,-81.022955,83.3,10.93,-0.2,45.46,12.0,3D,2025-09-24 15:27:55-04:00,POINT (-81.022955 33.99569)
2025-09-23 01:29:34 UTC,sensor08,236476534,32.78,44.05,2025-09-24 19:28:00+00:00,33.996093,-81.022515,82.4,11.87,-0.1,43.8,12.0,3D,2025-09-24 15:28:00-04:00,POINT (-81.022515 33.996093)
2025-09-23 01:29:39 UTC,sensor08,236476534,33.41,44.92,2025-09-24 19:28:05+00:00,33.996493,-81.022068,81.9,12.44,-0.2,43.19,12.0,3D,2025-09-24 15:28:05-04:00,POINT (-81.022068 33.996493)
2025-09-23 01:29:44 UTC,sensor08,236476534,33.08,45.53,2025-09-24 19:28:10+00:00,33.996883,-81.021613,81.4,11.16,-0.1,43.96,12.0,3D,2025-09-24 15:28:10-04:00,POINT (-81.021613 33.996883)
2025-09-23 01:29:49 UTC,sensor08,236476534,33.34,44.63,2025-09-24 19:28:15+00:00,33.997267,-81.021187,80.9,11.78,-0.1,42.15,12.0,3D,2025-09-24 15:28:15-04:00,POINT (-81.021187 33.997267)
2025-09-23 01:29:54 UTC,sensor08,236476534,33.07,44.05,2025-09-24 19:28:20+00:00,33.997667,-81.020713,80.4,12.09,-0.1,46.85,12.0,3D,2025-09-24 15:28:20-04:00,POINT (-81.020713 33.997667)
2025-09-23 01:29:59 UTC,sensor08,236476534,33.22,45.57,2025-09-24 19:28:25+00:00,33.997993,-81.020163,80.0,12.84,-0.1,0.0,12.0,3D,2025-09-24 15:28:25-04:00,POINT (-81.020163 33.997993)
2025-09-23 01:30:04 UTC,sensor08,236476534,32.94,45.81,2025-09-24 19:28:30+00:00,33.998192,-81.019482,80.2,12.3,-0.3,76.61,12.0,3D,2025-09-24 15:28:30-04:00,POINT (-81.019482 33.998192)
2025-09-23 01:30:09 UTC,sensor08,236476534,32.84,44.59,2025-09-24 19:28:35+00:00,33.99825,-81.018803,80.3,12.31,0.0,89.03,12.0,3D,2025-09-24 15:28:35-04:00,POINT (-81.018803 33.99825)
2025-09-23 01:30:14 UTC,sensor08,236476534,33.19,43.78,2025-09-24 19:28:40+00:00,33.99817,-81.018132,80.4,10.05,-0.1,104.05,12.0,3D,2025-09-24 15:28:40-04:00,POINT (-81.018132 33.99817)
2025-09-23 01:30:19 UTC,sensor08,236476534,33.35,43.12,2025-09-24 19:28:45+00:00,33.998038,-81.017807,79.6,4.52,-0.6,136.83,12.0,3D,2025-09-24 15:28:45-04:00,POINT (-81.017807 33.998038)
2025-09-23 01:30:24 UTC,sensor08,236476534,33.31,43.23,2025-09-24 19:28:50+00:00,33.997763,-81.017888,78.7,8.56,0.0,199.31,12.0,3D,2025-09-24 15:28:50-04:00,POINT (-81.017888 33.997763)
2025-09-23 01:30:29 UTC,sensor08,236476534,33.3,44.05,2025-09-24 19:28:55+00:00,33.997375,-81.018067,78.4,9.96,0.0,202.55,12.0,3D,2025-09-24 15:28:55-04:00,POINT (-81.018067 33.997375)
2025-09-23 01:30:34 UTC,sensor08,236476534,32.96,43.96,2025-09-24 19:29:00+00:00,33.996928,-81.018313,78.8,9.79,0.1,199.7,12.0,3D,2025-09-24 15:29:00-04:00,POINT (-81.018313 33.996928)
2025-09-23 01:30:39 UTC,sensor08,236476534,33.01,44.38,2025-09-24 19:29:05+00:00,33.996477,-81.018562,79.5,10.52,0.1,201.22,12.0,3D,2025-09-24 15:29:05-04:00,POINT (-81.018562 33.996477)
2025-09-23 01:30:44 UTC,sensor08,236476534,33.22,44.97,2025-09-24 19:29:10+00:00,33.996042,-81.018725,81.2,10.73,0.4,199.49,12.0,3D,2025-09-24 15:29:10-04:00,POINT (-81.018725 33.996042)
2025-09-23 01:30:49 UTC,sensor08,236476534,33.29,45.55,2025-09-24 19:29:15+00:00,33.995607,-81.018772,83.8,9.45,0.3,184.48,13.0,3D,2025-09-24 15:29:15-04:00,POINT (-81.018772 33.995607)
2025-09-23 01:30:55 UTC,sensor08,236476534,33.2,44.99,2025-09-24 19:29:21+00:00,33.995238,-81.01878,85.8,4.63,0.4,0.0,13.0,3D,2025-09-24 15:29:21-04:00,POINT (-81.01878 33.995238)
2025-09-23 01:31:00 UTC,sensor08,236476534,33.23,45.71,2025-09-24 19:29:26+00:00,33.995102,-81.018782,88.2,2.98,0.5,0.0,13.0,3D,2025-09-24 15:29:26-04:00,POINT (-81.018782 33.995102)
2025-09-23 01:31:05 UTC,sensor08,236476534,33.1,44.92,2025-09-24 19:29:31+00:00,33.99502,-81.019082,89.8,7.42,0.3,0.0,13.0,3D,2025-09-24 15:29:31-04:00,POINT (-81.019082 33.99502)
2025-09-23 01:31:10 UTC,sensor08,236476534,32.93,44.32,2025-09-24 19:29:36+00:00,33.994848,-81.019627,90.9,10.1,0.0,0.0,4.0,3D,2025-09-24 15:29:36-04:00,POINT (-81.019627 33.994848)
2025-09-23 01:31:15 UTC,sensor08,236476534,32.97,44.23,2025-09-24 19:29:41+00:00,33.994673,-81.020137,90.4,10.31,-0.2,0.0,8.0,3D,2025-09-24 15:29:41-04:00,POINT (-81.020137 33.994673)
2025-09-23 01:31:20 UTC,sensor08,236476534,33.1,44.87,2025-09-24 19:29:46+00:00,33.994497,-81.020698,89.6,11.38,-0.2,0.0,8.0,3D,2025-09-24 15:29:46-04:00,POINT (-81.020698 33.994497)
2025-09-23 01:31:25 UTC,sensor08,236476534,33.32,44.89,2025-09-24 19:29:51+00:00,33.994327,-81.021298,88.5,10.79,-0.6,0.0,12.0,3D,2025-09-24 15:29:51-04:00,POINT (-81.021298 33.994327)
2025-09-23 01:31:30 UTC,sensor08,236476534,33.09,44.69,2025-09-24 19:29:56+00:00,33.994177,-81.021758,88.0,10.31,-0.3,0.0,13.0,3D,2025-09-24 15:29:56-04:00,POINT (-81.021758 33.994177)
2025-09-23 01:31:35 UTC,sensor08,236476534,32.83,44.72,2025-09-24 19:30:01+00:00,33.994012,-81.022335,85.4,10.63,-0.4,250.41,13.0,3D,2025-09-24 15:30:01-04:00,POINT (-81.022335 33.994012)
2025-09-23 01:31:40 UTC,sensor08,236476534,32.92,45.24,2025-09-24 19:30:06+00:00,33.993898,-81.022702,84.2,3.42,-0.1,251.2,13.0,3D,2025-09-24 15:30:06-04:00,POINT (-81.022702 33.993898)
2025-09-23 01:32:00 UTC,sensor08,236476534,33.43,43.46,2025-09-24 19:30:26+00:00,33.994025,-81.02295,83.2,7.01,-0.2,327.57,13.0,3D,2025-09-24 15:30:26-04:00,POINT (-81.02295 33.994025)
2025-09-23 01:32:05 UTC,sensor08,236476534,33.56,43.77,2025-09-24 19:30:31+00:00,33.994398,-81.023215,83.1,8.18,0.0,329.03,13.0,3D,2025-09-24 15:30:31-04:00,POINT (-81.023215 33.994398)
2025-09-23 01:32:10 UTC,sensor08,236476534,33.65,44.08,2025-09-24 19:30:36+00:00,33.99467,-81.023408,82.7,6.07,0.0,329.12,13.0,3D,2025-09-24 15:30:36-04:00,POINT (-81.023408 33.99467)
2025-09-23 01:32:46 UTC,sensor08,236476534,33.18,45.61,2025-09-24 19:31:12+00:00,33.994953,-81.023587,81.9,4.44,0.1,0.0,13.0,3D,2025-09-24 15:31:12-04:00,POINT (-81.023587 33.994953)
2025-09-23 01:32:51 UTC,sensor08,236476534,33.43,44.32,2025-09-24 19:31:17+00:00,33.995177,-81.023778,83.6,5.8,0.5,0.0,13.0,3D,2025-09-24 15:31:17-04:00,POINT (-81.023778 33.995177)
2025-09-23 01:32:56 UTC,sensor08,236476534,33.62,43.58,2025-09-24 19:31:22+00:00,33.995075,-81.024107,85.9,8.21,0.2,242.0,13.0,3D,2025-09-24 15:31:22-04:00,POINT (-81.024107 33.995075)
2025-09-23 01:33:01 UTC,sensor08,236476534,33.66,44.23,2025-09-24 19:31:27+00:00,33.994892,-81.024447,87.3,5.78,0.4,241.25,13.0,3D,2025-09-24 15:31:27-04:00,POINT (-81.024447 33.994892)
2025-09-23 01:33:36 UTC,sensor08,236476534,34.36,44.68,2025-09-24 19:32:02+00:00,33.99479,-81.024695,90.8,2.6,0.1,252.1,13.0,3D,2025-09-24 15:32:02-04:00,POINT (-81.024695 33.99479)
2025-09-23 01:33:41 UTC,sensor08,236476534,34.33,42.25,2025-09-24 19:32:07+00:00,33.994703,-81.025007,91.0,7.41,0.1,251.88,13.0,3D,2025-09-24 15:32:07-04:00,POINT (-81.025007 33.994703)
2025-09-23 01:33:46 UTC,sensor08,236476534,33.93,41.93,2025-09-24 19:32:12+00:00,33.994548,-81.02555,92.0,11.91,0.3,250.13,13.0,3D,2025-09-24 15:32:12-04:00,POINT (-81.02555 33.994548)
2025-09-23 01:33:51 UTC,sensor08,236476534,34.3,42.38,2025-09-24 19:32:17+00:00,33.994348,-81.026205,93.7,12.47,0.4,250.01,13.0,3D,2025-09-24 15:32:17-04:00,POINT (-81.026205 33.994348)
2025-09-23 01:33:56 UTC,sensor08,236476534,34.08,42.75,2025-09-24 19:32:22+00:00,33.99416,-81.026805,95.7,11.68,0.5,250.38,13.0,3D,2025-09-24 15:32:22-04:00,POINT (-81.026805 33.99416)
2025-09-23 01:34:01 UTC,sensor08,236476534,33.46,42.34,2025-09-24 19:32:27+00:00,33.994005,-81.027395,96.8,11.08,0.1,0.0,13.0,3D,2025-09-24 15:32:27-04:00,POINT (-81.027395 33.994005)
2025-09-23 01:34:06 UTC,sensor08,236476534,33.39,42.95,2025-09-24 19:32:32+00:00,33.993867,-81.02777,98.7,4.03,0.3,243.35,13.0,3D,2025-09-24 15:32:32-04:00,POINT (-81.02777 33.993867)
2025-09-23 01:34:21 UTC,sensor08,236476534,33.75,42.97,2025-09-24 19:32:47+00:00,33.993772,-81.028032,99.0,7.27,0.1,250.28,13.0,3D,2025-09-24 15:32:47-04:00,POINT (-81.028032 33.993772)
2025-09-23 01:34:26 UTC,sensor08,236476534,34.16,43.45,2025-09-24 19:32:52+00:00,33.993622,-81.028552,99.0,10.21,0.0,249.72,13.0,3D,2025-09-24 15:32:52-04:00,POINT (-81.028552 33.993622)
2025-09-23 01:34:31 UTC,sensor08,236476534,33.95,43.51,2025-09-24 19:32:57+00:00,33.993468,-81.029048,98.0,9.38,0.0,245.9,13.0,3D,2025-09-24 15:32:57-04:00,POINT (-81.029048 33.993468)
2025-09-23 01:34:37 UTC,sensor08,236476534,34.0,43.85,2025-09-24 19:33:03+00:00,33.993287,-81.029545,96.8,7.61,-0.1,0.0,13.0,3D,2025-09-24 15:33:03-04:00,POINT (-81.029545 33.993287)
2025-09-23 01:34:42 UTC,sensor08,236476534,33.96,43.5,2025-09-24 19:33:08+00:00,33.993232,-81.029773,98.8,2.34,1.0,0.0,13.0,3D,2025-09-24 15:33:08-04:00,POINT (-81.029773 33.993232)
2025-09-23 01:35:17 UTC,sensor08,236476534,33.19,42.73,2025-09-24 19:33:43+00:00,33.992942,-81.02988,98.5,7.77,-0.1,161.27,13.0,3D,2025-09-24 15:33:43-04:00,POINT (-81.02988 33.992942)
2025-09-23 01:35:22 UTC,sensor08,236476534,32.81,43.9,2025-09-24 19:33:48+00:00,33.9925,-81.029682,98.0,10.1,-0.1,160.28,13.0,3D,2025-09-24 15:33:48-04:00,POINT (-81.029682 33.9925)
2025-09-23 01:35:27 UTC,sensor08,236476534,32.74,44.68,2025-09-24 19:33:53+00:00,33.992068,-81.029452,97.1,7.89,-0.2,155.04,13.0,3D,2025-09-24 15:33:53-04:00,POINT (-81.029452 33.992068)
2025-09-23 01:35:32 UTC,sensor08,236476534,32.78,45.02,2025-09-24 19:33:58+00:00,33.991868,-81.029328,96.2,4.39,-0.2,128.92,13.0,3D,2025-09-24 15:33:58-04:00,POINT (-81.029328 33.991868)
2025-09-23 01:35:37 UTC,sensor08,236476534,33.17,44.26,2025-09-24 19:34:03+00:00,33.991895,-81.028992,95.1,8.4,-0.3,73.86,13.0,3D,2025-09-24 15:34:03-04:00,POINT (-81.028992 33.991895)
2025-09-23 01:35:42 UTC,sensor08,236476534,32.82,44.2,2025-09-24 19:34:08+00:00,33.992042,-81.028498,93.5,9.49,-0.5,68.4,13.0,3D,2025-09-24 15:34:08-04:00,POINT (-81.028498 33.992042)
2025-09-23 01:35:47 UTC,sensor08,236476534,32.72,44.49,2025-09-24 19:34:13+00:00,33.992193,-81.02807,91.5,7.08,-0.3,63.72,13.0,3D,2025-09-24 15:34:13-04:00,POINT (-81.02807 33.992193)
2025-09-23 01:36:02 UTC,sensor08,236476534,32.87,44.6,2025-09-24 19:34:27+00:00,33.992295,-81.02785,90.1,2.32,-0.2,0.0,13.0,3D,2025-09-24 15:34:27-04:00,POINT (-81.02785 33.992295)
2025-09-23 01:36:07 UTC,sensor08,236476534,33.14,45.13,2025-09-24 19:34:33+00:00,33.992072,-81.027668,88.6,8.05,-0.5,160.54,13.0,3D,2025-09-24 15:34:33-04:00,POINT (-81.027668 33.992072)
2025-09-23 01:36:12 UTC,sensor08,236476534,33.27,44.95,2025-09-24 19:34:38+00:00,33.991652,-81.027498,87.0,10.74,-0.4,159.32,13.0,3D,2025-09-24 15:34:38-04:00,POINT (-81.027498 33.991652)
2025-09-23 01:36:17 UTC,sensor08,236476534,32.89,46.62,2025-09-24 19:34:43+00:00,33.991153,-81.027277,85.0,12.11,-0.4,159.76,13.0,3D,2025-09-24 15:34:43-04:00,POINT (-81.027277 33.991153)
2025-09-23 01:36:22 UTC,sensor08,236476534,33.22,45.04,2025-09-24 19:34:48+00:00,33.990648,-81.027053,83.2,12.12,-0.4,162.12,13.0,3D,2025-09-24 15:34:48-04:00,POINT (-81.027053 33.990648)
2025-09-23 01:36:27 UTC,sensor08,236476534,32.93,44.59,2025-09-24 19:34:53+00:00,33.990145,-81.026855,81.5,11.76,-0.3,159.65,13.0,3D,2025-09-24 15:34:53-04:00,POINT (-81.026855 33.990145)
2025-09-23 01:36:32 UTC,sensor08,236476534,33.22,45.07,2025-09-24 19:34:58+00:00,33.989727,-81.026642,80.1,6.7,-0.3,164.27,13.0,3D,2025-09-24 15:34:58-04:00,POINT (-81.026642 33.989727)
2025-09-23 01:36:38 UTC,sensor08,236476534,33.18,43.98,2025-09-24 19:35:03+00:00,33.989542,-81.026808,78.9,7.63,-0.3,245.53,13.0,3D,2025-09-24 15:35:03-04:00,POINT (-81.026808 33.989542)
2025-09-23 01:36:43 UTC,sensor08,236476534,33.22,44.56,2025-09-24 19:35:09+00:00,33.989352,-81.027358,76.2,7.54,0.0,0.0,13.0,3D,2025-09-24 15:35:09-04:00,POINT (-81.027358 33.989352)
2025-09-23 01:36:48 UTC,sensor08,236476534,33.45,44.22,2025-09-24 19:35:14+00:00,33.989247,-81.027703,74.3,5.94,-0.1,0.0,13.0,3D,2025-09-24 15:35:14-04:00,POINT (-81.027703 33.989247)
2025-09-23 01:36:53 UTC,sensor08,236476534,33.55,43.45,2025-09-24 19:35:19+00:00,33.989177,-81.027932,77.7,3.36,-0.2,0.0,13.0,3D,2025-09-24 15:35:19-04:00,POINT (-81.027932 33.989177)
2025-09-23 01:37:28 UTC,sensor08,236476534,33.73,43.14,2025-09-24 19:35:54+00:00,33.988985,-81.028045,78.8,7.23,0.2,166.15,13.0,3D,2025-09-24 15:35:54-04:00,POINT (-81.028045 33.988985)
2025-09-23 01:37:33 UTC,sensor08,236476534,33.64,43.48,2025-09-24 19:35:59+00:00,33.988577,-81.027855,79.2,9.94,0.1,159.22,13.0,3D,2025-09-24 15:35:59-04:00,POINT (-81.027855 33.988577)
2025-09-23 01:37:38 UTC,sensor08,236476534,33.57,43.47,2025-09-24 19:36:04+00:00,33.988183,-81.027693,79.5,8.98,0.1,160.07,13.0,3D,2025-09-24 15:36:04-04:00,POINT (-81.027693 33.988183)
2025-09-23 01:37:43 UTC,sensor08,236476534,33.47,43.61,2025-09-24 19:36:09+00:00,33.987933,-81.027587,79.6,2.31,0.0,158.54,13.0,3D,2025-09-24 15:36:09-04:00,POINT (-81.027587 33.987933)
2025-09-23 01:38:03 UTC,sensor08,236476534,33.26,44.18,2025-09-24 19:36:29+00:00,33.987843,-81.02728,78.2,7.22,-0.17,72.53,13.0,3D,2025-09-24 15:36:29-04:00,POINT (-81.02728 33.987843)
2025-09-23 01:38:08 UTC,sensor08,236476534,33.14,44.58,2025-09-24 19:36:34+00:00,33.987985,-81.026808,78.6,8.99,0.2,70.01,13.0,3D,2025-09-24 15:36:34-04:00,POINT (-81.026808 33.987985)
2025-09-23 01:38:13 UTC,sensor08,236476534,33.09,44.54,2025-09-24 19:36:39+00:00,33.988123,-81.026365,79.4,7.47,0.1,70.62,13.0,3D,2025-09-24 15:36:39-04:00,POINT (-81.026365 33.988123)
2025-09-23 01:38:18 UTC,sensor08,236476534,33.29,44.78,2025-09-24 19:36:44+00:00,33.988235,-81.026048,80.8,3.75,0.2,65.93,13.0,3D,2025-09-24 15:36:44-04:00,POINT (-81.026048 33.988235)
2025-09-23 01:38:23 UTC,sensor08,236476534,33.91,44.36,2025-09-24 19:36:49+00:00,33.988265,-81.025938,82.1,4.14,0.2,69.56,13.0,3D,2025-09-24 15:36:49-04:00,POINT (-81.025938 33.988265)
2025-09-23 01:38:29 UTC,sensor08,236476534,33.34,45.03,2025-09-24 19:36:54+00:00,33.988365,-81.025603,83.0,8.11,0.2,70.17,13.0,3D,2025-09-24 15:36:54-04:00,POINT (-81.025603 33.988365)
2025-09-23 01:38:34 UTC,sensor08,236476534,33.02,44.8,2025-09-24 19:37:00+00:00,33.988558,-81.025032,84.4,9.61,0.3,0.0,13.0,3D,2025-09-24 15:37:00-04:00,POINT (-81.025032 33.988558)
2025-09-23 01:38:39 UTC,sensor08,236476534,32.86,44.82,2025-09-24 19:37:05+00:00,33.988678,-81.024587,86.3,8.16,0.4,0.0,13.0,3D,2025-09-24 15:37:05-04:00,POINT (-81.024587 33.988678)
2025-09-23 01:38:44 UTC,sensor08,236476534,32.9,45.04,2025-09-24 19:37:10+00:00,33.988755,-81.024275,87.9,4.37,0.3,99.36,13.0,3D,2025-09-24 15:37:10-04:00,POINT (-81.024275 33.988755)
2025-09-23 01:38:49 UTC,sensor08,236476534,33.08,44.93,2025-09-24 19:37:15+00:00,33.988515,-81.024118,89.5,8.21,0.2,166.04,13.0,3D,2025-09-24 15:37:15-04:00,POINT (-81.024118 33.988515)
2025-09-23 01:38:54 UTC,sensor08,236476534,32.95,44.31,2025-09-24 19:37:20+00:00,33.988155,-81.023927,92.9,8.98,1.0,161.8,13.0,3D,2025-09-24 15:37:20-04:00,POINT (-81.023927 33.988155)
2025-09-23 01:38:59 UTC,sensor08,236476534,32.87,44.78,2025-09-24 19:37:25+00:00,33.987787,-81.023812,93.1,7.23,-0.4,161.71,13.0,3D,2025-09-24 15:37:25-04:00,POINT (-81.023812 33.987787)
2025-09-23 01:39:04 UTC,sensor08,236476534,32.95,45.27,2025-09-24 19:37:30+00:00,33.987538,-81.023707,91.8,2.49,0.0,162.68,13.0,3D,2025-09-24 15:37:30-04:00,POINT (-81.023707 33.987538)
2025-09-23 01:39:19 UTC,sensor08,236476534,33.21,44.47,2025-09-24 19:37:45+00:00,33.987433,-81.02351,90.9,6.08,0.0,77.53,13.0,3D,2025-09-24 15:37:45-04:00,POINT (-81.02351 33.987433)
2025-09-23 01:39:24 UTC,sensor08,236476534,33.09,44.58,2025-09-24 19:37:50+00:00,33.987517,-81.023155,90.9,5.7,0.0,87.7,13.0,3D,2025-09-24 15:37:50-04:00,POINT (-81.023155 33.987517)
2025-09-23 01:39:29 UTC,sensor08,236476534,32.77,45.5,2025-09-24 19:37:55+00:00,33.987343,-81.022842,91.0,8.58,0.0,131.08,13.0,3D,2025-09-24 15:37:55-04:00,POINT (-81.022842 33.987343)
2025-09-23 01:39:34 UTC,sensor08,236476534,32.59,46.49,2025-09-24 19:38:00+00:00,33.987028,-81.022518,90.9,9.01,-0.1,133.82,13.0,3D,2025-09-24 15:38:00-04:00,POINT (-81.022518 33.987028)
2025-09-23 01:39:39 UTC,sensor08,236476534,32.67,45.89,2025-09-24 19:38:05+00:00,33.986733,-81.022185,90.7,9.03,0.0,133.54,13.0,3D,2025-09-24 15:38:05-04:00,POINT (-81.022185 33.986733)
2025-09-23 01:39:44 UTC,sensor08,236476534,32.8,45.2,2025-09-24 19:38:10+00:00,33.98643,-81.021842,90.1,8.92,0.0,133.48,13.0,3D,2025-09-24 15:38:10-04:00,POINT (-81.021842 33.98643)
2025-09-23 01:39:49 UTC,sensor08,236476534,32.81,45.13,2025-09-24 19:38:15+00:00,33.986157,-81.021492,89.4,9.14,-0.1,131.45,13.0,3D,2025-09-24 15:38:15-04:00,POINT (-81.021492 33.986157)
2025-09-23 01:39:54 UTC,sensor08,236476534,33.04,44.92,2025-09-24 19:38:20+00:00,33.9859,-81.021192,88.8,7.07,-0.2,130.15,13.0,3D,2025-09-24 15:38:20-04:00,POINT (-81.021192 33.9859)
2025-09-23 01:39:59 UTC,sensor08,236476534,33.13,44.47,2025-09-24 19:38:23+00:00,33.985823,-81.021012,89.9,4.74,0.0,133.43,13.0,3D,2025-09-24 15:38:23-04:00,POINT (-81.021012 33.985823)
2025-09-23 01:40:04 UTC,sensor08,236476534,33.23,45.09,2025-09-24 19:38:28+00:00,33.985587,-81.020713,89.9,8.89,0.0,0.0,13.0,3D,2025-09-24 15:38:28-04:00,POINT (-81.020713 33.985587)
2025-09-23 01:40:09 UTC,sensor08,236476534,33.07,45.39,2025-09-24 19:38:35+00:00,33.985312,-81.020365,89.6,2.46,-0.1,120.91,13.0,3D,2025-09-24 15:38:35-04:00,POINT (-81.020365 33.985312)
2025-09-23 01:40:14 UTC,sensor08,236476534,33.08,45.73,2025-09-24 19:38:40+00:00,33.98514,-81.020153,89.4,7.81,0.1,135.33,13.0,3D,2025-09-24 15:38:40-04:00,POINT (-81.020153 33.98514)
2025-09-23 01:40:19 UTC,sensor08,236476534,33.04,45.75,2025-09-24 19:38:45+00:00,33.984848,-81.019763,90.5,9.62,0.3,131.15,13.0,3D,2025-09-24 15:38:45-04:00,POINT (-81.019763 33.984848)
2025-09-23 01:40:24 UTC,sensor08,236476534,32.98,45.53,2025-09-24 19:38:50+00:00,33.984552,-81.019375,91.5,9.56,0.2,132.78,13.0,3D,2025-09-24 15:38:50-04:00,POINT (-81.019375 33.984552)
2025-09-23 01:40:30 UTC,sensor08,236476534,32.78,44.7,2025-09-24 19:38:56+00:00,33.984168,-81.0189,90.6,10.11,-0.3,0.0,13.0,3D,2025-09-24 15:38:56-04:00,POINT (-81.0189 33.984168)
2025-09-23 01:40:35 UTC,sensor08,236476534,32.64,44.41,2025-09-24 19:39:01+00:00,33.983847,-81.018513,88.8,9.85,-0.3,0.0,13.0,3D,2025-09-24 15:39:01-04:00,POINT (-81.018513 33.983847)
2025-09-23 01:40:40 UTC,sensor08,236476534,32.66,44.2,2025-09-24 19:39:06+00:00,33.983578,-81.018187,87.6,7.58,-0.1,0.0,13.0,3D,2025-09-24 15:39:06-04:00,POINT (-81.018187 33.983578)
2025-09-23 01:41:45 UTC,sensor08,236476534,33.2,43.8,2025-09-24 19:40:11+00:00,33.98337,-81.017993,86.6,5.17,0.2,138.86,13.0,3D,2025-09-24 15:40:11-04:00,POINT (-81.017993 33.98337)
2025-09-23 01:41:50 UTC,sensor08,236476534,33.3,43.25,2025-09-24 19:40:16+00:00,33.983403,-81.017563,87.6,9.58,0.2,66.43,13.0,3D,2025-09-24 15:40:16-04:00,POINT (-81.017563 33.983403)
2025-09-23 01:41:55 UTC,sensor08,236476534,33.14,43.62,2025-09-24 19:40:21+00:00,33.983572,-81.017033,89.5,10.26,0.4,68.68,13.0,3D,2025-09-24 15:40:21-04:00,POINT (-81.017033 33.983572)
2025-09-23 01:42:00 UTC,sensor08,236476534,32.7,44.49,2025-09-24 19:40:23+00:00,33.983638,-81.016813,90.0,10.65,0.2,67.13,13.0,3D,2025-09-24 15:40:23-04:00,POINT (-81.016813 33.983638)
2025-09-23 01:42:05 UTC,sensor08,236476534,32.97,44.86,2025-09-24 19:40:29+00:00,33.98387,-81.016137,92.2,11.59,0.3,0.0,13.0,3D,2025-09-24 15:40:29-04:00,POINT (-81.016137 33.98387)
2025-09-23 01:42:10 UTC,sensor08,236476534,33.18,44.01,2025-09-24 19:40:36+00:00,33.984152,-81.015297,95.2,12.51,0.43,69.9,13.0,3D,2025-09-24 15:40:36-04:00,POINT (-81.015297 33.984152)
2025-09-23 01:42:15 UTC,sensor08,236476534,33.18,44.05,2025-09-24 19:40:41+00:00,33.984363,-81.01466,98.1,11.85,0.6,69.28,13.0,3D,2025-09-24 15:40:41-04:00,POINT (-81.01466 33.984363)
2025-09-23 01:42:20 UTC,sensor08,236476534,33.08,43.95,2025-09-24 19:40:46+00:00,33.984577,-81.014013,100.9,12.99,0.7,67.43,13.0,3D,2025-09-24 15:40:46-04:00,POINT (-81.014013 33.984577)
2025-09-23 01:42:25 UTC,sensor08,236476534,33.02,43.64,2025-09-24 19:40:51+00:00,33.984788,-81.013363,100.6,11.63,-0.2,63.2,13.0,3D,2025-09-24 15:40:51-04:00,POINT (-81.013363 33.984788)
2025-09-23 01:42:30 UTC,sensor08,236476534,33.08,43.53,2025-09-24 19:40:56+00:00,33.984943,-81.012922,98.4,6.21,-0.5,67.24,13.0,3D,2025-09-24 15:40:56-04:00,POINT (-81.012922 33.984943)
2025-09-23 01:42:56 UTC,sensor08,236476534,33.42,42.81,2025-09-24 19:41:22+00:00,33.985118,-81.01272,99.2,6.15,0.3,0.0,13.0,3D,2025-09-24 15:41:22-04:00,POINT (-81.01272 33.985118)
2025-09-23 01:43:01 UTC,sensor08,236476534,33.09,43.6,2025-09-24 19:41:27+00:00,33.98548,-81.012945,100.3,9.09,-0.1,340.77,13.0,3D,2025-09-24 15:41:27-04:00,POINT (-81.012945 33.98548)
2025-09-23 01:43:06 UTC,sensor08,236476534,32.87,44.4,2025-09-24 19:41:32+00:00,33.985842,-81.013113,101.4,7.06,0.3,341.04,13.0,3D,2025-09-24 15:41:32-04:00,POINT (-81.013113 33.985842)
2025-09-23 01:43:16 UTC,sensor08,236476534,32.76,45.09,2025-09-24 19:41:42+00:00,33.98607,-81.013187,102.8,2.95,0.1,18.85,13.0,3D,2025-09-24 15:41:42-04:00,POINT (-81.013187 33.98607)
2025-09-23 01:43:21 UTC,sensor08,236476534,32.46,45.66,2025-09-24 19:41:47+00:00,33.98617,-81.012892,103.2,8.12,0.1,74.17,13.0,3D,2025-09-24 15:41:47-04:00,POINT (-81.012892 33.98617)
2025-09-23 01:43:26 UTC,sensor08,236476534,32.28,45.95,2025-09-24 19:41:52+00:00,33.98628,-81.01247,104.2,6.17,0.3,65.67,13.0,3D,2025-09-24 15:41:52-04:00,POINT (-81.01247 33.98628)
2025-09-23 01:43:36 UTC,sensor08,236476534,32.24,46.1,2025-09-24 19:42:02+00:00,33.98625,-81.012117,105.9,4.29,0.2,134.84,13.0,3D,2025-09-24 15:42:02-04:00,POINT (-81.012117 33.98625)
2025-09-23 01:43:41 UTC,sensor08,236476534,32.14,46.43,2025-09-24 19:42:07+00:00,33.985873,-81.011925,104.8,8.65,0.0,158.25,13.0,3D,2025-09-24 15:42:07-04:00,POINT (-81.011925 33.985873)
2025-09-23 01:43:46 UTC,sensor08,236476534,32.34,45.36,2025-09-24 19:42:12+00:00,33.985583,-81.011808,104.2,4.77,-0.3,158.29,13.0,3D,2025-09-24 15:42:12-04:00,POINT (-81.011808 33.985583)
2025-09-23 01:44:31 UTC,sensor08,236476534,33.46,43.48,2025-09-24 19:42:57+00:00,33.985403,-81.011617,104.8,5.67,0.1,112.26,13.0,3D,2025-09-24 15:42:57-04:00,POINT (-81.011617 33.985403)
2025-09-23 01:44:37 UTC,sensor08,236476534,32.95,44.97,2025-09-24 19:43:02+00:00,33.985458,-81.011123,105.3,11.59,0.1,72.19,13.0,3D,2025-09-24 15:43:02-04:00,POINT (-81.011123 33.985458)
2025-09-23 01:44:42 UTC,sensor08,236476534,32.69,46.66,2025-09-24 19:43:08+00:00,33.985692,-81.01036,105.6,12.6,0.1,0.0,13.0,3D,2025-09-24 15:43:08-04:00,POINT (-81.01036 33.985692)
2025-09-23 01:44:47 UTC,sensor08,236476534,32.4,46.43,2025-09-24 19:43:13+00:00,33.985907,-81.009673,105.9,13.74,0.2,0.0,13.0,3D,2025-09-24 15:43:13-04:00,POINT (-81.009673 33.985907)
2025-09-23 01:44:52 UTC,sensor08,236476534,32.01,49.26,2025-09-24 19:43:18+00:00,33.986128,-81.008997,107.3,12.87,0.4,0.0,13.0,3D,2025-09-24 15:43:18-04:00,POINT (-81.008997 33.986128)
2025-09-23 01:44:57 UTC,sensor08,236476534,32.07,48.32,2025-09-24 19:43:23+00:00,33.986305,-81.008438,108.5,9.1,0.3,68.88,13.0,3D,2025-09-24 15:43:23-04:00,POINT (-81.008438 33.986305)
2025-09-23 01:45:02 UTC,sensor08,236476534,32.69,46.0,2025-09-24 19:43:28+00:00,33.986435,-81.007985,105.1,8.45,0.1,69.44,13.0,3D,2025-09-24 15:43:28-04:00,POINT (-81.007985 33.986435)
2025-09-23 01:45:07 UTC,sensor08,236476534,32.83,44.88,2025-09-24 19:43:33+00:00,33.986567,-81.00754,105.2,9.35,-0.2,69.2,13.0,3D,2025-09-24 15:43:33-04:00,POINT (-81.00754 33.986567)
2025-09-23 01:45:12 UTC,sensor08,236476534,32.96,45.04,2025-09-24 19:43:38+00:00,33.986708,-81.007025,105.3,10.59,0.0,73.31,13.0,3D,2025-09-24 15:43:38-04:00,POINT (-81.007025 33.986708)
2025-09-23 01:45:17 UTC,sensor08,236476534,33.23,43.72,2025-09-24 19:43:43+00:00,33.986822,-81.006472,103.9,10.79,-0.4,72.36,13.0,3D,2025-09-24 15:43:43-04:00,POINT (-81.006472 33.986822)
2025-09-23 01:45:22 UTC,sensor08,236476534,33.79,43.56,2025-09-24 19:43:48+00:00,33.986953,-81.005883,103.2,11.04,0.5,73.59,13.0,3D,2025-09-24 15:43:48-04:00,POINT (-81.005883 33.986953)
2025-09-23 01:45:27 UTC,sensor08,236476534,33.87,43.06,2025-09-24 19:43:53+00:00,33.987072,-81.005358,101.1,8.4,-0.1,73.38,13.0,3D,2025-09-24 15:43:53-04:00,POINT (-81.005358 33.987072)
2025-09-23 01:45:32 UTC,sensor08,236476534,33.94,43.03,2025-09-24 19:43:58+00:00,33.98715,-81.005012,99.2,4.89,-0.6,73.72,13.0,3D,2025-09-24 15:43:58-04:00,POINT (-81.005012 33.98715)
2025-09-23 01:45:47 UTC,sensor08,236476534,34.33,42.79,2025-09-24 19:44:13+00:00,33.98724,-81.004672,99.8,6.57,-0.1,72.37,13.0,3D,2025-09-24 15:44:13-04:00,POINT (-81.004672 33.98724)
2025-09-23 01:45:52 UTC,sensor08,236476534,34.31,42.77,2025-09-24 19:44:18+00:00,33.987352,-81.004257,99.6,9.07,-0.1,72.83,13.0,3D,2025-09-24 15:44:18-04:00,POINT (-81.004257 33.987352)
2025-09-23 01:45:57 UTC,sensor08,236476534,34.0,42.5,2025-09-24 19:44:23+00:00,33.987485,-81.00374,98.9,10.94,-0.2,73.8,13.0,3D,2025-09-24 15:44:23-04:00,POINT (-81.00374 33.987485)
2025-09-23 01:46:02 UTC,sensor08,236476534,34.28,42.35,2025-09-24 19:44:27+00:00,33.987608,-81.00328,98.4,10.89,-0.2,73.82,13.0,3D,2025-09-24 15:44:27-04:00,POINT (-81.00328 33.987608)
2025-09-23 01:46:07 UTC,sensor08,236476534,33.91,42.51,2025-09-24 19:44:32+00:00,33.987718,-81.002812,97.1,7.22,-0.4,0.0,13.0,3D,2025-09-24 15:44:32-04:00,POINT (-81.002812 33.987718)
2025-09-23 01:46:12 UTC,sensor08,236476534,34.02,42.62,2025-09-24 19:44:38+00:00,33.987803,-81.002503,96.2,2.31,-0.2,72.44,13.0,3D,2025-09-24 15:44:38-04:00,POINT (-81.002503 33.987803)
2025-09-23 01:46:22 UTC,sensor08,236476534,34.17,42.88,2025-09-24 19:44:48+00:00,33.987845,-81.002307,96.8,6.49,-0.1,74.44,13.0,3D,2025-09-24 15:44:48-04:00,POINT (-81.002307 33.987845)
2025-09-23 01:46:27 UTC,sensor08,236476534,33.8,42.52,2025-09-24 19:44:53+00:00,33.987923,-81.001945,94.4,5.15,-0.4,86.76,13.0,3D,2025-09-24 15:44:53-04:00,POINT (-81.001945 33.987923)
2025-09-23 01:46:32 UTC,sensor08,236476534,34.09,42.68,2025-09-24 19:44:58+00:00,33.98769,-81.001828,92.8,7.08,0.1,164.94,13.0,3D,2025-09-24 15:44:58-04:00,POINT (-81.001828 33.98769)
2025-09-23 01:46:37 UTC,sensor08,236476534,33.45,42.9,2025-09-24 19:45:03+00:00,33.987433,-81.001815,91.6,3.45,-0.1,197.65,13.0,3D,2025-09-24 15:45:03-04:00,POINT (-81.001815 33.987433)
2025-09-23 01:46:42 UTC,sensor08,236476534,33.51,43.56,2025-09-24 19:45:08+00:00,33.987308,-81.002007,91.0,5.7,-0.4,253.61,13.0,3D,2025-09-24 15:45:08-04:00,POINT (-81.002007 33.987308)
2025-09-23 01:46:47 UTC,sensor08,236476534,33.17,43.31,2025-09-24 19:45:13+00:00,33.987225,-81.002327,91.9,6.09,0.4,252.85,13.0,3D,2025-09-24 15:45:13-04:00,POINT (-81.002327 33.987225)
2025-09-23 01:47:03 UTC,sensor08,236476534,33.48,42.89,2025-09-24 19:45:29+00:00,33.987322,-81.002488,91.4,4.5,-0.2,0.0,13.0,3D,2025-09-24 15:45:29-04:00,POINT (-81.002488 33.987322)
2025-09-23 01:47:08 UTC,sensor08,236476534,33.39,42.9,2025-09-24 19:45:34+00:00,33.987367,-81.002233,92.3,3.36,0.0,0.0,13.0,3D,2025-09-24 15:45:34-04:00,POINT (-81.002233 33.987367)
2025-09-23 01:47:13 UTC,sensor08,236476534,33.45,43.2,2025-09-24 19:45:39+00:00,33.987452,-81.00214,92.0,3.15,-0.1,0.0,13.0,3D,2025-09-24 15:45:39-04:00,POINT (-81.00214 33.987452)
2025-09-23 18:11:42 UTC,sensor10,236476726,36.4,39.08,2025-09-24 19:01:53+00:00,33.996323,-81.026383,110.3,2.67,-0.1,59.09,6.0,3D,2025-09-24 15:01:53-04:00,POINT (-81.026383 33.996323)
2025-09-23 18:13:28 UTC,sensor10,236476726,36.04,38.82,2025-09-24 19:03:39+00:00,33.996438,-81.026308,89.8,2.28,-0.2,86.58,8.0,3D,2025-09-24 15:03:39-04:00,POINT (-81.026308 33.996438)
2025-09-23 18:13:33 UTC,sensor10,236476726,35.47,39.18,2025-09-24 19:03:44+00:00,33.99648,-81.026242,88.9,2.33,-0.2,56.84,9.0,3D,2025-09-24 15:03:44-04:00,POINT (-81.026242 33.99648)
2025-09-23 18:13:43 UTC,sensor10,236476726,34.61,40.34,2025-09-24 19:03:54+00:00,33.996567,-81.02618,86.1,3.12,-0.3,345.58,9.0,3D,2025-09-24 15:03:54-04:00,POINT (-81.02618 33.996567)
2025-09-23 18:13:48 UTC,sensor10,236476726,34.7,41.04,2025-09-24 19:03:59+00:00,33.996725,-81.02625,84.5,4.66,-0.4,338.21,9.0,3D,2025-09-24 15:03:59-04:00,POINT (-81.02625 33.996725)
2025-09-23 18:13:53 UTC,sensor10,236476726,34.57,40.98,2025-09-24 19:04:04+00:00,33.996935,-81.026252,82.8,3.54,-0.3,345.05,9.0,3D,2025-09-24 15:04:04-04:00,POINT (-81.026252 33.996935)
2025-09-23 18:13:58 UTC,sensor10,236476726,34.15,41.67,2025-09-24 19:04:09+00:00,33.997208,-81.026085,82.2,5.07,-0.2,38.99,9.0,3D,2025-09-24 15:04:09-04:00,POINT (-81.026085 33.997208)
2025-09-23 18:14:03 UTC,sensor10,236476726,33.75,42.62,2025-09-24 19:04:15+00:00,33.997433,-81.025773,79.6,9.76,-0.6,0.0,9.0,3D,2025-09-24 15:04:15-04:00,POINT (-81.025773 33.997433)
2025-09-23 18:14:08 UTC,sensor10,236476726,33.21,44.34,2025-09-24 19:04:20+00:00,33.997728,-81.02529,75.8,13.81,-0.7,0.0,9.0,3D,2025-09-24 15:04:20-04:00,POINT (-81.02529 33.997728)
2025-09-23 18:14:13 UTC,sensor10,236476726,32.96,45.65,2025-09-24 19:04:25+00:00,33.997927,-81.024875,70.9,7.38,-1.1,0.0,9.0,3D,2025-09-24 15:04:25-04:00,POINT (-81.024875 33.997927)
2025-09-23 18:14:19 UTC,sensor10,236476726,33.05,44.47,2025-09-24 19:04:30+00:00,33.997963,-81.024743,65.5,7.11,-0.5,0.0,4.0,3D,2025-09-24 15:04:30-04:00,POINT (-81.024743 33.997963)
2025-09-23 18:14:24 UTC,sensor10,236476726,33.16,43.55,2025-09-24 19:04:35+00:00,33.997925,-81.02469,63.3,9.99,0.0,0.0,4.0,3D,2025-09-24 15:04:35-04:00,POINT (-81.02469 33.997925)
2025-09-23 18:14:29 UTC,sensor10,236476726,32.95,43.28,2025-09-24 19:04:40+00:00,33.998038,-81.024348,61.1,7.45,-0.6,0.0,8.0,3D,2025-09-24 15:04:40-04:00,POINT (-81.024348 33.998038)
2025-09-23 18:14:34 UTC,sensor10,236476726,33.02,43.59,2025-09-24 19:04:42+00:00,33.998075,-81.024208,59.6,6.66,-0.8,71.54,9.0,3D,2025-09-24 15:04:42-04:00,POINT (-81.024208 33.998075)
2025-09-23 18:14:39 UTC,sensor10,236476726,32.97,43.79,2025-09-24 19:04:50+00:00,33.99826,-81.023667,54.2,8.26,-0.8,0.0,10.0,3D,2025-09-24 15:04:50-04:00,POINT (-81.023667 33.99826)
2025-09-23 18:14:44 UTC,sensor10,236476726,32.86,43.61,2025-09-24 19:04:55+00:00,33.998352,-81.023442,51.4,7.46,0.3,64.44,10.0,3D,2025-09-24 15:04:55-04:00,POINT (-81.023442 33.998352)
2025-09-23 18:14:49 UTC,sensor10,236476726,32.93,43.95,2025-09-24 19:05:00+00:00,33.998433,-81.023093,48.6,7.13,-0.6,65.49,10.0,3D,2025-09-24 15:05:00-04:00,POINT (-81.023093 33.998433)
2025-09-23 18:14:54 UTC,sensor10,236476726,33.15,45.39,2025-09-24 19:05:05+00:00,33.99859,-81.022762,44.8,6.18,-0.8,51.81,10.0,3D,2025-09-24 15:05:05-04:00,POINT (-81.022762 33.99859)
2025-09-23 18:14:59 UTC,sensor10,236476726,33.25,45.12,2025-09-24 19:05:10+00:00,33.998718,-81.022392,40.8,7.35,-0.8,66.26,10.0,3D,2025-09-24 15:05:10-04:00,POINT (-81.022392 33.998718)
2025-09-23 18:15:04 UTC,sensor10,236476726,33.61,44.03,2025-09-24 19:05:15+00:00,33.998763,-81.021908,37.6,4.01,-0.4,65.36,10.0,3D,2025-09-24 15:05:15-04:00,POINT (-81.021908 33.998763)
2025-09-23 18:15:09 UTC,sensor10,236476726,33.85,43.51,2025-09-24 19:05:20+00:00,33.998787,-81.02151,39.8,5.83,0.3,61.79,10.0,3D,2025-09-24 15:05:20-04:00,POINT (-81.02151 33.998787)
2025-09-23 18:15:14 UTC,sensor10,236476726,33.82,43.15,2025-09-24 19:05:25+00:00,33.998897,-81.02111,40.7,7.21,-0.1,65.12,10.0,3D,2025-09-24 15:05:25-04:00,POINT (-81.02111 33.998897)
2025-09-23 18:15:19 UTC,sensor10,236476726,33.75,43.3,2025-09-24 19:05:30+00:00,33.999013,-81.020732,40.6,6.78,0.0,68.7,10.0,3D,2025-09-24 15:05:30-04:00,POINT (-81.020732 33.999013)
2025-09-23 18:15:24 UTC,sensor10,236476726,33.49,43.42,2025-09-24 19:05:35+00:00,33.999158,-81.020377,40.3,8.17,0.0,66.51,10.0,3D,2025-09-24 15:05:35-04:00,POINT (-81.020377 33.999158)
2025-09-23 18:15:29 UTC,sensor10,236476726,33.82,43.68,2025-09-24 19:05:40+00:00,33.999305,-81.019973,40.2,7.57,0.0,62.17,10.0,3D,2025-09-24 15:05:40-04:00,POINT (-81.019973 33.999305)
2025-09-23 18:15:34 UTC,sensor10,236476726,33.82,43.05,2025-09-24 19:05:45+00:00,33.999438,-81.019537,40.9,8.22,-0.1,67.49,10.0,3D,2025-09-24 15:05:45-04:00,POINT (-81.019537 33.999438)
2025-09-23 18:15:39 UTC,sensor10,236476726,33.8,43.21,2025-09-24 19:05:50+00:00,33.999562,-81.019105,42.9,9.14,1.4,65.24,10.0,3D,2025-09-24 15:05:50-04:00,POINT (-81.019105 33.999562)
2025-09-23 18:15:44 UTC,sensor10,236476726,33.85,43.69,2025-09-24 19:05:55+00:00,33.999688,-81.018657,44.9,8.34,0.2,68.58,10.0,3D,2025-09-24 15:05:55-04:00,POINT (-81.018657 33.999688)
2025-09-23 18:15:49 UTC,sensor10,236476726,34.04,42.79,2025-09-24 19:06:00+00:00,33.999838,-81.018213,45.5,9.41,0.4,72.28,10.0,3D,2025-09-24 15:06:00-04:00,POINT (-81.018213 33.999838)
2025-09-23 18:15:54 UTC,sensor10,236476726,33.77,42.65,2025-09-24 19:06:05+00:00,33.999967,-81.017688,46.8,9.94,0.2,74.16,10.0,3D,2025-09-24 15:06:05-04:00,POINT (-81.017688 33.999967)
2025-09-23 18:15:59 UTC,sensor10,236476726,33.86,42.57,2025-09-24 19:06:10+00:00,34.00021,-81.017242,51.1,7.79,0.9,66.62,10.0,3D,2025-09-24 15:06:10-04:00,POINT (-81.017242 34.00021)
2025-09-23 18:17:30 UTC,sensor10,236476726,35.17,40.34,2025-09-24 19:07:41+00:00,34.000238,-81.016892,62.4,3.39,0.0,58.42,11.0,3D,2025-09-24 15:07:41-04:00,POINT (-81.016892 34.000238)
2025-09-23 18:17:35 UTC,sensor10,236476726,34.82,40.19,2025-09-24 19:07:46+00:00,34.000382,-81.016643,62.3,3.88,0.0,26.17,11.0,3D,2025-09-24 15:07:46-04:00,POINT (-81.016643 34.000382)
2025-09-23 18:17:40 UTC,sensor10,236476726,35.37,40.11,2025-09-24 19:07:51+00:00,34.000703,-81.016697,63.1,7.94,0.2,344.46,11.0,3D,2025-09-24 15:07:51-04:00,POINT (-81.016697 34.000703)
2025-09-23 18:17:46 UTC,sensor10,236476726,35.29,39.5,2025-09-24 19:07:56+00:00,34.001143,-81.016858,64.3,8.78,0.2,340.83,11.0,3D,2025-09-24 15:07:56-04:00,POINT (-81.016858 34.001143)
2025-09-23 18:17:51 UTC,sensor10,236476726,35.45,39.55,2025-09-24 19:08:02+00:00,34.001628,-81.01701,64.9,10.58,-0.2,0.0,11.0,3D,2025-09-24 15:08:02-04:00,POINT (-81.01701 34.001628)
2025-09-23 18:17:56 UTC,sensor10,236476726,35.26,39.25,2025-09-24 19:08:07+00:00,34.002047,-81.017148,62.7,8.46,-0.6,0.0,11.0,3D,2025-09-24 15:08:07-04:00,POINT (-81.017148 34.002047)
2025-09-23 18:18:01 UTC,sensor10,236476726,35.16,39.21,2025-09-24 19:08:12+00:00,34.002412,-81.01723,58.4,7.36,-1.0,0.71,11.0,3D,2025-09-24 15:08:12-04:00,POINT (-81.01723 34.002412)
2025-09-23 18:18:06 UTC,sensor10,236476726,34.56,39.9,2025-09-24 19:08:17+00:00,34.002755,-81.017262,52.3,8.24,-1.2,4.95,11.0,3D,2025-09-24 15:08:17-04:00,POINT (-81.017262 34.002755)
2025-09-23 18:18:11 UTC,sensor10,236476726,34.33,40.79,2025-09-24 19:08:22+00:00,34.003102,-81.017342,47.6,7.75,1.8,358.04,11.0,3D,2025-09-24 15:08:22-04:00,POINT (-81.017342 34.003102)
2025-09-23 18:18:16 UTC,sensor10,236476726,34.61,40.82,2025-09-24 19:08:27+00:00,34.003367,-81.01751,45.9,7.1,-0.5,352.28,11.0,3D,2025-09-24 15:08:27-04:00,POINT (-81.01751 34.003367)
2025-09-23 18:18:21 UTC,sensor10,236476726,34.56,40.54,2025-09-24 19:08:32+00:00,34.003625,-81.017687,45.4,6.0,-0.4,346.32,11.0,3D,2025-09-24 15:08:32-04:00,POINT (-81.017687 34.003625)
2025-09-23 18:18:26 UTC,sensor10,236476726,34.61,41.05,2025-09-24 19:08:37+00:00,34.004,-81.017813,42.3,7.86,-0.7,349.86,11.0,3D,2025-09-24 15:08:37-04:00,POINT (-81.017813 34.004)
2025-09-23 18:18:31 UTC,sensor10,236476726,34.26,40.98,2025-09-24 19:08:42+00:00,34.004333,-81.01795,41.6,8.11,-0.2,353.51,11.0,3D,2025-09-24 15:08:42-04:00,POINT (-81.01795 34.004333)
2025-09-23 18:18:36 UTC,sensor10,236476726,34.3,41.06,2025-09-24 19:08:47+00:00,34.004668,-81.018113,41.4,8.36,0.03,350.15,11.0,3D,2025-09-24 15:08:47-04:00,POINT (-81.018113 34.004668)
2025-09-23 18:18:41 UTC,sensor10,236476726,34.55,41.27,2025-09-24 19:08:48+00:00,34.004737,-81.018143,41.2,8.63,-0.2,354.88,11.0,3D,2025-09-24 15:08:48-04:00,POINT (-81.018143 34.004737)
2025-09-23 18:18:46 UTC,sensor10,236476726,34.74,40.63,2025-09-24 19:08:57+00:00,34.005265,-81.018418,39.4,6.6,-0.4,345.62,11.0,3D,2025-09-24 15:08:57-04:00,POINT (-81.018418 34.005265)
2025-09-23 18:18:51 UTC,sensor10,236476726,34.9,40.19,2025-09-24 19:09:02+00:00,34.005517,-81.018612,40.9,6.24,0.9,326.53,11.0,3D,2025-09-24 15:09:02-04:00,POINT (-81.018612 34.005517)
2025-09-23 18:18:56 UTC,sensor10,236476726,34.98,39.86,2025-09-24 19:09:07+00:00,34.005707,-81.018715,42.6,4.33,0.4,318.27,11.0,3D,2025-09-24 15:09:07-04:00,POINT (-81.018715 34.005707)
2025-09-23 18:19:01 UTC,sensor10,236476726,35.12,39.75,2025-09-24 19:09:12+00:00,34.00582,-81.018797,41.6,3.66,-0.9,327.72,11.0,3D,2025-09-24 15:09:12-04:00,POINT (-81.018797 34.00582)
2025-09-23 18:19:06 UTC,sensor10,236476726,35.03,39.54,2025-09-24 19:09:17+00:00,34.005903,-81.018678,36.6,3.66,-1.4,60.09,11.0,3D,2025-09-24 15:09:17-04:00,POINT (-81.018678 34.005903)
2025-09-23 18:19:47 UTC,sensor10,236476726,36.39,37.22,2025-09-24 19:09:58+00:00,34.00581,-81.018498,40.2,3.78,-0.7,112.32,11.0,3D,2025-09-24 15:09:58-04:00,POINT (-81.018498 34.00581)
2025-09-23 18:19:52 UTC,sensor10,236476726,36.12,37.75,2025-09-24 19:10:03+00:00,34.00576,-81.018518,33.5,3.65,-1.4,118.53,11.0,3D,2025-09-24 15:10:03-04:00,POINT (-81.018518 34.00576)
2025-09-23 18:19:57 UTC,sensor10,236476726,36.35,37.57,2025-09-24 19:10:08+00:00,34.005732,-81.018498,28.0,2.99,1.7,112.29,11.0,3D,2025-09-24 15:10:08-04:00,POINT (-81.018498 34.005732)
2025-09-23 18:20:02 UTC,sensor10,236476726,36.53,37.29,2025-09-24 19:10:13+00:00,34.005813,-81.0185,22.2,2.67,-1.3,102.12,11.0,3D,2025-09-24 15:10:13-04:00,POINT (-81.0185 34.005813)
2025-09-23 18:20:17 UTC,sensor10,236476726,35.93,37.72,2025-09-24 19:10:28+00:00,34.005915,-81.01868,24.0,3.23,0.3,317.86,12.0,3D,2025-09-24 15:10:28-04:00,POINT (-81.01868 34.005915)
2025-09-23 18:20:22 UTC,sensor10,236476726,35.26,38.66,2025-09-24 19:10:33+00:00,34.00607,-81.018852,24.9,3.79,-0.2,328.5,12.0,3D,2025-09-24 15:10:33-04:00,POINT (-81.018852 34.00607)
2025-09-23 18:20:27 UTC,sensor10,236476726,35.01,39.38,2025-09-24 19:10:38+00:00,34.006302,-81.01897,24.2,4.32,-0.2,338.01,12.0,3D,2025-09-24 15:10:38-04:00,POINT (-81.01897 34.006302)
2025-09-23 18:20:32 UTC,sensor10,236476726,34.87,39.81,2025-09-24 19:10:43+00:00,34.006515,-81.019102,23.1,4.06,-0.3,328.78,12.0,3D,2025-09-24 15:10:43-04:00,POINT (-81.019102 34.006515)
2025-09-23 18:20:37 UTC,sensor10,236476726,34.91,39.74,2025-09-24 19:10:44+00:00,34.006555,-81.019127,24.1,3.84,1.0,328.25,12.0,3D,2025-09-24 15:10:44-04:00,POINT (-81.019127 34.006555)
2025-09-23 18:20:42 UTC,sensor10,236476726,34.95,39.78,2025-09-24 19:10:53+00:00,34.007115,-81.019248,24.4,6.11,0.1,350.36,4.0,3D,2025-09-24 15:10:53-04:00,POINT (-81.019248 34.007115)
2025-09-23 18:20:48 UTC,sensor10,236476726,34.99,40.04,2025-09-24 19:10:58+00:00,34.007407,-81.01939,24.4,6.59,0.0,342.99,12.0,3D,2025-09-24 15:10:58-04:00,POINT (-81.01939 34.007407)
2025-09-23 18:20:53 UTC,sensor10,236476726,35.11,40.17,2025-09-24 19:11:04+00:00,34.00786,-81.019602,22.4,9.43,-0.5,0.0,12.0,3D,2025-09-24 15:11:04-04:00,POINT (-81.019602 34.00786)
2025-09-23 18:20:58 UTC,sensor10,236476726,35.19,39.92,2025-09-24 19:11:09+00:00,34.008262,-81.019833,26.4,10.13,0.0,0.0,12.0,3D,2025-09-24 15:11:09-04:00,POINT (-81.019833 34.008262)
2025-09-23 18:21:03 UTC,sensor10,236476726,35.25,40.08,2025-09-24 19:11:14+00:00,34.008675,-81.020057,29.3,9.31,1.0,342.17,12.0,3D,2025-09-24 15:11:14-04:00,POINT (-81.020057 34.008675)
2025-09-23 18:21:08 UTC,sensor10,236476726,35.51,39.96,2025-09-24 19:11:19+00:00,34.009068,-81.02026,32.0,8.75,0.9,343.18,12.0,3D,2025-09-24 15:11:19-04:00,POINT (-81.02026 34.009068)
2025-09-23 18:21:13 UTC,sensor10,236476726,35.52,39.68,2025-09-24 19:11:24+00:00,34.009435,-81.020435,37.0,8.07,0.9,342.56,12.0,3D,2025-09-24 15:11:24-04:00,POINT (-81.020435 34.009435)
2025-09-23 18:21:18 UTC,sensor10,236476726,35.51,38.83,2025-09-24 19:11:29+00:00,34.009812,-81.020575,42.5,8.21,0.8,343.09,12.0,3D,2025-09-24 15:11:29-04:00,POINT (-81.020575 34.009812)
2025-09-23 18:21:23 UTC,sensor10,236476726,35.35,39.07,2025-09-24 19:11:34+00:00,34.010143,-81.020758,47.2,8.33,0.7,335.78,12.0,3D,2025-09-24 15:11:34-04:00,POINT (-81.020758 34.010143)
2025-09-23 18:21:28 UTC,sensor10,236476726,35.34,38.63,2025-09-24 19:11:39+00:00,34.010482,-81.02096,51.5,8.94,0.7,335.38,12.0,3D,2025-09-24 15:11:39-04:00,POINT (-81.02096 34.010482)
2025-09-23 18:21:33 UTC,sensor10,236476726,35.46,38.78,2025-09-24 19:11:44+00:00,34.010882,-81.021165,58.6,9.51,1.0,338.7,12.0,3D,2025-09-24 15:11:44-04:00,POINT (-81.021165 34.010882)
2025-09-23 18:21:38 UTC,sensor10,236476726,35.4,38.71,2025-09-24 19:11:49+00:00,34.011297,-81.021355,67.8,10.5,1.9,338.67,12.0,3D,2025-09-24 15:11:49-04:00,POINT (-81.021355 34.011297)
2025-09-23 18:21:43 UTC,sensor10,236476726,35.15,38.72,2025-09-24 19:11:54+00:00,34.011728,-81.021595,74.7,11.37,0.9,336.56,12.0,3D,2025-09-24 15:11:54-04:00,POINT (-81.021595 34.011728)
2025-09-23 18:21:48 UTC,sensor10,236476726,34.53,39.88,2025-09-24 19:11:59+00:00,34.012142,-81.021787,80.3,12.22,-0.7,341.5,12.0,3D,2025-09-24 15:11:59-04:00,POINT (-81.021787 34.012142)
2025-09-23 18:21:53 UTC,sensor10,236476726,34.29,40.34,2025-09-24 19:12:04+00:00,34.012562,-81.022033,89.3,12.79,3.7,333.77,12.0,3D,2025-09-24 15:12:04-04:00,POINT (-81.022033 34.012562)
2025-09-23 18:21:58 UTC,sensor10,236476726,33.77,41.41,2025-09-24 19:12:09+00:00,34.012495,-81.022623,97.3,13.31,2.9,249.87,12.0,3D,2025-09-24 15:12:09-04:00,POINT (-81.022623 34.012495)
2025-09-23 18:22:03 UTC,sensor10,236476726,33.68,41.76,2025-09-24 19:12:14+00:00,34.012288,-81.02317,105.3,13.27,2.3,255.9,12.0,3D,2025-09-24 15:12:14-04:00,POINT (-81.02317 34.012288)
2025-09-23 18:22:08 UTC,sensor10,236476726,33.66,42.42,2025-09-24 19:12:19+00:00,34.012022,-81.023775,108.0,14.36,-3.7,249.58,12.0,3D,2025-09-24 15:12:19-04:00,POINT (-81.023775 34.012022)
2025-09-23 18:22:13 UTC,sensor10,236476726,33.83,43.88,2025-09-24 19:12:24+00:00,34.01178,-81.02423,112.9,14.39,-1.8,251.65,12.0,3D,2025-09-24 15:12:24-04:00,POINT (-81.02423 34.01178)
2025-09-23 18:22:19 UTC,sensor10,236476726,33.92,41.82,2025-09-24 19:12:29+00:00,34.011725,-81.024558,115.7,12.92,1.5,259.1,12.0,3D,2025-09-24 15:12:29-04:00,POINT (-81.024558 34.011725)
2025-09-23 18:22:24 UTC,sensor10,236476726,34.14,41.31,2025-09-24 19:12:35+00:00,34.01155,-81.02466,111.2,11.02,1.9,0.0,12.0,3D,2025-09-24 15:12:35-04:00,POINT (-81.02466 34.01155)
2025-09-23 18:22:29 UTC,sensor10,236476726,34.0,41.22,2025-09-24 19:12:40+00:00,34.011287,-81.025058,120.7,5.35,4.9,0.0,12.0,3D,2025-09-24 15:12:40-04:00,POINT (-81.025058 34.011287)
2025-09-23 18:22:34 UTC,sensor10,236476726,34.03,41.54,2025-09-24 19:12:44+00:00,34.011323,-81.025258,130.8,10.48,4.7,244.81,12.0,3D,2025-09-24 15:12:44-04:00,POINT (-81.025258 34.011323)
2025-09-23 18:22:39 UTC,sensor10,236476726,33.95,41.75,2025-09-24 19:12:50+00:00,34.011175,-81.025753,128.3,5.14,0.8,0.0,4.0,3D,2025-09-24 15:12:50-04:00,POINT (-81.025753 34.011175)
2025-09-23 18:22:44 UTC,sensor10,236476726,33.92,41.99,2025-09-24 19:12:55+00:00,34.011398,-81.025873,124.9,3.81,1.1,0.0,8.0,3D,2025-09-24 15:12:55-04:00,POINT (-81.025873 34.011398)
2025-09-23 18:23:24 UTC,sensor10,236476726,33.94,42.47,2025-09-24 19:13:35+00:00,34.0115,-81.025787,125.4,3.21,0.1,245.04,12.0,3D,2025-09-24 15:13:35-04:00,POINT (-81.025787 34.0115)
2025-09-23 18:23:29 UTC,sensor10,236476726,33.71,42.53,2025-09-24 19:13:40+00:00,34.011433,-81.025957,125.9,4.13,0.1,252.91,12.0,3D,2025-09-24 15:13:40-04:00,POINT (-81.025957 34.011433)
2025-09-23 18:23:34 UTC,sensor10,236476726,33.59,43.67,2025-09-24 19:13:45+00:00,34.011333,-81.02616,125.8,4.59,-0.1,243.92,12.0,3D,2025-09-24 15:13:45-04:00,POINT (-81.02616 34.011333)
2025-09-23 18:23:39 UTC,sensor10,236476726,33.74,42.51,2025-09-24 19:13:50+00:00,34.011215,-81.026385,126.4,5.33,0.6,224.9,12.0,3D,2025-09-24 15:13:50-04:00,POINT (-81.026385 34.011215)
2025-09-23 18:23:44 UTC,sensor10,236476726,33.69,42.09,2025-09-24 19:13:55+00:00,34.011093,-81.026572,128.4,6.2,0.5,242.66,12.0,3D,2025-09-24 15:13:55-04:00,POINT (-81.026572 34.011093)
2025-09-23 18:23:49 UTC,sensor10,236476726,33.8,42.02,2025-09-24 19:14:00+00:00,34.011025,-81.026822,130.9,6.9,1.0,247.44,12.0,3D,2025-09-24 15:14:00-04:00,POINT (-81.026822 34.011025)
2025-09-23 18:23:54 UTC,sensor10,236476726,33.68,41.95,2025-09-24 19:14:05+00:00,34.011003,-81.027095,135.9,6.02,1.1,286.62,12.0,3D,2025-09-24 15:14:05-04:00,POINT (-81.027095 34.011003)
2025-09-23 18:23:59 UTC,sensor10,236476726,33.7,42.11,2025-09-24 19:14:10+00:00,34.011257,-81.027222,135.2,7.38,-1.3,327.65,12.0,3D,2025-09-24 15:14:10-04:00,POINT (-81.027222 34.011257)
2025-09-23 18:24:05 UTC,sensor10,236476726,33.74,42.57,2025-09-24 19:14:15+00:00,34.011558,-81.027333,137.8,6.54,0.7,338.17,12.0,3D,2025-09-24 15:14:15-04:00,POINT (-81.027333 34.011558)
2025-09-23 18:24:10 UTC,sensor10,236476726,33.68,43.34,2025-09-24 19:14:21+00:00,34.011932,-81.027393,138.7,6.87,-0.2,0.0,12.0,3D,2025-09-24 15:14:21-04:00,POINT (-81.027393 34.011932)
2025-09-23 18:24:15 UTC,sensor10,236476726,33.45,44.22,2025-09-24 19:14:26+00:00,34.012172,-81.027452,134.7,4.32,-0.5,0.0,12.0,3D,2025-09-24 15:14:26-04:00,POINT (-81.027452 34.012172)
2025-09-23 18:24:20 UTC,sensor10,236476726,33.67,42.95,2025-09-24 19:14:31+00:00,34.012295,-81.027468,127.8,3.02,-1.3,34.83,12.0,3D,2025-09-24 15:14:31-04:00,POINT (-81.027468 34.012295)
2025-09-23 18:24:25 UTC,sensor10,236476726,33.61,42.46,2025-09-24 19:14:36+00:00,34.012502,-81.027502,119.6,4.89,-2.1,22.08,12.0,3D,2025-09-24 15:14:36-04:00,POINT (-81.027502 34.012502)
2025-09-23 18:24:30 UTC,sensor10,236476726,33.78,41.93,2025-09-24 19:14:41+00:00,34.01278,-81.027585,110.2,5.15,2.2,12.91,12.0,3D,2025-09-24 15:14:41-04:00,POINT (-81.027585 34.01278)
2025-09-23 18:24:35 UTC,sensor10,236476726,33.67,42.01,2025-09-24 19:14:45+00:00,34.013072,-81.027708,103.4,12.44,-3.0,0.0,8.0,3D,2025-09-24 15:14:45-04:00,POINT (-81.027708 34.013072)
2025-09-23 18:24:40 UTC,sensor10,236476726,33.61,42.27,2025-09-24 19:14:51+00:00,34.013493,-81.027872,97.0,6.61,-2.3,0.58,12.0,3D,2025-09-24 15:14:51-04:00,POINT (-81.027872 34.013493)
2025-09-23 18:24:45 UTC,sensor10,236476726,33.35,43.02,2025-09-24 19:14:56+00:00,34.01381,-81.02804,94.2,6.09,-1.4,354.38,12.0,3D,2025-09-24 15:14:56-04:00,POINT (-81.02804 34.01381)
2025-09-23 18:24:50 UTC,sensor10,236476726,33.64,43.11,2025-09-24 19:15:01+00:00,34.01415,-81.028172,88.6,6.21,-1.7,353.63,12.0,3D,2025-09-24 15:15:01-04:00,POINT (-81.028172 34.01415)
2025-09-23 18:24:55 UTC,sensor10,236476726,33.56,42.61,2025-09-24 19:15:06+00:00,34.014517,-81.0283,87.1,6.16,-1.2,354.89,12.0,3D,2025-09-24 15:15:06-04:00,POINT (-81.0283 34.014517)
2025-09-23 18:25:00 UTC,sensor10,236476726,33.61,43.21,2025-09-24 19:15:11+00:00,34.014807,-81.028408,83.6,5.5,-0.5,7.55,12.0,3D,2025-09-24 15:15:11-04:00,POINT (-81.028408 34.014807)
2025-09-23 18:25:05 UTC,sensor10,236476726,33.7,43.47,2025-09-24 19:15:16+00:00,34.014962,-81.028523,80.2,2.82,-0.9,356.37,12.0,3D,2025-09-24 15:15:16-04:00,POINT (-81.028523 34.014962)
2025-09-23 18:25:10 UTC,sensor10,236476726,33.65,44.46,2025-09-24 19:15:21+00:00,34.015143,-81.02864,75.1,3.9,-1.3,355.01,12.0,3D,2025-09-24 15:15:21-04:00,POINT (-81.02864 34.015143)
2025-09-23 18:25:15 UTC,sensor10,236476726,33.57,43.07,2025-09-24 19:15:26+00:00,34.015358,-81.02878,73.0,4.05,0.7,339.26,12.0,3D,2025-09-24 15:15:26-04:00,POINT (-81.02878 34.015358)
2025-09-23 18:25:20 UTC,sensor10,236476726,33.41,42.41,2025-09-24 19:15:31+00:00,34.015605,-81.028953,68.4,5.04,-0.9,323.48,12.0,3D,2025-09-24 15:15:31-04:00,POINT (-81.028953 34.015605)
2025-09-23 18:25:25 UTC,sensor10,236476726,33.52,43.34,2025-09-24 19:15:36+00:00,34.016002,-81.0291,64.0,7.24,-1.6,346.17,12.0,3D,2025-09-24 15:15:36-04:00,POINT (-81.0291 34.016002)
2025-09-23 18:25:30 UTC,sensor10,236476726,33.49,42.92,2025-09-24 19:15:41+00:00,34.01639,-81.029277,62.4,7.95,-1.2,347.33,12.0,3D,2025-09-24 15:15:41-04:00,POINT (-81.029277 34.01639)
2025-09-23 18:25:35 UTC,sensor10,236476726,33.32,42.85,2025-09-24 19:15:46+00:00,34.016805,-81.029442,57.9,8.48,-0.2,342.42,12.0,3D,2025-09-24 15:15:46-04:00,POINT (-81.029442 34.016805)
2025-09-23 18:25:41 UTC,sensor10,236476726,33.25,43.65,2025-09-24 19:15:51+00:00,34.017193,-81.029607,60.0,6.75,-0.2,346.2,12.0,3D,2025-09-24 15:15:51-04:00,POINT (-81.029607 34.017193)
2025-09-23 18:25:46 UTC,sensor10,236476726,33.28,44.83,2025-09-24 19:15:57+00:00,34.017493,-81.029412,58.2,7.41,-0.3,0.0,12.0,3D,2025-09-24 15:15:57-04:00,POINT (-81.029412 34.017493)
2025-09-23 18:25:51 UTC,sensor10,236476726,33.11,43.7,2025-09-24 19:16:02+00:00,34.017628,-81.028972,57.4,8.74,0.1,0.0,12.0,3D,2025-09-24 15:16:02-04:00,POINT (-81.028972 34.017628)
2025-09-23 18:25:56 UTC,sensor10,236476726,33.07,43.73,2025-09-24 19:16:07+00:00,34.01779,-81.02855,69.0,8.82,1.4,0.0,12.0,3D,2025-09-24 15:16:07-04:00,POINT (-81.02855 34.01779)
2025-09-23 18:26:01 UTC,sensor10,236476726,33.09,42.82,2025-09-24 19:16:12+00:00,34.017915,-81.028152,75.3,4.94,0.5,78.72,12.0,3D,2025-09-24 15:16:12-04:00,POINT (-81.028152 34.017915)
2025-09-23 18:26:06 UTC,sensor10,236476726,33.2,42.65,2025-09-24 19:16:17+00:00,34.017993,-81.02783,77.9,4.99,2.0,56.75,12.0,3D,2025-09-24 15:16:17-04:00,POINT (-81.02783 34.017993)
2025-09-23 18:26:11 UTC,sensor10,236476726,33.26,42.89,2025-09-24 19:16:22+00:00,34.018208,-81.02765,78.0,6.89,0.8,39.67,12.0,3D,2025-09-24 15:16:22-04:00,POINT (-81.02765 34.018208)
2025-09-23 18:26:16 UTC,sensor10,236476726,33.26,42.61,2025-09-24 19:16:27+00:00,34.018295,-81.027462,79.8,2.63,0.9,67.08,12.0,3D,2025-09-24 15:16:27-04:00,POINT (-81.027462 34.018295)
2025-09-23 18:26:21 UTC,sensor10,236476726,33.37,43.61,2025-09-24 19:16:32+00:00,34.01836,-81.027338,82.7,3.88,0.5,40.79,12.0,3D,2025-09-24 15:16:32-04:00,POINT (-81.027338 34.01836)
2025-09-23 18:26:26 UTC,sensor10,236476726,33.61,44.55,2025-09-24 19:16:37+00:00,34.018537,-81.027277,83.6,4.63,0.3,353.27,12.0,3D,2025-09-24 15:16:37-04:00,POINT (-81.027277 34.018537)
2025-09-23 18:26:31 UTC,sensor10,236476726,33.9,47.93,2025-09-24 19:16:42+00:00,34.018742,-81.027365,84.9,4.64,0.5,336.71,12.0,3D,2025-09-24 15:16:42-04:00,POINT (-81.027365 34.018742)
2025-09-23 18:26:36 UTC,sensor10,236476726,34.01,45.59,2025-09-24 19:16:46+00:00,34.018878,-81.027472,83.3,3.89,-0.7,331.34,12.0,3D,2025-09-24 15:16:46-04:00,POINT (-81.027472 34.018878)
2025-09-23 18:26:41 UTC,sensor10,236476726,33.88,45.13,2025-09-24 19:16:46+00:00,34.018878,-81.027472,83.3,3.89,-0.7,331.34,12.0,3D,2025-09-24 15:16:46-04:00,POINT (-81.027472 34.018878)
2025-09-23 18:26:46 UTC,sensor10,236476726,33.86,43.71,2025-09-24 19:16:57+00:00,34.019282,-81.027627,75.3,3.04,2.8,4.95,12.0,3D,2025-09-24 15:16:57-04:00,POINT (-81.027627 34.019282)
2025-09-23 18:26:51 UTC,sensor10,236476726,33.95,43.49,2025-09-24 19:17:02+00:00,34.019508,-81.027698,72.8,3.62,-0.6,329.19,12.0,3D,2025-09-24 15:17:02-04:00,POINT (-81.027698 34.019508)
2025-09-23 18:26:56 UTC,sensor10,236476726,34.04,45.84,2025-09-24 19:17:07+00:00,34.019695,-81.02788,66.5,3.75,-0.3,308.54,12.0,3D,2025-09-24 15:17:07-04:00,POINT (-81.02788 34.019695)
2025-09-23 18:27:01 UTC,sensor10,236476726,33.91,44.48,2025-09-24 19:17:12+00:00,34.019755,-81.0281,61.5,2.77,4.2,279.74,12.0,3D,2025-09-24 15:17:12-04:00,POINT (-81.0281 34.019755)
2025-09-23 18:27:06 UTC,sensor10,236476726,33.84,42.4,2025-09-24 19:17:17+00:00,34.019675,-81.028293,56.8,3.38,-1.6,231.06,12.0,3D,2025-09-24 15:17:17-04:00,POINT (-81.028293 34.019675)
2025-09-23 18:27:12 UTC,sensor10,236476726,33.79,44.27,2025-09-24 19:17:22+00:00,34.019537,-81.028433,54.2,3.92,0.1,209.29,12.0,3D,2025-09-24 15:17:22-04:00,POINT (-81.028433 34.019537)
2025-09-23 18:27:17 UTC,sensor10,236476726,33.7,42.77,2025-09-24 19:17:28+00:00,34.01931,-81.028498,55.8,4.62,0.0,0.0,12.0,3D,2025-09-24 15:17:28-04:00,POINT (-81.028498 34.01931)
2025-09-23 18:27:22 UTC,sensor10,236476726,33.72,44.53,2025-09-24 19:17:33+00:00,34.019092,-81.028505,60.4,4.81,0.8,0.0,12.0,3D,2025-09-24 15:17:33-04:00,POINT (-81.028505 34.019092)
2025-09-23 18:27:27 UTC,sensor10,236476726,33.69,43.36,2025-09-24 19:17:38+00:00,34.018978,-81.02841,67.7,4.79,1.7,0.0,12.0,3D,2025-09-24 15:17:38-04:00,POINT (-81.02841 34.018978)
2025-09-23 18:27:32 UTC,sensor10,236476726,33.53,43.39,2025-09-24 19:17:43+00:00,34.018808,-81.028333,75.7,4.04,2.1,0.0,12.0,3D,2025-09-24 15:17:43-04:00,POINT (-81.028333 34.018808)
2025-09-23 18:27:37 UTC,sensor10,236476726,33.33,42.75,2025-09-24 19:17:48+00:00,34.018612,-81.028307,86.7,6.33,3.1,183.82,12.0,3D,2025-09-24 15:17:48-04:00,POINT (-81.028307 34.018612)
2025-09-23 18:27:42 UTC,sensor10,236476726,33.45,42.63,2025-09-24 19:17:53+00:00,34.018403,-81.028177,87.4,6.16,-0.2,166.25,12.0,3D,2025-09-24 15:17:53-04:00,POINT (-81.028177 34.018403)
2025-09-23 18:27:47 UTC,sensor10,236476726,33.55,42.48,2025-09-24 19:17:58+00:00,34.018265,-81.02794,90.8,6.8,2.0,165.93,12.0,3D,2025-09-24 15:17:58-04:00,POINT (-81.02794 34.018265)
2025-09-23 18:27:52 UTC,sensor10,236476726,33.6,43.86,2025-09-24 19:18:03+00:00,34.018145,-81.027727,86.4,5.2,-4.2,144.22,12.0,3D,2025-09-24 15:18:03-04:00,POINT (-81.027727 34.018145)
2025-09-23 18:27:57 UTC,sensor10,236476726,33.77,42.66,2025-09-24 19:18:08+00:00,34.018062,-81.027808,90.3,5.65,-4.2,236.79,12.0,3D,2025-09-24 15:18:08-04:00,POINT (-81.027808 34.018062)
2025-09-23 18:28:02 UTC,sensor10,236476726,33.8,41.45,2025-09-24 19:18:13+00:00,34.018,-81.02807,95.4,5.5,1.4,255.32,13.0,3D,2025-09-24 15:18:13-04:00,POINT (-81.02807 34.018)
2025-09-23 18:28:07 UTC,sensor10,236476726,33.85,40.96,2025-09-24 19:18:18+00:00,34.018205,-81.02813,96.2,5.38,0.5,318.01,13.0,3D,2025-09-24 15:18:18-04:00,POINT (-81.02813 34.018205)
2025-09-23 18:28:12 UTC,sensor10,236476726,33.75,40.97,2025-09-24 19:18:23+00:00,34.018455,-81.028272,91.9,6.1,-1.1,313.79,13.0,3D,2025-09-24 15:18:23-04:00,POINT (-81.028272 34.018455)
2025-09-23 18:28:17 UTC,sensor10,236476726,33.71,41.1,2025-09-24 19:18:28+00:00,34.018662,-81.02851,89.7,6.25,-0.2,309.76,13.0,3D,2025-09-24 15:18:28-04:00,POINT (-81.02851 34.018662)
2025-09-23 18:28:22 UTC,sensor10,236476726,33.78,41.44,2025-09-24 19:18:33+00:00,34.018867,-81.028748,85.1,5.71,-1.0,321.09,13.0,3D,2025-09-24 15:18:33-04:00,POINT (-81.028748 34.018867)
2025-09-23 18:28:27 UTC,sensor10,236476726,34.06,42.46,2025-09-24 19:18:38+00:00,34.019115,-81.028928,80.1,6.25,-1.1,337.61,13.0,3D,2025-09-24 15:18:38-04:00,POINT (-81.028928 34.019115)
2025-09-23 18:28:32 UTC,sensor10,236476726,34.2,43.51,2025-09-24 19:18:43+00:00,34.019403,-81.02904,76.6,4.88,-1.2,350.67,13.0,3D,2025-09-24 15:18:43-04:00,POINT (-81.02904 34.019403)
2025-09-23 18:28:37 UTC,sensor10,236476726,34.11,43.36,2025-09-24 19:18:46+00:00,34.01959,-81.02905,72.1,5.27,-1.8,9.11,13.0,3D,2025-09-24 15:18:46-04:00,POINT (-81.02905 34.01959)
2025-09-23 18:28:42 UTC,sensor10,236476726,34.24,42.32,2025-09-24 19:18:50+00:00,34.019845,-81.029107,68.9,6.1,-0.8,342.95,13.0,3D,2025-09-24 15:18:50-04:00,POINT (-81.029107 34.019845)
2025-09-23 18:28:47 UTC,sensor10,236476726,34.14,41.46,2025-09-24 19:18:58+00:00,34.019823,-81.029708,63.4,5.94,-1.2,259.62,13.0,3D,2025-09-24 15:18:58-04:00,POINT (-81.029708 34.019823)
2025-09-23 18:28:52 UTC,sensor10,236476726,34.1,41.4,2025-09-24 19:19:03+00:00,34.019703,-81.030078,58.3,7.57,-1.3,245.09,13.0,3D,2025-09-24 15:19:03-04:00,POINT (-81.030078 34.019703)
2025-09-23 18:28:57 UTC,sensor10,236476726,34.13,41.9,2025-09-24 19:19:08+00:00,34.01955,-81.030467,57.4,8.49,0.4,247.11,13.0,3D,2025-09-24 15:19:08-04:00,POINT (-81.030467 34.01955)
2025-09-23 18:29:02 UTC,sensor10,236476726,34.59,41.82,2025-09-24 19:19:13+00:00,34.019385,-81.030913,66.2,9.19,0.9,250.97,13.0,3D,2025-09-24 15:19:13-04:00,POINT (-81.030913 34.019385)
2025-09-23 18:29:07 UTC,sensor10,236476726,34.32,41.54,2025-09-24 19:19:18+00:00,34.01931,-81.03134,71.6,9.03,1.2,261.65,13.0,3D,2025-09-24 15:19:18-04:00,POINT (-81.03134 34.01931)
2025-09-23 18:29:13 UTC,sensor10,236476726,34.15,41.67,2025-09-24 19:19:24+00:00,34.019242,-81.031845,79.1,8.37,1.4,0.0,13.0,3D,2025-09-24 15:19:24-04:00,POINT (-81.031845 34.019242)
2025-09-23 18:29:18 UTC,sensor10,236476726,34.18,41.63,2025-09-24 19:19:29+00:00,34.01913,-81.032272,85.6,8.48,-0.8,0.0,13.0,3D,2025-09-24 15:19:29-04:00,POINT (-81.032272 34.01913)
2025-09-23 18:29:23 UTC,sensor10,236476726,34.45,42.43,2025-09-24 19:19:34+00:00,34.018978,-81.032632,93.1,5.64,2.4,0.0,13.0,3D,2025-09-24 15:19:34-04:00,POINT (-81.032632 34.018978)
2025-09-23 18:29:28 UTC,sensor10,236476726,34.48,41.24,2025-09-24 19:19:39+00:00,34.018938,-81.032945,97.0,7.64,1.6,269.38,13.0,3D,2025-09-24 15:19:39-04:00,POINT (-81.032945 34.018938)
2025-09-23 18:29:33 UTC,sensor10,236476726,34.49,41.91,2025-09-24 19:19:44+00:00,34.018888,-81.033173,104.8,7.36,2.4,257.32,13.0,3D,2025-09-24 15:19:44-04:00,POINT (-81.033173 34.018888)
2025-09-23 18:29:38 UTC,sensor10,236476726,34.31,40.98,2025-09-24 19:19:49+00:00,34.018798,-81.03336,104.1,6.87,0.0,249.33,13.0,3D,2025-09-24 15:19:49-04:00,POINT (-81.03336 34.018798)
2025-09-23 18:29:43 UTC,sensor10,236476726,34.12,41.44,2025-09-24 19:19:54+00:00,34.018687,-81.03356,106.0,6.67,0.9,246.63,13.0,3D,2025-09-24 15:19:54-04:00,POINT (-81.03356 34.018687)
2025-09-23 18:29:48 UTC,sensor10,236476726,33.81,42.47,2025-09-24 19:19:59+00:00,34.018573,-81.033828,110.3,7.16,1.1,246.37,13.0,3D,2025-09-24 15:19:59-04:00,POINT (-81.033828 34.018573)
2025-09-23 18:29:53 UTC,sensor10,236476726,33.9,41.6,2025-09-24 19:20:04+00:00,34.018425,-81.034127,114.7,7.7,-0.3,244.45,13.0,3D,2025-09-24 15:20:04-04:00,POINT (-81.034127 34.018425)
2025-09-23 18:29:58 UTC,sensor10,236476726,33.96,41.64,2025-09-24 19:20:09+00:00,34.018322,-81.034408,117.2,7.65,0.1,241.94,13.0,3D,2025-09-24 15:20:09-04:00,POINT (-81.034408 34.018322)
2025-09-23 18:30:03 UTC,sensor10,236476726,34.12,41.73,2025-09-24 19:20:14+00:00,34.0182,-81.034742,121.1,7.8,1.0,246.44,13.0,3D,2025-09-24 15:20:14-04:00,POINT (-81.034742 34.0182)
2025-09-23 18:30:08 UTC,sensor10,236476726,34.11,41.2,2025-09-24 19:20:19+00:00,34.018237,-81.034995,118.7,5.6,-1.3,283.99,13.0,3D,2025-09-24 15:20:19-04:00,POINT (-81.034995 34.018237)
2025-09-23 18:30:13 UTC,sensor10,236476726,34.19,41.17,2025-09-24 19:20:24+00:00,34.018495,-81.035167,118.6,5.77,0.8,330.41,13.0,3D,2025-09-24 15:20:24-04:00,POINT (-81.035167 34.018495)
2025-09-23 18:30:18 UTC,sensor10,236476726,34.19,41.02,2025-09-24 19:20:29+00:00,34.018728,-81.035177,116.5,4.77,-1.5,296.41,13.0,3D,2025-09-24 15:20:29-04:00,POINT (-81.035177 34.018728)
2025-09-23 18:30:23 UTC,sensor10,236476726,34.46,40.77,2025-09-24 19:20:34+00:00,34.01866,-81.035442,112.0,5.09,-0.9,255.33,13.0,3D,2025-09-24 15:20:34-04:00,POINT (-81.035442 34.01866)
2025-09-23 18:30:28 UTC,sensor10,236476726,34.37,40.9,2025-09-24 19:20:39+00:00,34.01848,-81.03557,106.8,5.41,-1.0,170.92,13.0,3D,2025-09-24 15:20:39-04:00,POINT (-81.03557 34.01848)
2025-09-23 18:30:33 UTC,sensor10,236476726,34.6,40.67,2025-09-24 19:20:44+00:00,34.018288,-81.035383,100.4,5.53,-1.3,114.06,13.0,3D,2025-09-24 15:20:44-04:00,POINT (-81.035383 34.018288)
2025-09-23 18:30:38 UTC,sensor10,236476726,34.45,40.45,2025-09-24 19:20:47+00:00,34.018283,-81.035242,96.4,3.77,-1.2,80.96,13.0,3D,2025-09-24 15:20:47-04:00,POINT (-81.035242 34.018283)
2025-09-23 18:30:43 UTC,sensor10,236476726,34.66,40.68,2025-09-24 19:20:51+00:00,34.018333,-81.035093,91.3,3.25,-1.27,66.44,13.0,3D,2025-09-24 15:20:51-04:00,POINT (-81.035093 34.018333)
2025-09-23 18:30:48 UTC,sensor10,236476726,34.92,40.1,2025-09-24 19:20:59+00:00,34.01818,-81.034852,87.4,4.31,-0.7,151.59,13.0,3D,2025-09-24 15:20:59-04:00,POINT (-81.034852 34.01818)
2025-09-23 18:30:54 UTC,sensor10,236476726,34.87,39.72,2025-09-24 19:21:04+00:00,34.017988,-81.034738,84.6,4.43,-0.6,160.8,13.0,3D,2025-09-24 15:21:04-04:00,POINT (-81.034738 34.017988)
2025-09-23 18:30:59 UTC,sensor10,236476726,35.02,39.87,2025-09-24 19:21:10+00:00,34.01775,-81.03461,81.9,4.98,-0.4,0.0,13.0,3D,2025-09-24 15:21:10-04:00,POINT (-81.03461 34.01775)
2025-09-23 18:31:04 UTC,sensor10,236476726,34.98,39.9,2025-09-24 19:21:15+00:00,34.01754,-81.034525,79.9,4.92,-0.5,0.0,13.0,3D,2025-09-24 15:21:15-04:00,POINT (-81.034525 34.01754)
2025-09-23 18:31:09 UTC,sensor10,236476726,35.08,39.92,2025-09-24 19:21:20+00:00,34.017347,-81.034453,80.5,3.83,-0.1,0.0,13.0,3D,2025-09-24 15:21:20-04:00,POINT (-81.034453 34.017347)
2025-09-23 18:31:14 UTC,sensor10,236476726,34.99,41.14,2025-09-24 19:21:25+00:00,34.017225,-81.034567,82.5,9.42,2.2,0.0,4.0,3D,2025-09-24 15:21:25-04:00,POINT (-81.034567 34.017225)
2025-09-23 18:31:19 UTC,sensor10,236476726,34.81,41.29,2025-09-24 19:21:30+00:00,34.017158,-81.034782,79.8,4.11,-0.7,0.0,8.0,3D,2025-09-24 15:21:30-04:00,POINT (-81.034782 34.017158)
2025-09-23 18:31:24 UTC,sensor10,236476726,34.96,41.92,2025-09-24 19:21:35+00:00,34.017152,-81.03494,76.1,2.26,-0.7,0.0,8.0,3D,2025-09-24 15:21:35-04:00,POINT (-81.03494 34.017152)
2025-09-23 18:33:30 UTC,sensor10,236476726,36.88,36.57,2025-09-24 19:23:41+00:00,34.017032,-81.03486,29.1,4.17,-0.2,210.31,13.0,3D,2025-09-24 15:23:41-04:00,POINT (-81.03486 34.017032)
2025-09-23 18:33:35 UTC,sensor10,236476726,36.03,38.05,2025-09-24 19:23:46+00:00,34.01687,-81.035132,27.4,5.75,-0.4,249.53,13.0,3D,2025-09-24 15:23:46-04:00,POINT (-81.035132 34.01687)
2025-09-23 18:33:40 UTC,sensor10,236476726,35.06,39.22,2025-09-24 19:23:51+00:00,34.016722,-81.035495,25.0,7.37,-0.4,248.58,13.0,3D,2025-09-24 15:23:51-04:00,POINT (-81.035495 34.016722)
2025-09-23 18:33:45 UTC,sensor10,236476726,34.58,40.4,2025-09-24 19:23:56+00:00,34.016593,-81.035885,23.3,6.37,-0.1,256.91,13.0,3D,2025-09-24 15:23:56-04:00,POINT (-81.035885 34.016593)
2025-09-23 18:33:50 UTC,sensor10,236476726,34.04,40.87,2025-09-24 19:24:01+00:00,34.016693,-81.036102,24.4,4.38,0.2,305.26,13.0,3D,2025-09-24 15:24:01-04:00,POINT (-81.036102 34.016693)
2025-09-23 18:33:55 UTC,sensor10,236476726,33.95,41.72,2025-09-24 19:24:06+00:00,34.016923,-81.036295,28.8,7.17,1.0,315.31,13.0,3D,2025-09-24 15:24:06-04:00,POINT (-81.036295 34.016923)
2025-09-23 18:34:00 UTC,sensor10,236476726,34.3,42.32,2025-09-24 19:24:11+00:00,34.017185,-81.036472,35.3,5.7,1.3,326.04,13.0,3D,2025-09-24 15:24:11-04:00,POINT (-81.036472 34.017185)
2025-09-23 18:34:05 UTC,sensor10,236476726,33.76,41.63,2025-09-24 19:24:16+00:00,34.017447,-81.03655,42.5,5.95,1.5,336.56,13.0,3D,2025-09-24 15:24:16-04:00,POINT (-81.03655 34.017447)
2025-09-23 18:34:10 UTC,sensor10,236476726,33.39,42.03,2025-09-24 19:24:21+00:00,34.017703,-81.036643,49.5,6.04,1.5,337.23,13.0,3D,2025-09-24 15:24:21-04:00,POINT (-81.036643 34.017703)
2025-09-23 18:34:15 UTC,sensor10,236476726,33.55,42.43,2025-09-24 19:24:26+00:00,34.017897,-81.036825,55.5,5.9,1.1,304.19,13.0,3D,2025-09-24 15:24:26-04:00,POINT (-81.036825 34.017897)
2025-09-23 18:34:21 UTC,sensor10,236476726,33.42,42.62,2025-09-24 19:24:31+00:00,34.017745,-81.037132,64.6,6.48,4.1,247.89,13.0,3D,2025-09-24 15:24:31-04:00,POINT (-81.037132 34.017745)
2025-09-23 18:34:26 UTC,sensor10,236476726,33.42,42.97,2025-09-24 19:24:37+00:00,34.017655,-81.037502,72.2,6.54,0.9,0.0,13.0,3D,2025-09-24 15:24:37-04:00,POINT (-81.037502 34.017655)
2025-09-23 18:34:31 UTC,sensor10,236476726,33.48,44.35,2025-09-24 19:24:42+00:00,34.017595,-81.037852,76.5,6.59,1.0,0.0,13.0,3D,2025-09-24 15:24:42-04:00,POINT (-81.037852 34.017595)
2025-09-23 18:34:36 UTC,sensor10,236476726,33.34,43.01,2025-09-24 19:24:47+00:00,34.017672,-81.037972,79.9,3.5,0.8,317.45,13.0,3D,2025-09-24 15:24:47-04:00,POINT (-81.037972 34.017672)
2025-09-23 18:34:46 UTC,sensor10,236476726,33.63,43.58,2025-09-24 19:24:57+00:00,34.017538,-81.038167,87.0,5.49,0.62,245.51,13.0,3D,2025-09-24 15:24:57-04:00,POINT (-81.038167 34.017538)
2025-09-23 18:34:51 UTC,sensor10,236476726,33.8,44.61,2025-09-24 19:25:02+00:00,34.017427,-81.038457,90.9,6.91,-1.6,242.27,13.0,3D,2025-09-24 15:25:02-04:00,POINT (-81.038457 34.017427)
2025-09-23 18:34:56 UTC,sensor10,236476726,33.86,42.06,2025-09-24 19:25:07+00:00,34.017323,-81.038787,95.6,7.3,1.3,256.3,13.0,3D,2025-09-24 15:25:07-04:00,POINT (-81.038787 34.017323)
2025-09-23 18:35:01 UTC,sensor10,236476726,34.0,41.54,2025-09-24 19:25:12+00:00,34.017287,-81.039022,103.0,3.12,1.5,281.51,13.0,3D,2025-09-24 15:25:12-04:00,POINT (-81.039022 34.017287)
2025-09-23 18:35:06 UTC,sensor10,236476726,33.99,41.38,2025-09-24 19:25:17+00:00,34.017282,-81.039133,101.2,4.99,-1.7,261.52,13.0,3D,2025-09-24 15:25:17-04:00,POINT (-81.039133 34.017282)
2025-09-23 18:35:11 UTC,sensor10,236476726,34.22,41.51,2025-09-24 19:25:22+00:00,34.01718,-81.039375,102.7,5.93,0.3,249.08,13.0,3D,2025-09-24 15:25:22-04:00,POINT (-81.039375 34.01718)
2025-09-23 18:35:16 UTC,sensor10,236476726,34.3,41.35,2025-09-24 19:25:27+00:00,34.017057,-81.039645,104.5,6.02,0.7,247.14,13.0,3D,2025-09-24 15:25:27-04:00,POINT (-81.039645 34.017057)
2025-09-23 18:35:21 UTC,sensor10,236476726,34.43,41.22,2025-09-24 19:25:32+00:00,34.016982,-81.03982,103.2,4.9,0.4,238.07,13.0,3D,2025-09-24 15:25:32-04:00,POINT (-81.03982 34.016982)
2025-09-23 18:35:26 UTC,sensor10,236476726,34.41,40.77,2025-09-24 19:25:37+00:00,34.016893,-81.040037,105.4,6.12,-0.1,243.9,13.0,3D,2025-09-24 15:25:37-04:00,POINT (-81.040037 34.016893)
2025-09-23 18:35:31 UTC,sensor10,236476726,34.45,40.72,2025-09-24 19:25:42+00:00,34.016767,-81.040307,108.0,6.69,0.5,243.41,13.0,3D,2025-09-24 15:25:42-04:00,POINT (-81.040307 34.016767)
2025-09-23 18:35:36 UTC,sensor10,236476726,34.55,40.43,2025-09-24 19:25:47+00:00,34.016808,-81.0405,110.4,4.34,0.6,298.43,13.0,3D,2025-09-24 15:25:47-04:00,POINT (-81.0405 34.016808)
2025-09-23 18:35:41 UTC,sensor10,236476726,34.41,40.82,2025-09-24 19:25:52+00:00,34.017012,-81.040602,111.6,5.92,0.9,333.63,13.0,3D,2025-09-24 15:25:52-04:00,POINT (-81.040602 34.017012)
2025-09-23 18:35:46 UTC,sensor10,236476726,34.2,40.88,2025-09-24 19:25:57+00:00,34.017293,-81.040705,111.9,6.71,0.3,338.02,13.0,3D,2025-09-24 15:25:57-04:00,POINT (-81.040705 34.017293)
2025-09-23 18:35:51 UTC,sensor10,236476726,34.12,41.32,2025-09-24 19:26:02+00:00,34.017612,-81.040822,110.8,7.16,0.1,339.13,13.0,3D,2025-09-24 15:26:02-04:00,POINT (-81.040822 34.017612)
2025-09-23 18:35:57 UTC,sensor10,236476726,33.98,41.65,2025-09-24 19:26:08+00:00,34.01797,-81.04097,112.0,6.3,0.1,0.0,13.0,3D,2025-09-24 15:26:08-04:00,POINT (-81.04097 34.01797)
2025-09-23 18:36:02 UTC,sensor10,236476726,34.16,41.64,2025-09-24 19:26:13+00:00,34.018227,-81.041087,111.8,6.07,-0.1,0.0,13.0,3D,2025-09-24 15:26:13-04:00,POINT (-81.041087 34.018227)
2025-09-23 18:36:07 UTC,sensor10,236476726,34.54,41.58,2025-09-24 19:26:18+00:00,34.018425,-81.041188,109.8,3.07,-1.3,349.81,13.0,3D,2025-09-24 15:26:18-04:00,POINT (-81.041188 34.018425)
2025-09-23 18:36:12 UTC,sensor10,236476726,34.95,40.55,2025-09-24 19:26:23+00:00,34.018635,-81.041273,103.3,4.47,-0.6,340.0,13.0,3D,2025-09-24 15:26:23-04:00,POINT (-81.041273 34.018635)
2025-09-23 18:36:17 UTC,sensor10,236476726,35.12,40.23,2025-09-24 19:26:28+00:00,34.018717,-81.041585,95.6,4.64,-1.8,261.35,13.0,3D,2025-09-24 15:26:28-04:00,POINT (-81.041585 34.018717)
2025-09-23 18:36:22 UTC,sensor10,236476726,34.73,41.18,2025-09-24 19:26:33+00:00,34.018652,-81.04189,91.7,6.64,1.2,258.54,12.0,3D,2025-09-24 15:26:33-04:00,POINT (-81.04189 34.018652)
2025-09-23 18:36:27 UTC,sensor10,236476726,34.16,41.9,2025-09-24 19:26:38+00:00,34.018577,-81.042373,88.3,9.35,-0.7,263.03,12.0,3D,2025-09-24 15:26:38-04:00,POINT (-81.042373 34.018577)
2025-09-23 18:36:32 UTC,sensor10,236476726,33.97,42.25,2025-09-24 19:26:43+00:00,34.018528,-81.042867,82.0,6.85,-1.4,257.99,12.0,3D,2025-09-24 15:26:43-04:00,POINT (-81.042867 34.018528)
2025-09-23 18:36:37 UTC,sensor10,236476726,33.87,42.15,2025-09-24 19:26:48+00:00,34.018463,-81.043253,78.5,8.54,-0.3,259.5,12.0,3D,2025-09-24 15:26:48-04:00,POINT (-81.043253 34.018463)
2025-09-23 18:36:42 UTC,sensor10,236476726,33.88,41.69,2025-09-24 19:26:53+00:00,34.018317,-81.043713,79.0,10.99,0.07,255.83,12.0,3D,2025-09-24 15:26:53-04:00,POINT (-81.043713 34.018317)
2025-09-23 18:36:47 UTC,sensor10,236476726,33.62,41.85,2025-09-24 19:26:58+00:00,34.018192,-81.044155,85.3,10.46,1.6,248.94,12.0,3D,2025-09-24 15:26:58-04:00,POINT (-81.044155 34.018192)
2025-09-23 18:36:52 UTC,sensor10,236476726,33.49,42.57,2025-09-24 19:27:03+00:00,34.017963,-81.044628,87.8,11.71,-1.6,245.29,12.0,3D,2025-09-24 15:27:03-04:00,POINT (-81.044628 34.017963)
2025-09-23 18:36:57 UTC,sensor10,236476726,33.63,42.28,2025-09-24 19:27:08+00:00,34.017852,-81.045097,93.4,11.27,2.3,254.51,12.0,3D,2025-09-24 15:27:08-04:00,POINT (-81.045097 34.017852)
2025-09-23 18:37:02 UTC,sensor10,236476726,33.61,42.05,2025-09-24 19:27:13+00:00,34.017763,-81.045365,98.8,7.12,1.6,253.48,12.0,3D,2025-09-24 15:27:13-04:00,POINT (-81.045365 34.017763)
2025-09-23 18:37:07 UTC,sensor10,236476726,33.58,42.19,2025-09-24 19:27:18+00:00,34.017577,-81.045652,99.2,10.02,1.4,241.54,12.0,3D,2025-09-24 15:27:18-04:00,POINT (-81.045652 34.017577)
2025-09-23 18:37:12 UTC,sensor10,236476726,33.65,42.54,2025-09-24 19:27:23+00:00,34.017468,-81.045817,100.0,7.38,0.1,250.35,12.0,3D,2025-09-24 15:27:23-04:00,POINT (-81.045817 34.017468)
2025-09-23 18:37:17 UTC,sensor10,236476726,33.72,42.82,2025-09-24 19:27:28+00:00,34.017387,-81.046122,104.0,6.39,1.9,261.48,12.0,3D,2025-09-24 15:27:28-04:00,POINT (-81.046122 34.017387)
2025-09-23 18:37:23 UTC,sensor10,236476726,33.63,42.55,2025-09-24 19:27:33+00:00,34.017257,-81.046322,110.6,6.06,2.1,245.02,12.0,3D,2025-09-24 15:27:33-04:00,POINT (-81.046322 34.017257)
2025-09-23 18:37:28 UTC,sensor10,236476726,33.39,43.03,2025-09-24 19:27:39+00:00,34.017138,-81.046488,106.7,2.96,0.7,0.0,12.0,3D,2025-09-24 15:27:39-04:00,POINT (-81.046488 34.017138)
2025-09-23 18:37:33 UTC,sensor10,236476726,33.22,43.77,2025-09-24 19:27:44+00:00,34.017097,-81.046632,105.3,4.27,0.9,0.0,12.0,3D,2025-09-24 15:27:44-04:00,POINT (-81.046632 34.017097)
2025-09-23 18:37:38 UTC,sensor10,236476726,33.18,43.53,2025-09-24 19:27:49+00:00,34.016988,-81.046818,105.5,5.33,0.2,241.03,12.0,3D,2025-09-24 15:27:49-04:00,POINT (-81.046818 34.016988)
2025-09-23 18:37:43 UTC,sensor10,236476726,33.26,43.7,2025-09-24 19:27:54+00:00,34.016902,-81.047005,108.2,5.06,0.8,244.64,12.0,3D,2025-09-24 15:27:54-04:00,POINT (-81.047005 34.016902)
2025-09-23 18:37:48 UTC,sensor10,236476726,33.2,43.56,2025-09-24 19:27:59+00:00,34.016805,-81.047197,112.5,4.68,1.0,242.67,12.0,3D,2025-09-24 15:27:59-04:00,POINT (-81.047197 34.016805)
2025-09-23 18:37:53 UTC,sensor10,236476726,33.36,43.39,2025-09-24 19:28:04+00:00,34.016687,-81.047368,112.4,4.84,-3.7,232.11,12.0,3D,2025-09-24 15:28:04-04:00,POINT (-81.047368 34.016687)
2025-09-23 18:37:58 UTC,sensor10,236476726,33.09,43.83,2025-09-24 19:28:09+00:00,34.016453,-81.047338,112.2,5.53,-1.7,181.56,12.0,3D,2025-09-24 15:28:09-04:00,POINT (-81.047338 34.016453)
2025-09-23 18:38:03 UTC,sensor10,236476726,33.28,43.67,2025-09-24 19:28:14+00:00,34.016283,-81.047223,117.0,4.59,1.5,170.7,12.0,3D,2025-09-24 15:28:14-04:00,POINT (-81.047223 34.016283)
2025-09-23 18:38:08 UTC,sensor10,236476726,33.35,43.39,2025-09-24 19:28:19+00:00,34.016065,-81.047115,117.7,6.64,1.2,173.65,12.0,3D,2025-09-24 15:28:19-04:00,POINT (-81.047115 34.016065)
2025-09-23 18:38:13 UTC,sensor10,236476726,33.32,43.31,2025-09-24 19:28:24+00:00,34.015898,-81.046972,123.1,4.51,2.7,172.25,12.0,3D,2025-09-24 15:28:24-04:00,POINT (-81.046972 34.015898)
2025-09-23 18:38:18 UTC,sensor10,236476726,33.5,44.3,2025-09-24 19:28:29+00:00,34.015737,-81.046875,121.5,5.18,-1.0,161.41,12.0,3D,2025-09-24 15:28:29-04:00,POINT (-81.046875 34.015737)
2025-09-23 18:38:23 UTC,sensor10,236476726,33.55,43.73,2025-09-24 19:28:34+00:00,34.015602,-81.04677,122.4,3.41,0.2,151.43,12.0,3D,2025-09-24 15:28:34-04:00,POINT (-81.04677 34.015602)
2025-09-23 18:38:28 UTC,sensor10,236476726,33.47,43.21,2025-09-24 19:28:39+00:00,34.015475,-81.046647,117.7,3.09,-0.1,142.74,12.0,3D,2025-09-24 15:28:39-04:00,POINT (-81.046647 34.015475)
2025-09-23 18:38:33 UTC,sensor10,236476726,33.48,43.18,2025-09-24 19:28:44+00:00,34.015327,-81.046533,114.4,3.73,-2.0,145.09,12.0,3D,2025-09-24 15:28:44-04:00,POINT (-81.046533 34.015327)
2025-09-23 18:38:38 UTC,sensor10,236476726,33.52,43.2,2025-09-24 19:28:49+00:00,34.015163,-81.046417,113.8,4.52,0.2,153.43,12.0,3D,2025-09-24 15:28:49-04:00,POINT (-81.046417 34.015163)
2025-09-23 18:38:43 UTC,sensor10,236476726,33.41,43.66,2025-09-24 19:28:50+00:00,34.015133,-81.046388,112.6,4.23,-1.2,0.0,8.0,3D,2025-09-24 15:28:50-04:00,POINT (-81.046388 34.015133)
2025-09-23 18:38:48 UTC,sensor10,236476726,33.49,45.06,2025-09-24 19:28:59+00:00,34.014718,-81.046053,114.9,6.04,0.3,148.4,8.0,3D,2025-09-24 15:28:59-04:00,POINT (-81.046053 34.014718)
2025-09-23 18:38:53 UTC,sensor10,236476726,33.68,44.63,2025-09-24 19:29:04+00:00,34.014522,-81.045878,115.3,5.47,0.0,152.89,12.0,3D,2025-09-24 15:29:04-04:00,POINT (-81.045878 34.014522)
2025-09-23 18:38:59 UTC,sensor10,236476726,33.71,44.38,2025-09-24 19:29:09+00:00,34.01432,-81.045722,113.2,5.42,0.5,155.0,12.0,3D,2025-09-24 15:29:09-04:00,POINT (-81.045722 34.01432)
2025-09-23 18:39:04 UTC,sensor10,236476726,33.51,43.59,2025-09-24 19:29:15+00:00,34.014027,-81.045498,116.4,6.64,0.8,0.0,12.0,3D,2025-09-24 15:29:15-04:00,POINT (-81.045498 34.014027)
2025-09-23 18:39:09 UTC,sensor10,236476726,33.64,44.24,2025-09-24 19:29:20+00:00,34.013793,-81.045323,119.0,5.87,0.7,0.0,12.0,3D,2025-09-24 15:29:20-04:00,POINT (-81.045323 34.013793)
2025-09-23 18:39:14 UTC,sensor10,236476726,33.56,44.33,2025-09-24 19:29:25+00:00,34.01358,-81.045197,120.8,6.18,0.6,0.0,12.0,3D,2025-09-24 15:29:25-04:00,POINT (-81.045197 34.01358)
2025-09-23 18:39:19 UTC,sensor10,236476726,33.52,43.65,2025-09-24 19:29:30+00:00,34.013353,-81.045017,123.9,5.08,0.6,0.0,4.0,3D,2025-09-24 15:29:30-04:00,POINT (-81.045017 34.013353)
2025-09-23 18:39:24 UTC,sensor10,236476726,33.69,44.51,2025-09-24 19:29:35+00:00,34.013143,-81.044815,125.7,8.0,0.6,0.0,8.0,3D,2025-09-24 15:29:35-04:00,POINT (-81.044815 34.013143)
2025-09-23 18:39:29 UTC,sensor10,236476726,34.06,44.54,2025-09-24 19:29:40+00:00,34.01293,-81.044672,127.4,4.73,-1.6,0.0,8.0,3D,2025-09-24 15:29:40-04:00,POINT (-81.044672 34.01293)
2025-09-23 18:39:34 UTC,sensor10,236476726,34.11,43.12,2025-09-24 19:29:45+00:00,34.012703,-81.044547,129.4,5.4,0.7,0.0,12.0,3D,2025-09-24 15:29:45-04:00,POINT (-81.044547 34.012703)
2025-09-23 18:39:39 UTC,sensor10,236476726,34.16,42.05,2025-09-24 19:29:50+00:00,34.012472,-81.044335,130.9,7.2,0.8,137.85,12.0,3D,2025-09-24 15:29:50-04:00,POINT (-81.044335 34.012472)
2025-09-23 18:39:44 UTC,sensor10,236476726,34.16,41.59,2025-09-24 19:29:55+00:00,34.01227,-81.0442,132.8,5.64,0.7,140.53,12.0,3D,2025-09-24 15:29:55-04:00,POINT (-81.0442 34.01227)
2025-09-23 18:39:49 UTC,sensor10,236476726,33.84,41.92,2025-09-24 19:30:00+00:00,34.012095,-81.044133,133.8,4.06,0.5,155.78,12.0,3D,2025-09-24 15:30:00-04:00,POINT (-81.044133 34.012095)
2025-09-23 18:39:54 UTC,sensor10,236476726,33.72,42.5,2025-09-24 19:30:05+00:00,34.012033,-81.044005,132.7,2.27,-1.0,96.47,12.0,3D,2025-09-24 15:30:05-04:00,POINT (-81.044005 34.012033)
2025-09-23 18:39:59 UTC,sensor10,236476726,33.42,42.8,2025-09-24 19:30:10+00:00,34.012113,-81.04375,132.9,4.23,0.2,75.61,12.0,3D,2025-09-24 15:30:10-04:00,POINT (-81.04375 34.012113)
2025-09-23 18:40:04 UTC,sensor10,236476726,33.38,43.13,2025-09-24 19:30:15+00:00,34.012178,-81.043537,131.3,3.61,0.0,71.5,12.0,3D,2025-09-24 15:30:15-04:00,POINT (-81.043537 34.012178)
2025-09-23 18:40:09 UTC,sensor10,236476726,33.59,43.12,2025-09-24 19:30:20+00:00,34.012247,-81.043362,127.8,3.31,-0.1,68.82,13.0,3D,2025-09-24 15:30:20-04:00,POINT (-81.043362 34.012247)
2025-09-23 18:40:14 UTC,sensor10,236476726,33.47,42.62,2025-09-24 19:30:25+00:00,34.012307,-81.04315,126.5,4.18,0.0,69.1,13.0,3D,2025-09-24 15:30:25-04:00,POINT (-81.04315 34.012307)
2025-09-23 18:40:19 UTC,sensor10,236476726,33.41,42.68,2025-09-24 19:30:30+00:00,34.012387,-81.042945,123.6,4.37,-0.6,66.05,13.0,3D,2025-09-24 15:30:30-04:00,POINT (-81.042945 34.012387)
2025-09-23 18:40:24 UTC,sensor10,236476726,33.47,42.93,2025-09-24 19:30:35+00:00,34.012455,-81.042727,122.1,4.09,-0.6,69.08,13.0,3D,2025-09-24 15:30:35-04:00,POINT (-81.042727 34.012455)
2025-09-23 18:40:29 UTC,sensor10,236476726,33.5,42.81,2025-09-24 19:30:40+00:00,34.012502,-81.042523,120.5,3.96,-0.1,76.21,13.0,3D,2025-09-24 15:30:40-04:00,POINT (-81.042523 34.012502)
2025-09-23 18:40:35 UTC,sensor10,236476726,33.4,43.17,2025-09-24 19:30:45+00:00,34.01255,-81.04235,119.3,2.93,-0.1,73.6,13.0,3D,2025-09-24 15:30:45-04:00,POINT (-81.04235 34.01255)
2025-09-23 18:40:40 UTC,sensor10,236476726,33.3,43.07,2025-09-24 19:30:51+00:00,34.012603,-81.042173,115.1,3.27,-0.5,0.0,13.0,3D,2025-09-24 15:30:51-04:00,POINT (-81.042173 34.012603)
2025-09-23 18:40:45 UTC,sensor10,236476726,33.3,43.6,2025-09-24 19:30:51+00:00,34.012603,-81.042173,115.1,2.81,-0.5,65.6,13.0,3D,2025-09-24 15:30:51-04:00,POINT (-81.042173 34.012603)
2025-09-23 18:40:50 UTC,sensor10,236476726,33.49,43.57,2025-09-24 19:31:01+00:00,34.01274,-81.04168,103.4,5.2,-0.9,0.0,13.0,3D,2025-09-24 15:31:01-04:00,POINT (-81.04168 34.01274)
2025-09-23 18:40:55 UTC,sensor10,236476726,33.85,43.24,2025-09-24 19:31:06+00:00,34.012823,-81.041415,99.6,4.54,0.1,70.17,13.0,3D,2025-09-24 15:31:06-04:00,POINT (-81.041415 34.012823)
2025-09-23 18:41:00 UTC,sensor10,236476726,33.69,42.46,2025-09-24 19:31:11+00:00,34.01295,-81.041162,94.4,4.74,-1.7,66.67,13.0,3D,2025-09-24 15:31:11-04:00,POINT (-81.041162 34.01295)
2025-09-23 18:41:20 UTC,sensor10,236476726,34.46,41.23,2025-09-24 19:31:31+00:00,34.012842,-81.040855,87.9,2.67,-0.7,174.32,13.0,3D,2025-09-24 15:31:31-04:00,POINT (-81.040855 34.012842)
2025-09-23 18:41:30 UTC,sensor10,236476726,34.94,40.66,2025-09-24 19:31:41+00:00,34.012755,-81.040835,85.7,2.69,0.0,144.33,13.0,3D,2025-09-24 15:31:41-04:00,POINT (-81.040835 34.012755)
2025-09-23 18:41:35 UTC,sensor10,236476726,34.97,40.6,2025-09-24 19:31:46+00:00,34.01258,-81.040747,84.0,3.63,-0.5,174.28,13.0,3D,2025-09-24 15:31:46-04:00,POINT (-81.040747 34.01258)
2025-09-23 18:41:40 UTC,sensor10,236476726,34.99,40.71,2025-09-24 19:31:51+00:00,34.012382,-81.040668,85.0,3.79,-0.4,158.93,13.0,3D,2025-09-24 15:31:51-04:00,POINT (-81.040668 34.012382)
2025-09-23 18:41:45 UTC,sensor10,236476726,35.01,40.24,2025-09-24 19:31:56+00:00,34.012223,-81.040605,82.9,3.27,0.0,163.57,13.0,3D,2025-09-24 15:31:56-04:00,POINT (-81.040605 34.012223)
2025-09-23 18:41:50 UTC,sensor10,236476726,35.01,40.6,2025-09-24 19:32:01+00:00,34.01203,-81.040447,80.2,4.58,-0.1,158.58,13.0,3D,2025-09-24 15:32:01-04:00,POINT (-81.040447 34.01203)
2025-09-23 18:41:55 UTC,sensor10,236476726,34.86,40.4,2025-09-24 19:32:06+00:00,34.011808,-81.040383,76.5,4.95,-0.6,165.44,13.0,3D,2025-09-24 15:32:06-04:00,POINT (-81.040383 34.011808)
2025-09-23 18:42:00 UTC,sensor10,236476726,34.86,40.94,2025-09-24 19:32:11+00:00,34.011588,-81.040333,74.6,4.75,-0.4,175.97,13.0,3D,2025-09-24 15:32:11-04:00,POINT (-81.040333 34.011588)
2025-09-23 18:42:05 UTC,sensor10,236476726,34.73,41.09,2025-09-24 19:32:16+00:00,34.011402,-81.040405,71.4,4.58,-0.7,220.03,13.0,3D,2025-09-24 15:32:16-04:00,POINT (-81.040405 34.011402)
2025-09-23 18:42:10 UTC,sensor10,236476726,34.46,40.89,2025-09-24 19:32:21+00:00,34.011307,-81.04062,67.4,5.04,-1.6,250.52,13.0,3D,2025-09-24 15:32:21-04:00,POINT (-81.04062 34.011307)
2025-09-23 18:42:15 UTC,sensor10,236476726,34.59,41.17,2025-09-24 19:32:26+00:00,34.011198,-81.040895,64.4,6.32,-0.6,240.11,13.0,3D,2025-09-24 15:32:26-04:00,POINT (-81.040895 34.011198)
2025-09-23 18:42:20 UTC,sensor10,236476726,34.44,40.83,2025-09-24 19:32:31+00:00,34.011127,-81.04115,64.7,5.06,0.9,244.8,13.0,3D,2025-09-24 15:32:31-04:00,POINT (-81.04115 34.011127)
2025-09-23 18:42:25 UTC,sensor10,236476726,34.32,41.32,2025-09-24 19:32:36+00:00,34.011067,-81.041415,66.3,5.08,-0.2,243.23,13.0,3D,2025-09-24 15:32:36-04:00,POINT (-81.041415 34.011067)
2025-09-23 18:42:31 UTC,sensor10,236476726,34.27,41.47,2025-09-24 19:32:42+00:00,34.010975,-81.041703,67.1,4.97,0.2,0.0,13.0,3D,2025-09-24 15:32:42-04:00,POINT (-81.041703 34.010975)
2025-09-23 18:42:36 UTC,sensor10,236476726,34.14,41.84,2025-09-24 19:32:47+00:00,34.010897,-81.04197,68.9,5.29,0.5,0.0,13.0,3D,2025-09-24 15:32:47-04:00,POINT (-81.04197 34.010897)
2025-09-23 18:42:41 UTC,sensor10,236476726,33.87,41.65,2025-09-24 19:32:52+00:00,34.010822,-81.04225,74.0,6.04,1.4,0.0,13.0,3D,2025-09-24 15:32:52-04:00,POINT (-81.04225 34.010822)
2025-09-23 18:42:46 UTC,sensor10,236476726,33.72,42.17,2025-09-24 19:32:57+00:00,34.010732,-81.042528,79.7,5.81,1.3,244.66,13.0,3D,2025-09-24 15:32:57-04:00,POINT (-81.042528 34.010732)
2025-09-23 18:42:51 UTC,sensor10,236476726,33.53,42.36,2025-09-24 19:33:02+00:00,34.010648,-81.042822,86.0,5.98,1.4,243.46,13.0,3D,2025-09-24 15:33:02-04:00,POINT (-81.042822 34.010648)
2025-09-23 18:42:56 UTC,sensor10,236476726,33.52,42.82,2025-09-24 19:33:07+00:00,34.01053,-81.043095,91.2,7.12,1.5,239.86,13.0,3D,2025-09-24 15:33:07-04:00,POINT (-81.043095 34.01053)
2025-09-23 18:43:01 UTC,sensor10,236476726,33.45,43.72,2025-09-24 19:33:12+00:00,34.010393,-81.043345,95.1,5.47,0.3,214.47,13.0,3D,2025-09-24 15:33:12-04:00,POINT (-81.043345 34.010393)
2025-09-23 18:43:06 UTC,sensor10,236476726,33.21,43.54,2025-09-24 19:33:17+00:00,34.01024,-81.043283,96.8,3.89,-0.3,188.97,13.0,3D,2025-09-24 15:33:17-04:00,POINT (-81.043283 34.01024)
2025-09-23 18:43:11 UTC,sensor10,236476726,33.37,43.46,2025-09-24 19:33:22+00:00,34.009948,-81.043175,99.9,6.02,1.4,179.88,13.0,3D,2025-09-24 15:33:22-04:00,POINT (-81.043175 34.009948)
2025-09-23 18:43:16 UTC,sensor10,236476726,33.12,44.0,2025-09-24 19:33:27+00:00,34.009723,-81.04304,104.6,6.73,1.3,148.54,13.0,3D,2025-09-24 15:33:27-04:00,POINT (-81.04304 34.009723)
2025-09-23 18:43:21 UTC,sensor10,236476726,33.26,44.86,2025-09-24 19:33:32+00:00,34.00952,-81.042885,107.4,5.61,1.0,156.84,13.0,3D,2025-09-24 15:33:32-04:00,POINT (-81.042885 34.00952)
2025-09-23 18:43:26 UTC,sensor10,236476726,33.01,45.06,2025-09-24 19:33:37+00:00,34.009323,-81.042793,109.9,5.5,0.6,158.63,13.0,3D,2025-09-24 15:33:37-04:00,POINT (-81.042793 34.009323)
2025-09-23 18:43:31 UTC,sensor10,236476726,32.71,46.9,2025-09-24 19:33:42+00:00,34.009127,-81.042672,114.0,5.33,0.9,151.84,13.0,3D,2025-09-24 15:33:42-04:00,POINT (-81.042672 34.009127)
2025-09-23 18:43:36 UTC,sensor10,236476726,32.67,47.36,2025-09-24 19:33:47+00:00,34.008918,-81.042608,117.4,5.56,0.5,157.74,13.0,3D,2025-09-24 15:33:47-04:00,POINT (-81.042608 34.008918)
2025-09-23 18:43:41 UTC,sensor10,236476726,33.02,45.37,2025-09-24 19:33:52+00:00,34.008693,-81.042522,119.9,5.92,0.5,157.92,13.0,3D,2025-09-24 15:33:52-04:00,POINT (-81.042522 34.008693)
2025-09-23 18:43:46 UTC,sensor10,236476726,33.0,44.86,2025-09-24 19:33:57+00:00,34.008453,-81.042453,122.5,6.18,0.6,164.46,13.0,3D,2025-09-24 15:33:57-04:00,POINT (-81.042453 34.008453)
2025-09-23 18:43:51 UTC,sensor10,236476726,33.04,43.94,2025-09-24 19:34:02+00:00,34.00822,-81.04236,123.5,5.9,0.7,163.88,13.0,3D,2025-09-24 15:34:02-04:00,POINT (-81.04236 34.00822)
2025-09-23 18:43:56 UTC,sensor10,236476726,33.2,43.52,2025-09-24 19:34:07+00:00,34.007977,-81.042248,127.4,5.95,0.6,164.29,13.0,3D,2025-09-24 15:34:07-04:00,POINT (-81.042248 34.007977)
2025-09-23 18:44:11 UTC,sensor10,236476726,34.01,41.72,2025-09-24 19:34:22+00:00,34.007792,-81.042108,130.4,2.31,0.4,141.14,13.0,3D,2025-09-24 15:34:22-04:00,POINT (-81.042108 34.007792)
2025-09-23 18:44:17 UTC,sensor10,236476726,33.72,41.63,2025-09-24 19:34:27+00:00,34.007772,-81.041902,132.0,5.39,0.3,79.6,13.0,3D,2025-09-24 15:34:27-04:00,POINT (-81.041902 34.007772)
2025-09-23 18:44:22 UTC,sensor10,236476726,33.38,42.23,2025-09-24 19:34:33+00:00,34.007908,-81.041505,131.2,7.28,-0.1,0.0,13.0,3D,2025-09-24 15:34:33-04:00,POINT (-81.041505 34.007908)
2025-09-23 18:44:27 UTC,sensor10,236476726,33.16,43.05,2025-09-24 19:34:38+00:00,34.008023,-81.041113,129.3,7.75,-0.1,0.0,13.0,3D,2025-09-24 15:34:38-04:00,POINT (-81.041113 34.008023)
2025-09-23 18:44:32 UTC,sensor10,236476726,33.08,44.18,2025-09-24 19:34:43+00:00,34.008165,-81.04065,127.2,7.63,-0.5,66.52,13.0,3D,2025-09-24 15:34:43-04:00,POINT (-81.04065 34.008165)
2025-09-23 18:44:37 UTC,sensor10,236476726,32.82,43.76,2025-09-24 19:34:48+00:00,34.008307,-81.040292,127.2,7.06,0.3,65.49,13.0,3D,2025-09-24 15:34:48-04:00,POINT (-81.040292 34.008307)
2025-09-23 18:44:42 UTC,sensor10,236476726,32.87,43.86,2025-09-24 19:34:53+00:00,34.008388,-81.04,130.6,5.64,0.8,0.0,13.0,3D,2025-09-24 15:34:53-04:00,POINT (-81.04 34.008388)
2025-09-23 18:44:47 UTC,sensor10,236476726,32.85,43.72,2025-09-24 19:34:53+00:00,34.008388,-81.04,130.6,5.64,0.8,0.0,13.0,3D,2025-09-24 15:34:53-04:00,POINT (-81.04 34.008388)
2025-09-23 18:44:52 UTC,sensor10,236476726,32.75,43.78,2025-09-24 19:35:03+00:00,34.008612,-81.039435,135.6,5.83,0.6,72.68,13.0,3D,2025-09-24 15:35:03-04:00,POINT (-81.039435 34.008612)
2025-09-23 18:44:57 UTC,sensor10,236476726,32.76,43.85,2025-09-24 19:35:08+00:00,34.008678,-81.039132,138.6,5.81,0.4,75.93,13.0,3D,2025-09-24 15:35:08-04:00,POINT (-81.039132 34.008678)
2025-09-23 18:45:02 UTC,sensor10,236476726,33.04,43.49,2025-09-24 19:35:13+00:00,34.008742,-81.0388,140.0,6.3,0.3,70.61,13.0,3D,2025-09-24 15:35:13-04:00,POINT (-81.0388 34.008742)
2025-09-23 18:45:07 UTC,sensor10,236476726,33.17,43.1,2025-09-24 19:35:18+00:00,34.008845,-81.03847,141.4,6.51,0.4,66.02,13.0,3D,2025-09-24 15:35:18-04:00,POINT (-81.03847 34.008845)
2025-09-23 18:45:12 UTC,sensor10,236476726,33.32,42.86,2025-09-24 19:35:23+00:00,34.008972,-81.038127,143.8,7.38,0.8,68.46,13.0,3D,2025-09-24 15:35:23-04:00,POINT (-81.038127 34.008972)
2025-09-23 18:45:17 UTC,sensor10,236476726,33.36,43.19,2025-09-24 19:35:28+00:00,34.009172,-81.037677,143.7,8.56,0.0,67.62,13.0,3D,2025-09-24 15:35:28-04:00,POINT (-81.037677 34.009172)
2025-09-23 18:45:22 UTC,sensor10,236476726,33.3,42.78,2025-09-24 19:35:33+00:00,34.00928,-81.037457,142.6,3.57,0.0,62.53,13.0,3D,2025-09-24 15:35:33-04:00,POINT (-81.037457 34.00928)
2025-09-23 18:45:27 UTC,sensor10,236476726,33.12,43.1,2025-09-24 19:35:38+00:00,34.009237,-81.037248,139.0,3.26,-0.3,106.03,13.0,3D,2025-09-24 15:35:38-04:00,POINT (-81.037248 34.009237)
2025-09-23 18:45:32 UTC,sensor10,236476726,33.48,43.12,2025-09-24 19:35:43+00:00,34.009018,-81.037112,137.3,4.86,-0.2,160.59,13.0,3D,2025-09-24 15:35:43-04:00,POINT (-81.037112 34.009018)
2025-09-23 18:45:37 UTC,sensor10,236476726,34.11,42.01,2025-09-24 19:35:48+00:00,34.008787,-81.037013,134.8,4.67,-0.6,163.83,13.0,3D,2025-09-24 15:35:48-04:00,POINT (-81.037013 34.008787)
2025-09-23 18:45:42 UTC,sensor10,236476726,34.04,41.47,2025-09-24 19:35:53+00:00,34.00854,-81.036918,129.2,3.8,-1.2,162.76,13.0,3D,2025-09-24 15:35:53-04:00,POINT (-81.036918 34.00854)
2025-09-23 18:45:47 UTC,sensor10,236476726,34.32,41.33,2025-09-24 19:35:58+00:00,34.008373,-81.036827,125.5,3.34,-0.4,145.13,13.0,3D,2025-09-24 15:35:58-04:00,POINT (-81.036827 34.008373)
2025-09-23 18:45:52 UTC,sensor10,236476726,34.27,41.29,2025-09-24 19:36:03+00:00,34.008207,-81.036725,123.5,4.19,0.0,157.13,13.0,3D,2025-09-24 15:36:03-04:00,POINT (-81.036725 34.008207)
2025-09-23 18:45:58 UTC,sensor10,236476726,34.13,41.72,2025-09-24 19:36:09+00:00,34.00793,-81.036637,119.0,5.5,-0.7,0.0,13.0,3D,2025-09-24 15:36:09-04:00,POINT (-81.036637 34.00793)
2025-09-23 18:46:03 UTC,sensor10,236476726,34.58,41.4,2025-09-24 19:36:14+00:00,34.007753,-81.036525,112.5,3.92,-1.0,152.47,13.0,3D,2025-09-24 15:36:14-04:00,POINT (-81.036525 34.007753)
2025-09-23 18:46:08 UTC,sensor10,236476726,34.47,41.05,2025-09-24 19:36:19+00:00,34.007553,-81.036428,106.2,4.04,-1.7,161.08,13.0,3D,2025-09-24 15:36:19-04:00,POINT (-81.036428 34.007553)
2025-09-23 18:46:13 UTC,sensor10,236476726,34.54,40.66,2025-09-24 19:36:24+00:00,34.007337,-81.03632,103.5,5.24,-0.6,152.04,13.0,3D,2025-09-24 15:36:24-04:00,POINT (-81.03632 34.007337)
2025-09-23 18:46:18 UTC,sensor10,236476726,34.75,40.64,2025-09-24 19:36:29+00:00,34.007103,-81.036235,98.7,4.45,-0.7,163.68,13.0,3D,2025-09-24 15:36:29-04:00,POINT (-81.036235 34.007103)
2025-09-23 18:46:23 UTC,sensor10,236476726,35.1,40.3,2025-09-24 19:36:34+00:00,34.006903,-81.036142,97.2,2.69,-0.4,154.09,13.0,3D,2025-09-24 15:36:34-04:00,POINT (-81.036142 34.006903)
2025-09-23 18:46:38 UTC,sensor10,236476726,34.92,40.3,2025-09-24 19:36:49+00:00,34.006545,-81.035962,92.6,5.96,-0.2,149.53,13.0,3D,2025-09-24 15:36:49-04:00,POINT (-81.035962 34.006545)
2025-09-23 18:46:43 UTC,sensor10,236476726,34.32,41.67,2025-09-24 19:36:53+00:00,34.006267,-81.035867,91.5,7.78,-0.1,163.74,13.0,3D,2025-09-24 15:36:53-04:00,POINT (-81.035867 34.006267)
2025-09-23 18:46:48 UTC,sensor10,236476726,33.92,42.47,2025-09-24 19:36:57+00:00,34.005957,-81.03576,90.5,7.96,-0.25,164.92,13.0,3D,2025-09-24 15:36:57-04:00,POINT (-81.03576 34.005957)
2025-09-23 18:46:53 UTC,sensor10,236476726,33.58,42.48,2025-09-24 19:37:04+00:00,34.005517,-81.035535,88.0,5.22,0.1,157.71,13.0,3D,2025-09-24 15:37:04-04:00,POINT (-81.035535 34.005517)
2025-09-23 18:46:58 UTC,sensor10,236476726,33.32,42.99,2025-09-24 19:37:09+00:00,34.00528,-81.035388,87.7,6.69,0.1,146.51,13.0,3D,2025-09-24 15:37:09-04:00,POINT (-81.035388 34.00528)
2025-09-23 18:47:03 UTC,sensor10,236476726,33.09,43.36,2025-09-24 19:37:14+00:00,34.004978,-81.035228,91.0,7.58,1.1,147.43,13.0,3D,2025-09-24 15:37:14-04:00,POINT (-81.035228 34.004978)
2025-09-23 18:47:08 UTC,sensor10,236476726,33.13,43.12,2025-09-24 19:37:19+00:00,34.004663,-81.035062,93.9,7.89,0.7,153.63,13.0,3D,2025-09-24 15:37:19-04:00,POINT (-81.035062 34.004663)
2025-09-23 18:47:13 UTC,sensor10,236476726,33.01,43.06,2025-09-24 19:37:24+00:00,34.004317,-81.034933,97.5,8.23,0.7,162.15,13.0,3D,2025-09-24 15:37:24-04:00,POINT (-81.034933 34.004317)
2025-09-23 18:47:18 UTC,sensor10,236476726,33.36,43.66,2025-09-24 19:37:29+00:00,34.004093,-81.034903,102.4,3.02,1.3,174.48,13.0,3D,2025-09-24 15:37:29-04:00,POINT (-81.034903 34.004093)
2025-09-23 18:47:23 UTC,sensor10,236476726,33.74,42.92,2025-09-24 19:37:34+00:00,34.004007,-81.034877,108.5,3.17,1.1,179.9,13.0,3D,2025-09-24 15:37:34-04:00,POINT (-81.034877 34.004007)
2025-09-23 18:47:28 UTC,sensor10,236476726,33.26,42.75,2025-09-24 19:37:39+00:00,34.003807,-81.034813,110.2,5.84,0.8,160.22,13.0,3D,2025-09-24 15:37:39-04:00,POINT (-81.034813 34.003807)
2025-09-23 18:47:33 UTC,sensor10,236476726,33.12,43.34,2025-09-24 19:37:44+00:00,34.003557,-81.034738,113.9,5.97,0.9,158.97,13.0,3D,2025-09-24 15:37:44-04:00,POINT (-81.034738 34.003557)
2025-09-23 18:47:39 UTC,sensor10,236476726,32.95,43.78,2025-09-24 19:37:50+00:00,34.00317,-81.034583,120.3,8.94,1.8,0.0,13.0,3D,2025-09-24 15:37:50-04:00,POINT (-81.034583 34.00317)
2025-09-23 18:47:44 UTC,sensor10,236476726,32.97,43.93,2025-09-24 19:37:55+00:00,34.002833,-81.034417,124.1,7.38,1.0,0.0,13.0,3D,2025-09-24 15:37:55-04:00,POINT (-81.034417 34.002833)
2025-09-23 18:47:49 UTC,sensor10,236476726,32.87,44.48,2025-09-24 19:38:00+00:00,34.002605,-81.034278,129.0,4.04,-0.5,0.0,13.0,3D,2025-09-24 15:38:00-04:00,POINT (-81.034278 34.002605)
2025-09-23 18:48:09 UTC,sensor10,236476726,33.24,43.78,2025-09-24 19:38:20+00:00,34.002435,-81.034242,132.4,2.7,-0.1,0.0,8.0,3D,2025-09-24 15:38:20-04:00,POINT (-81.034242 34.002435)
2025-09-23 18:48:14 UTC,sensor10,236476726,33.05,43.64,2025-09-24 19:38:25+00:00,34.002235,-81.034162,131.3,6.07,-0.2,0.0,13.0,3D,2025-09-24 15:38:25-04:00,POINT (-81.034162 34.002235)
2025-09-23 18:48:19 UTC,sensor10,236476726,32.78,43.78,2025-09-24 19:38:30+00:00,34.00198,-81.03401,129.8,6.2,-0.3,0.0,13.0,3D,2025-09-24 15:38:30-04:00,POINT (-81.03401 34.00198)
2025-09-23 18:48:24 UTC,sensor10,236476726,32.57,45.0,2025-09-24 19:38:35+00:00,34.001723,-81.03388,128.6,5.92,-0.2,157.1,13.0,3D,2025-09-24 15:38:35-04:00,POINT (-81.03388 34.001723)
2025-09-23 18:48:29 UTC,sensor10,236476726,32.63,45.59,2025-09-24 19:38:40+00:00,34.001478,-81.033748,126.8,4.78,-0.5,163.95,13.0,3D,2025-09-24 15:38:40-04:00,POINT (-81.033748 34.001478)
2025-09-23 18:48:59 UTC,sensor10,236476726,33.57,43.88,2025-09-24 19:39:10+00:00,34.001272,-81.033535,120.3,2.78,-0.5,158.66,13.0,3D,2025-09-24 15:39:10-04:00,POINT (-81.033535 34.001272)
2025-09-23 18:49:04 UTC,sensor10,236476726,33.59,43.67,2025-09-24 19:39:15+00:00,34.001137,-81.033563,117.2,2.92,-0.6,239.88,13.0,3D,2025-09-24 15:39:15-04:00,POINT (-81.033563 34.001137)
2025-09-23 18:49:09 UTC,sensor10,236476726,33.52,44.34,2025-09-24 19:39:20+00:00,34.001028,-81.033623,113.5,2.95,-0.6,174.36,13.0,3D,2025-09-24 15:39:20-04:00,POINT (-81.033623 34.001028)
2025-09-23 18:49:14 UTC,sensor10,236476726,33.6,43.5,2025-09-24 19:39:25+00:00,34.000855,-81.033555,109.9,3.73,-0.7,167.34,13.0,3D,2025-09-24 15:39:25-04:00,POINT (-81.033555 34.000855)
2025-09-23 18:49:19 UTC,sensor10,236476726,33.48,42.74,2025-09-24 19:39:30+00:00,34.000723,-81.033592,105.9,2.67,-0.9,222.83,13.0,3D,2025-09-24 15:39:30-04:00,POINT (-81.033592 34.000723)
2025-09-23 18:49:24 UTC,sensor10,236476726,33.4,42.65,2025-09-24 19:39:35+00:00,34.000583,-81.033735,101.9,4.06,-1.0,207.47,13.0,3D,2025-09-24 15:39:35-04:00,POINT (-81.033735 34.000583)
2025-09-23 18:49:30 UTC,sensor10,236476726,33.24,43.08,2025-09-24 19:39:40+00:00,34.000343,-81.033767,97.9,5.4,-0.8,170.59,13.0,3D,2025-09-24 15:39:40-04:00,POINT (-81.033767 34.000343)
2025-09-23 18:49:35 UTC,sensor10,236476726,33.07,43.18,2025-09-24 19:39:46+00:00,34.000058,-81.03367,93.8,5.21,-0.6,0.0,13.0,3D,2025-09-24 15:39:46-04:00,POINT (-81.03367 34.000058)
2025-09-23 18:49:40 UTC,sensor10,236476726,33.02,44.39,2025-09-24 19:39:51+00:00,33.99988,-81.033507,90.8,5.49,-0.6,0.0,13.0,3D,2025-09-24 15:39:51-04:00,POINT (-81.033507 33.99988)
2025-09-23 18:49:45 UTC,sensor10,236476726,32.97,44.43,2025-09-24 19:39:56+00:00,33.99983,-81.033157,90.1,6.08,-0.2,0.0,13.0,3D,2025-09-24 15:39:56-04:00,POINT (-81.033157 33.99983)
2025-09-23 18:49:50 UTC,sensor10,236476726,32.81,46.32,2025-09-24 19:40:01+00:00,33.999903,-81.032883,91.2,5.36,0.5,68.11,13.0,3D,2025-09-24 15:40:01-04:00,POINT (-81.032883 33.999903)
2025-09-23 18:49:55 UTC,sensor10,236476726,32.65,45.8,2025-09-24 19:40:06+00:00,33.999772,-81.032778,93.5,3.92,0.5,182.28,13.0,3D,2025-09-24 15:40:06-04:00,POINT (-81.032778 33.999772)
2025-09-23 18:50:00 UTC,sensor10,236476726,32.36,46.49,2025-09-24 19:40:11+00:00,33.999623,-81.032937,95.7,3.93,0.4,197.33,13.0,3D,2025-09-24 15:40:11-04:00,POINT (-81.032937 33.999623)
2025-09-23 18:50:05 UTC,sensor10,236476726,32.1,45.87,2025-09-24 19:40:16+00:00,33.999415,-81.032912,97.7,4.71,0.4,168.5,13.0,3D,2025-09-24 15:40:16-04:00,POINT (-81.032912 33.999415)
2025-09-23 18:50:10 UTC,sensor10,236476726,31.95,46.59,2025-09-24 19:40:21+00:00,33.999233,-81.032817,99.7,2.25,0.4,175.95,13.0,3D,2025-09-24 15:40:21-04:00,POINT (-81.032817 33.999233)
2025-09-23 18:50:15 UTC,sensor10,236476726,32.04,47.48,2025-09-24 19:40:26+00:00,33.999147,-81.032707,101.5,3.15,0.4,157.5,13.0,3D,2025-09-24 15:40:26-04:00,POINT (-81.032707 33.999147)
2025-09-23 18:50:20 UTC,sensor10,236476726,32.28,46.87,2025-09-24 19:40:31+00:00,33.998982,-81.032593,103.7,2.96,0.5,180.73,13.0,3D,2025-09-24 15:40:31-04:00,POINT (-81.032593 33.998982)
2025-09-23 18:50:25 UTC,sensor10,236476726,32.22,44.95,2025-09-24 19:40:36+00:00,33.998887,-81.032663,106.3,3.13,0.4,213.48,13.0,3D,2025-09-24 15:40:36-04:00,POINT (-81.032663 33.998887)
2025-09-23 18:50:30 UTC,sensor10,236476726,32.17,45.18,2025-09-24 19:40:41+00:00,33.998683,-81.032615,108.9,3.99,0.9,163.59,13.0,3D,2025-09-24 15:40:41-04:00,POINT (-81.032615 33.998683)
2025-09-23 18:50:40 UTC,sensor10,236476726,32.44,44.81,2025-09-24 19:40:51+00:00,33.998657,-81.032583,113.7,2.71,0.6,332.59,13.0,3D,2025-09-24 15:40:51-04:00,POINT (-81.032583 33.998657)
2025-09-23 18:50:45 UTC,sensor10,236476726,32.35,44.44,2025-09-24 19:40:54+00:00,33.998747,-81.032635,115.3,2.96,0.7,334.92,13.0,3D,2025-09-24 15:40:54-04:00,POINT (-81.032635 33.998747)
2025-09-23 18:50:50 UTC,sensor10,236476726,32.34,44.63,2025-09-24 19:41:01+00:00,33.998788,-81.032543,118.8,2.74,0.5,146.42,13.0,3D,2025-09-24 15:41:01-04:00,POINT (-81.032543 33.998788)
2025-09-23 18:50:55 UTC,sensor10,236476726,32.51,45.12,2025-09-24 19:41:06+00:00,33.998617,-81.032515,121.9,3.12,0.4,169.51,13.0,3D,2025-09-24 15:41:06-04:00,POINT (-81.032515 33.998617)
2025-09-23 18:51:00 UTC,sensor10,236476726,32.88,44.82,2025-09-24 19:41:11+00:00,33.998498,-81.032507,122.4,2.6,0.2,146.7,13.0,3D,2025-09-24 15:41:11-04:00,POINT (-81.032507 33.998498)
2025-09-23 18:51:46 UTC,sensor10,236476726,35.28,38.98,2025-09-24 19:41:57+00:00,33.998307,-81.032402,100.6,3.51,-0.3,175.31,13.0,3D,2025-09-24 15:41:57-04:00,POINT (-81.032402 33.998307)
2025-09-23 18:51:51 UTC,sensor10,236476726,35.11,39.22,2025-09-24 19:42:02+00:00,33.998017,-81.032317,98.2,5.51,-0.4,166.76,13.0,3D,2025-09-24 15:42:02-04:00,POINT (-81.032317 33.998017)
2025-09-23 18:51:56 UTC,sensor10,236476726,34.76,39.92,2025-09-24 19:42:07+00:00,33.997752,-81.03224,96.2,5.16,-0.9,160.26,13.0,3D,2025-09-24 15:42:07-04:00,POINT (-81.03224 33.997752)
2025-09-23 18:52:01 UTC,sensor10,236476726,34.95,39.94,2025-09-24 19:42:12+00:00,33.997522,-81.032095,90.8,4.94,-1.2,158.91,13.0,3D,2025-09-24 15:42:12-04:00,POINT (-81.032095 33.997522)
2025-09-23 18:52:06 UTC,sensor10,236476726,35.02,40.46,2025-09-24 19:42:17+00:00,33.997333,-81.031953,88.0,2.71,-0.8,145.17,13.0,3D,2025-09-24 15:42:17-04:00,POINT (-81.031953 33.997333)
2025-09-23 18:52:31 UTC,sensor10,236476726,35.33,38.86,2025-09-24 19:42:42+00:00,33.997093,-81.031783,82.3,3.08,-1.1,151.48,13.0,3D,2025-09-24 15:42:42-04:00,POINT (-81.031783 33.997093)
2025-09-23 18:52:36 UTC,sensor10,236476726,35.18,39.29,2025-09-24 19:42:47+00:00,33.996883,-81.031763,77.9,3.64,-0.9,179.37,13.0,3D,2025-09-24 15:42:47-04:00,POINT (-81.031763 33.996883)
2025-09-23 18:52:41 UTC,sensor10,236476726,35.0,39.8,2025-09-24 19:42:52+00:00,33.996652,-81.031698,73.3,4.67,-0.9,173.29,13.0,3D,2025-09-24 15:42:52-04:00,POINT (-81.031698 33.996652)
2025-09-23 18:52:46 UTC,sensor10,236476726,35.08,39.27,2025-09-24 19:42:55+00:00,33.996513,-81.031657,72.1,5.78,-0.7,0.0,13.0,3D,2025-09-24 15:42:55-04:00,POINT (-81.031657 33.996513)
2025-09-23 18:52:51 UTC,sensor10,236476726,34.99,39.58,2025-09-24 19:43:00+00:00,33.996302,-81.031537,69.5,5.36,-0.1,0.0,13.0,3D,2025-09-24 15:43:00-04:00,POINT (-81.031537 33.996302)
2025-09-23 18:52:56 UTC,sensor10,236476726,35.07,39.8,2025-09-24 19:43:07+00:00,33.996025,-81.031357,71.8,4.58,-0.1,145.15,13.0,3D,2025-09-24 15:43:07-04:00,POINT (-81.031357 33.996025)
2025-09-23 18:53:01 UTC,sensor10,236476726,35.06,39.54,2025-09-24 19:43:12+00:00,33.995805,-81.031247,73.7,5.36,0.6,157.19,13.0,3D,2025-09-24 15:43:12-04:00,POINT (-81.031247 33.995805)
2025-09-23 18:53:06 UTC,sensor10,236476726,35.07,39.48,2025-09-24 19:43:17+00:00,33.99557,-81.031133,74.1,5.51,-0.2,172.68,13.0,3D,2025-09-24 15:43:17-04:00,POINT (-81.031133 33.99557)
2025-09-23 18:53:11 UTC,sensor10,236476726,34.71,40.88,2025-09-24 19:43:22+00:00,33.995305,-81.031017,73.8,6.44,0.1,161.6,13.0,3D,2025-09-24 15:43:22-04:00,POINT (-81.031017 33.995305)
2025-09-23 18:53:16 UTC,sensor10,236476726,34.45,42.15,2025-09-24 19:43:27+00:00,33.995057,-81.030862,73.4,6.18,-0.1,158.92,13.0,3D,2025-09-24 15:43:27-04:00,POINT (-81.030862 33.995057)
2025-09-23 18:53:21 UTC,sensor10,236476726,34.35,42.25,2025-09-24 19:43:32+00:00,33.994818,-81.030718,72.8,4.62,0.1,152.61,13.0,3D,2025-09-24 15:43:32-04:00,POINT (-81.030718 33.994818)
2025-09-23 18:53:26 UTC,sensor10,236476726,34.51,41.69,2025-09-24 19:43:37+00:00,33.99468,-81.030533,73.1,3.67,0.1,130.4,13.0,3D,2025-09-24 15:43:37-04:00,POINT (-81.030533 33.99468)
2025-09-23 18:53:37 UTC,sensor10,236476726,34.28,41.56,2025-09-24 19:43:47+00:00,33.994588,-81.030298,74.2,3.29,0.2,89.42,13.0,3D,2025-09-24 15:43:47-04:00,POINT (-81.030298 33.994588)
2025-09-23 18:53:42 UTC,sensor10,236476726,34.24,42.42,2025-09-24 19:43:53+00:00,33.994653,-81.03004,77.3,5.85,0.5,0.0,13.0,3D,2025-09-24 15:43:53-04:00,POINT (-81.03004 33.994653)
2025-09-23 18:53:47 UTC,sensor10,236476726,34.3,43.43,2025-09-24 19:43:58+00:00,33.994698,-81.029725,82.3,5.26,0.3,0.0,13.0,3D,2025-09-24 15:43:58-04:00,POINT (-81.029725 33.994698)
2025-09-23 18:53:52 UTC,sensor10,236476726,34.3,42.32,2025-09-24 19:44:03+00:00,33.994757,-81.029453,85.0,6.2,0.9,0.0,13.0,3D,2025-09-24 15:44:03-04:00,POINT (-81.029453 33.994757)
2025-09-23 18:54:02 UTC,sensor10,236476726,34.1,42.8,2025-09-24 19:44:13+00:00,33.994647,-81.02932,91.6,3.47,1.6,171.95,13.0,3D,2025-09-24 15:44:13-04:00,POINT (-81.02932 33.994647)
2025-09-23 18:54:22 UTC,sensor10,236476726,33.33,43.39,2025-09-24 19:44:33+00:00,33.994395,-81.029072,99.8,3.59,-0.2,161.06,13.0,3D,2025-09-24 15:44:33-04:00,POINT (-81.029072 33.994395)
2025-09-23 18:54:27 UTC,sensor10,236476726,33.61,43.49,2025-09-24 19:44:38+00:00,33.994303,-81.029073,100.0,2.4,0.1,239.19,13.0,3D,2025-09-24 15:44:38-04:00,POINT (-81.029073 33.994303)
2025-09-23 18:54:32 UTC,sensor10,236476726,33.58,43.33,2025-09-24 19:44:43+00:00,33.994268,-81.029303,99.2,4.6,-0.4,252.06,13.0,3D,2025-09-24 15:44:43-04:00,POINT (-81.029303 33.994268)
2025-09-23 18:54:37 UTC,sensor10,236476726,33.42,44.08,2025-09-24 19:44:48+00:00,33.994202,-81.029528,99.1,4.8,0.0,254.56,13.0,3D,2025-09-24 15:44:48-04:00,POINT (-81.029528 33.994202)
2025-09-23 18:54:42 UTC,sensor10,236476726,33.34,43.89,2025-09-24 19:44:53+00:00,33.994147,-81.029677,100.7,4.28,0.5,249.82,13.0,3D,2025-09-24 15:44:53-04:00,POINT (-81.029677 33.994147)
2025-09-23 18:54:47 UTC,sensor10,236476726,33.31,44.02,2025-09-24 19:44:56+00:00,33.994132,-81.02982,102.1,4.33,0.5,263.66,13.0,3D,2025-09-24 15:44:56-04:00,POINT (-81.02982 33.994132)
2025-09-23 18:54:52 UTC,sensor10,236476726,33.57,43.76,2025-09-24 19:45:00+00:00,33.99416,-81.029983,104.0,3.85,0.47,0.0,8.0,3D,2025-09-24 15:45:00-04:00,POINT (-81.029983 33.99416)
2025-09-23 18:54:57 UTC,sensor10,236476726,33.53,42.88,2025-09-24 19:45:08+00:00,33.993918,-81.030292,113.9,3.89,1.3,229.9,13.0,3D,2025-09-24 15:45:08-04:00,POINT (-81.030292 33.993918)
2025-09-23 18:55:02 UTC,sensor10,236476726,33.68,42.72,2025-09-24 19:45:13+00:00,33.993803,-81.0303,120.1,2.71,1.7,167.75,13.0,3D,2025-09-24 15:45:13-04:00,POINT (-81.0303 33.993803)
2025-09-23 18:55:12 UTC,sensor10,236476726,34.08,42.18,2025-09-24 19:45:23+00:00,33.99359,-81.030182,129.6,2.68,0.9,139.87,13.0,3D,2025-09-24 15:45:23-04:00,POINT (-81.030182 33.99359)
2025-09-23 18:55:17 UTC,sensor10,236476726,33.93,43.42,2025-09-24 19:45:28+00:00,33.993435,-81.030122,134.8,4.75,1.2,163.45,13.0,3D,2025-09-24 15:45:28-04:00,POINT (-81.030122 33.993435)
2025-09-23 18:55:22 UTC,sensor10,236476726,34.0,43.87,2025-09-24 19:45:33+00:00,33.993222,-81.030047,138.1,3.3,0.4,163.16,13.0,3D,2025-09-24 15:45:33-04:00,POINT (-81.030047 33.993222)
2025-09-23 18:55:27 UTC,sensor10,236476726,34.07,42.32,2025-09-24 19:45:38+00:00,33.993095,-81.029977,141.2,2.98,0.5,151.47,13.0,3D,2025-09-24 15:45:38-04:00,POINT (-81.029977 33.993095)
2025-09-23 18:55:32 UTC,sensor10,236476726,33.81,41.99,2025-09-24 19:45:43+00:00,33.992982,-81.02991,143.7,3.46,0.5,128.76,13.0,3D,2025-09-24 15:45:43-04:00,POINT (-81.02991 33.992982)
2025-09-23 18:55:37 UTC,sensor10,236476726,33.73,46.28,2025-09-24 19:45:48+00:00,33.993048,-81.029625,144.1,5.93,0.5,70.91,13.0,3D,2025-09-24 15:45:48-04:00,POINT (-81.029625 33.993048)
2025-09-23 18:55:43 UTC,sensor10,236476726,33.54,47.03,2025-09-24 19:45:53+00:00,33.99316,-81.0293,145.0,6.08,0.2,72.45,13.0,3D,2025-09-24 15:45:53-04:00,POINT (-81.0293 33.99316)
2025-09-23 18:55:48 UTC,sensor10,236476726,33.71,45.54,2025-09-24 19:45:59+00:00,33.993277,-81.028917,144.1,6.78,0.3,0.0,13.0,3D,2025-09-24 15:45:59-04:00,POINT (-81.028917 33.993277)
2025-09-23 18:55:53 UTC,sensor10,236476726,33.74,43.2,2025-09-24 19:46:04+00:00,33.993403,-81.028562,144.4,6.97,0.3,0.0,13.0,3D,2025-09-24 15:46:04-04:00,POINT (-81.028562 33.993403)
2025-09-23 18:55:58 UTC,sensor10,236476726,33.71,42.69,2025-09-24 19:46:09+00:00,33.993337,-81.028303,145.8,6.75,0.2,0.0,13.0,3D,2025-09-24 15:46:09-04:00,POINT (-81.028303 33.993337)
2025-09-23 18:56:03 UTC,sensor10,236476726,33.88,42.98,2025-09-24 19:46:14+00:00,33.992872,-81.028062,148.5,11.22,0.6,156.43,13.0,3D,2025-09-24 15:46:14-04:00,POINT (-81.028062 33.992872)
2025-09-23 18:56:08 UTC,sensor10,236476726,33.81,42.54,2025-09-24 19:46:19+00:00,33.992438,-81.027812,148.1,9.52,0.8,153.7,13.0,3D,2025-09-24 15:46:19-04:00,POINT (-81.027812 33.992438)
2025-09-23 18:56:13 UTC,sensor10,236476726,33.72,42.66,2025-09-24 19:46:24+00:00,33.992287,-81.02777,153.9,2.57,1.4,175.43,13.0,3D,2025-09-24 15:46:24-04:00,POINT (-81.02777 33.992287)
2025-09-23 18:56:18 UTC,sensor10,236476726,33.65,42.49,2025-09-24 19:46:29+00:00,33.992232,-81.02772,154.2,2.45,0.2,165.92,13.0,3D,2025-09-24 15:46:29-04:00,POINT (-81.02772 33.992232)
2025-09-23 18:56:28 UTC,sensor10,236476726,33.57,42.68,2025-09-24 19:46:39+00:00,33.991953,-81.027662,151.9,7.06,-0.5,161.87,13.0,3D,2025-09-24 15:46:39-04:00,POINT (-81.027662 33.991953)
2025-09-23 18:56:33 UTC,sensor10,236476726,33.76,43.37,2025-09-24 19:46:44+00:00,33.991597,-81.027498,147.3,10.61,-1.1,158.65,13.0,3D,2025-09-24 15:46:44-04:00,POINT (-81.027498 33.991597)
2025-09-23 18:56:38 UTC,sensor10,236476726,33.88,43.04,2025-09-24 19:46:49+00:00,33.991113,-81.027343,141.5,12.59,-1.0,158.05,13.0,3D,2025-09-24 15:46:49-04:00,POINT (-81.027343 33.991113)
2025-09-23 18:56:43 UTC,sensor10,236476726,33.77,43.74,2025-09-24 19:46:54+00:00,33.99063,-81.027127,137.6,12.46,-1.0,154.12,13.0,3D,2025-09-24 15:46:54-04:00,POINT (-81.027127 33.99063)
2025-09-23 18:56:48 UTC,sensor10,236476726,33.75,42.95,2025-09-24 19:46:57+00:00,33.990347,-81.027005,135.7,10.68,-0.6,0.0,13.0,3D,2025-09-24 15:46:57-04:00,POINT (-81.027005 33.990347)
2025-09-23 18:56:53 UTC,sensor10,236476726,33.84,42.82,2025-09-24 19:46:57+00:00,33.990347,-81.027005,135.7,10.68,-0.6,0.0,13.0,3D,2025-09-24 15:46:57-04:00,POINT (-81.027005 33.990347)
2025-09-23 18:56:58 UTC,sensor10,236476726,33.81,42.48,2025-09-24 19:47:09+00:00,33.98945,-81.026633,133.4,9.07,0.5,159.35,13.0,3D,2025-09-24 15:47:09-04:00,POINT (-81.026633 33.98945)
2025-09-23 18:57:03 UTC,sensor10,236476726,33.61,42.81,2025-09-24 19:47:14+00:00,33.98917,-81.02653,133.2,7.73,-1.1,165.19,13.0,3D,2025-09-24 15:47:14-04:00,POINT (-81.02653 33.98917)
2025-09-23 18:57:08 UTC,sensor10,236476726,33.3,43.42,2025-09-24 19:47:19+00:00,33.98895,-81.026383,132.9,7.2,0.1,153.33,13.0,3D,2025-09-24 15:47:19-04:00,POINT (-81.026383 33.98895)
2025-09-23 18:57:13 UTC,sensor10,236476726,33.12,43.98,2025-09-24 19:47:24+00:00,33.988723,-81.026257,133.3,6.96,-0.4,151.98,13.0,3D,2025-09-24 15:47:24-04:00,POINT (-81.026257 33.988723)
2025-09-23 18:57:18 UTC,sensor10,236476726,33.09,44.64,2025-09-24 19:47:29+00:00,33.988512,-81.026142,132.1,6.45,0.0,149.86,13.0,3D,2025-09-24 15:47:29-04:00,POINT (-81.026142 33.988512)
2025-09-23 18:57:23 UTC,sensor10,236476726,33.02,45.45,2025-09-24 19:47:34+00:00,33.988297,-81.026025,134.8,5.55,0.5,152.88,13.0,3D,2025-09-24 15:47:34-04:00,POINT (-81.026025 33.988297)
2025-09-23 18:57:28 UTC,sensor10,236476726,33.25,45.13,2025-09-24 19:47:39+00:00,33.988148,-81.025992,136.3,2.68,-0.8,158.78,13.0,3D,2025-09-24 15:47:39-04:00,POINT (-81.025992 33.988148)
2025-09-23 18:57:33 UTC,sensor10,236476726,33.19,44.9,2025-09-24 19:47:44+00:00,33.988003,-81.025955,134.9,4.84,0.1,157.37,13.0,3D,2025-09-24 15:47:44-04:00,POINT (-81.025955 33.988003)
2025-09-23 18:57:38 UTC,sensor10,236476726,32.73,47.07,2025-09-24 19:47:49+00:00,33.987788,-81.025888,131.7,6.17,0.3,162.14,13.0,3D,2025-09-24 15:47:49-04:00,POINT (-81.025888 33.987788)
2025-09-23 18:57:43 UTC,sensor10,236476726,32.62,45.93,2025-09-24 19:47:54+00:00,33.98754,-81.025802,132.1,6.03,0.3,164.46,13.0,3D,2025-09-24 15:47:54-04:00,POINT (-81.025802 33.98754)
2025-09-23 18:57:48 UTC,sensor10,236476726,32.83,45.28,2025-09-24 19:47:59+00:00,33.987277,-81.025713,133.4,6.58,0.0,163.66,13.0,3D,2025-09-24 15:47:59-04:00,POINT (-81.025713 33.987277)
2025-09-23 18:57:54 UTC,sensor10,236476726,32.86,45.3,2025-09-24 19:48:04+00:00,33.98701,-81.025612,134.5,6.43,0.4,162.03,13.0,3D,2025-09-24 15:48:04-04:00,POINT (-81.025612 33.98701)
2025-09-23 18:57:59 UTC,sensor10,236476726,32.95,45.19,2025-09-24 19:48:10+00:00,33.986753,-81.02546,137.3,4.21,0.0,0.0,13.0,3D,2025-09-24 15:48:10-04:00,POINT (-81.02546 33.986753)
2025-09-23 18:58:04 UTC,sensor10,236476726,33.04,45.04,2025-09-24 19:48:15+00:00,33.98671,-81.02532,139.3,3.54,0.5,0.0,13.0,3D,2025-09-24 15:48:15-04:00,POINT (-81.02532 33.98671)
2025-09-23 18:58:09 UTC,sensor10,236476726,33.34,44.93,2025-09-24 19:48:20+00:00,33.986768,-81.025078,137.7,4.77,-0.3,0.0,13.0,3D,2025-09-24 15:48:20-04:00,POINT (-81.025078 33.986768)
2025-09-23 18:58:14 UTC,sensor10,236476726,33.1,46.01,2025-09-24 19:48:25+00:00,33.986855,-81.024842,137.9,4.48,0.1,0.0,13.0,3D,2025-09-24 15:48:25-04:00,POINT (-81.024842 33.986855)
2025-09-23 18:58:19 UTC,sensor10,236476726,32.81,45.71,2025-09-24 19:48:30+00:00,33.986933,-81.02459,134.7,4.91,-0.6,0.0,4.0,3D,2025-09-24 15:48:30-04:00,POINT (-81.02459 33.986933)
2025-09-23 18:58:24 UTC,sensor10,236476726,32.82,45.22,2025-09-24 19:48:35+00:00,33.987013,-81.024332,132.4,5.43,-0.1,0.0,8.0,3D,2025-09-24 15:48:35-04:00,POINT (-81.024332 33.987013)
2025-09-23 18:58:29 UTC,sensor10,236476726,32.71,45.09,2025-09-24 19:48:40+00:00,33.987128,-81.024092,132.8,4.77,0.3,0.0,8.0,3D,2025-09-24 15:48:40-04:00,POINT (-81.024092 33.987128)
2025-09-23 18:58:34 UTC,sensor10,236476726,32.79,45.39,2025-09-24 19:48:45+00:00,33.987173,-81.023848,133.6,4.78,0.0,0.0,8.0,3D,2025-09-24 15:48:45-04:00,POINT (-81.023848 33.987173)
2025-09-23 18:58:39 UTC,sensor10,236476726,32.8,45.6,2025-09-24 19:48:50+00:00,33.987268,-81.023618,133.4,4.83,0.3,0.0,12.0,3D,2025-09-24 15:48:50-04:00,POINT (-81.023618 33.987268)
2025-09-23 18:58:44 UTC,sensor10,236476726,33.04,45.32,2025-09-24 19:48:55+00:00,33.98737,-81.023368,134.7,5.39,0.2,0.0,13.0,3D,2025-09-24 15:48:55-04:00,POINT (-81.023368 33.98737)
2025-09-23 18:58:49 UTC,sensor10,236476726,32.96,45.2,2025-09-24 19:48:57+00:00,33.987417,-81.023267,134.9,4.6,0.0,67.93,13.0,3D,2025-09-24 15:48:57-04:00,POINT (-81.023267 33.987417)
2025-09-23 18:58:54 UTC,sensor10,236476726,32.99,45.85,2025-09-24 19:49:05+00:00,33.987527,-81.022887,0.0,4.13,0.0,70.72,18.0,3D,2025-09-24 15:49:05-04:00,POINT (-81.022887 33.987527)
2025-09-23 18:58:59 UTC,sensor10,236476726,32.94,45.16,2025-09-24 19:49:10+00:00,33.98763,-81.022623,135.4,4.45,-0.2,69.24,13.0,3D,2025-09-24 15:49:10-04:00,POINT (-81.022623 33.98763)
2025-09-23 18:59:04 UTC,sensor10,236476726,32.86,46.31,2025-09-24 19:49:15+00:00,33.987702,-81.022383,134.0,4.49,-0.2,71.72,13.0,3D,2025-09-24 15:49:15-04:00,POINT (-81.022383 33.987702)
2025-09-23 18:59:09 UTC,sensor10,236476726,32.82,46.21,2025-09-24 19:49:20+00:00,33.987768,-81.02216,133.9,3.67,0.0,71.13,13.0,3D,2025-09-24 15:49:20-04:00,POINT (-81.02216 33.987768)
2025-09-23 18:59:14 UTC,sensor10,236476726,32.72,46.87,2025-09-24 19:49:25+00:00,33.987833,-81.021942,132.5,4.28,-0.1,75.86,13.0,3D,2025-09-24 15:49:25-04:00,POINT (-81.021942 33.987833)
2025-09-23 18:59:19 UTC,sensor10,236476726,32.56,46.08,2025-09-24 19:49:30+00:00,33.987887,-81.021707,130.5,4.29,-0.3,72.34,13.0,3D,2025-09-24 15:49:30-04:00,POINT (-81.021707 33.987887)
2025-09-23 18:59:24 UTC,sensor10,236476726,32.43,46.21,2025-09-24 19:49:35+00:00,33.987947,-81.02149,127.5,3.73,-0.4,73.58,13.0,3D,2025-09-24 15:49:35-04:00,POINT (-81.02149 33.987947)
2025-09-23 18:59:29 UTC,sensor10,236476726,32.43,46.35,2025-09-24 19:49:40+00:00,33.988015,-81.021287,124.5,3.44,-0.1,70.22,13.0,3D,2025-09-24 15:49:40-04:00,POINT (-81.021287 33.988015)
2025-09-23 18:59:34 UTC,sensor10,236476726,32.43,46.64,2025-09-24 19:49:45+00:00,33.988088,-81.021097,123.4,3.15,0.0,72.95,13.0,3D,2025-09-24 15:49:45-04:00,POINT (-81.021097 33.988088)
2025-09-23 18:59:39 UTC,sensor10,236476726,32.39,46.86,2025-09-24 19:49:50+00:00,33.988145,-81.02093,122.2,2.65,-0.2,82.56,13.0,3D,2025-09-24 15:49:50-04:00,POINT (-81.02093 33.988145)
2025-09-23 19:00:15 UTC,sensor10,236476726,33.51,45.44,2025-09-24 19:50:26+00:00,33.988452,-81.020648,108.8,4.68,-0.4,0.0,13.0,3D,2025-09-24 15:50:26-04:00,POINT (-81.020648 33.988452)
2025-09-23 19:00:20 UTC,sensor10,236476726,33.57,44.85,2025-09-24 19:50:31+00:00,33.98872,-81.020668,105.6,7.03,-0.7,0.0,13.0,3D,2025-09-24 15:50:31-04:00,POINT (-81.020668 33.98872)
2025-09-23 19:00:25 UTC,sensor10,236476726,33.58,44.97,2025-09-24 19:50:36+00:00,33.988997,-81.020672,101.2,5.92,-1.0,0.0,13.0,3D,2025-09-24 15:50:36-04:00,POINT (-81.020672 33.988997)
2025-09-23 19:00:30 UTC,sensor10,236476726,33.22,45.57,2025-09-24 19:50:41+00:00,33.989238,-81.020742,95.2,4.87,-1.4,12.32,13.0,3D,2025-09-24 15:50:41-04:00,POINT (-81.020742 33.989238)
2025-09-23 19:00:35 UTC,sensor10,236476726,33.12,45.98,2025-09-24 19:50:46+00:00,33.989417,-81.02084,92.2,4.44,0.8,0.81,13.0,3D,2025-09-24 15:50:46-04:00,POINT (-81.02084 33.989417)
2025-09-23 19:00:40 UTC,sensor10,236476726,32.98,46.0,2025-09-24 19:50:51+00:00,33.989635,-81.020873,90.1,4.49,-0.6,351.46,13.0,3D,2025-09-24 15:50:51-04:00,POINT (-81.020873 33.989635)
2025-09-23 19:00:45 UTC,sensor10,236476726,32.99,45.98,2025-09-24 19:50:56+00:00,33.989768,-81.020952,88.5,2.63,0.1,340.2,13.0,3D,2025-09-24 15:50:56-04:00,POINT (-81.020952 33.989768)
2025-09-23 19:00:50 UTC,sensor10,236476726,32.88,44.91,2025-09-24 19:50:58+00:00,33.989815,-81.021002,87.8,3.73,-0.6,0.0,13.0,3D,2025-09-24 15:50:58-04:00,POINT (-81.021002 33.989815)
2025-09-23 19:00:55 UTC,sensor10,236476726,32.72,44.93,2025-09-24 19:51:06+00:00,33.990222,-81.021257,87.8,8.01,-0.6,339.29,13.0,3D,2025-09-24 15:51:06-04:00,POINT (-81.021257 33.990222)
2025-09-23 19:01:00 UTC,sensor10,236476726,32.64,45.57,2025-09-24 19:51:11+00:00,33.990688,-81.021448,84.6,11.69,-0.7,340.23,13.0,3D,2025-09-24 15:51:11-04:00,POINT (-81.021448 33.990688)
2025-09-23 19:01:05 UTC,sensor10,236476726,32.71,45.5,2025-09-24 19:51:16+00:00,33.991277,-81.021672,82.4,13.99,-0.5,340.49,13.0,3D,2025-09-24 15:51:16-04:00,POINT (-81.021672 33.991277)
2025-09-23 19:01:10 UTC,sensor10,236476726,32.95,45.2,2025-09-24 19:51:21+00:00,33.991897,-81.02197,83.3,15.01,0.7,341.3,13.0,3D,2025-09-24 15:51:21-04:00,POINT (-81.02197 33.991897)
2025-09-23 19:01:15 UTC,sensor10,236476726,33.12,44.91,2025-09-24 19:51:26+00:00,33.992513,-81.022298,85.0,13.21,0.6,338.03,13.0,3D,2025-09-24 15:51:26-04:00,POINT (-81.022298 33.992513)
2025-09-23 19:01:20 UTC,sensor10,236476726,33.5,44.24,2025-09-24 19:51:31+00:00,33.993085,-81.022553,90.5,13.42,1.1,339.4,13.0,3D,2025-09-24 15:51:31-04:00,POINT (-81.022553 33.993085)
2025-09-23 19:01:25 UTC,sensor10,236476726,33.38,43.51,2025-09-24 19:51:36+00:00,33.99362,-81.022803,96.8,13.05,1.1,338.86,13.0,3D,2025-09-24 15:51:36-04:00,POINT (-81.022803 33.99362)
2025-09-23 19:01:30 UTC,sensor10,236476726,33.45,43.96,2025-09-24 19:51:41+00:00,33.994125,-81.02311,100.3,11.84,0.5,329.18,13.0,3D,2025-09-24 15:51:41-04:00,POINT (-81.02311 33.994125)
2025-09-23 19:01:35 UTC,sensor10,236476726,33.72,43.8,2025-09-24 19:51:46+00:00,33.994532,-81.02339,103.0,8.01,0.0,331.32,13.0,3D,2025-09-24 15:51:46-04:00,POINT (-81.02339 33.994532)
2025-09-23 19:01:40 UTC,sensor10,236476726,33.59,43.99,2025-09-24 19:51:51+00:00,33.994755,-81.023528,104.8,4.59,0.2,331.94,13.0,3D,2025-09-24 15:51:51-04:00,POINT (-81.023528 33.994755)
2025-09-23 19:01:45 UTC,sensor10,236476726,32.83,50.08,2025-09-24 19:51:56+00:00,33.994908,-81.023387,101.5,4.62,-0.7,42.18,13.0,3D,2025-09-24 15:51:56-04:00,POINT (-81.023387 33.994908)
2025-09-23 19:01:50 UTC,sensor10,236476726,32.58,47.49,2025-09-24 19:52:01+00:00,33.995117,-81.023222,98.4,5.69,-0.7,37.61,13.0,3D,2025-09-24 15:52:01-04:00,POINT (-81.023222 33.995117)
2025-09-23 19:01:55 UTC,sensor10,236476726,32.65,45.66,2025-09-24 19:52:06+00:00,33.995312,-81.022967,98.5,5.44,0.1,49.7,13.0,3D,2025-09-24 15:52:06-04:00,POINT (-81.022967 33.995312)
2025-09-23 19:02:00 UTC,sensor10,236476726,32.53,45.59,2025-09-24 19:52:11+00:00,33.995513,-81.022732,99.9,5.82,0.2,35.32,13.0,3D,2025-09-24 15:52:11-04:00,POINT (-81.022732 33.995513)
2025-09-23 19:02:06 UTC,sensor10,236476726,32.5,46.01,2025-09-24 19:52:16+00:00,33.99573,-81.022568,100.3,5.45,0.0,27.08,13.0,3D,2025-09-24 15:52:16-04:00,POINT (-81.022568 33.99573)
2025-09-23 19:02:11 UTC,sensor10,236476726,32.52,47.29,2025-09-24 19:52:22+00:00,33.9959,-81.022313,99.6,5.26,-0.5,0.0,13.0,3D,2025-09-24 15:52:22-04:00,POINT (-81.022313 33.9959)
2025-09-23 19:02:16 UTC,sensor10,236476726,32.54,47.93,2025-09-24 19:52:27+00:00,33.995997,-81.022053,96.7,5.33,-0.9,0.0,13.0,3D,2025-09-24 15:52:27-04:00,POINT (-81.022053 33.995997)
2025-09-23 19:02:21 UTC,sensor10,236476726,32.65,45.48,2025-09-24 19:52:32+00:00,33.996055,-81.021828,97.0,4.71,0.0,0.0,13.0,3D,2025-09-24 15:52:32-04:00,POINT (-81.021828 33.996055)
2025-09-23 19:02:26 UTC,sensor10,236476726,32.57,46.54,2025-09-24 19:52:37+00:00,33.996188,-81.021647,97.5,4.32,-0.1,37.05,13.0,3D,2025-09-24 15:52:37-04:00,POINT (-81.021647 33.996188)
2025-09-23 19:02:31 UTC,sensor10,236476726,32.63,47.82,2025-09-24 19:52:42+00:00,33.996323,-81.021488,98.0,4.28,0.2,44.45,13.0,3D,2025-09-24 15:52:42-04:00,POINT (-81.021488 33.996323)
2025-09-23 19:02:36 UTC,sensor10,236476726,32.54,47.64,2025-09-24 19:52:47+00:00,33.996398,-81.021317,99.2,2.95,0.3,83.46,13.0,3D,2025-09-24 15:52:47-04:00,POINT (-81.021317 33.996398)
2025-09-23 19:02:41 UTC,sensor10,236476726,32.43,50.22,2025-09-24 19:52:52+00:00,33.99647,-81.0211,100.6,4.62,0.4,64.83,13.0,3D,2025-09-24 15:52:52-04:00,POINT (-81.0211 33.99647)
2025-09-23 19:02:46 UTC,sensor10,236476726,32.16,50.69,2025-09-24 19:52:57+00:00,33.996612,-81.020843,100.1,4.95,0.2,60.15,13.0,3D,2025-09-24 15:52:57-04:00,POINT (-81.020843 33.996612)
2025-09-23 19:02:51 UTC,sensor10,236476726,31.92,51.19,2025-09-24 19:52:58+00:00,33.996638,-81.020798,100.6,5.41,0.5,53.63,13.0,3D,2025-09-24 15:52:58-04:00,POINT (-81.020798 33.996638)
2025-09-23 19:02:56 UTC,sensor10,236476726,31.71,50.53,2025-09-24 19:53:07+00:00,33.996735,-81.020348,104.4,4.13,0.5,66.86,13.0,3D,2025-09-24 15:53:07-04:00,POINT (-81.020348 33.996735)
2025-09-23 19:03:01 UTC,sensor10,236476726,31.61,50.75,2025-09-24 19:53:12+00:00,33.996798,-81.020128,107.7,4.02,0.9,56.95,13.0,3D,2025-09-24 15:53:12-04:00,POINT (-81.020128 33.996798)
2025-09-23 19:03:06 UTC,sensor10,236476726,31.73,49.14,2025-09-24 19:53:17+00:00,33.996933,-81.019918,109.9,4.17,0.6,47.24,13.0,3D,2025-09-24 15:53:17-04:00,POINT (-81.019918 33.996933)
2025-09-23 19:03:11 UTC,sensor10,236476726,31.79,49.03,2025-09-24 19:53:22+00:00,33.997073,-81.01975,112.9,4.58,0.4,34.8,13.0,3D,2025-09-24 15:53:22-04:00,POINT (-81.01975 33.997073)
2025-09-23 19:03:16 UTC,sensor10,236476726,31.95,47.75,2025-09-24 19:53:27+00:00,33.997297,-81.019602,114.3,4.88,0.5,25.76,13.0,3D,2025-09-24 15:53:27-04:00,POINT (-81.019602 33.997297)
2025-09-23 19:03:21 UTC,sensor10,236476726,32.06,48.14,2025-09-24 19:53:32+00:00,33.997445,-81.019547,116.6,3.88,0.4,1.2,13.0,3D,2025-09-24 15:53:32-04:00,POINT (-81.019547 33.997445)
2025-09-23 19:03:26 UTC,sensor10,236476726,32.24,48.38,2025-09-24 19:53:37+00:00,33.997635,-81.019513,115.8,3.46,0.3,347.16,13.0,3D,2025-09-24 15:53:37-04:00,POINT (-81.019513 33.997635)
2025-09-23 19:03:31 UTC,sensor10,236476726,32.47,47.31,2025-09-24 19:53:42+00:00,33.9977,-81.019655,114.0,3.4,-0.4,276.77,13.0,3D,2025-09-24 15:53:42-04:00,POINT (-81.019655 33.9977)
2025-09-23 19:03:36 UTC,sensor10,236476726,32.56,46.67,2025-09-24 19:53:47+00:00,33.997635,-81.019818,110.5,2.52,-0.5,220.67,13.0,3D,2025-09-24 15:53:47-04:00,POINT (-81.019818 33.997635)
2025-09-23 19:03:41 UTC,sensor10,236476726,32.78,47.21,2025-09-24 19:53:52+00:00,33.99756,-81.020032,105.7,4.17,-0.7,234.19,13.0,3D,2025-09-24 15:53:52-04:00,POINT (-81.020032 33.99756)
2025-09-23 19:03:46 UTC,sensor10,236476726,32.75,45.81,2025-09-24 19:53:57+00:00,33.997483,-81.02024,100.7,3.56,-0.9,278.19,13.0,3D,2025-09-24 15:53:57-04:00,POINT (-81.02024 33.997483)
2025-09-23 19:03:51 UTC,sensor10,236476726,32.91,45.44,2025-09-24 19:54:02+00:00,33.997605,-81.020392,99.2,3.6,-0.8,341.7,13.0,3D,2025-09-24 15:54:02-04:00,POINT (-81.020392 33.997605)
2025-09-23 19:03:56 UTC,sensor10,236476726,32.96,46.95,2025-09-24 19:54:07+00:00,33.997765,-81.020332,95.0,2.81,-0.5,55.61,13.0,3D,2025-09-24 15:54:07-04:00,POINT (-81.020332 33.997765)
2025-09-23 19:04:01 UTC,sensor10,236476726,32.9,48.02,2025-09-24 19:54:12+00:00,33.997888,-81.020197,90.6,2.85,-0.6,73.21,13.0,3D,2025-09-24 15:54:12-04:00,POINT (-81.020197 33.997888)
2025-09-23 19:04:06 UTC,sensor10,236476726,32.87,46.38,2025-09-24 19:54:17+00:00,33.997957,-81.019993,84.3,3.38,-1.7,64.93,13.0,3D,2025-09-24 15:54:17-04:00,POINT (-81.019993 33.997957)
2025-09-23 19:04:12 UTC,sensor10,236476726,32.87,46.15,2025-09-24 19:54:22+00:00,33.998002,-81.019792,78.5,3.71,-1.1,79.1,13.0,3D,2025-09-24 15:54:22-04:00,POINT (-81.019792 33.998002)
2025-09-23 19:04:17 UTC,sensor10,236476726,32.87,44.8,2025-09-24 19:54:28+00:00,33.998042,-81.019548,71.7,4.35,-1.6,0.0,13.0,3D,2025-09-24 15:54:28-04:00,POINT (-81.019548 33.998042)
2025-09-23 19:04:22 UTC,sensor10,236476726,32.85,44.19,2025-09-24 19:54:33+00:00,33.9981,-81.019338,67.4,3.98,-0.7,0.0,13.0,3D,2025-09-24 15:54:33-04:00,POINT (-81.019338 33.9981)
2025-09-23 19:04:27 UTC,sensor10,236476726,32.78,44.34,2025-09-24 19:54:38+00:00,33.998173,-81.019153,65.6,3.56,-0.4,0.0,13.0,3D,2025-09-24 15:54:38-04:00,POINT (-81.019153 33.998173)
2025-09-23 19:04:32 UTC,sensor10,236476726,32.83,44.03,2025-09-24 19:54:43+00:00,33.998292,-81.018932,65.9,4.35,0.8,69.81,13.0,3D,2025-09-24 15:54:43-04:00,POINT (-81.018932 33.998292)
2025-09-23 19:04:37 UTC,sensor10,236476726,32.92,43.7,2025-09-24 19:54:48+00:00,33.998248,-81.018688,64.2,5.48,-0.3,94.89,13.0,3D,2025-09-24 15:54:48-04:00,POINT (-81.018688 33.998248)
2025-09-23 19:04:42 UTC,sensor10,236476726,33.16,43.34,2025-09-24 19:54:53+00:00,33.998182,-81.01843,63.9,5.18,-0.2,105.95,13.0,3D,2025-09-24 15:54:53-04:00,POINT (-81.01843 33.998182)
2025-09-23 19:04:47 UTC,sensor10,236476726,33.16,42.97,2025-09-24 19:54:58+00:00,33.998113,-81.01812,65.5,4.96,0.2,112.23,13.0,3D,2025-09-24 15:54:58-04:00,POINT (-81.01812 33.998113)
2025-09-23 19:04:52 UTC,sensor10,236476726,33.3,42.9,2025-09-24 19:55:03+00:00,33.997997,-81.017772,70.5,5.36,1.5,110.64,13.0,3D,2025-09-24 15:55:03-04:00,POINT (-81.017772 33.997997)
2025-09-23 19:04:57 UTC,sensor10,236476726,33.48,42.99,2025-09-24 19:55:08+00:00,33.9979,-81.017517,75.5,5.0,0.9,103.02,13.0,3D,2025-09-24 15:55:08-04:00,POINT (-81.017517 33.9979)
2025-09-23 19:05:02 UTC,sensor10,236476726,33.36,43.02,2025-09-24 19:55:13+00:00,33.997838,-81.017292,80.7,5.09,1.0,113.4,13.0,3D,2025-09-24 15:55:13-04:00,POINT (-81.017292 33.997838)
2025-09-23 19:05:07 UTC,sensor10,236476726,33.6,42.58,2025-09-24 19:55:18+00:00,33.997732,-81.017038,85.5,5.1,0.7,112.92,13.0,3D,2025-09-24 15:55:18-04:00,POINT (-81.017038 33.997732)
2025-09-23 19:05:12 UTC,sensor10,236476726,33.84,42.25,2025-09-24 19:55:23+00:00,33.9976,-81.016707,89.9,5.17,0.9,118.03,13.0,3D,2025-09-24 15:55:23-04:00,POINT (-81.016707 33.9976)
2025-09-23 19:05:17 UTC,sensor10,236476726,34.2,41.68,2025-09-24 19:55:28+00:00,33.997535,-81.016452,91.4,4.41,-0.2,96.24,13.0,3D,2025-09-24 15:55:28-04:00,POINT (-81.016452 33.997535)
2025-09-23 19:05:22 UTC,sensor10,236476726,34.34,41.11,2025-09-24 19:55:33+00:00,33.99753,-81.016228,91.6,3.68,0.3,72.4,13.0,3D,2025-09-24 15:55:33-04:00,POINT (-81.016228 33.99753)
2025-09-23 19:05:27 UTC,sensor10,236476726,34.38,40.78,2025-09-24 19:55:38+00:00,33.997542,-81.015982,91.9,4.26,0.6,90.5,13.0,3D,2025-09-24 15:55:38-04:00,POINT (-81.015982 33.997542)
2025-09-23 19:05:32 UTC,sensor10,236476726,34.38,40.82,2025-09-24 19:55:43+00:00,33.997537,-81.015793,90.8,2.67,-0.3,99.39,13.0,3D,2025-09-24 15:55:43-04:00,POINT (-81.015793 33.997537)
2025-09-23 19:06:02 UTC,sensor10,236476726,35.05,40.06,2025-09-24 19:56:13+00:00,33.997583,-81.015467,77.8,3.16,-1.1,63.01,13.0,3D,2025-09-24 15:56:13-04:00,POINT (-81.015467 33.997583)
2025-09-23 19:06:07 UTC,sensor10,236476726,35.38,40.01,2025-09-24 19:56:18+00:00,33.997845,-81.015455,72.7,4.72,-1.1,348.88,13.0,3D,2025-09-24 15:56:18-04:00,POINT (-81.015455 33.997845)
2025-09-23 19:06:12 UTC,sensor10,236476726,35.62,39.32,2025-09-24 19:56:23+00:00,33.998132,-81.015468,68.1,4.12,-1.6,6.0,13.0,3D,2025-09-24 15:56:23-04:00,POINT (-81.015468 33.998132)
2025-09-23 19:06:17 UTC,sensor10,236476726,35.68,38.97,2025-09-24 19:56:28+00:00,33.998368,-81.015472,62.4,4.29,0.9,25.94,13.0,3D,2025-09-24 15:56:28-04:00,POINT (-81.015472 33.998368)
2025-09-23 19:06:23 UTC,sensor10,236476726,35.77,38.89,2025-09-24 19:56:33+00:00,33.99863,-81.015627,54.6,4.24,-1.9,22.04,13.0,3D,2025-09-24 15:56:33-04:00,POINT (-81.015627 33.99863)
2025-09-23 19:06:28 UTC,sensor10,236476726,35.85,38.89,2025-09-24 19:56:38+00:00,33.998832,-81.015727,49.3,2.81,-1.7,1.06,13.0,3D,2025-09-24 15:56:38-04:00,POINT (-81.015727 33.998832)
2025-09-23 19:07:33 UTC,sensor10,236476726,35.79,38.52,2025-09-24 19:57:44+00:00,33.999017,-81.01579,41.9,2.79,0.0,336.44,13.0,3D,2025-09-24 15:57:44-04:00,POINT (-81.01579 33.999017)
2025-09-23 19:07:38 UTC,sensor10,236476726,35.18,39.22,2025-09-24 19:57:49+00:00,33.999225,-81.015922,37.8,3.13,-1.3,314.32,13.0,3D,2025-09-24 15:57:49-04:00,POINT (-81.015922 33.999225)
2025-09-23 19:07:43 UTC,sensor10,236476726,34.89,39.78,2025-09-24 19:57:54+00:00,33.999417,-81.016045,32.0,2.72,-0.7,300.84,13.0,3D,2025-09-24 15:57:54-04:00,POINT (-81.016045 33.999417)
2025-09-23 19:07:48 UTC,sensor10,236476726,34.78,40.31,2025-09-24 19:57:59+00:00,33.999503,-81.01624,28.5,2.56,-1.6,252.23,13.0,3D,2025-09-24 15:57:59-04:00,POINT (-81.01624 33.999503)
2025-09-23 19:07:53 UTC,sensor10,236476726,34.84,40.15,2025-09-24 19:58:04+00:00,33.999852,-81.016505,21.4,2.64,4.6,245.06,13.0,3D,2025-09-24 15:58:04-04:00,POINT (-81.016505 33.999852)
2025-09-23 19:08:08 UTC,sensor10,236476726,34.61,40.43,2025-09-24 19:58:19+00:00,34.000182,-81.01617,35.6,4.92,-0.2,88.06,13.0,3D,2025-09-24 15:58:19-04:00,POINT (-81.01617 34.000182)
2025-09-23 19:08:14 UTC,sensor10,236476726,34.45,40.96,2025-09-24 19:58:24+00:00,34.000275,-81.015835,38.5,5.54,0.0,94.02,13.0,3D,2025-09-24 15:58:24-04:00,POINT (-81.015835 34.000275)
2025-09-23 19:08:19 UTC,sensor10,236476726,34.7,40.73,2025-09-24 19:58:29+00:00,34.000417,-81.015538,36.5,3.71,-0.4,83.81,13.0,3D,2025-09-24 15:58:29-04:00,POINT (-81.015538 34.000417)
2025-09-23 19:08:24 UTC,sensor10,236476726,34.49,40.54,2025-09-24 19:58:35+00:00,34.000648,-81.015233,38.3,6.75,1.6,0.0,13.0,3D,2025-09-24 15:58:35-04:00,POINT (-81.015233 34.000648)
2025-09-23 19:08:29 UTC,sensor10,236476726,34.51,41.92,2025-09-24 19:58:40+00:00,34.000727,-81.014997,38.9,4.97,0.6,0.0,13.0,3D,2025-09-24 15:58:40-04:00,POINT (-81.014997 34.000727)
2025-09-23 19:08:34 UTC,sensor10,236476726,34.21,41.98,2025-09-24 19:58:45+00:00,34.00084,-81.014765,44.9,5.21,1.4,0.0,13.0,3D,2025-09-24 15:58:45-04:00,POINT (-81.014765 34.00084)
2025-09-23 19:08:39 UTC,sensor10,236476726,33.97,42.41,2025-09-24 19:58:50+00:00,34.000932,-81.014575,51.2,4.58,1.9,0.0,13.0,3D,2025-09-24 15:58:50-04:00,POINT (-81.014575 34.000932)
2025-09-23 19:08:44 UTC,sensor10,236476726,33.96,42.73,2025-09-24 19:58:55+00:00,34.001123,-81.014433,57.7,5.01,0.6,0.0,4.0,3D,2025-09-24 15:58:55-04:00,POINT (-81.014433 34.001123)
2025-09-23 19:08:49 UTC,sensor10,236476726,33.91,43.29,2025-09-24 19:58:59+00:00,34.001257,-81.014275,62.2,5.06,0.8,58.35,13.0,3D,2025-09-24 15:58:59-04:00,POINT (-81.014275 34.001257)
2025-09-23 19:08:54 UTC,sensor10,236476726,33.84,44.65,2025-09-24 19:59:03+00:00,34.001358,-81.014085,64.8,5.22,0.65,0.0,13.0,3D,2025-09-24 15:59:03-04:00,POINT (-81.014085 34.001358)
2025-09-23 19:08:59 UTC,sensor10,236476726,33.72,45.6,2025-09-24 19:59:07+00:00,34.001485,-81.013898,68.5,5.56,0.93,0.0,13.0,3D,2025-09-24 15:59:07-04:00,POINT (-81.013898 34.001485)
2025-09-23 19:09:04 UTC,sensor10,236476726,33.69,43.44,2025-09-24 19:59:15+00:00,34.001702,-81.013472,76.6,5.7,1.3,0.0,13.0,3D,2025-09-24 15:59:15-04:00,POINT (-81.013472 34.001702)
2025-09-23 19:09:09 UTC,sensor10,236476726,33.68,43.36,2025-09-24 19:59:20+00:00,34.001827,-81.013268,82.1,5.79,1.2,0.0,13.0,3D,2025-09-24 15:59:20-04:00,POINT (-81.013268 34.001827)
2025-09-23 19:09:14 UTC,sensor10,236476726,33.65,43.36,2025-09-24 19:59:25+00:00,34.001952,-81.01318,90.4,3.26,1.9,62.12,13.0,3D,2025-09-24 15:59:25-04:00,POINT (-81.01318 34.001952)
2025-09-23 19:09:19 UTC,sensor10,236476726,33.45,43.19,2025-09-24 19:59:30+00:00,34.002048,-81.013115,89.7,4.57,0.7,52.28,13.0,3D,2025-09-24 15:59:30-04:00,POINT (-81.013115 34.002048)
2025-09-23 19:09:24 UTC,sensor10,236476726,33.4,43.13,2025-09-24 19:59:35+00:00,34.002135,-81.012918,93.3,4.99,1.0,59.33,13.0,3D,2025-09-24 15:59:35-04:00,POINT (-81.012918 34.002135)
2025-09-23 19:09:29 UTC,sensor10,236476726,33.53,43.03,2025-09-24 19:59:40+00:00,34.002177,-81.012815,95.9,4.56,-0.6,79.35,13.0,3D,2025-09-24 15:59:40-04:00,POINT (-81.012815 34.002177)
2025-09-23 19:09:34 UTC,sensor10,236476726,33.7,42.98,2025-09-24 19:59:45+00:00,34.002197,-81.012685,97.8,2.89,1.1,97.22,13.0,3D,2025-09-24 15:59:45-04:00,POINT (-81.012685 34.002197)
2025-09-23 19:11:00 UTC,sensor10,236476726,35.35,42.48,2025-09-24 20:01:11+00:00,34.002222,-81.012528,75.9,3.28,-1.7,68.12,13.0,3D,2025-09-24 16:01:11-04:00,POINT (-81.012528 34.002222)
2025-09-23 19:12:21 UTC,sensor10,236476726,37.19,37.71,2025-09-24 20:02:31+00:00,34.00224,-81.012295,35.9,2.28,-1.3,110.2,13.0,3D,2025-09-24 16:02:31-04:00,POINT (-81.012295 34.00224)
2025-09-23 19:12:31 UTC,sensor10,236476726,37.43,37.14,2025-09-24 20:02:42+00:00,34.002235,-81.012403,37.5,2.98,3.9,0.0,13.0,3D,2025-09-24 16:02:42-04:00,POINT (-81.012403 34.002235)
