System_Timestamp_UTC,RaspberryPiName,Sensor_ID,Temperature_C,Humidity_RH,GPS_Timestamp_UTC,Latitude,Longitude,Altitude_m,Speed_mps,Climb_mps,Track_deg,Satellites,GPS_Fix_Type,datetime,geometry
2025-08-19 00:12:42 UTC,sensor01,218208153,24.53,87.93,2025-08-19 09:58:39+00:00,33.994728,-80.966823,48.7,3.87,0.7,338.59,10.0,3D,2025-08-19 05:58:39-04:00,POINT (-80.966823 33.994728)
2025-08-19 00:12:48 UTC,sensor01,218208153,24.4,88.64,2025-08-19 09:58:44+00:00,33.994937,-80.966937,49.9,5.99,0.3,332.0,10.0,3D,2025-08-19 05:58:44-04:00,POINT (-80.966937 33.994937)
2025-08-19 00:12:53 UTC,sensor01,218208153,24.24,89.68,2025-08-19 09:58:49+00:00,33.995225,-80.967097,50.8,7.05,0.1,335.97,9.0,3D,2025-08-19 05:58:49-04:00,POINT (-80.967097 33.995225)
2025-08-19 00:12:58 UTC,sensor01,218208153,24.13,90.79,2025-08-19 09:58:54+00:00,33.995523,-80.967223,50.5,6.32,-0.1,340.87,9.0,3D,2025-08-19 05:58:54-04:00,POINT (-80.967223 33.995523)
2025-08-19 00:13:03 UTC,sensor01,218208153,24.09,91.09,2025-08-19 09:58:59+00:00,33.99577,-80.96733,50.4,6.38,0.0,337.97,9.0,3D,2025-08-19 05:58:59-04:00,POINT (-80.96733 33.99577)
2025-08-19 00:13:08 UTC,sensor01,218208153,24.02,91.33,2025-08-19 09:59:04+00:00,33.99604,-80.967485,49.6,6.98,-0.1,329.86,9.0,3D,2025-08-19 05:59:04-04:00,POINT (-80.967485 33.99604)
2025-08-19 00:13:13 UTC,sensor01,218208153,24.02,91.82,2025-08-19 09:59:09+00:00,33.99629,-80.96771,48.7,7.01,-0.2,317.5,9.0,3D,2025-08-19 05:59:09-04:00,POINT (-80.96771 33.99629)
2025-08-19 00:13:18 UTC,sensor01,218208153,24.01,92.17,2025-08-19 09:59:14+00:00,33.996505,-80.967965,47.6,6.55,-0.3,315.52,9.0,3D,2025-08-19 05:59:14-04:00,POINT (-80.967965 33.996505)
2025-08-19 00:13:23 UTC,sensor01,218208153,24.0,92.18,2025-08-19 09:59:19+00:00,33.99669,-80.968243,46.2,6.47,-0.3,303.25,11.0,3D,2025-08-19 05:59:19-04:00,POINT (-80.968243 33.99669)
2025-08-19 00:13:28 UTC,sensor01,218208153,24.02,92.91,2025-08-19 09:59:24+00:00,33.996858,-80.96853,44.3,6.58,-0.5,296.21,11.0,3D,2025-08-19 05:59:24-04:00,POINT (-80.96853 33.996858)
2025-08-19 00:13:33 UTC,sensor01,218208153,24.0,93.28,2025-08-19 09:59:29+00:00,33.996987,-80.968873,41.7,7.34,-0.5,292.62,11.0,3D,2025-08-19 05:59:29-04:00,POINT (-80.968873 33.996987)
2025-08-19 00:13:38 UTC,sensor01,218208153,24.04,93.48,2025-08-19 09:59:34+00:00,33.99712,-80.969233,39.0,7.24,-0.6,290.35,11.0,3D,2025-08-19 05:59:34-04:00,POINT (-80.969233 33.99712)
2025-08-19 00:13:43 UTC,sensor01,218208153,24.05,93.51,2025-08-19 09:59:40+00:00,33.997248,-80.969573,36.0,4.27,-0.4,0.0,11.0,3D,2025-08-19 05:59:40-04:00,POINT (-80.969573 33.997248)
2025-08-19 00:13:53 UTC,sensor01,218208153,24.07,93.16,2025-08-19 09:59:50+00:00,33.997315,-80.96975,32.5,3.58,-0.3,301.9,11.0,3D,2025-08-19 05:59:50-04:00,POINT (-80.96975 33.997315)
2025-08-19 00:13:58 UTC,sensor01,218208153,24.04,92.54,2025-08-19 09:59:55+00:00,33.997455,-80.969978,30.8,5.66,-0.3,310.68,11.0,3D,2025-08-19 05:59:55-04:00,POINT (-80.969978 33.997455)
2025-08-19 00:14:03 UTC,sensor01,218208153,23.99,92.42,2025-08-19 10:00:00+00:00,33.99764,-80.970308,29.7,7.29,-0.1,306.32,11.0,3D,2025-08-19 06:00:00-04:00,POINT (-80.970308 33.99764)
2025-08-19 00:14:08 UTC,sensor01,218208153,23.99,92.51,2025-08-19 10:00:05+00:00,33.997825,-80.970685,29.2,6.93,-0.2,306.61,11.0,3D,2025-08-19 06:00:05-04:00,POINT (-80.970685 33.997825)
2025-08-19 00:14:13 UTC,sensor01,218208153,23.99,92.79,2025-08-19 10:00:10+00:00,33.998015,-80.971033,29.0,6.9,0.0,303.83,11.0,3D,2025-08-19 06:00:10-04:00,POINT (-80.971033 33.998015)
2025-08-19 00:14:18 UTC,sensor01,218208153,23.96,92.9,2025-08-19 10:00:15+00:00,33.99824,-80.971327,28.5,7.55,-0.1,307.57,11.0,3D,2025-08-19 06:00:15-04:00,POINT (-80.971327 33.99824)
2025-08-19 00:14:23 UTC,sensor01,218208153,23.9,92.84,2025-08-19 10:00:20+00:00,33.99847,-80.971597,27.6,7.12,-0.2,315.05,11.0,3D,2025-08-19 06:00:20-04:00,POINT (-80.971597 33.99847)
2025-08-19 00:14:28 UTC,sensor01,218208153,23.85,92.71,2025-08-19 10:00:25+00:00,33.998708,-80.971952,26.5,8.24,-0.2,307.2,11.0,3D,2025-08-19 06:00:25-04:00,POINT (-80.971952 33.998708)
2025-08-19 00:14:33 UTC,sensor01,218208153,23.81,92.83,2025-08-19 10:00:30+00:00,33.998943,-80.972332,25.4,8.31,-0.1,305.73,11.0,3D,2025-08-19 06:00:30-04:00,POINT (-80.972332 33.998943)
2025-08-19 00:14:39 UTC,sensor01,218208153,23.78,92.99,2025-08-19 10:00:35+00:00,33.999162,-80.972692,24.7,7.53,-0.1,305.03,11.0,3D,2025-08-19 06:00:35-04:00,POINT (-80.972692 33.999162)
2025-08-19 00:14:44 UTC,sensor01,218208153,23.76,93.08,2025-08-19 10:00:40+00:00,33.99939,-80.973042,24.6,8.09,0.0,310.15,11.0,3D,2025-08-19 06:00:40-04:00,POINT (-80.973042 33.99939)
2025-08-19 00:14:49 UTC,sensor01,218208153,23.76,93.1,2025-08-19 10:00:45+00:00,33.99963,-80.97342,25.2,8.42,0.0,311.3,11.0,3D,2025-08-19 06:00:45-04:00,POINT (-80.97342 33.99963)
2025-08-19 00:14:54 UTC,sensor01,218208153,23.72,93.08,2025-08-19 10:00:50+00:00,33.999867,-80.973762,25.1,8.23,-0.1,310.98,11.0,3D,2025-08-19 06:00:50-04:00,POINT (-80.973762 33.999867)
2025-08-19 00:14:59 UTC,sensor01,218208153,23.69,93.09,2025-08-19 10:00:55+00:00,34.0001,-80.974133,25.3,8.67,0.1,308.76,11.0,3D,2025-08-19 06:00:55-04:00,POINT (-80.974133 34.0001)
2025-08-19 00:15:04 UTC,sensor01,218208153,23.66,93.39,2025-08-19 10:01:00+00:00,34.000367,-80.974483,26.1,8.31,0.3,312.41,11.0,3D,2025-08-19 06:01:00-04:00,POINT (-80.974483 34.000367)
2025-08-19 00:15:09 UTC,sensor01,218208153,23.68,93.44,2025-08-19 10:01:05+00:00,34.000613,-80.974835,27.8,7.93,0.4,309.7,11.0,3D,2025-08-19 06:01:05-04:00,POINT (-80.974835 34.000613)
2025-08-19 00:15:14 UTC,sensor01,218208153,23.67,93.61,2025-08-19 10:01:10+00:00,34.000798,-80.975133,30.0,5.48,0.4,308.0,11.0,3D,2025-08-19 06:01:10-04:00,POINT (-80.975133 34.000798)
2025-08-19 00:15:19 UTC,sensor01,218208153,23.65,93.62,2025-08-19 10:01:15+00:00,34.000922,-80.975203,31.7,2.66,0.4,7.57,11.0,3D,2025-08-19 06:01:15-04:00,POINT (-80.975203 34.000922)
2025-08-19 00:15:24 UTC,sensor01,218208153,23.66,93.63,2025-08-19 10:01:20+00:00,34.001093,-80.975038,33.0,6.77,0.2,41.53,11.0,3D,2025-08-19 06:01:20-04:00,POINT (-80.975038 34.001093)
2025-08-19 00:15:29 UTC,sensor01,218208153,23.63,93.61,2025-08-19 10:01:25+00:00,34.001353,-80.974773,34.4,8.18,0.3,35.83,11.0,3D,2025-08-19 06:01:25-04:00,POINT (-80.974773 34.001353)
2025-08-19 00:15:34 UTC,sensor01,218208153,23.61,93.68,2025-08-19 10:01:31+00:00,34.001727,-80.974443,36.3,8.61,0.4,0.0,11.0,3D,2025-08-19 06:01:31-04:00,POINT (-80.974443 34.001727)
2025-08-19 00:15:39 UTC,sensor01,218208153,23.67,93.84,2025-08-19 10:01:36+00:00,34.00205,-80.974117,37.9,10.15,0.4,0.0,11.0,3D,2025-08-19 06:01:36-04:00,POINT (-80.974117 34.00205)
2025-08-19 00:15:44 UTC,sensor01,218208153,23.62,93.72,2025-08-19 10:01:41+00:00,34.002372,-80.97379,39.3,8.52,0.2,0.0,11.0,3D,2025-08-19 06:01:41-04:00,POINT (-80.97379 34.002372)
2025-08-19 00:15:49 UTC,sensor01,218208153,23.61,93.75,2025-08-19 10:01:46+00:00,34.002648,-80.973523,40.3,7.77,0.2,35.0,11.0,3D,2025-08-19 06:01:46-04:00,POINT (-80.973523 34.002648)
2025-08-19 00:15:54 UTC,sensor01,218208153,23.6,93.94,2025-08-19 10:01:51+00:00,34.002915,-80.973238,41.2,7.46,0.2,36.57,11.0,3D,2025-08-19 06:01:51-04:00,POINT (-80.973238 34.002915)
2025-08-19 00:15:59 UTC,sensor01,218208153,23.62,94.08,2025-08-19 10:01:56+00:00,34.003168,-80.973012,42.9,8.06,0.3,36.27,11.0,3D,2025-08-19 06:01:56-04:00,POINT (-80.973012 34.003168)
2025-08-19 00:16:04 UTC,sensor01,218208153,23.59,94.19,2025-08-19 10:02:01+00:00,34.003418,-80.972728,44.7,7.27,0.3,40.86,11.0,3D,2025-08-19 06:02:01-04:00,POINT (-80.972728 34.003418)
2025-08-19 00:16:09 UTC,sensor01,218208153,23.61,94.35,2025-08-19 10:02:06+00:00,34.003673,-80.972448,45.9,7.1,0.3,40.64,11.0,3D,2025-08-19 06:02:06-04:00,POINT (-80.972448 34.003673)
2025-08-19 00:16:14 UTC,sensor01,218208153,23.61,94.34,2025-08-19 10:02:11+00:00,34.003927,-80.972193,46.9,7.12,0.2,42.26,11.0,3D,2025-08-19 06:02:11-04:00,POINT (-80.972193 34.003927)
2025-08-19 00:16:20 UTC,sensor01,218208153,23.6,94.33,2025-08-19 10:02:16+00:00,34.004167,-80.971925,48.2,6.97,0.2,46.21,11.0,3D,2025-08-19 06:02:16-04:00,POINT (-80.971925 34.004167)
2025-08-19 00:16:25 UTC,sensor01,218208153,23.57,94.5,2025-08-19 10:02:21+00:00,34.0044,-80.971632,49.5,7.07,0.3,48.29,11.0,3D,2025-08-19 06:02:21-04:00,POINT (-80.971632 34.0044)
2025-08-19 00:16:30 UTC,sensor01,218208153,23.57,94.51,2025-08-19 10:02:26+00:00,34.004617,-80.97131,50.3,8.37,0.0,49.58,11.0,3D,2025-08-19 06:02:26-04:00,POINT (-80.97131 34.004617)
2025-08-19 00:16:35 UTC,sensor01,218208153,23.58,94.56,2025-08-19 10:02:31+00:00,34.004843,-80.970963,51.5,7.87,0.3,46.67,11.0,3D,2025-08-19 06:02:31-04:00,POINT (-80.970963 34.004843)
2025-08-19 00:16:40 UTC,sensor01,218208153,23.58,94.56,2025-08-19 10:02:36+00:00,34.005148,-80.970673,52.1,8.3,0.2,34.59,11.0,3D,2025-08-19 06:02:36-04:00,POINT (-80.970673 34.005148)
2025-08-19 00:16:45 UTC,sensor01,218208153,23.58,94.53,2025-08-19 10:02:41+00:00,34.00549,-80.970383,53.2,9.45,0.2,33.43,11.0,3D,2025-08-19 06:02:41-04:00,POINT (-80.970383 34.00549)
2025-08-19 00:16:50 UTC,sensor01,218208153,23.64,94.61,2025-08-19 10:02:46+00:00,34.005852,-80.970095,54.1,9.03,0.2,32.28,11.0,3D,2025-08-19 06:02:46-04:00,POINT (-80.970095 34.005852)
2025-08-19 00:16:55 UTC,sensor01,218208153,23.59,94.48,2025-08-19 10:02:51+00:00,34.006252,-80.969837,55.3,8.65,0.4,19.19,11.0,3D,2025-08-19 06:02:51-04:00,POINT (-80.969837 34.006252)
2025-08-19 00:17:00 UTC,sensor01,218208153,23.6,94.61,2025-08-19 10:02:56+00:00,34.006655,-80.969782,55.2,8.49,-0.2,352.34,11.0,3D,2025-08-19 06:02:56-04:00,POINT (-80.969782 34.006655)
2025-08-19 00:17:05 UTC,sensor01,218208153,23.61,94.76,2025-08-19 10:03:01+00:00,34.007075,-80.969922,54.1,10.1,-0.3,342.91,11.0,3D,2025-08-19 06:03:01-04:00,POINT (-80.969922 34.007075)
2025-08-19 00:17:10 UTC,sensor01,218208153,23.61,94.68,2025-08-19 10:03:06+00:00,34.007498,-80.97008,53.2,9.41,-0.2,347.12,11.0,3D,2025-08-19 06:03:06-04:00,POINT (-80.97008 34.007498)
2025-08-19 00:17:15 UTC,sensor01,218208153,23.63,94.51,2025-08-19 10:03:11+00:00,34.007823,-80.970185,52.5,6.37,0.0,349.96,11.0,3D,2025-08-19 06:03:11-04:00,POINT (-80.970185 34.007823)
2025-08-19 00:17:25 UTC,sensor01,218208153,23.66,94.53,2025-08-19 10:03:22+00:00,34.008072,-80.970105,51.9,3.7,0.0,0.0,11.0,3D,2025-08-19 06:03:22-04:00,POINT (-80.970105 34.008072)
2025-08-19 00:17:30 UTC,sensor01,218208153,23.67,94.39,2025-08-19 10:03:27+00:00,34.008152,-80.969807,51.5,6.98,-0.1,0.0,4.0,3D,2025-08-19 06:03:27-04:00,POINT (-80.969807 34.008152)
2025-08-19 00:17:35 UTC,sensor01,218208153,23.66,94.35,2025-08-19 10:03:32+00:00,34.008277,-80.969403,51.7,8.25,0.0,0.0,4.0,3D,2025-08-19 06:03:32-04:00,POINT (-80.969403 34.008277)
2025-08-19 00:17:40 UTC,sensor01,218208153,23.69,94.45,2025-08-19 10:03:37+00:00,34.008427,-80.968962,51.7,9.17,0.0,0.0,8.0,3D,2025-08-19 06:03:37-04:00,POINT (-80.968962 34.008427)
2025-08-19 00:17:45 UTC,sensor01,218208153,23.72,94.34,2025-08-19 10:03:42+00:00,34.008582,-80.968518,51.6,8.68,0.0,0.0,11.0,3D,2025-08-19 06:03:42-04:00,POINT (-80.968518 34.008582)
2025-08-19 00:17:50 UTC,sensor01,218208153,23.73,94.45,2025-08-19 10:03:47+00:00,34.008747,-80.968093,51.7,8.92,0.1,63.57,11.0,3D,2025-08-19 06:03:47-04:00,POINT (-80.968093 34.008747)
2025-08-19 00:17:55 UTC,sensor01,218208153,23.74,94.34,2025-08-19 10:03:52+00:00,34.008943,-80.967682,51.9,8.43,0.1,56.49,11.0,3D,2025-08-19 06:03:52-04:00,POINT (-80.967682 34.008943)
2025-08-19 00:18:00 UTC,sensor01,218208153,23.76,94.39,2025-08-19 10:03:57+00:00,34.009183,-80.967335,52.7,8.47,0.2,45.38,11.0,3D,2025-08-19 06:03:57-04:00,POINT (-80.967335 34.009183)
2025-08-19 00:18:05 UTC,sensor01,218208153,23.77,94.3,2025-08-19 10:04:02+00:00,34.009427,-80.967028,53.5,7.96,-0.1,40.66,11.0,3D,2025-08-19 06:04:02-04:00,POINT (-80.967028 34.009427)
2025-08-19 00:18:11 UTC,sensor01,218208153,23.78,94.36,2025-08-19 10:04:07+00:00,34.009713,-80.966762,53.4,8.64,0.2,32.36,11.0,3D,2025-08-19 06:04:07-04:00,POINT (-80.966762 34.009713)
2025-08-19 00:18:16 UTC,sensor01,218208153,23.73,94.19,2025-08-19 10:04:12+00:00,34.010073,-80.966553,53.8,8.8,0.0,23.3,11.0,3D,2025-08-19 06:04:12-04:00,POINT (-80.966553 34.010073)
2025-08-19 00:18:21 UTC,sensor01,218208153,23.75,94.2,2025-08-19 10:04:17+00:00,34.010458,-80.966408,54.0,8.81,0.0,11.16,11.0,3D,2025-08-19 06:04:17-04:00,POINT (-80.966408 34.010458)
2025-08-19 00:18:26 UTC,sensor01,218208153,23.7,94.41,2025-08-19 10:04:22+00:00,34.010863,-80.966322,54.3,8.62,0.0,6.35,11.0,3D,2025-08-19 06:04:22-04:00,POINT (-80.966322 34.010863)
2025-08-19 00:18:31 UTC,sensor01,218208153,23.7,94.62,2025-08-19 10:04:27+00:00,34.01127,-80.966302,54.4,9.11,0.1,1.15,11.0,3D,2025-08-19 06:04:27-04:00,POINT (-80.966302 34.01127)
2025-08-19 00:18:36 UTC,sensor01,218208153,23.67,94.72,2025-08-19 10:04:32+00:00,34.011682,-80.966322,54.4,10.11,0.1,357.98,11.0,3D,2025-08-19 06:04:32-04:00,POINT (-80.966322 34.011682)
2025-08-19 00:18:41 UTC,sensor01,218208153,23.69,94.67,2025-08-19 10:04:37+00:00,34.012117,-80.966347,55.0,9.65,0.1,358.24,11.0,3D,2025-08-19 06:04:37-04:00,POINT (-80.966347 34.012117)
2025-08-19 00:18:46 UTC,sensor01,218208153,23.7,94.62,2025-08-19 10:04:42+00:00,34.012557,-80.96634,55.7,9.27,0.2,359.9,11.0,3D,2025-08-19 06:04:42-04:00,POINT (-80.96634 34.012557)
2025-08-19 00:18:51 UTC,sensor01,218208153,23.7,94.62,2025-08-19 10:04:47+00:00,34.013048,-80.96632,56.5,9.82,0.1,2.16,11.0,3D,2025-08-19 06:04:47-04:00,POINT (-80.96632 34.013048)
2025-08-19 00:18:56 UTC,sensor01,218208153,23.72,94.52,2025-08-19 10:04:52+00:00,34.013505,-80.966307,56.6,9.11,0.0,359.93,11.0,3D,2025-08-19 06:04:52-04:00,POINT (-80.966307 34.013505)
2025-08-19 00:19:01 UTC,sensor01,218208153,23.72,94.37,2025-08-19 10:04:57+00:00,34.01392,-80.9663,56.8,9.46,0.0,1.29,11.0,3D,2025-08-19 06:04:57-04:00,POINT (-80.9663 34.01392)
2025-08-19 00:19:06 UTC,sensor01,218208153,23.74,94.5,2025-08-19 10:05:02+00:00,34.014392,-80.966282,56.7,9.54,-0.1,1.98,11.0,3D,2025-08-19 06:05:02-04:00,POINT (-80.966282 34.014392)
2025-08-19 00:19:11 UTC,sensor01,218208153,23.79,94.32,2025-08-19 10:05:08+00:00,34.014903,-80.966278,56.3,9.43,-0.2,0.0,11.0,3D,2025-08-19 06:05:08-04:00,POINT (-80.966278 34.014903)
2025-08-19 00:19:16 UTC,sensor01,218208153,23.8,94.2,2025-08-19 10:05:13+00:00,34.015318,-80.96627,55.8,8.87,-0.2,0.0,11.0,3D,2025-08-19 06:05:13-04:00,POINT (-80.96627 34.015318)
2025-08-19 00:19:21 UTC,sensor01,218208153,23.83,94.14,2025-08-19 10:05:18+00:00,34.01565,-80.966268,54.9,5.92,-0.2,0.0,11.0,3D,2025-08-19 06:05:18-04:00,POINT (-80.966268 34.01565)
2025-08-19 00:19:51 UTC,sensor01,218208153,23.87,93.74,2025-08-19 10:05:48+00:00,34.015877,-80.966282,53.9,4.03,0.1,359.03,12.0,3D,2025-08-19 06:05:48-04:00,POINT (-80.966282 34.015877)
2025-08-19 00:19:56 UTC,sensor01,218208153,23.92,93.64,2025-08-19 10:05:53+00:00,34.016173,-80.966285,53.8,8.31,0.0,359.38,12.0,3D,2025-08-19 06:05:53-04:00,POINT (-80.966285 34.016173)
2025-08-19 00:20:02 UTC,sensor01,218208153,23.93,93.56,2025-08-19 10:05:58+00:00,34.016572,-80.966292,53.5,8.96,-0.1,359.02,12.0,3D,2025-08-19 06:05:58-04:00,POINT (-80.966292 34.016572)
2025-08-19 00:20:07 UTC,sensor01,218208153,23.93,93.56,2025-08-19 10:06:03+00:00,34.016987,-80.966295,53.1,8.8,0.0,356.02,12.0,3D,2025-08-19 06:06:03-04:00,POINT (-80.966295 34.016987)
2025-08-19 00:20:12 UTC,sensor01,218208153,24.02,93.66,2025-08-19 10:06:08+00:00,34.017383,-80.966302,52.4,8.81,-0.2,2.03,12.0,3D,2025-08-19 06:06:08-04:00,POINT (-80.966302 34.017383)
2025-08-19 00:20:17 UTC,sensor01,218208153,23.99,93.43,2025-08-19 10:06:13+00:00,34.017743,-80.96627,51.9,7.31,-0.1,3.37,12.0,3D,2025-08-19 06:06:13-04:00,POINT (-80.96627 34.017743)
2025-08-19 00:20:22 UTC,sensor01,218208153,24.04,93.48,2025-08-19 10:06:18+00:00,34.018003,-80.966258,51.3,5.96,-0.1,357.95,12.0,3D,2025-08-19 06:06:18-04:00,POINT (-80.966258 34.018003)
2025-08-19 00:20:27 UTC,sensor01,218208153,24.05,93.41,2025-08-19 10:06:23+00:00,34.018268,-80.966252,50.5,5.49,-0.1,3.08,12.0,3D,2025-08-19 06:06:23-04:00,POINT (-80.966252 34.018268)
2025-08-19 00:20:42 UTC,sensor01,218208153,24.09,93.37,2025-08-19 10:06:38+00:00,34.018465,-80.966087,47.5,3.82,-0.9,67.02,11.0,3D,2025-08-19 06:06:38-04:00,POINT (-80.966087 34.018465)
2025-08-19 00:20:47 UTC,sensor01,218208153,24.11,93.17,2025-08-19 10:06:43+00:00,34.018475,-80.965727,46.6,8.8,-0.3,92.0,11.0,3D,2025-08-19 06:06:43-04:00,POINT (-80.965727 34.018475)
2025-08-19 00:20:52 UTC,sensor01,218208153,24.15,92.95,2025-08-19 10:06:48+00:00,34.018475,-80.965252,45.6,7.9,-0.1,84.86,11.0,3D,2025-08-19 06:06:48-04:00,POINT (-80.965252 34.018475)
2025-08-19 00:20:57 UTC,sensor01,218208153,24.19,92.95,2025-08-19 10:06:54+00:00,34.018518,-80.964895,44.7,3.41,-0.1,0.0,11.0,3D,2025-08-19 06:06:54-04:00,POINT (-80.964895 34.018518)
2025-08-19 00:21:07 UTC,sensor01,218208153,24.2,92.8,2025-08-19 10:07:04+00:00,34.018583,-80.964807,43.8,2.45,-0.1,0.0,11.0,3D,2025-08-19 06:07:04-04:00,POINT (-80.964807 34.018583)
2025-08-19 00:21:12 UTC,sensor01,218208153,24.18,92.59,2025-08-19 10:07:09+00:00,34.018722,-80.964833,43.3,2.41,-0.2,344.48,11.0,3D,2025-08-19 06:07:09-04:00,POINT (-80.964833 34.018722)
2025-08-19 00:21:17 UTC,sensor01,218208153,24.13,92.6,2025-08-19 10:07:14+00:00,34.018877,-80.964877,42.5,3.96,-0.1,348.99,11.0,3D,2025-08-19 06:07:14-04:00,POINT (-80.964877 34.018877)
2025-08-19 00:21:22 UTC,sensor01,218208153,24.13,92.56,2025-08-19 10:07:19+00:00,34.01905,-80.964905,41.5,3.44,-0.2,353.6,11.0,3D,2025-08-19 06:07:19-04:00,POINT (-80.964905 34.01905)
2025-08-19 00:21:27 UTC,sensor01,218208153,24.08,92.62,2025-08-19 10:07:24+00:00,34.019215,-80.964923,41.1,3.47,0.2,359.0,11.0,3D,2025-08-19 06:07:24-04:00,POINT (-80.964923 34.019215)
2025-08-19 00:21:32 UTC,sensor01,218208153,24.1,92.78,2025-08-19 10:07:29+00:00,34.01935,-80.964945,40.4,2.76,-0.1,346.24,11.0,3D,2025-08-19 06:07:29-04:00,POINT (-80.964945 34.01935)
2025-08-19 00:21:37 UTC,sensor01,218208153,24.11,93.09,2025-08-19 10:07:34+00:00,34.019468,-80.964965,39.7,2.59,-0.1,348.43,11.0,3D,2025-08-19 06:07:34-04:00,POINT (-80.964965 34.019468)
2025-08-19 00:21:42 UTC,sensor01,218208153,24.1,93.57,2025-08-19 10:07:39+00:00,34.019552,-80.965042,39.1,2.54,-0.1,306.85,11.0,3D,2025-08-19 06:07:39-04:00,POINT (-80.965042 34.019552)
2025-08-19 00:21:47 UTC,sensor01,218208153,24.1,93.87,2025-08-19 10:07:44+00:00,34.019608,-80.965178,38.6,2.97,-0.1,286.54,11.0,3D,2025-08-19 06:07:44-04:00,POINT (-80.965178 34.019608)
2025-08-19 00:21:53 UTC,sensor01,218208153,24.1,94.49,2025-08-19 10:07:49+00:00,34.01964,-80.965313,38.2,2.31,-0.1,283.03,11.0,3D,2025-08-19 06:07:49-04:00,POINT (-80.965313 34.01964)
2025-08-19 00:21:58 UTC,sensor01,218208153,24.12,94.71,2025-08-19 10:07:54+00:00,34.019662,-80.965438,37.7,2.67,-0.1,280.39,11.0,3D,2025-08-19 06:07:54-04:00,POINT (-80.965438 34.019662)
2025-08-19 00:22:03 UTC,sensor01,218208153,24.09,94.43,2025-08-19 10:07:59+00:00,34.019657,-80.965592,37.1,2.78,-0.2,274.56,11.0,3D,2025-08-19 06:07:59-04:00,POINT (-80.965592 34.019657)
2025-08-19 00:22:08 UTC,sensor01,218208153,24.1,94.23,2025-08-19 10:08:04+00:00,34.019663,-80.965715,36.2,2.46,-0.2,268.47,11.0,3D,2025-08-19 06:08:04-04:00,POINT (-80.965715 34.019663)
2025-08-19 00:22:13 UTC,sensor01,218208153,24.09,94.33,2025-08-19 10:08:09+00:00,34.019658,-80.965865,35.6,2.69,-0.1,261.69,12.0,3D,2025-08-19 06:08:09-04:00,POINT (-80.965865 34.019658)
2025-08-19 00:22:18 UTC,sensor01,218208153,24.08,94.12,2025-08-19 10:08:14+00:00,34.01956,-80.965972,35.5,3.0,-0.1,186.43,12.0,3D,2025-08-19 06:08:14-04:00,POINT (-80.965972 34.01956)
2025-08-19 00:22:23 UTC,sensor01,218208153,24.05,93.79,2025-08-19 10:08:19+00:00,34.019438,-80.965905,35.4,3.31,0.0,125.72,12.0,3D,2025-08-19 06:08:19-04:00,POINT (-80.965905 34.019438)
2025-08-19 00:22:28 UTC,sensor01,218208153,24.06,93.9,2025-08-19 10:08:24+00:00,34.019427,-80.96574,35.3,3.0,0.1,90.61,12.0,3D,2025-08-19 06:08:24-04:00,POINT (-80.96574 34.019427)
2025-08-19 00:22:33 UTC,sensor01,218208153,24.04,93.99,2025-08-19 10:08:29+00:00,34.01943,-80.965533,35.0,3.63,-0.1,87.2,12.0,3D,2025-08-19 06:08:29-04:00,POINT (-80.965533 34.01943)
2025-08-19 00:22:38 UTC,sensor01,218208153,24.03,94.0,2025-08-19 10:08:34+00:00,34.019433,-80.965335,34.5,3.08,-0.1,91.88,12.0,3D,2025-08-19 06:08:34-04:00,POINT (-80.965335 34.019433)
2025-08-19 00:22:43 UTC,sensor01,218208153,24.02,94.0,2025-08-19 10:08:39+00:00,34.019438,-80.965167,34.2,2.9,0.0,78.89,12.0,3D,2025-08-19 06:08:39-04:00,POINT (-80.965167 34.019438)
2025-08-19 00:22:48 UTC,sensor01,218208153,24.03,94.48,2025-08-19 10:08:45+00:00,34.019522,-80.965015,33.8,2.42,-0.1,0.0,12.0,3D,2025-08-19 06:08:45-04:00,POINT (-80.965015 34.019522)
2025-08-19 00:22:53 UTC,sensor01,218208153,24.03,94.86,2025-08-19 10:08:50+00:00,34.019547,-80.964853,33.3,3.54,-0.1,0.0,13.0,3D,2025-08-19 06:08:50-04:00,POINT (-80.964853 34.019547)
2025-08-19 00:22:58 UTC,sensor01,218208153,24.0,94.61,2025-08-19 10:08:55+00:00,34.019553,-80.964668,32.6,3.24,-0.1,0.0,13.0,3D,2025-08-19 06:08:55-04:00,POINT (-80.964668 34.019553)
2025-08-19 00:23:03 UTC,sensor01,218208153,23.99,94.29,2025-08-19 10:09:00+00:00,34.019567,-80.9645,32.1,3.09,-0.1,76.09,13.0,3D,2025-08-19 06:09:00-04:00,POINT (-80.9645 34.019567)
2025-08-19 00:23:08 UTC,sensor01,218208153,23.99,94.06,2025-08-19 10:09:05+00:00,34.019615,-80.964345,31.5,3.27,-0.2,65.49,13.0,3D,2025-08-19 06:09:05-04:00,POINT (-80.964345 34.019615)
2025-08-19 00:23:13 UTC,sensor01,218208153,23.97,94.08,2025-08-19 10:09:10+00:00,34.01971,-80.964178,30.9,4.05,-0.1,52.05,13.0,3D,2025-08-19 06:09:10-04:00,POINT (-80.964178 34.01971)
2025-08-19 00:23:18 UTC,sensor01,218208153,23.96,94.11,2025-08-19 10:09:15+00:00,34.019812,-80.96398,30.2,4.48,-0.1,66.31,13.0,3D,2025-08-19 06:09:15-04:00,POINT (-80.96398 34.019812)
2025-08-19 00:23:23 UTC,sensor01,218208153,23.93,94.01,2025-08-19 10:09:20+00:00,34.019853,-80.963762,29.3,3.81,-0.2,83.46,13.0,3D,2025-08-19 06:09:20-04:00,POINT (-80.963762 34.019853)
2025-08-19 00:23:29 UTC,sensor01,218208153,23.96,93.84,2025-08-19 10:09:25+00:00,34.01983,-80.96356,28.5,3.47,-0.2,92.58,13.0,3D,2025-08-19 06:09:25-04:00,POINT (-80.96356 34.01983)
2025-08-19 00:23:34 UTC,sensor01,218208153,23.97,93.93,2025-08-19 10:09:30+00:00,34.019812,-80.963373,27.5,3.75,-0.2,91.58,13.0,3D,2025-08-19 06:09:30-04:00,POINT (-80.963373 34.019812)
2025-08-19 00:23:39 UTC,sensor01,218208153,23.97,93.97,2025-08-19 10:09:35+00:00,34.019825,-80.963132,26.5,4.67,-0.2,85.33,13.0,3D,2025-08-19 06:09:35-04:00,POINT (-80.963132 34.019825)
2025-08-19 00:23:44 UTC,sensor01,218208153,24.0,94.21,2025-08-19 10:09:40+00:00,34.01987,-80.962868,26.0,5.18,-0.2,69.9,13.0,3D,2025-08-19 06:09:40-04:00,POINT (-80.962868 34.01987)
2025-08-19 00:23:49 UTC,sensor01,218208153,24.0,94.09,2025-08-19 10:09:45+00:00,34.019965,-80.962653,25.9,3.8,0.0,63.41,13.0,3D,2025-08-19 06:09:45-04:00,POINT (-80.962653 34.019965)
2025-08-19 00:23:54 UTC,sensor01,218208153,23.99,93.89,2025-08-19 10:09:50+00:00,34.02007,-80.962453,24.7,4.33,-0.3,56.93,13.0,3D,2025-08-19 06:09:50-04:00,POINT (-80.962453 34.02007)
2025-08-19 00:23:59 UTC,sensor01,218208153,23.99,93.63,2025-08-19 10:09:55+00:00,34.020182,-80.962245,24.0,4.45,-0.1,55.84,13.0,3D,2025-08-19 06:09:55-04:00,POINT (-80.962245 34.020182)
2025-08-19 00:24:04 UTC,sensor01,218208153,24.0,93.7,2025-08-19 10:10:00+00:00,34.020303,-80.962023,23.4,4.82,-0.2,50.94,13.0,3D,2025-08-19 06:10:00-04:00,POINT (-80.962023 34.020303)
2025-08-19 00:24:09 UTC,sensor01,218208153,24.02,93.81,2025-08-19 10:10:05+00:00,34.020425,-80.961827,21.2,3.81,-0.3,51.53,13.0,3D,2025-08-19 06:10:05-04:00,POINT (-80.961827 34.020425)
2025-08-19 00:24:24 UTC,sensor01,218208153,24.04,93.63,2025-08-19 10:10:20+00:00,34.02046,-80.961495,12.5,3.02,-0.4,139.29,13.0,3D,2025-08-19 06:10:20-04:00,POINT (-80.961495 34.02046)
2025-08-19 00:24:29 UTC,sensor01,218208153,24.02,93.65,2025-08-19 10:10:26+00:00,34.020293,-80.9614,10.1,3.03,-0.4,0.0,13.0,3D,2025-08-19 06:10:26-04:00,POINT (-80.9614 34.020293)
2025-08-19 00:25:19 UTC,sensor01,218208153,24.06,93.31,2025-08-19 10:11:16+00:00,34.020053,-80.961287,9.5,3.16,0.1,180.01,13.0,3D,2025-08-19 06:11:16-04:00,POINT (-80.961287 34.020053)
2025-08-19 00:25:24 UTC,sensor01,218208153,24.05,93.27,2025-08-19 10:11:21+00:00,34.019852,-80.961478,10.2,7.74,0.2,233.37,13.0,3D,2025-08-19 06:11:21-04:00,POINT (-80.961478 34.019852)
2025-08-19 00:25:30 UTC,sensor01,218208153,24.09,93.2,2025-08-19 10:11:26+00:00,34.0196,-80.961887,10.7,9.82,0.1,232.28,13.0,3D,2025-08-19 06:11:26-04:00,POINT (-80.961887 34.0196)
2025-08-19 00:25:35 UTC,sensor01,218208153,24.09,92.98,2025-08-19 10:11:31+00:00,34.019322,-80.96242,11.5,10.79,0.2,238.86,13.0,3D,2025-08-19 06:11:31-04:00,POINT (-80.96242 34.019322)
2025-08-19 00:25:40 UTC,sensor01,218208153,24.11,93.12,2025-08-19 10:11:36+00:00,34.019053,-80.962985,14.4,11.47,0.4,246.03,13.0,3D,2025-08-19 06:11:36-04:00,POINT (-80.962985 34.019053)
2025-08-19 00:25:45 UTC,sensor01,218208153,24.11,93.18,2025-08-19 10:11:41+00:00,34.018915,-80.963538,16.8,10.69,0.7,248.33,13.0,3D,2025-08-19 06:11:41-04:00,POINT (-80.963538 34.018915)
2025-08-19 00:25:50 UTC,sensor01,218208153,24.13,93.17,2025-08-19 10:11:46+00:00,34.018765,-80.964015,18.9,8.82,0.4,254.24,13.0,3D,2025-08-19 06:11:46-04:00,POINT (-80.964015 34.018765)
2025-08-19 00:25:55 UTC,sensor01,218208153,24.13,93.32,2025-08-19 10:11:51+00:00,34.018683,-80.964382,20.9,5.5,0.4,256.67,14.0,3D,2025-08-19 06:11:51-04:00,POINT (-80.964382 34.018683)
2025-08-19 00:26:00 UTC,sensor01,218208153,24.14,93.15,2025-08-19 10:11:56+00:00,34.01855,-80.964523,23.3,3.44,0.4,187.6,14.0,3D,2025-08-19 06:11:56-04:00,POINT (-80.964523 34.01855)
2025-08-19 00:26:05 UTC,sensor01,218208153,24.16,93.23,2025-08-19 10:12:01+00:00,34.018345,-80.964477,25.5,4.92,0.3,165.48,14.0,3D,2025-08-19 06:12:01-04:00,POINT (-80.964477 34.018345)
2025-08-19 00:26:10 UTC,sensor01,218208153,24.16,93.01,2025-08-19 10:12:06+00:00,34.018113,-80.964393,27.3,5.51,0.4,162.11,14.0,3D,2025-08-19 06:12:06-04:00,POINT (-80.964393 34.018113)
2025-08-19 00:26:15 UTC,sensor01,218208153,24.15,92.86,2025-08-19 10:12:11+00:00,34.017903,-80.96431,28.1,4.49,0.1,162.2,14.0,3D,2025-08-19 06:12:11-04:00,POINT (-80.96431 34.017903)
2025-08-19 00:26:20 UTC,sensor01,218208153,24.15,92.95,2025-08-19 10:12:16+00:00,34.017715,-80.964237,29.2,3.92,0.0,164.89,14.0,3D,2025-08-19 06:12:16-04:00,POINT (-80.964237 34.017715)
2025-08-19 00:26:25 UTC,sensor01,218208153,24.1,92.89,2025-08-19 10:12:21+00:00,34.017513,-80.964143,32.5,4.73,0.4,160.86,14.0,3D,2025-08-19 06:12:21-04:00,POINT (-80.964143 34.017513)
2025-08-19 00:26:30 UTC,sensor01,218208153,24.09,92.93,2025-08-19 10:12:26+00:00,34.017328,-80.964068,33.5,4.34,0.3,159.09,14.0,3D,2025-08-19 06:12:26-04:00,POINT (-80.964068 34.017328)
2025-08-19 00:26:35 UTC,sensor01,218208153,24.07,92.99,2025-08-19 10:12:31+00:00,34.01715,-80.963982,35.4,3.68,0.0,159.18,14.0,3D,2025-08-19 06:12:31-04:00,POINT (-80.963982 34.01715)
2025-08-19 00:26:40 UTC,sensor01,218208153,24.06,93.11,2025-08-19 10:12:36+00:00,34.017027,-80.964007,36.8,3.32,-0.1,229.16,14.0,3D,2025-08-19 06:12:36-04:00,POINT (-80.964007 34.017027)
2025-08-19 00:26:45 UTC,sensor01,218208153,24.04,93.28,2025-08-19 10:12:42+00:00,34.016988,-80.964257,39.3,4.33,0.6,0.0,14.0,3D,2025-08-19 06:12:42-04:00,POINT (-80.964257 34.016988)
2025-08-19 00:26:50 UTC,sensor01,218208153,24.02,93.22,2025-08-19 10:12:47+00:00,34.016975,-80.964507,40.9,4.63,0.5,0.0,14.0,3D,2025-08-19 06:12:47-04:00,POINT (-80.964507 34.016975)
2025-08-19 00:26:55 UTC,sensor01,218208153,24.0,93.28,2025-08-19 10:12:52+00:00,34.016963,-80.964722,44.4,3.56,0.8,0.0,14.0,3D,2025-08-19 06:12:52-04:00,POINT (-80.964722 34.016963)
2025-08-19 00:27:00 UTC,sensor01,218208153,24.01,93.32,2025-08-19 10:12:57+00:00,34.01695,-80.964858,46.7,3.13,0.7,0.0,4.0,3D,2025-08-19 06:12:57-04:00,POINT (-80.964858 34.01695)
2025-08-19 00:27:05 UTC,sensor01,218208153,23.99,93.41,2025-08-19 10:13:02+00:00,34.016908,-80.965057,49.9,4.04,0.5,0.0,8.0,3D,2025-08-19 06:13:02-04:00,POINT (-80.965057 34.016908)
2025-08-19 00:27:10 UTC,sensor01,218208153,23.99,93.51,2025-08-19 10:13:07+00:00,34.016933,-80.965267,52.6,3.54,0.5,0.0,8.0,3D,2025-08-19 06:13:07-04:00,POINT (-80.965267 34.016933)
2025-08-19 00:27:20 UTC,sensor01,218208153,24.0,93.48,2025-08-19 10:13:17+00:00,34.01679,-80.965462,56.3,4.32,0.2,0.0,12.0,3D,2025-08-19 06:13:17-04:00,POINT (-80.965462 34.01679)
2025-08-19 00:27:25 UTC,sensor01,218208153,23.99,93.44,2025-08-19 10:13:22+00:00,34.016612,-80.96547,58.0,4.07,0.2,0.0,13.0,3D,2025-08-19 06:13:22-04:00,POINT (-80.96547 34.016612)
2025-08-19 00:27:30 UTC,sensor01,218208153,24.0,93.1,2025-08-19 10:13:27+00:00,34.016428,-80.965477,59.2,4.09,0.2,0.0,13.0,3D,2025-08-19 06:13:27-04:00,POINT (-80.965477 34.016428)
2025-08-19 00:27:35 UTC,sensor01,218208153,23.99,93.34,2025-08-19 10:13:32+00:00,34.016257,-80.965495,59.6,3.55,0.1,179.13,13.0,3D,2025-08-19 06:13:32-04:00,POINT (-80.965495 34.016257)
2025-08-19 00:27:41 UTC,sensor01,218208153,24.04,93.38,2025-08-19 10:13:37+00:00,34.016112,-80.965457,60.4,3.53,0.2,150.61,13.0,3D,2025-08-19 06:13:37-04:00,POINT (-80.965457 34.016112)
2025-08-19 00:27:46 UTC,sensor01,218208153,24.02,93.32,2025-08-19 10:13:42+00:00,34.016038,-80.965258,61.1,4.45,0.0,98.43,13.0,3D,2025-08-19 06:13:42-04:00,POINT (-80.965258 34.016038)
2025-08-19 00:27:51 UTC,sensor01,218208153,24.02,93.28,2025-08-19 10:13:47+00:00,34.016038,-80.964987,61.8,4.71,0.2,92.26,13.0,3D,2025-08-19 06:13:47-04:00,POINT (-80.964987 34.016038)
2025-08-19 00:27:56 UTC,sensor01,218208153,24.02,93.34,2025-08-19 10:13:52+00:00,34.016047,-80.964713,63.1,5.4,0.3,88.1,13.0,3D,2025-08-19 06:13:52-04:00,POINT (-80.964713 34.016047)
2025-08-19 00:28:01 UTC,sensor01,218208153,24.0,93.42,2025-08-19 10:13:57+00:00,34.016105,-80.964442,63.7,5.08,0.1,63.03,13.0,3D,2025-08-19 06:13:57-04:00,POINT (-80.964442 34.016105)
2025-08-19 00:28:06 UTC,sensor01,218208153,23.99,93.47,2025-08-19 10:14:02+00:00,34.01626,-80.964268,64.2,4.18,0.2,39.35,13.0,3D,2025-08-19 06:14:02-04:00,POINT (-80.964268 34.01626)
2025-08-19 00:28:11 UTC,sensor01,218208153,24.01,93.46,2025-08-19 10:14:07+00:00,34.016355,-80.964085,64.2,4.21,0.0,73.87,13.0,3D,2025-08-19 06:14:07-04:00,POINT (-80.964085 34.016355)
2025-08-19 00:28:16 UTC,sensor01,218208153,23.96,93.51,2025-08-19 10:14:12+00:00,34.01638,-80.963878,65.4,3.85,1.2,87.87,13.0,3D,2025-08-19 06:14:12-04:00,POINT (-80.963878 34.01638)
2025-08-19 00:28:21 UTC,sensor01,218208153,23.96,93.56,2025-08-19 10:14:17+00:00,34.016362,-80.963683,66.7,3.33,0.2,127.79,13.0,3D,2025-08-19 06:14:17-04:00,POINT (-80.963683 34.016362)
2025-08-19 00:28:26 UTC,sensor01,218208153,23.97,93.61,2025-08-19 10:14:22+00:00,34.01622,-80.963678,66.9,3.3,0.1,220.3,14.0,3D,2025-08-19 06:14:22-04:00,POINT (-80.963678 34.01622)
2025-08-19 00:28:31 UTC,sensor01,218208153,23.99,93.66,2025-08-19 10:14:27+00:00,34.016173,-80.963858,67.5,3.96,0.1,268.25,14.0,3D,2025-08-19 06:14:27-04:00,POINT (-80.963858 34.016173)
2025-08-19 00:28:36 UTC,sensor01,218208153,23.96,93.61,2025-08-19 10:14:32+00:00,34.016162,-80.964095,67.6,4.32,0.0,263.58,14.0,3D,2025-08-19 06:14:32-04:00,POINT (-80.964095 34.016162)
2025-08-19 00:28:41 UTC,sensor01,218208153,23.96,93.64,2025-08-19 10:14:37+00:00,34.01613,-80.964312,67.6,3.75,-0.2,255.46,14.0,3D,2025-08-19 06:14:37-04:00,POINT (-80.964312 34.01613)
2025-08-19 00:28:46 UTC,sensor01,218208153,23.97,93.65,2025-08-19 10:14:42+00:00,34.016078,-80.964533,67.6,4.29,0.2,257.47,14.0,3D,2025-08-19 06:14:42-04:00,POINT (-80.964533 34.016078)
2025-08-19 00:28:51 UTC,sensor01,218208153,23.95,93.7,2025-08-19 10:14:48+00:00,34.016057,-80.964822,68.8,4.01,0.1,0.0,14.0,3D,2025-08-19 06:14:48-04:00,POINT (-80.964822 34.016057)
2025-08-19 00:28:56 UTC,sensor01,218208153,23.95,93.67,2025-08-19 10:14:53+00:00,34.016058,-80.965008,70.5,3.24,0.4,0.0,14.0,3D,2025-08-19 06:14:53-04:00,POINT (-80.965008 34.016058)
2025-08-19 00:29:01 UTC,sensor01,218208153,23.97,93.68,2025-08-19 10:14:58+00:00,34.016055,-80.965167,71.4,3.08,0.5,0.0,14.0,3D,2025-08-19 06:14:58-04:00,POINT (-80.965167 34.016055)
2025-08-19 00:29:06 UTC,sensor01,218208153,23.99,93.73,2025-08-19 10:15:03+00:00,34.016047,-80.965332,72.6,2.98,0.2,0.0,14.0,3D,2025-08-19 06:15:03-04:00,POINT (-80.965332 34.016047)
2025-08-19 00:29:11 UTC,sensor01,218208153,23.97,93.72,2025-08-19 10:15:08+00:00,34.015975,-80.965475,73.1,3.2,0.3,0.0,14.0,3D,2025-08-19 06:15:08-04:00,POINT (-80.965475 34.015975)
2025-08-19 00:29:16 UTC,sensor01,218208153,23.99,93.6,2025-08-19 10:15:13+00:00,34.015923,-80.9656,73.3,3.92,1.7,267.89,14.0,3D,2025-08-19 06:15:13-04:00,POINT (-80.9656 34.015923)
2025-08-19 00:29:21 UTC,sensor01,218208153,24.0,93.6,2025-08-19 10:15:18+00:00,34.01592,-80.965887,74.3,5.14,0.3,271.75,13.0,3D,2025-08-19 06:15:18-04:00,POINT (-80.965887 34.01592)
2025-08-19 00:29:26 UTC,sensor01,218208153,24.04,93.56,2025-08-19 10:15:23+00:00,34.015915,-80.96609,75.8,2.3,0.2,270.62,12.0,3D,2025-08-19 06:15:23-04:00,POINT (-80.96609 34.015915)
2025-08-19 00:29:57 UTC,sensor01,218208153,24.0,93.4,2025-08-19 10:15:53+00:00,34.01587,-80.966297,75.6,3.99,0.0,221.93,12.0,3D,2025-08-19 06:15:53-04:00,POINT (-80.966297 34.01587)
2025-08-19 00:30:02 UTC,sensor01,218208153,24.03,93.44,2025-08-19 10:15:58+00:00,34.01563,-80.966383,75.3,7.36,0.0,184.67,12.0,3D,2025-08-19 06:15:58-04:00,POINT (-80.966383 34.01563)
2025-08-19 00:30:07 UTC,sensor01,218208153,24.02,93.43,2025-08-19 10:16:03+00:00,34.015273,-80.96641,74.4,7.7,-0.6,181.47,12.0,3D,2025-08-19 06:16:03-04:00,POINT (-80.96641 34.015273)
2025-08-19 00:30:12 UTC,sensor01,218208153,24.0,93.37,2025-08-19 10:16:08+00:00,34.014897,-80.966423,73.7,8.4,-0.2,180.55,12.0,3D,2025-08-19 06:16:08-04:00,POINT (-80.966423 34.014897)
2025-08-19 00:30:17 UTC,sensor01,218208153,23.98,93.48,2025-08-19 10:16:13+00:00,34.014503,-80.966437,72.0,8.15,-0.2,181.22,12.0,3D,2025-08-19 06:16:13-04:00,POINT (-80.966437 34.014503)
2025-08-19 00:30:22 UTC,sensor01,218208153,23.97,93.55,2025-08-19 10:16:18+00:00,34.014138,-80.966433,70.8,8.08,-0.2,180.08,12.0,3D,2025-08-19 06:16:18-04:00,POINT (-80.966433 34.014138)
2025-08-19 00:30:27 UTC,sensor01,218208153,23.95,93.59,2025-08-19 10:16:23+00:00,34.013742,-80.966437,70.4,9.17,-0.2,180.72,12.0,3D,2025-08-19 06:16:23-04:00,POINT (-80.966437 34.013742)
2025-08-19 00:30:32 UTC,sensor01,218208153,23.92,93.65,2025-08-19 10:16:28+00:00,34.013308,-80.966455,68.7,9.99,-0.3,182.93,12.0,3D,2025-08-19 06:16:28-04:00,POINT (-80.966455 34.013308)
2025-08-19 00:30:37 UTC,sensor01,218208153,23.92,93.82,2025-08-19 10:16:33+00:00,34.012863,-80.96644,65.1,8.79,-0.6,178.16,12.0,3D,2025-08-19 06:16:33-04:00,POINT (-80.96644 34.012863)
2025-08-19 00:30:42 UTC,sensor01,218208153,23.93,93.92,2025-08-19 10:16:38+00:00,34.012578,-80.966432,63.4,4.4,-0.4,180.14,12.0,3D,2025-08-19 06:16:38-04:00,POINT (-80.966432 34.012578)
2025-08-19 00:30:47 UTC,sensor01,218208153,23.94,94.01,2025-08-19 10:16:44+00:00,34.012452,-80.966187,61.8,6.18,-0.3,0.0,12.0,3D,2025-08-19 06:16:44-04:00,POINT (-80.966187 34.012452)
2025-08-19 00:30:52 UTC,sensor01,218208153,23.92,94.18,2025-08-19 10:16:49+00:00,34.012447,-80.965818,60.4,7.24,-0.3,0.0,12.0,3D,2025-08-19 06:16:49-04:00,POINT (-80.965818 34.012447)
2025-08-19 00:30:57 UTC,sensor01,218208153,23.9,94.33,2025-08-19 10:16:54+00:00,34.012452,-80.965445,59.3,6.47,-0.2,0.0,12.0,3D,2025-08-19 06:16:54-04:00,POINT (-80.965445 34.012452)
2025-08-19 00:31:02 UTC,sensor01,218208153,23.88,94.34,2025-08-19 10:16:59+00:00,34.012463,-80.965212,58.2,2.58,-0.3,94.68,12.0,3D,2025-08-19 06:16:59-04:00,POINT (-80.965212 34.012463)
2025-08-19 00:31:07 UTC,sensor01,218208153,23.9,94.37,2025-08-19 10:17:04+00:00,34.012335,-80.965148,56.9,4.55,-0.3,179.1,12.0,3D,2025-08-19 06:17:04-04:00,POINT (-80.965148 34.012335)
2025-08-19 00:31:12 UTC,sensor01,218208153,23.88,94.44,2025-08-19 10:17:09+00:00,34.012063,-80.96519,55.9,6.14,-0.2,184.9,12.0,3D,2025-08-19 06:17:09-04:00,POINT (-80.96519 34.012063)
2025-08-19 00:31:17 UTC,sensor01,218208153,23.85,94.39,2025-08-19 10:17:14+00:00,34.011805,-80.965172,55.1,5.55,-0.2,174.05,12.0,3D,2025-08-19 06:17:14-04:00,POINT (-80.965172 34.011805)
2025-08-19 00:31:22 UTC,sensor01,218208153,23.85,94.65,2025-08-19 10:17:19+00:00,34.011538,-80.965172,54.4,5.78,-0.1,181.49,12.0,3D,2025-08-19 06:17:19-04:00,POINT (-80.965172 34.011538)
2025-08-19 00:31:27 UTC,sensor01,218208153,23.83,94.71,2025-08-19 10:17:24+00:00,34.011263,-80.965173,53.4,5.91,-0.3,178.83,12.0,3D,2025-08-19 06:17:24-04:00,POINT (-80.965173 34.011263)
2025-08-19 00:31:33 UTC,sensor01,218208153,23.84,95.04,2025-08-19 10:17:29+00:00,34.010947,-80.96516,50.9,6.45,-0.4,174.6,12.0,3D,2025-08-19 06:17:29-04:00,POINT (-80.96516 34.010947)
2025-08-19 00:31:38 UTC,sensor01,218208153,23.83,94.96,2025-08-19 10:17:34+00:00,34.010697,-80.965157,49.3,4.87,-0.3,180.57,12.0,3D,2025-08-19 06:17:34-04:00,POINT (-80.965157 34.010697)
2025-08-19 00:31:43 UTC,sensor01,218208153,23.82,94.66,2025-08-19 10:17:39+00:00,34.010518,-80.965152,48.1,4.09,-0.2,178.78,12.0,3D,2025-08-19 06:17:39-04:00,POINT (-80.965152 34.010518)
2025-08-19 00:31:48 UTC,sensor01,218208153,23.84,94.86,2025-08-19 10:17:44+00:00,34.010288,-80.965195,47.5,6.04,-0.1,195.13,12.0,3D,2025-08-19 06:17:44-04:00,POINT (-80.965195 34.010288)
2025-08-19 00:31:53 UTC,sensor01,218208153,23.83,95.07,2025-08-19 10:17:49+00:00,34.009997,-80.965295,46.6,6.69,-0.3,197.94,12.0,3D,2025-08-19 06:17:49-04:00,POINT (-80.965295 34.009997)
2025-08-19 00:31:58 UTC,sensor01,218208153,23.85,94.96,2025-08-19 10:17:54+00:00,34.00972,-80.965418,45.7,5.87,-0.2,204.53,12.0,3D,2025-08-19 06:17:54-04:00,POINT (-80.965418 34.00972)
2025-08-19 00:32:03 UTC,sensor01,218208153,23.83,94.87,2025-08-19 10:17:59+00:00,34.009522,-80.965525,44.6,3.59,-0.2,207.62,12.0,3D,2025-08-19 06:17:59-04:00,POINT (-80.965525 34.009522)
2025-08-19 00:32:18 UTC,sensor01,218208153,23.81,95.07,2025-08-19 10:18:14+00:00,34.009317,-80.965478,44.5,4.31,0.0,118.61,12.0,3D,2025-08-19 06:18:14-04:00,POINT (-80.965478 34.009317)
2025-08-19 00:32:23 UTC,sensor01,218208153,23.79,95.07,2025-08-19 10:18:19+00:00,34.009193,-80.965203,45.2,6.59,0.1,116.61,12.0,3D,2025-08-19 06:18:19-04:00,POINT (-80.965203 34.009193)
2025-08-19 00:32:28 UTC,sensor01,218208153,23.79,95.45,2025-08-19 10:18:24+00:00,34.00902,-80.964873,43.3,7.24,-0.4,119.81,12.0,3D,2025-08-19 06:18:24-04:00,POINT (-80.964873 34.00902)
2025-08-19 00:32:33 UTC,sensor01,218208153,23.79,95.46,2025-08-19 10:18:30+00:00,34.008843,-80.964528,42.4,5.75,0.0,0.0,12.0,3D,2025-08-19 06:18:30-04:00,POINT (-80.964528 34.008843)
2025-08-19 00:32:38 UTC,sensor01,218208153,23.79,95.31,2025-08-19 10:18:35+00:00,34.008675,-80.964235,42.9,6.56,0.2,0.0,12.0,3D,2025-08-19 06:18:35-04:00,POINT (-80.964235 34.008675)
2025-08-19 00:32:43 UTC,sensor01,218208153,23.76,95.32,2025-08-19 10:18:40+00:00,34.00852,-80.96394,43.1,6.58,-0.1,120.92,12.0,3D,2025-08-19 06:18:40-04:00,POINT (-80.96394 34.00852)
2025-08-19 00:32:48 UTC,sensor01,218208153,23.76,95.29,2025-08-19 10:18:45+00:00,34.008397,-80.96364,42.5,5.83,-0.2,113.29,12.0,3D,2025-08-19 06:18:45-04:00,POINT (-80.96364 34.008397)
2025-08-19 00:32:53 UTC,sensor01,218208153,23.76,95.54,2025-08-19 10:18:50+00:00,34.008283,-80.963352,41.3,6.01,-0.2,116.74,12.0,3D,2025-08-19 06:18:50-04:00,POINT (-80.963352 34.008283)
2025-08-19 00:32:58 UTC,sensor01,218208153,23.78,95.6,2025-08-19 10:18:55+00:00,34.008138,-80.963047,40.3,6.33,0.0,118.6,12.0,3D,2025-08-19 06:18:55-04:00,POINT (-80.963047 34.008138)
2025-08-19 00:33:03 UTC,sensor01,218208153,23.77,95.53,2025-08-19 10:19:00+00:00,34.00798,-80.962732,44.6,3.96,2.6,124.22,12.0,3D,2025-08-19 06:19:00-04:00,POINT (-80.962732 34.00798)
2025-08-19 00:33:24 UTC,sensor01,218208153,23.79,95.46,2025-08-19 10:19:20+00:00,34.00792,-80.962807,44.5,2.97,0.2,271.49,13.0,3D,2025-08-19 06:19:20-04:00,POINT (-80.962807 34.00792)
2025-08-19 00:33:29 UTC,sensor01,218208153,23.79,95.55,2025-08-19 10:19:25+00:00,34.007918,-80.963027,45.6,4.46,0.1,266.1,13.0,3D,2025-08-19 06:19:25-04:00,POINT (-80.963027 34.007918)
2025-08-19 00:33:34 UTC,sensor01,218208153,23.81,95.62,2025-08-19 10:19:30+00:00,34.007903,-80.96329,46.9,5.13,0.3,263.25,13.0,3D,2025-08-19 06:19:30-04:00,POINT (-80.96329 34.007903)
2025-08-19 00:33:39 UTC,sensor01,218208153,23.77,95.46,2025-08-19 10:19:35+00:00,34.007877,-80.963552,48.3,4.74,0.3,258.67,13.0,3D,2025-08-19 06:19:35-04:00,POINT (-80.963552 34.007877)
2025-08-19 00:33:44 UTC,sensor01,218208153,23.76,95.37,2025-08-19 10:19:40+00:00,34.007822,-80.963812,49.6,5.22,0.2,256.86,13.0,3D,2025-08-19 06:19:40-04:00,POINT (-80.963812 34.007822)
2025-08-19 00:33:49 UTC,sensor01,218208153,23.79,95.88,2025-08-19 10:19:45+00:00,34.00774,-80.964105,50.8,6.04,0.3,248.35,13.0,3D,2025-08-19 06:19:45-04:00,POINT (-80.964105 34.00774)
2025-08-19 00:33:54 UTC,sensor01,218208153,23.78,95.99,2025-08-19 10:19:50+00:00,34.007598,-80.964428,52.0,6.66,0.3,239.78,13.0,3D,2025-08-19 06:19:50-04:00,POINT (-80.964428 34.007598)
2025-08-19 00:33:59 UTC,sensor01,218208153,23.76,95.7,2025-08-19 10:19:55+00:00,34.007422,-80.964747,52.8,6.19,0.2,228.64,13.0,3D,2025-08-19 06:19:55-04:00,POINT (-80.964747 34.007422)
2025-08-19 00:34:04 UTC,sensor01,218208153,23.76,95.65,2025-08-19 10:20:00+00:00,34.007248,-80.964963,53.7,5.27,0.0,226.18,13.0,3D,2025-08-19 06:20:00-04:00,POINT (-80.964963 34.007248)
2025-08-19 00:34:09 UTC,sensor01,218208153,23.73,95.67,2025-08-19 10:20:05+00:00,34.007063,-80.965125,54.9,5.69,0.3,211.16,13.0,3D,2025-08-19 06:20:05-04:00,POINT (-80.965125 34.007063)
2025-08-19 00:34:14 UTC,sensor01,218208153,23.77,96.11,2025-08-19 10:20:11+00:00,34.006757,-80.96535,56.8,7.06,0.3,0.0,13.0,3D,2025-08-19 06:20:11-04:00,POINT (-80.96535 34.006757)
2025-08-19 00:34:19 UTC,sensor01,218208153,23.72,96.16,2025-08-19 10:20:16+00:00,34.006505,-80.965555,58.2,6.69,0.2,0.0,13.0,3D,2025-08-19 06:20:16-04:00,POINT (-80.965555 34.006505)
2025-08-19 00:34:24 UTC,sensor01,218208153,23.74,96.2,2025-08-19 10:20:21+00:00,34.006292,-80.965777,59.9,6.04,0.2,0.0,13.0,3D,2025-08-19 06:20:21-04:00,POINT (-80.965777 34.006292)
2025-08-19 00:34:29 UTC,sensor01,218208153,23.68,96.2,2025-08-19 10:20:26+00:00,34.006158,-80.965997,61.2,4.54,0.3,238.58,13.0,3D,2025-08-19 06:20:26-04:00,POINT (-80.965997 34.006158)
2025-08-19 00:34:34 UTC,sensor01,218208153,23.7,96.2,2025-08-19 10:20:31+00:00,34.006055,-80.966247,62.7,5.91,0.3,245.24,13.0,3D,2025-08-19 06:20:31-04:00,POINT (-80.966247 34.006055)
2025-08-19 00:34:39 UTC,sensor01,218208153,23.7,95.96,2025-08-19 10:20:36+00:00,34.005958,-80.966535,63.7,5.55,0.0,248.8,13.0,3D,2025-08-19 06:20:36-04:00,POINT (-80.966535 34.005958)
2025-08-19 00:34:44 UTC,sensor01,218208153,23.68,95.83,2025-08-19 10:20:41+00:00,34.005885,-80.96679,64.8,5.27,0.2,249.68,13.0,3D,2025-08-19 06:20:41-04:00,POINT (-80.96679 34.005885)
2025-08-19 00:34:49 UTC,sensor01,218208153,23.68,95.91,2025-08-19 10:20:46+00:00,34.005798,-80.967053,67.1,5.33,0.4,242.93,13.0,3D,2025-08-19 06:20:46-04:00,POINT (-80.967053 34.005798)
2025-08-19 00:34:54 UTC,sensor01,218208153,23.69,96.06,2025-08-19 10:20:51+00:00,34.005697,-80.967303,68.9,4.44,0.3,233.94,13.0,3D,2025-08-19 06:20:51-04:00,POINT (-80.967303 34.005697)
2025-08-19 00:35:00 UTC,sensor01,218208153,23.7,95.97,2025-08-19 10:20:56+00:00,34.00557,-80.967515,71.0,4.6,0.4,230.35,13.0,3D,2025-08-19 06:20:56-04:00,POINT (-80.967515 34.00557)
2025-08-19 00:35:05 UTC,sensor01,218208153,23.73,95.94,2025-08-19 10:21:01+00:00,34.005442,-80.9677,72.8,4.59,0.6,230.18,13.0,3D,2025-08-19 06:21:01-04:00,POINT (-80.9677 34.005442)
2025-08-19 00:35:10 UTC,sensor01,218208153,23.68,96.03,2025-08-19 10:21:06+00:00,34.005335,-80.967865,75.3,3.82,0.4,227.11,13.0,3D,2025-08-19 06:21:06-04:00,POINT (-80.967865 34.005335)
2025-08-19 00:35:15 UTC,sensor01,218208153,23.71,96.04,2025-08-19 10:21:11+00:00,34.005245,-80.967972,76.7,2.33,-0.3,218.33,13.0,3D,2025-08-19 06:21:11-04:00,POINT (-80.967972 34.005245)
2025-08-19 00:35:20 UTC,sensor01,218208153,23.7,96.19,2025-08-19 10:21:16+00:00,34.005082,-80.968168,79.4,5.49,0.5,223.82,13.0,3D,2025-08-19 06:21:16-04:00,POINT (-80.968168 34.005082)
2025-08-19 00:35:25 UTC,sensor01,218208153,23.67,96.07,2025-08-19 10:21:21+00:00,34.004893,-80.968388,82.7,5.85,0.8,224.35,13.0,3D,2025-08-19 06:21:21-04:00,POINT (-80.968388 34.004893)
2025-08-19 00:35:30 UTC,sensor01,218208153,23.68,96.1,2025-08-19 10:21:26+00:00,34.004715,-80.968612,86.4,5.47,0.8,225.87,13.0,3D,2025-08-19 06:21:26-04:00,POINT (-80.968612 34.004715)
2025-08-19 00:35:35 UTC,sensor01,218208153,23.64,96.01,2025-08-19 10:21:31+00:00,34.00455,-80.968818,89.7,5.56,0.6,224.3,13.0,3D,2025-08-19 06:21:31-04:00,POINT (-80.968818 34.00455)
2025-08-19 00:35:40 UTC,sensor01,218208153,23.63,96.04,2025-08-19 10:21:36+00:00,34.00436,-80.969042,91.3,5.58,-0.2,227.24,13.0,3D,2025-08-19 06:21:36-04:00,POINT (-80.969042 34.00436)
2025-08-19 00:35:45 UTC,sensor01,218208153,23.62,96.03,2025-08-19 10:21:41+00:00,34.004188,-80.969248,90.2,4.98,-0.1,224.61,13.0,3D,2025-08-19 06:21:41-04:00,POINT (-80.969248 34.004188)
2025-08-19 00:35:50 UTC,sensor01,218208153,23.63,96.06,2025-08-19 10:21:46+00:00,34.004037,-80.969398,88.6,4.12,0.0,215.78,13.0,3D,2025-08-19 06:21:46-04:00,POINT (-80.969398 34.004037)
2025-08-19 00:35:55 UTC,sensor01,218208153,23.63,96.2,2025-08-19 10:21:51+00:00,34.003912,-80.969513,88.3,4.16,0.1,218.63,13.0,3D,2025-08-19 06:21:51-04:00,POINT (-80.969513 34.003912)
2025-08-19 00:36:00 UTC,sensor01,218208153,23.64,96.23,2025-08-19 10:21:57+00:00,34.003655,-80.969708,88.2,6.58,-0.2,0.0,13.0,3D,2025-08-19 06:21:57-04:00,POINT (-80.969708 34.003655)
2025-08-19 00:36:05 UTC,sensor01,218208153,23.68,96.06,2025-08-19 10:22:02+00:00,34.003313,-80.969885,85.0,9.34,-1.0,0.0,13.0,3D,2025-08-19 06:22:02-04:00,POINT (-80.969885 34.003313)
2025-08-19 00:36:10 UTC,sensor01,218208153,23.7,95.93,2025-08-19 10:22:07+00:00,34.002943,-80.97001,79.3,8.17,-0.3,0.0,13.0,3D,2025-08-19 06:22:07-04:00,POINT (-80.97001 34.002943)
2025-08-19 00:36:15 UTC,sensor01,218208153,23.67,95.84,2025-08-19 10:22:12+00:00,34.002623,-80.96999,76.7,5.97,-0.6,0.0,4.0,3D,2025-08-19 06:22:12-04:00,POINT (-80.96999 34.002623)
2025-08-19 00:36:20 UTC,sensor01,218208153,23.68,95.86,2025-08-19 10:22:17+00:00,34.0024,-80.969925,76.4,4.92,0.2,0.0,8.0,3D,2025-08-19 06:22:17-04:00,POINT (-80.969925 34.0024)
2025-08-19 00:36:25 UTC,sensor01,218208153,23.67,95.97,2025-08-19 10:22:22+00:00,34.00221,-80.969858,76.7,4.35,0.0,0.0,8.0,3D,2025-08-19 06:22:22-04:00,POINT (-80.969858 34.00221)
2025-08-19 00:36:30 UTC,sensor01,218208153,23.68,96.03,2025-08-19 10:22:27+00:00,34.001992,-80.969732,76.3,5.47,-0.1,0.0,13.0,3D,2025-08-19 06:22:27-04:00,POINT (-80.969732 34.001992)
2025-08-19 00:36:35 UTC,sensor01,218208153,23.67,96.09,2025-08-19 10:22:32+00:00,34.001762,-80.969628,75.4,5.62,-0.2,0.0,13.0,3D,2025-08-19 06:22:32-04:00,POINT (-80.969628 34.001762)
2025-08-19 00:36:40 UTC,sensor01,218208153,23.66,95.89,2025-08-19 10:22:37+00:00,34.001483,-80.969618,74.4,6.7,-0.3,185.45,13.0,3D,2025-08-19 06:22:37-04:00,POINT (-80.969618 34.001483)
2025-08-19 00:36:46 UTC,sensor01,218208153,23.65,95.98,2025-08-19 10:22:42+00:00,34.001195,-80.96977,74.1,6.72,0.1,215.32,13.0,3D,2025-08-19 06:22:42-04:00,POINT (-80.96977 34.001195)
2025-08-19 00:36:51 UTC,sensor01,218208153,23.68,95.94,2025-08-19 10:22:47+00:00,34.000983,-80.970037,73.2,6.92,-0.1,238.42,13.0,3D,2025-08-19 06:22:47-04:00,POINT (-80.970037 34.000983)
2025-08-19 00:36:56 UTC,sensor01,218208153,23.67,95.89,2025-08-19 10:22:52+00:00,34.00085,-80.970343,71.0,6.54,-0.8,244.6,13.0,3D,2025-08-19 06:22:52-04:00,POINT (-80.970343 34.00085)
2025-08-19 00:37:01 UTC,sensor01,218208153,23.68,96.08,2025-08-19 10:22:57+00:00,34.000722,-80.970605,70.7,5.42,-0.2,234.34,13.0,3D,2025-08-19 06:22:57-04:00,POINT (-80.970605 34.000722)
2025-08-19 00:37:06 UTC,sensor01,218208153,23.71,96.17,2025-08-19 10:23:02+00:00,34.000572,-80.970808,71.1,5.24,0.3,222.31,13.0,3D,2025-08-19 06:23:02-04:00,POINT (-80.970808 34.000572)
2025-08-19 00:37:11 UTC,sensor01,218208153,23.68,96.01,2025-08-19 10:23:07+00:00,34.00039,-80.971015,72.6,5.37,0.3,219.79,13.0,3D,2025-08-19 06:23:07-04:00,POINT (-80.971015 34.00039)
2025-08-19 00:37:16 UTC,sensor01,218208153,23.69,95.94,2025-08-19 10:23:12+00:00,34.000202,-80.971258,74.2,5.91,0.2,234.61,13.0,3D,2025-08-19 06:23:12-04:00,POINT (-80.971258 34.000202)
2025-08-19 00:37:21 UTC,sensor01,218208153,23.68,95.84,2025-08-19 10:23:17+00:00,34.000082,-80.971542,75.6,5.45,0.4,256.35,13.0,3D,2025-08-19 06:23:17-04:00,POINT (-80.971542 34.000082)
2025-08-19 00:37:26 UTC,sensor01,218208153,23.64,95.78,2025-08-19 10:23:22+00:00,34.00007,-80.971813,77.3,4.83,0.3,275.31,13.0,3D,2025-08-19 06:23:22-04:00,POINT (-80.971813 34.00007)
2025-08-19 00:37:31 UTC,sensor01,218208153,23.67,95.78,2025-08-19 10:23:27+00:00,34.000128,-80.972043,78.2,4.92,0.4,293.21,13.0,3D,2025-08-19 06:23:27-04:00,POINT (-80.972043 34.000128)
2025-08-19 00:37:36 UTC,sensor01,218208153,23.65,95.77,2025-08-19 10:23:33+00:00,34.000255,-80.972317,79.5,4.87,0.2,0.0,13.0,3D,2025-08-19 06:23:33-04:00,POINT (-80.972317 34.000255)
2025-08-19 00:37:41 UTC,sensor01,218208153,23.64,95.75,2025-08-19 10:23:38+00:00,34.00037,-80.97249,80.6,4.27,0.3,0.0,13.0,3D,2025-08-19 06:23:38-04:00,POINT (-80.97249 34.00037)
2025-08-19 00:37:46 UTC,sensor01,218208153,23.64,95.87,2025-08-19 10:23:43+00:00,34.000475,-80.972668,81.8,4.28,0.3,0.0,13.0,3D,2025-08-19 06:23:43-04:00,POINT (-80.972668 34.000475)
2025-08-19 00:37:51 UTC,sensor01,218208153,23.63,95.95,2025-08-19 10:23:48+00:00,34.0006,-80.972878,83.3,4.57,0.3,307.27,13.0,3D,2025-08-19 06:23:48-04:00,POINT (-80.972878 34.0006)
2025-08-19 00:37:56 UTC,sensor01,218208153,23.66,96.03,2025-08-19 10:23:53+00:00,34.000733,-80.973072,84.1,4.13,0.1,308.77,13.0,3D,2025-08-19 06:23:53-04:00,POINT (-80.973072 34.000733)
2025-08-19 00:39:22 UTC,sensor01,218208153,23.68,96.0,2025-08-19 10:25:19+00:00,34.000872,-80.9735,85.2,3.08,0.1,0.0,13.0,3D,2025-08-19 06:25:19-04:00,POINT (-80.9735 34.000872)
2025-08-19 00:39:27 UTC,sensor01,218208153,23.66,96.12,2025-08-19 10:25:24+00:00,34.000785,-80.973592,85.6,2.38,0.1,211.36,13.0,3D,2025-08-19 06:25:24-04:00,POINT (-80.973592 34.000785)
2025-08-19 00:39:32 UTC,sensor01,218208153,23.68,96.16,2025-08-19 10:25:29+00:00,34.000678,-80.973695,85.8,3.66,0.0,216.66,13.0,3D,2025-08-19 06:25:29-04:00,POINT (-80.973695 34.000678)
2025-08-19 00:39:37 UTC,sensor01,218208153,23.68,96.14,2025-08-19 10:25:34+00:00,34.000507,-80.973862,85.9,5.71,-0.1,219.69,13.0,3D,2025-08-19 06:25:34-04:00,POINT (-80.973862 34.000507)
2025-08-19 00:39:42 UTC,sensor01,218208153,23.7,95.95,2025-08-19 10:25:39+00:00,34.000292,-80.974057,85.9,6.06,0.1,219.15,13.0,3D,2025-08-19 06:25:39-04:00,POINT (-80.974057 34.000292)
2025-08-19 00:40:03 UTC,sensor01,218208153,23.73,95.99,2025-08-19 10:25:59+00:00,34.000232,-80.974377,85.8,5.53,-0.1,298.76,13.0,3D,2025-08-19 06:25:59-04:00,POINT (-80.974377 34.000232)
2025-08-19 00:40:08 UTC,sensor01,218208153,23.77,96.47,2025-08-19 10:26:04+00:00,34.0004,-80.974667,85.8,7.12,0.0,311.61,13.0,3D,2025-08-19 06:26:04-04:00,POINT (-80.974667 34.0004)
2025-08-19 00:40:13 UTC,sensor01,218208153,23.79,96.02,2025-08-19 10:26:09+00:00,34.000598,-80.974972,86.1,6.52,0.0,308.41,13.0,3D,2025-08-19 06:26:09-04:00,POINT (-80.974972 34.000598)
2025-08-19 00:40:18 UTC,sensor01,218208153,23.75,95.54,2025-08-19 10:26:14+00:00,34.000745,-80.975215,86.2,5.0,0.0,299.79,13.0,3D,2025-08-19 06:26:14-04:00,POINT (-80.975215 34.000745)
2025-08-19 00:40:23 UTC,sensor01,218208153,23.76,95.56,2025-08-19 10:26:19+00:00,34.000895,-80.975523,85.8,7.6,-0.1,299.01,13.0,3D,2025-08-19 06:26:19-04:00,POINT (-80.975523 34.000895)
2025-08-19 00:40:28 UTC,sensor01,218208153,23.74,95.74,2025-08-19 10:26:24+00:00,34.001115,-80.975915,85.0,8.6,-0.2,300.61,13.0,3D,2025-08-19 06:26:24-04:00,POINT (-80.975915 34.001115)
2025-08-19 00:40:33 UTC,sensor01,218208153,23.73,95.77,2025-08-19 10:26:29+00:00,34.001328,-80.976323,84.0,8.74,-0.2,301.16,13.0,3D,2025-08-19 06:26:29-04:00,POINT (-80.976323 34.001328)
2025-08-19 00:40:38 UTC,sensor01,218208153,23.7,95.96,2025-08-19 10:26:34+00:00,34.001532,-80.976742,83.0,7.99,-0.2,295.35,13.0,3D,2025-08-19 06:26:34-04:00,POINT (-80.976742 34.001532)
2025-08-19 00:40:43 UTC,sensor01,218208153,23.7,96.02,2025-08-19 10:26:39+00:00,34.001673,-80.977117,82.9,6.76,0.1,295.63,13.0,3D,2025-08-19 06:26:39-04:00,POINT (-80.977117 34.001673)
2025-08-19 00:40:48 UTC,sensor01,218208153,23.7,95.91,2025-08-19 10:26:44+00:00,34.001795,-80.977473,82.1,6.81,-0.2,294.02,13.0,3D,2025-08-19 06:26:44-04:00,POINT (-80.977473 34.001795)
2025-08-19 00:40:53 UTC,sensor01,218208153,23.66,95.81,2025-08-19 10:26:49+00:00,34.001922,-80.977807,81.3,6.81,-0.2,295.51,13.0,3D,2025-08-19 06:26:49-04:00,POINT (-80.977807 34.001922)
2025-08-19 00:40:58 UTC,sensor01,218208153,23.68,95.71,2025-08-19 10:26:55+00:00,34.00209,-80.97828,80.2,8.25,-0.2,0.0,13.0,3D,2025-08-19 06:26:55-04:00,POINT (-80.97828 34.00209)
2025-08-19 00:41:03 UTC,sensor01,218208153,23.7,95.93,2025-08-19 10:27:00+00:00,34.002218,-80.978705,79.1,7.77,-0.2,0.0,13.0,3D,2025-08-19 06:27:00-04:00,POINT (-80.978705 34.002218)
2025-08-19 00:41:08 UTC,sensor01,218208153,23.67,95.73,2025-08-19 10:27:05+00:00,34.002342,-80.97905,78.1,6.47,-0.3,0.0,13.0,3D,2025-08-19 06:27:05-04:00,POINT (-80.97905 34.002342)
2025-08-19 00:41:13 UTC,sensor01,218208153,23.71,95.83,2025-08-19 10:27:10+00:00,34.002448,-80.979327,76.9,4.6,-0.3,292.29,13.0,3D,2025-08-19 06:27:10-04:00,POINT (-80.979327 34.002448)
2025-08-19 00:41:28 UTC,sensor01,218208153,23.71,95.91,2025-08-19 10:27:25+00:00,34.002512,-80.979658,73.5,4.19,-0.1,254.59,13.0,3D,2025-08-19 06:27:25-04:00,POINT (-80.979658 34.002512)
2025-08-19 00:41:33 UTC,sensor01,218208153,23.74,95.68,2025-08-19 10:27:30+00:00,34.002302,-80.979818,72.4,7.12,-0.2,189.53,13.0,3D,2025-08-19 06:27:30-04:00,POINT (-80.979818 34.002302)
2025-08-19 00:41:38 UTC,sensor01,218208153,23.79,95.54,2025-08-19 10:27:35+00:00,34.001892,-80.979865,70.7,9.25,-1.0,181.35,13.0,3D,2025-08-19 06:27:35-04:00,POINT (-80.979865 34.001892)
2025-08-19 00:41:44 UTC,sensor01,218208153,23.79,95.23,2025-08-19 10:27:40+00:00,34.001442,-80.979837,69.9,10.19,-0.2,172.18,13.0,3D,2025-08-19 06:27:40-04:00,POINT (-80.979837 34.001442)
2025-08-19 00:41:49 UTC,sensor01,218208153,23.8,95.27,2025-08-19 10:27:45+00:00,34.00098,-80.979733,68.3,10.03,-0.4,165.69,13.0,3D,2025-08-19 06:27:45-04:00,POINT (-80.979733 34.00098)
2025-08-19 00:41:54 UTC,sensor01,218208153,23.84,95.31,2025-08-19 10:27:50+00:00,34.000538,-80.979555,66.6,11.03,-0.3,158.52,13.0,3D,2025-08-19 06:27:50-04:00,POINT (-80.979555 34.000538)
2025-08-19 00:41:59 UTC,sensor01,218208153,23.84,95.2,2025-08-19 10:27:55+00:00,34.00009,-80.979332,67.0,10.72,0.0,153.94,13.0,3D,2025-08-19 06:27:55-04:00,POINT (-80.979332 34.00009)
2025-08-19 00:42:04 UTC,sensor01,218208153,23.87,95.0,2025-08-19 10:28:00+00:00,33.999682,-80.979027,66.1,10.87,-0.3,145.78,13.0,3D,2025-08-19 06:28:00-04:00,POINT (-80.979027 33.999682)
2025-08-19 00:42:09 UTC,sensor01,218208153,23.89,95.1,2025-08-19 10:28:05+00:00,33.999278,-80.978722,65.4,10.48,-0.2,148.66,13.0,3D,2025-08-19 06:28:05-04:00,POINT (-80.978722 33.999278)
2025-08-19 00:42:14 UTC,sensor01,218208153,23.88,95.06,2025-08-19 10:28:10+00:00,33.998863,-80.978422,64.4,10.76,-0.3,148.17,13.0,3D,2025-08-19 06:28:10-04:00,POINT (-80.978422 33.998863)
2025-08-19 00:42:19 UTC,sensor01,218208153,23.87,94.96,2025-08-19 10:28:15+00:00,33.998467,-80.978133,63.2,9.57,-0.4,148.69,13.0,3D,2025-08-19 06:28:15-04:00,POINT (-80.978133 33.998467)
2025-08-19 00:42:24 UTC,sensor01,218208153,23.91,94.9,2025-08-19 10:28:20+00:00,33.9981,-80.977867,61.9,8.9,-0.2,148.83,13.0,3D,2025-08-19 06:28:20-04:00,POINT (-80.977867 33.9981)
2025-08-19 00:42:29 UTC,sensor01,218208153,23.94,94.76,2025-08-19 10:28:25+00:00,33.997777,-80.977628,60.5,7.67,-0.4,151.41,13.0,3D,2025-08-19 06:28:25-04:00,POINT (-80.977628 33.997777)
2025-08-19 00:42:34 UTC,sensor01,218208153,23.96,94.62,2025-08-19 10:28:30+00:00,33.997458,-80.977482,58.2,7.43,-0.1,167.6,13.0,3D,2025-08-19 06:28:30-04:00,POINT (-80.977482 33.997458)
2025-08-19 00:42:39 UTC,sensor01,218208153,23.93,94.64,2025-08-19 10:28:36+00:00,33.997047,-80.977447,57.2,8.16,-0.4,0.0,13.0,3D,2025-08-19 06:28:36-04:00,POINT (-80.977447 33.997047)
2025-08-19 00:42:44 UTC,sensor01,218208153,23.91,94.66,2025-08-19 10:28:41+00:00,33.996675,-80.977547,56.3,9.19,0.4,0.0,13.0,3D,2025-08-19 06:28:41-04:00,POINT (-80.977547 33.996675)
2025-08-19 00:42:49 UTC,sensor01,218208153,23.93,94.68,2025-08-19 10:28:46+00:00,33.996303,-80.977728,55.5,8.93,-0.3,0.0,13.0,3D,2025-08-19 06:28:46-04:00,POINT (-80.977728 33.996303)
2025-08-19 00:42:54 UTC,sensor01,218208153,23.93,94.81,2025-08-19 10:28:51+00:00,33.995903,-80.977892,55.6,8.98,-0.4,0.0,13.0,3D,2025-08-19 06:28:51-04:00,POINT (-80.977892 33.995903)
2025-08-19 00:42:59 UTC,sensor01,218208153,23.92,95.07,2025-08-19 10:28:56+00:00,33.995573,-80.978073,54.3,7.84,-0.2,201.61,13.0,3D,2025-08-19 06:28:56-04:00,POINT (-80.978073 33.995573)
2025-08-19 00:43:04 UTC,sensor01,218208153,23.88,95.08,2025-08-19 10:29:01+00:00,33.995232,-80.97825,53.3,8.37,-0.2,200.59,13.0,3D,2025-08-19 06:29:01-04:00,POINT (-80.97825 33.995232)
2025-08-19 00:43:09 UTC,sensor01,218208153,23.91,95.01,2025-08-19 10:29:06+00:00,33.99487,-80.97844,52.7,8.63,0.0,204.68,13.0,3D,2025-08-19 06:29:06-04:00,POINT (-80.97844 33.99487)
2025-08-19 00:43:14 UTC,sensor01,218208153,23.92,95.02,2025-08-19 10:29:11+00:00,33.994477,-80.978657,51.4,9.73,-0.4,205.46,13.0,3D,2025-08-19 06:29:11-04:00,POINT (-80.978657 33.994477)
2025-08-19 00:43:19 UTC,sensor01,218208153,23.84,95.22,2025-08-19 10:29:16+00:00,33.994012,-80.978905,48.3,11.15,-0.7,202.65,13.0,3D,2025-08-19 06:29:16-04:00,POINT (-80.978905 33.994012)
2025-08-19 00:43:24 UTC,sensor01,218208153,23.85,95.67,2025-08-19 10:29:21+00:00,33.993552,-80.979152,47.0,11.21,-0.2,205.4,13.0,3D,2025-08-19 06:29:21-04:00,POINT (-80.979152 33.993552)
2025-08-19 00:43:29 UTC,sensor01,218208153,23.82,95.84,2025-08-19 10:29:26+00:00,33.993137,-80.979407,49.0,9.77,0.2,204.45,13.0,3D,2025-08-19 06:29:26-04:00,POINT (-80.979407 33.993137)
2025-08-19 00:43:34 UTC,sensor01,218208153,23.85,95.7,2025-08-19 10:29:31+00:00,33.992792,-80.979583,48.9,7.23,-0.1,203.86,13.0,3D,2025-08-19 06:29:31-04:00,POINT (-80.979583 33.992792)
2025-08-19 00:43:39 UTC,sensor01,218208153,23.83,95.5,2025-08-19 10:29:36+00:00,33.992502,-80.979727,49.3,7.24,0.0,201.27,13.0,3D,2025-08-19 06:29:36-04:00,POINT (-80.979727 33.992502)
2025-08-19 00:43:45 UTC,sensor01,218208153,23.85,95.3,2025-08-19 10:29:41+00:00,33.992178,-80.979887,48.2,8.31,-0.4,202.9,13.0,3D,2025-08-19 06:29:41-04:00,POINT (-80.979887 33.992178)
2025-08-19 00:43:50 UTC,sensor01,218208153,23.88,95.2,2025-08-19 10:29:46+00:00,33.991813,-80.980082,45.7,8.16,0.2,204.15,13.0,3D,2025-08-19 06:29:46-04:00,POINT (-80.980082 33.991813)
2025-08-19 00:43:55 UTC,sensor01,218208153,23.88,95.05,2025-08-19 10:29:51+00:00,33.991463,-80.980265,44.6,8.81,-0.4,203.87,13.0,3D,2025-08-19 06:29:51-04:00,POINT (-80.980265 33.991463)
2025-08-19 00:44:00 UTC,sensor01,218208153,23.89,95.02,2025-08-19 10:29:56+00:00,33.991127,-80.980433,43.6,6.65,0.1,202.35,13.0,3D,2025-08-19 06:29:56-04:00,POINT (-80.980433 33.991127)
2025-08-19 00:44:05 UTC,sensor01,218208153,23.92,94.92,2025-08-19 10:30:01+00:00,33.990948,-80.980572,41.8,3.59,-0.4,238.66,13.0,3D,2025-08-19 06:30:01-04:00,POINT (-80.980572 33.990948)
2025-08-19 00:44:10 UTC,sensor01,218208153,23.91,95.06,2025-08-19 10:30:06+00:00,33.990975,-80.980802,43.6,4.59,-0.1,286.63,13.0,3D,2025-08-19 06:30:06-04:00,POINT (-80.980802 33.990975)
2025-08-19 00:44:15 UTC,sensor01,218208153,23.94,95.12,2025-08-19 10:30:11+00:00,33.991065,-80.981022,42.3,4.36,-0.4,301.39,13.0,3D,2025-08-19 06:30:11-04:00,POINT (-80.981022 33.991065)
2025-08-19 00:44:20 UTC,sensor01,218208153,23.91,95.17,2025-08-19 10:30:16+00:00,33.99116,-80.981252,41.7,4.62,-0.2,294.92,13.0,3D,2025-08-19 06:30:16-04:00,POINT (-80.981252 33.99116)
2025-08-19 00:44:25 UTC,sensor01,218208153,23.91,95.26,2025-08-19 10:30:21+00:00,33.99122,-80.981458,41.3,3.52,0.2,276.67,13.0,3D,2025-08-19 06:30:21-04:00,POINT (-80.981458 33.99122)
2025-08-19 00:44:30 UTC,sensor01,218208153,23.9,95.4,2025-08-19 10:30:26+00:00,33.991227,-80.981648,42.0,4.11,-0.1,269.93,13.0,3D,2025-08-19 06:30:26-04:00,POINT (-80.981648 33.991227)
2025-08-19 00:44:35 UTC,sensor01,218208153,23.85,95.38,2025-08-19 10:30:31+00:00,33.991213,-80.981837,41.3,3.0,-0.2,255.87,13.0,3D,2025-08-19 06:30:31-04:00,POINT (-80.981837 33.991213)
2025-08-19 00:44:40 UTC,sensor01,218208153,23.88,95.69,2025-08-19 10:30:36+00:00,33.991195,-80.981987,41.2,2.86,0.1,251.25,13.0,3D,2025-08-19 06:30:36-04:00,POINT (-80.981987 33.991195)
2025-08-19 00:44:45 UTC,sensor01,218208153,23.84,95.85,2025-08-19 10:30:41+00:00,33.991048,-80.982173,40.1,5.71,-0.5,212.33,13.0,3D,2025-08-19 06:30:41-04:00,POINT (-80.982173 33.991048)
2025-08-19 00:44:50 UTC,sensor01,218208153,23.83,96.04,2025-08-19 10:30:46+00:00,33.990823,-80.982315,37.8,5.19,-0.4,206.29,13.0,3D,2025-08-19 06:30:46-04:00,POINT (-80.982315 33.990823)
2025-08-19 00:44:55 UTC,sensor01,218208153,23.81,95.83,2025-08-19 10:30:51+00:00,33.990655,-80.982418,37.7,3.22,0.0,199.97,13.0,3D,2025-08-19 06:30:51-04:00,POINT (-80.982418 33.990655)
2025-08-19 00:45:10 UTC,sensor01,218208153,23.81,96.49,2025-08-19 10:31:07+00:00,33.990473,-80.982627,37.9,4.01,0.3,0.0,13.0,3D,2025-08-19 06:31:07-04:00,POINT (-80.982627 33.990473)
2025-08-19 00:45:15 UTC,sensor01,218208153,23.77,96.47,2025-08-19 10:31:12+00:00,33.99052,-80.982878,37.4,5.41,-0.3,0.0,4.0,3D,2025-08-19 06:31:12-04:00,POINT (-80.982878 33.99052)
2025-08-19 00:45:20 UTC,sensor01,218208153,23.73,96.05,2025-08-19 10:31:17+00:00,33.990613,-80.983177,36.8,6.08,0.0,0.0,8.0,3D,2025-08-19 06:31:17-04:00,POINT (-80.983177 33.990613)
2025-08-19 00:45:25 UTC,sensor01,218208153,23.71,95.98,2025-08-19 10:31:22+00:00,33.990717,-80.983447,36.9,5.62,0.0,0.0,12.0,3D,2025-08-19 06:31:22-04:00,POINT (-80.983447 33.990717)
2025-08-19 00:45:30 UTC,sensor01,218208153,23.74,96.09,2025-08-19 10:31:27+00:00,33.990825,-80.983683,37.2,4.44,0.0,0.0,13.0,3D,2025-08-19 06:31:27-04:00,POINT (-80.983683 33.990825)
2025-08-19 00:45:35 UTC,sensor01,218208153,23.68,96.31,2025-08-19 10:31:32+00:00,33.990918,-80.983888,37.5,4.41,0.3,0.0,13.0,3D,2025-08-19 06:31:32-04:00,POINT (-80.983888 33.990918)
2025-08-19 00:45:40 UTC,sensor01,218208153,23.68,96.54,2025-08-19 10:31:37+00:00,33.991018,-80.984097,37.9,4.16,0.0,301.54,13.0,3D,2025-08-19 06:31:37-04:00,POINT (-80.984097 33.991018)
2025-08-19 00:45:46 UTC,sensor01,218208153,23.63,96.74,2025-08-19 10:31:42+00:00,33.99112,-80.984303,38.2,3.44,0.1,303.36,13.0,3D,2025-08-19 06:31:42-04:00,POINT (-80.984303 33.99112)
2025-08-19 00:46:01 UTC,sensor01,218208153,23.65,96.42,2025-08-19 10:31:57+00:00,33.991313,-80.984507,35.6,2.24,0.3,340.27,13.0,3D,2025-08-19 06:31:57-04:00,POINT (-80.984507 33.991313)
2025-08-19 00:46:06 UTC,sensor01,218208153,23.62,96.49,2025-08-19 10:32:02+00:00,33.991463,-80.984438,35.5,5.16,0.0,29.09,13.0,3D,2025-08-19 06:32:02-04:00,POINT (-80.984438 33.991463)
2025-08-19 00:46:11 UTC,sensor01,218208153,23.61,96.59,2025-08-19 10:32:07+00:00,33.991685,-80.984252,34.1,6.41,-0.2,41.24,13.0,3D,2025-08-19 06:32:07-04:00,POINT (-80.984252 33.991685)
2025-08-19 00:46:16 UTC,sensor01,218208153,23.6,96.85,2025-08-19 10:32:12+00:00,33.991913,-80.983993,34.0,6.56,-0.3,44.07,13.0,3D,2025-08-19 06:32:12-04:00,POINT (-80.983993 33.991913)
2025-08-19 00:46:21 UTC,sensor01,218208153,23.64,96.99,2025-08-19 10:32:17+00:00,33.992158,-80.983743,34.5,6.3,0.2,33.48,13.0,3D,2025-08-19 06:32:17-04:00,POINT (-80.983743 33.992158)
2025-08-19 00:46:26 UTC,sensor01,218208153,23.61,96.85,2025-08-19 10:32:22+00:00,33.992405,-80.983515,34.1,6.74,-0.1,35.23,13.0,3D,2025-08-19 06:32:22-04:00,POINT (-80.983515 33.992405)
2025-08-19 00:46:31 UTC,sensor01,218208153,23.67,97.13,2025-08-19 10:32:27+00:00,33.99265,-80.983272,36.4,6.31,1.4,34.31,13.0,3D,2025-08-19 06:32:27-04:00,POINT (-80.983272 33.99265)
2025-08-19 00:46:36 UTC,sensor01,218208153,23.64,96.91,2025-08-19 10:32:32+00:00,33.99287,-80.983042,39.0,5.99,0.4,38.56,13.0,3D,2025-08-19 06:32:32-04:00,POINT (-80.983042 33.99287)
2025-08-19 00:46:41 UTC,sensor01,218208153,23.63,96.7,2025-08-19 10:32:37+00:00,33.99301,-80.982903,40.8,2.29,0.2,36.49,13.0,3D,2025-08-19 06:32:37-04:00,POINT (-80.982903 33.99301)
2025-08-19 00:47:01 UTC,sensor01,218208153,23.65,96.63,2025-08-19 10:32:58+00:00,33.993335,-80.982722,43.5,2.92,0.0,315.41,13.0,3D,2025-08-19 06:32:58-04:00,POINT (-80.982722 33.993335)
2025-08-19 00:47:06 UTC,sensor01,218208153,23.66,96.54,2025-08-19 10:33:03+00:00,33.99344,-80.982888,44.2,3.91,0.5,310.71,13.0,3D,2025-08-19 06:33:03-04:00,POINT (-80.982888 33.99344)
2025-08-19 00:47:11 UTC,sensor01,218208153,23.67,96.45,2025-08-19 10:33:08+00:00,33.993557,-80.983037,45.3,3.07,0.4,312.67,13.0,3D,2025-08-19 06:33:08-04:00,POINT (-80.983037 33.993557)
2025-08-19 00:47:16 UTC,sensor01,218208153,23.65,96.33,2025-08-19 10:33:13+00:00,33.993657,-80.983157,45.1,3.05,-0.1,317.38,13.0,3D,2025-08-19 06:33:13-04:00,POINT (-80.983157 33.993657)
2025-08-19 00:47:21 UTC,sensor01,218208153,23.64,96.39,2025-08-19 10:33:18+00:00,33.99374,-80.98327,44.8,3.02,-0.2,308.15,13.0,3D,2025-08-19 06:33:18-04:00,POINT (-80.98327 33.99374)
2025-08-19 00:47:26 UTC,sensor01,218208153,23.67,96.47,2025-08-19 10:33:23+00:00,33.993832,-80.983413,44.2,3.14,-0.1,310.48,13.0,3D,2025-08-19 06:33:23-04:00,POINT (-80.983413 33.993832)
2025-08-19 00:47:37 UTC,sensor01,218208153,23.65,96.49,2025-08-19 10:33:33+00:00,33.993993,-80.983637,44.6,3.08,0.3,307.0,13.0,3D,2025-08-19 06:33:33-04:00,POINT (-80.983637 33.993993)
2025-08-19 00:47:42 UTC,sensor01,218208153,23.65,96.53,2025-08-19 10:33:38+00:00,33.994078,-80.983792,45.5,2.98,0.2,296.57,13.0,3D,2025-08-19 06:33:38-04:00,POINT (-80.983792 33.994078)
2025-08-19 00:47:57 UTC,sensor01,218208153,23.67,96.72,2025-08-19 10:33:53+00:00,33.994173,-80.984118,44.5,3.54,-0.1,259.85,13.0,3D,2025-08-19 06:33:53-04:00,POINT (-80.984118 33.994173)
2025-08-19 00:48:02 UTC,sensor01,218208153,23.67,96.71,2025-08-19 10:33:58+00:00,33.994163,-80.984285,44.2,2.72,-0.1,259.24,13.0,3D,2025-08-19 06:33:58-04:00,POINT (-80.984285 33.994163)
2025-08-19 00:48:17 UTC,sensor01,218208153,23.66,96.54,2025-08-19 10:34:13+00:00,33.994217,-80.984598,44.7,2.34,0.0,271.29,13.0,3D,2025-08-19 06:34:13-04:00,POINT (-80.984598 33.994217)
2025-08-19 00:48:22 UTC,sensor01,218208153,23.66,96.46,2025-08-19 10:34:18+00:00,33.994262,-80.98473,45.0,3.02,0.2,285.42,13.0,3D,2025-08-19 06:34:18-04:00,POINT (-80.98473 33.994262)
2025-08-19 00:48:37 UTC,sensor01,218208153,23.66,96.29,2025-08-19 10:34:34+00:00,33.994313,-80.98523,46.3,3.32,0.1,0.0,13.0,3D,2025-08-19 06:34:34-04:00,POINT (-80.98523 33.994313)
2025-08-19 00:48:42 UTC,sensor01,218208153,23.67,96.27,2025-08-19 10:34:39+00:00,33.994328,-80.985387,46.1,2.47,0.0,0.0,13.0,3D,2025-08-19 06:34:39-04:00,POINT (-80.985387 33.994328)
2025-08-19 00:48:52 UTC,sensor01,218208153,23.66,96.29,2025-08-19 10:34:49+00:00,33.994353,-80.985647,46.9,2.35,0.2,285.06,13.0,3D,2025-08-19 06:34:49-04:00,POINT (-80.985647 33.994353)
2025-08-19 00:48:57 UTC,sensor01,218208153,23.66,96.34,2025-08-19 10:34:54+00:00,33.994378,-80.985783,48.1,2.4,0.2,283.06,13.0,3D,2025-08-19 06:34:54-04:00,POINT (-80.985783 33.994378)
2025-08-19 00:49:02 UTC,sensor01,218208153,23.68,96.45,2025-08-19 10:34:59+00:00,33.99439,-80.985932,48.7,2.6,0.0,283.11,13.0,3D,2025-08-19 06:34:59-04:00,POINT (-80.985932 33.99439)
2025-08-19 00:49:07 UTC,sensor01,218208153,23.69,96.57,2025-08-19 10:35:04+00:00,33.99441,-80.986072,49.4,2.55,0.1,286.84,13.0,3D,2025-08-19 06:35:04-04:00,POINT (-80.986072 33.99441)
2025-08-19 00:49:12 UTC,sensor01,218208153,23.63,96.48,2025-08-19 10:35:09+00:00,33.994425,-80.986235,50.3,2.83,0.1,284.61,13.0,3D,2025-08-19 06:35:09-04:00,POINT (-80.986235 33.994425)
2025-08-19 00:49:17 UTC,sensor01,218208153,23.63,96.33,2025-08-19 10:35:14+00:00,33.994455,-80.986408,51.4,3.0,0.1,283.81,13.0,3D,2025-08-19 06:35:14-04:00,POINT (-80.986408 33.994455)
2025-08-19 00:49:22 UTC,sensor01,218208153,23.66,96.43,2025-08-19 10:35:19+00:00,33.994493,-80.98657,52.9,3.47,0.3,284.03,13.0,3D,2025-08-19 06:35:19-04:00,POINT (-80.98657 33.994493)
2025-08-19 00:49:28 UTC,sensor01,218208153,23.67,96.71,2025-08-19 10:35:24+00:00,33.99453,-80.986738,54.1,2.77,0.2,283.05,13.0,3D,2025-08-19 06:35:24-04:00,POINT (-80.986738 33.99453)
2025-08-19 00:49:33 UTC,sensor01,218208153,23.66,96.65,2025-08-19 10:35:29+00:00,33.99462,-80.986877,56.4,2.88,0.7,304.01,13.0,3D,2025-08-19 06:35:29-04:00,POINT (-80.986877 33.99462)
2025-08-19 00:49:38 UTC,sensor01,218208153,23.68,96.51,2025-08-19 10:35:34+00:00,33.994672,-80.987043,58.1,3.38,0.5,292.06,13.0,3D,2025-08-19 06:35:34-04:00,POINT (-80.987043 33.994672)
2025-08-19 00:49:43 UTC,sensor01,218208153,23.67,96.48,2025-08-19 10:35:39+00:00,33.994715,-80.987215,60.9,2.8,0.7,284.43,13.0,3D,2025-08-19 06:35:39-04:00,POINT (-80.987215 33.994715)
2025-08-19 00:50:13 UTC,sensor01,218208153,23.66,96.68,2025-08-19 10:36:09+00:00,33.99493,-80.987707,66.7,4.32,0.0,8.09,13.0,3D,2025-08-19 06:36:09-04:00,POINT (-80.987707 33.99493)
2025-08-19 00:50:18 UTC,sensor01,218208153,23.65,96.56,2025-08-19 10:36:14+00:00,33.995158,-80.987683,68.2,4.99,0.5,7.08,13.0,3D,2025-08-19 06:36:14-04:00,POINT (-80.987683 33.995158)
2025-08-19 00:50:23 UTC,sensor01,218208153,23.65,96.69,2025-08-19 10:36:19+00:00,33.995358,-80.987648,69.4,4.12,0.2,7.32,13.0,3D,2025-08-19 06:36:19-04:00,POINT (-80.987648 33.995358)
2025-08-19 00:50:28 UTC,sensor01,218208153,23.64,96.64,2025-08-19 10:36:25+00:00,33.995557,-80.98763,70.4,3.36,0.2,0.0,13.0,3D,2025-08-19 06:36:25-04:00,POINT (-80.98763 33.995557)
2025-08-19 00:50:33 UTC,sensor01,218208153,23.61,96.45,2025-08-19 10:36:30+00:00,33.995713,-80.98762,71.8,4.07,0.4,0.0,13.0,3D,2025-08-19 06:36:30-04:00,POINT (-80.98762 33.995713)
2025-08-19 00:50:38 UTC,sensor01,218208153,23.6,96.33,2025-08-19 10:36:35+00:00,33.995892,-80.987605,72.7,3.89,0.0,0.0,13.0,3D,2025-08-19 06:36:35-04:00,POINT (-80.987605 33.995892)
2025-08-19 00:50:43 UTC,sensor01,218208153,23.61,96.29,2025-08-19 10:36:40+00:00,33.99608,-80.987597,74.2,3.38,0.7,2.9,13.0,3D,2025-08-19 06:36:40-04:00,POINT (-80.987597 33.99608)
2025-08-19 00:50:48 UTC,sensor01,218208153,23.62,96.22,2025-08-19 10:36:45+00:00,33.996238,-80.987582,73.7,3.25,0.2,4.7,13.0,3D,2025-08-19 06:36:45-04:00,POINT (-80.987582 33.996238)
2025-08-19 00:50:53 UTC,sensor01,218208153,23.63,96.31,2025-08-19 10:36:50+00:00,33.996372,-80.987587,77.3,3.24,0.5,3.63,13.0,3D,2025-08-19 06:36:50-04:00,POINT (-80.987587 33.996372)
2025-08-19 00:50:58 UTC,sensor01,218208153,23.64,96.27,2025-08-19 10:36:55+00:00,33.996515,-80.987568,77.6,3.52,-0.1,4.31,13.0,3D,2025-08-19 06:36:55-04:00,POINT (-80.987568 33.996515)
2025-08-19 00:51:13 UTC,sensor01,218208153,23.68,96.22,2025-08-19 10:37:10+00:00,33.99672,-80.987568,80.1,3.98,0.1,344.83,13.0,3D,2025-08-19 06:37:10-04:00,POINT (-80.987568 33.99672)
2025-08-19 00:51:19 UTC,sensor01,218208153,23.76,96.28,2025-08-19 10:37:15+00:00,33.996855,-80.98776,80.7,5.26,0.2,285.48,13.0,3D,2025-08-19 06:37:15-04:00,POINT (-80.98776 33.996855)
2025-08-19 00:51:24 UTC,sensor01,218208153,23.78,96.2,2025-08-19 10:37:20+00:00,33.996887,-80.988142,81.3,8.07,0.1,271.23,13.0,3D,2025-08-19 06:37:20-04:00,POINT (-80.988142 33.996887)
2025-08-19 00:51:29 UTC,sensor01,218208153,23.83,96.01,2025-08-19 10:37:25+00:00,33.996908,-80.9886,81.7,8.88,0.1,275.02,13.0,3D,2025-08-19 06:37:25-04:00,POINT (-80.9886 33.996908)
2025-08-19 00:51:34 UTC,sensor01,218208153,23.87,95.62,2025-08-19 10:37:30+00:00,33.996962,-80.989092,81.8,9.76,0.1,275.25,13.0,3D,2025-08-19 06:37:30-04:00,POINT (-80.989092 33.996962)
2025-08-19 00:51:39 UTC,sensor01,218208153,23.91,95.4,2025-08-19 10:37:35+00:00,33.997003,-80.989555,82.0,7.92,0.0,277.72,13.0,3D,2025-08-19 06:37:35-04:00,POINT (-80.989555 33.997003)
2025-08-19 00:51:44 UTC,sensor01,218208153,23.92,95.13,2025-08-19 10:37:40+00:00,33.997053,-80.989902,82.5,5.44,-0.1,276.83,13.0,3D,2025-08-19 06:37:40-04:00,POINT (-80.989902 33.997053)
2025-08-19 00:51:49 UTC,sensor01,218208153,23.91,94.96,2025-08-19 10:37:45+00:00,33.997035,-80.990147,82.2,3.81,-0.1,246.85,13.0,3D,2025-08-19 06:37:45-04:00,POINT (-80.990147 33.997035)
2025-08-19 00:51:54 UTC,sensor01,218208153,23.94,94.95,2025-08-19 10:37:50+00:00,33.996855,-80.990247,80.9,4.63,-0.3,188.09,13.0,3D,2025-08-19 06:37:50-04:00,POINT (-80.990247 33.996855)
2025-08-19 00:51:59 UTC,sensor01,218208153,23.93,94.93,2025-08-19 10:37:55+00:00,33.996617,-80.99027,80.8,5.7,-0.1,184.34,13.0,3D,2025-08-19 06:37:55-04:00,POINT (-80.99027 33.996617)
2025-08-19 00:52:04 UTC,sensor01,218208153,23.9,94.8,2025-08-19 10:38:00+00:00,33.99636,-80.990297,80.5,5.54,-0.2,188.67,13.0,3D,2025-08-19 06:38:00-04:00,POINT (-80.990297 33.99636)
2025-08-19 00:52:09 UTC,sensor01,218208153,23.9,94.64,2025-08-19 10:38:05+00:00,33.996185,-80.990338,81.5,2.41,0.2,191.91,13.0,3D,2025-08-19 06:38:05-04:00,POINT (-80.990338 33.996185)
2025-08-19 00:52:24 UTC,sensor01,218208153,23.86,94.74,2025-08-19 10:38:20+00:00,33.996115,-80.990417,82.8,2.72,0.0,259.82,13.0,3D,2025-08-19 06:38:20-04:00,POINT (-80.990417 33.996115)
2025-08-19 00:52:29 UTC,sensor01,218208153,23.87,94.83,2025-08-19 10:38:26+00:00,33.99614,-80.990665,84.1,4.22,0.2,0.0,13.0,3D,2025-08-19 06:38:26-04:00,POINT (-80.990665 33.99614)
2025-08-19 00:52:34 UTC,sensor01,218208153,23.86,94.87,2025-08-19 10:38:31+00:00,33.996147,-80.990847,84.9,3.08,0.0,0.0,13.0,3D,2025-08-19 06:38:31-04:00,POINT (-80.990847 33.996147)
2025-08-19 00:52:54 UTC,sensor01,218208153,23.87,95.28,2025-08-19 10:38:51+00:00,33.996167,-80.991242,83.8,3.16,0.0,272.25,13.0,3D,2025-08-19 06:38:51-04:00,POINT (-80.991242 33.996167)
2025-08-19 00:52:59 UTC,sensor01,218208153,23.84,95.33,2025-08-19 10:38:56+00:00,33.996163,-80.99139,84.6,2.44,0.2,264.68,13.0,3D,2025-08-19 06:38:56-04:00,POINT (-80.99139 33.996163)
2025-08-19 00:53:14 UTC,sensor01,218208153,23.85,95.5,2025-08-19 10:39:11+00:00,33.996113,-80.991785,89.4,3.08,0.4,259.52,13.0,3D,2025-08-19 06:39:11-04:00,POINT (-80.991785 33.996113)
2025-08-19 00:53:25 UTC,sensor01,218208153,23.8,95.48,2025-08-19 10:39:21+00:00,33.99606,-80.992052,94.2,2.47,0.5,250.12,13.0,3D,2025-08-19 06:39:21-04:00,POINT (-80.992052 33.99606)
2025-08-19 00:53:30 UTC,sensor01,218208153,23.79,95.37,2025-08-19 10:39:26+00:00,33.996028,-80.992177,97.0,2.42,0.5,240.82,13.0,3D,2025-08-19 06:39:26-04:00,POINT (-80.992177 33.996028)
2025-08-19 00:53:35 UTC,sensor01,218208153,23.78,95.56,2025-08-19 10:39:31+00:00,33.995997,-80.99231,99.6,2.55,0.4,262.08,13.0,3D,2025-08-19 06:39:31-04:00,POINT (-80.99231 33.995997)
2025-08-19 00:53:40 UTC,sensor01,218208153,23.75,95.58,2025-08-19 10:39:36+00:00,33.995983,-80.992463,102.4,2.76,0.5,261.83,13.0,3D,2025-08-19 06:39:36-04:00,POINT (-80.992463 33.995983)
2025-08-19 00:53:45 UTC,sensor01,218208153,23.77,95.63,2025-08-19 10:39:41+00:00,33.995977,-80.992592,104.0,2.41,0.1,266.18,13.0,3D,2025-08-19 06:39:41-04:00,POINT (-80.992592 33.995977)
2025-08-19 00:56:56 UTC,sensor01,218208153,23.69,95.92,2025-08-19 10:42:53+00:00,33.99601,-80.99315,113.7,2.34,0.0,0.0,13.0,3D,2025-08-19 06:42:53-04:00,POINT (-80.99315 33.99601)
2025-08-19 00:57:06 UTC,sensor01,218208153,23.71,95.91,2025-08-19 10:43:03+00:00,33.996067,-80.993335,112.7,2.42,-0.3,344.76,13.0,3D,2025-08-19 06:43:03-04:00,POINT (-80.993335 33.996067)
2025-08-19 00:57:11 UTC,sensor01,218208153,23.74,96.06,2025-08-19 10:43:08+00:00,33.996262,-80.993332,112.0,4.92,-0.1,6.85,13.0,3D,2025-08-19 06:43:08-04:00,POINT (-80.993332 33.996262)
2025-08-19 00:57:16 UTC,sensor01,218208153,23.75,95.97,2025-08-19 10:43:13+00:00,33.996502,-80.993288,110.7,5.24,-0.2,6.35,13.0,3D,2025-08-19 06:43:13-04:00,POINT (-80.993288 33.996502)
2025-08-19 00:57:21 UTC,sensor01,218208153,23.73,95.77,2025-08-19 10:43:18+00:00,33.996723,-80.993277,109.4,5.16,-0.3,355.56,13.0,3D,2025-08-19 06:43:18-04:00,POINT (-80.993277 33.996723)
2025-08-19 00:57:26 UTC,sensor01,218208153,23.73,95.62,2025-08-19 10:43:23+00:00,33.996938,-80.993257,107.6,3.92,-0.5,5.04,13.0,3D,2025-08-19 06:43:23-04:00,POINT (-80.993257 33.996938)
2025-08-19 00:57:31 UTC,sensor01,218208153,23.77,95.75,2025-08-19 10:43:28+00:00,33.997095,-80.993235,105.9,3.07,-0.3,8.4,13.0,3D,2025-08-19 06:43:28-04:00,POINT (-80.993235 33.997095)
2025-08-19 00:57:42 UTC,sensor01,218208153,23.78,95.56,2025-08-19 10:43:38+00:00,33.9973,-80.993177,103.9,4.34,-0.4,14.63,13.0,3D,2025-08-19 06:43:38-04:00,POINT (-80.993177 33.9973)
2025-08-19 00:57:47 UTC,sensor01,218208153,23.8,95.57,2025-08-19 10:43:43+00:00,33.997533,-80.993217,103.1,6.19,-0.2,336.39,13.0,3D,2025-08-19 06:43:43-04:00,POINT (-80.993217 33.997533)
2025-08-19 00:57:52 UTC,sensor01,218208153,23.81,95.57,2025-08-19 10:43:48+00:00,33.997755,-80.993485,101.3,7.67,-0.3,305.85,13.0,3D,2025-08-19 06:43:48-04:00,POINT (-80.993485 33.997755)
2025-08-19 00:57:57 UTC,sensor01,218208153,23.78,95.52,2025-08-19 10:43:53+00:00,33.997967,-80.993858,100.0,8.73,-0.2,301.82,13.0,3D,2025-08-19 06:43:53-04:00,POINT (-80.993858 33.997967)
2025-08-19 00:58:02 UTC,sensor01,218208153,23.78,95.64,2025-08-19 10:43:58+00:00,33.998213,-80.994262,99.5,9.33,0.1,307.5,13.0,3D,2025-08-19 06:43:58-04:00,POINT (-80.994262 33.998213)
2025-08-19 00:58:07 UTC,sensor01,218208153,23.76,95.53,2025-08-19 10:44:03+00:00,33.998487,-80.994657,97.9,9.72,-1.2,314.53,13.0,3D,2025-08-19 06:44:03-04:00,POINT (-80.994657 33.998487)
2025-08-19 00:58:12 UTC,sensor01,218208153,23.86,95.36,2025-08-19 10:44:08+00:00,33.998808,-80.995022,94.3,9.73,-0.8,313.64,13.0,3D,2025-08-19 06:44:08-04:00,POINT (-80.995022 33.998808)
2025-08-19 00:58:17 UTC,sensor01,218208153,23.87,95.0,2025-08-19 10:44:13+00:00,33.99916,-80.995398,89.9,10.59,-0.9,317.16,13.0,3D,2025-08-19 06:44:13-04:00,POINT (-80.995398 33.99916)
2025-08-19 00:58:22 UTC,sensor01,218208153,23.86,94.96,2025-08-19 10:44:18+00:00,33.999532,-80.995802,86.4,11.45,-0.4,320.66,13.0,3D,2025-08-19 06:44:18-04:00,POINT (-80.995802 33.999532)
2025-08-19 00:58:27 UTC,sensor01,218208153,23.91,94.98,2025-08-19 10:44:23+00:00,33.99993,-80.996215,86.4,11.61,-0.1,319.86,13.0,3D,2025-08-19 06:44:23-04:00,POINT (-80.996215 33.99993)
2025-08-19 00:58:32 UTC,sensor01,218208153,23.87,94.96,2025-08-19 10:44:28+00:00,34.000337,-80.996637,87.0,11.88,0.3,318.48,13.0,3D,2025-08-19 06:44:28-04:00,POINT (-80.996637 34.000337)
2025-08-19 00:58:37 UTC,sensor01,218208153,23.92,94.86,2025-08-19 10:44:33+00:00,34.00074,-80.997085,88.9,12.14,0.7,318.61,13.0,3D,2025-08-19 06:44:33-04:00,POINT (-80.997085 34.00074)
2025-08-19 00:58:42 UTC,sensor01,218208153,23.93,94.65,2025-08-19 10:44:38+00:00,34.00107,-80.997458,91.4,7.66,0.2,319.28,13.0,3D,2025-08-19 06:44:38-04:00,POINT (-80.997458 34.00107)
2025-08-19 00:58:47 UTC,sensor01,218208153,23.92,94.61,2025-08-19 10:44:43+00:00,34.00129,-80.997577,93.3,3.75,0.5,2.27,13.0,3D,2025-08-19 06:44:43-04:00,POINT (-80.997577 34.00129)
2025-08-19 00:58:57 UTC,sensor01,218208153,23.91,94.62,2025-08-19 10:44:53+00:00,34.00137,-80.9975,99.4,2.83,0.3,83.55,13.0,3D,2025-08-19 06:44:53-04:00,POINT (-80.9975 34.00137)
2025-08-19 00:59:02 UTC,sensor01,218208153,23.86,94.67,2025-08-19 10:44:59+00:00,34.001382,-80.997225,101.1,4.5,0.2,0.0,13.0,3D,2025-08-19 06:44:59-04:00,POINT (-80.997225 34.001382)
2025-08-19 00:59:07 UTC,sensor01,218208153,23.86,94.84,2025-08-19 10:45:04+00:00,34.001368,-80.996972,100.9,4.62,0.1,0.0,13.0,3D,2025-08-19 06:45:04-04:00,POINT (-80.996972 34.001368)
2025-08-19 00:59:12 UTC,sensor01,218208153,23.83,94.98,2025-08-19 10:45:09+00:00,34.001352,-80.996702,101.2,5.26,0.1,0.0,13.0,3D,2025-08-19 06:45:09-04:00,POINT (-80.996702 34.001352)
2025-08-19 00:59:17 UTC,sensor01,218208153,23.83,95.0,2025-08-19 10:45:14+00:00,34.001317,-80.996418,101.7,5.19,0.2,93.89,13.0,3D,2025-08-19 06:45:14-04:00,POINT (-80.996418 34.001317)
2025-08-19 00:59:22 UTC,sensor01,218208153,23.8,95.03,2025-08-19 10:45:19+00:00,34.001302,-80.996185,102.0,3.06,0.2,104.2,13.0,3D,2025-08-19 06:45:19-04:00,POINT (-80.996185 34.001302)
2025-08-19 01:00:03 UTC,sensor01,218208153,23.83,95.38,2025-08-19 10:45:59+00:00,34.001375,-80.99598,102.4,4.08,0.1,5.99,13.0,3D,2025-08-19 06:45:59-04:00,POINT (-80.99598 34.001375)
2025-08-19 01:00:08 UTC,sensor01,218208153,23.81,95.76,2025-08-19 10:46:04+00:00,34.001602,-80.995952,102.8,5.08,0.0,8.82,13.0,3D,2025-08-19 06:46:04-04:00,POINT (-80.995952 34.001602)
2025-08-19 01:00:13 UTC,sensor01,218208153,23.78,95.47,2025-08-19 10:46:09+00:00,34.00185,-80.995918,102.8,5.32,0.0,3.67,13.0,3D,2025-08-19 06:46:09-04:00,POINT (-80.995918 34.00185)
2025-08-19 01:00:18 UTC,sensor01,218208153,23.77,95.63,2025-08-19 10:46:14+00:00,34.002085,-80.995917,103.8,5.74,0.2,2.7,13.0,3D,2025-08-19 06:46:14-04:00,POINT (-80.995917 34.002085)
2025-08-19 01:00:23 UTC,sensor01,218208153,23.75,95.64,2025-08-19 10:46:19+00:00,34.002328,-80.995893,105.5,4.9,0.5,4.79,13.0,3D,2025-08-19 06:46:19-04:00,POINT (-80.995893 34.002328)
2025-08-19 01:00:28 UTC,sensor01,218208153,23.7,95.68,2025-08-19 10:46:24+00:00,34.002558,-80.995878,107.1,5.2,0.2,358.6,13.0,3D,2025-08-19 06:46:24-04:00,POINT (-80.995878 34.002558)
2025-08-19 01:00:33 UTC,sensor01,218208153,23.71,95.92,2025-08-19 10:46:29+00:00,34.00277,-80.99586,108.3,3.56,0.3,6.13,13.0,3D,2025-08-19 06:46:29-04:00,POINT (-80.99586 34.00277)
2025-08-19 01:00:43 UTC,sensor01,218208153,23.7,96.02,2025-08-19 10:46:39+00:00,34.002938,-80.995757,110.1,2.92,0.1,81.4,13.0,3D,2025-08-19 06:46:39-04:00,POINT (-80.995757 34.002938)
2025-08-19 01:00:48 UTC,sensor01,218208153,23.68,95.98,2025-08-19 10:46:44+00:00,34.002953,-80.995518,109.9,4.83,-0.1,91.87,13.0,3D,2025-08-19 06:46:44-04:00,POINT (-80.995518 34.002953)
2025-08-19 01:00:53 UTC,sensor01,218208153,23.68,96.04,2025-08-19 10:46:49+00:00,34.00294,-80.995225,109.6,5.4,0.0,99.32,13.0,3D,2025-08-19 06:46:49-04:00,POINT (-80.995225 34.00294)
2025-08-19 01:00:58 UTC,sensor01,218208153,23.67,96.17,2025-08-19 10:46:54+00:00,34.002927,-80.99494,109.2,4.86,-0.2,88.82,13.0,3D,2025-08-19 06:46:54-04:00,POINT (-80.99494 34.002927)
2025-08-19 01:01:03 UTC,sensor01,218208153,23.66,96.28,2025-08-19 10:46:59+00:00,34.002917,-80.994648,108.4,4.9,-0.1,98.43,13.0,3D,2025-08-19 06:46:59-04:00,POINT (-80.994648 34.002917)
2025-08-19 01:01:08 UTC,sensor01,218208153,23.64,96.28,2025-08-19 10:47:05+00:00,34.002898,-80.994323,106.0,4.8,-0.6,0.0,13.0,3D,2025-08-19 06:47:05-04:00,POINT (-80.994323 34.002898)
2025-08-19 01:01:13 UTC,sensor01,218208153,23.62,96.41,2025-08-19 10:47:10+00:00,34.002878,-80.994055,104.7,5.44,0.0,0.0,13.0,3D,2025-08-19 06:47:10-04:00,POINT (-80.994055 34.002878)
2025-08-19 01:01:18 UTC,sensor01,218208153,23.62,96.53,2025-08-19 10:47:15+00:00,34.002852,-80.993725,106.7,6.02,0.4,0.0,13.0,3D,2025-08-19 06:47:15-04:00,POINT (-80.993725 34.002852)
2025-08-19 01:01:23 UTC,sensor01,218208153,23.62,96.62,2025-08-19 10:47:20+00:00,34.00284,-80.993423,107.2,5.92,0.4,0.0,12.0,3D,2025-08-19 06:47:20-04:00,POINT (-80.993423 34.00284)
2025-08-19 01:01:28 UTC,sensor01,218208153,23.6,96.39,2025-08-19 10:47:25+00:00,34.002835,-80.993125,109.0,4.97,0.5,94.7,12.0,3D,2025-08-19 06:47:25-04:00,POINT (-80.993125 34.002835)
2025-08-19 01:01:33 UTC,sensor01,218208153,23.63,96.42,2025-08-19 10:47:30+00:00,34.002805,-80.992885,110.3,3.41,0.2,100.66,11.0,3D,2025-08-19 06:47:30-04:00,POINT (-80.992885 34.002805)
2025-08-19 01:01:43 UTC,sensor01,218208153,23.62,96.45,2025-08-19 10:47:40+00:00,34.00274,-80.992778,110.5,2.44,-0.1,152.8,11.0,3D,2025-08-19 06:47:40-04:00,POINT (-80.992778 34.00274)
2025-08-19 01:01:48 UTC,sensor01,218208153,23.62,96.72,2025-08-19 10:47:45+00:00,34.002575,-80.992772,110.4,4.33,0.0,182.28,11.0,3D,2025-08-19 06:47:45-04:00,POINT (-80.992772 34.002575)
2025-08-19 01:01:53 UTC,sensor01,218208153,23.62,96.79,2025-08-19 10:47:50+00:00,34.002378,-80.992765,109.6,4.83,0.0,181.93,11.0,3D,2025-08-19 06:47:50-04:00,POINT (-80.992765 34.002378)
2025-08-19 01:01:58 UTC,sensor01,218208153,23.62,96.67,2025-08-19 10:47:55+00:00,34.002172,-80.992775,108.0,4.06,-0.5,184.14,11.0,3D,2025-08-19 06:47:55-04:00,POINT (-80.992775 34.002172)
2025-08-18 23:52:47 UTC,sensor03,218191466,23.72,94.43,2025-08-19 10:00:46+00:00,33.97086,-80.989517,73.5,4.76,0.0,186.34,9.0,3D,2025-08-19 06:00:46-04:00,POINT (-80.989517 33.97086)
2025-08-18 23:52:52 UTC,sensor03,218191466,23.67,94.61,2025-08-19 10:00:51+00:00,33.97065,-80.989538,72.9,4.55,-0.2,177.5,9.0,3D,2025-08-19 06:00:51-04:00,POINT (-80.989538 33.97065)
2025-08-18 23:52:57 UTC,sensor03,218191466,23.61,94.79,2025-08-19 10:00:56+00:00,33.970418,-80.989572,72.6,4.5,0.0,183.03,10.0,3D,2025-08-19 06:00:56-04:00,POINT (-80.989572 33.970418)
2025-08-18 23:53:02 UTC,sensor03,218191466,23.6,95.02,2025-08-19 10:01:01+00:00,33.970207,-80.989563,72.6,4.61,0.1,170.84,10.0,3D,2025-08-19 06:01:01-04:00,POINT (-80.989563 33.970207)
2025-08-18 23:53:07 UTC,sensor03,218191466,23.58,95.21,2025-08-19 10:01:06+00:00,33.969972,-80.989568,72.8,4.56,0.0,172.03,10.0,3D,2025-08-19 06:01:06-04:00,POINT (-80.989568 33.969972)
2025-08-18 23:53:12 UTC,sensor03,218191466,23.56,95.29,2025-08-19 10:01:11+00:00,33.969722,-80.989562,72.9,5.34,0.1,174.87,10.0,3D,2025-08-19 06:01:11-04:00,POINT (-80.989562 33.969722)
2025-08-18 23:53:17 UTC,sensor03,218191466,23.58,95.34,2025-08-19 10:01:17+00:00,33.96943,-80.989602,73.0,4.96,0.0,0.0,10.0,3D,2025-08-19 06:01:17-04:00,POINT (-80.989602 33.96943)
2025-08-18 23:53:22 UTC,sensor03,218191466,23.58,95.36,2025-08-19 10:01:22+00:00,33.969415,-80.989738,73.6,3.79,0.0,0.0,10.0,3D,2025-08-19 06:01:22-04:00,POINT (-80.989738 33.969415)
2025-08-18 23:53:27 UTC,sensor03,218191466,23.55,95.48,2025-08-19 10:01:27+00:00,33.969565,-80.98999,73.1,6.56,-0.2,0.0,10.0,3D,2025-08-19 06:01:27-04:00,POINT (-80.98999 33.969565)
2025-08-18 23:53:32 UTC,sensor03,218191466,23.56,95.62,2025-08-19 10:01:32+00:00,33.969712,-80.990272,72.0,5.58,-0.2,302.5,10.0,3D,2025-08-19 06:01:32-04:00,POINT (-80.990272 33.969712)
2025-08-18 23:53:37 UTC,sensor03,218191466,23.55,95.48,2025-08-19 10:01:37+00:00,33.96985,-80.990612,69.7,6.37,-0.4,299.14,10.0,3D,2025-08-19 06:01:37-04:00,POINT (-80.990612 33.96985)
2025-08-18 23:53:42 UTC,sensor03,218191466,23.57,95.45,2025-08-19 10:01:42+00:00,33.970058,-80.990965,68.9,7.45,-0.3,302.59,10.0,3D,2025-08-19 06:01:42-04:00,POINT (-80.990965 33.970058)
2025-08-18 23:53:47 UTC,sensor03,218191466,23.59,95.37,2025-08-19 10:01:47+00:00,33.970245,-80.991357,68.0,8.56,-0.2,298.58,10.0,3D,2025-08-19 06:01:47-04:00,POINT (-80.991357 33.970245)
2025-08-18 23:53:52 UTC,sensor03,218191466,23.6,95.31,2025-08-19 10:01:52+00:00,33.970433,-80.991775,67.3,8.49,-0.1,300.61,10.0,3D,2025-08-19 06:01:52-04:00,POINT (-80.991775 33.970433)
2025-08-18 23:53:57 UTC,sensor03,218191466,23.56,95.38,2025-08-19 10:01:57+00:00,33.970625,-80.992152,66.6,7.8,-0.1,305.1,10.0,3D,2025-08-19 06:01:57-04:00,POINT (-80.992152 33.970625)
2025-08-18 23:54:03 UTC,sensor03,218191466,23.54,95.6,2025-08-19 10:02:02+00:00,33.970812,-80.992507,66.3,7.9,-0.2,302.02,10.0,3D,2025-08-19 06:02:02-04:00,POINT (-80.992507 33.970812)
2025-08-18 23:54:08 UTC,sensor03,218191466,23.58,95.82,2025-08-19 10:02:07+00:00,33.970983,-80.992807,66.3,6.98,0.1,301.89,10.0,3D,2025-08-19 06:02:07-04:00,POINT (-80.992807 33.970983)
2025-08-18 23:54:13 UTC,sensor03,218191466,23.6,95.61,2025-08-19 10:02:12+00:00,33.97113,-80.99306,66.9,5.85,0.1,301.32,11.0,3D,2025-08-19 06:02:12-04:00,POINT (-80.99306 33.97113)
2025-08-18 23:54:18 UTC,sensor03,218191466,23.58,95.45,2025-08-19 10:02:17+00:00,33.971353,-80.993142,68.1,5.96,0.2,355.92,11.0,3D,2025-08-19 06:02:17-04:00,POINT (-80.993142 33.971353)
2025-08-18 23:54:23 UTC,sensor03,218191466,23.56,95.73,2025-08-19 10:02:22+00:00,33.971668,-80.99305,68.9,6.11,0.2,11.87,11.0,3D,2025-08-19 06:02:22-04:00,POINT (-80.99305 33.971668)
2025-08-18 23:54:28 UTC,sensor03,218191466,23.54,95.86,2025-08-19 10:02:27+00:00,33.971932,-80.993027,69.9,5.99,0.1,6.75,11.0,3D,2025-08-19 06:02:27-04:00,POINT (-80.993027 33.971932)
2025-08-18 23:54:33 UTC,sensor03,218191466,23.53,95.76,2025-08-19 10:02:32+00:00,33.972198,-80.993185,70.9,5.17,0.3,305.9,11.0,3D,2025-08-19 06:02:32-04:00,POINT (-80.993185 33.972198)
2025-08-18 23:54:38 UTC,sensor03,218191466,23.56,95.74,2025-08-19 10:02:37+00:00,33.972285,-80.993515,71.5,6.97,0.1,286.87,11.0,3D,2025-08-19 06:02:37-04:00,POINT (-80.993515 33.972285)
2025-08-18 23:54:43 UTC,sensor03,218191466,23.59,95.71,2025-08-19 10:02:42+00:00,33.972398,-80.993877,72.0,6.77,0.1,292.14,11.0,3D,2025-08-19 06:02:42-04:00,POINT (-80.993877 33.972398)
2025-08-18 23:54:48 UTC,sensor03,218191466,23.62,95.49,2025-08-19 10:02:47+00:00,33.972552,-80.994182,72.1,6.52,-0.1,306.36,11.0,3D,2025-08-19 06:02:47-04:00,POINT (-80.994182 33.972552)
2025-08-18 23:54:53 UTC,sensor03,218191466,23.62,95.37,2025-08-19 10:02:52+00:00,33.972728,-80.994453,71.0,6.53,-0.3,304.68,11.0,3D,2025-08-19 06:02:52-04:00,POINT (-80.994453 33.972728)
2025-08-18 23:54:58 UTC,sensor03,218191466,23.62,95.47,2025-08-19 10:02:57+00:00,33.9729,-80.99473,69.9,6.39,-0.2,304.93,11.0,3D,2025-08-19 06:02:57-04:00,POINT (-80.99473 33.9729)
2025-08-18 23:55:03 UTC,sensor03,218191466,23.63,95.52,2025-08-19 10:03:02+00:00,33.973082,-80.995025,68.6,6.35,-0.3,305.94,11.0,3D,2025-08-19 06:03:02-04:00,POINT (-80.995025 33.973082)
2025-08-18 23:55:08 UTC,sensor03,218191466,23.62,95.5,2025-08-19 10:03:07+00:00,33.973248,-80.99531,67.1,6.51,-0.3,301.77,11.0,3D,2025-08-19 06:03:07-04:00,POINT (-80.99531 33.973248)
2025-08-18 23:55:13 UTC,sensor03,218191466,23.61,95.72,2025-08-19 10:03:12+00:00,33.973398,-80.995583,65.5,5.98,-0.4,299.42,11.0,3D,2025-08-19 06:03:12-04:00,POINT (-80.995583 33.973398)
2025-08-18 23:55:18 UTC,sensor03,218191466,23.61,96.07,2025-08-19 10:03:18+00:00,33.973612,-80.995863,63.1,6.04,-0.3,0.0,11.0,3D,2025-08-19 06:03:18-04:00,POINT (-80.995863 33.973612)
2025-08-18 23:55:23 UTC,sensor03,218191466,23.66,96.29,2025-08-19 10:03:23+00:00,33.973763,-80.99612,62.1,5.57,-0.2,0.0,11.0,3D,2025-08-19 06:03:23-04:00,POINT (-80.99612 33.973763)
2025-08-18 23:55:28 UTC,sensor03,218191466,23.52,96.13,2025-08-19 10:03:28+00:00,33.97392,-80.996348,61.0,6.12,-0.2,311.85,11.0,3D,2025-08-19 06:03:28-04:00,POINT (-80.996348 33.97392)
2025-08-18 23:55:33 UTC,sensor03,218191466,23.45,96.43,2025-08-19 10:03:33+00:00,33.97407,-80.996585,60.7,5.54,0.1,310.09,11.0,3D,2025-08-19 06:03:33-04:00,POINT (-80.996585 33.97407)
2025-08-18 23:55:38 UTC,sensor03,218191466,23.41,96.72,2025-08-19 10:03:38+00:00,33.974207,-80.996843,60.8,5.3,0.0,303.87,11.0,3D,2025-08-19 06:03:38-04:00,POINT (-80.996843 33.974207)
2025-08-18 23:55:43 UTC,sensor03,218191466,23.44,96.93,2025-08-19 10:03:43+00:00,33.97435,-80.997105,61.2,5.45,0.2,308.78,10.0,3D,2025-08-19 06:03:43-04:00,POINT (-80.997105 33.97435)
2025-08-18 23:55:48 UTC,sensor03,218191466,23.44,97.02,2025-08-19 10:03:48+00:00,33.974505,-80.997333,62.0,5.22,0.1,303.64,10.0,3D,2025-08-19 06:03:48-04:00,POINT (-80.997333 33.974505)
2025-08-18 23:55:54 UTC,sensor03,218191466,23.44,97.0,2025-08-19 10:03:53+00:00,33.974642,-80.997578,62.9,5.26,0.2,299.25,10.0,3D,2025-08-19 06:03:53-04:00,POINT (-80.997578 33.974642)
2025-08-18 23:55:59 UTC,sensor03,218191466,23.42,96.82,2025-08-19 10:03:58+00:00,33.974782,-80.997813,64.4,5.17,0.4,308.51,10.0,3D,2025-08-19 06:03:58-04:00,POINT (-80.997813 33.974782)
2025-08-18 23:56:04 UTC,sensor03,218191466,23.46,96.62,2025-08-19 10:04:03+00:00,33.974928,-80.998078,66.2,6.24,0.4,304.4,10.0,3D,2025-08-19 06:04:03-04:00,POINT (-80.998078 33.974928)
2025-08-18 23:56:09 UTC,sensor03,218191466,23.45,96.59,2025-08-19 10:04:08+00:00,33.975092,-80.998358,68.2,6.13,0.4,306.22,10.0,3D,2025-08-19 06:04:08-04:00,POINT (-80.998358 33.975092)
2025-08-18 23:56:14 UTC,sensor03,218191466,23.48,96.56,2025-08-19 10:04:13+00:00,33.97525,-80.998632,70.1,5.87,0.4,301.17,10.0,3D,2025-08-19 06:04:13-04:00,POINT (-80.998632 33.97525)
2025-08-18 23:56:19 UTC,sensor03,218191466,23.5,96.63,2025-08-19 10:04:18+00:00,33.975398,-80.998893,72.1,5.75,0.4,310.68,10.0,3D,2025-08-19 06:04:18-04:00,POINT (-80.998893 33.975398)
2025-08-18 23:56:24 UTC,sensor03,218191466,23.5,96.43,2025-08-19 10:04:23+00:00,33.975543,-80.999148,74.7,5.74,0.5,304.21,10.0,3D,2025-08-19 06:04:23-04:00,POINT (-80.999148 33.975543)
2025-08-18 23:56:29 UTC,sensor03,218191466,23.48,96.4,2025-08-19 10:04:28+00:00,33.975692,-80.999423,76.8,6.3,0.4,300.44,9.0,3D,2025-08-19 06:04:28-04:00,POINT (-80.999423 33.975692)
2025-08-18 23:56:34 UTC,sensor03,218191466,23.5,96.42,2025-08-19 10:04:33+00:00,33.975867,-80.999712,78.7,6.22,0.5,309.06,9.0,3D,2025-08-19 06:04:33-04:00,POINT (-80.999712 33.975867)
2025-08-18 23:56:39 UTC,sensor03,218191466,23.5,96.43,2025-08-19 10:04:38+00:00,33.976023,-80.999997,81.2,6.16,0.5,304.27,9.0,3D,2025-08-19 06:04:38-04:00,POINT (-80.999997 33.976023)
2025-08-18 23:56:44 UTC,sensor03,218191466,23.52,96.39,2025-08-19 10:04:43+00:00,33.976198,-81.000292,83.6,6.54,0.5,305.86,9.0,3D,2025-08-19 06:04:43-04:00,POINT (-81.000292 33.976198)
2025-08-18 23:56:49 UTC,sensor03,218191466,23.55,96.22,2025-08-19 10:04:48+00:00,33.976348,-81.00057,86.3,5.7,0.6,301.76,9.0,3D,2025-08-19 06:04:48-04:00,POINT (-81.00057 33.976348)
2025-08-18 23:56:54 UTC,sensor03,218191466,23.58,96.14,2025-08-19 10:04:53+00:00,33.976492,-81.000838,89.4,5.55,0.7,305.07,11.0,3D,2025-08-19 06:04:53-04:00,POINT (-81.000838 33.976492)
2025-08-18 23:56:59 UTC,sensor03,218191466,23.59,96.0,2025-08-19 10:04:58+00:00,33.976623,-81.001113,89.5,6.31,-2.3,301.57,11.0,3D,2025-08-19 06:04:58-04:00,POINT (-81.001113 33.976623)
2025-08-18 23:57:04 UTC,sensor03,218191466,23.56,95.86,2025-08-19 10:05:04+00:00,33.976798,-81.001408,93.1,5.62,0.4,0.0,11.0,3D,2025-08-19 06:05:04-04:00,POINT (-81.001408 33.976798)
2025-08-18 23:57:09 UTC,sensor03,218191466,23.57,95.88,2025-08-19 10:05:09+00:00,33.976942,-81.001637,95.8,4.97,0.6,0.0,11.0,3D,2025-08-19 06:05:09-04:00,POINT (-81.001637 33.976942)
2025-08-18 23:57:14 UTC,sensor03,218191466,23.53,96.02,2025-08-19 10:05:14+00:00,33.977073,-81.001848,98.1,4.86,0.5,0.0,11.0,3D,2025-08-19 06:05:14-04:00,POINT (-81.001848 33.977073)
2025-08-18 23:57:19 UTC,sensor03,218191466,23.56,95.99,2025-08-19 10:05:19+00:00,33.97723,-81.00194,100.6,3.9,0.6,11.26,11.0,3D,2025-08-19 06:05:19-04:00,POINT (-81.00194 33.97723)
2025-08-18 23:57:24 UTC,sensor03,218191466,23.56,96.0,2025-08-19 10:05:24+00:00,33.977438,-81.001813,102.5,5.94,0.3,29.34,11.0,3D,2025-08-19 06:05:24-04:00,POINT (-81.001813 33.977438)
2025-08-18 23:57:40 UTC,sensor03,218191466,23.5,95.87,2025-08-19 10:05:39+00:00,33.978077,-81.00145,103.3,2.58,0.0,335.13,8.0,3D,2025-08-19 06:05:39-04:00,POINT (-81.00145 33.978077)
2025-08-18 23:57:45 UTC,sensor03,218191466,23.49,95.93,2025-08-19 10:05:44+00:00,33.978262,-81.001907,103.0,6.41,-0.1,301.99,8.0,3D,2025-08-19 06:05:44-04:00,POINT (-81.001907 33.978262)
2025-08-18 23:57:50 UTC,sensor03,218191466,23.54,96.05,2025-08-19 10:05:45+00:00,33.978305,-81.002007,102.9,6.62,-0.1,303.46,8.0,3D,2025-08-19 06:05:45-04:00,POINT (-81.002007 33.978305)
2025-08-18 23:57:55 UTC,sensor03,218191466,23.52,96.01,2025-08-19 10:05:51+00:00,33.97851,-81.002495,0.0,6.75,0.0,296.73,8.0,3D,2025-08-19 06:05:51-04:00,POINT (-81.002495 33.97851)
2025-08-18 23:58:00 UTC,sensor03,218191466,23.48,96.06,2025-08-19 10:05:59+00:00,33.978748,-81.002982,102.4,6.46,0.0,300.36,9.0,3D,2025-08-19 06:05:59-04:00,POINT (-81.002982 33.978748)
2025-08-18 23:58:05 UTC,sensor03,218191466,23.46,96.16,2025-08-19 10:06:04+00:00,33.978918,-81.003288,102.0,6.36,-0.1,304.05,9.0,3D,2025-08-19 06:06:04-04:00,POINT (-81.003288 33.978918)
2025-08-18 23:58:10 UTC,sensor03,218191466,23.45,96.31,2025-08-19 10:06:09+00:00,33.979055,-81.003563,101.4,5.81,-0.2,294.81,9.0,3D,2025-08-19 06:06:09-04:00,POINT (-81.003563 33.979055)
2025-08-18 23:58:15 UTC,sensor03,218191466,23.46,96.41,2025-08-19 10:06:14+00:00,33.979203,-81.003838,100.5,5.69,-0.1,300.24,9.0,3D,2025-08-19 06:06:14-04:00,POINT (-81.003838 33.979203)
2025-08-18 23:58:20 UTC,sensor03,218191466,23.42,96.51,2025-08-19 10:06:19+00:00,33.979362,-81.004095,99.0,6.29,-0.2,302.38,9.0,3D,2025-08-19 06:06:19-04:00,POINT (-81.004095 33.979362)
2025-08-18 23:58:25 UTC,sensor03,218191466,23.44,96.64,2025-08-19 10:06:24+00:00,33.979522,-81.004463,96.2,6.78,-0.6,303.52,9.0,3D,2025-08-19 06:06:24-04:00,POINT (-81.004463 33.979522)
2025-08-18 23:58:30 UTC,sensor03,218191466,23.42,96.54,2025-08-19 10:06:29+00:00,33.979692,-81.004795,92.7,6.37,-0.7,301.9,9.0,3D,2025-08-19 06:06:29-04:00,POINT (-81.004795 33.979692)
2025-08-18 23:58:35 UTC,sensor03,218191466,23.46,96.57,2025-08-19 10:06:34+00:00,33.979835,-81.005057,90.4,5.85,-0.4,303.07,9.0,3D,2025-08-19 06:06:34-04:00,POINT (-81.005057 33.979835)
2025-08-18 23:58:40 UTC,sensor03,218191466,23.47,96.46,2025-08-19 10:06:39+00:00,33.980013,-81.005385,86.9,6.62,-0.7,301.22,9.0,3D,2025-08-19 06:06:39-04:00,POINT (-81.005385 33.980013)
2025-08-18 23:58:45 UTC,sensor03,218191466,23.47,96.51,2025-08-19 10:06:45+00:00,33.980185,-81.005687,83.1,5.79,-0.4,0.0,9.0,3D,2025-08-19 06:06:45-04:00,POINT (-81.005687 33.980185)
2025-08-18 23:58:50 UTC,sensor03,218191466,23.48,96.5,2025-08-19 10:06:50+00:00,33.98032,-81.005907,80.5,5.09,-0.4,0.0,9.0,3D,2025-08-19 06:06:50-04:00,POINT (-81.005907 33.98032)
2025-08-18 23:58:55 UTC,sensor03,218191466,23.46,96.72,2025-08-19 10:06:55+00:00,33.980472,-81.006143,78.2,5.24,-0.4,309.47,9.0,3D,2025-08-19 06:06:55-04:00,POINT (-81.006143 33.980472)
2025-08-18 23:59:00 UTC,sensor03,218191466,23.47,96.66,2025-08-19 10:07:00+00:00,33.980667,-81.006457,76.1,6.26,-0.4,302.2,9.0,3D,2025-08-19 06:07:00-04:00,POINT (-81.006457 33.980667)
2025-08-18 23:59:05 UTC,sensor03,218191466,23.47,96.6,2025-08-19 10:07:05+00:00,33.980828,-81.00684,76.3,6.55,-0.1,307.54,9.0,3D,2025-08-19 06:07:05-04:00,POINT (-81.00684 33.980828)
2025-08-18 23:59:10 UTC,sensor03,218191466,23.44,96.55,2025-08-19 10:07:10+00:00,33.981008,-81.007107,74.9,5.01,-0.3,314.5,9.0,3D,2025-08-19 06:07:10-04:00,POINT (-81.007107 33.981008)
2025-08-18 23:59:16 UTC,sensor03,218191466,23.45,96.77,2025-08-19 10:07:15+00:00,33.981167,-81.00737,73.6,6.42,-0.2,304.64,9.0,3D,2025-08-19 06:07:15-04:00,POINT (-81.00737 33.981167)
2025-08-18 23:59:21 UTC,sensor03,218191466,23.44,96.69,2025-08-19 10:07:20+00:00,33.981333,-81.007607,72.5,3.89,-0.2,316.99,9.0,3D,2025-08-19 06:07:20-04:00,POINT (-81.007607 33.981333)
2025-08-18 23:59:26 UTC,sensor03,218191466,23.45,96.77,2025-08-19 10:07:25+00:00,33.981447,-81.007842,71.7,4.02,-0.2,305.25,9.0,3D,2025-08-19 06:07:25-04:00,POINT (-81.007842 33.981447)
2025-08-18 23:59:31 UTC,sensor03,218191466,23.45,96.69,2025-08-19 10:07:30+00:00,33.981553,-81.008148,70.6,3.94,-0.1,296.55,9.0,3D,2025-08-19 06:07:30-04:00,POINT (-81.008148 33.981553)
2025-08-18 23:59:36 UTC,sensor03,218191466,23.44,96.64,2025-08-19 10:07:35+00:00,33.981637,-81.00839,69.8,4.53,-0.1,290.5,9.0,3D,2025-08-19 06:07:35-04:00,POINT (-81.00839 33.981637)
2025-08-18 23:59:41 UTC,sensor03,218191466,23.44,96.67,2025-08-19 10:07:40+00:00,33.981717,-81.00864,68.7,4.38,-0.2,289.34,9.0,3D,2025-08-19 06:07:40-04:00,POINT (-81.00864 33.981717)
2025-08-18 23:59:46 UTC,sensor03,218191466,23.49,96.73,2025-08-19 10:07:45+00:00,33.981773,-81.008898,67.6,5.05,-0.2,287.54,9.0,3D,2025-08-19 06:07:45-04:00,POINT (-81.008898 33.981773)
2025-08-18 23:59:51 UTC,sensor03,218191466,23.45,96.65,2025-08-19 10:07:50+00:00,33.981773,-81.008898,67.6,5.05,-0.2,287.54,9.0,3D,2025-08-19 06:07:50-04:00,POINT (-81.008898 33.981773)
2025-08-18 23:59:56 UTC,sensor03,218191466,23.45,96.68,2025-08-19 10:07:55+00:00,33.9819,-81.009465,63.8,5.67,-0.4,285.26,9.0,3D,2025-08-19 06:07:55-04:00,POINT (-81.009465 33.9819)
2025-08-19 00:00:01 UTC,sensor03,218191466,23.48,96.76,2025-08-19 10:08:00+00:00,33.981962,-81.009815,62.0,6.28,-0.4,280.98,9.0,3D,2025-08-19 06:08:00-04:00,POINT (-81.009815 33.981962)
2025-08-19 00:00:06 UTC,sensor03,218191466,23.47,96.88,2025-08-19 10:08:05+00:00,33.98207,-81.010223,61.7,6.63,-0.4,314.68,10.0,3D,2025-08-19 06:08:05-04:00,POINT (-81.010223 33.98207)
2025-08-19 00:00:11 UTC,sensor03,218191466,23.42,96.8,2025-08-19 10:08:10+00:00,33.98237,-81.010377,60.4,7.33,-0.2,341.76,11.0,3D,2025-08-19 06:08:10-04:00,POINT (-81.010377 33.98237)
2025-08-19 00:00:16 UTC,sensor03,218191466,23.39,96.8,2025-08-19 10:08:15+00:00,33.982678,-81.010518,59.5,6.92,-0.1,339.46,11.0,3D,2025-08-19 06:08:15-04:00,POINT (-81.010518 33.982678)
2025-08-19 00:00:21 UTC,sensor03,218191466,23.4,97.01,2025-08-19 10:08:20+00:00,33.982995,-81.010667,59.1,7.64,-0.1,345.69,11.0,3D,2025-08-19 06:08:20-04:00,POINT (-81.010667 33.982995)
2025-08-19 00:00:26 UTC,sensor03,218191466,23.39,97.16,2025-08-19 10:08:26+00:00,33.983367,-81.010823,58.8,7.26,0.0,0.0,11.0,3D,2025-08-19 06:08:26-04:00,POINT (-81.010823 33.983367)
2025-08-19 00:00:31 UTC,sensor03,218191466,23.39,97.41,2025-08-19 10:08:31+00:00,33.983638,-81.01095,59.0,6.2,0.1,0.0,11.0,3D,2025-08-19 06:08:31-04:00,POINT (-81.01095 33.983638)
2025-08-19 00:00:36 UTC,sensor03,218191466,23.39,97.31,2025-08-19 10:08:36+00:00,33.983895,-81.011077,59.7,5.95,0.1,0.0,11.0,3D,2025-08-19 06:08:36-04:00,POINT (-81.011077 33.983895)
2025-08-19 00:00:41 UTC,sensor03,218191466,23.4,97.12,2025-08-19 10:08:41+00:00,33.984143,-81.011195,60.6,5.93,0.2,340.15,11.0,3D,2025-08-19 06:08:41-04:00,POINT (-81.011195 33.984143)
2025-08-19 00:00:46 UTC,sensor03,218191466,23.44,97.06,2025-08-19 10:08:46+00:00,33.984382,-81.011318,61.2,6.17,0.2,336.62,11.0,3D,2025-08-19 06:08:46-04:00,POINT (-81.011318 33.984382)
2025-08-19 00:00:51 UTC,sensor03,218191466,23.43,96.97,2025-08-19 10:08:51+00:00,33.984652,-81.011427,61.8,6.43,0.1,340.1,11.0,3D,2025-08-19 06:08:51-04:00,POINT (-81.011427 33.984652)
2025-08-19 00:00:56 UTC,sensor03,218191466,23.53,96.76,2025-08-19 10:08:56+00:00,33.984955,-81.011537,62.6,6.42,0.2,339.72,11.0,3D,2025-08-19 06:08:56-04:00,POINT (-81.011537 33.984955)
2025-08-19 00:01:01 UTC,sensor03,218191466,23.63,96.28,2025-08-19 10:09:01+00:00,33.985242,-81.011663,63.4,6.25,0.3,337.29,11.0,3D,2025-08-19 06:09:01-04:00,POINT (-81.011663 33.985242)
2025-08-19 00:01:07 UTC,sensor03,218191466,23.58,96.06,2025-08-19 10:09:06+00:00,33.985513,-81.01177,64.1,6.19,0.0,336.69,11.0,3D,2025-08-19 06:09:06-04:00,POINT (-81.01177 33.985513)
2025-08-19 00:01:12 UTC,sensor03,218191466,23.52,96.33,2025-08-19 10:09:11+00:00,33.985782,-81.0119,64.6,6.18,0.1,336.48,12.0,3D,2025-08-19 06:09:11-04:00,POINT (-81.0119 33.985782)
2025-08-19 00:01:17 UTC,sensor03,218191466,23.53,96.32,2025-08-19 10:09:16+00:00,33.986037,-81.012015,65.1,6.02,0.1,338.07,12.0,3D,2025-08-19 06:09:16-04:00,POINT (-81.012015 33.986037)
2025-08-19 00:01:22 UTC,sensor03,218191466,23.49,96.19,2025-08-19 10:09:21+00:00,33.986323,-81.012135,65.4,5.98,0.0,335.89,12.0,3D,2025-08-19 06:09:21-04:00,POINT (-81.012135 33.986323)
2025-08-19 00:01:27 UTC,sensor03,218191466,23.5,96.22,2025-08-19 10:09:26+00:00,33.986582,-81.01227,65.9,5.82,0.2,337.07,11.0,3D,2025-08-19 06:09:26-04:00,POINT (-81.01227 33.986582)
2025-08-19 00:01:32 UTC,sensor03,218191466,23.5,96.31,2025-08-19 10:09:31+00:00,33.986828,-81.012398,66.1,5.86,0.0,337.69,11.0,3D,2025-08-19 06:09:31-04:00,POINT (-81.012398 33.986828)
2025-08-19 00:01:37 UTC,sensor03,218191466,23.5,96.42,2025-08-19 10:09:36+00:00,33.98709,-81.012517,66.3,6.12,0.0,341.47,11.0,3D,2025-08-19 06:09:36-04:00,POINT (-81.012517 33.98709)
2025-08-19 00:01:42 UTC,sensor03,218191466,23.5,96.47,2025-08-19 10:09:41+00:00,33.987347,-81.012663,66.3,6.33,0.0,337.5,11.0,3D,2025-08-19 06:09:41-04:00,POINT (-81.012663 33.987347)
2025-08-19 00:01:47 UTC,sensor03,218191466,23.46,96.56,2025-08-19 10:09:46+00:00,33.987638,-81.012802,66.3,7.07,0.0,338.64,11.0,3D,2025-08-19 06:09:46-04:00,POINT (-81.012802 33.987638)
2025-08-19 00:01:52 UTC,sensor03,218191466,23.44,96.58,2025-08-19 10:09:51+00:00,33.987942,-81.012925,66.1,6.1,-0.1,337.49,11.0,3D,2025-08-19 06:09:51-04:00,POINT (-81.012925 33.987942)
2025-08-19 00:01:57 UTC,sensor03,218191466,23.45,96.72,2025-08-19 10:09:56+00:00,33.988185,-81.013068,66.2,5.44,0.0,333.7,11.0,3D,2025-08-19 06:09:56-04:00,POINT (-81.013068 33.988185)
2025-08-19 00:02:02 UTC,sensor03,218191466,23.45,96.94,2025-08-19 10:10:01+00:00,33.98842,-81.013195,66.3,5.58,0.1,338.74,11.0,3D,2025-08-19 06:10:01-04:00,POINT (-81.013195 33.98842)
2025-08-19 00:02:07 UTC,sensor03,218191466,23.45,96.98,2025-08-19 10:10:06+00:00,33.988667,-81.013335,67.0,5.83,0.0,340.0,11.0,3D,2025-08-19 06:10:06-04:00,POINT (-81.013335 33.988667)
2025-08-19 00:02:12 UTC,sensor03,218191466,23.48,96.86,2025-08-19 10:10:11+00:00,33.988922,-81.013443,67.1,5.6,0.0,335.8,10.0,3D,2025-08-19 06:10:11-04:00,POINT (-81.013443 33.988922)
2025-08-19 00:02:17 UTC,sensor03,218191466,23.48,96.83,2025-08-19 10:10:16+00:00,33.98916,-81.013562,67.4,5.47,0.1,335.44,10.0,3D,2025-08-19 06:10:16-04:00,POINT (-81.013562 33.98916)
2025-08-19 00:02:22 UTC,sensor03,218191466,23.48,96.89,2025-08-19 10:10:21+00:00,33.989397,-81.013685,68.3,5.56,0.1,331.95,10.0,3D,2025-08-19 06:10:21-04:00,POINT (-81.013685 33.989397)
2025-08-19 00:02:27 UTC,sensor03,218191466,23.47,96.72,2025-08-19 10:10:27+00:00,33.989642,-81.01383,69.7,4.47,0.3,0.0,10.0,3D,2025-08-19 06:10:27-04:00,POINT (-81.01383 33.989642)
2025-08-19 00:02:32 UTC,sensor03,218191466,23.49,96.72,2025-08-19 10:10:32+00:00,33.98988,-81.013912,70.8,4.98,0.3,0.0,10.0,3D,2025-08-19 06:10:32-04:00,POINT (-81.013912 33.98988)
2025-08-19 00:02:37 UTC,sensor03,218191466,23.5,96.67,2025-08-19 10:10:37+00:00,33.990078,-81.013988,72.3,4.21,0.3,0.0,10.0,3D,2025-08-19 06:10:37-04:00,POINT (-81.013988 33.990078)
2025-08-19 00:02:42 UTC,sensor03,218191466,23.47,96.7,2025-08-19 10:10:42+00:00,33.990288,-81.014052,73.7,4.56,0.3,341.39,10.0,3D,2025-08-19 06:10:42-04:00,POINT (-81.014052 33.990288)
2025-08-19 00:02:47 UTC,sensor03,218191466,23.47,96.68,2025-08-19 10:10:47+00:00,33.990488,-81.014127,75.4,4.56,0.3,340.08,10.0,3D,2025-08-19 06:10:47-04:00,POINT (-81.014127 33.990488)
2025-08-19 00:02:52 UTC,sensor03,218191466,23.47,96.96,2025-08-19 10:10:52+00:00,33.990705,-81.014222,76.8,4.53,0.2,338.15,10.0,3D,2025-08-19 06:10:52-04:00,POINT (-81.014222 33.990705)
2025-08-19 00:02:58 UTC,sensor03,218191466,23.48,97.06,2025-08-19 10:10:57+00:00,33.990937,-81.014307,77.6,5.46,0.1,341.45,10.0,3D,2025-08-19 06:10:57-04:00,POINT (-81.014307 33.990937)
2025-08-19 00:03:03 UTC,sensor03,218191466,23.46,96.89,2025-08-19 10:11:02+00:00,33.991183,-81.01441,78.6,5.48,0.2,338.69,10.0,3D,2025-08-19 06:11:02-04:00,POINT (-81.01441 33.991183)
2025-08-19 00:03:08 UTC,sensor03,218191466,23.43,97.08,2025-08-19 10:11:07+00:00,33.99143,-81.014522,79.7,5.16,0.2,336.85,10.0,3D,2025-08-19 06:11:07-04:00,POINT (-81.014522 33.99143)
2025-08-19 00:03:13 UTC,sensor03,218191466,23.42,97.2,2025-08-19 10:11:12+00:00,33.991693,-81.014642,81.0,6.28,0.2,336.43,10.0,3D,2025-08-19 06:11:12-04:00,POINT (-81.014642 33.991693)
2025-08-19 00:03:18 UTC,sensor03,218191466,23.4,97.52,2025-08-19 10:11:17+00:00,33.992005,-81.014777,82.5,7.16,0.3,339.21,10.0,3D,2025-08-19 06:11:17-04:00,POINT (-81.014777 33.992005)
2025-08-19 00:03:23 UTC,sensor03,218191466,23.41,97.66,2025-08-19 10:11:22+00:00,33.99229,-81.014955,83.8,6.86,0.2,329.65,10.0,3D,2025-08-19 06:11:22-04:00,POINT (-81.014955 33.99229)
2025-08-19 00:03:28 UTC,sensor03,218191466,23.42,97.43,2025-08-19 10:11:27+00:00,33.992562,-81.015153,84.9,6.58,0.3,324.15,10.0,3D,2025-08-19 06:11:27-04:00,POINT (-81.015153 33.992562)
2025-08-19 00:03:33 UTC,sensor03,218191466,23.48,97.12,2025-08-19 10:11:32+00:00,33.992837,-81.015375,86.1,7.1,0.2,326.18,10.0,3D,2025-08-19 06:11:32-04:00,POINT (-81.015375 33.992837)
2025-08-19 00:03:38 UTC,sensor03,218191466,23.49,97.03,2025-08-19 10:11:37+00:00,33.993107,-81.0156,87.1,6.81,0.3,321.1,10.0,3D,2025-08-19 06:11:37-04:00,POINT (-81.0156 33.993107)
2025-08-19 00:03:43 UTC,sensor03,218191466,23.52,96.9,2025-08-19 10:11:42+00:00,33.99336,-81.015837,88.5,7.03,0.3,320.54,10.0,3D,2025-08-19 06:11:42-04:00,POINT (-81.015837 33.99336)
2025-08-19 00:03:48 UTC,sensor03,218191466,23.48,96.88,2025-08-19 10:11:47+00:00,33.993598,-81.016078,90.0,6.47,0.3,321.46,10.0,3D,2025-08-19 06:11:47-04:00,POINT (-81.016078 33.993598)
2025-08-19 00:03:53 UTC,sensor03,218191466,23.49,96.99,2025-08-19 10:11:52+00:00,33.993835,-81.016332,91.4,6.37,0.0,319.21,10.0,3D,2025-08-19 06:11:52-04:00,POINT (-81.016332 33.993835)
2025-08-19 00:03:58 UTC,sensor03,218191466,23.45,97.31,2025-08-19 10:11:57+00:00,33.994065,-81.01658,93.0,6.73,0.3,320.19,10.0,3D,2025-08-19 06:11:57-04:00,POINT (-81.01658 33.994065)
2025-08-19 00:04:03 UTC,sensor03,218191466,23.49,97.0,2025-08-19 10:12:02+00:00,33.9943,-81.016823,94.9,7.09,0.4,319.66,10.0,3D,2025-08-19 06:12:02-04:00,POINT (-81.016823 33.9943)
2025-08-19 00:04:08 UTC,sensor03,218191466,23.52,96.92,2025-08-19 10:12:08+00:00,33.9946,-81.017117,97.3,6.84,0.4,0.0,4.0,3D,2025-08-19 06:12:08-04:00,POINT (-81.017117 33.9946)
2025-08-19 00:04:13 UTC,sensor03,218191466,23.59,96.77,2025-08-19 10:12:13+00:00,33.99488,-81.017358,99.1,8.32,0.3,0.0,8.0,3D,2025-08-19 06:12:13-04:00,POINT (-81.017358 33.99488)
2025-08-19 00:04:18 UTC,sensor03,218191466,23.57,96.83,2025-08-19 10:12:18+00:00,33.995155,-81.017637,99.6,7.6,0.2,0.0,10.0,3D,2025-08-19 06:12:18-04:00,POINT (-81.017637 33.995155)
2025-08-19 00:04:23 UTC,sensor03,218191466,23.62,96.76,2025-08-19 10:12:23+00:00,33.995428,-81.017937,100.9,8.23,0.2,314.73,10.0,3D,2025-08-19 06:12:23-04:00,POINT (-81.017937 33.995428)
2025-08-19 00:04:54 UTC,sensor03,218191466,23.89,95.2,2025-08-19 10:12:53+00:00,33.997417,-81.018027,100.9,7.1,-0.2,22.67,10.0,3D,2025-08-19 06:12:53-04:00,POINT (-81.018027 33.997417)
2025-08-19 00:04:59 UTC,sensor03,218191466,23.89,94.98,2025-08-19 10:12:58+00:00,33.997737,-81.017858,100.9,7.0,0.0,21.83,10.0,3D,2025-08-19 06:12:58-04:00,POINT (-81.017858 33.997737)
2025-08-19 00:05:14 UTC,sensor03,218191466,23.94,94.5,2025-08-19 10:13:13+00:00,33.998003,-81.01767,99.8,4.49,-0.1,18.19,10.0,3D,2025-08-19 06:13:13-04:00,POINT (-81.01767 33.998003)
2025-08-19 00:05:19 UTC,sensor03,218191466,23.98,94.58,2025-08-19 10:13:18+00:00,33.998237,-81.017545,98.3,5.88,-0.3,24.63,10.0,3D,2025-08-19 06:13:18-04:00,POINT (-81.017545 33.998237)
2025-08-19 00:05:24 UTC,sensor03,218191466,24.03,94.41,2025-08-19 10:13:23+00:00,33.99851,-81.0174,96.5,5.94,-0.4,21.64,10.0,3D,2025-08-19 06:13:23-04:00,POINT (-81.0174 33.99851)
2025-08-19 00:05:29 UTC,sensor03,218191466,24.02,94.32,2025-08-19 10:13:29+00:00,33.998822,-81.017258,93.9,5.62,-0.6,0.0,10.0,3D,2025-08-19 06:13:29-04:00,POINT (-81.017258 33.998822)
2025-08-19 00:05:34 UTC,sensor03,218191466,24.04,94.19,2025-08-19 10:13:34+00:00,33.999048,-81.017157,91.6,5.32,-0.4,0.0,10.0,3D,2025-08-19 06:13:34-04:00,POINT (-81.017157 33.999048)
2025-08-19 00:05:39 UTC,sensor03,218191466,24.06,94.16,2025-08-19 10:13:39+00:00,33.999263,-81.017038,89.0,4.64,-0.4,0.0,10.0,3D,2025-08-19 06:13:39-04:00,POINT (-81.017038 33.999263)
2025-08-19 00:05:44 UTC,sensor03,218191466,24.03,94.26,2025-08-19 10:13:44+00:00,33.999522,-81.016885,86.7,6.87,-0.4,0.0,10.0,3D,2025-08-19 06:13:44-04:00,POINT (-81.016885 33.999522)
2025-08-19 00:05:49 UTC,sensor03,218191466,24.08,94.25,2025-08-19 10:13:48+00:00,33.999748,-81.016903,84.2,5.81,-0.7,346.87,10.0,3D,2025-08-19 06:13:48-04:00,POINT (-81.016903 33.999748)
2025-08-19 00:05:54 UTC,sensor03,218191466,24.07,93.96,2025-08-19 10:13:54+00:00,33.999987,-81.01705,80.3,3.95,-0.7,322.83,10.0,3D,2025-08-19 06:13:54-04:00,POINT (-81.01705 33.999987)
2025-08-19 00:05:59 UTC,sensor03,218191466,24.21,93.5,2025-08-19 10:13:59+00:00,34.000105,-81.017232,76.7,4.63,-0.6,266.73,11.0,3D,2025-08-19 06:13:59-04:00,POINT (-81.017232 34.000105)
2025-08-19 00:06:04 UTC,sensor03,218191466,24.23,93.32,2025-08-19 10:14:04+00:00,34.000063,-81.017535,73.6,5.29,-0.6,245.99,11.0,3D,2025-08-19 06:14:04-04:00,POINT (-81.017535 34.000063)
2025-08-19 00:06:09 UTC,sensor03,218191466,24.11,93.26,2025-08-19 10:14:09+00:00,33.999983,-81.017825,70.9,5.59,-0.4,251.63,11.0,3D,2025-08-19 06:14:09-04:00,POINT (-81.017825 33.999983)
2025-08-19 00:06:15 UTC,sensor03,218191466,24.02,93.55,2025-08-19 10:14:14+00:00,33.999862,-81.018168,68.7,6.27,-0.4,249.83,11.0,3D,2025-08-19 06:14:14-04:00,POINT (-81.018168 33.999862)
2025-08-19 00:06:20 UTC,sensor03,218191466,24.01,93.93,2025-08-19 10:14:19+00:00,33.999753,-81.01852,67.2,6.67,-0.3,248.42,11.0,3D,2025-08-19 06:14:19-04:00,POINT (-81.01852 33.999753)
2025-08-19 00:06:25 UTC,sensor03,218191466,23.98,94.09,2025-08-19 10:14:24+00:00,33.999658,-81.0188,65.4,5.3,-0.4,246.7,11.0,3D,2025-08-19 06:14:24-04:00,POINT (-81.0188 33.999658)
2025-08-19 00:06:30 UTC,sensor03,218191466,23.97,94.39,2025-08-19 10:14:29+00:00,33.999558,-81.019072,63.5,6.03,-0.4,247.89,11.0,3D,2025-08-19 06:14:29-04:00,POINT (-81.019072 33.999558)
2025-08-19 00:06:35 UTC,sensor03,218191466,23.97,94.43,2025-08-19 10:14:34+00:00,33.999472,-81.019367,61.5,5.06,-0.4,244.89,11.0,3D,2025-08-19 06:14:34-04:00,POINT (-81.019367 33.999472)
2025-08-19 00:06:40 UTC,sensor03,218191466,23.92,94.45,2025-08-19 10:14:39+00:00,33.999367,-81.019672,59.2,6.01,-0.5,244.98,11.0,3D,2025-08-19 06:14:39-04:00,POINT (-81.019672 33.999367)
2025-08-19 00:06:45 UTC,sensor03,218191466,23.96,94.66,2025-08-19 10:14:44+00:00,33.999238,-81.020027,57.5,5.99,-0.4,250.24,11.0,3D,2025-08-19 06:14:44-04:00,POINT (-81.020027 33.999238)
2025-08-19 00:06:50 UTC,sensor03,218191466,23.92,94.57,2025-08-19 10:14:49+00:00,33.999143,-81.020322,55.5,5.27,-0.4,248.6,11.0,3D,2025-08-19 06:14:49-04:00,POINT (-81.020322 33.999143)
2025-08-19 00:06:55 UTC,sensor03,218191466,23.86,94.63,2025-08-19 10:14:54+00:00,33.999063,-81.02063,53.7,5.99,-0.4,247.99,11.0,3D,2025-08-19 06:14:54-04:00,POINT (-81.02063 33.999063)
2025-08-19 00:07:00 UTC,sensor03,218191466,23.83,94.74,2025-08-19 10:14:59+00:00,33.998965,-81.020982,52.1,6.09,-0.3,246.68,11.0,3D,2025-08-19 06:14:59-04:00,POINT (-81.020982 33.998965)
2025-08-19 00:07:05 UTC,sensor03,218191466,23.81,94.87,2025-08-19 10:15:05+00:00,33.998855,-81.021327,49.5,5.55,-0.4,0.0,11.0,3D,2025-08-19 06:15:05-04:00,POINT (-81.021327 33.998855)
2025-08-19 00:07:10 UTC,sensor03,218191466,23.84,94.99,2025-08-19 10:15:10+00:00,33.998755,-81.021633,47.8,5.69,-0.4,0.0,11.0,3D,2025-08-19 06:15:10-04:00,POINT (-81.021633 33.998755)
2025-08-19 00:07:15 UTC,sensor03,218191466,23.89,94.91,2025-08-19 10:15:15+00:00,33.998657,-81.02196,45.9,7.25,-0.3,0.0,4.0,3D,2025-08-19 06:15:15-04:00,POINT (-81.02196 33.998657)
2025-08-19 00:07:21 UTC,sensor03,218191466,23.95,94.86,2025-08-19 10:15:20+00:00,33.998537,-81.022328,43.8,7.16,-0.3,248.6,11.0,3D,2025-08-19 06:15:20-04:00,POINT (-81.022328 33.998537)
2025-08-19 00:07:26 UTC,sensor03,218191466,23.93,94.69,2025-08-19 10:15:25+00:00,33.998427,-81.02268,42.3,5.96,-0.4,248.97,11.0,3D,2025-08-19 06:15:25-04:00,POINT (-81.02268 33.998427)
2025-08-19 00:07:31 UTC,sensor03,218191466,23.89,94.57,2025-08-19 10:15:30+00:00,33.998335,-81.023015,40.1,6.56,-0.4,249.95,11.0,3D,2025-08-19 06:15:30-04:00,POINT (-81.023015 33.998335)
2025-08-19 00:07:36 UTC,sensor03,218191466,23.85,94.64,2025-08-19 10:15:35+00:00,33.998222,-81.02332,38.3,6.09,-0.3,245.07,11.0,3D,2025-08-19 06:15:35-04:00,POINT (-81.02332 33.998222)
2025-08-19 00:07:41 UTC,sensor03,218191466,23.91,94.55,2025-08-19 10:15:40+00:00,33.998117,-81.023685,36.5,6.34,-0.4,244.72,11.0,3D,2025-08-19 06:15:40-04:00,POINT (-81.023685 33.998117)
2025-08-19 00:07:46 UTC,sensor03,218191466,23.97,94.91,2025-08-19 10:15:46+00:00,33.997972,-81.024075,34.7,8.62,-0.1,0.0,11.0,3D,2025-08-19 06:15:46-04:00,POINT (-81.024075 33.997972)
2025-08-19 00:07:51 UTC,sensor03,218191466,24.03,94.64,2025-08-19 10:15:49+00:00,33.997932,-81.024363,34.3,6.25,-0.3,249.76,11.0,3D,2025-08-19 06:15:49-04:00,POINT (-81.024363 33.997932)
2025-08-19 00:08:17 UTC,sensor03,218191466,24.11,93.99,2025-08-19 10:16:16+00:00,33.997782,-81.024925,32.5,2.69,0.1,244.97,11.0,3D,2025-08-19 06:16:16-04:00,POINT (-81.024925 33.997782)
2025-08-19 00:08:22 UTC,sensor03,218191466,24.15,93.94,2025-08-19 10:16:21+00:00,33.997727,-81.025122,33.4,4.51,0.2,252.51,11.0,3D,2025-08-19 06:16:21-04:00,POINT (-81.025122 33.997727)
2025-08-19 00:08:27 UTC,sensor03,218191466,24.12,94.04,2025-08-19 10:16:26+00:00,33.99772,-81.025348,34.8,3.05,0.2,252.31,11.0,3D,2025-08-19 06:16:26-04:00,POINT (-81.025348 33.99772)
2025-08-19 00:08:32 UTC,sensor03,218191466,24.08,94.05,2025-08-19 10:16:31+00:00,33.99767,-81.025547,35.7,4.56,0.2,250.02,11.0,3D,2025-08-19 06:16:31-04:00,POINT (-81.025547 33.99767)
2025-08-19 00:08:37 UTC,sensor03,218191466,24.03,93.95,2025-08-19 10:16:36+00:00,33.997622,-81.02579,36.7,4.96,0.2,248.37,11.0,3D,2025-08-19 06:16:36-04:00,POINT (-81.02579 33.997622)
2025-08-19 00:08:42 UTC,sensor03,218191466,23.92,94.2,2025-08-19 10:16:42+00:00,33.997498,-81.026148,37.5,6.49,0.2,0.0,11.0,3D,2025-08-19 06:16:42-04:00,POINT (-81.026148 33.997498)
2025-08-19 00:08:47 UTC,sensor03,218191466,23.85,94.44,2025-08-19 10:16:47+00:00,33.99742,-81.026492,38.9,5.99,0.2,253.11,11.0,3D,2025-08-19 06:16:47-04:00,POINT (-81.026492 33.99742)
2025-08-19 00:08:52 UTC,sensor03,218191466,23.86,94.69,2025-08-19 10:16:52+00:00,33.997308,-81.026837,40.6,6.01,0.4,246.9,11.0,3D,2025-08-19 06:16:52-04:00,POINT (-81.026837 33.997308)
2025-08-19 00:08:57 UTC,sensor03,218191466,23.83,94.62,2025-08-19 10:16:57+00:00,33.9972,-81.027157,42.3,6.5,0.4,251.53,11.0,3D,2025-08-19 06:16:57-04:00,POINT (-81.027157 33.9972)
2025-08-19 00:09:03 UTC,sensor03,218191466,23.81,94.62,2025-08-19 10:17:02+00:00,33.997062,-81.02751,43.9,6.33,0.2,250.85,11.0,3D,2025-08-19 06:17:02-04:00,POINT (-81.02751 33.997062)
2025-08-19 00:09:08 UTC,sensor03,218191466,23.83,94.69,2025-08-19 10:17:07+00:00,33.996943,-81.027858,45.5,6.29,0.3,247.2,11.0,3D,2025-08-19 06:17:07-04:00,POINT (-81.027858 33.996943)
2025-08-19 00:09:13 UTC,sensor03,218191466,23.8,94.81,2025-08-19 10:17:12+00:00,33.996855,-81.028147,46.4,5.51,0.2,245.27,11.0,3D,2025-08-19 06:17:12-04:00,POINT (-81.028147 33.996855)
2025-08-19 00:09:18 UTC,sensor03,218191466,23.78,94.68,2025-08-19 10:17:17+00:00,33.996752,-81.028448,47.3,5.79,0.2,246.01,11.0,3D,2025-08-19 06:17:17-04:00,POINT (-81.028448 33.996752)
2025-08-19 00:09:23 UTC,sensor03,218191466,23.81,94.81,2025-08-19 10:17:22+00:00,33.996673,-81.028718,48.1,4.98,0.2,248.83,11.0,3D,2025-08-19 06:17:22-04:00,POINT (-81.028718 33.996673)
2025-08-19 00:09:28 UTC,sensor03,218191466,23.79,94.85,2025-08-19 10:17:27+00:00,33.996598,-81.028985,48.5,4.82,0.1,246.26,11.0,3D,2025-08-19 06:17:27-04:00,POINT (-81.028985 33.996598)
2025-08-19 00:09:33 UTC,sensor03,218191466,23.88,94.78,2025-08-19 10:17:32+00:00,33.996505,-81.029268,49.5,4.93,0.1,241.81,11.0,3D,2025-08-19 06:17:32-04:00,POINT (-81.029268 33.996505)
2025-08-19 00:09:38 UTC,sensor03,218191466,23.89,94.61,2025-08-19 10:17:37+00:00,33.996502,-81.029507,49.9,3.92,0.1,293.59,11.0,3D,2025-08-19 06:17:37-04:00,POINT (-81.029507 33.996502)
2025-08-19 00:09:43 UTC,sensor03,218191466,23.86,94.42,2025-08-19 10:17:42+00:00,33.99665,-81.02961,50.2,3.71,0.1,316.79,11.0,3D,2025-08-19 06:17:42-04:00,POINT (-81.02961 33.99665)
2025-08-19 00:09:48 UTC,sensor03,218191466,23.8,94.48,2025-08-19 10:17:48+00:00,33.99694,-81.029757,51.0,6.37,0.2,0.0,11.0,3D,2025-08-19 06:17:48-04:00,POINT (-81.029757 33.99694)
2025-08-19 00:09:53 UTC,sensor03,218191466,23.88,94.79,2025-08-19 10:17:53+00:00,33.997193,-81.029885,51.9,6.14,0.17,0.0,11.0,3D,2025-08-19 06:17:53-04:00,POINT (-81.029885 33.997193)
2025-08-19 00:09:58 UTC,sensor03,218191466,23.86,94.8,2025-08-19 10:17:54+00:00,33.997247,-81.02991,52.1,6.09,0.2,335.99,11.0,3D,2025-08-19 06:17:54-04:00,POINT (-81.02991 33.997247)
2025-08-19 00:10:03 UTC,sensor03,218191466,23.84,94.61,2025-08-19 10:18:03+00:00,33.997677,-81.030178,54.0,5.3,0.2,324.51,11.0,3D,2025-08-19 06:18:03-04:00,POINT (-81.030178 33.997677)
2025-08-19 00:10:09 UTC,sensor03,218191466,23.84,94.59,2025-08-19 10:18:08+00:00,33.997888,-81.030338,55.4,4.92,0.3,324.95,11.0,3D,2025-08-19 06:18:08-04:00,POINT (-81.030338 33.997888)
2025-08-19 00:10:14 UTC,sensor03,218191466,23.89,94.62,2025-08-19 10:18:13+00:00,33.998142,-81.030427,56.6,4.26,0.2,336.37,11.0,3D,2025-08-19 06:18:13-04:00,POINT (-81.030427 33.998142)
2025-08-19 00:10:19 UTC,sensor03,218191466,23.96,94.54,2025-08-19 10:18:18+00:00,33.998303,-81.030583,57.8,4.0,0.3,301.3,11.0,3D,2025-08-19 06:18:18-04:00,POINT (-81.030583 33.998303)
2025-08-19 00:10:24 UTC,sensor03,218191466,23.98,94.26,2025-08-19 10:18:23+00:00,33.998572,-81.030653,58.6,2.53,0.3,303.54,11.0,3D,2025-08-19 06:18:23-04:00,POINT (-81.030653 33.998572)
2025-08-19 00:10:59 UTC,sensor03,218191466,24.05,93.72,2025-08-19 10:18:59+00:00,33.9991,-81.03071,68.2,3.6,0.2,335.72,10.0,3D,2025-08-19 06:18:59-04:00,POINT (-81.03071 33.9991)
2025-08-19 00:11:04 UTC,sensor03,218191466,24.1,93.65,2025-08-19 10:19:04+00:00,33.999282,-81.030833,69.0,4.89,0.2,324.29,10.0,3D,2025-08-19 06:19:04-04:00,POINT (-81.030833 33.999282)
2025-08-19 00:11:09 UTC,sensor03,218191466,24.12,93.34,2025-08-19 10:19:09+00:00,33.999527,-81.03098,69.5,5.41,0.1,329.09,10.0,3D,2025-08-19 06:19:09-04:00,POINT (-81.03098 33.999527)
2025-08-19 00:11:15 UTC,sensor03,218191466,24.07,93.32,2025-08-19 10:19:14+00:00,33.99982,-81.031095,69.9,5.69,0.0,340.09,10.0,3D,2025-08-19 06:19:14-04:00,POINT (-81.031095 33.99982)
2025-08-19 00:11:20 UTC,sensor03,218191466,24.03,93.38,2025-08-19 10:19:19+00:00,34.000082,-81.03121,70.1,6.36,0.1,343.2,10.0,3D,2025-08-19 06:19:19-04:00,POINT (-81.03121 34.000082)
2025-08-19 00:11:25 UTC,sensor03,218191466,24.09,93.51,2025-08-19 10:19:24+00:00,34.000325,-81.03138,70.9,5.63,0.5,311.07,10.0,3D,2025-08-19 06:19:24-04:00,POINT (-81.03138 34.000325)
2025-08-19 00:11:30 UTC,sensor03,218191466,24.05,93.44,2025-08-19 10:19:29+00:00,34.000455,-81.031538,72.0,2.3,0.2,324.22,10.0,3D,2025-08-19 06:19:29-04:00,POINT (-81.031538 34.000455)
2025-08-19 00:11:40 UTC,sensor03,218191466,24.03,93.43,2025-08-19 10:19:39+00:00,34.000443,-81.031685,74.5,3.02,0.3,257.45,10.0,3D,2025-08-19 06:19:39-04:00,POINT (-81.031685 34.000443)
2025-08-19 00:11:45 UTC,sensor03,218191466,23.99,93.73,2025-08-19 10:19:44+00:00,34.000485,-81.03188,75.1,3.16,0.1,310.24,10.0,3D,2025-08-19 06:19:44-04:00,POINT (-81.03188 34.000485)
2025-08-19 00:11:50 UTC,sensor03,218191466,23.94,93.84,2025-08-19 10:19:49+00:00,34.000642,-81.032057,76.6,4.06,0.7,286.79,10.0,3D,2025-08-19 06:19:49-04:00,POINT (-81.032057 34.000642)
2025-08-19 00:11:55 UTC,sensor03,218191466,23.92,94.16,2025-08-19 10:19:54+00:00,34.000572,-81.032292,77.3,4.05,0.12,224.05,10.0,3D,2025-08-19 06:19:54-04:00,POINT (-81.032292 34.000572)
2025-08-19 00:12:00 UTC,sensor03,218191466,23.85,94.22,2025-08-19 10:19:59+00:00,34.000465,-81.032445,77.7,3.46,0.07,254.56,10.0,3D,2025-08-19 06:19:59-04:00,POINT (-81.032445 34.000465)
2025-08-19 00:12:05 UTC,sensor03,218191466,23.89,94.23,2025-08-19 10:20:05+00:00,34.000568,-81.032648,78.2,3.51,0.0,0.0,10.0,3D,2025-08-19 06:20:05-04:00,POINT (-81.032648 34.000568)
2025-08-19 00:12:10 UTC,sensor03,218191466,23.89,94.35,2025-08-19 10:20:10+00:00,34.000727,-81.032787,78.2,4.5,0.0,0.0,4.0,3D,2025-08-19 06:20:10-04:00,POINT (-81.032787 34.000727)
2025-08-19 00:12:15 UTC,sensor03,218191466,23.88,94.36,2025-08-19 10:20:15+00:00,34.00085,-81.032998,78.8,4.91,0.2,0.0,8.0,3D,2025-08-19 06:20:15-04:00,POINT (-81.032998 34.00085)
2025-08-19 00:12:21 UTC,sensor03,218191466,23.88,94.35,2025-08-19 10:20:20+00:00,34.00084,-81.033258,78.8,4.66,-0.1,257.15,10.0,3D,2025-08-19 06:20:20-04:00,POINT (-81.033258 34.00084)
2025-08-19 00:12:26 UTC,sensor03,218191466,23.87,94.37,2025-08-19 10:20:25+00:00,34.000753,-81.033503,78.6,5.07,0.0,245.24,10.0,3D,2025-08-19 06:20:25-04:00,POINT (-81.033503 34.000753)
2025-08-19 00:12:31 UTC,sensor03,218191466,23.88,94.35,2025-08-19 10:20:30+00:00,34.000648,-81.03371,79.1,4.82,0.2,222.33,10.0,3D,2025-08-19 06:20:30-04:00,POINT (-81.03371 34.000648)
2025-08-19 00:12:36 UTC,sensor03,218191466,23.86,94.37,2025-08-19 10:20:35+00:00,34.00047,-81.033815,79.7,4.52,0.1,191.44,10.0,3D,2025-08-19 06:20:35-04:00,POINT (-81.033815 34.00047)
2025-08-19 00:12:41 UTC,sensor03,218191466,23.88,94.36,2025-08-19 10:20:40+00:00,34.000255,-81.033777,80.3,4.75,0.1,162.3,10.0,3D,2025-08-19 06:20:40-04:00,POINT (-81.033777 34.000255)
2025-08-19 00:12:46 UTC,sensor03,218191466,23.91,94.24,2025-08-19 10:20:45+00:00,34.00008,-81.033625,79.9,4.57,0.0,149.74,10.0,3D,2025-08-19 06:20:45-04:00,POINT (-81.033625 34.00008)
2025-08-19 00:12:51 UTC,sensor03,218191466,23.91,94.3,2025-08-19 10:20:50+00:00,33.999918,-81.033477,79.5,4.43,-0.1,126.51,10.0,3D,2025-08-19 06:20:50-04:00,POINT (-81.033477 33.999918)
2025-08-19 00:12:56 UTC,sensor03,218191466,23.91,94.32,2025-08-19 10:20:55+00:00,33.999862,-81.033238,79.2,4.78,-0.1,87.54,10.0,3D,2025-08-19 06:20:55-04:00,POINT (-81.033238 33.999862)
2025-08-19 00:13:01 UTC,sensor03,218191466,23.88,94.25,2025-08-19 10:21:00+00:00,33.999818,-81.032993,78.9,4.8,0.0,128.46,10.0,3D,2025-08-19 06:21:00-04:00,POINT (-81.032993 33.999818)
2025-08-19 00:13:06 UTC,sensor03,218191466,23.86,94.39,2025-08-19 10:21:05+00:00,33.999608,-81.032877,78.6,5.02,0.0,164.37,10.0,3D,2025-08-19 06:21:05-04:00,POINT (-81.032877 33.999608)
2025-08-19 00:13:11 UTC,sensor03,218191466,23.89,94.51,2025-08-19 10:21:11+00:00,33.999352,-81.03279,78.5,4.87,0.0,0.0,10.0,3D,2025-08-19 06:21:11-04:00,POINT (-81.03279 33.999352)
2025-08-19 00:13:16 UTC,sensor03,218191466,23.88,94.52,2025-08-19 10:21:16+00:00,33.999162,-81.032707,78.4,4.42,-0.1,154.57,10.0,3D,2025-08-19 06:21:16-04:00,POINT (-81.032707 33.999162)
2025-08-19 00:13:21 UTC,sensor03,218191466,23.94,94.28,2025-08-19 10:21:21+00:00,33.998918,-81.032613,79.2,4.94,0.2,162.02,10.0,3D,2025-08-19 06:21:21-04:00,POINT (-81.032613 33.998918)
2025-08-19 00:13:26 UTC,sensor03,218191466,24.04,93.78,2025-08-19 10:21:26+00:00,33.99869,-81.032522,79.9,4.39,0.1,163.45,10.0,3D,2025-08-19 06:21:26-04:00,POINT (-81.032522 33.99869)
2025-08-19 00:13:37 UTC,sensor03,218191466,24.07,93.49,2025-08-19 10:21:36+00:00,33.998407,-81.032398,79.7,4.05,0.0,135.17,10.0,3D,2025-08-19 06:21:36-04:00,POINT (-81.032398 33.998407)
2025-08-19 00:13:42 UTC,sensor03,218191466,24.1,93.43,2025-08-19 10:21:41+00:00,33.998187,-81.032315,79.8,5.78,0.1,179.4,10.0,3D,2025-08-19 06:21:41-04:00,POINT (-81.032315 33.998187)
2025-08-19 00:13:47 UTC,sensor03,218191466,24.12,93.49,2025-08-19 10:21:46+00:00,33.99791,-81.032213,79.7,6.74,-0.1,157.46,10.0,3D,2025-08-19 06:21:46-04:00,POINT (-81.032213 33.99791)
2025-08-19 00:13:52 UTC,sensor03,218191466,24.07,93.44,2025-08-19 10:21:51+00:00,33.99761,-81.032082,80.0,7.13,0.1,161.13,10.0,3D,2025-08-19 06:21:51-04:00,POINT (-81.032082 33.99761)
2025-08-19 00:13:57 UTC,sensor03,218191466,24.05,93.54,2025-08-19 10:21:51+00:00,33.99761,-81.032082,80.0,7.13,0.1,161.13,10.0,3D,2025-08-19 06:21:51-04:00,POINT (-81.032082 33.99761)
2025-08-19 00:14:02 UTC,sensor03,218191466,24.05,93.59,2025-08-19 10:22:01+00:00,33.997085,-81.031802,78.6,6.18,-0.5,161.85,10.0,3D,2025-08-19 06:22:01-04:00,POINT (-81.031802 33.997085)
2025-08-19 00:14:07 UTC,sensor03,218191466,24.04,93.61,2025-08-19 10:22:06+00:00,33.996798,-81.031713,79.0,6.5,0.1,171.61,11.0,3D,2025-08-19 06:22:06-04:00,POINT (-81.031713 33.996798)
2025-08-19 00:14:12 UTC,sensor03,218191466,24.01,93.64,2025-08-19 10:22:11+00:00,33.996548,-81.031598,78.5,5.34,-0.1,157.57,11.0,3D,2025-08-19 06:22:11-04:00,POINT (-81.031598 33.996548)
2025-08-19 00:14:17 UTC,sensor03,218191466,23.98,93.74,2025-08-19 10:22:16+00:00,33.996343,-81.031507,78.2,4.32,-0.1,161.75,12.0,3D,2025-08-19 06:22:16-04:00,POINT (-81.031507 33.996343)
2025-08-19 00:14:22 UTC,sensor03,218191466,23.94,93.9,2025-08-19 10:22:21+00:00,33.996167,-81.031417,78.0,4.1,0.0,160.89,12.0,3D,2025-08-19 06:22:21-04:00,POINT (-81.031417 33.996167)
2025-08-19 00:14:27 UTC,sensor03,218191466,23.89,94.01,2025-08-19 10:22:26+00:00,33.996037,-81.031313,77.7,2.96,-0.1,150.58,13.0,3D,2025-08-19 06:22:26-04:00,POINT (-81.031313 33.996037)
2025-08-19 00:14:32 UTC,sensor03,218191466,23.98,94.14,2025-08-19 10:22:31+00:00,33.99589,-81.031237,77.9,3.59,0.0,160.7,13.0,3D,2025-08-19 06:22:31-04:00,POINT (-81.031237 33.99589)
2025-08-19 00:14:37 UTC,sensor03,218191466,24.07,94.65,2025-08-19 10:22:37+00:00,33.9957,-81.031147,77.8,4.03,0.0,0.0,13.0,3D,2025-08-19 06:22:37-04:00,POINT (-81.031147 33.9957)
2025-08-19 00:14:42 UTC,sensor03,218191466,24.03,93.83,2025-08-19 10:22:42+00:00,33.995498,-81.031103,77.8,4.81,0.0,0.0,13.0,3D,2025-08-19 06:22:42-04:00,POINT (-81.031103 33.995498)
2025-08-19 00:14:47 UTC,sensor03,218191466,23.98,93.78,2025-08-19 10:22:47+00:00,33.995252,-81.03101,77.8,6.12,-0.1,0.0,13.0,3D,2025-08-19 06:22:47-04:00,POINT (-81.03101 33.995252)
2025-08-19 00:14:52 UTC,sensor03,218191466,23.96,93.79,2025-08-19 10:22:52+00:00,33.994983,-81.030875,76.7,6.46,-0.4,157.25,13.0,3D,2025-08-19 06:22:52-04:00,POINT (-81.030875 33.994983)
2025-08-19 00:14:57 UTC,sensor03,218191466,23.98,93.87,2025-08-19 10:22:57+00:00,33.994703,-81.030792,77.7,5.87,-0.1,146.42,13.0,3D,2025-08-19 06:22:57-04:00,POINT (-81.030792 33.994703)
2025-08-19 00:15:02 UTC,sensor03,218191466,24.04,93.76,2025-08-19 10:23:02+00:00,33.994418,-81.030648,77.4,7.13,0.0,161.59,12.0,3D,2025-08-19 06:23:02-04:00,POINT (-81.030648 33.994418)
2025-08-19 00:15:08 UTC,sensor03,218191466,23.99,93.61,2025-08-19 10:23:07+00:00,33.99411,-81.030503,77.4,7.16,0.0,159.79,12.0,3D,2025-08-19 06:23:07-04:00,POINT (-81.030503 33.99411)
2025-08-19 00:15:13 UTC,sensor03,218191466,23.92,93.89,2025-08-19 10:23:12+00:00,33.993772,-81.030418,77.7,7.52,0.0,159.23,12.0,3D,2025-08-19 06:23:12-04:00,POINT (-81.030418 33.993772)
2025-08-19 00:15:18 UTC,sensor03,218191466,23.92,93.89,2025-08-19 10:23:17+00:00,33.993472,-81.03034,77.8,6.17,-0.1,162.1,12.0,3D,2025-08-19 06:23:17-04:00,POINT (-81.03034 33.993472)
2025-08-19 00:15:23 UTC,sensor03,218191466,23.89,94.0,2025-08-19 10:23:22+00:00,33.993263,-81.03024,78.0,3.47,0.2,157.42,12.0,3D,2025-08-19 06:23:22-04:00,POINT (-81.03024 33.993263)
2025-08-19 00:15:33 UTC,sensor03,218191466,23.93,94.1,2025-08-19 10:23:32+00:00,33.993112,-81.030107,77.6,4.47,-0.1,159.33,12.0,3D,2025-08-19 06:23:32-04:00,POINT (-81.030107 33.993112)
2025-08-19 00:15:38 UTC,sensor03,218191466,24.03,94.15,2025-08-19 10:23:37+00:00,33.992863,-81.029972,77.5,7.42,0.0,159.11,12.0,3D,2025-08-19 06:23:37-04:00,POINT (-81.029972 33.992863)
2025-08-19 00:15:43 UTC,sensor03,218191466,24.17,95.09,2025-08-19 10:23:42+00:00,33.992497,-81.02979,77.4,9.19,0.0,161.88,12.0,3D,2025-08-19 06:23:42-04:00,POINT (-81.02979 33.992497)
2025-08-19 00:15:48 UTC,sensor03,218191466,24.21,94.28,2025-08-19 10:23:47+00:00,33.992083,-81.029573,77.0,9.91,-0.4,155.84,12.0,3D,2025-08-19 06:23:47-04:00,POINT (-81.029573 33.992083)
2025-08-19 00:15:53 UTC,sensor03,218191466,24.16,93.47,2025-08-19 10:23:52+00:00,33.991832,-81.029353,76.3,5.55,-0.1,120.9,12.0,3D,2025-08-19 06:23:52-04:00,POINT (-81.029353 33.991832)
2025-08-19 00:15:58 UTC,sensor03,218191466,24.03,93.44,2025-08-19 10:23:52+00:00,33.991832,-81.029353,76.3,5.55,-0.1,120.9,12.0,3D,2025-08-19 06:23:52-04:00,POINT (-81.029353 33.991832)
2025-08-19 00:16:03 UTC,sensor03,218191466,23.98,93.77,2025-08-19 10:24:02+00:00,33.992008,-81.028732,76.3,6.89,0.1,68.61,11.0,3D,2025-08-19 06:24:02-04:00,POINT (-81.028732 33.992008)
2025-08-19 00:16:08 UTC,sensor03,218191466,23.97,94.01,2025-08-19 10:24:07+00:00,33.992122,-81.028352,76.5,6.88,0.0,68.65,11.0,3D,2025-08-19 06:24:07-04:00,POINT (-81.028352 33.992122)
2025-08-19 00:16:13 UTC,sensor03,218191466,23.99,94.16,2025-08-19 10:24:13+00:00,33.99223,-81.027958,76.9,5.89,0.1,0.0,11.0,3D,2025-08-19 06:24:13-04:00,POINT (-81.027958 33.99223)
2025-08-19 00:16:18 UTC,sensor03,218191466,23.97,94.07,2025-08-19 10:24:18+00:00,33.99233,-81.027653,77.2,6.75,-0.1,0.0,12.0,3D,2025-08-19 06:24:18-04:00,POINT (-81.027653 33.99233)
2025-08-19 00:16:23 UTC,sensor03,218191466,23.93,94.29,2025-08-19 10:24:23+00:00,33.992415,-81.027375,77.7,5.91,0.2,0.0,12.0,3D,2025-08-19 06:24:23-04:00,POINT (-81.027375 33.992415)
2025-08-19 00:16:28 UTC,sensor03,218191466,23.95,94.5,2025-08-19 10:24:28+00:00,33.992512,-81.027047,78.3,6.64,0.1,73.27,12.0,3D,2025-08-19 06:24:28-04:00,POINT (-81.027047 33.992512)
2025-08-19 00:16:33 UTC,sensor03,218191466,24.06,94.51,2025-08-19 10:24:33+00:00,33.99262,-81.026682,78.7,7.27,0.1,68.2,12.0,3D,2025-08-19 06:24:33-04:00,POINT (-81.026682 33.99262)
2025-08-19 00:16:38 UTC,sensor03,218191466,24.08,94.39,2025-08-19 10:24:38+00:00,33.992753,-81.026277,78.6,7.38,-0.3,70.93,12.0,3D,2025-08-19 06:24:38-04:00,POINT (-81.026277 33.992753)
2025-08-19 00:16:43 UTC,sensor03,218191466,24.11,93.98,2025-08-19 10:24:43+00:00,33.992882,-81.025845,77.6,8.61,-0.2,69.12,12.0,3D,2025-08-19 06:24:43-04:00,POINT (-81.025845 33.992882)
2025-08-19 00:16:49 UTC,sensor03,218191466,24.04,94.09,2025-08-19 10:24:48+00:00,33.993015,-81.025395,77.1,8.43,0.0,68.87,12.0,3D,2025-08-19 06:24:48-04:00,POINT (-81.025395 33.993015)
2025-08-19 00:16:54 UTC,sensor03,218191466,24.03,94.36,2025-08-19 10:24:53+00:00,33.993175,-81.024955,77.2,8.32,0.1,69.91,12.0,3D,2025-08-19 06:24:53-04:00,POINT (-81.024955 33.993175)
2025-08-19 00:16:59 UTC,sensor03,218191466,24.03,94.26,2025-08-19 10:24:58+00:00,33.993285,-81.024563,77.0,7.3,0.0,69.92,12.0,3D,2025-08-19 06:24:58-04:00,POINT (-81.024563 33.993285)
2025-08-19 00:17:04 UTC,sensor03,218191466,24.07,94.22,2025-08-19 10:25:03+00:00,33.993382,-81.024232,77.0,6.45,0.0,65.66,11.0,3D,2025-08-19 06:25:03-04:00,POINT (-81.024232 33.993382)
2025-08-19 00:17:09 UTC,sensor03,218191466,24.12,94.24,2025-08-19 10:25:08+00:00,33.993458,-81.02395,77.0,4.88,0.0,77.54,11.0,3D,2025-08-19 06:25:08-04:00,POINT (-81.02395 33.993458)
2025-08-19 00:18:04 UTC,sensor03,218191466,24.07,94.0,2025-08-19 10:26:04+00:00,33.993543,-81.023702,75.4,2.78,0.0,0.0,11.0,3D,2025-08-19 06:26:04-04:00,POINT (-81.023702 33.993543)
2025-08-19 00:18:09 UTC,sensor03,218191466,24.11,93.99,2025-08-19 10:26:09+00:00,33.99362,-81.023497,75.4,4.98,0.0,0.0,11.0,3D,2025-08-19 06:26:09-04:00,POINT (-81.023497 33.99362)
2025-08-19 00:18:14 UTC,sensor03,218191466,24.06,94.04,2025-08-19 10:26:14+00:00,33.99371,-81.023212,75.3,5.7,-0.1,0.0,11.0,3D,2025-08-19 06:26:14-04:00,POINT (-81.023212 33.99371)
2025-08-19 00:18:19 UTC,sensor03,218191466,24.02,94.29,2025-08-19 10:26:19+00:00,33.993772,-81.023023,75.3,2.99,0.0,46.21,11.0,3D,2025-08-19 06:26:19-04:00,POINT (-81.023023 33.993772)
2025-08-19 00:18:24 UTC,sensor03,218191466,24.02,94.5,2025-08-19 10:26:24+00:00,33.993942,-81.023045,75.3,5.2,0.0,339.5,11.0,3D,2025-08-19 06:26:24-04:00,POINT (-81.023045 33.993942)
2025-08-19 00:18:29 UTC,sensor03,218191466,23.98,94.54,2025-08-19 10:26:29+00:00,33.994197,-81.02324,75.2,6.76,-0.1,332.07,11.0,3D,2025-08-19 06:26:29-04:00,POINT (-81.02324 33.994197)
2025-08-19 00:18:35 UTC,sensor03,218191466,23.94,94.48,2025-08-19 10:26:34+00:00,33.99445,-81.023417,75.0,5.91,0.0,332.19,11.0,3D,2025-08-19 06:26:34-04:00,POINT (-81.023417 33.99445)
2025-08-19 00:18:40 UTC,sensor03,218191466,23.92,94.9,2025-08-19 10:26:39+00:00,33.994668,-81.023548,75.0,4.62,0.0,337.02,11.0,3D,2025-08-19 06:26:39-04:00,POINT (-81.023548 33.994668)
2025-08-19 00:18:45 UTC,sensor03,218191466,23.88,95.34,2025-08-19 10:26:44+00:00,33.99483,-81.023508,74.6,3.88,-0.2,31.35,11.0,3D,2025-08-19 06:26:44-04:00,POINT (-81.023508 33.99483)
2025-08-19 00:18:50 UTC,sensor03,218191466,23.87,95.86,2025-08-19 10:26:49+00:00,33.995038,-81.023328,74.4,4.91,-0.1,35.42,11.0,3D,2025-08-19 06:26:49-04:00,POINT (-81.023328 33.995038)
2025-08-19 00:18:55 UTC,sensor03,218191466,23.87,95.91,2025-08-19 10:26:54+00:00,33.995202,-81.023152,74.3,4.58,0.0,50.46,10.0,3D,2025-08-19 06:26:54-04:00,POINT (-81.023152 33.995202)
2025-08-19 00:19:00 UTC,sensor03,218191466,23.81,95.65,2025-08-19 10:26:59+00:00,33.995417,-81.022932,74.0,4.88,-0.1,40.93,11.0,3D,2025-08-19 06:26:59-04:00,POINT (-81.022932 33.995417)
2025-08-19 00:19:05 UTC,sensor03,218191466,23.86,95.67,2025-08-19 10:27:04+00:00,33.995618,-81.02275,73.6,4.99,-0.1,34.66,11.0,3D,2025-08-19 06:27:04-04:00,POINT (-81.02275 33.995618)
2025-08-19 00:19:10 UTC,sensor03,218191466,23.87,95.42,2025-08-19 10:27:09+00:00,33.995783,-81.022583,72.9,4.5,-0.3,42.03,11.0,3D,2025-08-19 06:27:09-04:00,POINT (-81.022583 33.995783)
2025-08-19 00:19:15 UTC,sensor03,218191466,23.84,95.37,2025-08-19 10:27:14+00:00,33.99589,-81.022318,72.9,5.17,-0.2,66.57,11.0,3D,2025-08-19 06:27:14-04:00,POINT (-81.022318 33.99589)
2025-08-19 00:19:20 UTC,sensor03,218191466,23.83,95.54,2025-08-19 10:27:19+00:00,33.995983,-81.022007,72.3,5.02,-0.1,75.12,11.0,3D,2025-08-19 06:27:19-04:00,POINT (-81.022007 33.995983)
2025-08-19 00:19:25 UTC,sensor03,218191466,23.83,95.96,2025-08-19 10:27:24+00:00,33.996097,-81.02177,72.6,4.02,0.1,47.37,11.0,3D,2025-08-19 06:27:24-04:00,POINT (-81.02177 33.996097)
2025-08-19 00:19:30 UTC,sensor03,218191466,23.83,96.01,2025-08-19 10:27:29+00:00,33.996277,-81.021542,72.5,5.28,0.0,43.93,11.0,3D,2025-08-19 06:27:29-04:00,POINT (-81.021542 33.996277)
2025-08-19 00:19:35 UTC,sensor03,218191466,23.81,95.83,2025-08-19 10:27:34+00:00,33.996418,-81.021382,71.2,4.78,-0.2,47.39,11.0,3D,2025-08-19 06:27:34-04:00,POINT (-81.021382 33.996418)
2025-08-19 00:19:40 UTC,sensor03,218191466,23.8,95.76,2025-08-19 10:27:39+00:00,33.996508,-81.021178,70.8,3.88,-0.1,69.54,11.0,3D,2025-08-19 06:27:39-04:00,POINT (-81.021178 33.996508)
2025-08-19 00:19:45 UTC,sensor03,218191466,23.8,95.59,2025-08-19 10:27:45+00:00,33.996632,-81.020882,70.0,4.71,0.0,0.0,11.0,3D,2025-08-19 06:27:45-04:00,POINT (-81.020882 33.996632)
2025-08-19 00:19:50 UTC,sensor03,218191466,23.81,95.54,2025-08-19 10:27:50+00:00,33.996665,-81.020662,69.6,5.25,0.0,0.0,10.0,3D,2025-08-19 06:27:50-04:00,POINT (-81.020662 33.996665)
2025-08-19 00:19:55 UTC,sensor03,218191466,23.77,95.85,2025-08-19 10:27:54+00:00,33.996747,-81.020377,69.0,5.18,0.0,73.71,11.0,3D,2025-08-19 06:27:54-04:00,POINT (-81.020377 33.996747)
2025-08-19 00:20:00 UTC,sensor03,218191466,23.78,96.28,2025-08-19 10:27:54+00:00,33.996747,-81.020377,69.0,5.18,0.0,73.71,11.0,3D,2025-08-19 06:27:54-04:00,POINT (-81.020377 33.996747)
2025-08-19 00:20:05 UTC,sensor03,218191466,23.74,96.69,2025-08-19 10:28:05+00:00,33.997047,-81.019742,68.4,5.84,0.0,0.0,8.0,3D,2025-08-19 06:28:05-04:00,POINT (-81.019742 33.997047)
2025-08-19 00:20:10 UTC,sensor03,218191466,23.71,97.03,2025-08-19 10:28:10+00:00,33.99725,-81.01956,68.1,5.55,0.0,0.0,10.0,3D,2025-08-19 06:28:10-04:00,POINT (-81.01956 33.99725)
2025-08-19 00:20:16 UTC,sensor03,218191466,23.69,97.06,2025-08-19 10:28:15+00:00,33.997483,-81.019445,68.1,4.28,0.0,0.0,10.0,3D,2025-08-19 06:28:15-04:00,POINT (-81.019445 33.997483)
2025-08-19 00:20:21 UTC,sensor03,218191466,23.74,96.7,2025-08-19 10:28:20+00:00,33.997718,-81.019443,68.1,5.44,0.0,9.36,10.0,3D,2025-08-19 06:28:20-04:00,POINT (-81.019443 33.997718)
2025-08-19 00:20:26 UTC,sensor03,218191466,23.76,96.44,2025-08-19 10:28:25+00:00,33.997962,-81.019393,68.1,5.88,0.1,17.6,10.0,3D,2025-08-19 06:28:25-04:00,POINT (-81.019393 33.997962)
2025-08-19 00:20:31 UTC,sensor03,218191466,23.8,95.96,2025-08-19 10:28:30+00:00,33.998155,-81.0193,68.2,3.9,-0.1,48.69,11.0,3D,2025-08-19 06:28:30-04:00,POINT (-81.0193 33.998155)
2025-08-19 00:20:36 UTC,sensor03,218191466,23.85,95.78,2025-08-19 10:28:35+00:00,33.998153,-81.019133,68.0,3.7,0.0,88.37,11.0,3D,2025-08-19 06:28:35-04:00,POINT (-81.019133 33.998153)
2025-08-19 00:20:41 UTC,sensor03,218191466,23.96,95.4,2025-08-19 10:28:40+00:00,33.99813,-81.018917,67.9,4.2,-0.2,91.1,11.0,3D,2025-08-19 06:28:40-04:00,POINT (-81.018917 33.99813)
2025-08-19 00:20:46 UTC,sensor03,218191466,24.07,94.78,2025-08-19 10:28:45+00:00,33.998103,-81.018577,66.9,4.95,-0.3,103.2,10.0,3D,2025-08-19 06:28:45-04:00,POINT (-81.018577 33.998103)
2025-08-19 00:20:51 UTC,sensor03,218191466,24.17,94.32,2025-08-19 10:28:50+00:00,33.9981,-81.018262,65.9,5.47,-0.3,100.91,11.0,3D,2025-08-19 06:28:50-04:00,POINT (-81.018262 33.9981)
2025-08-19 00:20:56 UTC,sensor03,218191466,24.2,93.81,2025-08-19 10:28:55+00:00,33.998052,-81.017955,65.7,5.15,0.0,115.83,10.0,3D,2025-08-19 06:28:55-04:00,POINT (-81.017955 33.998052)
2025-08-19 00:21:01 UTC,sensor03,218191466,24.13,93.63,2025-08-19 10:29:00+00:00,33.99795,-81.017645,65.0,6.8,-0.2,111.62,11.0,3D,2025-08-19 06:29:00-04:00,POINT (-81.017645 33.99795)
2025-08-19 00:21:06 UTC,sensor03,218191466,24.14,93.85,2025-08-19 10:29:05+00:00,33.997828,-81.017302,64.0,7.39,0.0,114.17,11.0,3D,2025-08-19 06:29:05-04:00,POINT (-81.017302 33.997828)
2025-08-19 00:21:11 UTC,sensor03,218191466,24.07,93.84,2025-08-19 10:29:10+00:00,33.997708,-81.016953,63.4,6.58,-0.2,110.34,11.0,3D,2025-08-19 06:29:10-04:00,POINT (-81.016953 33.997708)
2025-08-19 00:21:16 UTC,sensor03,218191466,24.07,94.03,2025-08-19 10:29:15+00:00,33.997613,-81.016643,62.4,6.87,-0.1,106.26,10.0,3D,2025-08-19 06:29:15-04:00,POINT (-81.016643 33.997613)
2025-08-19 00:21:21 UTC,sensor03,218191466,24.12,93.96,2025-08-19 10:29:20+00:00,33.997585,-81.01627,62.5,6.73,0.1,95.76,11.0,3D,2025-08-19 06:29:20-04:00,POINT (-81.01627 33.997585)
2025-08-19 00:21:26 UTC,sensor03,218191466,24.16,93.89,2025-08-19 10:29:26+00:00,33.99756,-81.015818,63.4,6.29,0.1,0.0,11.0,3D,2025-08-19 06:29:26-04:00,POINT (-81.015818 33.99756)
2025-08-19 00:21:31 UTC,sensor03,218191466,24.17,93.79,2025-08-19 10:29:31+00:00,33.997553,-81.015482,64.5,7.17,0.7,0.0,11.0,3D,2025-08-19 06:29:31-04:00,POINT (-81.015482 33.997553)
2025-08-19 00:21:36 UTC,sensor03,218191466,24.2,93.76,2025-08-19 10:29:36+00:00,33.997747,-81.015338,65.2,6.01,0.1,0.0,10.0,3D,2025-08-19 06:29:36-04:00,POINT (-81.015338 33.997747)
2025-08-19 00:21:41 UTC,sensor03,218191466,24.17,93.69,2025-08-19 10:29:41+00:00,33.998,-81.015455,65.4,6.03,0.2,337.04,10.0,3D,2025-08-19 06:29:41-04:00,POINT (-81.015455 33.998)
2025-08-19 00:21:46 UTC,sensor03,218191466,24.16,93.68,2025-08-19 10:29:46+00:00,33.99823,-81.015597,66.0,5.06,0.1,338.53,11.0,3D,2025-08-19 06:29:46-04:00,POINT (-81.015597 33.99823)
2025-08-19 00:21:51 UTC,sensor03,218191466,24.15,93.65,2025-08-19 10:29:51+00:00,33.998497,-81.015717,65.7,6.98,-0.4,342.89,11.0,3D,2025-08-19 06:29:51-04:00,POINT (-81.015717 33.998497)
2025-08-19 00:21:57 UTC,sensor03,218191466,24.17,93.78,2025-08-19 10:29:55+00:00,33.99875,-81.015823,66.9,6.65,0.3,342.12,11.0,3D,2025-08-19 06:29:55-04:00,POINT (-81.015823 33.99875)
2025-08-19 00:22:02 UTC,sensor03,218191466,24.11,94.06,2025-08-19 10:30:00+00:00,33.999007,-81.015917,67.2,5.84,0.0,341.37,11.0,3D,2025-08-19 06:30:00-04:00,POINT (-81.015917 33.999007)
2025-08-19 00:22:07 UTC,sensor03,218191466,24.04,94.29,2025-08-19 10:30:06+00:00,33.999273,-81.016057,66.4,5.18,0.0,335.76,11.0,3D,2025-08-19 06:30:06-04:00,POINT (-81.016057 33.999273)
2025-08-19 00:22:12 UTC,sensor03,218191466,24.05,94.36,2025-08-19 10:30:11+00:00,33.999553,-81.016145,64.9,6.46,-0.3,343.41,11.0,3D,2025-08-19 06:30:11-04:00,POINT (-81.016145 33.999553)
2025-08-19 00:22:17 UTC,sensor03,218191466,24.07,94.45,2025-08-19 10:30:16+00:00,33.99977,-81.016258,63.5,4.79,-0.3,336.69,11.0,3D,2025-08-19 06:30:16-04:00,POINT (-81.016258 33.99977)
2025-08-19 00:22:22 UTC,sensor03,218191466,24.02,94.33,2025-08-19 10:30:21+00:00,33.99999,-81.016388,62.1,4.13,-0.2,326.25,11.0,3D,2025-08-19 06:30:21-04:00,POINT (-81.016388 33.99999)
2025-08-19 00:22:27 UTC,sensor03,218191466,24.05,94.3,2025-08-19 10:30:26+00:00,34.000178,-81.016488,61.8,3.04,0.0,341.11,11.0,3D,2025-08-19 06:30:26-04:00,POINT (-81.016488 34.000178)
2025-08-19 00:22:32 UTC,sensor03,218191466,24.02,94.36,2025-08-19 10:30:31+00:00,34.000375,-81.016227,61.5,5.3,0.2,72.05,11.0,3D,2025-08-19 06:30:31-04:00,POINT (-81.016227 34.000375)
2025-08-19 00:22:37 UTC,sensor03,218191466,24.07,94.34,2025-08-19 10:30:36+00:00,34.000482,-81.015935,61.3,5.91,0.1,68.04,11.0,3D,2025-08-19 06:30:36-04:00,POINT (-81.015935 34.000482)
2025-08-19 00:22:42 UTC,sensor03,218191466,24.0,94.34,2025-08-19 10:30:41+00:00,34.000613,-81.015627,61.9,6.07,0.1,64.49,11.0,3D,2025-08-19 06:30:41-04:00,POINT (-81.015627 34.000613)
2025-08-19 00:22:47 UTC,sensor03,218191466,23.95,94.82,2025-08-19 10:30:46+00:00,34.000718,-81.015373,62.3,4.04,0.2,54.64,11.0,3D,2025-08-19 06:30:46-04:00,POINT (-81.015373 34.000718)
2025-08-19 00:22:52 UTC,sensor03,218191466,23.93,95.1,2025-08-19 10:30:51+00:00,34.00087,-81.015178,62.3,5.96,0.0,34.44,11.0,3D,2025-08-19 06:30:51-04:00,POINT (-81.015178 34.00087)
2025-08-19 00:22:57 UTC,sensor03,218191466,23.89,95.13,2025-08-19 10:30:56+00:00,34.0011,-81.014992,62.3,6.44,0.1,30.88,10.0,3D,2025-08-19 06:30:56-04:00,POINT (-81.014992 34.0011)
2025-08-19 00:23:02 UTC,sensor03,218191466,23.85,95.31,2025-08-19 10:31:01+00:00,34.001335,-81.014828,62.0,6.62,-0.2,29.76,11.0,3D,2025-08-19 06:31:01-04:00,POINT (-81.014828 34.001335)
2025-08-19 00:23:07 UTC,sensor03,218191466,23.82,95.65,2025-08-19 10:31:06+00:00,34.001567,-81.014642,62.3,6.14,0.2,33.26,11.0,3D,2025-08-19 06:31:06-04:00,POINT (-81.014642 34.001567)
2025-08-19 00:23:12 UTC,sensor03,218191466,23.82,95.78,2025-08-19 10:31:12+00:00,34.001847,-81.014415,61.9,6.93,0.0,0.0,11.0,3D,2025-08-19 06:31:12-04:00,POINT (-81.014415 34.001847)
2025-08-19 00:23:17 UTC,sensor03,218191466,23.81,95.73,2025-08-19 10:31:17+00:00,34.002048,-81.014193,61.2,5.87,-0.1,0.0,11.0,3D,2025-08-19 06:31:17-04:00,POINT (-81.014193 34.002048)
2025-08-19 00:27:03 UTC,sensor04,300372246,23.9,90.05,2025-08-19 09:56:31+00:00,33.989597,-81.01152,77.1,3.12,-0.3,128.96,8.0,3D,2025-08-19 05:56:31-04:00,POINT (-81.01152 33.989597)
2025-08-19 00:27:58 UTC,sensor04,300372246,23.8,91.1,2025-08-19 09:57:26+00:00,33.989445,-81.011497,52.3,2.35,0.2,250.82,9.0,3D,2025-08-19 05:57:26-04:00,POINT (-81.011497 33.989445)
2025-08-19 00:28:03 UTC,sensor04,300372246,23.76,91.15,2025-08-19 09:57:31+00:00,33.989395,-81.011718,53.1,5.24,0.2,255.12,9.0,3D,2025-08-19 05:57:31-04:00,POINT (-81.011718 33.989395)
2025-08-19 00:28:08 UTC,sensor04,300372246,23.67,91.64,2025-08-19 09:57:36+00:00,33.989332,-81.011997,53.7,4.73,0.1,252.98,9.0,3D,2025-08-19 05:57:36-04:00,POINT (-81.011997 33.989332)
2025-08-19 00:28:24 UTC,sensor04,300372246,23.62,91.84,2025-08-19 09:57:52+00:00,33.989575,-81.012358,50.9,6.77,-0.4,0.0,9.0,3D,2025-08-19 05:57:52-04:00,POINT (-81.012358 33.989575)
2025-08-19 00:28:29 UTC,sensor04,300372246,23.66,91.83,2025-08-19 09:57:57+00:00,33.989853,-81.012487,49.3,6.37,-0.3,0.0,9.0,3D,2025-08-19 05:57:57-04:00,POINT (-81.012487 33.989853)
2025-08-19 00:28:34 UTC,sensor04,300372246,23.64,91.87,2025-08-19 09:58:02+00:00,33.990143,-81.012557,48.6,7.11,-0.2,0.0,9.0,3D,2025-08-19 05:58:02-04:00,POINT (-81.012557 33.990143)
2025-08-19 00:28:39 UTC,sensor04,300372246,23.64,91.89,2025-08-19 09:58:07+00:00,33.990427,-81.012615,47.6,5.47,-0.2,0.0,9.0,3D,2025-08-19 05:58:07-04:00,POINT (-81.012615 33.990427)
2025-08-19 00:28:49 UTC,sensor04,300372246,23.62,92.15,2025-08-19 09:58:17+00:00,33.990702,-81.012567,46.2,4.15,-0.2,57.1,9.0,3D,2025-08-19 05:58:17-04:00,POINT (-81.012567 33.990702)
2025-08-19 00:28:54 UTC,sensor04,300372246,23.58,92.36,2025-08-19 09:58:22+00:00,33.990798,-81.01229,44.8,5.66,-0.1,62.53,9.0,3D,2025-08-19 05:58:22-04:00,POINT (-81.01229 33.990798)
2025-08-19 00:29:29 UTC,sensor04,300372246,23.66,92.26,2025-08-19 09:58:57+00:00,33.991003,-81.011933,44.8,5.36,0.2,53.41,11.0,3D,2025-08-19 05:58:57-04:00,POINT (-81.011933 33.991003)
2025-08-19 00:29:34 UTC,sensor04,300372246,23.62,92.27,2025-08-19 09:59:02+00:00,33.991137,-81.011652,46.0,6.65,0.3,60.15,11.0,3D,2025-08-19 05:59:02-04:00,POINT (-81.011652 33.991137)
2025-08-19 00:29:39 UTC,sensor04,300372246,23.61,92.22,2025-08-19 09:59:07+00:00,33.991248,-81.011353,47.3,5.63,0.1,81.4,11.0,3D,2025-08-19 05:59:07-04:00,POINT (-81.011353 33.991248)
2025-08-19 00:29:44 UTC,sensor04,300372246,23.62,92.29,2025-08-19 09:59:12+00:00,33.99123,-81.010988,48.1,6.1,0.2,94.49,11.0,3D,2025-08-19 05:59:12-04:00,POINT (-81.010988 33.99123)
2025-08-19 00:29:49 UTC,sensor04,300372246,23.65,92.28,2025-08-19 09:59:17+00:00,33.991218,-81.010637,48.6,6.24,0.1,94.13,12.0,3D,2025-08-19 05:59:17-04:00,POINT (-81.010637 33.991218)
2025-08-19 00:29:54 UTC,sensor04,300372246,23.62,92.13,2025-08-19 09:59:22+00:00,33.991207,-81.010318,49.1,4.63,0.1,95.1,12.0,3D,2025-08-19 05:59:22-04:00,POINT (-81.010318 33.991207)
2025-08-19 00:29:59 UTC,sensor04,300372246,23.69,92.11,2025-08-19 09:59:27+00:00,33.991192,-81.01,49.3,6.76,0.0,92.84,12.0,3D,2025-08-19 05:59:27-04:00,POINT (-81.01 33.991192)
2025-08-19 00:30:05 UTC,sensor04,300372246,23.68,92.11,2025-08-19 09:59:32+00:00,33.991172,-81.00963,49.3,6.73,0.0,90.35,12.0,3D,2025-08-19 05:59:32-04:00,POINT (-81.00963 33.991172)
2025-08-19 00:30:10 UTC,sensor04,300372246,23.68,92.13,2025-08-19 09:59:37+00:00,33.991142,-81.009252,49.3,7.12,0.0,95.48,12.0,3D,2025-08-19 05:59:37-04:00,POINT (-81.009252 33.991142)
2025-08-19 00:30:15 UTC,sensor04,300372246,23.61,92.06,2025-08-19 09:59:43+00:00,33.991105,-81.008737,48.9,8.04,-0.1,0.0,12.0,3D,2025-08-19 05:59:43-04:00,POINT (-81.008737 33.991105)
2025-08-19 00:30:20 UTC,sensor04,300372246,23.62,92.15,2025-08-19 09:59:48+00:00,33.991083,-81.008303,48.4,8.18,-0.1,0.0,12.0,3D,2025-08-19 05:59:48-04:00,POINT (-81.008303 33.991083)
2025-08-19 00:30:25 UTC,sensor04,300372246,23.66,92.24,2025-08-19 09:59:53+00:00,33.991053,-81.00784,48.0,8.35,-0.1,0.0,12.0,3D,2025-08-19 05:59:53-04:00,POINT (-81.00784 33.991053)
2025-08-19 00:30:30 UTC,sensor04,300372246,23.63,92.21,2025-08-19 09:59:56+00:00,33.991047,-81.007587,47.8,7.28,-0.1,91.48,12.0,3D,2025-08-19 05:59:56-04:00,POINT (-81.007587 33.991047)
2025-08-19 00:30:35 UTC,sensor04,300372246,23.6,92.32,2025-08-19 10:00:03+00:00,33.991018,-81.007032,47.4,7.4,-0.1,93.05,12.0,3D,2025-08-19 06:00:03-04:00,POINT (-81.007032 33.991018)
2025-08-19 00:30:40 UTC,sensor04,300372246,23.61,92.42,2025-08-19 10:00:08+00:00,33.990993,-81.00663,47.2,5.67,-0.1,96.86,12.0,3D,2025-08-19 06:00:08-04:00,POINT (-81.00663 33.990993)
2025-08-19 00:30:55 UTC,sensor04,300372246,23.57,92.32,2025-08-19 10:00:23+00:00,33.990945,-81.00625,47.5,5.28,0.1,86.85,13.0,3D,2025-08-19 06:00:23-04:00,POINT (-81.00625 33.990945)
2025-08-19 00:31:00 UTC,sensor04,300372246,23.55,92.33,2025-08-19 10:00:28+00:00,33.990927,-81.005887,47.7,7.36,0.0,97.45,14.0,3D,2025-08-19 06:00:28-04:00,POINT (-81.005887 33.990927)
2025-08-19 00:31:05 UTC,sensor04,300372246,23.54,92.48,2025-08-19 10:00:33+00:00,33.990908,-81.005475,47.7,7.9,-0.1,95.71,14.0,3D,2025-08-19 06:00:33-04:00,POINT (-81.005475 33.990908)
2025-08-19 00:31:10 UTC,sensor04,300372246,23.54,92.55,2025-08-19 10:00:38+00:00,33.990867,-81.005047,47.8,7.61,0.0,96.95,14.0,3D,2025-08-19 06:00:38-04:00,POINT (-81.005047 33.990867)
2025-08-19 00:31:15 UTC,sensor04,300372246,23.54,92.64,2025-08-19 10:00:43+00:00,33.990835,-81.00461,47.5,8.42,-0.1,94.41,13.0,3D,2025-08-19 06:00:43-04:00,POINT (-81.00461 33.990835)
2025-08-19 00:31:20 UTC,sensor04,300372246,23.55,92.64,2025-08-19 10:00:48+00:00,33.99082,-81.004228,46.9,4.09,-0.2,97.84,13.0,3D,2025-08-19 06:00:48-04:00,POINT (-81.004228 33.99082)
2025-08-19 00:31:30 UTC,sensor04,300372246,23.52,92.72,2025-08-19 10:00:58+00:00,33.990782,-81.003848,46.1,7.41,0.0,92.22,13.0,3D,2025-08-19 06:00:58-04:00,POINT (-81.003848 33.990782)
2025-08-19 00:31:35 UTC,sensor04,300372246,23.52,92.89,2025-08-19 10:01:03+00:00,33.990765,-81.003405,45.8,7.92,0.0,94.04,13.0,3D,2025-08-19 06:01:03-04:00,POINT (-81.003405 33.990765)
2025-08-19 00:31:40 UTC,sensor04,300372246,23.52,92.88,2025-08-19 10:01:08+00:00,33.990737,-81.002963,45.4,7.86,-0.1,95.11,13.0,3D,2025-08-19 06:01:08-04:00,POINT (-81.002963 33.990737)
2025-08-19 00:31:45 UTC,sensor04,300372246,23.5,92.78,2025-08-19 10:01:13+00:00,33.990722,-81.002537,44.7,7.42,-0.1,93.62,13.0,3D,2025-08-19 06:01:13-04:00,POINT (-81.002537 33.990722)
2025-08-19 00:31:50 UTC,sensor04,300372246,23.51,92.74,2025-08-19 10:01:18+00:00,33.990682,-81.002172,44.9,4.56,0.1,98.15,13.0,3D,2025-08-19 06:01:18-04:00,POINT (-81.002172 33.990682)
2025-08-19 00:31:55 UTC,sensor04,300372246,23.5,92.77,2025-08-19 10:01:23+00:00,33.990663,-81.001958,45.0,2.5,0.1,83.93,13.0,3D,2025-08-19 06:01:23-04:00,POINT (-81.001958 33.990663)
2025-08-19 00:32:00 UTC,sensor04,300372246,23.5,92.83,2025-08-19 10:01:28+00:00,33.990732,-81.00184,45.3,3.94,0.1,22.42,13.0,3D,2025-08-19 06:01:28-04:00,POINT (-81.00184 33.990732)
2025-08-19 00:32:06 UTC,sensor04,300372246,23.51,92.89,2025-08-19 10:01:33+00:00,33.990937,-81.001803,45.9,5.99,0.2,3.33,13.0,3D,2025-08-19 06:01:33-04:00,POINT (-81.001803 33.990937)
2025-08-19 00:32:11 UTC,sensor04,300372246,23.48,92.87,2025-08-19 10:01:38+00:00,33.991242,-81.001773,46.5,7.2,0.1,5.19,13.0,3D,2025-08-19 06:01:38-04:00,POINT (-81.001773 33.991242)
2025-08-19 00:32:16 UTC,sensor04,300372246,23.53,92.9,2025-08-19 10:01:44+00:00,33.991578,-81.001733,47.1,5.58,0.0,0.0,13.0,3D,2025-08-19 06:01:44-04:00,POINT (-81.001733 33.991578)
2025-08-19 00:32:31 UTC,sensor04,300372246,23.56,92.92,2025-08-19 10:01:57+00:00,33.991867,-81.001707,50.3,5.47,0.45,5.73,13.0,3D,2025-08-19 06:01:57-04:00,POINT (-81.001707 33.991867)
2025-08-19 00:32:36 UTC,sensor04,300372246,23.55,93.0,2025-08-19 10:02:04+00:00,33.992243,-81.001673,52.6,5.99,0.3,3.16,13.0,3D,2025-08-19 06:02:04-04:00,POINT (-81.001673 33.992243)
2025-08-19 00:32:41 UTC,sensor04,300372246,23.54,93.02,2025-08-19 10:02:09+00:00,33.992477,-81.001655,53.8,5.03,0.1,0.93,13.0,3D,2025-08-19 06:02:09-04:00,POINT (-81.001655 33.992477)
2025-08-19 00:32:46 UTC,sensor04,300372246,23.56,93.05,2025-08-19 10:02:14+00:00,33.992698,-81.001625,54.6,3.48,0.1,7.3,13.0,3D,2025-08-19 06:02:14-04:00,POINT (-81.001625 33.992698)
2025-08-19 00:32:51 UTC,sensor04,300372246,23.56,92.98,2025-08-19 10:02:19+00:00,33.99279,-81.001612,54.9,2.37,0.0,0.22,13.0,3D,2025-08-19 06:02:19-04:00,POINT (-81.001612 33.99279)
2025-08-19 00:32:56 UTC,sensor04,300372246,23.57,92.95,2025-08-19 10:02:24+00:00,33.993012,-81.00159,55.8,5.96,0.3,5.17,13.0,3D,2025-08-19 06:02:24-04:00,POINT (-81.00159 33.993012)
2025-08-19 00:33:01 UTC,sensor04,300372246,23.58,92.92,2025-08-19 10:02:29+00:00,33.993308,-81.001567,56.4,6.37,0.0,4.74,13.0,3D,2025-08-19 06:02:29-04:00,POINT (-81.001567 33.993308)
2025-08-19 00:33:06 UTC,sensor04,300372246,23.59,92.89,2025-08-19 10:02:34+00:00,33.993577,-81.001532,56.2,5.19,0.0,6.73,13.0,3D,2025-08-19 06:02:34-04:00,POINT (-81.001532 33.993577)
2025-08-19 00:33:11 UTC,sensor04,300372246,23.61,92.97,2025-08-19 10:02:39+00:00,33.993792,-81.00151,56.4,3.88,0.2,6.0,13.0,3D,2025-08-19 06:02:39-04:00,POINT (-81.00151 33.993792)
2025-08-19 00:34:32 UTC,sensor04,300372246,23.64,92.66,2025-08-19 10:04:00+00:00,33.993985,-81.001393,55.1,3.42,-0.1,0.0,12.0,3D,2025-08-19 06:04:00-04:00,POINT (-81.001393 33.993985)
2025-08-19 00:34:37 UTC,sensor04,300372246,23.61,92.68,2025-08-19 10:04:05+00:00,33.993985,-81.001117,54.6,6.32,-0.1,0.0,13.0,3D,2025-08-19 06:04:05-04:00,POINT (-81.001117 33.993985)
2025-08-19 00:34:42 UTC,sensor04,300372246,23.61,92.8,2025-08-19 10:04:10+00:00,33.993975,-81.000765,54.1,6.02,-0.1,0.0,14.0,3D,2025-08-19 06:04:10-04:00,POINT (-81.000765 33.993975)
2025-08-19 00:34:47 UTC,sensor04,300372246,23.61,92.93,2025-08-19 10:04:15+00:00,33.993955,-81.000478,53.6,4.99,-0.2,95.95,14.0,3D,2025-08-19 06:04:15-04:00,POINT (-81.000478 33.993955)
2025-08-19 00:35:22 UTC,sensor04,300372246,23.6,93.02,2025-08-19 10:04:50+00:00,33.993643,-81.000335,57.1,4.57,0.0,190.62,13.0,3D,2025-08-19 06:04:50-04:00,POINT (-81.000335 33.993643)
2025-08-19 00:35:27 UTC,sensor04,300372246,23.56,92.95,2025-08-19 10:04:55+00:00,33.993418,-81.000355,57.0,5.67,0.0,185.78,13.0,3D,2025-08-19 06:04:55-04:00,POINT (-81.000355 33.993418)
2025-08-19 00:35:32 UTC,sensor04,300372246,23.53,93.17,2025-08-19 10:05:00+00:00,33.99317,-81.000387,56.2,5.25,-0.2,192.16,13.0,3D,2025-08-19 06:05:00-04:00,POINT (-81.000387 33.99317)
2025-08-19 00:35:38 UTC,sensor04,300372246,23.57,93.27,2025-08-19 10:05:05+00:00,33.992975,-81.000408,55.3,2.43,-0.2,186.52,13.0,3D,2025-08-19 06:05:05-04:00,POINT (-81.000408 33.992975)
2025-08-19 00:35:43 UTC,sensor04,300372246,23.54,93.27,2025-08-19 10:05:10+00:00,33.992873,-81.000403,54.8,3.92,-0.1,183.13,13.0,3D,2025-08-19 06:05:10-04:00,POINT (-81.000403 33.992873)
2025-08-19 00:35:48 UTC,sensor04,300372246,23.54,93.21,2025-08-19 10:05:16+00:00,33.992647,-81.000408,54.4,3.6,-0.1,0.0,13.0,3D,2025-08-19 06:05:16-04:00,POINT (-81.000408 33.992647)
2025-08-19 00:35:53 UTC,sensor04,300372246,23.49,93.19,2025-08-19 10:05:21+00:00,33.992567,-81.000257,53.8,3.92,-0.1,0.0,13.0,3D,2025-08-19 06:05:21-04:00,POINT (-81.000257 33.992567)
2025-08-19 00:35:58 UTC,sensor04,300372246,23.52,93.2,2025-08-19 10:05:26+00:00,33.992542,-80.999942,53.2,6.48,-0.1,0.0,13.0,3D,2025-08-19 06:05:26-04:00,POINT (-80.999942 33.992542)
2025-08-19 00:36:03 UTC,sensor04,300372246,23.53,93.25,2025-08-19 10:05:31+00:00,33.992533,-80.999617,52.2,6.03,-0.2,0.0,13.0,3D,2025-08-19 06:05:31-04:00,POINT (-80.999617 33.992533)
2025-08-19 00:36:08 UTC,sensor04,300372246,23.52,93.19,2025-08-19 10:05:36+00:00,33.992502,-80.999267,51.2,5.64,-0.2,94.92,13.0,3D,2025-08-19 06:05:36-04:00,POINT (-80.999267 33.992502)
2025-08-19 00:36:23 UTC,sensor04,300372246,23.52,93.16,2025-08-19 10:05:51+00:00,33.992362,-80.998978,49.8,2.77,-0.1,181.19,13.0,3D,2025-08-19 06:05:51-04:00,POINT (-80.998978 33.992362)
2025-08-19 00:36:28 UTC,sensor04,300372246,23.49,93.25,2025-08-19 10:05:55+00:00,33.992213,-80.998988,49.1,4.7,-0.2,182.02,13.0,3D,2025-08-19 06:05:55-04:00,POINT (-80.998988 33.992213)
2025-08-19 00:36:33 UTC,sensor04,300372246,23.53,93.41,2025-08-19 10:06:01+00:00,33.99194,-80.999015,47.8,5.4,-0.3,184.36,13.0,3D,2025-08-19 06:06:01-04:00,POINT (-80.999015 33.99194)
2025-08-19 00:36:38 UTC,sensor04,300372246,23.53,93.58,2025-08-19 10:06:06+00:00,33.991708,-80.999045,46.7,4.75,-0.3,188.14,13.0,3D,2025-08-19 06:06:06-04:00,POINT (-80.999045 33.991708)
2025-08-19 00:36:43 UTC,sensor04,300372246,23.52,93.49,2025-08-19 10:06:11+00:00,33.991502,-80.999077,45.5,3.46,-0.4,187.79,13.0,3D,2025-08-19 06:06:11-04:00,POINT (-80.999077 33.991502)
2025-08-19 00:36:53 UTC,sensor04,300372246,23.5,93.43,2025-08-19 10:06:21+00:00,33.991328,-80.998968,43.4,4.09,-0.4,110.88,13.0,3D,2025-08-19 06:06:21-04:00,POINT (-80.998968 33.991328)
2025-08-19 00:36:58 UTC,sensor04,300372246,23.46,93.5,2025-08-19 10:06:26+00:00,33.991323,-80.998732,41.9,4.55,-0.3,89.51,13.0,3D,2025-08-19 06:06:26-04:00,POINT (-80.998732 33.991323)
2025-08-19 00:37:03 UTC,sensor04,300372246,23.45,93.51,2025-08-19 10:06:31+00:00,33.991305,-80.998445,41.0,5.06,-0.2,94.16,13.0,3D,2025-08-19 06:06:31-04:00,POINT (-80.998445 33.991305)
2025-08-19 00:37:08 UTC,sensor04,300372246,23.46,93.59,2025-08-19 10:06:36+00:00,33.99129,-80.998153,39.7,5.08,-0.3,93.39,13.0,3D,2025-08-19 06:06:36-04:00,POINT (-80.998153 33.99129)
2025-08-19 00:37:13 UTC,sensor04,300372246,23.52,93.58,2025-08-19 10:06:41+00:00,33.991265,-80.99783,38.9,5.98,-0.1,95.09,13.0,3D,2025-08-19 06:06:41-04:00,POINT (-80.99783 33.991265)
2025-08-19 00:37:18 UTC,sensor04,300372246,23.54,93.56,2025-08-19 10:06:46+00:00,33.991232,-80.997527,37.8,4.3,-0.3,94.34,14.0,3D,2025-08-19 06:06:46-04:00,POINT (-80.997527 33.991232)
2025-08-19 00:37:23 UTC,sensor04,300372246,23.57,93.4,2025-08-19 10:06:51+00:00,33.991223,-80.99726,36.1,4.76,-0.2,94.52,14.0,3D,2025-08-19 06:06:51-04:00,POINT (-80.99726 33.991223)
2025-08-19 00:37:28 UTC,sensor04,300372246,23.53,93.47,2025-08-19 10:06:56+00:00,33.99121,-80.996962,35.2,5.94,-0.2,92.96,14.0,3D,2025-08-19 06:06:56-04:00,POINT (-80.996962 33.99121)
2025-08-19 00:37:33 UTC,sensor04,300372246,23.53,93.29,2025-08-19 10:07:01+00:00,33.991217,-80.996655,35.5,6.08,0.2,88.94,14.0,3D,2025-08-19 06:07:01-04:00,POINT (-80.996655 33.991217)
2025-08-19 00:37:39 UTC,sensor04,300372246,23.5,93.28,2025-08-19 10:07:06+00:00,33.99119,-80.996352,36.3,5.19,0.2,97.14,14.0,3D,2025-08-19 06:07:06-04:00,POINT (-80.996352 33.99119)
2025-08-19 00:37:44 UTC,sensor04,300372246,23.54,93.44,2025-08-19 10:07:11+00:00,33.99115,-80.996038,37.1,5.63,0.1,96.5,14.0,3D,2025-08-19 06:07:11-04:00,POINT (-80.996038 33.99115)
2025-08-19 00:37:49 UTC,sensor04,300372246,23.53,93.48,2025-08-19 10:07:17+00:00,33.99112,-80.995752,37.0,3.02,-0.1,0.0,14.0,3D,2025-08-19 06:07:17-04:00,POINT (-80.995752 33.99112)
2025-08-19 00:38:04 UTC,sensor04,300372246,23.5,93.51,2025-08-19 10:07:32+00:00,33.99108,-80.995362,38.9,5.93,0.3,93.29,14.0,3D,2025-08-19 06:07:32-04:00,POINT (-80.995362 33.99108)
2025-08-19 00:38:09 UTC,sensor04,300372246,23.5,93.52,2025-08-19 10:07:37+00:00,33.99107,-80.994958,40.3,7.39,0.3,91.12,14.0,3D,2025-08-19 06:07:37-04:00,POINT (-80.994958 33.99107)
2025-08-19 00:38:14 UTC,sensor04,300372246,23.55,93.55,2025-08-19 10:07:42+00:00,33.991042,-80.994558,42.1,7.2,0.3,94.92,14.0,3D,2025-08-19 06:07:42-04:00,POINT (-80.994558 33.991042)
2025-08-19 00:38:19 UTC,sensor04,300372246,23.53,93.45,2025-08-19 10:07:47+00:00,33.991008,-80.994222,43.7,4.56,0.3,102.05,14.0,3D,2025-08-19 06:07:47-04:00,POINT (-80.994222 33.991008)
2025-08-19 00:38:29 UTC,sensor04,300372246,23.54,93.27,2025-08-19 10:07:56+00:00,33.990998,-80.993965,46.1,4.54,0.3,96.95,14.0,3D,2025-08-19 06:07:56-04:00,POINT (-80.993965 33.990998)
2025-08-19 00:38:34 UTC,sensor04,300372246,23.53,93.31,2025-08-19 10:07:56+00:00,33.990998,-80.993965,46.1,4.54,0.3,96.95,14.0,3D,2025-08-19 06:07:56-04:00,POINT (-80.993965 33.990998)
2025-08-19 00:38:39 UTC,sensor04,300372246,23.55,93.28,2025-08-19 10:08:07+00:00,33.990963,-80.993168,47.6,7.36,0.1,98.68,14.0,3D,2025-08-19 06:08:07-04:00,POINT (-80.993168 33.990963)
2025-08-19 00:38:44 UTC,sensor04,300372246,23.54,93.33,2025-08-19 10:08:12+00:00,33.990928,-80.992802,48.5,5.41,0.2,99.29,14.0,3D,2025-08-19 06:08:12-04:00,POINT (-80.992802 33.990928)
2025-08-19 00:38:59 UTC,sensor04,300372246,23.54,93.26,2025-08-19 10:08:27+00:00,33.990947,-80.992578,51.6,2.29,0.6,49.54,14.0,3D,2025-08-19 06:08:27-04:00,POINT (-80.992578 33.990947)
2025-08-19 00:39:04 UTC,sensor04,300372246,23.56,93.4,2025-08-19 10:08:32+00:00,33.99109,-80.992532,54.3,4.3,0.5,7.39,14.0,3D,2025-08-19 06:08:32-04:00,POINT (-80.992532 33.99109)
2025-08-19 00:39:09 UTC,sensor04,300372246,23.53,93.63,2025-08-19 10:08:37+00:00,33.991337,-80.99249,56.8,7.05,0.5,5.9,14.0,3D,2025-08-19 06:08:37-04:00,POINT (-80.99249 33.991337)
2025-08-19 00:39:14 UTC,sensor04,300372246,23.57,93.69,2025-08-19 10:08:42+00:00,33.991565,-80.992482,59.3,4.26,0.4,0.37,14.0,3D,2025-08-19 06:08:42-04:00,POINT (-80.992482 33.991565)
2025-08-19 00:39:19 UTC,sensor04,300372246,23.53,93.51,2025-08-19 10:08:47+00:00,33.991763,-80.992477,61.5,4.16,0.3,3.33,14.0,3D,2025-08-19 06:08:47-04:00,POINT (-80.992477 33.991763)
2025-08-19 00:39:29 UTC,sensor04,300372246,23.53,93.45,2025-08-19 10:08:57+00:00,33.991978,-80.99241,63.7,2.27,0.2,53.32,14.0,3D,2025-08-19 06:08:57-04:00,POINT (-80.99241 33.991978)
2025-08-19 00:39:34 UTC,sensor04,300372246,23.52,93.44,2025-08-19 10:09:02+00:00,33.991988,-80.992177,64.5,5.87,0.2,96.34,14.0,3D,2025-08-19 06:09:02-04:00,POINT (-80.992177 33.991988)
2025-08-19 00:39:39 UTC,sensor04,300372246,23.51,93.43,2025-08-19 10:09:07+00:00,33.99198,-80.991805,65.2,7.77,0.1,94.35,14.0,3D,2025-08-19 06:09:07-04:00,POINT (-80.991805 33.99198)
2025-08-19 00:39:45 UTC,sensor04,300372246,23.5,93.38,2025-08-19 10:09:12+00:00,33.991955,-80.991388,65.5,6.07,0.0,96.6,14.0,3D,2025-08-19 06:09:12-04:00,POINT (-80.991388 33.991955)
2025-08-19 00:39:50 UTC,sensor04,300372246,23.51,93.44,2025-08-19 10:09:17+00:00,33.991938,-80.991088,66.4,3.97,0.3,100.77,14.0,3D,2025-08-19 06:09:17-04:00,POINT (-80.991088 33.991938)
2025-08-19 00:40:00 UTC,sensor04,300372246,23.49,93.37,2025-08-19 10:09:28+00:00,33.991818,-80.990878,67.6,3.7,0.1,0.0,14.0,3D,2025-08-19 06:09:28-04:00,POINT (-80.990878 33.991818)
2025-08-19 00:40:05 UTC,sensor04,300372246,23.53,93.37,2025-08-19 10:09:33+00:00,33.991562,-80.99092,68.6,6.35,0.2,0.0,14.0,3D,2025-08-19 06:09:33-04:00,POINT (-80.99092 33.991562)
2025-08-19 00:40:10 UTC,sensor04,300372246,23.49,93.42,2025-08-19 10:09:38+00:00,33.991282,-80.990947,69.7,6.32,0.2,0.0,14.0,3D,2025-08-19 06:09:38-04:00,POINT (-80.990947 33.991282)
2025-08-19 00:40:15 UTC,sensor04,300372246,23.55,93.5,2025-08-19 10:09:43+00:00,33.991022,-80.990987,70.1,5.33,0.0,189.29,14.0,3D,2025-08-19 06:09:43-04:00,POINT (-80.990987 33.991022)
2025-08-19 00:40:45 UTC,sensor04,300372246,23.62,93.54,2025-08-19 10:10:13+00:00,33.990815,-80.991017,69.2,2.74,-0.2,167.16,14.0,3D,2025-08-19 06:10:13-04:00,POINT (-80.991017 33.990815)
2025-08-19 00:40:50 UTC,sensor04,300372246,23.57,93.51,2025-08-19 10:10:18+00:00,33.990727,-80.990853,68.1,4.46,-0.2,98.28,14.0,3D,2025-08-19 06:10:18-04:00,POINT (-80.990853 33.990727)
2025-08-19 00:40:55 UTC,sensor04,300372246,23.58,93.5,2025-08-19 10:10:23+00:00,33.990705,-80.99059,66.9,5.79,-0.2,91.01,14.0,3D,2025-08-19 06:10:23-04:00,POINT (-80.99059 33.990705)
2025-08-19 00:41:00 UTC,sensor04,300372246,23.56,93.37,2025-08-19 10:10:28+00:00,33.990698,-80.990278,66.4,5.24,-0.1,88.17,14.0,3D,2025-08-19 06:10:28-04:00,POINT (-80.990278 33.990698)
2025-08-19 00:41:05 UTC,sensor04,300372246,23.54,93.38,2025-08-19 10:10:33+00:00,33.990672,-80.99003,66.0,4.58,-0.1,103.57,14.0,3D,2025-08-19 06:10:33-04:00,POINT (-80.99003 33.990672)
2025-08-19 00:41:15 UTC,sensor04,300372246,23.55,93.41,2025-08-19 10:10:43+00:00,33.990593,-80.98985,66.7,2.72,0.0,170.5,14.0,3D,2025-08-19 06:10:43-04:00,POINT (-80.98985 33.990593)
2025-08-19 00:41:20 UTC,sensor04,300372246,23.59,93.61,2025-08-19 10:10:48+00:00,33.990407,-80.989863,66.1,5.24,-0.2,184.18,14.0,3D,2025-08-19 06:10:48-04:00,POINT (-80.989863 33.990407)
2025-08-19 00:41:25 UTC,sensor04,300372246,23.51,93.53,2025-08-19 10:10:53+00:00,33.990147,-80.98988,65.1,5.41,-0.2,189.29,14.0,3D,2025-08-19 06:10:53-04:00,POINT (-80.98988 33.990147)
2025-08-19 00:41:30 UTC,sensor04,300372246,23.51,93.48,2025-08-19 10:10:58+00:00,33.989912,-80.98991,63.8,5.28,-0.3,183.14,14.0,3D,2025-08-19 06:10:58-04:00,POINT (-80.98991 33.989912)
2025-08-19 00:41:35 UTC,sensor04,300372246,23.48,93.48,2025-08-19 10:11:03+00:00,33.989652,-80.989933,62.1,6.47,-0.4,183.36,14.0,3D,2025-08-19 06:11:03-04:00,POINT (-80.989933 33.989652)
2025-08-19 00:41:40 UTC,sensor04,300372246,23.51,93.6,2025-08-19 10:11:08+00:00,33.989335,-80.98995,59.9,6.18,-0.8,179.48,14.0,3D,2025-08-19 06:11:08-04:00,POINT (-80.98995 33.989335)
2025-08-19 00:41:46 UTC,sensor04,300372246,23.51,93.67,2025-08-19 10:11:13+00:00,33.989108,-80.989972,56.6,3.75,-0.6,185.66,14.0,3D,2025-08-19 06:11:13-04:00,POINT (-80.989972 33.989108)
2025-08-19 00:41:56 UTC,sensor04,300372246,23.61,93.58,2025-08-19 10:11:23+00:00,33.988963,-80.989788,50.7,5.52,-0.6,97.9,14.0,3D,2025-08-19 06:11:23-04:00,POINT (-80.989788 33.988963)
2025-08-19 00:42:01 UTC,sensor04,300372246,23.6,93.45,2025-08-19 10:11:29+00:00,33.988937,-80.989453,47.7,4.01,-0.6,0.0,14.0,3D,2025-08-19 06:11:29-04:00,POINT (-80.989453 33.988937)
2025-08-19 00:42:06 UTC,sensor04,300372246,23.62,93.39,2025-08-19 10:11:34+00:00,33.988943,-80.989243,45.4,4.93,-0.4,0.0,14.0,3D,2025-08-19 06:11:34-04:00,POINT (-80.989243 33.988943)
2025-08-19 00:43:37 UTC,sensor04,300372246,23.61,93.28,2025-08-19 10:13:04+00:00,33.988938,-80.988998,42.5,3.61,-0.1,92.54,14.0,3D,2025-08-19 06:13:04-04:00,POINT (-80.988998 33.988938)
2025-08-19 00:43:52 UTC,sensor04,300372246,23.62,93.34,2025-08-19 10:13:20+00:00,33.988893,-80.988445,41.6,7.86,0.0,0.0,14.0,3D,2025-08-19 06:13:20-04:00,POINT (-80.988445 33.988893)
2025-08-19 00:43:57 UTC,sensor04,300372246,23.6,93.4,2025-08-19 10:13:25+00:00,33.988873,-80.988,41.3,8.49,-0.1,0.0,14.0,3D,2025-08-19 06:13:25-04:00,POINT (-80.988 33.988873)
2025-08-19 00:44:02 UTC,sensor04,300372246,23.6,93.48,2025-08-19 10:13:30+00:00,33.98885,-80.987603,40.5,6.66,-0.2,0.0,4.0,3D,2025-08-19 06:13:30-04:00,POINT (-80.987603 33.98885)
2025-08-19 00:44:07 UTC,sensor04,300372246,23.62,93.49,2025-08-19 10:13:35+00:00,33.98883,-80.98721,39.8,7.7,-0.2,0.0,4.0,3D,2025-08-19 06:13:35-04:00,POINT (-80.98721 33.98883)
2025-08-19 00:44:12 UTC,sensor04,300372246,23.58,93.5,2025-08-19 10:13:40+00:00,33.988833,-80.986808,37.2,7.86,-0.6,0.0,8.0,3D,2025-08-19 06:13:40-04:00,POINT (-80.986808 33.988833)
2025-08-19 00:44:17 UTC,sensor04,300372246,23.58,93.72,2025-08-19 10:13:45+00:00,33.988832,-80.986378,35.1,8.32,-0.4,0.0,8.0,3D,2025-08-19 06:13:45-04:00,POINT (-80.986378 33.988832)
2025-08-19 00:44:22 UTC,sensor04,300372246,23.58,93.6,2025-08-19 10:13:50+00:00,33.988817,-80.985972,32.8,6.97,-0.4,0.0,12.0,3D,2025-08-19 06:13:50-04:00,POINT (-80.985972 33.988817)
2025-08-19 00:44:27 UTC,sensor04,300372246,23.58,93.48,2025-08-19 10:13:55+00:00,33.988803,-80.985658,31.5,5.55,-0.2,0.0,14.0,3D,2025-08-19 06:13:55-04:00,POINT (-80.985658 33.988803)
2025-08-19 00:44:32 UTC,sensor04,300372246,23.6,93.49,2025-08-19 10:13:57+00:00,33.9888,-80.985552,31.1,4.59,-0.2,92.68,14.0,3D,2025-08-19 06:13:57-04:00,POINT (-80.985552 33.9888)
2025-08-19 00:44:37 UTC,sensor04,300372246,23.62,93.6,2025-08-19 10:14:05+00:00,33.988845,-80.98536,0.0,3.4,0.0,45.06,14.0,3D,2025-08-19 06:14:05-04:00,POINT (-80.98536 33.988845)
2025-08-19 00:44:42 UTC,sensor04,300372246,23.65,93.67,2025-08-19 10:14:10+00:00,33.989052,-80.985272,30.5,5.51,0.2,14.25,14.0,3D,2025-08-19 06:14:10-04:00,POINT (-80.985272 33.989052)
2025-08-19 00:44:47 UTC,sensor04,300372246,23.64,93.61,2025-08-19 10:14:15+00:00,33.98932,-80.985202,31.9,6.47,0.3,13.07,14.0,3D,2025-08-19 06:14:15-04:00,POINT (-80.985202 33.98932)
2025-08-19 00:44:52 UTC,sensor04,300372246,23.62,93.53,2025-08-19 10:14:20+00:00,33.989558,-80.985153,33.4,5.13,0.2,10.62,14.0,3D,2025-08-19 06:14:20-04:00,POINT (-80.985153 33.989558)
2025-08-19 00:44:57 UTC,sensor04,300372246,23.61,93.61,2025-08-19 10:14:25+00:00,33.989755,-80.985112,35.0,4.27,0.3,9.7,13.0,3D,2025-08-19 06:14:25-04:00,POINT (-80.985112 33.989755)
2025-08-19 00:45:07 UTC,sensor04,300372246,23.61,93.53,2025-08-19 10:14:35+00:00,33.989943,-80.985013,38.2,2.74,0.2,64.99,13.0,3D,2025-08-19 06:14:35-04:00,POINT (-80.985013 33.989943)
2025-08-19 00:45:12 UTC,sensor04,300372246,23.63,93.51,2025-08-19 10:14:40+00:00,33.989922,-80.984783,38.9,5.49,0.1,108.84,13.0,3D,2025-08-19 06:14:40-04:00,POINT (-80.984783 33.989922)
2025-08-19 00:45:17 UTC,sensor04,300372246,23.63,93.57,2025-08-19 10:14:45+00:00,33.989865,-80.984395,39.1,8.05,0.1,99.93,13.0,3D,2025-08-19 06:14:45-04:00,POINT (-80.984395 33.989865)
2025-08-19 00:45:22 UTC,sensor04,300372246,23.64,93.63,2025-08-19 10:14:50+00:00,33.989812,-80.983995,40.2,6.9,0.3,98.02,13.0,3D,2025-08-19 06:14:50-04:00,POINT (-80.983995 33.989812)
2025-08-19 00:45:27 UTC,sensor04,300372246,23.63,93.66,2025-08-19 10:14:55+00:00,33.989773,-80.983693,41.6,4.95,0.3,105.56,13.0,3D,2025-08-19 06:14:55-04:00,POINT (-80.983693 33.989773)
2025-08-19 00:45:32 UTC,sensor04,300372246,23.6,93.55,2025-08-19 10:15:00+00:00,33.98971,-80.983472,43.0,4.32,0.3,111.78,13.0,3D,2025-08-19 06:15:00-04:00,POINT (-80.983472 33.98971)
2025-08-19 00:45:37 UTC,sensor04,300372246,23.62,93.56,2025-08-19 10:15:05+00:00,33.989572,-80.98328,44.0,4.99,0.2,136.42,13.0,3D,2025-08-19 06:15:05-04:00,POINT (-80.98328 33.989572)
2025-08-19 00:45:48 UTC,sensor04,300372246,23.62,93.61,2025-08-19 10:15:15+00:00,33.989413,-80.983113,46.0,2.83,0.2,139.27,13.0,3D,2025-08-19 06:15:15-04:00,POINT (-80.983113 33.989413)
2025-08-19 00:45:53 UTC,sensor04,300372246,23.62,93.6,2025-08-19 10:15:21+00:00,33.989225,-80.982948,47.0,5.01,0.1,0.0,13.0,3D,2025-08-19 06:15:21-04:00,POINT (-80.982948 33.989225)
2025-08-19 00:45:58 UTC,sensor04,300372246,23.64,93.58,2025-08-19 10:15:26+00:00,33.989002,-80.982752,47.8,6.69,0.1,0.0,13.0,3D,2025-08-19 06:15:26-04:00,POINT (-80.982752 33.989002)
2025-08-19 00:46:03 UTC,sensor04,300372246,23.64,93.57,2025-08-19 10:15:31+00:00,33.988778,-80.982565,48.2,5.47,0.0,0.0,13.0,3D,2025-08-19 06:15:31-04:00,POINT (-80.982565 33.988778)
2025-08-19 00:46:08 UTC,sensor04,300372246,23.7,93.6,2025-08-19 10:15:36+00:00,33.988607,-80.982458,48.4,3.03,0.0,0.0,13.0,3D,2025-08-19 06:15:36-04:00,POINT (-80.982458 33.988607)
2025-08-19 00:46:13 UTC,sensor04,300372246,23.7,93.51,2025-08-19 10:15:41+00:00,33.988535,-80.982385,49.1,4.28,0.1,129.02,13.0,3D,2025-08-19 06:15:41-04:00,POINT (-80.982385 33.988535)
2025-08-19 00:46:18 UTC,sensor04,300372246,23.74,93.39,2025-08-19 10:15:46+00:00,33.988492,-80.982112,50.2,5.83,0.4,67.68,13.0,3D,2025-08-19 06:15:46-04:00,POINT (-80.982112 33.988492)
2025-08-19 00:46:23 UTC,sensor04,300372246,23.76,93.15,2025-08-19 10:15:51+00:00,33.988718,-80.981832,52.3,8.52,0.4,42.34,13.0,3D,2025-08-19 06:15:51-04:00,POINT (-80.981832 33.988718)
2025-08-19 00:46:28 UTC,sensor04,300372246,23.88,92.93,2025-08-19 10:15:56+00:00,33.98905,-80.981482,53.7,10.59,0.2,40.61,13.0,3D,2025-08-19 06:15:56-04:00,POINT (-80.981482 33.98905)
2025-08-19 00:46:33 UTC,sensor04,300372246,23.95,92.66,2025-08-19 10:16:01+00:00,33.989438,-80.981133,54.6,10.64,0.17,34.29,13.0,3D,2025-08-19 06:16:01-04:00,POINT (-80.981133 33.989438)
2025-08-19 00:46:38 UTC,sensor04,300372246,23.99,92.38,2025-08-19 10:16:02+00:00,33.989518,-80.98107,54.7,10.66,0.1,32.9,13.0,3D,2025-08-19 06:16:02-04:00,POINT (-80.98107 33.989518)
2025-08-19 00:46:43 UTC,sensor04,300372246,23.98,92.27,2025-08-19 10:16:11+00:00,33.99035,-80.980592,54.5,11.23,-0.1,23.09,13.0,3D,2025-08-19 06:16:11-04:00,POINT (-80.980592 33.99035)
2025-08-19 00:46:48 UTC,sensor04,300372246,24.02,92.09,2025-08-19 10:16:16+00:00,33.99081,-80.980342,54.5,10.72,0.1,23.89,13.0,3D,2025-08-19 06:16:16-04:00,POINT (-80.980342 33.99081)
2025-08-19 00:46:53 UTC,sensor04,300372246,24.06,91.85,2025-08-19 10:16:21+00:00,33.991197,-80.98014,55.3,8.26,0.2,24.77,13.0,3D,2025-08-19 06:16:21-04:00,POINT (-80.98014 33.991197)
2025-08-19 00:46:58 UTC,sensor04,300372246,23.94,92.01,2025-08-19 10:16:26+00:00,33.991558,-80.979958,56.5,9.2,0.2,23.46,13.0,3D,2025-08-19 06:16:26-04:00,POINT (-80.979958 33.991558)
2025-08-19 00:47:03 UTC,sensor04,300372246,24.03,92.22,2025-08-19 10:16:31+00:00,33.991898,-80.97978,57.6,7.02,0.2,24.48,13.0,3D,2025-08-19 06:16:31-04:00,POINT (-80.97978 33.991898)
2025-08-19 00:47:08 UTC,sensor04,300372246,23.93,92.13,2025-08-19 10:16:36+00:00,33.992148,-80.97965,58.0,5.27,-0.1,22.61,13.0,3D,2025-08-19 06:16:36-04:00,POINT (-80.97965 33.992148)
2025-08-19 00:47:49 UTC,sensor04,300372246,23.88,92.47,2025-08-19 10:17:16+00:00,33.992442,-80.979498,57.3,3.89,-0.1,24.1,13.0,3D,2025-08-19 06:17:16-04:00,POINT (-80.979498 33.992442)
2025-08-19 00:47:59 UTC,sensor04,300372246,23.91,92.57,2025-08-19 10:17:27+00:00,33.99245,-80.979137,58.9,8.11,0.2,0.0,13.0,3D,2025-08-19 06:17:27-04:00,POINT (-80.979137 33.99245)
2025-08-19 00:48:04 UTC,sensor04,300372246,23.98,92.32,2025-08-19 10:17:32+00:00,33.992252,-80.978653,59.9,11.05,0.2,0.0,13.0,3D,2025-08-19 06:17:32-04:00,POINT (-80.978653 33.992252)
2025-08-19 00:48:09 UTC,sensor04,300372246,23.97,92.29,2025-08-19 10:17:37+00:00,33.992017,-80.978085,60.7,11.67,0.3,115.49,13.0,3D,2025-08-19 06:17:37-04:00,POINT (-80.978085 33.992017)
2025-08-19 00:48:14 UTC,sensor04,300372246,24.01,92.21,2025-08-19 10:17:42+00:00,33.991792,-80.977522,61.9,11.74,0.3,115.47,13.0,3D,2025-08-19 06:17:42-04:00,POINT (-80.977522 33.991792)
2025-08-19 00:48:19 UTC,sensor04,300372246,23.96,92.14,2025-08-19 10:17:47+00:00,33.991547,-80.976945,63.0,11.87,0.2,119.16,13.0,3D,2025-08-19 06:17:47-04:00,POINT (-80.976945 33.991547)
2025-08-19 00:48:24 UTC,sensor04,300372246,24.07,92.21,2025-08-19 10:17:52+00:00,33.991263,-80.976348,65.1,11.83,0.8,121.99,13.0,3D,2025-08-19 06:17:52-04:00,POINT (-80.976348 33.991263)
2025-08-19 00:48:29 UTC,sensor04,300372246,24.17,91.91,2025-08-19 10:17:57+00:00,33.990932,-80.975833,64.7,11.68,-0.6,136.62,13.0,3D,2025-08-19 06:17:57-04:00,POINT (-80.975833 33.990932)
2025-08-19 00:48:34 UTC,sensor04,300372246,24.19,91.64,2025-08-19 10:18:02+00:00,33.990547,-80.975403,63.8,11.79,-0.12,137.69,13.0,3D,2025-08-19 06:18:02-04:00,POINT (-80.975403 33.990547)
2025-08-19 00:48:39 UTC,sensor04,300372246,24.16,91.69,2025-08-19 10:18:03+00:00,33.990473,-80.975317,63.2,11.55,-0.6,138.18,13.0,3D,2025-08-19 06:18:03-04:00,POINT (-80.975317 33.990473)
2025-08-19 00:48:44 UTC,sensor04,300372246,24.15,91.69,2025-08-19 10:18:12+00:00,33.98979,-80.974555,60.8,10.74,-0.27,140.12,13.0,3D,2025-08-19 06:18:12-04:00,POINT (-80.974555 33.98979)
2025-08-19 00:48:49 UTC,sensor04,300372246,24.22,91.72,2025-08-19 10:18:17+00:00,33.98941,-80.974155,57.2,11.52,-1.0,139.21,13.0,3D,2025-08-19 06:18:17-04:00,POINT (-80.974155 33.98941)
2025-08-19 00:48:54 UTC,sensor04,300372246,24.14,91.65,2025-08-19 10:18:22+00:00,33.98901,-80.973733,61.1,11.53,-0.2,137.6,13.0,3D,2025-08-19 06:18:22-04:00,POINT (-80.973733 33.98901)
2025-08-19 00:48:59 UTC,sensor04,300372246,24.14,91.59,2025-08-19 10:18:27+00:00,33.988623,-80.9733,61.5,11.91,0.3,136.78,13.0,3D,2025-08-19 06:18:27-04:00,POINT (-80.9733 33.988623)
2025-08-19 00:49:04 UTC,sensor04,300372246,24.21,91.59,2025-08-19 10:18:32+00:00,33.988222,-80.97285,62.6,11.97,-0.1,135.38,13.0,3D,2025-08-19 06:18:32-04:00,POINT (-80.97285 33.988222)
2025-08-19 00:49:09 UTC,sensor04,300372246,24.09,91.58,2025-08-19 10:18:37+00:00,33.987818,-80.972433,62.5,11.65,0.1,140.81,13.0,3D,2025-08-19 06:18:37-04:00,POINT (-80.972433 33.987818)
2025-08-19 00:49:14 UTC,sensor04,300372246,23.97,91.83,2025-08-19 10:18:42+00:00,33.987427,-80.97205,63.0,11.05,0.0,144.45,13.0,3D,2025-08-19 06:18:42-04:00,POINT (-80.97205 33.987427)
2025-08-19 00:49:19 UTC,sensor04,300372246,23.86,92.21,2025-08-19 10:18:47+00:00,33.987032,-80.97172,62.9,10.36,0.0,146.04,13.0,3D,2025-08-19 06:18:47-04:00,POINT (-80.97172 33.987032)
2025-08-19 00:49:24 UTC,sensor04,300372246,23.8,92.42,2025-08-19 10:18:52+00:00,33.986632,-80.971407,62.1,10.76,-0.1,142.48,13.0,3D,2025-08-19 06:18:52-04:00,POINT (-80.971407 33.986632)
2025-08-19 00:49:29 UTC,sensor04,300372246,23.84,92.87,2025-08-19 10:18:57+00:00,33.986228,-80.971063,62.0,11.13,0.1,141.83,13.0,3D,2025-08-19 06:18:57-04:00,POINT (-80.971063 33.986228)
2025-08-19 00:49:34 UTC,sensor04,300372246,23.92,92.69,2025-08-19 10:19:02+00:00,33.985818,-80.970728,61.5,10.76,-0.2,148.55,13.0,3D,2025-08-19 06:19:02-04:00,POINT (-80.970728 33.985818)
2025-08-19 00:49:40 UTC,sensor04,300372246,23.83,92.51,2025-08-19 10:19:07+00:00,33.985428,-80.97037,61.7,11.06,0.1,143.48,13.0,3D,2025-08-19 06:19:07-04:00,POINT (-80.97037 33.985428)
2025-08-19 00:49:45 UTC,sensor04,300372246,23.92,92.48,2025-08-19 10:19:12+00:00,33.985117,-80.969915,61.7,10.41,0.3,130.17,13.0,3D,2025-08-19 06:19:12-04:00,POINT (-80.969915 33.985117)
2025-08-19 00:49:50 UTC,sensor04,300372246,23.85,92.36,2025-08-19 10:19:18+00:00,33.98475,-80.96934,61.8,11.14,0.0,0.0,13.0,3D,2025-08-19 06:19:18-04:00,POINT (-80.96934 33.98475)
2025-08-19 00:49:55 UTC,sensor04,300372246,23.8,92.47,2025-08-19 10:19:23+00:00,33.984442,-80.968863,60.7,11.37,-0.2,0.0,13.0,3D,2025-08-19 06:19:23-04:00,POINT (-80.968863 33.984442)
2025-08-19 00:50:00 UTC,sensor04,300372246,23.72,92.64,2025-08-19 10:19:28+00:00,33.98413,-80.968362,56.7,12.07,-0.9,0.0,13.0,3D,2025-08-19 06:19:28-04:00,POINT (-80.968362 33.98413)
2025-08-19 00:50:05 UTC,sensor04,300372246,23.72,92.87,2025-08-19 10:19:33+00:00,33.983815,-80.967848,53.9,11.61,-0.5,0.0,13.0,3D,2025-08-19 06:19:33-04:00,POINT (-80.967848 33.983815)
2025-08-19 00:50:10 UTC,sensor04,300372246,23.78,92.96,2025-08-19 10:19:38+00:00,33.983495,-80.967343,51.6,11.84,-0.6,0.0,13.0,3D,2025-08-19 06:19:38-04:00,POINT (-80.967343 33.983495)
2025-08-19 00:50:15 UTC,sensor04,300372246,23.79,92.94,2025-08-19 10:19:43+00:00,33.983152,-80.966808,50.6,12.91,0.3,123.11,13.0,3D,2025-08-19 06:19:43-04:00,POINT (-80.966808 33.983152)
2025-08-19 00:50:20 UTC,sensor04,300372246,23.81,92.64,2025-08-19 10:19:48+00:00,33.982798,-80.966252,52.2,12.87,1.6,124.23,13.0,3D,2025-08-19 06:19:48-04:00,POINT (-80.966252 33.982798)
2025-08-19 00:50:25 UTC,sensor04,300372246,23.79,92.65,2025-08-19 10:19:53+00:00,33.98245,-80.965673,55.4,12.8,0.4,124.53,13.0,3D,2025-08-19 06:19:53-04:00,POINT (-80.965673 33.98245)
2025-08-19 00:50:30 UTC,sensor04,300372246,23.77,92.64,2025-08-19 10:19:58+00:00,33.98213,-80.965165,61.8,10.45,0.5,126.33,13.0,3D,2025-08-19 06:19:58-04:00,POINT (-80.965165 33.98213)
2025-08-19 00:50:35 UTC,sensor04,300372246,23.77,92.75,2025-08-19 10:20:03+00:00,33.981883,-80.96477,65.3,7.43,0.6,127.74,13.0,3D,2025-08-19 06:20:03-04:00,POINT (-80.96477 33.981883)
2025-08-19 00:50:40 UTC,sensor04,300372246,23.76,92.69,2025-08-19 10:20:04+00:00,33.981847,-80.964708,66.0,6.48,0.7,128.49,13.0,3D,2025-08-19 06:20:04-04:00,POINT (-80.964708 33.981847)
2025-08-19 00:50:45 UTC,sensor04,300372246,23.75,92.65,2025-08-19 10:20:13+00:00,33.981613,-80.964313,70.3,3.87,0.3,124.63,13.0,3D,2025-08-19 06:20:13-04:00,POINT (-80.964313 33.981613)
2025-08-19 00:51:20 UTC,sensor04,300372246,23.77,92.69,2025-08-19 10:20:48+00:00,33.98156,-80.964225,74.7,3.27,0.0,131.45,13.0,3D,2025-08-19 06:20:48-04:00,POINT (-80.964225 33.98156)
2025-08-19 00:51:25 UTC,sensor04,300372246,23.7,92.65,2025-08-19 10:20:53+00:00,33.981405,-80.96423,75.4,4.82,0.2,209.9,13.0,3D,2025-08-19 06:20:53-04:00,POINT (-80.96423 33.981405)
2025-08-19 00:51:30 UTC,sensor04,300372246,23.67,92.75,2025-08-19 10:20:58+00:00,33.98119,-80.96444,76.8,6.96,0.4,214.98,13.0,3D,2025-08-19 06:20:58-04:00,POINT (-80.96444 33.98119)
2025-08-19 00:51:35 UTC,sensor04,300372246,23.61,92.86,2025-08-19 10:21:03+00:00,33.980913,-80.964712,78.1,8.54,0.3,220.64,13.0,3D,2025-08-19 06:21:03-04:00,POINT (-80.964712 33.980913)
2025-08-19 00:51:40 UTC,sensor04,300372246,23.62,93.11,2025-08-19 10:21:08+00:00,33.980577,-80.965008,78.6,9.08,0.1,217.52,13.0,3D,2025-08-19 06:21:08-04:00,POINT (-80.965008 33.980577)
2025-08-19 00:51:46 UTC,sensor04,300372246,23.68,93.15,2025-08-19 10:21:13+00:00,33.980263,-80.965293,77.9,8.41,0.0,213.3,13.0,3D,2025-08-19 06:21:13-04:00,POINT (-80.965293 33.980263)
2025-08-19 00:51:51 UTC,sensor04,300372246,23.66,93.04,2025-08-19 10:21:18+00:00,33.979932,-80.965582,77.9,9.74,0.1,218.74,13.0,3D,2025-08-19 06:21:18-04:00,POINT (-80.965582 33.979932)
2025-08-19 00:51:56 UTC,sensor04,300372246,23.66,93.08,2025-08-19 10:21:23+00:00,33.979585,-80.965888,77.6,9.52,0.1,218.76,13.0,3D,2025-08-19 06:21:23-04:00,POINT (-80.965888 33.979585)
2025-08-19 00:52:01 UTC,sensor04,300372246,23.63,93.26,2025-08-19 10:21:29+00:00,33.97918,-80.966263,77.7,9.39,0.2,0.0,13.0,3D,2025-08-19 06:21:29-04:00,POINT (-80.966263 33.97918)
2025-08-19 00:52:06 UTC,sensor04,300372246,23.58,93.2,2025-08-19 10:21:34+00:00,33.978857,-80.96657,78.0,9.43,0.0,0.0,13.0,3D,2025-08-19 06:21:34-04:00,POINT (-80.96657 33.978857)
2025-08-19 00:52:11 UTC,sensor04,300372246,23.56,93.31,2025-08-19 10:21:39+00:00,33.978523,-80.966873,77.6,8.86,-0.1,0.0,13.0,3D,2025-08-19 06:21:39-04:00,POINT (-80.966873 33.978523)
2025-08-19 00:52:16 UTC,sensor04,300372246,23.57,93.41,2025-08-19 10:21:44+00:00,33.978227,-80.967113,77.3,6.6,-0.1,215.38,13.0,3D,2025-08-19 06:21:44-04:00,POINT (-80.967113 33.978227)
2025-08-19 00:52:26 UTC,sensor04,300372246,23.54,93.44,2025-08-19 10:21:54+00:00,33.978032,-80.967367,75.5,3.02,-0.2,246.17,13.0,3D,2025-08-19 06:21:54-04:00,POINT (-80.967367 33.978032)
2025-08-19 00:52:31 UTC,sensor04,300372246,23.52,93.45,2025-08-19 10:21:59+00:00,33.978012,-80.967552,73.6,4.42,-0.3,270.48,13.0,3D,2025-08-19 06:21:59-04:00,POINT (-80.967552 33.978012)
2025-08-19 00:52:36 UTC,sensor04,300372246,23.55,93.47,2025-08-19 10:21:59+00:00,33.978012,-80.967552,73.6,4.42,-0.3,270.48,13.0,3D,2025-08-19 06:21:59-04:00,POINT (-80.967552 33.978012)
2025-08-19 00:52:41 UTC,sensor04,300372246,23.56,93.57,2025-08-19 10:22:09+00:00,33.977978,-80.968168,70.6,6.85,-0.3,266.08,13.0,3D,2025-08-19 06:22:09-04:00,POINT (-80.968168 33.977978)
2025-08-19 00:52:46 UTC,sensor04,300372246,23.6,93.57,2025-08-19 10:22:14+00:00,33.977963,-80.968542,68.9,6.44,-0.4,263.56,13.0,3D,2025-08-19 06:22:14-04:00,POINT (-80.968542 33.977963)
2025-08-19 00:52:51 UTC,sensor04,300372246,23.62,93.51,2025-08-19 10:22:19+00:00,33.977995,-80.96883,67.2,5.02,-0.4,272.02,13.0,3D,2025-08-19 06:22:19-04:00,POINT (-80.96883 33.977995)
2025-08-19 00:52:56 UTC,sensor04,300372246,23.64,93.37,2025-08-19 10:22:24+00:00,33.977998,-80.969172,65.7,6.83,-0.2,270.96,13.0,3D,2025-08-19 06:22:24-04:00,POINT (-80.969172 33.977998)
2025-08-19 00:53:01 UTC,sensor04,300372246,23.64,93.45,2025-08-19 10:22:29+00:00,33.978038,-80.969502,65.6,5.43,0.0,281.96,13.0,3D,2025-08-19 06:22:29-04:00,POINT (-80.969502 33.978038)
2025-08-19 00:53:06 UTC,sensor04,300372246,23.66,93.5,2025-08-19 10:22:34+00:00,33.9781,-80.969793,66.4,5.34,0.3,293.3,13.0,3D,2025-08-19 06:22:34-04:00,POINT (-80.969793 33.9781)
2025-08-19 00:53:11 UTC,sensor04,300372246,23.67,93.48,2025-08-19 10:22:39+00:00,33.978237,-80.970095,67.5,6.95,0.2,301.8,13.0,3D,2025-08-19 06:22:39-04:00,POINT (-80.970095 33.978237)
2025-08-19 00:53:16 UTC,sensor04,300372246,23.68,93.4,2025-08-19 10:22:44+00:00,33.978388,-80.970365,68.7,4.52,0.3,307.4,13.0,3D,2025-08-19 06:22:44-04:00,POINT (-80.970365 33.978388)
2025-08-19 00:53:21 UTC,sensor04,300372246,23.69,93.32,2025-08-19 10:22:49+00:00,33.97852,-80.970627,69.5,6.19,0.1,296.79,13.0,3D,2025-08-19 06:22:49-04:00,POINT (-80.970627 33.97852)
2025-08-19 00:53:26 UTC,sensor04,300372246,23.7,93.23,2025-08-19 10:22:54+00:00,33.978637,-80.970917,70.3,5.38,0.2,290.42,13.0,3D,2025-08-19 06:22:54-04:00,POINT (-80.970917 33.978637)
2025-08-19 00:53:31 UTC,sensor04,300372246,23.7,93.22,2025-08-19 10:22:59+00:00,33.978717,-80.971205,71.0,5.24,-0.2,269.92,13.0,3D,2025-08-19 06:22:59-04:00,POINT (-80.971205 33.978717)
2025-08-19 00:53:36 UTC,sensor04,300372246,23.71,93.24,2025-08-19 10:23:04+00:00,33.978702,-80.971487,70.9,6.06,0.0,262.1,13.0,3D,2025-08-19 06:23:04-04:00,POINT (-80.971487 33.978702)
2025-08-19 00:53:41 UTC,sensor04,300372246,23.7,93.19,2025-08-19 10:23:09+00:00,33.978645,-80.971822,70.4,5.17,0.1,257.72,13.0,3D,2025-08-19 06:23:09-04:00,POINT (-80.971822 33.978645)
2025-08-19 00:53:46 UTC,sensor04,300372246,23.71,93.21,2025-08-19 10:23:14+00:00,33.97859,-80.972105,70.5,5.65,0.1,255.7,13.0,3D,2025-08-19 06:23:14-04:00,POINT (-80.972105 33.97859)
2025-08-19 00:53:52 UTC,sensor04,300372246,23.7,93.3,2025-08-19 10:23:19+00:00,33.97851,-80.972408,70.5,6.17,0.0,244.32,13.0,3D,2025-08-19 06:23:19-04:00,POINT (-80.972408 33.97851)
2025-08-19 00:53:57 UTC,sensor04,300372246,23.73,93.43,2025-08-19 10:23:24+00:00,33.978298,-80.972637,70.8,6.61,0.1,198.07,13.0,3D,2025-08-19 06:23:24-04:00,POINT (-80.972637 33.978298)
2025-08-19 00:54:02 UTC,sensor04,300372246,23.75,93.36,2025-08-19 10:23:30+00:00,33.977985,-80.972682,70.2,4.46,-0.3,0.0,13.0,3D,2025-08-19 06:23:30-04:00,POINT (-80.972682 33.977985)
2025-08-19 00:54:17 UTC,sensor04,300372246,23.77,93.27,2025-08-19 10:23:45+00:00,33.977737,-80.972725,71.8,4.07,0.3,0.0,4.0,3D,2025-08-19 06:23:45-04:00,POINT (-80.972725 33.977737)
2025-08-19 00:54:22 UTC,sensor04,300372246,23.78,93.2,2025-08-19 10:23:50+00:00,33.977522,-80.972738,73.3,5.76,0.4,0.0,4.0,3D,2025-08-19 06:23:50-04:00,POINT (-80.972738 33.977522)
2025-08-19 00:54:27 UTC,sensor04,300372246,23.75,93.12,2025-08-19 10:23:55+00:00,33.977227,-80.972767,74.5,6.49,0.1,0.0,8.0,3D,2025-08-19 06:23:55-04:00,POINT (-80.972767 33.977227)
2025-08-19 00:54:32 UTC,sensor04,300372246,23.72,93.13,2025-08-19 10:24:00+00:00,33.976957,-80.972792,75.5,5.36,0.2,0.0,8.0,3D,2025-08-19 06:24:00-04:00,POINT (-80.972792 33.976957)
2025-08-19 00:54:37 UTC,sensor04,300372246,23.7,93.15,2025-08-19 10:24:00+00:00,33.976957,-80.972792,75.5,5.18,0.2,179.81,13.0,3D,2025-08-19 06:24:00-04:00,POINT (-80.972792 33.976957)
2025-08-19 00:54:42 UTC,sensor04,300372246,23.72,93.2,2025-08-19 10:24:10+00:00,33.976405,-80.972842,78.8,5.55,0.4,0.0,13.0,3D,2025-08-19 06:24:10-04:00,POINT (-80.972842 33.976405)
2025-08-19 00:54:47 UTC,sensor04,300372246,23.68,93.2,2025-08-19 10:24:15+00:00,33.976155,-80.972887,81.2,5.47,0.6,0.0,13.0,3D,2025-08-19 06:24:15-04:00,POINT (-80.972887 33.976155)
2025-08-19 00:54:52 UTC,sensor04,300372246,23.66,93.35,2025-08-19 10:24:20+00:00,33.975918,-80.972892,83.9,5.44,0.5,182.04,13.0,3D,2025-08-19 06:24:20-04:00,POINT (-80.972892 33.975918)
2025-08-19 00:54:57 UTC,sensor04,300372246,23.65,93.4,2025-08-19 10:24:25+00:00,33.975665,-80.972977,85.4,4.68,-0.2,206.05,13.0,3D,2025-08-19 06:24:25-04:00,POINT (-80.972977 33.975665)
2025-08-19 00:55:02 UTC,sensor04,300372246,23.68,93.52,2025-08-19 10:24:30+00:00,33.975487,-80.973137,85.7,5.0,0.2,234.38,13.0,3D,2025-08-19 06:24:30-04:00,POINT (-80.973137 33.975487)
2025-08-19 00:55:07 UTC,sensor04,300372246,23.7,93.5,2025-08-19 10:24:35+00:00,33.97538,-80.973402,85.2,4.79,-0.1,255.08,13.0,3D,2025-08-19 06:24:35-04:00,POINT (-80.973402 33.97538)
2025-08-19 00:55:12 UTC,sensor04,300372246,23.67,93.71,2025-08-19 10:24:40+00:00,33.975385,-80.973653,85.1,3.96,-0.1,267.57,13.0,3D,2025-08-19 06:24:40-04:00,POINT (-80.973653 33.975385)
2025-08-19 00:55:17 UTC,sensor04,300372246,23.68,93.55,2025-08-19 10:24:45+00:00,33.975407,-80.97386,85.2,4.33,0.0,272.02,13.0,3D,2025-08-19 06:24:45-04:00,POINT (-80.97386 33.975407)
2025-08-19 00:55:22 UTC,sensor04,300372246,23.66,93.49,2025-08-19 10:24:50+00:00,33.975417,-80.974145,85.2,6.02,0.1,262.84,13.0,3D,2025-08-19 06:24:50-04:00,POINT (-80.974145 33.975417)
2025-08-19 00:55:27 UTC,sensor04,300372246,23.69,93.29,2025-08-19 10:24:55+00:00,33.975288,-80.974433,84.8,6.09,-0.1,224.99,13.0,3D,2025-08-19 06:24:55-04:00,POINT (-80.974433 33.975288)
2025-08-19 00:55:32 UTC,sensor04,300372246,23.71,93.32,2025-08-19 10:25:00+00:00,33.975017,-80.974583,85.9,6.41,0.3,192.09,13.0,3D,2025-08-19 06:25:00-04:00,POINT (-80.974583 33.975017)
2025-08-19 00:55:37 UTC,sensor04,300372246,23.68,93.26,2025-08-19 10:25:05+00:00,33.974755,-80.974688,87.2,5.91,0.2,197.29,13.0,3D,2025-08-19 06:25:05-04:00,POINT (-80.974688 33.974755)
2025-08-19 00:55:42 UTC,sensor04,300372246,23.73,93.26,2025-08-19 10:25:10+00:00,33.974505,-80.974772,88.0,5.83,0.1,196.78,13.0,3D,2025-08-19 06:25:10-04:00,POINT (-80.974772 33.974505)
2025-08-19 00:55:47 UTC,sensor04,300372246,23.73,93.15,2025-08-19 10:25:15+00:00,33.97424,-80.974877,87.3,5.78,-0.2,195.25,13.0,3D,2025-08-19 06:25:15-04:00,POINT (-80.974877 33.97424)
2025-08-19 00:55:52 UTC,sensor04,300372246,23.75,93.11,2025-08-19 10:25:20+00:00,33.97399,-80.974957,86.6,5.78,-0.1,188.73,13.0,3D,2025-08-19 06:25:20-04:00,POINT (-80.974957 33.97399)
2025-08-19 00:55:58 UTC,sensor04,300372246,23.73,93.16,2025-08-19 10:25:25+00:00,33.973722,-80.974992,86.1,5.83,0.0,180.76,13.0,3D,2025-08-19 06:25:25-04:00,POINT (-80.974992 33.973722)
2025-08-19 00:56:03 UTC,sensor04,300372246,23.71,93.2,2025-08-19 10:25:30+00:00,33.973452,-80.97501,86.0,6.64,0.1,188.57,13.0,3D,2025-08-19 06:25:30-04:00,POINT (-80.97501 33.973452)
2025-08-19 00:56:08 UTC,sensor04,300372246,23.74,93.29,2025-08-19 10:25:36+00:00,33.973122,-80.975048,86.9,5.95,0.1,0.0,13.0,3D,2025-08-19 06:25:36-04:00,POINT (-80.975048 33.973122)
2025-08-19 00:56:13 UTC,sensor04,300372246,23.7,93.4,2025-08-19 10:25:41+00:00,33.972852,-80.975085,87.6,5.75,0.1,0.0,13.0,3D,2025-08-19 06:25:41-04:00,POINT (-80.975085 33.972852)
2025-08-19 00:56:18 UTC,sensor04,300372246,23.76,93.45,2025-08-19 10:25:46+00:00,33.972617,-80.975043,87.9,5.38,0.0,0.0,13.0,3D,2025-08-19 06:25:46-04:00,POINT (-80.975043 33.972617)
2025-08-19 00:56:23 UTC,sensor04,300372246,23.73,93.3,2025-08-19 10:25:51+00:00,33.972442,-80.97483,88.8,6.22,0.3,130.63,13.0,3D,2025-08-19 06:25:51-04:00,POINT (-80.97483 33.972442)
2025-08-19 00:56:28 UTC,sensor04,300372246,23.7,93.25,2025-08-19 10:25:56+00:00,33.972283,-80.97452,88.5,7.12,0.1,110.84,13.0,3D,2025-08-19 06:25:56-04:00,POINT (-80.97452 33.972283)
2025-08-19 00:56:33 UTC,sensor04,300372246,23.7,93.33,2025-08-19 10:26:01+00:00,33.972143,-80.97421,89.3,5.88,0.3,114.6,13.0,3D,2025-08-19 06:26:01-04:00,POINT (-80.97421 33.972143)
2025-08-19 00:56:38 UTC,sensor04,300372246,23.65,93.4,2025-08-19 10:26:06+00:00,33.972047,-80.973922,90.3,5.62,0.1,120.06,13.0,3D,2025-08-19 06:26:06-04:00,POINT (-80.973922 33.972047)
2025-08-19 00:56:43 UTC,sensor04,300372246,23.67,93.49,2025-08-19 10:26:11+00:00,33.971945,-80.973667,91.5,4.77,0.2,119.35,13.0,3D,2025-08-19 06:26:11-04:00,POINT (-80.973667 33.971945)
2025-08-19 00:56:58 UTC,sensor04,300372246,23.65,93.36,2025-08-19 10:26:26+00:00,33.971798,-80.973368,92.0,3.44,0.0,119.2,13.0,3D,2025-08-19 06:26:26-04:00,POINT (-80.973368 33.971798)
2025-08-19 00:57:03 UTC,sensor04,300372246,23.66,93.39,2025-08-19 10:26:31+00:00,33.971675,-80.973115,91.8,6.6,-0.1,115.62,13.0,3D,2025-08-19 06:26:31-04:00,POINT (-80.973115 33.971675)
2025-08-19 00:57:08 UTC,sensor04,300372246,23.64,93.34,2025-08-19 10:26:36+00:00,33.971518,-80.972788,91.4,7.06,-0.1,121.22,13.0,3D,2025-08-19 06:26:36-04:00,POINT (-80.972788 33.971518)
2025-08-19 00:57:13 UTC,sensor04,300372246,23.6,93.35,2025-08-19 10:26:41+00:00,33.971335,-80.972442,90.9,7.56,-0.1,125.08,13.0,3D,2025-08-19 06:26:41-04:00,POINT (-80.972442 33.971335)
2025-08-19 00:57:18 UTC,sensor04,300372246,23.6,93.33,2025-08-19 10:26:46+00:00,33.971145,-80.972067,89.6,7.93,-0.3,118.28,13.0,3D,2025-08-19 06:26:46-04:00,POINT (-80.972067 33.971145)
2025-08-19 00:57:23 UTC,sensor04,300372246,23.6,93.44,2025-08-19 10:26:51+00:00,33.970972,-80.971688,88.9,7.89,0.0,117.95,13.0,3D,2025-08-19 06:26:51-04:00,POINT (-80.971688 33.970972)
2025-08-19 00:57:28 UTC,sensor04,300372246,23.61,93.44,2025-08-19 10:26:56+00:00,33.970812,-80.971343,88.1,6.46,-0.7,118.64,13.0,3D,2025-08-19 06:26:56-04:00,POINT (-80.971343 33.970812)
2025-08-19 00:57:33 UTC,sensor04,300372246,23.6,93.47,2025-08-19 10:27:01+00:00,33.970673,-80.971093,87.3,4.44,-0.2,117.24,13.0,3D,2025-08-19 06:27:01-04:00,POINT (-80.971093 33.970673)
2025-08-19 00:57:38 UTC,sensor04,300372246,23.62,93.51,2025-08-19 10:27:06+00:00,33.970572,-80.970888,87.1,4.83,-0.1,122.25,13.0,3D,2025-08-19 06:27:06-04:00,POINT (-80.970888 33.970572)
2025-08-19 00:57:43 UTC,sensor04,300372246,23.66,93.5,2025-08-19 10:27:11+00:00,33.970555,-80.97063,87.2,5.12,0.1,68.55,13.0,3D,2025-08-19 06:27:11-04:00,POINT (-80.97063 33.970555)
2025-08-19 00:57:48 UTC,sensor04,300372246,23.65,93.45,2025-08-19 10:27:16+00:00,33.970733,-80.970455,87.6,5.45,0.1,31.78,13.0,3D,2025-08-19 06:27:16-04:00,POINT (-80.970455 33.970733)
2025-08-19 00:57:53 UTC,sensor04,300372246,23.66,93.38,2025-08-19 10:27:21+00:00,33.970937,-80.970292,88.8,5.09,0.2,40.37,13.0,3D,2025-08-19 06:27:21-04:00,POINT (-80.970292 33.970937)
2025-08-19 00:57:59 UTC,sensor04,300372246,23.67,93.35,2025-08-19 10:27:26+00:00,33.971063,-80.970148,89.7,3.64,0.1,50.93,13.0,3D,2025-08-19 06:27:26-04:00,POINT (-80.970148 33.971063)
2025-08-19 00:58:04 UTC,sensor04,300372246,23.68,93.35,2025-08-19 10:27:31+00:00,33.971142,-80.97,90.0,2.49,0.1,61.41,13.0,3D,2025-08-19 06:27:31-04:00,POINT (-80.97 33.971142)
2025-08-19 00:58:09 UTC,sensor04,300372246,23.74,93.34,2025-08-19 10:27:36+00:00,33.971202,-80.969813,91.2,4.99,0.2,74.73,13.0,3D,2025-08-19 06:27:36-04:00,POINT (-80.969813 33.971202)
2025-08-19 00:58:14 UTC,sensor04,300372246,23.72,93.25,2025-08-19 10:27:42+00:00,33.971242,-80.969435,92.5,6.32,0.1,0.0,13.0,3D,2025-08-19 06:27:42-04:00,POINT (-80.969435 33.971242)
2025-08-19 00:58:19 UTC,sensor04,300372246,23.73,93.28,2025-08-19 10:27:47+00:00,33.971227,-80.96912,93.0,5.1,0.4,0.0,13.0,3D,2025-08-19 06:27:47-04:00,POINT (-80.96912 33.971227)
2025-08-19 00:58:24 UTC,sensor04,300372246,23.73,93.18,2025-08-19 10:27:52+00:00,33.971223,-80.968928,94.3,2.62,0.6,0.0,13.0,3D,2025-08-19 06:27:52-04:00,POINT (-80.968928 33.971223)
2025-08-19 01:00:00 UTC,sensor04,300372246,23.72,92.89,2025-08-19 10:29:27+00:00,33.971383,-80.968647,95.8,5.53,0.0,3.53,13.0,3D,2025-08-19 06:29:27-04:00,POINT (-80.968647 33.971383)
2025-08-19 01:00:05 UTC,sensor04,300372246,23.74,92.97,2025-08-19 10:29:32+00:00,33.971703,-80.968603,96.2,7.52,0.1,7.65,13.0,3D,2025-08-19 06:29:32-04:00,POINT (-80.968603 33.971703)
2025-08-19 01:00:10 UTC,sensor04,300372246,23.73,92.98,2025-08-19 10:29:38+00:00,33.972053,-80.968535,96.7,5.14,0.1,0.0,13.0,3D,2025-08-19 06:29:38-04:00,POINT (-80.968535 33.972053)
2025-08-19 01:00:15 UTC,sensor04,300372246,23.75,92.93,2025-08-19 10:29:43+00:00,33.972275,-80.968495,96.7,5.6,0.0,0.0,13.0,3D,2025-08-19 06:29:43-04:00,POINT (-80.968495 33.972275)
2025-08-19 01:00:20 UTC,sensor04,300372246,23.72,92.91,2025-08-19 10:29:48+00:00,33.972602,-80.968438,96.4,8.19,-0.1,0.0,13.0,3D,2025-08-19 06:29:48-04:00,POINT (-80.968438 33.972602)
2025-08-19 01:00:25 UTC,sensor04,300372246,23.72,93.01,2025-08-19 10:29:53+00:00,33.972928,-80.968365,96.2,6.12,0.0,11.67,13.0,3D,2025-08-19 06:29:53-04:00,POINT (-80.968365 33.972928)
2025-08-19 01:00:30 UTC,sensor04,300372246,23.69,93.07,2025-08-19 10:29:58+00:00,33.973145,-80.968313,96.1,4.46,-0.1,12.12,13.0,3D,2025-08-19 06:29:58-04:00,POINT (-80.968313 33.973145)
2025-08-19 01:00:50 UTC,sensor04,300372246,23.69,93.28,2025-08-19 10:30:18+00:00,33.973308,-80.96805,95.4,3.73,0.0,108.9,13.0,3D,2025-08-19 06:30:18-04:00,POINT (-80.96805 33.973308)
2025-08-19 01:00:55 UTC,sensor04,300372246,23.68,93.28,2025-08-19 10:30:23+00:00,33.97322,-80.967817,95.4,4.84,0.0,115.33,13.0,3D,2025-08-19 06:30:23-04:00,POINT (-80.967817 33.97322)
2025-08-19 01:01:00 UTC,sensor04,300372246,23.66,93.23,2025-08-19 10:30:28+00:00,33.973107,-80.96756,95.0,5.88,0.0,121.15,13.0,3D,2025-08-19 06:30:28-04:00,POINT (-80.96756 33.973107)
2025-08-19 01:01:05 UTC,sensor04,300372246,23.65,93.24,2025-08-19 10:30:33+00:00,33.972977,-80.967287,94.4,5.04,-0.1,119.57,13.0,3D,2025-08-19 06:30:33-04:00,POINT (-80.967287 33.972977)
2025-08-19 01:01:10 UTC,sensor04,300372246,23.62,93.34,2025-08-19 10:30:38+00:00,33.972837,-80.967042,93.7,4.89,-0.1,120.95,13.0,3D,2025-08-19 06:30:38-04:00,POINT (-80.967042 33.972837)
2025-08-19 01:01:15 UTC,sensor04,300372246,23.64,93.4,2025-08-19 10:30:43+00:00,33.972703,-80.966785,93.3,6.2,-0.1,119.19,13.0,3D,2025-08-19 06:30:43-04:00,POINT (-80.966785 33.972703)
2025-08-19 01:01:20 UTC,sensor04,300372246,23.69,93.61,2025-08-19 10:30:48+00:00,33.972582,-80.966467,92.7,6.34,0.0,94.21,13.0,3D,2025-08-19 06:30:48-04:00,POINT (-80.966467 33.972582)
2025-08-19 01:01:25 UTC,sensor04,300372246,23.68,93.47,2025-08-19 10:30:53+00:00,33.972623,-80.966153,92.9,5.56,0.2,68.01,13.0,3D,2025-08-19 06:30:53-04:00,POINT (-80.966153 33.972623)
2025-08-19 01:01:30 UTC,sensor04,300372246,23.67,93.32,2025-08-19 10:30:58+00:00,33.972802,-80.965925,93.1,5.25,-0.1,38.26,13.0,3D,2025-08-19 06:30:58-04:00,POINT (-80.965925 33.972802)
2025-08-19 01:01:35 UTC,sensor04,300372246,23.64,93.25,2025-08-19 10:31:03+00:00,33.973002,-80.965768,93.2,4.88,0.0,30.74,13.0,3D,2025-08-19 06:31:03-04:00,POINT (-80.965768 33.973002)
2025-08-19 01:01:40 UTC,sensor04,300372246,23.64,93.25,2025-08-19 10:31:08+00:00,33.973175,-80.96567,93.6,4.03,0.1,23.63,13.0,3D,2025-08-19 06:31:08-04:00,POINT (-80.96567 33.973175)
2025-08-19 01:01:45 UTC,sensor04,300372246,23.64,93.3,2025-08-19 10:31:13+00:00,33.973347,-80.965585,94.3,3.31,0.2,24.29,13.0,3D,2025-08-19 06:31:13-04:00,POINT (-80.965585 33.973347)
2025-08-19 01:01:51 UTC,sensor04,300372246,23.68,93.38,2025-08-19 10:31:18+00:00,33.97346,-80.965522,94.8,3.66,0.1,28.05,13.0,3D,2025-08-19 06:31:18-04:00,POINT (-80.965522 33.97346)
2025-08-19 01:01:56 UTC,sensor04,300372246,23.69,93.42,2025-08-19 10:31:23+00:00,33.973483,-80.965332,95.3,4.21,0.0,105.01,13.0,3D,2025-08-19 06:31:23-04:00,POINT (-80.965332 33.973483)
2025-08-19 01:02:01 UTC,sensor04,300372246,23.72,93.39,2025-08-19 10:31:28+00:00,33.973392,-80.965075,95.6,5.48,0.1,113.06,13.0,3D,2025-08-19 06:31:28-04:00,POINT (-80.965075 33.973392)
2025-08-19 01:02:06 UTC,sensor04,300372246,23.66,93.22,2025-08-19 10:31:34+00:00,33.973255,-80.964755,96.1,5.88,0.1,0.0,13.0,3D,2025-08-19 06:31:34-04:00,POINT (-80.964755 33.973255)
2025-08-19 01:02:11 UTC,sensor04,300372246,23.66,93.25,2025-08-19 10:31:39+00:00,33.973137,-80.964488,96.6,5.21,0.2,0.0,13.0,3D,2025-08-19 06:31:39-04:00,POINT (-80.964488 33.973137)
2025-08-19 01:02:16 UTC,sensor04,300372246,23.67,93.32,2025-08-19 10:31:44+00:00,33.973028,-80.964217,97.4,5.98,0.1,0.0,13.0,3D,2025-08-19 06:31:44-04:00,POINT (-80.964217 33.973028)
2025-08-19 01:02:21 UTC,sensor04,300372246,23.74,93.37,2025-08-19 10:31:49+00:00,33.972898,-80.963932,97.4,5.44,-0.2,119.83,13.0,3D,2025-08-19 06:31:49-04:00,POINT (-80.963932 33.972898)
2025-08-19 01:02:26 UTC,sensor04,300372246,23.7,93.17,2025-08-19 10:31:54+00:00,33.972767,-80.963643,96.6,6.49,0.0,120.49,13.0,3D,2025-08-19 06:31:54-04:00,POINT (-80.963643 33.972767)
2025-08-19 01:02:31 UTC,sensor04,300372246,23.75,93.17,2025-08-19 10:31:59+00:00,33.972615,-80.963325,96.3,6.66,-0.4,119.76,13.0,3D,2025-08-19 06:31:59-04:00,POINT (-80.963325 33.972615)
2025-08-19 01:02:36 UTC,sensor04,300372246,23.77,93.24,2025-08-19 10:32:04+00:00,33.972473,-80.963008,95.3,6.5,-0.4,123.93,13.0,3D,2025-08-19 06:32:04-04:00,POINT (-80.963008 33.972473)
2025-08-19 01:02:41 UTC,sensor04,300372246,23.78,93.11,2025-08-19 10:32:09+00:00,33.972318,-80.96274,94.4,5.38,-0.1,127.83,13.0,3D,2025-08-19 06:32:09-04:00,POINT (-80.96274 33.972318)
2025-08-19 01:02:46 UTC,sensor04,300372246,23.78,93.11,2025-08-19 10:32:14+00:00,33.972188,-80.962453,93.7,5.82,-0.12,115.17,13.0,3D,2025-08-19 06:32:14-04:00,POINT (-80.962453 33.972188)
2025-08-19 01:02:51 UTC,sensor04,300372246,23.73,93.14,2025-08-19 10:32:16+00:00,33.972137,-80.96234,93.6,6.11,-0.1,119.2,13.0,3D,2025-08-19 06:32:16-04:00,POINT (-80.96234 33.972137)
2025-08-19 01:02:56 UTC,sensor04,300372246,23.71,93.1,2025-08-19 10:32:24+00:00,33.971903,-80.961837,94.5,5.95,0.8,119.51,13.0,3D,2025-08-19 06:32:24-04:00,POINT (-80.961837 33.971903)
2025-08-19 01:03:01 UTC,sensor04,300372246,23.69,93.16,2025-08-19 10:32:29+00:00,33.971757,-80.961548,93.9,5.95,-0.3,119.04,13.0,3D,2025-08-19 06:32:29-04:00,POINT (-80.961548 33.971757)
2025-08-19 01:03:06 UTC,sensor04,300372246,23.7,93.08,2025-08-19 10:32:34+00:00,33.971653,-80.96126,89.6,5.12,-0.6,121.76,13.0,3D,2025-08-19 06:32:34-04:00,POINT (-80.96126 33.971653)
2025-08-19 01:03:11 UTC,sensor04,300372246,23.7,93.11,2025-08-19 10:32:39+00:00,33.971523,-80.960995,87.0,5.68,-0.3,116.57,13.0,3D,2025-08-19 06:32:39-04:00,POINT (-80.960995 33.971523)
2025-08-19 01:03:16 UTC,sensor04,300372246,23.75,93.08,2025-08-19 10:32:44+00:00,33.971398,-80.960747,85.2,4.5,-0.2,112.73,13.0,3D,2025-08-19 06:32:44-04:00,POINT (-80.960747 33.971398)
2025-08-19 01:03:36 UTC,sensor04,300372246,23.73,92.97,2025-08-19 10:33:04+00:00,33.971247,-80.960493,80.0,3.97,-0.1,63.21,13.0,3D,2025-08-19 06:33:04-04:00,POINT (-80.960493 33.971247)
2025-08-19 01:03:41 UTC,sensor04,300372246,23.73,93.0,2025-08-19 10:33:09+00:00,33.971427,-80.960302,79.3,5.91,-0.2,32.6,13.0,3D,2025-08-19 06:33:09-04:00,POINT (-80.960302 33.971427)
2025-08-19 01:03:46 UTC,sensor04,300372246,23.77,92.98,2025-08-19 10:33:14+00:00,33.971573,-80.960162,78.2,3.05,-0.3,58.56,13.0,3D,2025-08-19 06:33:14-04:00,POINT (-80.960162 33.971573)
2025-08-19 01:03:51 UTC,sensor04,300372246,23.83,92.94,2025-08-19 10:33:19+00:00,33.971547,-80.959985,76.8,4.58,-0.3,116.19,13.0,3D,2025-08-19 06:33:19-04:00,POINT (-80.959985 33.971547)
2025-08-19 01:03:56 UTC,sensor04,300372246,23.88,92.79,2025-08-19 10:33:24+00:00,33.971437,-80.959712,74.9,5.68,-0.5,114.63,13.0,3D,2025-08-19 06:33:24-04:00,POINT (-80.959712 33.971437)
2025-08-19 01:04:02 UTC,sensor04,300372246,23.89,92.64,2025-08-19 10:33:29+00:00,33.97133,-80.959463,72.9,3.63,-0.4,118.34,13.0,3D,2025-08-19 06:33:29-04:00,POINT (-80.959463 33.97133)
2025-08-19 01:04:37 UTC,sensor04,300372246,23.99,92.28,2025-08-19 10:34:05+00:00,33.971323,-80.959273,69.2,3.92,-0.1,0.0,8.0,3D,2025-08-19 06:34:05-04:00,POINT (-80.959273 33.971323)
2025-08-19 01:04:42 UTC,sensor04,300372246,23.96,92.21,2025-08-19 10:34:10+00:00,33.971465,-80.959152,67.2,4.67,-0.5,0.0,13.0,3D,2025-08-19 06:34:10-04:00,POINT (-80.959152 33.971465)
2025-08-19 01:04:47 UTC,sensor04,300372246,24.01,92.21,2025-08-19 10:34:11+00:00,33.971497,-80.95912,66.6,4.05,-0.6,27.09,13.0,3D,2025-08-19 06:34:11-04:00,POINT (-80.95912 33.971497)
2025-08-19 01:04:52 UTC,sensor04,300372246,24.06,92.1,2025-08-19 10:34:20+00:00,33.971905,-80.958807,59.8,6.98,-0.7,0.0,13.0,3D,2025-08-19 06:34:20-04:00,POINT (-80.958807 33.971905)
2025-08-19 01:04:57 UTC,sensor04,300372246,23.99,92.17,2025-08-19 10:34:25+00:00,33.9722,-80.958595,56.5,8.09,-0.6,0.0,13.0,3D,2025-08-19 06:34:25-04:00,POINT (-80.958595 33.9722)
2025-08-19 01:05:02 UTC,sensor04,300372246,23.93,92.23,2025-08-19 10:34:30+00:00,33.972493,-80.958393,53.9,7.51,-0.5,22.25,13.0,3D,2025-08-19 06:34:30-04:00,POINT (-80.958393 33.972493)
2025-08-19 01:05:07 UTC,sensor04,300372246,23.94,92.37,2025-08-19 10:34:35+00:00,33.972767,-80.95835,52.7,6.36,-0.1,359.56,13.0,3D,2025-08-19 06:34:35-04:00,POINT (-80.95835 33.972767)
2025-08-19 01:05:12 UTC,sensor04,300372246,23.95,92.37,2025-08-19 10:34:40+00:00,33.97297,-80.958357,52.4,4.6,-0.1,354.73,13.0,3D,2025-08-19 06:34:40-04:00,POINT (-80.958357 33.97297)
2025-08-19 01:05:17 UTC,sensor04,300372246,23.96,92.33,2025-08-19 10:34:45+00:00,33.973113,-80.958365,52.0,2.48,-0.1,4.29,13.0,3D,2025-08-19 06:34:45-04:00,POINT (-80.958365 33.973113)
2025-08-19 01:05:22 UTC,sensor04,300372246,23.93,92.31,2025-08-19 10:34:50+00:00,33.973247,-80.958358,51.1,3.49,-0.2,10.63,13.0,3D,2025-08-19 06:34:50-04:00,POINT (-80.958358 33.973247)
2025-08-19 01:05:27 UTC,sensor04,300372246,23.89,92.4,2025-08-19 10:34:55+00:00,33.973412,-80.9583,49.9,3.51,-0.3,16.32,13.0,3D,2025-08-19 06:34:55-04:00,POINT (-80.9583 33.973412)
2025-08-19 01:05:37 UTC,sensor04,300372246,23.93,92.3,2025-08-19 10:35:05+00:00,33.973588,-80.958227,49.5,2.64,-0.1,357.44,13.0,3D,2025-08-19 06:35:05-04:00,POINT (-80.958227 33.973588)
2025-08-19 01:05:42 UTC,sensor04,300372246,23.96,92.25,2025-08-19 10:35:10+00:00,33.973697,-80.958342,50.4,4.09,0.0,305.88,13.0,3D,2025-08-19 06:35:10-04:00,POINT (-80.958342 33.973697)
2025-08-19 01:05:47 UTC,sensor04,300372246,23.92,92.21,2025-08-19 10:35:15+00:00,33.973788,-80.958518,51.8,3.69,0.4,298.25,13.0,3D,2025-08-19 06:35:15-04:00,POINT (-80.958518 33.973788)
2025-08-19 01:05:52 UTC,sensor04,300372246,24.0,92.32,2025-08-19 10:35:20+00:00,33.97386,-80.958732,53.8,4.66,0.9,274.9,13.0,3D,2025-08-19 06:35:20-04:00,POINT (-80.958732 33.97386)
2025-08-19 01:05:57 UTC,sensor04,300372246,23.93,92.16,2025-08-19 10:35:25+00:00,33.97384,-80.95901,55.2,4.19,0.0,258.84,13.0,3D,2025-08-19 06:35:25-04:00,POINT (-80.95901 33.97384)
2025-08-19 01:06:02 UTC,sensor04,300372246,24.01,92.21,2025-08-19 10:35:30+00:00,33.973748,-80.959213,55.2,4.13,0.0,235.74,13.0,3D,2025-08-19 06:35:30-04:00,POINT (-80.959213 33.973748)
2025-08-19 01:06:08 UTC,sensor04,300372246,24.0,92.13,2025-08-19 10:35:35+00:00,33.97356,-80.959367,55.2,5.56,0.0,209.36,13.0,3D,2025-08-19 06:35:35-04:00,POINT (-80.959367 33.97356)
2025-08-19 01:06:13 UTC,sensor04,300372246,23.89,92.16,2025-08-19 10:35:40+00:00,33.973338,-80.959535,56.3,5.11,0.4,214.74,13.0,3D,2025-08-19 06:35:40-04:00,POINT (-80.959535 33.973338)
2025-08-19 01:06:18 UTC,sensor04,300372246,23.86,92.33,2025-08-19 10:35:45+00:00,33.973165,-80.959727,56.9,4.65,0.1,239.16,13.0,3D,2025-08-19 06:35:45-04:00,POINT (-80.959727 33.973165)
2025-08-19 01:06:23 UTC,sensor04,300372246,23.83,92.48,2025-08-19 10:35:51+00:00,33.973102,-80.96004,56.9,4.93,-0.1,0.0,13.0,3D,2025-08-19 06:35:51-04:00,POINT (-80.96004 33.973102)
2025-08-19 01:06:28 UTC,sensor04,300372246,24.0,92.38,2025-08-19 10:35:56+00:00,33.973167,-80.96027,57.7,3.82,0.0,0.0,13.0,3D,2025-08-19 06:35:56-04:00,POINT (-80.96027 33.973167)
2025-08-19 01:06:33 UTC,sensor04,300372246,23.98,92.15,2025-08-19 10:36:01+00:00,33.973312,-80.960475,58.1,5.09,0.2,317.34,13.0,3D,2025-08-19 06:36:01-04:00,POINT (-80.960475 33.973312)
2025-08-19 01:06:38 UTC,sensor04,300372246,24.0,92.04,2025-08-19 10:36:06+00:00,33.973505,-80.96068,62.8,4.82,0.4,319.7,13.0,3D,2025-08-19 06:36:06-04:00,POINT (-80.96068 33.973505)
2025-08-19 01:06:43 UTC,sensor04,300372246,23.98,92.06,2025-08-19 10:36:09+00:00,33.973597,-80.960768,64.0,4.01,0.4,320.05,13.0,3D,2025-08-19 06:36:09-04:00,POINT (-80.960768 33.973597)
2025-08-19 01:06:48 UTC,sensor04,300372246,23.93,92.04,2025-08-19 10:36:09+00:00,33.973597,-80.960768,64.0,4.01,0.4,320.05,13.0,3D,2025-08-19 06:36:09-04:00,POINT (-80.960768 33.973597)
2025-08-19 01:06:53 UTC,sensor04,300372246,23.89,92.3,2025-08-19 10:36:21+00:00,33.973805,-80.961148,69.3,3.67,0.4,310.79,13.0,3D,2025-08-19 06:36:21-04:00,POINT (-80.961148 33.973805)
2025-08-19 01:06:58 UTC,sensor04,300372246,23.83,92.41,2025-08-19 10:36:26+00:00,33.97392,-80.961278,71.8,3.71,0.4,315.38,13.0,3D,2025-08-19 06:36:26-04:00,POINT (-80.961278 33.97392)
2025-08-19 01:07:03 UTC,sensor04,300372246,23.88,92.54,2025-08-19 10:36:31+00:00,33.974047,-80.961422,74.3,4.25,0.4,316.45,13.0,3D,2025-08-19 06:36:31-04:00,POINT (-80.961422 33.974047)
2025-08-19 01:07:08 UTC,sensor04,300372246,24.01,92.45,2025-08-19 10:36:36+00:00,33.974192,-80.96157,76.3,3.52,0.3,322.69,13.0,3D,2025-08-19 06:36:36-04:00,POINT (-80.96157 33.974192)
2025-08-19 01:07:13 UTC,sensor04,300372246,24.17,92.08,2025-08-19 10:36:41+00:00,33.974298,-80.961727,78.2,5.18,0.4,311.9,13.0,3D,2025-08-19 06:36:41-04:00,POINT (-80.961727 33.974298)
2025-08-19 01:07:18 UTC,sensor04,300372246,24.33,91.75,2025-08-19 10:36:46+00:00,33.974473,-80.961932,80.3,5.35,0.5,317.1,13.0,3D,2025-08-19 06:36:46-04:00,POINT (-80.961932 33.974473)
2025-08-19 01:07:23 UTC,sensor04,300372246,24.31,91.23,2025-08-19 10:36:51+00:00,33.974627,-80.9621,82.6,3.88,0.5,311.96,13.0,3D,2025-08-19 06:36:51-04:00,POINT (-80.9621 33.974627)
2025-08-19 01:07:28 UTC,sensor04,300372246,24.22,91.19,2025-08-19 10:36:56+00:00,33.974732,-80.962217,85.0,3.02,0.5,315.37,13.0,3D,2025-08-19 06:36:56-04:00,POINT (-80.962217 33.974732)
2025-08-19 01:07:33 UTC,sensor04,300372246,24.25,91.33,2025-08-19 10:37:01+00:00,33.974868,-80.962363,87.3,4.62,0.4,312.0,13.0,3D,2025-08-19 06:37:01-04:00,POINT (-80.962363 33.974868)
2025-08-19 01:07:38 UTC,sensor04,300372246,24.28,91.19,2025-08-19 10:37:06+00:00,33.975042,-80.96252,87.9,4.72,0.5,316.54,13.0,3D,2025-08-19 06:37:06-04:00,POINT (-80.96252 33.975042)
2025-08-19 01:07:43 UTC,sensor04,300372246,24.13,91.37,2025-08-19 10:37:11+00:00,33.975212,-80.962718,90.1,5.47,0.5,318.33,13.0,3D,2025-08-19 06:37:11-04:00,POINT (-80.962718 33.975212)
2025-08-19 01:07:48 UTC,sensor04,300372246,24.07,91.62,2025-08-19 10:37:16+00:00,33.975397,-80.962863,91.9,4.79,0.3,322.59,13.0,3D,2025-08-19 06:37:16-04:00,POINT (-80.962863 33.975397)
2025-08-19 01:07:53 UTC,sensor04,300372246,23.94,91.82,2025-08-19 10:37:21+00:00,33.975642,-80.963,90.9,5.9,0.4,325.69,13.0,3D,2025-08-19 06:37:21-04:00,POINT (-80.963 33.975642)
2025-08-19 01:07:58 UTC,sensor04,300372246,23.87,92.12,2025-08-19 10:37:26+00:00,33.975847,-80.963183,92.2,5.39,0.3,327.11,13.0,3D,2025-08-19 06:37:26-04:00,POINT (-80.963183 33.975847)
2025-08-19 01:08:09 UTC,sensor04,300372246,23.81,92.49,2025-08-19 10:37:36+00:00,33.976087,-80.963365,95.3,4.68,0.3,326.41,13.0,3D,2025-08-19 06:37:36-04:00,POINT (-80.963365 33.976087)
2025-08-19 01:08:14 UTC,sensor04,300372246,23.76,92.62,2025-08-19 10:37:41+00:00,33.976293,-80.963523,96.9,5.66,0.4,328.41,13.0,3D,2025-08-19 06:37:41-04:00,POINT (-80.963523 33.976293)
2025-08-19 01:08:19 UTC,sensor04,300372246,23.76,92.77,2025-08-19 10:37:46+00:00,33.976493,-80.96365,98.2,3.86,0.2,340.39,13.0,3D,2025-08-19 06:37:46-04:00,POINT (-80.96365 33.976493)
2025-08-19 01:08:29 UTC,sensor04,300372246,23.81,92.92,2025-08-19 10:37:57+00:00,33.976633,-80.963555,99.8,2.68,0.2,0.0,13.0,3D,2025-08-19 06:37:57-04:00,POINT (-80.963555 33.976633)
2025-08-19 01:08:34 UTC,sensor04,300372246,23.79,92.83,2025-08-19 10:38:02+00:00,33.976675,-80.96339,100.6,2.72,0.1,0.0,13.0,3D,2025-08-19 06:38:02-04:00,POINT (-80.96339 33.976675)
2025-08-19 01:08:49 UTC,sensor04,300372246,23.9,92.59,2025-08-19 10:38:17+00:00,33.976807,-80.96309,103.6,3.36,0.2,45.8,13.0,3D,2025-08-19 06:38:17-04:00,POINT (-80.96309 33.976807)
2025-08-19 01:08:54 UTC,sensor04,300372246,23.94,92.46,2025-08-19 10:38:22+00:00,33.976918,-80.96295,103.4,3.25,-1.1,52.89,13.0,3D,2025-08-19 06:38:22-04:00,POINT (-80.96295 33.976918)
2025-08-19 01:08:59 UTC,sensor04,300372246,23.91,92.35,2025-08-19 10:38:27+00:00,33.976987,-80.9628,104.6,3.02,0.3,66.78,13.0,3D,2025-08-19 06:38:27-04:00,POINT (-80.9628 33.976987)
2025-08-19 01:09:09 UTC,sensor04,300372246,23.88,92.38,2025-08-19 10:38:37+00:00,33.976938,-80.96256,105.1,2.91,0.1,126.3,13.0,3D,2025-08-19 06:38:37-04:00,POINT (-80.96256 33.976938)
2025-08-19 01:09:14 UTC,sensor04,300372246,23.89,92.44,2025-08-19 10:38:42+00:00,33.976835,-80.962413,105.8,3.55,0.2,135.47,13.0,3D,2025-08-19 06:38:42-04:00,POINT (-80.962413 33.976835)
2025-08-19 01:09:19 UTC,sensor04,300372246,23.89,92.37,2025-08-19 10:38:47+00:00,33.976753,-80.962315,105.6,2.87,-0.1,140.59,13.0,3D,2025-08-19 06:38:47-04:00,POINT (-80.962315 33.976753)
2025-08-19 01:09:24 UTC,sensor04,300372246,23.87,92.38,2025-08-19 10:38:52+00:00,33.976668,-80.96223,105.6,2.71,-0.1,140.09,13.0,3D,2025-08-19 06:38:52-04:00,POINT (-80.96223 33.976668)
2025-08-19 01:09:29 UTC,sensor04,300372246,23.81,92.42,2025-08-19 10:38:57+00:00,33.976608,-80.96211,107.3,3.24,0.8,135.57,13.0,3D,2025-08-19 06:38:57-04:00,POINT (-80.96211 33.976608)
2025-08-19 01:09:34 UTC,sensor04,300372246,23.83,92.46,2025-08-19 10:39:02+00:00,33.976498,-80.961915,110.3,4.88,0.6,134.19,13.0,3D,2025-08-19 06:39:02-04:00,POINT (-80.961915 33.976498)
2025-08-19 01:09:39 UTC,sensor04,300372246,23.85,92.42,2025-08-19 10:39:07+00:00,33.976343,-80.961738,111.9,4.87,0.3,138.32,13.0,3D,2025-08-19 06:39:07-04:00,POINT (-80.961738 33.976343)
2025-08-19 01:09:44 UTC,sensor04,300372246,23.88,92.41,2025-08-19 10:39:12+00:00,33.976188,-80.961563,113.8,4.68,0.5,139.51,13.0,3D,2025-08-19 06:39:12-04:00,POINT (-80.961563 33.976188)
2025-08-19 01:09:49 UTC,sensor04,300372246,23.93,92.36,2025-08-19 10:39:17+00:00,33.97601,-80.961435,114.8,3.25,0.1,142.78,13.0,3D,2025-08-19 06:39:17-04:00,POINT (-80.961435 33.97601)
2025-08-19 01:09:59 UTC,sensor04,300372246,23.93,92.31,2025-08-19 10:39:27+00:00,33.975885,-80.961302,112.7,2.61,-1.1,134.18,13.0,3D,2025-08-19 06:39:27-04:00,POINT (-80.961302 33.975885)
2025-08-19 01:10:50 UTC,sensor04,300372246,24.0,92.0,2025-08-19 10:40:18+00:00,33.976012,-80.961462,108.0,3.2,0.0,0.0,13.0,3D,2025-08-19 06:40:18-04:00,POINT (-80.961462 33.976012)
2025-08-19 01:10:55 UTC,sensor04,300372246,24.01,92.01,2025-08-19 10:40:23+00:00,33.976148,-80.96161,107.9,4.53,0.0,317.02,13.0,3D,2025-08-19 06:40:23-04:00,POINT (-80.96161 33.976148)
2025-08-19 01:11:00 UTC,sensor04,300372246,24.05,91.97,2025-08-19 10:40:28+00:00,33.976342,-80.961787,107.6,5.01,-0.4,318.81,13.0,3D,2025-08-19 06:40:28-04:00,POINT (-80.961787 33.976342)
2025-08-19 01:11:05 UTC,sensor04,300372246,24.0,91.82,2025-08-19 10:40:33+00:00,33.976495,-80.961953,107.9,4.46,0.0,319.45,13.0,3D,2025-08-19 06:40:33-04:00,POINT (-80.961953 33.976495)
2025-08-19 01:11:10 UTC,sensor04,300372246,23.95,91.75,2025-08-19 10:40:38+00:00,33.976627,-80.962113,108.3,4.32,0.1,316.91,13.0,3D,2025-08-19 06:40:38-04:00,POINT (-80.962113 33.976627)
2025-08-19 01:11:15 UTC,sensor04,300372246,23.93,92.09,2025-08-19 10:40:43+00:00,33.976742,-80.962298,109.1,4.39,0.2,314.28,13.0,3D,2025-08-19 06:40:43-04:00,POINT (-80.962298 33.976742)
2025-08-19 01:11:20 UTC,sensor04,300372246,23.9,92.29,2025-08-19 10:40:48+00:00,33.976873,-80.96246,109.8,3.85,-0.1,316.05,13.0,3D,2025-08-19 06:40:48-04:00,POINT (-80.96246 33.976873)
2025-08-19 01:11:25 UTC,sensor04,300372246,23.88,92.32,2025-08-19 10:40:53+00:00,33.976997,-80.962587,108.9,3.13,-0.1,318.19,13.0,3D,2025-08-19 06:40:53-04:00,POINT (-80.962587 33.976997)
2025-08-19 01:11:30 UTC,sensor04,300372246,23.88,92.47,2025-08-19 10:40:58+00:00,33.977138,-80.962692,106.4,3.78,-0.4,330.16,13.0,3D,2025-08-19 06:40:58-04:00,POINT (-80.962692 33.977138)
2025-08-19 01:11:35 UTC,sensor04,300372246,23.81,92.59,2025-08-19 10:41:03+00:00,33.977333,-80.962762,103.7,3.82,-0.8,351.18,13.0,3D,2025-08-19 06:41:03-04:00,POINT (-80.962762 33.977333)
2025-08-19 01:11:40 UTC,sensor04,300372246,23.77,92.73,2025-08-19 10:41:08+00:00,33.977483,-80.962757,103.4,3.09,0.0,10.89,13.0,3D,2025-08-19 06:41:08-04:00,POINT (-80.962757 33.977483)
2025-08-19 01:11:45 UTC,sensor04,300372246,23.76,92.89,2025-08-19 10:41:13+00:00,33.977655,-80.962697,101.6,3.17,-1.0,22.51,13.0,3D,2025-08-19 06:41:13-04:00,POINT (-80.962697 33.977655)
2025-08-19 01:11:50 UTC,sensor04,300372246,23.73,93.01,2025-08-19 10:41:18+00:00,33.977783,-80.96259,100.9,3.27,0.0,40.63,13.0,3D,2025-08-19 06:41:18-04:00,POINT (-80.96259 33.977783)
2025-08-19 01:11:55 UTC,sensor04,300372246,23.76,92.96,2025-08-19 10:41:23+00:00,33.9779,-80.96244,100.5,3.77,0.1,50.72,13.0,3D,2025-08-19 06:41:23-04:00,POINT (-80.96244 33.9779)
2025-08-19 01:12:00 UTC,sensor04,300372246,23.8,92.97,2025-08-19 10:41:28+00:00,33.978012,-80.962307,99.7,2.57,-0.1,52.25,13.0,3D,2025-08-19 06:41:28-04:00,POINT (-80.962307 33.978012)
2025-08-19 01:12:15 UTC,sensor04,300372246,23.77,92.93,2025-08-19 10:41:43+00:00,33.978153,-80.962138,99.7,4.54,0.1,41.04,13.0,3D,2025-08-19 06:41:43-04:00,POINT (-80.962138 33.978153)
2025-08-19 01:12:20 UTC,sensor04,300372246,23.76,92.99,2025-08-19 10:41:48+00:00,33.978295,-80.96198,99.6,3.29,0.0,47.14,13.0,3D,2025-08-19 06:41:48-04:00,POINT (-80.96198 33.978295)
2025-08-19 01:12:25 UTC,sensor04,300372246,23.74,93.11,2025-08-19 10:41:53+00:00,33.978365,-80.961875,99.7,2.43,0.0,47.87,13.0,3D,2025-08-19 06:41:53-04:00,POINT (-80.961875 33.978365)
2025-08-19 00:30:26 UTC,sensor05,236476602,24.58,87.96,2025-08-19 10:04:34+00:00,33.987907,-81.040207,181.6,14.28,-0.1,162.02,5.0,3D,2025-08-19 06:04:34-04:00,POINT (-81.040207 33.987907)
2025-08-19 00:30:31 UTC,sensor05,236476602,24.62,88.08,2025-08-19 10:04:39+00:00,33.987238,-81.039847,181.5,15.0,0.0,159.04,5.0,3D,2025-08-19 06:04:39-04:00,POINT (-81.039847 33.987238)
2025-08-19 00:30:46 UTC,sensor05,236476602,24.72,87.89,2025-08-19 10:04:54+00:00,33.985025,-81.038702,180.1,14.93,0.0,158.22,5.0,3D,2025-08-19 06:04:54-04:00,POINT (-81.038702 33.985025)
2025-08-19 00:30:51 UTC,sensor05,236476602,24.56,87.91,2025-08-19 10:04:59+00:00,33.984503,-81.03849,179.7,11.95,-0.1,162.31,5.0,3D,2025-08-19 06:04:59-04:00,POINT (-81.03849 33.984503)
2025-08-19 00:30:56 UTC,sensor05,236476602,24.49,88.28,2025-08-19 10:05:02+00:00,33.984213,-81.038387,179.5,11.14,-0.06,161.25,5.0,3D,2025-08-19 06:05:02-04:00,POINT (-81.038387 33.984213)
2025-08-19 00:31:01 UTC,sensor05,236476602,24.45,88.58,2025-08-19 10:05:08+00:00,33.98402,-81.03817,179.3,7.47,0.06,0.0,5.0,3D,2025-08-19 06:05:08-04:00,POINT (-81.03817 33.98402)
2025-08-19 00:31:06 UTC,sensor05,236476602,24.5,88.67,2025-08-19 10:05:14+00:00,33.984108,-81.037545,179.8,9.0,0.11,77.38,6.0,3D,2025-08-19 06:05:14-04:00,POINT (-81.037545 33.984108)
2025-08-19 00:31:11 UTC,sensor05,236476602,24.51,88.53,2025-08-19 10:05:18+00:00,33.984225,-81.037013,180.2,10.36,0.0,79.0,6.0,3D,2025-08-19 06:05:18-04:00,POINT (-81.037013 33.984225)
2025-08-19 00:31:16 UTC,sensor05,236476602,24.48,88.6,2025-08-19 10:05:24+00:00,33.984453,-81.036142,180.5,12.41,0.47,73.56,6.0,3D,2025-08-19 06:05:24-04:00,POINT (-81.036142 33.984453)
2025-08-19 00:31:21 UTC,sensor05,236476602,24.45,88.72,2025-08-19 10:05:29+00:00,33.984738,-81.035483,180.4,10.52,-0.1,65.25,6.0,3D,2025-08-19 06:05:29-04:00,POINT (-81.035483 33.984738)
2025-08-19 00:31:27 UTC,sensor05,236476602,24.42,88.81,2025-08-19 10:05:35+00:00,33.984913,-81.035047,179.6,4.33,-0.1,0.0,6.0,3D,2025-08-19 06:05:35-04:00,POINT (-81.035047 33.984913)
2025-08-19 00:31:32 UTC,sensor05,236476602,24.44,88.82,2025-08-19 10:05:40+00:00,33.98486,-81.034952,178.6,3.71,-0.1,0.0,6.0,3D,2025-08-19 06:05:40-04:00,POINT (-81.034952 33.98486)
2025-08-19 00:31:37 UTC,sensor05,236476602,24.4,88.92,2025-08-19 10:05:45+00:00,33.984887,-81.034595,177.9,8.67,-0.1,76.6,6.0,3D,2025-08-19 06:05:45-04:00,POINT (-81.034595 33.984887)
2025-08-19 00:31:42 UTC,sensor05,236476602,24.35,89.16,2025-08-19 10:05:50+00:00,33.985015,-81.03412,177.3,10.19,-0.11,71.71,6.0,3D,2025-08-19 06:05:50-04:00,POINT (-81.03412 33.985015)
2025-08-19 00:31:47 UTC,sensor05,236476602,24.28,89.46,2025-08-19 10:05:54+00:00,33.985292,-81.033697,177.0,11.78,-0.47,57.86,6.0,3D,2025-08-19 06:05:54-04:00,POINT (-81.033697 33.985292)
2025-08-19 00:31:52 UTC,sensor05,236476602,24.24,89.67,2025-08-19 10:06:00+00:00,33.985612,-81.033097,176.7,11.58,0.0,60.21,6.0,3D,2025-08-19 06:06:00-04:00,POINT (-81.033097 33.985612)
2025-08-19 00:31:57 UTC,sensor05,236476602,24.2,89.96,2025-08-19 10:06:05+00:00,33.98591,-81.032837,168.4,10.32,-0.7,65.55,7.0,3D,2025-08-19 06:06:05-04:00,POINT (-81.032837 33.98591)
2025-08-19 00:32:02 UTC,sensor05,236476602,24.24,89.83,2025-08-19 10:06:10+00:00,33.985983,-81.032407,164.5,7.4,-0.9,78.52,7.0,3D,2025-08-19 06:06:10-04:00,POINT (-81.032407 33.985983)
2025-08-19 00:32:07 UTC,sensor05,236476602,24.22,89.73,2025-08-19 10:06:15+00:00,33.985972,-81.032102,161.8,6.02,-0.5,88.74,7.0,3D,2025-08-19 06:06:15-04:00,POINT (-81.032102 33.985972)
2025-08-19 00:32:12 UTC,sensor05,236476602,24.27,89.76,2025-08-19 10:06:20+00:00,33.986067,-81.032078,58.0,9.65,0.0,68.0,7.0,3D,2025-08-19 06:06:20-04:00,POINT (-81.032078 33.986067)
2025-08-19 00:32:17 UTC,sensor05,236476602,24.3,89.66,2025-08-19 10:06:25+00:00,33.986308,-81.031557,57.6,10.97,0.1,65.78,7.0,3D,2025-08-19 06:06:25-04:00,POINT (-81.031557 33.986308)
2025-08-19 00:32:22 UTC,sensor05,236476602,24.26,89.71,2025-08-19 10:06:30+00:00,33.986558,-81.03096,58.1,12.58,0.1,61.05,7.0,3D,2025-08-19 06:06:30-04:00,POINT (-81.03096 33.986558)
2025-08-19 00:32:27 UTC,sensor05,236476602,24.36,89.74,2025-08-19 10:06:35+00:00,33.98682,-81.030378,58.1,12.44,0.0,60.94,7.0,3D,2025-08-19 06:06:35-04:00,POINT (-81.030378 33.98682)
2025-08-19 00:32:32 UTC,sensor05,236476602,24.3,89.55,2025-08-19 10:06:40+00:00,33.98709,-81.029833,57.8,10.74,-0.1,57.82,7.0,3D,2025-08-19 06:06:40-04:00,POINT (-81.029833 33.98709)
2025-08-19 00:32:37 UTC,sensor05,236476602,24.27,89.69,2025-08-19 10:06:45+00:00,33.987312,-81.029402,57.6,9.02,0.0,58.84,8.0,3D,2025-08-19 06:06:45-04:00,POINT (-81.029402 33.987312)
2025-08-19 00:32:42 UTC,sensor05,236476602,24.23,89.72,2025-08-19 10:06:50+00:00,33.987428,-81.029218,57.0,3.88,-0.1,42.74,8.0,3D,2025-08-19 06:06:50-04:00,POINT (-81.029218 33.987428)
2025-08-19 00:32:47 UTC,sensor05,236476602,24.22,89.82,2025-08-19 10:06:55+00:00,33.987508,-81.029167,56.3,2.91,-0.1,25.28,8.0,3D,2025-08-19 06:06:55-04:00,POINT (-81.029167 33.987508)
2025-08-19 00:33:23 UTC,sensor05,236476602,24.21,90.03,2025-08-19 10:07:31+00:00,33.987115,-81.029332,63.3,3.17,-0.2,65.53,9.0,3D,2025-08-19 06:07:31-04:00,POINT (-81.029332 33.987115)
2025-08-19 00:33:28 UTC,sensor05,236476602,24.15,90.2,2025-08-19 10:07:36+00:00,33.987217,-81.029017,63.6,7.31,0.0,71.89,9.0,3D,2025-08-19 06:07:36-04:00,POINT (-81.029017 33.987217)
2025-08-19 00:33:33 UTC,sensor05,236476602,24.12,90.38,2025-08-19 10:07:41+00:00,33.987295,-81.028602,64.1,8.08,0.3,70.49,9.0,3D,2025-08-19 06:07:41-04:00,POINT (-81.028602 33.987295)
2025-08-19 00:33:38 UTC,sensor05,236476602,24.1,90.31,2025-08-19 10:07:46+00:00,33.987403,-81.02816,65.6,8.57,0.2,73.89,9.0,3D,2025-08-19 06:07:46-04:00,POINT (-81.02816 33.987403)
2025-08-19 00:33:43 UTC,sensor05,236476602,24.08,90.44,2025-08-19 10:07:51+00:00,33.98756,-81.027673,66.6,9.3,0.1,69.54,9.0,3D,2025-08-19 06:07:51-04:00,POINT (-81.027673 33.98756)
2025-08-19 00:33:48 UTC,sensor05,236476602,24.09,90.57,2025-08-19 10:07:56+00:00,33.987738,-81.027198,68.2,9.63,0.3,65.11,9.0,3D,2025-08-19 06:07:56-04:00,POINT (-81.027198 33.987738)
2025-08-19 00:33:53 UTC,sensor05,236476602,24.1,90.6,2025-08-19 10:08:01+00:00,33.987883,-81.026802,70.3,8.66,0.5,60.28,9.0,3D,2025-08-19 06:08:01-04:00,POINT (-81.026802 33.987883)
2025-08-19 00:33:58 UTC,sensor05,236476602,24.09,90.67,2025-08-19 10:08:06+00:00,33.988053,-81.026357,72.7,9.2,0.6,69.06,9.0,3D,2025-08-19 06:08:06-04:00,POINT (-81.026357 33.988053)
2025-08-19 00:34:03 UTC,sensor05,236476602,24.09,90.79,2025-08-19 10:08:11+00:00,33.98815,-81.025985,75.4,5.22,0.5,78.75,10.0,3D,2025-08-19 06:08:11-04:00,POINT (-81.025985 33.98815)
2025-08-19 00:34:08 UTC,sensor05,236476602,24.07,90.87,2025-08-19 10:08:16+00:00,33.98812,-81.025978,78.0,3.09,0.5,73.23,10.0,3D,2025-08-19 06:08:16-04:00,POINT (-81.025978 33.98812)
2025-08-19 00:34:13 UTC,sensor05,236476602,24.12,91.11,2025-08-19 10:08:21+00:00,33.988238,-81.025642,80.4,8.87,0.4,65.86,10.0,3D,2025-08-19 06:08:21-04:00,POINT (-81.025642 33.988238)
2025-08-19 00:34:18 UTC,sensor05,236476602,24.02,91.04,2025-08-19 10:08:26+00:00,33.988473,-81.02509,82.5,11.67,0.5,64.95,10.0,3D,2025-08-19 06:08:26-04:00,POINT (-81.02509 33.988473)
2025-08-19 00:34:23 UTC,sensor05,236476602,24.01,90.89,2025-08-19 10:08:31+00:00,33.988597,-81.024565,84.9,9.3,0.5,70.36,10.0,3D,2025-08-19 06:08:31-04:00,POINT (-81.024565 33.988597)
2025-08-19 00:34:28 UTC,sensor05,236476602,23.98,90.85,2025-08-19 10:08:36+00:00,33.988742,-81.024135,87.0,7.9,0.3,69.89,10.0,3D,2025-08-19 06:08:36-04:00,POINT (-81.024135 33.988742)
2025-08-19 00:34:33 UTC,sensor05,236476602,23.9,91.0,2025-08-19 10:08:41+00:00,33.98891,-81.023683,87.3,9.46,-0.2,69.61,10.0,3D,2025-08-19 06:08:41-04:00,POINT (-81.023683 33.98891)
2025-08-19 00:34:38 UTC,sensor05,236476602,23.79,91.19,2025-08-19 10:08:46+00:00,33.989075,-81.023177,89.7,11.03,0.2,71.66,11.0,3D,2025-08-19 06:08:46-04:00,POINT (-81.023177 33.989075)
2025-08-19 00:34:44 UTC,sensor05,236476602,23.77,91.51,2025-08-19 10:08:52+00:00,33.98926,-81.022537,92.7,9.4,0.4,0.0,11.0,3D,2025-08-19 06:08:52-04:00,POINT (-81.022537 33.98926)
2025-08-19 00:34:49 UTC,sensor05,236476602,23.75,91.68,2025-08-19 10:08:57+00:00,33.989395,-81.022028,94.9,9.85,0.6,0.0,11.0,3D,2025-08-19 06:08:57-04:00,POINT (-81.022028 33.989395)
2025-08-19 00:34:54 UTC,sensor05,236476602,23.74,91.7,2025-08-19 10:09:02+00:00,33.989533,-81.021573,98.2,8.37,0.6,71.96,11.0,3D,2025-08-19 06:09:02-04:00,POINT (-81.021573 33.989533)
2025-08-19 00:34:59 UTC,sensor05,236476602,23.71,91.72,2025-08-19 10:09:03+00:00,33.989552,-81.02149,98.8,7.63,0.6,75.47,11.0,3D,2025-08-19 06:09:03-04:00,POINT (-81.02149 33.989552)
2025-08-19 00:35:34 UTC,sensor05,236476602,23.69,92.02,2025-08-19 10:09:42+00:00,33.98945,-81.021377,103.6,2.67,0.1,206.98,11.0,3D,2025-08-19 06:09:42-04:00,POINT (-81.021377 33.98945)
2025-08-19 00:35:49 UTC,sensor05,236476602,23.67,92.14,2025-08-19 10:09:57+00:00,33.989438,-81.021245,98.7,3.77,-2.5,157.5,11.0,3D,2025-08-19 06:09:57-04:00,POINT (-81.021245 33.989438)
2025-08-19 00:35:54 UTC,sensor05,236476602,23.65,92.21,2025-08-19 10:10:02+00:00,33.989338,-81.02105,94.0,8.48,-0.2,169.19,12.0,3D,2025-08-19 06:10:02-04:00,POINT (-81.02105 33.989338)
2025-08-19 00:35:59 UTC,sensor05,236476602,23.65,92.41,2025-08-19 10:10:07+00:00,33.989023,-81.020848,93.2,8.52,-0.3,162.64,12.0,3D,2025-08-19 06:10:07-04:00,POINT (-81.020848 33.989023)
2025-08-19 00:36:04 UTC,sensor05,236476602,23.7,92.44,2025-08-19 10:10:12+00:00,33.988675,-81.02066,91.3,8.3,-0.3,160.38,12.0,3D,2025-08-19 06:10:12-04:00,POINT (-81.02066 33.988675)
2025-08-19 00:36:09 UTC,sensor05,236476602,23.67,92.36,2025-08-19 10:10:17+00:00,33.988345,-81.020535,89.8,6.75,-0.3,164.02,12.0,3D,2025-08-19 06:10:17-04:00,POINT (-81.020535 33.988345)
2025-08-19 00:36:14 UTC,sensor05,236476602,23.61,92.39,2025-08-19 10:10:22+00:00,33.988033,-81.020407,87.3,6.78,-0.5,161.86,13.0,3D,2025-08-19 06:10:22-04:00,POINT (-81.020407 33.988033)
2025-08-19 00:36:19 UTC,sensor05,236476602,23.68,92.56,2025-08-19 10:10:27+00:00,33.987702,-81.020247,84.9,7.93,-0.4,159.01,13.0,3D,2025-08-19 06:10:27-04:00,POINT (-81.020247 33.987702)
2025-08-19 00:36:24 UTC,sensor05,236476602,23.65,92.56,2025-08-19 10:10:32+00:00,33.987362,-81.020047,81.8,7.46,-0.7,155.53,13.0,3D,2025-08-19 06:10:32-04:00,POINT (-81.020047 33.987362)
2025-08-19 00:36:30 UTC,sensor05,236476602,23.59,92.64,2025-08-19 10:10:38+00:00,33.987055,-81.019735,76.6,7.84,-0.8,0.0,13.0,3D,2025-08-19 06:10:38-04:00,POINT (-81.019735 33.987055)
2025-08-19 00:36:35 UTC,sensor05,236476602,23.58,92.7,2025-08-19 10:10:43+00:00,33.98684,-81.019447,73.0,5.15,-0.6,0.0,13.0,3D,2025-08-19 06:10:43-04:00,POINT (-81.019447 33.98684)
2025-08-19 00:37:55 UTC,sensor05,236476602,23.65,92.72,2025-08-19 10:12:03+00:00,33.986672,-81.019032,69.8,4.48,0.1,131.99,14.0,3D,2025-08-19 06:12:03-04:00,POINT (-81.019032 33.986672)
2025-08-19 00:38:11 UTC,sensor05,236476602,23.64,92.73,2025-08-19 10:12:19+00:00,33.98654,-81.018727,71.5,3.21,0.1,0.0,14.0,3D,2025-08-19 06:12:19-04:00,POINT (-81.018727 33.98654)
2025-08-19 00:38:16 UTC,sensor05,236476602,23.63,92.68,2025-08-19 10:12:24+00:00,33.986625,-81.018477,72.3,5.47,0.3,0.0,14.0,3D,2025-08-19 06:12:24-04:00,POINT (-81.018477 33.986625)
2025-08-19 00:38:21 UTC,sensor05,236476602,23.64,92.81,2025-08-19 10:12:29+00:00,33.986718,-81.018203,72.9,5.62,-0.1,69.3,14.0,3D,2025-08-19 06:12:29-04:00,POINT (-81.018203 33.986718)
2025-08-19 00:38:26 UTC,sensor05,236476602,23.62,92.76,2025-08-19 10:12:34+00:00,33.986817,-81.017915,73.5,5.95,0.4,70.78,14.0,3D,2025-08-19 06:12:34-04:00,POINT (-81.017915 33.986817)
2025-08-19 00:38:31 UTC,sensor05,236476602,23.63,92.87,2025-08-19 10:12:39+00:00,33.986915,-81.017655,74.7,4.46,0.2,71.62,14.0,3D,2025-08-19 06:12:39-04:00,POINT (-81.017655 33.986915)
2025-08-19 00:38:41 UTC,sensor05,236476602,23.56,92.87,2025-08-19 10:12:49+00:00,33.98702,-81.017332,76.0,4.47,-0.1,69.7,14.0,3D,2025-08-19 06:12:49-04:00,POINT (-81.017332 33.98702)
2025-08-19 00:38:46 UTC,sensor05,236476602,23.57,92.91,2025-08-19 10:12:54+00:00,33.987125,-81.017087,75.9,5.73,0.0,62.7,14.0,3D,2025-08-19 06:12:54-04:00,POINT (-81.017087 33.987125)
2025-08-19 00:38:51 UTC,sensor05,236476602,23.54,92.97,2025-08-19 10:12:59+00:00,33.98724,-81.016788,76.7,5.24,0.0,63.5,14.0,3D,2025-08-19 06:12:59-04:00,POINT (-81.016788 33.98724)
2025-08-19 00:38:56 UTC,sensor05,236476602,23.53,93.16,2025-08-19 10:13:04+00:00,33.987333,-81.016485,76.5,5.73,-0.1,69.52,14.0,3D,2025-08-19 06:13:04-04:00,POINT (-81.016485 33.987333)
2025-08-19 00:39:01 UTC,sensor05,236476602,23.52,93.23,2025-08-19 10:13:08+00:00,33.987423,-81.016233,75.4,6.33,-0.28,0.0,12.0,3D,2025-08-19 06:13:08-04:00,POINT (-81.016233 33.987423)
2025-08-19 00:39:06 UTC,sensor05,236476602,23.53,93.23,2025-08-19 10:13:14+00:00,33.987547,-81.015838,73.5,6.04,-0.2,65.71,14.0,3D,2025-08-19 06:13:14-04:00,POINT (-81.015838 33.987547)
2025-08-19 00:39:11 UTC,sensor05,236476602,23.5,93.19,2025-08-19 10:13:19+00:00,33.987647,-81.015487,72.8,5.75,-0.3,66.11,14.0,3D,2025-08-19 06:13:19-04:00,POINT (-81.015487 33.987647)
2025-08-19 00:39:21 UTC,sensor05,236476602,23.51,93.17,2025-08-19 10:13:29+00:00,33.987793,-81.015253,68.7,3.73,-0.8,351.64,14.0,3D,2025-08-19 06:13:29-04:00,POINT (-81.015253 33.987793)
2025-08-19 00:39:26 UTC,sensor05,236476602,23.51,93.35,2025-08-19 10:13:34+00:00,33.987973,-81.015333,66.2,3.92,-0.4,333.06,14.0,3D,2025-08-19 06:13:34-04:00,POINT (-81.015333 33.987973)
2025-08-19 00:39:31 UTC,sensor05,236476602,23.5,93.34,2025-08-19 10:13:39+00:00,33.988192,-81.015395,64.1,3.45,-0.4,346.7,14.0,3D,2025-08-19 06:13:39-04:00,POINT (-81.015395 33.988192)
2025-08-19 00:39:41 UTC,sensor05,236476602,23.47,93.31,2025-08-19 10:13:49+00:00,33.988348,-81.015177,59.4,4.79,-0.6,68.34,14.0,3D,2025-08-19 06:13:49-04:00,POINT (-81.015177 33.988348)
2025-08-19 00:39:47 UTC,sensor05,236476602,23.48,93.33,2025-08-19 10:13:54+00:00,33.988452,-81.014915,56.5,4.12,-0.6,69.07,14.0,3D,2025-08-19 06:13:54-04:00,POINT (-81.014915 33.988452)
2025-08-19 00:39:52 UTC,sensor05,236476602,23.48,93.52,2025-08-19 10:13:59+00:00,33.988538,-81.0147,53.9,4.5,-0.4,68.37,14.0,3D,2025-08-19 06:13:59-04:00,POINT (-81.0147 33.988538)
2025-08-19 00:40:07 UTC,sensor05,236476602,23.5,93.57,2025-08-19 10:14:15+00:00,33.988503,-81.014405,45.4,3.01,-0.6,0.0,14.0,3D,2025-08-19 06:14:15-04:00,POINT (-81.014405 33.988503)
2025-08-19 00:40:12 UTC,sensor05,236476602,23.56,93.65,2025-08-19 10:14:20+00:00,33.988382,-81.014352,42.7,2.55,-0.6,156.07,14.0,3D,2025-08-19 06:14:20-04:00,POINT (-81.014352 33.988382)
2025-08-19 00:40:17 UTC,sensor05,236476602,23.58,93.61,2025-08-19 10:14:25+00:00,33.988265,-81.014327,40.3,2.92,-0.4,173.82,14.0,3D,2025-08-19 06:14:25-04:00,POINT (-81.014327 33.988265)
2025-08-19 00:40:22 UTC,sensor05,236476602,23.54,93.4,2025-08-19 10:14:30+00:00,33.988072,-81.014228,38.3,4.04,-0.4,169.56,14.0,3D,2025-08-19 06:14:30-04:00,POINT (-81.014228 33.988072)
2025-08-19 00:40:27 UTC,sensor05,236476602,23.54,93.4,2025-08-19 10:14:35+00:00,33.987857,-81.014132,36.5,4.31,-0.5,167.17,14.0,3D,2025-08-19 06:14:35-04:00,POINT (-81.014132 33.987857)
2025-08-19 00:40:32 UTC,sensor05,236476602,23.5,93.26,2025-08-19 10:14:40+00:00,33.98766,-81.014027,33.8,4.04,-0.6,161.59,14.0,3D,2025-08-19 06:14:40-04:00,POINT (-81.014027 33.98766)
2025-08-19 00:40:37 UTC,sensor05,236476602,23.53,93.26,2025-08-19 10:14:45+00:00,33.987498,-81.01394,30.9,4.69,-0.5,161.98,14.0,3D,2025-08-19 06:14:45-04:00,POINT (-81.01394 33.987498)
2025-08-19 00:40:42 UTC,sensor05,236476602,23.52,93.28,2025-08-19 10:14:50+00:00,33.987275,-81.013888,27.5,5.2,-0.9,167.28,14.0,3D,2025-08-19 06:14:50-04:00,POINT (-81.013888 33.987275)
2025-08-19 00:40:47 UTC,sensor05,236476602,23.53,93.26,2025-08-19 10:14:55+00:00,33.987018,-81.013798,23.4,5.14,-0.8,165.47,14.0,3D,2025-08-19 06:14:55-04:00,POINT (-81.013798 33.987018)
2025-08-19 00:40:52 UTC,sensor05,236476602,23.53,93.28,2025-08-19 10:15:00+00:00,33.986763,-81.01368,19.6,4.77,-0.8,164.7,14.0,3D,2025-08-19 06:15:00-04:00,POINT (-81.01368 33.986763)
2025-08-19 00:40:57 UTC,sensor05,236476602,23.52,93.31,2025-08-19 10:15:04+00:00,33.98657,-81.013615,16.8,5.07,-0.6,169.2,14.0,3D,2025-08-19 06:15:04-04:00,POINT (-81.013615 33.98657)
2025-08-19 00:41:12 UTC,sensor05,236476602,23.54,93.2,2025-08-19 10:15:20+00:00,33.986153,-81.013595,9.3,4.11,-0.8,242.8,14.0,3D,2025-08-19 06:15:20-04:00,POINT (-81.013595 33.986153)
2025-08-19 00:41:17 UTC,sensor05,236476602,23.59,93.2,2025-08-19 10:15:25+00:00,33.986033,-81.01384,7.9,4.87,0.0,252.87,14.0,3D,2025-08-19 06:15:25-04:00,POINT (-81.01384 33.986033)
2025-08-19 00:41:22 UTC,sensor05,236476602,23.6,93.26,2025-08-19 10:15:30+00:00,33.985948,-81.014058,11.9,4.84,0.1,242.2,14.0,3D,2025-08-19 06:15:30-04:00,POINT (-81.014058 33.985948)
2025-08-19 00:41:43 UTC,sensor05,236476602,23.56,93.06,2025-08-19 10:15:51+00:00,33.986043,-81.014428,30.7,3.1,0.7,0.0,14.0,3D,2025-08-19 06:15:51-04:00,POINT (-81.014428 33.986043)
2025-08-19 00:41:48 UTC,sensor05,236476602,23.55,93.14,2025-08-19 10:15:56+00:00,33.98618,-81.014495,32.9,3.67,0.4,0.0,13.0,3D,2025-08-19 06:15:56-04:00,POINT (-81.014495 33.98618)
2025-08-19 00:41:53 UTC,sensor05,236476602,23.56,93.34,2025-08-19 10:16:01+00:00,33.98633,-81.014537,34.5,2.66,0.1,0.0,13.0,3D,2025-08-19 06:16:01-04:00,POINT (-81.014537 33.98633)
2025-08-19 00:42:38 UTC,sensor05,236476602,23.61,93.16,2025-08-19 10:16:46+00:00,33.986445,-81.01458,46.8,2.71,0.8,340.82,13.0,3D,2025-08-19 06:16:46-04:00,POINT (-81.01458 33.986445)
2025-08-19 00:42:43 UTC,sensor05,236476602,23.58,93.09,2025-08-19 10:16:51+00:00,33.986562,-81.014657,50.0,3.06,0.3,340.52,13.0,3D,2025-08-19 06:16:51-04:00,POINT (-81.014657 33.986562)
2025-08-19 00:42:48 UTC,sensor05,236476602,23.57,93.11,2025-08-19 10:16:56+00:00,33.986693,-81.014733,53.9,3.04,1.0,331.56,13.0,3D,2025-08-19 06:16:56-04:00,POINT (-81.014733 33.986693)
2025-08-19 00:42:53 UTC,sensor05,236476602,23.56,93.17,2025-08-19 10:17:01+00:00,33.986768,-81.014828,57.2,3.04,0.6,282.65,13.0,3D,2025-08-19 06:17:01-04:00,POINT (-81.014828 33.986768)
2025-08-19 00:42:58 UTC,sensor05,236476602,23.57,93.15,2025-08-19 10:17:05+00:00,33.986743,-81.015002,58.8,4.91,0.3,251.82,13.0,3D,2025-08-19 06:17:05-04:00,POINT (-81.015002 33.986743)
2025-08-19 00:43:03 UTC,sensor05,236476602,23.52,93.16,2025-08-19 10:17:10+00:00,33.986653,-81.01524,0.0,5.4,0.0,239.57,13.0,3D,2025-08-19 06:17:10-04:00,POINT (-81.01524 33.986653)
2025-08-19 00:43:08 UTC,sensor05,236476602,23.53,93.27,2025-08-19 10:17:16+00:00,33.986548,-81.015575,64.1,5.73,0.4,247.11,13.0,3D,2025-08-19 06:17:16-04:00,POINT (-81.015575 33.986548)
2025-08-19 00:43:13 UTC,sensor05,236476602,23.54,93.38,2025-08-19 10:17:21+00:00,33.986492,-81.015885,66.9,5.42,1.0,248.46,13.0,3D,2025-08-19 06:17:21-04:00,POINT (-81.015885 33.986492)
2025-08-19 00:43:18 UTC,sensor05,236476602,23.57,93.47,2025-08-19 10:17:26+00:00,33.986403,-81.01618,68.4,6.13,0.4,248.93,13.0,3D,2025-08-19 06:17:26-04:00,POINT (-81.01618 33.986403)
2025-08-19 00:43:24 UTC,sensor05,236476602,23.55,93.32,2025-08-19 10:17:31+00:00,33.986315,-81.016457,69.3,6.0,0.2,251.07,13.0,3D,2025-08-19 06:17:31-04:00,POINT (-81.016457 33.986315)
2025-08-19 00:43:29 UTC,sensor05,236476602,23.56,93.34,2025-08-19 10:17:36+00:00,33.986242,-81.016732,69.9,4.49,0.2,250.17,13.0,3D,2025-08-19 06:17:36-04:00,POINT (-81.016732 33.986242)
2025-08-19 00:43:39 UTC,sensor05,236476602,23.54,93.53,2025-08-19 10:17:47+00:00,33.986263,-81.017013,70.1,2.96,0.1,0.0,13.0,3D,2025-08-19 06:17:47-04:00,POINT (-81.017013 33.986263)
2025-08-19 00:43:44 UTC,sensor05,236476602,23.53,93.66,2025-08-19 10:17:52+00:00,33.98645,-81.017038,71.3,4.21,0.3,0.0,13.0,3D,2025-08-19 06:17:52-04:00,POINT (-81.017038 33.98645)
2025-08-19 00:43:49 UTC,sensor05,236476602,23.53,93.58,2025-08-19 10:17:57+00:00,33.986635,-81.01721,75.1,5.31,0.5,341.6,13.0,3D,2025-08-19 06:17:57-04:00,POINT (-81.01721 33.986635)
2025-08-19 00:43:54 UTC,sensor05,236476602,23.52,93.7,2025-08-19 10:18:02+00:00,33.986838,-81.017297,77.7,4.23,0.5,340.55,13.0,3D,2025-08-19 06:18:02-04:00,POINT (-81.017297 33.986838)
2025-08-19 00:44:04 UTC,sensor05,236476602,23.53,93.54,2025-08-19 10:18:12+00:00,33.987005,-81.017153,82.2,4.78,0.6,73.82,13.0,3D,2025-08-19 06:18:12-04:00,POINT (-81.017153 33.987005)
2025-08-19 00:44:09 UTC,sensor05,236476602,23.56,93.54,2025-08-19 10:18:17+00:00,33.9871,-81.016878,84.2,5.36,0.7,69.17,13.0,3D,2025-08-19 06:18:17-04:00,POINT (-81.016878 33.9871)
2025-08-19 00:44:14 UTC,sensor05,236476602,23.54,93.54,2025-08-19 10:18:22+00:00,33.987217,-81.016608,86.9,5.33,0.6,65.02,13.0,3D,2025-08-19 06:18:22-04:00,POINT (-81.016608 33.987217)
2025-08-19 00:44:19 UTC,sensor05,236476602,23.53,93.63,2025-08-19 10:18:27+00:00,33.987315,-81.016293,89.0,6.71,0.4,69.4,13.0,3D,2025-08-19 06:18:27-04:00,POINT (-81.016293 33.987315)
2025-08-19 00:44:24 UTC,sensor05,236476602,23.53,93.63,2025-08-19 10:18:32+00:00,33.987433,-81.015938,90.4,6.5,0.3,69.38,13.0,3D,2025-08-19 06:18:32-04:00,POINT (-81.015938 33.987433)
2025-08-19 00:44:29 UTC,sensor05,236476602,23.53,93.55,2025-08-19 10:18:37+00:00,33.987538,-81.015607,91.3,6.65,0.1,70.74,13.0,3D,2025-08-19 06:18:37-04:00,POINT (-81.015607 33.987538)
2025-08-19 00:44:34 UTC,sensor05,236476602,23.5,93.48,2025-08-19 10:18:42+00:00,33.987632,-81.015312,93.5,4.26,0.4,64.59,13.0,3D,2025-08-19 06:18:42-04:00,POINT (-81.015312 33.987632)
2025-08-19 00:44:44 UTC,sensor05,236476602,23.52,93.52,2025-08-19 10:18:52+00:00,33.987553,-81.015142,95.6,3.46,0.3,161.25,13.0,3D,2025-08-19 06:18:52-04:00,POINT (-81.015142 33.987553)
2025-08-19 00:44:49 UTC,sensor05,236476602,23.53,93.48,2025-08-19 10:18:57+00:00,33.987385,-81.015053,96.8,3.92,0.2,150.33,13.0,3D,2025-08-19 06:18:57-04:00,POINT (-81.015053 33.987385)
2025-08-19 00:44:54 UTC,sensor05,236476602,23.49,93.44,2025-08-19 10:19:02+00:00,33.987215,-81.014953,97.6,3.99,0.1,154.58,13.0,3D,2025-08-19 06:19:02-04:00,POINT (-81.014953 33.987215)
2025-08-19 00:44:59 UTC,sensor05,236476602,23.52,93.44,2025-08-19 10:19:05+00:00,33.987097,-81.014898,98.2,4.39,0.2,160.97,13.0,3D,2025-08-19 06:19:05-04:00,POINT (-81.014898 33.987097)
2025-08-19 00:45:04 UTC,sensor05,236476602,23.52,93.53,2025-08-19 10:19:11+00:00,33.986883,-81.014825,99.5,3.6,0.22,159.45,13.0,3D,2025-08-19 06:19:11-04:00,POINT (-81.014825 33.986883)
2025-08-19 00:45:09 UTC,sensor05,236476602,23.53,93.5,2025-08-19 10:19:17+00:00,33.986627,-81.01471,100.3,5.79,0.1,158.01,13.0,3D,2025-08-19 06:19:17-04:00,POINT (-81.01471 33.986627)
2025-08-19 00:45:14 UTC,sensor05,236476602,23.54,93.6,2025-08-19 10:19:22+00:00,33.986337,-81.014598,100.4,6.16,0.0,162.33,13.0,3D,2025-08-19 06:19:22-04:00,POINT (-81.014598 33.986337)
2025-08-19 00:45:19 UTC,sensor05,236476602,23.53,93.5,2025-08-19 10:19:27+00:00,33.986073,-81.014482,100.3,5.46,0.1,158.3,13.0,3D,2025-08-19 06:19:27-04:00,POINT (-81.014482 33.986073)
2025-08-19 00:45:25 UTC,sensor05,236476602,23.52,93.52,2025-08-19 10:19:32+00:00,33.985873,-81.014382,100.6,4.39,0.0,152.27,13.0,3D,2025-08-19 06:19:32-04:00,POINT (-81.014382 33.985873)
2025-08-19 00:45:30 UTC,sensor05,236476602,23.53,93.63,2025-08-19 10:19:37+00:00,33.985792,-81.014258,100.5,3.18,-0.1,79.26,13.0,3D,2025-08-19 06:19:37-04:00,POINT (-81.014258 33.985792)
2025-08-19 00:45:35 UTC,sensor05,236476602,23.54,93.51,2025-08-19 10:19:43+00:00,33.98588,-81.013933,101.6,6.41,0.3,0.0,13.0,3D,2025-08-19 06:19:43-04:00,POINT (-81.013933 33.98588)
2025-08-19 00:45:40 UTC,sensor05,236476602,23.55,93.41,2025-08-19 10:19:48+00:00,33.985953,-81.013615,102.9,5.89,0.2,0.0,13.0,3D,2025-08-19 06:19:48-04:00,POINT (-81.013615 33.985953)
2025-08-19 00:45:45 UTC,sensor05,236476602,23.55,93.51,2025-08-19 10:19:53+00:00,33.985993,-81.013395,104.1,2.38,0.3,0.0,13.0,3D,2025-08-19 06:19:53-04:00,POINT (-81.013395 33.985993)
2025-08-19 00:45:55 UTC,sensor05,236476602,23.49,93.61,2025-08-19 10:20:03+00:00,33.98619,-81.01338,104.1,5.33,0.0,0.0,8.0,3D,2025-08-19 06:20:03-04:00,POINT (-81.01338 33.98619)
2025-08-19 00:46:00 UTC,sensor05,236476602,23.53,93.61,2025-08-19 10:20:08+00:00,33.986425,-81.01348,103.7,5.44,-0.1,0.0,8.0,3D,2025-08-19 06:20:08-04:00,POINT (-81.01348 33.986425)
2025-08-19 00:46:05 UTC,sensor05,236476602,23.52,93.56,2025-08-19 10:20:13+00:00,33.986702,-81.013592,103.1,7.35,-0.3,0.0,13.0,3D,2025-08-19 06:20:13-04:00,POINT (-81.013592 33.986702)
2025-08-19 00:46:10 UTC,sensor05,236476602,23.51,93.57,2025-08-19 10:20:18+00:00,33.987018,-81.013707,102.2,6.95,-0.2,0.0,13.0,3D,2025-08-19 06:20:18-04:00,POINT (-81.013707 33.987018)
2025-08-19 00:46:15 UTC,sensor05,236476602,23.53,93.65,2025-08-19 10:20:23+00:00,33.98728,-81.013813,101.5,4.91,-0.1,338.62,13.0,3D,2025-08-19 06:20:23-04:00,POINT (-81.013813 33.98728)
2025-08-19 00:46:20 UTC,sensor05,236476602,23.54,93.82,2025-08-19 10:20:28+00:00,33.987458,-81.01389,100.8,4.24,-0.2,337.15,13.0,3D,2025-08-19 06:20:28-04:00,POINT (-81.01389 33.987458)
2025-08-19 00:46:25 UTC,sensor05,236476602,23.56,93.74,2025-08-19 10:20:33+00:00,33.98766,-81.013968,99.9,5.03,-0.3,342.06,13.0,3D,2025-08-19 06:20:33-04:00,POINT (-81.013968 33.98766)
2025-08-19 00:46:30 UTC,sensor05,236476602,23.54,93.69,2025-08-19 10:20:38+00:00,33.987845,-81.014075,99.2,3.84,-0.1,325.44,13.0,3D,2025-08-19 06:20:38-04:00,POINT (-81.014075 33.987845)
2025-08-19 00:46:35 UTC,sensor05,236476602,23.53,93.73,2025-08-19 10:20:43+00:00,33.988052,-81.014155,99.1,4.09,0.1,340.23,13.0,3D,2025-08-19 06:20:43-04:00,POINT (-81.014155 33.988052)
2025-08-19 00:46:40 UTC,sensor05,236476602,23.53,93.81,2025-08-19 10:20:48+00:00,33.988267,-81.014237,99.1,5.21,0.0,341.44,13.0,3D,2025-08-19 06:20:48-04:00,POINT (-81.014237 33.988267)
2025-08-19 00:46:50 UTC,sensor05,236476602,23.53,93.79,2025-08-19 10:20:58+00:00,33.988522,-81.014243,97.4,4.02,-0.2,65.98,13.0,3D,2025-08-19 06:20:58-04:00,POINT (-81.014243 33.988522)
2025-08-19 00:46:55 UTC,sensor05,236476602,23.54,93.76,2025-08-19 10:21:03+00:00,33.988625,-81.014,96.3,5.04,-0.2,64.4,13.0,3D,2025-08-19 06:21:03-04:00,POINT (-81.014 33.988625)
2025-08-19 00:47:00 UTC,sensor05,236476602,23.56,93.78,2025-08-19 10:21:05+00:00,33.988667,-81.013903,95.6,4.46,-0.3,64.71,13.0,3D,2025-08-19 06:21:05-04:00,POINT (-81.013903 33.988667)
2025-08-19 00:47:15 UTC,sensor05,236476602,23.57,93.63,2025-08-19 10:21:23+00:00,33.988633,-81.013303,90.5,5.88,-0.2,158.16,13.0,3D,2025-08-19 06:21:23-04:00,POINT (-81.013303 33.988633)
2025-08-19 00:47:21 UTC,sensor05,236476602,23.55,93.71,2025-08-19 10:21:28+00:00,33.988362,-81.013152,89.7,6.35,-0.2,153.34,13.0,3D,2025-08-19 06:21:28-04:00,POINT (-81.013152 33.988362)
2025-08-19 00:47:26 UTC,sensor05,236476602,23.54,93.75,2025-08-19 10:21:33+00:00,33.988137,-81.013028,88.6,4.58,-0.2,158.11,13.0,3D,2025-08-19 06:21:33-04:00,POINT (-81.013028 33.988137)
2025-08-19 00:47:31 UTC,sensor05,236476602,23.55,93.76,2025-08-19 10:21:39+00:00,33.987883,-81.012935,87.1,6.07,-0.2,0.0,13.0,3D,2025-08-19 06:21:39-04:00,POINT (-81.012935 33.987883)
2025-08-19 00:47:36 UTC,sensor05,236476602,23.51,93.69,2025-08-19 10:21:44+00:00,33.987643,-81.012797,86.0,5.21,-0.2,0.0,13.0,3D,2025-08-19 06:21:44-04:00,POINT (-81.012797 33.987643)
2025-08-19 00:47:41 UTC,sensor05,236476602,23.52,93.68,2025-08-19 10:21:49+00:00,33.987507,-81.012725,85.1,2.65,-0.1,0.0,13.0,3D,2025-08-19 06:21:49-04:00,POINT (-81.012725 33.987507)
2025-08-19 00:47:46 UTC,sensor05,236476602,23.52,93.77,2025-08-19 10:21:54+00:00,33.987498,-81.01253,83.7,5.12,-0.6,72.39,13.0,3D,2025-08-19 06:21:54-04:00,POINT (-81.01253 33.987498)
2025-08-19 00:47:51 UTC,sensor05,236476602,23.51,93.85,2025-08-19 10:21:59+00:00,33.987587,-81.012258,83.2,5.42,0.0,69.02,13.0,3D,2025-08-19 06:21:59-04:00,POINT (-81.012258 33.987587)
2025-08-19 00:47:56 UTC,sensor05,236476602,23.55,93.99,2025-08-19 10:22:04+00:00,33.987683,-81.01196,83.9,5.85,0.1,67.73,13.0,3D,2025-08-19 06:22:04-04:00,POINT (-81.01196 33.987683)
2025-08-19 00:48:01 UTC,sensor05,236476602,23.49,94.02,2025-08-19 10:22:09+00:00,33.987753,-81.011713,83.5,2.44,-0.1,63.01,13.0,3D,2025-08-19 06:22:09-04:00,POINT (-81.011713 33.987753)
2025-08-19 00:48:06 UTC,sensor05,236476602,23.54,94.05,2025-08-19 10:22:14+00:00,33.987808,-81.011588,82.9,4.06,0.0,66.37,13.0,3D,2025-08-19 06:22:14-04:00,POINT (-81.011588 33.987808)
2025-08-19 00:48:11 UTC,sensor05,236476602,23.49,93.98,2025-08-19 10:22:19+00:00,33.987907,-81.011293,83.3,5.82,0.1,69.15,13.0,3D,2025-08-19 06:22:19-04:00,POINT (-81.011293 33.987907)
2025-08-19 00:48:16 UTC,sensor05,236476602,23.52,94.02,2025-08-19 10:22:24+00:00,33.988015,-81.010972,83.3,5.98,0.0,68.16,13.0,3D,2025-08-19 06:22:24-04:00,POINT (-81.010972 33.988015)
2025-08-19 00:48:21 UTC,sensor05,236476602,23.53,93.83,2025-08-19 10:22:29+00:00,33.988103,-81.010697,83.7,5.36,0.0,69.24,13.0,3D,2025-08-19 06:22:29-04:00,POINT (-81.010697 33.988103)
2025-08-19 00:48:31 UTC,sensor05,236476602,23.55,93.78,2025-08-19 10:22:39+00:00,33.988087,-81.010395,84.7,2.73,0.1,147.84,13.0,3D,2025-08-19 06:22:39-04:00,POINT (-81.010395 33.988087)
2025-08-19 00:48:36 UTC,sensor05,236476602,23.53,93.8,2025-08-19 10:22:44+00:00,33.98788,-81.010287,84.1,4.55,0.1,152.12,13.0,3D,2025-08-19 06:22:44-04:00,POINT (-81.010287 33.98788)
2025-08-19 00:48:41 UTC,sensor05,236476602,23.53,93.86,2025-08-19 10:22:49+00:00,33.987657,-81.010172,84.0,5.06,0.0,160.25,13.0,3D,2025-08-19 06:22:49-04:00,POINT (-81.010172 33.987657)
2025-08-19 00:48:46 UTC,sensor05,236476602,23.54,94.04,2025-08-19 10:22:54+00:00,33.987388,-81.010058,82.6,6.31,-0.6,158.94,13.0,3D,2025-08-19 06:22:54-04:00,POINT (-81.010058 33.987388)
2025-08-19 00:48:51 UTC,sensor05,236476602,23.51,94.05,2025-08-19 10:22:59+00:00,33.987088,-81.009908,82.1,7.0,0.0,158.62,13.0,3D,2025-08-19 06:22:59-04:00,POINT (-81.009908 33.987088)
2025-08-19 00:48:56 UTC,sensor05,236476602,23.49,94.07,2025-08-19 10:23:04+00:00,33.986823,-81.009768,81.6,6.39,-0.1,160.9,13.0,3D,2025-08-19 06:23:04-04:00,POINT (-81.009768 33.986823)
2025-08-19 00:49:01 UTC,sensor05,236476602,23.54,94.06,2025-08-19 10:23:06+00:00,33.98672,-81.009708,81.2,6.95,-0.1,159.48,13.0,3D,2025-08-19 06:23:06-04:00,POINT (-81.009708 33.98672)
2025-08-19 00:49:07 UTC,sensor05,236476602,23.6,94.03,2025-08-19 10:23:14+00:00,33.986272,-81.00949,82.1,4.03,0.11,160.17,13.0,3D,2025-08-19 06:23:14-04:00,POINT (-81.00949 33.986272)
2025-08-19 00:49:17 UTC,sensor05,236476602,23.64,93.72,2025-08-19 10:23:25+00:00,33.986038,-81.009603,83.9,5.62,0.2,0.0,13.0,3D,2025-08-19 06:23:25-04:00,POINT (-81.009603 33.986038)
2025-08-19 00:49:22 UTC,sensor05,236476602,23.69,93.53,2025-08-19 10:23:30+00:00,33.985893,-81.010008,86.2,9.82,0.6,0.0,13.0,3D,2025-08-19 06:23:30-04:00,POINT (-81.010008 33.985893)
2025-08-19 00:49:27 UTC,sensor05,236476602,23.7,93.29,2025-08-19 10:23:35+00:00,33.985735,-81.010522,90.8,10.1,1.1,0.0,13.0,3D,2025-08-19 06:23:35-04:00,POINT (-81.010522 33.985735)
2025-08-19 00:49:32 UTC,sensor05,236476602,23.73,93.12,2025-08-19 10:23:40+00:00,33.985585,-81.011013,94.9,8.25,0.9,0.0,13.0,3D,2025-08-19 06:23:40-04:00,POINT (-81.011013 33.985585)
2025-08-19 00:49:37 UTC,sensor05,236476602,23.68,93.07,2025-08-19 10:23:45+00:00,33.985425,-81.011365,99.5,7.24,0.9,245.14,13.0,3D,2025-08-19 06:23:45-04:00,POINT (-81.011365 33.985425)
2025-08-19 00:49:42 UTC,sensor05,236476602,23.67,93.15,2025-08-19 10:23:50+00:00,33.985285,-81.011667,103.6,5.33,0.5,218.17,13.0,3D,2025-08-19 06:23:50-04:00,POINT (-81.011667 33.985285)
2025-08-19 00:49:47 UTC,sensor05,236476602,23.69,93.08,2025-08-19 10:23:55+00:00,33.985063,-81.011683,106.3,6.11,0.5,160.48,13.0,3D,2025-08-19 06:23:55-04:00,POINT (-81.011683 33.985063)
2025-08-19 00:49:52 UTC,sensor05,236476602,23.67,93.13,2025-08-19 10:24:00+00:00,33.984778,-81.011557,108.9,7.11,0.5,155.85,13.0,3D,2025-08-19 06:24:00-04:00,POINT (-81.011557 33.984778)
2025-08-19 00:49:57 UTC,sensor05,236476602,23.69,93.16,2025-08-19 10:24:05+00:00,33.984515,-81.01143,110.6,4.79,0.2,154.62,13.0,3D,2025-08-19 06:24:05-04:00,POINT (-81.01143 33.984515)
2025-08-19 00:50:02 UTC,sensor05,236476602,23.66,93.29,2025-08-19 10:24:10+00:00,33.984303,-81.011315,112.3,5.33,0.4,156.3,13.0,3D,2025-08-19 06:24:10-04:00,POINT (-81.011315 33.984303)
2025-08-19 00:50:07 UTC,sensor05,236476602,23.64,93.3,2025-08-19 10:24:15+00:00,33.98405,-81.011187,114.3,6.38,0.2,160.71,13.0,3D,2025-08-19 06:24:15-04:00,POINT (-81.011187 33.98405)
2025-08-19 00:50:12 UTC,sensor05,236476602,23.6,93.48,2025-08-19 10:24:20+00:00,33.983765,-81.011052,115.8,7.83,0.2,156.41,13.0,3D,2025-08-19 06:24:20-04:00,POINT (-81.011052 33.983765)
2025-08-19 00:50:17 UTC,sensor05,236476602,23.56,93.73,2025-08-19 10:24:25+00:00,33.983415,-81.010862,116.5,8.96,0.3,160.91,13.0,3D,2025-08-19 06:24:25-04:00,POINT (-81.010862 33.983415)
2025-08-19 00:50:22 UTC,sensor05,236476602,23.54,93.86,2025-08-19 10:24:30+00:00,33.983085,-81.010713,116.8,5.7,-0.3,160.09,13.0,3D,2025-08-19 06:24:30-04:00,POINT (-81.010713 33.983085)
2025-08-19 00:50:27 UTC,sensor05,236476602,23.6,94.0,2025-08-19 10:24:35+00:00,33.982855,-81.010682,115.2,5.27,-0.3,156.17,13.0,3D,2025-08-19 06:24:35-04:00,POINT (-81.010682 33.982855)
2025-08-19 00:50:32 UTC,sensor05,236476602,23.58,93.84,2025-08-19 10:24:40+00:00,33.982628,-81.010573,115.9,4.51,0.1,154.84,13.0,3D,2025-08-19 06:24:40-04:00,POINT (-81.010573 33.982628)
2025-08-19 00:50:37 UTC,sensor05,236476602,23.58,93.77,2025-08-19 10:24:45+00:00,33.982585,-81.010367,117.4,5.01,0.4,75.75,13.0,3D,2025-08-19 06:24:45-04:00,POINT (-81.010367 33.982585)
2025-08-19 00:50:42 UTC,sensor05,236476602,23.58,93.77,2025-08-19 10:24:50+00:00,33.98268,-81.01011,119.8,6.44,0.9,67.5,13.0,3D,2025-08-19 06:24:50-04:00,POINT (-81.01011 33.98268)
2025-08-19 00:50:47 UTC,sensor05,236476602,23.56,93.85,2025-08-19 10:24:55+00:00,33.982777,-81.00979,123.3,6.16,0.9,66.93,13.0,3D,2025-08-19 06:24:55-04:00,POINT (-81.00979 33.982777)
2025-08-19 00:50:52 UTC,sensor05,236476602,23.57,93.64,2025-08-19 10:25:00+00:00,33.982847,-81.009523,125.3,3.9,0.7,77.71,13.0,3D,2025-08-19 06:25:00-04:00,POINT (-81.009523 33.982847)
2025-08-19 00:50:57 UTC,sensor05,236476602,23.57,93.76,2025-08-19 10:25:05+00:00,33.982888,-81.00936,127.6,4.24,0.3,75.24,13.0,3D,2025-08-19 06:25:05-04:00,POINT (-81.00936 33.982888)
2025-08-19 00:51:02 UTC,sensor05,236476602,23.57,93.82,2025-08-19 10:25:10+00:00,33.982992,-81.009038,129.7,7.47,0.45,71.0,13.0,3D,2025-08-19 06:25:10-04:00,POINT (-81.009038 33.982992)
2025-08-19 00:51:07 UTC,sensor05,236476602,23.57,93.68,2025-08-19 10:25:15+00:00,33.983058,-81.00872,133.2,5.73,0.6,72.27,13.0,3D,2025-08-19 06:25:15-04:00,POINT (-81.00872 33.983058)
2025-08-19 00:51:18 UTC,sensor05,236476602,23.57,93.71,2025-08-19 10:25:25+00:00,33.983033,-81.008485,140.6,3.17,0.9,165.62,13.0,3D,2025-08-19 06:25:25-04:00,POINT (-81.008485 33.983033)
2025-08-19 00:51:23 UTC,sensor05,236476602,23.58,93.65,2025-08-19 10:25:30+00:00,33.982832,-81.008443,143.9,5.17,0.6,170.91,13.0,3D,2025-08-19 06:25:30-04:00,POINT (-81.008443 33.982832)
2025-08-19 00:51:28 UTC,sensor05,236476602,23.55,93.6,2025-08-19 10:25:36+00:00,33.98247,-81.00844,146.6,7.62,0.5,0.0,13.0,3D,2025-08-19 06:25:36-04:00,POINT (-81.00844 33.98247)
2025-08-19 00:51:33 UTC,sensor05,236476602,23.56,93.8,2025-08-19 10:25:41+00:00,33.982142,-81.00835,147.8,7.19,0.3,0.0,13.0,3D,2025-08-19 06:25:41-04:00,POINT (-81.00835 33.982142)
2025-08-19 00:51:38 UTC,sensor05,236476602,23.56,93.87,2025-08-19 10:25:46+00:00,33.981847,-81.008307,149.1,6.33,0.1,0.0,13.0,3D,2025-08-19 06:25:46-04:00,POINT (-81.008307 33.981847)
2025-08-19 00:51:48 UTC,sensor05,236476602,23.55,93.72,2025-08-19 10:25:56+00:00,33.981687,-81.008057,151.8,5.92,0.2,84.47,13.0,3D,2025-08-19 06:25:56-04:00,POINT (-81.008057 33.981687)
2025-08-19 00:51:53 UTC,sensor05,236476602,23.53,93.76,2025-08-19 10:26:01+00:00,33.98176,-81.007743,154.1,6.57,0.6,72.87,13.0,3D,2025-08-19 06:26:01-04:00,POINT (-81.007743 33.98176)
2025-08-19 00:51:58 UTC,sensor05,236476602,23.54,93.8,2025-08-19 10:26:06+00:00,33.98186,-81.007433,155.1,6.85,0.4,75.98,13.0,3D,2025-08-19 06:26:06-04:00,POINT (-81.007433 33.98186)
2025-08-19 00:52:03 UTC,sensor05,236476602,23.53,93.82,2025-08-19 10:26:11+00:00,33.981927,-81.0072,157.8,3.05,0.6,78.13,13.0,3D,2025-08-19 06:26:11-04:00,POINT (-81.0072 33.981927)
2025-08-19 00:52:08 UTC,sensor05,236476602,23.56,93.8,2025-08-19 10:26:16+00:00,33.981953,-81.007085,160.4,4.13,0.3,71.84,13.0,3D,2025-08-19 06:26:16-04:00,POINT (-81.007085 33.981953)
2025-08-19 00:52:13 UTC,sensor05,236476602,23.53,93.88,2025-08-19 10:26:21+00:00,33.982017,-81.006772,161.4,5.87,0.1,73.63,13.0,3D,2025-08-19 06:26:21-04:00,POINT (-81.006772 33.982017)
2025-08-19 00:52:18 UTC,sensor05,236476602,23.55,93.98,2025-08-19 10:26:26+00:00,33.982083,-81.00644,162.9,6.36,0.3,78.13,13.0,3D,2025-08-19 06:26:26-04:00,POINT (-81.00644 33.982083)
2025-08-19 00:52:23 UTC,sensor05,236476602,23.58,93.94,2025-08-19 10:26:31+00:00,33.982142,-81.006155,164.5,3.9,0.3,65.48,13.0,3D,2025-08-19 06:26:31-04:00,POINT (-81.006155 33.982142)
2025-08-19 00:52:33 UTC,sensor05,236476602,23.6,93.78,2025-08-19 10:26:41+00:00,33.98223,-81.005805,166.6,5.37,0.3,72.3,13.0,3D,2025-08-19 06:26:41-04:00,POINT (-81.005805 33.98223)
2025-08-19 00:52:38 UTC,sensor05,236476602,23.58,93.83,2025-08-19 10:26:46+00:00,33.982317,-81.005527,167.5,5.6,0.1,73.33,13.0,3D,2025-08-19 06:26:46-04:00,POINT (-81.005527 33.982317)
2025-08-19 00:52:43 UTC,sensor05,236476602,23.53,93.8,2025-08-19 10:26:51+00:00,33.982367,-81.005208,169.1,6.23,0.5,76.44,13.0,3D,2025-08-19 06:26:51-04:00,POINT (-81.005208 33.982367)
2025-08-19 00:52:53 UTC,sensor05,236476602,23.6,93.88,2025-08-19 10:27:01+00:00,33.982463,-81.004805,171.7,5.27,-0.2,71.38,13.0,3D,2025-08-19 06:27:01-04:00,POINT (-81.004805 33.982463)
2025-08-19 00:52:58 UTC,sensor05,236476602,23.58,93.77,2025-08-19 10:27:06+00:00,33.982557,-81.004413,171.7,6.5,-0.2,79.78,13.0,3D,2025-08-19 06:27:06-04:00,POINT (-81.004413 33.982557)
2025-08-19 00:53:03 UTC,sensor05,236476602,23.53,93.78,2025-08-19 10:27:06+00:00,33.982557,-81.004413,171.7,6.5,-0.2,79.78,13.0,3D,2025-08-19 06:27:06-04:00,POINT (-81.004413 33.982557)
2025-08-19 00:53:09 UTC,sensor05,236476602,23.52,93.79,2025-08-19 10:27:16+00:00,33.982712,-81.00384,0.0,3.07,0.0,79.95,4.0,3D,2025-08-19 06:27:16-04:00,POINT (-81.00384 33.982712)
2025-08-19 00:53:14 UTC,sensor05,236476602,23.53,93.76,2025-08-19 10:27:21+00:00,33.98276,-81.003773,168.5,3.12,-0.2,27.52,13.0,3D,2025-08-19 06:27:21-04:00,POINT (-81.003773 33.98276)
2025-08-19 00:53:19 UTC,sensor05,236476602,23.53,93.83,2025-08-19 10:27:27+00:00,33.982978,-81.00383,168.8,5.1,0.3,0.0,13.0,3D,2025-08-19 06:27:27-04:00,POINT (-81.00383 33.982978)
2025-08-19 00:53:24 UTC,sensor05,236476602,23.49,93.84,2025-08-19 10:27:32+00:00,33.98323,-81.003877,170.6,5.8,0.5,0.0,13.0,3D,2025-08-19 06:27:32-04:00,POINT (-81.003877 33.98323)
2025-08-19 00:53:29 UTC,sensor05,236476602,23.52,93.94,2025-08-19 10:27:37+00:00,33.983437,-81.0039,171.8,2.88,0.3,0.0,13.0,3D,2025-08-19 06:27:37-04:00,POINT (-81.0039 33.983437)
2025-08-19 00:53:34 UTC,sensor05,236476602,23.54,93.93,2025-08-19 10:27:42+00:00,33.983547,-81.003858,174.0,3.22,0.5,43.63,13.0,3D,2025-08-19 06:27:42-04:00,POINT (-81.003858 33.983547)
2025-08-19 00:53:39 UTC,sensor05,236476602,23.53,93.78,2025-08-19 10:27:47+00:00,33.983647,-81.003588,175.6,6.72,0.2,72.74,13.0,3D,2025-08-19 06:27:47-04:00,POINT (-81.003588 33.983647)
2025-08-19 00:53:44 UTC,sensor05,236476602,23.58,93.72,2025-08-19 10:27:52+00:00,33.983772,-81.003173,176.5,7.37,-0.3,75.14,13.0,3D,2025-08-19 06:27:52-04:00,POINT (-81.003173 33.983772)
2025-08-19 00:53:49 UTC,sensor05,236476602,23.59,93.74,2025-08-19 10:27:57+00:00,33.983875,-81.00277,177.3,7.7,0.1,76.57,13.0,3D,2025-08-19 06:27:57-04:00,POINT (-81.00277 33.983875)
2025-08-19 00:53:54 UTC,sensor05,236476602,23.58,93.77,2025-08-19 10:28:02+00:00,33.983975,-81.002357,177.5,7.91,0.1,75.95,13.0,3D,2025-08-19 06:28:02-04:00,POINT (-81.002357 33.983975)
2025-08-19 00:53:59 UTC,sensor05,236476602,23.57,93.73,2025-08-19 10:28:07+00:00,33.984058,-81.001958,178.4,6.82,0.2,74.22,13.0,3D,2025-08-19 06:28:07-04:00,POINT (-81.001958 33.984058)
2025-08-19 00:54:04 UTC,sensor05,236476602,23.62,93.73,2025-08-19 10:28:12+00:00,33.984127,-81.001632,179.8,5.05,0.3,80.08,13.0,3D,2025-08-19 06:28:12-04:00,POINT (-81.001632 33.984127)
2025-08-19 00:54:14 UTC,sensor05,236476602,23.57,93.61,2025-08-19 10:28:22+00:00,33.984242,-81.001435,180.1,3.79,-0.2,9.41,13.0,3D,2025-08-19 06:28:22-04:00,POINT (-81.001435 33.984242)
2025-08-19 00:54:19 UTC,sensor05,236476602,23.57,93.76,2025-08-19 10:28:27+00:00,33.984518,-81.001458,180.5,6.48,0.2,355.52,13.0,3D,2025-08-19 06:28:27-04:00,POINT (-81.001458 33.984518)
2025-08-19 00:54:24 UTC,sensor05,236476602,23.55,93.95,2025-08-19 10:28:32+00:00,33.984837,-81.001513,181.6,7.12,0.2,351.8,13.0,3D,2025-08-19 06:28:32-04:00,POINT (-81.001513 33.984837)
2025-08-19 00:54:29 UTC,sensor05,236476602,23.52,94.21,2025-08-19 10:28:37+00:00,33.985108,-81.001553,181.9,5.28,0.0,351.2,13.0,3D,2025-08-19 06:28:37-04:00,POINT (-81.001553 33.985108)
2025-08-19 00:54:34 UTC,sensor05,236476602,23.54,94.06,2025-08-19 10:28:42+00:00,33.985378,-81.001567,181.4,6.0,0.1,355.62,13.0,3D,2025-08-19 06:28:42-04:00,POINT (-81.001567 33.985378)
2025-08-19 00:54:39 UTC,sensor05,236476602,23.56,94.04,2025-08-19 10:28:47+00:00,33.985685,-81.001617,181.7,7.13,0.2,348.67,13.0,3D,2025-08-19 06:28:47-04:00,POINT (-81.001617 33.985685)
2025-08-19 00:54:44 UTC,sensor05,236476602,23.54,94.08,2025-08-19 10:28:52+00:00,33.986025,-81.001682,181.1,6.63,0.0,351.28,13.0,3D,2025-08-19 06:28:52-04:00,POINT (-81.001682 33.986025)
2025-08-19 00:54:50 UTC,sensor05,236476602,23.59,94.08,2025-08-19 10:28:57+00:00,33.986333,-81.001722,181.1,6.58,0.2,353.1,13.0,3D,2025-08-19 06:28:57-04:00,POINT (-81.001722 33.986333)
2025-08-19 00:54:55 UTC,sensor05,236476602,23.6,94.11,2025-08-19 10:29:02+00:00,33.986665,-81.001763,182.1,5.73,0.2,357.84,13.0,3D,2025-08-19 06:29:02-04:00,POINT (-81.001763 33.986665)
2025-08-19 00:55:00 UTC,sensor05,236476602,23.6,93.93,2025-08-19 10:29:06+00:00,33.986808,-81.001785,182.4,2.77,-0.1,335.1,13.0,3D,2025-08-19 06:29:06-04:00,POINT (-81.001785 33.986808)
2025-08-19 00:55:05 UTC,sensor05,236476602,23.62,93.87,2025-08-19 10:29:13+00:00,33.986878,-81.001977,181.2,2.76,-0.17,0.0,13.0,3D,2025-08-19 06:29:13-04:00,POINT (-81.001977 33.986878)
2025-08-19 00:55:10 UTC,sensor05,236476602,23.65,93.77,2025-08-19 10:29:18+00:00,33.986827,-81.002173,182.1,3.92,0.2,0.0,13.0,3D,2025-08-19 06:29:18-04:00,POINT (-81.002173 33.986827)
2025-08-19 00:55:15 UTC,sensor05,236476602,23.7,93.58,2025-08-19 10:29:23+00:00,33.98676,-81.00247,181.7,6.63,-0.1,0.0,4.0,3D,2025-08-19 06:29:23-04:00,POINT (-81.00247 33.98676)
2025-08-19 00:55:20 UTC,sensor05,236476602,23.67,93.38,2025-08-19 10:29:28+00:00,33.98667,-81.0028,182.4,6.55,0.2,0.0,8.0,3D,2025-08-19 06:29:28-04:00,POINT (-81.0028 33.98667)
2025-08-19 00:55:25 UTC,sensor05,236476602,23.72,93.35,2025-08-19 10:29:33+00:00,33.98657,-81.00316,181.4,7.19,-0.4,0.0,12.0,3D,2025-08-19 06:29:33-04:00,POINT (-81.00316 33.98657)
2025-08-19 00:55:30 UTC,sensor05,236476602,23.7,93.26,2025-08-19 10:29:38+00:00,33.98647,-81.003485,181.0,5.64,0.2,252.0,13.0,3D,2025-08-19 06:29:38-04:00,POINT (-81.003485 33.98647)
2025-08-19 00:55:35 UTC,sensor05,236476602,23.74,93.19,2025-08-19 10:29:43+00:00,33.9864,-81.003802,180.9,6.47,0.0,253.25,13.0,3D,2025-08-19 06:29:43-04:00,POINT (-81.003802 33.9864)
2025-08-19 00:55:40 UTC,sensor05,236476602,23.77,93.09,2025-08-19 10:29:48+00:00,33.98635,-81.004062,180.0,3.52,-0.3,263.94,13.0,3D,2025-08-19 06:29:48-04:00,POINT (-81.004062 33.98635)
2025-08-19 00:55:50 UTC,sensor05,236476602,23.73,93.0,2025-08-19 10:29:58+00:00,33.98646,-81.004185,180.3,3.18,0.2,350.27,13.0,3D,2025-08-19 06:29:58-04:00,POINT (-81.004185 33.98646)
2025-08-19 00:55:55 UTC,sensor05,236476602,23.78,92.96,2025-08-19 10:30:03+00:00,33.98667,-81.004223,180.6,4.58,-0.1,355.37,13.0,3D,2025-08-19 06:30:03-04:00,POINT (-81.004223 33.98667)
2025-08-19 00:56:00 UTC,sensor05,236476602,23.78,92.94,2025-08-19 10:30:08+00:00,33.9869,-81.004257,180.5,4.86,0.0,1.74,13.0,3D,2025-08-19 06:30:08-04:00,POINT (-81.004257 33.9869)
2025-08-19 00:57:06 UTC,sensor05,236476602,23.82,92.87,2025-08-19 10:31:14+00:00,33.987332,-81.004467,182.2,5.31,0.3,274.31,13.0,3D,2025-08-19 06:31:14-04:00,POINT (-81.004467 33.987332)
2025-08-19 00:57:11 UTC,sensor05,236476602,23.89,92.82,2025-08-19 10:31:19+00:00,33.987247,-81.004837,183.8,8.75,0.3,254.51,13.0,3D,2025-08-19 06:31:19-04:00,POINT (-81.004837 33.987247)
2025-08-19 00:57:16 UTC,sensor05,236476602,23.91,92.63,2025-08-19 10:31:24+00:00,33.98709,-81.005342,185.6,10.07,0.3,253.3,13.0,3D,2025-08-19 06:31:24-04:00,POINT (-81.005342 33.98709)
2025-08-19 00:57:21 UTC,sensor05,236476602,23.85,92.55,2025-08-19 10:31:29+00:00,33.986947,-81.005903,186.9,11.09,0.3,252.55,13.0,3D,2025-08-19 06:31:29-04:00,POINT (-81.005903 33.986947)
2025-08-19 00:57:26 UTC,sensor05,236476602,23.93,92.61,2025-08-19 10:31:34+00:00,33.98681,-81.006423,188.0,9.02,0.2,256.73,13.0,3D,2025-08-19 06:31:34-04:00,POINT (-81.006423 33.98681)
2025-08-19 00:57:31 UTC,sensor05,236476602,23.83,92.58,2025-08-19 10:31:39+00:00,33.986705,-81.006878,189.6,8.36,0.3,252.72,13.0,3D,2025-08-19 06:31:39-04:00,POINT (-81.006878 33.986705)
2025-08-19 00:57:36 UTC,sensor05,236476602,23.8,92.64,2025-08-19 10:31:44+00:00,33.986635,-81.007232,190.2,5.88,-0.1,268.16,13.0,3D,2025-08-19 06:31:44-04:00,POINT (-81.007232 33.986635)
2025-08-19 00:57:41 UTC,sensor05,236476602,23.81,92.78,2025-08-19 10:31:49+00:00,33.986803,-81.00747,191.1,7.6,0.1,315.78,13.0,3D,2025-08-19 06:31:49-04:00,POINT (-81.00747 33.986803)
2025-08-19 00:57:46 UTC,sensor05,236476602,23.76,92.99,2025-08-19 10:31:54+00:00,33.987067,-81.007792,192.0,7.93,0.3,311.93,13.0,3D,2025-08-19 06:31:54-04:00,POINT (-81.007792 33.987067)
2025-08-19 00:57:51 UTC,sensor05,236476602,23.74,93.15,2025-08-19 10:31:59+00:00,33.987297,-81.008098,192.6,6.82,0.2,312.38,13.0,3D,2025-08-19 06:31:59-04:00,POINT (-81.008098 33.987297)
2025-08-19 00:57:56 UTC,sensor05,236476602,23.75,93.26,2025-08-19 10:32:04+00:00,33.987522,-81.00839,193.7,8.16,0.3,311.97,13.0,3D,2025-08-19 06:32:04-04:00,POINT (-81.00839 33.987522)
2025-08-19 00:58:01 UTC,sensor05,236476602,23.73,93.32,2025-08-19 10:32:09+00:00,33.98782,-81.008735,195.6,8.96,0.4,318.89,13.0,3D,2025-08-19 06:32:09-04:00,POINT (-81.008735 33.98782)
2025-08-19 00:58:07 UTC,sensor05,236476602,23.72,93.31,2025-08-19 10:32:14+00:00,33.988133,-81.009078,197.5,8.38,0.4,315.24,13.0,3D,2025-08-19 06:32:14-04:00,POINT (-81.009078 33.988133)
2025-08-19 00:58:12 UTC,sensor05,236476602,23.72,93.46,2025-08-19 10:32:19+00:00,33.988382,-81.00936,199.3,5.39,0.3,318.74,13.0,3D,2025-08-19 06:32:19-04:00,POINT (-81.00936 33.988382)
2025-08-19 00:58:17 UTC,sensor05,236476602,23.73,93.5,2025-08-19 10:32:25+00:00,33.988492,-81.009535,200.4,3.33,-0.1,0.0,13.0,3D,2025-08-19 06:32:25-04:00,POINT (-81.009535 33.988492)
2025-08-19 00:58:22 UTC,sensor05,236476602,23.71,93.44,2025-08-19 10:32:30+00:00,33.988665,-81.009773,201.9,7.58,0.3,0.0,13.0,3D,2025-08-19 06:32:30-04:00,POINT (-81.009773 33.988665)
2025-08-19 00:58:27 UTC,sensor05,236476602,23.71,93.44,2025-08-19 10:32:35+00:00,33.988935,-81.010075,203.0,8.42,0.1,0.0,13.0,3D,2025-08-19 06:32:35-04:00,POINT (-81.010075 33.988935)
2025-08-19 00:58:32 UTC,sensor05,236476602,23.68,93.52,2025-08-19 10:32:40+00:00,33.989198,-81.01037,204.3,7.89,0.2,316.33,13.0,3D,2025-08-19 06:32:40-04:00,POINT (-81.01037 33.989198)
2025-08-19 00:58:37 UTC,sensor05,236476602,23.68,93.65,2025-08-19 10:32:45+00:00,33.989343,-81.010552,204.8,3.11,0.1,321.86,13.0,3D,2025-08-19 06:32:45-04:00,POINT (-81.010552 33.989343)
2025-08-19 00:58:42 UTC,sensor05,236476602,23.7,93.83,2025-08-19 10:32:50+00:00,33.989438,-81.010522,204.4,4.28,0.1,32.13,13.0,3D,2025-08-19 06:32:50-04:00,POINT (-81.010522 33.989438)
2025-08-19 00:58:47 UTC,sensor05,236476602,23.69,93.83,2025-08-19 10:32:55+00:00,33.989637,-81.010313,205.2,5.88,0.2,41.43,13.0,3D,2025-08-19 06:32:55-04:00,POINT (-81.010313 33.989637)
2025-08-19 00:58:52 UTC,sensor05,236476602,23.68,93.72,2025-08-19 10:33:00+00:00,33.989787,-81.010105,206.3,4.66,0.3,58.98,13.0,3D,2025-08-19 06:33:00-04:00,POINT (-81.010105 33.989787)
2025-08-19 00:58:57 UTC,sensor05,236476602,23.67,93.81,2025-08-19 10:33:05+00:00,33.98986,-81.009767,206.6,6.59,0.2,92.06,13.0,3D,2025-08-19 06:33:05-04:00,POINT (-81.009767 33.98986)
2025-08-19 00:59:02 UTC,sensor05,236476602,23.69,93.71,2025-08-19 10:33:07+00:00,33.989852,-81.009623,207.0,6.77,0.3,95.25,13.0,3D,2025-08-19 06:33:07-04:00,POINT (-81.009623 33.989852)
2025-08-19 00:59:07 UTC,sensor05,236476602,23.7,93.55,2025-08-19 10:33:15+00:00,33.989783,-81.008968,208.5,7.74,0.2,98.1,13.0,3D,2025-08-19 06:33:15-04:00,POINT (-81.008968 33.989783)
2025-08-19 00:59:12 UTC,sensor05,236476602,23.72,93.56,2025-08-19 10:33:20+00:00,33.989767,-81.008535,209.1,7.67,0.1,92.73,13.0,3D,2025-08-19 06:33:20-04:00,POINT (-81.008535 33.989767)
2025-08-19 00:59:17 UTC,sensor05,236476602,23.7,93.53,2025-08-19 10:33:25+00:00,33.989733,-81.008193,209.5,5.46,0.1,98.51,13.0,3D,2025-08-19 06:33:25-04:00,POINT (-81.008193 33.989733)
2025-08-19 00:59:22 UTC,sensor05,236476602,23.73,93.49,2025-08-19 10:33:30+00:00,33.989748,-81.008008,211.1,3.33,0.4,49.8,13.0,3D,2025-08-19 06:33:30-04:00,POINT (-81.008008 33.989748)
2025-08-19 00:59:27 UTC,sensor05,236476602,23.68,93.52,2025-08-19 10:33:35+00:00,33.989877,-81.007952,212.8,3.46,0.3,7.95,13.0,3D,2025-08-19 06:33:35-04:00,POINT (-81.007952 33.989877)
2025-08-19 00:59:32 UTC,sensor05,236476602,23.66,93.51,2025-08-19 10:33:40+00:00,33.990088,-81.007933,214.7,5.61,0.3,9.78,13.0,3D,2025-08-19 06:33:40-04:00,POINT (-81.007933 33.990088)
2025-08-19 00:59:37 UTC,sensor05,236476602,23.72,93.79,2025-08-19 10:33:45+00:00,33.990347,-81.007935,216.5,5.94,0.5,2.54,13.0,3D,2025-08-19 06:33:45-04:00,POINT (-81.007935 33.990347)
2025-08-19 00:59:53 UTC,sensor05,236476602,23.79,93.42,2025-08-19 10:34:00+00:00,33.99076,-81.007635,215.5,5.77,0.1,94.68,13.0,3D,2025-08-19 06:34:00-04:00,POINT (-81.007635 33.99076)
2025-08-19 00:59:58 UTC,sensor05,236476602,23.82,93.29,2025-08-19 10:34:05+00:00,33.990728,-81.00729,216.5,6.99,0.1,97.53,13.0,3D,2025-08-19 06:34:05-04:00,POINT (-81.00729 33.990728)
2025-08-19 01:00:03 UTC,sensor05,236476602,23.76,93.28,2025-08-19 10:34:11+00:00,33.99067,-81.006757,217.2,8.83,0.0,0.0,13.0,3D,2025-08-19 06:34:11-04:00,POINT (-81.006757 33.99067)
2025-08-19 01:00:08 UTC,sensor05,236476602,23.74,93.31,2025-08-19 10:34:16+00:00,33.990642,-81.006423,217.1,4.33,-0.1,0.0,13.0,3D,2025-08-19 06:34:16-04:00,POINT (-81.006423 33.990642)
2025-08-19 01:00:18 UTC,sensor05,236476602,23.82,93.3,2025-08-19 10:34:26+00:00,33.990602,-81.006277,220.3,3.24,0.4,99.98,13.0,3D,2025-08-19 06:34:26-04:00,POINT (-81.006277 33.990602)
2025-08-19 01:00:23 UTC,sensor05,236476602,23.77,93.13,2025-08-19 10:34:31+00:00,33.990578,-81.005982,220.8,7.25,0.1,96.53,13.0,3D,2025-08-19 06:34:31-04:00,POINT (-81.005982 33.990578)
2025-08-19 01:00:28 UTC,sensor05,236476602,23.73,93.3,2025-08-19 10:34:36+00:00,33.990543,-81.005528,222.0,8.29,0.3,92.4,13.0,3D,2025-08-19 06:34:36-04:00,POINT (-81.005528 33.990543)
2025-08-19 01:00:33 UTC,sensor05,236476602,23.69,93.44,2025-08-19 10:34:41+00:00,33.99051,-81.005085,222.6,8.42,0.0,100.4,13.0,3D,2025-08-19 06:34:41-04:00,POINT (-81.005085 33.99051)
2025-08-19 01:00:38 UTC,sensor05,236476602,23.67,93.44,2025-08-19 10:34:46+00:00,33.990495,-81.004658,222.1,8.41,-0.2,98.68,13.0,3D,2025-08-19 06:34:46-04:00,POINT (-81.004658 33.990495)
2025-08-19 01:00:43 UTC,sensor05,236476602,23.69,93.49,2025-08-19 10:34:51+00:00,33.990465,-81.00418,222.3,7.59,-0.3,96.78,13.0,3D,2025-08-19 06:34:51-04:00,POINT (-81.00418 33.990465)
2025-08-19 01:00:48 UTC,sensor05,236476602,23.66,93.61,2025-08-19 10:34:56+00:00,33.990443,-81.003992,220.7,2.79,-0.3,102.02,13.0,3D,2025-08-19 06:34:56-04:00,POINT (-81.003992 33.990443)
2025-08-19 01:00:53 UTC,sensor05,236476602,23.68,93.7,2025-08-19 10:35:01+00:00,33.990447,-81.003713,219.2,6.59,-1.1,95.24,13.0,3D,2025-08-19 06:35:01-04:00,POINT (-81.003713 33.990447)
2025-08-19 01:00:58 UTC,sensor05,236476602,23.68,93.8,2025-08-19 10:35:06+00:00,33.990423,-81.003368,219.0,6.18,0.2,94.82,13.0,3D,2025-08-19 06:35:06-04:00,POINT (-81.003368 33.990423)
2025-08-19 01:01:03 UTC,sensor05,236476602,23.66,93.81,2025-08-19 10:35:08+00:00,33.990422,-81.00325,218.5,6.31,-0.2,95.81,13.0,3D,2025-08-19 06:35:08-04:00,POINT (-81.00325 33.990422)
2025-08-19 01:01:08 UTC,sensor05,236476602,23.65,93.8,2025-08-19 10:35:16+00:00,33.990402,-81.002695,217.8,7.19,-0.7,96.69,13.0,3D,2025-08-19 06:35:16-04:00,POINT (-81.002695 33.990402)
2025-08-19 01:01:13 UTC,sensor05,236476602,23.65,93.8,2025-08-19 10:35:21+00:00,33.990362,-81.002322,217.6,6.64,-0.1,100.06,13.0,3D,2025-08-19 06:35:21-04:00,POINT (-81.002322 33.990362)
2025-08-19 01:01:18 UTC,sensor05,236476602,23.63,93.7,2025-08-19 10:35:26+00:00,33.990337,-81.002035,217.6,4.57,0.0,94.6,13.0,3D,2025-08-19 06:35:26-04:00,POINT (-81.002035 33.990337)
2025-08-19 01:01:28 UTC,sensor05,236476602,23.69,93.63,2025-08-19 10:35:36+00:00,33.990372,-81.001813,213.8,2.75,-0.8,34.63,13.0,3D,2025-08-19 06:35:36-04:00,POINT (-81.001813 33.990372)
2025-08-19 01:01:34 UTC,sensor05,236476602,23.71,93.73,2025-08-19 10:35:41+00:00,33.990542,-81.001777,210.3,4.93,-0.7,7.38,13.0,3D,2025-08-19 06:35:41-04:00,POINT (-81.001777 33.990542)
2025-08-19 01:01:39 UTC,sensor05,236476602,23.68,93.64,2025-08-19 10:35:46+00:00,33.99088,-81.001767,207.5,6.82,-0.6,3.34,13.0,3D,2025-08-19 06:35:46-04:00,POINT (-81.001767 33.99088)
2025-08-19 01:01:44 UTC,sensor05,236476602,23.68,93.71,2025-08-19 10:35:52+00:00,33.991285,-81.00173,204.2,7.07,-0.6,0.0,13.0,3D,2025-08-19 06:35:52-04:00,POINT (-81.00173 33.991285)
2025-08-19 01:01:49 UTC,sensor05,236476602,23.7,93.82,2025-08-19 10:35:57+00:00,33.991447,-81.001678,201.0,2.63,-0.8,0.0,13.0,3D,2025-08-19 06:35:57-04:00,POINT (-81.001678 33.991447)
2025-08-19 01:01:54 UTC,sensor05,236476602,23.69,93.79,2025-08-19 10:36:02+00:00,33.991653,-81.001663,197.5,6.5,-0.6,0.0,13.0,3D,2025-08-19 06:36:02-04:00,POINT (-81.001663 33.991653)
2025-08-19 01:01:59 UTC,sensor05,236476602,23.7,93.91,2025-08-19 10:36:07+00:00,33.991932,-81.001647,193.9,7.57,-0.7,3.9,13.0,3D,2025-08-19 06:36:07-04:00,POINT (-81.001647 33.991932)
2025-08-19 01:02:04 UTC,sensor05,236476602,23.66,93.83,2025-08-19 10:36:12+00:00,33.992275,-81.00162,190.0,6.01,-0.6,3.66,13.0,3D,2025-08-19 06:36:12-04:00,POINT (-81.00162 33.992275)
2025-08-19 01:02:14 UTC,sensor05,236476602,23.65,93.83,2025-08-19 10:36:22+00:00,33.992678,-81.001612,185.5,5.12,-0.4,0.74,13.0,3D,2025-08-19 06:36:22-04:00,POINT (-81.001612 33.992678)
2025-08-19 01:02:19 UTC,sensor05,236476602,23.67,93.82,2025-08-19 10:36:27+00:00,33.992998,-81.001578,183.0,7.07,-0.3,5.42,13.0,3D,2025-08-19 06:36:27-04:00,POINT (-81.001578 33.992998)
2025-08-19 01:02:24 UTC,sensor05,236476602,23.65,93.79,2025-08-19 10:36:32+00:00,33.99333,-81.001522,180.1,6.9,-0.4,5.74,13.0,3D,2025-08-19 06:36:32-04:00,POINT (-81.001522 33.99333)
2025-08-19 01:02:29 UTC,sensor05,236476602,23.68,93.75,2025-08-19 10:36:37+00:00,33.993635,-81.001467,177.9,5.35,-0.5,10.66,13.0,3D,2025-08-19 06:36:37-04:00,POINT (-81.001467 33.993635)
2025-08-19 01:02:34 UTC,sensor05,236476602,23.7,93.75,2025-08-19 10:36:42+00:00,33.993767,-81.001477,175.5,2.46,-0.5,346.37,13.0,3D,2025-08-19 06:36:42-04:00,POINT (-81.001477 33.993767)
2025-08-19 01:02:39 UTC,sensor05,236476602,23.68,93.62,2025-08-19 10:36:47+00:00,33.993837,-81.001655,173.2,4.07,-0.4,279.36,13.0,3D,2025-08-19 06:36:47-04:00,POINT (-81.001655 33.993837)
2025-08-19 01:02:44 UTC,sensor05,236476602,23.67,93.64,2025-08-19 10:36:52+00:00,33.993888,-81.001942,171.5,5.46,-0.3,280.38,13.0,3D,2025-08-19 06:36:52-04:00,POINT (-81.001942 33.993888)
2025-08-19 01:03:30 UTC,sensor05,236476602,23.7,93.71,2025-08-19 10:37:38+00:00,33.993917,-81.002518,159.1,5.54,-0.3,0.0,13.0,3D,2025-08-19 06:37:38-04:00,POINT (-81.002518 33.993917)
2025-08-19 01:03:35 UTC,sensor05,236476602,23.7,93.61,2025-08-19 10:37:43+00:00,33.993945,-81.00292,158.6,7.7,0.0,0.0,13.0,3D,2025-08-19 06:37:43-04:00,POINT (-81.00292 33.993945)
2025-08-19 01:03:40 UTC,sensor05,236476602,23.7,93.72,2025-08-19 10:37:48+00:00,33.993965,-81.003355,158.4,6.93,0.1,0.0,4.0,3D,2025-08-19 06:37:48-04:00,POINT (-81.003355 33.993965)
2025-08-19 01:03:45 UTC,sensor05,236476602,23.67,93.61,2025-08-19 10:37:53+00:00,33.993993,-81.003683,158.6,5.32,0.1,0.0,4.0,3D,2025-08-19 06:37:53-04:00,POINT (-81.003683 33.993993)
2025-08-19 01:03:50 UTC,sensor05,236476602,23.67,93.69,2025-08-19 10:37:58+00:00,33.994027,-81.004023,159.9,7.26,0.3,0.0,8.0,3D,2025-08-19 06:37:58-04:00,POINT (-81.004023 33.994027)
2025-08-19 01:03:55 UTC,sensor05,236476602,23.68,93.78,2025-08-19 10:38:03+00:00,33.994058,-81.004338,160.0,5.42,-0.1,0.0,13.0,3D,2025-08-19 06:38:03-04:00,POINT (-81.004338 33.994058)
2025-08-19 01:04:00 UTC,sensor05,236476602,23.67,93.77,2025-08-19 10:38:08+00:00,33.994063,-81.004682,160.6,6.62,0.3,0.0,13.0,3D,2025-08-19 06:38:08-04:00,POINT (-81.004682 33.994063)
2025-08-19 01:04:05 UTC,sensor05,236476602,23.71,93.71,2025-08-19 10:38:13+00:00,33.994072,-81.00509,162.4,7.24,0.4,275.5,13.0,3D,2025-08-19 06:38:13-04:00,POINT (-81.00509 33.994072)
2025-08-19 01:04:10 UTC,sensor05,236476602,23.71,93.69,2025-08-19 10:38:18+00:00,33.99408,-81.005488,164.9,6.97,0.7,271.35,13.0,3D,2025-08-19 06:38:18-04:00,POINT (-81.005488 33.99408)
2025-08-19 01:04:15 UTC,sensor05,236476602,23.68,93.63,2025-08-19 10:38:23+00:00,33.994182,-81.005695,167.9,3.83,0.7,290.08,13.0,3D,2025-08-19 06:38:23-04:00,POINT (-81.005695 33.994182)
2025-08-19 01:04:25 UTC,sensor05,236476602,23.73,93.68,2025-08-19 10:38:33+00:00,33.99414,-81.005962,174.5,4.38,0.8,199.88,13.0,3D,2025-08-19 06:38:33-04:00,POINT (-81.005962 33.99414)
2025-08-19 01:04:30 UTC,sensor05,236476602,23.74,93.59,2025-08-19 10:38:38+00:00,33.993865,-81.006015,177.4,6.8,0.4,188.83,13.0,3D,2025-08-19 06:38:38-04:00,POINT (-81.006015 33.993865)
2025-08-19 01:04:35 UTC,sensor05,236476602,23.81,93.75,2025-08-19 10:38:43+00:00,33.993482,-81.005897,178.9,8.64,0.5,179.37,13.0,3D,2025-08-19 06:38:43-04:00,POINT (-81.005897 33.993482)
2025-08-19 01:04:40 UTC,sensor05,236476602,23.87,93.4,2025-08-19 10:38:48+00:00,33.993187,-81.005882,179.7,5.08,0.4,187.32,13.0,3D,2025-08-19 06:38:48-04:00,POINT (-81.005882 33.993187)
2025-08-19 01:04:45 UTC,sensor05,236476602,23.85,93.24,2025-08-19 10:38:53+00:00,33.993047,-81.005968,181.3,3.18,0.4,225.62,13.0,3D,2025-08-19 06:38:53-04:00,POINT (-81.005968 33.993047)
2025-08-19 01:04:50 UTC,sensor05,236476602,23.82,93.1,2025-08-19 10:38:58+00:00,33.993025,-81.006275,183.7,6.2,0.6,268.43,13.0,3D,2025-08-19 06:38:58-04:00,POINT (-81.006275 33.993025)
2025-08-19 01:04:56 UTC,sensor05,236476602,23.77,93.21,2025-08-19 10:39:03+00:00,33.993043,-81.006758,185.7,8.16,0.3,270.7,13.0,3D,2025-08-19 06:39:03-04:00,POINT (-81.006758 33.993043)
2025-08-19 01:05:01 UTC,sensor05,236476602,23.73,93.24,2025-08-19 10:39:09+00:00,33.993135,-81.007278,187.7,6.18,0.6,0.0,13.0,3D,2025-08-19 06:39:09-04:00,POINT (-81.007278 33.993135)
2025-08-19 01:05:06 UTC,sensor05,236476602,23.72,93.37,2025-08-19 10:39:13+00:00,33.993172,-81.007497,190.5,5.14,0.7,0.0,4.0,3D,2025-08-19 06:39:13-04:00,POINT (-81.007497 33.993172)
2025-08-19 01:05:11 UTC,sensor05,236476602,23.74,93.22,2025-08-19 10:39:19+00:00,33.993325,-81.007643,195.1,5.11,0.8,0.0,13.0,3D,2025-08-19 06:39:19-04:00,POINT (-81.007643 33.993325)
2025-08-19 01:05:16 UTC,sensor05,236476602,23.75,93.16,2025-08-19 10:39:24+00:00,33.993603,-81.00758,195.3,6.73,0.4,0.0,13.0,3D,2025-08-19 06:39:24-04:00,POINT (-81.00758 33.993603)
2025-08-19 01:05:21 UTC,sensor05,236476602,23.76,93.07,2025-08-19 10:39:29+00:00,33.993992,-81.00752,196.7,8.44,0.3,5.79,13.0,3D,2025-08-19 06:39:29-04:00,POINT (-81.00752 33.993992)
2025-08-19 01:05:26 UTC,sensor05,236476602,23.8,93.04,2025-08-19 10:39:34+00:00,33.994262,-81.0075,199.2,4.49,0.5,19.86,13.0,3D,2025-08-19 06:39:34-04:00,POINT (-81.0075 33.994262)
2025-08-19 01:05:31 UTC,sensor05,236476602,23.83,92.97,2025-08-19 10:39:39+00:00,33.994332,-81.00731,200.1,4.51,-0.3,79.83,13.0,3D,2025-08-19 06:39:39-04:00,POINT (-81.00731 33.994332)
2025-08-19 01:05:36 UTC,sensor05,236476602,23.82,92.88,2025-08-19 10:39:44+00:00,33.994262,-81.006997,197.8,4.68,-0.1,89.41,13.0,3D,2025-08-19 06:39:44-04:00,POINT (-81.006997 33.994262)
2025-08-19 01:05:41 UTC,sensor05,236476602,23.87,92.85,2025-08-19 10:39:49+00:00,33.994402,-81.006897,197.8,5.19,0.0,8.77,13.0,3D,2025-08-19 06:39:49-04:00,POINT (-81.006897 33.994402)
2025-08-19 01:05:46 UTC,sensor05,236476602,23.89,92.77,2025-08-19 10:39:54+00:00,33.994623,-81.006852,199.1,4.8,0.2,16.66,13.0,3D,2025-08-19 06:39:54-04:00,POINT (-81.006852 33.994623)
2025-08-19 01:05:51 UTC,sensor05,236476602,23.87,92.8,2025-08-19 10:39:59+00:00,33.994885,-81.007033,192.5,4.69,-1.7,330.34,13.0,3D,2025-08-19 06:39:59-04:00,POINT (-81.007033 33.994885)
2025-08-19 01:05:56 UTC,sensor05,236476602,23.88,92.87,2025-08-19 10:40:04+00:00,33.994937,-81.007275,194.0,4.0,0.3,282.96,13.0,3D,2025-08-19 06:40:04-04:00,POINT (-81.007275 33.994937)
2025-08-19 01:06:01 UTC,sensor05,236476602,23.84,92.76,2025-08-19 10:40:09+00:00,33.994938,-81.007608,191.6,3.99,-2.4,278.84,13.0,3D,2025-08-19 06:40:09-04:00,POINT (-81.007608 33.994938)
2025-08-19 01:06:06 UTC,sensor05,236476602,23.83,93.04,2025-08-19 10:40:14+00:00,33.995127,-81.007442,189.4,5.54,-0.1,5.54,13.0,3D,2025-08-19 06:40:14-04:00,POINT (-81.007442 33.995127)
2025-08-19 01:06:11 UTC,sensor05,236476602,23.87,92.98,2025-08-19 10:40:19+00:00,33.995322,-81.007382,190.5,3.64,0.2,3.45,13.0,3D,2025-08-19 06:40:19-04:00,POINT (-81.007382 33.995322)
2025-08-19 01:06:21 UTC,sensor05,236476602,23.95,92.7,2025-08-19 10:40:29+00:00,33.995473,-81.007468,192.8,3.33,0.1,8.89,13.0,3D,2025-08-19 06:40:29-04:00,POINT (-81.007468 33.995473)
2025-08-19 01:06:26 UTC,sensor05,236476602,23.93,92.67,2025-08-19 10:40:34+00:00,33.99578,-81.007518,193.7,6.66,0.4,359.39,13.0,3D,2025-08-19 06:40:34-04:00,POINT (-81.007518 33.99578)
2025-08-19 01:06:31 UTC,sensor05,236476602,23.91,92.87,2025-08-19 10:40:39+00:00,33.996055,-81.007485,194.8,8.32,0.1,1.0,13.0,3D,2025-08-19 06:40:39-04:00,POINT (-81.007485 33.996055)
2025-08-19 01:06:36 UTC,sensor05,236476602,23.89,92.83,2025-08-19 10:40:44+00:00,33.996355,-81.007425,195.7,7.32,0.3,5.83,13.0,3D,2025-08-19 06:40:44-04:00,POINT (-81.007425 33.996355)
2025-08-19 01:06:41 UTC,sensor05,236476602,23.92,92.65,2025-08-19 10:40:49+00:00,33.996523,-81.007367,196.1,2.68,0.3,1.4,12.0,3D,2025-08-19 06:40:49-04:00,POINT (-81.007367 33.996523)
2025-08-19 01:06:47 UTC,sensor05,236476602,23.93,92.61,2025-08-19 10:40:55+00:00,33.996717,-81.00743,190.1,9.11,-6.3,0.0,13.0,3D,2025-08-19 06:40:55-04:00,POINT (-81.00743 33.996717)
2025-08-19 01:06:52 UTC,sensor05,236476602,23.94,92.59,2025-08-19 10:41:00+00:00,33.996718,-81.007617,187.6,5.12,0.1,0.0,13.0,3D,2025-08-19 06:41:00-04:00,POINT (-81.007617 33.996718)
2025-08-19 01:06:57 UTC,sensor05,236476602,23.98,92.59,2025-08-19 10:41:05+00:00,33.996675,-81.008145,188.1,11.34,0.1,0.0,13.0,3D,2025-08-19 06:41:05-04:00,POINT (-81.008145 33.996675)
2025-08-19 01:07:02 UTC,sensor05,236476602,24.01,92.49,2025-08-19 10:41:09+00:00,33.996688,-81.008582,188.5,8.54,0.1,271.32,13.0,3D,2025-08-19 06:41:09-04:00,POINT (-81.008582 33.996688)
2025-08-19 01:07:07 UTC,sensor05,236476602,23.99,92.61,2025-08-19 10:41:09+00:00,33.996688,-81.008582,188.5,8.54,0.1,271.32,13.0,3D,2025-08-19 06:41:09-04:00,POINT (-81.008582 33.996688)
2025-08-19 01:07:17 UTC,sensor05,236476602,24.0,92.5,2025-08-19 10:41:25+00:00,33.996887,-81.009145,186.3,4.09,-0.2,283.92,13.0,3D,2025-08-19 06:41:25-04:00,POINT (-81.009145 33.996887)
2025-08-19 01:07:22 UTC,sensor05,236476602,23.99,92.48,2025-08-19 10:41:30+00:00,33.997042,-81.009568,186.8,7.64,0.3,279.94,13.0,3D,2025-08-19 06:41:30-04:00,POINT (-81.009568 33.997042)
2025-08-19 01:07:27 UTC,sensor05,236476602,23.92,92.61,2025-08-19 10:41:35+00:00,33.99704,-81.010032,188.6,7.22,0.6,268.73,13.0,3D,2025-08-19 06:41:35-04:00,POINT (-81.010032 33.99704)
2025-08-19 01:07:32 UTC,sensor05,236476602,23.91,92.78,2025-08-19 10:41:40+00:00,33.99712,-81.010442,190.7,6.55,0.4,281.54,13.0,3D,2025-08-19 06:41:40-04:00,POINT (-81.010442 33.99712)
2025-08-19 01:07:37 UTC,sensor05,236476602,23.89,92.74,2025-08-19 10:41:45+00:00,33.997178,-81.01069,191.9,3.53,-0.3,322.76,13.0,3D,2025-08-19 06:41:45-04:00,POINT (-81.01069 33.997178)
2025-08-19 01:07:42 UTC,sensor05,236476602,23.92,92.71,2025-08-19 10:41:50+00:00,33.997337,-81.010685,192.7,5.63,0.4,4.12,13.0,3D,2025-08-19 06:41:50-04:00,POINT (-81.010685 33.997337)
2025-08-19 01:07:47 UTC,sensor05,236476602,23.92,92.67,2025-08-19 10:41:55+00:00,33.997642,-81.010663,192.1,7.47,0.2,4.86,13.0,3D,2025-08-19 06:41:55-04:00,POINT (-81.010663 33.997642)
2025-08-19 01:07:52 UTC,sensor05,236476602,23.96,92.57,2025-08-19 10:42:00+00:00,33.998008,-81.010628,193.8,6.09,0.4,3.77,13.0,3D,2025-08-19 06:42:00-04:00,POINT (-81.010628 33.998008)
2025-08-19 01:07:57 UTC,sensor05,236476602,23.96,92.47,2025-08-19 10:42:05+00:00,33.998268,-81.010602,195.1,4.53,0.1,5.72,12.0,3D,2025-08-19 06:42:05-04:00,POINT (-81.010602 33.998268)
2025-08-19 01:08:12 UTC,sensor05,236476602,23.97,92.27,2025-08-19 10:42:20+00:00,33.998378,-81.010723,192.3,4.96,-0.8,307.28,13.0,3D,2025-08-19 06:42:20-04:00,POINT (-81.010723 33.998378)
2025-08-19 01:08:17 UTC,sensor05,236476602,24.01,92.29,2025-08-19 10:42:25+00:00,33.998463,-81.011052,189.4,7.66,-0.7,279.69,13.0,3D,2025-08-19 06:42:25-04:00,POINT (-81.011052 33.998463)
2025-08-19 01:08:23 UTC,sensor05,236476602,23.97,92.26,2025-08-19 10:42:30+00:00,33.998518,-81.011543,186.9,9.37,-0.4,273.64,13.0,3D,2025-08-19 06:42:30-04:00,POINT (-81.011543 33.998518)
2025-08-19 01:08:28 UTC,sensor05,236476602,23.96,92.18,2025-08-19 10:42:35+00:00,33.998547,-81.012058,184.0,8.54,-0.7,271.98,13.0,3D,2025-08-19 06:42:35-04:00,POINT (-81.012058 33.998547)
2025-08-19 01:08:33 UTC,sensor05,236476602,23.97,92.23,2025-08-19 10:42:41+00:00,33.998573,-81.01265,180.7,9.13,-0.4,0.0,13.0,3D,2025-08-19 06:42:41-04:00,POINT (-81.01265 33.998573)
2025-08-19 01:08:38 UTC,sensor05,236476602,23.95,92.28,2025-08-19 10:42:46+00:00,33.998597,-81.013185,178.0,10.48,-0.7,0.0,13.0,3D,2025-08-19 06:42:46-04:00,POINT (-81.013185 33.998597)
2025-08-19 01:08:43 UTC,sensor05,236476602,24.03,92.27,2025-08-19 10:42:51+00:00,33.998592,-81.013775,176.3,10.15,-0.2,275.7,13.0,3D,2025-08-19 06:42:51-04:00,POINT (-81.013775 33.998592)
2025-08-19 01:08:48 UTC,sensor05,236476602,24.03,92.23,2025-08-19 10:42:56+00:00,33.998625,-81.014342,174.4,9.7,-0.4,271.77,13.0,3D,2025-08-19 06:42:56-04:00,POINT (-81.014342 33.998625)
2025-08-19 01:08:53 UTC,sensor05,236476602,24.03,92.29,2025-08-19 10:43:01+00:00,33.998682,-81.014858,171.7,9.45,-0.7,276.21,13.0,3D,2025-08-19 06:43:01-04:00,POINT (-81.014858 33.998682)
2025-08-19 01:08:58 UTC,sensor05,236476602,24.04,92.41,2025-08-19 10:43:06+00:00,33.998723,-81.0153,168.4,6.31,-0.6,278.21,13.0,3D,2025-08-19 06:43:06-04:00,POINT (-81.0153 33.998723)
2025-08-19 01:09:03 UTC,sensor05,236476602,24.05,92.37,2025-08-19 10:43:09+00:00,33.998778,-81.015415,165.2,3.54,-1.4,320.88,13.0,3D,2025-08-19 06:43:09-04:00,POINT (-81.015415 33.998778)
2025-08-19 01:09:08 UTC,sensor05,236476602,24.01,92.27,2025-08-19 10:43:09+00:00,33.998778,-81.015415,165.2,3.54,-1.4,320.88,13.0,3D,2025-08-19 06:43:09-04:00,POINT (-81.015415 33.998778)
2025-08-19 01:09:13 UTC,sensor05,236476602,24.05,92.42,2025-08-19 10:43:21+00:00,33.999397,-81.01486,156.7,8.74,-0.4,43.2,13.0,3D,2025-08-19 06:43:21-04:00,POINT (-81.01486 33.999397)
2025-08-19 01:09:18 UTC,sensor05,236476602,24.02,92.47,2025-08-19 10:43:26+00:00,33.999682,-81.014562,154.4,7.43,-0.5,40.89,13.0,3D,2025-08-19 06:43:26-04:00,POINT (-81.014562 33.999682)
2025-08-19 01:09:23 UTC,sensor05,236476602,23.99,92.43,2025-08-19 10:43:31+00:00,33.999878,-81.01437,151.9,2.93,-0.6,20.61,13.0,3D,2025-08-19 06:43:31-04:00,POINT (-81.01437 33.999878)
2025-08-19 01:09:28 UTC,sensor05,236476602,23.98,92.54,2025-08-19 10:43:36+00:00,34.000057,-81.014435,148.1,3.56,-1.4,327.17,13.0,3D,2025-08-19 06:43:36-04:00,POINT (-81.014435 34.000057)
2025-08-19 01:09:33 UTC,sensor05,236476602,24.0,92.62,2025-08-19 10:43:41+00:00,34.000152,-81.014535,144.1,3.77,-0.7,307.14,13.0,3D,2025-08-19 06:43:41-04:00,POINT (-81.014535 34.000152)
2025-08-19 01:09:38 UTC,sensor05,236476602,23.95,92.7,2025-08-19 10:43:46+00:00,34.000298,-81.014802,139.6,6.71,-0.7,303.21,13.0,3D,2025-08-19 06:43:46-04:00,POINT (-81.014802 34.000298)
2025-08-19 01:09:43 UTC,sensor05,236476602,23.93,92.91,2025-08-19 10:43:51+00:00,34.000483,-81.015073,137.6,4.27,-0.3,313.55,13.0,3D,2025-08-19 06:43:51-04:00,POINT (-81.015073 34.000483)
2025-08-19 01:09:48 UTC,sensor05,236476602,23.91,92.87,2025-08-19 10:43:56+00:00,34.000597,-81.015185,136.0,2.57,-0.3,333.0,13.0,3D,2025-08-19 06:43:56-04:00,POINT (-81.015185 34.000597)
2025-08-19 01:09:53 UTC,sensor05,236476602,23.93,92.99,2025-08-19 10:44:01+00:00,34.00082,-81.015155,134.5,6.62,-0.1,25.25,13.0,3D,2025-08-19 06:44:01-04:00,POINT (-81.015155 34.00082)
2025-08-19 01:09:59 UTC,sensor05,236476602,23.91,92.97,2025-08-19 10:44:07+00:00,34.00115,-81.014942,133.4,6.89,-0.1,0.0,13.0,3D,2025-08-19 06:44:07-04:00,POINT (-81.014942 34.00115)
2025-08-19 01:10:04 UTC,sensor05,236476602,23.89,93.08,2025-08-19 10:44:12+00:00,34.00134,-81.014733,130.1,6.45,-0.3,0.0,13.0,3D,2025-08-19 06:44:12-04:00,POINT (-81.014733 34.00134)
2025-08-19 01:10:09 UTC,sensor05,236476602,23.93,93.09,2025-08-19 10:44:17+00:00,34.00158,-81.014507,126.4,7.26,-0.7,0.0,13.0,3D,2025-08-19 06:44:17-04:00,POINT (-81.014507 34.00158)
2025-08-19 01:10:14 UTC,sensor05,236476602,23.95,92.86,2025-08-19 10:44:22+00:00,34.001848,-81.01427,123.6,7.55,-0.9,37.48,13.0,3D,2025-08-19 06:44:22-04:00,POINT (-81.01427 34.001848)
2025-08-19 01:10:19 UTC,sensor05,236476602,23.98,92.81,2025-08-19 10:44:27+00:00,34.00207,-81.014017,120.3,4.14,-0.6,42.88,13.0,3D,2025-08-19 06:44:27-04:00,POINT (-81.014017 34.00207)
2025-08-19 01:10:24 UTC,sensor05,236476602,23.94,92.79,2025-08-19 10:44:32+00:00,34.002188,-81.013898,117.4,5.33,-0.6,44.62,13.0,3D,2025-08-19 06:44:32-04:00,POINT (-81.013898 34.002188)
2025-08-19 01:10:29 UTC,sensor05,236476602,23.95,92.88,2025-08-19 10:44:37+00:00,34.002382,-81.01365,113.8,7.1,-0.8,46.23,13.0,3D,2025-08-19 06:44:37-04:00,POINT (-81.01365 34.002382)
2025-08-19 01:10:34 UTC,sensor05,236476602,23.95,92.74,2025-08-19 10:44:42+00:00,34.002605,-81.01332,110.3,7.6,-0.6,52.13,13.0,3D,2025-08-19 06:44:42-04:00,POINT (-81.01332 34.002605)
2025-08-19 01:10:39 UTC,sensor05,236476602,23.99,92.76,2025-08-19 10:44:47+00:00,34.002792,-81.012997,103.7,6.73,-0.9,55.67,13.0,3D,2025-08-19 06:44:47-04:00,POINT (-81.012997 34.002792)
2025-08-19 01:10:44 UTC,sensor05,236476602,23.96,92.81,2025-08-19 10:44:52+00:00,34.002982,-81.012695,97.1,6.73,-0.7,55.61,13.0,3D,2025-08-19 06:44:52-04:00,POINT (-81.012695 34.002982)
2025-08-19 01:10:49 UTC,sensor05,236476602,23.93,92.8,2025-08-19 10:44:57+00:00,34.003133,-81.012378,93.7,6.63,-0.7,59.84,13.0,3D,2025-08-19 06:44:57-04:00,POINT (-81.012378 34.003133)
2025-08-19 01:10:59 UTC,sensor05,236476602,23.89,93.41,2025-08-19 10:45:07+00:00,34.003237,-81.012092,87.7,2.42,-0.6,116.88,13.0,3D,2025-08-19 06:45:07-04:00,POINT (-81.012092 34.003237)
2025-08-19 01:11:04 UTC,sensor05,236476602,23.88,93.42,2025-08-19 10:45:10+00:00,34.00314,-81.012043,85.9,4.3,-0.7,162.97,13.0,3D,2025-08-19 06:45:10-04:00,POINT (-81.012043 34.00314)
2025-08-19 01:11:09 UTC,sensor05,236476602,23.83,93.35,2025-08-19 10:45:16+00:00,34.002878,-81.011975,83.6,4.8,0.0,158.21,13.0,3D,2025-08-19 06:45:16-04:00,POINT (-81.011975 34.002878)
2025-08-19 01:11:14 UTC,sensor05,236476602,23.84,93.41,2025-08-19 10:45:22+00:00,34.00254,-81.011895,82.3,6.19,-0.4,170.79,13.0,3D,2025-08-19 06:45:22-04:00,POINT (-81.011895 34.00254)
2025-08-19 01:11:24 UTC,sensor05,236476602,23.93,93.38,2025-08-19 10:45:32+00:00,34.00223,-81.01195,77.8,3.94,-0.6,210.08,13.0,3D,2025-08-19 06:45:32-04:00,POINT (-81.01195 34.00223)
2025-08-19 01:11:30 UTC,sensor05,236476602,23.93,93.22,2025-08-19 10:45:37+00:00,34.00209,-81.012095,75.4,3.82,-0.6,212.84,13.0,3D,2025-08-19 06:45:37-04:00,POINT (-81.012095 34.00209)
2025-08-19 01:11:35 UTC,sensor05,236476602,23.94,93.01,2025-08-19 10:45:42+00:00,34.001912,-81.012102,74.6,5.83,-0.4,177.86,13.0,3D,2025-08-19 06:45:42-04:00,POINT (-81.012102 34.001912)
2025-08-19 01:11:40 UTC,sensor05,236476602,23.93,92.96,2025-08-19 10:45:48+00:00,34.001658,-81.012142,72.1,2.42,-0.5,0.0,13.0,3D,2025-08-19 06:45:48-04:00,POINT (-81.012142 34.001658)
2025-08-19 01:11:50 UTC,sensor05,236476602,23.9,93.06,2025-08-19 10:45:58+00:00,34.001552,-81.012052,68.1,3.66,-0.3,0.0,13.0,3D,2025-08-19 06:45:58-04:00,POINT (-81.012052 34.001552)
2025-08-19 01:11:55 UTC,sensor05,236476602,23.87,93.2,2025-08-19 10:46:03+00:00,34.001528,-81.011765,66.7,6.32,-0.2,0.0,4.0,3D,2025-08-19 06:46:03-04:00,POINT (-81.011765 34.001528)
2025-08-19 01:12:00 UTC,sensor05,236476602,23.88,93.13,2025-08-19 10:46:08+00:00,34.00152,-81.011405,66.0,7.26,-0.3,0.0,8.0,3D,2025-08-19 06:46:08-04:00,POINT (-81.011405 34.00152)
2025-08-19 01:12:05 UTC,sensor05,236476602,23.88,93.19,2025-08-19 10:46:13+00:00,34.001468,-81.011033,64.7,6.8,-0.1,0.0,8.0,3D,2025-08-19 06:46:13-04:00,POINT (-81.011033 34.001468)
2025-08-19 01:12:10 UTC,sensor05,236476602,23.86,93.3,2025-08-19 10:46:18+00:00,34.001447,-81.010752,64.3,4.48,-0.1,0.0,12.0,3D,2025-08-19 06:46:18-04:00,POINT (-81.010752 34.001447)
2025-08-19 01:12:20 UTC,sensor05,236476602,23.88,93.05,2025-08-19 10:46:28+00:00,34.001413,-81.01045,63.2,2.69,-0.2,88.98,12.0,3D,2025-08-19 06:46:28-04:00,POINT (-81.01045 34.001413)
2025-08-19 01:12:25 UTC,sensor05,236476602,23.89,93.0,2025-08-19 10:46:33+00:00,34.00144,-81.010272,62.7,3.04,0.3,78.95,12.0,3D,2025-08-19 06:46:33-04:00,POINT (-81.010272 34.00144)
2025-08-19 01:12:30 UTC,sensor05,236476602,23.91,92.99,2025-08-19 10:46:38+00:00,34.001438,-81.010047,61.5,4.79,-0.2,94.75,12.0,3D,2025-08-19 06:46:38-04:00,POINT (-81.010047 34.001438)
2025-08-19 01:12:35 UTC,sensor05,236476602,23.91,92.98,2025-08-19 10:46:43+00:00,34.00142,-81.009757,60.8,5.55,0.1,90.68,12.0,3D,2025-08-19 06:46:43-04:00,POINT (-81.009757 34.00142)
2025-08-19 01:12:40 UTC,sensor05,236476602,23.93,92.99,2025-08-19 10:46:48+00:00,34.0014,-81.009482,60.4,4.08,-0.1,94.3,12.0,3D,2025-08-19 06:46:48-04:00,POINT (-81.009482 34.0014)
2025-08-19 01:12:45 UTC,sensor05,236476602,23.9,92.79,2025-08-19 10:46:53+00:00,34.001377,-81.009265,60.1,3.46,0.0,96.53,12.0,3D,2025-08-19 06:46:53-04:00,POINT (-81.009265 34.001377)
2025-08-19 01:13:16 UTC,sensor05,236476602,23.97,92.46,2025-08-19 10:47:23+00:00,34.001398,-81.009183,61.1,3.39,0.1,273.95,12.0,3D,2025-08-19 06:47:23-04:00,POINT (-81.009183 34.001398)
2025-08-19 01:13:21 UTC,sensor05,236476602,23.96,92.63,2025-08-19 10:47:28+00:00,34.001357,-81.009483,61.0,5.13,0.0,269.71,12.0,3D,2025-08-19 06:47:28-04:00,POINT (-81.009483 34.001357)
2025-08-19 01:13:26 UTC,sensor05,236476602,23.93,92.6,2025-08-19 10:47:34+00:00,34.001378,-81.009857,60.4,6.03,-0.1,0.0,12.0,3D,2025-08-19 06:47:34-04:00,POINT (-81.009857 34.001378)
2025-08-19 01:13:31 UTC,sensor05,236476602,23.93,92.58,2025-08-19 10:47:39+00:00,34.00138,-81.010095,59.7,3.85,-0.1,0.0,12.0,3D,2025-08-19 06:47:39-04:00,POINT (-81.010095 34.00138)
2025-08-19 01:13:46 UTC,sensor05,236476602,23.94,92.85,2025-08-19 10:47:54+00:00,34.001678,-81.010358,59.2,5.8,0.0,0.82,11.0,3D,2025-08-19 06:47:54-04:00,POINT (-81.010358 34.001678)
2025-08-19 01:13:51 UTC,sensor05,236476602,23.92,92.75,2025-08-19 10:47:59+00:00,34.002022,-81.01035,58.7,8.14,-0.1,1.17,11.0,3D,2025-08-19 06:47:59-04:00,POINT (-81.01035 34.002022)
2025-08-19 01:13:56 UTC,sensor05,236476602,23.93,92.81,2025-08-19 10:48:04+00:00,34.00241,-81.01032,58.4,8.4,0.0,6.56,11.0,3D,2025-08-19 06:48:04-04:00,POINT (-81.01032 34.00241)
2025-08-19 01:14:01 UTC,sensor05,236476602,23.88,93.0,2025-08-19 10:48:09+00:00,34.00272,-81.010282,57.6,5.13,-0.1,12.28,11.0,3D,2025-08-19 06:48:09-04:00,POINT (-81.010282 34.00272)
2025-08-19 01:14:06 UTC,sensor05,236476602,23.89,93.15,2025-08-19 10:48:14+00:00,34.00287,-81.010223,58.1,2.96,0.2,50.76,11.0,3D,2025-08-19 06:48:14-04:00,POINT (-81.010223 34.00287)
2025-08-19 01:14:11 UTC,sensor05,236476602,23.86,93.3,2025-08-19 10:48:19+00:00,34.002895,-81.009987,58.9,6.95,0.3,90.66,11.0,3D,2025-08-19 06:48:19-04:00,POINT (-81.009987 34.002895)
2025-08-19 01:14:16 UTC,sensor05,236476602,23.86,93.4,2025-08-19 10:48:24+00:00,34.002868,-81.009588,61.6,7.79,0.7,91.91,11.0,3D,2025-08-19 06:48:24-04:00,POINT (-81.009588 34.002868)
2025-08-19 01:14:21 UTC,sensor05,236476602,23.82,93.51,2025-08-19 10:48:29+00:00,34.002848,-81.009152,64.6,7.87,0.6,91.15,11.0,3D,2025-08-19 06:48:29-04:00,POINT (-81.009152 34.002848)
2025-08-19 01:14:26 UTC,sensor05,236476602,23.83,93.34,2025-08-19 10:48:34+00:00,34.00281,-81.008742,67.0,7.1,0.5,94.6,11.0,3D,2025-08-19 06:48:34-04:00,POINT (-81.008742 34.00281)
2025-08-19 01:14:31 UTC,sensor05,236476602,23.85,93.31,2025-08-19 10:48:39+00:00,34.002778,-81.008362,69.7,7.81,0.6,90.18,11.0,3D,2025-08-19 06:48:39-04:00,POINT (-81.008362 34.002778)
2025-08-19 01:14:36 UTC,sensor05,236476602,23.85,93.3,2025-08-19 10:48:44+00:00,34.002752,-81.007927,72.5,8.1,0.5,93.04,11.0,3D,2025-08-19 06:48:44-04:00,POINT (-81.007927 34.002752)
2025-08-19 01:14:41 UTC,sensor05,236476602,23.84,93.16,2025-08-19 10:48:49+00:00,34.002703,-81.007463,75.7,8.69,0.6,96.73,11.0,3D,2025-08-19 06:48:49-04:00,POINT (-81.007463 34.002703)
2025-08-19 01:14:46 UTC,sensor05,236476602,23.87,93.05,2025-08-19 10:48:54+00:00,34.002627,-81.007088,78.9,4.34,0.5,107.08,11.0,3D,2025-08-19 06:48:54-04:00,POINT (-81.007088 34.002627)
2025-08-19 01:14:51 UTC,sensor05,236476602,23.89,93.06,2025-08-19 10:48:59+00:00,34.00256,-81.00688,82.7,5.51,1.4,101.95,11.0,3D,2025-08-19 06:48:59-04:00,POINT (-81.00688 34.00256)
2025-08-19 01:14:56 UTC,sensor05,236476602,23.91,92.91,2025-08-19 10:49:04+00:00,34.002527,-81.006485,86.2,7.83,0.6,94.29,11.0,3D,2025-08-19 06:49:04-04:00,POINT (-81.006485 34.002527)
2025-08-19 01:15:01 UTC,sensor05,236476602,23.94,92.88,2025-08-19 10:49:09+00:00,34.0025,-81.00606,88.8,7.27,0.3,95.12,11.0,3D,2025-08-19 06:49:09-04:00,POINT (-81.00606 34.0025)
2025-08-19 01:15:07 UTC,sensor05,236476602,23.88,92.76,2025-08-19 10:49:11+00:00,34.002492,-81.0059,89.7,7.58,0.5,93.12,11.0,3D,2025-08-19 06:49:11-04:00,POINT (-81.0059 34.002492)
2025-08-19 01:15:12 UTC,sensor05,236476602,23.88,92.7,2025-08-19 10:49:20+00:00,34.002463,-81.005332,94.7,2.52,0.1,0.0,11.0,3D,2025-08-19 06:49:20-04:00,POINT (-81.005332 34.002463)
2025-08-19 01:15:22 UTC,sensor05,236476602,23.87,92.68,2025-08-19 10:49:30+00:00,34.002483,-81.005187,99.7,3.23,0.5,0.0,11.0,3D,2025-08-19 06:49:30-04:00,POINT (-81.005187 34.002483)
2025-08-19 01:15:27 UTC,sensor05,236476602,23.85,92.78,2025-08-19 10:49:35+00:00,34.002675,-81.005102,103.1,4.71,0.6,9.72,11.0,3D,2025-08-19 06:49:35-04:00,POINT (-81.005102 34.002675)
2025-08-19 01:15:32 UTC,sensor05,236476602,23.91,92.8,2025-08-19 10:49:40+00:00,34.002952,-81.005075,106.1,5.65,0.6,6.04,11.0,3D,2025-08-19 06:49:40-04:00,POINT (-81.005075 34.002952)
2025-08-19 01:15:37 UTC,sensor05,236476602,23.93,92.66,2025-08-19 10:49:45+00:00,34.00337,-81.005025,109.0,7.79,0.6,6.05,10.0,3D,2025-08-19 06:49:45-04:00,POINT (-81.005025 34.00337)
2025-08-19 01:15:42 UTC,sensor05,236476602,23.96,92.75,2025-08-19 10:49:50+00:00,34.003707,-81.004968,111.7,6.33,0.5,11.94,11.0,3D,2025-08-19 06:49:50-04:00,POINT (-81.004968 34.003707)
2025-08-19 01:15:57 UTC,sensor05,236476602,24.1,92.35,2025-08-19 10:50:05+00:00,34.003887,-81.00489,111.5,2.27,-0.8,21.1,11.0,3D,2025-08-19 06:50:05-04:00,POINT (-81.00489 34.003887)
2025-08-19 01:16:02 UTC,sensor05,236476602,24.11,92.09,2025-08-19 10:50:10+00:00,34.0039,-81.004785,111.4,4.53,0.2,99.01,11.0,3D,2025-08-19 06:50:10-04:00,POINT (-81.004785 34.0039)
2025-08-19 01:16:07 UTC,sensor05,236476602,24.14,92.09,2025-08-19 10:50:15+00:00,34.003752,-81.00436,108.9,10.31,-0.5,111.24,11.0,3D,2025-08-19 06:50:15-04:00,POINT (-81.00436 34.003752)
2025-08-19 01:16:12 UTC,sensor05,236476602,24.18,91.88,2025-08-19 10:50:20+00:00,34.003518,-81.003747,109.4,12.32,0.0,112.48,11.0,3D,2025-08-19 06:50:20-04:00,POINT (-81.003747 34.003518)
2025-08-19 01:16:17 UTC,sensor05,236476602,24.22,91.6,2025-08-19 10:50:25+00:00,34.003328,-81.003178,111.0,9.87,0.2,112.08,11.0,3D,2025-08-19 06:50:25-04:00,POINT (-81.003178 34.003328)
2025-08-19 01:16:22 UTC,sensor05,236476602,24.12,91.68,2025-08-19 10:50:30+00:00,34.003202,-81.002847,111.4,3.45,0.0,141.2,11.0,3D,2025-08-19 06:50:30-04:00,POINT (-81.002847 34.003202)
2025-08-19 01:16:27 UTC,sensor05,236476602,24.04,91.86,2025-08-19 10:50:35+00:00,34.002955,-81.002865,109.9,6.97,-0.1,187.32,11.0,3D,2025-08-19 06:50:35-04:00,POINT (-81.002865 34.002955)
2025-08-19 01:16:32 UTC,sensor05,236476602,23.94,92.13,2025-08-19 10:50:40+00:00,34.00262,-81.002907,108.8,7.04,-0.6,185.75,11.0,3D,2025-08-19 06:50:40-04:00,POINT (-81.002907 34.00262)
2025-08-19 01:16:37 UTC,sensor05,236476602,23.96,92.27,2025-08-19 10:50:45+00:00,34.00237,-81.002925,108.2,4.94,-0.1,180.24,11.0,3D,2025-08-19 06:50:45-04:00,POINT (-81.002925 34.00237)
2025-08-19 01:16:43 UTC,sensor05,236476602,23.94,92.4,2025-08-19 10:50:50+00:00,34.00209,-81.002958,106.6,7.0,-0.7,185.11,11.0,3D,2025-08-19 06:50:50-04:00,POINT (-81.002958 34.00209)
2025-08-19 01:16:48 UTC,sensor05,236476602,23.97,92.53,2025-08-19 10:50:55+00:00,34.00174,-81.003002,106.6,8.15,0.0,185.73,11.0,3D,2025-08-19 06:50:55-04:00,POINT (-81.003002 34.00174)
2025-08-19 01:16:53 UTC,sensor05,236476602,23.94,92.49,2025-08-19 10:51:01+00:00,34.00131,-81.003047,106.8,7.95,-0.2,0.0,11.0,3D,2025-08-19 06:51:01-04:00,POINT (-81.003047 34.00131)
2025-08-19 01:16:58 UTC,sensor05,236476602,23.88,92.53,2025-08-19 10:51:06+00:00,34.001083,-81.003038,106.6,2.59,0.2,0.0,11.0,3D,2025-08-19 06:51:06-04:00,POINT (-81.003038 34.001083)
2025-08-19 01:17:03 UTC,sensor05,236476602,23.88,92.56,2025-08-19 10:51:11+00:00,34.000957,-81.003073,106.6,3.63,0.2,0.0,11.0,3D,2025-08-19 06:51:11-04:00,POINT (-81.003073 34.000957)
2025-08-19 01:17:08 UTC,sensor05,236476602,23.84,92.66,2025-08-19 10:51:11+00:00,34.000957,-81.003073,106.6,4.21,0.2,182.89,11.0,3D,2025-08-19 06:51:11-04:00,POINT (-81.003073 34.000957)
2025-08-18 17:47:55 UTC,sensor06,236497257,23.98,92.78,2025-08-19 10:01:08+00:00,34.01478,-81.02928,80.6,4.34,0.0,250.13,14.0,3D,2025-08-19 06:01:08-04:00,POINT (-81.02928 34.01478)
2025-08-18 17:48:00 UTC,sensor06,236497257,23.98,92.67,2025-08-19 10:01:13+00:00,34.01472,-81.029515,81.0,5.33,0.2,247.02,14.0,3D,2025-08-19 06:01:13-04:00,POINT (-81.029515 34.01472)
2025-08-18 17:48:05 UTC,sensor06,236497257,23.99,92.54,2025-08-19 10:01:19+00:00,34.014613,-81.029882,82.1,5.4,0.5,0.0,14.0,3D,2025-08-19 06:01:19-04:00,POINT (-81.029882 34.014613)
2025-08-18 17:48:10 UTC,sensor06,236497257,24.0,92.43,2025-08-19 10:01:24+00:00,34.014532,-81.03016,82.4,5.62,-0.1,0.0,4.0,3D,2025-08-19 06:01:24-04:00,POINT (-81.03016 34.014532)
2025-08-18 17:48:15 UTC,sensor06,236497257,24.02,92.41,2025-08-19 10:01:29+00:00,34.014447,-81.03044,83.4,5.62,0.3,0.0,8.0,3D,2025-08-19 06:01:29-04:00,POINT (-81.03044 34.014447)
2025-08-18 17:48:20 UTC,sensor06,236497257,24.01,92.33,2025-08-19 10:01:34+00:00,34.014367,-81.030717,84.6,6.4,0.2,0.0,14.0,3D,2025-08-19 06:01:34-04:00,POINT (-81.030717 34.014367)
2025-08-18 17:48:25 UTC,sensor06,236497257,24.01,92.32,2025-08-19 10:01:39+00:00,34.014268,-81.031032,84.9,5.78,0.1,254.38,14.0,3D,2025-08-19 06:01:39-04:00,POINT (-81.031032 34.014268)
2025-08-18 17:48:30 UTC,sensor06,236497257,24.01,92.25,2025-08-19 10:01:44+00:00,34.01415,-81.031375,85.9,6.02,0.3,244.34,13.0,3D,2025-08-19 06:01:44-04:00,POINT (-81.031375 34.01415)
2025-08-18 17:48:35 UTC,sensor06,236497257,24.03,92.25,2025-08-19 10:01:49+00:00,34.014007,-81.031673,86.9,5.13,0.5,233.89,14.0,3D,2025-08-19 06:01:49-04:00,POINT (-81.031673 34.014007)
2025-08-18 17:48:40 UTC,sensor06,236497257,24.05,92.2,2025-08-19 10:01:54+00:00,34.013797,-81.031813,88.6,4.98,0.3,180.9,14.0,3D,2025-08-19 06:01:54-04:00,POINT (-81.031813 34.013797)
2025-08-18 17:48:45 UTC,sensor06,236497257,24.02,92.17,2025-08-19 10:01:59+00:00,34.01356,-81.03174,89.8,5.44,0.4,154.37,14.0,3D,2025-08-19 06:01:59-04:00,POINT (-81.03174 34.01356)
2025-08-18 17:48:51 UTC,sensor06,236497257,24.04,92.13,2025-08-19 10:02:04+00:00,34.013323,-81.031628,91.5,5.41,0.1,157.78,14.0,3D,2025-08-19 06:02:04-04:00,POINT (-81.031628 34.013323)
2025-08-18 17:48:56 UTC,sensor06,236497257,24.04,92.15,2025-08-19 10:02:09+00:00,34.01308,-81.031512,92.4,5.87,0.1,159.96,14.0,3D,2025-08-19 06:02:09-04:00,POINT (-81.031512 34.01308)
2025-08-18 17:49:01 UTC,sensor06,236497257,24.05,92.12,2025-08-19 10:02:14+00:00,34.012838,-81.031413,92.2,5.66,-0.04,0.0,14.0,3D,2025-08-19 06:02:14-04:00,POINT (-81.031413 34.012838)
2025-08-18 17:49:06 UTC,sensor06,236497257,24.05,92.11,2025-08-19 10:02:20+00:00,34.012583,-81.031312,93.2,5.44,0.6,0.0,14.0,3D,2025-08-19 06:02:20-04:00,POINT (-81.031312 34.012583)
2025-08-18 17:49:11 UTC,sensor06,236497257,24.05,92.12,2025-08-19 10:02:25+00:00,34.012363,-81.0312,93.7,4.71,0.2,160.33,14.0,3D,2025-08-19 06:02:25-04:00,POINT (-81.0312 34.012363)
2025-08-18 17:49:16 UTC,sensor06,236497257,24.01,92.15,2025-08-19 10:02:30+00:00,34.01215,-81.031103,94.4,5.04,-0.1,158.47,14.0,3D,2025-08-19 06:02:30-04:00,POINT (-81.031103 34.01215)
2025-08-18 17:49:21 UTC,sensor06,236497257,24.05,92.16,2025-08-19 10:02:35+00:00,34.011897,-81.030992,95.4,5.81,0.3,163.46,14.0,3D,2025-08-19 06:02:35-04:00,POINT (-81.030992 34.011897)
2025-08-18 17:49:26 UTC,sensor06,236497257,24.05,92.13,2025-08-19 10:02:40+00:00,34.011652,-81.030907,95.4,5.29,0.2,161.31,14.0,3D,2025-08-19 06:02:40-04:00,POINT (-81.030907 34.011652)
2025-08-18 17:49:31 UTC,sensor06,236497257,24.07,92.16,2025-08-19 10:02:45+00:00,34.011437,-81.030817,96.2,4.4,0.3,161.86,14.0,3D,2025-08-19 06:02:45-04:00,POINT (-81.030817 34.011437)
2025-08-18 17:49:36 UTC,sensor06,236497257,24.03,92.16,2025-08-19 10:02:50+00:00,34.011242,-81.03074,97.1,4.82,0.1,155.09,14.0,3D,2025-08-19 06:02:50-04:00,POINT (-81.03074 34.011242)
2025-08-18 17:49:41 UTC,sensor06,236497257,24.05,92.13,2025-08-19 10:02:55+00:00,34.011012,-81.030617,98.0,6.09,0.2,159.11,14.0,3D,2025-08-19 06:02:55-04:00,POINT (-81.030617 34.011012)
2025-08-18 17:49:47 UTC,sensor06,236497257,24.03,92.09,2025-08-19 10:03:00+00:00,34.01078,-81.0305,99.2,5.19,0.2,159.71,14.0,3D,2025-08-19 06:03:00-04:00,POINT (-81.0305 34.01078)
2025-08-18 17:49:52 UTC,sensor06,236497257,24.05,92.2,2025-08-19 10:03:05+00:00,34.010545,-81.030387,101.1,5.61,0.4,160.38,14.0,3D,2025-08-19 06:03:05-04:00,POINT (-81.030387 34.010545)
2025-08-18 17:49:57 UTC,sensor06,236497257,24.03,92.09,2025-08-19 10:03:10+00:00,34.010307,-81.0303,101.6,5.4,0.5,161.07,14.0,3D,2025-08-19 06:03:10-04:00,POINT (-81.0303 34.010307)
2025-08-18 17:50:02 UTC,sensor06,236497257,24.02,92.11,2025-08-19 10:03:16+00:00,34.010027,-81.030193,103.0,5.0,0.1,0.0,14.0,3D,2025-08-19 06:03:16-04:00,POINT (-81.030193 34.010027)
2025-08-18 17:50:07 UTC,sensor06,236497257,24.03,92.14,2025-08-19 10:03:21+00:00,34.009787,-81.030102,103.7,6.23,0.2,164.72,14.0,3D,2025-08-19 06:03:21-04:00,POINT (-81.030102 34.009787)
2025-08-18 17:50:12 UTC,sensor06,236497257,24.02,92.26,2025-08-19 10:03:26+00:00,34.009535,-81.029982,103.8,6.25,0.0,162.17,14.0,3D,2025-08-19 06:03:26-04:00,POINT (-81.029982 34.009535)
2025-08-18 17:50:17 UTC,sensor06,236497257,24.03,92.25,2025-08-19 10:03:31+00:00,34.009283,-81.02988,104.8,5.83,0.0,166.19,14.0,3D,2025-08-19 06:03:31-04:00,POINT (-81.02988 34.009283)
2025-08-18 17:50:22 UTC,sensor06,236497257,24.03,92.22,2025-08-19 10:03:36+00:00,34.009052,-81.029778,106.2,5.47,0.3,159.25,14.0,3D,2025-08-19 06:03:36-04:00,POINT (-81.029778 34.009052)
2025-08-18 17:50:27 UTC,sensor06,236497257,24.02,92.17,2025-08-19 10:03:41+00:00,34.008838,-81.0297,107.3,4.53,0.6,163.32,14.0,3D,2025-08-19 06:03:41-04:00,POINT (-81.0297 34.008838)
2025-08-18 17:50:32 UTC,sensor06,236497257,24.03,92.2,2025-08-19 10:03:46+00:00,34.0087,-81.029623,109.2,2.68,0.2,162.85,14.0,3D,2025-08-19 06:03:46-04:00,POINT (-81.029623 34.0087)
2025-08-18 17:50:37 UTC,sensor06,236497257,24.03,92.22,2025-08-19 10:03:51+00:00,34.008518,-81.029557,111.3,4.95,0.5,159.47,14.0,3D,2025-08-19 06:03:51-04:00,POINT (-81.029557 34.008518)
2025-08-18 17:50:43 UTC,sensor06,236497257,24.01,92.22,2025-08-19 10:03:56+00:00,34.008262,-81.029453,112.9,6.22,0.5,160.26,14.0,3D,2025-08-19 06:03:56-04:00,POINT (-81.029453 34.008262)
2025-08-18 17:50:48 UTC,sensor06,236497257,24.03,92.14,2025-08-19 10:04:01+00:00,34.00801,-81.029322,114.8,5.93,0.3,159.46,14.0,3D,2025-08-19 06:04:01-04:00,POINT (-81.029322 34.00801)
2025-08-18 17:50:53 UTC,sensor06,236497257,24.03,92.08,2025-08-19 10:04:06+00:00,34.007755,-81.02921,116.7,6.21,0.5,161.84,14.0,3D,2025-08-19 06:04:06-04:00,POINT (-81.02921 34.007755)
2025-08-18 17:50:58 UTC,sensor06,236497257,24.05,92.06,2025-08-19 10:04:09+00:00,34.0076,-81.029145,118.3,5.83,0.8,160.7,14.0,3D,2025-08-19 06:04:09-04:00,POINT (-81.029145 34.0076)
2025-08-18 17:51:03 UTC,sensor06,236497257,24.05,92.03,2025-08-19 10:04:14+00:00,34.007397,-81.029048,120.1,3.9,0.0,0.0,14.0,3D,2025-08-19 06:04:14-04:00,POINT (-81.029048 34.007397)
2025-08-18 17:51:08 UTC,sensor06,236497257,24.06,91.98,2025-08-19 10:04:22+00:00,34.007173,-81.029227,121.0,5.05,-0.2,0.0,14.0,3D,2025-08-19 06:04:22-04:00,POINT (-81.029227 34.007173)
2025-08-18 17:51:13 UTC,sensor06,236497257,24.07,91.96,2025-08-19 10:04:27+00:00,34.007067,-81.029508,121.1,5.82,0.1,246.05,14.0,3D,2025-08-19 06:04:27-04:00,POINT (-81.029508 34.007067)
2025-08-18 17:51:18 UTC,sensor06,236497257,24.08,91.96,2025-08-19 10:04:32+00:00,34.006975,-81.029787,122.4,5.54,0.4,250.23,14.0,3D,2025-08-19 06:04:32-04:00,POINT (-81.029787 34.006975)
2025-08-18 17:51:23 UTC,sensor06,236497257,24.08,91.94,2025-08-19 10:04:37+00:00,34.006887,-81.03001,124.7,4.57,0.2,249.71,14.0,3D,2025-08-19 06:04:37-04:00,POINT (-81.03001 34.006887)
2025-08-18 17:51:28 UTC,sensor06,236497257,24.1,91.9,2025-08-19 10:04:42+00:00,34.00684,-81.030237,124.1,3.48,0.0,243.09,14.0,3D,2025-08-19 06:04:42-04:00,POINT (-81.030237 34.00684)
2025-08-18 17:51:43 UTC,sensor06,236497257,24.15,91.87,2025-08-19 10:04:57+00:00,34.006795,-81.030525,121.9,4.53,-0.2,250.71,14.0,3D,2025-08-19 06:04:57-04:00,POINT (-81.030525 34.006795)
2025-08-18 17:51:48 UTC,sensor06,236497257,24.14,91.71,2025-08-19 10:05:02+00:00,34.006697,-81.030803,121.7,6.07,0.0,243.77,14.0,3D,2025-08-19 06:05:02-04:00,POINT (-81.030803 34.006697)
2025-08-18 17:51:54 UTC,sensor06,236497257,24.15,91.66,2025-08-19 10:05:07+00:00,34.00658,-81.031093,119.4,5.88,-0.3,250.83,14.0,3D,2025-08-19 06:05:07-04:00,POINT (-81.031093 34.00658)
2025-08-18 17:51:59 UTC,sensor06,236497257,24.16,91.6,2025-08-19 10:05:12+00:00,34.00648,-81.03139,119.4,5.77,0.2,244.06,14.0,3D,2025-08-19 06:05:12-04:00,POINT (-81.03139 34.00648)
2025-08-18 17:52:04 UTC,sensor06,236497257,24.15,91.61,2025-08-19 10:05:17+00:00,34.006377,-81.03167,119.8,5.82,-0.1,247.47,14.0,3D,2025-08-19 06:05:17-04:00,POINT (-81.03167 34.006377)
2025-08-18 17:52:09 UTC,sensor06,236497257,24.18,91.56,2025-08-19 10:05:23+00:00,34.006233,-81.032062,120.1,4.77,0.3,0.0,14.0,3D,2025-08-19 06:05:23-04:00,POINT (-81.032062 34.006233)
2025-08-18 17:52:14 UTC,sensor06,236497257,24.21,91.59,2025-08-19 10:05:28+00:00,34.00617,-81.032395,120.0,6.79,-0.3,251.17,14.0,3D,2025-08-19 06:05:28-04:00,POINT (-81.032395 34.00617)
2025-08-18 17:52:19 UTC,sensor06,236497257,24.2,91.6,2025-08-19 10:05:33+00:00,34.006063,-81.03276,119.1,6.2,-0.1,246.3,14.0,3D,2025-08-19 06:05:33-04:00,POINT (-81.03276 34.006063)
2025-08-18 17:52:24 UTC,sensor06,236497257,24.22,91.79,2025-08-19 10:05:38+00:00,34.00597,-81.033038,117.7,5.59,-0.2,248.28,13.0,3D,2025-08-19 06:05:38-04:00,POINT (-81.033038 34.00597)
2025-08-18 17:52:29 UTC,sensor06,236497257,24.23,91.55,2025-08-19 10:05:43+00:00,34.005932,-81.033318,114.2,4.74,-0.6,255.18,14.0,3D,2025-08-19 06:05:43-04:00,POINT (-81.033318 34.005932)
2025-08-18 17:52:34 UTC,sensor06,236497257,24.24,91.46,2025-08-19 10:05:48+00:00,34.005912,-81.033487,110.8,2.6,-0.7,255.59,14.0,3D,2025-08-19 06:05:48-04:00,POINT (-81.033487 34.005912)
2025-08-18 17:52:44 UTC,sensor06,236497257,24.25,91.35,2025-08-19 10:05:58+00:00,34.0058,-81.03362,108.2,3.38,0.1,220.69,14.0,3D,2025-08-19 06:05:58-04:00,POINT (-81.03362 34.0058)
2025-08-18 17:52:49 UTC,sensor06,236497257,24.25,91.27,2025-08-19 10:06:03+00:00,34.005592,-81.033667,107.4,5.21,-0.7,167.28,14.0,3D,2025-08-19 06:06:03-04:00,POINT (-81.033667 34.005592)
2025-08-18 17:52:55 UTC,sensor06,236497257,24.27,91.27,2025-08-19 10:06:08+00:00,34.005347,-81.03357,102.6,4.8,-0.5,170.29,14.0,3D,2025-08-19 06:06:08-04:00,POINT (-81.03357 34.005347)
2025-08-18 17:53:00 UTC,sensor06,236497257,24.23,91.22,2025-08-19 10:06:10+00:00,34.005253,-81.033535,101.9,5.43,-0.3,160.68,14.0,3D,2025-08-19 06:06:10-04:00,POINT (-81.033535 34.005253)
2025-08-18 17:53:05 UTC,sensor06,236497257,24.25,91.21,2025-08-19 10:06:17+00:00,34.0049,-81.033362,101.0,6.05,-0.13,0.0,14.0,3D,2025-08-19 06:06:17-04:00,POINT (-81.033362 34.0049)
2025-08-18 17:53:10 UTC,sensor06,236497257,24.28,91.15,2025-08-19 10:06:24+00:00,34.004588,-81.03325,100.4,5.32,-0.1,0.0,14.0,3D,2025-08-19 06:06:24-04:00,POINT (-81.03325 34.004588)
2025-08-18 17:53:15 UTC,sensor06,236497257,24.3,91.06,2025-08-19 10:06:29+00:00,34.004438,-81.033067,100.7,4.8,0.1,0.0,4.0,3D,2025-08-19 06:06:29-04:00,POINT (-81.033067 34.004438)
2025-08-18 17:53:20 UTC,sensor06,236497257,24.29,91.02,2025-08-19 10:06:34+00:00,34.004508,-81.032813,100.7,5.16,-0.2,0.0,8.0,3D,2025-08-19 06:06:34-04:00,POINT (-81.032813 34.004508)
2025-08-18 17:53:25 UTC,sensor06,236497257,24.28,91.12,2025-08-19 10:06:39+00:00,34.004603,-81.03255,100.5,4.91,0.1,0.0,12.0,3D,2025-08-19 06:06:39-04:00,POINT (-81.03255 34.004603)
2025-08-18 17:53:30 UTC,sensor06,236497257,24.3,91.07,2025-08-19 10:06:44+00:00,34.00469,-81.032268,100.3,5.54,-0.2,0.0,14.0,3D,2025-08-19 06:06:44-04:00,POINT (-81.032268 34.00469)
2025-08-18 17:53:35 UTC,sensor06,236497257,24.28,91.07,2025-08-19 10:06:49+00:00,34.004772,-81.03201,101.0,4.22,0.4,70.49,14.0,3D,2025-08-19 06:06:49-04:00,POINT (-81.03201 34.004772)
2025-08-18 17:53:40 UTC,sensor06,236497257,24.29,91.1,2025-08-19 10:06:54+00:00,34.004858,-81.031787,101.4,4.41,0.0,72.88,14.0,3D,2025-08-19 06:06:54-04:00,POINT (-81.031787 34.004858)
2025-08-18 17:53:45 UTC,sensor06,236497257,24.26,90.95,2025-08-19 10:06:59+00:00,34.004933,-81.031538,101.0,5.63,-0.1,72.29,14.0,3D,2025-08-19 06:06:59-04:00,POINT (-81.031538 34.004933)
2025-08-18 17:53:50 UTC,sensor06,236497257,24.26,91.01,2025-08-19 10:07:04+00:00,34.005005,-81.031252,100.1,6.07,0.1,75.89,14.0,3D,2025-08-19 06:07:04-04:00,POINT (-81.031252 34.005005)
2025-08-18 17:53:56 UTC,sensor06,236497257,24.24,91.12,2025-08-19 10:07:09+00:00,34.005075,-81.03096,101.1,5.08,0.1,64.65,14.0,3D,2025-08-19 06:07:09-04:00,POINT (-81.03096 34.005075)
2025-08-18 17:54:01 UTC,sensor06,236497257,24.25,91.13,2025-08-19 10:07:14+00:00,34.005098,-81.030682,101.4,4.87,0.3,68.18,14.0,3D,2025-08-19 06:07:14-04:00,POINT (-81.030682 34.005098)
2025-08-18 17:54:06 UTC,sensor06,236497257,24.25,91.15,2025-08-19 10:07:19+00:00,34.005172,-81.03043,101.3,4.8,-0.1,68.22,14.0,3D,2025-08-19 06:07:19-04:00,POINT (-81.03043 34.005172)
2025-08-18 17:54:11 UTC,sensor06,236497257,24.26,91.18,2025-08-19 10:07:24+00:00,34.005278,-81.030222,100.5,3.59,-0.3,55.21,14.0,3D,2025-08-19 06:07:24-04:00,POINT (-81.030222 34.005278)
2025-08-18 17:54:16 UTC,sensor06,236497257,24.24,91.18,2025-08-19 10:07:30+00:00,34.005363,-81.030005,99.6,3.27,-0.2,0.0,14.0,3D,2025-08-19 06:07:30-04:00,POINT (-81.030005 34.005363)
2025-08-18 17:54:21 UTC,sensor06,236497257,24.28,91.16,2025-08-19 10:07:35+00:00,34.005447,-81.029765,98.3,5.23,0.3,66.72,14.0,3D,2025-08-19 06:07:35-04:00,POINT (-81.029765 34.005447)
2025-08-18 17:54:26 UTC,sensor06,236497257,24.31,91.14,2025-08-19 10:07:40+00:00,34.005535,-81.02949,98.7,5.58,-0.1,70.56,14.0,3D,2025-08-19 06:07:40-04:00,POINT (-81.02949 34.005535)
2025-08-18 17:54:31 UTC,sensor06,236497257,24.3,91.08,2025-08-19 10:07:45+00:00,34.005603,-81.029207,98.1,5.75,-0.3,72.27,14.0,3D,2025-08-19 06:07:45-04:00,POINT (-81.029207 34.005603)
2025-08-18 17:54:36 UTC,sensor06,236497257,24.3,91.11,2025-08-19 10:07:50+00:00,34.005695,-81.028885,96.0,5.44,-0.2,73.6,14.0,3D,2025-08-19 06:07:50-04:00,POINT (-81.028885 34.005695)
2025-08-18 17:54:41 UTC,sensor06,236497257,24.28,91.08,2025-08-19 10:07:55+00:00,34.005777,-81.0286,96.1,5.3,0.0,71.94,14.0,3D,2025-08-19 06:07:55-04:00,POINT (-81.0286 34.005777)
2025-08-18 17:54:46 UTC,sensor06,236497257,24.26,91.12,2025-08-19 10:08:00+00:00,34.005828,-81.028392,96.8,3.43,-0.1,88.64,14.0,3D,2025-08-19 06:08:00-04:00,POINT (-81.028392 34.005828)
2025-08-18 17:54:51 UTC,sensor06,236497257,24.22,91.22,2025-08-19 10:08:05+00:00,34.005632,-81.028227,95.4,6.02,0.2,156.51,14.0,3D,2025-08-19 06:08:05-04:00,POINT (-81.028227 34.005632)
2025-08-18 17:54:56 UTC,sensor06,236497257,24.24,91.29,2025-08-19 10:08:10+00:00,34.005388,-81.02811,95.1,5.43,-0.2,162.25,14.0,3D,2025-08-19 06:08:10-04:00,POINT (-81.02811 34.005388)
2025-08-18 17:55:02 UTC,sensor06,236497257,24.27,91.4,2025-08-19 10:08:11+00:00,34.005343,-81.02809,95.1,5.21,0.0,158.52,14.0,3D,2025-08-19 06:08:11-04:00,POINT (-81.02809 34.005343)
2025-08-18 17:55:07 UTC,sensor06,236497257,24.26,91.29,2025-08-19 10:08:20+00:00,34.00496,-81.027897,95.4,4.88,0.0,156.99,14.0,3D,2025-08-19 06:08:20-04:00,POINT (-81.027897 34.00496)
2025-08-18 17:55:12 UTC,sensor06,236497257,24.25,91.16,2025-08-19 10:08:25+00:00,34.004665,-81.027795,95.0,6.15,0.0,164.32,14.0,3D,2025-08-19 06:08:25-04:00,POINT (-81.027795 34.004665)
2025-08-18 17:55:17 UTC,sensor06,236497257,24.23,91.19,2025-08-19 10:08:31+00:00,34.004335,-81.02768,95.0,6.15,0.0,0.0,14.0,3D,2025-08-19 06:08:31-04:00,POINT (-81.02768 34.004335)
2025-08-18 17:55:22 UTC,sensor06,236497257,24.23,91.25,2025-08-19 10:08:36+00:00,34.004078,-81.02759,95.0,5.76,0.1,0.0,14.0,3D,2025-08-19 06:08:36-04:00,POINT (-81.02759 34.004078)
2025-08-18 17:55:27 UTC,sensor06,236497257,24.2,91.19,2025-08-19 10:08:41+00:00,34.003853,-81.027512,94.3,4.91,-0.1,159.63,14.0,3D,2025-08-19 06:08:41-04:00,POINT (-81.027512 34.003853)
2025-08-18 17:55:32 UTC,sensor06,236497257,24.21,91.18,2025-08-19 10:08:46+00:00,34.003655,-81.027412,94.2,3.86,-0.1,159.26,14.0,3D,2025-08-19 06:08:46-04:00,POINT (-81.027412 34.003655)
2025-08-18 17:55:42 UTC,sensor06,236497257,24.2,91.19,2025-08-19 10:08:56+00:00,34.003383,-81.027277,91.4,4.16,-0.1,164.41,14.0,3D,2025-08-19 06:08:56-04:00,POINT (-81.027277 34.003383)
2025-08-18 17:55:47 UTC,sensor06,236497257,24.2,91.22,2025-08-19 10:09:01+00:00,34.00315,-81.02719,91.2,5.6,0.0,162.13,14.0,3D,2025-08-19 06:09:01-04:00,POINT (-81.02719 34.00315)
2025-08-18 17:55:52 UTC,sensor06,236497257,24.18,91.25,2025-08-19 10:09:06+00:00,34.002898,-81.027083,90.8,5.85,-0.1,163.48,14.0,3D,2025-08-19 06:09:06-04:00,POINT (-81.027083 34.002898)
2025-08-18 17:55:57 UTC,sensor06,236497257,24.19,91.26,2025-08-19 10:09:11+00:00,34.002625,-81.026948,92.2,6.2,0.0,159.98,14.0,3D,2025-08-19 06:09:11-04:00,POINT (-81.026948 34.002625)
2025-08-18 17:56:03 UTC,sensor06,236497257,24.16,91.38,2025-08-19 10:09:16+00:00,34.002318,-81.02683,90.0,6.34,-0.5,163.28,14.0,3D,2025-08-19 06:09:16-04:00,POINT (-81.02683 34.002318)
2025-08-18 17:56:08 UTC,sensor06,236497257,24.16,91.52,2025-08-19 10:09:21+00:00,34.00205,-81.026713,88.3,6.18,-0.1,155.23,14.0,3D,2025-08-19 06:09:21-04:00,POINT (-81.026713 34.00205)
2025-08-18 17:56:13 UTC,sensor06,236497257,24.19,91.54,2025-08-19 10:09:26+00:00,34.00179,-81.026583,86.8,6.21,-0.3,156.49,14.0,3D,2025-08-19 06:09:26-04:00,POINT (-81.026583 34.00179)
2025-08-18 17:56:18 UTC,sensor06,236497257,24.19,91.57,2025-08-19 10:09:32+00:00,34.001437,-81.026418,85.8,8.07,0.2,0.0,14.0,3D,2025-08-19 06:09:32-04:00,POINT (-81.026418 34.001437)
2025-08-18 17:56:23 UTC,sensor06,236497257,24.19,91.5,2025-08-19 10:09:37+00:00,34.001117,-81.026242,85.4,7.5,-0.4,0.0,14.0,3D,2025-08-19 06:09:37-04:00,POINT (-81.026242 34.001117)
2025-08-18 17:56:28 UTC,sensor06,236497257,24.17,91.37,2025-08-19 10:09:42+00:00,34.000857,-81.026077,85.2,5.39,-0.1,152.67,14.0,3D,2025-08-19 06:09:42-04:00,POINT (-81.026077 34.000857)
2025-08-18 17:56:33 UTC,sensor06,236497257,24.16,91.38,2025-08-19 10:09:47+00:00,34.00064,-81.025973,85.4,4.56,-0.1,161.95,14.0,3D,2025-08-19 06:09:47-04:00,POINT (-81.025973 34.00064)
2025-08-18 17:56:38 UTC,sensor06,236497257,24.21,91.46,2025-08-19 10:09:52+00:00,34.000512,-81.025775,86.2,5.29,0.1,95.83,14.0,3D,2025-08-19 06:09:52-04:00,POINT (-81.025775 34.000512)
2025-08-18 17:56:43 UTC,sensor06,236497257,24.17,91.51,2025-08-19 10:09:57+00:00,34.00055,-81.025493,86.3,5.71,-0.2,76.63,14.0,3D,2025-08-19 06:09:57-04:00,POINT (-81.025493 34.00055)
2025-08-18 17:56:48 UTC,sensor06,236497257,24.16,91.52,2025-08-19 10:10:02+00:00,34.000657,-81.025187,85.9,6.22,0.1,71.02,14.0,3D,2025-08-19 06:10:02-04:00,POINT (-81.025187 34.000657)
2025-08-18 17:56:53 UTC,sensor06,236497257,24.16,91.63,2025-08-19 10:10:07+00:00,34.000747,-81.024898,85.8,5.18,0.1,71.99,14.0,3D,2025-08-19 06:10:07-04:00,POINT (-81.024898 34.000747)
2025-08-18 17:56:58 UTC,sensor06,236497257,24.13,91.62,2025-08-19 10:10:12+00:00,34.00083,-81.02463,88.2,4.84,0.6,62.11,14.0,3D,2025-08-19 06:10:12-04:00,POINT (-81.02463 34.00083)
2025-08-18 17:57:03 UTC,sensor06,236497257,24.12,91.6,2025-08-19 10:10:17+00:00,34.000922,-81.02436,88.9,4.66,0.2,64.73,14.0,3D,2025-08-19 06:10:17-04:00,POINT (-81.02436 34.000922)
2025-08-18 17:57:08 UTC,sensor06,236497257,24.12,91.87,2025-08-19 10:10:22+00:00,34.000922,-81.02436,88.9,4.66,0.2,64.73,14.0,3D,2025-08-19 06:10:22-04:00,POINT (-81.02436 34.000922)
2025-08-18 17:57:13 UTC,sensor06,236497257,24.11,91.78,2025-08-19 10:10:27+00:00,34.00113,-81.023792,89.0,5.36,-0.4,60.53,14.0,3D,2025-08-19 06:10:27-04:00,POINT (-81.023792 34.00113)
2025-08-18 17:57:18 UTC,sensor06,236497257,24.08,91.76,2025-08-19 10:10:32+00:00,34.001233,-81.023498,90.2,5.62,0.3,65.62,14.0,3D,2025-08-19 06:10:32-04:00,POINT (-81.023498 34.001233)
2025-08-18 17:57:23 UTC,sensor06,236497257,24.09,91.77,2025-08-19 10:10:37+00:00,34.001297,-81.02321,91.7,4.47,0.2,67.37,14.0,3D,2025-08-19 06:10:37-04:00,POINT (-81.02321 34.001297)
2025-08-18 17:57:28 UTC,sensor06,236497257,24.1,91.86,2025-08-19 10:10:42+00:00,34.001365,-81.022992,92.3,3.77,0.1,64.8,14.0,3D,2025-08-19 06:10:42-04:00,POINT (-81.022992 34.001365)
2025-08-18 17:57:34 UTC,sensor06,236497257,24.06,91.79,2025-08-19 10:10:47+00:00,34.001442,-81.022768,92.9,4.05,0.3,65.39,14.0,3D,2025-08-19 06:10:47-04:00,POINT (-81.022768 34.001442)
2025-08-18 17:57:39 UTC,sensor06,236497257,24.04,91.78,2025-08-19 10:10:52+00:00,34.001518,-81.022525,93.8,5.5,-0.2,67.55,14.0,3D,2025-08-19 06:10:52-04:00,POINT (-81.022525 34.001518)
2025-08-18 17:57:44 UTC,sensor06,236497257,24.0,91.85,2025-08-19 10:10:57+00:00,34.001618,-81.022197,93.9,5.82,0.1,71.04,14.0,3D,2025-08-19 06:10:57-04:00,POINT (-81.022197 34.001618)
2025-08-18 17:57:49 UTC,sensor06,236497257,24.0,91.97,2025-08-19 10:11:02+00:00,34.001702,-81.021943,95.1,4.83,0.2,69.61,14.0,3D,2025-08-19 06:11:02-04:00,POINT (-81.021943 34.001702)
2025-08-18 17:57:54 UTC,sensor06,236497257,24.01,92.15,2025-08-19 10:11:07+00:00,34.001787,-81.021672,95.9,4.77,0.2,68.03,14.0,3D,2025-08-19 06:11:07-04:00,POINT (-81.021672 34.001787)
2025-08-18 17:57:59 UTC,sensor06,236497257,23.99,92.13,2025-08-19 10:11:12+00:00,34.001858,-81.021417,96.8,5.08,0.2,74.69,14.0,3D,2025-08-19 06:11:12-04:00,POINT (-81.021417 34.001858)
2025-08-18 17:58:04 UTC,sensor06,236497257,24.01,92.23,2025-08-19 10:11:18+00:00,34.002013,-81.021193,97.9,4.47,0.2,0.0,14.0,3D,2025-08-19 06:11:18-04:00,POINT (-81.021193 34.002013)
2025-08-18 17:58:09 UTC,sensor06,236497257,24.03,92.3,2025-08-19 10:11:23+00:00,34.002207,-81.021222,98.8,4.3,0.0,0.0,14.0,3D,2025-08-19 06:11:23-04:00,POINT (-81.021222 34.002207)
2025-08-18 17:58:14 UTC,sensor06,236497257,24.02,92.22,2025-08-19 10:11:28+00:00,34.002383,-81.021318,99.4,4.2,0.0,337.18,14.0,3D,2025-08-19 06:11:28-04:00,POINT (-81.021318 34.002383)
2025-08-18 17:58:19 UTC,sensor06,236497257,24.03,92.15,2025-08-19 10:11:33+00:00,34.002572,-81.02142,100.4,4.59,0.2,335.96,14.0,3D,2025-08-19 06:11:33-04:00,POINT (-81.02142 34.002572)
2025-08-18 17:58:24 UTC,sensor06,236497257,24.03,92.05,2025-08-19 10:11:38+00:00,34.002812,-81.0215,101.3,5.35,0.2,339.26,14.0,3D,2025-08-19 06:11:38-04:00,POINT (-81.0215 34.002812)
2025-08-18 17:58:29 UTC,sensor06,236497257,24.0,92.17,2025-08-19 10:11:43+00:00,34.003035,-81.021595,102.0,5.09,0.2,341.7,14.0,3D,2025-08-19 06:11:43-04:00,POINT (-81.021595 34.003035)
2025-08-18 17:58:34 UTC,sensor06,236497257,24.02,92.16,2025-08-19 10:11:48+00:00,34.003243,-81.02168,102.0,4.4,0.1,338.78,14.0,3D,2025-08-19 06:11:48-04:00,POINT (-81.02168 34.003243)
2025-08-18 17:58:39 UTC,sensor06,236497257,24.02,92.11,2025-08-19 10:11:53+00:00,34.003455,-81.021818,100.5,4.62,-0.5,329.07,14.0,3D,2025-08-19 06:11:53-04:00,POINT (-81.021818 34.003455)
2025-08-18 17:58:44 UTC,sensor06,236497257,24.01,92.12,2025-08-19 10:11:58+00:00,34.00373,-81.021935,99.7,6.36,-0.1,338.75,14.0,3D,2025-08-19 06:11:58-04:00,POINT (-81.021935 34.00373)
2025-08-18 17:58:49 UTC,sensor06,236497257,23.99,92.15,2025-08-19 10:12:03+00:00,34.004003,-81.022035,97.6,6.16,-0.2,338.53,14.0,3D,2025-08-19 06:12:03-04:00,POINT (-81.022035 34.004003)
2025-08-18 17:58:54 UTC,sensor06,236497257,24.0,92.3,2025-08-19 10:12:08+00:00,34.004265,-81.022158,96.5,5.94,-0.1,340.76,14.0,3D,2025-08-19 06:12:08-04:00,POINT (-81.022158 34.004265)
2025-08-18 17:58:59 UTC,sensor06,236497257,24.03,92.37,2025-08-19 10:12:12+00:00,34.004435,-81.02222,95.6,3.79,-0.4,345.34,14.0,3D,2025-08-19 06:12:12-04:00,POINT (-81.02222 34.004435)
2025-08-18 17:59:10 UTC,sensor06,236497257,24.03,92.2,2025-08-19 10:12:23+00:00,34.004665,-81.022322,94.9,2.67,0.0,0.8,14.0,3D,2025-08-19 06:12:23-04:00,POINT (-81.022322 34.004665)
2025-08-18 17:59:15 UTC,sensor06,236497257,24.03,92.18,2025-08-19 10:12:28+00:00,34.004807,-81.022372,95.1,4.63,0.1,325.75,14.0,3D,2025-08-19 06:12:28-04:00,POINT (-81.022372 34.004807)
2025-08-18 17:59:20 UTC,sensor06,236497257,24.07,92.2,2025-08-19 10:12:33+00:00,34.005078,-81.022532,93.2,7.49,-0.2,335.5,14.0,3D,2025-08-19 06:12:33-04:00,POINT (-81.022532 34.005078)
2025-08-18 17:59:25 UTC,sensor06,236497257,24.1,92.2,2025-08-19 10:12:38+00:00,34.005462,-81.022693,91.8,9.03,-0.1,343.83,14.0,3D,2025-08-19 06:12:38-04:00,POINT (-81.022693 34.005462)
2025-08-18 17:59:30 UTC,sensor06,236497257,24.11,92.11,2025-08-19 10:12:43+00:00,34.005835,-81.022828,91.5,7.59,0.0,340.63,14.0,3D,2025-08-19 06:12:43-04:00,POINT (-81.022828 34.005835)
2025-08-18 17:59:35 UTC,sensor06,236497257,24.1,92.18,2025-08-19 10:12:49+00:00,34.006212,-81.022977,92.7,7.0,0.0,0.0,14.0,3D,2025-08-19 06:12:49-04:00,POINT (-81.022977 34.006212)
2025-08-18 17:59:40 UTC,sensor06,236497257,24.12,92.19,2025-08-19 10:12:54+00:00,34.006495,-81.023107,93.5,6.47,0.2,0.0,14.0,3D,2025-08-19 06:12:54-04:00,POINT (-81.023107 34.006495)
2025-08-18 17:59:45 UTC,sensor06,236497257,24.09,92.3,2025-08-19 10:12:59+00:00,34.006743,-81.023223,95.0,5.5,0.3,0.0,14.0,3D,2025-08-19 06:12:59-04:00,POINT (-81.023223 34.006743)
2025-08-18 17:59:50 UTC,sensor06,236497257,24.1,92.23,2025-08-19 10:13:04+00:00,34.006992,-81.023327,96.6,4.92,0.1,0.0,4.0,3D,2025-08-19 06:13:04-04:00,POINT (-81.023327 34.006992)
2025-08-18 17:59:55 UTC,sensor06,236497257,24.09,92.17,2025-08-19 10:13:09+00:00,34.007207,-81.02341,98.3,4.87,0.4,0.0,8.0,3D,2025-08-19 06:13:09-04:00,POINT (-81.02341 34.007207)
2025-08-18 18:00:00 UTC,sensor06,236497257,24.09,92.12,2025-08-19 10:13:14+00:00,34.007405,-81.023518,99.1,5.62,-0.1,0.0,12.0,3D,2025-08-19 06:13:14-04:00,POINT (-81.023518 34.007405)
2025-08-18 18:00:05 UTC,sensor06,236497257,24.11,92.18,2025-08-19 10:13:19+00:00,34.007635,-81.023625,98.1,5.27,0.2,0.0,14.0,3D,2025-08-19 06:13:19-04:00,POINT (-81.023625 34.007635)
2025-08-18 18:00:10 UTC,sensor06,236497257,24.09,92.14,2025-08-19 10:13:24+00:00,34.007868,-81.023727,99.1,5.27,0.3,0.0,14.0,3D,2025-08-19 06:13:24-04:00,POINT (-81.023727 34.007868)
2025-08-18 18:00:15 UTC,sensor06,236497257,24.12,92.13,2025-08-19 10:13:29+00:00,34.008082,-81.023832,99.3,4.91,0.1,339.65,14.0,3D,2025-08-19 06:13:29-04:00,POINT (-81.023832 34.008082)
2025-08-18 18:00:20 UTC,sensor06,236497257,24.12,92.03,2025-08-19 10:13:34+00:00,34.00827,-81.023933,100.1,3.98,0.0,332.29,14.0,3D,2025-08-19 06:13:34-04:00,POINT (-81.023933 34.00827)
2025-08-18 18:00:25 UTC,sensor06,236497257,24.15,91.99,2025-08-19 10:13:39+00:00,34.008443,-81.02402,100.4,4.07,-0.2,340.36,14.0,3D,2025-08-19 06:13:39-04:00,POINT (-81.02402 34.008443)
2025-08-18 18:00:30 UTC,sensor06,236497257,24.12,91.88,2025-08-19 10:13:44+00:00,34.008612,-81.024072,98.5,3.48,-0.1,336.2,14.0,3D,2025-08-19 06:13:44-04:00,POINT (-81.024072 34.008612)
2025-08-18 18:00:35 UTC,sensor06,236497257,24.11,91.81,2025-08-19 10:13:49+00:00,34.008783,-81.024133,98.2,4.13,-0.1,347.6,14.0,3D,2025-08-19 06:13:49-04:00,POINT (-81.024133 34.008783)
2025-08-18 18:00:41 UTC,sensor06,236497257,24.13,91.84,2025-08-19 10:13:54+00:00,34.00896,-81.02421,98.0,4.59,-0.1,336.84,14.0,3D,2025-08-19 06:13:54-04:00,POINT (-81.02421 34.00896)
2025-08-18 18:00:46 UTC,sensor06,236497257,24.13,91.86,2025-08-19 10:13:59+00:00,34.009203,-81.024313,98.3,5.43,0.1,335.25,14.0,3D,2025-08-19 06:13:59-04:00,POINT (-81.024313 34.009203)
2025-08-18 18:00:51 UTC,sensor06,236497257,24.13,91.84,2025-08-19 10:14:04+00:00,34.00943,-81.024405,98.1,5.22,-0.1,339.83,14.0,3D,2025-08-19 06:14:04-04:00,POINT (-81.024405 34.00943)
2025-08-18 18:00:56 UTC,sensor06,236497257,24.15,91.84,2025-08-19 10:14:09+00:00,34.009638,-81.024485,98.2,4.35,0.0,344.97,14.0,3D,2025-08-19 06:14:09-04:00,POINT (-81.024485 34.009638)
2025-08-18 18:01:01 UTC,sensor06,236497257,24.14,91.8,2025-08-19 10:14:13+00:00,34.009795,-81.024553,98.9,4.72,0.2,340.71,14.0,3D,2025-08-19 06:14:13-04:00,POINT (-81.024553 34.009795)
2025-08-18 18:01:06 UTC,sensor06,236497257,24.15,91.79,2025-08-19 10:14:19+00:00,34.010012,-81.024653,100.7,4.13,0.1,342.08,14.0,3D,2025-08-19 06:14:19-04:00,POINT (-81.024653 34.010012)
2025-08-18 18:01:11 UTC,sensor06,236497257,24.17,91.8,2025-08-19 10:14:25+00:00,34.01028,-81.024787,99.4,5.61,-0.1,0.0,14.0,3D,2025-08-19 06:14:25-04:00,POINT (-81.024787 34.01028)
2025-08-18 18:01:16 UTC,sensor06,236497257,24.17,91.76,2025-08-19 10:14:30+00:00,34.010533,-81.024883,99.5,5.85,0.1,0.0,13.0,3D,2025-08-19 06:14:30-04:00,POINT (-81.024883 34.010533)
2025-08-18 18:01:21 UTC,sensor06,236497257,24.18,91.75,2025-08-19 10:14:35+00:00,34.010783,-81.024978,100.4,5.85,0.3,0.0,13.0,3D,2025-08-19 06:14:35-04:00,POINT (-81.024978 34.010783)
2025-08-18 18:01:26 UTC,sensor06,236497257,24.16,91.75,2025-08-19 10:14:40+00:00,34.011003,-81.025073,102.4,4.52,0.1,338.03,13.0,3D,2025-08-19 06:14:40-04:00,POINT (-81.025073 34.011003)
2025-08-18 18:01:31 UTC,sensor06,236497257,24.15,91.81,2025-08-19 10:14:45+00:00,34.011165,-81.025158,102.5,3.18,0.0,340.51,13.0,3D,2025-08-19 06:14:45-04:00,POINT (-81.025158 34.011165)
2025-08-18 18:01:36 UTC,sensor06,236497257,24.16,91.85,2025-08-19 10:14:50+00:00,34.011328,-81.025263,103.8,3.64,0.4,316.22,13.0,3D,2025-08-19 06:14:50-04:00,POINT (-81.025263 34.011328)
2025-08-18 18:01:41 UTC,sensor06,236497257,24.17,91.91,2025-08-19 10:14:55+00:00,34.011362,-81.025478,105.4,4.28,0.3,256.78,13.0,3D,2025-08-19 06:14:55-04:00,POINT (-81.025478 34.011362)
2025-08-18 18:01:46 UTC,sensor06,236497257,24.14,91.85,2025-08-19 10:15:00+00:00,34.011272,-81.025773,106.8,5.54,0.3,247.92,13.0,3D,2025-08-19 06:15:00-04:00,POINT (-81.025773 34.011272)
2025-08-18 18:01:51 UTC,sensor06,236497257,24.14,91.86,2025-08-19 10:15:05+00:00,34.011167,-81.026052,109.0,5.74,0.2,256.1,13.0,3D,2025-08-19 06:15:05-04:00,POINT (-81.026052 34.011167)
2025-08-18 18:01:56 UTC,sensor06,236497257,24.15,91.85,2025-08-19 10:15:10+00:00,34.01108,-81.026348,110.1,5.84,0.2,249.4,13.0,3D,2025-08-19 06:15:10-04:00,POINT (-81.026348 34.01108)
2025-08-18 18:02:01 UTC,sensor06,236497257,24.15,91.93,2025-08-19 10:15:15+00:00,34.010987,-81.02664,111.5,5.5,0.2,246.58,13.0,3D,2025-08-19 06:15:15-04:00,POINT (-81.02664 34.010987)
2025-08-18 18:02:06 UTC,sensor06,236497257,24.15,91.96,2025-08-19 10:15:20+00:00,34.010972,-81.026863,111.6,3.45,-0.1,287.62,13.0,3D,2025-08-19 06:15:20-04:00,POINT (-81.026863 34.010972)
2025-08-18 18:02:11 UTC,sensor06,236497257,24.12,91.96,2025-08-19 10:15:25+00:00,34.011193,-81.026993,111.3,5.31,0.1,337.3,13.0,3D,2025-08-19 06:15:25-04:00,POINT (-81.026993 34.011193)
2025-08-18 18:02:16 UTC,sensor06,236497257,24.12,91.93,2025-08-19 10:15:30+00:00,34.011453,-81.02713,110.9,5.68,-0.1,334.74,13.0,3D,2025-08-19 06:15:30-04:00,POINT (-81.02713 34.011453)
2025-08-18 18:02:21 UTC,sensor06,236497257,24.12,91.92,2025-08-19 10:15:35+00:00,34.011697,-81.02725,110.1,4.83,-0.1,337.46,13.0,3D,2025-08-19 06:15:35-04:00,POINT (-81.02725 34.011697)
2025-08-18 18:02:27 UTC,sensor06,236497257,24.1,91.88,2025-08-19 10:15:40+00:00,34.011922,-81.027357,109.6,5.06,-0.2,334.03,13.0,3D,2025-08-19 06:15:40-04:00,POINT (-81.027357 34.011922)
2025-08-18 18:02:32 UTC,sensor06,236497257,24.11,91.95,2025-08-19 10:15:45+00:00,34.012133,-81.027452,107.9,3.92,-0.6,351.23,13.0,3D,2025-08-19 06:15:45-04:00,POINT (-81.027452 34.012133)
2025-08-18 18:02:37 UTC,sensor06,236497257,24.12,92.01,2025-08-19 10:15:50+00:00,34.012277,-81.02723,106.1,6.15,0.0,69.56,13.0,3D,2025-08-19 06:15:50-04:00,POINT (-81.02723 34.012277)
2025-08-18 18:02:42 UTC,sensor06,236497257,24.17,91.92,2025-08-19 10:15:55+00:00,34.012395,-81.02688,105.0,6.2,-0.8,65.46,13.0,3D,2025-08-19 06:15:55-04:00,POINT (-81.02688 34.012395)
2025-08-18 18:02:47 UTC,sensor06,236497257,24.21,91.83,2025-08-19 10:16:00+00:00,34.01251,-81.026537,104.4,6.35,-0.2,65.11,13.0,3D,2025-08-19 06:16:00-04:00,POINT (-81.026537 34.01251)
2025-08-18 18:02:52 UTC,sensor06,236497257,24.2,91.73,2025-08-19 10:16:05+00:00,34.012607,-81.026223,104.8,5.58,-0.1,68.48,13.0,3D,2025-08-19 06:16:05-04:00,POINT (-81.026223 34.012607)
2025-08-18 18:02:57 UTC,sensor06,236497257,24.25,91.68,2025-08-19 10:16:11+00:00,34.012773,-81.025948,103.8,4.84,-0.2,0.0,13.0,3D,2025-08-19 06:16:11-04:00,POINT (-81.025948 34.012773)
2025-08-18 18:03:02 UTC,sensor06,236497257,24.23,91.7,2025-08-19 10:16:13+00:00,34.012865,-81.025942,103.3,5.23,-0.3,356.54,13.0,3D,2025-08-19 06:16:13-04:00,POINT (-81.025942 34.012865)
2025-08-18 18:03:07 UTC,sensor06,236497257,24.21,91.72,2025-08-19 10:16:21+00:00,34.013267,-81.026093,101.1,5.72,-0.1,0.0,13.0,3D,2025-08-19 06:16:21-04:00,POINT (-81.026093 34.013267)
2025-08-18 18:03:12 UTC,sensor06,236497257,24.17,91.62,2025-08-19 10:16:26+00:00,34.013523,-81.026217,100.0,6.01,-0.2,0.0,13.0,3D,2025-08-19 06:16:26-04:00,POINT (-81.026217 34.013523)
2025-08-18 18:03:17 UTC,sensor06,236497257,24.17,91.77,2025-08-19 10:16:31+00:00,34.013798,-81.026345,98.8,6.54,-0.1,343.72,13.0,3D,2025-08-19 06:16:31-04:00,POINT (-81.026345 34.013798)
2025-08-18 18:03:22 UTC,sensor06,236497257,24.17,91.81,2025-08-19 10:16:36+00:00,34.014047,-81.02647,95.3,5.37,-0.8,331.06,13.0,3D,2025-08-19 06:16:36-04:00,POINT (-81.02647 34.014047)
2025-08-18 18:03:27 UTC,sensor06,236497257,24.2,91.89,2025-08-19 10:16:41+00:00,34.014343,-81.026602,91.2,7.09,-0.6,333.02,13.0,3D,2025-08-19 06:16:41-04:00,POINT (-81.026602 34.014343)
2025-08-18 18:03:32 UTC,sensor06,236497257,24.21,91.83,2025-08-19 10:16:46+00:00,34.014675,-81.026757,87.6,7.9,-0.3,337.14,13.0,3D,2025-08-19 06:16:46-04:00,POINT (-81.026757 34.014675)
2025-08-18 18:03:37 UTC,sensor06,236497257,24.22,91.81,2025-08-19 10:16:51+00:00,34.014993,-81.026878,84.9,7.93,-0.4,347.18,13.0,3D,2025-08-19 06:16:51-04:00,POINT (-81.026878 34.014993)
2025-08-18 18:03:42 UTC,sensor06,236497257,24.24,91.76,2025-08-19 10:16:56+00:00,34.015268,-81.026993,79.6,5.2,-0.6,335.78,13.0,3D,2025-08-19 06:16:56-04:00,POINT (-81.026993 34.015268)
2025-08-18 18:03:47 UTC,sensor06,236497257,24.23,91.56,2025-08-19 10:17:01+00:00,34.015418,-81.027077,77.4,4.59,-0.4,345.36,13.0,3D,2025-08-19 06:17:01-04:00,POINT (-81.027077 34.015418)
2025-08-18 18:03:52 UTC,sensor06,236497257,24.21,91.69,2025-08-19 10:17:06+00:00,34.015632,-81.027157,76.3,6.25,-0.1,346.4,13.0,3D,2025-08-19 06:17:06-04:00,POINT (-81.027157 34.015632)
2025-08-18 18:03:57 UTC,sensor06,236497257,24.2,91.81,2025-08-19 10:17:11+00:00,34.015892,-81.027272,73.2,6.66,-1.4,340.14,13.0,3D,2025-08-19 06:17:11-04:00,POINT (-81.027272 34.015892)
2025-08-18 18:04:02 UTC,sensor06,236497257,24.2,91.7,2025-08-19 10:17:16+00:00,34.016158,-81.027382,73.2,6.18,0.0,341.21,13.0,3D,2025-08-19 06:17:16-04:00,POINT (-81.027382 34.016158)
2025-08-18 18:04:07 UTC,sensor06,236497257,24.2,91.75,2025-08-19 10:17:21+00:00,34.016405,-81.027487,73.6,6.11,0.0,340.76,13.0,3D,2025-08-19 06:17:21-04:00,POINT (-81.027487 34.016405)
2025-08-18 18:04:12 UTC,sensor06,236497257,24.19,91.71,2025-08-19 10:17:26+00:00,34.016667,-81.027585,74.1,6.34,0.2,342.47,13.0,3D,2025-08-19 06:17:26-04:00,POINT (-81.027585 34.016667)
2025-08-18 18:04:17 UTC,sensor06,236497257,24.21,91.71,2025-08-19 10:17:31+00:00,34.016935,-81.027677,73.7,5.85,-0.1,347.62,13.0,3D,2025-08-19 06:17:31-04:00,POINT (-81.027677 34.016935)
2025-08-18 18:04:23 UTC,sensor06,236497257,24.18,91.82,2025-08-19 10:17:36+00:00,34.017182,-81.027688,73.3,5.4,-0.2,1.3,13.0,3D,2025-08-19 06:17:36-04:00,POINT (-81.027688 34.017182)
2025-08-18 18:04:28 UTC,sensor06,236497257,24.17,91.95,2025-08-19 10:17:41+00:00,34.017465,-81.027682,72.9,6.83,0.0,359.89,13.0,3D,2025-08-19 06:17:41-04:00,POINT (-81.027682 34.017465)
2025-08-18 18:04:33 UTC,sensor06,236497257,24.16,92.12,2025-08-19 10:17:46+00:00,34.01776,-81.027728,72.8,6.61,0.0,344.53,13.0,3D,2025-08-19 06:17:46-04:00,POINT (-81.027728 34.01776)
2025-08-18 18:04:38 UTC,sensor06,236497257,24.17,92.19,2025-08-19 10:17:51+00:00,34.01796,-81.027898,73.2,5.3,0.1,295.52,13.0,3D,2025-08-19 06:17:51-04:00,POINT (-81.027898 34.01796)
2025-08-18 18:04:43 UTC,sensor06,236497257,24.18,92.29,2025-08-19 10:17:56+00:00,34.017935,-81.028202,74.0,6.11,0.2,257.36,13.0,3D,2025-08-19 06:17:56-04:00,POINT (-81.028202 34.017935)
2025-08-18 18:04:48 UTC,sensor06,236497257,24.16,92.13,2025-08-19 10:18:01+00:00,34.017837,-81.028532,73.7,6.19,0.1,250.75,13.0,3D,2025-08-19 06:18:01-04:00,POINT (-81.028532 34.017837)
2025-08-18 18:04:53 UTC,sensor06,236497257,24.14,92.13,2025-08-19 10:18:07+00:00,34.017715,-81.028908,74.1,6.11,0.1,0.0,13.0,3D,2025-08-19 06:18:07-04:00,POINT (-81.028908 34.017715)
2025-08-18 18:04:58 UTC,sensor06,236497257,24.11,92.19,2025-08-19 10:18:12+00:00,34.017627,-81.029198,75.3,5.76,0.3,0.0,13.0,3D,2025-08-19 06:18:12-04:00,POINT (-81.029198 34.017627)
2025-08-18 18:05:03 UTC,sensor06,236497257,24.12,92.25,2025-08-19 10:18:14+00:00,34.017595,-81.029313,76.1,5.71,0.4,250.41,13.0,3D,2025-08-19 06:18:14-04:00,POINT (-81.029313 34.017595)
2025-08-18 18:05:08 UTC,sensor06,236497257,24.12,92.41,2025-08-19 10:18:14+00:00,34.017595,-81.029313,76.1,5.71,0.4,250.41,13.0,3D,2025-08-19 06:18:14-04:00,POINT (-81.029313 34.017595)
2025-08-18 18:05:13 UTC,sensor06,236497257,24.12,92.46,2025-08-19 10:18:27+00:00,34.017252,-81.029738,83.1,3.81,0.3,194.8,13.0,3D,2025-08-19 06:18:27-04:00,POINT (-81.029738 34.017252)
2025-08-18 18:05:18 UTC,sensor06,236497257,24.15,92.32,2025-08-19 10:18:32+00:00,34.01716,-81.029925,83.9,4.95,0.1,253.23,13.0,3D,2025-08-19 06:18:32-04:00,POINT (-81.029925 34.01716)
2025-08-18 18:05:23 UTC,sensor06,236497257,24.13,92.2,2025-08-19 10:18:37+00:00,34.017102,-81.030207,84.9,5.68,0.2,248.33,13.0,3D,2025-08-19 06:18:37-04:00,POINT (-81.030207 34.017102)
2025-08-18 18:05:28 UTC,sensor06,236497257,24.14,92.05,2025-08-19 10:18:42+00:00,34.017032,-81.030475,85.5,5.16,0.0,250.97,13.0,3D,2025-08-19 06:18:42-04:00,POINT (-81.030475 34.017032)
2025-08-18 18:05:33 UTC,sensor06,236497257,24.12,91.97,2025-08-19 10:18:47+00:00,34.01695,-81.030748,86.2,4.93,0.2,252.27,13.0,3D,2025-08-19 06:18:47-04:00,POINT (-81.030748 34.01695)
2025-08-18 18:05:38 UTC,sensor06,236497257,24.12,91.86,2025-08-19 10:18:52+00:00,34.016867,-81.031033,87.2,5.7,0.3,247.61,13.0,3D,2025-08-19 06:18:52-04:00,POINT (-81.031033 34.016867)
2025-08-18 18:05:43 UTC,sensor06,236497257,24.13,91.9,2025-08-19 10:18:57+00:00,34.016768,-81.031313,89.1,4.73,0.5,246.98,13.0,3D,2025-08-19 06:18:57-04:00,POINT (-81.031313 34.016768)
2025-08-18 18:05:48 UTC,sensor06,236497257,24.16,91.91,2025-08-19 10:19:02+00:00,34.016705,-81.031587,89.9,5.23,0.0,254.21,13.0,3D,2025-08-19 06:19:02-04:00,POINT (-81.031587 34.016705)
2025-08-18 18:05:53 UTC,sensor06,236497257,24.16,91.81,2025-08-19 10:19:07+00:00,34.01661,-81.031795,90.6,5.07,0.3,241.93,13.0,3D,2025-08-19 06:19:07-04:00,POINT (-81.031795 34.01661)
2025-08-18 18:05:58 UTC,sensor06,236497257,24.17,91.75,2025-08-19 10:19:12+00:00,34.016542,-81.032053,91.3,5.35,0.2,251.05,13.0,3D,2025-08-19 06:19:12-04:00,POINT (-81.032053 34.016542)
2025-08-18 18:06:03 UTC,sensor06,236497257,24.18,91.71,2025-08-19 10:19:17+00:00,34.016475,-81.032328,91.7,4.52,0.1,252.51,13.0,3D,2025-08-19 06:19:17-04:00,POINT (-81.032328 34.016475)
2025-08-18 18:06:08 UTC,sensor06,236497257,24.15,91.72,2025-08-19 10:19:22+00:00,34.016403,-81.032592,91.5,5.05,-0.1,245.21,13.0,3D,2025-08-19 06:19:22-04:00,POINT (-81.032592 34.016403)
2025-08-18 18:06:13 UTC,sensor06,236497257,24.17,91.7,2025-08-19 10:19:27+00:00,34.016403,-81.032837,90.1,4.51,-0.4,299.29,13.0,3D,2025-08-19 06:19:27-04:00,POINT (-81.032837 34.016403)
2025-08-18 18:06:19 UTC,sensor06,236497257,24.18,91.67,2025-08-19 10:19:32+00:00,34.016607,-81.032965,89.6,5.51,-0.1,340.16,13.0,3D,2025-08-19 06:19:32-04:00,POINT (-81.032965 34.016607)
2025-08-18 18:06:24 UTC,sensor06,236497257,24.21,91.68,2025-08-19 10:19:37+00:00,34.016847,-81.033085,90.1,5.11,0.3,341.16,13.0,3D,2025-08-19 06:19:37-04:00,POINT (-81.033085 34.016847)
2025-08-18 18:06:29 UTC,sensor06,236497257,24.21,91.71,2025-08-19 10:19:42+00:00,34.017093,-81.033158,91.9,5.67,0.2,344.82,13.0,3D,2025-08-19 06:19:42-04:00,POINT (-81.033158 34.017093)
2025-08-18 18:06:34 UTC,sensor06,236497257,24.24,91.54,2025-08-19 10:19:47+00:00,34.017317,-81.033223,93.9,4.36,0.7,342.42,13.0,3D,2025-08-19 06:19:47-04:00,POINT (-81.033223 34.017317)
2025-08-18 18:06:39 UTC,sensor06,236497257,24.25,91.48,2025-08-19 10:19:52+00:00,34.01741,-81.03349,93.8,4.85,0.5,295.88,13.0,3D,2025-08-19 06:19:52-04:00,POINT (-81.03349 34.01741)
2025-08-18 18:06:44 UTC,sensor06,236497257,24.25,91.54,2025-08-19 10:19:57+00:00,34.017365,-81.03376,95.7,5.79,0.4,255.03,13.0,3D,2025-08-19 06:19:57-04:00,POINT (-81.03376 34.017365)
2025-08-18 18:06:49 UTC,sensor06,236497257,24.27,91.51,2025-08-19 10:20:03+00:00,34.017245,-81.034118,97.0,4.7,0.2,0.0,13.0,3D,2025-08-19 06:20:03-04:00,POINT (-81.034118 34.017245)
2025-08-18 18:06:54 UTC,sensor06,236497257,24.33,91.54,2025-08-19 10:20:08+00:00,34.01731,-81.034395,96.4,10.67,-0.9,0.0,13.0,3D,2025-08-19 06:20:08-04:00,POINT (-81.034395 34.01731)
2025-08-18 18:06:59 UTC,sensor06,236497257,24.31,91.43,2025-08-19 10:20:13+00:00,34.017535,-81.034475,96.3,6.01,-0.1,0.0,13.0,3D,2025-08-19 06:20:13-04:00,POINT (-81.034475 34.017535)
2025-08-18 18:07:04 UTC,sensor06,236497257,24.32,91.36,2025-08-19 10:20:15+00:00,34.017638,-81.03452,96.2,5.96,-0.1,339.28,13.0,3D,2025-08-19 06:20:15-04:00,POINT (-81.03452 34.017638)
2025-08-18 18:07:09 UTC,sensor06,236497257,24.33,91.39,2025-08-19 10:20:20+00:00,34.017895,-81.034635,95.9,5.26,-0.1,333.57,13.0,3D,2025-08-19 06:20:20-04:00,POINT (-81.034635 34.017895)
2025-08-18 18:07:14 UTC,sensor06,236497257,24.29,91.22,2025-08-19 10:20:28+00:00,34.018193,-81.03472,94.0,3.73,-0.2,37.33,13.0,3D,2025-08-19 06:20:28-04:00,POINT (-81.03472 34.018193)
2025-08-18 18:07:19 UTC,sensor06,236497257,24.3,91.25,2025-08-19 10:20:33+00:00,34.018327,-81.034453,92.9,6.5,0.0,70.0,13.0,3D,2025-08-19 06:20:33-04:00,POINT (-81.034453 34.018327)
2025-08-18 18:07:24 UTC,sensor06,236497257,24.3,91.28,2025-08-19 10:20:38+00:00,34.018448,-81.034127,91.7,4.99,-0.1,70.01,13.0,3D,2025-08-19 06:20:38-04:00,POINT (-81.034127 34.018448)
2025-08-18 18:07:29 UTC,sensor06,236497257,24.28,91.35,2025-08-19 10:20:43+00:00,34.018513,-81.03388,92.1,4.63,0.1,72.2,13.0,3D,2025-08-19 06:20:43-04:00,POINT (-81.03388 34.018513)
2025-08-18 18:07:34 UTC,sensor06,236497257,24.34,91.42,2025-08-19 10:20:48+00:00,34.018593,-81.033598,91.1,5.55,-0.4,69.65,13.0,3D,2025-08-19 06:20:48-04:00,POINT (-81.033598 34.018593)
2025-08-18 18:07:39 UTC,sensor06,236497257,24.34,91.29,2025-08-19 10:20:53+00:00,34.018687,-81.033263,89.0,5.93,-0.2,69.37,13.0,3D,2025-08-19 06:20:53-04:00,POINT (-81.033263 34.018687)
2025-08-18 18:07:44 UTC,sensor06,236497257,24.33,91.24,2025-08-19 10:20:58+00:00,34.018783,-81.032972,88.2,5.51,-0.2,67.7,13.0,3D,2025-08-19 06:20:58-04:00,POINT (-81.032972 34.018783)
2025-08-18 18:07:49 UTC,sensor06,236497257,24.33,91.24,2025-08-19 10:21:03+00:00,34.018833,-81.032698,86.8,5.33,-0.2,70.85,13.0,3D,2025-08-19 06:21:03-04:00,POINT (-81.032698 34.018833)
2025-08-18 18:07:54 UTC,sensor06,236497257,24.3,91.31,2025-08-19 10:21:08+00:00,34.018908,-81.032412,86.3,5.94,-0.3,71.91,13.0,3D,2025-08-19 06:21:08-04:00,POINT (-81.032412 34.018908)
2025-08-18 18:07:59 UTC,sensor06,236497257,24.33,91.51,2025-08-19 10:21:13+00:00,34.018997,-81.032075,84.9,6.68,-0.4,69.3,13.0,3D,2025-08-19 06:21:13-04:00,POINT (-81.032075 34.018997)
2025-08-18 18:08:04 UTC,sensor06,236497257,24.29,91.39,2025-08-19 10:21:18+00:00,34.019083,-81.031718,83.6,6.38,-0.4,76.18,13.0,3D,2025-08-19 06:21:18-04:00,POINT (-81.031718 34.019083)
2025-08-18 18:08:09 UTC,sensor06,236497257,24.26,91.41,2025-08-19 10:21:23+00:00,34.019177,-81.031385,82.3,6.25,-0.4,64.83,13.0,3D,2025-08-19 06:21:23-04:00,POINT (-81.031385 34.019177)
2025-08-18 18:08:14 UTC,sensor06,236497257,24.3,91.47,2025-08-19 10:21:28+00:00,34.019258,-81.031065,80.6,6.58,-0.2,69.79,13.0,3D,2025-08-19 06:21:28-04:00,POINT (-81.031065 34.019258)
2025-08-18 18:08:20 UTC,sensor06,236497257,24.28,91.44,2025-08-19 10:21:33+00:00,34.019352,-81.030728,79.1,6.39,-0.2,69.86,13.0,3D,2025-08-19 06:21:33-04:00,POINT (-81.030728 34.019352)
2025-08-18 18:08:25 UTC,sensor06,236497257,24.3,91.45,2025-08-19 10:21:38+00:00,34.019453,-81.030408,78.0,5.79,-0.2,73.1,13.0,3D,2025-08-19 06:21:38-04:00,POINT (-81.030408 34.019453)
2025-08-18 18:08:30 UTC,sensor06,236497257,24.31,91.38,2025-08-19 10:21:43+00:00,34.019557,-81.030122,77.8,5.67,-0.2,68.39,13.0,3D,2025-08-19 06:21:43-04:00,POINT (-81.030122 34.019557)
2025-08-18 18:08:35 UTC,sensor06,236497257,24.31,91.37,2025-08-19 10:21:48+00:00,34.019647,-81.029807,77.1,6.26,-0.2,73.02,13.0,3D,2025-08-19 06:21:48-04:00,POINT (-81.029807 34.019647)
2025-08-18 18:08:40 UTC,sensor06,236497257,24.3,91.39,2025-08-19 10:21:53+00:00,34.019738,-81.029502,75.2,5.66,-0.5,69.23,13.0,3D,2025-08-19 06:21:53-04:00,POINT (-81.029502 34.019738)
2025-08-18 18:08:45 UTC,sensor06,236497257,24.3,91.43,2025-08-19 10:21:58+00:00,34.019818,-81.029232,73.7,5.14,-0.5,56.45,13.0,3D,2025-08-19 06:21:58-04:00,POINT (-81.029232 34.019818)
2025-08-18 18:08:50 UTC,sensor06,236497257,24.29,91.46,2025-08-19 10:22:04+00:00,34.020095,-81.0292,71.4,7.08,-0.5,0.0,13.0,3D,2025-08-19 06:22:04-04:00,POINT (-81.0292 34.020095)
2025-08-18 18:08:55 UTC,sensor06,236497257,24.25,91.58,2025-08-19 10:22:09+00:00,34.020345,-81.029348,69.7,5.97,-0.3,0.0,13.0,3D,2025-08-19 06:22:09-04:00,POINT (-81.029348 34.020345)
2025-08-18 18:09:00 UTC,sensor06,236497257,24.29,91.56,2025-08-19 10:22:14+00:00,34.02057,-81.029435,68.0,4.25,-0.8,0.0,13.0,3D,2025-08-19 06:22:14-04:00,POINT (-81.029435 34.02057)
2025-08-18 18:09:05 UTC,sensor06,236497257,24.29,91.63,2025-08-19 10:22:15+00:00,34.020625,-81.029445,67.8,6.64,-0.2,352.45,13.0,3D,2025-08-19 06:22:15-04:00,POINT (-81.029445 34.020625)
2025-08-18 18:09:10 UTC,sensor06,236497257,24.28,91.79,2025-08-19 10:22:21+00:00,34.020965,-81.029548,65.1,6.15,-0.4,345.35,14.0,3D,2025-08-19 06:22:21-04:00,POINT (-81.029548 34.020965)
2025-08-18 18:09:15 UTC,sensor06,236497257,24.3,91.81,2025-08-19 10:22:29+00:00,34.021438,-81.02976,65.6,7.21,0.0,0.0,8.0,3D,2025-08-19 06:22:29-04:00,POINT (-81.02976 34.021438)
2025-08-18 18:09:20 UTC,sensor06,236497257,24.25,91.67,2025-08-19 10:22:34+00:00,34.02167,-81.029997,66.1,6.63,0.4,0.0,13.0,3D,2025-08-19 06:22:34-04:00,POINT (-81.029997 34.02167)
2025-08-18 18:09:25 UTC,sensor06,236497257,24.25,91.78,2025-08-19 10:22:36+00:00,34.021742,-81.030105,66.3,6.51,0.1,306.33,13.0,3D,2025-08-19 06:22:36-04:00,POINT (-81.030105 34.021742)
2025-08-18 18:09:30 UTC,sensor06,236497257,24.24,91.88,2025-08-19 10:22:44+00:00,34.022035,-81.030523,66.0,5.61,0.0,307.35,13.0,3D,2025-08-19 06:22:44-04:00,POINT (-81.030523 34.022035)
2025-08-18 18:09:35 UTC,sensor06,236497257,24.25,91.76,2025-08-19 10:22:49+00:00,34.02221,-81.030772,66.7,5.42,0.3,308.31,13.0,3D,2025-08-19 06:22:49-04:00,POINT (-81.030772 34.02221)
2025-08-18 18:09:40 UTC,sensor06,236497257,24.23,91.92,2025-08-19 10:22:54+00:00,34.022385,-81.030998,66.2,4.88,0.0,313.3,13.0,3D,2025-08-19 06:22:54-04:00,POINT (-81.030998 34.022385)
2025-08-18 18:09:45 UTC,sensor06,236497257,24.24,91.91,2025-08-19 10:22:59+00:00,34.0225,-81.031178,66.4,3.75,0.0,310.35,13.0,3D,2025-08-19 06:22:59-04:00,POINT (-81.031178 34.0225)
2025-08-18 18:09:50 UTC,sensor06,236497257,24.23,91.9,2025-08-19 10:23:04+00:00,34.022538,-81.031372,66.0,4.41,-0.1,258.76,13.0,3D,2025-08-19 06:23:04-04:00,POINT (-81.031372 34.022538)
2025-08-18 18:09:55 UTC,sensor06,236497257,24.23,91.81,2025-08-19 10:23:09+00:00,34.022377,-81.031637,65.9,7.18,0.0,227.09,13.0,3D,2025-08-19 06:23:09-04:00,POINT (-81.031637 34.022377)
2025-08-18 18:10:00 UTC,sensor06,236497257,24.26,91.8,2025-08-19 10:23:14+00:00,34.022167,-81.031918,65.6,7.37,0.0,227.97,13.0,3D,2025-08-19 06:23:14-04:00,POINT (-81.031918 34.022167)
2025-08-18 18:10:06 UTC,sensor06,236497257,24.25,91.67,2025-08-19 10:23:19+00:00,34.021957,-81.032203,66.2,6.71,0.4,227.61,13.0,3D,2025-08-19 06:23:19-04:00,POINT (-81.032203 34.021957)
2025-08-18 18:10:11 UTC,sensor06,236497257,24.29,91.64,2025-08-19 10:23:24+00:00,34.021748,-81.032493,68.4,7.66,0.4,226.54,13.0,3D,2025-08-19 06:23:24-04:00,POINT (-81.032493 34.021748)
2025-08-18 18:10:16 UTC,sensor06,236497257,24.28,91.62,2025-08-19 10:23:29+00:00,34.021528,-81.032785,70.6,7.32,0.3,228.08,13.0,3D,2025-08-19 06:23:29-04:00,POINT (-81.032785 34.021528)
2025-08-18 18:10:21 UTC,sensor06,236497257,24.28,91.55,2025-08-19 10:23:34+00:00,34.02132,-81.03308,72.2,7.3,0.3,232.52,13.0,3D,2025-08-19 06:23:34-04:00,POINT (-81.03308 34.02132)
2025-08-18 18:10:26 UTC,sensor06,236497257,24.28,91.44,2025-08-19 10:23:39+00:00,34.021103,-81.033358,75.5,6.81,0.7,228.76,13.0,3D,2025-08-19 06:23:39-04:00,POINT (-81.033358 34.021103)
2025-08-18 18:10:31 UTC,sensor06,236497257,24.27,91.45,2025-08-19 10:23:44+00:00,34.020882,-81.033632,79.5,6.82,1.4,231.25,13.0,3D,2025-08-19 06:23:44-04:00,POINT (-81.033632 34.020882)
2025-08-18 18:10:36 UTC,sensor06,236497257,24.27,91.46,2025-08-19 10:23:50+00:00,34.020625,-81.03399,81.6,7.1,0.4,0.0,13.0,3D,2025-08-19 06:23:50-04:00,POINT (-81.03399 34.020625)
2025-08-18 18:10:41 UTC,sensor06,236497257,24.24,91.49,2025-08-19 10:23:55+00:00,34.020402,-81.034298,82.5,8.04,0.3,0.0,13.0,3D,2025-08-19 06:23:55-04:00,POINT (-81.034298 34.020402)
2025-08-18 18:10:46 UTC,sensor06,236497257,24.27,91.59,2025-08-19 10:24:00+00:00,34.020203,-81.034572,83.6,6.62,0.0,0.0,13.0,3D,2025-08-19 06:24:00-04:00,POINT (-81.034572 34.020203)
2025-08-18 18:10:51 UTC,sensor06,236497257,24.31,91.7,2025-08-19 10:24:05+00:00,34.02002,-81.034835,84.2,6.68,0.2,235.19,13.0,3D,2025-08-19 06:24:05-04:00,POINT (-81.034835 34.02002)
2025-08-18 18:10:56 UTC,sensor06,236497257,24.28,91.61,2025-08-19 10:24:10+00:00,34.019843,-81.035108,83.5,6.08,-0.3,231.2,13.0,3D,2025-08-19 06:24:10-04:00,POINT (-81.035108 34.019843)
2025-08-18 18:11:01 UTC,sensor06,236497257,24.24,91.63,2025-08-19 10:24:15+00:00,34.019668,-81.035368,81.2,5.45,-0.2,236.13,13.0,3D,2025-08-19 06:24:15-04:00,POINT (-81.035368 34.019668)
2025-08-18 18:11:06 UTC,sensor06,236497257,24.25,91.6,2025-08-19 10:24:16+00:00,34.019642,-81.035423,81.6,5.59,0.4,232.55,13.0,3D,2025-08-19 06:24:16-04:00,POINT (-81.035423 34.019642)
2025-08-18 18:11:11 UTC,sensor06,236497257,24.24,91.59,2025-08-19 10:24:25+00:00,34.019393,-81.035802,82.3,4.02,0.1,229.15,13.0,3D,2025-08-19 06:24:25-04:00,POINT (-81.035802 34.019393)
2025-08-18 18:11:46 UTC,sensor06,236497257,24.28,91.74,2025-08-19 10:25:00+00:00,34.01914,-81.036097,84.1,5.75,-0.1,196.57,13.0,3D,2025-08-19 06:25:00-04:00,POINT (-81.036097 34.01914)
2025-08-18 18:11:52 UTC,sensor06,236497257,24.34,91.61,2025-08-19 10:25:05+00:00,34.018812,-81.03604,83.7,8.48,-0.2,162.01,13.0,3D,2025-08-19 06:25:05-04:00,POINT (-81.03604 34.018812)
2025-08-18 18:11:57 UTC,sensor06,236497257,24.35,91.47,2025-08-19 10:25:10+00:00,34.018398,-81.035865,84.1,9.98,0.1,159.23,13.0,3D,2025-08-19 06:25:10-04:00,POINT (-81.035865 34.018398)
2025-08-18 18:12:02 UTC,sensor06,236497257,24.39,91.32,2025-08-19 10:25:15+00:00,34.01796,-81.035672,84.0,10.14,0.0,159.16,13.0,3D,2025-08-19 06:25:15-04:00,POINT (-81.035672 34.01796)
2025-08-18 18:12:07 UTC,sensor06,236497257,24.4,91.21,2025-08-19 10:25:20+00:00,34.017532,-81.035495,84.7,9.54,0.2,160.41,13.0,3D,2025-08-19 06:25:20-04:00,POINT (-81.035495 34.017532)
2025-08-18 18:12:12 UTC,sensor06,236497257,24.38,91.1,2025-08-19 10:25:25+00:00,34.017158,-81.035323,85.3,8.88,0.2,158.9,13.0,3D,2025-08-19 06:25:25-04:00,POINT (-81.035323 34.017158)
2025-08-18 18:12:17 UTC,sensor06,236497257,24.41,91.09,2025-08-19 10:25:31+00:00,34.01679,-81.03517,85.7,6.29,-0.1,0.0,13.0,3D,2025-08-19 06:25:31-04:00,POINT (-81.03517 34.01679)
2025-08-18 18:12:22 UTC,sensor06,236497257,24.44,91.07,2025-08-19 10:25:36+00:00,34.016577,-81.035105,85.7,3.9,-0.1,0.0,13.0,3D,2025-08-19 06:25:36-04:00,POINT (-81.035105 34.016577)
2025-08-18 18:12:27 UTC,sensor06,236497257,24.45,91.04,2025-08-19 10:25:41+00:00,34.016402,-81.035023,85.9,4.45,0.0,160.99,13.0,3D,2025-08-19 06:25:41-04:00,POINT (-81.035023 34.016402)
2025-08-18 18:12:32 UTC,sensor06,236497257,24.47,91.06,2025-08-19 10:25:46+00:00,34.016233,-81.034948,86.4,3.6,0.1,156.39,13.0,3D,2025-08-19 06:25:46-04:00,POINT (-81.034948 34.016233)
2025-08-18 18:12:42 UTC,sensor06,236497257,24.47,91.09,2025-08-19 10:25:56+00:00,34.016067,-81.034872,87.7,3.52,0.0,155.14,13.0,3D,2025-08-19 06:25:56-04:00,POINT (-81.034872 34.016067)
2025-08-18 18:12:47 UTC,sensor06,236497257,24.49,91.06,2025-08-19 10:26:01+00:00,34.015935,-81.034798,88.6,3.0,0.1,163.15,13.0,3D,2025-08-19 06:26:01-04:00,POINT (-81.034798 34.015935)
2025-08-18 18:12:52 UTC,sensor06,236497257,24.51,91.03,2025-08-19 10:26:06+00:00,34.015805,-81.034717,88.4,3.23,-0.1,161.74,13.0,3D,2025-08-19 06:26:06-04:00,POINT (-81.034717 34.015805)
2025-08-18 18:12:57 UTC,sensor06,236497257,24.5,91.14,2025-08-19 10:26:11+00:00,34.015693,-81.034647,88.6,2.68,0.2,166.67,13.0,3D,2025-08-19 06:26:11-04:00,POINT (-81.034647 34.015693)
2025-08-18 18:13:02 UTC,sensor06,236497257,24.47,90.89,2025-08-19 10:26:16+00:00,34.015592,-81.034635,89.2,2.83,0.0,168.02,13.0,3D,2025-08-19 06:26:16-04:00,POINT (-81.034635 34.015592)
2025-08-18 18:13:07 UTC,sensor06,236497257,24.47,90.73,2025-08-19 10:26:21+00:00,34.015478,-81.03457,89.4,3.07,0.3,156.48,13.0,3D,2025-08-19 06:26:21-04:00,POINT (-81.03457 34.015478)
2025-08-18 18:13:12 UTC,sensor06,236497257,24.49,90.71,2025-08-19 10:26:21+00:00,34.015478,-81.03457,89.4,3.07,0.3,156.48,13.0,3D,2025-08-19 06:26:21-04:00,POINT (-81.03457 34.015478)
2025-08-18 18:13:18 UTC,sensor06,236497257,24.5,90.58,2025-08-19 10:26:31+00:00,34.01519,-81.034445,89.9,3.52,0.0,158.87,13.0,3D,2025-08-19 06:26:31-04:00,POINT (-81.034445 34.01519)
2025-08-18 18:13:23 UTC,sensor06,236497257,24.47,90.48,2025-08-19 10:26:36+00:00,34.015052,-81.034397,90.2,2.56,0.0,173.69,13.0,3D,2025-08-19 06:26:36-04:00,POINT (-81.034397 34.015052)
2025-08-18 18:14:59 UTC,sensor06,236497257,24.48,90.56,2025-08-19 10:28:12+00:00,34.014902,-81.034365,91.0,2.41,0.0,157.79,13.0,3D,2025-08-19 06:28:12-04:00,POINT (-81.034365 34.014902)
2025-08-18 18:15:04 UTC,sensor06,236497257,24.46,90.48,2025-08-19 10:28:16+00:00,34.014778,-81.034312,90.7,4.55,-0.1,158.69,13.0,3D,2025-08-19 06:28:16-04:00,POINT (-81.034312 34.014778)
2025-08-18 18:15:09 UTC,sensor06,236497257,24.46,90.45,2025-08-19 10:28:22+00:00,34.014575,-81.03418,91.2,4.37,0.2,136.28,13.0,3D,2025-08-19 06:28:22-04:00,POINT (-81.03418 34.014575)
2025-08-18 18:15:14 UTC,sensor06,236497257,24.47,90.63,2025-08-19 10:28:22+00:00,34.014575,-81.03418,91.2,4.37,0.2,136.28,13.0,3D,2025-08-19 06:28:22-04:00,POINT (-81.03418 34.014575)
2025-08-18 18:15:19 UTC,sensor06,236497257,24.49,90.61,2025-08-19 10:28:33+00:00,34.014212,-81.033968,94.8,4.24,0.3,0.0,13.0,3D,2025-08-19 06:28:33-04:00,POINT (-81.033968 34.014212)
2025-08-18 18:15:24 UTC,sensor06,236497257,24.46,90.47,2025-08-19 10:28:38+00:00,34.01407,-81.033923,95.4,2.75,-0.1,159.42,13.0,3D,2025-08-19 06:28:38-04:00,POINT (-81.033923 34.01407)
2025-08-18 18:15:29 UTC,sensor06,236497257,24.4,90.57,2025-08-19 10:28:43+00:00,34.013913,-81.033842,95.1,4.51,-0.2,156.91,13.0,3D,2025-08-19 06:28:43-04:00,POINT (-81.033842 34.013913)
2025-08-18 18:15:34 UTC,sensor06,236497257,24.43,90.65,2025-08-19 10:28:48+00:00,34.013725,-81.033788,94.5,3.57,-0.3,165.81,13.0,3D,2025-08-19 06:28:48-04:00,POINT (-81.033788 34.013725)
2025-08-18 18:15:39 UTC,sensor06,236497257,24.46,90.6,2025-08-19 10:28:53+00:00,34.01352,-81.033748,96.7,3.67,-0.2,176.5,13.0,3D,2025-08-19 06:28:53-04:00,POINT (-81.033748 34.01352)
2025-08-18 18:15:44 UTC,sensor06,236497257,24.45,90.59,2025-08-19 10:28:58+00:00,34.013383,-81.033667,97.1,3.84,0.4,121.48,13.0,3D,2025-08-19 06:28:58-04:00,POINT (-81.033667 34.013383)
2025-08-18 18:15:49 UTC,sensor06,236497257,24.51,90.53,2025-08-19 10:29:03+00:00,34.013393,-81.033397,96.6,6.26,0.0,70.79,13.0,3D,2025-08-19 06:29:03-04:00,POINT (-81.033397 34.013393)
2025-08-18 18:15:54 UTC,sensor06,236497257,24.43,90.53,2025-08-19 10:29:08+00:00,34.013502,-81.033045,95.5,6.61,-0.5,65.02,13.0,3D,2025-08-19 06:29:08-04:00,POINT (-81.033045 34.013502)
2025-08-18 18:15:59 UTC,sensor06,236497257,24.45,90.59,2025-08-19 10:29:13+00:00,34.013603,-81.0327,96.1,6.62,0.2,74.84,13.0,3D,2025-08-19 06:29:13-04:00,POINT (-81.0327 34.013603)
2025-08-18 18:16:04 UTC,sensor06,236497257,24.43,90.64,2025-08-19 10:29:18+00:00,34.013723,-81.032318,95.6,7.75,-0.1,69.81,13.0,3D,2025-08-19 06:29:18-04:00,POINT (-81.032318 34.013723)
2025-08-18 18:16:09 UTC,sensor06,236497257,24.4,90.57,2025-08-19 10:29:23+00:00,34.013858,-81.03193,95.0,7.72,-0.1,67.04,13.0,3D,2025-08-19 06:29:23-04:00,POINT (-81.03193 34.013858)
2025-08-18 18:16:14 UTC,sensor06,236497257,24.38,90.71,2025-08-19 10:29:28+00:00,34.013987,-81.031563,94.5,7.59,-0.3,71.46,13.0,3D,2025-08-19 06:29:28-04:00,POINT (-81.031563 34.013987)
2025-08-18 18:16:20 UTC,sensor06,236497257,24.34,90.84,2025-08-19 10:29:33+00:00,34.014105,-81.031162,93.2,8.06,-0.3,68.17,13.0,3D,2025-08-19 06:29:33-04:00,POINT (-81.031162 34.014105)
2025-08-18 18:16:25 UTC,sensor06,236497257,24.35,90.98,2025-08-19 10:29:38+00:00,34.014232,-81.030782,92.7,6.85,-0.3,67.91,13.0,3D,2025-08-19 06:29:38-04:00,POINT (-81.030782 34.014232)
2025-08-18 18:16:30 UTC,sensor06,236497257,24.34,91.03,2025-08-19 10:29:43+00:00,34.01434,-81.030405,92.7,7.94,0.0,74.01,13.0,3D,2025-08-19 06:29:43-04:00,POINT (-81.030405 34.01434)
2025-08-18 18:16:35 UTC,sensor06,236497257,24.3,91.06,2025-08-19 10:29:48+00:00,34.01445,-81.030032,92.1,6.8,-0.2,69.87,13.0,3D,2025-08-19 06:29:48-04:00,POINT (-81.030032 34.01445)
2025-08-18 18:16:40 UTC,sensor06,236497257,24.31,91.1,2025-08-19 10:29:53+00:00,34.014545,-81.029707,91.6,5.7,-0.2,73.66,13.0,3D,2025-08-19 06:29:53-04:00,POINT (-81.029707 34.014545)
2025-08-18 18:16:45 UTC,sensor06,236497257,24.3,91.21,2025-08-19 10:29:59+00:00,34.014673,-81.0293,90.6,6.54,-0.2,0.0,13.0,3D,2025-08-19 06:29:59-04:00,POINT (-81.0293 34.014673)
2025-08-18 18:16:50 UTC,sensor06,236497257,24.29,91.31,2025-08-19 10:30:04+00:00,34.014788,-81.028998,90.5,5.83,-0.1,0.0,13.0,3D,2025-08-19 06:30:04-04:00,POINT (-81.028998 34.014788)
2025-08-18 18:16:55 UTC,sensor06,236497257,24.3,91.4,2025-08-19 10:30:09+00:00,34.014793,-81.028733,91.7,5.16,0.2,0.0,13.0,3D,2025-08-19 06:30:09-04:00,POINT (-81.028733 34.014793)
2025-08-18 18:17:00 UTC,sensor06,236497257,24.27,91.27,2025-08-19 10:30:14+00:00,34.014538,-81.028617,89.3,6.41,0.1,0.0,4.0,3D,2025-08-19 06:30:14-04:00,POINT (-81.028617 34.014538)
2025-08-18 18:17:05 UTC,sensor06,236497257,24.28,91.19,2025-08-19 10:30:19+00:00,34.014247,-81.028477,90.1,7.0,0.2,0.0,8.0,3D,2025-08-19 06:30:19-04:00,POINT (-81.028477 34.014247)
2025-08-18 18:17:10 UTC,sensor06,236497257,24.27,91.19,2025-08-19 10:30:24+00:00,34.013957,-81.028347,90.9,6.3,0.2,0.0,13.0,3D,2025-08-19 06:30:24-04:00,POINT (-81.028347 34.013957)
2025-08-18 18:17:15 UTC,sensor06,236497257,24.28,91.24,2025-08-19 10:30:29+00:00,34.013675,-81.028228,92.5,7.1,0.1,162.8,13.0,3D,2025-08-19 06:30:29-04:00,POINT (-81.028228 34.013675)
2025-08-18 18:17:20 UTC,sensor06,236497257,24.26,91.23,2025-08-19 10:30:34+00:00,34.013383,-81.0281,92.3,6.81,0.0,157.92,13.0,3D,2025-08-19 06:30:34-04:00,POINT (-81.0281 34.013383)
2025-08-18 18:17:25 UTC,sensor06,236497257,24.25,91.25,2025-08-19 10:30:39+00:00,34.013113,-81.027977,91.8,6.4,-0.1,162.63,13.0,3D,2025-08-19 06:30:39-04:00,POINT (-81.027977 34.013113)
2025-08-18 18:17:30 UTC,sensor06,236497257,24.27,91.24,2025-08-19 10:30:44+00:00,34.012845,-81.027845,91.7,6.18,0.0,156.09,13.0,3D,2025-08-19 06:30:44-04:00,POINT (-81.027845 34.012845)
2025-08-18 18:17:35 UTC,sensor06,236497257,24.28,91.27,2025-08-19 10:30:49+00:00,34.012622,-81.02774,91.3,4.76,0.0,162.37,13.0,3D,2025-08-19 06:30:49-04:00,POINT (-81.02774 34.012622)
2025-08-18 18:17:40 UTC,sensor06,236497257,24.3,91.22,2025-08-19 10:30:54+00:00,34.012427,-81.027663,92.3,4.3,0.5,151.74,13.0,3D,2025-08-19 06:30:54-04:00,POINT (-81.027663 34.012427)
2025-08-18 18:17:51 UTC,sensor06,236497257,24.3,91.31,2025-08-19 10:31:04+00:00,34.01218,-81.027565,95.4,3.74,0.2,155.29,13.0,3D,2025-08-19 06:31:04-04:00,POINT (-81.027565 34.01218)
2025-08-18 18:17:56 UTC,sensor06,236497257,24.26,91.24,2025-08-19 10:31:09+00:00,34.011973,-81.027467,96.0,5.37,0.0,166.58,13.0,3D,2025-08-19 06:31:09-04:00,POINT (-81.027467 34.011973)
2025-08-18 18:18:01 UTC,sensor06,236497257,24.25,91.3,2025-08-19 10:31:14+00:00,34.011708,-81.027347,95.4,6.89,0.0,158.14,13.0,3D,2025-08-19 06:31:14-04:00,POINT (-81.027347 34.011708)
2025-08-18 18:18:06 UTC,sensor06,236497257,24.23,91.35,2025-08-19 10:31:19+00:00,34.011442,-81.027223,95.1,6.2,0.0,155.96,13.0,3D,2025-08-19 06:31:19-04:00,POINT (-81.027223 34.011442)
2025-08-18 18:18:11 UTC,sensor06,236497257,24.26,91.38,2025-08-19 10:31:25+00:00,34.011183,-81.027077,96.3,4.57,0.5,0.0,13.0,3D,2025-08-19 06:31:25-04:00,POINT (-81.027077 34.011183)
2025-08-18 18:18:16 UTC,sensor06,236497257,24.26,91.44,2025-08-19 10:31:30+00:00,34.011025,-81.02701,96.7,3.44,0.0,0.0,13.0,3D,2025-08-19 06:31:30-04:00,POINT (-81.02701 34.011025)
2025-08-18 18:18:21 UTC,sensor06,236497257,24.29,91.45,2025-08-19 10:31:35+00:00,34.010922,-81.02682,97.3,5.16,0.1,0.0,13.0,3D,2025-08-19 06:31:35-04:00,POINT (-81.02682 34.010922)
2025-08-18 18:18:26 UTC,sensor06,236497257,24.26,91.33,2025-08-19 10:31:40+00:00,34.010983,-81.02648,96.0,5.95,-0.3,68.82,13.0,3D,2025-08-19 06:31:40-04:00,POINT (-81.02648 34.010983)
2025-08-18 18:18:31 UTC,sensor06,236497257,24.25,91.39,2025-08-19 10:31:45+00:00,34.011078,-81.026172,95.8,5.97,0.1,69.85,13.0,3D,2025-08-19 06:31:45-04:00,POINT (-81.026172 34.011078)
2025-08-18 18:18:36 UTC,sensor06,236497257,24.24,91.4,2025-08-19 10:31:50+00:00,34.011177,-81.025838,96.8,6.08,0.1,71.21,13.0,3D,2025-08-19 06:31:50-04:00,POINT (-81.025838 34.011177)
2025-08-18 18:18:41 UTC,sensor06,236497257,24.19,91.35,2025-08-19 10:31:55+00:00,34.011265,-81.02554,96.7,5.13,-0.3,73.33,13.0,3D,2025-08-19 06:31:55-04:00,POINT (-81.02554 34.011265)
2025-08-18 18:18:46 UTC,sensor06,236497257,24.17,91.47,2025-08-19 10:32:00+00:00,34.011205,-81.0253,96.6,5.31,0.0,140.59,13.0,3D,2025-08-19 06:32:00-04:00,POINT (-81.0253 34.011205)
2025-08-18 18:18:51 UTC,sensor06,236497257,24.17,91.56,2025-08-19 10:32:05+00:00,34.010922,-81.025185,95.4,7.23,0.0,156.88,13.0,3D,2025-08-19 06:32:05-04:00,POINT (-81.025185 34.010922)
2025-08-18 18:18:56 UTC,sensor06,236497257,24.19,91.63,2025-08-19 10:32:10+00:00,34.010627,-81.025045,95.3,6.66,0.3,161.01,13.0,3D,2025-08-19 06:32:10-04:00,POINT (-81.025045 34.010627)
2025-08-18 18:19:01 UTC,sensor06,236497257,24.26,91.58,2025-08-19 10:32:15+00:00,34.010357,-81.024925,95.9,6.27,0.2,155.7,13.0,3D,2025-08-19 06:32:15-04:00,POINT (-81.024925 34.010357)
2025-08-18 18:19:06 UTC,sensor06,236497257,24.24,91.47,2025-08-19 10:32:17+00:00,34.010253,-81.024875,96.0,5.9,0.0,156.37,13.0,3D,2025-08-19 06:32:17-04:00,POINT (-81.024875 34.010253)
2025-08-18 18:19:12 UTC,sensor06,236497257,24.24,91.49,2025-08-19 10:32:25+00:00,34.009885,-81.024692,97.4,6.77,0.17,161.81,13.0,3D,2025-08-19 06:32:25-04:00,POINT (-81.024692 34.009885)
2025-08-18 18:19:17 UTC,sensor06,236497257,24.23,91.42,2025-08-19 10:32:30+00:00,34.009605,-81.024567,95.6,6.27,0.1,156.87,13.0,3D,2025-08-19 06:32:30-04:00,POINT (-81.024567 34.009605)
2025-08-18 18:19:22 UTC,sensor06,236497257,24.22,91.44,2025-08-19 10:32:35+00:00,34.009367,-81.024462,94.6,5.43,-0.5,164.33,13.0,3D,2025-08-19 06:32:35-04:00,POINT (-81.024462 34.009367)
2025-08-18 18:19:27 UTC,sensor06,236497257,24.24,91.44,2025-08-19 10:32:40+00:00,34.00914,-81.024362,93.6,5.62,-0.3,155.05,13.0,3D,2025-08-19 06:32:40-04:00,POINT (-81.024362 34.00914)
2025-08-18 18:19:32 UTC,sensor06,236497257,24.21,91.36,2025-08-19 10:32:45+00:00,34.008935,-81.024272,92.1,4.02,-0.2,164.21,13.0,3D,2025-08-19 06:32:45-04:00,POINT (-81.024272 34.008935)
2025-08-18 18:19:37 UTC,sensor06,236497257,24.23,91.42,2025-08-19 10:32:50+00:00,34.00879,-81.02419,90.6,3.42,-0.3,166.22,13.0,3D,2025-08-19 06:32:50-04:00,POINT (-81.02419 34.00879)
2025-08-18 18:19:42 UTC,sensor06,236497257,24.23,91.5,2025-08-19 10:32:56+00:00,34.00852,-81.024055,89.2,6.58,-0.2,0.0,13.0,3D,2025-08-19 06:32:56-04:00,POINT (-81.024055 34.00852)
2025-08-18 18:19:47 UTC,sensor06,236497257,24.27,91.57,2025-08-19 10:33:01+00:00,34.008233,-81.023897,88.7,6.92,0.1,0.0,13.0,3D,2025-08-19 06:33:01-04:00,POINT (-81.023897 34.008233)
2025-08-18 18:19:52 UTC,sensor06,236497257,24.26,91.52,2025-08-19 10:33:06+00:00,34.00793,-81.023788,88.9,7.05,0.1,161.43,13.0,3D,2025-08-19 06:33:06-04:00,POINT (-81.023788 34.00793)
2025-08-18 18:19:57 UTC,sensor06,236497257,24.25,91.52,2025-08-19 10:33:11+00:00,34.007623,-81.023668,89.8,7.09,0.2,163.06,13.0,3D,2025-08-19 06:33:11-04:00,POINT (-81.023668 34.007623)
2025-08-18 18:20:02 UTC,sensor06,236497257,24.23,91.62,2025-08-19 10:33:16+00:00,34.007343,-81.023542,89.2,6.9,-0.3,157.48,13.0,3D,2025-08-19 06:33:16-04:00,POINT (-81.023542 34.007343)
2025-08-18 18:20:07 UTC,sensor06,236497257,24.23,91.77,2025-08-19 10:33:21+00:00,34.007018,-81.023383,88.4,7.95,-0.1,157.64,13.0,3D,2025-08-19 06:33:21-04:00,POINT (-81.023383 34.007018)
2025-08-18 18:20:12 UTC,sensor06,236497257,24.24,92.01,2025-08-19 10:33:26+00:00,34.00663,-81.02321,87.9,9.4,0.0,158.45,13.0,3D,2025-08-19 06:33:26-04:00,POINT (-81.02321 34.00663)
2025-08-18 18:20:17 UTC,sensor06,236497257,24.26,91.91,2025-08-19 10:33:31+00:00,34.006202,-81.023035,87.3,10.35,0.0,160.06,13.0,3D,2025-08-19 06:33:31-04:00,POINT (-81.023035 34.006202)
2025-08-18 18:20:22 UTC,sensor06,236497257,24.24,91.76,2025-08-19 10:33:36+00:00,34.005777,-81.022842,87.1,9.32,-0.1,158.34,13.0,3D,2025-08-19 06:33:36-04:00,POINT (-81.022842 34.005777)
2025-08-18 18:20:27 UTC,sensor06,236497257,24.27,91.69,2025-08-19 10:33:41+00:00,34.005405,-81.022663,86.8,7.29,-0.4,160.31,13.0,3D,2025-08-19 06:33:41-04:00,POINT (-81.022663 34.005405)
2025-08-18 18:20:32 UTC,sensor06,236497257,24.25,91.7,2025-08-19 10:33:46+00:00,34.005132,-81.022577,85.8,5.32,0.4,166.22,13.0,3D,2025-08-19 06:33:46-04:00,POINT (-81.022577 34.005132)
2025-08-18 18:20:37 UTC,sensor06,236497257,24.27,91.64,2025-08-19 10:33:51+00:00,34.004953,-81.0225,86.0,3.24,0.0,161.66,13.0,3D,2025-08-19 06:33:51-04:00,POINT (-81.0225 34.004953)
2025-08-18 18:20:58 UTC,sensor06,236497257,24.3,91.53,2025-08-19 10:34:11+00:00,34.004753,-81.0224,86.9,3.54,0.0,163.44,13.0,3D,2025-08-19 06:34:11-04:00,POINT (-81.0224 34.004753)
2025-08-18 18:21:03 UTC,sensor06,236497257,24.3,91.52,2025-08-19 10:34:16+00:00,34.004585,-81.022322,87.2,3.53,0.0,156.49,13.0,3D,2025-08-19 06:34:16-04:00,POINT (-81.022322 34.004585)
2025-08-18 18:21:08 UTC,sensor06,236497257,24.27,91.52,2025-08-19 10:34:17+00:00,34.004557,-81.022308,87.5,3.51,0.3,162.45,13.0,3D,2025-08-19 06:34:17-04:00,POINT (-81.022308 34.004557)
2025-08-18 18:21:13 UTC,sensor06,236497257,24.25,91.52,2025-08-19 10:34:27+00:00,34.004192,-81.022148,89.1,4.12,0.3,0.0,13.0,3D,2025-08-19 06:34:27-04:00,POINT (-81.022148 34.004192)
2025-08-18 18:21:18 UTC,sensor06,236497257,24.2,91.52,2025-08-19 10:34:32+00:00,34.004027,-81.022058,92.8,4.12,0.4,0.0,13.0,3D,2025-08-19 06:34:32-04:00,POINT (-81.022058 34.004027)
2025-08-18 18:21:23 UTC,sensor06,236497257,24.19,91.61,2025-08-19 10:34:37+00:00,34.003857,-81.02201,95.5,3.53,0.4,163.22,13.0,3D,2025-08-19 06:34:37-04:00,POINT (-81.02201 34.003857)
2025-08-18 18:21:28 UTC,sensor06,236497257,24.16,91.65,2025-08-19 10:34:42+00:00,34.00371,-81.021962,97.2,3.14,0.4,158.89,13.0,3D,2025-08-19 06:34:42-04:00,POINT (-81.021962 34.00371)
2025-08-18 18:21:33 UTC,sensor06,236497257,24.13,91.8,2025-08-19 10:34:47+00:00,34.003558,-81.021923,99.2,3.38,0.5,169.28,13.0,3D,2025-08-19 06:34:47-04:00,POINT (-81.021923 34.003558)
2025-08-18 18:21:38 UTC,sensor06,236497257,24.15,91.83,2025-08-19 10:34:52+00:00,34.003403,-81.021877,101.1,3.7,0.3,173.23,13.0,3D,2025-08-19 06:34:52-04:00,POINT (-81.021877 34.003403)
2025-08-18 18:21:43 UTC,sensor06,236497257,24.14,91.84,2025-08-19 10:34:57+00:00,34.003232,-81.021797,102.1,3.35,0.0,156.22,13.0,3D,2025-08-19 06:34:57-04:00,POINT (-81.021797 34.003232)
2025-08-18 18:21:48 UTC,sensor06,236497257,24.15,91.87,2025-08-19 10:35:02+00:00,34.003058,-81.021705,103.0,3.96,0.3,167.09,13.0,3D,2025-08-19 06:35:02-04:00,POINT (-81.021705 34.003058)
2025-08-18 18:21:53 UTC,sensor06,236497257,24.15,91.89,2025-08-19 10:35:07+00:00,34.002875,-81.02161,104.5,5.06,0.1,164.99,13.0,3D,2025-08-19 06:35:07-04:00,POINT (-81.02161 34.002875)
2025-08-18 18:21:58 UTC,sensor06,236497257,24.15,91.86,2025-08-19 10:35:12+00:00,34.002648,-81.0215,105.6,4.42,0.3,152.67,13.0,3D,2025-08-19 06:35:12-04:00,POINT (-81.0215 34.002648)
2025-08-18 18:22:03 UTC,sensor06,236497257,24.16,92.11,2025-08-19 10:35:17+00:00,34.002418,-81.021397,107.0,5.47,0.1,160.89,13.0,3D,2025-08-19 06:35:17-04:00,POINT (-81.021397 34.002418)
2025-08-18 18:22:08 UTC,sensor06,236497257,24.16,92.04,2025-08-19 10:35:22+00:00,34.002178,-81.021277,106.7,5.42,0.2,164.87,13.0,3D,2025-08-19 06:35:22-04:00,POINT (-81.021277 34.002178)
2025-08-18 18:22:13 UTC,sensor06,236497257,24.17,92.04,2025-08-19 10:35:27+00:00,34.001928,-81.021177,105.0,6.37,-0.4,162.44,13.0,3D,2025-08-19 06:35:27-04:00,POINT (-81.021177 34.001928)
2025-08-18 18:22:18 UTC,sensor06,236497257,24.16,92.04,2025-08-19 10:35:32+00:00,34.001667,-81.021007,101.1,6.45,-0.6,155.09,13.0,3D,2025-08-19 06:35:32-04:00,POINT (-81.021007 34.001667)
2025-08-18 18:22:24 UTC,sensor06,236497257,24.16,92.09,2025-08-19 10:35:37+00:00,34.001355,-81.020825,97.6,7.99,-0.5,153.7,13.0,3D,2025-08-19 06:35:37-04:00,POINT (-81.020825 34.001355)
2025-08-18 18:22:29 UTC,sensor06,236497257,24.15,92.03,2025-08-19 10:35:42+00:00,34.001042,-81.020643,95.7,6.65,-0.1,153.58,13.0,3D,2025-08-19 06:35:42-04:00,POINT (-81.020643 34.001042)
2025-08-18 18:22:34 UTC,sensor06,236497257,24.13,91.99,2025-08-19 10:35:47+00:00,34.000813,-81.02046,94.9,4.85,0.0,141.42,13.0,3D,2025-08-19 06:35:47-04:00,POINT (-81.02046 34.000813)
2025-08-18 18:22:39 UTC,sensor06,236497257,24.11,92.0,2025-08-19 10:35:52+00:00,34.000713,-81.020252,95.3,3.87,-0.1,90.53,13.0,3D,2025-08-19 06:35:52-04:00,POINT (-81.020252 34.000713)
2025-08-18 18:22:44 UTC,sensor06,236497257,24.12,92.06,2025-08-19 10:35:57+00:00,34.000775,-81.020023,94.3,5.57,0.1,71.22,13.0,3D,2025-08-19 06:35:57-04:00,POINT (-81.020023 34.000775)
2025-08-18 18:22:49 UTC,sensor06,236497257,24.1,92.2,2025-08-19 10:36:03+00:00,34.000845,-81.019665,95.5,5.13,0.5,0.0,13.0,3D,2025-08-19 06:36:03-04:00,POINT (-81.019665 34.000845)
2025-08-18 18:22:54 UTC,sensor06,236497257,24.1,92.17,2025-08-19 10:36:08+00:00,34.00092,-81.019378,93.3,4.77,-0.7,0.0,13.0,3D,2025-08-19 06:36:08-04:00,POINT (-81.019378 34.00092)
2025-08-18 18:22:59 UTC,sensor06,236497257,24.09,92.16,2025-08-19 10:36:13+00:00,34.000998,-81.019198,91.7,2.7,-0.4,0.0,13.0,3D,2025-08-19 06:36:13-04:00,POINT (-81.019198 34.000998)
2025-08-18 18:23:04 UTC,sensor06,236497257,24.06,92.18,2025-08-19 10:36:18+00:00,34.001063,-81.018988,90.1,3.95,-0.3,68.29,13.0,3D,2025-08-19 06:36:18-04:00,POINT (-81.018988 34.001063)
2025-08-18 18:23:09 UTC,sensor06,236497257,24.09,92.21,2025-08-19 10:36:23+00:00,34.001168,-81.018748,87.5,4.11,-0.5,71.52,13.0,3D,2025-08-19 06:36:23-04:00,POINT (-81.018748 34.001168)
2025-08-18 18:23:19 UTC,sensor06,236497257,24.12,92.2,2025-08-19 10:36:33+00:00,34.001288,-81.018352,81.2,6.49,-0.7,77.47,13.0,3D,2025-08-19 06:36:33-04:00,POINT (-81.018352 34.001288)
2025-08-18 18:23:24 UTC,sensor06,236497257,24.15,92.08,2025-08-19 10:36:38+00:00,34.001383,-81.01798,77.5,6.8,-0.6,67.94,13.0,3D,2025-08-19 06:36:38-04:00,POINT (-81.01798 34.001383)
2025-08-18 18:23:29 UTC,sensor06,236497257,24.2,92.07,2025-08-19 10:36:43+00:00,34.001473,-81.017683,75.1,4.53,-0.6,77.75,13.0,3D,2025-08-19 06:36:43-04:00,POINT (-81.017683 34.001473)
2025-08-18 18:23:34 UTC,sensor06,236497257,24.21,92.04,2025-08-19 10:36:48+00:00,34.00151,-81.017487,74.0,2.96,0.7,76.61,13.0,3D,2025-08-19 06:36:48-04:00,POINT (-81.017487 34.00151)
2025-08-18 18:23:39 UTC,sensor06,236497257,24.3,92.01,2025-08-19 10:36:53+00:00,34.001555,-81.017305,72.5,3.49,-0.3,83.65,13.0,3D,2025-08-19 06:36:53-04:00,POINT (-81.017305 34.001555)
2025-08-18 18:23:44 UTC,sensor06,236497257,24.25,91.79,2025-08-19 10:36:58+00:00,34.001588,-81.017058,71.1,4.95,-0.1,76.69,13.0,3D,2025-08-19 06:36:58-04:00,POINT (-81.017058 34.001588)
2025-08-18 18:23:49 UTC,sensor06,236497257,24.24,91.72,2025-08-19 10:37:03+00:00,34.00168,-81.016793,71.2,5.3,-0.3,63.95,13.0,3D,2025-08-19 06:37:03-04:00,POINT (-81.016793 34.00168)
2025-08-18 18:23:54 UTC,sensor06,236497257,24.24,91.77,2025-08-19 10:37:08+00:00,34.001762,-81.016505,71.7,4.92,0.1,67.08,13.0,3D,2025-08-19 06:37:08-04:00,POINT (-81.016505 34.001762)
2025-08-18 18:23:59 UTC,sensor06,236497257,24.25,91.88,2025-08-19 10:37:13+00:00,34.001838,-81.016227,72.7,5.19,0.0,69.35,13.0,3D,2025-08-19 06:37:13-04:00,POINT (-81.016227 34.001838)
2025-08-18 18:24:04 UTC,sensor06,236497257,24.21,91.81,2025-08-19 10:37:18+00:00,34.001928,-81.015948,73.0,5.33,0.2,69.95,13.0,3D,2025-08-19 06:37:18-04:00,POINT (-81.015948 34.001928)
2025-08-18 18:24:10 UTC,sensor06,236497257,24.22,91.93,2025-08-19 10:37:23+00:00,34.002013,-81.015662,73.9,5.8,0.0,67.96,13.0,3D,2025-08-19 06:37:23-04:00,POINT (-81.015662 34.002013)
2025-08-18 18:24:15 UTC,sensor06,236497257,24.19,91.89,2025-08-19 10:37:28+00:00,34.002103,-81.015412,74.1,5.01,0.2,68.26,13.0,3D,2025-08-19 06:37:28-04:00,POINT (-81.015412 34.002103)
2025-08-18 18:24:20 UTC,sensor06,236497257,24.19,92.04,2025-08-19 10:37:33+00:00,34.002185,-81.015193,75.4,4.59,0.3,63.27,13.0,3D,2025-08-19 06:37:33-04:00,POINT (-81.015193 34.002185)
2025-08-18 18:24:25 UTC,sensor06,236497257,24.18,92.12,2025-08-19 10:37:38+00:00,34.002258,-81.014917,77.0,4.67,0.2,78.41,13.0,3D,2025-08-19 06:37:38-04:00,POINT (-81.014917 34.002258)
2025-08-18 18:24:30 UTC,sensor06,236497257,24.12,92.11,2025-08-19 10:37:43+00:00,34.002312,-81.01464,78.4,5.22,-0.4,79.5,13.0,3D,2025-08-19 06:37:43-04:00,POINT (-81.01464 34.002312)
2025-08-18 18:24:35 UTC,sensor06,236497257,24.15,92.22,2025-08-19 10:37:49+00:00,34.002468,-81.01428,74.8,5.76,0.1,0.0,13.0,3D,2025-08-19 06:37:49-04:00,POINT (-81.01428 34.002468)
2025-08-18 18:24:40 UTC,sensor06,236497257,24.17,92.27,2025-08-19 10:37:54+00:00,34.002438,-81.014103,74.3,3.42,-0.2,0.0,13.0,3D,2025-08-19 06:37:54-04:00,POINT (-81.014103 34.002438)
2025-08-18 18:24:45 UTC,sensor06,236497257,24.16,92.2,2025-08-19 10:37:59+00:00,34.002332,-81.013982,73.5,2.26,-0.2,0.0,13.0,3D,2025-08-19 06:37:59-04:00,POINT (-81.013982 34.002332)
2025-08-19 00:25:51 UTC,sensor07,236476538,24.49,88.09,2025-08-19 09:55:03+00:00,33.989397,-81.052905,57.3,3.07,0.2,87.24,16.0,3D,2025-08-19 05:55:03-04:00,POINT (-81.052905 33.989397)
2025-08-19 00:25:56 UTC,sensor07,236476538,24.5,88.1,2025-08-19 09:55:08+00:00,33.989355,-81.05275,58.8,2.32,0.3,81.84,16.0,3D,2025-08-19 05:55:08-04:00,POINT (-81.05275 33.989355)
2025-08-19 00:26:01 UTC,sensor07,236476538,24.5,88.23,2025-08-19 09:55:13+00:00,33.989347,-81.052618,60.4,2.59,0.2,90.37,16.0,3D,2025-08-19 05:55:13-04:00,POINT (-81.052618 33.989347)
2025-08-19 00:26:06 UTC,sensor07,236476538,24.49,88.22,2025-08-19 09:55:18+00:00,33.989363,-81.052438,62.1,3.38,0.4,89.52,16.0,3D,2025-08-19 05:55:18-04:00,POINT (-81.052438 33.989363)
2025-08-19 00:26:21 UTC,sensor07,236476538,24.53,88.51,2025-08-19 09:55:33+00:00,33.989278,-81.052265,67.3,2.76,0.4,168.93,16.0,3D,2025-08-19 05:55:33-04:00,POINT (-81.052265 33.989278)
2025-08-19 00:26:26 UTC,sensor07,236476538,24.53,88.27,2025-08-19 09:55:36+00:00,33.989207,-81.052243,68.5,2.99,0.4,163.81,16.0,3D,2025-08-19 05:55:36-04:00,POINT (-81.052243 33.989207)
2025-08-19 00:26:31 UTC,sensor07,236476538,24.52,88.17,2025-08-19 09:55:36+00:00,33.989207,-81.052243,68.5,2.99,0.4,163.81,16.0,3D,2025-08-19 05:55:36-04:00,POINT (-81.052243 33.989207)
2025-08-19 00:26:36 UTC,sensor07,236476538,24.54,88.18,2025-08-19 09:55:49+00:00,33.98879,-81.052065,74.7,3.72,0.6,0.0,16.0,3D,2025-08-19 05:55:49-04:00,POINT (-81.052065 33.98879)
2025-08-19 00:26:52 UTC,sensor07,236476538,24.53,88.16,2025-08-19 09:56:04+00:00,33.988583,-81.051787,81.8,4.23,0.6,84.61,16.0,3D,2025-08-19 05:56:04-04:00,POINT (-81.051787 33.988583)
2025-08-19 00:26:57 UTC,sensor07,236476538,24.48,88.26,2025-08-19 09:56:09+00:00,33.988663,-81.051458,84.2,7.32,0.4,0.0,16.0,3D,2025-08-19 05:56:09-04:00,POINT (-81.051458 33.988663)
2025-08-19 00:27:02 UTC,sensor07,236476538,24.44,88.38,2025-08-19 09:56:14+00:00,33.988892,-81.051133,86.2,7.94,0.3,45.75,17.0,3D,2025-08-19 05:56:14-04:00,POINT (-81.051133 33.988892)
2025-08-19 00:27:07 UTC,sensor07,236476538,24.42,88.58,2025-08-19 09:56:19+00:00,33.98922,-81.050977,87.9,6.78,0.1,17.77,17.0,3D,2025-08-19 05:56:19-04:00,POINT (-81.050977 33.98922)
2025-08-19 00:27:12 UTC,sensor07,236476538,24.41,88.95,2025-08-19 09:56:24+00:00,33.989597,-81.050877,87.3,8.01,-0.3,356.5,17.0,3D,2025-08-19 05:56:24-04:00,POINT (-81.050877 33.989597)
2025-08-19 00:27:17 UTC,sensor07,236476538,24.42,88.78,2025-08-19 09:56:29+00:00,33.989982,-81.050993,84.5,8.78,-2.2,343.03,17.0,3D,2025-08-19 05:56:29-04:00,POINT (-81.050993 33.989982)
2025-08-19 00:27:22 UTC,sensor07,236476538,24.47,88.67,2025-08-19 09:56:34+00:00,33.990292,-81.05114,85.7,7.18,0.1,339.8,17.0,3D,2025-08-19 05:56:34-04:00,POINT (-81.05114 33.990292)
2025-08-19 00:27:27 UTC,sensor07,236476538,24.46,88.55,2025-08-19 09:56:39+00:00,33.990563,-81.051268,87.3,6.32,0.4,338.94,18.0,3D,2025-08-19 05:56:39-04:00,POINT (-81.051268 33.990563)
2025-08-19 00:27:32 UTC,sensor07,236476538,24.41,88.7,2025-08-19 09:56:44+00:00,33.990948,-81.051442,87.0,7.43,0.2,342.21,18.0,3D,2025-08-19 05:56:44-04:00,POINT (-81.051442 33.990948)
2025-08-19 00:27:37 UTC,sensor07,236476538,24.35,88.86,2025-08-19 09:56:49+00:00,33.991288,-81.051582,88.1,8.25,0.3,341.22,17.0,3D,2025-08-19 05:56:49-04:00,POINT (-81.051582 33.991288)
2025-08-19 00:27:42 UTC,sensor07,236476538,24.35,88.95,2025-08-19 09:56:54+00:00,33.991607,-81.05171,89.7,7.09,0.3,339.67,17.0,3D,2025-08-19 05:56:54-04:00,POINT (-81.05171 33.991607)
2025-08-19 00:27:47 UTC,sensor07,236476538,24.34,89.04,2025-08-19 09:56:59+00:00,33.991917,-81.051832,91.1,6.97,0.3,341.94,17.0,3D,2025-08-19 05:56:59-04:00,POINT (-81.051832 33.991917)
2025-08-19 00:27:52 UTC,sensor07,236476538,24.36,89.08,2025-08-19 09:57:04+00:00,33.992243,-81.051985,90.3,8.38,-0.5,341.75,17.0,3D,2025-08-19 05:57:04-04:00,POINT (-81.051985 33.992243)
2025-08-19 00:27:57 UTC,sensor07,236476538,24.33,89.13,2025-08-19 09:57:09+00:00,33.992553,-81.052127,90.7,7.83,0.3,338.45,17.0,3D,2025-08-19 05:57:09-04:00,POINT (-81.052127 33.992553)
2025-08-19 00:28:02 UTC,sensor07,236476538,24.36,89.06,2025-08-19 09:57:14+00:00,33.992867,-81.052267,92.7,7.69,0.4,341.2,17.0,3D,2025-08-19 05:57:14-04:00,POINT (-81.052267 33.992867)
2025-08-19 00:28:07 UTC,sensor07,236476538,24.42,88.99,2025-08-19 09:57:19+00:00,33.993202,-81.052442,93.5,7.97,0.0,332.03,17.0,3D,2025-08-19 05:57:19-04:00,POINT (-81.052442 33.993202)
2025-08-19 00:28:12 UTC,sensor07,236476538,24.4,88.93,2025-08-19 09:57:24+00:00,33.993487,-81.052655,92.4,8.86,-0.4,327.82,18.0,3D,2025-08-19 05:57:24-04:00,POINT (-81.052655 33.993487)
2025-08-19 00:28:17 UTC,sensor07,236476538,24.4,88.84,2025-08-19 09:57:29+00:00,33.993798,-81.052917,91.5,8.42,-0.2,325.14,18.0,3D,2025-08-19 05:57:29-04:00,POINT (-81.052917 33.993798)
2025-08-19 00:28:22 UTC,sensor07,236476538,24.4,88.93,2025-08-19 09:57:34+00:00,33.99407,-81.053172,87.6,7.73,-1.8,325.14,18.0,3D,2025-08-19 05:57:34-04:00,POINT (-81.053172 33.99407)
2025-08-19 00:28:27 UTC,sensor07,236476538,24.34,89.09,2025-08-19 09:57:39+00:00,33.994375,-81.053392,84.9,7.54,0.0,333.6,18.0,3D,2025-08-19 05:57:39-04:00,POINT (-81.053392 33.994375)
2025-08-19 00:28:32 UTC,sensor07,236476538,24.34,89.16,2025-08-19 09:57:44+00:00,33.994663,-81.053483,83.1,6.52,-0.4,345.76,18.0,3D,2025-08-19 05:57:44-04:00,POINT (-81.053483 33.994663)
2025-08-19 00:28:37 UTC,sensor07,236476538,24.4,89.11,2025-08-19 09:57:49+00:00,33.994852,-81.053478,80.5,2.87,-1.2,11.79,19.0,3D,2025-08-19 05:57:49-04:00,POINT (-81.053478 33.994852)
2025-08-19 00:28:52 UTC,sensor07,236476538,24.43,88.91,2025-08-19 09:58:05+00:00,33.99507,-81.053093,73.6,7.22,-0.2,0.0,19.0,3D,2025-08-19 05:58:05-04:00,POINT (-81.053093 33.99507)
2025-08-19 00:28:58 UTC,sensor07,236476538,24.5,88.79,2025-08-19 09:58:10+00:00,33.99521,-81.052685,69.4,9.45,-1.3,0.0,19.0,3D,2025-08-19 05:58:10-04:00,POINT (-81.052685 33.99521)
2025-08-19 00:29:03 UTC,sensor07,236476538,24.47,88.67,2025-08-19 09:58:15+00:00,33.995368,-81.052213,64.8,8.83,-0.4,0.0,19.0,3D,2025-08-19 05:58:15-04:00,POINT (-81.052213 33.995368)
2025-08-19 00:29:08 UTC,sensor07,236476538,24.51,88.69,2025-08-19 09:58:20+00:00,33.9955,-81.051798,62.8,7.96,-0.6,0.0,19.0,3D,2025-08-19 05:58:20-04:00,POINT (-81.051798 33.9955)
2025-08-19 00:29:13 UTC,sensor07,236476538,24.49,88.62,2025-08-19 09:58:25+00:00,33.995633,-81.051413,60.5,7.18,-0.3,0.0,19.0,3D,2025-08-19 05:58:25-04:00,POINT (-81.051413 33.995633)
2025-08-19 00:29:18 UTC,sensor07,236476538,24.44,88.62,2025-08-19 09:58:30+00:00,33.99575,-81.051052,59.3,7.38,-0.1,67.71,19.0,3D,2025-08-19 05:58:30-04:00,POINT (-81.051052 33.99575)
2025-08-19 00:29:23 UTC,sensor07,236476538,24.41,88.82,2025-08-19 09:58:35+00:00,33.99586,-81.05067,47.3,7.59,-0.7,64.66,19.0,3D,2025-08-19 05:58:35-04:00,POINT (-81.05067 33.99586)
2025-08-19 00:29:28 UTC,sensor07,236476538,24.43,88.95,2025-08-19 09:58:40+00:00,33.995975,-81.050328,43.4,6.77,-0.8,68.04,19.0,3D,2025-08-19 05:58:40-04:00,POINT (-81.050328 33.995975)
2025-08-19 00:29:33 UTC,sensor07,236476538,24.4,88.88,2025-08-19 09:58:45+00:00,33.996085,-81.049982,41.7,7.17,-0.1,70.27,19.0,3D,2025-08-19 05:58:45-04:00,POINT (-81.049982 33.996085)
2025-08-19 00:29:38 UTC,sensor07,236476538,24.42,88.85,2025-08-19 09:58:50+00:00,33.996215,-81.049575,41.1,8.41,-0.2,69.78,19.0,3D,2025-08-19 05:58:50-04:00,POINT (-81.049575 33.996215)
2025-08-19 00:29:43 UTC,sensor07,236476538,24.41,88.87,2025-08-19 09:58:55+00:00,33.996362,-81.049133,39.4,8.3,-0.3,68.12,19.0,3D,2025-08-19 05:58:55-04:00,POINT (-81.049133 33.996362)
2025-08-19 00:29:48 UTC,sensor07,236476538,24.47,88.82,2025-08-19 09:59:00+00:00,33.996492,-81.048708,38.6,8.54,-0.4,69.03,20.0,3D,2025-08-19 05:59:00-04:00,POINT (-81.048708 33.996492)
2025-08-19 00:29:53 UTC,sensor07,236476538,24.51,88.69,2025-08-19 09:59:05+00:00,33.996633,-81.048267,40.5,8.7,0.1,70.86,20.0,3D,2025-08-19 05:59:05-04:00,POINT (-81.048267 33.996633)
2025-08-19 00:29:58 UTC,sensor07,236476538,24.48,88.67,2025-08-19 09:59:10+00:00,33.996752,-81.04785,39.5,8.16,-0.3,69.52,20.0,3D,2025-08-19 05:59:10-04:00,POINT (-81.04785 33.996752)
2025-08-19 00:30:03 UTC,sensor07,236476538,24.56,88.77,2025-08-19 09:59:15+00:00,33.99689,-81.04746,41.1,6.88,0.2,66.38,21.0,3D,2025-08-19 05:59:15-04:00,POINT (-81.04746 33.99689)
2025-08-19 00:30:08 UTC,sensor07,236476538,24.54,88.56,2025-08-19 09:59:20+00:00,33.997015,-81.047107,41.8,7.05,0.1,66.43,21.0,3D,2025-08-19 05:59:20-04:00,POINT (-81.047107 33.997015)
2025-08-19 00:30:13 UTC,sensor07,236476538,24.55,88.5,2025-08-19 09:59:25+00:00,33.997138,-81.046715,41.9,8.44,0.1,67.29,21.0,3D,2025-08-19 05:59:25-04:00,POINT (-81.046715 33.997138)
2025-08-19 00:30:18 UTC,sensor07,236476538,24.58,88.41,2025-08-19 09:59:30+00:00,33.997258,-81.04629,42.6,8.09,0.2,70.55,21.0,3D,2025-08-19 05:59:30-04:00,POINT (-81.04629 33.997258)
2025-08-19 00:30:23 UTC,sensor07,236476538,24.6,88.32,2025-08-19 09:59:35+00:00,33.997388,-81.045855,43.7,8.47,0.2,71.32,21.0,3D,2025-08-19 05:59:35-04:00,POINT (-81.045855 33.997388)
2025-08-19 00:30:28 UTC,sensor07,236476538,24.62,88.24,2025-08-19 09:59:38+00:00,33.99747,-81.045593,44.1,8.88,-0.1,68.54,21.0,3D,2025-08-19 05:59:38-04:00,POINT (-81.045593 33.99747)
2025-08-19 00:30:33 UTC,sensor07,236476538,24.67,88.13,2025-08-19 09:59:45+00:00,33.99767,-81.044962,45.2,8.7,0.0,69.43,21.0,3D,2025-08-19 05:59:45-04:00,POINT (-81.044962 33.99767)
2025-08-19 00:30:38 UTC,sensor07,236476538,24.61,88.01,2025-08-19 09:59:50+00:00,33.997812,-81.044533,45.0,8.43,0.2,71.38,21.0,3D,2025-08-19 05:59:50-04:00,POINT (-81.044533 33.997812)
2025-08-19 00:30:43 UTC,sensor07,236476538,24.54,88.17,2025-08-19 09:59:55+00:00,33.997948,-81.044108,45.7,8.28,0.2,71.09,21.0,3D,2025-08-19 05:59:55-04:00,POINT (-81.044108 33.997948)
2025-08-19 00:30:48 UTC,sensor07,236476538,24.48,88.38,2025-08-19 10:00:00+00:00,33.99808,-81.043693,46.7,8.29,0.3,67.15,21.0,3D,2025-08-19 06:00:00-04:00,POINT (-81.043693 33.99808)
2025-08-19 00:30:53 UTC,sensor07,236476538,24.47,88.57,2025-08-19 10:00:05+00:00,33.9982,-81.043267,47.5,8.19,0.1,70.57,21.0,3D,2025-08-19 06:00:05-04:00,POINT (-81.043267 33.9982)
2025-08-19 00:30:58 UTC,sensor07,236476538,24.5,88.74,2025-08-19 10:00:10+00:00,33.998327,-81.04286,50.5,7.8,0.3,71.96,21.0,3D,2025-08-19 06:00:10-04:00,POINT (-81.04286 33.998327)
2025-08-19 00:31:03 UTC,sensor07,236476538,24.47,88.77,2025-08-19 10:00:15+00:00,33.998448,-81.042455,51.2,8.07,0.2,68.94,21.0,3D,2025-08-19 06:00:15-04:00,POINT (-81.042455 33.998448)
2025-08-19 00:31:09 UTC,sensor07,236476538,24.46,88.78,2025-08-19 10:00:21+00:00,33.998605,-81.041938,54.1,8.54,0.4,0.0,21.0,3D,2025-08-19 06:00:21-04:00,POINT (-81.041938 33.998605)
2025-08-19 00:31:14 UTC,sensor07,236476538,24.49,88.69,2025-08-19 10:00:26+00:00,33.998758,-81.041507,55.2,7.96,-0.1,0.0,21.0,3D,2025-08-19 06:00:26-04:00,POINT (-81.041507 33.998758)
2025-08-19 00:31:19 UTC,sensor07,236476538,24.51,88.63,2025-08-19 10:00:31+00:00,33.9989,-81.041123,56.7,7.11,0.5,0.0,21.0,3D,2025-08-19 06:00:31-04:00,POINT (-81.041123 33.9989)
2025-08-19 00:31:24 UTC,sensor07,236476538,24.61,88.43,2025-08-19 10:00:36+00:00,33.999038,-81.040707,57.5,8.54,0.2,0.0,21.0,3D,2025-08-19 06:00:36-04:00,POINT (-81.040707 33.999038)
2025-08-19 00:31:29 UTC,sensor07,236476538,24.57,88.34,2025-08-19 10:00:41+00:00,33.999172,-81.040252,60.0,8.91,0.4,0.0,21.0,3D,2025-08-19 06:00:41-04:00,POINT (-81.040252 33.999172)
2025-08-19 00:31:34 UTC,sensor07,236476538,24.57,88.43,2025-08-19 10:00:46+00:00,33.999295,-81.039832,61.4,7.33,0.2,71.06,21.0,3D,2025-08-19 06:00:46-04:00,POINT (-81.039832 33.999295)
2025-08-19 00:31:39 UTC,sensor07,236476538,24.52,88.49,2025-08-19 10:00:51+00:00,33.999403,-81.03946,64.7,7.2,0.6,66.82,22.0,3D,2025-08-19 06:00:51-04:00,POINT (-81.03946 33.999403)
2025-08-19 00:31:44 UTC,sensor07,236476538,24.48,88.49,2025-08-19 10:00:56+00:00,33.999515,-81.039117,66.3,6.66,0.0,68.34,22.0,3D,2025-08-19 06:00:56-04:00,POINT (-81.039117 33.999515)
2025-08-19 00:31:49 UTC,sensor07,236476538,24.44,88.57,2025-08-19 10:01:01+00:00,33.999642,-81.038772,66.2,6.49,0.4,66.6,22.0,3D,2025-08-19 06:01:01-04:00,POINT (-81.038772 33.999642)
2025-08-19 00:31:59 UTC,sensor07,236476538,24.44,88.83,2025-08-19 10:01:11+00:00,33.999595,-81.038487,68.2,2.83,0.8,161.68,22.0,3D,2025-08-19 06:01:11-04:00,POINT (-81.038487 33.999595)
2025-08-19 00:32:04 UTC,sensor07,236476538,24.39,88.77,2025-08-19 10:01:16+00:00,33.99944,-81.038427,69.0,4.42,0.1,156.4,22.0,3D,2025-08-19 06:01:16-04:00,POINT (-81.038427 33.99944)
2025-08-19 00:32:09 UTC,sensor07,236476538,24.39,88.84,2025-08-19 10:01:21+00:00,33.999188,-81.038347,73.1,5.43,0.5,160.78,22.0,3D,2025-08-19 06:01:21-04:00,POINT (-81.038347 33.999188)
2025-08-19 00:32:14 UTC,sensor07,236476538,24.39,88.96,2025-08-19 10:01:26+00:00,33.998963,-81.03826,74.5,5.1,0.1,161.8,22.0,3D,2025-08-19 06:01:26-04:00,POINT (-81.03826 33.998963)
2025-08-19 00:32:19 UTC,sensor07,236476538,24.44,88.91,2025-08-19 10:01:31+00:00,33.998748,-81.038155,73.7,4.91,-0.3,158.01,22.0,3D,2025-08-19 06:01:31-04:00,POINT (-81.038155 33.998748)
2025-08-19 00:32:24 UTC,sensor07,236476538,24.39,88.9,2025-08-19 10:01:36+00:00,33.99855,-81.038058,73.3,3.87,-0.1,157.05,22.0,3D,2025-08-19 06:01:36-04:00,POINT (-81.038058 33.99855)
2025-08-19 00:32:39 UTC,sensor07,236476538,24.32,89.17,2025-08-19 10:01:51+00:00,33.998135,-81.03785,72.1,5.12,0.0,158.12,22.0,3D,2025-08-19 06:01:51-04:00,POINT (-81.03785 33.998135)
2025-08-19 00:32:44 UTC,sensor07,236476538,24.29,89.17,2025-08-19 10:01:56+00:00,33.99791,-81.037748,72.6,5.59,0.0,157.84,22.0,3D,2025-08-19 06:01:56-04:00,POINT (-81.037748 33.99791)
2025-08-19 00:32:49 UTC,sensor07,236476538,24.23,89.2,2025-08-19 10:02:01+00:00,33.997665,-81.037628,72.6,5.69,0.0,157.41,22.0,3D,2025-08-19 06:02:01-04:00,POINT (-81.037628 33.997665)
2025-08-19 00:32:54 UTC,sensor07,236476538,24.21,89.33,2025-08-19 10:02:06+00:00,33.99741,-81.037523,73.9,5.97,0.0,158.51,22.0,3D,2025-08-19 06:02:06-04:00,POINT (-81.037523 33.99741)
2025-08-19 00:32:59 UTC,sensor07,236476538,24.23,89.46,2025-08-19 10:02:11+00:00,33.99714,-81.037392,74.1,6.63,0.2,157.59,22.0,3D,2025-08-19 06:02:11-04:00,POINT (-81.037392 33.99714)
2025-08-19 00:33:04 UTC,sensor07,236476538,24.26,89.5,2025-08-19 10:02:17+00:00,33.996883,-81.037298,76.2,5.54,0.4,0.0,22.0,3D,2025-08-19 06:02:17-04:00,POINT (-81.037298 33.996883)
2025-08-19 00:33:10 UTC,sensor07,236476538,24.28,89.54,2025-08-19 10:02:22+00:00,33.996643,-81.037168,75.3,6.34,-0.2,0.0,22.0,3D,2025-08-19 06:02:22-04:00,POINT (-81.037168 33.996643)
2025-08-19 00:33:15 UTC,sensor07,236476538,24.34,89.72,2025-08-19 10:02:27+00:00,33.996402,-81.037037,72.2,5.67,-0.6,0.0,22.0,3D,2025-08-19 06:02:27-04:00,POINT (-81.037037 33.996402)
2025-08-19 00:33:20 UTC,sensor07,236476538,24.28,89.44,2025-08-19 10:02:32+00:00,33.99617,-81.036935,70.5,5.61,-0.7,0.0,22.0,3D,2025-08-19 06:02:32-04:00,POINT (-81.036935 33.99617)
2025-08-19 00:33:25 UTC,sensor07,236476538,24.29,89.47,2025-08-19 10:02:37+00:00,33.995945,-81.036812,69.8,5.27,-0.6,0.0,22.0,3D,2025-08-19 06:02:37-04:00,POINT (-81.036812 33.995945)
2025-08-19 00:33:45 UTC,sensor07,236476538,24.24,89.48,2025-08-19 10:02:57+00:00,33.99568,-81.03664,69.4,2.35,0.0,128.6,22.0,3D,2025-08-19 06:02:57-04:00,POINT (-81.03664 33.99568)
2025-08-19 00:33:50 UTC,sensor07,236476538,24.26,89.5,2025-08-19 10:03:02+00:00,33.995647,-81.036513,69.4,2.28,0.1,91.74,22.0,3D,2025-08-19 06:03:02-04:00,POINT (-81.036513 33.995647)
2025-08-19 00:34:05 UTC,sensor07,236476538,24.2,89.69,2025-08-19 10:03:17+00:00,33.995735,-81.03617,68.8,4.3,0.0,67.05,22.0,3D,2025-08-19 06:03:17-04:00,POINT (-81.03617 33.995735)
2025-08-19 00:34:10 UTC,sensor07,236476538,24.18,89.73,2025-08-19 10:03:22+00:00,33.995813,-81.035927,68.1,4.86,-0.5,72.08,22.0,3D,2025-08-19 06:03:22-04:00,POINT (-81.035927 33.995813)
2025-08-19 00:34:15 UTC,sensor07,236476538,24.19,89.81,2025-08-19 10:03:27+00:00,33.995875,-81.035683,67.8,4.2,0.1,72.38,22.0,3D,2025-08-19 06:03:27-04:00,POINT (-81.035683 33.995875)
2025-08-19 00:34:20 UTC,sensor07,236476538,24.17,89.86,2025-08-19 10:03:32+00:00,33.99594,-81.035523,69.2,2.69,0.2,70.41,22.0,3D,2025-08-19 06:03:32-04:00,POINT (-81.035523 33.99594)
2025-08-19 00:34:25 UTC,sensor07,236476538,24.19,89.9,2025-08-19 10:03:37+00:00,33.995985,-81.035368,70.1,2.81,0.2,64.89,22.0,3D,2025-08-19 06:03:37-04:00,POINT (-81.035368 33.995985)
2025-08-19 00:34:30 UTC,sensor07,236476538,24.19,89.98,2025-08-19 10:03:39+00:00,33.995998,-81.035312,70.9,2.45,0.4,68.43,22.0,3D,2025-08-19 06:03:39-04:00,POINT (-81.035312 33.995998)
2025-08-19 00:35:01 UTC,sensor07,236476538,24.19,89.95,2025-08-19 10:04:13+00:00,33.996085,-81.035002,76.0,5.07,0.6,0.0,23.0,3D,2025-08-19 06:04:13-04:00,POINT (-81.035002 33.996085)
2025-08-19 00:35:06 UTC,sensor07,236476538,24.17,90.04,2025-08-19 10:04:18+00:00,33.996188,-81.034703,78.6,6.4,0.4,0.0,23.0,3D,2025-08-19 06:04:18-04:00,POINT (-81.034703 33.996188)
2025-08-19 00:35:11 UTC,sensor07,236476538,24.17,90.09,2025-08-19 10:04:23+00:00,33.996302,-81.034358,80.3,6.97,0.6,0.0,23.0,3D,2025-08-19 06:04:23-04:00,POINT (-81.034358 33.996302)
2025-08-19 00:35:16 UTC,sensor07,236476538,24.16,90.15,2025-08-19 10:04:28+00:00,33.996428,-81.034058,81.6,5.83,0.8,0.0,23.0,3D,2025-08-19 06:04:28-04:00,POINT (-81.034058 33.996428)
2025-08-19 00:35:21 UTC,sensor07,236476538,24.22,90.22,2025-08-19 10:04:33+00:00,33.996507,-81.033777,84.2,5.29,0.0,0.0,4.0,3D,2025-08-19 06:04:33-04:00,POINT (-81.033777 33.996507)
2025-08-19 00:35:26 UTC,sensor07,236476538,24.24,90.03,2025-08-19 10:04:38+00:00,33.996558,-81.033605,85.2,2.64,0.7,0.0,4.0,3D,2025-08-19 06:04:38-04:00,POINT (-81.033605 33.996558)
2025-08-19 00:35:36 UTC,sensor07,236476538,24.21,89.99,2025-08-19 10:04:48+00:00,33.996578,-81.033548,85.5,2.7,0.2,0.0,12.0,3D,2025-08-19 06:04:48-04:00,POINT (-81.033548 33.996578)
2025-08-19 00:35:41 UTC,sensor07,236476538,24.22,89.88,2025-08-19 10:04:53+00:00,33.996638,-81.0333,86.5,5.39,-0.1,0.0,14.0,3D,2025-08-19 06:04:53-04:00,POINT (-81.0333 33.996638)
2025-08-19 00:35:46 UTC,sensor07,236476538,24.17,89.85,2025-08-19 10:04:58+00:00,33.996713,-81.033025,86.1,5.05,0.1,0.0,14.0,3D,2025-08-19 06:04:58-04:00,POINT (-81.033025 33.996713)
2025-08-19 00:35:51 UTC,sensor07,236476538,24.12,89.91,2025-08-19 10:05:03+00:00,33.996808,-81.032788,86.2,5.05,0.1,0.0,18.0,3D,2025-08-19 06:05:03-04:00,POINT (-81.032788 33.996808)
2025-08-19 00:35:56 UTC,sensor07,236476538,24.09,90.05,2025-08-19 10:05:08+00:00,33.996888,-81.032487,87.1,6.2,0.0,0.0,18.0,3D,2025-08-19 06:05:08-04:00,POINT (-81.032487 33.996888)
2025-08-19 00:36:01 UTC,sensor07,236476538,24.05,90.16,2025-08-19 10:05:13+00:00,33.996982,-81.032183,88.6,6.11,0.0,0.0,22.0,3D,2025-08-19 06:05:13-04:00,POINT (-81.032183 33.996982)
2025-08-19 00:36:06 UTC,sensor07,236476538,24.04,90.28,2025-08-19 10:05:18+00:00,33.997057,-81.031925,90.4,4.11,0.6,0.0,23.0,3D,2025-08-19 06:05:18-04:00,POINT (-81.031925 33.997057)
2025-08-19 00:36:51 UTC,sensor07,236476538,24.01,90.58,2025-08-19 10:06:03+00:00,33.997083,-81.031825,89.5,3.16,-0.2,66.47,23.0,3D,2025-08-19 06:06:03-04:00,POINT (-81.031825 33.997083)
2025-08-19 00:36:56 UTC,sensor07,236476538,23.99,90.61,2025-08-19 10:06:08+00:00,33.997165,-81.031582,89.5,5.65,0.0,68.11,23.0,3D,2025-08-19 06:06:08-04:00,POINT (-81.031582 33.997165)
2025-08-19 00:37:01 UTC,sensor07,236476538,23.97,90.62,2025-08-19 10:06:13+00:00,33.997263,-81.031277,90.0,6.21,0.4,70.0,23.0,3D,2025-08-19 06:06:13-04:00,POINT (-81.031277 33.997263)
2025-08-19 00:37:07 UTC,sensor07,236476538,23.93,90.73,2025-08-19 10:06:19+00:00,33.997368,-81.030907,91.4,5.84,0.2,0.0,23.0,3D,2025-08-19 06:06:19-04:00,POINT (-81.030907 33.997368)
2025-08-19 00:37:12 UTC,sensor07,236476538,23.94,90.85,2025-08-19 10:06:24+00:00,33.997457,-81.030633,92.4,4.69,0.2,0.0,23.0,3D,2025-08-19 06:06:24-04:00,POINT (-81.030633 33.997457)
2025-08-19 00:37:17 UTC,sensor07,236476538,23.91,90.91,2025-08-19 10:06:29+00:00,33.997542,-81.030423,93.9,3.86,0.4,0.0,23.0,3D,2025-08-19 06:06:29-04:00,POINT (-81.030423 33.997542)
2025-08-19 00:38:02 UTC,sensor07,236476538,23.89,91.09,2025-08-19 10:07:14+00:00,33.99762,-81.030238,96.8,2.37,0.1,80.11,23.0,3D,2025-08-19 06:07:14-04:00,POINT (-81.030238 33.99762)
2025-08-19 00:38:07 UTC,sensor07,236476538,23.92,91.22,2025-08-19 10:07:19+00:00,33.997572,-81.030078,97.0,3.59,0.0,147.12,23.0,3D,2025-08-19 06:07:19-04:00,POINT (-81.030078 33.997572)
2025-08-19 00:38:12 UTC,sensor07,236476538,23.89,91.23,2025-08-19 10:07:24+00:00,33.997328,-81.029972,96.7,5.54,-0.1,159.7,23.0,3D,2025-08-19 06:07:24-04:00,POINT (-81.029972 33.997328)
2025-08-19 00:38:17 UTC,sensor07,236476538,23.81,91.2,2025-08-19 10:07:29+00:00,33.997073,-81.029883,94.9,5.08,-0.6,159.59,23.0,3D,2025-08-19 06:07:29-04:00,POINT (-81.029883 33.997073)
2025-08-19 00:38:22 UTC,sensor07,236476538,23.83,91.31,2025-08-19 10:07:34+00:00,33.996858,-81.02981,92.5,5.53,-0.4,161.67,23.0,3D,2025-08-19 06:07:34-04:00,POINT (-81.02981 33.996858)
2025-08-19 00:38:27 UTC,sensor07,236476538,23.8,91.28,2025-08-19 10:07:39+00:00,33.996627,-81.029728,91.1,4.86,-0.3,166.2,23.0,3D,2025-08-19 06:07:39-04:00,POINT (-81.029728 33.996627)
2025-08-19 00:38:37 UTC,sensor07,236476538,23.85,91.34,2025-08-19 10:07:49+00:00,33.996357,-81.029715,86.4,3.31,-0.2,201.81,23.0,3D,2025-08-19 06:07:49-04:00,POINT (-81.029715 33.996357)
2025-08-19 00:38:42 UTC,sensor07,236476538,23.86,91.31,2025-08-19 10:07:54+00:00,33.996227,-81.029893,85.3,5.39,0.1,253.53,23.0,3D,2025-08-19 06:07:54-04:00,POINT (-81.029893 33.996227)
2025-08-19 00:38:47 UTC,sensor07,236476538,23.88,91.23,2025-08-19 10:07:59+00:00,33.996083,-81.030207,86.5,7.06,0.9,244.25,23.0,3D,2025-08-19 06:07:59-04:00,POINT (-81.030207 33.996083)
2025-08-19 00:38:52 UTC,sensor07,236476538,23.94,91.24,2025-08-19 10:08:04+00:00,33.995938,-81.030537,87.2,6.54,-0.2,247.28,23.0,3D,2025-08-19 06:08:04-04:00,POINT (-81.030537 33.995938)
2025-08-19 00:38:57 UTC,sensor07,236476538,23.95,91.09,2025-08-19 10:08:09+00:00,33.99587,-81.030813,84.7,3.87,-0.3,260.98,23.0,3D,2025-08-19 06:08:09-04:00,POINT (-81.030813 33.99587)
2025-08-19 00:40:08 UTC,sensor07,236476538,23.97,90.89,2025-08-19 10:09:20+00:00,33.995797,-81.03116,82.0,6.61,0.0,250.49,23.0,3D,2025-08-19 06:09:20-04:00,POINT (-81.03116 33.995797)
2025-08-19 00:40:13 UTC,sensor07,236476538,23.91,90.95,2025-08-19 10:09:25+00:00,33.995683,-81.031572,81.9,8.49,-0.2,248.98,23.0,3D,2025-08-19 06:09:25-04:00,POINT (-81.031572 33.995683)
2025-08-19 00:40:18 UTC,sensor07,236476538,23.92,91.03,2025-08-19 10:09:30+00:00,33.995545,-81.032028,82.0,8.78,0.2,249.53,23.0,3D,2025-08-19 06:09:30-04:00,POINT (-81.032028 33.995545)
2025-08-19 00:40:23 UTC,sensor07,236476538,23.98,91.0,2025-08-19 10:09:35+00:00,33.9954,-81.032498,82.7,9.13,-0.3,250.16,23.0,3D,2025-08-19 06:09:35-04:00,POINT (-81.032498 33.9954)
2025-08-19 00:40:28 UTC,sensor07,236476538,24.04,90.92,2025-08-19 10:09:40+00:00,33.995263,-81.032975,81.5,8.34,-0.7,248.31,23.0,3D,2025-08-19 06:09:40-04:00,POINT (-81.032975 33.995263)
2025-08-19 00:40:33 UTC,sensor07,236476538,24.01,90.79,2025-08-19 10:09:41+00:00,33.995233,-81.033068,80.6,8.37,-0.9,247.63,23.0,3D,2025-08-19 06:09:41-04:00,POINT (-81.033068 33.995233)
2025-08-19 00:40:38 UTC,sensor07,236476538,24.02,90.79,2025-08-19 10:09:50+00:00,33.994965,-81.033898,82.2,8.12,-0.1,252.75,23.0,3D,2025-08-19 06:09:50-04:00,POINT (-81.033898 33.994965)
2025-08-19 00:40:43 UTC,sensor07,236476538,24.04,90.78,2025-08-19 10:09:55+00:00,33.994858,-81.034203,87.3,4.29,0.8,245.63,23.0,3D,2025-08-19 06:09:55-04:00,POINT (-81.034203 33.994858)
2025-08-19 00:40:58 UTC,sensor07,236476538,24.08,90.65,2025-08-19 10:10:10+00:00,33.994802,-81.034352,86.6,3.15,0.0,248.09,23.0,3D,2025-08-19 06:10:10-04:00,POINT (-81.034352 33.994802)
2025-08-19 00:41:03 UTC,sensor07,236476538,24.12,90.65,2025-08-19 10:10:15+00:00,33.994692,-81.034675,85.0,7.55,-0.4,248.53,23.0,3D,2025-08-19 06:10:15-04:00,POINT (-81.034675 33.994692)
2025-08-19 00:41:08 UTC,sensor07,236476538,24.13,90.52,2025-08-19 10:10:20+00:00,33.994537,-81.03513,83.8,9.74,-0.3,248.11,23.0,3D,2025-08-19 06:10:20-04:00,POINT (-81.03513 33.994537)
2025-08-19 00:41:13 UTC,sensor07,236476538,24.17,90.5,2025-08-19 10:10:25+00:00,33.994373,-81.03562,82.2,9.38,-0.4,247.32,23.0,3D,2025-08-19 06:10:25-04:00,POINT (-81.03562 33.994373)
2025-08-19 00:41:18 UTC,sensor07,236476538,24.2,90.36,2025-08-19 10:10:30+00:00,33.994232,-81.0361,79.3,9.17,-0.3,249.07,23.0,3D,2025-08-19 06:10:30-04:00,POINT (-81.0361 33.994232)
2025-08-19 00:41:23 UTC,sensor07,236476538,24.24,90.3,2025-08-19 10:10:35+00:00,33.9941,-81.036535,77.0,8.45,-0.5,250.05,23.0,3D,2025-08-19 06:10:35-04:00,POINT (-81.036535 33.9941)
2025-08-19 00:41:28 UTC,sensor07,236476538,24.24,90.21,2025-08-19 10:10:40+00:00,33.993983,-81.036988,71.1,8.64,-1.7,253.02,23.0,3D,2025-08-19 06:10:40-04:00,POINT (-81.036988 33.993983)
2025-08-19 00:41:34 UTC,sensor07,236476538,24.25,90.11,2025-08-19 10:10:46+00:00,33.993863,-81.037435,67.5,5.97,-0.2,0.0,23.0,3D,2025-08-19 06:10:46-04:00,POINT (-81.037435 33.993863)
2025-08-19 00:41:44 UTC,sensor07,236476538,24.22,90.06,2025-08-19 10:10:56+00:00,33.993755,-81.03779,64.1,5.2,-0.1,0.0,23.0,3D,2025-08-19 06:10:56-04:00,POINT (-81.03779 33.993755)
2025-08-19 00:41:49 UTC,sensor07,236476538,24.19,90.08,2025-08-19 10:11:01+00:00,33.993642,-81.038098,67.4,6.51,1.4,0.0,23.0,3D,2025-08-19 06:11:01-04:00,POINT (-81.038098 33.993642)
2025-08-19 00:41:54 UTC,sensor07,236476538,24.18,90.08,2025-08-19 10:11:06+00:00,33.993502,-81.038408,75.2,6.37,1.6,0.0,23.0,3D,2025-08-19 06:11:06-04:00,POINT (-81.038408 33.993502)
2025-08-19 00:41:59 UTC,sensor07,236476538,24.21,90.18,2025-08-19 10:11:11+00:00,33.993383,-81.038733,78.7,7.18,1.2,0.0,23.0,3D,2025-08-19 06:11:11-04:00,POINT (-81.038733 33.993383)
2025-08-19 00:42:04 UTC,sensor07,236476538,24.18,90.2,2025-08-19 10:11:16+00:00,33.993283,-81.039137,79.6,8.06,0.0,249.38,23.0,3D,2025-08-19 06:11:16-04:00,POINT (-81.039137 33.993283)
2025-08-19 00:42:09 UTC,sensor07,236476538,24.23,90.23,2025-08-19 10:11:21+00:00,33.993167,-81.039588,79.7,8.9,0.3,250.52,23.0,3D,2025-08-19 06:11:21-04:00,POINT (-81.039588 33.993167)
2025-08-19 00:42:14 UTC,sensor07,236476538,24.22,90.14,2025-08-19 10:11:26+00:00,33.99302,-81.04008,76.5,9.45,-0.7,249.91,23.0,3D,2025-08-19 06:11:26-04:00,POINT (-81.04008 33.99302)
2025-08-19 00:42:19 UTC,sensor07,236476538,24.24,90.15,2025-08-19 10:11:31+00:00,33.992897,-81.040517,73.8,6.97,-0.8,249.55,23.0,3D,2025-08-19 06:11:31-04:00,POINT (-81.040517 33.992897)
2025-08-19 00:42:29 UTC,sensor07,236476538,24.28,90.14,2025-08-19 10:11:41+00:00,33.99281,-81.040892,67.8,5.37,-0.8,249.81,23.0,3D,2025-08-19 06:11:41-04:00,POINT (-81.040892 33.99281)
2025-08-19 00:42:34 UTC,sensor07,236476538,24.32,90.01,2025-08-19 10:11:46+00:00,33.992698,-81.041272,63.9,8.68,-0.9,249.68,23.0,3D,2025-08-19 06:11:46-04:00,POINT (-81.041272 33.992698)
2025-08-19 00:42:39 UTC,sensor07,236476538,24.37,89.87,2025-08-19 10:11:46+00:00,33.992698,-81.041272,63.9,8.68,-0.9,249.68,23.0,3D,2025-08-19 06:11:46-04:00,POINT (-81.041272 33.992698)
2025-08-19 00:42:44 UTC,sensor07,236476538,24.37,89.84,2025-08-19 10:11:56+00:00,33.992428,-81.042142,61.9,6.44,0.2,248.09,23.0,3D,2025-08-19 06:11:56-04:00,POINT (-81.042142 33.992428)
2025-08-19 00:42:54 UTC,sensor07,236476538,24.44,89.79,2025-08-19 10:12:06+00:00,33.992427,-81.042477,60.3,4.17,0.3,320.89,23.0,3D,2025-08-19 06:12:06-04:00,POINT (-81.042477 33.992427)
2025-08-19 00:42:59 UTC,sensor07,236476538,24.42,89.6,2025-08-19 10:12:11+00:00,33.992685,-81.042583,62.8,6.98,0.7,338.71,23.0,3D,2025-08-19 06:12:11-04:00,POINT (-81.042583 33.992685)
2025-08-19 00:43:04 UTC,sensor07,236476538,24.43,89.46,2025-08-19 10:12:16+00:00,33.993018,-81.042747,65.9,7.51,0.4,339.53,23.0,3D,2025-08-19 06:12:16-04:00,POINT (-81.042747 33.993018)
2025-08-19 00:43:09 UTC,sensor07,236476538,24.36,89.44,2025-08-19 10:12:21+00:00,33.993347,-81.042897,67.3,7.58,0.2,338.92,23.0,3D,2025-08-19 06:12:21-04:00,POINT (-81.042897 33.993347)
2025-08-19 00:43:14 UTC,sensor07,236476538,24.3,89.65,2025-08-19 10:12:26+00:00,33.993665,-81.043047,68.6,7.63,0.3,338.76,23.0,3D,2025-08-19 06:12:26-04:00,POINT (-81.043047 33.993665)
2025-08-19 00:43:19 UTC,sensor07,236476538,24.26,89.86,2025-08-19 10:12:31+00:00,33.994005,-81.043197,68.7,7.98,-0.2,338.1,23.0,3D,2025-08-19 06:12:31-04:00,POINT (-81.043197 33.994005)
2025-08-19 00:43:24 UTC,sensor07,236476538,24.26,89.97,2025-08-19 10:12:36+00:00,33.994353,-81.04336,67.5,8.1,-0.1,338.65,23.0,3D,2025-08-19 06:12:36-04:00,POINT (-81.04336 33.994353)
2025-08-19 00:43:29 UTC,sensor07,236476538,24.29,90.0,2025-08-19 10:12:41+00:00,33.994717,-81.043515,66.2,8.8,-0.4,339.56,23.0,3D,2025-08-19 06:12:41-04:00,POINT (-81.043515 33.994717)
2025-08-19 00:43:34 UTC,sensor07,236476538,24.4,89.9,2025-08-19 10:12:46+00:00,33.995108,-81.043697,63.1,9.67,-0.7,338.85,23.0,3D,2025-08-19 06:12:46-04:00,POINT (-81.043697 33.995108)
2025-08-19 00:43:39 UTC,sensor07,236476538,24.48,89.65,2025-08-19 10:12:51+00:00,33.995505,-81.043885,60.5,9.21,-0.2,337.98,23.0,3D,2025-08-19 06:12:51-04:00,POINT (-81.043885 33.995505)
2025-08-19 00:43:45 UTC,sensor07,236476538,24.55,89.4,2025-08-19 10:12:56+00:00,33.995878,-81.044047,59.6,8.66,-0.2,340.32,23.0,3D,2025-08-19 06:12:56-04:00,POINT (-81.044047 33.995878)
2025-08-19 00:43:50 UTC,sensor07,236476538,24.58,89.3,2025-08-19 10:13:02+00:00,33.996318,-81.044235,59.5,8.64,0.1,0.0,23.0,3D,2025-08-19 06:13:02-04:00,POINT (-81.044235 33.996318)
2025-08-19 00:43:55 UTC,sensor07,236476538,24.57,89.11,2025-08-19 10:13:07+00:00,33.99668,-81.044388,59.3,8.18,-0.2,0.0,23.0,3D,2025-08-19 06:13:07-04:00,POINT (-81.044388 33.99668)
2025-08-19 00:44:00 UTC,sensor07,236476538,24.63,89.05,2025-08-19 10:13:12+00:00,33.997003,-81.044572,61.4,7.73,0.8,0.0,23.0,3D,2025-08-19 06:13:12-04:00,POINT (-81.044572 33.997003)
2025-08-19 00:44:05 UTC,sensor07,236476538,24.66,88.82,2025-08-19 10:13:17+00:00,33.997297,-81.044715,63.1,6.52,0.2,0.0,23.0,3D,2025-08-19 06:13:17-04:00,POINT (-81.044715 33.997297)
2025-08-19 00:44:10 UTC,sensor07,236476538,24.66,88.8,2025-08-19 10:13:22+00:00,33.997508,-81.044815,63.5,2.7,-0.2,343.83,23.0,3D,2025-08-19 06:13:22-04:00,POINT (-81.044815 33.997508)
2025-08-19 00:44:55 UTC,sensor07,236476538,24.71,88.44,2025-08-19 10:14:07+00:00,33.997698,-81.044942,62.6,5.03,0.0,303.8,23.0,3D,2025-08-19 06:14:07-04:00,POINT (-81.044942 33.997698)
2025-08-19 00:45:00 UTC,sensor07,236476538,24.67,88.52,2025-08-19 10:14:12+00:00,33.997702,-81.045257,62.4,7.3,-0.1,249.69,23.0,3D,2025-08-19 06:14:12-04:00,POINT (-81.045257 33.997702)
2025-08-19 00:45:05 UTC,sensor07,236476538,24.73,88.56,2025-08-19 10:14:17+00:00,33.997565,-81.045665,62.0,8.4,-0.3,247.57,23.0,3D,2025-08-19 06:14:17-04:00,POINT (-81.045665 33.997565)
2025-08-19 00:45:10 UTC,sensor07,236476538,24.66,88.53,2025-08-19 10:14:22+00:00,33.99741,-81.046072,61.0,7.01,0.5,248.21,23.0,3D,2025-08-19 06:14:22-04:00,POINT (-81.046072 33.99741)
2025-08-19 00:45:20 UTC,sensor07,236476538,24.65,88.79,2025-08-19 10:14:32+00:00,33.997273,-81.04642,60.4,2.75,0.4,238.26,23.0,3D,2025-08-19 06:14:32-04:00,POINT (-81.04642 33.997273)
2025-08-19 00:45:25 UTC,sensor07,236476538,24.65,88.76,2025-08-19 10:14:37+00:00,33.997208,-81.046512,57.4,2.76,-0.5,204.19,23.0,3D,2025-08-19 06:14:37-04:00,POINT (-81.046512 33.997208)
2025-08-19 00:45:30 UTC,sensor07,236476538,24.63,88.73,2025-08-19 10:14:42+00:00,33.997025,-81.046458,55.4,4.14,-0.3,157.61,23.0,3D,2025-08-19 06:14:42-04:00,POINT (-81.046458 33.997025)
2025-08-19 00:45:35 UTC,sensor07,236476538,24.61,88.73,2025-08-19 10:14:47+00:00,33.996873,-81.046377,55.8,2.74,0.1,161.34,22.0,3D,2025-08-19 06:14:47-04:00,POINT (-81.046377 33.996873)
2025-08-19 00:45:40 UTC,sensor07,236476538,24.62,88.79,2025-08-19 10:14:52+00:00,33.996755,-81.046333,56.6,2.75,0.2,166.73,22.0,3D,2025-08-19 06:14:52-04:00,POINT (-81.046333 33.996755)
2025-08-19 00:45:45 UTC,sensor07,236476538,24.67,88.83,2025-08-19 10:14:57+00:00,33.996635,-81.046253,56.1,3.26,-0.2,147.34,22.0,3D,2025-08-19 06:14:57-04:00,POINT (-81.046253 33.996635)
2025-08-19 00:45:51 UTC,sensor07,236476538,24.68,88.75,2025-08-19 10:15:02+00:00,33.996488,-81.046148,53.8,3.86,-0.4,164.15,22.0,3D,2025-08-19 06:15:02-04:00,POINT (-81.046148 33.996488)
2025-08-19 00:45:56 UTC,sensor07,236476538,24.66,88.67,2025-08-19 10:15:08+00:00,33.996288,-81.04614,55.1,4.09,0.1,0.0,22.0,3D,2025-08-19 06:15:08-04:00,POINT (-81.04614 33.996288)
2025-08-19 00:46:01 UTC,sensor07,236476538,24.63,88.64,2025-08-19 10:15:13+00:00,33.996222,-81.046022,53.3,2.64,-0.6,0.0,22.0,3D,2025-08-19 06:15:13-04:00,POINT (-81.046022 33.996222)
2025-08-19 00:46:16 UTC,sensor07,236476538,24.65,88.77,2025-08-19 10:15:28+00:00,33.996348,-81.046082,50.5,5.05,-0.4,0.0,22.0,3D,2025-08-19 06:15:28-04:00,POINT (-81.046082 33.996348)
2025-08-19 00:46:21 UTC,sensor07,236476538,24.67,88.71,2025-08-19 10:15:33+00:00,33.996622,-81.046198,49.6,6.92,0.0,0.0,22.0,3D,2025-08-19 06:15:33-04:00,POINT (-81.046198 33.996622)
2025-08-19 00:46:26 UTC,sensor07,236476538,24.64,88.63,2025-08-19 10:15:38+00:00,33.996898,-81.046327,51.3,5.5,1.0,0.0,4.0,3D,2025-08-19 06:15:38-04:00,POINT (-81.046327 33.996898)
2025-08-19 00:46:31 UTC,sensor07,236476538,24.64,88.69,2025-08-19 10:15:41+00:00,33.997023,-81.046378,53.3,3.61,0.8,341.97,22.0,3D,2025-08-19 06:15:41-04:00,POINT (-81.046378 33.997023)
2025-08-19 00:46:46 UTC,sensor07,236476538,24.57,88.83,2025-08-19 10:15:58+00:00,33.997205,-81.046455,57.1,2.92,0.0,0.0,13.0,3D,2025-08-19 06:15:58-04:00,POINT (-81.046455 33.997205)
2025-08-19 00:46:51 UTC,sensor07,236476538,24.55,88.95,2025-08-19 10:16:03+00:00,33.997292,-81.04658,57.4,3.74,-0.1,0.0,13.0,3D,2025-08-19 06:16:03-04:00,POINT (-81.04658 33.997292)
2025-08-19 00:46:56 UTC,sensor07,236476538,24.52,89.05,2025-08-19 10:16:08+00:00,33.997225,-81.04687,57.8,6.38,0.2,0.0,17.0,3D,2025-08-19 06:16:08-04:00,POINT (-81.04687 33.997225)
2025-08-19 00:47:01 UTC,sensor07,236476538,24.49,89.11,2025-08-19 10:16:13+00:00,33.997127,-81.047182,57.5,5.62,-0.1,0.0,17.0,3D,2025-08-19 06:16:13-04:00,POINT (-81.047182 33.997127)
2025-08-19 00:47:06 UTC,sensor07,236476538,24.46,89.21,2025-08-19 10:16:18+00:00,33.997138,-81.047397,55.6,3.55,-0.5,0.0,22.0,3D,2025-08-19 06:16:18-04:00,POINT (-81.047397 33.997138)
2025-08-19 00:47:11 UTC,sensor07,236476538,24.46,89.35,2025-08-19 10:16:23+00:00,33.997328,-81.047508,54.3,5.18,-0.2,0.0,22.0,3D,2025-08-19 06:16:23-04:00,POINT (-81.047508 33.997328)
2025-08-19 00:47:16 UTC,sensor07,236476538,24.46,89.37,2025-08-19 10:16:28+00:00,33.99746,-81.047413,54.2,2.71,-0.2,73.87,22.0,3D,2025-08-19 06:16:28-04:00,POINT (-81.047413 33.99746)
2025-08-19 00:47:21 UTC,sensor07,236476538,24.47,89.38,2025-08-19 10:16:33+00:00,33.997505,-81.04719,51.9,4.26,-0.4,76.47,22.0,3D,2025-08-19 06:16:33-04:00,POINT (-81.04719 33.997505)
2025-08-19 00:47:26 UTC,sensor07,236476538,24.48,89.45,2025-08-19 10:16:38+00:00,33.997575,-81.046978,50.5,3.53,0.0,67.43,22.0,3D,2025-08-19 06:16:38-04:00,POINT (-81.046978 33.997575)
2025-08-19 00:47:36 UTC,sensor07,236476538,24.4,89.48,2025-08-19 10:16:48+00:00,33.997653,-81.046743,49.1,2.62,0.0,40.38,22.0,3D,2025-08-19 06:16:48-04:00,POINT (-81.046743 33.997653)
2025-08-19 00:47:41 UTC,sensor07,236476538,24.4,89.6,2025-08-19 10:16:53+00:00,33.997823,-81.046748,49.3,4.57,-0.2,339.61,22.0,3D,2025-08-19 06:16:53-04:00,POINT (-81.046748 33.997823)
2025-08-19 00:47:46 UTC,sensor07,236476538,24.44,89.73,2025-08-19 10:16:58+00:00,33.998067,-81.04686,49.7,5.96,0.5,338.32,22.0,3D,2025-08-19 06:16:58-04:00,POINT (-81.04686 33.998067)
2025-08-19 00:47:51 UTC,sensor07,236476538,24.47,89.76,2025-08-19 10:17:03+00:00,33.998282,-81.046967,50.0,4.88,0.1,341.44,22.0,3D,2025-08-19 06:17:03-04:00,POINT (-81.046967 33.998282)
2025-08-19 00:48:02 UTC,sensor07,236476538,24.38,89.63,2025-08-19 10:17:14+00:00,33.998465,-81.047087,54.5,2.63,0.4,0.0,22.0,3D,2025-08-19 06:17:14-04:00,POINT (-81.047087 33.998465)
2025-08-19 00:48:07 UTC,sensor07,236476538,24.34,89.72,2025-08-19 10:17:19+00:00,33.998517,-81.047232,55.4,3.85,0.2,0.0,22.0,3D,2025-08-19 06:17:19-04:00,POINT (-81.047232 33.998517)
2025-08-19 00:48:12 UTC,sensor07,236476538,24.35,89.78,2025-08-19 10:17:24+00:00,33.998467,-81.04749,58.3,5.62,0.5,0.0,22.0,3D,2025-08-19 06:17:24-04:00,POINT (-81.04749 33.998467)
2025-08-19 00:48:17 UTC,sensor07,236476538,24.34,89.78,2025-08-19 10:17:29+00:00,33.998385,-81.04773,62.8,2.87,1.4,0.0,22.0,3D,2025-08-19 06:17:29-04:00,POINT (-81.04773 33.998385)
2025-08-19 00:48:22 UTC,sensor07,236476538,24.35,89.8,2025-08-19 10:17:34+00:00,33.998345,-81.047852,67.1,3.34,0.6,0.0,22.0,3D,2025-08-19 06:17:34-04:00,POINT (-81.047852 33.998345)
2025-08-19 00:48:27 UTC,sensor07,236476538,24.34,89.82,2025-08-19 10:17:39+00:00,33.998262,-81.0481,69.7,3.64,0.6,243.89,22.0,3D,2025-08-19 06:17:39-04:00,POINT (-81.0481 33.998262)
2025-08-19 00:48:37 UTC,sensor07,236476538,24.31,89.89,2025-08-19 10:17:49+00:00,33.998135,-81.048432,75.8,4.77,1.2,247.4,22.0,3D,2025-08-19 06:17:49-04:00,POINT (-81.048432 33.998135)
2025-08-19 00:48:47 UTC,sensor07,236476538,24.3,89.92,2025-08-19 10:17:59+00:00,33.997945,-81.04869,75.8,3.93,-0.9,176.02,22.0,3D,2025-08-19 06:17:59-04:00,POINT (-81.04869 33.997945)
2025-08-19 00:48:52 UTC,sensor07,236476538,24.32,89.96,2025-08-19 10:18:04+00:00,33.997778,-81.048585,69.5,4.36,-1.0,155.89,22.0,3D,2025-08-19 06:18:04-04:00,POINT (-81.048585 33.997778)
2025-08-19 00:48:57 UTC,sensor07,236476538,24.33,89.92,2025-08-19 10:18:09+00:00,33.99763,-81.04849,64.4,2.94,-1.2,138.55,22.0,3D,2025-08-19 06:18:09-04:00,POINT (-81.04849 33.99763)
2025-08-19 00:49:02 UTC,sensor07,236476538,24.32,89.86,2025-08-19 10:18:14+00:00,33.997563,-81.048323,60.5,3.85,-0.6,101.93,22.0,3D,2025-08-19 06:18:14-04:00,POINT (-81.048323 33.997563)
2025-08-19 00:49:07 UTC,sensor07,236476538,24.33,89.89,2025-08-19 10:18:19+00:00,33.99761,-81.04811,56.0,3.22,-1.0,71.36,22.0,3D,2025-08-19 06:18:19-04:00,POINT (-81.04811 33.99761)
2025-08-19 00:49:12 UTC,sensor07,236476538,24.35,89.9,2025-08-19 10:18:24+00:00,33.997652,-81.047932,52.5,3.81,-0.8,69.14,22.0,3D,2025-08-19 06:18:24-04:00,POINT (-81.047932 33.997652)
2025-08-19 00:49:22 UTC,sensor07,236476538,24.4,89.93,2025-08-19 10:18:34+00:00,33.997665,-81.047638,49.6,3.41,-0.3,148.82,22.0,3D,2025-08-19 06:18:34-04:00,POINT (-81.047638 33.997665)
2025-08-19 00:49:27 UTC,sensor07,236476538,24.41,89.84,2025-08-19 10:18:39+00:00,33.997443,-81.047545,47.8,5.13,-0.1,164.98,22.0,3D,2025-08-19 06:18:39-04:00,POINT (-81.047545 33.997443)
2025-08-19 00:49:32 UTC,sensor07,236476538,24.41,89.77,2025-08-19 10:18:44+00:00,33.997253,-81.04749,47.5,2.5,0.0,168.21,22.0,3D,2025-08-19 06:18:44-04:00,POINT (-81.04749 33.997253)
2025-08-19 00:49:42 UTC,sensor07,236476538,24.38,89.79,2025-08-19 10:18:54+00:00,33.997062,-81.047472,48.8,2.83,-0.1,189.37,22.0,3D,2025-08-19 06:18:54-04:00,POINT (-81.047472 33.997062)
2025-08-19 00:49:47 UTC,sensor07,236476538,24.35,89.81,2025-08-19 10:18:59+00:00,33.99695,-81.047682,47.6,6.87,-0.3,247.46,22.0,3D,2025-08-19 06:18:59-04:00,POINT (-81.047682 33.99695)
2025-08-19 00:49:52 UTC,sensor07,236476538,24.38,89.81,2025-08-19 10:19:04+00:00,33.996815,-81.048108,46.9,8.52,-0.4,246.72,22.0,3D,2025-08-19 06:19:04-04:00,POINT (-81.048108 33.996815)
2025-08-19 00:49:57 UTC,sensor07,236476538,24.5,89.77,2025-08-19 10:19:09+00:00,33.996638,-81.048548,47.1,9.37,0.2,243.52,22.0,3D,2025-08-19 06:19:09-04:00,POINT (-81.048548 33.996638)
2025-08-19 00:50:03 UTC,sensor07,236476538,24.6,89.63,2025-08-19 10:19:14+00:00,33.996455,-81.049005,47.7,9.72,0.1,249.38,22.0,3D,2025-08-19 06:19:14-04:00,POINT (-81.049005 33.996455)
2025-08-19 00:50:08 UTC,sensor07,236476538,24.56,89.33,2025-08-19 10:19:20+00:00,33.996257,-81.049647,48.4,11.02,0.8,0.0,22.0,3D,2025-08-19 06:19:20-04:00,POINT (-81.049647 33.996257)
2025-08-19 00:50:13 UTC,sensor07,236476538,24.49,89.26,2025-08-19 10:19:25+00:00,33.996073,-81.050205,49.8,11.87,0.6,0.0,22.0,3D,2025-08-19 06:19:25-04:00,POINT (-81.050205 33.996073)
2025-08-19 00:50:18 UTC,sensor07,236476538,24.47,89.4,2025-08-19 10:19:30+00:00,33.99591,-81.050785,50.2,11.54,-0.9,0.0,22.0,3D,2025-08-19 06:19:30-04:00,POINT (-81.050785 33.99591)
2025-08-19 00:50:23 UTC,sensor07,236476538,24.42,89.48,2025-08-19 10:19:35+00:00,33.995722,-81.051345,50.9,10.44,0.2,0.0,22.0,3D,2025-08-19 06:19:35-04:00,POINT (-81.051345 33.995722)
2025-08-19 00:50:28 UTC,sensor07,236476538,24.47,89.69,2025-08-19 10:19:40+00:00,33.995533,-81.051903,50.6,10.9,-0.4,0.0,22.0,3D,2025-08-19 06:19:40-04:00,POINT (-81.051903 33.995533)
2025-08-19 00:50:33 UTC,sensor07,236476538,24.4,89.67,2025-08-19 10:19:45+00:00,33.99536,-81.052437,49.3,9.88,0.1,0.0,22.0,3D,2025-08-19 06:19:45-04:00,POINT (-81.052437 33.99536)
2025-08-19 00:50:38 UTC,sensor07,236476538,24.48,89.73,2025-08-19 10:19:50+00:00,33.995193,-81.052928,51.4,10.01,0.8,248.8,22.0,3D,2025-08-19 06:19:50-04:00,POINT (-81.052928 33.995193)
2025-08-19 00:50:43 UTC,sensor07,236476538,24.46,89.53,2025-08-19 10:19:50+00:00,33.995193,-81.052928,51.4,10.01,0.8,248.8,22.0,3D,2025-08-19 06:19:50-04:00,POINT (-81.052928 33.995193)
2025-08-19 00:50:48 UTC,sensor07,236476538,24.42,89.73,2025-08-19 10:20:00+00:00,33.994938,-81.053977,51.4,9.86,-0.7,256.19,23.0,3D,2025-08-19 06:20:00-04:00,POINT (-81.053977 33.994938)
2025-08-19 00:50:53 UTC,sensor07,236476538,24.36,89.9,2025-08-19 10:20:05+00:00,33.99484,-81.054453,52.2,8.65,0.6,256.31,23.0,3D,2025-08-19 06:20:05-04:00,POINT (-81.054453 33.99484)
2025-08-19 00:50:58 UTC,sensor07,236476538,24.4,89.82,2025-08-19 10:20:10+00:00,33.994755,-81.05488,53.2,8.15,0.1,258.15,24.0,3D,2025-08-19 06:20:10-04:00,POINT (-81.05488 33.994755)
2025-08-19 00:51:03 UTC,sensor07,236476538,24.37,89.78,2025-08-19 10:20:15+00:00,33.994673,-81.05531,55.5,8.28,0.9,256.41,24.0,3D,2025-08-19 06:20:15-04:00,POINT (-81.05531 33.994673)
2025-08-19 00:51:08 UTC,sensor07,236476538,24.4,89.77,2025-08-19 10:20:20+00:00,33.994577,-81.055713,59.4,7.71,0.5,253.63,24.0,3D,2025-08-19 06:20:20-04:00,POINT (-81.055713 33.994577)
2025-08-19 00:51:13 UTC,sensor07,236476538,24.42,89.66,2025-08-19 10:20:25+00:00,33.994455,-81.056113,62.9,8.37,0.8,248.92,24.0,3D,2025-08-19 06:20:25-04:00,POINT (-81.056113 33.994455)
2025-08-19 00:51:18 UTC,sensor07,236476538,24.48,89.57,2025-08-19 10:20:30+00:00,33.994327,-81.056562,65.7,8.55,0.4,251.94,24.0,3D,2025-08-19 06:20:30-04:00,POINT (-81.056562 33.994327)
2025-08-19 00:51:23 UTC,sensor07,236476538,24.56,89.41,2025-08-19 10:20:35+00:00,33.99422,-81.057057,64.0,9.07,-0.9,253.89,24.0,3D,2025-08-19 06:20:35-04:00,POINT (-81.057057 33.99422)
2025-08-19 00:51:28 UTC,sensor07,236476538,24.57,89.24,2025-08-19 10:20:40+00:00,33.994107,-81.05754,60.4,8.8,-0.6,255.19,24.0,3D,2025-08-19 06:20:40-04:00,POINT (-81.05754 33.994107)
2025-08-19 00:51:33 UTC,sensor07,236476538,24.51,89.17,2025-08-19 10:20:45+00:00,33.993993,-81.05802,58.4,9.06,-0.2,251.42,24.0,3D,2025-08-19 06:20:45-04:00,POINT (-81.05802 33.993993)
2025-08-19 00:51:38 UTC,sensor07,236476538,24.5,89.29,2025-08-19 10:20:50+00:00,33.99388,-81.05845,57.4,8.38,-0.3,253.23,24.0,3D,2025-08-19 06:20:50-04:00,POINT (-81.05845 33.99388)
2025-08-19 00:51:43 UTC,sensor07,236476538,24.44,89.34,2025-08-19 10:20:55+00:00,33.993768,-81.058882,59.7,8.51,0.7,252.03,24.0,3D,2025-08-19 06:20:55-04:00,POINT (-81.058882 33.993768)
2025-08-19 00:51:48 UTC,sensor07,236476538,24.51,89.5,2025-08-19 10:21:00+00:00,33.99365,-81.059347,60.7,8.93,0.4,251.38,24.0,3D,2025-08-19 06:21:00-04:00,POINT (-81.059347 33.99365)
2025-08-19 00:51:53 UTC,sensor07,236476538,24.44,89.46,2025-08-19 10:21:05+00:00,33.993523,-81.059815,63.6,8.06,0.7,250.68,24.0,3D,2025-08-19 06:21:05-04:00,POINT (-81.059815 33.993523)
2025-08-19 00:51:58 UTC,sensor07,236476538,24.5,89.41,2025-08-19 10:21:10+00:00,33.99342,-81.060178,66.2,7.17,0.6,250.9,24.0,3D,2025-08-19 06:21:10-04:00,POINT (-81.060178 33.99342)
2025-08-19 00:52:03 UTC,sensor07,236476538,24.4,89.4,2025-08-19 10:21:15+00:00,33.993302,-81.060555,69.5,7.33,0.3,250.14,24.0,3D,2025-08-19 06:21:15-04:00,POINT (-81.060555 33.993302)
2025-08-19 00:52:09 UTC,sensor07,236476538,24.41,89.56,2025-08-19 10:21:20+00:00,33.993182,-81.060933,70.7,7.53,0.2,250.08,24.0,3D,2025-08-19 06:21:20-04:00,POINT (-81.060933 33.993182)
2025-08-19 00:52:14 UTC,sensor07,236476538,24.36,89.7,2025-08-19 10:21:26+00:00,33.993018,-81.061417,71.7,8.32,0.2,0.0,24.0,3D,2025-08-19 06:21:26-04:00,POINT (-81.061417 33.993018)
2025-08-19 00:52:19 UTC,sensor07,236476538,24.39,89.73,2025-08-19 10:21:31+00:00,33.992878,-81.06184,73.1,8.53,0.4,0.0,24.0,3D,2025-08-19 06:21:31-04:00,POINT (-81.06184 33.992878)
2025-08-19 00:52:24 UTC,sensor07,236476538,24.39,89.73,2025-08-19 10:21:36+00:00,33.992735,-81.062255,74.2,8.32,0.2,0.0,24.0,3D,2025-08-19 06:21:36-04:00,POINT (-81.062255 33.992735)
2025-08-19 00:52:29 UTC,sensor07,236476538,24.34,89.88,2025-08-19 10:21:41+00:00,33.9926,-81.062637,72.7,7.11,-0.3,0.0,24.0,3D,2025-08-19 06:21:41-04:00,POINT (-81.062637 33.9926)
2025-08-19 00:52:34 UTC,sensor07,236476538,24.34,89.93,2025-08-19 10:21:43+00:00,33.992553,-81.062775,72.3,6.97,-0.2,0.0,17.0,3D,2025-08-19 06:21:43-04:00,POINT (-81.062775 33.992553)
2025-08-19 00:52:39 UTC,sensor07,236476538,24.37,89.83,2025-08-19 10:21:48+00:00,33.99244,-81.063125,72.8,7.03,0.0,247.89,24.0,3D,2025-08-19 06:21:48-04:00,POINT (-81.063125 33.99244)
2025-08-19 00:52:44 UTC,sensor07,236476538,24.31,89.81,2025-08-19 10:21:56+00:00,33.992245,-81.0637,73.3,7.31,0.0,247.64,24.0,3D,2025-08-19 06:21:56-04:00,POINT (-81.0637 33.992245)
2025-08-19 00:52:49 UTC,sensor07,236476538,24.24,90.02,2025-08-19 10:22:01+00:00,33.992113,-81.06408,73.5,7.83,0.1,247.24,24.0,3D,2025-08-19 06:22:01-04:00,POINT (-81.06408 33.992113)
2025-08-19 00:52:54 UTC,sensor07,236476538,24.25,90.13,2025-08-19 10:22:06+00:00,33.991978,-81.064478,73.4,8.01,0.0,247.07,24.0,3D,2025-08-19 06:22:06-04:00,POINT (-81.064478 33.991978)
2025-08-19 00:52:59 UTC,sensor07,236476538,24.21,90.12,2025-08-19 10:22:11+00:00,33.991845,-81.064902,73.5,8.43,-0.1,248.34,24.0,3D,2025-08-19 06:22:11-04:00,POINT (-81.064902 33.991845)
2025-08-19 00:53:04 UTC,sensor07,236476538,24.19,90.24,2025-08-19 10:22:16+00:00,33.991698,-81.065332,74.2,8.65,0.5,247.43,24.0,3D,2025-08-19 06:22:16-04:00,POINT (-81.065332 33.991698)
2025-08-19 00:53:09 UTC,sensor07,236476538,24.19,90.3,2025-08-19 10:22:21+00:00,33.991557,-81.06574,74.3,7.87,0.6,247.46,24.0,3D,2025-08-19 06:22:21-04:00,POINT (-81.06574 33.991557)
2025-08-19 00:53:14 UTC,sensor07,236476538,24.23,90.18,2025-08-19 10:22:26+00:00,33.991415,-81.06614,75.2,8.21,0.7,247.68,24.0,3D,2025-08-19 06:22:26-04:00,POINT (-81.06614 33.991415)
2025-08-19 00:53:19 UTC,sensor07,236476538,24.22,90.19,2025-08-19 10:22:31+00:00,33.991278,-81.066565,77.9,8.49,0.3,247.66,24.0,3D,2025-08-19 06:22:31-04:00,POINT (-81.066565 33.991278)
2025-08-19 00:53:24 UTC,sensor07,236476538,24.28,90.12,2025-08-19 10:22:36+00:00,33.991128,-81.066998,78.8,8.33,0.0,247.89,24.0,3D,2025-08-19 06:22:36-04:00,POINT (-81.066998 33.991128)
2025-08-19 00:53:29 UTC,sensor07,236476538,24.39,89.84,2025-08-19 10:22:41+00:00,33.99099,-81.067412,80.2,8.16,0.5,249.38,24.0,3D,2025-08-19 06:22:41-04:00,POINT (-81.067412 33.99099)
2025-08-19 00:53:34 UTC,sensor07,236476538,24.35,89.75,2025-08-19 10:22:46+00:00,33.990853,-81.067818,79.9,7.78,0.5,247.05,24.0,3D,2025-08-19 06:22:46-04:00,POINT (-81.067818 33.990853)
2025-08-19 00:53:39 UTC,sensor07,236476538,24.27,89.86,2025-08-19 10:22:51+00:00,33.990715,-81.068215,82.9,8.26,0.7,247.18,24.0,3D,2025-08-19 06:22:51-04:00,POINT (-81.068215 33.990715)
2025-08-19 00:53:44 UTC,sensor07,236476538,24.23,89.99,2025-08-19 10:22:56+00:00,33.990578,-81.068625,86.6,8.37,0.7,247.35,24.0,3D,2025-08-19 06:22:56-04:00,POINT (-81.068625 33.990578)
2025-08-19 00:53:49 UTC,sensor07,236476538,24.21,90.22,2025-08-19 10:23:01+00:00,33.99043,-81.069042,88.3,8.26,0.5,246.8,24.0,3D,2025-08-19 06:23:01-04:00,POINT (-81.069042 33.99043)
2025-08-19 00:53:54 UTC,sensor07,236476538,24.25,90.19,2025-08-19 10:23:06+00:00,33.990292,-81.069452,90.7,7.84,1.0,247.95,24.0,3D,2025-08-19 06:23:06-04:00,POINT (-81.069452 33.990292)
2025-08-19 00:53:59 UTC,sensor07,236476538,24.29,90.15,2025-08-19 10:23:11+00:00,33.990152,-81.069848,90.5,8.15,0.0,247.17,24.0,3D,2025-08-19 06:23:11-04:00,POINT (-81.069848 33.990152)
2025-08-19 00:54:04 UTC,sensor07,236476538,24.26,90.03,2025-08-19 10:23:16+00:00,33.990005,-81.070263,89.2,8.5,-0.1,247.29,24.0,3D,2025-08-19 06:23:16-04:00,POINT (-81.070263 33.990005)
2025-08-19 00:54:10 UTC,sensor07,236476538,24.21,90.03,2025-08-19 10:23:21+00:00,33.989853,-81.070688,87.4,8.73,-0.4,247.41,24.0,3D,2025-08-19 06:23:21-04:00,POINT (-81.070688 33.989853)
2025-08-19 00:54:15 UTC,sensor07,236476538,24.17,90.12,2025-08-19 10:23:27+00:00,33.98962,-81.071197,88.1,8.92,0.0,0.0,24.0,3D,2025-08-19 06:23:27-04:00,POINT (-81.071197 33.98962)
2025-08-19 00:54:20 UTC,sensor07,236476538,24.16,90.23,2025-08-19 10:23:32+00:00,33.989377,-81.071587,85.4,9.23,-0.8,0.0,24.0,3D,2025-08-19 06:23:32-04:00,POINT (-81.071587 33.989377)
2025-08-19 00:54:25 UTC,sensor07,236476538,24.19,90.29,2025-08-19 10:23:37+00:00,33.9891,-81.07194,82.7,8.56,-0.2,0.0,24.0,3D,2025-08-19 06:23:37-04:00,POINT (-81.07194 33.9891)
2025-08-19 00:54:30 UTC,sensor07,236476538,24.16,90.28,2025-08-19 10:23:42+00:00,33.988847,-81.072215,82.9,7.32,0.0,0.0,24.0,3D,2025-08-19 06:23:42-04:00,POINT (-81.072215 33.988847)
2025-08-19 00:54:35 UTC,sensor07,236476538,24.2,90.36,2025-08-19 10:23:47+00:00,33.98858,-81.072455,85.2,7.42,0.5,0.0,21.0,3D,2025-08-19 06:23:47-04:00,POINT (-81.072455 33.98858)
2025-08-19 00:54:40 UTC,sensor07,236476538,24.19,90.23,2025-08-19 10:23:52+00:00,33.988338,-81.07267,87.1,5.13,0.2,216.13,21.0,3D,2025-08-19 06:23:52-04:00,POINT (-81.07267 33.988338)
2025-08-19 00:54:45 UTC,sensor07,236476538,24.17,90.27,2025-08-19 10:23:57+00:00,33.988173,-81.072812,88.5,5.47,0.1,215.94,24.0,3D,2025-08-19 06:23:57-04:00,POINT (-81.072812 33.988173)
2025-08-19 00:54:50 UTC,sensor07,236476538,24.23,90.32,2025-08-19 10:24:02+00:00,33.987933,-81.073008,90.7,7.36,0.8,217.56,24.0,3D,2025-08-19 06:24:02-04:00,POINT (-81.073008 33.987933)
2025-08-19 00:54:55 UTC,sensor07,236476538,24.25,90.22,2025-08-19 10:24:07+00:00,33.987675,-81.073285,91.3,7.7,0.2,222.02,24.0,3D,2025-08-19 06:24:07-04:00,POINT (-81.073285 33.987675)
2025-08-19 00:55:00 UTC,sensor07,236476538,24.31,90.08,2025-08-19 10:24:12+00:00,33.98742,-81.0736,89.3,7.68,-1.0,229.54,24.0,3D,2025-08-19 06:24:12-04:00,POINT (-81.0736 33.98742)
2025-08-19 00:55:05 UTC,sensor07,236476538,24.3,89.91,2025-08-19 10:24:17+00:00,33.987217,-81.07392,88.4,7.45,0.3,234.14,24.0,3D,2025-08-19 06:24:17-04:00,POINT (-81.07392 33.987217)
2025-08-19 00:55:10 UTC,sensor07,236476538,24.43,89.84,2025-08-19 10:24:22+00:00,33.987032,-81.074272,87.9,7.72,0.2,239.37,24.0,3D,2025-08-19 06:24:22-04:00,POINT (-81.074272 33.987032)
2025-08-19 00:55:15 UTC,sensor07,236476538,24.4,89.57,2025-08-19 10:24:27+00:00,33.986873,-81.074655,89.7,7.91,0.6,245.74,24.0,3D,2025-08-19 06:24:27-04:00,POINT (-81.074655 33.986873)
2025-08-19 00:55:20 UTC,sensor07,236476538,24.36,89.62,2025-08-19 10:24:32+00:00,33.986745,-81.07505,90.5,7.62,-0.8,251.32,24.0,3D,2025-08-19 06:24:32-04:00,POINT (-81.07505 33.986745)
2025-08-19 00:55:25 UTC,sensor07,236476538,24.32,89.72,2025-08-19 10:24:37+00:00,33.986645,-81.07546,90.3,7.93,0.0,257.08,24.0,3D,2025-08-19 06:24:37-04:00,POINT (-81.07546 33.986645)
2025-08-19 00:55:30 UTC,sensor07,236476538,24.26,89.86,2025-08-19 10:24:42+00:00,33.986585,-81.075892,89.2,8.18,0.1,262.64,24.0,3D,2025-08-19 06:24:42-04:00,POINT (-81.075892 33.986585)
2025-08-19 00:55:35 UTC,sensor07,236476538,24.27,89.97,2025-08-19 10:24:47+00:00,33.986545,-81.076317,89.2,7.76,0.1,263.19,24.0,3D,2025-08-19 06:24:47-04:00,POINT (-81.076317 33.986545)
2025-08-19 00:55:40 UTC,sensor07,236476538,24.27,89.92,2025-08-19 10:24:52+00:00,33.986493,-81.076742,89.1,7.77,0.2,261.82,24.0,3D,2025-08-19 06:24:52-04:00,POINT (-81.076742 33.986493)
2025-08-19 00:55:45 UTC,sensor07,236476538,24.25,89.89,2025-08-19 10:24:57+00:00,33.986455,-81.077168,88.5,7.74,0.2,263.7,24.0,3D,2025-08-19 06:24:57-04:00,POINT (-81.077168 33.986455)
2025-08-19 00:55:50 UTC,sensor07,236476538,24.22,90.03,2025-08-19 10:25:02+00:00,33.986415,-81.077563,88.8,7.39,-0.1,261.14,24.0,3D,2025-08-19 06:25:02-04:00,POINT (-81.077563 33.986415)
2025-08-19 00:55:55 UTC,sensor07,236476538,24.24,90.06,2025-08-19 10:25:07+00:00,33.986377,-81.077927,92.7,6.55,1.3,261.64,24.0,3D,2025-08-19 06:25:07-04:00,POINT (-81.077927 33.986377)
2025-08-19 00:56:00 UTC,sensor07,236476538,24.18,90.1,2025-08-19 10:25:12+00:00,33.986338,-81.078298,93.4,6.81,0.3,263.54,24.0,3D,2025-08-19 06:25:12-04:00,POINT (-81.078298 33.986338)
2025-08-19 00:56:05 UTC,sensor07,236476538,24.21,90.23,2025-08-19 10:25:17+00:00,33.986305,-81.078658,98.0,6.34,0.8,262.49,24.0,3D,2025-08-19 06:25:17-04:00,POINT (-81.078658 33.986305)
2025-08-19 00:56:11 UTC,sensor07,236476538,24.2,90.17,2025-08-19 10:25:22+00:00,33.986272,-81.07897,99.3,3.94,0.4,263.05,24.0,3D,2025-08-19 06:25:22-04:00,POINT (-81.07897 33.986272)
2025-08-19 00:56:16 UTC,sensor07,236476538,24.22,90.18,2025-08-19 10:25:28+00:00,33.986338,-81.079155,99.5,3.73,0.3,0.0,24.0,3D,2025-08-19 06:25:28-04:00,POINT (-81.079155 33.986338)
2025-08-19 00:56:21 UTC,sensor07,236476538,24.23,90.26,2025-08-19 10:25:33+00:00,33.986568,-81.079272,101.3,6.47,0.2,0.0,24.0,3D,2025-08-19 06:25:33-04:00,POINT (-81.079272 33.986568)
2025-08-19 00:56:26 UTC,sensor07,236476538,24.17,90.3,2025-08-19 10:25:38+00:00,33.986873,-81.079425,102.8,7.73,0.1,0.0,24.0,3D,2025-08-19 06:25:38-04:00,POINT (-81.079425 33.986873)
2025-08-19 00:56:31 UTC,sensor07,236476538,24.1,90.39,2025-08-19 10:25:43+00:00,33.987227,-81.079612,100.7,8.53,-0.4,0.0,24.0,3D,2025-08-19 06:25:43-04:00,POINT (-81.079612 33.987227)
2025-08-19 00:56:36 UTC,sensor07,236476538,24.07,90.48,2025-08-19 10:25:48+00:00,33.987582,-81.079805,101.8,8.81,0.2,0.0,4.0,3D,2025-08-19 06:25:48-04:00,POINT (-81.079805 33.987582)
2025-08-19 00:56:41 UTC,sensor07,236476538,24.09,90.65,2025-08-19 10:25:53+00:00,33.987945,-81.079977,100.9,8.64,0.0,0.0,4.0,3D,2025-08-19 06:25:53-04:00,POINT (-81.079977 33.987945)
2025-08-19 00:56:46 UTC,sensor07,236476538,24.09,90.89,2025-08-19 10:25:58+00:00,33.988285,-81.08015,101.0,7.9,0.0,0.0,8.0,3D,2025-08-19 06:25:58-04:00,POINT (-81.08015 33.988285)
2025-08-19 00:56:51 UTC,sensor07,236476538,24.11,90.96,2025-08-19 10:26:03+00:00,33.98859,-81.080312,100.9,7.1,0.2,0.0,12.0,3D,2025-08-19 06:26:03-04:00,POINT (-81.080312 33.98859)
2025-08-19 00:56:56 UTC,sensor07,236476538,24.11,90.89,2025-08-19 10:26:08+00:00,33.988867,-81.080452,101.0,6.64,-0.1,0.0,13.0,3D,2025-08-19 06:26:08-04:00,POINT (-81.080452 33.988867)
2025-08-19 00:57:01 UTC,sensor07,236476538,24.1,90.91,2025-08-19 10:26:13+00:00,33.989098,-81.080563,101.1,3.03,0.2,0.0,13.0,3D,2025-08-19 06:26:13-04:00,POINT (-81.080563 33.989098)
2025-08-19 00:57:16 UTC,sensor07,236476538,24.12,90.77,2025-08-19 10:26:28+00:00,33.989247,-81.08066,102.3,4.13,0.0,0.0,21.0,3D,2025-08-19 06:26:28-04:00,POINT (-81.08066 33.989247)
2025-08-19 00:57:21 UTC,sensor07,236476538,24.12,90.72,2025-08-19 10:26:33+00:00,33.989412,-81.080635,101.7,4.57,-0.1,0.0,21.0,3D,2025-08-19 06:26:33-04:00,POINT (-81.080635 33.989412)
2025-08-19 00:57:26 UTC,sensor07,236476538,24.12,90.77,2025-08-19 10:26:38+00:00,33.989543,-81.080317,100.7,7.89,-0.2,0.0,24.0,3D,2025-08-19 06:26:38-04:00,POINT (-81.080317 33.989543)
2025-08-19 00:57:31 UTC,sensor07,236476538,24.09,90.78,2025-08-19 10:26:43+00:00,33.989703,-81.079887,98.6,8.58,0.0,65.51,24.0,3D,2025-08-19 06:26:43-04:00,POINT (-81.079887 33.989703)
2025-08-19 00:57:36 UTC,sensor07,236476538,24.1,90.9,2025-08-19 10:26:48+00:00,33.989862,-81.079452,96.9,8.6,-0.4,66.82,24.0,3D,2025-08-19 06:26:48-04:00,POINT (-81.079452 33.989862)
2025-08-19 00:57:41 UTC,sensor07,236476538,24.14,90.94,2025-08-19 10:26:53+00:00,33.990017,-81.079025,95.9,8.34,-0.3,67.45,24.0,3D,2025-08-19 06:26:53-04:00,POINT (-81.079025 33.990017)
2025-08-19 00:57:46 UTC,sensor07,236476538,24.24,90.76,2025-08-19 10:26:58+00:00,33.99016,-81.078622,95.1,8.18,0.0,66.06,24.0,3D,2025-08-19 06:26:58-04:00,POINT (-81.078622 33.99016)
2025-08-19 00:57:51 UTC,sensor07,236476538,24.24,90.53,2025-08-19 10:27:03+00:00,33.990312,-81.07821,94.5,8.31,-0.2,66.04,24.0,3D,2025-08-19 06:27:03-04:00,POINT (-81.07821 33.990312)
2025-08-19 00:57:56 UTC,sensor07,236476538,24.28,90.49,2025-08-19 10:27:08+00:00,33.99046,-81.077805,94.4,8.04,-0.2,66.69,24.0,3D,2025-08-19 06:27:08-04:00,POINT (-81.077805 33.99046)
2025-08-19 00:58:01 UTC,sensor07,236476538,24.31,90.42,2025-08-19 10:27:13+00:00,33.9906,-81.077398,93.8,8.04,-0.4,67.92,24.0,3D,2025-08-19 06:27:13-04:00,POINT (-81.077398 33.9906)
2025-08-19 00:58:06 UTC,sensor07,236476538,24.39,90.18,2025-08-19 10:27:18+00:00,33.990743,-81.07698,92.7,8.21,-0.5,71.4,24.0,3D,2025-08-19 06:27:18-04:00,POINT (-81.07698 33.990743)
2025-08-19 00:58:11 UTC,sensor07,236476538,24.43,89.99,2025-08-19 10:27:23+00:00,33.99088,-81.076513,90.1,10.24,-0.6,71.6,24.0,3D,2025-08-19 06:27:23-04:00,POINT (-81.076513 33.99088)
2025-08-19 00:58:17 UTC,sensor07,236476538,24.38,89.88,2025-08-19 10:27:29+00:00,33.991035,-81.075853,89.0,10.59,0.7,0.0,24.0,3D,2025-08-19 06:27:29-04:00,POINT (-81.075853 33.991035)
2025-08-19 00:58:22 UTC,sensor07,236476538,24.38,89.94,2025-08-19 10:27:34+00:00,33.991148,-81.075363,88.1,9.3,-0.6,0.0,24.0,3D,2025-08-19 06:27:34-04:00,POINT (-81.075363 33.991148)
2025-08-19 00:58:27 UTC,sensor07,236476538,24.29,89.96,2025-08-19 10:27:39+00:00,33.991257,-81.0749,87.0,8.61,0.1,0.0,24.0,3D,2025-08-19 06:27:39-04:00,POINT (-81.0749 33.991257)
2025-08-19 00:58:32 UTC,sensor07,236476538,24.35,90.13,2025-08-19 10:27:44+00:00,33.991355,-81.074438,85.4,9.2,-0.2,0.0,24.0,3D,2025-08-19 06:27:44-04:00,POINT (-81.074438 33.991355)
2025-08-19 00:58:37 UTC,sensor07,236476538,24.36,90.07,2025-08-19 10:27:49+00:00,33.991455,-81.073948,83.9,9.5,-0.2,0.0,24.0,3D,2025-08-19 06:27:49-04:00,POINT (-81.073948 33.991455)
2025-08-19 00:58:42 UTC,sensor07,236476538,24.34,90.06,2025-08-19 10:27:54+00:00,33.99155,-81.073455,83.3,9.65,-0.1,0.0,24.0,3D,2025-08-19 06:27:54-04:00,POINT (-81.073455 33.99155)
2025-08-19 00:58:47 UTC,sensor07,236476538,24.32,90.07,2025-08-19 10:27:59+00:00,33.99167,-81.07293,82.2,10.45,-0.3,76.85,24.0,3D,2025-08-19 06:27:59-04:00,POINT (-81.07293 33.99167)
2025-08-19 00:58:52 UTC,sensor07,236476538,24.3,90.14,2025-08-19 10:28:04+00:00,33.991792,-81.072367,81.0,10.08,-0.1,75.18,24.0,3D,2025-08-19 06:28:04-04:00,POINT (-81.072367 33.991792)
2025-08-19 00:58:57 UTC,sensor07,236476538,24.35,90.29,2025-08-19 10:28:09+00:00,33.991903,-81.071873,80.7,9.59,-0.2,75.35,24.0,3D,2025-08-19 06:28:09-04:00,POINT (-81.071873 33.991903)
2025-08-19 00:59:02 UTC,sensor07,236476538,24.38,90.13,2025-08-19 10:28:14+00:00,33.992008,-81.071368,79.4,9.57,-0.5,76.54,24.0,3D,2025-08-19 06:28:14-04:00,POINT (-81.071368 33.992008)
2025-08-19 00:59:07 UTC,sensor07,236476538,24.3,90.08,2025-08-19 10:28:19+00:00,33.992117,-81.070873,78.0,9.17,0.0,72.33,24.0,3D,2025-08-19 06:28:19-04:00,POINT (-81.070873 33.992117)
2025-08-19 00:59:12 UTC,sensor07,236476538,24.37,90.17,2025-08-19 10:28:24+00:00,33.992223,-81.070408,77.1,8.78,-0.1,75.96,24.0,3D,2025-08-19 06:28:24-04:00,POINT (-81.070408 33.992223)
2025-08-19 00:59:17 UTC,sensor07,236476538,24.31,90.11,2025-08-19 10:28:29+00:00,33.992318,-81.069953,75.7,8.3,-0.2,77.01,24.0,3D,2025-08-19 06:28:29-04:00,POINT (-81.069953 33.992318)
2025-08-19 00:59:22 UTC,sensor07,236476538,24.28,90.27,2025-08-19 10:28:34+00:00,33.992388,-81.069532,77.3,7.5,0.8,84.03,24.0,3D,2025-08-19 06:28:34-04:00,POINT (-81.069532 33.992388)
2025-08-19 00:59:27 UTC,sensor07,236476538,24.2,90.32,2025-08-19 10:28:39+00:00,33.992392,-81.069122,79.9,7.64,0.5,90.25,24.0,3D,2025-08-19 06:28:39-04:00,POINT (-81.069122 33.992392)
2025-08-19 00:59:32 UTC,sensor07,236476538,24.19,90.44,2025-08-19 10:28:44+00:00,33.992368,-81.068745,81.4,6.34,0.3,96.66,24.0,3D,2025-08-19 06:28:44-04:00,POINT (-81.068745 33.992368)
2025-08-19 00:59:37 UTC,sensor07,236476538,24.17,90.49,2025-08-19 10:28:49+00:00,33.99233,-81.068427,82.4,5.95,0.1,99.97,24.0,3D,2025-08-19 06:28:49-04:00,POINT (-81.068427 33.99233)
2025-08-19 00:59:42 UTC,sensor07,236476538,24.13,90.61,2025-08-19 10:28:54+00:00,33.992268,-81.068143,83.8,4.39,0.3,113.01,24.0,3D,2025-08-19 06:28:54-04:00,POINT (-81.068143 33.992268)
2025-08-19 00:59:47 UTC,sensor07,236476538,24.14,90.65,2025-08-19 10:28:59+00:00,33.992207,-81.068033,85.7,2.35,0.7,138.9,24.0,3D,2025-08-19 06:28:59-04:00,POINT (-81.068033 33.992207)
2025-08-19 00:59:52 UTC,sensor07,236476538,24.12,90.72,2025-08-19 10:29:04+00:00,33.992032,-81.067943,85.7,5.36,0.1,169.77,24.0,3D,2025-08-19 06:29:04-04:00,POINT (-81.067943 33.992032)
2025-08-19 00:59:57 UTC,sensor07,236476538,24.14,90.68,2025-08-19 10:29:09+00:00,33.99174,-81.067902,84.7,6.37,-0.1,169.43,24.0,3D,2025-08-19 06:29:09-04:00,POINT (-81.067902 33.99174)
2025-08-19 01:00:02 UTC,sensor07,236476538,24.19,90.68,2025-08-19 10:29:14+00:00,33.991443,-81.067855,83.3,6.07,0.0,170.39,24.0,3D,2025-08-19 06:29:14-04:00,POINT (-81.067855 33.991443)
2025-08-19 01:00:07 UTC,sensor07,236476538,24.19,90.61,2025-08-19 10:29:19+00:00,33.991188,-81.067818,82.2,4.69,-0.3,169.02,24.0,3D,2025-08-19 06:29:19-04:00,POINT (-81.067818 33.991188)
2025-08-19 01:00:18 UTC,sensor07,236476538,24.2,90.52,2025-08-19 10:29:29+00:00,33.990948,-81.06775,81.6,2.43,0.1,170.98,24.0,3D,2025-08-19 06:29:29-04:00,POINT (-81.06775 33.990948)
2025-08-19 01:00:23 UTC,sensor07,236476538,24.21,90.51,2025-08-19 10:29:34+00:00,33.990837,-81.067768,83.1,2.42,0.3,220.81,24.0,3D,2025-08-19 06:29:34-04:00,POINT (-81.067768 33.990837)
2025-08-19 01:00:28 UTC,sensor07,236476538,24.23,90.53,2025-08-19 10:29:40+00:00,33.990757,-81.068042,82.9,5.84,0.1,0.0,24.0,3D,2025-08-19 06:29:40-04:00,POINT (-81.068042 33.990757)
2025-08-19 01:00:33 UTC,sensor07,236476538,24.21,90.53,2025-08-19 10:29:44+00:00,33.990687,-81.068273,83.1,5.6,0.0,246.16,24.0,3D,2025-08-19 06:29:44-04:00,POINT (-81.068273 33.990687)
2025-08-19 01:00:38 UTC,sensor07,236476538,24.15,90.5,2025-08-19 10:29:44+00:00,33.990687,-81.068273,83.1,5.6,0.0,246.16,11.0,3D,2025-08-19 06:29:44-04:00,POINT (-81.068273 33.990687)
2025-08-19 01:00:43 UTC,sensor07,236476538,24.16,90.62,2025-08-19 10:29:55+00:00,33.990478,-81.068913,87.5,5.54,0.2,0.0,24.0,3D,2025-08-19 06:29:55-04:00,POINT (-81.068913 33.990478)
2025-08-19 01:00:48 UTC,sensor07,236476538,24.15,90.64,2025-08-19 10:30:00+00:00,33.990382,-81.06919,87.0,5.69,-0.3,0.0,24.0,3D,2025-08-19 06:30:00-04:00,POINT (-81.06919 33.990382)
2025-08-19 01:00:53 UTC,sensor07,236476538,24.23,90.69,2025-08-19 10:30:05+00:00,33.990292,-81.069462,86.9,5.38,0.1,247.38,24.0,3D,2025-08-19 06:30:05-04:00,POINT (-81.069462 33.990292)
2025-08-19 01:00:58 UTC,sensor07,236476538,24.25,90.48,2025-08-19 10:30:10+00:00,33.990202,-81.06972,86.4,4.69,0.0,246.39,24.0,3D,2025-08-19 06:30:10-04:00,POINT (-81.06972 33.990202)
2025-08-19 01:01:03 UTC,sensor07,236476538,24.28,90.41,2025-08-19 10:30:15+00:00,33.990122,-81.069948,86.7,4.29,0.0,246.33,24.0,3D,2025-08-19 06:30:15-04:00,POINT (-81.069948 33.990122)
2025-08-19 01:01:08 UTC,sensor07,236476538,24.38,90.25,2025-08-19 10:30:20+00:00,33.990052,-81.070153,87.1,4.14,0.0,247.11,24.0,3D,2025-08-19 06:30:20-04:00,POINT (-81.070153 33.990052)
2025-08-19 01:01:13 UTC,sensor07,236476538,24.35,90.02,2025-08-19 10:30:25+00:00,33.989985,-81.070367,89.3,4.51,0.6,249.32,24.0,3D,2025-08-19 06:30:25-04:00,POINT (-81.070367 33.989985)
2025-08-19 01:01:18 UTC,sensor07,236476538,24.38,89.96,2025-08-19 10:30:30+00:00,33.989902,-81.070583,90.2,4.45,0.0,244.81,24.0,3D,2025-08-19 06:30:30-04:00,POINT (-81.070583 33.989902)
2025-08-19 01:01:23 UTC,sensor07,236476538,24.28,89.94,2025-08-19 10:30:35+00:00,33.98981,-81.070815,90.2,4.99,0.0,247.9,24.0,3D,2025-08-19 06:30:35-04:00,POINT (-81.070815 33.98981)
2025-08-19 01:01:28 UTC,sensor07,236476538,24.3,90.07,2025-08-19 10:30:40+00:00,33.989702,-81.071077,91.0,5.33,0.2,240.25,24.0,3D,2025-08-19 06:30:40-04:00,POINT (-81.071077 33.989702)
2025-08-19 01:01:33 UTC,sensor07,236476538,24.24,90.08,2025-08-19 10:30:45+00:00,33.989577,-81.07129,91.3,4.74,-0.1,234.06,24.0,3D,2025-08-19 06:30:45-04:00,POINT (-81.07129 33.989577)
2025-08-19 01:01:38 UTC,sensor07,236476538,24.21,90.2,2025-08-19 10:30:50+00:00,33.989443,-81.071495,90.7,5.02,-0.2,227.49,24.0,3D,2025-08-19 06:30:50-04:00,POINT (-81.071495 33.989443)
2025-08-19 01:01:43 UTC,sensor07,236476538,24.21,90.33,2025-08-19 10:30:55+00:00,33.98927,-81.07166,89.5,4.92,-0.2,217.36,24.0,3D,2025-08-19 06:30:55-04:00,POINT (-81.07166 33.98927)
2025-08-19 01:01:58 UTC,sensor07,236476538,24.26,90.19,2025-08-19 10:31:10+00:00,33.989102,-81.071673,88.4,2.79,-0.2,48.46,24.0,3D,2025-08-19 06:31:10-04:00,POINT (-81.071673 33.989102)
2025-08-19 01:02:03 UTC,sensor07,236476538,24.36,90.14,2025-08-19 10:31:15+00:00,33.989255,-81.071473,87.9,6.56,0.0,49.6,24.0,3D,2025-08-19 06:31:15-04:00,POINT (-81.071473 33.989255)
2025-08-19 01:02:08 UTC,sensor07,236476538,24.29,90.02,2025-08-19 10:31:20+00:00,33.98948,-81.071127,88.4,8.3,0.2,52.8,24.0,3D,2025-08-19 06:31:20-04:00,POINT (-81.071127 33.98948)
2025-08-19 01:02:13 UTC,sensor07,236476538,24.33,90.08,2025-08-19 10:31:25+00:00,33.9897,-81.070738,88.3,8.34,-0.3,59.07,24.0,3D,2025-08-19 06:31:25-04:00,POINT (-81.070738 33.9897)
2025-08-19 01:02:19 UTC,sensor07,236476538,24.33,90.11,2025-08-19 10:31:30+00:00,33.989875,-81.070323,86.5,8.89,0.4,65.68,24.0,3D,2025-08-19 06:31:30-04:00,POINT (-81.070323 33.989875)
2025-08-19 01:02:24 UTC,sensor07,236476538,24.35,89.99,2025-08-19 10:31:35+00:00,33.990042,-81.069882,85.5,8.75,-0.4,67.1,24.0,3D,2025-08-19 06:31:35-04:00,POINT (-81.069882 33.990042)
2025-08-19 01:02:29 UTC,sensor07,236476538,24.38,89.95,2025-08-19 10:31:41+00:00,33.990237,-81.069358,85.0,8.68,0.0,0.0,24.0,3D,2025-08-19 06:31:41-04:00,POINT (-81.069358 33.990237)
2025-08-19 01:02:34 UTC,sensor07,236476538,24.38,89.85,2025-08-19 10:31:44+00:00,33.990327,-81.069098,84.5,8.55,-0.2,69.71,24.0,3D,2025-08-19 06:31:44-04:00,POINT (-81.069098 33.990327)
2025-08-19 01:02:39 UTC,sensor07,236476538,24.4,89.94,2025-08-19 10:31:49+00:00,33.990463,-81.068667,83.7,8.48,0.1,69.02,24.0,3D,2025-08-19 06:31:49-04:00,POINT (-81.068667 33.990463)
2025-08-19 01:02:44 UTC,sensor07,236476538,24.51,89.86,2025-08-19 10:31:56+00:00,33.99064,-81.068135,81.1,6.61,-0.6,0.0,24.0,3D,2025-08-19 06:31:56-04:00,POINT (-81.068135 33.99064)
2025-08-19 01:02:49 UTC,sensor07,236476538,24.4,89.61,2025-08-19 10:32:01+00:00,33.990753,-81.067792,80.7,7.7,-0.3,67.17,24.0,3D,2025-08-19 06:32:01-04:00,POINT (-81.067792 33.990753)
2025-08-19 01:02:54 UTC,sensor07,236476538,24.46,89.65,2025-08-19 10:32:06+00:00,33.990888,-81.06741,80.4,7.84,-0.3,67.42,24.0,3D,2025-08-19 06:32:06-04:00,POINT (-81.06741 33.990888)
2025-08-19 01:02:59 UTC,sensor07,236476538,24.4,89.66,2025-08-19 10:32:11+00:00,33.991035,-81.067,79.0,8.42,0.0,66.86,24.0,3D,2025-08-19 06:32:11-04:00,POINT (-81.067 33.991035)
2025-08-19 01:03:04 UTC,sensor07,236476538,24.49,89.58,2025-08-19 10:32:16+00:00,33.991193,-81.066568,79.5,8.55,0.7,66.74,24.0,3D,2025-08-19 06:32:16-04:00,POINT (-81.066568 33.991193)
2025-08-19 01:03:09 UTC,sensor07,236476538,24.42,89.57,2025-08-19 10:32:21+00:00,33.991348,-81.066142,79.1,8.41,-0.3,66.44,24.0,3D,2025-08-19 06:32:21-04:00,POINT (-81.066142 33.991348)
2025-08-19 01:03:14 UTC,sensor07,236476538,24.4,89.6,2025-08-19 10:32:26+00:00,33.9915,-81.065717,78.8,8.35,-0.3,68.17,24.0,3D,2025-08-19 06:32:26-04:00,POINT (-81.065717 33.9915)
2025-08-19 01:03:19 UTC,sensor07,236476538,24.4,89.59,2025-08-19 10:32:31+00:00,33.99164,-81.065295,77.3,8.31,0.1,67.16,24.0,3D,2025-08-19 06:32:31-04:00,POINT (-81.065295 33.99164)
2025-08-19 01:03:24 UTC,sensor07,236476538,24.36,89.77,2025-08-19 10:32:36+00:00,33.991782,-81.064882,76.7,7.9,0.1,70.34,24.0,3D,2025-08-19 06:32:36-04:00,POINT (-81.064882 33.991782)
2025-08-19 01:03:29 UTC,sensor07,236476538,24.41,89.71,2025-08-19 10:32:41+00:00,33.991915,-81.064473,76.2,8.45,0.6,67.71,24.0,3D,2025-08-19 06:32:41-04:00,POINT (-81.064473 33.991915)
2025-08-19 01:03:34 UTC,sensor07,236476538,24.47,89.68,2025-08-19 10:32:46+00:00,33.992055,-81.064063,75.0,8.21,-0.3,67.54,24.0,3D,2025-08-19 06:32:46-04:00,POINT (-81.064063 33.992055)
2025-08-19 01:03:39 UTC,sensor07,236476538,24.48,89.5,2025-08-19 10:32:51+00:00,33.992203,-81.063642,74.4,8.27,-0.2,67.91,24.0,3D,2025-08-19 06:32:51-04:00,POINT (-81.063642 33.992203)
2025-08-19 01:03:44 UTC,sensor07,236476538,24.44,89.54,2025-08-19 10:32:56+00:00,33.992343,-81.063213,72.8,8.95,-0.1,68.19,24.0,3D,2025-08-19 06:32:56-04:00,POINT (-81.063213 33.992343)
2025-08-19 01:03:49 UTC,sensor07,236476538,24.48,89.51,2025-08-19 10:33:01+00:00,33.9925,-81.06277,72.3,8.72,-0.1,67.38,24.0,3D,2025-08-19 06:33:01-04:00,POINT (-81.06277 33.9925)
2025-08-19 01:03:54 UTC,sensor07,236476538,24.47,89.46,2025-08-19 10:33:06+00:00,33.992642,-81.06235,71.9,8.37,-0.1,67.56,24.0,3D,2025-08-19 06:33:06-04:00,POINT (-81.06235 33.992642)
2025-08-19 01:03:59 UTC,sensor07,236476538,24.47,89.58,2025-08-19 10:33:11+00:00,33.992785,-81.061903,71.2,9.52,-0.5,68.24,24.0,3D,2025-08-19 06:33:11-04:00,POINT (-81.061903 33.992785)
2025-08-19 01:04:04 UTC,sensor07,236476538,24.51,89.41,2025-08-19 10:33:16+00:00,33.992948,-81.061418,70.5,9.62,-0.6,68.65,24.0,3D,2025-08-19 06:33:16-04:00,POINT (-81.061418 33.992948)
2025-08-19 01:04:09 UTC,sensor07,236476538,24.51,89.43,2025-08-19 10:33:21+00:00,33.993108,-81.060943,69.2,9.3,-0.5,69.06,24.0,3D,2025-08-19 06:33:21-04:00,POINT (-81.060943 33.993108)
2025-08-19 01:04:14 UTC,sensor07,236476538,24.62,89.27,2025-08-19 10:33:26+00:00,33.993248,-81.06049,68.7,8.43,-0.1,71.8,24.0,3D,2025-08-19 06:33:26-04:00,POINT (-81.06049 33.993248)
2025-08-19 01:04:19 UTC,sensor07,236476538,24.64,89.04,2025-08-19 10:33:31+00:00,33.99337,-81.060067,67.9,8.34,-0.4,71.47,24.0,3D,2025-08-19 06:33:31-04:00,POINT (-81.060067 33.99337)
2025-08-19 01:04:24 UTC,sensor07,236476538,24.64,88.99,2025-08-19 10:33:36+00:00,33.993492,-81.059645,66.3,8.48,-0.3,72.42,24.0,3D,2025-08-19 06:33:36-04:00,POINT (-81.059645 33.993492)
2025-08-19 01:04:30 UTC,sensor07,236476538,24.77,88.85,2025-08-19 10:33:42+00:00,33.993643,-81.059108,63.9,7.98,-0.6,0.0,24.0,3D,2025-08-19 06:33:42-04:00,POINT (-81.059108 33.993643)
2025-08-19 01:04:35 UTC,sensor07,236476538,24.85,88.55,2025-08-19 10:33:44+00:00,33.99368,-81.058958,63.4,6.85,-0.3,73.42,24.0,3D,2025-08-19 06:33:44-04:00,POINT (-81.058958 33.99368)
2025-08-19 01:04:40 UTC,sensor07,236476538,24.8,88.38,2025-08-19 10:33:52+00:00,33.993823,-81.058422,61.4,6.69,0.0,72.47,11.0,3D,2025-08-19 06:33:52-04:00,POINT (-81.058422 33.993823)
2025-08-19 01:04:45 UTC,sensor07,236476538,24.65,88.53,2025-08-19 10:33:57+00:00,33.993918,-81.058102,59.5,6.11,-0.5,73.2,24.0,3D,2025-08-19 06:33:57-04:00,POINT (-81.058102 33.993918)
2025-08-19 01:04:50 UTC,sensor07,236476538,24.75,88.76,2025-08-19 10:34:02+00:00,33.994005,-81.057772,58.3,6.31,-0.2,76.52,24.0,3D,2025-08-19 06:34:02-04:00,POINT (-81.057772 33.994005)
2025-08-19 01:04:55 UTC,sensor07,236476538,24.74,88.71,2025-08-19 10:34:07+00:00,33.994088,-81.057473,58.3,4.67,0.2,72.75,24.0,3D,2025-08-19 06:34:07-04:00,POINT (-81.057473 33.994088)
2025-08-19 01:05:00 UTC,sensor07,236476538,24.78,88.68,2025-08-19 10:34:12+00:00,33.994162,-81.057355,59.2,2.57,0.3,10.62,24.0,3D,2025-08-19 06:34:12-04:00,POINT (-81.057355 33.994162)
2025-08-19 01:05:10 UTC,sensor07,236476538,24.65,88.69,2025-08-19 10:34:22+00:00,33.994298,-81.057545,59.0,5.14,-0.4,299.08,24.0,3D,2025-08-19 06:34:22-04:00,POINT (-81.057545 33.994298)
2025-08-19 01:05:15 UTC,sensor07,236476538,24.62,88.9,2025-08-19 10:34:27+00:00,33.994425,-81.057842,60.0,6.86,0.3,297.62,24.0,3D,2025-08-19 06:34:27-04:00,POINT (-81.057842 33.994425)
2025-08-19 01:05:20 UTC,sensor07,236476538,24.55,89.03,2025-08-19 10:34:32+00:00,33.994563,-81.058157,61.1,6.09,0.2,298.23,24.0,3D,2025-08-19 06:34:32-04:00,POINT (-81.058157 33.994563)
2025-08-19 01:05:25 UTC,sensor07,236476538,24.48,89.22,2025-08-19 10:34:37+00:00,33.994682,-81.058433,61.6,5.11,0.1,299.41,24.0,3D,2025-08-19 06:34:37-04:00,POINT (-81.058433 33.994682)
2025-08-19 01:05:31 UTC,sensor07,236476538,24.44,89.36,2025-08-19 10:34:43+00:00,33.994822,-81.05873,64.2,5.29,0.5,0.0,24.0,3D,2025-08-19 06:34:43-04:00,POINT (-81.05873 33.994822)
2025-08-19 01:05:36 UTC,sensor07,236476538,24.41,89.49,2025-08-19 10:34:48+00:00,33.99494,-81.058993,64.9,5.75,-0.4,0.0,24.0,3D,2025-08-19 06:34:48-04:00,POINT (-81.058993 33.99494)
2025-08-19 01:05:41 UTC,sensor07,236476538,24.37,89.68,2025-08-19 10:34:53+00:00,33.995052,-81.059238,62.9,5.05,-0.3,0.0,4.0,3D,2025-08-19 06:34:53-04:00,POINT (-81.059238 33.995052)
2025-08-19 01:05:46 UTC,sensor07,236476538,24.38,89.83,2025-08-19 10:34:58+00:00,33.99513,-81.05949,60.9,4.41,-0.6,0.0,8.0,3D,2025-08-19 06:34:58-04:00,POINT (-81.05949 33.99513)
2025-08-19 01:05:51 UTC,sensor07,236476538,24.39,89.88,2025-08-19 10:35:03+00:00,33.995207,-81.059668,57.1,2.92,-0.6,0.0,13.0,3D,2025-08-19 06:35:03-04:00,POINT (-81.059668 33.995207)
2025-08-19 01:05:56 UTC,sensor07,236476538,24.42,89.85,2025-08-19 10:35:08+00:00,33.995213,-81.059833,56.2,4.14,-0.2,0.0,17.0,3D,2025-08-19 06:35:08-04:00,POINT (-81.059833 33.995213)
2025-08-19 01:06:01 UTC,sensor07,236476538,24.39,89.88,2025-08-19 10:35:13+00:00,33.995067,-81.05992,54.4,4.13,-0.4,0.0,21.0,3D,2025-08-19 06:35:13-04:00,POINT (-81.05992 33.995067)
2025-08-19 01:06:06 UTC,sensor07,236476538,24.36,90.18,2025-08-19 10:35:18+00:00,33.994903,-81.06009,54.8,4.77,0.7,238.86,24.0,3D,2025-08-19 06:35:18-04:00,POINT (-81.06009 33.994903)
2025-08-19 01:06:11 UTC,sensor07,236476538,24.33,90.4,2025-08-19 10:35:23+00:00,33.99481,-81.060333,56.7,4.92,0.3,247.27,24.0,3D,2025-08-19 06:35:23-04:00,POINT (-81.060333 33.99481)
2025-08-19 01:06:16 UTC,sensor07,236476538,24.32,90.27,2025-08-19 10:35:28+00:00,33.99473,-81.0606,57.6,5.17,-0.2,246.27,24.0,3D,2025-08-19 06:35:28-04:00,POINT (-81.0606 33.99473)
2025-08-19 01:06:21 UTC,sensor07,236476538,24.34,90.25,2025-08-19 10:35:33+00:00,33.994627,-81.060868,55.1,4.91,-0.5,246.51,24.0,3D,2025-08-19 06:35:33-04:00,POINT (-81.060868 33.994627)
2025-08-19 01:06:26 UTC,sensor07,236476538,24.35,90.24,2025-08-19 10:35:38+00:00,33.994542,-81.061115,54.4,4.56,0.2,247.14,24.0,3D,2025-08-19 06:35:38-04:00,POINT (-81.061115 33.994542)
2025-08-19 01:06:32 UTC,sensor07,236476538,24.37,90.26,2025-08-19 10:35:44+00:00,33.994457,-81.061382,52.8,4.21,-0.6,0.0,24.0,3D,2025-08-19 06:35:44-04:00,POINT (-81.061382 33.994457)
2025-08-19 01:06:37 UTC,sensor07,236476538,24.33,90.23,2025-08-19 10:35:45+00:00,33.994445,-81.06142,52.4,3.55,-0.4,249.96,24.0,3D,2025-08-19 06:35:45-04:00,POINT (-81.06142 33.994445)
2025-08-19 01:06:42 UTC,sensor07,236476538,24.34,90.24,2025-08-19 10:35:54+00:00,33.994338,-81.061732,52.2,4.05,0.4,0.0,24.0,3D,2025-08-19 06:35:54-04:00,POINT (-81.061732 33.994338)
2025-08-19 01:06:47 UTC,sensor07,236476538,24.3,90.27,2025-08-19 10:35:59+00:00,33.994285,-81.061923,54.3,4.23,0.7,250.82,24.0,3D,2025-08-19 06:35:59-04:00,POINT (-81.061923 33.994285)
2025-08-19 01:06:52 UTC,sensor07,236476538,24.27,90.5,2025-08-19 10:36:04+00:00,33.99421,-81.062157,56.1,4.56,0.2,246.17,24.0,3D,2025-08-19 06:36:04-04:00,POINT (-81.062157 33.99421)
2025-08-19 01:06:57 UTC,sensor07,236476538,24.25,90.7,2025-08-19 10:36:09+00:00,33.994117,-81.062403,57.3,4.7,0.3,242.2,24.0,3D,2025-08-19 06:36:09-04:00,POINT (-81.062403 33.994117)
2025-08-19 01:07:02 UTC,sensor07,236476538,24.24,90.81,2025-08-19 10:36:14+00:00,33.994018,-81.062678,59.3,5.85,0.3,251.77,24.0,3D,2025-08-19 06:36:14-04:00,POINT (-81.062678 33.994018)
2025-08-19 01:07:22 UTC,sensor07,236476538,24.21,90.85,2025-08-19 10:36:34+00:00,33.993738,-81.062968,64.1,3.63,0.2,160.67,24.0,3D,2025-08-19 06:36:34-04:00,POINT (-81.062968 33.993738)
2025-08-19 01:07:27 UTC,sensor07,236476538,24.15,90.85,2025-08-19 10:36:39+00:00,33.993573,-81.062878,64.2,3.94,-0.1,158.69,24.0,3D,2025-08-19 06:36:39-04:00,POINT (-81.062878 33.993573)
2025-08-19 01:07:32 UTC,sensor07,236476538,24.18,90.79,2025-08-19 10:36:44+00:00,33.99341,-81.062788,64.1,3.66,0.1,157.88,24.0,3D,2025-08-19 06:36:44-04:00,POINT (-81.062788 33.99341)
2025-08-19 01:07:38 UTC,sensor07,236476538,24.17,90.74,2025-08-19 10:36:49+00:00,33.993293,-81.062742,64.9,3.03,0.3,166.39,24.0,3D,2025-08-19 06:36:49-04:00,POINT (-81.062742 33.993293)
2025-08-19 01:07:43 UTC,sensor07,236476538,24.17,90.69,2025-08-19 10:36:55+00:00,33.993118,-81.062665,65.7,4.07,0.0,0.0,24.0,3D,2025-08-19 06:36:55-04:00,POINT (-81.062665 33.993118)
2025-08-19 01:07:48 UTC,sensor07,236476538,24.23,90.64,2025-08-19 10:37:00+00:00,33.992945,-81.062572,67.7,4.52,0.9,0.0,24.0,3D,2025-08-19 06:37:00-04:00,POINT (-81.062572 33.992945)
2025-08-19 01:07:53 UTC,sensor07,236476538,24.21,90.57,2025-08-19 10:37:05+00:00,33.992787,-81.062498,66.6,3.15,-0.3,0.0,24.0,3D,2025-08-19 06:37:05-04:00,POINT (-81.062498 33.992787)
2025-08-19 01:08:03 UTC,sensor07,236476538,24.28,90.5,2025-08-19 10:37:15+00:00,33.992578,-81.062408,65.3,3.87,-0.1,155.72,24.0,3D,2025-08-19 06:37:15-04:00,POINT (-81.062408 33.992578)
2025-08-19 01:08:08 UTC,sensor07,236476538,24.32,90.34,2025-08-19 10:37:20+00:00,33.992408,-81.062323,65.9,4.9,0.5,155.38,24.0,3D,2025-08-19 06:37:20-04:00,POINT (-81.062323 33.992408)
2025-08-19 01:08:13 UTC,sensor07,236476538,24.32,90.18,2025-08-19 10:37:25+00:00,33.9922,-81.062217,66.3,5.03,-0.1,157.7,24.0,3D,2025-08-19 06:37:25-04:00,POINT (-81.062217 33.9922)
2025-08-19 01:08:18 UTC,sensor07,236476538,24.32,90.15,2025-08-19 10:37:30+00:00,33.992002,-81.062117,66.2,3.85,0.1,157.34,24.0,3D,2025-08-19 06:37:30-04:00,POINT (-81.062117 33.992002)
2025-08-19 01:08:33 UTC,sensor07,236476538,24.34,90.18,2025-08-19 10:37:45+00:00,33.991833,-81.061962,70.1,3.49,0.6,101.73,24.0,3D,2025-08-19 06:37:45-04:00,POINT (-81.061962 33.991833)
2025-08-19 01:08:38 UTC,sensor07,236476538,24.33,90.23,2025-08-19 10:37:50+00:00,33.991907,-81.0617,70.7,5.97,0.0,67.25,24.0,3D,2025-08-19 06:37:50-04:00,POINT (-81.0617 33.991907)
2025-08-19 01:08:43 UTC,sensor07,236476538,24.31,90.2,2025-08-19 10:37:55+00:00,33.992023,-81.061367,71.2,7.06,0.1,69.28,24.0,3D,2025-08-19 06:37:55-04:00,POINT (-81.061367 33.992023)
2025-08-19 01:08:48 UTC,sensor07,236476538,24.34,90.28,2025-08-19 10:38:00+00:00,33.992152,-81.06102,69.9,6.73,-0.2,67.76,24.0,3D,2025-08-19 06:38:00-04:00,POINT (-81.06102 33.992152)
2025-08-19 01:08:53 UTC,sensor07,236476538,24.32,90.22,2025-08-19 10:38:05+00:00,33.992267,-81.060687,68.7,6.14,-0.6,64.15,24.0,3D,2025-08-19 06:38:05-04:00,POINT (-81.060687 33.992267)
2025-08-19 01:08:58 UTC,sensor07,236476538,24.34,90.2,2025-08-19 10:38:10+00:00,33.992392,-81.060393,66.7,6.22,-0.6,64.32,24.0,3D,2025-08-19 06:38:10-04:00,POINT (-81.060393 33.992392)
2025-08-19 01:09:03 UTC,sensor07,236476538,24.37,90.09,2025-08-19 10:38:15+00:00,33.992488,-81.060068,65.2,6.36,-0.4,72.92,24.0,3D,2025-08-19 06:38:15-04:00,POINT (-81.060068 33.992488)
2025-08-19 01:09:08 UTC,sensor07,236476538,24.34,90.12,2025-08-19 10:38:20+00:00,33.992553,-81.059782,64.4,4.8,-0.2,78.25,24.0,3D,2025-08-19 06:38:20-04:00,POINT (-81.059782 33.992553)
2025-08-19 01:09:13 UTC,sensor07,236476538,24.34,90.14,2025-08-19 10:38:25+00:00,33.992632,-81.059497,63.4,6.31,0.1,73.5,24.0,3D,2025-08-19 06:38:25-04:00,POINT (-81.059497 33.992632)
2025-08-19 01:09:18 UTC,sensor07,236476538,24.4,90.17,2025-08-19 10:38:30+00:00,33.992708,-81.059162,63.6,6.44,0.1,73.21,24.0,3D,2025-08-19 06:38:30-04:00,POINT (-81.059162 33.992708)
2025-08-19 01:09:23 UTC,sensor07,236476538,24.42,90.1,2025-08-19 10:38:35+00:00,33.992787,-81.05883,64.6,6.11,0.0,74.2,24.0,3D,2025-08-19 06:38:35-04:00,POINT (-81.05883 33.992787)
2025-08-19 01:09:29 UTC,sensor07,236476538,24.43,90.02,2025-08-19 10:38:40+00:00,33.992865,-81.058493,65.4,6.41,0.3,74.56,24.0,3D,2025-08-19 06:38:40-04:00,POINT (-81.058493 33.992865)
2025-08-19 01:09:34 UTC,sensor07,236476538,24.5,89.82,2025-08-19 10:38:46+00:00,33.99295,-81.058108,67.0,4.7,0.1,0.0,24.0,3D,2025-08-19 06:38:46-04:00,POINT (-81.058108 33.99295)
2025-08-19 01:09:39 UTC,sensor07,236476538,24.46,89.67,2025-08-19 10:38:51+00:00,33.992988,-81.05799,67.8,2.87,0.1,0.0,24.0,3D,2025-08-19 06:38:51-04:00,POINT (-81.05799 33.992988)
2025-08-19 01:09:44 UTC,sensor07,236476538,24.43,89.71,2025-08-19 10:38:56+00:00,33.993023,-81.057783,68.1,4.5,0.0,0.0,24.0,3D,2025-08-19 06:38:56-04:00,POINT (-81.057783 33.993023)
2025-08-19 01:09:49 UTC,sensor07,236476538,24.45,89.75,2025-08-19 10:39:01+00:00,33.993072,-81.057478,67.8,6.26,0.0,0.0,24.0,3D,2025-08-19 06:39:01-04:00,POINT (-81.057478 33.993072)
2025-08-19 01:09:54 UTC,sensor07,236476538,24.48,89.72,2025-08-19 10:39:06+00:00,33.993127,-81.057167,65.7,5.33,-0.5,82.19,24.0,3D,2025-08-19 06:39:06-04:00,POINT (-81.057167 33.993127)
2025-08-19 01:09:59 UTC,sensor07,236476538,24.51,89.67,2025-08-19 10:39:11+00:00,33.993128,-81.056888,66.5,5.4,0.5,94.32,24.0,3D,2025-08-19 06:39:11-04:00,POINT (-81.056888 33.993128)
2025-08-19 01:10:04 UTC,sensor07,236476538,24.52,89.61,2025-08-19 10:39:16+00:00,33.993113,-81.05658,68.6,5.03,0.4,93.04,24.0,3D,2025-08-19 06:39:16-04:00,POINT (-81.05658 33.993113)
2025-08-19 01:10:09 UTC,sensor07,236476538,24.53,89.56,2025-08-19 10:39:21+00:00,33.993093,-81.056312,69.8,4.54,0.2,93.6,24.0,3D,2025-08-19 06:39:21-04:00,POINT (-81.056312 33.993093)
2025-08-19 01:10:14 UTC,sensor07,236476538,24.51,89.57,2025-08-19 10:39:26+00:00,33.993082,-81.056067,72.1,3.84,0.4,91.31,24.0,3D,2025-08-19 06:39:26-04:00,POINT (-81.056067 33.993082)
2025-08-19 01:10:34 UTC,sensor07,236476538,24.44,89.69,2025-08-19 10:39:46+00:00,33.992822,-81.055923,71.7,5.68,0.4,183.12,24.0,3D,2025-08-19 06:39:46-04:00,POINT (-81.055923 33.992822)
2025-08-19 01:10:39 UTC,sensor07,236476538,24.47,89.76,2025-08-19 10:39:51+00:00,33.99249,-81.055948,69.6,7.94,-0.4,183.53,24.0,3D,2025-08-19 06:39:51-04:00,POINT (-81.055948 33.99249)
2025-08-19 01:10:44 UTC,sensor07,236476538,24.39,89.8,2025-08-19 10:39:56+00:00,33.992105,-81.055982,68.6,8.72,0.2,184.42,24.0,3D,2025-08-19 06:39:56-04:00,POINT (-81.055982 33.992105)
2025-08-19 01:10:49 UTC,sensor07,236476538,24.4,90.01,2025-08-19 10:40:01+00:00,33.99174,-81.056008,69.4,7.52,0.2,183.4,24.0,3D,2025-08-19 06:40:01-04:00,POINT (-81.056008 33.99174)
2025-08-19 01:10:54 UTC,sensor07,236476538,24.47,89.99,2025-08-19 10:40:06+00:00,33.99142,-81.056033,69.6,6.78,-0.2,186.27,24.0,3D,2025-08-19 06:40:06-04:00,POINT (-81.056033 33.99142)
2025-08-19 01:10:59 UTC,sensor07,236476538,24.42,89.89,2025-08-19 10:40:11+00:00,33.991125,-81.056088,68.2,4.45,-0.7,192.88,24.0,3D,2025-08-19 06:40:11-04:00,POINT (-81.056088 33.991125)
2025-08-19 01:11:04 UTC,sensor07,236476538,24.44,89.97,2025-08-19 10:40:16+00:00,33.991105,-81.056212,62.5,3.14,-0.1,277.2,24.0,3D,2025-08-19 06:40:16-04:00,POINT (-81.056212 33.991105)
2025-08-19 01:11:09 UTC,sensor07,236476538,24.4,89.93,2025-08-19 10:40:21+00:00,33.991097,-81.05649,60.8,5.98,-0.5,259.71,24.0,3D,2025-08-19 06:40:21-04:00,POINT (-81.05649 33.991097)
2025-08-19 01:11:15 UTC,sensor07,236476538,24.4,89.94,2025-08-19 10:40:26+00:00,33.991052,-81.056848,61.6,6.58,0.6,259.89,24.0,3D,2025-08-19 06:40:26-04:00,POINT (-81.056848 33.991052)
2025-08-19 01:11:20 UTC,sensor07,236476538,24.38,89.92,2025-08-19 10:40:32+00:00,33.990987,-81.057253,60.2,6.26,0.2,0.0,24.0,3D,2025-08-19 06:40:32-04:00,POINT (-81.057253 33.990987)
2025-08-19 01:11:25 UTC,sensor07,236476538,24.47,90.03,2025-08-19 10:40:37+00:00,33.99094,-81.05756,61.6,5.8,0.6,0.0,24.0,3D,2025-08-19 06:40:37-04:00,POINT (-81.05756 33.99094)
2025-08-19 01:11:30 UTC,sensor07,236476538,24.46,89.9,2025-08-19 10:40:42+00:00,33.990903,-81.057872,62.2,5.62,0.1,0.0,24.0,3D,2025-08-19 06:40:42-04:00,POINT (-81.057872 33.990903)
2025-08-19 01:11:35 UTC,sensor07,236476538,24.42,89.98,2025-08-19 10:40:47+00:00,33.990863,-81.058108,61.3,4.01,-0.1,0.0,24.0,3D,2025-08-19 06:40:47-04:00,POINT (-81.058108 33.990863)
2025-08-19 01:11:40 UTC,sensor07,236476538,24.4,90.1,2025-08-19 10:40:52+00:00,33.990825,-81.058352,61.9,5.24,0.1,257.39,24.0,3D,2025-08-19 06:40:52-04:00,POINT (-81.058352 33.990825)
2025-08-19 01:11:45 UTC,sensor07,236476538,24.38,90.07,2025-08-19 10:40:57+00:00,33.990778,-81.058645,65.3,5.59,1.0,259.32,24.0,3D,2025-08-19 06:40:57-04:00,POINT (-81.058645 33.990778)
2025-08-19 01:11:50 UTC,sensor07,236476538,24.38,90.04,2025-08-19 10:41:02+00:00,33.990733,-81.058975,66.8,6.09,0.7,260.13,24.0,3D,2025-08-19 06:41:02-04:00,POINT (-81.058975 33.990733)
2025-08-19 01:11:55 UTC,sensor07,236476538,24.35,90.08,2025-08-19 10:41:07+00:00,33.990692,-81.059315,69.8,6.53,0.5,260.81,24.0,3D,2025-08-19 06:41:07-04:00,POINT (-81.059315 33.990692)
2025-08-19 01:12:00 UTC,sensor07,236476538,24.37,90.09,2025-08-19 10:41:12+00:00,33.990643,-81.059637,71.6,6.02,0.3,258.12,24.0,3D,2025-08-19 06:41:12-04:00,POINT (-81.059637 33.990643)
2025-08-19 01:12:05 UTC,sensor07,236476538,24.35,90.17,2025-08-19 10:41:17+00:00,33.990602,-81.05996,70.4,6.3,-0.8,261.75,24.0,3D,2025-08-19 06:41:17-04:00,POINT (-81.05996 33.990602)
2025-08-19 01:12:10 UTC,sensor07,236476538,24.33,90.33,2025-08-19 10:41:22+00:00,33.990553,-81.060312,70.1,6.53,0.1,258.9,24.0,3D,2025-08-19 06:41:22-04:00,POINT (-81.060312 33.990553)
2025-08-19 01:12:15 UTC,sensor07,236476538,24.35,90.31,2025-08-19 10:41:27+00:00,33.990515,-81.060672,70.9,6.93,0.5,259.33,24.0,3D,2025-08-19 06:41:27-04:00,POINT (-81.060672 33.990515)
2025-08-19 01:12:20 UTC,sensor07,236476538,24.33,90.27,2025-08-19 10:41:32+00:00,33.990467,-81.061032,70.4,6.26,-0.1,260.72,24.0,3D,2025-08-19 06:41:32-04:00,POINT (-81.061032 33.990467)
2025-08-19 01:12:25 UTC,sensor07,236476538,24.3,90.26,2025-08-19 10:41:37+00:00,33.990425,-81.061318,70.2,5.03,0.1,260.32,24.0,3D,2025-08-19 06:41:37-04:00,POINT (-81.061318 33.990425)
2025-08-19 01:12:30 UTC,sensor07,236476538,24.26,90.49,2025-08-19 10:41:42+00:00,33.99036,-81.061585,69.3,5.81,-0.2,255.51,24.0,3D,2025-08-19 06:41:42-04:00,POINT (-81.061585 33.99036)
2025-08-19 01:12:35 UTC,sensor07,236476538,24.25,90.51,2025-08-19 10:41:46+00:00,33.990317,-81.061843,69.1,6.47,0.0,257.38,24.0,3D,2025-08-19 06:41:46-04:00,POINT (-81.061843 33.990317)
2025-08-19 01:12:40 UTC,sensor07,236476538,24.27,90.51,2025-08-19 10:41:52+00:00,33.990233,-81.062245,74.4,6.24,0.8,254.7,24.0,3D,2025-08-19 06:41:52-04:00,POINT (-81.062245 33.990233)
2025-08-19 01:12:45 UTC,sensor07,236476538,24.21,90.53,2025-08-19 10:41:57+00:00,33.990172,-81.06257,76.1,5.87,0.0,257.38,24.0,3D,2025-08-19 06:41:57-04:00,POINT (-81.06257 33.990172)
2025-08-19 01:12:50 UTC,sensor07,236476538,24.17,90.66,2025-08-19 10:42:02+00:00,33.990103,-81.062862,76.1,4.82,-0.2,255.55,24.0,3D,2025-08-19 06:42:02-04:00,POINT (-81.062862 33.990103)
2025-08-19 01:12:55 UTC,sensor07,236476538,24.16,90.79,2025-08-19 10:42:07+00:00,33.990045,-81.06314,76.3,5.76,0.2,255.13,24.0,3D,2025-08-19 06:42:07-04:00,POINT (-81.06314 33.990045)
2025-08-19 01:13:01 UTC,sensor07,236476538,24.12,90.83,2025-08-19 10:42:12+00:00,33.98999,-81.063465,76.9,6.37,0.2,260.27,24.0,3D,2025-08-19 06:42:12-04:00,POINT (-81.063465 33.98999)
2025-08-19 01:13:06 UTC,sensor07,236476538,24.16,91.01,2025-08-19 10:42:18+00:00,33.989915,-81.063935,77.5,7.43,0.1,0.0,24.0,3D,2025-08-19 06:42:18-04:00,POINT (-81.063935 33.989915)
2025-08-19 01:13:11 UTC,sensor07,236476538,24.23,91.06,2025-08-19 10:42:23+00:00,33.989863,-81.064305,79.3,6.29,0.3,0.0,24.0,3D,2025-08-19 06:42:23-04:00,POINT (-81.064305 33.989863)
2025-08-19 01:13:16 UTC,sensor07,236476538,24.2,90.8,2025-08-19 10:42:28+00:00,33.98982,-81.06456,79.2,3.96,0.3,0.0,24.0,3D,2025-08-19 06:42:28-04:00,POINT (-81.06456 33.98982)
2025-08-19 01:13:31 UTC,sensor07,236476538,24.17,90.66,2025-08-19 10:42:43+00:00,33.989677,-81.064762,79.4,2.4,0.2,0.0,13.0,3D,2025-08-19 06:42:43-04:00,POINT (-81.064762 33.989677)
2025-08-19 01:13:36 UTC,sensor07,236476538,24.2,90.65,2025-08-19 10:42:48+00:00,33.989492,-81.064678,80.4,5.5,0.5,0.0,13.0,3D,2025-08-19 06:42:48-04:00,POINT (-81.064678 33.989492)
2025-08-19 01:13:41 UTC,sensor07,236476538,24.19,90.67,2025-08-19 10:42:53+00:00,33.989262,-81.064578,81.2,5.1,0.0,0.0,17.0,3D,2025-08-19 06:42:53-04:00,POINT (-81.064578 33.989262)
2025-08-19 01:13:46 UTC,sensor07,236476538,24.19,90.68,2025-08-19 10:42:58+00:00,33.989065,-81.064473,82.3,4.77,0.2,0.0,21.0,3D,2025-08-19 06:42:58-04:00,POINT (-81.064473 33.989065)
2025-08-19 01:14:06 UTC,sensor07,236476538,24.22,90.76,2025-08-19 10:43:18+00:00,33.988827,-81.064175,83.7,4.6,0.7,82.66,24.0,3D,2025-08-19 06:43:18-04:00,POINT (-81.064175 33.988827)
2025-08-19 01:14:11 UTC,sensor07,236476538,24.26,90.74,2025-08-19 10:43:23+00:00,33.98878,-81.064025,84.5,3.04,0.3,152.09,24.0,3D,2025-08-19 06:43:23-04:00,POINT (-81.064025 33.98878)
2025-08-19 01:14:16 UTC,sensor07,236476538,24.3,90.66,2025-08-19 10:43:28+00:00,33.988602,-81.063963,83.8,5.18,-0.2,167.27,24.0,3D,2025-08-19 06:43:28-04:00,POINT (-81.063963 33.988602)
2025-08-19 01:14:21 UTC,sensor07,236476538,24.28,90.62,2025-08-19 10:43:33+00:00,33.988362,-81.0639,83.2,5.71,-0.2,164.67,24.0,3D,2025-08-19 06:43:33-04:00,POINT (-81.0639 33.988362)
2025-08-19 01:14:26 UTC,sensor07,236476538,24.27,90.69,2025-08-19 10:43:38+00:00,33.988152,-81.06383,78.5,3.42,-1.4,165.19,24.0,3D,2025-08-19 06:43:38-04:00,POINT (-81.06383 33.988152)
2025-08-19 01:14:31 UTC,sensor07,236476538,24.25,90.59,2025-08-19 10:43:43+00:00,33.988043,-81.063808,74.5,2.58,-0.6,169.12,23.0,3D,2025-08-19 06:43:43-04:00,POINT (-81.063808 33.988043)
2025-08-19 01:14:47 UTC,sensor07,236476538,24.19,90.62,2025-08-19 10:43:59+00:00,33.987838,-81.064317,74.0,6.78,0.3,0.0,23.0,3D,2025-08-19 06:43:59-04:00,POINT (-81.064317 33.987838)
2025-08-19 01:14:52 UTC,sensor07,236476538,24.26,90.75,2025-08-19 10:44:04+00:00,33.98775,-81.06465,75.4,6.2,0.7,0.0,23.0,3D,2025-08-19 06:44:04-04:00,POINT (-81.06465 33.98775)
2025-08-19 01:14:57 UTC,sensor07,236476538,24.29,90.77,2025-08-19 10:44:09+00:00,33.98767,-81.06493,77.5,5.26,0.6,0.0,23.0,3D,2025-08-19 06:44:09-04:00,POINT (-81.06493 33.98767)
2025-08-19 01:15:02 UTC,sensor07,236476538,24.28,90.63,2025-08-19 10:44:14+00:00,33.987575,-81.065252,79.5,6.61,0.6,0.0,23.0,3D,2025-08-19 06:44:14-04:00,POINT (-81.065252 33.987575)
2025-08-19 01:15:07 UTC,sensor07,236476538,24.25,90.59,2025-08-19 10:44:19+00:00,33.987473,-81.065595,81.7,6.46,0.6,249.86,23.0,3D,2025-08-19 06:44:19-04:00,POINT (-81.065595 33.987473)
2025-08-19 01:15:12 UTC,sensor07,236476538,24.24,90.66,2025-08-19 10:44:24+00:00,33.987378,-81.065882,84.5,4.79,0.0,247.57,23.0,3D,2025-08-19 06:44:24-04:00,POINT (-81.065882 33.987378)
2025-08-19 01:15:27 UTC,sensor07,236476538,24.26,90.68,2025-08-19 10:44:39+00:00,33.987232,-81.066198,89.3,3.03,0.1,181.06,23.0,3D,2025-08-19 06:44:39-04:00,POINT (-81.066198 33.987232)
2025-08-19 01:15:32 UTC,sensor07,236476538,24.26,90.71,2025-08-19 10:44:44+00:00,33.98703,-81.066125,87.9,6.29,-0.7,153.23,23.0,3D,2025-08-19 06:44:44-04:00,POINT (-81.066125 33.98703)
2025-08-19 01:15:37 UTC,sensor07,236476538,24.2,90.94,2025-08-19 10:44:49+00:00,33.986722,-81.065973,86.5,7.18,-0.3,159.85,23.0,3D,2025-08-19 06:44:49-04:00,POINT (-81.065973 33.986722)
2025-08-19 01:15:42 UTC,sensor07,236476538,24.26,90.85,2025-08-19 10:44:54+00:00,33.986398,-81.065825,85.3,7.59,-0.6,158.06,23.0,3D,2025-08-19 06:44:54-04:00,POINT (-81.065825 33.986398)
2025-08-19 01:15:47 UTC,sensor07,236476538,24.23,90.72,2025-08-19 10:44:59+00:00,33.986057,-81.065668,83.5,7.58,-0.3,156.37,23.0,3D,2025-08-19 06:44:59-04:00,POINT (-81.065668 33.986057)
2025-08-19 01:15:52 UTC,sensor07,236476538,24.28,90.69,2025-08-19 10:45:04+00:00,33.985722,-81.065485,84.4,7.69,-0.3,162.84,23.0,3D,2025-08-19 06:45:04-04:00,POINT (-81.065485 33.985722)
2025-08-19 01:15:57 UTC,sensor07,236476538,24.27,90.72,2025-08-19 10:45:09+00:00,33.985408,-81.065325,83.2,7.42,0.0,158.57,23.0,3D,2025-08-19 06:45:09-04:00,POINT (-81.065325 33.985408)
2025-08-19 01:16:02 UTC,sensor07,236476538,24.27,90.85,2025-08-19 10:45:14+00:00,33.985088,-81.065167,83.3,7.72,-0.3,156.33,23.0,3D,2025-08-19 06:45:14-04:00,POINT (-81.065167 33.985088)
2025-08-19 01:16:07 UTC,sensor07,236476538,24.31,90.69,2025-08-19 10:45:19+00:00,33.984743,-81.06502,82.2,7.81,-0.2,159.62,23.0,3D,2025-08-19 06:45:19-04:00,POINT (-81.06502 33.984743)
2025-08-19 01:16:12 UTC,sensor07,236476538,24.3,90.52,2025-08-19 10:45:24+00:00,33.984407,-81.06489,81.4,7.63,0.3,161.15,23.0,3D,2025-08-19 06:45:24-04:00,POINT (-81.06489 33.984407)
2025-08-19 01:16:17 UTC,sensor07,236476538,24.34,90.5,2025-08-19 10:45:29+00:00,33.984052,-81.064722,82.6,8.48,0.5,160.47,23.0,3D,2025-08-19 06:45:29-04:00,POINT (-81.064722 33.984052)
2025-08-19 01:16:22 UTC,sensor07,236476538,24.34,90.47,2025-08-19 10:45:34+00:00,33.983673,-81.064555,81.9,9.1,-0.4,158.99,23.0,3D,2025-08-19 06:45:34-04:00,POINT (-81.064555 33.983673)
2025-08-19 01:16:27 UTC,sensor07,236476538,24.34,90.45,2025-08-19 10:45:39+00:00,33.983297,-81.064383,81.5,8.68,-0.2,160.16,23.0,3D,2025-08-19 06:45:39-04:00,POINT (-81.064383 33.983297)
2025-08-19 01:16:32 UTC,sensor07,236476538,24.38,90.46,2025-08-19 10:45:44+00:00,33.98292,-81.064213,78.9,8.99,-0.2,159.33,23.0,3D,2025-08-19 06:45:44-04:00,POINT (-81.064213 33.98292)
2025-08-19 01:16:38 UTC,sensor07,236476538,24.47,90.32,2025-08-19 10:45:46+00:00,33.982778,-81.064147,78.3,8.43,-0.4,156.45,23.0,3D,2025-08-19 06:45:46-04:00,POINT (-81.064147 33.982778)
2025-08-19 01:16:43 UTC,sensor07,236476538,24.43,90.19,2025-08-19 10:45:46+00:00,33.982778,-81.064147,78.3,8.43,-0.4,156.45,23.0,3D,2025-08-19 06:45:46-04:00,POINT (-81.064147 33.982778)
2025-08-19 01:16:48 UTC,sensor07,236476538,24.4,90.18,2025-08-19 10:46:00+00:00,33.981907,-81.063763,76.4,6.41,0.6,0.0,23.0,3D,2025-08-19 06:46:00-04:00,POINT (-81.063763 33.981907)
2025-08-19 01:18:19 UTC,sensor07,236476538,24.47,89.96,2025-08-19 10:47:31+00:00,33.981645,-81.063637,75.1,3.44,-0.1,0.0,22.0,3D,2025-08-19 06:47:31-04:00,POINT (-81.063637 33.981645)
2025-08-19 01:18:24 UTC,sensor07,236476538,24.49,89.84,2025-08-19 10:47:36+00:00,33.981452,-81.06353,75.1,5.38,0.0,0.0,22.0,3D,2025-08-19 06:47:36-04:00,POINT (-81.06353 33.981452)
2025-08-19 01:18:29 UTC,sensor07,236476538,24.53,89.76,2025-08-19 10:47:41+00:00,33.981167,-81.063385,74.5,7.03,-0.2,158.36,22.0,3D,2025-08-19 06:47:41-04:00,POINT (-81.063385 33.981167)
2025-08-19 01:18:34 UTC,sensor07,236476538,24.52,89.71,2025-08-19 10:47:46+00:00,33.98088,-81.06325,72.9,5.3,-0.6,156.99,22.0,3D,2025-08-19 06:47:46-04:00,POINT (-81.06325 33.98088)
2025-08-19 01:18:39 UTC,sensor07,236476538,24.51,89.76,2025-08-19 10:47:47+00:00,33.980837,-81.063235,72.4,4.5,-0.5,157.47,22.0,3D,2025-08-19 06:47:47-04:00,POINT (-81.063235 33.980837)
2025-08-19 01:18:44 UTC,sensor07,236476538,24.51,89.82,2025-08-19 10:47:56+00:00,33.980597,-81.063133,73.2,4.28,0.5,156.63,22.0,3D,2025-08-19 06:47:56-04:00,POINT (-81.063133 33.980597)
2025-08-19 01:18:49 UTC,sensor07,236476538,24.43,89.94,2025-08-19 10:48:01+00:00,33.980375,-81.063023,74.4,6.11,0.6,157.62,22.0,3D,2025-08-19 06:48:01-04:00,POINT (-81.063023 33.980375)
2025-08-19 01:18:54 UTC,sensor07,236476538,24.36,90.21,2025-08-19 10:48:06+00:00,33.980125,-81.062915,75.1,5.27,-0.2,162.03,22.0,3D,2025-08-19 06:48:06-04:00,POINT (-81.062915 33.980125)
2025-08-19 01:18:59 UTC,sensor07,236476538,24.35,90.23,2025-08-19 10:48:11+00:00,33.979882,-81.062805,74.1,4.87,0.0,154.31,22.0,3D,2025-08-19 06:48:11-04:00,POINT (-81.062805 33.979882)
2025-08-19 01:19:10 UTC,sensor07,236476538,24.32,90.33,2025-08-19 10:48:22+00:00,33.979777,-81.06259,70.2,3.56,-0.1,0.0,22.0,3D,2025-08-19 06:48:22-04:00,POINT (-81.06259 33.979777)
2025-08-19 01:19:15 UTC,sensor07,236476538,24.35,90.34,2025-08-19 10:48:27+00:00,33.979865,-81.062317,70.5,5.73,-0.5,68.16,22.0,3D,2025-08-19 06:48:27-04:00,POINT (-81.062317 33.979865)
2025-08-19 01:19:20 UTC,sensor07,236476538,24.33,90.37,2025-08-19 10:48:32+00:00,33.979945,-81.062057,68.3,3.49,-1.0,73.69,22.0,3D,2025-08-19 06:48:32-04:00,POINT (-81.062057 33.979945)
2025-08-19 01:19:25 UTC,sensor07,236476538,24.33,90.43,2025-08-19 10:48:37+00:00,33.97997,-81.061923,68.8,3.66,0.6,78.69,22.0,3D,2025-08-19 06:48:37-04:00,POINT (-81.061923 33.97997)
2025-08-19 01:19:30 UTC,sensor07,236476538,24.36,90.39,2025-08-19 10:48:42+00:00,33.980033,-81.061645,70.5,5.81,0.3,77.12,21.0,3D,2025-08-19 06:48:42-04:00,POINT (-81.061645 33.980033)
2025-08-19 01:19:35 UTC,sensor07,236476538,24.36,90.37,2025-08-19 10:48:47+00:00,33.98008,-81.061353,71.3,5.5,0.1,79.4,21.0,3D,2025-08-19 06:48:47-04:00,POINT (-81.061353 33.98008)
2025-08-19 01:19:40 UTC,sensor07,236476538,24.34,90.35,2025-08-19 10:48:52+00:00,33.98013,-81.06104,72.5,5.89,0.1,77.56,21.0,3D,2025-08-19 06:48:52-04:00,POINT (-81.06104 33.98013)
2025-08-19 01:19:46 UTC,sensor07,236476538,24.33,90.43,2025-08-19 10:48:57+00:00,33.980178,-81.060745,72.0,5.11,-0.3,80.13,21.0,3D,2025-08-19 06:48:57-04:00,POINT (-81.060745 33.980178)
2025-08-19 01:20:01 UTC,sensor07,236476538,24.32,90.37,2025-08-19 10:49:13+00:00,33.980013,-81.060415,71.1,4.07,0.3,0.0,21.0,3D,2025-08-19 06:49:13-04:00,POINT (-81.060415 33.980013)
2025-08-19 01:20:06 UTC,sensor07,236476538,24.3,90.59,2025-08-19 10:49:18+00:00,33.979777,-81.060348,71.8,5.9,0.0,0.0,4.0,3D,2025-08-19 06:49:18-04:00,POINT (-81.060348 33.979777)
2025-08-19 01:20:11 UTC,sensor07,236476538,24.29,90.42,2025-08-19 10:49:23+00:00,33.979542,-81.060297,71.4,4.89,-0.3,0.0,4.0,3D,2025-08-19 06:49:23-04:00,POINT (-81.060297 33.979542)
2025-08-19 01:20:16 UTC,sensor07,236476538,24.28,90.54,2025-08-19 10:49:28+00:00,33.979388,-81.060253,71.5,2.45,0.1,0.0,8.0,3D,2025-08-19 06:49:28-04:00,POINT (-81.060253 33.979388)
2025-08-19 01:20:21 UTC,sensor07,236476538,24.28,90.52,2025-08-19 10:49:33+00:00,33.979295,-81.060237,71.1,2.99,-0.2,0.0,11.0,3D,2025-08-19 06:49:33-04:00,POINT (-81.060237 33.979295)
2025-08-19 01:20:26 UTC,sensor07,236476538,24.29,90.63,2025-08-19 10:49:38+00:00,33.979118,-81.060192,70.7,4.57,0.0,0.0,11.0,3D,2025-08-19 06:49:38-04:00,POINT (-81.060192 33.979118)
2025-08-19 01:20:31 UTC,sensor07,236476538,24.32,90.58,2025-08-19 10:49:43+00:00,33.978897,-81.060128,69.3,5.18,-0.1,0.0,15.0,3D,2025-08-19 06:49:43-04:00,POINT (-81.060128 33.978897)
2025-08-19 01:20:36 UTC,sensor07,236476538,24.31,90.45,2025-08-19 10:49:47+00:00,33.978713,-81.060078,68.9,5.03,-0.4,169.08,21.0,3D,2025-08-19 06:49:47-04:00,POINT (-81.060078 33.978713)
2025-08-19 01:20:41 UTC,sensor07,236476538,24.3,90.44,2025-08-19 10:49:51+00:00,33.978532,-81.060033,66.5,4.71,-0.6,171.42,21.0,3D,2025-08-19 06:49:51-04:00,POINT (-81.060033 33.978532)
2025-08-19 01:20:46 UTC,sensor07,236476538,24.3,90.45,2025-08-19 10:49:58+00:00,33.97834,-81.06,64.6,2.63,-0.2,0.0,21.0,3D,2025-08-19 06:49:58-04:00,POINT (-81.06 33.97834)
2025-08-19 01:20:51 UTC,sensor07,236476538,24.29,90.46,2025-08-19 10:50:03+00:00,33.978153,-81.059945,63.3,4.71,-0.4,166.58,21.0,3D,2025-08-19 06:50:03-04:00,POINT (-81.059945 33.978153)
2025-08-19 01:20:56 UTC,sensor07,236476538,24.28,90.62,2025-08-19 10:50:08+00:00,33.977882,-81.059887,62.7,6.18,0.5,167.95,21.0,3D,2025-08-19 06:50:08-04:00,POINT (-81.059887 33.977882)
2025-08-19 01:21:01 UTC,sensor07,236476538,24.27,90.89,2025-08-19 10:50:13+00:00,33.97761,-81.059827,63.7,5.94,0.1,169.45,21.0,3D,2025-08-19 06:50:13-04:00,POINT (-81.059827 33.97761)
2025-08-19 01:21:06 UTC,sensor07,236476538,24.23,91.1,2025-08-19 10:50:18+00:00,33.977423,-81.059777,65.7,2.31,0.9,166.73,21.0,3D,2025-08-19 06:50:18-04:00,POINT (-81.059777 33.977423)
2025-08-19 01:21:16 UTC,sensor07,236476538,24.23,90.9,2025-08-19 10:50:28+00:00,33.977328,-81.059625,68.2,3.68,0.4,90.92,21.0,3D,2025-08-19 06:50:28-04:00,POINT (-81.059625 33.977328)
2025-08-19 01:21:21 UTC,sensor07,236476538,24.22,90.91,2025-08-19 10:50:33+00:00,33.977372,-81.059313,69.7,6.85,0.2,76.72,21.0,3D,2025-08-19 06:50:33-04:00,POINT (-81.059313 33.977372)
2025-08-19 01:21:26 UTC,sensor07,236476538,24.28,90.98,2025-08-19 10:50:38+00:00,33.977435,-81.058933,69.9,7.52,0.2,80.14,21.0,3D,2025-08-19 06:50:38-04:00,POINT (-81.058933 33.977435)
2025-08-19 01:21:32 UTC,sensor07,236476538,24.29,90.85,2025-08-19 10:50:43+00:00,33.977502,-81.058543,69.5,6.91,-0.2,76.77,21.0,3D,2025-08-19 06:50:43-04:00,POINT (-81.058543 33.977502)
2025-08-19 01:21:37 UTC,sensor07,236476538,24.23,90.75,2025-08-19 10:50:49+00:00,33.977582,-81.058127,68.4,5.89,0.2,0.0,21.0,3D,2025-08-19 06:50:49-04:00,POINT (-81.058127 33.977582)
2025-08-19 01:21:47 UTC,sensor07,236476538,24.24,90.71,2025-08-19 10:50:59+00:00,33.977638,-81.057867,69.6,5.01,0.6,0.0,21.0,3D,2025-08-19 06:50:59-04:00,POINT (-81.057867 33.977638)
2025-08-19 01:21:52 UTC,sensor07,236476538,24.23,90.9,2025-08-19 10:51:04+00:00,33.9777,-81.057542,71.1,6.38,0.2,0.0,21.0,3D,2025-08-19 06:51:04-04:00,POINT (-81.057542 33.9777)
2025-08-19 01:21:57 UTC,sensor07,236476538,24.23,90.88,2025-08-19 10:51:09+00:00,33.977768,-81.057242,71.5,5.58,-0.2,76.09,21.0,3D,2025-08-19 06:51:09-04:00,POINT (-81.057242 33.977768)
2025-08-19 01:22:02 UTC,sensor07,236476538,24.22,90.92,2025-08-19 10:51:14+00:00,33.977817,-81.056925,70.8,6.18,0.2,77.12,21.0,3D,2025-08-19 06:51:14-04:00,POINT (-81.056925 33.977817)
2025-08-19 01:22:07 UTC,sensor07,236476538,24.21,90.82,2025-08-19 10:51:19+00:00,33.977878,-81.056585,71.5,6.21,-0.2,77.7,21.0,3D,2025-08-19 06:51:19-04:00,POINT (-81.056585 33.977878)
2025-08-19 01:22:12 UTC,sensor07,236476538,24.19,90.87,2025-08-19 10:51:24+00:00,33.977935,-81.056273,71.4,4.73,0.1,79.18,21.0,3D,2025-08-19 06:51:24-04:00,POINT (-81.056273 33.977935)
2025-08-19 01:22:27 UTC,sensor07,236476538,24.23,91.06,2025-08-19 10:51:39+00:00,33.977803,-81.056073,73.6,4.4,-0.1,174.36,21.0,3D,2025-08-19 06:51:39-04:00,POINT (-81.056073 33.977803)
2025-08-19 01:22:32 UTC,sensor07,236476538,24.19,91.05,2025-08-19 10:51:44+00:00,33.97756,-81.056012,74.1,5.7,0.1,167.12,21.0,3D,2025-08-19 06:51:44-04:00,POINT (-81.056012 33.97756)
2025-08-19 01:22:37 UTC,sensor07,236476538,24.18,91.19,2025-08-19 10:51:48+00:00,33.97733,-81.055968,73.5,6.74,-0.4,0.0,21.0,3D,2025-08-19 06:51:48-04:00,POINT (-81.055968 33.97733)
2025-08-19 01:22:42 UTC,sensor07,236476538,24.17,91.17,2025-08-19 10:51:52+00:00,33.977125,-81.055918,72.2,4.46,-0.33,165.13,21.0,3D,2025-08-19 06:51:52-04:00,POINT (-81.055918 33.977125)
2025-08-19 01:22:52 UTC,sensor07,236476538,24.17,91.08,2025-08-19 10:52:04+00:00,33.977017,-81.055662,66.1,3.92,-0.5,83.57,21.0,3D,2025-08-19 06:52:04-04:00,POINT (-81.055662 33.977017)
2025-08-19 01:22:57 UTC,sensor07,236476538,24.17,91.17,2025-08-19 10:52:09+00:00,33.977087,-81.055398,66.1,5.05,0.2,76.78,21.0,3D,2025-08-19 06:52:09-04:00,POINT (-81.055398 33.977087)
2025-08-19 01:23:02 UTC,sensor07,236476538,24.17,91.21,2025-08-19 10:52:13+00:00,33.977132,-81.055155,67.4,5.27,0.33,80.96,21.0,3D,2025-08-19 06:52:13-04:00,POINT (-81.055155 33.977132)
2025-08-19 01:23:07 UTC,sensor07,236476538,24.16,91.3,2025-08-19 10:52:19+00:00,33.977193,-81.054788,68.5,5.75,-0.1,80.21,21.0,3D,2025-08-19 06:52:19-04:00,POINT (-81.054788 33.977193)
2025-08-19 01:23:12 UTC,sensor07,236476538,24.15,91.24,2025-08-19 10:52:24+00:00,33.977238,-81.054512,69.0,4.79,0.1,78.91,21.0,3D,2025-08-19 06:52:24-04:00,POINT (-81.054512 33.977238)
2025-08-19 01:23:23 UTC,sensor07,236476538,24.2,91.23,2025-08-19 10:52:34+00:00,33.977218,-81.054285,71.0,2.58,0.4,103.64,21.0,3D,2025-08-19 06:52:34-04:00,POINT (-81.054285 33.977218)
2025-08-19 01:23:28 UTC,sensor07,236476538,24.24,91.17,2025-08-19 10:52:40+00:00,33.977263,-81.054072,68.6,3.7,-0.3,0.0,21.0,3D,2025-08-19 06:52:40-04:00,POINT (-81.054072 33.977263)
2025-08-19 01:23:33 UTC,sensor07,236476538,24.32,91.12,2025-08-19 10:52:45+00:00,33.977297,-81.053957,67.1,2.32,-0.2,0.0,21.0,3D,2025-08-19 06:52:45-04:00,POINT (-81.053957 33.977297)
2025-08-19 01:23:38 UTC,sensor07,236476538,24.33,90.89,2025-08-19 10:52:50+00:00,33.977197,-81.053842,66.9,4.21,-0.2,0.0,21.0,3D,2025-08-19 06:52:50-04:00,POINT (-81.053842 33.977197)
2025-08-19 01:23:43 UTC,sensor07,236476538,24.4,90.74,2025-08-19 10:52:55+00:00,33.97694,-81.053662,67.4,7.61,-0.1,0.0,21.0,3D,2025-08-19 06:52:55-04:00,POINT (-81.053662 33.97694)
2025-08-19 01:23:48 UTC,sensor07,236476538,24.4,90.52,2025-08-19 10:53:00+00:00,33.976632,-81.053452,66.4,7.77,-0.2,149.63,21.0,3D,2025-08-19 06:53:00-04:00,POINT (-81.053452 33.976632)
2025-08-19 01:23:53 UTC,sensor07,236476538,24.38,90.48,2025-08-19 10:53:05+00:00,33.97633,-81.053222,64.7,7.54,-0.5,147.51,21.0,3D,2025-08-19 06:53:05-04:00,POINT (-81.053222 33.97633)
2025-08-19 01:23:58 UTC,sensor07,236476538,24.34,90.66,2025-08-19 10:53:10+00:00,33.97604,-81.053027,62.1,7.71,-0.3,150.8,21.0,3D,2025-08-19 06:53:10-04:00,POINT (-81.053027 33.97604)
2025-08-19 01:24:03 UTC,sensor07,236476538,24.34,90.59,2025-08-19 10:53:15+00:00,33.975747,-81.052832,59.2,6.87,-0.2,149.68,21.0,3D,2025-08-19 06:53:15-04:00,POINT (-81.052832 33.975747)
2025-08-19 01:24:08 UTC,sensor07,236476538,24.32,90.59,2025-08-19 10:53:20+00:00,33.975498,-81.052663,58.8,6.37,-0.1,148.86,21.0,3D,2025-08-19 06:53:20-04:00,POINT (-81.052663 33.975498)
2025-08-19 01:24:13 UTC,sensor07,236476538,24.33,90.58,2025-08-19 10:53:25+00:00,33.975223,-81.05246,57.8,7.55,-0.1,149.67,21.0,3D,2025-08-19 06:53:25-04:00,POINT (-81.05246 33.975223)
2025-08-19 01:24:18 UTC,sensor07,236476538,24.41,90.48,2025-08-19 10:53:30+00:00,33.97496,-81.05228,59.4,4.56,0.9,152.22,21.0,3D,2025-08-19 06:53:30-04:00,POINT (-81.05228 33.97496)
2025-08-19 01:24:28 UTC,sensor07,236476538,24.4,90.3,2025-08-19 10:53:40+00:00,33.974792,-81.05217,62.4,3.02,0.3,148.25,21.0,3D,2025-08-19 06:53:40-04:00,POINT (-81.05217 33.974792)
2025-08-19 01:24:33 UTC,sensor07,236476538,24.34,90.47,2025-08-19 10:53:45+00:00,33.974695,-81.052088,62.2,2.57,-0.1,147.03,21.0,3D,2025-08-19 06:53:45-04:00,POINT (-81.052088 33.974695)
2025-08-19 01:24:43 UTC,sensor07,236476538,24.24,90.79,2025-08-19 10:53:53+00:00,33.974483,-81.051957,58.1,4.68,-0.4,0.0,19.0,3D,2025-08-19 06:53:53-04:00,POINT (-81.051957 33.974483)
2025-08-19 01:24:48 UTC,sensor07,236476538,24.25,90.92,2025-08-19 10:54:00+00:00,33.974248,-81.051787,55.6,2.59,0.0,152.35,21.0,3D,2025-08-19 06:54:00-04:00,POINT (-81.051787 33.974248)
2025-08-19 01:24:58 UTC,sensor07,236476538,24.24,90.79,2025-08-19 10:54:10+00:00,33.974147,-81.05171,57.6,2.43,0.4,139.62,21.0,3D,2025-08-19 06:54:10-04:00,POINT (-81.05171 33.974147)
2025-08-19 01:25:03 UTC,sensor07,236476538,24.22,90.94,2025-08-19 10:54:15+00:00,33.974095,-81.051555,60.0,2.53,0.6,83.47,21.0,3D,2025-08-19 06:54:15-04:00,POINT (-81.051555 33.974095)
2025-08-19 01:25:08 UTC,sensor07,236476538,24.27,91.04,2025-08-19 10:54:20+00:00,33.97413,-81.051457,61.1,2.53,0.2,63.57,21.0,3D,2025-08-19 06:54:20-04:00,POINT (-81.051457 33.97413)
2025-08-19 01:25:19 UTC,sensor07,236476538,24.23,90.92,2025-08-19 10:54:31+00:00,33.974183,-81.051148,61.5,3.7,0.0,0.0,21.0,3D,2025-08-19 06:54:31-04:00,POINT (-81.051148 33.974183)
2025-08-19 01:25:24 UTC,sensor07,236476538,24.2,90.94,2025-08-19 10:54:36+00:00,33.974215,-81.050958,60.4,3.08,-0.2,0.0,21.0,3D,2025-08-19 06:54:36-04:00,POINT (-81.050958 33.974215)
2025-08-19 01:25:29 UTC,sensor07,236476538,24.19,90.97,2025-08-19 10:54:41+00:00,33.97433,-81.050977,60.3,2.75,-0.2,0.0,21.0,3D,2025-08-19 06:54:41-04:00,POINT (-81.050977 33.97433)
2025-08-19 01:25:34 UTC,sensor07,236476538,24.2,91.02,2025-08-19 10:54:46+00:00,33.974335,-81.051138,61.1,3.67,0.1,247.19,21.0,3D,2025-08-19 06:54:46-04:00,POINT (-81.051138 33.974335)
2025-08-19 01:25:39 UTC,sensor07,236476538,24.19,91.05,2025-08-19 10:54:51+00:00,33.974253,-81.051377,61.0,4.37,0.1,249.83,21.0,3D,2025-08-19 06:54:51-04:00,POINT (-81.051377 33.974253)
2025-08-19 01:25:49 UTC,sensor07,236476538,24.2,91.17,2025-08-19 10:55:01+00:00,33.974208,-81.051643,59.1,2.85,0.3,286.62,21.0,3D,2025-08-19 06:55:01-04:00,POINT (-81.051643 33.974208)
2025-08-19 01:25:54 UTC,sensor07,236476538,24.17,91.14,2025-08-19 10:55:06+00:00,33.974307,-81.051783,59.9,4.49,0.4,329.29,21.0,3D,2025-08-19 06:55:06-04:00,POINT (-81.051783 33.974307)
2025-08-19 01:25:59 UTC,sensor07,236476538,24.15,91.22,2025-08-19 10:55:11+00:00,33.974512,-81.051935,62.4,5.98,0.7,329.24,21.0,3D,2025-08-19 06:55:11-04:00,POINT (-81.051935 33.974512)
2025-08-19 01:26:04 UTC,sensor07,236476538,24.17,91.24,2025-08-19 10:55:16+00:00,33.974732,-81.052093,65.1,4.99,-0.1,330.37,21.0,3D,2025-08-19 06:55:16-04:00,POINT (-81.052093 33.974732)
2025-08-19 01:26:09 UTC,sensor07,236476538,24.25,91.13,2025-08-19 10:55:21+00:00,33.974968,-81.052248,67.4,5.54,0.2,330.92,21.0,3D,2025-08-19 06:55:21-04:00,POINT (-81.052248 33.974968)
2025-08-19 01:26:14 UTC,sensor07,236476538,24.28,90.84,2025-08-19 10:55:26+00:00,33.975142,-81.05235,66.1,2.41,-0.2,355.71,21.0,3D,2025-08-19 06:55:26-04:00,POINT (-81.05235 33.975142)
2025-08-19 01:26:19 UTC,sensor07,236476538,24.28,90.78,2025-08-19 10:55:31+00:00,33.975213,-81.052235,65.5,3.95,0.0,61.71,21.0,3D,2025-08-19 06:55:31-04:00,POINT (-81.052235 33.975213)
2025-08-19 01:26:24 UTC,sensor07,236476538,24.28,90.92,2025-08-19 10:55:36+00:00,33.97532,-81.05199,65.8,5.88,0.1,61.2,21.0,3D,2025-08-19 06:55:36-04:00,POINT (-81.05199 33.97532)
2025-08-19 01:26:29 UTC,sensor07,236476538,24.27,90.93,2025-08-19 10:55:41+00:00,33.975455,-81.051717,65.7,6.44,-0.2,59.88,21.0,3D,2025-08-19 06:55:41-04:00,POINT (-81.051717 33.975455)
2025-08-19 01:26:34 UTC,sensor07,236476538,24.24,90.91,2025-08-19 10:55:46+00:00,33.975587,-81.051438,65.8,5.13,0.1,64.69,21.0,3D,2025-08-19 06:55:46-04:00,POINT (-81.051438 33.975587)
2025-08-19 01:26:39 UTC,sensor07,236476538,24.22,90.91,2025-08-19 10:55:48+00:00,33.97563,-81.05134,65.4,4.5,-0.2,61.99,21.0,3D,2025-08-19 06:55:48-04:00,POINT (-81.05134 33.97563)
2025-08-19 01:26:45 UTC,sensor07,236476538,24.23,90.99,2025-08-19 10:55:56+00:00,33.975822,-81.050967,64.2,4.26,-0.15,62.38,21.0,3D,2025-08-19 06:55:56-04:00,POINT (-81.050967 33.975822)
2025-08-19 01:26:50 UTC,sensor07,236476538,24.2,90.95,2025-08-19 10:56:02+00:00,33.975953,-81.050855,64.1,2.7,0.7,0.0,21.0,3D,2025-08-19 06:56:02-04:00,POINT (-81.050855 33.975953)
2025-08-19 01:26:55 UTC,sensor07,236476538,24.2,90.94,2025-08-19 10:56:07+00:00,33.97613,-81.050917,66.6,5.4,-0.2,0.0,21.0,3D,2025-08-19 06:56:07-04:00,POINT (-81.050917 33.97613)
2025-08-19 01:27:00 UTC,sensor07,236476538,24.17,91.07,2025-08-19 10:56:12+00:00,33.976397,-81.051015,68.2,5.8,0.3,0.0,21.0,3D,2025-08-19 06:56:12-04:00,POINT (-81.051015 33.976397)
2025-08-19 01:27:05 UTC,sensor07,236476538,24.2,91.13,2025-08-19 10:56:17+00:00,33.976658,-81.051115,69.3,6.55,0.0,0.0,21.0,3D,2025-08-19 06:56:17-04:00,POINT (-81.051115 33.976658)
2025-08-19 01:27:10 UTC,sensor07,236476538,24.22,91.05,2025-08-19 10:56:22+00:00,33.976922,-81.051218,68.9,6.42,0.1,342.36,21.0,3D,2025-08-19 06:56:22-04:00,POINT (-81.051218 33.976922)
2025-08-19 01:27:15 UTC,sensor07,236476538,24.2,91.05,2025-08-19 10:56:27+00:00,33.977197,-81.051328,68.2,6.28,-0.3,341.56,21.0,3D,2025-08-19 06:56:27-04:00,POINT (-81.051328 33.977197)
2025-08-19 01:27:20 UTC,sensor07,236476538,24.25,91.1,2025-08-19 10:56:32+00:00,33.977483,-81.051427,68.3,6.15,0.0,343.73,21.0,3D,2025-08-19 06:56:32-04:00,POINT (-81.051427 33.977483)
2025-08-19 01:27:25 UTC,sensor07,236476538,24.25,91.06,2025-08-19 10:56:37+00:00,33.977758,-81.05152,69.1,5.94,-0.4,343.12,21.0,3D,2025-08-19 06:56:37-04:00,POINT (-81.05152 33.977758)
2025-08-19 01:27:30 UTC,sensor07,236476538,24.26,90.92,2025-08-19 10:56:42+00:00,33.978023,-81.05161,68.0,6.13,0.2,341.02,21.0,3D,2025-08-19 06:56:42-04:00,POINT (-81.05161 33.978023)
2025-08-19 01:27:35 UTC,sensor07,236476538,24.27,91.01,2025-08-19 10:56:47+00:00,33.978322,-81.051708,65.8,7.06,-0.5,347.24,21.0,3D,2025-08-19 06:56:47-04:00,POINT (-81.051708 33.978322)
2025-08-19 01:27:40 UTC,sensor07,236476538,24.25,91.06,2025-08-19 10:56:52+00:00,33.978598,-81.051785,64.1,4.53,-0.3,348.05,21.0,3D,2025-08-19 06:56:52-04:00,POINT (-81.051785 33.978598)
2025-08-19 01:27:45 UTC,sensor07,236476538,24.28,91.08,2025-08-19 10:56:57+00:00,33.978727,-81.051817,62.7,2.43,-0.2,348.75,21.0,3D,2025-08-19 06:56:57-04:00,POINT (-81.051817 33.978727)
2025-08-19 01:27:50 UTC,sensor07,236476538,24.27,91.06,2025-08-19 10:57:02+00:00,33.97893,-81.051848,61.5,4.8,-0.5,359.17,21.0,3D,2025-08-19 06:57:02-04:00,POINT (-81.051848 33.97893)
2025-08-19 01:27:55 UTC,sensor07,236476538,24.23,91.09,2025-08-19 10:57:07+00:00,33.979117,-81.05181,61.2,4.25,-0.2,17.97,21.0,3D,2025-08-19 06:57:07-04:00,POINT (-81.05181 33.979117)
2025-08-19 01:28:00 UTC,sensor07,236476538,24.22,91.18,2025-08-19 10:57:12+00:00,33.979298,-81.05172,60.7,4.39,-0.3,20.32,21.0,3D,2025-08-19 06:57:12-04:00,POINT (-81.05172 33.979298)
2025-08-19 01:28:05 UTC,sensor07,236476538,24.24,91.22,2025-08-19 10:57:17+00:00,33.979448,-81.05165,62.6,3.15,0.7,15.45,21.0,3D,2025-08-19 06:57:17-04:00,POINT (-81.05165 33.979448)
2025-08-19 01:28:10 UTC,sensor07,236476538,24.28,90.95,2025-08-19 10:57:22+00:00,33.979617,-81.051542,65.1,4.88,0.3,26.2,21.0,3D,2025-08-19 06:57:22-04:00,POINT (-81.051542 33.979617)
2025-08-19 01:28:15 UTC,sensor07,236476538,24.28,90.95,2025-08-19 10:57:27+00:00,33.979862,-81.0514,67.7,6.13,0.5,24.0,21.0,3D,2025-08-19 06:57:27-04:00,POINT (-81.0514 33.979862)
2025-08-19 01:28:20 UTC,sensor07,236476538,24.27,90.82,2025-08-19 10:57:32+00:00,33.980128,-81.051252,68.8,6.38,0.2,22.74,21.0,3D,2025-08-19 06:57:32-04:00,POINT (-81.051252 33.980128)
2025-08-19 01:28:26 UTC,sensor07,236476538,24.27,90.81,2025-08-19 10:57:37+00:00,33.980403,-81.051158,69.9,5.96,0.0,9.09,21.0,3D,2025-08-19 06:57:37-04:00,POINT (-81.051158 33.980403)
2025-08-19 01:28:31 UTC,sensor07,236476538,24.26,90.88,2025-08-19 10:57:43+00:00,33.980757,-81.051215,67.4,6.65,-0.8,0.0,21.0,3D,2025-08-19 06:57:43-04:00,POINT (-81.051215 33.980757)
2025-08-19 01:28:36 UTC,sensor07,236476538,24.25,90.91,2025-08-19 10:57:48+00:00,33.981052,-81.051292,66.7,6.95,-0.2,0.0,21.0,3D,2025-08-19 06:57:48-04:00,POINT (-81.051292 33.981052)
2025-08-19 01:28:41 UTC,sensor07,236476538,24.24,90.98,2025-08-19 10:57:53+00:00,33.981348,-81.051352,67.4,6.66,0.05,0.0,21.0,3D,2025-08-19 06:57:53-04:00,POINT (-81.051352 33.981348)
2025-08-19 01:28:46 UTC,sensor07,236476538,24.22,91.06,2025-08-19 10:57:58+00:00,33.981635,-81.051397,67.6,5.62,-0.3,0.0,21.0,3D,2025-08-19 06:57:58-04:00,POINT (-81.051397 33.981635)
2025-08-19 01:28:51 UTC,sensor07,236476538,24.22,91.06,2025-08-19 10:58:03+00:00,33.981757,-81.051427,67.4,2.45,0.1,0.0,4.0,3D,2025-08-19 06:58:03-04:00,POINT (-81.051427 33.981757)
2025-08-19 01:28:56 UTC,sensor07,236476538,24.21,91.06,2025-08-19 10:58:08+00:00,33.98195,-81.051463,66.8,5.62,0.2,0.0,4.0,3D,2025-08-19 06:58:08-04:00,POINT (-81.051463 33.98195)
2025-08-19 01:29:01 UTC,sensor07,236476538,24.2,91.12,2025-08-19 10:58:13+00:00,33.98223,-81.051512,66.4,6.17,-0.3,0.0,8.0,3D,2025-08-19 06:58:13-04:00,POINT (-81.051512 33.98223)
2025-08-19 01:29:11 UTC,sensor07,236476538,24.24,91.05,2025-08-19 10:58:23+00:00,33.982443,-81.051453,65.4,2.49,0.3,0.0,15.0,3D,2025-08-19 06:58:23-04:00,POINT (-81.051453 33.982443)
2025-08-19 01:29:16 UTC,sensor07,236476538,24.24,91.02,2025-08-19 10:58:28+00:00,33.98248,-81.0512,65.1,6.41,0.0,0.0,15.0,3D,2025-08-19 06:58:28-04:00,POINT (-81.0512 33.98248)
2025-08-19 01:29:21 UTC,sensor07,236476538,24.24,91.02,2025-08-19 10:58:33+00:00,33.982518,-81.050845,64.1,6.8,0.0,0.0,15.0,3D,2025-08-19 06:58:33-04:00,POINT (-81.050845 33.982518)
2025-08-19 01:29:26 UTC,sensor07,236476538,24.22,91.06,2025-08-19 10:58:38+00:00,33.982565,-81.050542,64.3,4.96,0.3,0.0,21.0,3D,2025-08-19 06:58:38-04:00,POINT (-81.050542 33.982565)
2025-08-19 01:29:31 UTC,sensor07,236476538,24.26,91.02,2025-08-19 10:58:43+00:00,33.982647,-81.050357,64.6,3.38,0.1,0.0,21.0,3D,2025-08-19 06:58:43-04:00,POINT (-81.050357 33.982647)
2025-08-19 01:29:36 UTC,sensor07,236476538,24.26,91.02,2025-08-19 10:58:48+00:00,33.982862,-81.050425,64.3,4.99,-0.1,350.64,21.0,3D,2025-08-19 06:58:48-04:00,POINT (-81.050425 33.982862)
2025-08-19 01:29:41 UTC,sensor07,236476538,24.27,91.05,2025-08-19 10:58:53+00:00,33.983145,-81.050483,63.3,6.78,-0.3,349.69,21.0,3D,2025-08-19 06:58:53-04:00,POINT (-81.050483 33.983145)
2025-08-19 01:29:46 UTC,sensor07,236476538,24.27,91.13,2025-08-19 10:58:58+00:00,33.983445,-81.050538,61.2,6.63,-0.4,351.52,21.0,3D,2025-08-19 06:58:58-04:00,POINT (-81.050538 33.983445)
2025-08-19 01:29:51 UTC,sensor07,236476538,24.2,91.44,2025-08-19 10:59:03+00:00,33.983707,-81.050585,58.6,5.78,-0.8,351.58,21.0,3D,2025-08-19 06:59:03-04:00,POINT (-81.050585 33.983707)
2025-08-19 01:29:56 UTC,sensor07,236476538,24.23,91.69,2025-08-19 10:59:08+00:00,33.983968,-81.05066,56.8,5.6,-0.1,343.46,21.0,3D,2025-08-19 06:59:08-04:00,POINT (-81.05066 33.983968)
2025-08-19 01:30:12 UTC,sensor07,236476538,24.24,91.14,2025-08-19 10:59:23+00:00,33.984232,-81.050672,56.6,2.99,0.0,47.14,21.0,3D,2025-08-19 06:59:23-04:00,POINT (-81.050672 33.984232)
2025-08-19 01:30:17 UTC,sensor07,236476538,24.26,91.05,2025-08-19 10:59:29+00:00,33.984355,-81.050428,56.5,4.49,-0.1,0.0,21.0,3D,2025-08-19 06:59:29-04:00,POINT (-81.050428 33.984355)
2025-08-19 01:30:22 UTC,sensor07,236476538,24.29,91.35,2025-08-19 10:59:34+00:00,33.984382,-81.05021,56.9,4.79,0.2,0.0,21.0,3D,2025-08-19 06:59:34-04:00,POINT (-81.05021 33.984382)
2025-08-19 01:30:27 UTC,sensor07,236476538,24.29,91.33,2025-08-19 10:59:39+00:00,33.984405,-81.049925,56.8,4.6,0.0,0.0,21.0,3D,2025-08-19 06:59:39-04:00,POINT (-81.049925 33.984405)
2025-08-19 01:30:32 UTC,sensor07,236476538,24.29,91.15,2025-08-19 10:59:44+00:00,33.984467,-81.049742,57.1,3.13,0.2,0.0,21.0,3D,2025-08-19 06:59:44-04:00,POINT (-81.049742 33.984467)
2025-08-19 01:30:37 UTC,sensor07,236476538,24.32,90.95,2025-08-19 10:59:49+00:00,33.984532,-81.049587,58.0,3.1,0.4,41.73,21.0,3D,2025-08-19 06:59:49-04:00,POINT (-81.049587 33.984532)
2025-08-19 01:30:42 UTC,sensor07,236476538,24.25,91.15,2025-08-19 10:59:50+00:00,33.98455,-81.049558,58.6,2.6,0.6,36.2,21.0,3D,2025-08-19 06:59:50-04:00,POINT (-81.049558 33.98455)
2025-08-19 01:30:47 UTC,sensor07,236476538,24.24,91.16,2025-08-19 10:59:59+00:00,33.984918,-81.04945,59.1,6.19,-0.4,0.32,21.0,3D,2025-08-19 06:59:59-04:00,POINT (-81.04945 33.984918)
2025-08-19 01:30:52 UTC,sensor07,236476538,24.2,91.32,2025-08-19 11:00:04+00:00,33.985213,-81.04949,58.3,5.79,0.0,352.24,21.0,3D,2025-08-19 07:00:04-04:00,POINT (-81.04949 33.985213)
2025-08-19 01:30:57 UTC,sensor07,236476538,24.22,91.24,2025-08-19 11:00:09+00:00,33.985472,-81.04956,58.7,5.0,0.0,345.08,21.0,3D,2025-08-19 07:00:09-04:00,POINT (-81.04956 33.985472)
2025-08-19 01:31:12 UTC,sensor07,236476538,24.23,91.06,2025-08-19 11:00:24+00:00,33.985643,-81.049823,60.9,4.6,0.1,238.4,21.0,3D,2025-08-19 07:00:24-04:00,POINT (-81.049823 33.985643)
2025-08-19 01:31:17 UTC,sensor07,236476538,24.26,91.01,2025-08-19 11:00:29+00:00,33.985493,-81.050122,61.5,6.34,0.3,239.23,21.0,3D,2025-08-19 07:00:29-04:00,POINT (-81.050122 33.985493)
2025-08-19 01:31:22 UTC,sensor07,236476538,24.3,90.9,2025-08-19 11:00:34+00:00,33.98537,-81.050448,61.2,6.25,-0.2,244.7,21.0,3D,2025-08-19 07:00:34-04:00,POINT (-81.050448 33.98537)
2025-08-19 01:31:27 UTC,sensor07,236476538,24.33,90.77,2025-08-19 11:00:39+00:00,33.98525,-81.050743,60.2,5.38,0.1,242.41,21.0,3D,2025-08-19 07:00:39-04:00,POINT (-81.050743 33.98525)
2025-08-19 01:31:32 UTC,sensor07,236476538,24.34,90.69,2025-08-19 11:00:44+00:00,33.985168,-81.051002,60.3,5.47,0.1,249.19,21.0,3D,2025-08-19 07:00:44-04:00,POINT (-81.051002 33.985168)
2025-08-19 01:31:37 UTC,sensor07,236476538,24.35,90.72,2025-08-19 11:00:49+00:00,33.985107,-81.051268,59.2,3.94,-0.3,249.91,21.0,3D,2025-08-19 07:00:49-04:00,POINT (-81.051268 33.985107)
2025-08-19 01:31:42 UTC,sensor07,236476538,24.32,90.75,2025-08-19 11:00:54+00:00,33.985038,-81.05147,57.8,3.21,0.0,246.71,21.0,3D,2025-08-19 07:00:54-04:00,POINT (-81.05147 33.985038)
2025-08-19 01:31:47 UTC,sensor07,236476538,24.33,90.84,2025-08-19 11:00:59+00:00,33.984987,-81.051708,57.8,4.5,0.1,253.84,21.0,3D,2025-08-19 07:00:59-04:00,POINT (-81.051708 33.984987)
2025-08-19 01:31:53 UTC,sensor07,236476538,24.31,90.75,2025-08-19 11:01:04+00:00,33.98494,-81.051942,58.5,3.89,0.2,254.16,21.0,3D,2025-08-19 07:01:04-04:00,POINT (-81.051942 33.98494)
2025-08-19 01:31:58 UTC,sensor07,236476538,24.34,90.66,2025-08-19 11:01:10+00:00,33.984918,-81.052128,59.7,2.31,0.1,0.0,21.0,3D,2025-08-19 07:01:10-04:00,POINT (-81.052128 33.984918)
2025-08-19 01:32:03 UTC,sensor07,236476538,24.33,90.66,2025-08-19 11:01:15+00:00,33.984905,-81.052288,60.2,3.81,-0.1,0.0,21.0,3D,2025-08-19 07:01:15-04:00,POINT (-81.052288 33.984905)
2025-08-19 01:32:13 UTC,sensor07,236476538,24.31,90.62,2025-08-19 11:01:25+00:00,33.98488,-81.052595,61.6,3.29,-0.1,260.11,21.0,3D,2025-08-19 07:01:25-04:00,POINT (-81.052595 33.98488)
2025-08-19 01:32:18 UTC,sensor07,236476538,24.32,90.6,2025-08-19 11:01:30+00:00,33.984855,-81.052852,61.2,5.16,-0.2,255.63,21.0,3D,2025-08-19 07:01:30-04:00,POINT (-81.052852 33.984855)
2025-08-19 01:32:23 UTC,sensor07,236476538,24.33,90.68,2025-08-19 11:01:35+00:00,33.984802,-81.053137,60.0,4.61,-0.1,254.95,21.0,3D,2025-08-19 07:01:35-04:00,POINT (-81.053137 33.984802)
2025-08-19 01:32:28 UTC,sensor07,236476538,24.34,90.69,2025-08-19 11:01:40+00:00,33.984788,-81.053408,59.1,3.46,0.0,271.9,21.0,3D,2025-08-19 07:01:40-04:00,POINT (-81.053408 33.984788)
2025-08-19 01:32:33 UTC,sensor07,236476538,24.36,90.82,2025-08-19 11:01:45+00:00,33.9848,-81.053705,58.3,6.22,0.0,274.17,21.0,3D,2025-08-19 07:01:45-04:00,POINT (-81.053705 33.9848)
2025-08-19 01:32:38 UTC,sensor07,236476538,24.39,90.67,2025-08-19 11:01:50+00:00,33.98481,-81.054068,57.3,6.22,0.0,270.78,21.0,3D,2025-08-19 07:01:50-04:00,POINT (-81.054068 33.98481)
2025-08-19 01:32:43 UTC,sensor07,236476538,24.39,90.7,2025-08-19 11:01:55+00:00,33.984802,-81.054395,58.3,4.45,1.0,271.61,21.0,3D,2025-08-19 07:01:55-04:00,POINT (-81.054395 33.984802)
2025-08-19 01:32:53 UTC,sensor07,236476538,24.39,90.74,2025-08-19 11:02:05+00:00,33.984658,-81.054578,60.0,2.54,0.2,167.06,21.0,3D,2025-08-19 07:02:05-04:00,POINT (-81.054578 33.984658)
2025-08-19 01:32:58 UTC,sensor07,236476538,24.4,90.72,2025-08-19 11:02:10+00:00,33.984495,-81.054502,63.1,4.94,1.0,164.88,21.0,3D,2025-08-19 07:02:10-04:00,POINT (-81.054502 33.984495)
2025-08-19 01:33:03 UTC,sensor07,236476538,24.39,90.65,2025-08-19 11:02:15+00:00,33.984238,-81.05443,65.1,6.21,0.4,167.36,21.0,3D,2025-08-19 07:02:15-04:00,POINT (-81.05443 33.984238)
2025-08-19 01:33:08 UTC,sensor07,236476538,24.33,90.64,2025-08-19 11:02:20+00:00,33.983927,-81.054345,67.5,7.46,1.0,165.45,21.0,3D,2025-08-19 07:02:20-04:00,POINT (-81.054345 33.983927)
2025-08-19 01:33:13 UTC,sensor07,236476538,24.34,90.74,2025-08-19 11:02:25+00:00,33.98361,-81.05425,69.2,6.21,0.3,166.33,21.0,3D,2025-08-19 07:02:25-04:00,POINT (-81.05425 33.98361)
2025-08-19 01:33:23 UTC,sensor07,236476538,24.33,90.57,2025-08-19 11:02:35+00:00,33.983395,-81.054197,72.7,2.46,0.5,167.67,21.0,3D,2025-08-19 07:02:35-04:00,POINT (-81.054197 33.983395)
2025-08-19 01:33:29 UTC,sensor07,236476538,24.3,90.54,2025-08-19 11:02:40+00:00,33.983222,-81.054163,73.5,4.64,-0.1,167.85,21.0,3D,2025-08-19 07:02:40-04:00,POINT (-81.054163 33.983222)
2025-08-19 01:33:34 UTC,sensor07,236476538,24.34,90.56,2025-08-19 11:02:45+00:00,33.982968,-81.054102,72.8,4.8,-0.2,160.35,21.0,3D,2025-08-19 07:02:45-04:00,POINT (-81.054102 33.982968)
2025-08-19 01:33:39 UTC,sensor07,236476538,24.33,90.49,2025-08-19 11:02:51+00:00,33.982745,-81.054048,71.0,3.16,-0.6,0.0,21.0,3D,2025-08-19 07:02:51-04:00,POINT (-81.054048 33.982745)
2025-08-19 01:33:44 UTC,sensor07,236476538,24.33,90.57,2025-08-19 11:02:56+00:00,33.982657,-81.0541,69.6,2.41,-0.5,0.0,21.0,3D,2025-08-19 07:02:56-04:00,POINT (-81.0541 33.982657)
2025-08-19 01:33:49 UTC,sensor07,236476538,24.33,90.61,2025-08-19 11:03:01+00:00,33.982615,-81.05428,68.8,4.56,0.0,0.0,21.0,3D,2025-08-19 07:03:01-04:00,POINT (-81.05428 33.982615)
2025-08-19 01:33:54 UTC,sensor07,236476538,24.34,90.55,2025-08-19 11:03:06+00:00,33.982553,-81.054558,70.0,5.94,0.2,0.0,21.0,3D,2025-08-19 07:03:06-04:00,POINT (-81.054558 33.982553)
2025-08-19 01:33:59 UTC,sensor07,236476538,24.33,90.54,2025-08-19 11:03:11+00:00,33.982487,-81.054883,70.2,5.54,0.2,261.04,21.0,3D,2025-08-19 07:03:11-04:00,POINT (-81.054883 33.982487)
2025-08-19 01:34:04 UTC,sensor07,236476538,24.3,90.53,2025-08-19 11:03:16+00:00,33.982453,-81.05516,70.2,4.54,0.1,258.27,21.0,3D,2025-08-19 07:03:16-04:00,POINT (-81.05516 33.982453)
2025-08-19 01:34:19 UTC,sensor07,236476538,24.3,90.44,2025-08-19 11:03:31+00:00,33.982337,-81.055383,73.7,4.25,0.4,187.98,21.0,3D,2025-08-19 07:03:31-04:00,POINT (-81.055383 33.982337)
2025-08-19 01:34:24 UTC,sensor07,236476538,24.33,90.38,2025-08-19 11:03:36+00:00,33.982035,-81.055302,73.7,8.75,0.0,167.95,21.0,3D,2025-08-19 07:03:36-04:00,POINT (-81.055302 33.982035)
2025-08-19 01:34:29 UTC,sensor07,236476538,24.34,90.3,2025-08-19 11:03:41+00:00,33.981617,-81.055188,74.1,9.4,0.0,169.46,21.0,3D,2025-08-19 07:03:41-04:00,POINT (-81.055188 33.981617)
2025-08-19 01:34:34 UTC,sensor07,236476538,24.39,90.35,2025-08-19 11:03:46+00:00,33.981228,-81.05509,74.5,8.14,-0.1,168.46,21.0,3D,2025-08-19 07:03:46-04:00,POINT (-81.05509 33.981228)
2025-08-19 01:34:39 UTC,sensor07,236476538,24.4,90.29,2025-08-19 11:03:50+00:00,33.981003,-81.055033,74.6,3.49,0.0,177.47,21.0,3D,2025-08-19 07:03:50-04:00,POINT (-81.055033 33.981003)
2025-08-19 01:34:44 UTC,sensor07,236476538,24.42,90.27,2025-08-19 11:03:56+00:00,33.980945,-81.055207,73.5,4.39,-0.4,260.22,21.0,3D,2025-08-19 07:03:56-04:00,POINT (-81.055207 33.980945)
2025-08-19 01:34:49 UTC,sensor07,236476538,24.49,90.13,2025-08-19 11:04:01+00:00,33.980898,-81.055507,73.2,5.65,0.1,258.45,21.0,3D,2025-08-19 07:04:01-04:00,POINT (-81.055507 33.980898)
2025-08-19 01:34:54 UTC,sensor07,236476538,24.48,90.03,2025-08-19 11:04:06+00:00,33.980843,-81.055815,74.1,5.33,0.2,257.22,21.0,3D,2025-08-19 07:04:06-04:00,POINT (-81.055815 33.980843)
2025-08-19 01:34:59 UTC,sensor07,236476538,24.48,89.98,2025-08-19 11:04:11+00:00,33.980785,-81.056087,72.7,4.98,-0.8,257.15,21.0,3D,2025-08-19 07:04:11-04:00,POINT (-81.056087 33.980785)
2025-08-19 01:35:04 UTC,sensor07,236476538,24.46,89.96,2025-08-19 11:04:16+00:00,33.98074,-81.056362,71.6,5.17,0.1,259.16,21.0,3D,2025-08-19 07:04:16-04:00,POINT (-81.056362 33.98074)
2025-08-19 01:35:09 UTC,sensor07,236476538,24.42,90.18,2025-08-19 11:04:21+00:00,33.980693,-81.056632,71.2,4.51,0.2,256.58,21.0,3D,2025-08-19 07:04:21-04:00,POINT (-81.056632 33.980693)
2025-08-19 01:35:14 UTC,sensor07,236476538,24.42,90.25,2025-08-19 11:04:26+00:00,33.980595,-81.056795,71.1,3.53,-0.2,200.79,21.0,3D,2025-08-19 07:04:26-04:00,POINT (-81.056795 33.980595)
2025-08-19 01:35:20 UTC,sensor07,236476538,24.44,90.09,2025-08-19 11:04:32+00:00,33.98034,-81.056747,71.0,5.5,-0.1,0.0,21.0,3D,2025-08-19 07:04:32-04:00,POINT (-81.056747 33.98034)
2025-08-19 01:35:25 UTC,sensor07,236476538,24.45,90.12,2025-08-19 11:04:37+00:00,33.980098,-81.056647,70.0,5.1,-0.3,0.0,21.0,3D,2025-08-19 07:04:37-04:00,POINT (-81.056647 33.980098)
2025-08-19 01:35:35 UTC,sensor07,236476538,24.44,90.11,2025-08-19 11:04:47+00:00,33.979912,-81.056757,67.4,4.53,-0.1,257.31,21.0,3D,2025-08-19 07:04:47-04:00,POINT (-81.056757 33.979912)
2025-08-19 01:35:40 UTC,sensor07,236476538,24.42,90.11,2025-08-19 11:04:52+00:00,33.979845,-81.057057,67.7,5.44,0.1,254.84,21.0,3D,2025-08-19 07:04:52-04:00,POINT (-81.057057 33.979845)
2025-08-19 01:35:45 UTC,sensor07,236476538,24.42,90.19,2025-08-19 11:04:57+00:00,33.979783,-81.057342,68.4,4.97,-0.1,258.19,21.0,3D,2025-08-19 07:04:57-04:00,POINT (-81.057342 33.979783)
2025-08-19 07:00:04 UTC,sensor08,236476534,23.96,91.51,2025-08-19 09:55:00+00:00,34.012693,-81.042692,98.2,8.91,0.2,149.5,12.0,3D,2025-08-19 05:55:00-04:00,POINT (-81.042692 34.012693)
2025-08-19 07:00:59 UTC,sensor08,236476534,23.97,91.6,2025-08-19 09:55:56+00:00,34.012322,-81.042365,99.2,7.46,0.2,134.39,12.0,3D,2025-08-19 05:55:56-04:00,POINT (-81.042365 34.012322)
2025-08-19 07:01:04 UTC,sensor08,236476534,24.08,91.41,2025-08-19 09:56:01+00:00,34.012015,-81.042128,98.7,8.79,-0.1,159.19,12.0,3D,2025-08-19 05:56:01-04:00,POINT (-81.042128 34.012015)
2025-08-19 07:01:09 UTC,sensor08,236476534,24.08,91.13,2025-08-19 09:56:06+00:00,34.011602,-81.041953,99.1,9.52,0.4,160.66,12.0,3D,2025-08-19 05:56:06-04:00,POINT (-81.041953 34.011602)
2025-08-19 07:01:14 UTC,sensor08,236476534,24.11,90.95,2025-08-19 09:56:11+00:00,34.011227,-81.041792,100.7,7.33,0.4,158.14,12.0,3D,2025-08-19 05:56:11-04:00,POINT (-81.041792 34.011227)
2025-08-19 07:01:50 UTC,sensor08,236476534,24.17,90.78,2025-08-19 09:56:46+00:00,34.010805,-81.041605,101.5,9.18,0.0,158.37,12.0,3D,2025-08-19 05:56:46-04:00,POINT (-81.041605 34.010805)
2025-08-19 07:01:55 UTC,sensor08,236476534,24.19,90.71,2025-08-19 09:56:48+00:00,34.010628,-81.041535,101.9,10.49,0.2,158.94,12.0,3D,2025-08-19 05:56:48-04:00,POINT (-81.041535 34.010628)
2025-08-19 07:02:00 UTC,sensor08,236476534,24.13,90.65,2025-08-19 09:56:56+00:00,34.009902,-81.041235,105.8,8.41,0.97,162.49,12.0,3D,2025-08-19 05:56:56-04:00,POINT (-81.041235 34.009902)
2025-08-19 07:02:05 UTC,sensor08,236476534,24.11,90.66,2025-08-19 09:57:01+00:00,34.009665,-81.041157,107.6,3.0,0.2,172.37,12.0,3D,2025-08-19 05:57:01-04:00,POINT (-81.041157 34.009665)
2025-08-19 07:02:10 UTC,sensor08,236476534,24.07,90.8,2025-08-19 09:57:06+00:00,34.009512,-81.041343,108.1,7.85,-0.5,247.52,12.0,3D,2025-08-19 05:57:06-04:00,POINT (-81.041343 34.009512)
2025-08-19 07:02:15 UTC,sensor08,236476534,24.05,90.99,2025-08-19 09:57:11+00:00,34.00939,-81.041883,108.2,10.22,0.1,250.12,12.0,3D,2025-08-19 05:57:11-04:00,POINT (-81.041883 34.00939)
2025-08-19 07:02:20 UTC,sensor08,236476534,24.02,91.03,2025-08-19 09:57:16+00:00,34.009278,-81.042377,109.2,8.51,0.1,251.27,12.0,3D,2025-08-19 05:57:16-04:00,POINT (-81.042377 34.009278)
2025-08-19 07:02:30 UTC,sensor08,236476534,24.0,91.12,2025-08-19 09:57:27+00:00,34.008967,-81.042655,110.5,6.51,0.3,0.0,12.0,3D,2025-08-19 05:57:27-04:00,POINT (-81.042655 34.008967)
2025-08-19 07:02:35 UTC,sensor08,236476534,24.02,91.19,2025-08-19 09:57:32+00:00,34.00853,-81.042463,111.3,10.87,0.1,0.0,12.0,3D,2025-08-19 05:57:32-04:00,POINT (-81.042463 34.00853)
2025-08-19 07:02:40 UTC,sensor08,236476534,24.12,91.2,2025-08-19 09:57:37+00:00,34.008122,-81.042253,112.4,8.82,0.0,0.0,12.0,3D,2025-08-19 05:57:37-04:00,POINT (-81.042253 34.008122)
2025-08-19 07:02:45 UTC,sensor08,236476534,24.11,90.97,2025-08-19 09:57:42+00:00,34.007898,-81.042132,112.7,2.35,0.0,0.0,12.0,3D,2025-08-19 05:57:42-04:00,POINT (-81.042132 34.007898)
2025-08-19 07:02:50 UTC,sensor08,236476534,24.07,90.9,2025-08-19 09:57:47+00:00,34.007795,-81.04195,112.9,7.31,-0.1,96.12,12.0,3D,2025-08-19 05:57:47-04:00,POINT (-81.04195 34.007795)
2025-08-19 07:02:55 UTC,sensor08,236476534,24.11,91.1,2025-08-19 09:57:52+00:00,34.007925,-81.041375,110.9,13.33,-0.5,68.94,13.0,3D,2025-08-19 05:57:52-04:00,POINT (-81.041375 34.007925)
2025-08-19 07:03:00 UTC,sensor08,236476534,24.1,91.02,2025-08-19 09:57:57+00:00,34.00816,-81.04067,109.2,14.29,-0.2,68.95,13.0,3D,2025-08-19 05:57:57-04:00,POINT (-81.04067 34.00816)
2025-08-19 07:03:05 UTC,sensor08,236476534,24.16,90.9,2025-08-19 09:58:02+00:00,34.008407,-81.03992,108.9,13.63,0.2,70.06,13.0,3D,2025-08-19 05:58:02-04:00,POINT (-81.03992 34.008407)
2025-08-19 07:03:10 UTC,sensor08,236476534,24.09,90.8,2025-08-19 09:58:07+00:00,34.008587,-81.039327,113.0,10.29,1.0,71.63,13.0,3D,2025-08-19 05:58:07-04:00,POINT (-81.039327 34.008587)
2025-08-19 07:03:15 UTC,sensor08,236476534,24.05,90.87,2025-08-19 09:58:12+00:00,34.008653,-81.038955,116.2,4.46,0.8,85.34,13.0,3D,2025-08-19 05:58:12-04:00,POINT (-81.038955 34.008653)
2025-08-19 07:03:20 UTC,sensor08,236476534,24.08,91.0,2025-08-19 09:58:17+00:00,34.008465,-81.038743,115.8,9.8,-1.0,157.02,13.0,3D,2025-08-19 05:58:17-04:00,POINT (-81.038743 34.008465)
2025-08-19 07:03:25 UTC,sensor08,236476534,24.09,90.9,2025-08-19 09:58:22+00:00,34.007968,-81.038543,110.0,12.62,-1.1,160.99,13.0,3D,2025-08-19 05:58:22-04:00,POINT (-81.038543 34.007968)
2025-08-19 07:03:30 UTC,sensor08,236476534,24.15,90.87,2025-08-19 09:58:27+00:00,34.007372,-81.038283,105.1,15.36,-1.0,160.57,13.0,3D,2025-08-19 05:58:27-04:00,POINT (-81.038283 34.007372)
2025-08-19 07:03:35 UTC,sensor08,236476534,24.12,90.74,2025-08-19 09:58:32+00:00,34.006722,-81.037998,101.7,14.06,0.2,161.26,13.0,3D,2025-08-19 05:58:32-04:00,POINT (-81.037998 34.006722)
2025-08-19 07:03:40 UTC,sensor08,236476534,24.16,90.73,2025-08-19 09:58:37+00:00,34.006213,-81.037843,104.2,8.67,0.6,169.91,13.0,3D,2025-08-19 05:58:37-04:00,POINT (-81.037843 34.006213)
2025-08-19 07:03:46 UTC,sensor08,236476534,24.18,90.73,2025-08-19 09:58:42+00:00,34.005955,-81.037917,106.8,5.12,0.4,211.48,13.0,3D,2025-08-19 05:58:42-04:00,POINT (-81.037917 34.005955)
2025-08-19 07:03:51 UTC,sensor08,236476534,24.22,90.63,2025-08-19 09:58:47+00:00,34.005772,-81.038605,108.1,12.21,0.0,249.04,13.0,3D,2025-08-19 05:58:47-04:00,POINT (-81.038605 34.005772)
2025-08-19 07:03:56 UTC,sensor08,236476534,24.23,90.54,2025-08-19 09:58:52+00:00,34.005605,-81.039225,97.3,6.87,-4.5,241.41,13.0,3D,2025-08-19 05:58:52-04:00,POINT (-81.039225 34.005605)
2025-08-19 07:04:01 UTC,sensor08,236476534,24.29,90.45,2025-08-19 09:58:57+00:00,34.005392,-81.039335,95.7,5.5,-0.3,172.4,13.0,3D,2025-08-19 05:58:57-04:00,POINT (-81.039335 34.005392)
2025-08-19 07:04:06 UTC,sensor08,236476534,24.26,90.3,2025-08-19 09:59:02+00:00,34.005173,-81.039232,96.1,4.93,0.1,155.63,13.0,3D,2025-08-19 05:59:02-04:00,POINT (-81.039232 34.005173)
