System_Timestamp_UTC,RaspberryPiName,Sensor_ID,Temperature_C,Humidity_RH,GPS_Timestamp_UTC,Latitude,Longitude,Altitude_m,Speed_mps,Climb_mps,Track_deg,Satellites,GPS_Fix_Type,datetime,geometry
2025-09-22 21:38:57 UTC,sensor01,218208153,18.69,82.72,2025-09-23 10:14:51+00:00,33.998505,-80.995422,105.9,3.89,0.0,231.14,9.0,3D,2025-09-23 06:14:51-04:00,POINT (-80.995422 33.998505)
2025-09-22 21:39:02 UTC,sensor01,218208153,18.71,82.5,2025-09-23 10:14:56+00:00,33.998375,-80.995597,105.8,5.12,0.0,226.88,9.0,3D,2025-09-23 06:14:56-04:00,POINT (-80.995597 33.998375)
2025-09-22 21:39:07 UTC,sensor01,218208153,18.7,82.46,2025-09-23 10:15:02+00:00,33.998183,-80.995862,105.6,3.95,-0.1,0.0,9.0,3D,2025-09-23 06:15:02-04:00,POINT (-80.995862 33.998183)
2025-09-22 21:39:17 UTC,sensor01,218208153,18.7,82.29,2025-09-23 10:15:12+00:00,33.997997,-80.996053,102.8,5.15,-0.2,0.0,9.0,3D,2025-09-23 06:15:12-04:00,POINT (-80.996053 33.997997)
2025-09-22 21:39:22 UTC,sensor01,218208153,18.69,82.21,2025-09-23 10:15:17+00:00,33.997787,-80.99612,101.4,2.29,-0.3,188.06,9.0,3D,2025-09-23 06:15:17-04:00,POINT (-80.99612 33.997787)
2025-09-22 21:39:37 UTC,sensor01,218208153,18.75,81.99,2025-09-23 10:15:32+00:00,33.997585,-80.996018,99.2,4.74,-0.1,158.23,9.0,3D,2025-09-23 06:15:32-04:00,POINT (-80.996018 33.997585)
2025-09-22 21:39:42 UTC,sensor01,218208153,18.75,81.98,2025-09-23 10:15:37+00:00,33.99733,-80.996012,98.5,5.92,-0.2,185.28,9.0,3D,2025-09-23 06:15:37-04:00,POINT (-80.996012 33.99733)
2025-09-22 21:39:48 UTC,sensor01,218208153,18.76,81.9,2025-09-23 10:15:42+00:00,33.996943,-80.996008,97.6,7.85,-0.2,181.62,9.0,3D,2025-09-23 06:15:42-04:00,POINT (-80.996008 33.996943)
2025-09-22 21:39:53 UTC,sensor01,218208153,18.76,81.92,2025-09-23 10:15:47+00:00,33.996587,-80.996022,97.0,7.34,0.0,189.71,9.0,3D,2025-09-23 06:15:47-04:00,POINT (-80.996022 33.996587)
2025-09-22 21:39:58 UTC,sensor01,218208153,18.76,82.21,2025-09-23 10:15:52+00:00,33.996363,-80.996018,96.5,2.54,-0.1,163.59,9.0,3D,2025-09-23 06:15:52-04:00,POINT (-80.996018 33.996363)
2025-09-22 21:40:03 UTC,sensor01,218208153,18.79,82.35,2025-09-23 10:15:57+00:00,33.996252,-80.995953,95.8,5.22,-0.2,140.32,9.0,3D,2025-09-23 06:15:57-04:00,POINT (-80.995953 33.996252)
2025-09-22 21:40:08 UTC,sensor01,218208153,18.76,82.26,2025-09-23 10:16:02+00:00,33.996168,-80.995708,95.0,4.8,-0.1,97.46,9.0,3D,2025-09-23 06:16:02-04:00,POINT (-80.995708 33.996168)
2025-09-22 21:40:13 UTC,sensor01,218208153,18.73,82.19,2025-09-23 10:16:07+00:00,33.99613,-80.995403,94.4,6.07,-0.1,93.75,9.0,3D,2025-09-23 06:16:07-04:00,POINT (-80.995403 33.99613)
2025-09-22 21:40:18 UTC,sensor01,218208153,18.7,82.35,2025-09-23 10:16:12+00:00,33.996107,-80.995083,94.1,6.97,0.0,92.04,9.0,3D,2025-09-23 06:16:12-04:00,POINT (-80.995083 33.996107)
2025-09-22 21:40:23 UTC,sensor01,218208153,18.72,82.91,2025-09-23 10:16:17+00:00,33.996075,-80.99463,94.4,9.06,0.1,94.35,9.0,3D,2025-09-23 06:16:17-04:00,POINT (-80.99463 33.996075)
2025-09-22 21:40:28 UTC,sensor01,218208153,18.71,83.3,2025-09-23 10:16:22+00:00,33.996033,-80.994135,95.4,9.59,0.3,94.78,9.0,3D,2025-09-23 06:16:22-04:00,POINT (-80.994135 33.996033)
2025-09-22 21:40:33 UTC,sensor01,218208153,18.7,83.35,2025-09-23 10:16:27+00:00,33.996003,-80.993677,96.4,6.88,0.2,98.83,9.0,3D,2025-09-23 06:16:27-04:00,POINT (-80.993677 33.996003)
2025-09-22 21:40:43 UTC,sensor01,218208153,18.69,83.16,2025-09-23 10:16:37+00:00,33.995792,-80.993428,96.5,7.2,-0.1,179.74,9.0,3D,2025-09-23 06:16:37-04:00,POINT (-80.993428 33.995792)
2025-09-22 21:40:48 UTC,sensor01,218208153,18.68,83.13,2025-09-23 10:16:42+00:00,33.9954,-80.993445,95.8,8.62,-0.1,184.34,9.0,3D,2025-09-23 06:16:42-04:00,POINT (-80.993445 33.9954)
2025-09-22 21:40:53 UTC,sensor01,218208153,18.6,83.2,2025-09-23 10:16:47+00:00,33.995017,-80.993487,95.1,9.38,-0.1,186.97,10.0,3D,2025-09-23 06:16:47-04:00,POINT (-80.993487 33.995017)
2025-09-22 21:40:58 UTC,sensor01,218208153,18.54,83.44,2025-09-23 10:16:52+00:00,33.994635,-80.993548,94.2,7.56,-0.2,182.84,10.0,3D,2025-09-23 06:16:52-04:00,POINT (-80.993548 33.994635)
2025-09-22 21:41:08 UTC,sensor01,218208153,18.51,83.65,2025-09-23 10:17:02+00:00,33.994362,-80.99352,92.6,4.5,-0.1,129.2,10.0,3D,2025-09-23 06:17:02-04:00,POINT (-80.99352 33.994362)
2025-09-22 21:41:13 UTC,sensor01,218208153,18.42,83.8,2025-09-23 10:17:08+00:00,33.9943,-80.993088,91.8,7.71,-0.2,0.0,10.0,3D,2025-09-23 06:17:08-04:00,POINT (-80.993088 33.9943)
2025-09-22 21:41:18 UTC,sensor01,218208153,18.39,84.03,2025-09-23 10:17:12+00:00,33.994287,-80.992772,91.2,7.67,-0.1,93.9,10.0,3D,2025-09-23 06:17:12-04:00,POINT (-80.992772 33.994287)
2025-09-22 21:41:23 UTC,sensor01,218208153,18.34,84.3,2025-09-23 10:17:18+00:00,33.994267,-80.99226,90.2,8.01,-0.2,0.0,10.0,3D,2025-09-23 06:17:18-04:00,POINT (-80.99226 33.994267)
2025-09-22 21:41:28 UTC,sensor01,218208153,18.29,84.48,2025-09-23 10:17:23+00:00,33.994245,-80.991797,89.5,9.33,-0.2,0.0,10.0,3D,2025-09-23 06:17:23-04:00,POINT (-80.991797 33.994245)
2025-09-22 21:41:33 UTC,sensor01,218208153,18.29,84.56,2025-09-23 10:17:28+00:00,33.99422,-80.991333,89.3,8.16,0.1,0.0,10.0,3D,2025-09-23 06:17:28-04:00,POINT (-80.991333 33.99422)
2025-09-22 21:41:38 UTC,sensor01,218208153,18.29,84.95,2025-09-23 10:17:33+00:00,33.994203,-80.990925,89.1,6.94,-0.1,0.0,4.0,3D,2025-09-23 06:17:33-04:00,POINT (-80.990925 33.994203)
2025-09-22 21:41:48 UTC,sensor01,218208153,18.27,85.05,2025-09-23 10:17:43+00:00,33.994223,-80.990625,87.8,4.37,-0.1,0.0,8.0,3D,2025-09-23 06:17:43-04:00,POINT (-80.990625 33.994223)
2025-09-22 21:41:54 UTC,sensor01,218208153,18.31,85.0,2025-09-23 10:17:48+00:00,33.994545,-80.99052,87.2,9.01,-0.1,0.0,10.0,3D,2025-09-23 06:17:48-04:00,POINT (-80.99052 33.994545)
2025-09-22 21:41:59 UTC,sensor01,218208153,18.31,84.77,2025-09-23 10:17:53+00:00,33.994977,-80.990437,87.3,9.21,0.1,7.17,10.0,3D,2025-09-23 06:17:53-04:00,POINT (-80.990437 33.994977)
2025-09-22 21:42:04 UTC,sensor01,218208153,18.32,84.73,2025-09-23 10:17:58+00:00,33.995357,-80.990395,90.3,8.33,2.0,6.05,10.0,3D,2025-09-23 06:17:58-04:00,POINT (-80.990395 33.995357)
2025-09-22 21:42:09 UTC,sensor01,218208153,18.31,84.77,2025-09-23 10:18:03+00:00,33.995765,-80.990313,90.4,7.23,0.0,12.22,10.0,3D,2025-09-23 06:18:03-04:00,POINT (-80.990313 33.995765)
2025-09-22 21:42:14 UTC,sensor01,218208153,18.33,84.95,2025-09-23 10:18:08+00:00,33.995987,-80.990252,90.3,3.73,-0.1,35.65,10.0,3D,2025-09-23 06:18:08-04:00,POINT (-80.990252 33.995987)
2025-09-22 21:42:19 UTC,sensor01,218208153,18.39,85.06,2025-09-23 10:18:13+00:00,33.995993,-80.989943,90.0,6.7,-0.1,98.71,10.0,3D,2025-09-23 06:18:13-04:00,POINT (-80.989943 33.995993)
2025-09-22 21:42:24 UTC,sensor01,218208153,18.38,85.16,2025-09-23 10:18:18+00:00,33.995938,-80.989512,89.6,9.49,-0.1,101.53,10.0,3D,2025-09-23 06:18:18-04:00,POINT (-80.989512 33.995938)
2025-09-22 21:42:29 UTC,sensor01,218208153,18.39,85.11,2025-09-23 10:18:23+00:00,33.995858,-80.989002,89.5,10.06,0.0,104.15,10.0,3D,2025-09-23 06:18:23-04:00,POINT (-80.989002 33.995858)
2025-09-22 21:42:34 UTC,sensor01,218208153,18.41,85.09,2025-09-23 10:18:28+00:00,33.995772,-80.988478,88.5,9.97,-0.1,100.68,10.0,3D,2025-09-23 06:18:28-04:00,POINT (-80.988478 33.995772)
2025-09-22 21:42:39 UTC,sensor01,218208153,18.44,84.8,2025-09-23 10:18:33+00:00,33.99569,-80.988,87.4,7.54,-0.2,103.86,10.0,3D,2025-09-23 06:18:33-04:00,POINT (-80.988 33.99569)
2025-09-22 21:42:44 UTC,sensor01,218208153,18.47,84.78,2025-09-23 10:18:38+00:00,33.995638,-80.987788,86.0,2.35,-0.3,132.43,10.0,3D,2025-09-23 06:18:38-04:00,POINT (-80.987788 33.995638)
2025-09-22 21:42:54 UTC,sensor01,218208153,18.48,84.75,2025-09-23 10:18:48+00:00,33.995843,-80.98764,83.8,6.7,-0.1,20.2,10.0,3D,2025-09-23 06:18:48-04:00,POINT (-80.98764 33.995843)
2025-09-22 21:42:59 UTC,sensor01,218208153,18.48,84.61,2025-09-23 10:18:53+00:00,33.9962,-80.987545,83.9,8.45,0.0,8.24,10.0,3D,2025-09-23 06:18:53-04:00,POINT (-80.987545 33.9962)
2025-09-22 21:43:04 UTC,sensor01,218208153,18.47,84.77,2025-09-23 10:18:58+00:00,33.996473,-80.987438,83.9,5.54,0.0,9.04,10.0,3D,2025-09-23 06:18:58-04:00,POINT (-80.987438 33.996473)
2025-09-22 21:43:19 UTC,sensor01,218208153,18.53,84.86,2025-09-23 10:19:13+00:00,33.996658,-80.987333,84.0,3.07,0.1,41.69,11.0,3D,2025-09-23 06:19:13-04:00,POINT (-80.987333 33.996658)
2025-09-22 21:43:24 UTC,sensor01,218208153,18.6,84.89,2025-09-23 10:19:19+00:00,33.99668,-80.98686,84.6,10.32,-0.1,0.0,11.0,3D,2025-09-23 06:19:19-04:00,POINT (-80.98686 33.99668)
2025-09-22 21:43:29 UTC,sensor01,218208153,18.62,84.83,2025-09-23 10:19:24+00:00,33.996638,-80.986232,83.7,12.08,-0.9,0.0,11.0,3D,2025-09-23 06:19:24-04:00,POINT (-80.986232 33.996638)
2025-09-22 21:43:34 UTC,sensor01,218208153,18.65,84.63,2025-09-23 10:19:29+00:00,33.996482,-80.985593,83.8,12.44,0.1,0.0,11.0,3D,2025-09-23 06:19:29-04:00,POINT (-80.985593 33.996482)
2025-09-22 21:43:39 UTC,sensor01,218208153,18.71,84.34,2025-09-23 10:19:34+00:00,33.996168,-80.985,84.2,12.99,0.1,0.0,11.0,3D,2025-09-23 06:19:34-04:00,POINT (-80.985 33.996168)
2025-09-22 21:43:44 UTC,sensor01,218208153,18.73,84.03,2025-09-23 10:19:39+00:00,33.995855,-80.984428,84.5,12.0,0.0,124.61,11.0,3D,2025-09-23 06:19:39-04:00,POINT (-80.984428 33.995855)
2025-09-22 21:43:49 UTC,sensor01,218208153,18.74,83.87,2025-09-23 10:19:44+00:00,33.995537,-80.983918,84.7,12.21,0.0,128.28,11.0,3D,2025-09-23 06:19:44-04:00,POINT (-80.983918 33.995537)
2025-09-22 21:43:55 UTC,sensor01,218208153,18.78,83.8,2025-09-23 10:19:49+00:00,33.99515,-80.98337,84.4,12.72,0.0,130.83,11.0,3D,2025-09-23 06:19:49-04:00,POINT (-80.98337 33.99515)
2025-09-22 21:44:00 UTC,sensor01,218208153,18.83,83.79,2025-09-23 10:19:54+00:00,33.994787,-80.982855,84.1,12.25,-0.1,130.71,11.0,3D,2025-09-23 06:19:54-04:00,POINT (-80.982855 33.994787)
2025-09-22 21:44:05 UTC,sensor01,218208153,18.84,83.82,2025-09-23 10:19:59+00:00,33.994423,-80.982337,84.0,11.88,-0.1,130.89,11.0,3D,2025-09-23 06:19:59-04:00,POINT (-80.982337 33.994423)
2025-09-22 21:44:10 UTC,sensor01,218208153,18.8,84.01,2025-09-23 10:20:04+00:00,33.994147,-80.98193,83.6,8.27,-0.1,133.45,11.0,3D,2025-09-23 06:20:04-04:00,POINT (-80.98193 33.994147)
2025-09-22 21:44:15 UTC,sensor01,218208153,18.76,84.23,2025-09-23 10:20:09+00:00,33.994017,-80.98184,83.2,3.89,0.0,193.49,11.0,3D,2025-09-23 06:20:09-04:00,POINT (-80.98184 33.994017)
2025-09-22 21:44:20 UTC,sensor01,218208153,18.72,84.41,2025-09-23 10:20:14+00:00,33.993857,-80.98196,83.2,5.6,0.1,216.6,11.0,3D,2025-09-23 06:20:14-04:00,POINT (-80.98196 33.993857)
2025-09-22 21:44:25 UTC,sensor01,218208153,18.62,84.68,2025-09-23 10:20:19+00:00,33.993658,-80.982182,82.9,7.25,-0.1,221.99,11.0,3D,2025-09-23 06:20:19-04:00,POINT (-80.982182 33.993658)
2025-09-22 21:44:30 UTC,sensor01,218208153,18.54,85.03,2025-09-23 10:20:24+00:00,33.993402,-80.98246,82.6,5.87,0.1,215.3,11.0,3D,2025-09-23 06:20:24-04:00,POINT (-80.98246 33.993402)
2025-09-22 21:44:40 UTC,sensor01,218208153,18.44,85.44,2025-09-23 10:20:34+00:00,33.993222,-80.982727,84.1,6.52,0.1,221.1,11.0,3D,2025-09-23 06:20:34-04:00,POINT (-80.982727 33.993222)
2025-09-22 21:44:45 UTC,sensor01,218208153,18.4,85.73,2025-09-23 10:20:39+00:00,33.992968,-80.983007,84.4,7.83,0.0,225.8,11.0,3D,2025-09-23 06:20:39-04:00,POINT (-80.983007 33.992968)
2025-09-22 21:44:50 UTC,sensor01,218208153,18.31,86.19,2025-09-23 10:20:44+00:00,33.992697,-80.983292,84.2,7.86,0.0,221.8,11.0,3D,2025-09-23 06:20:44-04:00,POINT (-80.983292 33.992697)
2025-09-22 21:44:55 UTC,sensor01,218208153,18.23,86.56,2025-09-23 10:20:49+00:00,33.992417,-80.983568,84.3,7.54,0.0,219.82,11.0,3D,2025-09-23 06:20:49-04:00,POINT (-80.983568 33.992417)
2025-09-22 21:45:00 UTC,sensor01,218208153,18.15,86.93,2025-09-23 10:20:54+00:00,33.99214,-80.98385,84.6,9.01,0.0,220.98,11.0,3D,2025-09-23 06:20:54-04:00,POINT (-80.98385 33.99214)
2025-09-22 21:45:05 UTC,sensor01,218208153,18.08,86.98,2025-09-23 10:20:59+00:00,33.991782,-80.984182,85.0,9.62,0.0,219.65,11.0,3D,2025-09-23 06:20:59-04:00,POINT (-80.984182 33.991782)
2025-09-22 21:45:10 UTC,sensor01,218208153,18.08,87.37,2025-09-23 10:21:04+00:00,33.991587,-80.984427,85.7,2.79,0.2,228.36,10.0,3D,2025-09-23 06:21:04-04:00,POINT (-80.984427 33.991587)
2025-09-22 21:45:15 UTC,sensor01,218208153,18.07,87.47,2025-09-23 10:21:10+00:00,33.991515,-80.984515,85.3,2.99,-0.1,0.0,10.0,3D,2025-09-23 06:21:10-04:00,POINT (-80.984515 33.991515)
2025-09-22 21:45:20 UTC,sensor01,218208153,18.04,87.6,2025-09-23 10:21:14+00:00,33.991315,-80.984455,84.0,5.78,0.0,129.34,10.0,3D,2025-09-23 06:21:14-04:00,POINT (-80.984455 33.991315)
2025-09-22 21:45:25 UTC,sensor01,218208153,18.0,87.9,2025-09-23 10:21:20+00:00,33.990992,-80.98394,82.9,9.89,-0.2,0.0,10.0,3D,2025-09-23 06:21:20-04:00,POINT (-80.98394 33.990992)
2025-09-22 21:45:30 UTC,sensor01,218208153,17.95,88.17,2025-09-23 10:21:25+00:00,33.990772,-80.983485,81.7,9.92,-0.3,0.0,10.0,3D,2025-09-23 06:21:25-04:00,POINT (-80.983485 33.990772)
2025-09-22 21:45:35 UTC,sensor01,218208153,17.91,88.37,2025-09-23 10:21:30+00:00,33.990578,-80.983023,80.6,9.84,-0.2,0.0,10.0,3D,2025-09-23 06:21:30-04:00,POINT (-80.983023 33.990578)
2025-09-22 21:45:40 UTC,sensor01,218208153,17.84,88.7,2025-09-23 10:21:35+00:00,33.990368,-80.982523,78.7,9.52,-0.2,109.7,10.0,3D,2025-09-23 06:21:35-04:00,POINT (-80.982523 33.990368)
2025-09-22 21:45:45 UTC,sensor01,218208153,17.81,89.06,2025-09-23 10:21:40+00:00,33.990242,-80.982047,77.3,8.48,-0.3,106.5,11.0,3D,2025-09-23 06:21:40-04:00,POINT (-80.982047 33.990242)
2025-09-22 21:45:51 UTC,sensor01,218208153,17.79,89.3,2025-09-23 10:21:45+00:00,33.990093,-80.981593,75.8,8.93,-0.3,116.17,11.0,3D,2025-09-23 06:21:45-04:00,POINT (-80.981593 33.990093)
2025-09-22 21:45:56 UTC,sensor01,218208153,17.78,89.37,2025-09-23 10:21:50+00:00,33.989952,-80.981232,73.9,6.07,-0.6,115.91,11.0,3D,2025-09-23 06:21:50-04:00,POINT (-80.981232 33.989952)
2025-09-22 21:46:01 UTC,sensor01,218208153,17.78,89.42,2025-09-23 10:21:55+00:00,33.989908,-80.981082,72.1,2.82,-0.3,95.55,11.0,3D,2025-09-23 06:21:55-04:00,POINT (-80.981082 33.989908)
2025-09-22 21:46:06 UTC,sensor01,218208153,17.74,89.48,2025-09-23 10:22:00+00:00,33.990127,-80.980827,71.1,9.42,-0.2,30.84,11.0,3D,2025-09-23 06:22:00-04:00,POINT (-80.980827 33.990127)
2025-09-22 21:46:11 UTC,sensor01,218208153,17.75,89.55,2025-09-23 10:22:05+00:00,33.990612,-80.980543,69.4,12.08,-0.3,23.19,11.0,3D,2025-09-23 06:22:05-04:00,POINT (-80.980543 33.990612)
2025-09-22 21:46:16 UTC,sensor01,218208153,17.79,89.7,2025-09-23 10:22:10+00:00,33.99112,-80.980278,68.6,12.25,0.0,21.5,11.0,3D,2025-09-23 06:22:10-04:00,POINT (-80.980278 33.99112)
2025-09-22 21:46:21 UTC,sensor01,218208153,17.88,89.47,2025-09-23 10:22:15+00:00,33.991612,-80.979997,68.0,11.92,-0.2,22.93,11.0,3D,2025-09-23 06:22:15-04:00,POINT (-80.979997 33.991612)
2025-09-22 21:46:26 UTC,sensor01,218208153,17.97,88.92,2025-09-23 10:22:20+00:00,33.992068,-80.97969,67.9,11.46,-0.1,24.96,11.0,3D,2025-09-23 06:22:20-04:00,POINT (-80.97969 33.992068)
2025-09-22 21:46:31 UTC,sensor01,218208153,18.03,88.45,2025-09-23 10:22:25+00:00,33.992522,-80.97943,67.5,11.4,-0.3,23.45,11.0,3D,2025-09-23 06:22:25-04:00,POINT (-80.97943 33.992522)
2025-09-22 21:46:36 UTC,sensor01,218208153,17.99,88.28,2025-09-23 10:22:30+00:00,33.992987,-80.979188,66.7,11.44,-0.1,21.29,11.0,3D,2025-09-23 06:22:30-04:00,POINT (-80.979188 33.992987)
2025-09-22 21:46:41 UTC,sensor01,218208153,17.94,88.32,2025-09-23 10:22:35+00:00,33.993445,-80.978968,66.4,11.08,-0.1,20.32,11.0,3D,2025-09-23 06:22:35-04:00,POINT (-80.978968 33.993445)
2025-09-22 21:46:46 UTC,sensor01,218208153,17.92,88.24,2025-09-23 10:22:40+00:00,33.993883,-80.978737,66.6,9.91,0.0,22.46,11.0,3D,2025-09-23 06:22:40-04:00,POINT (-80.978737 33.993883)
2025-09-22 21:46:51 UTC,sensor01,218208153,17.92,88.28,2025-09-23 10:22:45+00:00,33.994188,-80.978517,67.0,6.28,0.0,28.24,11.0,3D,2025-09-23 06:22:45-04:00,POINT (-80.978517 33.994188)
2025-09-22 21:46:56 UTC,sensor01,218208153,17.9,88.25,2025-09-23 10:22:50+00:00,33.994468,-80.978362,67.4,8.69,0.1,22.93,11.0,3D,2025-09-23 06:22:50-04:00,POINT (-80.978362 33.994468)
2025-09-22 21:47:01 UTC,sensor01,218208153,17.9,88.26,2025-09-23 10:22:55+00:00,33.99489,-80.978113,67.8,11.27,0.1,27.39,11.0,3D,2025-09-23 06:22:55-04:00,POINT (-80.978113 33.99489)
2025-09-22 21:47:06 UTC,sensor01,218208153,17.9,88.12,2025-09-23 10:23:00+00:00,33.995373,-80.977872,69.9,11.58,1.6,22.52,11.0,3D,2025-09-23 06:23:00-04:00,POINT (-80.977872 33.995373)
2025-09-22 21:47:11 UTC,sensor01,218208153,17.9,88.13,2025-09-23 10:23:05+00:00,33.995868,-80.977645,71.9,11.97,0.1,22.12,11.0,3D,2025-09-23 06:23:05-04:00,POINT (-80.977645 33.995868)
2025-09-22 21:47:16 UTC,sensor01,218208153,17.91,88.22,2025-09-23 10:23:10+00:00,33.996372,-80.977383,72.3,11.36,0.1,21.94,11.0,3D,2025-09-23 06:23:10-04:00,POINT (-80.977383 33.996372)
2025-09-22 21:47:21 UTC,sensor01,218208153,17.9,88.39,2025-09-23 10:23:16+00:00,33.99687,-80.97719,71.9,7.57,-0.1,0.0,11.0,3D,2025-09-23 06:23:16-04:00,POINT (-80.97719 33.99687)
2025-09-22 21:47:47 UTC,sensor01,218208153,17.95,88.07,2025-09-23 10:23:41+00:00,33.997162,-80.976907,72.0,7.48,0.1,53.93,11.0,3D,2025-09-23 06:23:41-04:00,POINT (-80.976907 33.997162)
2025-09-22 21:47:52 UTC,sensor01,218208153,17.89,88.16,2025-09-23 10:23:46+00:00,33.99734,-80.976585,72.3,6.59,0.0,56.81,11.0,3D,2025-09-23 06:23:46-04:00,POINT (-80.976585 33.99734)
2025-09-22 21:47:57 UTC,sensor01,218208153,17.87,88.34,2025-09-23 10:23:51+00:00,33.997512,-80.97627,72.8,7.06,0.1,62.71,11.0,3D,2025-09-23 06:23:51-04:00,POINT (-80.97627 33.997512)
2025-09-22 21:48:02 UTC,sensor01,218208153,17.87,88.76,2025-09-23 10:23:56+00:00,33.997602,-80.976035,73.3,2.26,0.1,77.38,11.0,3D,2025-09-23 06:23:56-04:00,POINT (-80.976035 33.997602)
2025-09-22 21:48:07 UTC,sensor01,218208153,17.86,88.84,2025-09-23 10:24:01+00:00,33.99759,-80.975913,73.7,4.12,0.1,130.94,11.0,3D,2025-09-23 06:24:01-04:00,POINT (-80.975913 33.99759)
2025-09-22 21:48:12 UTC,sensor01,218208153,17.84,88.96,2025-09-23 10:24:06+00:00,33.997322,-80.975767,74.1,6.9,0.1,162.13,11.0,3D,2025-09-23 06:24:06-04:00,POINT (-80.975767 33.997322)
2025-09-22 21:48:17 UTC,sensor01,218208153,17.84,88.87,2025-09-23 10:24:11+00:00,33.99702,-80.975648,74.5,7.88,0.1,163.92,11.0,3D,2025-09-23 06:24:11-04:00,POINT (-80.975648 33.99702)
2025-09-22 21:48:22 UTC,sensor01,218208153,17.84,89.04,2025-09-23 10:24:16+00:00,33.996648,-80.975533,75.0,10.14,0.1,168.13,12.0,3D,2025-09-23 06:24:16-04:00,POINT (-80.975533 33.996648)
2025-09-22 21:48:27 UTC,sensor01,218208153,17.81,89.17,2025-09-23 10:24:21+00:00,33.996175,-80.975433,75.0,10.43,-0.1,172.73,12.0,3D,2025-09-23 06:24:21-04:00,POINT (-80.975433 33.996175)
2025-09-22 21:48:32 UTC,sensor01,218208153,17.8,89.3,2025-09-23 10:24:26+00:00,33.995713,-80.975357,74.6,8.96,-0.1,175.36,12.0,3D,2025-09-23 06:24:26-04:00,POINT (-80.975357 33.995713)
2025-09-22 21:48:37 UTC,sensor01,218208153,17.81,89.25,2025-09-23 10:24:31+00:00,33.995395,-80.975373,74.6,5.36,0.0,185.48,12.0,3D,2025-09-23 06:24:31-04:00,POINT (-80.975373 33.995395)
2025-09-22 21:48:47 UTC,sensor01,218208153,17.78,89.23,2025-09-23 10:24:41+00:00,33.995207,-80.975375,74.1,3.25,-0.4,145.28,12.0,3D,2025-09-23 06:24:41-04:00,POINT (-80.975375 33.995207)
2025-09-22 21:48:52 UTC,sensor01,218208153,17.78,89.31,2025-09-23 10:24:46+00:00,33.9952,-80.97514,72.0,5.98,-0.6,59.58,12.0,3D,2025-09-23 06:24:46-04:00,POINT (-80.97514 33.9952)
2025-09-22 21:48:57 UTC,sensor01,218208153,17.77,89.39,2025-09-23 10:24:51+00:00,33.995473,-80.974852,71.6,8.77,-0.1,33.06,12.0,3D,2025-09-23 06:24:51-04:00,POINT (-80.974852 33.995473)
2025-09-22 21:49:02 UTC,sensor01,218208153,17.73,89.41,2025-09-23 10:24:56+00:00,33.99583,-80.974552,71.1,9.73,-0.2,31.92,12.0,3D,2025-09-23 06:24:56-04:00,POINT (-80.974552 33.99583)
2025-09-22 21:49:07 UTC,sensor01,218208153,17.68,89.2,2025-09-23 10:25:01+00:00,33.996203,-80.974265,70.7,9.05,-0.1,30.23,12.0,3D,2025-09-23 06:25:01-04:00,POINT (-80.974265 33.996203)
2025-09-22 21:49:12 UTC,sensor01,218208153,17.67,89.39,2025-09-23 10:25:07+00:00,33.996585,-80.973995,70.3,6.91,-0.1,0.0,12.0,3D,2025-09-23 06:25:07-04:00,POINT (-80.973995 33.996585)
2025-09-22 21:49:17 UTC,sensor01,218208153,17.66,89.56,2025-09-23 10:25:12+00:00,33.996807,-80.973843,70.0,4.6,-0.1,0.0,12.0,3D,2025-09-23 06:25:12-04:00,POINT (-80.973843 33.996807)
2025-09-22 21:49:27 UTC,sensor01,218208153,17.65,90.17,2025-09-23 10:25:22+00:00,33.996803,-80.973457,69.0,6.74,-0.2,115.34,12.0,3D,2025-09-23 06:25:22-04:00,POINT (-80.973457 33.996803)
2025-09-22 21:49:32 UTC,sensor01,218208153,17.64,90.09,2025-09-23 10:25:27+00:00,33.996628,-80.973107,68.1,7.86,-0.2,130.83,12.0,3D,2025-09-23 06:25:27-04:00,POINT (-80.973107 33.996628)
2025-09-22 21:49:38 UTC,sensor01,218208153,17.65,90.15,2025-09-23 10:25:32+00:00,33.996383,-80.972813,67.3,7.32,-0.2,134.79,12.0,3D,2025-09-23 06:25:32-04:00,POINT (-80.972813 33.996383)
2025-09-22 21:49:43 UTC,sensor01,218208153,17.67,90.19,2025-09-23 10:25:37+00:00,33.996147,-80.972523,66.7,8.57,-0.1,136.6,12.0,3D,2025-09-23 06:25:37-04:00,POINT (-80.972523 33.996147)
2025-09-22 21:49:48 UTC,sensor01,218208153,17.66,90.12,2025-09-23 10:25:42+00:00,33.995855,-80.972167,66.2,8.49,-0.2,135.22,12.0,3D,2025-09-23 06:25:42-04:00,POINT (-80.972167 33.995855)
2025-09-22 21:49:53 UTC,sensor01,218208153,17.67,90.06,2025-09-23 10:25:47+00:00,33.995598,-80.971862,65.7,6.85,-0.1,136.0,12.0,3D,2025-09-23 06:25:47-04:00,POINT (-80.971862 33.995598)
2025-09-22 21:50:03 UTC,sensor01,218208153,17.65,90.04,2025-09-23 10:25:57+00:00,33.995515,-80.971582,64.6,5.1,-0.1,75.45,12.0,3D,2025-09-23 06:25:57-04:00,POINT (-80.971582 33.995515)
2025-09-22 21:50:08 UTC,sensor01,218208153,17.67,89.82,2025-09-23 10:26:02+00:00,33.995777,-80.971268,63.8,8.31,-0.2,44.25,12.0,3D,2025-09-23 06:26:02-04:00,POINT (-80.971268 33.995777)
2025-09-22 21:50:13 UTC,sensor01,218208153,17.65,89.72,2025-09-23 10:26:07+00:00,33.996048,-80.97097,62.9,8.1,-0.3,40.42,12.0,3D,2025-09-23 06:26:07-04:00,POINT (-80.97097 33.996048)
2025-09-22 21:50:18 UTC,sensor01,218208153,17.62,89.83,2025-09-23 10:26:12+00:00,33.996255,-80.970727,62.0,2.62,-0.2,36.3,12.0,3D,2025-09-23 06:26:12-04:00,POINT (-80.970727 33.996255)
2025-09-22 21:50:23 UTC,sensor01,218208153,17.64,90.2,2025-09-23 10:26:17+00:00,33.996423,-80.9708,61.4,5.56,-0.1,320.18,12.0,3D,2025-09-23 06:26:17-04:00,POINT (-80.9708 33.996423)
2025-09-22 21:50:28 UTC,sensor01,218208153,17.65,90.31,2025-09-23 10:26:22+00:00,33.996652,-80.971075,60.5,8.15,-0.2,313.61,12.0,3D,2025-09-23 06:26:22-04:00,POINT (-80.971075 33.996652)
2025-09-22 21:50:33 UTC,sensor01,218208153,17.64,90.02,2025-09-23 10:26:27+00:00,33.996932,-80.971407,57.7,8.8,-0.2,314.66,12.0,3D,2025-09-23 06:26:27-04:00,POINT (-80.971407 33.996932)
2025-09-22 21:50:38 UTC,sensor01,218208153,17.65,90.06,2025-09-23 10:26:32+00:00,33.99725,-80.971828,57.1,10.81,-0.1,312.02,12.0,3D,2025-09-23 06:26:32-04:00,POINT (-80.971828 33.99725)
2025-09-22 21:50:43 UTC,sensor01,218208153,17.65,90.15,2025-09-23 10:26:37+00:00,33.997562,-80.972242,56.7,9.7,-0.1,310.55,12.0,3D,2025-09-23 06:26:37-04:00,POINT (-80.972242 33.997562)
2025-09-22 21:50:48 UTC,sensor01,218208153,17.64,90.14,2025-09-23 10:26:42+00:00,33.997765,-80.972625,56.0,8.61,-0.4,299.34,12.0,3D,2025-09-23 06:26:42-04:00,POINT (-80.972625 33.997765)
2025-09-22 21:50:53 UTC,sensor01,218208153,17.62,90.2,2025-09-23 10:26:48+00:00,33.998,-80.973143,55.7,9.38,0.0,0.0,12.0,3D,2025-09-23 06:26:48-04:00,POINT (-80.973143 33.998)
2025-09-22 21:50:58 UTC,sensor01,218208153,17.61,90.31,2025-09-23 10:26:53+00:00,33.99824,-80.973562,55.4,9.13,0.0,0.0,12.0,3D,2025-09-23 06:26:53-04:00,POINT (-80.973562 33.99824)
2025-09-22 21:51:03 UTC,sensor01,218208153,17.62,90.33,2025-09-23 10:26:58+00:00,33.998557,-80.973892,55.4,9.6,0.0,0.0,12.0,3D,2025-09-23 06:26:58-04:00,POINT (-80.973892 33.998557)
2025-09-22 21:51:08 UTC,sensor01,218208153,17.6,90.41,2025-09-23 10:27:03+00:00,33.998938,-80.974185,55.5,9.52,0.0,0.0,4.0,3D,2025-09-23 06:27:03-04:00,POINT (-80.974185 33.998938)
2025-09-22 21:51:13 UTC,sensor01,218208153,17.64,90.29,2025-09-23 10:27:08+00:00,33.999287,-80.974502,55.9,9.28,0.0,0.0,4.0,3D,2025-09-23 06:27:08-04:00,POINT (-80.974502 33.999287)
2025-09-22 21:51:19 UTC,sensor01,218208153,17.65,90.31,2025-09-23 10:27:13+00:00,33.999575,-80.97493,55.8,8.56,0.0,0.0,8.0,3D,2025-09-23 06:27:13-04:00,POINT (-80.97493 33.999575)
2025-09-22 21:51:24 UTC,sensor01,218208153,17.63,90.13,2025-09-23 10:27:18+00:00,33.999703,-80.975183,58.3,3.28,0.4,0.0,12.0,3D,2025-09-23 06:27:18-04:00,POINT (-80.975183 33.999703)
2025-09-22 21:51:29 UTC,sensor01,218208153,17.62,89.9,2025-09-23 10:27:23+00:00,33.999833,-80.975492,59.9,8.79,0.2,0.0,12.0,3D,2025-09-23 06:27:23-04:00,POINT (-80.975492 33.999833)
2025-09-22 21:51:34 UTC,sensor01,218208153,17.61,89.98,2025-09-23 10:27:28+00:00,34.0,-80.975837,60.6,5.56,0.1,299.09,12.0,3D,2025-09-23 06:27:28-04:00,POINT (-80.975837 34)
2025-09-22 21:51:44 UTC,sensor01,218208153,17.59,90.09,2025-09-23 10:27:38+00:00,34.000228,-80.975853,61.5,5.01,0.1,37.28,12.0,3D,2025-09-23 06:27:38-04:00,POINT (-80.975853 34.000228)
2025-09-22 21:51:49 UTC,sensor01,218208153,17.61,90.14,2025-09-23 10:27:43+00:00,34.000432,-80.97568,64.7,6.53,0.7,40.56,12.0,3D,2025-09-23 06:27:43-04:00,POINT (-80.97568 34.000432)
2025-09-22 21:51:54 UTC,sensor01,218208153,17.58,90.21,2025-09-23 10:27:48+00:00,34.000658,-80.975477,66.1,5.73,0.4,39.74,12.0,3D,2025-09-23 06:27:48-04:00,POINT (-80.975477 34.000658)
2025-09-22 21:52:04 UTC,sensor01,218208153,17.58,90.26,2025-09-23 10:27:58+00:00,34.000745,-80.975218,69.9,3.82,0.2,97.54,12.0,3D,2025-09-23 06:27:58-04:00,POINT (-80.975218 34.000745)
2025-09-22 21:52:09 UTC,sensor01,218208153,17.56,90.21,2025-09-23 10:28:03+00:00,34.000525,-80.974872,70.1,8.51,0.1,128.93,12.0,3D,2025-09-23 06:28:03-04:00,POINT (-80.974872 34.000525)
2025-09-22 21:52:14 UTC,sensor01,218208153,17.55,90.2,2025-09-23 10:28:08+00:00,34.0003,-80.974503,70.2,7.87,-0.1,127.94,12.0,3D,2025-09-23 06:28:08-04:00,POINT (-80.974503 34.0003)
2025-09-22 21:52:19 UTC,sensor01,218208153,17.58,90.3,2025-09-23 10:28:13+00:00,34.000135,-80.974225,70.1,5.43,0.1,118.66,12.0,3D,2025-09-23 06:28:13-04:00,POINT (-80.974225 34.000135)
2025-09-22 21:52:24 UTC,sensor01,218208153,17.58,90.31,2025-09-23 10:28:18+00:00,34.000288,-80.974007,70.4,7.42,0.1,35.9,12.0,3D,2025-09-23 06:28:18-04:00,POINT (-80.974007 34.000288)
2025-09-22 21:52:29 UTC,sensor01,218208153,17.59,90.38,2025-09-23 10:28:23+00:00,34.000568,-80.973753,70.7,7.75,0.1,37.68,12.0,3D,2025-09-23 06:28:23-04:00,POINT (-80.973753 34.000568)
2025-09-22 21:52:34 UTC,sensor01,218208153,17.58,90.31,2025-09-23 10:28:28+00:00,34.000818,-80.973533,70.6,5.55,-0.1,40.2,12.0,3D,2025-09-23 06:28:28-04:00,POINT (-80.973533 34.000818)
2025-09-22 21:52:39 UTC,sensor01,218208153,17.58,90.33,2025-09-23 10:28:34+00:00,34.000882,-80.973285,71.0,4.91,0.1,0.0,12.0,3D,2025-09-23 06:28:34-04:00,POINT (-80.973285 34.000882)
2025-09-22 21:52:44 UTC,sensor01,218208153,17.59,90.41,2025-09-23 10:28:39+00:00,34.000742,-80.973062,70.8,5.46,-0.3,0.0,12.0,3D,2025-09-23 06:28:39-04:00,POINT (-80.973062 34.000742)
2025-09-22 21:52:49 UTC,sensor01,218208153,17.58,90.4,2025-09-23 10:28:44+00:00,34.000592,-80.972812,70.4,6.04,0.2,0.0,12.0,3D,2025-09-23 06:28:44-04:00,POINT (-80.972812 34.000592)
2025-09-22 21:52:54 UTC,sensor01,218208153,17.61,90.48,2025-09-23 10:28:49+00:00,34.000422,-80.972543,70.5,6.42,0.0,130.72,12.0,3D,2025-09-23 06:28:49-04:00,POINT (-80.972543 34.000422)
2025-09-22 21:52:59 UTC,sensor01,218208153,17.61,90.66,2025-09-23 10:28:54+00:00,34.000233,-80.97226,70.5,7.04,0.0,127.39,12.0,3D,2025-09-23 06:28:54-04:00,POINT (-80.97226 34.000233)
2025-09-22 21:53:05 UTC,sensor01,218208153,17.63,90.71,2025-09-23 10:28:59+00:00,34.000082,-80.97189,71.0,7.7,0.1,104.13,12.0,3D,2025-09-23 06:28:59-04:00,POINT (-80.97189 34.000082)
2025-09-22 21:53:10 UTC,sensor01,218208153,17.62,90.85,2025-09-23 10:29:04+00:00,34.000083,-80.971477,70.2,7.71,-0.7,80.21,12.0,3D,2025-09-23 06:29:04-04:00,POINT (-80.971477 34.000083)
2025-09-22 21:53:15 UTC,sensor01,218208153,17.66,91.02,2025-09-23 10:29:09+00:00,34.000238,-80.971128,69.5,6.56,-0.1,55.09,12.0,3D,2025-09-23 06:29:09-04:00,POINT (-80.971128 34.000238)
2025-09-22 21:53:20 UTC,sensor01,218208153,17.66,90.81,2025-09-23 10:29:14+00:00,34.000453,-80.97086,69.2,6.41,0.0,42.2,12.0,3D,2025-09-23 06:29:14-04:00,POINT (-80.97086 34.000453)
2025-09-22 21:53:25 UTC,sensor01,218208153,17.66,90.77,2025-09-23 10:29:19+00:00,34.00064,-80.970605,71.7,4.96,0.6,50.93,12.0,3D,2025-09-23 06:29:19-04:00,POINT (-80.970605 34.00064)
2025-09-22 21:53:30 UTC,sensor01,218208153,17.65,90.97,2025-09-23 10:29:24+00:00,34.000765,-80.970317,72.2,6.64,0.1,61.97,12.0,3D,2025-09-23 06:29:24-04:00,POINT (-80.970317 34.000765)
2025-09-22 21:53:35 UTC,sensor01,218208153,17.65,91.13,2025-09-23 10:29:29+00:00,34.000915,-80.969985,72.8,7.93,0.0,64.09,12.0,3D,2025-09-23 06:29:29-04:00,POINT (-80.969985 34.000915)
2025-09-22 21:53:40 UTC,sensor01,218208153,17.7,91.3,2025-09-23 10:29:34+00:00,34.001138,-80.969662,72.5,7.49,-0.4,40.5,12.0,3D,2025-09-23 06:29:34-04:00,POINT (-80.969662 34.001138)
2025-09-22 21:53:45 UTC,sensor01,218208153,17.72,91.27,2025-09-23 10:29:39+00:00,34.001422,-80.969507,71.8,6.64,-0.1,14.15,12.0,3D,2025-09-23 06:29:39-04:00,POINT (-80.969507 34.001422)
2025-09-22 21:53:50 UTC,sensor01,218208153,17.69,91.02,2025-09-23 10:29:44+00:00,34.001778,-80.969582,72.3,7.68,0.0,343.4,12.0,3D,2025-09-23 06:29:44-04:00,POINT (-80.969582 34.001778)
2025-09-22 21:53:55 UTC,sensor01,218208153,17.7,90.59,2025-09-23 10:29:49+00:00,34.002085,-80.969718,71.9,6.68,0.0,334.63,12.0,3D,2025-09-23 06:29:49-04:00,POINT (-80.969718 34.002085)
2025-09-22 21:54:00 UTC,sensor01,218208153,17.68,90.57,2025-09-23 10:29:54+00:00,34.002413,-80.969858,71.3,7.86,-0.2,342.71,12.0,3D,2025-09-23 06:29:54-04:00,POINT (-80.969858 34.002413)
2025-09-22 21:54:05 UTC,sensor01,218208153,17.65,90.69,2025-09-23 10:29:59+00:00,34.002728,-80.96991,68.0,7.38,-0.1,353.87,12.0,3D,2025-09-23 06:29:59-04:00,POINT (-80.96991 34.002728)
2025-09-22 21:54:10 UTC,sensor01,218208153,17.62,90.75,2025-09-23 10:30:04+00:00,34.00313,-80.969878,67.5,8.63,-0.1,7.99,12.0,3D,2025-09-23 06:30:04-04:00,POINT (-80.969878 34.00313)
2025-09-22 21:54:15 UTC,sensor01,218208153,17.62,90.54,2025-09-23 10:30:09+00:00,34.003503,-80.969762,67.3,8.72,0.1,17.6,12.0,3D,2025-09-23 06:30:09-04:00,POINT (-80.969762 34.003503)
2025-09-22 21:54:20 UTC,sensor01,218208153,17.59,90.34,2025-09-23 10:30:15+00:00,34.003865,-80.969527,67.3,7.23,0.0,0.0,12.0,3D,2025-09-23 06:30:15-04:00,POINT (-80.969527 34.003865)
2025-09-22 21:54:25 UTC,sensor01,218208153,17.58,90.46,2025-09-23 10:30:20+00:00,34.004103,-80.969308,69.9,7.6,1.1,0.0,12.0,3D,2025-09-23 06:30:20-04:00,POINT (-80.969308 34.004103)
2025-09-22 21:54:30 UTC,sensor01,218208153,17.55,90.51,2025-09-23 10:30:25+00:00,34.004345,-80.96898,70.7,7.22,0.1,0.0,12.0,3D,2025-09-23 06:30:25-04:00,POINT (-80.96898 34.004345)
2025-09-22 21:54:35 UTC,sensor01,218208153,17.5,90.56,2025-09-23 10:30:30+00:00,34.004505,-80.968855,70.2,3.63,-0.4,12.06,12.0,3D,2025-09-23 06:30:30-04:00,POINT (-80.968855 34.004505)
2025-09-22 21:54:40 UTC,sensor01,218208153,17.53,90.56,2025-09-23 10:30:35+00:00,34.004688,-80.969017,69.8,5.52,-0.1,315.91,12.0,3D,2025-09-23 06:30:35-04:00,POINT (-80.969017 34.004688)
2025-09-22 21:54:46 UTC,sensor01,218208153,17.49,90.56,2025-09-23 10:30:40+00:00,34.004883,-80.96923,69.3,5.13,-0.2,317.46,12.0,3D,2025-09-23 06:30:40-04:00,POINT (-80.96923 34.004883)
2025-09-22 21:54:51 UTC,sensor01,218208153,17.48,90.61,2025-09-23 10:30:45+00:00,34.00514,-80.969527,68.0,8.41,-0.4,313.52,12.0,3D,2025-09-23 06:30:45-04:00,POINT (-80.969527 34.00514)
2025-09-22 21:54:56 UTC,sensor01,218208153,17.44,90.72,2025-09-23 10:30:50+00:00,34.005428,-80.969847,66.2,8.2,-0.6,312.36,12.0,3D,2025-09-23 06:30:50-04:00,POINT (-80.969847 34.005428)
2025-09-22 21:55:01 UTC,sensor01,218208153,17.41,90.96,2025-09-23 10:30:55+00:00,34.005615,-80.97011,64.1,5.02,0.0,308.1,12.0,3D,2025-09-23 06:30:55-04:00,POINT (-80.97011 34.005615)
2025-09-22 21:55:11 UTC,sensor01,218208153,17.36,91.01,2025-09-23 10:31:05+00:00,34.005818,-80.970127,64.8,7.63,0.5,30.69,12.0,3D,2025-09-23 06:31:05-04:00,POINT (-80.970127 34.005818)
2025-09-22 21:55:16 UTC,sensor01,218208153,17.34,91.23,2025-09-23 10:31:10+00:00,34.006173,-80.969912,70.7,9.16,1.0,22.14,12.0,3D,2025-09-23 06:31:10-04:00,POINT (-80.969912 34.006173)
2025-09-22 21:55:21 UTC,sensor01,218208153,17.34,91.56,2025-09-23 10:31:15+00:00,34.006603,-80.969838,72.5,10.03,0.0,357.78,12.0,3D,2025-09-23 06:31:15-04:00,POINT (-80.969838 34.006603)
2025-09-22 21:55:26 UTC,sensor01,218208153,17.36,91.59,2025-09-23 10:31:20+00:00,34.007068,-80.969962,72.7,11.4,0.0,343.42,12.0,3D,2025-09-23 06:31:20-04:00,POINT (-80.969962 34.007068)
2025-09-22 21:55:31 UTC,sensor01,218208153,17.38,91.54,2025-09-23 10:31:25+00:00,34.007557,-80.97012,70.3,10.4,-0.3,346.39,12.0,3D,2025-09-23 06:31:25-04:00,POINT (-80.97012 34.007557)
2025-09-22 21:55:36 UTC,sensor01,218208153,17.39,91.64,2025-09-23 10:31:30+00:00,34.007945,-80.970222,69.1,5.36,-0.1,348.72,12.0,3D,2025-09-23 06:31:30-04:00,POINT (-80.970222 34.007945)
2025-09-22 21:55:41 UTC,sensor01,218208153,17.39,91.79,2025-09-23 10:31:35+00:00,34.008035,-80.970205,68.7,3.09,-0.1,24.92,12.0,3D,2025-09-23 06:31:35-04:00,POINT (-80.970205 34.008035)
2025-09-22 21:55:46 UTC,sensor01,218208153,17.41,91.82,2025-09-23 10:31:40+00:00,34.008148,-80.969823,68.4,9.75,0.0,70.8,12.0,3D,2025-09-23 06:31:40-04:00,POINT (-80.969823 34.008148)
2025-09-22 21:55:51 UTC,sensor01,218208153,17.44,91.81,2025-09-23 10:31:45+00:00,34.008315,-80.969275,67.9,11.19,-0.1,68.23,12.0,3D,2025-09-23 06:31:45-04:00,POINT (-80.969275 34.008315)
2025-09-22 21:55:56 UTC,sensor01,218208153,17.46,91.6,2025-09-23 10:31:51+00:00,34.008548,-80.968552,67.1,12.72,-0.1,0.0,12.0,3D,2025-09-23 06:31:51-04:00,POINT (-80.968552 34.008548)
2025-09-22 21:56:01 UTC,sensor01,218208153,17.5,91.26,2025-09-23 10:31:56+00:00,34.008782,-80.967915,66.4,13.96,0.0,0.0,12.0,3D,2025-09-23 06:31:56-04:00,POINT (-80.967915 34.008782)
2025-09-22 21:56:06 UTC,sensor01,218208153,17.48,91.15,2025-09-23 10:32:01+00:00,34.009108,-80.967353,66.0,12.07,0.0,0.0,12.0,3D,2025-09-23 06:32:01-04:00,POINT (-80.967353 34.009108)
2025-09-22 21:56:11 UTC,sensor01,218208153,17.53,91.0,2025-09-23 10:32:06+00:00,34.00952,-80.966907,66.0,12.74,0.0,35.76,12.0,3D,2025-09-23 06:32:06-04:00,POINT (-80.966907 34.00952)
2025-09-22 21:56:17 UTC,sensor01,218208153,17.53,90.83,2025-09-23 10:32:11+00:00,34.010005,-80.96655,65.7,12.79,0.0,25.66,12.0,3D,2025-09-23 06:32:11-04:00,POINT (-80.96655 34.010005)
2025-09-22 21:56:22 UTC,sensor01,218208153,17.55,90.72,2025-09-23 10:32:16+00:00,34.01054,-80.966398,66.2,12.39,0.2,12.61,12.0,3D,2025-09-23 06:32:16-04:00,POINT (-80.966398 34.01054)
2025-09-22 21:56:27 UTC,sensor01,218208153,17.56,90.66,2025-09-23 10:32:21+00:00,34.011112,-80.966315,66.8,12.1,0.0,1.97,12.0,3D,2025-09-23 06:32:21-04:00,POINT (-80.966315 34.011112)
2025-09-22 21:56:32 UTC,sensor01,218208153,17.58,90.78,2025-09-23 10:32:26+00:00,34.011682,-80.966315,66.7,12.46,-0.1,359.1,12.0,3D,2025-09-23 06:32:26-04:00,POINT (-80.966315 34.011682)
2025-09-22 21:56:37 UTC,sensor01,218208153,17.59,90.97,2025-09-23 10:32:31+00:00,34.012205,-80.966307,66.9,11.7,0.3,359.94,12.0,3D,2025-09-23 06:32:31-04:00,POINT (-80.966307 34.012205)
2025-09-22 21:56:42 UTC,sensor01,218208153,17.64,90.93,2025-09-23 10:32:36+00:00,34.012713,-80.96629,69.1,11.41,1.0,0.37,12.0,3D,2025-09-23 06:32:36-04:00,POINT (-80.96629 34.012713)
2025-09-22 21:56:47 UTC,sensor01,218208153,17.65,90.72,2025-09-23 10:32:41+00:00,34.013267,-80.966292,69.9,11.43,0.0,0.68,12.0,3D,2025-09-23 06:32:41-04:00,POINT (-80.966292 34.013267)
2025-09-22 21:56:52 UTC,sensor01,218208153,17.62,90.59,2025-09-23 10:32:46+00:00,34.013798,-80.966275,69.8,11.15,-0.1,2.49,12.0,3D,2025-09-23 06:32:46-04:00,POINT (-80.966275 34.013798)
2025-09-22 21:56:57 UTC,sensor01,218208153,17.63,90.64,2025-09-23 10:32:51+00:00,34.014337,-80.96626,70.8,11.56,0.3,0.74,12.0,3D,2025-09-23 06:32:51-04:00,POINT (-80.96626 34.014337)
2025-09-22 21:57:02 UTC,sensor01,218208153,17.63,90.69,2025-09-23 10:32:56+00:00,34.014882,-80.966267,73.4,12.22,0.2,0.07,12.0,3D,2025-09-23 06:32:56-04:00,POINT (-80.966267 34.014882)
2025-09-22 21:57:07 UTC,sensor01,218208153,17.64,90.65,2025-09-23 10:33:01+00:00,34.015447,-80.966268,73.8,12.43,-0.3,359.72,12.0,3D,2025-09-23 06:33:01-04:00,POINT (-80.966268 34.015447)
2025-09-22 21:57:12 UTC,sensor01,218208153,17.66,90.61,2025-09-23 10:33:06+00:00,34.015973,-80.966272,73.1,11.84,0.0,359.48,12.0,3D,2025-09-23 06:33:06-04:00,POINT (-80.966272 34.015973)
2025-09-22 21:57:17 UTC,sensor01,218208153,17.68,90.49,2025-09-23 10:33:11+00:00,34.016498,-80.96628,73.0,11.49,0.0,359.0,12.0,3D,2025-09-23 06:33:11-04:00,POINT (-80.96628 34.016498)
2025-09-22 21:57:22 UTC,sensor01,218208153,17.69,90.32,2025-09-23 10:33:16+00:00,34.017003,-80.966267,73.0,10.81,-0.1,0.64,12.0,3D,2025-09-23 06:33:16-04:00,POINT (-80.966267 34.017003)
2025-09-22 21:57:27 UTC,sensor01,218208153,17.72,89.92,2025-09-23 10:33:21+00:00,34.017512,-80.966243,72.9,10.73,-0.1,3.96,12.0,3D,2025-09-23 06:33:21-04:00,POINT (-80.966243 34.017512)
2025-09-22 21:57:32 UTC,sensor01,218208153,17.76,89.49,2025-09-23 10:33:26+00:00,34.01797,-80.966203,73.0,9.3,0.0,0.65,12.0,3D,2025-09-23 06:33:26-04:00,POINT (-80.966203 34.01797)
2025-09-22 21:57:37 UTC,sensor01,218208153,17.83,89.34,2025-09-23 10:33:32+00:00,34.018347,-80.966158,72.7,5.85,0.0,0.0,12.0,3D,2025-09-23 06:33:32-04:00,POINT (-80.966158 34.018347)
2025-09-22 21:57:42 UTC,sensor01,218208153,17.89,89.13,2025-09-23 10:33:37+00:00,34.018442,-80.965802,72.5,9.24,-0.1,0.0,12.0,3D,2025-09-23 06:33:37-04:00,POINT (-80.965802 34.018442)
2025-09-22 21:57:47 UTC,sensor01,218208153,17.91,88.99,2025-09-23 10:33:42+00:00,34.018438,-80.965232,71.8,11.25,-0.1,0.0,12.0,3D,2025-09-23 06:33:42-04:00,POINT (-80.965232 34.018438)
2025-09-22 21:57:52 UTC,sensor01,218208153,17.93,88.84,2025-09-23 10:33:47+00:00,34.01847,-80.9646,69.6,11.79,-1.0,82.52,12.0,3D,2025-09-23 06:33:47-04:00,POINT (-80.9646 34.01847)
2025-09-22 21:57:57 UTC,sensor01,218208153,17.97,88.66,2025-09-23 10:33:52+00:00,34.018588,-80.963935,67.0,12.1,-0.2,76.19,12.0,3D,2025-09-23 06:33:52-04:00,POINT (-80.963935 34.018588)
2025-09-22 21:58:03 UTC,sensor01,218208153,17.95,88.86,2025-09-23 10:33:57+00:00,34.018755,-80.963272,66.0,12.52,-0.2,71.03,12.0,3D,2025-09-23 06:33:57-04:00,POINT (-80.963272 34.018755)
2025-09-22 21:58:08 UTC,sensor01,218208153,18.0,88.91,2025-09-23 10:34:02+00:00,34.018983,-80.962635,64.9,12.68,-0.2,64.93,12.0,3D,2025-09-23 06:34:02-04:00,POINT (-80.962635 34.018983)
2025-09-22 21:58:13 UTC,sensor01,218208153,17.98,88.84,2025-09-23 10:34:07+00:00,34.019292,-80.962028,64.0,12.82,-0.1,54.39,12.0,3D,2025-09-23 06:34:07-04:00,POINT (-80.962028 34.019292)
2025-09-22 21:58:18 UTC,sensor01,218208153,18.02,88.8,2025-09-23 10:34:12+00:00,34.019605,-80.961523,63.7,10.22,-0.1,52.59,12.0,3D,2025-09-23 06:34:12-04:00,POINT (-80.961523 34.019605)
2025-09-22 21:58:23 UTC,sensor01,218208153,18.0,88.79,2025-09-23 10:34:17+00:00,34.019852,-80.961177,63.9,7.22,0.0,37.6,12.0,3D,2025-09-23 06:34:17-04:00,POINT (-80.961177 34.019852)
2025-09-22 21:58:28 UTC,sensor01,218208153,18.03,89.0,2025-09-23 10:34:22+00:00,34.020148,-80.961215,63.6,6.74,-0.1,333.11,12.0,3D,2025-09-23 06:34:22-04:00,POINT (-80.961215 34.020148)
2025-09-22 21:58:33 UTC,sensor01,218208153,17.99,89.44,2025-09-23 10:34:27+00:00,34.020417,-80.961427,63.1,5.27,-0.1,317.38,12.0,3D,2025-09-23 06:34:27-04:00,POINT (-80.961427 34.020417)
2025-09-22 21:58:38 UTC,sensor01,218208153,17.97,89.68,2025-09-23 10:34:32+00:00,34.020415,-80.961703,62.8,5.84,-0.1,245.74,12.0,3D,2025-09-23 06:34:32-04:00,POINT (-80.961703 34.020415)
2025-09-22 21:58:43 UTC,sensor01,218208153,17.94,89.58,2025-09-23 10:34:37+00:00,34.020285,-80.961948,62.1,3.85,-0.2,219.83,12.0,3D,2025-09-23 06:34:37-04:00,POINT (-80.961948 34.020285)
2025-09-22 21:59:28 UTC,sensor01,218208153,17.94,89.52,2025-09-23 10:35:22+00:00,34.020405,-80.961708,60.2,4.37,0.0,54.46,11.0,3D,2025-09-23 06:35:22-04:00,POINT (-80.961708 34.020405)
2025-09-22 21:59:33 UTC,sensor01,218208153,17.95,89.77,2025-09-23 10:35:27+00:00,34.020445,-80.961567,60.3,3.62,0.0,98.16,11.0,3D,2025-09-23 06:35:27-04:00,POINT (-80.961567 34.020445)
2025-09-22 21:59:38 UTC,sensor01,218208153,17.9,89.69,2025-09-23 10:35:33+00:00,34.020183,-80.96134,60.3,6.27,-0.1,0.0,11.0,3D,2025-09-23 06:35:33-04:00,POINT (-80.96134 34.020183)
2025-09-22 21:59:48 UTC,sensor01,218208153,17.89,89.4,2025-09-23 10:35:43+00:00,34.019912,-80.961297,60.6,4.53,0.0,0.0,4.0,3D,2025-09-23 06:35:43-04:00,POINT (-80.961297 34.019912)
2025-09-22 21:59:53 UTC,sensor01,218208153,17.93,89.25,2025-09-23 10:35:48+00:00,34.019577,-80.961798,60.4,13.02,-0.1,0.0,4.0,3D,2025-09-23 06:35:48-04:00,POINT (-80.961798 34.019577)
2025-09-22 21:59:58 UTC,sensor01,218208153,17.95,89.08,2025-09-23 10:35:53+00:00,34.01923,-80.96246,60.3,14.63,-0.1,0.0,8.0,3D,2025-09-23 06:35:53-04:00,POINT (-80.96246 34.01923)
2025-09-22 22:00:04 UTC,sensor01,218208153,18.03,88.99,2025-09-23 10:35:58+00:00,34.018915,-80.963213,59.7,15.64,-0.2,0.0,8.0,3D,2025-09-23 06:35:58-04:00,POINT (-80.963213 34.018915)
2025-09-22 22:00:09 UTC,sensor01,218208153,18.03,88.78,2025-09-23 10:36:03+00:00,34.01872,-80.964037,59.7,15.28,0.0,0.0,11.0,3D,2025-09-23 06:36:03-04:00,POINT (-80.964037 34.01872)
2025-09-22 22:00:14 UTC,sensor01,218208153,18.03,88.45,2025-09-23 10:36:08+00:00,34.018605,-80.964838,60.0,14.72,0.0,0.0,11.0,3D,2025-09-23 06:36:08-04:00,POINT (-80.964838 34.018605)
2025-09-22 22:00:19 UTC,sensor01,218208153,18.03,88.19,2025-09-23 10:36:13+00:00,34.018533,-80.96555,60.2,11.78,0.0,265.17,11.0,3D,2025-09-23 06:36:13-04:00,POINT (-80.96555 34.018533)
2025-09-22 22:00:24 UTC,sensor01,218208153,18.03,88.12,2025-09-23 10:36:18+00:00,34.01854,-80.966043,60.3,7.34,0.0,278.72,11.0,3D,2025-09-23 06:36:18-04:00,POINT (-80.966043 34.01854)
2025-09-22 22:01:14 UTC,sensor01,218208153,18.04,88.05,2025-09-23 10:37:08+00:00,34.018553,-80.96626,61.4,3.24,-0.1,251.14,11.0,3D,2025-09-23 06:37:08-04:00,POINT (-80.96626 34.018553)
2025-09-22 22:01:19 UTC,sensor01,218208153,18.07,88.36,2025-09-23 10:37:13+00:00,34.018252,-80.966392,61.5,8.12,0.1,186.77,11.0,3D,2025-09-23 06:37:13-04:00,POINT (-80.966392 34.018252)
2025-09-22 22:01:24 UTC,sensor01,218208153,18.1,87.91,2025-09-23 10:37:18+00:00,34.017725,-80.966405,61.3,12.94,0.0,179.87,11.0,3D,2025-09-23 06:37:18-04:00,POINT (-80.966405 34.017725)
2025-09-22 22:01:29 UTC,sensor01,218208153,18.1,87.7,2025-09-23 10:37:24+00:00,34.016945,-80.96642,61.2,14.79,-0.1,0.0,11.0,3D,2025-09-23 06:37:24-04:00,POINT (-80.96642 34.016945)
2025-09-22 22:01:34 UTC,sensor01,218208153,18.05,88.11,2025-09-23 10:37:29+00:00,34.016282,-80.966428,61.1,14.61,0.0,0.0,11.0,3D,2025-09-23 06:37:29-04:00,POINT (-80.966428 34.016282)
2025-09-22 22:01:39 UTC,sensor01,218208153,18.04,88.37,2025-09-23 10:37:34+00:00,34.015587,-80.966427,61.2,15.35,0.0,0.0,11.0,3D,2025-09-23 06:37:34-04:00,POINT (-80.966427 34.015587)
2025-09-22 22:01:44 UTC,sensor01,218208153,17.98,88.48,2025-09-23 10:37:39+00:00,34.014932,-80.966422,61.2,14.56,0.1,179.41,11.0,3D,2025-09-23 06:37:39-04:00,POINT (-80.966422 34.014932)
2025-09-22 22:01:49 UTC,sensor01,218208153,17.91,88.73,2025-09-23 10:37:44+00:00,34.014268,-80.966427,61.6,14.98,0.1,180.17,11.0,3D,2025-09-23 06:37:44-04:00,POINT (-80.966427 34.014268)
2025-09-22 22:01:55 UTC,sensor01,218208153,17.86,88.99,2025-09-23 10:37:49+00:00,34.0136,-80.966433,61.9,15.44,0.1,178.87,11.0,3D,2025-09-23 06:37:49-04:00,POINT (-80.966433 34.0136)
2025-09-22 22:02:00 UTC,sensor01,218208153,17.84,89.22,2025-09-23 10:37:54+00:00,34.01292,-80.966423,62.4,15.02,0.0,179.61,11.0,3D,2025-09-23 06:37:54-04:00,POINT (-80.966423 34.01292)
2025-09-22 22:02:05 UTC,sensor01,218208153,17.84,89.41,2025-09-23 10:37:59+00:00,34.012213,-80.966455,63.1,15.64,0.2,180.29,11.0,3D,2025-09-23 06:37:59-04:00,POINT (-80.966455 34.012213)
2025-09-22 22:02:15 UTC,sensor01,218208153,17.79,89.52,2025-09-23 10:38:09+00:00,34.010773,-80.966487,63.8,14.7,0.0,186.1,11.0,3D,2025-09-23 06:38:09-04:00,POINT (-80.966487 34.010773)
2025-09-22 22:02:20 UTC,sensor01,218208153,17.79,89.54,2025-09-23 10:38:14+00:00,34.01013,-80.966715,64.2,15.2,0.0,204.08,11.0,3D,2025-09-23 06:38:14-04:00,POINT (-80.966715 34.01013)
2025-09-22 22:02:25 UTC,sensor01,218208153,17.72,89.55,2025-09-23 10:38:19+00:00,34.009517,-80.967165,64.2,15.46,0.0,219.41,11.0,3D,2025-09-23 06:38:19-04:00,POINT (-80.967165 34.009517)
2025-09-22 22:02:30 UTC,sensor01,218208153,17.65,89.75,2025-09-23 10:38:24+00:00,34.00903,-80.967783,64.1,15.34,0.0,234.24,11.0,3D,2025-09-23 06:38:24-04:00,POINT (-80.967783 34.00903)
2025-09-22 22:02:35 UTC,sensor01,218208153,17.61,89.98,2025-09-23 10:38:29+00:00,34.008685,-80.968545,64.1,15.63,0.0,246.69,11.0,3D,2025-09-23 06:38:29-04:00,POINT (-80.968545 34.008685)
2025-09-22 22:02:50 UTC,sensor01,218208153,17.55,90.85,2025-09-23 10:38:44+00:00,34.008077,-80.970985,64.0,15.19,0.1,267.58,11.0,3D,2025-09-23 06:38:44-04:00,POINT (-80.970985 34.008077)
2025-09-22 22:02:55 UTC,sensor01,218208153,17.54,90.83,2025-09-23 10:38:49+00:00,34.008145,-80.971792,64.9,15.54,0.2,279.43,11.0,3D,2025-09-23 06:38:49-04:00,POINT (-80.971792 34.008145)
2025-09-22 22:03:00 UTC,sensor01,218208153,17.51,90.96,2025-09-23 10:38:54+00:00,34.008273,-80.972582,65.8,14.92,0.1,279.72,11.0,3D,2025-09-23 06:38:54-04:00,POINT (-80.972582 34.008273)
2025-09-22 22:03:10 UTC,sensor01,218208153,17.46,90.78,2025-09-23 10:39:04+00:00,34.008598,-80.974245,66.4,14.55,0.1,279.38,11.0,3D,2025-09-23 06:39:04-04:00,POINT (-80.974245 34.008598)
2025-09-22 22:03:15 UTC,sensor01,218208153,17.46,90.91,2025-09-23 10:39:10+00:00,34.008677,-80.975138,67.7,13.4,0.2,0.0,10.0,3D,2025-09-23 06:39:10-04:00,POINT (-80.975138 34.008677)
2025-09-22 22:03:20 UTC,sensor01,218208153,17.43,90.88,2025-09-23 10:39:15+00:00,34.008698,-80.97595,68.7,15.4,0.2,0.0,10.0,3D,2025-09-23 06:39:15-04:00,POINT (-80.97595 34.008698)
2025-09-22 22:03:25 UTC,sensor01,218208153,17.43,90.97,2025-09-23 10:39:20+00:00,34.008682,-80.976752,69.6,14.18,0.2,0.0,10.0,3D,2025-09-23 06:39:20-04:00,POINT (-80.976752 34.008682)
2025-09-22 22:03:30 UTC,sensor01,218208153,17.39,91.14,2025-09-23 10:39:25+00:00,34.008622,-80.977537,70.4,14.7,0.2,0.0,10.0,3D,2025-09-23 06:39:25-04:00,POINT (-80.977537 34.008622)
2025-09-22 22:03:35 UTC,sensor01,218208153,17.39,91.36,2025-09-23 10:39:30+00:00,34.008513,-80.978352,70.9,14.65,0.1,259.81,10.0,3D,2025-09-23 06:39:30-04:00,POINT (-80.978352 34.008513)
2025-09-22 22:03:46 UTC,sensor01,218208153,17.5,91.25,2025-09-23 10:39:40+00:00,34.00828,-80.979987,73.1,14.54,0.2,261.11,10.0,3D,2025-09-23 06:39:40-04:00,POINT (-80.979987 34.00828)
2025-09-22 22:04:06 UTC,sensor01,218208153,17.59,90.16,2025-09-23 10:40:00+00:00,34.007925,-80.983438,77.2,15.37,0.2,263.29,10.0,3D,2025-09-23 06:40:00-04:00,POINT (-80.983438 34.007925)
2025-09-22 22:04:11 UTC,sensor01,218208153,17.52,90.06,2025-09-23 10:40:05+00:00,34.007887,-80.984243,78.7,14.45,0.4,271.45,10.0,3D,2025-09-23 06:40:05-04:00,POINT (-80.984243 34.007887)
2025-09-22 22:04:16 UTC,sensor01,218208153,17.49,90.11,2025-09-23 10:40:10+00:00,34.007963,-80.985025,80.1,14.91,0.3,273.94,10.0,3D,2025-09-23 06:40:10-04:00,POINT (-80.985025 34.007963)
2025-09-22 22:04:21 UTC,sensor01,218208153,17.46,90.34,2025-09-23 10:40:15+00:00,34.008032,-80.98584,80.8,15.12,0.1,275.12,10.0,3D,2025-09-23 06:40:15-04:00,POINT (-80.98584 34.008032)
2025-09-22 22:04:26 UTC,sensor01,218208153,17.51,90.52,2025-09-23 10:40:20+00:00,34.008108,-80.986693,81.4,15.27,0.1,276.43,10.0,3D,2025-09-23 06:40:20-04:00,POINT (-80.986693 34.008108)
2025-09-22 22:04:51 UTC,sensor01,218208153,17.58,90.4,2025-09-23 10:40:45+00:00,34.008503,-80.991133,87.7,14.98,0.6,275.47,10.0,3D,2025-09-23 06:40:45-04:00,POINT (-80.991133 34.008503)
2025-09-22 22:04:56 UTC,sensor01,218208153,17.64,90.37,2025-09-23 10:40:50+00:00,34.00859,-80.991958,90.1,14.96,0.5,275.88,10.0,3D,2025-09-23 06:40:50-04:00,POINT (-80.991958 34.00859)
2025-09-22 22:05:01 UTC,sensor01,218208153,17.6,90.17,2025-09-23 10:40:55+00:00,34.008652,-80.992772,91.9,15.55,0.4,277.71,10.0,3D,2025-09-23 06:40:55-04:00,POINT (-80.992772 34.008652)
2025-09-22 22:05:06 UTC,sensor01,218208153,17.55,90.15,2025-09-23 10:41:01+00:00,34.00875,-80.993797,93.0,15.47,0.1,0.0,10.0,3D,2025-09-23 06:41:01-04:00,POINT (-80.993797 34.00875)
2025-09-22 22:05:16 UTC,sensor01,218208153,17.56,90.4,2025-09-23 10:41:11+00:00,34.008932,-80.99548,95.5,14.34,0.4,0.0,10.0,3D,2025-09-23 06:41:11-04:00,POINT (-80.99548 34.008932)
2025-09-22 22:05:21 UTC,sensor01,218208153,17.6,90.19,2025-09-23 10:41:16+00:00,34.00913,-80.996215,96.5,13.98,0.2,291.05,10.0,3D,2025-09-23 06:41:16-04:00,POINT (-80.996215 34.00913)
2025-09-22 22:05:26 UTC,sensor01,218208153,17.65,90.14,2025-09-23 10:41:21+00:00,34.009423,-80.997077,95.7,15.17,-0.4,295.45,10.0,3D,2025-09-23 06:41:21-04:00,POINT (-80.997077 34.009423)
2025-09-22 22:05:32 UTC,sensor01,218208153,17.72,89.85,2025-09-23 10:41:26+00:00,34.009707,-80.997758,96.8,14.81,0.4,290.49,10.0,3D,2025-09-23 06:41:26-04:00,POINT (-80.997758 34.009707)
2025-09-22 22:05:37 UTC,sensor01,218208153,17.81,89.2,2025-09-23 10:41:31+00:00,34.009832,-80.998468,100.8,13.86,0.2,279.36,10.0,3D,2025-09-23 06:41:31-04:00,POINT (-80.998468 34.009832)
2025-09-22 22:05:42 UTC,sensor01,218208153,17.86,88.6,2025-09-23 10:41:36+00:00,34.009877,-80.999272,104.4,15.08,0.3,272.69,10.0,3D,2025-09-23 06:41:36-04:00,POINT (-80.999272 34.009877)
2025-09-22 22:05:47 UTC,sensor01,218208153,17.94,87.97,2025-09-23 10:41:41+00:00,34.009942,-81.000085,108.0,13.93,0.3,278.13,10.0,3D,2025-09-23 06:41:41-04:00,POINT (-81.000085 34.009942)
2025-09-22 22:05:52 UTC,sensor01,218208153,17.97,87.45,2025-09-23 10:41:46+00:00,34.010197,-81.000715,109.0,12.58,0.2,312.64,10.0,3D,2025-09-23 06:41:46-04:00,POINT (-81.000715 34.010197)
2025-09-22 22:05:57 UTC,sensor01,218208153,18.01,87.08,2025-09-23 10:41:51+00:00,34.010515,-81.001122,109.7,8.15,0.0,310.66,10.0,3D,2025-09-23 06:41:51-04:00,POINT (-81.001122 34.010515)
2025-09-22 22:06:02 UTC,sensor01,218208153,18.08,86.7,2025-09-23 10:41:56+00:00,34.010723,-81.00152,110.6,8.88,0.4,292.76,10.0,3D,2025-09-23 06:41:56-04:00,POINT (-81.00152 34.010723)
2025-09-22 22:06:07 UTC,sensor01,218208153,18.12,86.66,2025-09-23 10:42:01+00:00,34.010667,-81.002177,111.2,12.14,0.2,263.29,10.0,3D,2025-09-23 06:42:01-04:00,POINT (-81.002177 34.010667)
2025-09-22 22:06:12 UTC,sensor01,218208153,18.17,86.39,2025-09-23 10:42:06+00:00,34.01043,-81.003102,111.3,15.21,-0.1,255.38,10.0,3D,2025-09-23 06:42:06-04:00,POINT (-81.003102 34.01043)
2025-09-22 22:06:17 UTC,sensor01,218208153,18.16,86.45,2025-09-23 10:42:11+00:00,34.010263,-81.003887,111.2,14.66,-0.1,257.65,10.0,3D,2025-09-23 06:42:11-04:00,POINT (-81.003887 34.010263)
2025-09-22 22:06:22 UTC,sensor01,218208153,18.15,86.94,2025-09-23 10:42:16+00:00,34.010128,-81.004658,106.3,13.95,-0.1,256.58,10.0,3D,2025-09-23 06:42:16-04:00,POINT (-81.004658 34.010128)
2025-09-22 22:06:27 UTC,sensor01,218208153,18.15,87.55,2025-09-23 10:42:21+00:00,34.009962,-81.005457,105.3,15.32,-0.3,253.68,10.0,3D,2025-09-23 06:42:21-04:00,POINT (-81.005457 34.009962)
2025-09-22 22:06:32 UTC,sensor01,218208153,18.16,87.6,2025-09-23 10:42:26+00:00,34.009752,-81.006272,106.2,15.38,0.4,250.59,10.0,3D,2025-09-23 06:42:26-04:00,POINT (-81.006272 34.009752)
2025-09-22 22:06:42 UTC,sensor01,218208153,18.21,86.65,2025-09-23 10:42:36+00:00,34.009265,-81.007922,107.1,15.19,-0.1,247.77,10.0,3D,2025-09-23 06:42:36-04:00,POINT (-81.007922 34.009265)
2025-09-22 22:07:02 UTC,sensor01,218208153,18.22,86.47,2025-09-23 10:42:57+00:00,34.0082,-81.01128,100.1,15.64,-0.3,0.0,10.0,3D,2025-09-23 06:42:57-04:00,POINT (-81.01128 34.0082)
2025-09-22 22:07:07 UTC,sensor01,218208153,18.28,86.12,2025-09-23 10:43:02+00:00,34.007947,-81.012073,99.0,15.58,-0.2,0.0,10.0,3D,2025-09-23 06:43:02-04:00,POINT (-81.012073 34.007947)
2025-09-22 22:07:12 UTC,sensor01,218208153,18.36,86.14,2025-09-23 10:43:07+00:00,34.007762,-81.012757,97.3,11.69,-0.2,0.0,10.0,3D,2025-09-23 06:43:07-04:00,POINT (-81.012757 34.007762)
2025-09-22 22:07:17 UTC,sensor01,218208153,18.37,86.16,2025-09-23 10:43:12+00:00,34.007635,-81.013232,95.2,6.42,-0.3,251.82,10.0,3D,2025-09-23 06:43:12-04:00,POINT (-81.013232 34.007635)
2025-09-22 22:07:33 UTC,sensor01,218208153,18.52,85.71,2025-09-23 10:43:27+00:00,34.007397,-81.013423,96.4,5.47,0.1,184.91,10.0,3D,2025-09-23 06:43:27-04:00,POINT (-81.013423 34.007397)
2025-09-22 22:07:38 UTC,sensor01,218208153,18.58,85.35,2025-09-23 10:43:32+00:00,34.007055,-81.012895,96.5,13.47,0.0,125.48,10.0,3D,2025-09-23 06:43:32-04:00,POINT (-81.012895 34.007055)
2025-09-22 22:07:43 UTC,sensor01,218208153,18.61,85.17,2025-09-23 10:43:37+00:00,34.006705,-81.012247,95.5,13.12,-0.3,119.39,10.0,3D,2025-09-23 06:43:37-04:00,POINT (-81.012247 34.006705)
2025-09-22 22:07:48 UTC,sensor01,218208153,18.61,85.0,2025-09-23 10:43:42+00:00,34.006485,-81.0117,94.2,8.01,-0.3,133.44,10.0,3D,2025-09-23 06:43:42-04:00,POINT (-81.0117 34.006485)
2025-09-22 22:07:53 UTC,sensor01,218208153,18.58,85.18,2025-09-23 10:43:47+00:00,34.006113,-81.011473,93.4,9.54,-0.3,156.76,10.0,3D,2025-09-23 06:43:47-04:00,POINT (-81.011473 34.006113)
2025-09-22 22:07:58 UTC,sensor01,218208153,18.48,85.73,2025-09-23 10:43:52+00:00,34.005688,-81.011232,92.3,10.35,0.0,155.53,10.0,3D,2025-09-23 06:43:52-04:00,POINT (-81.011232 34.005688)
2025-09-22 22:08:03 UTC,sensor01,218208153,18.39,86.19,2025-09-23 10:43:57+00:00,34.005232,-81.01097,92.5,10.83,0.1,153.91,10.0,3D,2025-09-23 06:43:57-04:00,POINT (-81.01097 34.005232)
2025-09-22 22:08:08 UTC,sensor01,218208153,18.33,86.79,2025-09-23 10:44:02+00:00,34.004908,-81.010755,92.6,5.82,0.2,141.54,10.0,3D,2025-09-23 06:44:02-04:00,POINT (-81.010755 34.004908)
2025-09-22 22:08:13 UTC,sensor01,218208153,18.25,87.21,2025-09-23 10:44:07+00:00,34.00477,-81.010437,93.5,8.05,0.1,112.61,10.0,3D,2025-09-23 06:44:07-04:00,POINT (-81.010437 34.00477)
2025-09-22 22:08:23 UTC,sensor01,218208153,18.12,87.61,2025-09-23 10:44:17+00:00,34.004593,-81.010147,92.3,2.95,0.1,189.5,10.0,3D,2025-09-23 06:44:17-04:00,POINT (-81.010147 34.004593)
2025-09-22 22:08:28 UTC,sensor01,218208153,18.07,87.96,2025-09-23 10:44:22+00:00,34.00428,-81.010292,91.5,7.62,-0.2,204.28,10.0,3D,2025-09-23 06:44:22-04:00,POINT (-81.010292 34.00428)
2025-09-22 22:08:33 UTC,sensor01,218208153,17.98,88.46,2025-09-23 10:44:27+00:00,34.004028,-81.010605,90.4,7.73,-0.2,238.25,10.0,3D,2025-09-23 06:44:27-04:00,POINT (-81.010605 34.004028)
2025-09-22 22:08:38 UTC,sensor01,218208153,17.93,88.81,2025-09-23 10:44:32+00:00,34.003872,-81.011043,89.3,8.47,-0.3,245.03,10.0,3D,2025-09-23 06:44:32-04:00,POINT (-81.011043 34.003872)
2025-09-22 22:08:43 UTC,sensor01,218208153,17.88,89.2,2025-09-23 10:44:38+00:00,34.003667,-81.011565,87.7,8.93,-0.2,0.0,10.0,3D,2025-09-23 06:44:38-04:00,POINT (-81.011565 34.003667)
2025-09-22 22:08:48 UTC,sensor01,218208153,17.8,89.34,2025-09-23 10:44:43+00:00,34.003478,-81.011938,87.2,6.46,0.0,0.0,10.0,3D,2025-09-23 06:44:43-04:00,POINT (-81.011938 34.003478)
2025-09-22 22:08:58 UTC,sensor01,218208153,17.77,89.8,2025-09-23 10:44:53+00:00,34.003277,-81.012303,86.3,6.41,0.1,0.0,4.0,3D,2025-09-23 06:44:53-04:00,POINT (-81.012303 34.003277)
2025-09-22 22:09:03 UTC,sensor01,218208153,17.76,89.87,2025-09-23 10:44:58+00:00,34.003093,-81.012638,85.6,7.13,0.0,0.0,4.0,3D,2025-09-23 06:44:58-04:00,POINT (-81.012638 34.003093)
2025-09-22 22:09:08 UTC,sensor01,218208153,17.72,90.14,2025-09-23 10:45:03+00:00,34.002925,-81.012985,84.9,7.69,-0.1,0.0,8.0,3D,2025-09-23 06:45:03-04:00,POINT (-81.012985 34.002925)
2025-09-22 22:09:14 UTC,sensor01,218208153,17.68,90.04,2025-09-23 10:45:08+00:00,34.002782,-81.01336,84.3,8.31,-0.1,0.0,10.0,3D,2025-09-23 06:45:08-04:00,POINT (-81.01336 34.002782)
2025-09-22 22:09:19 UTC,sensor01,218208153,17.68,90.21,2025-09-23 10:45:13+00:00,34.002578,-81.013712,83.6,7.57,-0.2,0.0,10.0,3D,2025-09-23 06:45:13-04:00,POINT (-81.013712 34.002578)
2025-09-22 22:09:24 UTC,sensor01,218208153,17.68,90.37,2025-09-23 10:45:18+00:00,34.0024,-81.01389,83.0,3.15,0.0,226.37,11.0,3D,2025-09-23 06:45:18-04:00,POINT (-81.01389 34.0024)
2025-09-22 22:09:34 UTC,sensor01,218208153,17.65,90.13,2025-09-23 10:45:28+00:00,34.002233,-81.01408,81.3,5.94,-0.3,217.99,11.0,3D,2025-09-23 06:45:28-04:00,POINT (-81.01408 34.002233)
2025-09-22 22:09:39 UTC,sensor01,218208153,17.63,90.11,2025-09-23 10:45:33+00:00,34.00201,-81.014335,80.4,6.52,-0.2,224.97,11.0,3D,2025-09-23 06:45:33-04:00,POINT (-81.014335 34.00201)
2025-09-22 22:10:04 UTC,sensor01,218208153,17.58,90.65,2025-09-23 10:45:58+00:00,34.001958,-81.014335,78.9,3.54,0.0,44.09,11.0,3D,2025-09-23 06:45:58-04:00,POINT (-81.014335 34.001958)
2025-09-22 22:10:09 UTC,sensor01,218208153,17.55,90.64,2025-09-23 10:46:03+00:00,34.002083,-81.01415,78.7,3.8,-0.1,45.3,11.0,3D,2025-09-23 06:46:03-04:00,POINT (-81.01415 34.002083)
2025-09-22 22:10:19 UTC,sensor01,218208153,17.52,90.41,2025-09-23 10:46:13+00:00,34.002213,-81.014,78.0,3.33,-0.1,48.56,11.0,3D,2025-09-23 06:46:13-04:00,POINT (-81.014 34.002213)
2025-09-23 09:56:53 UTC,sensor03,218187713,18.91,85.76,2025-09-23 09:56:52+00:00,34.007458,-81.013412,86.2,6.32,-0.1,155.67,9.0,3D,2025-09-23 05:56:52-04:00,POINT (-81.013412 34.007458)
2025-09-23 09:56:58 UTC,sensor03,218187713,18.29,86.52,2025-09-23 09:56:58+00:00,34.007115,-81.01297,86.2,11.05,0.1,0.0,9.0,3D,2025-09-23 05:56:58-04:00,POINT (-81.01297 34.007115)
2025-09-23 09:57:03 UTC,sensor03,218187713,18.54,87.93,2025-09-23 09:57:03+00:00,34.006805,-81.012428,86.7,12.71,-0.1,0.0,4.0,3D,2025-09-23 05:57:03-04:00,POINT (-81.012428 34.006805)
2025-09-23 09:57:08 UTC,sensor03,218187713,18.68,87.68,2025-09-23 09:57:08+00:00,34.006527,-81.011833,87.0,12.58,0.1,0.0,8.0,3D,2025-09-23 05:57:08-04:00,POINT (-81.011833 34.006527)
2025-09-23 09:57:13 UTC,sensor03,218187713,18.6,87.41,2025-09-23 09:57:13+00:00,34.006332,-81.011178,89.0,12.54,0.6,106.57,8.0,3D,2025-09-23 05:57:13-04:00,POINT (-81.011178 34.006332)
2025-09-23 09:57:18 UTC,sensor03,218187713,18.47,87.61,2025-09-23 09:57:18+00:00,34.006188,-81.010508,88.6,13.07,-0.1,104.12,8.0,3D,2025-09-23 05:57:18-04:00,POINT (-81.010508 34.006188)
2025-09-23 09:57:23 UTC,sensor03,218187713,18.46,87.91,2025-09-23 09:57:23+00:00,34.006042,-81.009812,87.5,13.74,-0.2,108.31,8.0,3D,2025-09-23 05:57:23-04:00,POINT (-81.009812 34.006042)
2025-09-23 09:57:28 UTC,sensor03,218187713,18.28,88.07,2025-09-23 09:57:28+00:00,34.00579,-81.009082,88.9,13.46,0.4,113.45,8.0,3D,2025-09-23 05:57:28-04:00,POINT (-81.009082 34.00579)
2025-09-23 09:57:33 UTC,sensor03,218187713,18.1,88.66,2025-09-23 09:57:33+00:00,34.005428,-81.008442,89.1,13.33,0.2,128.96,8.0,3D,2025-09-23 05:57:33-04:00,POINT (-81.008442 34.005428)
2025-09-23 09:57:39 UTC,sensor03,218187713,18.53,88.87,2025-09-23 09:57:38+00:00,34.005052,-81.00787,90.4,13.78,0.3,124.47,8.0,3D,2025-09-23 05:57:38-04:00,POINT (-81.00787 34.005052)
2025-09-23 09:57:44 UTC,sensor03,218187713,18.75,87.96,2025-09-23 09:57:43+00:00,34.004762,-81.00723,92.3,13.58,0.4,114.22,8.0,3D,2025-09-23 05:57:43-04:00,POINT (-81.00723 34.004762)
2025-09-23 09:57:49 UTC,sensor03,218187713,18.67,87.31,2025-09-23 09:57:48+00:00,34.004482,-81.006575,94.6,13.01,0.5,115.35,8.0,3D,2025-09-23 05:57:48-04:00,POINT (-81.006575 34.004482)
2025-09-23 09:57:54 UTC,sensor03,218187713,18.76,87.18,2025-09-23 09:57:54+00:00,34.0042,-81.005797,98.5,12.79,0.7,0.0,8.0,3D,2025-09-23 05:57:54-04:00,POINT (-81.005797 34.0042)
2025-09-23 09:57:59 UTC,sensor03,218187713,19.08,86.56,2025-09-23 09:57:59+00:00,34.003998,-81.005208,101.8,9.7,0.5,116.49,8.0,3D,2025-09-23 05:57:59-04:00,POINT (-81.005208 34.003998)
2025-09-23 09:58:04 UTC,sensor03,218187713,19.09,85.66,2025-09-23 09:58:01+00:00,34.003933,-81.005048,102.9,7.18,0.5,118.49,8.0,3D,2025-09-23 05:58:01-04:00,POINT (-81.005048 34.003933)
2025-09-23 09:58:09 UTC,sensor03,218187713,18.93,85.46,2025-09-23 09:58:09+00:00,34.003557,-81.004985,108.3,6.98,0.4,184.97,8.0,3D,2025-09-23 05:58:09-04:00,POINT (-81.004985 34.003557)
2025-09-23 09:58:14 UTC,sensor03,218187713,18.82,85.7,2025-09-23 09:58:14+00:00,34.003165,-81.00504,109.4,9.56,-0.1,183.98,8.0,3D,2025-09-23 05:58:14-04:00,POINT (-81.00504 34.003165)
2025-09-23 09:58:19 UTC,sensor03,218187713,18.65,86.15,2025-09-23 09:58:19+00:00,34.002767,-81.005113,109.4,8.99,0.0,186.5,9.0,3D,2025-09-23 05:58:19-04:00,POINT (-81.005113 34.002767)
2025-09-23 09:58:24 UTC,sensor03,218187713,18.68,86.55,2025-09-23 09:58:24+00:00,34.002377,-81.005178,109.9,9.11,0.3,185.21,9.0,3D,2025-09-23 05:58:24-04:00,POINT (-81.005178 34.002377)
2025-09-23 09:58:29 UTC,sensor03,218187713,18.6,86.81,2025-09-23 09:58:29+00:00,34.00194,-81.005223,109.9,9.77,0.0,188.67,9.0,3D,2025-09-23 05:58:29-04:00,POINT (-81.005223 34.00194)
2025-09-23 09:58:34 UTC,sensor03,218187713,18.56,86.92,2025-09-23 09:58:34+00:00,34.001485,-81.005268,110.9,9.79,0.7,185.41,9.0,3D,2025-09-23 05:58:34-04:00,POINT (-81.005268 34.001485)
2025-09-23 09:58:39 UTC,sensor03,218187713,18.54,87.1,2025-09-23 09:58:39+00:00,34.001083,-81.005308,112.5,9.18,0.2,184.56,9.0,3D,2025-09-23 05:58:39-04:00,POINT (-81.005308 34.001083)
2025-09-23 09:58:45 UTC,sensor03,218187713,18.49,87.19,2025-09-23 09:58:44+00:00,34.000665,-81.005393,111.6,10.06,0.0,186.04,9.0,3D,2025-09-23 05:58:44-04:00,POINT (-81.005393 34.000665)
2025-09-23 09:58:50 UTC,sensor03,218187713,18.46,87.29,2025-09-23 09:58:49+00:00,34.000202,-81.005458,110.9,9.57,-0.3,187.14,9.0,3D,2025-09-23 05:58:49-04:00,POINT (-81.005458 34.000202)
2025-09-23 09:58:55 UTC,sensor03,218187713,18.46,87.37,2025-09-23 09:58:54+00:00,33.99989,-81.005488,109.8,5.06,0.0,179.86,9.0,3D,2025-09-23 05:58:54-04:00,POINT (-81.005488 33.99989)
2025-09-23 09:59:10 UTC,sensor03,218187713,18.56,87.28,2025-09-23 09:59:09+00:00,33.999743,-81.005455,112.2,3.78,0.4,191.58,9.0,3D,2025-09-23 05:59:09-04:00,POINT (-81.005455 33.999743)
2025-09-23 09:59:15 UTC,sensor03,218187713,18.55,87.32,2025-09-23 09:59:14+00:00,33.999448,-81.00549,113.7,7.76,0.3,189.55,10.0,3D,2025-09-23 05:59:14-04:00,POINT (-81.00549 33.999448)
2025-09-23 09:59:20 UTC,sensor03,218187713,18.66,87.02,2025-09-23 09:59:20+00:00,33.99892,-81.005538,114.6,9.62,0.1,0.0,10.0,3D,2025-09-23 05:59:20-04:00,POINT (-81.005538 33.99892)
2025-09-23 09:59:25 UTC,sensor03,218187713,18.73,86.74,2025-09-23 09:59:25+00:00,33.998595,-81.005587,115.7,6.17,0.2,0.0,10.0,3D,2025-09-23 05:59:25-04:00,POINT (-81.005587 33.998595)
2025-09-23 09:59:30 UTC,sensor03,218187713,18.8,86.42,2025-09-23 09:59:30+00:00,33.998273,-81.005612,116.5,7.43,0.1,0.0,10.0,3D,2025-09-23 05:59:30-04:00,POINT (-81.005612 33.998273)
2025-09-23 09:59:35 UTC,sensor03,218187713,18.73,86.5,2025-09-23 09:59:35+00:00,33.997887,-81.005642,116.8,9.07,0.1,0.0,10.0,3D,2025-09-23 05:59:35-04:00,POINT (-81.005642 33.997887)
2025-09-23 09:59:40 UTC,sensor03,218187713,18.79,86.8,2025-09-23 09:59:40+00:00,33.997488,-81.005673,117.5,8.07,0.1,181.66,10.0,3D,2025-09-23 05:59:40-04:00,POINT (-81.005673 33.997488)
2025-09-23 09:59:45 UTC,sensor03,218187713,18.69,87.1,2025-09-23 09:59:45+00:00,33.997207,-81.005695,118.3,4.99,0.2,181.59,10.0,3D,2025-09-23 05:59:45-04:00,POINT (-81.005695 33.997207)
2025-09-23 09:59:50 UTC,sensor03,218187713,18.68,87.29,2025-09-23 09:59:50+00:00,33.997013,-81.005683,118.8,3.56,0.2,184.24,10.0,3D,2025-09-23 05:59:50-04:00,POINT (-81.005683 33.997013)
2025-09-23 09:59:55 UTC,sensor03,218187713,18.7,87.44,2025-09-23 09:59:55+00:00,33.996773,-81.005718,120.2,6.28,0.2,185.32,10.0,3D,2025-09-23 05:59:55-04:00,POINT (-81.005718 33.996773)
2025-09-23 10:00:00 UTC,sensor03,218187713,18.58,87.34,2025-09-23 10:00:00+00:00,33.996397,-81.005747,119.7,7.97,-0.1,186.15,10.0,3D,2025-09-23 06:00:00-04:00,POINT (-81.005747 33.996397)
2025-09-23 10:00:05 UTC,sensor03,218187713,18.5,87.47,2025-09-23 10:00:02+00:00,33.996258,-81.005772,119.4,7.64,-0.3,190.75,10.0,3D,2025-09-23 06:00:02-04:00,POINT (-81.005772 33.996258)
2025-09-23 10:00:10 UTC,sensor03,218187713,18.47,87.61,2025-09-23 10:00:10+00:00,33.995732,-81.005827,117.7,5.4,-0.4,183.4,10.0,3D,2025-09-23 06:00:10-04:00,POINT (-81.005827 33.995732)
2025-09-23 10:00:25 UTC,sensor03,218187713,18.5,87.91,2025-09-23 10:00:25+00:00,33.99546,-81.005775,115.3,2.57,-0.1,130.63,10.0,3D,2025-09-23 06:00:25-04:00,POINT (-81.005775 33.99546)
2025-09-23 10:00:30 UTC,sensor03,218187713,18.33,88.05,2025-09-23 10:00:30+00:00,33.995392,-81.005578,114.0,4.62,-0.5,103.16,10.0,3D,2025-09-23 06:00:30-04:00,POINT (-81.005578 33.995392)
2025-09-23 10:00:35 UTC,sensor03,218187713,18.24,88.41,2025-09-23 10:00:35+00:00,33.995362,-81.005252,111.8,6.2,-0.3,92.05,11.0,3D,2025-09-23 06:00:35-04:00,POINT (-81.005252 33.995362)
2025-09-23 10:00:40 UTC,sensor03,218187713,18.23,88.79,2025-09-23 10:00:40+00:00,33.995315,-81.004888,112.1,6.26,0.1,89.99,11.0,3D,2025-09-23 06:00:40-04:00,POINT (-81.004888 33.995315)
2025-09-23 10:00:45 UTC,sensor03,218187713,18.2,88.87,2025-09-23 10:00:45+00:00,33.995297,-81.004567,111.1,6.14,-0.2,98.16,11.0,3D,2025-09-23 06:00:45-04:00,POINT (-81.004567 33.995297)
2025-09-23 10:00:50 UTC,sensor03,218187713,18.18,88.91,2025-09-23 10:00:50+00:00,33.995248,-81.004167,110.0,7.46,-0.2,94.67,11.0,3D,2025-09-23 06:00:50-04:00,POINT (-81.004167 33.995248)
2025-09-23 10:00:56 UTC,sensor03,218187713,18.27,88.82,2025-09-23 10:00:55+00:00,33.995233,-81.003803,106.2,5.26,-1.0,96.92,11.0,3D,2025-09-23 06:00:55-04:00,POINT (-81.003803 33.995233)
2025-09-23 10:01:16 UTC,sensor03,218187713,18.33,88.49,2025-09-23 10:01:15+00:00,33.995108,-81.003615,98.7,3.57,0.2,186.69,11.0,3D,2025-09-23 06:01:15-04:00,POINT (-81.003615 33.995108)
2025-09-23 10:01:21 UTC,sensor03,218187713,18.31,88.54,2025-09-23 10:01:20+00:00,33.994942,-81.003678,99.1,4.63,-0.1,191.03,11.0,3D,2025-09-23 06:01:20-04:00,POINT (-81.003678 33.994942)
2025-09-23 10:01:26 UTC,sensor03,218187713,18.27,88.67,2025-09-23 10:01:26+00:00,33.994622,-81.0037,98.9,7.61,0.1,0.0,11.0,3D,2025-09-23 06:01:26-04:00,POINT (-81.0037 33.994622)
2025-09-23 10:01:31 UTC,sensor03,218187713,18.2,88.88,2025-09-23 10:01:31+00:00,33.994323,-81.003708,98.6,5.23,-0.1,0.0,11.0,3D,2025-09-23 06:01:31-04:00,POINT (-81.003708 33.994323)
2025-09-23 10:01:51 UTC,sensor03,218187713,18.1,89.21,2025-09-23 10:01:51+00:00,33.994127,-81.003512,99.4,4.16,0.0,79.31,11.0,3D,2025-09-23 06:01:51-04:00,POINT (-81.003512 33.994127)
2025-09-23 10:01:56 UTC,sensor03,218187713,18.03,89.59,2025-09-23 10:01:56+00:00,33.994127,-81.00324,100.1,5.12,0.0,87.21,11.0,3D,2025-09-23 06:01:56-04:00,POINT (-81.00324 33.994127)
2025-09-23 10:02:01 UTC,sensor03,218187713,18.07,89.93,2025-09-23 10:02:01+00:00,33.994052,-81.002835,100.9,7.22,0.1,95.94,11.0,3D,2025-09-23 06:02:01-04:00,POINT (-81.002835 33.994052)
2025-09-23 10:02:06 UTC,sensor03,218187713,18.04,89.69,2025-09-23 10:02:02+00:00,33.994027,-81.002748,101.1,7.09,0.2,99.87,11.0,3D,2025-09-23 06:02:02-04:00,POINT (-81.002748 33.994027)
2025-09-23 10:02:11 UTC,sensor03,218187713,18.11,89.67,2025-09-23 10:02:02+00:00,33.994027,-81.002748,101.1,7.09,0.2,99.87,11.0,3D,2025-09-23 06:02:02-04:00,POINT (-81.002748 33.994027)
2025-09-23 10:02:16 UTC,sensor03,218187713,18.07,89.58,2025-09-23 10:02:16+00:00,33.993948,-81.00179,101.5,5.03,-0.1,95.75,11.0,3D,2025-09-23 06:02:16-04:00,POINT (-81.00179 33.993948)
2025-09-23 10:02:21 UTC,sensor03,218187713,18.1,89.53,2025-09-23 10:02:21+00:00,33.993955,-81.001538,99.8,4.13,-0.4,84.83,11.0,3D,2025-09-23 06:02:21-04:00,POINT (-81.001538 33.993955)
2025-09-23 10:02:26 UTC,sensor03,218187713,18.03,89.66,2025-09-23 10:02:26+00:00,33.993995,-81.001262,97.3,5.33,-0.8,86.35,11.0,3D,2025-09-23 06:02:26-04:00,POINT (-81.001262 33.993995)
2025-09-23 10:02:31 UTC,sensor03,218187713,18.08,89.91,2025-09-23 10:02:31+00:00,33.994015,-81.00092,92.8,6.77,-1.3,86.52,11.0,3D,2025-09-23 06:02:31-04:00,POINT (-81.00092 33.994015)
2025-09-23 10:02:36 UTC,sensor03,218187713,18.1,89.75,2025-09-23 10:02:36+00:00,33.994008,-81.000577,89.3,4.32,-0.5,101.45,11.0,3D,2025-09-23 06:02:36-04:00,POINT (-81.000577 33.994008)
2025-09-23 10:02:46 UTC,sensor03,218187713,18.08,89.5,2025-09-23 10:02:46+00:00,33.993898,-81.00041,84.6,2.78,-0.9,163.85,11.0,3D,2025-09-23 06:02:46-04:00,POINT (-81.00041 33.993898)
2025-09-23 10:02:51 UTC,sensor03,218187713,17.98,89.63,2025-09-23 10:02:51+00:00,33.993682,-81.000402,85.9,4.85,0.1,189.16,11.0,3D,2025-09-23 06:02:51-04:00,POINT (-81.000402 33.993682)
2025-09-23 10:02:57 UTC,sensor03,218187713,17.94,89.83,2025-09-23 10:02:56+00:00,33.993415,-81.000382,90.0,5.95,0.4,186.84,11.0,3D,2025-09-23 06:02:56-04:00,POINT (-81.000382 33.993415)
2025-09-23 10:03:02 UTC,sensor03,218187713,17.89,90.0,2025-09-23 10:03:01+00:00,33.993077,-81.00037,92.1,6.62,0.2,178.55,11.0,3D,2025-09-23 06:03:01-04:00,POINT (-81.00037 33.993077)
2025-09-23 10:03:07 UTC,sensor03,218187713,17.92,90.05,2025-09-23 10:03:06+00:00,33.99287,-81.000367,93.4,2.43,0.3,176.22,11.0,3D,2025-09-23 06:03:06-04:00,POINT (-81.000367 33.99287)
2025-09-23 10:03:22 UTC,sensor03,218187713,18.05,90.15,2025-09-23 10:03:21+00:00,33.992753,-81.000365,95.4,2.35,0.1,203.27,11.0,3D,2025-09-23 06:03:21-04:00,POINT (-81.000365 33.992753)
2025-09-23 10:03:27 UTC,sensor03,218187713,18.01,89.87,2025-09-23 10:03:26+00:00,33.99272,-81.00052,97.1,3.79,0.2,257.34,11.0,3D,2025-09-23 06:03:26-04:00,POINT (-81.00052 33.99272)
2025-09-23 10:03:32 UTC,sensor03,218187713,18.08,89.75,2025-09-23 10:03:31+00:00,33.992765,-81.000828,98.4,6.03,0.3,274.15,11.0,3D,2025-09-23 06:03:31-04:00,POINT (-81.000828 33.992765)
2025-09-23 10:03:37 UTC,sensor03,218187713,18.03,89.89,2025-09-23 10:03:37+00:00,33.99282,-81.001253,97.9,6.28,0.0,0.0,11.0,3D,2025-09-23 06:03:37-04:00,POINT (-81.001253 33.99282)
2025-09-23 10:03:42 UTC,sensor03,218187713,18.09,89.94,2025-09-23 10:03:42+00:00,33.99286,-81.001603,98.8,6.18,0.4,0.0,11.0,3D,2025-09-23 06:03:42-04:00,POINT (-81.001603 33.99286)
2025-09-23 10:03:47 UTC,sensor03,218187713,18.09,89.81,2025-09-23 10:03:47+00:00,33.992877,-81.001943,100.4,6.05,0.3,0.0,11.0,3D,2025-09-23 06:03:47-04:00,POINT (-81.001943 33.992877)
2025-09-23 10:03:52 UTC,sensor03,218187713,18.08,89.86,2025-09-23 10:03:52+00:00,33.992895,-81.002325,103.1,6.66,0.5,275.09,11.0,3D,2025-09-23 06:03:52-04:00,POINT (-81.002325 33.992895)
2025-09-23 10:03:57 UTC,sensor03,218187713,18.06,89.84,2025-09-23 10:03:57+00:00,33.992918,-81.002708,104.7,7.01,0.3,273.62,11.0,3D,2025-09-23 06:03:57-04:00,POINT (-81.002708 33.992918)
2025-09-23 10:04:02 UTC,sensor03,218187713,17.96,89.9,2025-09-23 10:04:02+00:00,33.992935,-81.003108,105.8,7.23,0.2,273.92,11.0,3D,2025-09-23 06:04:02-04:00,POINT (-81.003108 33.992935)
2025-09-23 10:04:07 UTC,sensor03,218187713,17.91,90.14,2025-09-23 10:04:02+00:00,33.992935,-81.003108,105.8,7.23,0.2,273.92,11.0,3D,2025-09-23 06:04:02-04:00,POINT (-81.003108 33.992935)
2025-09-23 10:05:33 UTC,sensor03,218187713,18.21,88.99,2025-09-23 10:05:33+00:00,33.993073,-81.003953,112.2,4.98,0.0,0.0,11.0,3D,2025-09-23 06:05:33-04:00,POINT (-81.003953 33.993073)
2025-09-23 10:05:38 UTC,sensor03,218187713,18.09,89.4,2025-09-23 10:05:38+00:00,33.993058,-81.004257,111.5,7.25,-0.1,0.0,11.0,3D,2025-09-23 06:05:38-04:00,POINT (-81.004257 33.993058)
2025-09-23 10:05:43 UTC,sensor03,218187713,18.04,89.65,2025-09-23 10:05:43+00:00,33.993105,-81.004668,109.9,7.14,-0.5,0.0,11.0,3D,2025-09-23 06:05:43-04:00,POINT (-81.004668 33.993105)
2025-09-23 10:05:48 UTC,sensor03,218187713,18.03,89.91,2025-09-23 10:05:48+00:00,33.99317,-81.005143,108.4,9.29,-0.7,0.0,11.0,3D,2025-09-23 06:05:48-04:00,POINT (-81.005143 33.99317)
2025-09-23 10:05:53 UTC,sensor03,218187713,18.0,89.81,2025-09-23 10:05:53+00:00,33.993217,-81.005572,104.1,7.87,-0.3,0.0,4.0,3D,2025-09-23 06:05:53-04:00,POINT (-81.005572 33.993217)
2025-09-23 10:05:58 UTC,sensor03,218187713,17.94,89.99,2025-09-23 10:05:58+00:00,33.99322,-81.005885,100.0,3.41,-0.7,0.0,4.0,3D,2025-09-23 06:05:58-04:00,POINT (-81.005885 33.99322)
2025-09-23 10:06:13 UTC,sensor03,218187713,17.89,90.27,2025-09-23 10:06:13+00:00,33.993593,-81.00597,95.5,6.87,-0.2,0.0,11.0,3D,2025-09-23 06:06:13-04:00,POINT (-81.00597 33.993593)
2025-09-23 10:06:18 UTC,sensor03,218187713,17.95,90.55,2025-09-23 10:06:18+00:00,33.993905,-81.00593,94.9,6.91,-0.1,10.71,11.0,3D,2025-09-23 06:06:18-04:00,POINT (-81.00593 33.993905)
2025-09-23 10:06:23 UTC,sensor03,218187713,17.96,90.56,2025-09-23 10:06:23+00:00,33.994263,-81.00589,92.9,7.7,-0.2,1.78,11.0,3D,2025-09-23 06:06:23-04:00,POINT (-81.00589 33.994263)
2025-09-23 10:06:28 UTC,sensor03,218187713,17.93,90.33,2025-09-23 10:06:28+00:00,33.994618,-81.005873,92.7,7.56,0.3,5.12,11.0,3D,2025-09-23 06:06:28-04:00,POINT (-81.005873 33.994618)
2025-09-23 10:06:33 UTC,sensor03,218187713,17.92,90.48,2025-09-23 10:06:33+00:00,33.994973,-81.005827,89.9,7.49,-0.4,0.71,11.0,3D,2025-09-23 06:06:33-04:00,POINT (-81.005827 33.994973)
2025-09-23 10:06:38 UTC,sensor03,218187713,17.93,90.49,2025-09-23 10:06:38+00:00,33.995272,-81.005812,90.3,5.08,0.2,359.7,11.0,3D,2025-09-23 06:06:38-04:00,POINT (-81.005812 33.995272)
2025-09-23 10:07:19 UTC,sensor03,218187713,18.04,90.52,2025-09-23 10:07:18+00:00,33.995437,-81.005618,91.2,4.41,0.0,82.6,11.0,3D,2025-09-23 06:07:18-04:00,POINT (-81.005618 33.995437)
2025-09-23 10:07:24 UTC,sensor03,218187713,18.04,90.38,2025-09-23 10:07:23+00:00,33.995418,-81.005303,91.6,6.11,0.1,95.15,11.0,3D,2025-09-23 06:07:23-04:00,POINT (-81.005303 33.995418)
2025-09-23 10:07:29 UTC,sensor03,218187713,18.1,90.37,2025-09-23 10:07:28+00:00,33.995387,-81.004932,92.5,7.58,0.3,93.16,11.0,3D,2025-09-23 06:07:28-04:00,POINT (-81.004932 33.995387)
2025-09-23 10:07:34 UTC,sensor03,218187713,18.11,90.13,2025-09-23 10:07:33+00:00,33.995372,-81.004458,93.9,8.91,0.2,96.47,11.0,3D,2025-09-23 06:07:33-04:00,POINT (-81.004458 33.995372)
2025-09-23 10:07:39 UTC,sensor03,218187713,17.98,89.89,2025-09-23 10:07:38+00:00,33.995322,-81.003957,94.1,8.22,0.0,93.51,11.0,3D,2025-09-23 06:07:38-04:00,POINT (-81.003957 33.995322)
2025-09-23 10:07:49 UTC,sensor03,218187713,18.21,89.8,2025-09-23 10:07:49+00:00,33.9952,-81.003575,93.6,3.36,0.0,0.0,11.0,3D,2025-09-23 06:07:49-04:00,POINT (-81.003575 33.9952)
2025-09-23 10:07:54 UTC,sensor03,218187713,18.2,89.56,2025-09-23 10:07:54+00:00,33.994942,-81.003625,94.0,6.88,0.0,0.0,11.0,3D,2025-09-23 06:07:54-04:00,POINT (-81.003625 33.994942)
2025-09-23 10:07:59 UTC,sensor03,218187713,18.23,89.52,2025-09-23 10:07:59+00:00,33.994608,-81.003677,93.7,7.13,0.1,0.0,11.0,3D,2025-09-23 06:07:59-04:00,POINT (-81.003677 33.994608)
2025-09-23 10:08:04 UTC,sensor03,218187713,18.17,89.55,2025-09-23 10:08:03+00:00,33.994377,-81.003703,93.8,4.69,0.1,188.26,11.0,3D,2025-09-23 06:08:03-04:00,POINT (-81.003703 33.994377)
2025-09-23 10:08:09 UTC,sensor03,218187713,18.19,89.54,2025-09-23 10:08:03+00:00,33.994377,-81.003703,93.8,4.69,0.1,188.26,11.0,3D,2025-09-23 06:08:03-04:00,POINT (-81.003703 33.994377)
2025-09-23 10:08:24 UTC,sensor03,218187713,18.31,89.54,2025-09-23 10:08:24+00:00,33.994175,-81.003678,94.2,3.55,0.3,132.09,11.0,3D,2025-09-23 06:08:24-04:00,POINT (-81.003678 33.994175)
2025-09-23 10:08:29 UTC,sensor03,218187713,18.11,89.56,2025-09-23 10:08:29+00:00,33.994138,-81.003415,94.4,5.51,0.0,94.19,11.0,3D,2025-09-23 06:08:29-04:00,POINT (-81.003415 33.994138)
2025-09-23 10:08:34 UTC,sensor03,218187713,18.01,90.13,2025-09-23 10:08:34+00:00,33.994127,-81.003035,94.4,7.56,0.0,91.82,11.0,3D,2025-09-23 06:08:34-04:00,POINT (-81.003035 33.994127)
2025-09-23 10:08:39 UTC,sensor03,218187713,18.01,90.14,2025-09-23 10:08:39+00:00,33.994107,-81.00261,93.8,7.03,0.0,96.81,11.0,3D,2025-09-23 06:08:39-04:00,POINT (-81.00261 33.994107)
2025-09-23 10:08:44 UTC,sensor03,218187713,17.94,90.09,2025-09-23 10:08:44+00:00,33.994062,-81.002238,93.7,7.05,-0.2,94.18,11.0,3D,2025-09-23 06:08:44-04:00,POINT (-81.002238 33.994062)
2025-09-23 10:08:49 UTC,sensor03,218187713,17.94,90.11,2025-09-23 10:08:49+00:00,33.994015,-81.001862,94.3,6.64,0.2,95.74,11.0,3D,2025-09-23 06:08:49-04:00,POINT (-81.001862 33.994015)
2025-09-23 10:08:54 UTC,sensor03,218187713,17.96,90.14,2025-09-23 10:08:54+00:00,33.993975,-81.001457,95.5,7.5,0.7,95.7,11.0,3D,2025-09-23 06:08:54-04:00,POINT (-81.001457 33.993975)
2025-09-23 10:08:59 UTC,sensor03,218187713,17.94,90.29,2025-09-23 10:08:59+00:00,33.993933,-81.001005,96.4,8.22,0.1,95.17,11.0,3D,2025-09-23 06:08:59-04:00,POINT (-81.001005 33.993933)
2025-09-23 10:09:05 UTC,sensor03,218187713,18.06,90.49,2025-09-23 10:09:04+00:00,33.993888,-81.000565,96.2,6.56,0.0,97.95,11.0,3D,2025-09-23 06:09:04-04:00,POINT (-81.000565 33.993888)
2025-09-23 10:09:15 UTC,sensor03,218187713,18.16,90.03,2025-09-23 10:09:14+00:00,33.993822,-81.00029,96.6,2.58,-0.2,155.26,11.0,3D,2025-09-23 06:09:14-04:00,POINT (-81.00029 33.993822)
2025-09-23 10:09:20 UTC,sensor03,218187713,18.11,89.93,2025-09-23 10:09:19+00:00,33.993623,-81.00028,98.0,4.63,0.3,188.08,11.0,3D,2025-09-23 06:09:19-04:00,POINT (-81.00028 33.993623)
2025-09-23 10:09:25 UTC,sensor03,218187713,18.01,89.97,2025-09-23 10:09:24+00:00,33.99334,-81.000297,99.5,7.23,0.5,184.98,11.0,3D,2025-09-23 06:09:24-04:00,POINT (-81.000297 33.99334)
2025-09-23 10:09:30 UTC,sensor03,218187713,17.92,90.21,2025-09-23 10:09:29+00:00,33.993023,-81.00033,100.1,6.51,0.1,186.18,11.0,3D,2025-09-23 06:09:29-04:00,POINT (-81.00033 33.993023)
2025-09-23 10:09:35 UTC,sensor03,218187713,17.91,90.31,2025-09-23 10:09:34+00:00,33.992813,-81.00034,101.0,3.55,0.0,175.24,11.0,3D,2025-09-23 06:09:34-04:00,POINT (-81.00034 33.992813)
2025-09-23 10:09:40 UTC,sensor03,218187713,17.92,90.34,2025-09-23 10:09:40+00:00,33.992652,-81.000322,101.2,4.66,0.0,0.0,11.0,3D,2025-09-23 06:09:40-04:00,POINT (-81.000322 33.992652)
2025-09-23 10:09:45 UTC,sensor03,218187713,17.93,90.31,2025-09-23 10:09:45+00:00,33.992473,-81.000305,101.3,2.52,-0.1,0.0,11.0,3D,2025-09-23 06:09:45-04:00,POINT (-81.000305 33.992473)
2025-09-23 10:09:50 UTC,sensor03,218187713,17.97,90.27,2025-09-23 10:09:50+00:00,33.99242,-81.000115,101.5,5.62,-0.1,106.37,11.0,3D,2025-09-23 06:09:50-04:00,POINT (-81.000115 33.99242)
2025-09-23 10:09:55 UTC,sensor03,218187713,17.93,90.18,2025-09-23 10:09:55+00:00,33.99241,-80.999752,101.0,6.84,-0.3,91.45,11.0,3D,2025-09-23 06:09:55-04:00,POINT (-80.999752 33.99241)
2025-09-23 10:10:00 UTC,sensor03,218187713,17.86,90.28,2025-09-23 10:10:00+00:00,33.992412,-80.999318,98.7,7.25,-0.3,92.65,11.0,3D,2025-09-23 06:10:00-04:00,POINT (-80.999318 33.992412)
2025-09-23 10:10:05 UTC,sensor03,218187713,17.87,90.33,2025-09-23 10:10:04+00:00,33.992395,-80.999092,97.1,3.08,-0.1,107.88,11.0,3D,2025-09-23 06:10:04-04:00,POINT (-80.999092 33.992395)
2025-09-23 10:10:10 UTC,sensor03,218187713,17.92,90.35,2025-09-23 10:10:04+00:00,33.992395,-80.999092,97.1,3.08,-0.1,107.88,11.0,3D,2025-09-23 06:10:04-04:00,POINT (-80.999092 33.992395)
2025-09-23 10:10:15 UTC,sensor03,218187713,18.02,90.23,2025-09-23 10:10:15+00:00,33.992192,-80.999055,98.4,4.57,0.3,192.01,10.0,3D,2025-09-23 06:10:15-04:00,POINT (-80.999055 33.992192)
2025-09-23 10:10:20 UTC,sensor03,218187713,18.05,90.12,2025-09-23 10:10:20+00:00,33.991915,-80.999087,98.3,6.32,-0.3,188.1,11.0,3D,2025-09-23 06:10:20-04:00,POINT (-80.999087 33.991915)
2025-09-23 10:10:25 UTC,sensor03,218187713,17.93,90.3,2025-09-23 10:10:25+00:00,33.991595,-80.999102,97.6,6.9,0.0,180.98,11.0,3D,2025-09-23 06:10:25-04:00,POINT (-80.999102 33.991595)
2025-09-23 10:10:30 UTC,sensor03,218187713,17.92,90.39,2025-09-23 10:10:30+00:00,33.991373,-80.999087,96.2,2.82,-0.6,171.9,12.0,3D,2025-09-23 06:10:30-04:00,POINT (-80.999087 33.991373)
2025-09-23 10:10:35 UTC,sensor03,218187713,17.94,90.52,2025-09-23 10:10:35+00:00,33.991308,-80.999062,95.7,3.06,-0.1,155.46,12.0,3D,2025-09-23 06:10:35-04:00,POINT (-80.999062 33.991308)
2025-09-23 10:10:40 UTC,sensor03,218187713,17.98,90.42,2025-09-23 10:10:40+00:00,33.991267,-80.998865,95.2,4.84,0.2,94.73,12.0,3D,2025-09-23 06:10:40-04:00,POINT (-80.998865 33.991267)
2025-09-23 10:10:45 UTC,sensor03,218187713,17.88,90.33,2025-09-23 10:10:45+00:00,33.991248,-80.998485,95.9,8.11,0.1,93.73,11.0,3D,2025-09-23 06:10:45-04:00,POINT (-80.998485 33.991248)
2025-09-23 10:10:50 UTC,sensor03,218187713,17.8,90.54,2025-09-23 10:10:50+00:00,33.991243,-80.998012,97.1,8.57,0.2,92.05,12.0,3D,2025-09-23 06:10:50-04:00,POINT (-80.998012 33.991243)
2025-09-23 10:10:56 UTC,sensor03,218187713,17.85,90.76,2025-09-23 10:10:52+00:00,33.991245,-80.997825,96.1,8.36,-0.7,95.7,12.0,3D,2025-09-23 06:10:52-04:00,POINT (-80.997825 33.991245)
2025-09-23 10:11:01 UTC,sensor03,218187713,17.78,90.87,2025-09-23 10:11:00+00:00,33.991162,-80.997027,91.9,8.87,-0.3,94.99,12.0,3D,2025-09-23 06:11:00-04:00,POINT (-80.997027 33.991162)
2025-09-23 10:11:06 UTC,sensor03,218187713,17.73,90.89,2025-09-23 10:11:05+00:00,33.991118,-80.996548,90.7,9.07,-0.2,97.6,12.0,3D,2025-09-23 06:11:05-04:00,POINT (-80.996548 33.991118)
2025-09-23 10:11:11 UTC,sensor03,218187713,17.63,91.09,2025-09-23 10:11:10+00:00,33.991093,-80.99611,90.8,7.12,-0.3,90.77,12.0,3D,2025-09-23 06:11:10-04:00,POINT (-80.99611 33.991093)
2025-09-23 10:11:16 UTC,sensor03,218187713,17.68,91.34,2025-09-23 10:11:15+00:00,33.991045,-80.995708,91.4,7.08,0.3,96.2,12.0,3D,2025-09-23 06:11:15-04:00,POINT (-80.995708 33.991045)
2025-09-23 10:11:21 UTC,sensor03,218187713,17.78,91.47,2025-09-23 10:11:20+00:00,33.990997,-80.995318,92.8,7.8,0.4,96.84,12.0,3D,2025-09-23 06:11:20-04:00,POINT (-80.995318 33.990997)
2025-09-23 10:11:26 UTC,sensor03,218187713,17.79,91.24,2025-09-23 10:11:22+00:00,33.990975,-80.995138,93.0,8.2,0.1,94.58,12.0,3D,2025-09-23 06:11:22-04:00,POINT (-80.995138 33.990975)
2025-09-23 10:11:31 UTC,sensor03,218187713,17.81,91.24,2025-09-23 10:11:31+00:00,33.990928,-80.994367,94.4,5.36,0.1,92.7,12.0,3D,2025-09-23 06:11:31-04:00,POINT (-80.994367 33.990928)
2025-09-23 10:11:36 UTC,sensor03,218187713,17.82,91.1,2025-09-23 10:11:36+00:00,33.990948,-80.994168,96.0,3.1,0.4,100.19,12.0,3D,2025-09-23 06:11:36-04:00,POINT (-80.994168 33.990948)
2025-09-23 10:11:41 UTC,sensor03,218187713,17.91,91.0,2025-09-23 10:11:41+00:00,33.990995,-80.994032,97.3,3.35,0.2,88.69,10.0,3D,2025-09-23 06:11:41-04:00,POINT (-80.994032 33.990995)
2025-09-23 10:11:46 UTC,sensor03,218187713,17.99,90.74,2025-09-23 10:11:46+00:00,33.99092,-80.993667,97.1,6.27,-0.3,96.37,11.0,3D,2025-09-23 06:11:46-04:00,POINT (-80.993667 33.99092)
2025-09-23 10:11:51 UTC,sensor03,218187713,18.03,90.36,2025-09-23 10:11:51+00:00,33.990885,-80.99321,96.9,9.15,0.2,96.45,11.0,3D,2025-09-23 06:11:51-04:00,POINT (-80.99321 33.990885)
2025-09-23 10:11:56 UTC,sensor03,218187713,18.14,90.05,2025-09-23 10:11:56+00:00,33.99085,-80.992762,97.7,7.74,-0.2,95.53,11.0,3D,2025-09-23 06:11:56-04:00,POINT (-80.992762 33.99085)
2025-09-23 10:12:01 UTC,sensor03,218187713,18.13,89.84,2025-09-23 10:12:01+00:00,33.99093,-80.992607,98.6,3.69,0.2,24.62,11.0,3D,2025-09-23 06:12:01-04:00,POINT (-80.992607 33.99093)
2025-09-23 10:12:06 UTC,sensor03,218187713,18.18,89.79,2025-09-23 10:12:04+00:00,33.991045,-80.992592,98.9,4.59,0.1,358.82,11.0,3D,2025-09-23 06:12:04-04:00,POINT (-80.992592 33.991045)
2025-09-23 10:12:11 UTC,sensor03,218187713,18.21,89.48,2025-09-23 10:12:11+00:00,33.991438,-80.992483,98.5,7.29,-0.1,5.28,11.0,3D,2025-09-23 06:12:11-04:00,POINT (-80.992483 33.991438)
2025-09-23 10:12:16 UTC,sensor03,218187713,18.19,89.28,2025-09-23 10:12:16+00:00,33.991743,-80.992425,98.3,5.96,-0.2,2.16,11.0,3D,2025-09-23 06:12:16-04:00,POINT (-80.992425 33.991743)
2025-09-23 10:12:26 UTC,sensor03,218187713,18.2,89.18,2025-09-23 10:12:26+00:00,33.991945,-80.992338,97.9,2.94,0.0,49.55,11.0,3D,2025-09-23 06:12:26-04:00,POINT (-80.992338 33.991945)
2025-09-23 10:12:31 UTC,sensor03,218187713,18.24,89.45,2025-09-23 10:12:31+00:00,33.991972,-80.992078,98.0,5.24,0.0,86.79,11.0,3D,2025-09-23 06:12:31-04:00,POINT (-80.992078 33.991972)
2025-09-23 10:12:36 UTC,sensor03,218187713,18.21,89.11,2025-09-23 10:12:36+00:00,33.991968,-80.991833,97.8,4.74,0.0,96.86,11.0,3D,2025-09-23 06:12:36-04:00,POINT (-80.991833 33.991968)
2025-09-23 10:12:41 UTC,sensor03,218187713,18.17,89.05,2025-09-23 10:12:41+00:00,33.991968,-80.991492,97.3,6.84,0.1,99.51,11.0,3D,2025-09-23 06:12:41-04:00,POINT (-80.991492 33.991968)
2025-09-23 10:12:47 UTC,sensor03,218187713,18.14,89.08,2025-09-23 10:12:46+00:00,33.99192,-80.991107,98.6,6.04,0.6,90.96,11.0,3D,2025-09-23 06:12:46-04:00,POINT (-80.991107 33.99192)
2025-09-23 10:13:02 UTC,sensor03,218187713,18.19,89.06,2025-09-23 10:13:01+00:00,33.991655,-80.990903,102.1,6.19,0.1,189.07,11.0,3D,2025-09-23 06:13:01-04:00,POINT (-80.990903 33.991655)
2025-09-23 10:13:07 UTC,sensor03,218187713,18.31,89.03,2025-09-23 10:13:06+00:00,33.991318,-80.99092,103.0,7.6,0.1,187.71,11.0,3D,2025-09-23 06:13:06-04:00,POINT (-80.99092 33.991318)
2025-09-23 10:13:12 UTC,sensor03,218187713,18.29,88.76,2025-09-23 10:13:11+00:00,33.991028,-80.99096,103.2,5.74,-0.1,186.67,11.0,3D,2025-09-23 06:13:11-04:00,POINT (-80.99096 33.991028)
2025-09-23 10:13:17 UTC,sensor03,218187713,18.29,88.65,2025-09-23 10:13:16+00:00,33.990848,-80.990997,103.4,2.61,0.0,180.91,11.0,3D,2025-09-23 06:13:16-04:00,POINT (-80.990997 33.990848)
2025-09-23 10:13:22 UTC,sensor03,218187713,18.3,88.62,2025-09-23 10:13:22+00:00,33.990723,-80.99093,102.1,4.38,-0.3,0.0,11.0,3D,2025-09-23 06:13:22-04:00,POINT (-80.99093 33.990723)
2025-09-23 10:13:27 UTC,sensor03,218187713,18.2,88.76,2025-09-23 10:13:27+00:00,33.990678,-80.990723,102.1,4.53,0.0,0.0,11.0,3D,2025-09-23 06:13:27-04:00,POINT (-80.990723 33.990678)
2025-09-23 10:13:32 UTC,sensor03,218187713,18.15,88.82,2025-09-23 10:13:32+00:00,33.990633,-80.990368,100.7,6.97,-0.1,0.0,10.0,3D,2025-09-23 06:13:32-04:00,POINT (-80.990368 33.990633)
2025-09-23 10:13:37 UTC,sensor03,218187713,18.16,88.98,2025-09-23 10:13:37+00:00,33.990587,-80.990045,99.9,4.73,-0.9,99.03,11.0,3D,2025-09-23 06:13:37-04:00,POINT (-80.990045 33.990587)
2025-09-23 10:13:47 UTC,sensor03,218187713,18.05,89.03,2025-09-23 10:13:47+00:00,33.99042,-80.989922,99.8,3.78,-0.3,195.61,11.0,3D,2025-09-23 06:13:47-04:00,POINT (-80.989922 33.99042)
2025-09-23 10:13:52 UTC,sensor03,218187713,17.99,89.29,2025-09-23 10:13:52+00:00,33.990078,-80.989913,98.2,7.1,-0.1,186.65,10.0,3D,2025-09-23 06:13:52-04:00,POINT (-80.989913 33.990078)
2025-09-23 10:13:57 UTC,sensor03,218187713,17.94,89.62,2025-09-23 10:13:57+00:00,33.989702,-80.989907,95.2,8.14,0.0,182.92,11.0,3D,2025-09-23 06:13:57-04:00,POINT (-80.989907 33.989702)
2025-09-23 10:14:02 UTC,sensor03,218187713,17.84,89.91,2025-09-23 10:14:02+00:00,33.989348,-80.9899,93.5,7.39,-0.3,180.23,11.0,3D,2025-09-23 06:14:02-04:00,POINT (-80.9899 33.989348)
2025-09-23 10:14:07 UTC,sensor03,218187713,17.81,90.27,2025-09-23 10:14:05+00:00,33.989168,-80.989895,92.3,5.9,-0.6,184.88,11.0,3D,2025-09-23 06:14:05-04:00,POINT (-80.989895 33.989168)
2025-09-23 10:14:17 UTC,sensor03,218187713,17.87,90.4,2025-09-23 10:14:17+00:00,33.988908,-80.989778,88.9,4.55,-0.3,110.24,11.0,3D,2025-09-23 06:14:17-04:00,POINT (-80.989778 33.988908)
2025-09-23 10:14:22 UTC,sensor03,218187713,17.83,90.64,2025-09-23 10:14:22+00:00,33.988892,-80.989375,85.8,7.56,-0.6,87.44,11.0,3D,2025-09-23 06:14:22-04:00,POINT (-80.989375 33.988892)
2025-09-23 10:14:27 UTC,sensor03,218187713,17.95,90.79,2025-09-23 10:14:27+00:00,33.988862,-80.98896,82.6,7.35,-0.5,92.48,11.0,3D,2025-09-23 06:14:27-04:00,POINT (-80.98896 33.988862)
2025-09-23 10:14:37 UTC,sensor03,218187713,18.08,90.69,2025-09-23 10:14:37+00:00,33.98884,-80.988633,81.2,4.16,0.0,92.23,11.0,3D,2025-09-23 06:14:37-04:00,POINT (-80.988633 33.98884)
2025-09-23 10:14:43 UTC,sensor03,218187713,18.05,90.48,2025-09-23 10:14:42+00:00,33.988823,-80.988358,81.0,6.29,-0.1,98.4,11.0,3D,2025-09-23 06:14:42-04:00,POINT (-80.988358 33.988823)
2025-09-23 10:14:48 UTC,sensor03,218187713,17.94,90.35,2025-09-23 10:14:47+00:00,33.988807,-80.987992,81.0,7.31,0.1,93.87,12.0,3D,2025-09-23 06:14:47-04:00,POINT (-80.987992 33.988807)
2025-09-23 10:14:53 UTC,sensor03,218187713,17.82,90.58,2025-09-23 10:14:52+00:00,33.988812,-80.987527,80.7,9.1,-0.2,89.52,12.0,3D,2025-09-23 06:14:52-04:00,POINT (-80.987527 33.988812)
2025-09-23 10:14:58 UTC,sensor03,218187713,17.69,91.1,2025-09-23 10:14:57+00:00,33.988808,-80.986993,79.2,9.41,-0.2,90.68,12.0,3D,2025-09-23 06:14:57-04:00,POINT (-80.986993 33.988808)
2025-09-23 10:15:03 UTC,sensor03,218187713,17.68,91.6,2025-09-23 10:15:02+00:00,33.988795,-80.986543,79.0,8.0,-0.1,91.2,12.0,3D,2025-09-23 06:15:02-04:00,POINT (-80.986543 33.988795)
2025-09-23 10:15:08 UTC,sensor03,218187713,17.62,92.05,2025-09-23 10:15:07+00:00,33.988767,-80.986087,78.3,8.65,-0.2,94.46,12.0,3D,2025-09-23 06:15:07-04:00,POINT (-80.986087 33.988767)
2025-09-23 10:15:13 UTC,sensor03,218187713,17.6,92.31,2025-09-23 10:15:13+00:00,33.988717,-80.9856,77.1,6.82,-0.2,0.0,12.0,3D,2025-09-23 06:15:13-04:00,POINT (-80.9856 33.988717)
2025-09-23 10:15:23 UTC,sensor03,218187713,17.64,92.55,2025-09-23 10:15:23+00:00,33.988768,-80.985393,77.4,3.66,0.1,0.0,12.0,3D,2025-09-23 06:15:23-04:00,POINT (-80.985393 33.988768)
2025-09-23 10:15:28 UTC,sensor03,218187713,17.68,92.63,2025-09-23 10:15:28+00:00,33.988982,-80.985295,77.5,6.15,-0.1,0.0,4.0,3D,2025-09-23 06:15:28-04:00,POINT (-80.985295 33.988982)
2025-09-23 10:15:33 UTC,sensor03,218187713,17.62,92.49,2025-09-23 10:15:33+00:00,33.989282,-80.985218,78.2,7.41,0.0,0.0,8.0,3D,2025-09-23 06:15:33-04:00,POINT (-80.985218 33.989282)
2025-09-23 10:15:38 UTC,sensor03,218187713,17.69,92.51,2025-09-23 10:15:38+00:00,33.989618,-80.985143,78.4,7.66,-0.2,0.0,8.0,3D,2025-09-23 06:15:38-04:00,POINT (-80.985143 33.989618)
2025-09-23 10:15:43 UTC,sensor03,218187713,17.68,92.39,2025-09-23 10:15:43+00:00,33.989878,-80.985075,78.6,4.25,0.0,0.0,12.0,3D,2025-09-23 06:15:43-04:00,POINT (-80.985075 33.989878)
2025-09-23 10:15:48 UTC,sensor03,218187713,17.75,92.24,2025-09-23 10:15:48+00:00,33.989922,-80.984915,77.8,4.02,-0.2,0.0,12.0,3D,2025-09-23 06:15:48-04:00,POINT (-80.984915 33.989922)
2025-09-23 10:15:53 UTC,sensor03,218187713,17.84,92.34,2025-09-23 10:15:53+00:00,33.989877,-80.984572,77.6,6.36,0.1,96.29,12.0,3D,2025-09-23 06:15:53-04:00,POINT (-80.984572 33.989877)
2025-09-23 10:15:58 UTC,sensor03,218187713,17.84,92.26,2025-09-23 10:15:58+00:00,33.989805,-80.984158,76.4,7.22,-0.4,97.45,12.0,3D,2025-09-23 06:15:58-04:00,POINT (-80.984158 33.989805)
2025-09-23 10:16:03 UTC,sensor03,218187713,17.75,92.27,2025-09-23 10:16:03+00:00,33.989765,-80.9838,75.6,6.07,-0.1,94.75,12.0,3D,2025-09-23 06:16:03-04:00,POINT (-80.9838 33.989765)
2025-09-23 10:16:08 UTC,sensor03,218187713,17.83,92.46,2025-09-23 10:16:05+00:00,33.989703,-80.983637,76.1,7.14,0.2,111.18,12.0,3D,2025-09-23 06:16:05-04:00,POINT (-80.983637 33.989703)
2025-09-23 10:16:13 UTC,sensor03,218187713,17.81,92.45,2025-09-23 10:16:13+00:00,33.989483,-80.983252,75.6,3.53,0.0,136.24,12.0,3D,2025-09-23 06:16:13-04:00,POINT (-80.983252 33.989483)
2025-09-23 10:16:18 UTC,sensor03,218187713,17.8,92.4,2025-09-23 10:16:18+00:00,33.989407,-80.983192,76.1,2.29,0.1,162.03,12.0,3D,2025-09-23 06:16:18-04:00,POINT (-80.983192 33.989407)
2025-09-23 10:16:23 UTC,sensor03,218187713,17.81,92.53,2025-09-23 10:16:23+00:00,33.989212,-80.983022,75.6,5.84,0.2,139.52,12.0,3D,2025-09-23 06:16:23-04:00,POINT (-80.983022 33.989212)
2025-09-23 10:16:28 UTC,sensor03,218187713,17.78,92.4,2025-09-23 10:16:28+00:00,33.988927,-80.982783,76.6,7.19,0.1,146.59,12.0,3D,2025-09-23 06:16:28-04:00,POINT (-80.982783 33.988927)
2025-09-23 10:16:34 UTC,sensor03,218187713,17.78,92.41,2025-09-23 10:16:33+00:00,33.988675,-80.982562,75.2,5.35,-0.4,140.04,12.0,3D,2025-09-23 06:16:33-04:00,POINT (-80.982562 33.988675)
2025-09-23 10:16:49 UTC,sensor03,218187713,17.87,92.74,2025-09-23 10:16:48+00:00,33.98843,-80.982307,72.6,4.02,-0.1,114.1,12.0,3D,2025-09-23 06:16:48-04:00,POINT (-80.982307 33.98843)
2025-09-23 10:16:54 UTC,sensor03,218187713,17.89,92.74,2025-09-23 10:16:53+00:00,33.988513,-80.982032,73.5,6.52,0.1,48.04,12.0,3D,2025-09-23 06:16:53-04:00,POINT (-80.982032 33.988513)
2025-09-23 10:16:59 UTC,sensor03,218187713,17.93,92.46,2025-09-23 10:16:58+00:00,33.988787,-80.981745,73.8,9.57,0.1,47.63,12.0,3D,2025-09-23 06:16:58-04:00,POINT (-80.981745 33.988787)
2025-09-23 10:17:04 UTC,sensor03,218187713,17.95,92.23,2025-09-23 10:17:04+00:00,33.989233,-80.981308,71.6,11.76,-0.8,0.0,12.0,3D,2025-09-23 06:17:04-04:00,POINT (-80.981308 33.989233)
2025-09-23 10:17:09 UTC,sensor03,218187713,17.99,92.17,2025-09-23 10:17:09+00:00,33.989675,-80.980968,66.4,11.84,-1.4,0.0,12.0,3D,2025-09-23 06:17:09-04:00,POINT (-80.980968 33.989675)
2025-09-23 10:17:14 UTC,sensor03,218187713,17.92,91.99,2025-09-23 10:17:14+00:00,33.990127,-80.980703,62.4,10.71,-0.7,24.71,12.0,3D,2025-09-23 06:17:14-04:00,POINT (-80.980703 33.990127)
2025-09-23 10:17:19 UTC,sensor03,218187713,17.83,92.05,2025-09-23 10:17:19+00:00,33.990565,-80.980477,59.7,10.64,-0.3,23.18,12.0,3D,2025-09-23 06:17:19-04:00,POINT (-80.980477 33.990565)
2025-09-23 10:17:24 UTC,sensor03,218187713,17.98,92.3,2025-09-23 10:17:24+00:00,33.991002,-80.980258,58.3,10.76,-0.1,23.69,12.0,3D,2025-09-23 06:17:24-04:00,POINT (-80.980258 33.991002)
2025-09-23 10:17:29 UTC,sensor03,218187713,18.21,91.99,2025-09-23 10:17:29+00:00,33.991422,-80.980035,58.7,9.93,-0.1,25.01,12.0,3D,2025-09-23 06:17:29-04:00,POINT (-80.980035 33.991422)
2025-09-23 10:17:34 UTC,sensor03,218187713,18.28,91.28,2025-09-23 10:17:34+00:00,33.991832,-80.979822,59.1,9.19,0.0,23.56,12.0,3D,2025-09-23 06:17:34-04:00,POINT (-80.979822 33.991832)
2025-09-23 10:17:39 UTC,sensor03,218187713,18.28,90.8,2025-09-23 10:17:39+00:00,33.99217,-80.979648,59.6,7.97,0.2,21.04,12.0,3D,2025-09-23 06:17:39-04:00,POINT (-80.979648 33.99217)
2025-09-23 10:17:44 UTC,sensor03,218187713,18.15,90.49,2025-09-23 10:17:44+00:00,33.992423,-80.979518,57.7,4.26,-0.6,20.09,12.0,3D,2025-09-23 06:17:44-04:00,POINT (-80.979518 33.992423)
2025-09-23 10:17:54 UTC,sensor03,218187713,18.18,90.67,2025-09-23 10:17:54+00:00,33.9925,-80.979315,53.0,5.47,-0.5,106.04,12.0,3D,2025-09-23 06:17:54-04:00,POINT (-80.979315 33.9925)
2025-09-23 10:17:59 UTC,sensor03,218187713,18.3,90.52,2025-09-23 10:17:59+00:00,33.99236,-80.97895,50.9,8.58,-0.3,112.31,12.0,3D,2025-09-23 06:17:59-04:00,POINT (-80.97895 33.99236)
2025-09-23 10:18:04 UTC,sensor03,218187713,18.22,90.23,2025-09-23 10:18:04+00:00,33.992187,-80.978487,50.4,9.5,0.0,116.08,12.0,3D,2025-09-23 06:18:04-04:00,POINT (-80.978487 33.992187)
2025-09-23 10:18:09 UTC,sensor03,218187713,18.37,90.19,2025-09-23 10:18:06+00:00,33.992127,-80.978288,50.5,9.79,0.0,113.4,12.0,3D,2025-09-23 06:18:06-04:00,POINT (-80.978288 33.992127)
2025-09-23 10:18:14 UTC,sensor03,218187713,18.56,89.88,2025-09-23 10:18:14+00:00,33.99182,-80.977473,49.4,10.43,-0.1,113.77,12.0,3D,2025-09-23 06:18:14-04:00,POINT (-80.977473 33.99182)
2025-09-23 10:18:20 UTC,sensor03,218187713,18.8,89.38,2025-09-23 10:18:19+00:00,33.991588,-80.97696,48.0,10.84,-0.3,118.22,12.0,3D,2025-09-23 06:18:19-04:00,POINT (-80.97696 33.991588)
2025-09-23 10:18:25 UTC,sensor03,218187713,18.92,88.6,2025-09-23 10:18:24+00:00,33.991332,-80.97643,47.4,11.75,-0.3,121.74,12.0,3D,2025-09-23 06:18:24-04:00,POINT (-80.97643 33.991332)
2025-09-23 10:18:30 UTC,sensor03,218187713,19.03,88.26,2025-09-23 10:18:29+00:00,33.990998,-80.975923,47.1,12.02,-0.1,133.93,12.0,3D,2025-09-23 06:18:29-04:00,POINT (-80.975923 33.990998)
2025-09-23 10:18:35 UTC,sensor03,218187713,19.06,88.0,2025-09-23 10:18:34+00:00,33.99059,-80.97544,47.5,11.79,-0.1,136.94,12.0,3D,2025-09-23 06:18:34-04:00,POINT (-80.97544 33.99059)
2025-09-23 10:18:40 UTC,sensor03,218187713,19.01,88.03,2025-09-23 10:18:39+00:00,33.990177,-80.974985,47.6,12.26,0.1,136.56,12.0,3D,2025-09-23 06:18:39-04:00,POINT (-80.974985 33.990177)
2025-09-23 10:18:45 UTC,sensor03,218187713,18.91,88.42,2025-09-23 10:18:44+00:00,33.989773,-80.974552,48.2,12.04,0.3,140.11,12.0,3D,2025-09-23 06:18:44-04:00,POINT (-80.974552 33.989773)
2025-09-23 10:18:50 UTC,sensor03,218187713,18.88,88.61,2025-09-23 10:18:50+00:00,33.989272,-80.974028,49.5,12.47,0.4,0.0,12.0,3D,2025-09-23 06:18:50-04:00,POINT (-80.974028 33.989272)
2025-09-23 10:18:55 UTC,sensor03,218187713,18.84,88.62,2025-09-23 10:18:55+00:00,33.988927,-80.97365,50.7,8.59,0.2,0.0,12.0,3D,2025-09-23 06:18:55-04:00,POINT (-80.97365 33.988927)
2025-09-23 10:19:40 UTC,sensor03,218187713,18.86,88.28,2025-09-23 10:19:40+00:00,33.988738,-80.973488,54.2,2.9,-0.1,135.99,12.0,3D,2025-09-23 06:19:40-04:00,POINT (-80.973488 33.988738)
2025-09-23 10:19:45 UTC,sensor03,218187713,18.86,88.39,2025-09-23 10:19:45+00:00,33.988577,-80.973295,54.6,6.78,0.2,137.42,12.0,3D,2025-09-23 06:19:45-04:00,POINT (-80.973295 33.988577)
2025-09-23 10:19:50 UTC,sensor03,218187713,18.76,88.5,2025-09-23 10:19:50+00:00,33.98831,-80.972978,54.8,9.77,0.1,137.15,12.0,3D,2025-09-23 06:19:50-04:00,POINT (-80.972978 33.98831)
2025-09-23 10:19:55 UTC,sensor03,218187713,18.4,88.9,2025-09-23 10:19:55+00:00,33.988008,-80.972635,56.6,9.04,0.5,133.22,12.0,3D,2025-09-23 06:19:55-04:00,POINT (-80.972635 33.988008)
2025-09-23 10:20:00 UTC,sensor03,218187713,18.14,89.82,2025-09-23 10:20:00+00:00,33.987732,-80.972342,58.2,8.59,0.4,142.3,12.0,3D,2025-09-23 06:20:00-04:00,POINT (-80.972342 33.987732)
2025-09-23 10:20:05 UTC,sensor03,218187713,18.18,90.69,2025-09-23 10:20:05+00:00,33.987302,-80.971932,60.1,10.8,0.3,144.3,12.0,3D,2025-09-23 06:20:05-04:00,POINT (-80.971932 33.987302)
2025-09-23 10:20:10 UTC,sensor03,218187713,18.25,90.75,2025-09-23 10:20:06+00:00,33.987197,-80.971835,60.6,10.93,0.5,145.5,12.0,3D,2025-09-23 06:20:06-04:00,POINT (-80.971835 33.987197)
2025-09-23 10:20:16 UTC,sensor03,218187713,18.26,90.38,2025-09-23 10:20:15+00:00,33.986277,-80.971082,64.2,8.91,0.5,151.55,12.0,3D,2025-09-23 06:20:15-04:00,POINT (-80.971082 33.986277)
2025-09-23 10:20:21 UTC,sensor03,218187713,18.24,90.25,2025-09-23 10:20:20+00:00,33.985892,-80.970765,66.3,8.97,0.4,146.02,12.0,3D,2025-09-23 06:20:20-04:00,POINT (-80.970765 33.985892)
2025-09-23 10:20:26 UTC,sensor03,218187713,18.17,90.29,2025-09-23 10:20:25+00:00,33.985467,-80.970347,68.5,11.35,0.4,136.34,12.0,3D,2025-09-23 06:20:25-04:00,POINT (-80.970347 33.985467)
2025-09-23 10:20:31 UTC,sensor03,218187713,18.15,90.37,2025-09-23 10:20:30+00:00,33.985012,-80.969787,71.3,12.91,0.6,130.43,12.0,3D,2025-09-23 06:20:30-04:00,POINT (-80.969787 33.985012)
2025-09-23 10:20:36 UTC,sensor03,218187713,18.22,90.48,2025-09-23 10:20:35+00:00,33.984633,-80.969232,74.0,12.33,0.6,129.26,12.0,3D,2025-09-23 06:20:35-04:00,POINT (-80.969232 33.984633)
2025-09-23 10:20:41 UTC,sensor03,218187713,18.25,90.44,2025-09-23 10:20:40+00:00,33.984298,-80.968712,76.8,12.39,0.6,129.03,12.0,3D,2025-09-23 06:20:40-04:00,POINT (-80.968712 33.984298)
2025-09-23 10:20:46 UTC,sensor03,218187713,18.24,90.33,2025-09-23 10:20:46+00:00,33.983892,-80.968072,79.4,11.84,0.4,0.0,12.0,3D,2025-09-23 06:20:46-04:00,POINT (-80.968072 33.983892)
2025-09-23 10:20:51 UTC,sensor03,218187713,18.47,90.07,2025-09-23 10:20:51+00:00,33.983565,-80.967528,80.8,12.59,0.2,0.0,12.0,3D,2025-09-23 06:20:51-04:00,POINT (-80.967528 33.983565)
2025-09-23 10:20:56 UTC,sensor03,218187713,18.52,89.55,2025-09-23 10:20:56+00:00,33.98325,-80.966965,80.8,13.07,0.1,0.0,12.0,3D,2025-09-23 06:20:56-04:00,POINT (-80.966965 33.98325)
2025-09-23 10:21:01 UTC,sensor03,218187713,18.55,89.21,2025-09-23 10:21:01+00:00,33.982935,-80.966457,79.7,11.25,-0.1,0.0,12.0,3D,2025-09-23 06:21:01-04:00,POINT (-80.966457 33.982935)
2025-09-23 10:21:06 UTC,sensor03,218187713,18.51,89.08,2025-09-23 10:21:06+00:00,33.982642,-80.965972,80.2,10.72,0.1,127.53,12.0,3D,2025-09-23 06:21:06-04:00,POINT (-80.965972 33.982642)
2025-09-23 10:21:11 UTC,sensor03,218187713,18.48,88.95,2025-09-23 10:21:11+00:00,33.98236,-80.965478,81.0,11.29,0.2,125.16,12.0,3D,2025-09-23 06:21:11-04:00,POINT (-80.965478 33.98236)
2025-09-23 10:21:16 UTC,sensor03,218187713,18.52,88.9,2025-09-23 10:21:16+00:00,33.982045,-80.964967,82.3,11.7,0.5,124.04,12.0,3D,2025-09-23 06:21:16-04:00,POINT (-80.964967 33.982045)
2025-09-23 10:21:21 UTC,sensor03,218187713,18.51,88.98,2025-09-23 10:21:21+00:00,33.981773,-80.96448,84.0,10.38,0.5,124.09,12.0,3D,2025-09-23 06:21:21-04:00,POINT (-80.96448 33.981773)
2025-09-23 10:21:26 UTC,sensor03,218187713,18.62,88.92,2025-09-23 10:21:26+00:00,33.981568,-80.964182,85.2,5.05,0.5,147.85,12.0,3D,2025-09-23 06:21:26-04:00,POINT (-80.964182 33.981568)
2025-09-23 10:21:31 UTC,sensor03,218187713,18.58,88.67,2025-09-23 10:21:31+00:00,33.981373,-80.964262,86.7,5.3,0.5,216.34,12.0,3D,2025-09-23 06:21:31-04:00,POINT (-80.964262 33.981373)
2025-09-23 10:21:36 UTC,sensor03,218187713,18.63,88.48,2025-09-23 10:21:36+00:00,33.981132,-80.964472,87.8,7.05,0.1,216.58,12.0,3D,2025-09-23 06:21:36-04:00,POINT (-80.964472 33.981132)
2025-09-23 10:21:41 UTC,sensor03,218187713,18.67,88.17,2025-09-23 10:21:41+00:00,33.980843,-80.964752,87.0,8.39,0.0,216.42,12.0,3D,2025-09-23 06:21:41-04:00,POINT (-80.964752 33.980843)
2025-09-23 10:21:46 UTC,sensor03,218187713,18.72,88.05,2025-09-23 10:21:46+00:00,33.980552,-80.965073,86.3,9.26,0.0,222.08,12.0,3D,2025-09-23 06:21:46-04:00,POINT (-80.965073 33.980552)
2025-09-23 10:21:51 UTC,sensor03,218187713,18.79,88.08,2025-09-23 10:21:51+00:00,33.980213,-80.96536,84.9,9.31,-0.3,214.82,12.0,3D,2025-09-23 06:21:51-04:00,POINT (-80.96536 33.980213)
2025-09-23 10:21:56 UTC,sensor03,218187713,18.88,87.81,2025-09-23 10:21:56+00:00,33.979848,-80.96563,83.8,9.14,-0.1,209.09,12.0,3D,2025-09-23 06:21:56-04:00,POINT (-80.96563 33.979848)
2025-09-23 10:22:01 UTC,sensor03,218187713,18.7,87.78,2025-09-23 10:22:01+00:00,33.979542,-80.965955,83.6,9.38,0.0,220.89,12.0,3D,2025-09-23 06:22:01-04:00,POINT (-80.965955 33.979542)
2025-09-23 10:22:06 UTC,sensor03,218187713,18.37,88.18,2025-09-23 10:22:06+00:00,33.97921,-80.966302,84.0,9.59,0.1,220.78,12.0,3D,2025-09-23 06:22:06-04:00,POINT (-80.966302 33.97921)
2025-09-23 10:22:11 UTC,sensor03,218187713,18.39,88.76,2025-09-23 10:22:07+00:00,33.979143,-80.96637,84.1,9.76,0.1,221.21,12.0,3D,2025-09-23 06:22:07-04:00,POINT (-80.96637 33.979143)
2025-09-23 10:22:17 UTC,sensor03,218187713,18.31,89.27,2025-09-23 10:22:16+00:00,33.978443,-80.966953,83.2,10.48,-0.1,214.49,12.0,3D,2025-09-23 06:22:16-04:00,POINT (-80.966953 33.978443)
2025-09-23 10:22:22 UTC,sensor03,218187713,18.41,89.58,2025-09-23 10:22:21+00:00,33.978075,-80.967185,82.6,9.56,-0.4,197.44,12.0,3D,2025-09-23 06:22:21-04:00,POINT (-80.967185 33.978075)
2025-09-23 10:22:27 UTC,sensor03,218187713,18.38,89.63,2025-09-23 10:22:26+00:00,33.977622,-80.967275,84.9,9.99,0.4,185.91,12.0,3D,2025-09-23 06:22:26-04:00,POINT (-80.967275 33.977622)
2025-09-23 10:22:32 UTC,sensor03,218187713,18.3,89.63,2025-09-23 10:22:31+00:00,33.977175,-80.96735,86.9,10.2,0.3,186.67,12.0,3D,2025-09-23 06:22:31-04:00,POINT (-80.96735 33.977175)
2025-09-23 10:22:37 UTC,sensor03,218187713,18.19,90.05,2025-09-23 10:22:36+00:00,33.976715,-80.96742,88.1,9.86,0.2,190.28,12.0,3D,2025-09-23 06:22:36-04:00,POINT (-80.96742 33.976715)
2025-09-23 10:22:42 UTC,sensor03,218187713,18.11,90.39,2025-09-23 10:22:41+00:00,33.976272,-80.967512,87.5,10.0,-0.3,186.47,12.0,3D,2025-09-23 06:22:41-04:00,POINT (-80.967512 33.976272)
2025-09-23 10:22:47 UTC,sensor03,218187713,18.01,90.62,2025-09-23 10:22:46+00:00,33.975855,-80.967608,88.4,7.35,0.3,192.57,12.0,3D,2025-09-23 06:22:46-04:00,POINT (-80.967608 33.975855)
2025-09-23 10:22:52 UTC,sensor03,218187713,18.02,90.85,2025-09-23 10:22:52+00:00,33.975648,-80.967552,89.5,4.29,0.2,0.0,12.0,3D,2025-09-23 06:22:52-04:00,POINT (-80.967552 33.975648)
2025-09-23 10:22:57 UTC,sensor03,218187713,18.09,90.98,2025-09-23 10:22:57+00:00,33.975608,-80.967355,89.9,2.62,0.0,0.0,12.0,3D,2025-09-23 06:22:57-04:00,POINT (-80.967355 33.975608)
2025-09-23 10:23:12 UTC,sensor03,218187713,18.01,91.11,2025-09-23 10:23:12+00:00,33.975622,-80.967382,91.1,2.98,0.1,277.78,12.0,3D,2025-09-23 06:23:12-04:00,POINT (-80.967382 33.975622)
2025-09-23 10:23:32 UTC,sensor03,218187713,18.01,91.14,2025-09-23 10:23:32+00:00,33.975743,-80.967577,92.9,3.27,0.2,353.26,12.0,3D,2025-09-23 06:23:32-04:00,POINT (-80.967577 33.975743)
2025-09-23 10:23:37 UTC,sensor03,218187713,18.07,91.28,2025-09-23 10:23:37+00:00,33.976008,-80.96754,93.6,7.45,0.1,7.63,12.0,3D,2025-09-23 06:23:37-04:00,POINT (-80.96754 33.976008)
2025-09-23 10:23:42 UTC,sensor03,218187713,18.2,91.26,2025-09-23 10:23:42+00:00,33.976343,-80.96747,94.0,7.31,0.0,12.46,12.0,3D,2025-09-23 06:23:42-04:00,POINT (-80.96747 33.976343)
2025-09-23 10:23:47 UTC,sensor03,218187713,18.18,91.03,2025-09-23 10:23:47+00:00,33.976728,-80.967387,94.7,8.51,0.2,7.11,12.0,3D,2025-09-23 06:23:47-04:00,POINT (-80.967387 33.976728)
2025-09-23 10:23:52 UTC,sensor03,218187713,18.2,90.94,2025-09-23 10:23:52+00:00,33.977142,-80.967307,95.4,8.77,0.1,6.02,12.0,3D,2025-09-23 06:23:52-04:00,POINT (-80.967307 33.977142)
2025-09-23 10:23:57 UTC,sensor03,218187713,18.35,90.73,2025-09-23 10:23:57+00:00,33.977522,-80.967222,93.9,8.32,-0.6,8.44,12.0,3D,2025-09-23 06:23:57-04:00,POINT (-80.967222 33.977522)
2025-09-23 10:24:02 UTC,sensor03,218187713,18.34,90.42,2025-09-23 10:24:02+00:00,33.977853,-80.967175,92.4,4.51,-0.3,1.5,12.0,3D,2025-09-23 06:24:02-04:00,POINT (-80.967175 33.977853)
2025-09-23 10:24:07 UTC,sensor03,218187713,18.32,90.17,2025-09-23 10:24:07+00:00,33.97803,-80.967325,90.6,3.52,-0.4,284.33,12.0,3D,2025-09-23 06:24:07-04:00,POINT (-80.967325 33.97803)
2025-09-23 10:24:13 UTC,sensor03,218187713,18.15,90.47,2025-09-23 10:24:07+00:00,33.97803,-80.967325,90.6,3.52,-0.4,284.33,12.0,3D,2025-09-23 06:24:07-04:00,POINT (-80.967325 33.97803)
2025-09-23 10:24:18 UTC,sensor03,218187713,18.0,90.87,2025-09-23 10:24:17+00:00,33.978015,-80.968078,87.1,7.29,-0.4,265.51,12.0,3D,2025-09-23 06:24:17-04:00,POINT (-80.968078 33.978015)
2025-09-23 10:24:23 UTC,sensor03,218187713,17.93,91.33,2025-09-23 10:24:22+00:00,33.978015,-80.968492,84.9,7.07,-0.4,273.24,12.0,3D,2025-09-23 06:24:22-04:00,POINT (-80.968492 33.978015)
2025-09-23 10:24:28 UTC,sensor03,218187713,17.84,91.77,2025-09-23 10:24:27+00:00,33.97803,-80.968902,82.9,7.98,-0.3,272.89,12.0,3D,2025-09-23 06:24:27-04:00,POINT (-80.968902 33.97803)
2025-09-23 10:24:33 UTC,sensor03,218187713,17.79,91.96,2025-09-23 10:24:32+00:00,33.978032,-80.969335,82.3,8.09,-0.1,273.82,12.0,3D,2025-09-23 06:24:32-04:00,POINT (-80.969335 33.978032)
2025-09-23 10:24:38 UTC,sensor03,218187713,17.79,92.3,2025-09-23 10:24:37+00:00,33.978107,-80.969717,82.4,6.93,0.1,288.63,12.0,3D,2025-09-23 06:24:37-04:00,POINT (-80.969717 33.978107)
2025-09-23 10:24:43 UTC,sensor03,218187713,17.71,92.4,2025-09-23 10:24:42+00:00,33.978242,-80.9701,81.9,8.65,-0.2,297.22,12.0,3D,2025-09-23 06:24:42-04:00,POINT (-80.9701 33.978242)
2025-09-23 10:24:48 UTC,sensor03,218187713,17.64,92.52,2025-09-23 10:24:48+00:00,33.978525,-80.970617,80.3,9.47,-0.2,0.0,12.0,3D,2025-09-23 06:24:48-04:00,POINT (-80.970617 33.978525)
2025-09-23 10:24:53 UTC,sensor03,218187713,17.58,92.74,2025-09-23 10:24:53+00:00,33.978693,-80.97108,79.3,9.15,-0.1,0.0,12.0,3D,2025-09-23 06:24:53-04:00,POINT (-80.97108 33.978693)
2025-09-23 10:24:58 UTC,sensor03,218187713,17.52,92.91,2025-09-23 10:24:58+00:00,33.978673,-80.971577,78.1,8.9,-0.1,0.0,12.0,3D,2025-09-23 06:24:58-04:00,POINT (-80.971577 33.978673)
2025-09-23 10:25:03 UTC,sensor03,218187713,17.5,93.19,2025-09-23 10:25:03+00:00,33.978617,-80.972072,75.1,10.94,-0.2,0.0,4.0,3D,2025-09-23 06:25:03-04:00,POINT (-80.972072 33.978617)
2025-09-23 10:25:08 UTC,sensor03,218187713,17.48,93.45,2025-09-23 10:25:08+00:00,33.9785,-80.9725,74.2,7.68,-0.1,0.0,4.0,3D,2025-09-23 06:25:08-04:00,POINT (-80.9725 33.9785)
2025-09-23 10:25:13 UTC,sensor03,218187713,17.34,93.44,2025-09-23 10:25:13+00:00,33.978187,-80.972682,71.3,7.25,-2.1,0.0,8.0,3D,2025-09-23 06:25:13-04:00,POINT (-80.972682 33.978187)
2025-09-23 10:25:18 UTC,sensor03,218187713,17.32,93.69,2025-09-23 10:25:18+00:00,33.977758,-80.972718,69.7,9.29,-0.4,0.0,12.0,3D,2025-09-23 06:25:18-04:00,POINT (-80.972718 33.977758)
2025-09-23 10:25:23 UTC,sensor03,218187713,17.24,93.91,2025-09-23 10:25:23+00:00,33.977352,-80.972757,68.4,9.08,-0.3,0.0,12.0,3D,2025-09-23 06:25:23-04:00,POINT (-80.972757 33.977352)
2025-09-23 10:25:28 UTC,sensor03,218187713,17.22,94.15,2025-09-23 10:25:28+00:00,33.977007,-80.972822,67.3,7.71,-0.2,188.97,12.0,3D,2025-09-23 06:25:28-04:00,POINT (-80.972822 33.977007)
2025-09-23 10:25:33 UTC,sensor03,218187713,17.26,94.29,2025-09-23 10:25:33+00:00,33.976663,-80.972875,66.1,7.71,-0.2,188.37,12.0,3D,2025-09-23 06:25:33-04:00,POINT (-80.972875 33.976663)
2025-09-23 10:25:38 UTC,sensor03,218187713,17.29,94.35,2025-09-23 10:25:38+00:00,33.976335,-80.972935,65.9,7.02,0.0,193.45,12.0,3D,2025-09-23 06:25:38-04:00,POINT (-80.972935 33.976335)
2025-09-23 10:25:43 UTC,sensor03,218187713,17.34,94.34,2025-09-23 10:25:43+00:00,33.976007,-80.972967,66.3,7.52,0.1,184.43,12.0,3D,2025-09-23 06:25:43-04:00,POINT (-80.972967 33.976007)
2025-09-23 10:25:48 UTC,sensor03,218187713,17.38,94.4,2025-09-23 10:25:48+00:00,33.97573,-80.97307,65.9,6.81,-0.1,206.79,12.0,3D,2025-09-23 06:25:48-04:00,POINT (-80.97307 33.97573)
2025-09-23 10:25:53 UTC,sensor03,218187713,17.36,94.36,2025-09-23 10:25:53+00:00,33.975538,-80.973382,64.2,6.28,-0.5,251.61,12.0,3D,2025-09-23 06:25:53-04:00,POINT (-80.973382 33.975538)
2025-09-23 10:25:58 UTC,sensor03,218187713,17.35,94.5,2025-09-23 10:25:58+00:00,33.975523,-80.973805,62.6,7.59,-0.4,276.21,12.0,3D,2025-09-23 06:25:58-04:00,POINT (-80.973805 33.975523)
2025-09-23 10:26:03 UTC,sensor03,218187713,17.25,94.61,2025-09-23 10:26:03+00:00,33.975535,-80.97424,60.6,8.52,-0.4,267.97,12.0,3D,2025-09-23 06:26:03-04:00,POINT (-80.97424 33.975535)
2025-09-23 10:26:08 UTC,sensor03,218187713,17.19,94.6,2025-09-23 10:26:07+00:00,33.97542,-80.974507,59.3,6.96,-0.4,241.57,12.0,3D,2025-09-23 06:26:07-04:00,POINT (-80.974507 33.97542)
2025-09-23 10:26:13 UTC,sensor03,218187713,17.23,94.81,2025-09-23 10:26:07+00:00,33.97542,-80.974507,59.3,6.96,-0.4,241.57,12.0,3D,2025-09-23 06:26:07-04:00,POINT (-80.974507 33.97542)
2025-09-23 10:26:19 UTC,sensor03,218187713,17.21,94.87,2025-09-23 10:26:18+00:00,33.97465,-80.974832,56.6,7.59,0.0,197.98,12.0,3D,2025-09-23 06:26:18-04:00,POINT (-80.974832 33.97465)
2025-09-23 10:26:24 UTC,sensor03,218187713,17.18,94.89,2025-09-23 10:26:23+00:00,33.974302,-80.974947,56.3,7.53,-0.1,194.46,12.0,3D,2025-09-23 06:26:23-04:00,POINT (-80.974947 33.974302)
2025-09-23 10:26:29 UTC,sensor03,218187713,17.21,94.96,2025-09-23 10:26:28+00:00,33.97395,-80.975013,55.8,7.72,-0.1,185.52,13.0,3D,2025-09-23 06:26:28-04:00,POINT (-80.975013 33.97395)
2025-09-23 10:26:34 UTC,sensor03,218187713,17.21,95.11,2025-09-23 10:26:33+00:00,33.973617,-80.975012,55.4,7.67,0.0,180.78,12.0,3D,2025-09-23 06:26:33-04:00,POINT (-80.975012 33.973617)
2025-09-23 10:26:39 UTC,sensor03,218187713,17.33,95.19,2025-09-23 10:26:38+00:00,33.973283,-80.975008,54.6,6.69,-0.2,179.21,12.0,3D,2025-09-23 06:26:38-04:00,POINT (-80.975008 33.973283)
2025-09-23 10:26:44 UTC,sensor03,218187713,17.31,95.07,2025-09-23 10:26:43+00:00,33.972988,-80.97502,54.3,5.92,0.0,181.9,12.0,3D,2025-09-23 06:26:43-04:00,POINT (-80.97502 33.972988)
2025-09-23 10:26:49 UTC,sensor03,218187713,17.27,95.0,2025-09-23 10:26:49+00:00,33.972657,-80.974923,54.8,6.84,0.2,0.0,12.0,3D,2025-09-23 06:26:49-04:00,POINT (-80.974923 33.972657)
2025-09-23 10:26:54 UTC,sensor03,218187713,17.25,95.07,2025-09-23 10:26:54+00:00,33.972463,-80.974658,55.2,7.0,0.1,0.0,12.0,3D,2025-09-23 06:26:54-04:00,POINT (-80.974658 33.972463)
2025-09-23 10:26:59 UTC,sensor03,218187713,17.24,95.14,2025-09-23 10:26:59+00:00,33.972315,-80.97433,56.5,7.19,0.2,0.0,11.0,3D,2025-09-23 06:26:59-04:00,POINT (-80.97433 33.972315)
2025-09-23 10:27:04 UTC,sensor03,218187713,17.3,95.18,2025-09-23 10:27:04+00:00,33.972183,-80.974127,58.9,3.81,0.1,0.0,12.0,3D,2025-09-23 06:27:04-04:00,POINT (-80.974127 33.972183)
2025-09-23 10:27:09 UTC,sensor03,218187713,17.33,95.12,2025-09-23 10:27:09+00:00,33.972025,-80.973847,61.6,5.32,0.6,119.86,12.0,3D,2025-09-23 06:27:09-04:00,POINT (-80.973847 33.972025)
2025-09-23 10:27:14 UTC,sensor03,218187713,17.26,95.02,2025-09-23 10:27:14+00:00,33.971892,-80.973582,63.3,2.61,0.2,115.33,12.0,3D,2025-09-23 06:27:14-04:00,POINT (-80.973582 33.971892)
2025-09-23 10:27:19 UTC,sensor03,218187713,17.22,95.02,2025-09-23 10:27:19+00:00,33.97186,-80.973433,64.4,3.47,0.2,78.97,12.0,3D,2025-09-23 06:27:19-04:00,POINT (-80.973433 33.97186)
2025-09-23 10:27:24 UTC,sensor03,218187713,17.37,95.13,2025-09-23 10:27:24+00:00,33.972015,-80.973252,65.9,5.33,0.3,29.51,12.0,3D,2025-09-23 06:27:24-04:00,POINT (-80.973252 33.972015)
2025-09-23 10:27:29 UTC,sensor03,218187713,17.56,95.0,2025-09-23 10:27:29+00:00,33.972242,-80.973093,67.6,5.74,0.4,25.73,12.0,3D,2025-09-23 06:27:29-04:00,POINT (-80.973093 33.972242)
2025-09-23 10:27:34 UTC,sensor03,218187713,17.62,94.63,2025-09-23 10:27:34+00:00,33.972463,-80.972903,69.2,6.31,0.3,32.44,12.0,3D,2025-09-23 06:27:34-04:00,POINT (-80.972903 33.972463)
2025-09-23 10:27:39 UTC,sensor03,218187713,17.65,94.36,2025-09-23 10:27:39+00:00,33.972655,-80.972778,71.5,3.31,0.2,40.54,12.0,3D,2025-09-23 06:27:39-04:00,POINT (-80.972778 33.972655)
2025-09-23 10:27:44 UTC,sensor03,218187713,17.73,94.11,2025-09-23 10:27:44+00:00,33.972588,-80.97254,72.6,5.08,0.2,116.68,12.0,3D,2025-09-23 06:27:44-04:00,POINT (-80.97254 33.972588)
2025-09-23 10:27:49 UTC,sensor03,218187713,17.83,93.8,2025-09-23 10:27:49+00:00,33.972435,-80.972222,74.6,6.72,0.6,121.49,12.0,3D,2025-09-23 06:27:49-04:00,POINT (-80.972222 33.972435)
2025-09-23 10:27:54 UTC,sensor03,218187713,17.87,93.51,2025-09-23 10:27:54+00:00,33.97225,-80.971877,76.4,7.73,0.2,121.74,12.0,3D,2025-09-23 06:27:54-04:00,POINT (-80.971877 33.97225)
2025-09-23 10:27:59 UTC,sensor03,218187713,18.01,93.33,2025-09-23 10:27:59+00:00,33.972057,-80.971498,77.5,7.75,0.1,122.77,12.0,3D,2025-09-23 06:27:59-04:00,POINT (-80.971498 33.972057)
2025-09-23 10:28:04 UTC,sensor03,218187713,18.06,92.78,2025-09-23 10:28:04+00:00,33.971867,-80.971137,77.8,7.71,-0.1,120.82,12.0,3D,2025-09-23 06:28:04-04:00,POINT (-80.971137 33.971867)
2025-09-23 10:28:09 UTC,sensor03,218187713,18.03,92.32,2025-09-23 10:28:08+00:00,33.971713,-80.970848,77.2,8.23,-0.1,123.9,12.0,3D,2025-09-23 06:28:08-04:00,POINT (-80.970848 33.971713)
2025-09-23 10:28:15 UTC,sensor03,218187713,18.05,92.14,2025-09-23 10:28:13+00:00,33.971515,-80.970462,76.5,8.39,-0.14,0.0,12.0,3D,2025-09-23 06:28:13-04:00,POINT (-80.970462 33.971515)
2025-09-23 10:28:20 UTC,sensor03,218187713,18.02,92.06,2025-09-23 10:28:19+00:00,33.971343,-80.970157,77.1,3.34,0.0,132.52,12.0,3D,2025-09-23 06:28:19-04:00,POINT (-80.970157 33.971343)
2025-09-23 10:28:30 UTC,sensor03,218187713,17.97,92.11,2025-09-23 10:28:29+00:00,33.971182,-80.970037,77.1,3.26,0.0,112.43,12.0,3D,2025-09-23 06:28:29-04:00,POINT (-80.970037 33.971182)
2025-09-23 10:28:35 UTC,sensor03,218187713,18.01,92.08,2025-09-23 10:28:34+00:00,33.971213,-80.969792,77.6,5.54,-0.1,75.35,12.0,3D,2025-09-23 06:28:34-04:00,POINT (-80.969792 33.971213)
2025-09-23 10:28:40 UTC,sensor03,218187713,17.98,91.94,2025-09-23 10:28:40+00:00,33.971243,-80.969422,77.4,6.32,0.0,0.0,12.0,3D,2025-09-23 06:28:40-04:00,POINT (-80.969422 33.971243)
2025-09-23 10:28:45 UTC,sensor03,218187713,18.06,91.96,2025-09-23 10:28:45+00:00,33.971243,-80.96906,77.0,6.47,-0.3,0.0,12.0,3D,2025-09-23 06:28:45-04:00,POINT (-80.96906 33.971243)
2025-09-23 10:29:00 UTC,sensor03,218187713,18.09,91.71,2025-09-23 10:29:00+00:00,33.971365,-80.968717,76.7,4.65,0.1,11.44,12.0,3D,2025-09-23 06:29:00-04:00,POINT (-80.968717 33.971365)
2025-09-23 10:29:05 UTC,sensor03,218187713,18.07,91.47,2025-09-23 10:29:05+00:00,33.971645,-80.968668,77.3,7.17,0.2,3.37,12.0,3D,2025-09-23 06:29:05-04:00,POINT (-80.968668 33.971645)
2025-09-23 10:29:10 UTC,sensor03,218187713,18.07,91.43,2025-09-23 10:29:10+00:00,33.972007,-80.968573,78.1,7.42,0.3,14.72,12.0,3D,2025-09-23 06:29:10-04:00,POINT (-80.968573 33.972007)
2025-09-23 10:29:15 UTC,sensor03,218187713,17.99,91.44,2025-09-23 10:29:15+00:00,33.972357,-80.968477,79.4,7.72,0.2,10.97,12.0,3D,2025-09-23 06:29:15-04:00,POINT (-80.968477 33.972357)
2025-09-23 10:29:20 UTC,sensor03,218187713,17.98,91.43,2025-09-23 10:29:20+00:00,33.972698,-80.968412,79.8,7.59,0.1,8.66,12.0,3D,2025-09-23 06:29:20-04:00,POINT (-80.968412 33.972698)
2025-09-23 10:29:25 UTC,sensor03,218187713,17.87,91.64,2025-09-23 10:29:25+00:00,33.973008,-80.968358,79.9,6.85,0.0,11.35,12.0,3D,2025-09-23 06:29:25-04:00,POINT (-80.968358 33.973008)
2025-09-23 10:29:30 UTC,sensor03,218187713,17.8,92.04,2025-09-23 10:29:30+00:00,33.973292,-80.96829,80.7,5.19,0.2,13.55,12.0,3D,2025-09-23 06:29:30-04:00,POINT (-80.96829 33.973292)
2025-09-23 10:29:35 UTC,sensor03,218187713,17.9,92.26,2025-09-23 10:29:35+00:00,33.973372,-80.968165,80.9,2.6,0.0,82.57,12.0,3D,2025-09-23 06:29:35-04:00,POINT (-80.968165 33.973372)
2025-09-23 10:29:40 UTC,sensor03,218187713,17.91,92.24,2025-09-23 10:29:40+00:00,33.973283,-80.967978,81.0,4.27,-0.1,122.91,12.0,3D,2025-09-23 06:29:40-04:00,POINT (-80.967978 33.973283)
2025-09-23 10:29:45 UTC,sensor03,218187713,17.93,92.15,2025-09-23 10:29:45+00:00,33.97317,-80.96775,80.8,5.47,0.0,120.55,12.0,3D,2025-09-23 06:29:45-04:00,POINT (-80.96775 33.97317)
2025-09-23 10:29:50 UTC,sensor03,218187713,17.96,91.88,2025-09-23 10:29:50+00:00,33.973047,-80.967503,80.7,5.0,0.1,118.74,12.0,3D,2025-09-23 06:29:50-04:00,POINT (-80.967503 33.973047)
2025-09-23 10:29:55 UTC,sensor03,218187713,17.9,91.66,2025-09-23 10:29:55+00:00,33.9729,-80.96723,80.5,5.81,-0.3,121.66,12.0,3D,2025-09-23 06:29:55-04:00,POINT (-80.96723 33.9729)
2025-09-23 10:30:00 UTC,sensor03,218187713,17.88,91.81,2025-09-23 10:30:00+00:00,33.972737,-80.966927,79.4,6.87,-0.1,122.59,12.0,3D,2025-09-23 06:30:00-04:00,POINT (-80.966927 33.972737)
2025-09-23 10:30:06 UTC,sensor03,218187713,17.89,92.0,2025-09-23 10:30:05+00:00,33.972588,-80.96662,79.7,6.8,-0.2,104.99,12.0,3D,2025-09-23 06:30:05-04:00,POINT (-80.96662 33.972588)
2025-09-23 10:30:11 UTC,sensor03,218187713,17.9,92.59,2025-09-23 10:30:08+00:00,33.972582,-80.966415,80.2,6.34,0.2,87.06,12.0,3D,2025-09-23 06:30:08-04:00,POINT (-80.966415 33.972582)
2025-09-23 10:30:16 UTC,sensor03,218187713,17.9,92.79,2025-09-23 10:30:15+00:00,33.972772,-80.965993,0.0,6.26,0.0,45.85,12.0,3D,2025-09-23 06:30:15-04:00,POINT (-80.965993 33.972772)
2025-09-23 10:30:21 UTC,sensor03,218187713,17.91,92.61,2025-09-23 10:30:20+00:00,33.973022,-80.965803,83.9,6.64,0.3,27.97,12.0,3D,2025-09-23 06:30:20-04:00,POINT (-80.965803 33.973022)
2025-09-23 10:30:26 UTC,sensor03,218187713,17.95,92.5,2025-09-23 10:30:25+00:00,33.973287,-80.965602,86.0,5.07,0.1,32.12,12.0,3D,2025-09-23 06:30:25-04:00,POINT (-80.965602 33.973287)
2025-09-23 10:30:31 UTC,sensor03,218187713,18.01,92.37,2025-09-23 10:30:30+00:00,33.973463,-80.965457,86.4,3.61,0.0,61.21,12.0,3D,2025-09-23 06:30:30-04:00,POINT (-80.965457 33.973463)
2025-09-23 10:30:36 UTC,sensor03,218187713,18.0,92.15,2025-09-23 10:30:35+00:00,33.973438,-80.965215,86.9,5.43,0.2,115.82,12.0,3D,2025-09-23 06:30:35-04:00,POINT (-80.965215 33.973438)
2025-09-23 10:30:41 UTC,sensor03,218187713,18.07,91.86,2025-09-23 10:30:41+00:00,33.973322,-80.964852,88.2,6.33,0.4,0.0,12.0,3D,2025-09-23 06:30:41-04:00,POINT (-80.964852 33.973322)
2025-09-23 10:30:46 UTC,sensor03,218187713,18.21,91.55,2025-09-23 10:30:46+00:00,33.973167,-80.964523,89.6,7.18,0.3,0.0,12.0,3D,2025-09-23 06:30:46-04:00,POINT (-80.964523 33.973167)
2025-09-23 10:30:51 UTC,sensor03,218187713,18.32,91.27,2025-09-23 10:30:51+00:00,33.972982,-80.964197,90.7,7.74,0.2,0.0,12.0,3D,2025-09-23 06:30:51-04:00,POINT (-80.964197 33.972982)
2025-09-23 10:30:56 UTC,sensor03,218187713,18.35,90.84,2025-09-23 10:30:56+00:00,33.972793,-80.963843,91.5,7.6,0.1,123.84,12.0,3D,2025-09-23 06:30:56-04:00,POINT (-80.963843 33.972793)
2025-09-23 10:31:01 UTC,sensor03,218187713,18.45,90.34,2025-09-23 10:31:01+00:00,33.972612,-80.963493,90.8,6.72,0.0,121.38,12.0,3D,2025-09-23 06:31:01-04:00,POINT (-80.963493 33.972612)
2025-09-23 10:31:06 UTC,sensor03,218187713,18.52,90.13,2025-09-23 10:31:06+00:00,33.972438,-80.963138,90.1,7.92,-0.3,120.86,12.0,3D,2025-09-23 06:31:06-04:00,POINT (-80.963138 33.972438)
2025-09-23 10:31:11 UTC,sensor03,218187713,18.57,90.09,2025-09-23 10:31:11+00:00,33.972277,-80.962768,89.5,7.25,0.0,118.78,12.0,3D,2025-09-23 06:31:11-04:00,POINT (-80.962768 33.972277)
2025-09-23 10:31:16 UTC,sensor03,218187713,18.52,89.87,2025-09-23 10:31:16+00:00,33.972118,-80.962437,90.0,6.5,0.1,122.23,12.0,3D,2025-09-23 06:31:16-04:00,POINT (-80.962437 33.972118)
2025-09-23 10:31:21 UTC,sensor03,218187713,18.41,89.94,2025-09-23 10:31:21+00:00,33.971947,-80.96208,89.9,7.49,0.0,123.09,12.0,3D,2025-09-23 06:31:21-04:00,POINT (-80.96208 33.971947)
2025-09-23 10:31:26 UTC,sensor03,218187713,18.48,89.86,2025-09-23 10:31:26+00:00,33.971757,-80.961738,90.5,7.67,0.1,120.42,12.0,3D,2025-09-23 06:31:26-04:00,POINT (-80.961738 33.971757)
2025-09-23 10:31:31 UTC,sensor03,218187713,18.5,89.69,2025-09-23 10:31:31+00:00,33.971572,-80.961387,90.3,7.04,0.2,123.13,12.0,3D,2025-09-23 06:31:31-04:00,POINT (-80.961387 33.971572)
2025-09-23 10:31:36 UTC,sensor03,218187713,18.59,89.7,2025-09-23 10:31:36+00:00,33.971405,-80.961048,90.9,6.98,0.2,118.96,12.0,3D,2025-09-23 06:31:36-04:00,POINT (-80.961048 33.971405)
2025-09-23 10:31:41 UTC,sensor03,218187713,18.55,89.51,2025-09-23 10:31:41+00:00,33.97126,-80.960757,91.5,5.31,0.1,122.37,12.0,3D,2025-09-23 06:31:41-04:00,POINT (-80.960757 33.97126)
2025-09-23 10:31:51 UTC,sensor03,218187713,18.63,89.46,2025-09-23 10:31:51+00:00,33.971195,-80.960512,92.5,4.38,0.3,58.89,12.0,3D,2025-09-23 06:31:51-04:00,POINT (-80.960512 33.971195)
2025-09-23 10:31:56 UTC,sensor03,218187713,18.58,89.25,2025-09-23 10:31:56+00:00,33.971425,-80.96032,93.5,6.61,0.2,31.78,12.0,3D,2025-09-23 06:31:56-04:00,POINT (-80.96032 33.971425)
2025-09-23 10:32:01 UTC,sensor03,218187713,18.67,89.13,2025-09-23 10:32:01+00:00,33.971563,-80.960095,94.3,3.92,0.2,77.22,12.0,3D,2025-09-23 06:32:01-04:00,POINT (-80.960095 33.971563)
2025-09-23 10:32:07 UTC,sensor03,218187713,18.73,88.48,2025-09-23 10:32:06+00:00,33.97145,-80.959787,95.2,7.15,0.1,118.01,12.0,3D,2025-09-23 06:32:06-04:00,POINT (-80.959787 33.97145)
2025-09-23 10:32:12 UTC,sensor03,218187713,18.86,87.95,2025-09-23 10:32:09+00:00,33.97134,-80.959567,95.5,8.02,0.1,120.3,12.0,3D,2025-09-23 06:32:09-04:00,POINT (-80.959567 33.97134)
2025-09-23 10:32:17 UTC,sensor03,218187713,18.88,87.58,2025-09-23 10:32:14+00:00,33.9712,-80.959322,94.3,2.33,-0.5,124.94,12.0,3D,2025-09-23 06:32:14-04:00,POINT (-80.959322 33.9712)
2025-09-23 10:32:22 UTC,sensor03,218187713,18.9,87.44,2025-09-23 10:32:21+00:00,33.971225,-80.95916,93.9,4.42,0.1,49.71,12.0,3D,2025-09-23 06:32:21-04:00,POINT (-80.95916 33.971225)
2025-09-23 10:32:27 UTC,sensor03,218187713,18.96,87.29,2025-09-23 10:32:26+00:00,33.971477,-80.958988,94.5,6.97,0.1,30.54,12.0,3D,2025-09-23 06:32:26-04:00,POINT (-80.958988 33.971477)
2025-09-23 10:32:32 UTC,sensor03,218187713,18.93,87.1,2025-09-23 10:32:31+00:00,33.971777,-80.958792,94.5,7.69,0.0,30.45,12.0,3D,2025-09-23 06:32:31-04:00,POINT (-80.958792 33.971777)
2025-09-23 10:32:37 UTC,sensor03,218187713,18.87,87.13,2025-09-23 10:32:36+00:00,33.972088,-80.958577,94.0,8.18,-0.2,31.33,12.0,3D,2025-09-23 06:32:36-04:00,POINT (-80.958577 33.972088)
2025-09-23 10:32:42 UTC,sensor03,218187713,18.84,87.17,2025-09-23 10:32:42+00:00,33.972473,-80.958355,93.6,7.57,-0.1,0.0,12.0,3D,2025-09-23 06:32:42-04:00,POINT (-80.958355 33.972473)
2025-09-23 10:32:47 UTC,sensor03,218187713,18.86,87.27,2025-09-23 10:32:47+00:00,33.972777,-80.958302,93.8,6.66,0.0,0.0,12.0,3D,2025-09-23 06:32:47-04:00,POINT (-80.958302 33.972777)
2025-09-23 10:32:52 UTC,sensor03,218187713,18.89,87.3,2025-09-23 10:32:52+00:00,33.973132,-80.9583,91.3,7.48,-0.1,6.37,12.0,3D,2025-09-23 06:32:52-04:00,POINT (-80.9583 33.973132)
2025-09-23 10:32:57 UTC,sensor03,218187713,18.94,87.2,2025-09-23 10:32:57+00:00,33.97345,-80.958232,91.0,5.1,0.0,15.83,12.0,3D,2025-09-23 06:32:57-04:00,POINT (-80.958232 33.97345)
2025-09-23 10:33:12 UTC,sensor03,218187713,18.92,87.03,2025-09-23 10:33:12+00:00,33.973688,-80.958278,85.2,4.07,-0.1,295.3,12.0,3D,2025-09-23 06:33:12-04:00,POINT (-80.958278 33.973688)
2025-09-23 10:33:17 UTC,sensor03,218187713,18.93,87.12,2025-09-23 10:33:17+00:00,33.973788,-80.958492,85.2,4.01,0.0,300.59,12.0,3D,2025-09-23 06:33:17-04:00,POINT (-80.958492 33.973788)
2025-09-23 10:33:22 UTC,sensor03,218187713,18.91,86.85,2025-09-23 10:33:22+00:00,33.973848,-80.958643,85.3,2.7,-0.1,283.14,12.0,3D,2025-09-23 06:33:22-04:00,POINT (-80.958643 33.973848)
2025-09-23 10:33:27 UTC,sensor03,218187713,18.91,86.84,2025-09-23 10:33:27+00:00,33.973837,-80.95881,85.1,2.66,-0.1,253.3,12.0,3D,2025-09-23 06:33:27-04:00,POINT (-80.95881 33.973837)
2025-09-23 10:33:32 UTC,sensor03,218187713,18.89,87.0,2025-09-23 10:33:32+00:00,33.973793,-80.958973,84.7,4.41,0.1,252.62,12.0,3D,2025-09-23 06:33:32-04:00,POINT (-80.958973 33.973793)
2025-09-23 10:33:37 UTC,sensor03,218187713,18.96,86.95,2025-09-23 10:33:37+00:00,33.973687,-80.959205,84.5,4.99,0.1,232.05,12.0,3D,2025-09-23 06:33:37-04:00,POINT (-80.959205 33.973687)
2025-09-23 10:33:42 UTC,sensor03,218187713,19.07,86.59,2025-09-23 10:33:42+00:00,33.973523,-80.959388,82.2,5.51,-2.1,210.83,12.0,3D,2025-09-23 06:33:42-04:00,POINT (-80.959388 33.973523)
2025-09-23 10:33:47 UTC,sensor03,218187713,19.12,86.27,2025-09-23 10:33:47+00:00,33.973297,-80.959545,80.9,5.58,-0.3,219.03,12.0,3D,2025-09-23 06:33:47-04:00,POINT (-80.959545 33.973297)
2025-09-23 10:33:52 UTC,sensor03,218187713,19.18,86.18,2025-09-23 10:33:52+00:00,33.973113,-80.959792,80.8,5.74,0.4,248.91,12.0,3D,2025-09-23 06:33:52-04:00,POINT (-80.959792 33.973113)
2025-09-23 10:33:58 UTC,sensor03,218187713,19.26,86.1,2025-09-23 10:33:57+00:00,33.97308,-80.960102,81.2,6.04,0.1,279.19,12.0,3D,2025-09-23 06:33:57-04:00,POINT (-80.960102 33.97308)
2025-09-23 10:34:03 UTC,sensor03,218187713,19.44,86.07,2025-09-23 10:34:02+00:00,33.973205,-80.960393,82.4,6.0,-0.1,308.46,12.0,3D,2025-09-23 06:34:02-04:00,POINT (-80.960393 33.973205)
2025-09-23 10:34:08 UTC,sensor03,218187713,19.54,85.61,2025-09-23 10:34:07+00:00,33.973415,-80.96061,83.2,6.46,0.3,320.51,12.0,3D,2025-09-23 06:34:07-04:00,POINT (-80.96061 33.973415)
2025-09-23 10:34:13 UTC,sensor03,218187713,19.59,84.9,2025-09-23 10:34:09+00:00,33.973502,-80.960702,83.0,6.39,0.0,319.11,12.0,3D,2025-09-23 06:34:09-04:00,POINT (-80.960702 33.973502)
2025-09-23 10:34:18 UTC,sensor03,218187713,19.44,84.77,2025-09-23 10:34:17+00:00,33.97374,-80.961097,82.5,5.66,0.1,301.9,12.0,3D,2025-09-23 06:34:17-04:00,POINT (-80.961097 33.97374)
2025-09-23 10:34:23 UTC,sensor03,218187713,19.26,84.95,2025-09-23 10:34:22+00:00,33.973915,-80.961298,81.9,5.59,0.0,315.15,13.0,3D,2025-09-23 06:34:22-04:00,POINT (-80.961298 33.973915)
2025-09-23 10:34:28 UTC,sensor03,218187713,19.08,85.8,2025-09-23 10:34:27+00:00,33.97413,-80.96152,80.4,6.32,-0.3,313.66,12.0,3D,2025-09-23 06:34:27-04:00,POINT (-80.96152 33.97413)
2025-09-23 10:34:33 UTC,sensor03,218187713,18.97,86.27,2025-09-23 10:34:33+00:00,33.97444,-80.961857,77.6,7.84,-0.3,0.0,12.0,3D,2025-09-23 06:34:33-04:00,POINT (-80.961857 33.97444)
2025-09-23 10:34:38 UTC,sensor03,218187713,19.06,86.55,2025-09-23 10:34:38+00:00,33.974687,-80.962108,77.7,7.04,-0.1,0.0,12.0,3D,2025-09-23 06:34:38-04:00,POINT (-80.962108 33.974687)
2025-09-23 10:34:43 UTC,sensor03,218187713,19.01,86.68,2025-09-23 10:34:43+00:00,33.974902,-80.962318,77.2,5.79,-0.2,0.0,12.0,3D,2025-09-23 06:34:43-04:00,POINT (-80.962318 33.974902)
2025-09-23 10:34:48 UTC,sensor03,218187713,19.0,86.91,2025-09-23 10:34:48+00:00,33.975113,-80.962515,76.3,6.26,0.0,0.0,4.0,3D,2025-09-23 06:34:48-04:00,POINT (-80.962515 33.975113)
2025-09-23 10:34:53 UTC,sensor03,218187713,18.95,87.29,2025-09-23 10:34:53+00:00,33.975307,-80.962725,77.2,5.2,0.2,0.0,4.0,3D,2025-09-23 06:34:53-04:00,POINT (-80.962725 33.975307)
2025-09-23 10:34:58 UTC,sensor03,218187713,18.93,87.51,2025-09-23 10:34:58+00:00,33.975467,-80.9628,77.6,3.33,0.2,0.0,8.0,3D,2025-09-23 06:34:58-04:00,POINT (-80.9628 33.975467)
2025-09-23 10:35:03 UTC,sensor03,218187713,18.91,87.7,2025-09-23 10:35:03+00:00,33.975557,-80.962667,80.4,4.32,-0.1,0.0,8.0,3D,2025-09-23 06:35:03-04:00,POINT (-80.962667 33.975557)
2025-09-23 10:35:08 UTC,sensor03,218187713,18.93,87.66,2025-09-23 10:35:08+00:00,33.97552,-80.962452,81.4,3.7,0.2,0.0,12.0,3D,2025-09-23 06:35:08-04:00,POINT (-80.962452 33.97552)
2025-09-23 10:35:18 UTC,sensor03,218187713,19.04,87.14,2025-09-23 10:35:18+00:00,33.97565,-80.96221,85.7,4.38,0.3,50.95,12.0,3D,2025-09-23 06:35:18-04:00,POINT (-80.96221 33.97565)
2025-09-23 10:35:23 UTC,sensor03,218187713,19.07,86.8,2025-09-23 10:35:23+00:00,33.975713,-80.961977,86.7,4.53,0.3,73.22,12.0,3D,2025-09-23 06:35:23-04:00,POINT (-80.961977 33.975713)
2025-09-23 10:35:28 UTC,sensor03,218187713,19.07,86.52,2025-09-23 10:35:28+00:00,33.975778,-80.961725,89.9,5.48,0.8,68.34,12.0,3D,2025-09-23 06:35:28-04:00,POINT (-80.961725 33.975778)
2025-09-23 10:35:43 UTC,sensor03,218187713,19.16,86.12,2025-09-23 10:35:43+00:00,33.976032,-80.96145,91.1,3.68,0.0,340.79,12.0,3D,2025-09-23 06:35:43-04:00,POINT (-80.96145 33.976032)
2025-09-23 10:35:48 UTC,sensor03,218187713,19.14,86.01,2025-09-23 10:35:48+00:00,33.976173,-80.961603,91.7,4.92,0.0,318.35,11.0,3D,2025-09-23 06:35:48-04:00,POINT (-80.961603 33.976173)
2025-09-23 10:35:53 UTC,sensor03,218187713,19.21,86.03,2025-09-23 10:35:53+00:00,33.976345,-80.961792,92.1,5.22,-0.1,316.0,11.0,3D,2025-09-23 06:35:53-04:00,POINT (-80.961792 33.976345)
2025-09-23 10:35:58 UTC,sensor03,218187713,19.19,85.98,2025-09-23 10:35:58+00:00,33.976537,-80.961982,91.9,5.39,0.0,313.32,11.0,3D,2025-09-23 06:35:58-04:00,POINT (-80.961982 33.976537)
2025-09-23 10:36:04 UTC,sensor03,218187713,19.18,86.19,2025-09-23 10:36:03+00:00,33.976687,-80.96216,92.2,4.46,0.0,311.41,11.0,3D,2025-09-23 06:36:03-04:00,POINT (-80.96216 33.976687)
2025-09-23 10:36:09 UTC,sensor03,218187713,19.1,86.3,2025-09-23 10:36:08+00:00,33.976843,-80.962337,92.0,4.65,-0.4,320.3,11.0,3D,2025-09-23 06:36:08-04:00,POINT (-80.962337 33.976843)
2025-09-23 10:36:14 UTC,sensor03,218187713,19.05,86.52,2025-09-23 10:36:13+00:00,33.977013,-80.962537,91.8,5.25,0.03,317.19,11.0,3D,2025-09-23 06:36:13-04:00,POINT (-80.962537 33.977013)
2025-09-23 10:36:19 UTC,sensor03,218187713,18.97,86.7,2025-09-23 10:36:14+00:00,33.977048,-80.962572,91.7,4.82,-0.1,320.2,11.0,3D,2025-09-23 06:36:14-04:00,POINT (-80.962572 33.977048)
2025-09-23 10:36:24 UTC,sensor03,218187713,18.86,87.08,2025-09-23 10:36:23+00:00,33.97727,-80.96274,90.5,4.82,-0.1,338.61,11.0,3D,2025-09-23 06:36:23-04:00,POINT (-80.96274 33.97727)
2025-09-23 10:36:29 UTC,sensor03,218187713,18.69,87.65,2025-09-23 10:36:28+00:00,33.97749,-80.962773,90.4,5.1,0.0,2.48,11.0,3D,2025-09-23 06:36:28-04:00,POINT (-80.962773 33.97749)
2025-09-23 10:36:39 UTC,sensor03,218187713,18.62,88.57,2025-09-23 10:36:39+00:00,33.977758,-80.96267,90.4,5.08,0.0,0.0,11.0,3D,2025-09-23 06:36:39-04:00,POINT (-80.96267 33.977758)
2025-09-23 10:36:44 UTC,sensor03,218187713,18.6,88.8,2025-09-23 10:36:44+00:00,33.977942,-80.962472,89.4,5.36,-0.2,0.0,11.0,3D,2025-09-23 06:36:44-04:00,POINT (-80.962472 33.977942)
2025-09-23 10:36:54 UTC,sensor03,218187713,18.59,89.03,2025-09-23 10:36:54+00:00,33.978027,-80.962312,88.2,2.5,0.0,59.99,11.0,3D,2025-09-23 06:36:54-04:00,POINT (-80.962312 33.978027)
2025-09-23 10:36:59 UTC,sensor03,218187713,18.58,89.13,2025-09-23 10:36:59+00:00,33.978187,-80.96215,88.9,5.47,0.4,48.12,11.0,3D,2025-09-23 06:36:59-04:00,POINT (-80.96215 33.978187)
2025-09-23 10:37:04 UTC,sensor03,218187713,18.6,89.27,2025-09-23 10:37:04+00:00,33.978367,-80.961928,89.3,5.03,0.0,45.76,11.0,3D,2025-09-23 06:37:04-04:00,POINT (-80.961928 33.978367)
2025-09-23 10:37:29 UTC,sensor03,218187713,18.76,88.78,2025-09-23 10:37:29+00:00,33.978552,-80.961765,89.0,2.81,0.0,3.72,11.0,3D,2025-09-23 06:37:29-04:00,POINT (-80.961765 33.978552)
2025-09-23 10:37:34 UTC,sensor03,218187713,18.64,88.67,2025-09-23 10:37:34+00:00,33.978708,-80.961878,88.8,4.56,0.0,318.63,11.0,3D,2025-09-23 06:37:34-04:00,POINT (-80.961878 33.978708)
2025-09-23 10:37:44 UTC,sensor03,218187713,18.63,88.91,2025-09-23 10:37:44+00:00,33.978875,-80.962062,88.3,2.97,-0.1,292.12,11.0,3D,2025-09-23 06:37:44-04:00,POINT (-80.962062 33.978875)
2025-09-23 10:37:49 UTC,sensor03,218187713,18.63,89.04,2025-09-23 10:37:49+00:00,33.978788,-80.962255,87.8,5.58,-0.2,225.98,11.0,3D,2025-09-23 06:37:49-04:00,POINT (-80.962255 33.978788)
2025-09-23 10:37:54 UTC,sensor03,218187713,18.62,89.19,2025-09-23 10:37:54+00:00,33.978585,-80.962513,87.3,6.83,-0.2,225.27,11.0,3D,2025-09-23 06:37:54-04:00,POINT (-80.962513 33.978585)
2025-09-23 10:38:00 UTC,sensor03,218187713,18.62,89.38,2025-09-23 10:37:59+00:00,33.978395,-80.962785,87.6,5.25,0.5,226.22,11.0,3D,2025-09-23 06:37:59-04:00,POINT (-80.962785 33.978395)
2025-09-23 10:38:10 UTC,sensor03,218187713,18.68,89.33,2025-09-23 10:38:09+00:00,33.978233,-80.963002,88.8,3.9,-0.3,204.86,11.0,3D,2025-09-23 06:38:09-04:00,POINT (-80.963002 33.978233)
2025-09-23 10:38:15 UTC,sensor03,218187713,18.71,89.18,2025-09-23 10:38:14+00:00,33.978022,-80.96309,88.4,5.94,-0.05,201.94,11.0,3D,2025-09-23 06:38:14-04:00,POINT (-80.96309 33.978022)
2025-09-23 10:38:20 UTC,sensor03,218187713,18.74,89.04,2025-09-23 10:38:19+00:00,33.977765,-80.963188,87.8,5.53,0.0,198.28,11.0,3D,2025-09-23 06:38:19-04:00,POINT (-80.963188 33.977765)
2025-09-23 10:38:25 UTC,sensor03,218187713,18.75,88.8,2025-09-23 10:38:24+00:00,33.977497,-80.963228,87.9,5.47,0.0,177.92,11.0,3D,2025-09-23 06:38:24-04:00,POINT (-80.963228 33.977497)
2025-09-23 10:38:30 UTC,sensor03,218187713,18.76,88.78,2025-09-23 10:38:29+00:00,33.977202,-80.963128,88.5,6.02,0.1,159.39,11.0,3D,2025-09-23 06:38:29-04:00,POINT (-80.963128 33.977202)
2025-09-23 10:38:40 UTC,sensor03,218187713,18.76,88.54,2025-09-23 10:38:40+00:00,33.977068,-80.962825,90.2,4.2,0.1,0.0,11.0,3D,2025-09-23 06:38:40-04:00,POINT (-80.962825 33.977068)
2025-09-23 10:38:50 UTC,sensor03,218187713,18.78,88.6,2025-09-23 10:38:50+00:00,33.977018,-80.962565,89.6,4.99,-0.1,0.0,11.0,3D,2025-09-23 06:38:50-04:00,POINT (-80.962565 33.977018)
2025-09-23 10:38:55 UTC,sensor03,218187713,18.81,88.31,2025-09-23 10:38:55+00:00,33.976823,-80.96233,89.0,6.2,-0.2,135.82,11.0,3D,2025-09-23 06:38:55-04:00,POINT (-80.96233 33.976823)
2025-09-23 10:39:00 UTC,sensor03,218187713,18.86,88.1,2025-09-23 10:39:00+00:00,33.976607,-80.962073,88.6,6.85,-0.1,138.86,11.0,3D,2025-09-23 06:39:00-04:00,POINT (-80.962073 33.976607)
2025-09-23 10:39:05 UTC,sensor03,218187713,18.93,87.9,2025-09-23 10:39:05+00:00,33.976392,-80.961777,87.3,7.16,-0.2,137.64,11.0,3D,2025-09-23 06:39:05-04:00,POINT (-80.961777 33.976392)
2025-09-23 10:39:10 UTC,sensor03,218187713,19.02,87.63,2025-09-23 10:39:10+00:00,33.976145,-80.961535,87.1,5.86,0.0,139.55,11.0,3D,2025-09-23 06:39:10-04:00,POINT (-80.961535 33.976145)
2025-09-23 10:39:20 UTC,sensor03,218187713,18.99,87.28,2025-09-23 10:39:20+00:00,33.975873,-80.961572,87.2,5.45,-0.2,235.36,11.0,3D,2025-09-23 06:39:20-04:00,POINT (-80.961572 33.975873)
2025-09-23 10:39:25 UTC,sensor03,218187713,19.07,87.28,2025-09-23 10:39:25+00:00,33.975745,-80.961917,86.5,6.81,-0.1,251.77,11.0,3D,2025-09-23 06:39:25-04:00,POINT (-80.961917 33.975745)
2025-09-23 10:39:30 UTC,sensor03,218187713,19.08,87.07,2025-09-23 10:39:30+00:00,33.975635,-80.962245,85.8,6.61,-0.1,237.1,11.0,3D,2025-09-23 06:39:30-04:00,POINT (-80.962245 33.975635)
2025-09-23 10:39:45 UTC,sensor03,218187713,19.21,86.54,2025-09-23 10:39:45+00:00,33.975512,-80.962513,85.2,4.15,-0.1,288.08,10.0,3D,2025-09-23 06:39:45-04:00,POINT (-80.962513 33.975512)
2025-09-23 10:39:50 UTC,sensor03,218187713,19.22,86.5,2025-09-23 10:39:50+00:00,33.975512,-80.96279,84.6,3.73,0.4,240.31,10.0,3D,2025-09-23 06:39:50-04:00,POINT (-80.96279 33.975512)
2025-09-23 10:39:56 UTC,sensor03,218187713,19.16,86.49,2025-09-23 10:39:55+00:00,33.975422,-80.962895,86.6,2.93,0.1,184.15,10.0,3D,2025-09-23 06:39:55-04:00,POINT (-80.962895 33.975422)
2025-09-23 10:40:01 UTC,sensor03,218187713,19.09,86.62,2025-09-23 10:40:00+00:00,33.97525,-80.962803,87.1,4.43,0.2,149.26,10.0,3D,2025-09-23 06:40:00-04:00,POINT (-80.962803 33.97525)
2025-09-23 10:40:06 UTC,sensor03,218187713,19.15,86.65,2025-09-23 10:40:05+00:00,33.974913,-80.962453,87.7,9.62,0.1,138.86,10.0,3D,2025-09-23 06:40:05-04:00,POINT (-80.962453 33.974913)
2025-09-23 10:40:11 UTC,sensor03,218187713,18.83,86.75,2025-09-23 10:40:10+00:00,33.974563,-80.962068,88.1,10.42,0.2,136.58,10.0,3D,2025-09-23 06:40:10-04:00,POINT (-80.962068 33.974563)
2025-09-23 10:40:16 UTC,sensor03,218187713,18.81,87.31,2025-09-23 10:40:10+00:00,33.974563,-80.962068,88.1,10.42,0.2,136.58,10.0,3D,2025-09-23 06:40:10-04:00,POINT (-80.962068 33.974563)
2025-09-23 10:40:21 UTC,sensor03,218187713,19.1,87.45,2025-09-23 10:40:17+00:00,33.974102,-80.96153,88.6,8.2,0.07,135.42,10.0,3D,2025-09-23 06:40:17-04:00,POINT (-80.96153 33.974102)
2025-09-23 10:40:26 UTC,sensor03,218187713,19.1,87.07,2025-09-23 10:40:25+00:00,33.973795,-80.96114,87.6,3.68,-0.1,134.62,10.0,3D,2025-09-23 06:40:25-04:00,POINT (-80.96114 33.973795)
2025-09-23 10:40:31 UTC,sensor03,218187713,19.14,86.96,2025-09-23 10:40:30+00:00,33.973692,-80.960973,87.1,2.91,-0.2,104.43,10.0,3D,2025-09-23 06:40:30-04:00,POINT (-80.960973 33.973692)
2025-09-23 10:40:46 UTC,sensor03,218187713,19.16,86.7,2025-09-23 10:40:46+00:00,33.973732,-80.96072,89.8,3.74,0.0,153.03,10.0,3D,2025-09-23 06:40:46-04:00,POINT (-80.96072 33.973732)
2025-09-23 10:40:51 UTC,sensor03,218187713,19.34,86.42,2025-09-23 10:40:51+00:00,33.97356,-80.960585,90.6,4.39,0.3,145.89,10.0,3D,2025-09-23 06:40:51-04:00,POINT (-80.960585 33.97356)
2025-09-23 10:40:56 UTC,sensor03,218187713,19.34,85.81,2025-09-23 10:40:56+00:00,33.973353,-80.960373,91.8,5.48,0.3,141.83,10.0,3D,2025-09-23 06:40:56-04:00,POINT (-80.960373 33.973353)
2025-09-23 10:41:01 UTC,sensor03,218187713,19.46,85.47,2025-09-23 10:41:01+00:00,33.973203,-80.960178,92.1,4.54,0.1,116.33,10.0,3D,2025-09-23 06:41:01-04:00,POINT (-80.960178 33.973203)
2025-09-23 10:41:06 UTC,sensor03,218187713,19.38,85.16,2025-09-23 10:41:06+00:00,33.973183,-80.959905,93.3,4.9,-0.1,78.2,10.0,3D,2025-09-23 06:41:06-04:00,POINT (-80.959905 33.973183)
2025-09-23 10:41:11 UTC,sensor03,218187713,19.28,85.35,2025-09-23 10:41:11+00:00,33.97327,-80.959653,93.0,4.69,0.1,57.81,10.0,3D,2025-09-23 06:41:11-04:00,POINT (-80.959653 33.97327)
2025-09-23 10:41:16 UTC,sensor03,218187713,19.17,85.71,2025-09-23 10:41:16+00:00,33.97344,-80.95954,91.3,3.15,-0.2,345.94,10.0,3D,2025-09-23 06:41:16-04:00,POINT (-80.95954 33.97344)
2025-09-23 10:41:21 UTC,sensor03,218187713,19.09,86.15,2025-09-23 10:41:21+00:00,33.973565,-80.959703,90.3,5.19,-0.3,307.5,10.0,3D,2025-09-23 06:41:21-04:00,POINT (-80.959703 33.973565)
2025-09-23 10:41:26 UTC,sensor03,218187713,19.01,86.41,2025-09-23 10:41:26+00:00,33.973747,-80.959912,90.1,4.88,0.1,316.36,10.0,3D,2025-09-23 06:41:26-04:00,POINT (-80.959912 33.973747)
2025-09-23 10:41:31 UTC,sensor03,218187713,19.1,86.39,2025-09-23 10:41:31+00:00,33.973922,-80.960093,89.1,5.2,-0.1,322.22,10.0,3D,2025-09-23 06:41:31-04:00,POINT (-80.960093 33.973922)
2025-09-23 10:41:36 UTC,sensor03,218187713,19.16,86.44,2025-09-23 10:41:36+00:00,33.974105,-80.960283,86.1,3.77,-0.3,315.07,10.0,3D,2025-09-23 06:41:36-04:00,POINT (-80.960283 33.974105)
2025-09-23 10:41:41 UTC,sensor03,218187713,19.1,86.43,2025-09-23 10:41:41+00:00,33.974083,-80.960425,86.4,2.63,0.0,222.78,10.0,3D,2025-09-23 06:41:41-04:00,POINT (-80.960425 33.974083)
2025-09-23 10:41:46 UTC,sensor03,218187713,19.19,86.43,2025-09-23 10:41:46+00:00,33.973948,-80.960398,85.6,3.83,-0.1,143.69,10.0,3D,2025-09-23 06:41:46-04:00,POINT (-80.960398 33.973948)
2025-09-23 10:41:51 UTC,sensor03,218187713,19.35,86.19,2025-09-23 10:41:51+00:00,33.973805,-80.96025,85.7,4.41,0.0,131.71,10.0,3D,2025-09-23 06:41:51-04:00,POINT (-80.96025 33.973805)
2025-09-23 10:41:56 UTC,sensor03,218187713,19.4,85.65,2025-09-23 10:41:56+00:00,33.97363,-80.960133,86.4,4.74,0.1,146.41,9.0,3D,2025-09-23 06:41:56-04:00,POINT (-80.960133 33.97363)
2025-09-23 10:42:02 UTC,sensor03,218187713,19.45,85.34,2025-09-23 10:42:01+00:00,33.97346,-80.959983,86.1,3.05,-0.1,157.65,9.0,3D,2025-09-23 06:42:01-04:00,POINT (-80.959983 33.97346)
2025-09-23 10:42:07 UTC,sensor03,218187713,19.45,85.15,2025-09-23 10:42:06+00:00,33.973297,-80.96005,86.3,2.54,0.0,250.28,10.0,3D,2025-09-23 06:42:06-04:00,POINT (-80.96005 33.973297)
2025-09-23 10:42:12 UTC,sensor03,218187713,19.44,84.99,2025-09-23 10:42:11+00:00,33.973425,-80.960223,86.4,5.08,0.1,316.53,10.0,3D,2025-09-23 06:42:11-04:00,POINT (-80.960223 33.973425)
2025-09-23 10:42:17 UTC,sensor03,218187713,19.55,84.96,2025-09-23 10:42:11+00:00,33.973425,-80.960223,86.4,5.08,0.1,316.53,10.0,3D,2025-09-23 06:42:11-04:00,POINT (-80.960223 33.973425)
2025-09-23 10:42:22 UTC,sensor03,218187713,19.52,84.82,2025-09-23 10:42:21+00:00,33.9738,-80.960543,87.5,3.64,0.7,324.68,10.0,3D,2025-09-23 06:42:21-04:00,POINT (-80.960543 33.9738)
2025-09-23 10:42:27 UTC,sensor03,218187713,19.4,84.93,2025-09-23 10:42:26+00:00,33.973865,-80.960645,86.8,2.89,-0.2,253.77,10.0,3D,2025-09-23 06:42:26-04:00,POINT (-80.960645 33.973865)
2025-09-23 10:42:42 UTC,sensor03,218187713,19.25,85.76,2025-09-23 10:42:42+00:00,33.973843,-80.96104,83.3,3.5,-0.3,0.0,10.0,3D,2025-09-23 06:42:42-04:00,POINT (-80.96104 33.973843)
2025-09-23 10:42:47 UTC,sensor03,218187713,19.45,85.89,2025-09-23 10:42:47+00:00,33.97376,-80.961095,81.7,2.96,-0.2,0.0,10.0,3D,2025-09-23 06:42:47-04:00,POINT (-80.961095 33.97376)
2025-09-23 10:42:52 UTC,sensor03,218187713,19.33,85.74,2025-09-23 10:42:52+00:00,33.973617,-80.960875,80.7,6.97,-0.1,122.67,10.0,3D,2025-09-23 06:42:52-04:00,POINT (-80.960875 33.973617)
2025-09-23 10:42:57 UTC,sensor03,218187713,19.33,85.67,2025-09-23 10:42:57+00:00,33.973358,-80.960588,79.9,8.0,-0.3,142.57,10.0,3D,2025-09-23 06:42:57-04:00,POINT (-80.960588 33.973358)
2025-09-23 10:43:02 UTC,sensor03,218187713,19.41,85.57,2025-09-23 10:43:02+00:00,33.973108,-80.960302,79.0,7.86,0.1,121.98,10.0,3D,2025-09-23 06:43:02-04:00,POINT (-80.960302 33.973108)
2025-09-23 10:43:07 UTC,sensor03,218187713,19.35,85.37,2025-09-23 10:43:07+00:00,33.973025,-80.959847,79.6,8.33,0.1,82.71,10.0,3D,2025-09-23 06:43:07-04:00,POINT (-80.959847 33.973025)
2025-09-23 10:43:12 UTC,sensor03,218187713,19.1,85.78,2025-09-23 10:43:12+00:00,33.973223,-80.959477,80.0,6.97,0.0,46.0,10.0,3D,2025-09-23 06:43:12-04:00,POINT (-80.959477 33.973223)
2025-09-23 10:43:22 UTC,sensor03,218187713,19.0,86.85,2025-09-23 10:43:22+00:00,33.973418,-80.959315,80.0,2.46,-0.2,38.62,10.0,3D,2025-09-23 06:43:22-04:00,POINT (-80.959315 33.973418)
2025-09-23 10:43:27 UTC,sensor03,218187713,18.96,87.11,2025-09-23 10:43:27+00:00,33.973608,-80.959153,81.5,6.12,0.4,47.27,10.0,3D,2025-09-23 06:43:27-04:00,POINT (-80.959153 33.973608)
2025-09-23 10:43:32 UTC,sensor03,218187713,19.07,87.22,2025-09-23 10:43:32+00:00,33.973767,-80.958822,82.0,6.23,0.0,83.61,10.0,3D,2025-09-23 06:43:32-04:00,POINT (-80.958822 33.973767)
2025-09-23 10:43:37 UTC,sensor03,218187713,19.03,86.98,2025-09-23 10:43:37+00:00,33.97369,-80.958467,81.9,6.25,0.0,119.56,10.0,3D,2025-09-23 06:43:37-04:00,POINT (-80.958467 33.97369)
2025-09-23 10:43:52 UTC,sensor03,218187713,19.1,86.84,2025-09-23 10:43:52+00:00,33.973625,-80.958128,81.1,5.57,0.3,54.75,10.0,3D,2025-09-23 06:43:52-04:00,POINT (-80.958128 33.973625)
2025-09-23 10:43:57 UTC,sensor03,218187713,18.96,86.87,2025-09-23 10:43:57+00:00,33.973785,-80.957893,82.5,4.31,0.2,62.32,10.0,3D,2025-09-23 06:43:57-04:00,POINT (-80.957893 33.973785)
2025-09-23 10:44:02 UTC,sensor03,218187713,18.89,87.18,2025-09-23 10:44:02+00:00,33.973817,-80.95778,82.5,3.43,-0.1,53.36,10.0,3D,2025-09-23 06:44:02-04:00,POINT (-80.95778 33.973817)
2025-09-23 10:44:08 UTC,sensor03,218187713,18.86,87.45,2025-09-23 10:44:07+00:00,33.974072,-80.957655,81.1,7.67,0.0,13.18,10.0,3D,2025-09-23 06:44:07-04:00,POINT (-80.957655 33.974072)
2025-09-23 10:44:13 UTC,sensor03,218187713,18.83,87.61,2025-09-23 10:44:11+00:00,33.974382,-80.957503,81.8,10.63,0.4,28.59,10.0,3D,2025-09-23 06:44:11-04:00,POINT (-80.957503 33.974382)
2025-09-23 10:44:18 UTC,sensor03,218187713,18.94,87.67,2025-09-23 10:44:16+00:00,33.974783,-80.957218,83.1,9.06,0.1,31.12,10.0,3D,2025-09-23 06:44:16-04:00,POINT (-80.957218 33.974783)
2025-09-23 10:44:23 UTC,sensor03,218187713,18.86,87.39,2025-09-23 10:44:22+00:00,33.975067,-80.957025,83.1,2.61,0.1,26.05,10.0,3D,2025-09-23 06:44:22-04:00,POINT (-80.957025 33.975067)
2025-09-23 10:45:43 UTC,sensor03,218187713,18.99,87.65,2025-09-23 10:45:43+00:00,33.975323,-80.956938,84.0,7.58,0.2,349.57,11.0,3D,2025-09-23 06:45:43-04:00,POINT (-80.956938 33.975323)
2025-09-23 10:45:48 UTC,sensor03,218187713,18.92,87.44,2025-09-23 10:45:48+00:00,33.975712,-80.957255,84.6,12.04,0.3,318.31,11.0,3D,2025-09-23 06:45:48-04:00,POINT (-80.957255 33.975712)
2025-09-23 10:45:53 UTC,sensor03,218187713,18.98,87.48,2025-09-23 10:45:53+00:00,33.976195,-80.957727,84.7,13.74,0.0,320.71,11.0,3D,2025-09-23 06:45:53-04:00,POINT (-80.957727 33.976195)
2025-09-23 10:45:58 UTC,sensor03,218187713,19.06,87.41,2025-09-23 10:45:58+00:00,33.976708,-80.958232,84.0,14.2,0.1,319.87,11.0,3D,2025-09-23 06:45:58-04:00,POINT (-80.958232 33.976708)
2025-09-23 10:46:03 UTC,sensor03,218187713,18.98,87.35,2025-09-23 10:46:03+00:00,33.97721,-80.958713,84.3,14.05,-0.1,319.33,11.0,3D,2025-09-23 06:46:03-04:00,POINT (-80.958713 33.97721)
2025-09-23 10:46:08 UTC,sensor03,218187713,18.97,87.49,2025-09-23 10:46:08+00:00,33.977745,-80.959238,82.4,14.84,-0.1,320.3,11.0,3D,2025-09-23 06:46:08-04:00,POINT (-80.959238 33.977745)
2025-09-23 10:46:13 UTC,sensor03,218187713,18.86,87.66,2025-09-23 10:46:11+00:00,33.978042,-80.959537,82.9,14.07,0.2,319.72,11.0,3D,2025-09-23 06:46:11-04:00,POINT (-80.959537 33.978042)
2025-09-23 10:46:18 UTC,sensor03,218187713,18.72,87.79,2025-09-23 10:46:18+00:00,33.978695,-80.960258,0.0,13.38,0.0,316.12,14.0,3D,2025-09-23 06:46:18-04:00,POINT (-80.960258 33.978695)
2025-09-23 10:46:23 UTC,sensor03,218187713,18.63,88.1,2025-09-23 10:46:23+00:00,33.979113,-80.960723,83.3,12.25,0.4,317.56,11.0,3D,2025-09-23 06:46:23-04:00,POINT (-80.960723 33.979113)
2025-09-23 10:46:29 UTC,sensor03,218187713,18.81,88.62,2025-09-23 10:46:28+00:00,33.979528,-80.961195,83.8,12.79,0.0,317.05,11.0,3D,2025-09-23 06:46:28-04:00,POINT (-80.961195 33.979528)
2025-09-23 10:46:34 UTC,sensor03,218187713,18.86,88.54,2025-09-23 10:46:33+00:00,33.979975,-80.96169,85.0,14.48,0.4,319.05,11.0,3D,2025-09-23 06:46:33-04:00,POINT (-80.96169 33.979975)
2025-09-23 10:46:39 UTC,sensor03,218187713,18.94,88.14,2025-09-23 10:46:38+00:00,33.980465,-80.96221,84.7,13.98,0.2,316.41,11.0,3D,2025-09-23 06:46:38-04:00,POINT (-80.96221 33.980465)
2025-09-23 10:46:44 UTC,sensor03,218187713,18.83,87.89,2025-09-23 10:46:43+00:00,33.980878,-80.962733,83.5,12.19,-0.4,312.64,11.0,3D,2025-09-23 06:46:43-04:00,POINT (-80.962733 33.980878)
2025-09-23 10:46:49 UTC,sensor03,218187713,18.84,88.19,2025-09-23 10:46:48+00:00,33.981167,-80.96311,83.4,7.5,-0.3,310.12,11.0,3D,2025-09-23 06:46:48-04:00,POINT (-80.96311 33.981167)
2025-09-23 10:46:54 UTC,sensor03,218187713,18.74,88.4,2025-09-23 10:46:53+00:00,33.981363,-80.963402,82.4,5.74,-0.1,305.45,11.0,3D,2025-09-23 06:46:53-04:00,POINT (-80.963402 33.981363)
2025-09-23 10:46:59 UTC,sensor03,218187713,18.77,88.65,2025-09-23 10:46:58+00:00,33.981533,-80.963702,82.6,8.1,-0.3,306.66,11.0,3D,2025-09-23 06:46:58-04:00,POINT (-80.963702 33.981533)
2025-09-23 10:47:04 UTC,sensor03,218187713,19.07,88.77,2025-09-23 10:47:03+00:00,33.981808,-80.964155,81.0,11.95,-0.7,305.55,11.0,3D,2025-09-23 06:47:03-04:00,POINT (-80.964155 33.981808)
2025-09-23 10:47:09 UTC,sensor03,218187713,18.89,88.39,2025-09-23 10:47:08+00:00,33.98216,-80.96471,74.3,13.37,-1.8,304.68,11.0,3D,2025-09-23 06:47:08-04:00,POINT (-80.96471 33.98216)
2025-09-23 10:47:14 UTC,sensor03,218187713,18.91,88.6,2025-09-23 10:47:14+00:00,33.982575,-80.965425,73.3,13.89,-0.3,0.0,11.0,3D,2025-09-23 06:47:14-04:00,POINT (-80.965425 33.982575)
2025-09-23 10:47:19 UTC,sensor03,218187713,18.71,88.71,2025-09-23 10:47:19+00:00,33.982928,-80.966025,74.9,13.3,0.3,0.0,11.0,3D,2025-09-23 06:47:19-04:00,POINT (-80.966025 33.982928)
2025-09-23 10:47:24 UTC,sensor03,218187713,18.55,89.23,2025-09-23 10:47:24+00:00,33.983243,-80.966585,80.3,12.1,0.8,0.0,11.0,3D,2025-09-23 06:47:24-04:00,POINT (-80.966585 33.983243)
2025-09-23 10:47:29 UTC,sensor03,218187713,18.57,89.61,2025-09-23 10:47:29+00:00,33.98356,-80.967105,82.4,12.12,0.5,0.0,11.0,3D,2025-09-23 06:47:29-04:00,POINT (-80.967105 33.98356)
2025-09-23 10:47:34 UTC,sensor03,218187713,18.69,89.79,2025-09-23 10:47:34+00:00,33.983875,-80.967632,84.4,13.06,0.2,305.18,11.0,3D,2025-09-23 06:47:34-04:00,POINT (-80.967632 33.983875)
2025-09-23 10:47:39 UTC,sensor03,218187713,18.69,89.67,2025-09-23 10:47:39+00:00,33.984247,-80.968233,83.6,14.79,-0.4,307.11,11.0,3D,2025-09-23 06:47:39-04:00,POINT (-80.968233 33.984247)
2025-09-23 10:47:44 UTC,sensor03,218187713,18.58,89.64,2025-09-23 10:47:44+00:00,33.98467,-80.968898,83.3,15.12,-0.3,308.68,11.0,3D,2025-09-23 06:47:44-04:00,POINT (-80.968898 33.98467)
2025-09-23 10:48:19 UTC,sensor03,218187713,18.85,90.05,2025-09-23 10:48:19+00:00,33.98848,-80.972797,51.2,15.01,-1.09,316.92,11.0,3D,2025-09-23 06:48:19-04:00,POINT (-80.972797 33.98848)
2025-09-23 10:48:24 UTC,sensor03,218187713,18.78,89.22,2025-09-23 10:48:24+00:00,33.988972,-80.97336,47.6,14.55,-0.3,316.43,11.0,3D,2025-09-23 06:48:24-04:00,POINT (-80.97336 33.988972)
2025-09-23 10:48:29 UTC,sensor03,218187713,18.72,89.04,2025-09-23 10:48:29+00:00,33.989458,-80.973928,46.8,14.68,0.0,316.45,11.0,3D,2025-09-23 06:48:29-04:00,POINT (-80.973928 33.989458)
2025-09-23 10:48:34 UTC,sensor03,218187713,18.67,89.18,2025-09-23 10:48:34+00:00,33.989943,-80.974478,47.1,14.67,-0.5,315.5,11.0,3D,2025-09-23 06:48:34-04:00,POINT (-80.974478 33.989943)
2025-09-23 10:48:39 UTC,sensor03,218187713,18.65,89.21,2025-09-23 10:48:39+00:00,33.990442,-80.975017,45.1,14.84,-0.7,315.62,11.0,3D,2025-09-23 06:48:39-04:00,POINT (-80.975017 33.990442)
2025-09-23 10:48:44 UTC,sensor03,218187713,18.81,88.83,2025-09-23 10:48:44+00:00,33.990935,-80.975575,45.0,14.78,0.4,316.06,11.0,3D,2025-09-23 06:48:44-04:00,POINT (-80.975575 33.990935)
2025-09-23 10:48:49 UTC,sensor03,218187713,18.79,88.25,2025-09-23 10:48:49+00:00,33.99142,-80.976098,46.4,13.9,0.2,321.93,11.0,3D,2025-09-23 06:48:49-04:00,POINT (-80.976098 33.99142)
2025-09-23 10:48:55 UTC,sensor03,218187713,18.68,88.11,2025-09-23 10:48:54+00:00,33.991962,-80.976467,51.2,13.82,0.5,336.76,11.0,3D,2025-09-23 06:48:54-04:00,POINT (-80.976467 33.991962)
2025-09-23 10:49:00 UTC,sensor03,218187713,18.57,88.32,2025-09-23 10:48:59+00:00,33.992585,-80.976713,53.1,14.6,0.6,347.42,11.0,3D,2025-09-23 06:48:59-04:00,POINT (-80.976713 33.992585)
2025-09-23 10:49:05 UTC,sensor03,218187713,18.53,88.53,2025-09-23 10:49:04+00:00,33.993245,-80.97683,57.1,14.98,0.6,357.78,11.0,3D,2025-09-23 06:49:04-04:00,POINT (-80.97683 33.993245)
2025-09-23 10:49:10 UTC,sensor03,218187713,18.46,88.64,2025-09-23 10:49:09+00:00,33.993917,-80.976797,60.7,14.49,0.2,4.7,11.0,3D,2025-09-23 06:49:09-04:00,POINT (-80.976797 33.993917)
2025-09-23 10:49:15 UTC,sensor03,218187713,18.52,88.81,2025-09-23 10:49:14+00:00,33.994533,-80.976722,65.5,13.55,1.1,2.66,11.0,3D,2025-09-23 06:49:14-04:00,POINT (-80.976722 33.994533)
2025-09-23 10:49:20 UTC,sensor03,218187713,18.59,88.62,2025-09-23 10:49:19+00:00,33.995145,-80.976667,70.4,13.81,0.8,3.01,11.0,3D,2025-09-23 06:49:19-04:00,POINT (-80.976667 33.995145)
2025-09-23 10:49:25 UTC,sensor03,218187713,18.49,88.46,2025-09-23 10:49:24+00:00,33.995798,-80.976647,73.2,14.44,0.6,356.32,11.0,3D,2025-09-23 06:49:24-04:00,POINT (-80.976647 33.995798)
2025-09-23 10:49:30 UTC,sensor03,218187713,18.39,88.42,2025-09-23 10:49:30+00:00,33.996573,-80.976793,76.2,14.89,0.4,0.0,11.0,3D,2025-09-23 06:49:30-04:00,POINT (-80.976793 33.996573)
2025-09-23 10:49:55 UTC,sensor03,218187713,18.37,88.58,2025-09-23 10:49:55+00:00,33.999663,-80.978867,78.5,15.02,0.2,328.25,11.0,3D,2025-09-23 06:49:55-04:00,POINT (-80.978867 33.999663)
2025-09-23 10:50:00 UTC,sensor03,218187713,18.36,88.66,2025-09-23 10:50:00+00:00,34.000182,-80.979233,80.1,11.97,0.4,332.45,11.0,3D,2025-09-23 06:50:00-04:00,POINT (-80.979233 34.000182)
2025-09-23 10:50:05 UTC,sensor03,218187713,18.35,88.67,2025-09-23 10:50:05+00:00,34.00058,-80.97944,80.9,6.97,0.3,339.76,11.0,3D,2025-09-23 06:50:05-04:00,POINT (-80.97944 34.00058)
2025-09-23 10:50:10 UTC,sensor03,218187713,18.33,88.55,2025-09-23 10:50:10+00:00,34.000833,-80.979545,81.7,6.27,0.1,339.8,11.0,3D,2025-09-23 06:50:10-04:00,POINT (-80.979545 34.000833)
2025-09-23 10:50:15 UTC,sensor03,218187713,18.32,88.54,2025-09-23 10:50:12+00:00,34.000955,-80.979595,82.0,7.82,0.1,339.72,11.0,3D,2025-09-23 06:50:12-04:00,POINT (-80.979595 34.000955)
2025-09-23 10:50:20 UTC,sensor03,218187713,18.25,88.54,2025-09-23 10:50:20+00:00,34.001685,-80.979718,84.3,10.6,0.3,356.84,11.0,3D,2025-09-23 06:50:20-04:00,POINT (-80.979718 34.001685)
2025-09-23 10:50:25 UTC,sensor03,218187713,18.19,88.72,2025-09-23 10:50:25+00:00,34.002095,-80.979712,85.5,7.59,0.2,359.48,11.0,3D,2025-09-23 06:50:25-04:00,POINT (-80.979712 34.002095)
2025-09-23 10:50:30 UTC,sensor03,218187713,18.52,89.17,2025-09-23 10:50:30+00:00,34.002482,-80.97966,86.9,9.77,0.5,10.22,11.0,3D,2025-09-23 06:50:30-04:00,POINT (-80.97966 34.002482)
2025-09-23 10:50:35 UTC,sensor03,218187713,18.56,88.65,2025-09-23 10:50:35+00:00,34.003012,-80.97954,87.8,12.5,0.2,10.14,11.0,3D,2025-09-23 06:50:35-04:00,POINT (-80.97954 34.003012)
2025-09-23 10:50:40 UTC,sensor03,218187713,18.47,88.31,2025-09-23 10:50:40+00:00,34.003613,-80.979388,88.0,14.33,0.0,11.99,11.0,3D,2025-09-23 06:50:40-04:00,POINT (-80.979388 34.003613)
2025-09-23 10:50:45 UTC,sensor03,218187713,18.46,88.09,2025-09-23 10:50:45+00:00,34.004288,-80.979232,88.6,15.18,0.3,10.48,11.0,3D,2025-09-23 06:50:45-04:00,POINT (-80.979232 34.004288)
2025-09-23 10:50:50 UTC,sensor03,218187713,18.38,87.99,2025-09-23 10:50:50+00:00,34.004957,-80.979073,89.6,14.9,0.1,10.99,11.0,3D,2025-09-23 06:50:50-04:00,POINT (-80.979073 34.004957)
2025-09-23 10:50:55 UTC,sensor03,218187713,18.22,88.2,2025-09-23 10:50:55+00:00,34.005615,-80.978915,91.2,15.09,0.3,10.88,11.0,3D,2025-09-23 06:50:55-04:00,POINT (-80.978915 34.005615)
2025-09-23 10:51:01 UTC,sensor03,218187713,18.14,88.64,2025-09-23 10:51:00+00:00,34.006278,-80.978792,91.6,14.81,0.3,3.7,11.0,3D,2025-09-23 06:51:00-04:00,POINT (-80.978792 34.006278)
2025-09-23 10:51:06 UTC,sensor03,218187713,18.06,88.93,2025-09-23 10:51:05+00:00,34.00694,-80.97884,90.9,14.07,-0.5,347.91,11.0,3D,2025-09-23 06:51:05-04:00,POINT (-80.97884 34.00694)
2025-09-23 10:51:11 UTC,sensor03,218187713,18.11,89.29,2025-09-23 10:51:10+00:00,34.00756,-80.979147,87.1,13.95,-1.6,331.27,11.0,3D,2025-09-23 06:51:10-04:00,POINT (-80.979147 34.00756)
2025-09-23 10:51:16 UTC,sensor03,218187713,18.41,89.28,2025-09-23 10:51:15+00:00,34.008107,-80.979575,82.3,14.92,-0.9,326.31,11.0,3D,2025-09-23 06:51:15-04:00,POINT (-80.979575 34.008107)
2025-09-23 10:51:31 UTC,sensor03,218187713,18.09,88.81,2025-09-23 10:51:30+00:00,34.009857,-80.980982,76.8,15.42,0.0,326.81,11.0,3D,2025-09-23 06:51:30-04:00,POINT (-80.980982 34.009857)
2025-09-23 10:51:36 UTC,sensor03,218187713,17.99,89.15,2025-09-23 10:51:35+00:00,34.010427,-80.981418,78.9,14.12,0.4,329.56,11.0,3D,2025-09-23 06:51:35-04:00,POINT (-80.981418 34.010427)
2025-09-23 10:51:41 UTC,sensor03,218187713,17.97,89.34,2025-09-23 10:51:41+00:00,34.011063,-80.981932,79.6,14.46,0.0,0.0,11.0,3D,2025-09-23 06:51:41-04:00,POINT (-80.981932 34.011063)
2025-09-23 10:51:46 UTC,sensor03,218187713,17.82,89.5,2025-09-23 10:51:46+00:00,34.011553,-80.982322,76.3,12.06,-1.3,0.0,11.0,3D,2025-09-23 06:51:46-04:00,POINT (-80.982322 34.011553)
2025-09-23 10:51:51 UTC,sensor03,218187713,17.73,89.94,2025-09-23 10:51:51+00:00,34.011908,-80.982613,71.3,8.25,-1.1,0.0,11.0,3D,2025-09-23 06:51:51-04:00,POINT (-80.982613 34.011908)
2025-09-23 10:51:56 UTC,sensor03,218187713,17.65,90.32,2025-09-23 10:51:56+00:00,34.012088,-80.982745,67.8,2.54,-0.4,0.0,11.0,3D,2025-09-23 06:51:56-04:00,POINT (-80.982745 34.012088)
2025-09-23 10:52:06 UTC,sensor03,218187713,17.75,90.76,2025-09-23 10:52:06+00:00,34.012318,-80.982937,64.1,8.45,-0.4,321.72,11.0,3D,2025-09-23 06:52:06-04:00,POINT (-80.982937 34.012318)
2025-09-23 10:52:11 UTC,sensor03,218187713,17.71,90.67,2025-09-23 10:52:11+00:00,34.012738,-80.983292,62.5,13.29,-0.2,325.8,11.0,3D,2025-09-23 06:52:11-04:00,POINT (-80.983292 34.012738)
2025-09-23 10:52:16 UTC,sensor03,218187713,17.79,90.82,2025-09-23 10:52:12+00:00,34.01284,-80.983373,62.2,13.42,-0.3,326.09,11.0,3D,2025-09-23 06:52:12-04:00,POINT (-80.983373 34.01284)
2025-09-23 10:52:21 UTC,sensor03,218187713,17.9,90.58,2025-09-23 10:52:12+00:00,34.01284,-80.983373,62.2,13.42,-0.3,326.09,11.0,3D,2025-09-23 06:52:12-04:00,POINT (-80.983373 34.01284)
2025-09-23 10:52:26 UTC,sensor03,218187713,18.01,90.32,2025-09-23 10:52:26+00:00,34.014083,-80.984903,61.3,14.96,0.3,304.98,11.0,3D,2025-09-23 06:52:26-04:00,POINT (-80.984903 34.014083)
2025-09-23 10:52:31 UTC,sensor03,218187713,18.0,90.11,2025-09-23 10:52:31+00:00,34.014475,-80.9856,64.7,15.56,1.0,304.91,11.0,3D,2025-09-23 06:52:31-04:00,POINT (-80.9856 34.014475)
2025-09-23 10:52:36 UTC,sensor03,218187713,17.98,89.98,2025-09-23 10:52:33+00:00,34.014633,-80.985882,64.8,15.46,0.0,304.43,11.0,3D,2025-09-23 06:52:33-04:00,POINT (-80.985882 34.014633)
2025-09-23 10:52:41 UTC,sensor03,218187713,17.86,89.97,2025-09-23 10:52:41+00:00,34.015305,-80.986978,66.6,15.57,0.23,313.95,11.0,3D,2025-09-23 06:52:41-04:00,POINT (-80.986978 34.015305)
2025-09-23 10:52:51 UTC,sensor03,218187713,17.77,90.38,2025-09-23 10:52:51+00:00,34.016443,-80.988002,70.5,15.47,0.1,327.98,11.0,3D,2025-09-23 06:52:51-04:00,POINT (-80.988002 34.016443)
2025-09-23 10:52:56 UTC,sensor03,218187713,17.77,90.6,2025-09-23 10:52:56+00:00,34.017043,-80.988433,73.1,15.14,0.0,329.51,11.0,3D,2025-09-23 06:52:56-04:00,POINT (-80.988433 34.017043)
2025-09-23 10:53:01 UTC,sensor03,218187713,17.93,90.76,2025-09-23 10:53:01+00:00,34.017625,-80.988865,77.7,14.7,1.1,329.78,11.0,3D,2025-09-23 06:53:01-04:00,POINT (-80.988865 34.017625)
2025-09-23 10:53:06 UTC,sensor03,218187713,18.02,90.12,2025-09-23 10:53:06+00:00,34.018175,-80.989273,78.7,14.12,0.4,326.21,11.0,3D,2025-09-23 06:53:06-04:00,POINT (-80.989273 34.018175)
2025-09-23 10:53:11 UTC,sensor03,218187713,17.88,89.74,2025-09-23 10:53:11+00:00,34.018633,-80.989563,79.8,9.58,0.2,339.89,11.0,3D,2025-09-23 06:53:11-04:00,POINT (-80.989563 34.018633)
2025-09-23 10:53:16 UTC,sensor03,218187713,17.89,89.77,2025-09-23 10:53:16+00:00,34.01891,-80.989658,81.5,2.97,-0.2,345.22,11.0,3D,2025-09-23 06:53:16-04:00,POINT (-80.989658 34.01891)
2025-09-23 10:55:02 UTC,sensor03,218187713,18.09,89.66,2025-09-23 10:55:02+00:00,34.018995,-80.98968,83.8,3.79,0.1,338.42,11.0,3D,2025-09-23 06:55:02-04:00,POINT (-80.98968 34.018995)
2025-09-23 10:55:07 UTC,sensor03,218187713,17.98,89.51,2025-09-23 10:55:07+00:00,34.019187,-80.989912,84.0,5.41,0.1,294.91,11.0,3D,2025-09-23 06:55:07-04:00,POINT (-80.989912 34.019187)
2025-09-23 10:55:12 UTC,sensor03,218187713,17.83,89.87,2025-09-23 10:55:12+00:00,34.01906,-80.990427,83.7,11.34,-0.1,249.07,11.0,3D,2025-09-23 06:55:12-04:00,POINT (-80.990427 34.01906)
2025-09-23 10:55:17 UTC,sensor03,218187713,17.53,90.06,2025-09-23 10:55:17+00:00,34.018822,-80.991045,82.3,12.36,-0.2,243.67,11.0,3D,2025-09-23 06:55:17-04:00,POINT (-80.991045 34.018822)
2025-09-23 10:55:22 UTC,sensor03,218187713,17.37,90.43,2025-09-23 10:55:22+00:00,34.018572,-80.991678,80.6,12.82,-0.3,242.89,11.0,3D,2025-09-23 06:55:22-04:00,POINT (-80.991678 34.018572)
2025-09-23 10:55:27 UTC,sensor03,218187713,17.18,91.19,2025-09-23 10:55:27+00:00,34.018322,-80.992345,79.3,13.14,-0.1,245.55,11.0,3D,2025-09-23 06:55:27-04:00,POINT (-80.992345 34.018322)
2025-09-23 10:55:32 UTC,sensor03,218187713,17.23,91.9,2025-09-23 10:55:32+00:00,34.018077,-80.993005,79.1,12.88,0.2,246.13,11.0,3D,2025-09-23 06:55:32-04:00,POINT (-80.993005 34.018077)
2025-09-23 10:55:37 UTC,sensor03,218187713,17.18,92.22,2025-09-23 10:55:37+00:00,34.017878,-80.993518,79.7,7.46,0.2,242.25,11.0,3D,2025-09-23 06:55:37-04:00,POINT (-80.993518 34.017878)
2025-09-23 10:55:43 UTC,sensor03,218187713,17.09,92.45,2025-09-23 10:55:42+00:00,34.017905,-80.993738,79.9,4.31,0.0,316.69,11.0,3D,2025-09-23 06:55:42-04:00,POINT (-80.993738 34.017905)
2025-09-23 10:55:48 UTC,sensor03,218187713,17.06,92.63,2025-09-23 10:55:47+00:00,34.018272,-80.993887,80.3,9.93,0.1,339.39,11.0,3D,2025-09-23 06:55:47-04:00,POINT (-80.993887 34.018272)
2025-09-23 10:55:53 UTC,sensor03,218187713,17.11,92.94,2025-09-23 10:55:52+00:00,34.018745,-80.994103,81.7,11.8,0.3,337.52,11.0,3D,2025-09-23 06:55:52-04:00,POINT (-80.994103 34.018745)
2025-09-23 10:55:58 UTC,sensor03,218187713,17.02,93.16,2025-09-23 10:55:57+00:00,34.019225,-80.994447,82.9,12.64,0.2,322.13,11.0,3D,2025-09-23 06:55:57-04:00,POINT (-80.994447 34.019225)
2025-09-23 10:56:03 UTC,sensor03,218187713,16.99,93.39,2025-09-23 10:56:02+00:00,34.019628,-80.994937,84.0,12.52,0.2,311.27,11.0,3D,2025-09-23 06:56:02-04:00,POINT (-80.994937 34.019628)
2025-09-23 10:56:08 UTC,sensor03,218187713,16.89,93.63,2025-09-23 10:56:07+00:00,34.019983,-80.995438,85.2,11.87,0.2,308.18,11.0,3D,2025-09-23 06:56:07-04:00,POINT (-80.995438 34.019983)
2025-09-23 10:56:13 UTC,sensor03,218187713,16.92,93.94,2025-09-23 10:56:12+00:00,34.020283,-80.995982,85.8,11.84,0.1,305.58,11.0,3D,2025-09-23 06:56:12-04:00,POINT (-80.995982 34.020283)
2025-09-23 10:56:18 UTC,sensor03,218187713,16.85,94.11,2025-09-23 10:56:16+00:00,34.020533,-80.99642,86.5,12.14,0.1,304.34,11.0,3D,2025-09-23 06:56:16-04:00,POINT (-80.99642 34.020533)
2025-09-23 10:56:23 UTC,sensor03,218187713,16.85,94.31,2025-09-23 10:56:21+00:00,34.020823,-80.996957,87.1,11.51,0.12,304.54,11.0,3D,2025-09-23 06:56:21-04:00,POINT (-80.996957 34.020823)
2025-09-23 10:56:28 UTC,sensor03,218187713,16.76,94.45,2025-09-23 10:56:28+00:00,34.021252,-80.997722,87.1,12.57,-0.2,0.0,11.0,3D,2025-09-23 06:56:28-04:00,POINT (-80.997722 34.021252)
2025-09-23 10:56:33 UTC,sensor03,218187713,16.9,94.56,2025-09-23 10:56:33+00:00,34.0215,-80.998293,87.3,11.66,0.2,0.0,11.0,3D,2025-09-23 06:56:33-04:00,POINT (-80.998293 34.0215)
2025-09-23 10:56:38 UTC,sensor03,218187713,16.9,94.49,2025-09-23 10:56:38+00:00,34.02168,-80.998822,88.7,10.37,0.3,0.0,11.0,3D,2025-09-23 06:56:38-04:00,POINT (-80.998822 34.02168)
2025-09-23 10:56:43 UTC,sensor03,218187713,16.86,94.45,2025-09-23 10:56:43+00:00,34.02187,-80.999295,89.8,9.31,0.1,0.0,4.0,3D,2025-09-23 06:56:43-04:00,POINT (-80.999295 34.02187)
2025-09-23 10:56:48 UTC,sensor03,218187713,16.82,94.55,2025-09-23 10:56:48+00:00,34.022007,-80.999728,90.7,6.33,0.1,0.0,4.0,3D,2025-09-23 06:56:48-04:00,POINT (-80.999728 34.022007)
2025-09-23 10:56:58 UTC,sensor03,218187713,16.84,94.7,2025-09-23 10:56:58+00:00,34.021918,-80.999983,91.3,3.99,0.1,0.0,11.0,3D,2025-09-23 06:56:58-04:00,POINT (-80.999983 34.021918)
2025-09-23 10:57:03 UTC,sensor03,218187713,16.78,94.7,2025-09-23 10:57:03+00:00,34.021583,-80.99997,91.9,8.76,0.1,0.0,11.0,3D,2025-09-23 06:57:03-04:00,POINT (-80.99997 34.021583)
2025-09-23 10:57:08 UTC,sensor03,218187713,16.73,94.73,2025-09-23 10:57:08+00:00,34.021227,-80.999883,92.4,6.69,0.0,171.81,11.0,3D,2025-09-23 06:57:08-04:00,POINT (-80.999883 34.021227)
2025-09-22 21:58:33 UTC,sensor04,300372246,19.19,87.95,2025-09-23 09:55:01+00:00,33.996547,-81.048513,51.2,12.97,-0.1,68.45,12.0,3D,2025-09-23 05:55:01-04:00,POINT (-81.048513 33.996547)
2025-09-22 21:58:38 UTC,sensor04,300372246,19.17,87.87,2025-09-23 09:55:06+00:00,33.996783,-81.04788,52.0,12.49,0.6,68.48,12.0,3D,2025-09-23 05:55:06-04:00,POINT (-81.04788 33.996783)
2025-09-22 21:58:43 UTC,sensor04,300372246,19.14,87.53,2025-09-23 09:55:11+00:00,33.996977,-81.047277,53.1,11.59,0.4,68.45,12.0,3D,2025-09-23 05:55:11-04:00,POINT (-81.047277 33.996977)
2025-09-22 21:58:48 UTC,sensor04,300372246,19.07,87.36,2025-09-23 09:55:16+00:00,33.99716,-81.046707,55.4,11.29,0.6,70.11,12.0,3D,2025-09-23 05:55:16-04:00,POINT (-81.046707 33.99716)
2025-09-22 21:58:54 UTC,sensor04,300372246,19.14,86.94,2025-09-23 09:55:22+00:00,33.997347,-81.046062,59.4,10.03,0.6,0.0,12.0,3D,2025-09-23 05:55:22-04:00,POINT (-81.046062 33.997347)
2025-09-22 21:58:59 UTC,sensor04,300372246,19.15,86.4,2025-09-23 09:55:27+00:00,33.997488,-81.045608,61.7,8.82,0.3,0.0,12.0,3D,2025-09-23 05:55:27-04:00,POINT (-81.045608 33.997488)
2025-09-22 21:59:04 UTC,sensor04,300372246,19.2,86.16,2025-09-23 09:55:32+00:00,33.997615,-81.045197,62.9,6.63,0.3,0.0,12.0,3D,2025-09-23 05:55:32-04:00,POINT (-81.045197 33.997615)
2025-09-22 21:59:39 UTC,sensor04,300372246,19.39,85.64,2025-09-23 09:56:07+00:00,33.997705,-81.04487,63.3,7.01,0.1,69.44,12.0,3D,2025-09-23 05:56:07-04:00,POINT (-81.04487 33.997705)
2025-09-22 21:59:44 UTC,sensor04,300372246,19.53,85.12,2025-09-23 09:56:12+00:00,33.997853,-81.044393,63.9,11.23,0.2,69.73,12.0,3D,2025-09-23 05:56:12-04:00,POINT (-81.044393 33.997853)
2025-09-22 21:59:49 UTC,sensor04,300372246,19.49,84.65,2025-09-23 09:56:16+00:00,33.998005,-81.043897,64.6,12.64,0.2,69.78,12.0,3D,2025-09-23 05:56:16-04:00,POINT (-81.043897 33.998005)
2025-09-22 21:59:54 UTC,sensor04,300372246,19.56,84.2,2025-09-23 09:56:21+00:00,33.998212,-81.043222,65.4,13.51,0.3,0.0,12.0,3D,2025-09-23 05:56:21-04:00,POINT (-81.043222 33.998212)
2025-09-22 21:59:59 UTC,sensor04,300372246,19.69,83.97,2025-09-23 09:56:21+00:00,33.998212,-81.043222,65.4,13.51,0.3,0.0,12.0,3D,2025-09-23 05:56:21-04:00,POINT (-81.043222 33.998212)
2025-09-22 22:00:04 UTC,sensor04,300372246,19.39,84.0,2025-09-23 09:56:32+00:00,33.998672,-81.041758,70.6,12.35,0.2,69.19,12.0,3D,2025-09-23 05:56:32-04:00,POINT (-81.041758 33.998672)
2025-09-22 22:00:09 UTC,sensor04,300372246,19.36,84.83,2025-09-23 09:56:37+00:00,33.998868,-81.041147,71.4,11.93,0.3,69.71,12.0,3D,2025-09-23 05:56:37-04:00,POINT (-81.041147 33.998868)
2025-09-22 22:00:14 UTC,sensor04,300372246,19.48,84.75,2025-09-23 09:56:42+00:00,33.999065,-81.040517,72.1,12.64,0.2,69.52,12.0,3D,2025-09-23 05:56:42-04:00,POINT (-81.040517 33.999065)
2025-09-22 22:00:19 UTC,sensor04,300372246,19.64,84.08,2025-09-23 09:56:47+00:00,33.999257,-81.039873,73.9,12.31,0.4,70.24,12.0,3D,2025-09-23 05:56:47-04:00,POINT (-81.039873 33.999257)
2025-09-22 22:00:24 UTC,sensor04,300372246,19.74,83.46,2025-09-23 09:56:52+00:00,33.999462,-81.039345,78.5,9.19,2.0,66.15,12.0,3D,2025-09-23 05:56:52-04:00,POINT (-81.039345 33.999462)
2025-09-22 22:00:29 UTC,sensor04,300372246,19.78,83.03,2025-09-23 09:56:57+00:00,33.999625,-81.038983,83.0,5.72,1.0,69.75,12.0,3D,2025-09-23 05:56:57-04:00,POINT (-81.038983 33.999625)
2025-09-22 22:00:34 UTC,sensor04,300372246,19.9,82.8,2025-09-23 09:57:02+00:00,33.999733,-81.038728,86.5,6.69,0.7,68.31,12.0,3D,2025-09-23 05:57:02-04:00,POINT (-81.038728 33.999733)
2025-09-22 22:00:39 UTC,sensor04,300372246,20.29,82.12,2025-09-23 09:57:07+00:00,33.99986,-81.038305,88.9,9.28,0.8,68.79,12.0,3D,2025-09-23 05:57:07-04:00,POINT (-81.038305 33.99986)
2025-09-22 22:00:44 UTC,sensor04,300372246,20.35,81.19,2025-09-23 09:57:12+00:00,34.00001,-81.037778,91.7,10.59,0.4,70.99,12.0,3D,2025-09-23 05:57:12-04:00,POINT (-81.037778 34.00001)
2025-09-22 22:00:49 UTC,sensor04,300372246,20.35,80.36,2025-09-23 09:57:17+00:00,34.00018,-81.037215,94.6,11.21,0.5,68.47,12.0,3D,2025-09-23 05:57:17-04:00,POINT (-81.037215 34.00018)
2025-09-22 22:00:54 UTC,sensor04,300372246,20.5,79.85,2025-09-23 09:57:22+00:00,34.000353,-81.036622,96.2,11.7,0.3,70.86,12.0,3D,2025-09-23 05:57:22-04:00,POINT (-81.036622 34.000353)
2025-09-22 22:01:00 UTC,sensor04,300372246,20.7,79.11,2025-09-23 09:57:28+00:00,34.000585,-81.035868,99.1,12.74,0.2,0.0,12.0,3D,2025-09-23 05:57:28-04:00,POINT (-81.035868 34.000585)
2025-09-22 22:01:05 UTC,sensor04,300372246,20.67,78.38,2025-09-23 09:57:33+00:00,34.000758,-81.035223,97.4,12.18,0.2,0.0,12.0,3D,2025-09-23 05:57:33-04:00,POINT (-81.035223 34.000758)
2025-09-22 22:01:10 UTC,sensor04,300372246,20.5,78.74,2025-09-23 09:57:38+00:00,34.000938,-81.034602,100.6,11.81,0.6,0.0,12.0,3D,2025-09-23 05:57:38-04:00,POINT (-81.034602 34.000938)
2025-09-22 22:01:15 UTC,sensor04,300372246,20.39,79.03,2025-09-23 09:57:43+00:00,34.001147,-81.034078,104.5,9.07,0.6,68.59,12.0,3D,2025-09-23 05:57:43-04:00,POINT (-81.034078 34.001147)
2025-09-22 22:01:20 UTC,sensor04,300372246,20.39,78.6,2025-09-23 09:57:48+00:00,34.001255,-81.033755,106.1,3.78,0.2,75.51,12.0,3D,2025-09-23 05:57:48-04:00,POINT (-81.033755 34.001255)
2025-09-22 22:01:55 UTC,sensor04,300372246,20.4,78.25,2025-09-23 09:58:23+00:00,34.001428,-81.033505,107.7,4.82,0.13,349.18,12.0,3D,2025-09-23 05:58:23-04:00,POINT (-81.033505 34.001428)
2025-09-22 22:02:00 UTC,sensor04,300372246,20.44,77.85,2025-09-23 09:58:28+00:00,34.001692,-81.0336,108.2,7.49,0.1,340.74,12.0,3D,2025-09-23 05:58:28-04:00,POINT (-81.0336 34.001692)
2025-09-22 22:02:05 UTC,sensor04,300372246,20.47,77.54,2025-09-23 09:58:33+00:00,34.002122,-81.033815,108.1,8.26,0.0,342.56,12.0,3D,2025-09-23 05:58:33-04:00,POINT (-81.033815 34.002122)
2025-09-22 22:02:10 UTC,sensor04,300372246,20.46,77.44,2025-09-23 09:58:38+00:00,34.002562,-81.034053,108.0,9.12,0.1,337.6,12.0,3D,2025-09-23 05:58:38-04:00,POINT (-81.034053 34.002562)
2025-09-22 22:02:15 UTC,sensor04,300372246,20.52,77.37,2025-09-23 09:58:43+00:00,34.002938,-81.03424,108.0,8.86,0.0,341.33,12.0,3D,2025-09-23 05:58:43-04:00,POINT (-81.03424 34.002938)
2025-09-22 22:02:20 UTC,sensor04,300372246,20.54,77.21,2025-09-23 09:58:48+00:00,34.003277,-81.034335,108.4,8.37,0.1,339.93,12.0,3D,2025-09-23 05:58:48-04:00,POINT (-81.034335 34.003277)
2025-09-22 22:02:25 UTC,sensor04,300372246,20.67,77.0,2025-09-23 09:58:53+00:00,34.0036,-81.03451,109.1,8.06,0.2,337.04,12.0,3D,2025-09-23 05:58:53-04:00,POINT (-81.03451 34.0036)
2025-09-22 22:02:30 UTC,sensor04,300372246,20.62,76.78,2025-09-23 09:58:58+00:00,34.003845,-81.034685,109.8,5.59,0.1,319.24,12.0,3D,2025-09-23 05:58:58-04:00,POINT (-81.034685 34.003845)
2025-09-22 22:02:35 UTC,sensor04,300372246,20.64,76.68,2025-09-23 09:59:03+00:00,34.00369,-81.035045,110.4,7.81,0.0,249.92,12.0,3D,2025-09-23 05:59:03-04:00,POINT (-81.035045 34.00369)
2025-09-22 22:02:40 UTC,sensor04,300372246,20.7,76.52,2025-09-23 09:59:08+00:00,34.003512,-81.035518,110.2,8.57,0.0,248.0,12.0,3D,2025-09-23 05:59:08-04:00,POINT (-81.035518 34.003512)
2025-09-22 22:02:45 UTC,sensor04,300372246,20.75,76.31,2025-09-23 09:59:13+00:00,34.003437,-81.035915,109.9,5.23,-0.2,252.46,12.0,3D,2025-09-23 05:59:13-04:00,POINT (-81.035915 34.003437)
2025-09-22 22:03:26 UTC,sensor04,300372246,20.87,75.63,2025-09-23 09:59:54+00:00,34.003917,-81.036517,109.0,9.02,0.0,337.99,12.0,3D,2025-09-23 05:59:54-04:00,POINT (-81.036517 34.003917)
2025-09-22 22:03:31 UTC,sensor04,300372246,20.91,75.44,2025-09-23 09:59:59+00:00,34.004357,-81.036695,108.9,8.48,-0.1,340.14,12.0,3D,2025-09-23 05:59:59-04:00,POINT (-81.036695 34.004357)
2025-09-22 22:03:36 UTC,sensor04,300372246,20.85,75.45,2025-09-23 10:00:04+00:00,34.00472,-81.036852,108.5,9.39,-0.2,340.56,12.0,3D,2025-09-23 06:00:04-04:00,POINT (-81.036852 34.00472)
2025-09-22 22:03:41 UTC,sensor04,300372246,20.87,75.57,2025-09-23 10:00:09+00:00,34.005155,-81.037033,107.3,10.93,-0.1,340.09,12.0,3D,2025-09-23 06:00:09-04:00,POINT (-81.037033 34.005155)
2025-09-22 22:03:46 UTC,sensor04,300372246,20.87,75.37,2025-09-23 10:00:14+00:00,34.005633,-81.037252,108.0,11.21,0.9,339.65,12.0,3D,2025-09-23 06:00:14-04:00,POINT (-81.037252 34.005633)
2025-09-22 22:03:51 UTC,sensor04,300372246,20.71,75.3,2025-09-23 10:00:17+00:00,34.005923,-81.037392,108.4,11.73,0.1,0.0,12.0,3D,2025-09-23 06:00:17-04:00,POINT (-81.037392 34.005923)
2025-09-22 22:03:56 UTC,sensor04,300372246,20.76,75.36,2025-09-23 10:00:24+00:00,34.00665,-81.037685,105.8,12.54,-0.37,341.73,12.0,3D,2025-09-23 06:00:24-04:00,POINT (-81.037685 34.00665)
2025-09-22 22:04:01 UTC,sensor04,300372246,20.36,75.65,2025-09-23 10:00:29+00:00,34.00717,-81.037907,103.4,11.07,-0.1,340.16,12.0,3D,2025-09-23 06:00:29-04:00,POINT (-81.037907 34.00717)
2025-09-22 22:04:06 UTC,sensor04,300372246,20.19,76.47,2025-09-23 10:00:34+00:00,34.007523,-81.037957,103.8,6.61,0.1,33.46,12.0,3D,2025-09-23 06:00:34-04:00,POINT (-81.037957 34.007523)
2025-09-22 22:04:11 UTC,sensor04,300372246,20.1,77.07,2025-09-23 10:00:39+00:00,34.007667,-81.037583,104.5,9.36,0.2,70.31,12.0,3D,2025-09-23 06:00:39-04:00,POINT (-81.037583 34.007667)
2025-09-22 22:04:16 UTC,sensor04,300372246,20.0,77.35,2025-09-23 10:00:44+00:00,34.007873,-81.037122,107.5,9.86,0.6,68.31,12.0,3D,2025-09-23 06:00:44-04:00,POINT (-81.037122 34.007873)
2025-09-22 22:04:21 UTC,sensor04,300372246,19.81,77.49,2025-09-23 10:00:49+00:00,34.008008,-81.036613,109.8,9.36,0.6,74.2,12.0,3D,2025-09-23 06:00:49-04:00,POINT (-81.036613 34.008008)
2025-09-22 22:04:26 UTC,sensor04,300372246,19.66,77.84,2025-09-23 10:00:54+00:00,34.008112,-81.036105,109.7,9.5,0.0,71.67,12.0,3D,2025-09-23 06:00:54-04:00,POINT (-81.036105 34.008112)
2025-09-22 22:04:31 UTC,sensor04,300372246,19.6,78.38,2025-09-23 10:00:59+00:00,34.008238,-81.035605,108.7,9.04,-0.1,72.22,12.0,3D,2025-09-23 06:00:59-04:00,POINT (-81.035605 34.008238)
2025-09-22 22:04:36 UTC,sensor04,300372246,19.76,78.6,2025-09-23 10:01:04+00:00,34.008355,-81.035268,108.4,4.58,0.0,68.76,12.0,3D,2025-09-23 06:01:04-04:00,POINT (-81.035268 34.008355)
2025-09-22 22:05:02 UTC,sensor04,300372246,19.8,78.54,2025-09-23 10:01:30+00:00,34.008393,-81.03515,108.2,3.27,0.0,0.0,12.0,3D,2025-09-23 06:01:30-04:00,POINT (-81.03515 34.008393)
2025-09-22 22:05:07 UTC,sensor04,300372246,19.73,78.51,2025-09-23 10:01:35+00:00,34.00855,-81.034923,108.0,5.87,-0.1,0.0,12.0,3D,2025-09-23 06:01:35-04:00,POINT (-81.034923 34.00855)
2025-09-22 22:05:12 UTC,sensor04,300372246,19.62,78.74,2025-09-23 10:01:40+00:00,34.008897,-81.035047,108.0,8.35,0.1,0.0,12.0,3D,2025-09-23 06:01:40-04:00,POINT (-81.035047 34.008897)
2025-09-22 22:05:17 UTC,sensor04,300372246,19.51,79.23,2025-09-23 10:01:45+00:00,34.009248,-81.035205,108.1,8.17,0.1,339.54,12.0,3D,2025-09-23 06:01:45-04:00,POINT (-81.035205 34.009248)
2025-09-22 22:05:22 UTC,sensor04,300372246,19.35,80.06,2025-09-23 10:01:50+00:00,34.009638,-81.03538,107.6,10.2,-0.1,339.98,12.0,3D,2025-09-23 06:01:50-04:00,POINT (-81.03538 34.009638)
2025-09-22 22:05:27 UTC,sensor04,300372246,19.23,80.6,2025-09-23 10:01:55+00:00,34.010097,-81.035582,106.6,11.54,-0.3,339.85,12.0,3D,2025-09-23 06:01:55-04:00,POINT (-81.035582 34.010097)
2025-09-22 22:05:32 UTC,sensor04,300372246,19.16,80.92,2025-09-23 10:02:00+00:00,34.010593,-81.03581,105.1,12.15,-0.3,339.84,12.0,3D,2025-09-23 06:02:00-04:00,POINT (-81.03581 34.010593)
2025-09-22 22:05:37 UTC,sensor04,300372246,19.2,81.29,2025-09-23 10:02:05+00:00,34.010932,-81.03597,104.2,3.98,-0.1,340.29,12.0,3D,2025-09-23 06:02:05-04:00,POINT (-81.03597 34.010932)
2025-09-22 22:06:12 UTC,sensor04,300372246,19.17,81.81,2025-09-23 10:02:40+00:00,34.011072,-81.036038,103.8,4.43,0.0,339.95,12.0,3D,2025-09-23 06:02:40-04:00,POINT (-81.036038 34.011072)
2025-09-22 22:06:17 UTC,sensor04,300372246,19.18,82.15,2025-09-23 10:02:45+00:00,34.011387,-81.036178,103.5,9.58,-0.1,339.86,12.0,3D,2025-09-23 06:02:45-04:00,POINT (-81.036178 34.011387)
2025-09-22 22:06:22 UTC,sensor04,300372246,19.16,81.85,2025-09-23 10:02:50+00:00,34.011832,-81.036372,102.7,11.37,-0.2,339.98,12.0,3D,2025-09-23 06:02:50-04:00,POINT (-81.036372 34.011832)
2025-09-22 22:06:27 UTC,sensor04,300372246,19.29,81.94,2025-09-23 10:02:55+00:00,34.012345,-81.036587,101.8,11.32,-0.1,338.3,12.0,3D,2025-09-23 06:02:55-04:00,POINT (-81.036587 34.012345)
2025-09-22 22:06:32 UTC,sensor04,300372246,19.4,81.29,2025-09-23 10:03:00+00:00,34.012822,-81.036787,100.8,10.93,-0.3,339.01,12.0,3D,2025-09-23 06:03:00-04:00,POINT (-81.036787 34.012822)
2025-09-22 22:06:37 UTC,sensor04,300372246,19.39,80.69,2025-09-23 10:03:05+00:00,34.01326,-81.036972,99.7,9.85,-0.3,339.0,12.0,3D,2025-09-23 06:03:05-04:00,POINT (-81.036972 34.01326)
2025-09-22 22:06:42 UTC,sensor04,300372246,19.39,80.92,2025-09-23 10:03:10+00:00,34.013613,-81.037123,99.2,6.2,-0.2,338.3,12.0,3D,2025-09-23 06:03:10-04:00,POINT (-81.037123 34.013613)
2025-09-22 22:06:52 UTC,sensor04,300372246,19.37,81.18,2025-09-23 10:03:20+00:00,34.013778,-81.037138,97.9,3.96,-0.2,38.61,12.0,3D,2025-09-23 06:03:20-04:00,POINT (-81.037138 34.013778)
2025-09-22 22:06:57 UTC,sensor04,300372246,19.33,81.24,2025-09-23 10:03:25+00:00,34.013955,-81.036757,97.1,10.21,-0.2,64.37,12.0,3D,2025-09-23 06:03:25-04:00,POINT (-81.036757 34.013955)
2025-09-22 22:07:03 UTC,sensor04,300372246,19.44,80.92,2025-09-23 10:03:30+00:00,34.014158,-81.03618,98.1,11.56,0.6,68.51,12.0,3D,2025-09-23 06:03:30-04:00,POINT (-81.03618 34.014158)
2025-09-22 22:07:08 UTC,sensor04,300372246,19.44,80.7,2025-09-23 10:03:36+00:00,34.01438,-81.035517,98.9,10.61,0.0,0.0,12.0,3D,2025-09-23 06:03:36-04:00,POINT (-81.035517 34.01438)
2025-09-22 22:07:13 UTC,sensor04,300372246,19.52,80.53,2025-09-23 10:03:41+00:00,34.014517,-81.035045,99.2,7.75,-0.1,0.0,12.0,3D,2025-09-23 06:03:41-04:00,POINT (-81.035045 34.014517)
2025-09-22 22:07:18 UTC,sensor04,300372246,19.57,80.31,2025-09-23 10:03:46+00:00,34.01459,-81.034777,99.4,3.36,0.2,0.0,12.0,3D,2025-09-23 06:03:46-04:00,POINT (-81.034777 34.01459)
2025-09-22 22:07:38 UTC,sensor04,300372246,19.6,80.24,2025-09-23 10:04:06+00:00,34.014657,-81.034588,101.9,6.2,0.0,0.0,8.0,3D,2025-09-23 06:04:06-04:00,POINT (-81.034588 34.014657)
2025-09-22 22:07:43 UTC,sensor04,300372246,19.63,80.11,2025-09-23 10:04:11+00:00,34.0148,-81.034192,102.2,8.08,0.1,0.0,12.0,3D,2025-09-23 06:04:11-04:00,POINT (-81.034192 34.0148)
2025-09-22 22:07:48 UTC,sensor04,300372246,19.44,80.15,2025-09-23 10:04:16+00:00,34.015128,-81.034122,101.1,7.77,-0.5,340.5,12.0,3D,2025-09-23 06:04:16-04:00,POINT (-81.034122 34.015128)
2025-09-22 22:07:53 UTC,sensor04,300372246,19.48,80.32,2025-09-23 10:04:19+00:00,34.015417,-81.034287,99.3,11.4,-0.5,338.6,12.0,3D,2025-09-23 06:04:19-04:00,POINT (-81.034287 34.015417)
2025-09-22 22:07:58 UTC,sensor04,300372246,19.55,80.44,2025-09-23 10:04:24+00:00,34.01592,-81.034512,97.3,12.77,-0.4,339.65,12.0,3D,2025-09-23 06:04:24-04:00,POINT (-81.034512 34.01592)
2025-09-22 22:08:03 UTC,sensor04,300372246,19.54,80.37,2025-09-23 10:04:31+00:00,34.016692,-81.034865,96.1,13.22,-0.2,0.0,12.0,3D,2025-09-23 06:04:31-04:00,POINT (-81.034865 34.016692)
2025-09-22 22:08:08 UTC,sensor04,300372246,19.69,80.29,2025-09-23 10:04:36+00:00,34.017272,-81.035117,93.0,14.01,-1.0,339.53,12.0,3D,2025-09-23 06:04:36-04:00,POINT (-81.035117 34.017272)
2025-09-22 22:08:13 UTC,sensor04,300372246,19.57,80.25,2025-09-23 10:04:41+00:00,34.01786,-81.0354,89.6,13.65,-0.6,337.07,12.0,3D,2025-09-23 06:04:41-04:00,POINT (-81.0354 34.01786)
2025-09-22 22:08:18 UTC,sensor04,300372246,19.34,80.8,2025-09-23 10:04:46+00:00,34.018385,-81.035643,88.4,10.85,-0.1,339.7,12.0,3D,2025-09-23 06:04:46-04:00,POINT (-81.035643 34.018385)
2025-09-22 22:08:23 UTC,sensor04,300372246,19.3,81.3,2025-09-23 10:04:51+00:00,34.018787,-81.035817,87.3,7.97,-0.8,339.62,12.0,3D,2025-09-23 06:04:51-04:00,POINT (-81.035817 34.018787)
2025-09-22 22:08:28 UTC,sensor04,300372246,19.19,81.55,2025-09-23 10:04:56+00:00,34.019052,-81.035925,85.7,6.07,-0.1,338.66,12.0,3D,2025-09-23 06:04:56-04:00,POINT (-81.035925 34.019052)
2025-09-22 22:08:33 UTC,sensor04,300372246,19.05,81.87,2025-09-23 10:05:01+00:00,34.019425,-81.03609,84.5,11.21,0.6,338.08,12.0,3D,2025-09-23 06:05:01-04:00,POINT (-81.03609 34.019425)
2025-09-22 22:08:38 UTC,sensor04,300372246,19.05,82.27,2025-09-23 10:05:06+00:00,34.019925,-81.036323,88.5,11.7,1.5,336.37,12.0,3D,2025-09-23 06:05:06-04:00,POINT (-81.036323 34.019925)
2025-09-22 22:08:43 UTC,sensor04,300372246,18.71,82.67,2025-09-23 10:05:11+00:00,34.020388,-81.03659,90.1,10.11,0.4,336.62,12.0,3D,2025-09-23 06:05:11-04:00,POINT (-81.03659 34.020388)
2025-09-22 22:08:48 UTC,sensor04,300372246,18.63,83.35,2025-09-23 10:05:16+00:00,34.020665,-81.036728,90.8,2.81,-0.8,338.6,12.0,3D,2025-09-23 06:05:16-04:00,POINT (-81.036728 34.020665)
2025-09-22 22:08:53 UTC,sensor04,300372246,18.49,83.75,2025-09-23 10:05:21+00:00,34.020748,-81.036842,93.1,4.36,0.5,287.78,12.0,3D,2025-09-23 06:05:21-04:00,POINT (-81.036842 34.020748)
2025-09-22 22:08:58 UTC,sensor04,300372246,18.15,84.5,2025-09-23 10:05:26+00:00,34.020623,-81.037165,93.6,7.8,-0.1,240.47,12.0,3D,2025-09-23 06:05:26-04:00,POINT (-81.037165 34.020623)
2025-09-22 22:09:04 UTC,sensor04,300372246,17.88,85.53,2025-09-23 10:05:32+00:00,34.020363,-81.037675,93.2,9.34,-0.1,0.0,12.0,3D,2025-09-23 06:05:32-04:00,POINT (-81.037675 34.020363)
2025-09-22 22:09:09 UTC,sensor04,300372246,17.99,86.37,2025-09-23 10:05:37+00:00,34.020137,-81.038143,90.8,9.56,-2.3,0.0,12.0,3D,2025-09-23 06:05:37-04:00,POINT (-81.038143 34.020137)
2025-09-22 22:09:14 UTC,sensor04,300372246,17.95,86.62,2025-09-23 10:05:42+00:00,34.019943,-81.038537,91.9,6.27,0.6,0.0,12.0,3D,2025-09-23 06:05:42-04:00,POINT (-81.038537 34.019943)
2025-09-22 22:09:19 UTC,sensor04,300372246,17.98,86.69,2025-09-23 10:05:47+00:00,34.019835,-81.03878,90.5,5.55,-0.5,239.95,12.0,3D,2025-09-23 06:05:47-04:00,POINT (-81.03878 34.019835)
2025-09-22 22:09:24 UTC,sensor04,300372246,17.97,86.66,2025-09-23 10:05:52+00:00,34.019747,-81.039003,86.0,2.91,-0.4,237.44,12.0,3D,2025-09-23 06:05:52-04:00,POINT (-81.039003 34.019747)
2025-09-22 22:09:29 UTC,sensor04,300372246,17.94,86.74,2025-09-23 10:05:57+00:00,34.019685,-81.03913,85.3,4.42,-0.2,240.05,12.0,3D,2025-09-23 06:05:57-04:00,POINT (-81.03913 34.019685)
2025-09-22 22:09:34 UTC,sensor04,300372246,17.94,86.89,2025-09-23 10:06:02+00:00,34.019565,-81.039423,84.2,6.85,-0.3,241.7,12.0,3D,2025-09-23 06:06:02-04:00,POINT (-81.039423 34.019565)
2025-09-22 22:09:39 UTC,sensor04,300372246,17.94,87.02,2025-09-23 10:06:07+00:00,34.01942,-81.039768,83.5,6.91,-0.1,242.58,12.0,3D,2025-09-23 06:06:07-04:00,POINT (-81.039768 34.01942)
2025-09-22 22:09:44 UTC,sensor04,300372246,17.95,87.06,2025-09-23 10:06:12+00:00,34.019312,-81.040032,82.5,3.69,-0.2,246.08,12.0,3D,2025-09-23 06:06:12-04:00,POINT (-81.040032 34.019312)
2025-09-22 22:09:49 UTC,sensor04,300372246,18.01,87.01,2025-09-23 10:06:17+00:00,34.019232,-81.04018,81.9,4.58,-0.1,237.54,12.0,3D,2025-09-23 06:06:17-04:00,POINT (-81.04018 34.019232)
2025-09-22 22:09:54 UTC,sensor04,300372246,17.95,86.98,2025-09-23 10:06:20+00:00,34.019145,-81.040367,82.1,6.96,-0.2,0.0,12.0,3D,2025-09-23 06:06:20-04:00,POINT (-81.040367 34.019145)
2025-09-22 22:09:59 UTC,sensor04,300372246,18.0,87.03,2025-09-23 10:06:27+00:00,34.018937,-81.040828,82.4,6.21,0.0,241.41,12.0,3D,2025-09-23 06:06:27-04:00,POINT (-81.040828 34.018937)
2025-09-22 22:10:04 UTC,sensor04,300372246,18.08,86.91,2025-09-23 10:06:32+00:00,34.018787,-81.041147,81.8,5.85,0.1,243.71,12.0,3D,2025-09-23 06:06:32-04:00,POINT (-81.041147 34.018787)
2025-09-22 22:10:09 UTC,sensor04,300372246,18.19,86.7,2025-09-23 10:06:37+00:00,34.018825,-81.041367,84.8,4.21,0.3,324.09,12.0,3D,2025-09-23 06:06:37-04:00,POINT (-81.041367 34.018825)
2025-09-22 22:10:14 UTC,sensor04,300372246,18.35,86.14,2025-09-23 10:06:42+00:00,34.019167,-81.041477,85.3,9.14,-0.4,342.74,12.0,3D,2025-09-23 06:06:42-04:00,POINT (-81.041477 34.019167)
2025-09-22 22:10:19 UTC,sensor04,300372246,18.43,85.69,2025-09-23 10:06:47+00:00,34.019607,-81.041645,83.8,10.7,0.0,340.76,12.0,3D,2025-09-23 06:06:47-04:00,POINT (-81.041645 34.019607)
2025-09-22 22:10:24 UTC,sensor04,300372246,18.46,85.19,2025-09-23 10:06:52+00:00,34.02005,-81.041832,84.4,10.62,0.0,340.07,12.0,3D,2025-09-23 06:06:52-04:00,POINT (-81.041832 34.02005)
2025-09-22 22:10:29 UTC,sensor04,300372246,18.5,84.75,2025-09-23 10:06:57+00:00,34.020507,-81.042035,85.6,11.36,0.2,339.79,12.0,3D,2025-09-23 06:06:57-04:00,POINT (-81.042035 34.020507)
2025-09-22 22:10:34 UTC,sensor04,300372246,18.42,84.77,2025-09-23 10:07:02+00:00,34.020978,-81.042235,88.0,11.03,0.7,341.19,12.0,3D,2025-09-23 06:07:02-04:00,POINT (-81.042235 34.020978)
2025-09-22 22:10:39 UTC,sensor04,300372246,18.44,84.82,2025-09-23 10:07:07+00:00,34.02146,-81.04243,92.7,10.88,0.1,344.98,12.0,3D,2025-09-23 06:07:07-04:00,POINT (-81.04243 34.02146)
2025-09-22 22:10:44 UTC,sensor04,300372246,18.19,84.98,2025-09-23 10:07:12+00:00,34.021955,-81.042497,95.0,10.66,0.6,359.53,12.0,3D,2025-09-23 06:07:12-04:00,POINT (-81.042497 34.021955)
2025-09-22 22:10:49 UTC,sensor04,300372246,18.12,85.5,2025-09-23 10:07:17+00:00,34.022463,-81.042485,96.7,11.7,0.1,0.47,12.0,3D,2025-09-23 06:07:17-04:00,POINT (-81.042485 34.022463)
2025-09-22 22:10:55 UTC,sensor04,300372246,17.9,86.0,2025-09-23 10:07:22+00:00,34.022987,-81.042477,97.5,11.21,0.1,1.53,12.0,3D,2025-09-23 06:07:22-04:00,POINT (-81.042477 34.022987)
2025-09-22 22:11:00 UTC,sensor04,300372246,17.63,86.63,2025-09-23 10:07:28+00:00,34.023623,-81.042415,97.7,12.37,-0.1,0.0,12.0,3D,2025-09-23 06:07:28-04:00,POINT (-81.042415 34.023623)
2025-09-22 22:11:05 UTC,sensor04,300372246,17.56,87.31,2025-09-23 10:07:33+00:00,34.0242,-81.042255,95.7,13.48,-0.3,0.0,12.0,3D,2025-09-23 06:07:33-04:00,POINT (-81.042255 34.0242)
2025-09-22 22:11:10 UTC,sensor04,300372246,17.38,87.6,2025-09-23 10:07:38+00:00,34.024813,-81.042105,94.1,14.4,-0.2,0.0,12.0,3D,2025-09-23 06:07:38-04:00,POINT (-81.042105 34.024813)
2025-09-22 22:11:15 UTC,sensor04,300372246,17.41,88.18,2025-09-23 10:07:43+00:00,34.025438,-81.042028,92.4,14.01,-0.3,0.59,12.0,3D,2025-09-23 06:07:43-04:00,POINT (-81.042028 34.025438)
2025-09-22 22:11:20 UTC,sensor04,300372246,17.4,88.4,2025-09-23 10:07:48+00:00,34.026052,-81.042037,92.2,13.59,-0.3,359.91,12.0,3D,2025-09-23 06:07:48-04:00,POINT (-81.042037 34.026052)
2025-09-22 22:11:25 UTC,sensor04,300372246,17.29,88.7,2025-09-23 10:07:53+00:00,34.02666,-81.042032,88.3,13.39,-0.6,0.28,12.0,3D,2025-09-23 06:07:53-04:00,POINT (-81.042032 34.02666)
2025-09-22 22:11:30 UTC,sensor04,300372246,17.3,89.01,2025-09-23 10:07:58+00:00,34.027278,-81.04202,85.7,13.9,-0.4,1.48,12.0,3D,2025-09-23 06:07:58-04:00,POINT (-81.04202 34.027278)
2025-09-22 22:11:35 UTC,sensor04,300372246,17.27,89.19,2025-09-23 10:08:03+00:00,34.027905,-81.042015,84.0,12.99,-0.2,356.99,12.0,3D,2025-09-23 06:08:03-04:00,POINT (-81.042015 34.027905)
2025-09-22 22:11:40 UTC,sensor04,300372246,17.32,89.45,2025-09-23 10:08:08+00:00,34.028447,-81.042068,83.9,11.21,0.1,353.88,12.0,3D,2025-09-23 06:08:08-04:00,POINT (-81.042068 34.028447)
2025-09-22 22:11:45 UTC,sensor04,300372246,17.45,89.13,2025-09-23 10:08:13+00:00,34.028942,-81.042125,84.8,10.64,0.2,353.53,12.0,3D,2025-09-23 06:08:13-04:00,POINT (-81.042125 34.028942)
2025-09-22 22:11:50 UTC,sensor04,300372246,17.57,88.75,2025-09-23 10:08:18+00:00,34.029382,-81.042223,85.0,9.26,-0.1,347.97,12.0,3D,2025-09-23 06:08:18-04:00,POINT (-81.042223 34.029382)
2025-09-22 22:11:55 UTC,sensor04,300372246,17.48,88.64,2025-09-23 10:08:21+00:00,34.029613,-81.042272,84.8,8.62,-0.1,0.0,4.0,3D,2025-09-23 06:08:21-04:00,POINT (-81.042272 34.029613)
2025-09-22 22:12:00 UTC,sensor04,300372246,17.51,88.7,2025-09-23 10:08:26+00:00,34.029985,-81.04231,85.0,7.41,-0.2,349.52,12.0,3D,2025-09-23 06:08:26-04:00,POINT (-81.04231 34.029985)
2025-09-22 22:12:05 UTC,sensor04,300372246,17.48,88.66,2025-09-23 10:08:33+00:00,34.030117,-81.04278,85.9,8.36,-0.1,270.33,12.0,3D,2025-09-23 06:08:33-04:00,POINT (-81.04278 34.030117)
2025-09-22 22:12:10 UTC,sensor04,300372246,17.4,88.84,2025-09-23 10:08:38+00:00,34.030122,-81.043323,85.1,9.63,0.0,272.74,12.0,3D,2025-09-23 06:08:38-04:00,POINT (-81.043323 34.030122)
2025-09-22 22:12:15 UTC,sensor04,300372246,17.27,89.15,2025-09-23 10:08:43+00:00,34.03014,-81.043857,84.1,9.75,-0.2,269.98,12.0,3D,2025-09-23 06:08:43-04:00,POINT (-81.043857 34.03014)
2025-09-22 22:12:20 UTC,sensor04,300372246,17.21,89.39,2025-09-23 10:08:48+00:00,34.030138,-81.044412,83.7,10.24,0.1,271.01,12.0,3D,2025-09-23 06:08:48-04:00,POINT (-81.044412 34.030138)
2025-09-22 22:12:25 UTC,sensor04,300372246,17.11,89.66,2025-09-23 10:08:53+00:00,34.030148,-81.045025,82.3,11.3,-0.6,273.82,12.0,3D,2025-09-23 06:08:53-04:00,POINT (-81.045025 34.030148)
2025-09-22 22:12:30 UTC,sensor04,300372246,17.02,90.0,2025-09-23 10:08:58+00:00,34.030243,-81.045603,79.3,11.29,-0.5,284.93,12.0,3D,2025-09-23 06:08:58-04:00,POINT (-81.045603 34.030243)
2025-09-22 22:12:35 UTC,sensor04,300372246,16.96,90.26,2025-09-23 10:09:03+00:00,34.030437,-81.046212,76.4,12.22,-0.6,294.5,12.0,3D,2025-09-23 06:09:03-04:00,POINT (-81.046212 34.030437)
2025-09-22 22:12:40 UTC,sensor04,300372246,16.94,90.54,2025-09-23 10:09:08+00:00,34.030645,-81.046793,74.4,11.43,-0.5,290.04,12.0,3D,2025-09-23 06:09:08-04:00,POINT (-81.046793 34.030645)
2025-09-22 22:12:45 UTC,sensor04,300372246,16.94,90.73,2025-09-23 10:09:13+00:00,34.030778,-81.04736,73.0,10.34,-0.3,283.44,12.0,3D,2025-09-23 06:09:13-04:00,POINT (-81.04736 34.030778)
2025-09-22 22:12:50 UTC,sensor04,300372246,16.89,90.79,2025-09-23 10:09:18+00:00,34.030797,-81.047895,72.1,10.51,-0.2,267.51,12.0,3D,2025-09-23 06:09:18-04:00,POINT (-81.047895 34.030797)
2025-09-22 22:12:55 UTC,sensor04,300372246,16.88,90.93,2025-09-23 10:09:23+00:00,34.030753,-81.048483,71.1,10.78,-0.1,261.47,12.0,3D,2025-09-23 06:09:23-04:00,POINT (-81.048483 34.030753)
2025-09-22 22:13:01 UTC,sensor04,300372246,16.93,91.13,2025-09-23 10:09:29+00:00,34.030582,-81.049153,69.8,10.8,-0.1,0.0,12.0,3D,2025-09-23 06:09:29-04:00,POINT (-81.049153 34.030582)
2025-09-22 22:13:06 UTC,sensor04,300372246,16.89,91.19,2025-09-23 10:09:34+00:00,34.0303,-81.049672,68.9,10.35,-0.3,0.0,12.0,3D,2025-09-23 06:09:34-04:00,POINT (-81.049672 34.0303)
2025-09-22 22:13:11 UTC,sensor04,300372246,16.95,91.15,2025-09-23 10:09:39+00:00,34.030085,-81.05001,68.2,5.29,-0.1,0.0,12.0,3D,2025-09-23 06:09:39-04:00,POINT (-81.05001 34.030085)
2025-09-22 22:13:16 UTC,sensor04,300372246,16.88,91.12,2025-09-23 10:09:44+00:00,34.029855,-81.049938,68.6,6.04,-0.3,154.58,12.0,3D,2025-09-23 06:09:44-04:00,POINT (-81.049938 34.029855)
2025-09-22 22:13:21 UTC,sensor04,300372246,16.86,91.18,2025-09-23 10:09:49+00:00,34.029582,-81.049758,67.7,7.21,0.0,145.7,12.0,3D,2025-09-23 06:09:49-04:00,POINT (-81.049758 34.029582)
2025-09-22 22:13:26 UTC,sensor04,300372246,16.86,91.07,2025-09-23 10:09:54+00:00,34.029315,-81.049497,68.7,8.17,0.4,140.27,12.0,3D,2025-09-23 06:09:54-04:00,POINT (-81.049497 34.029315)
2025-09-22 22:13:31 UTC,sensor04,300372246,16.86,90.97,2025-09-23 10:09:59+00:00,34.029048,-81.049205,70.4,7.9,0.3,137.22,12.0,3D,2025-09-23 06:09:59-04:00,POINT (-81.049205 34.029048)
2025-09-22 22:13:36 UTC,sensor04,300372246,16.82,90.9,2025-09-23 10:10:04+00:00,34.028772,-81.048933,72.8,7.6,0.6,145.05,12.0,3D,2025-09-23 06:10:04-04:00,POINT (-81.048933 34.028772)
2025-09-22 22:13:41 UTC,sensor04,300372246,16.81,90.91,2025-09-23 10:10:09+00:00,34.02848,-81.048695,75.6,7.5,0.6,145.58,12.0,3D,2025-09-23 06:10:09-04:00,POINT (-81.048695 34.02848)
2025-09-22 22:13:46 UTC,sensor04,300372246,16.81,90.99,2025-09-23 10:10:14+00:00,34.028183,-81.048465,76.7,8.09,0.0,150.19,12.0,3D,2025-09-23 06:10:14-04:00,POINT (-81.048465 34.028183)
2025-09-22 22:13:51 UTC,sensor04,300372246,16.8,90.96,2025-09-23 10:10:19+00:00,34.027862,-81.048215,77.2,8.26,0.2,144.15,12.0,3D,2025-09-23 06:10:19-04:00,POINT (-81.048215 34.027862)
2025-09-22 22:13:56 UTC,sensor04,300372246,16.91,90.98,2025-09-23 10:10:21+00:00,34.027737,-81.048107,78.0,8.67,0.5,0.0,4.0,3D,2025-09-23 06:10:21-04:00,POINT (-81.048107 34.027737)
2025-09-22 22:14:01 UTC,sensor04,300372246,16.93,91.04,2025-09-23 10:10:29+00:00,34.027317,-81.047657,80.5,7.15,0.2,130.94,12.0,3D,2025-09-23 06:10:29-04:00,POINT (-81.047657 34.027317)
2025-09-22 22:14:11 UTC,sensor04,300372246,16.94,90.87,2025-09-23 10:10:39+00:00,34.027127,-81.047542,82.5,2.4,0.3,236.69,12.0,3D,2025-09-23 06:10:39-04:00,POINT (-81.047542 34.027127)
2025-09-22 22:14:16 UTC,sensor04,300372246,16.98,90.92,2025-09-23 10:10:44+00:00,34.02703,-81.0477,85.2,3.89,0.6,245.17,12.0,3D,2025-09-23 06:10:44-04:00,POINT (-81.0477 34.02703)
2025-09-22 22:14:21 UTC,sensor04,300372246,17.04,90.87,2025-09-23 10:10:49+00:00,34.02693,-81.047928,87.3,5.24,0.2,248.02,12.0,3D,2025-09-23 06:10:49-04:00,POINT (-81.047928 34.02693)
2025-09-22 22:14:26 UTC,sensor04,300372246,17.05,90.59,2025-09-23 10:10:54+00:00,34.026837,-81.048268,86.6,7.53,-0.5,256.49,12.0,3D,2025-09-23 06:10:54-04:00,POINT (-81.048268 34.026837)
2025-09-22 22:14:31 UTC,sensor04,300372246,17.12,90.48,2025-09-23 10:10:59+00:00,34.026793,-81.048653,84.7,7.14,-0.5,273.45,12.0,3D,2025-09-23 06:10:59-04:00,POINT (-81.048653 34.026793)
2025-09-22 22:14:36 UTC,sensor04,300372246,17.01,90.29,2025-09-23 10:11:04+00:00,34.026892,-81.049028,81.6,6.53,-0.6,291.93,12.0,3D,2025-09-23 06:11:04-04:00,POINT (-81.049028 34.026892)
2025-09-22 22:14:41 UTC,sensor04,300372246,16.9,90.4,2025-09-23 10:11:09+00:00,34.027138,-81.049453,79.1,9.18,-0.5,305.57,12.0,3D,2025-09-23 06:11:09-04:00,POINT (-81.049453 34.027138)
2025-09-22 22:14:46 UTC,sensor04,300372246,16.91,90.66,2025-09-23 10:11:14+00:00,34.027395,-81.049877,76.7,8.93,-0.4,306.62,12.0,3D,2025-09-23 06:11:14-04:00,POINT (-81.049877 34.027395)
2025-09-22 22:14:52 UTC,sensor04,300372246,16.82,90.72,2025-09-23 10:11:20+00:00,34.027653,-81.050332,75.9,8.33,0.0,0.0,12.0,3D,2025-09-23 06:11:20-04:00,POINT (-81.050332 34.027653)
2025-09-22 22:14:57 UTC,sensor04,300372246,16.85,90.74,2025-09-23 10:11:25+00:00,34.027873,-81.050718,76.0,8.88,0.0,0.0,12.0,3D,2025-09-23 06:11:25-04:00,POINT (-81.050718 34.027873)
2025-09-22 22:15:02 UTC,sensor04,300372246,16.88,90.79,2025-09-23 10:11:30+00:00,34.02808,-81.05108,76.2,7.94,0.1,0.0,12.0,3D,2025-09-23 06:11:30-04:00,POINT (-81.05108 34.02808)
2025-09-22 22:15:07 UTC,sensor04,300372246,16.86,90.97,2025-09-23 10:11:35+00:00,34.028177,-81.051415,75.7,4.95,-0.2,276.81,12.0,3D,2025-09-23 06:11:35-04:00,POINT (-81.051415 34.028177)
2025-09-22 22:16:43 UTC,sensor04,300372246,16.99,90.71,2025-09-23 10:13:11+00:00,34.028117,-81.05184,77.8,6.96,0.4,0.0,12.0,3D,2025-09-23 06:13:11-04:00,POINT (-81.05184 34.028117)
2025-09-22 22:16:48 UTC,sensor04,300372246,16.9,90.84,2025-09-23 10:13:16+00:00,34.028098,-81.05227,78.7,7.7,0.2,0.0,4.0,3D,2025-09-23 06:13:16-04:00,POINT (-81.05227 34.028098)
2025-09-22 22:16:53 UTC,sensor04,300372246,16.9,90.91,2025-09-23 10:13:21+00:00,34.028203,-81.052618,79.5,6.28,0.2,0.0,8.0,3D,2025-09-23 06:13:21-04:00,POINT (-81.052618 34.028203)
2025-09-22 22:16:58 UTC,sensor04,300372246,16.98,91.08,2025-09-23 10:13:26+00:00,34.028398,-81.052922,80.1,8.17,0.1,0.0,8.0,3D,2025-09-23 06:13:26-04:00,POINT (-81.052922 34.028398)
2025-09-22 22:17:03 UTC,sensor04,300372246,16.92,91.25,2025-09-23 10:13:31+00:00,34.02866,-81.0532,80.5,7.17,0.1,0.0,12.0,3D,2025-09-23 06:13:31-04:00,POINT (-81.0532 34.02866)
2025-09-22 22:17:23 UTC,sensor04,300372246,17.01,91.13,2025-09-23 10:13:51+00:00,34.028883,-81.053283,81.3,3.92,0.0,56.74,12.0,3D,2025-09-23 06:13:51-04:00,POINT (-81.053283 34.028883)
2025-09-22 22:17:28 UTC,sensor04,300372246,17.04,91.02,2025-09-23 10:13:56+00:00,34.028987,-81.05291,80.6,8.77,-0.3,78.83,12.0,3D,2025-09-23 06:13:56-04:00,POINT (-81.05291 34.028987)
2025-09-22 22:17:33 UTC,sensor04,300372246,16.92,91.0,2025-09-23 10:14:01+00:00,34.029067,-81.05255,79.7,4.37,-0.2,43.13,12.0,3D,2025-09-23 06:14:01-04:00,POINT (-81.05255 34.029067)
2025-09-22 22:17:38 UTC,sensor04,300372246,16.75,91.07,2025-09-23 10:14:06+00:00,34.029303,-81.052567,78.7,6.05,-0.2,348.41,12.0,3D,2025-09-23 06:14:06-04:00,POINT (-81.052567 34.029303)
2025-09-22 22:17:43 UTC,sensor04,300372246,16.64,91.38,2025-09-23 10:14:11+00:00,34.029642,-81.052882,77.5,8.52,-0.2,316.41,12.0,3D,2025-09-23 06:14:11-04:00,POINT (-81.052882 34.029642)
2025-09-22 22:17:48 UTC,sensor04,300372246,16.61,91.62,2025-09-23 10:14:16+00:00,34.029917,-81.053288,76.9,10.21,-0.2,314.44,12.0,3D,2025-09-23 06:14:16-04:00,POINT (-81.053288 34.029917)
2025-09-22 22:17:53 UTC,sensor04,300372246,16.48,91.81,2025-09-23 10:14:21+00:00,34.030222,-81.05368,76.8,9.35,0.0,314.68,12.0,3D,2025-09-23 06:14:21-04:00,POINT (-81.05368 34.030222)
2025-09-22 22:17:58 UTC,sensor04,300372246,16.46,92.07,2025-09-23 10:14:22+00:00,34.030283,-81.053755,76.8,9.73,0.0,0.0,12.0,3D,2025-09-23 06:14:22-04:00,POINT (-81.053755 34.030283)
2025-09-22 22:18:03 UTC,sensor04,300372246,16.37,92.23,2025-09-23 10:14:31+00:00,34.030753,-81.054443,75.7,9.4,-0.2,300.86,12.0,3D,2025-09-23 06:14:31-04:00,POINT (-81.054443 34.030753)
2025-09-22 22:18:08 UTC,sensor04,300372246,16.46,92.43,2025-09-23 10:14:36+00:00,34.030962,-81.05494,74.8,9.71,-0.1,292.25,12.0,3D,2025-09-23 06:14:36-04:00,POINT (-81.05494 34.030962)
2025-09-22 22:18:13 UTC,sensor04,300372246,16.59,92.41,2025-09-23 10:14:41+00:00,34.031098,-81.055418,75.9,8.61,0.4,288.23,12.0,3D,2025-09-23 06:14:41-04:00,POINT (-81.055418 34.031098)
2025-09-22 22:18:18 UTC,sensor04,300372246,16.6,92.17,2025-09-23 10:14:46+00:00,34.031205,-81.055858,78.4,7.92,0.4,287.72,12.0,3D,2025-09-23 06:14:46-04:00,POINT (-81.055858 34.031205)
2025-09-22 22:18:23 UTC,sensor04,300372246,16.68,92.0,2025-09-23 10:14:51+00:00,34.031305,-81.056258,80.2,7.98,0.4,287.5,12.0,3D,2025-09-23 06:14:51-04:00,POINT (-81.056258 34.031305)
2025-09-22 22:18:28 UTC,sensor04,300372246,16.74,91.74,2025-09-23 10:14:56+00:00,34.031405,-81.05668,84.2,7.58,0.6,286.64,12.0,3D,2025-09-23 06:14:56-04:00,POINT (-81.05668 34.031405)
2025-09-22 22:18:34 UTC,sensor04,300372246,16.75,91.49,2025-09-23 10:15:02+00:00,34.031523,-81.057145,86.9,6.92,0.3,0.0,12.0,3D,2025-09-23 06:15:02-04:00,POINT (-81.057145 34.031523)
2025-09-22 22:18:44 UTC,sensor04,300372246,16.77,91.34,2025-09-23 10:15:12+00:00,34.031563,-81.057427,89.2,3.09,0.1,0.0,12.0,3D,2025-09-23 06:15:12-04:00,POINT (-81.057427 34.031563)
2025-09-22 22:18:49 UTC,sensor04,300372246,16.83,91.38,2025-09-23 10:15:17+00:00,34.031348,-81.057508,90.1,5.88,0.1,197.75,12.0,3D,2025-09-23 06:15:17-04:00,POINT (-81.057508 34.031348)
2025-09-22 22:18:54 UTC,sensor04,300372246,16.9,91.23,2025-09-23 10:15:22+00:00,34.031082,-81.057635,91.0,6.5,0.1,213.45,12.0,3D,2025-09-23 06:15:22-04:00,POINT (-81.057635 34.031082)
2025-09-22 22:18:59 UTC,sensor04,300372246,16.9,91.07,2025-09-23 10:15:27+00:00,34.030872,-81.05785,92.4,5.19,0.4,221.57,12.0,3D,2025-09-23 06:15:27-04:00,POINT (-81.05785 34.030872)
2025-09-22 22:19:04 UTC,sensor04,300372246,16.93,91.02,2025-09-23 10:15:32+00:00,34.030802,-81.057967,94.1,2.59,0.4,266.09,12.0,3D,2025-09-23 06:15:32-04:00,POINT (-81.057967 34.030802)
2025-09-22 22:19:09 UTC,sensor04,300372246,17.02,90.96,2025-09-23 10:15:37+00:00,34.030945,-81.058228,94.5,6.61,-0.5,313.39,12.0,3D,2025-09-23 06:15:37-04:00,POINT (-81.058228 34.030945)
2025-09-22 22:19:14 UTC,sensor04,300372246,17.13,90.73,2025-09-23 10:15:42+00:00,34.031163,-81.058475,93.2,5.28,-0.4,310.05,12.0,3D,2025-09-23 06:15:42-04:00,POINT (-81.058475 34.031163)
2025-09-22 22:19:19 UTC,sensor04,300372246,17.07,90.43,2025-09-23 10:15:47+00:00,34.031148,-81.058743,92.8,5.57,0.0,241.66,12.0,3D,2025-09-23 06:15:47-04:00,POINT (-81.058743 34.031148)
2025-09-22 22:19:24 UTC,sensor04,300372246,17.1,90.49,2025-09-23 10:15:52+00:00,34.031007,-81.059057,93.9,6.42,0.4,242.42,12.0,3D,2025-09-23 06:15:52-04:00,POINT (-81.059057 34.031007)
2025-09-22 22:19:29 UTC,sensor04,300372246,16.94,90.32,2025-09-23 10:15:57+00:00,34.030837,-81.059408,96.7,7.78,0.0,221.9,12.0,3D,2025-09-23 06:15:57-04:00,POINT (-81.059408 34.030837)
2025-09-22 22:19:34 UTC,sensor04,300372246,16.83,90.58,2025-09-23 10:16:02+00:00,34.030492,-81.059545,96.5,8.8,-0.1,185.32,12.0,3D,2025-09-23 06:16:02-04:00,POINT (-81.059545 34.030492)
2025-09-22 22:19:39 UTC,sensor04,300372246,16.81,90.95,2025-09-23 10:16:07+00:00,34.030133,-81.05965,94.8,8.33,-0.7,212.36,12.0,3D,2025-09-23 06:16:07-04:00,POINT (-81.05965 34.030133)
2025-09-22 22:19:44 UTC,sensor04,300372246,16.9,91.12,2025-09-23 10:16:12+00:00,34.029908,-81.060075,93.0,10.16,-0.6,243.39,12.0,3D,2025-09-23 06:16:12-04:00,POINT (-81.060075 34.029908)
2025-09-22 22:19:49 UTC,sensor04,300372246,17.05,91.0,2025-09-23 10:16:17+00:00,34.029678,-81.060563,90.1,11.01,-0.5,239.78,12.0,3D,2025-09-23 06:16:17-04:00,POINT (-81.060563 34.029678)
2025-09-22 22:19:54 UTC,sensor04,300372246,17.07,90.82,2025-09-23 10:16:22+00:00,34.02942,-81.061033,85.3,9.41,-0.4,243.56,12.0,3D,2025-09-23 06:16:22-04:00,POINT (-81.061033 34.02942)
2025-09-22 22:19:59 UTC,sensor04,300372246,17.09,90.74,2025-09-23 10:16:27+00:00,34.029282,-81.061352,83.2,4.08,0.0,240.21,12.0,3D,2025-09-23 06:16:27-04:00,POINT (-81.061352 34.029282)
2025-09-22 22:20:04 UTC,sensor04,300372246,17.06,90.74,2025-09-23 10:16:28+00:00,34.029268,-81.061387,82.8,3.12,-0.4,237.86,12.0,3D,2025-09-23 06:16:28-04:00,POINT (-81.061387 34.029268)
2025-09-22 22:20:09 UTC,sensor04,300372246,17.23,90.68,2025-09-23 10:16:37+00:00,34.02907,-81.061462,80.7,5.48,-0.3,151.16,12.0,3D,2025-09-23 06:16:37-04:00,POINT (-81.061462 34.02907)
2025-09-22 22:20:14 UTC,sensor04,300372246,17.31,90.38,2025-09-23 10:16:42+00:00,34.02884,-81.061288,79.3,6.29,-0.4,148.63,12.0,3D,2025-09-23 06:16:42-04:00,POINT (-81.061288 34.02884)
2025-09-22 22:20:19 UTC,sensor04,300372246,17.39,90.0,2025-09-23 10:16:47+00:00,34.028592,-81.061112,77.7,6.35,-0.3,151.37,12.0,3D,2025-09-23 06:16:47-04:00,POINT (-81.061112 34.028592)
2025-09-22 22:20:24 UTC,sensor04,300372246,17.47,89.64,2025-09-23 10:16:52+00:00,34.028345,-81.060928,74.9,5.88,-0.5,149.26,12.0,3D,2025-09-23 06:16:52-04:00,POINT (-81.060928 34.028345)
2025-09-22 22:20:30 UTC,sensor04,300372246,17.46,89.41,2025-09-23 10:16:58+00:00,34.028185,-81.06085,72.7,2.61,-0.2,0.0,12.0,3D,2025-09-23 06:16:58-04:00,POINT (-81.06085 34.028185)
2025-09-22 22:20:35 UTC,sensor04,300372246,17.55,89.31,2025-09-23 10:17:03+00:00,34.028002,-81.061102,71.4,8.85,-0.3,0.0,12.0,3D,2025-09-23 06:17:03-04:00,POINT (-81.061102 34.028002)
2025-09-22 22:20:40 UTC,sensor04,300372246,17.53,89.07,2025-09-23 10:17:08+00:00,34.02774,-81.061603,70.3,11.72,-0.3,0.0,12.0,3D,2025-09-23 06:17:08-04:00,POINT (-81.061603 34.02774)
2025-09-22 22:20:45 UTC,sensor04,300372246,17.53,89.33,2025-09-23 10:17:13+00:00,34.02746,-81.0622,69.5,12.67,-0.3,243.81,12.0,3D,2025-09-23 06:17:13-04:00,POINT (-81.0622 34.02746)
2025-09-22 22:20:50 UTC,sensor04,300372246,17.32,89.9,2025-09-23 10:17:18+00:00,34.027227,-81.062863,68.1,13.4,-0.3,250.07,12.0,3D,2025-09-23 06:17:18-04:00,POINT (-81.062863 34.027227)
2025-09-22 22:20:55 UTC,sensor04,300372246,17.16,90.64,2025-09-23 10:17:23+00:00,34.027052,-81.06353,68.9,12.39,0.3,254.04,12.0,3D,2025-09-23 06:17:23-04:00,POINT (-81.06353 34.027052)
2025-09-22 22:21:00 UTC,sensor04,300372246,17.27,91.25,2025-09-23 10:17:28+00:00,34.026893,-81.064158,70.8,11.84,0.4,254.16,12.0,3D,2025-09-23 06:17:28-04:00,POINT (-81.064158 34.026893)
2025-09-22 22:21:05 UTC,sensor04,300372246,17.19,91.32,2025-09-23 10:17:33+00:00,34.02674,-81.06481,69.8,12.76,-0.4,255.27,12.0,3D,2025-09-23 06:17:33-04:00,POINT (-81.06481 34.02674)
2025-09-22 22:21:10 UTC,sensor04,300372246,17.15,91.47,2025-09-23 10:17:38+00:00,34.026613,-81.06556,69.4,14.66,0.1,258.82,12.0,3D,2025-09-23 06:17:38-04:00,POINT (-81.06556 34.026613)
2025-09-22 22:21:15 UTC,sensor04,300372246,17.23,91.75,2025-09-23 10:17:43+00:00,34.026492,-81.06633,68.7,14.45,0.1,258.75,12.0,3D,2025-09-23 06:17:43-04:00,POINT (-81.06633 34.026492)
2025-09-22 22:21:20 UTC,sensor04,300372246,17.28,92.02,2025-09-23 10:17:48+00:00,34.026377,-81.067055,69.5,13.25,0.1,258.24,12.0,3D,2025-09-23 06:17:48-04:00,POINT (-81.067055 34.026377)
2025-09-22 22:21:25 UTC,sensor04,300372246,17.63,92.45,2025-09-23 10:17:53+00:00,34.026263,-81.06775,70.5,12.94,0.2,258.56,12.0,3D,2025-09-23 06:17:53-04:00,POINT (-81.06775 34.026263)
2025-09-22 22:21:30 UTC,sensor04,300372246,17.78,92.43,2025-09-23 10:17:58+00:00,34.02615,-81.068447,71.0,13.07,0.0,258.96,12.0,3D,2025-09-23 06:17:58-04:00,POINT (-81.068447 34.02615)
2025-09-22 22:21:35 UTC,sensor04,300372246,18.07,92.27,2025-09-23 10:18:03+00:00,34.026043,-81.069138,71.7,13.24,0.1,259.29,12.0,3D,2025-09-23 06:18:03-04:00,POINT (-81.069138 34.026043)
2025-09-22 22:21:40 UTC,sensor04,300372246,18.23,91.68,2025-09-23 10:18:08+00:00,34.025932,-81.06982,72.6,12.8,0.0,259.04,12.0,3D,2025-09-23 06:18:08-04:00,POINT (-81.06982 34.025932)
2025-09-22 22:21:45 UTC,sensor04,300372246,18.16,91.02,2025-09-23 10:18:13+00:00,34.025817,-81.070503,73.6,12.99,0.2,258.98,12.0,3D,2025-09-23 06:18:13-04:00,POINT (-81.070503 34.025817)
2025-09-22 22:21:50 UTC,sensor04,300372246,18.28,90.83,2025-09-23 10:18:18+00:00,34.025708,-81.071193,74.4,12.67,0.0,258.81,12.0,3D,2025-09-23 06:18:18-04:00,POINT (-81.071193 34.025708)
2025-09-22 22:21:55 UTC,sensor04,300372246,18.32,89.94,2025-09-23 10:18:23+00:00,34.025597,-81.071783,73.8,10.53,0.0,0.0,12.0,3D,2025-09-23 06:18:23-04:00,POINT (-81.071783 34.025597)
2025-09-22 22:22:00 UTC,sensor04,300372246,18.32,89.74,2025-09-23 10:18:23+00:00,34.025597,-81.071783,73.8,10.53,0.0,0.0,12.0,3D,2025-09-23 06:18:23-04:00,POINT (-81.071783 34.025597)
2025-09-22 22:22:05 UTC,sensor04,300372246,18.23,89.62,2025-09-23 10:18:33+00:00,34.025413,-81.072723,74.4,5.48,0.2,257.62,12.0,3D,2025-09-23 06:18:33-04:00,POINT (-81.072723 34.025413)
2025-09-22 22:22:15 UTC,sensor04,300372246,18.33,89.51,2025-09-23 10:18:43+00:00,34.025333,-81.072828,76.9,2.25,0.2,121.71,12.0,3D,2025-09-23 06:18:43-04:00,POINT (-81.072828 34.025333)
2025-09-22 22:22:21 UTC,sensor04,300372246,18.47,89.18,2025-09-23 10:18:48+00:00,34.025345,-81.072497,77.2,8.5,0.0,81.37,12.0,3D,2025-09-23 06:18:48-04:00,POINT (-81.072497 34.025345)
2025-09-22 22:22:26 UTC,sensor04,300372246,18.43,88.99,2025-09-23 10:18:54+00:00,34.025433,-81.071825,77.1,8.11,-0.2,0.0,12.0,3D,2025-09-23 06:18:54-04:00,POINT (-81.071825 34.025433)
2025-09-22 22:22:31 UTC,sensor04,300372246,18.26,89.06,2025-09-23 10:18:59+00:00,34.025247,-81.071558,76.6,6.53,0.0,0.0,12.0,3D,2025-09-23 06:18:59-04:00,POINT (-81.071558 34.025247)
2025-09-22 22:22:36 UTC,sensor04,300372246,18.19,89.48,2025-09-23 10:19:04+00:00,34.025008,-81.071483,76.7,5.24,0.2,168.24,12.0,3D,2025-09-23 06:19:04-04:00,POINT (-81.071483 34.025008)
2025-09-22 22:22:41 UTC,sensor04,300372246,18.03,89.79,2025-09-23 10:19:09+00:00,34.024778,-81.071483,77.3,5.09,0.1,175.37,12.0,3D,2025-09-23 06:19:09-04:00,POINT (-81.071483 34.024778)
2025-09-22 22:22:46 UTC,sensor04,300372246,17.93,90.34,2025-09-23 10:19:14+00:00,34.024538,-81.071478,77.8,5.53,0.2,184.02,12.0,3D,2025-09-23 06:19:14-04:00,POINT (-81.071478 34.024538)
2025-09-22 22:22:51 UTC,sensor04,300372246,17.99,90.74,2025-09-23 10:19:19+00:00,34.024265,-81.0716,79.2,7.09,0.3,216.86,12.0,3D,2025-09-23 06:19:19-04:00,POINT (-81.0716 34.024265)
2025-09-22 22:22:56 UTC,sensor04,300372246,17.96,90.66,2025-09-23 10:19:24+00:00,34.023973,-81.071967,79.9,9.09,-0.2,235.35,12.0,3D,2025-09-23 06:19:24-04:00,POINT (-81.071967 34.023973)
2025-09-22 22:23:01 UTC,sensor04,300372246,17.92,90.7,2025-09-23 10:19:29+00:00,34.023768,-81.0724,81.6,8.99,0.4,242.13,12.0,3D,2025-09-23 06:19:29-04:00,POINT (-81.0724 34.023768)
2025-09-22 22:23:06 UTC,sensor04,300372246,17.85,90.72,2025-09-23 10:19:34+00:00,34.023562,-81.072852,84.4,9.26,0.3,242.42,12.0,3D,2025-09-23 06:19:34-04:00,POINT (-81.072852 34.023562)
2025-09-22 22:23:11 UTC,sensor04,300372246,17.83,90.8,2025-09-23 10:19:39+00:00,34.02337,-81.07329,86.3,9.0,0.4,241.47,12.0,3D,2025-09-23 06:19:39-04:00,POINT (-81.07329 34.02337)
2025-09-22 22:23:16 UTC,sensor04,300372246,17.84,90.79,2025-09-23 10:19:44+00:00,34.023232,-81.073722,88.3,7.75,0.4,250.19,12.0,3D,2025-09-23 06:19:44-04:00,POINT (-81.073722 34.023232)
2025-09-22 22:23:21 UTC,sensor04,300372246,17.82,90.84,2025-09-23 10:19:49+00:00,34.023217,-81.07409,89.7,6.27,0.2,268.38,12.0,3D,2025-09-23 06:19:49-04:00,POINT (-81.07409 34.023217)
2025-09-22 22:23:26 UTC,sensor04,300372246,17.71,90.8,2025-09-23 10:19:54+00:00,34.023252,-81.074455,90.1,6.04,0.2,276.6,12.0,3D,2025-09-23 06:19:54-04:00,POINT (-81.074455 34.023252)
2025-09-22 22:23:31 UTC,sensor04,300372246,17.68,90.93,2025-09-23 10:19:59+00:00,34.023305,-81.074862,93.2,6.96,1.5,280.7,12.0,3D,2025-09-23 06:19:59-04:00,POINT (-81.074862 34.023305)
2025-09-22 22:23:36 UTC,sensor04,300372246,17.66,91.01,2025-09-23 10:20:04+00:00,34.02342,-81.075237,94.6,7.05,0.2,294.0,12.0,3D,2025-09-23 06:20:04-04:00,POINT (-81.075237 34.02342)
2025-09-22 22:23:41 UTC,sensor04,300372246,17.72,90.65,2025-09-23 10:20:09+00:00,34.023562,-81.075573,95.3,6.56,0.3,295.45,12.0,3D,2025-09-23 06:20:09-04:00,POINT (-81.075573 34.023562)
2025-09-22 22:23:46 UTC,sensor04,300372246,17.89,90.28,2025-09-23 10:20:14+00:00,34.023737,-81.075867,94.9,6.61,-0.2,305.17,12.0,3D,2025-09-23 06:20:14-04:00,POINT (-81.075867 34.023737)
2025-09-22 22:23:51 UTC,sensor04,300372246,17.97,89.82,2025-09-23 10:20:19+00:00,34.02391,-81.076118,94.0,6.18,-0.2,311.6,12.0,3D,2025-09-23 06:20:19-04:00,POINT (-81.076118 34.02391)
2025-09-22 22:23:56 UTC,sensor04,300372246,17.94,89.43,2025-09-23 10:20:23+00:00,34.024055,-81.07627,93.4,3.47,-0.1,328.58,12.0,3D,2025-09-23 06:20:23-04:00,POINT (-81.07627 34.024055)
2025-09-22 22:24:16 UTC,sensor04,300372246,17.93,89.19,2025-09-23 10:20:44+00:00,34.024083,-81.076345,93.8,2.9,0.0,137.63,12.0,3D,2025-09-23 06:20:44-04:00,POINT (-81.076345 34.024083)
2025-09-22 22:24:21 UTC,sensor04,300372246,18.01,89.05,2025-09-23 10:20:49+00:00,34.02394,-81.076168,93.8,6.48,0.1,130.58,12.0,3D,2025-09-23 06:20:49-04:00,POINT (-81.076168 34.02394)
2025-09-22 22:24:27 UTC,sensor04,300372246,18.06,88.96,2025-09-23 10:20:54+00:00,34.023737,-81.075837,93.6,8.38,-0.1,124.71,12.0,3D,2025-09-23 06:20:54-04:00,POINT (-81.075837 34.023737)
2025-09-22 22:24:32 UTC,sensor04,300372246,17.96,89.06,2025-09-23 10:21:00+00:00,34.023497,-81.075335,93.6,9.39,0.0,0.0,12.0,3D,2025-09-23 06:21:00-04:00,POINT (-81.075335 34.023497)
2025-09-22 22:24:37 UTC,sensor04,300372246,17.9,89.75,2025-09-23 10:21:05+00:00,34.02334,-81.07486,93.5,9.74,0.0,0.0,12.0,3D,2025-09-23 06:21:05-04:00,POINT (-81.07486 34.02334)
2025-09-22 22:24:42 UTC,sensor04,300372246,17.77,90.16,2025-09-23 10:21:10+00:00,34.023272,-81.074468,93.5,5.59,0.1,0.0,12.0,3D,2025-09-23 06:21:10-04:00,POINT (-81.074468 34.023272)
2025-09-22 22:24:47 UTC,sensor04,300372246,17.7,90.46,2025-09-23 10:21:15+00:00,34.023092,-81.074307,93.5,6.07,-0.1,0.0,12.0,3D,2025-09-23 06:21:15-04:00,POINT (-81.074307 34.023092)
2025-09-22 22:24:52 UTC,sensor04,300372246,17.69,90.74,2025-09-23 10:21:20+00:00,34.02274,-81.074157,92.7,8.38,-0.1,161.37,12.0,3D,2025-09-23 06:21:20-04:00,POINT (-81.074157 34.02274)
2025-09-22 22:24:57 UTC,sensor04,300372246,17.64,90.92,2025-09-23 10:21:25+00:00,34.022377,-81.073987,91.5,8.3,-0.3,157.92,12.0,3D,2025-09-23 06:21:25-04:00,POINT (-81.073987 34.022377)
2025-09-22 22:25:02 UTC,sensor04,300372246,17.72,91.11,2025-09-23 10:21:30+00:00,34.022023,-81.073832,89.7,7.76,-0.2,159.16,12.0,3D,2025-09-23 06:21:30-04:00,POINT (-81.073832 34.022023)
2025-09-22 22:25:07 UTC,sensor04,300372246,17.82,91.13,2025-09-23 10:21:35+00:00,34.021683,-81.073683,87.5,8.14,-0.6,160.34,12.0,3D,2025-09-23 06:21:35-04:00,POINT (-81.073683 34.021683)
2025-09-22 22:25:12 UTC,sensor04,300372246,17.78,91.13,2025-09-23 10:21:40+00:00,34.021252,-81.07349,87.1,9.44,-0.3,159.64,12.0,3D,2025-09-23 06:21:40-04:00,POINT (-81.07349 34.021252)
2025-09-22 22:25:17 UTC,sensor04,300372246,17.76,91.03,2025-09-23 10:21:45+00:00,34.020847,-81.073308,84.6,8.46,-0.2,159.29,12.0,3D,2025-09-23 06:21:45-04:00,POINT (-81.073308 34.020847)
2025-09-22 22:25:22 UTC,sensor04,300372246,17.7,91.12,2025-09-23 10:21:50+00:00,34.020447,-81.073128,82.6,8.87,-0.2,159.94,12.0,3D,2025-09-23 06:21:50-04:00,POINT (-81.073128 34.020447)
2025-09-22 22:25:27 UTC,sensor04,300372246,17.68,91.26,2025-09-23 10:21:55+00:00,34.02005,-81.072957,83.2,9.01,0.3,158.04,12.0,3D,2025-09-23 06:21:55-04:00,POINT (-81.072957 34.02005)
2025-09-22 22:25:32 UTC,sensor04,300372246,17.77,91.27,2025-09-23 10:22:00+00:00,34.019697,-81.072728,83.6,8.45,0.1,140.0,12.0,3D,2025-09-23 06:22:00-04:00,POINT (-81.072728 34.019697)
2025-09-22 22:25:37 UTC,sensor04,300372246,17.69,91.03,2025-09-23 10:22:05+00:00,34.019417,-81.072422,84.3,7.98,0.1,136.07,12.0,3D,2025-09-23 06:22:05-04:00,POINT (-81.072422 34.019417)
2025-09-22 22:25:42 UTC,sensor04,300372246,17.68,91.31,2025-09-23 10:22:10+00:00,34.019133,-81.072108,84.3,8.98,-0.2,136.27,12.0,3D,2025-09-23 06:22:10-04:00,POINT (-81.072108 34.019133)
2025-09-22 22:25:47 UTC,sensor04,300372246,17.77,91.62,2025-09-23 10:22:15+00:00,34.018833,-81.071738,87.1,9.21,1.3,136.72,12.0,3D,2025-09-23 06:22:15-04:00,POINT (-81.071738 34.018833)
2025-09-22 22:25:52 UTC,sensor04,300372246,17.82,91.76,2025-09-23 10:22:20+00:00,34.018512,-81.071402,87.0,9.53,0.1,137.77,12.0,3D,2025-09-23 06:22:20-04:00,POINT (-81.071402 34.018512)
2025-09-22 22:25:57 UTC,sensor04,300372246,17.76,91.76,2025-09-23 10:22:24+00:00,34.018347,-81.071218,87.0,4.51,-0.1,0.0,12.0,3D,2025-09-23 06:22:24-04:00,POINT (-81.071218 34.018347)
2025-09-22 22:26:02 UTC,sensor04,300372246,17.74,91.89,2025-09-23 10:22:29+00:00,34.018207,-81.071032,86.4,6.65,-0.1,134.84,12.0,3D,2025-09-23 06:22:29-04:00,POINT (-81.071032 34.018207)
2025-09-22 22:26:07 UTC,sensor04,300372246,17.71,92.08,2025-09-23 10:22:29+00:00,34.018207,-81.071032,86.4,6.65,-0.1,134.84,12.0,3D,2025-09-23 06:22:29-04:00,POINT (-81.071032 34.018207)
2025-09-22 22:26:12 UTC,sensor04,300372246,17.74,92.25,2025-09-23 10:22:40+00:00,34.017583,-81.07032,85.8,8.6,-0.3,136.09,12.0,3D,2025-09-23 06:22:40-04:00,POINT (-81.07032 34.017583)
2025-09-22 22:26:17 UTC,sensor04,300372246,17.7,92.42,2025-09-23 10:22:45+00:00,34.017322,-81.070038,85.4,6.38,-0.1,136.3,12.0,3D,2025-09-23 06:22:45-04:00,POINT (-81.070038 34.017322)
2025-09-22 22:26:22 UTC,sensor04,300372246,17.74,92.57,2025-09-23 10:22:50+00:00,34.017133,-81.069948,84.9,4.77,-0.4,192.66,12.0,3D,2025-09-23 06:22:50-04:00,POINT (-81.069948 34.017133)
2025-09-22 22:26:27 UTC,sensor04,300372246,17.78,92.58,2025-09-23 10:22:55+00:00,34.016927,-81.070163,83.6,6.73,-0.2,228.09,12.0,3D,2025-09-23 06:22:55-04:00,POINT (-81.070163 34.016927)
2025-09-22 22:26:32 UTC,sensor04,300372246,17.74,92.47,2025-09-23 10:23:00+00:00,34.016693,-81.070433,82.2,6.59,-0.2,225.17,12.0,3D,2025-09-23 06:23:00-04:00,POINT (-81.070433 34.016693)
2025-09-22 22:26:37 UTC,sensor04,300372246,17.77,92.45,2025-09-23 10:23:05+00:00,34.016488,-81.070633,81.8,4.2,-0.3,220.0,12.0,3D,2025-09-23 06:23:05-04:00,POINT (-81.070633 34.016488)
2025-09-22 22:26:43 UTC,sensor04,300372246,17.81,92.43,2025-09-23 10:23:10+00:00,34.016357,-81.070617,81.5,2.41,0.2,167.17,12.0,3D,2025-09-23 06:23:10-04:00,POINT (-81.070617 34.016357)
2025-09-22 22:26:48 UTC,sensor04,300372246,17.9,92.39,2025-09-23 10:23:16+00:00,34.016182,-81.070423,80.2,5.58,-0.2,0.0,12.0,3D,2025-09-23 06:23:16-04:00,POINT (-81.070423 34.016182)
2025-09-22 22:26:53 UTC,sensor04,300372246,17.9,92.33,2025-09-23 10:23:21+00:00,34.015982,-81.070213,78.0,7.08,-0.4,0.0,12.0,3D,2025-09-23 06:23:21-04:00,POINT (-81.070213 34.015982)
2025-09-22 22:26:58 UTC,sensor04,300372246,17.9,92.32,2025-09-23 10:23:26+00:00,34.015782,-81.070023,76.2,5.53,-0.2,0.0,12.0,3D,2025-09-23 06:23:26-04:00,POINT (-81.070023 34.015782)
2025-09-22 22:27:03 UTC,sensor04,300372246,17.88,92.26,2025-09-23 10:23:31+00:00,34.015597,-81.069833,75.8,5.58,0.0,0.0,4.0,3D,2025-09-23 06:23:31-04:00,POINT (-81.069833 34.015597)
2025-09-22 22:27:08 UTC,sensor04,300372246,17.81,92.2,2025-09-23 10:23:36+00:00,34.015385,-81.069633,76.0,5.92,0.0,0.0,4.0,3D,2025-09-23 06:23:36-04:00,POINT (-81.069633 34.015385)
2025-09-22 22:27:13 UTC,sensor04,300372246,17.8,92.23,2025-09-23 10:23:41+00:00,34.015148,-81.069413,76.8,6.93,0.1,0.0,8.0,3D,2025-09-23 06:23:41-04:00,POINT (-81.069413 34.015148)
2025-09-22 22:27:18 UTC,sensor04,300372246,17.76,92.21,2025-09-23 10:23:46+00:00,34.01495,-81.069187,77.3,4.64,0.1,0.0,8.0,3D,2025-09-23 06:23:46-04:00,POINT (-81.069187 34.01495)
2025-09-22 22:27:23 UTC,sensor04,300372246,17.75,92.31,2025-09-23 10:23:51+00:00,34.014845,-81.068985,78.5,3.39,0.3,0.0,12.0,3D,2025-09-23 06:23:51-04:00,POINT (-81.068985 34.014845)
2025-09-22 22:27:28 UTC,sensor04,300372246,17.74,92.35,2025-09-23 10:23:56+00:00,34.014928,-81.068785,80.8,5.24,0.6,48.0,12.0,3D,2025-09-23 06:23:56-04:00,POINT (-81.068785 34.014928)
2025-09-22 22:27:33 UTC,sensor04,300372246,17.72,92.49,2025-09-23 10:24:01+00:00,34.015052,-81.068573,83.4,4.06,0.5,48.69,12.0,3D,2025-09-23 06:24:01-04:00,POINT (-81.068573 34.015052)
2025-09-22 22:27:38 UTC,sensor04,300372246,17.74,92.58,2025-09-23 10:24:06+00:00,34.015205,-81.068352,86.3,5.53,0.4,48.89,12.0,3D,2025-09-23 06:24:06-04:00,POINT (-81.068352 34.015205)
2025-09-22 22:27:43 UTC,sensor04,300372246,17.73,92.6,2025-09-23 10:24:11+00:00,34.015347,-81.068092,88.6,2.96,0.3,47.54,12.0,3D,2025-09-23 06:24:11-04:00,POINT (-81.068092 34.015347)
2025-09-22 22:27:53 UTC,sensor04,300372246,17.77,92.57,2025-09-23 10:24:21+00:00,34.015345,-81.067918,91.6,3.8,0.4,125.44,12.0,3D,2025-09-23 06:24:21-04:00,POINT (-81.067918 34.015345)
2025-09-22 22:27:58 UTC,sensor04,300372246,17.76,92.55,2025-09-23 10:24:25+00:00,34.015207,-81.067732,92.2,6.87,0.2,134.88,12.0,3D,2025-09-23 06:24:25-04:00,POINT (-81.067732 34.015207)
2025-09-22 22:28:03 UTC,sensor04,300372246,17.8,92.63,2025-09-23 10:24:30+00:00,34.014928,-81.067392,93.5,8.93,1.0,133.56,12.0,3D,2025-09-23 06:24:30-04:00,POINT (-81.067392 34.014928)
2025-09-22 22:28:08 UTC,sensor04,300372246,17.81,92.7,2025-09-23 10:24:30+00:00,34.014928,-81.067392,93.5,8.93,1.0,133.56,12.0,3D,2025-09-23 06:24:30-04:00,POINT (-81.067392 34.014928)
2025-09-22 22:28:13 UTC,sensor04,300372246,17.85,92.63,2025-09-23 10:24:41+00:00,34.014482,-81.067043,94.1,4.31,0.4,218.74,12.0,3D,2025-09-23 06:24:41-04:00,POINT (-81.067043 34.014482)
2025-09-22 22:28:18 UTC,sensor04,300372246,17.8,92.56,2025-09-23 10:24:46+00:00,34.014257,-81.06723,95.6,6.07,0.0,220.27,12.0,3D,2025-09-23 06:24:46-04:00,POINT (-81.06723 34.014257)
2025-09-22 22:28:23 UTC,sensor04,300372246,17.74,92.35,2025-09-23 10:24:51+00:00,34.014042,-81.067478,96.1,7.52,0.0,220.63,12.0,3D,2025-09-23 06:24:51-04:00,POINT (-81.067478 34.014042)
2025-09-22 22:28:28 UTC,sensor04,300372246,17.71,92.3,2025-09-23 10:24:56+00:00,34.01377,-81.067785,95.5,8.7,-0.1,225.34,12.0,3D,2025-09-23 06:24:56-04:00,POINT (-81.067785 34.01377)
2025-09-22 22:28:33 UTC,sensor04,300372246,17.76,92.44,2025-09-23 10:25:01+00:00,34.013508,-81.068098,93.4,7.73,-0.4,231.32,12.0,3D,2025-09-23 06:25:01-04:00,POINT (-81.068098 34.013508)
2025-09-22 22:28:38 UTC,sensor04,300372246,17.83,92.39,2025-09-23 10:25:06+00:00,34.013423,-81.068618,92.0,9.8,-0.2,265.38,12.0,3D,2025-09-23 06:25:06-04:00,POINT (-81.068618 34.013423)
2025-09-22 22:28:43 UTC,sensor04,300372246,17.92,92.24,2025-09-23 10:25:11+00:00,34.013558,-81.069202,90.1,10.18,-0.2,291.1,12.0,3D,2025-09-23 06:25:11-04:00,POINT (-81.069202 34.013558)
2025-09-22 22:28:48 UTC,sensor04,300372246,18.04,91.97,2025-09-23 10:25:16+00:00,34.013758,-81.06978,89.5,10.73,-0.6,294.16,12.0,3D,2025-09-23 06:25:16-04:00,POINT (-81.06978 34.013758)
2025-09-22 22:28:54 UTC,sensor04,300372246,17.92,91.74,2025-09-23 10:25:22+00:00,34.014025,-81.070492,88.7,10.73,0.1,0.0,12.0,3D,2025-09-23 06:25:22-04:00,POINT (-81.070492 34.014025)
2025-09-22 22:28:59 UTC,sensor04,300372246,18.09,91.88,2025-09-23 10:25:27+00:00,34.014248,-81.071108,90.3,12.51,0.1,0.0,12.0,3D,2025-09-23 06:25:27-04:00,POINT (-81.071108 34.014248)
2025-09-22 22:29:04 UTC,sensor04,300372246,18.08,91.68,2025-09-23 10:25:32+00:00,34.01441,-81.071785,90.5,13.23,0.0,0.0,12.0,3D,2025-09-23 06:25:32-04:00,POINT (-81.071785 34.01441)
2025-09-22 22:29:09 UTC,sensor04,300372246,18.02,91.67,2025-09-23 10:25:37+00:00,34.014505,-81.072468,93.9,11.91,0.8,0.0,12.0,3D,2025-09-23 06:25:37-04:00,POINT (-81.072468 34.014505)
2025-09-22 22:29:14 UTC,sensor04,300372246,18.19,91.77,2025-09-23 10:25:42+00:00,34.014583,-81.073065,96.1,10.92,-0.4,277.52,12.0,3D,2025-09-23 06:25:42-04:00,POINT (-81.073065 34.014583)
2025-09-22 22:29:19 UTC,sensor04,300372246,18.25,91.39,2025-09-23 10:25:47+00:00,34.014653,-81.073637,97.8,10.06,0.4,277.9,12.0,3D,2025-09-23 06:25:47-04:00,POINT (-81.073637 34.014653)
2025-09-22 22:29:24 UTC,sensor04,300372246,18.34,90.94,2025-09-23 10:25:52+00:00,34.014725,-81.074185,97.9,10.38,-0.2,278.55,12.0,3D,2025-09-23 06:25:52-04:00,POINT (-81.074185 34.014725)
2025-09-22 22:29:29 UTC,sensor04,300372246,18.46,90.29,2025-09-23 10:25:57+00:00,34.0148,-81.074755,97.1,10.6,-0.4,276.11,12.0,3D,2025-09-23 06:25:57-04:00,POINT (-81.074755 34.0148)
2025-09-22 22:29:34 UTC,sensor04,300372246,18.53,89.41,2025-09-23 10:26:02+00:00,34.014847,-81.075293,96.0,8.24,-0.1,273.03,12.0,3D,2025-09-23 06:26:02-04:00,POINT (-81.075293 34.014847)
2025-09-22 22:30:19 UTC,sensor04,300372246,18.69,88.26,2025-09-23 10:26:47+00:00,34.01485,-81.075735,93.2,5.1,-0.1,249.25,12.0,3D,2025-09-23 06:26:47-04:00,POINT (-81.075735 34.01485)
2025-09-22 22:30:24 UTC,sensor04,300372246,18.6,87.8,2025-09-23 10:26:52+00:00,34.014568,-81.075872,92.6,8.74,-0.2,185.76,12.0,3D,2025-09-23 06:26:52-04:00,POINT (-81.075872 34.014568)
2025-09-22 22:30:29 UTC,sensor04,300372246,18.57,87.81,2025-09-23 10:26:57+00:00,34.014093,-81.075912,89.6,11.83,-1.3,184.57,12.0,3D,2025-09-23 06:26:57-04:00,POINT (-81.075912 34.014093)
2025-09-22 22:30:34 UTC,sensor04,300372246,18.55,87.77,2025-09-23 10:27:02+00:00,34.013553,-81.075967,87.7,12.49,-0.3,185.63,12.0,3D,2025-09-23 06:27:02-04:00,POINT (-81.075967 34.013553)
2025-09-22 22:30:39 UTC,sensor04,300372246,18.16,87.89,2025-09-23 10:27:07+00:00,34.012987,-81.076037,87.1,12.52,-0.2,186.49,12.0,3D,2025-09-23 06:27:07-04:00,POINT (-81.076037 34.012987)
2025-09-22 22:30:44 UTC,sensor04,300372246,18.04,88.28,2025-09-23 10:27:12+00:00,34.012427,-81.076102,84.8,12.27,-0.7,185.48,12.0,3D,2025-09-23 06:27:12-04:00,POINT (-81.076102 34.012427)
2025-09-22 22:30:49 UTC,sensor04,300372246,17.66,88.88,2025-09-23 10:27:17+00:00,34.011938,-81.076163,82.5,9.42,-0.3,185.9,12.0,3D,2025-09-23 06:27:17-04:00,POINT (-81.076163 34.011938)
2025-09-22 22:30:54 UTC,sensor04,300372246,17.54,89.86,2025-09-23 10:27:22+00:00,34.011602,-81.076067,80.9,7.53,-0.4,138.03,12.0,3D,2025-09-23 06:27:22-04:00,POINT (-81.076067 34.011602)
2025-09-22 22:30:59 UTC,sensor04,300372246,17.43,90.34,2025-09-23 10:27:27+00:00,34.011468,-81.075598,79.6,10.56,-0.1,104.7,12.0,3D,2025-09-23 06:27:27-04:00,POINT (-81.075598 34.011468)
2025-09-22 22:31:05 UTC,sensor04,300372246,17.47,90.78,2025-09-23 10:27:33+00:00,34.011325,-81.074865,78.3,11.82,-0.5,0.0,12.0,3D,2025-09-23 06:27:33-04:00,POINT (-81.074865 34.011325)
2025-09-22 22:31:10 UTC,sensor04,300372246,17.65,90.81,2025-09-23 10:27:38+00:00,34.011497,-81.074275,76.3,14.05,-0.5,0.0,12.0,3D,2025-09-23 06:27:38-04:00,POINT (-81.074275 34.011497)
2025-09-22 22:31:15 UTC,sensor04,300372246,17.76,90.54,2025-09-23 10:27:43+00:00,34.011942,-81.073818,72.7,13.38,-0.7,0.0,12.0,3D,2025-09-23 06:27:43-04:00,POINT (-81.073818 34.011942)
2025-09-22 22:31:20 UTC,sensor04,300372246,17.96,90.36,2025-09-23 10:27:48+00:00,34.012062,-81.073115,70.4,13.3,-0.4,91.3,12.0,3D,2025-09-23 06:27:48-04:00,POINT (-81.073115 34.012062)
2025-09-22 22:31:25 UTC,sensor04,300372246,18.22,89.95,2025-09-23 10:27:53+00:00,34.011997,-81.072327,68.1,14.84,-0.7,94.89,12.0,3D,2025-09-23 06:27:53-04:00,POINT (-81.072327 34.011997)
2025-09-22 22:32:55 UTC,sensor04,300372246,18.6,87.0,2025-09-23 10:29:23+00:00,34.008343,-81.05704,74.5,15.35,1.0,106.53,12.0,3D,2025-09-23 06:29:23-04:00,POINT (-81.05704 34.008343)
2025-09-22 22:33:00 UTC,sensor04,300372246,18.5,86.69,2025-09-23 10:29:28+00:00,34.008205,-81.056242,78.0,14.83,0.7,98.22,12.0,3D,2025-09-23 06:29:28-04:00,POINT (-81.056242 34.008205)
2025-09-22 22:33:05 UTC,sensor04,300372246,18.53,86.76,2025-09-23 10:29:33+00:00,34.008158,-81.05544,82.5,14.82,1.0,89.98,12.0,3D,2025-09-23 06:29:33-04:00,POINT (-81.05544 34.008158)
2025-09-22 22:33:11 UTC,sensor04,300372246,18.54,86.58,2025-09-23 10:29:39+00:00,34.00825,-81.05448,87.3,15.56,0.7,0.0,12.0,3D,2025-09-23 06:29:39-04:00,POINT (-81.05448 34.00825)
2025-09-22 22:33:21 UTC,sensor04,300372246,18.11,87.4,2025-09-23 10:29:49+00:00,34.008642,-81.052838,86.5,15.58,0.1,0.0,12.0,3D,2025-09-23 06:29:49-04:00,POINT (-81.052838 34.008642)
2025-09-22 22:33:26 UTC,sensor04,300372246,18.26,87.79,2025-09-23 10:29:54+00:00,34.008833,-81.052037,87.5,14.29,1.1,0.0,12.0,3D,2025-09-23 06:29:54-04:00,POINT (-81.052037 34.008833)
2025-09-22 22:33:31 UTC,sensor04,300372246,18.32,87.76,2025-09-23 10:29:59+00:00,34.008873,-81.051223,89.5,14.71,0.5,96.39,12.0,3D,2025-09-23 06:29:59-04:00,POINT (-81.051223 34.008873)
2025-09-22 22:33:36 UTC,sensor04,300372246,18.47,87.51,2025-09-23 10:30:04+00:00,34.008697,-81.050492,91.1,13.58,0.2,116.9,12.0,3D,2025-09-23 06:30:04-04:00,POINT (-81.050492 34.008697)
2025-09-22 22:33:41 UTC,sensor04,300372246,18.68,87.07,2025-09-23 10:30:09+00:00,34.008317,-81.049875,92.5,14.46,0.0,133.42,12.0,3D,2025-09-23 06:30:09-04:00,POINT (-81.049875 34.008317)
2025-09-22 22:33:46 UTC,sensor04,300372246,18.85,86.58,2025-09-23 10:30:14+00:00,34.007745,-81.049477,88.7,15.59,-0.3,157.74,12.0,3D,2025-09-23 06:30:14-04:00,POINT (-81.049477 34.007745)
2025-09-22 22:33:56 UTC,sensor04,300372246,18.48,85.68,2025-09-23 10:30:24+00:00,34.006377,-81.048863,84.2,14.9,0.0,158.78,12.0,3D,2025-09-23 06:30:24-04:00,POINT (-81.048863 34.006377)
2025-09-22 22:34:01 UTC,sensor04,300372246,18.41,86.57,2025-09-23 10:30:29+00:00,34.00574,-81.04857,84.3,14.96,0.0,160.15,12.0,3D,2025-09-23 06:30:29-04:00,POINT (-81.04857 34.00574)
2025-09-22 22:34:06 UTC,sensor04,300372246,18.53,86.95,2025-09-23 10:30:34+00:00,34.005118,-81.048277,83.7,14.38,-0.1,159.84,12.0,3D,2025-09-23 06:30:34-04:00,POINT (-81.048277 34.005118)
2025-09-22 22:34:11 UTC,sensor04,300372246,18.71,86.77,2025-09-23 10:30:39+00:00,34.004522,-81.048012,82.2,14.06,-0.6,159.57,12.0,3D,2025-09-23 06:30:39-04:00,POINT (-81.048012 34.004522)
2025-09-22 22:34:16 UTC,sensor04,300372246,18.96,86.15,2025-09-23 10:30:44+00:00,34.00391,-81.047733,78.0,15.12,-1.0,159.63,12.0,3D,2025-09-23 06:30:44-04:00,POINT (-81.047733 34.00391)
2025-09-22 22:34:21 UTC,sensor04,300372246,19.19,85.35,2025-09-23 10:30:49+00:00,34.003297,-81.047435,74.3,14.35,-0.5,159.08,12.0,3D,2025-09-23 06:30:49-04:00,POINT (-81.047435 34.003297)
2025-09-22 22:34:26 UTC,sensor04,300372246,19.2,84.82,2025-09-23 10:30:54+00:00,34.002743,-81.047192,74.5,12.13,0.1,160.68,12.0,3D,2025-09-23 06:30:54-04:00,POINT (-81.047192 34.002743)
2025-09-22 22:34:31 UTC,sensor04,300372246,19.24,84.61,2025-09-23 10:30:59+00:00,34.002287,-81.046993,74.4,10.45,-0.1,160.96,12.0,3D,2025-09-23 06:30:59-04:00,POINT (-81.046993 34.002287)
2025-09-22 22:34:36 UTC,sensor04,300372246,18.99,84.87,2025-09-23 10:31:04+00:00,34.001828,-81.046782,74.2,11.9,0.0,159.03,12.0,3D,2025-09-23 06:31:04-04:00,POINT (-81.046782 34.001828)
2025-09-22 22:34:41 UTC,sensor04,300372246,19.21,85.08,2025-09-23 10:31:09+00:00,34.001282,-81.04654,72.0,14.24,-0.8,159.93,12.0,3D,2025-09-23 06:31:09-04:00,POINT (-81.04654 34.001282)
2025-09-22 22:34:51 UTC,sensor04,300372246,19.35,85.24,2025-09-23 10:31:19+00:00,34.000002,-81.045955,70.6,13.92,0.6,157.63,12.0,3D,2025-09-23 06:31:19-04:00,POINT (-81.045955 34.000002)
2025-09-22 22:34:56 UTC,sensor04,300372246,19.6,84.97,2025-09-23 10:31:24+00:00,33.999407,-81.045643,72.7,14.18,0.6,159.18,12.0,3D,2025-09-23 06:31:24-04:00,POINT (-81.045643 33.999407)
2025-09-22 22:35:01 UTC,sensor04,300372246,19.49,84.55,2025-09-23 10:31:29+00:00,33.998807,-81.045373,74.5,14.23,0.2,158.74,12.0,3D,2025-09-23 06:31:29-04:00,POINT (-81.045373 33.998807)
2025-09-22 22:35:06 UTC,sensor04,300372246,19.38,84.58,2025-09-23 10:31:34+00:00,33.998272,-81.045112,75.0,10.76,0.3,156.46,12.0,3D,2025-09-23 06:31:34-04:00,POINT (-81.045112 33.998272)
2025-09-22 22:35:11 UTC,sensor04,300372246,19.35,84.62,2025-09-23 10:31:39+00:00,33.997993,-81.044988,74.5,4.66,0.0,159.48,12.0,3D,2025-09-23 06:31:39-04:00,POINT (-81.044988 33.997993)
2025-09-22 22:36:17 UTC,sensor04,300372246,19.47,84.63,2025-09-23 10:32:45+00:00,33.997793,-81.044852,71.8,2.61,-0.1,153.89,12.0,3D,2025-09-23 06:32:45-04:00,POINT (-81.044852 33.997793)
2025-09-22 22:36:22 UTC,sensor04,300372246,19.5,84.57,2025-09-23 10:32:50+00:00,33.997722,-81.044625,71.5,6.48,-0.1,89.15,12.0,3D,2025-09-23 06:32:50-04:00,POINT (-81.044625 33.997722)
2025-09-22 22:36:27 UTC,sensor04,300372246,19.48,84.43,2025-09-23 10:32:55+00:00,33.99785,-81.044188,71.5,10.38,0.0,69.86,12.0,3D,2025-09-23 06:32:55-04:00,POINT (-81.044188 33.99785)
2025-09-22 22:36:32 UTC,sensor04,300372246,19.58,84.22,2025-09-23 10:33:00+00:00,33.99803,-81.043595,70.6,11.81,-0.2,70.18,12.0,3D,2025-09-23 06:33:00-04:00,POINT (-81.043595 33.99803)
2025-09-22 22:36:37 UTC,sensor04,300372246,19.8,83.75,2025-09-23 10:33:05+00:00,33.998232,-81.042987,70.4,12.23,0.0,66.8,12.0,3D,2025-09-23 06:33:05-04:00,POINT (-81.042987 33.998232)
2025-09-22 22:36:42 UTC,sensor04,300372246,19.65,83.48,2025-09-23 10:33:10+00:00,33.998413,-81.04239,70.2,11.59,0.0,69.82,12.0,3D,2025-09-23 06:33:10-04:00,POINT (-81.04239 33.998413)
2025-09-22 22:36:47 UTC,sensor04,300372246,19.5,83.63,2025-09-23 10:33:15+00:00,33.998608,-81.041788,70.9,12.32,0.3,69.29,12.0,3D,2025-09-23 06:33:15-04:00,POINT (-81.041788 33.998608)
2025-09-22 22:36:52 UTC,sensor04,300372246,19.51,83.89,2025-09-23 10:33:20+00:00,33.998793,-81.041208,71.4,11.52,0.2,68.68,12.0,3D,2025-09-23 06:33:20-04:00,POINT (-81.041208 33.998793)
2025-09-22 22:36:57 UTC,sensor04,300372246,19.58,83.83,2025-09-23 10:33:25+00:00,33.998993,-81.040627,72.8,11.89,0.3,68.37,12.0,3D,2025-09-23 06:33:25-04:00,POINT (-81.040627 33.998993)
2025-09-22 22:37:02 UTC,sensor04,300372246,19.63,83.43,2025-09-23 10:33:30+00:00,33.999182,-81.04003,74.6,11.61,0.5,70.25,12.0,3D,2025-09-23 06:33:30-04:00,POINT (-81.04003 33.999182)
2025-09-22 22:37:07 UTC,sensor04,300372246,19.55,83.11,2025-09-23 10:33:35+00:00,33.999362,-81.03944,78.6,11.21,0.7,70.72,12.0,3D,2025-09-23 06:33:35-04:00,POINT (-81.03944 33.999362)
2025-09-22 22:37:12 UTC,sensor04,300372246,19.61,83.13,2025-09-23 10:33:40+00:00,33.999567,-81.038847,82.6,10.99,0.9,68.91,12.0,3D,2025-09-23 06:33:40-04:00,POINT (-81.038847 33.999567)
2025-09-22 22:37:17 UTC,sensor04,300372246,19.84,82.98,2025-09-23 10:33:45+00:00,33.999728,-81.038317,86.7,10.4,0.5,70.27,12.0,3D,2025-09-23 06:33:45-04:00,POINT (-81.038317 33.999728)
2025-09-22 22:37:22 UTC,sensor04,300372246,20.11,82.25,2025-09-23 10:33:50+00:00,33.999878,-81.03777,89.2,10.88,0.6,69.95,12.0,3D,2025-09-23 06:33:50-04:00,POINT (-81.03777 33.999878)
2025-09-22 22:37:28 UTC,sensor04,300372246,20.29,81.38,2025-09-23 10:33:56+00:00,34.00008,-81.037117,94.3,10.45,0.5,0.0,12.0,3D,2025-09-23 06:33:56-04:00,POINT (-81.037117 34.00008)
2025-09-22 22:37:33 UTC,sensor04,300372246,20.59,80.47,2025-09-23 10:34:01+00:00,34.000237,-81.036577,96.3,11.17,0.6,0.0,12.0,3D,2025-09-23 06:34:01-04:00,POINT (-81.036577 34.000237)
2025-09-22 22:37:38 UTC,sensor04,300372246,20.69,79.29,2025-09-23 10:34:06+00:00,34.00043,-81.035983,97.2,12.22,0.4,0.0,12.0,3D,2025-09-23 06:34:06-04:00,POINT (-81.035983 34.00043)
2025-09-22 22:37:43 UTC,sensor04,300372246,20.75,78.12,2025-09-23 10:34:11+00:00,34.000602,-81.035355,99.0,11.92,0.1,0.0,4.0,3D,2025-09-23 06:34:11-04:00,POINT (-81.035355 34.000602)
2025-09-22 22:37:48 UTC,sensor04,300372246,20.62,77.14,2025-09-23 10:34:16+00:00,34.000788,-81.034767,100.6,11.8,-0.1,0.0,4.0,3D,2025-09-23 06:34:16-04:00,POINT (-81.034767 34.000788)
2025-09-22 22:37:53 UTC,sensor04,300372246,20.46,76.66,2025-09-23 10:34:21+00:00,34.001087,-81.03424,100.7,11.94,0.3,0.0,8.0,3D,2025-09-23 06:34:21-04:00,POINT (-81.03424 34.001087)
2025-09-22 22:37:58 UTC,sensor04,300372246,20.45,76.61,2025-09-23 10:34:26+00:00,34.001337,-81.033652,105.3,10.31,0.9,0.0,8.0,3D,2025-09-23 06:34:26-04:00,POINT (-81.033652 34.001337)
2025-09-22 22:38:03 UTC,sensor04,300372246,20.39,76.53,2025-09-23 10:34:31+00:00,34.001483,-81.033125,117.4,11.18,1.3,0.0,12.0,3D,2025-09-23 06:34:31-04:00,POINT (-81.033125 34.001483)
2025-09-22 22:38:08 UTC,sensor04,300372246,20.45,76.52,2025-09-23 10:34:31+00:00,34.001483,-81.033125,117.4,10.76,1.3,69.26,12.0,3D,2025-09-23 06:34:31-04:00,POINT (-81.033125 34.001483)
2025-09-22 22:38:13 UTC,sensor04,300372246,20.48,76.43,2025-09-23 10:34:41+00:00,34.001713,-81.031912,124.0,11.25,0.66,69.04,12.0,3D,2025-09-23 06:34:41-04:00,POINT (-81.031912 34.001713)
2025-09-22 22:38:18 UTC,sensor04,300372246,20.31,76.84,2025-09-23 10:34:46+00:00,34.00187,-81.03133,123.2,11.74,0.1,70.7,12.0,3D,2025-09-23 06:34:46-04:00,POINT (-81.03133 34.00187)
2025-09-22 22:38:23 UTC,sensor04,300372246,20.12,77.14,2025-09-23 10:34:51+00:00,34.002052,-81.030728,123.6,12.29,0.1,72.87,12.0,3D,2025-09-23 06:34:51-04:00,POINT (-81.030728 34.002052)
2025-09-22 22:38:28 UTC,sensor04,300372246,20.07,77.71,2025-09-23 10:34:56+00:00,34.002238,-81.030115,123.5,12.43,0.3,70.13,12.0,3D,2025-09-23 06:34:56-04:00,POINT (-81.030115 34.002238)
2025-09-22 22:38:33 UTC,sensor04,300372246,19.96,78.06,2025-09-23 10:35:01+00:00,34.00241,-81.02948,125.3,12.61,0.5,68.91,12.0,3D,2025-09-23 06:35:01-04:00,POINT (-81.02948 34.00241)
2025-09-22 22:38:38 UTC,sensor04,300372246,20.02,78.3,2025-09-23 10:35:06+00:00,34.002617,-81.028875,125.8,12.16,0.3,69.21,12.0,3D,2025-09-23 06:35:06-04:00,POINT (-81.028875 34.002617)
2025-09-22 22:38:43 UTC,sensor04,300372246,19.89,78.49,2025-09-23 10:35:11+00:00,34.0028,-81.028237,126.8,12.23,0.6,66.1,12.0,3D,2025-09-23 06:35:11-04:00,POINT (-81.028237 34.0028)
2025-09-22 22:38:48 UTC,sensor04,300372246,19.82,78.51,2025-09-23 10:35:16+00:00,34.002995,-81.027623,126.7,12.24,0.0,70.49,12.0,3D,2025-09-23 06:35:16-04:00,POINT (-81.027623 34.002995)
2025-09-22 22:38:53 UTC,sensor04,300372246,19.85,78.45,2025-09-23 10:35:21+00:00,34.00318,-81.026962,121.1,12.54,-0.1,69.81,12.0,3D,2025-09-23 06:35:21-04:00,POINT (-81.026962 34.00318)
2025-09-22 22:38:58 UTC,sensor04,300372246,19.77,78.59,2025-09-23 10:35:26+00:00,34.003378,-81.026313,119.7,12.56,-0.3,70.37,12.0,3D,2025-09-23 06:35:26-04:00,POINT (-81.026313 34.003378)
2025-09-22 22:39:03 UTC,sensor04,300372246,19.65,78.93,2025-09-23 10:35:31+00:00,34.00357,-81.025673,118.0,12.66,0.1,67.44,12.0,3D,2025-09-23 06:35:31-04:00,POINT (-81.025673 34.00357)
2025-09-22 22:39:08 UTC,sensor04,300372246,19.68,79.23,2025-09-23 10:35:36+00:00,34.003777,-81.02503,111.8,13.39,-5.5,70.49,12.0,3D,2025-09-23 06:35:36-04:00,POINT (-81.02503 34.003777)
2025-09-22 22:39:13 UTC,sensor04,300372246,19.59,79.51,2025-09-23 10:35:41+00:00,34.00399,-81.024347,103.6,13.13,-0.9,68.94,12.0,3D,2025-09-23 06:35:41-04:00,POINT (-81.024347 34.00399)
2025-09-22 22:39:18 UTC,sensor04,300372246,19.49,79.84,2025-09-23 10:35:46+00:00,34.004203,-81.023662,102.9,13.16,-0.2,70.93,12.0,3D,2025-09-23 06:35:46-04:00,POINT (-81.023662 34.004203)
2025-09-22 22:39:23 UTC,sensor04,300372246,19.32,80.39,2025-09-23 10:35:51+00:00,34.004428,-81.022943,102.3,15.1,-0.2,69.48,12.0,3D,2025-09-23 06:35:51-04:00,POINT (-81.022943 34.004428)
2025-09-22 22:39:29 UTC,sensor04,300372246,19.29,80.84,2025-09-23 10:35:56+00:00,34.004705,-81.022178,100.4,15.32,-0.9,71.05,12.0,3D,2025-09-23 06:35:56-04:00,POINT (-81.022178 34.004705)
2025-09-22 22:39:39 UTC,sensor04,300372246,19.21,82.09,2025-09-23 10:36:07+00:00,34.005252,-81.020388,98.9,15.36,0.2,0.0,12.0,3D,2025-09-23 06:36:07-04:00,POINT (-81.020388 34.005252)
2025-09-22 22:39:44 UTC,sensor04,300372246,19.16,82.51,2025-09-23 10:36:12+00:00,34.005502,-81.01966,101.0,12.94,1.1,0.0,12.0,3D,2025-09-23 06:36:12-04:00,POINT (-81.01966 34.005502)
2025-09-22 22:39:49 UTC,sensor04,300372246,19.35,82.36,2025-09-23 10:36:17+00:00,34.005732,-81.019195,102.6,7.04,0.5,0.0,12.0,3D,2025-09-23 06:36:17-04:00,POINT (-81.019195 34.005732)
2025-09-22 22:39:54 UTC,sensor04,300372246,19.44,81.34,2025-09-23 10:36:22+00:00,34.005598,-81.01897,101.2,7.77,0.2,159.94,12.0,3D,2025-09-23 06:36:22-04:00,POINT (-81.01897 34.005598)
2025-09-22 22:39:59 UTC,sensor04,300372246,19.4,80.89,2025-09-23 10:36:27+00:00,34.00513,-81.018782,100.0,11.36,0.0,160.24,12.0,3D,2025-09-23 06:36:27-04:00,POINT (-81.018782 34.00513)
2025-09-22 22:40:04 UTC,sensor04,300372246,19.32,80.96,2025-09-23 10:36:31+00:00,34.00473,-81.018607,97.7,11.53,0.0,159.59,12.0,3D,2025-09-23 06:36:31-04:00,POINT (-81.018607 34.00473)
2025-09-22 22:40:09 UTC,sensor04,300372246,19.1,81.48,2025-09-23 10:36:37+00:00,34.004148,-81.01836,96.6,11.51,-0.4,159.41,11.0,3D,2025-09-23 06:36:37-04:00,POINT (-81.01836 34.004148)
2025-09-22 22:40:14 UTC,sensor04,300372246,19.02,82.03,2025-09-23 10:36:42+00:00,34.003668,-81.018143,96.4,11.12,0.2,159.76,11.0,3D,2025-09-23 06:36:42-04:00,POINT (-81.018143 34.003668)
2025-09-22 22:40:19 UTC,sensor04,300372246,19.11,82.41,2025-09-23 10:36:47+00:00,34.003188,-81.017918,96.8,11.52,0.0,156.55,11.0,3D,2025-09-23 06:36:47-04:00,POINT (-81.017918 34.003188)
2025-09-22 22:40:24 UTC,sensor04,300372246,19.19,82.35,2025-09-23 10:36:52+00:00,34.002707,-81.017673,96.1,11.52,-0.2,159.63,11.0,3D,2025-09-23 06:36:52-04:00,POINT (-81.017673 34.002707)
2025-09-22 22:40:29 UTC,sensor04,300372246,19.25,82.36,2025-09-23 10:36:57+00:00,34.002225,-81.017448,95.6,11.05,0.0,159.73,11.0,3D,2025-09-23 06:36:57-04:00,POINT (-81.017448 34.002225)
2025-09-22 22:40:34 UTC,sensor04,300372246,19.19,82.51,2025-09-23 10:37:02+00:00,34.001823,-81.017265,95.7,7.36,0.2,153.9,11.0,3D,2025-09-23 06:37:02-04:00,POINT (-81.017265 34.001823)
2025-09-22 22:41:04 UTC,sensor04,300372246,19.26,82.24,2025-09-23 10:37:32+00:00,34.001532,-81.017007,95.6,5.51,0.0,93.87,11.0,3D,2025-09-23 06:37:32-04:00,POINT (-81.017007 34.001532)
2025-09-22 22:41:09 UTC,sensor04,300372246,19.12,82.42,2025-09-23 10:37:37+00:00,34.001627,-81.01665,96.3,8.09,0.3,71.04,11.0,3D,2025-09-23 06:37:37-04:00,POINT (-81.01665 34.001627)
2025-09-22 22:41:14 UTC,sensor04,300372246,18.87,82.99,2025-09-23 10:37:42+00:00,34.001785,-81.01624,95.8,8.41,0.2,66.68,11.0,3D,2025-09-23 06:37:42-04:00,POINT (-81.01624 34.001785)
2025-09-22 22:41:19 UTC,sensor04,300372246,18.72,83.65,2025-09-23 10:37:47+00:00,34.00194,-81.015842,96.9,7.69,0.3,67.76,11.0,3D,2025-09-23 06:37:47-04:00,POINT (-81.015842 34.00194)
2025-09-22 22:41:24 UTC,sensor04,300372246,18.6,84.31,2025-09-23 10:37:52+00:00,34.002007,-81.015567,98.2,3.59,0.1,100.12,11.0,3D,2025-09-23 06:37:52-04:00,POINT (-81.015567 34.002007)
2025-09-22 22:41:29 UTC,sensor04,300372246,18.38,84.9,2025-09-23 10:37:57+00:00,34.00181,-81.015437,99.1,7.09,0.3,161.57,11.0,3D,2025-09-23 06:37:57-04:00,POINT (-81.015437 34.00181)
2025-09-22 22:41:34 UTC,sensor04,300372246,18.11,85.73,2025-09-23 10:38:02+00:00,34.00146,-81.015285,101.6,8.61,0.4,158.72,11.0,3D,2025-09-23 06:38:02-04:00,POINT (-81.015285 34.00146)
2025-09-22 22:41:40 UTC,sensor04,300372246,18.01,86.57,2025-09-23 10:38:08+00:00,34.001122,-81.01514,104.5,4.52,0.5,0.0,11.0,3D,2025-09-23 06:38:08-04:00,POINT (-81.01514 34.001122)
2025-09-22 22:41:45 UTC,sensor04,300372246,17.91,87.02,2025-09-23 10:38:13+00:00,34.001057,-81.01503,104.4,2.92,0.4,0.0,11.0,3D,2025-09-23 06:38:13-04:00,POINT (-81.01503 34.001057)
2025-09-22 22:41:50 UTC,sensor04,300372246,17.73,87.51,2025-09-23 10:38:18+00:00,34.001195,-81.014862,105.9,6.12,0.6,0.0,11.0,3D,2025-09-23 06:38:18-04:00,POINT (-81.014862 34.001195)
2025-09-22 22:41:55 UTC,sensor04,300372246,17.7,88.04,2025-09-23 10:38:23+00:00,34.001482,-81.014653,106.0,7.45,0.0,0.0,11.0,3D,2025-09-23 06:38:23-04:00,POINT (-81.014653 34.001482)
2025-09-22 22:42:00 UTC,sensor04,300372246,17.66,88.41,2025-09-23 10:38:28+00:00,34.001785,-81.01443,107.6,8.32,0.0,0.0,11.0,3D,2025-09-23 06:38:28-04:00,POINT (-81.01443 34.001785)
2025-09-22 22:42:05 UTC,sensor04,300372246,17.58,88.58,2025-09-23 10:38:33+00:00,34.00205,-81.01415,107.7,6.78,0.2,49.36,11.0,3D,2025-09-23 06:38:33-04:00,POINT (-81.01415 34.00205)
2025-09-22 22:42:10 UTC,sensor04,300372246,17.57,88.72,2025-09-23 10:38:38+00:00,34.002165,-81.014012,102.7,4.02,-1.0,45.3,11.0,3D,2025-09-23 06:38:38-04:00,POINT (-81.014012 34.002165)
2025-09-22 22:42:15 UTC,sensor04,300372246,17.58,88.81,2025-09-23 10:38:39+00:00,34.002197,-81.013975,102.7,4.97,0.0,44.59,11.0,3D,2025-09-23 06:38:39-04:00,POINT (-81.013975 34.002197)
2025-09-22 22:42:20 UTC,sensor04,300372246,17.58,89.15,2025-09-23 10:38:48+00:00,34.002535,-81.013512,106.2,4.91,0.5,62.25,11.0,3D,2025-09-23 06:38:48-04:00,POINT (-81.013512 34.002535)
2025-09-22 22:42:25 UTC,sensor04,300372246,17.56,89.36,2025-09-23 10:38:53+00:00,34.002535,-81.013512,106.2,4.91,0.5,62.25,11.0,3D,2025-09-23 06:38:53-04:00,POINT (-81.013512 34.002535)
2025-09-22 21:43:31 UTC,sensor05,236476602,18.55,85.15,2025-09-23 10:10:54+00:00,33.986963,-81.005923,95.0,9.0,0.0,0.0,9.0,3D,2025-09-23 06:10:54-04:00,POINT (-81.005923 33.986963)
2025-09-22 21:43:36 UTC,sensor05,236476602,18.49,84.95,2025-09-23 10:10:59+00:00,33.98682,-81.006333,98.1,7.81,0.6,0.0,9.0,3D,2025-09-23 06:10:59-04:00,POINT (-81.006333 33.98682)
2025-09-22 21:43:41 UTC,sensor05,236476602,18.5,85.09,2025-09-23 10:11:04+00:00,33.98675,-81.006745,97.8,8.37,-0.2,0.0,9.0,3D,2025-09-23 06:11:04-04:00,POINT (-81.006745 33.98675)
2025-09-22 21:43:46 UTC,sensor05,236476602,18.5,85.0,2025-09-23 10:11:09+00:00,33.986728,-81.007128,96.2,6.17,-0.2,256.77,9.0,3D,2025-09-23 06:11:09-04:00,POINT (-81.007128 33.986728)
2025-09-22 21:43:51 UTC,sensor05,236476602,18.52,85.15,2025-09-23 10:11:14+00:00,33.986745,-81.00737,96.7,4.04,0.4,287.03,8.0,3D,2025-09-23 06:11:14-04:00,POINT (-81.00737 33.986745)
2025-09-22 21:43:56 UTC,sensor05,236476602,18.53,85.19,2025-09-23 10:11:19+00:00,33.987002,-81.007658,97.3,8.2,0.0,315.01,9.0,3D,2025-09-23 06:11:19-04:00,POINT (-81.007658 33.987002)
2025-09-22 21:44:01 UTC,sensor05,236476602,18.38,85.14,2025-09-23 10:11:24+00:00,33.987285,-81.008002,96.5,9.19,-0.2,317.1,9.0,3D,2025-09-23 06:11:24-04:00,POINT (-81.008002 33.987285)
2025-09-22 21:44:06 UTC,sensor05,236476602,18.31,85.39,2025-09-23 10:11:29+00:00,33.987597,-81.008357,96.3,9.22,0.0,319.23,9.0,3D,2025-09-23 06:11:29-04:00,POINT (-81.008357 33.987597)
2025-09-22 21:44:12 UTC,sensor05,236476602,18.25,85.7,2025-09-23 10:11:34+00:00,33.987897,-81.00871,96.5,9.04,-0.1,316.9,9.0,3D,2025-09-23 06:11:34-04:00,POINT (-81.00871 33.987897)
2025-09-22 21:44:17 UTC,sensor05,236476602,18.17,85.98,2025-09-23 10:11:39+00:00,33.988195,-81.009048,96.6,8.61,0.1,317.83,9.0,3D,2025-09-23 06:11:39-04:00,POINT (-81.009048 33.988195)
2025-09-22 21:44:22 UTC,sensor05,236476602,18.16,86.41,2025-09-23 10:11:44+00:00,33.988485,-81.009323,96.4,7.41,0.0,318.66,9.0,3D,2025-09-23 06:11:44-04:00,POINT (-81.009323 33.988485)
2025-09-22 21:44:27 UTC,sensor05,236476602,18.14,86.57,2025-09-23 10:11:49+00:00,33.988582,-81.009447,96.3,3.61,0.0,320.24,10.0,3D,2025-09-23 06:11:49-04:00,POINT (-81.009447 33.988582)
2025-09-22 21:44:32 UTC,sensor05,236476602,18.14,86.71,2025-09-23 10:11:54+00:00,33.98867,-81.009598,95.6,5.19,-0.1,310.24,10.0,3D,2025-09-23 06:11:54-04:00,POINT (-81.009598 33.98867)
2025-09-22 21:44:37 UTC,sensor05,236476602,18.16,86.99,2025-09-23 10:11:59+00:00,33.988898,-81.009942,93.9,9.0,-0.3,312.34,10.0,3D,2025-09-23 06:11:59-04:00,POINT (-81.009942 33.988898)
2025-09-22 21:44:42 UTC,sensor05,236476602,18.2,87.16,2025-09-23 10:12:04+00:00,33.989203,-81.010243,93.2,8.98,-0.1,318.26,10.0,3D,2025-09-23 06:12:04-04:00,POINT (-81.010243 33.989203)
2025-09-22 21:44:47 UTC,sensor05,236476602,18.22,87.02,2025-09-23 10:12:09+00:00,33.989472,-81.010557,93.2,7.78,0.0,314.41,10.0,3D,2025-09-23 06:12:09-04:00,POINT (-81.010557 33.989472)
2025-09-22 21:44:52 UTC,sensor05,236476602,18.15,87.03,2025-09-23 10:12:14+00:00,33.989647,-81.010713,93.2,6.07,0.0,330.76,10.0,3D,2025-09-23 06:12:14-04:00,POINT (-81.010713 33.989647)
2025-09-22 21:44:57 UTC,sensor05,236476602,18.14,87.19,2025-09-23 10:12:19+00:00,33.989957,-81.010573,92.8,7.07,0.0,11.9,10.0,3D,2025-09-23 06:12:19-04:00,POINT (-81.010573 33.989957)
2025-09-22 21:45:02 UTC,sensor05,236476602,18.15,87.12,2025-09-23 10:12:24+00:00,33.990068,-81.010322,91.1,5.09,-0.3,28.48,10.0,3D,2025-09-23 06:12:24-04:00,POINT (-81.010322 33.990068)
2025-09-22 21:45:07 UTC,sensor05,236476602,18.15,86.91,2025-09-23 10:12:29+00:00,33.990167,-81.010105,89.3,4.26,-0.2,51.38,10.0,3D,2025-09-23 06:12:29-04:00,POINT (-81.010105 33.990167)
2025-09-22 21:45:12 UTC,sensor05,236476602,18.12,87.02,2025-09-23 10:12:34+00:00,33.99015,-81.00972,87.9,5.43,-0.1,82.67,10.0,3D,2025-09-23 06:12:34-04:00,POINT (-81.00972 33.99015)
2025-09-22 21:45:17 UTC,sensor05,236476602,18.16,87.02,2025-09-23 10:12:39+00:00,33.990158,-81.009402,87.0,6.19,-0.3,87.3,10.0,3D,2025-09-23 06:12:39-04:00,POINT (-81.009402 33.990158)
2025-09-22 21:45:22 UTC,sensor05,236476602,18.24,86.74,2025-09-23 10:12:44+00:00,33.990098,-81.008997,86.2,6.5,-0.4,97.44,10.0,3D,2025-09-23 06:12:44-04:00,POINT (-81.008997 33.990098)
2025-09-22 21:45:27 UTC,sensor05,236476602,18.23,86.46,2025-09-23 10:12:47+00:00,33.99008,-81.008738,85.7,6.7,-0.3,97.0,10.0,3D,2025-09-23 06:12:47-04:00,POINT (-81.008738 33.99008)
2025-09-22 21:45:32 UTC,sensor05,236476602,18.23,86.47,2025-09-23 10:12:47+00:00,33.99008,-81.008738,85.7,6.7,-0.3,97.0,10.0,3D,2025-09-23 06:12:47-04:00,POINT (-81.008738 33.99008)
2025-09-22 21:45:37 UTC,sensor05,236476602,18.17,86.57,2025-09-23 10:13:00+00:00,33.990167,-81.008153,87.4,6.69,0.5,0.0,10.0,3D,2025-09-23 06:13:00-04:00,POINT (-81.008153 33.990167)
2025-09-22 21:45:42 UTC,sensor05,236476602,18.06,87.02,2025-09-23 10:13:05+00:00,33.990313,-81.00796,88.1,7.27,0.1,0.0,10.0,3D,2025-09-23 06:13:05-04:00,POINT (-81.00796 33.990313)
2025-09-22 21:45:47 UTC,sensor05,236476602,18.08,87.47,2025-09-23 10:13:10+00:00,33.990618,-81.007945,88.9,6.56,0.1,0.0,4.0,3D,2025-09-23 06:13:10-04:00,POINT (-81.007945 33.990618)
2025-09-22 21:45:52 UTC,sensor05,236476602,18.1,87.36,2025-09-23 10:13:15+00:00,33.99088,-81.00792,88.9,4.09,-0.2,0.0,9.0,3D,2025-09-23 06:13:15-04:00,POINT (-81.00792 33.99088)
2025-09-22 21:45:57 UTC,sensor05,236476602,18.17,86.96,2025-09-23 10:13:18+00:00,33.990945,-81.007898,87.7,3.56,-1.1,13.79,9.0,3D,2025-09-23 06:13:18-04:00,POINT (-81.007898 33.990945)
2025-09-22 21:46:02 UTC,sensor05,236476602,18.14,86.79,2025-09-23 10:13:22+00:00,33.990978,-81.007763,86.8,3.38,-0.23,64.03,9.0,3D,2025-09-23 06:13:22-04:00,POINT (-81.007763 33.990978)
2025-09-22 21:46:08 UTC,sensor05,236476602,18.15,86.78,2025-09-23 10:13:30+00:00,33.990912,-81.007135,84.1,6.35,-0.2,92.65,10.0,3D,2025-09-23 06:13:30-04:00,POINT (-81.007135 33.990912)
2025-09-22 21:46:13 UTC,sensor05,236476602,18.17,86.6,2025-09-23 10:13:35+00:00,33.990917,-81.006777,84.2,7.0,0.2,93.93,10.0,3D,2025-09-23 06:13:35-04:00,POINT (-81.006777 33.990917)
2025-09-22 21:46:18 UTC,sensor05,236476602,18.2,86.55,2025-09-23 10:13:40+00:00,33.990885,-81.006378,85.8,4.22,0.1,97.33,10.0,3D,2025-09-23 06:13:40-04:00,POINT (-81.006378 33.990885)
2025-09-22 21:46:23 UTC,sensor05,236476602,18.23,86.52,2025-09-23 10:13:45+00:00,33.990805,-81.006218,86.5,2.39,0.1,134.21,10.0,3D,2025-09-23 06:13:45-04:00,POINT (-81.006218 33.990805)
2025-09-22 21:46:33 UTC,sensor05,236476602,18.27,86.34,2025-09-23 10:13:55+00:00,33.990687,-81.005975,87.3,6.36,-0.2,90.16,10.0,3D,2025-09-23 06:13:55-04:00,POINT (-81.005975 33.990687)
2025-09-22 21:46:38 UTC,sensor05,236476602,18.21,86.32,2025-09-23 10:14:00+00:00,33.990652,-81.005508,86.4,8.3,-0.2,89.73,10.0,3D,2025-09-23 06:14:00-04:00,POINT (-81.005508 33.990652)
2025-09-22 21:46:43 UTC,sensor05,236476602,18.1,86.32,2025-09-23 10:14:05+00:00,33.990607,-81.004933,85.4,10.06,-0.2,94.32,10.0,3D,2025-09-23 06:14:05-04:00,POINT (-81.004933 33.990607)
2025-09-22 21:46:48 UTC,sensor05,236476602,18.0,86.59,2025-09-23 10:14:10+00:00,33.990383,-81.004288,84.5,10.14,-0.1,102.57,10.0,3D,2025-09-23 06:14:10-04:00,POINT (-81.004288 33.990383)
2025-09-22 21:46:53 UTC,sensor05,236476602,17.91,86.93,2025-09-23 10:14:15+00:00,33.990283,-81.003792,84.1,9.02,-0.1,106.51,10.0,3D,2025-09-23 06:14:15-04:00,POINT (-81.003792 33.990283)
2025-09-22 21:46:58 UTC,sensor05,236476602,17.91,87.73,2025-09-23 10:14:20+00:00,33.990378,-81.003697,84.1,4.07,0.1,119.26,10.0,3D,2025-09-23 06:14:20-04:00,POINT (-81.003697 33.990378)
2025-09-22 21:47:03 UTC,sensor05,236476602,17.88,87.82,2025-09-23 10:14:25+00:00,33.99056,-81.003708,84.0,4.42,-0.1,81.69,10.0,3D,2025-09-23 06:14:25-04:00,POINT (-81.003708 33.99056)
2025-09-22 21:47:08 UTC,sensor05,236476602,17.8,87.7,2025-09-23 10:14:30+00:00,33.990908,-81.003728,82.6,5.19,-0.1,43.65,10.0,3D,2025-09-23 06:14:30-04:00,POINT (-81.003728 33.990908)
2025-09-22 21:47:13 UTC,sensor05,236476602,17.81,87.75,2025-09-23 10:14:35+00:00,33.990907,-81.003263,82.1,7.28,-0.1,78.4,10.0,3D,2025-09-23 06:14:35-04:00,POINT (-81.003263 33.990907)
2025-09-22 21:47:18 UTC,sensor05,236476602,17.84,87.91,2025-09-23 10:14:40+00:00,33.990775,-81.002662,81.3,7.89,-0.2,93.06,10.0,3D,2025-09-23 06:14:40-04:00,POINT (-81.002662 33.990775)
2025-09-22 21:47:23 UTC,sensor05,236476602,17.81,87.94,2025-09-23 10:14:45+00:00,33.990752,-81.002227,80.3,4.79,-0.3,86.68,11.0,3D,2025-09-23 06:14:45-04:00,POINT (-81.002227 33.990752)
2025-09-22 21:47:28 UTC,sensor05,236476602,17.83,87.96,2025-09-23 10:14:47+00:00,33.990703,-81.002102,79.8,4.42,-0.3,107.47,11.0,3D,2025-09-23 06:14:47-04:00,POINT (-81.002102 33.990703)
2025-09-22 21:47:33 UTC,sensor05,236476602,17.77,87.95,2025-09-23 10:14:56+00:00,33.99071,-81.001785,78.1,5.78,-0.3,0.0,11.0,3D,2025-09-23 06:14:56-04:00,POINT (-81.001785 33.99071)
2025-09-22 21:47:38 UTC,sensor05,236476602,17.82,87.94,2025-09-23 10:15:01+00:00,33.991102,-81.001738,77.1,10.17,-0.2,0.0,11.0,3D,2025-09-23 06:15:01-04:00,POINT (-81.001738 33.991102)
2025-09-22 21:47:43 UTC,sensor05,236476602,17.86,87.91,2025-09-23 10:15:06+00:00,33.99146,-81.001695,75.7,7.04,-0.4,0.0,11.0,3D,2025-09-23 06:15:06-04:00,POINT (-81.001695 33.99146)
2025-09-22 21:47:48 UTC,sensor05,236476602,17.86,87.96,2025-09-23 10:15:11+00:00,33.991605,-81.001675,73.4,2.58,-0.5,5.1,11.0,3D,2025-09-23 06:15:11-04:00,POINT (-81.001675 33.991605)
2025-09-22 21:47:53 UTC,sensor05,236476602,17.87,87.91,2025-09-23 10:15:16+00:00,33.991872,-81.00164,71.3,7.42,-0.4,5.44,11.0,3D,2025-09-23 06:15:16-04:00,POINT (-81.00164 33.991872)
2025-09-22 21:47:58 UTC,sensor05,236476602,17.82,88.03,2025-09-23 10:15:18+00:00,33.992025,-81.001613,70.6,8.12,-0.3,8.15,11.0,3D,2025-09-23 06:15:18-04:00,POINT (-81.001613 33.992025)
2025-09-22 21:48:03 UTC,sensor05,236476602,17.8,88.16,2025-09-23 10:15:26+00:00,33.992627,-81.001558,67.9,6.76,-0.5,7.55,11.0,3D,2025-09-23 06:15:26-04:00,POINT (-81.001558 33.992627)
2025-09-22 21:48:14 UTC,sensor05,236476602,17.99,87.94,2025-09-23 10:15:36+00:00,33.992982,-81.001497,64.5,7.81,-0.1,3.06,11.0,3D,2025-09-23 06:15:36-04:00,POINT (-81.001497 33.992982)
2025-09-22 21:48:19 UTC,sensor05,236476602,17.96,87.46,2025-09-23 10:15:41+00:00,33.993388,-81.001477,64.5,8.16,0.0,3.2,11.0,3D,2025-09-23 06:15:41-04:00,POINT (-81.001477 33.993388)
2025-09-22 21:48:24 UTC,sensor05,236476602,18.03,87.23,2025-09-23 10:15:46+00:00,33.993748,-81.001465,65.1,7.79,0.3,5.73,11.0,3D,2025-09-23 06:15:46-04:00,POINT (-81.001465 33.993748)
2025-09-22 21:48:34 UTC,sensor05,236476602,17.98,87.12,2025-09-23 10:15:56+00:00,33.994,-81.00153,67.3,4.45,0.2,302.15,11.0,3D,2025-09-23 06:15:56-04:00,POINT (-81.00153 33.994)
2025-09-22 21:48:39 UTC,sensor05,236476602,18.02,87.27,2025-09-23 10:16:01+00:00,33.99403,-81.00186,69.4,6.92,0.5,273.43,11.0,3D,2025-09-23 06:16:01-04:00,POINT (-81.00186 33.99403)
2025-09-22 21:48:44 UTC,sensor05,236476602,17.98,87.38,2025-09-23 10:16:06+00:00,33.99405,-81.002258,71.3,7.17,0.4,274.9,11.0,3D,2025-09-23 06:16:06-04:00,POINT (-81.002258 33.99405)
2025-09-22 21:48:49 UTC,sensor05,236476602,18.0,87.75,2025-09-23 10:16:11+00:00,33.994078,-81.00268,74.4,7.4,0.8,275.52,11.0,3D,2025-09-23 06:16:11-04:00,POINT (-81.00268 33.994078)
2025-09-22 21:48:54 UTC,sensor05,236476602,17.96,87.95,2025-09-23 10:16:16+00:00,33.994102,-81.003083,77.4,7.76,0.6,272.87,11.0,3D,2025-09-23 06:16:16-04:00,POINT (-81.003083 33.994102)
2025-09-22 21:48:59 UTC,sensor05,236476602,17.96,87.87,2025-09-23 10:16:21+00:00,33.99414,-81.003477,80.6,5.9,0.6,280.87,11.0,3D,2025-09-23 06:16:21-04:00,POINT (-81.003477 33.99414)
2025-09-22 21:49:04 UTC,sensor05,236476602,18.03,87.63,2025-09-23 10:16:26+00:00,33.994165,-81.003717,83.7,6.19,0.6,278.48,11.0,3D,2025-09-23 06:16:26-04:00,POINT (-81.003717 33.994165)
2025-09-22 21:49:09 UTC,sensor05,236476602,18.06,87.37,2025-09-23 10:16:31+00:00,33.994198,-81.004088,86.7,7.6,0.6,277.07,11.0,3D,2025-09-23 06:16:31-04:00,POINT (-81.004088 33.994198)
2025-09-22 21:49:14 UTC,sensor05,236476602,18.09,87.42,2025-09-23 10:16:36+00:00,33.994213,-81.004495,89.3,7.47,0.7,265.1,11.0,3D,2025-09-23 06:16:36-04:00,POINT (-81.004495 33.994213)
2025-09-22 21:49:19 UTC,sensor05,236476602,18.15,87.42,2025-09-23 10:16:41+00:00,33.99422,-81.004897,92.6,6.89,0.6,271.2,11.0,3D,2025-09-23 06:16:41-04:00,POINT (-81.004897 33.99422)
2025-09-22 21:49:24 UTC,sensor05,236476602,18.13,87.07,2025-09-23 10:16:46+00:00,33.99426,-81.005312,95.2,7.71,0.5,275.47,11.0,3D,2025-09-23 06:16:46-04:00,POINT (-81.005312 33.99426)
2025-09-22 21:49:29 UTC,sensor05,236476602,18.17,86.89,2025-09-23 10:16:48+00:00,33.99427,-81.005475,96.3,7.97,0.6,273.18,11.0,3D,2025-09-23 06:16:48-04:00,POINT (-81.005475 33.99427)
2025-09-22 21:49:39 UTC,sensor05,236476602,18.24,86.67,2025-09-23 10:17:02+00:00,33.99412,-81.005998,104.1,7.13,0.5,0.0,11.0,3D,2025-09-23 06:17:02-04:00,POINT (-81.005998 33.99412)
2025-09-22 21:49:44 UTC,sensor05,236476602,18.19,86.82,2025-09-23 10:17:02+00:00,33.99412,-81.005998,104.1,6.15,0.5,194.91,11.0,3D,2025-09-23 06:17:02-04:00,POINT (-81.005998 33.99412)
2025-09-22 21:49:49 UTC,sensor05,236476602,18.15,87.08,2025-09-23 10:17:12+00:00,33.99339,-81.006063,110.4,6.22,0.7,0.0,11.0,3D,2025-09-23 06:17:12-04:00,POINT (-81.006063 33.99339)
2025-09-22 21:49:59 UTC,sensor05,236476602,18.22,87.18,2025-09-23 10:17:22+00:00,33.993212,-81.006332,115.6,6.35,0.5,267.0,11.0,3D,2025-09-23 06:17:22-04:00,POINT (-81.006332 33.993212)
2025-09-22 21:50:04 UTC,sensor05,236476602,18.27,87.05,2025-09-23 10:17:27+00:00,33.993225,-81.006767,118.3,8.37,0.6,273.18,11.0,3D,2025-09-23 06:17:27-04:00,POINT (-81.006767 33.993225)
2025-09-22 21:50:10 UTC,sensor05,236476602,18.25,86.86,2025-09-23 10:17:32+00:00,33.993222,-81.007182,121.2,8.0,0.6,269.87,11.0,3D,2025-09-23 06:17:32-04:00,POINT (-81.007182 33.993222)
2025-09-22 21:50:15 UTC,sensor05,236476602,18.24,86.94,2025-09-23 10:17:37+00:00,33.993275,-81.00759,124.5,5.5,0.6,276.89,11.0,3D,2025-09-23 06:17:37-04:00,POINT (-81.00759 33.993275)
2025-09-22 21:50:20 UTC,sensor05,236476602,18.23,86.91,2025-09-23 10:17:42+00:00,33.993298,-81.007743,127.1,3.25,0.4,286.82,11.0,3D,2025-09-23 06:17:42-04:00,POINT (-81.007743 33.993298)
2025-09-22 21:50:25 UTC,sensor05,236476602,18.23,86.89,2025-09-23 10:17:47+00:00,33.993515,-81.0078,127.8,6.89,0.0,3.39,11.0,3D,2025-09-23 06:17:47-04:00,POINT (-81.0078 33.993515)
2025-09-22 21:50:30 UTC,sensor05,236476602,18.35,86.98,2025-09-23 10:17:52+00:00,33.993917,-81.007773,128.2,8.77,-0.3,2.3,11.0,3D,2025-09-23 06:17:52-04:00,POINT (-81.007773 33.993917)
2025-09-22 21:50:35 UTC,sensor05,236476602,18.35,86.73,2025-09-23 10:17:57+00:00,33.994298,-81.00774,125.9,6.64,-0.8,359.09,11.0,3D,2025-09-23 06:17:57-04:00,POINT (-81.00774 33.994298)
2025-09-22 21:50:45 UTC,sensor05,236476602,18.36,86.49,2025-09-23 10:18:07+00:00,33.994458,-81.007632,128.7,2.73,0.4,59.96,11.0,3D,2025-09-23 06:18:07-04:00,POINT (-81.007632 33.994458)
2025-09-22 21:50:55 UTC,sensor05,236476602,18.33,86.52,2025-09-23 10:18:17+00:00,33.994502,-81.007353,129.5,2.57,0.3,83.82,11.0,3D,2025-09-23 06:18:17-04:00,POINT (-81.007353 33.994502)
2025-09-22 21:51:00 UTC,sensor05,236476602,18.39,86.52,2025-09-23 10:18:18+00:00,33.994502,-81.007323,129.9,2.71,0.4,80.49,11.0,3D,2025-09-23 06:18:18-04:00,POINT (-81.007323 33.994502)
2025-09-22 21:51:05 UTC,sensor05,236476602,18.48,86.29,2025-09-23 10:18:27+00:00,33.994743,-81.00724,132.2,3.95,-0.6,3.02,11.0,3D,2025-09-23 06:18:27-04:00,POINT (-81.00724 33.994743)
2025-09-22 21:51:10 UTC,sensor05,236476602,18.43,86.14,2025-09-23 10:18:32+00:00,33.99493,-81.007187,132.9,3.75,0.5,359.12,11.0,3D,2025-09-23 06:18:32-04:00,POINT (-81.007187 33.99493)
2025-09-22 21:51:15 UTC,sensor05,236476602,18.41,86.17,2025-09-23 10:18:37+00:00,33.995077,-81.007322,134.4,3.35,0.3,286.46,11.0,3D,2025-09-23 06:18:37-04:00,POINT (-81.007322 33.995077)
2025-09-22 21:51:20 UTC,sensor05,236476602,18.35,86.21,2025-09-23 10:18:42+00:00,33.995033,-81.007503,128.8,4.22,-1.4,273.18,11.0,3D,2025-09-23 06:18:42-04:00,POINT (-81.007503 33.995033)
2025-09-22 21:51:25 UTC,sensor05,236476602,18.32,86.34,2025-09-23 10:18:47+00:00,33.995068,-81.007667,129.5,3.1,0.1,309.22,11.0,3D,2025-09-23 06:18:47-04:00,POINT (-81.007667 33.995068)
2025-09-22 21:51:30 UTC,sensor05,236476602,18.2,86.59,2025-09-23 10:18:49+00:00,33.995112,-81.007683,129.3,4.3,0.3,347.08,11.0,3D,2025-09-23 06:18:49-04:00,POINT (-81.007683 33.995112)
2025-09-22 21:51:35 UTC,sensor05,236476602,18.19,86.94,2025-09-23 10:18:58+00:00,33.99547,-81.007667,129.8,2.59,0.2,0.0,11.0,3D,2025-09-23 06:18:58-04:00,POINT (-81.007667 33.99547)
2025-09-22 21:51:40 UTC,sensor05,236476602,18.21,87.14,2025-09-23 10:19:03+00:00,33.995687,-81.007618,129.8,6.04,0.2,0.0,11.0,3D,2025-09-23 06:19:03-04:00,POINT (-81.007618 33.995687)
2025-09-22 21:51:45 UTC,sensor05,236476602,18.16,87.18,2025-09-23 10:19:08+00:00,33.99608,-81.007567,129.2,9.12,-0.1,0.0,11.0,3D,2025-09-23 06:19:08-04:00,POINT (-81.007567 33.99608)
2025-09-22 21:51:50 UTC,sensor05,236476602,18.17,87.46,2025-09-23 10:19:13+00:00,33.996475,-81.007523,129.1,8.41,-0.1,4.63,11.0,3D,2025-09-23 06:19:13-04:00,POINT (-81.007523 33.996475)
2025-09-22 21:51:55 UTC,sensor05,236476602,18.25,87.14,2025-09-23 10:19:18+00:00,33.996745,-81.00749,129.2,3.14,-0.3,357.02,11.0,3D,2025-09-23 06:19:18-04:00,POINT (-81.00749 33.996745)
2025-09-22 21:52:06 UTC,sensor05,236476602,18.18,86.95,2025-09-23 10:19:28+00:00,33.996978,-81.007622,128.3,4.86,-0.2,292.78,11.0,3D,2025-09-23 06:19:28-04:00,POINT (-81.007622 33.996978)
2025-09-22 21:52:11 UTC,sensor05,236476602,18.16,87.16,2025-09-23 10:19:33+00:00,33.997035,-81.008043,123.8,8.87,-0.5,272.74,11.0,3D,2025-09-23 06:19:33-04:00,POINT (-81.008043 33.997035)
2025-09-22 21:52:16 UTC,sensor05,236476602,18.13,87.36,2025-09-23 10:19:38+00:00,33.99708,-81.00861,121.7,10.14,-0.2,274.75,11.0,3D,2025-09-23 06:19:38-04:00,POINT (-81.00861 33.99708)
2025-09-22 21:52:21 UTC,sensor05,236476602,18.16,87.47,2025-09-23 10:19:43+00:00,33.997112,-81.009008,120.5,5.81,-0.4,281.65,11.0,3D,2025-09-23 06:19:43-04:00,POINT (-81.009008 33.997112)
2025-09-22 21:52:26 UTC,sensor05,236476602,18.15,87.48,2025-09-23 10:19:48+00:00,33.997122,-81.009163,119.5,4.89,-0.3,274.16,11.0,3D,2025-09-23 06:19:48-04:00,POINT (-81.009163 33.997122)
2025-09-22 21:52:31 UTC,sensor05,236476602,18.06,87.58,2025-09-23 10:19:53+00:00,33.99713,-81.009498,117.0,7.54,-1.3,268.79,11.0,3D,2025-09-23 06:19:53-04:00,POINT (-81.009498 33.99713)
2025-09-22 21:52:36 UTC,sensor05,236476602,18.11,87.7,2025-09-23 10:19:58+00:00,33.997147,-81.009917,115.9,7.43,-0.3,275.36,11.0,3D,2025-09-23 06:19:58-04:00,POINT (-81.009917 33.997147)
2025-09-22 21:52:41 UTC,sensor05,236476602,18.11,87.55,2025-09-23 10:20:03+00:00,33.997183,-81.010308,114.7,7.48,-0.2,280.78,11.0,3D,2025-09-23 06:20:03-04:00,POINT (-81.010308 33.997183)
2025-09-22 21:52:46 UTC,sensor05,236476602,18.11,87.51,2025-09-23 10:20:08+00:00,33.997212,-81.010698,113.6,6.36,-0.2,278.73,11.0,3D,2025-09-23 06:20:08-04:00,POINT (-81.010698 33.997212)
2025-09-22 21:52:51 UTC,sensor05,236476602,18.14,87.53,2025-09-23 10:20:13+00:00,33.997312,-81.01086,112.1,3.86,-0.8,345.61,11.0,3D,2025-09-23 06:20:13-04:00,POINT (-81.01086 33.997312)
2025-09-22 21:52:56 UTC,sensor05,236476602,18.08,87.49,2025-09-23 10:20:18+00:00,33.99754,-81.010852,111.1,5.64,-0.5,3.89,11.0,3D,2025-09-23 06:20:18-04:00,POINT (-81.010852 33.99754)
2025-09-22 21:53:01 UTC,sensor05,236476602,18.13,87.63,2025-09-23 10:20:23+00:00,33.997822,-81.010815,106.6,6.56,-1.2,1.25,11.0,3D,2025-09-23 06:20:23-04:00,POINT (-81.010815 33.997822)
2025-09-22 21:53:06 UTC,sensor05,236476602,18.22,87.42,2025-09-23 10:20:28+00:00,33.998117,-81.010787,105.0,5.26,-1.7,4.57,11.0,3D,2025-09-23 06:20:28-04:00,POINT (-81.010787 33.998117)
2025-09-22 21:53:11 UTC,sensor05,236476602,18.43,86.5,2025-09-23 10:20:33+00:00,33.998373,-81.010767,105.6,4.48,0.0,8.19,11.0,3D,2025-09-23 06:20:33-04:00,POINT (-81.010767 33.998373)
2025-09-22 21:53:26 UTC,sensor05,236476602,18.57,85.49,2025-09-23 10:20:48+00:00,33.998557,-81.010777,103.9,3.44,0.2,334.35,11.0,3D,2025-09-23 06:20:48-04:00,POINT (-81.010777 33.998557)
2025-09-22 21:53:31 UTC,sensor05,236476602,18.53,85.1,2025-09-23 10:20:50+00:00,33.998622,-81.010837,104.1,4.75,0.1,0.0,11.0,3D,2025-09-23 06:20:50-04:00,POINT (-81.010837 33.998622)
2025-09-22 21:53:36 UTC,sensor05,236476602,18.55,85.08,2025-09-23 10:20:59+00:00,33.998695,-81.01146,104.1,7.41,-0.1,0.0,11.0,3D,2025-09-23 06:20:59-04:00,POINT (-81.01146 33.998695)
2025-09-22 21:53:41 UTC,sensor05,236476602,18.53,85.08,2025-09-23 10:21:04+00:00,33.998725,-81.011915,104.1,8.64,0.1,0.0,11.0,3D,2025-09-23 06:21:04-04:00,POINT (-81.011915 33.998725)
2025-09-22 21:53:46 UTC,sensor05,236476602,18.49,85.17,2025-09-23 10:21:09+00:00,33.998747,-81.012298,102.8,6.18,-0.2,274.27,11.0,3D,2025-09-23 06:21:09-04:00,POINT (-81.012298 33.998747)
2025-09-22 21:53:51 UTC,sensor05,236476602,18.54,85.33,2025-09-23 10:21:14+00:00,33.998775,-81.012672,102.0,7.1,-0.2,270.68,11.0,3D,2025-09-23 06:21:14-04:00,POINT (-81.012672 33.998775)
2025-09-22 21:53:57 UTC,sensor05,236476602,18.62,85.16,2025-09-23 10:21:19+00:00,33.9988,-81.013133,100.6,8.36,-0.3,271.16,11.0,3D,2025-09-23 06:21:19-04:00,POINT (-81.013133 33.9988)
2025-09-22 21:54:02 UTC,sensor05,236476602,18.71,84.84,2025-09-23 10:21:24+00:00,33.998837,-81.013632,98.5,8.82,-0.4,274.07,11.0,3D,2025-09-23 06:21:24-04:00,POINT (-81.013632 33.998837)
2025-09-22 21:54:07 UTC,sensor05,236476602,18.66,84.62,2025-09-23 10:21:29+00:00,33.998888,-81.014163,96.2,9.64,-0.4,278.13,11.0,3D,2025-09-23 06:21:29-04:00,POINT (-81.014163 33.998888)
2025-09-22 21:54:12 UTC,sensor05,236476602,18.6,84.54,2025-09-23 10:21:34+00:00,33.99892,-81.014673,93.6,9.39,-0.4,271.28,11.0,3D,2025-09-23 06:21:34-04:00,POINT (-81.014673 33.99892)
2025-09-22 21:54:17 UTC,sensor05,236476602,18.53,84.93,2025-09-23 10:21:39+00:00,33.998965,-81.015187,91.0,8.24,-0.5,276.41,11.0,3D,2025-09-23 06:21:39-04:00,POINT (-81.015187 33.998965)
2025-09-22 21:54:22 UTC,sensor05,236476602,18.42,85.51,2025-09-23 10:21:44+00:00,33.998998,-81.015503,89.3,4.55,-0.3,295.1,11.0,3D,2025-09-23 06:21:44-04:00,POINT (-81.015503 33.998998)
2025-09-22 21:54:27 UTC,sensor05,236476602,18.4,85.92,2025-09-23 10:21:49+00:00,33.99916,-81.015488,88.0,5.37,-0.3,37.02,11.0,3D,2025-09-23 06:21:49-04:00,POINT (-81.015488 33.99916)
2025-09-22 21:54:32 UTC,sensor05,236476602,18.36,86.05,2025-09-23 10:21:54+00:00,33.999367,-81.015233,87.1,7.11,-0.1,41.21,11.0,3D,2025-09-23 06:21:54-04:00,POINT (-81.015233 33.999367)
2025-09-22 21:54:37 UTC,sensor05,236476602,18.32,86.28,2025-09-23 10:21:59+00:00,33.999592,-81.014973,86.8,6.58,0.0,46.05,12.0,3D,2025-09-23 06:21:59-04:00,POINT (-81.014973 33.999592)
2025-09-22 21:54:42 UTC,sensor05,236476602,18.21,86.52,2025-09-23 10:22:04+00:00,33.99976,-81.014707,85.6,6.92,-0.2,39.71,12.0,3D,2025-09-23 06:22:04-04:00,POINT (-81.014707 33.99976)
2025-09-22 21:54:47 UTC,sensor05,236476602,18.14,86.95,2025-09-23 10:22:09+00:00,33.99997,-81.01449,84.8,2.94,-0.1,31.83,12.0,3D,2025-09-23 06:22:09-04:00,POINT (-81.01449 33.99997)
2025-09-22 21:54:52 UTC,sensor05,236476602,18.08,87.36,2025-09-23 10:22:14+00:00,34.000118,-81.014507,83.7,3.22,-0.2,322.94,12.0,3D,2025-09-23 06:22:14-04:00,POINT (-81.014507 34.000118)
2025-09-22 21:54:57 UTC,sensor05,236476602,18.0,87.7,2025-09-23 10:22:19+00:00,34.000212,-81.014625,83.0,2.34,-0.1,304.83,12.0,3D,2025-09-23 06:22:19-04:00,POINT (-81.014625 34.000212)
2025-09-22 21:55:02 UTC,sensor05,236476602,17.91,87.93,2025-09-23 10:22:24+00:00,34.000323,-81.014787,82.4,5.82,0.0,309.11,12.0,3D,2025-09-23 06:22:24-04:00,POINT (-81.014787 34.000323)
2025-09-22 21:55:07 UTC,sensor05,236476602,17.8,88.56,2025-09-23 10:22:29+00:00,34.000495,-81.015045,82.2,5.95,0.0,309.39,12.0,3D,2025-09-23 06:22:29-04:00,POINT (-81.015045 34.000495)
2025-09-22 21:55:17 UTC,sensor05,236476602,17.7,89.2,2025-09-23 10:22:40+00:00,34.000767,-81.015267,81.1,4.7,-0.1,0.0,12.0,3D,2025-09-23 06:22:40-04:00,POINT (-81.015267 34.000767)
2025-09-22 21:55:22 UTC,sensor05,236476602,17.62,89.43,2025-09-23 10:22:45+00:00,34.001002,-81.015093,78.6,6.66,-0.8,0.0,12.0,3D,2025-09-23 06:22:45-04:00,POINT (-81.015093 34.001002)
2025-09-22 21:55:27 UTC,sensor05,236476602,17.49,89.56,2025-09-23 10:22:50+00:00,34.001252,-81.014885,77.3,6.69,-0.2,0.0,12.0,3D,2025-09-23 06:22:50-04:00,POINT (-81.014885 34.001252)
2025-09-22 21:55:32 UTC,sensor05,236476602,17.49,90.03,2025-09-23 10:22:50+00:00,34.001252,-81.014885,77.3,6.69,-0.2,0.0,12.0,3D,2025-09-23 06:22:50-04:00,POINT (-81.014885 34.001252)
2025-09-22 21:55:37 UTC,sensor05,236476602,17.51,90.01,2025-09-23 10:23:00+00:00,34.001835,-81.014508,80.7,7.94,0.3,0.0,8.0,3D,2025-09-23 06:23:00-04:00,POINT (-81.014508 34.001835)
2025-09-22 21:55:43 UTC,sensor05,236476602,17.6,89.74,2025-09-23 10:23:05+00:00,34.002078,-81.014258,81.7,7.08,0.1,0.0,12.0,3D,2025-09-23 06:23:05-04:00,POINT (-81.014258 34.002078)
2025-09-22 21:55:53 UTC,sensor05,236476602,17.63,89.2,2025-09-23 10:23:15+00:00,34.00233,-81.013913,81.4,6.72,0.0,43.54,12.0,3D,2025-09-23 06:23:15-04:00,POINT (-81.013913 34.00233)
2025-09-22 21:55:58 UTC,sensor05,236476602,17.68,89.33,2025-09-23 10:23:18+00:00,34.002468,-81.013753,81.5,6.63,0.0,45.92,12.0,3D,2025-09-23 06:23:18-04:00,POINT (-81.013753 34.002468)
2025-09-22 21:56:03 UTC,sensor05,236476602,17.64,89.43,2025-09-23 10:23:22+00:00,34.002615,-81.013508,0.0,7.34,0.0,53.57,12.0,3D,2025-09-23 06:23:22-04:00,POINT (-81.013508 34.002615)
2025-09-22 21:56:08 UTC,sensor05,236476602,17.65,89.44,2025-09-23 10:23:30+00:00,34.002898,-81.012955,80.7,7.29,-0.2,59.75,12.0,3D,2025-09-23 06:23:30-04:00,POINT (-81.012955 34.002898)
2025-09-22 21:56:13 UTC,sensor05,236476602,17.65,89.2,2025-09-23 10:23:35+00:00,34.003073,-81.012617,80.2,7.41,-0.1,57.54,12.0,3D,2025-09-23 06:23:35-04:00,POINT (-81.012617 34.003073)
2025-09-22 21:56:18 UTC,sensor05,236476602,17.68,89.16,2025-09-23 10:23:40+00:00,34.003243,-81.01232,80.0,5.03,0.0,51.62,12.0,3D,2025-09-23 06:23:40-04:00,POINT (-81.01232 34.003243)
2025-09-22 21:56:23 UTC,sensor05,236476602,17.71,89.25,2025-09-23 10:23:45+00:00,34.003282,-81.012207,80.1,2.77,0.0,91.98,12.0,3D,2025-09-23 06:23:45-04:00,POINT (-81.012207 34.003282)
2025-09-22 21:56:28 UTC,sensor05,236476602,17.7,89.01,2025-09-23 10:23:50+00:00,34.003157,-81.012127,79.8,4.95,-0.1,166.94,12.0,3D,2025-09-23 06:23:50-04:00,POINT (-81.012127 34.003157)
2025-09-22 21:56:33 UTC,sensor05,236476602,17.61,89.14,2025-09-23 10:23:55+00:00,34.00288,-81.012032,79.7,6.72,0.0,163.64,12.0,3D,2025-09-23 06:23:55-04:00,POINT (-81.012032 34.00288)
2025-09-22 21:56:38 UTC,sensor05,236476602,17.63,89.44,2025-09-23 10:24:00+00:00,34.002583,-81.01192,77.8,6.72,-0.1,174.83,12.0,3D,2025-09-23 06:24:00-04:00,POINT (-81.01192 34.002583)
2025-09-22 21:56:43 UTC,sensor05,236476602,17.64,89.23,2025-09-23 10:24:05+00:00,34.002392,-81.011893,77.5,2.37,0.0,166.93,12.0,3D,2025-09-23 06:24:05-04:00,POINT (-81.011893 34.002392)
2025-09-22 21:56:48 UTC,sensor05,236476602,17.66,89.23,2025-09-23 10:24:10+00:00,34.002268,-81.011942,77.5,4.67,0.1,222.84,12.0,3D,2025-09-23 06:24:10-04:00,POINT (-81.011942 34.002268)
2025-09-22 21:56:53 UTC,sensor05,236476602,17.62,89.21,2025-09-23 10:24:15+00:00,34.002057,-81.012085,77.8,4.88,0.1,189.02,12.0,3D,2025-09-23 06:24:15-04:00,POINT (-81.012085 34.002057)
2025-09-22 21:56:58 UTC,sensor05,236476602,17.61,89.17,2025-09-23 10:24:20+00:00,34.00186,-81.012113,78.6,5.06,0.2,192.73,12.0,3D,2025-09-23 06:24:20-04:00,POINT (-81.012113 34.00186)
2025-09-22 21:57:03 UTC,sensor05,236476602,17.57,89.24,2025-09-23 10:24:25+00:00,34.001697,-81.012157,79.5,2.94,0.1,179.71,12.0,3D,2025-09-23 06:24:25-04:00,POINT (-81.012157 34.001697)
2025-09-22 21:57:08 UTC,sensor05,236476602,17.64,89.29,2025-09-23 10:24:31+00:00,34.001603,-81.012132,80.2,3.75,0.1,0.0,12.0,3D,2025-09-23 06:24:31-04:00,POINT (-81.012132 34.001603)
2025-09-22 21:57:13 UTC,sensor05,236476602,17.66,89.14,2025-09-23 10:24:36+00:00,34.001585,-81.011892,81.2,6.34,0.2,0.0,12.0,3D,2025-09-23 06:24:36-04:00,POINT (-81.011892 34.001585)
2025-09-22 21:57:18 UTC,sensor05,236476602,17.78,89.01,2025-09-23 10:24:41+00:00,34.001555,-81.011532,82.0,5.92,0.2,90.41,12.0,3D,2025-09-23 06:24:41-04:00,POINT (-81.011532 34.001555)
2025-09-22 21:57:23 UTC,sensor05,236476602,17.74,88.71,2025-09-23 10:24:46+00:00,34.001505,-81.011155,82.9,7.05,0.2,95.54,12.0,3D,2025-09-23 06:24:46-04:00,POINT (-81.011155 34.001505)
2025-09-22 21:57:28 UTC,sensor05,236476602,17.76,88.68,2025-09-23 10:24:51+00:00,34.00146,-81.010812,83.2,5.87,0.0,99.16,12.0,3D,2025-09-23 06:24:51-04:00,POINT (-81.010812 34.00146)
2025-09-22 21:57:34 UTC,sensor05,236476602,17.8,88.59,2025-09-23 10:24:55+00:00,34.001428,-81.010553,83.3,6.03,0.03,0.0,12.0,3D,2025-09-23 06:24:55-04:00,POINT (-81.010553 34.001428)
2025-09-22 21:57:39 UTC,sensor05,236476602,17.88,88.6,2025-09-23 10:25:01+00:00,34.0014,-81.010072,82.7,7.52,-0.1,95.27,12.0,3D,2025-09-23 06:25:01-04:00,POINT (-81.010072 34.0014)
2025-09-22 21:57:44 UTC,sensor05,236476602,17.84,88.56,2025-09-23 10:25:06+00:00,34.001385,-81.009633,82.6,8.42,0.0,94.0,12.0,3D,2025-09-23 06:25:06-04:00,POINT (-81.009633 34.001385)
2025-09-22 21:57:49 UTC,sensor05,236476602,17.77,88.61,2025-09-23 10:25:11+00:00,34.001335,-81.00916,82.9,8.54,0.1,93.73,12.0,3D,2025-09-23 06:25:11-04:00,POINT (-81.00916 34.001335)
2025-09-22 21:57:54 UTC,sensor05,236476602,17.77,88.72,2025-09-23 10:25:16+00:00,34.001293,-81.008832,83.9,3.6,0.2,104.39,12.0,3D,2025-09-23 06:25:16-04:00,POINT (-81.008832 34.001293)
2025-09-22 21:57:59 UTC,sensor05,236476602,17.74,88.72,2025-09-23 10:25:21+00:00,34.001395,-81.008658,85.3,4.05,0.2,17.71,12.0,3D,2025-09-23 06:25:21-04:00,POINT (-81.008658 34.001395)
2025-09-22 21:58:04 UTC,sensor05,236476602,17.71,88.71,2025-09-23 10:25:26+00:00,34.001713,-81.008627,86.8,8.14,0.2,6.27,12.0,3D,2025-09-23 06:25:26-04:00,POINT (-81.008627 34.001713)
2025-09-22 21:58:09 UTC,sensor05,236476602,17.75,88.78,2025-09-23 10:25:31+00:00,34.002077,-81.00861,88.3,8.07,0.4,0.32,12.0,3D,2025-09-23 06:25:31-04:00,POINT (-81.00861 34.002077)
2025-09-22 21:58:14 UTC,sensor05,236476602,17.76,88.62,2025-09-23 10:25:36+00:00,34.002367,-81.00855,90.3,5.86,0.3,11.04,12.0,3D,2025-09-23 06:25:36-04:00,POINT (-81.00855 34.002367)
2025-09-22 21:58:19 UTC,sensor05,236476602,17.79,88.56,2025-09-23 10:25:41+00:00,34.002588,-81.008508,91.1,3.13,0.3,359.05,12.0,3D,2025-09-23 06:25:41-04:00,POINT (-81.008508 34.002588)
2025-09-22 21:58:24 UTC,sensor05,236476602,17.81,88.48,2025-09-23 10:25:46+00:00,34.002682,-81.008432,92.4,3.18,0.3,57.89,12.0,3D,2025-09-23 06:25:46-04:00,POINT (-81.008432 34.002682)
2025-09-22 21:58:29 UTC,sensor05,236476602,17.83,88.42,2025-09-23 10:25:51+00:00,34.002672,-81.008137,94.0,6.66,0.3,97.36,12.0,3D,2025-09-23 06:25:51-04:00,POINT (-81.008137 34.002672)
2025-09-22 21:58:34 UTC,sensor05,236476602,17.81,88.32,2025-09-23 10:25:56+00:00,34.002648,-81.007768,95.5,6.47,0.3,94.84,12.0,3D,2025-09-23 06:25:56-04:00,POINT (-81.007768 34.002648)
2025-09-22 21:58:39 UTC,sensor05,236476602,17.86,88.33,2025-09-23 10:26:01+00:00,34.002622,-81.007407,97.5,7.45,0.3,97.53,12.0,3D,2025-09-23 06:26:01-04:00,POINT (-81.007407 34.002622)
2025-09-22 21:58:44 UTC,sensor05,236476602,17.8,88.13,2025-09-23 10:26:06+00:00,34.002602,-81.007073,99.3,3.86,0.2,97.29,12.0,3D,2025-09-23 06:26:06-04:00,POINT (-81.007073 34.002602)
2025-09-22 21:58:49 UTC,sensor05,236476602,17.82,88.03,2025-09-23 10:26:11+00:00,34.002593,-81.00692,100.7,4.41,0.4,93.57,12.0,3D,2025-09-23 06:26:11-04:00,POINT (-81.00692 34.002593)
2025-09-22 21:58:54 UTC,sensor05,236476602,17.9,87.99,2025-09-23 10:26:16+00:00,34.002582,-81.006537,102.0,7.77,0.3,93.86,12.0,3D,2025-09-23 06:26:16-04:00,POINT (-81.006537 34.002582)
2025-09-22 21:58:59 UTC,sensor05,236476602,17.94,87.78,2025-09-23 10:26:21+00:00,34.002553,-81.006105,102.7,7.97,0.1,95.01,12.0,3D,2025-09-23 06:26:21-04:00,POINT (-81.006105 34.002553)
2025-09-22 21:59:04 UTC,sensor05,236476602,18.04,87.46,2025-09-23 10:26:26+00:00,34.00252,-81.005685,103.4,7.03,0.2,94.95,12.0,3D,2025-09-23 06:26:26-04:00,POINT (-81.005685 34.00252)
2025-09-22 21:59:09 UTC,sensor05,236476602,18.06,87.26,2025-09-23 10:26:32+00:00,34.002497,-81.00535,104.5,3.25,0.1,0.0,12.0,3D,2025-09-23 06:26:32-04:00,POINT (-81.00535 34.002497)
2025-09-22 21:59:19 UTC,sensor05,236476602,18.22,86.97,2025-09-23 10:26:42+00:00,34.002502,-81.005247,103.8,3.08,-0.1,0.0,12.0,3D,2025-09-23 06:26:42-04:00,POINT (-81.005247 34.002502)
2025-09-22 21:59:24 UTC,sensor05,236476602,18.27,86.7,2025-09-23 10:26:47+00:00,34.002493,-81.004918,103.6,7.17,0.0,89.92,12.0,3D,2025-09-23 06:26:47-04:00,POINT (-81.004918 34.002493)
2025-09-22 21:59:29 UTC,sensor05,236476602,18.33,86.34,2025-09-23 10:26:51+00:00,34.002468,-81.004578,103.4,7.76,-0.1,93.81,12.0,3D,2025-09-23 06:26:51-04:00,POINT (-81.004578 34.002468)
2025-09-22 21:59:35 UTC,sensor05,236476602,18.43,85.91,2025-09-23 10:26:56+00:00,34.002435,-81.004168,103.0,7.41,-0.08,94.46,12.0,3D,2025-09-23 06:26:56-04:00,POINT (-81.004168 34.002435)
2025-09-22 21:59:40 UTC,sensor05,236476602,18.5,85.36,2025-09-23 10:27:02+00:00,34.002378,-81.003683,102.7,7.2,0.0,94.01,12.0,3D,2025-09-23 06:27:02-04:00,POINT (-81.003683 34.002378)
2025-09-22 21:59:45 UTC,sensor05,236476602,18.5,84.95,2025-09-23 10:27:07+00:00,34.002348,-81.00328,103.4,6.8,0.1,96.73,12.0,3D,2025-09-23 06:27:07-04:00,POINT (-81.00328 34.002348)
2025-09-22 21:59:55 UTC,sensor05,236476602,18.51,84.63,2025-09-23 10:27:17+00:00,34.002277,-81.002955,96.3,2.83,-0.1,143.51,12.0,3D,2025-09-23 06:27:17-04:00,POINT (-81.002955 34.002277)
2025-09-22 22:00:00 UTC,sensor05,236476602,18.55,84.61,2025-09-23 10:27:22+00:00,34.002038,-81.00294,96.4,6.54,-0.1,187.25,12.0,3D,2025-09-23 06:27:22-04:00,POINT (-81.00294 34.002038)
2025-09-22 22:00:05 UTC,sensor05,236476602,18.54,84.53,2025-09-23 10:27:27+00:00,34.001757,-81.003063,95.4,6.73,-0.2,192.11,12.0,3D,2025-09-23 06:27:27-04:00,POINT (-81.003063 34.001757)
2025-09-22 22:00:10 UTC,sensor05,236476602,18.38,84.56,2025-09-23 10:27:32+00:00,34.001442,-81.003093,95.2,6.64,0.0,187.25,12.0,3D,2025-09-23 06:27:32-04:00,POINT (-81.003093 34.001442)
2025-09-22 22:00:15 UTC,sensor05,236476602,18.21,85.16,2025-09-23 10:27:37+00:00,34.001187,-81.003097,96.4,4.02,0.2,194.5,12.0,3D,2025-09-23 06:27:37-04:00,POINT (-81.003097 34.001187)
2025-09-22 22:00:20 UTC,sensor05,236476602,18.19,85.72,2025-09-23 10:27:42+00:00,34.001053,-81.003095,95.9,4.13,-0.1,180.27,12.0,3D,2025-09-23 06:27:42-04:00,POINT (-81.003095 34.001053)
2025-09-22 22:00:25 UTC,sensor05,236476602,18.21,85.73,2025-09-23 10:27:47+00:00,34.000783,-81.003107,95.8,6.83,0.0,183.2,12.0,3D,2025-09-23 06:27:47-04:00,POINT (-81.003107 34.000783)
2025-09-22 22:00:30 UTC,sensor05,236476602,18.17,85.91,2025-09-23 10:27:52+00:00,34.000448,-81.003112,96.0,7.4,0.1,181.14,12.0,3D,2025-09-23 06:27:52-04:00,POINT (-81.003112 34.000448)
2025-09-22 22:00:35 UTC,sensor05,236476602,18.16,85.87,2025-09-23 10:27:57+00:00,34.000077,-81.003135,95.8,7.97,-0.1,186.08,12.0,3D,2025-09-23 06:27:57-04:00,POINT (-81.003135 34.000077)
2025-09-22 22:00:40 UTC,sensor05,236476602,18.18,85.84,2025-09-23 10:28:02+00:00,33.999738,-81.003127,96.0,5.02,-0.1,187.45,12.0,3D,2025-09-23 06:28:02-04:00,POINT (-81.003127 33.999738)
2025-09-22 22:00:45 UTC,sensor05,236476602,18.21,85.78,2025-09-23 10:28:07+00:00,33.999592,-81.00315,97.1,2.57,0.3,184.06,12.0,3D,2025-09-23 06:28:07-04:00,POINT (-81.00315 33.999592)
2025-09-22 22:00:50 UTC,sensor05,236476602,18.2,85.76,2025-09-23 10:28:12+00:00,33.999562,-81.003258,96.2,2.28,-0.6,266.83,12.0,3D,2025-09-23 06:28:12-04:00,POINT (-81.003258 33.999562)
2025-09-22 22:17:35 UTC,sensor06,236497257,17.82,86.74,2025-09-23 09:55:48+00:00,33.971955,-80.989568,182.6,3.04,0.0,0.0,10.0,3D,2025-09-23 05:55:48-04:00,POINT (-80.989568 33.971955)
2025-09-22 22:20:12 UTC,sensor06,236497257,17.68,88.17,2025-09-23 09:58:24+00:00,33.972015,-80.989517,183.0,4.7,0.0,0.0,11.0,3D,2025-09-23 05:58:24-04:00,POINT (-80.989517 33.972015)
2025-09-22 22:21:47 UTC,sensor06,236497257,17.6,88.17,2025-09-23 10:00:00+00:00,33.972032,-80.989455,182.9,3.91,-0.49,0.0,11.0,3D,2025-09-23 06:00:00-04:00,POINT (-80.989455 33.972032)
2025-09-22 22:25:09 UTC,sensor06,236497257,17.71,89.6,2025-09-23 10:03:22+00:00,33.972015,-80.989722,183.3,2.31,0.0,0.0,11.0,3D,2025-09-23 06:03:22-04:00,POINT (-80.989722 33.972015)
2025-09-22 22:25:14 UTC,sensor06,236497257,17.74,89.5,2025-09-23 10:03:27+00:00,33.97196,-80.989648,183.3,7.95,0.0,0.0,11.0,3D,2025-09-23 06:03:27-04:00,POINT (-80.989648 33.97196)
2025-09-22 22:25:19 UTC,sensor06,236497257,17.76,89.29,2025-09-23 10:03:32+00:00,33.971867,-80.989553,183.3,3.06,0.0,0.0,11.0,3D,2025-09-23 06:03:32-04:00,POINT (-80.989553 33.971867)
2025-09-22 22:25:59 UTC,sensor06,236497257,17.6,89.8,2025-09-23 10:04:12+00:00,33.970895,-80.989812,187.8,7.95,0.47,0.0,11.0,3D,2025-09-23 06:04:12-04:00,POINT (-80.989812 33.970895)
2025-09-22 22:26:04 UTC,sensor06,236497257,17.67,89.87,2025-09-23 10:04:17+00:00,33.970975,-80.989992,189.1,2.81,0.3,336.42,11.0,3D,2025-09-23 06:04:17-04:00,POINT (-80.989992 33.970975)
2025-09-22 22:26:09 UTC,sensor06,236497257,17.56,89.92,2025-09-23 10:04:22+00:00,33.97106,-80.990365,190.8,5.03,0.4,314.36,11.0,3D,2025-09-23 06:04:22-04:00,POINT (-80.990365 33.97106)
2025-09-22 22:26:14 UTC,sensor06,236497257,17.62,90.06,2025-09-23 10:04:27+00:00,33.971108,-80.990653,192.6,5.16,0.4,314.66,11.0,3D,2025-09-23 06:04:27-04:00,POINT (-80.990653 33.971108)
2025-09-22 22:26:19 UTC,sensor06,236497257,17.55,89.93,2025-09-23 10:04:32+00:00,33.971203,-80.990913,194.4,5.48,0.34,309.36,11.0,3D,2025-09-23 06:04:32-04:00,POINT (-80.990913 33.971203)
2025-09-22 22:26:25 UTC,sensor06,236497257,17.58,89.93,2025-09-23 10:04:36+00:00,33.971353,-80.991248,195.9,7.38,0.48,302.95,11.0,3D,2025-09-23 06:04:36-04:00,POINT (-80.991248 33.971353)
2025-09-22 22:26:30 UTC,sensor06,236497257,17.5,89.89,2025-09-23 10:04:42+00:00,33.971582,-80.991715,197.9,8.36,0.48,306.21,11.0,3D,2025-09-23 06:04:42-04:00,POINT (-80.991715 33.971582)
2025-09-22 22:26:35 UTC,sensor06,236497257,17.41,90.26,2025-09-23 10:04:47+00:00,33.971748,-80.992108,199.5,8.0,0.3,306.7,11.0,3D,2025-09-23 06:04:47-04:00,POINT (-80.992108 33.971748)
2025-09-22 22:26:40 UTC,sensor06,236497257,17.41,90.6,2025-09-23 10:04:52+00:00,33.971925,-80.992498,201.1,7.89,0.3,306.92,11.0,3D,2025-09-23 06:04:52-04:00,POINT (-80.992498 33.971925)
2025-09-22 22:26:45 UTC,sensor06,236497257,17.45,91.08,2025-09-23 10:04:57+00:00,33.971098,-80.99261,82.1,5.75,0.5,294.94,11.0,3D,2025-09-23 06:04:57-04:00,POINT (-80.99261 33.971098)
2025-09-22 22:27:05 UTC,sensor06,236497257,17.56,91.19,2025-09-23 10:05:17+00:00,33.971593,-80.992807,47.4,4.45,-1.1,18.39,12.0,3D,2025-09-23 06:05:17-04:00,POINT (-80.992807 33.971593)
2025-09-22 22:27:10 UTC,sensor06,236497257,17.54,91.0,2025-09-23 10:05:22+00:00,33.971805,-80.99278,41.4,4.08,-1.4,14.46,12.0,3D,2025-09-23 06:05:22-04:00,POINT (-80.99278 33.971805)
2025-09-22 22:27:15 UTC,sensor06,236497257,17.46,90.79,2025-09-23 10:05:28+00:00,33.972128,-80.992918,36.1,4.62,-0.7,0.0,12.0,3D,2025-09-23 06:05:28-04:00,POINT (-80.992918 33.972128)
2025-09-22 22:27:20 UTC,sensor06,236497257,17.42,90.77,2025-09-23 10:05:33+00:00,33.972193,-80.993112,33.6,4.01,-0.7,0.0,12.0,3D,2025-09-23 06:05:33-04:00,POINT (-80.993112 33.972193)
2025-09-22 22:27:25 UTC,sensor06,236497257,17.38,90.86,2025-09-23 10:05:38+00:00,33.972233,-80.993358,29.8,4.53,-0.6,0.0,12.0,3D,2025-09-23 06:05:38-04:00,POINT (-80.993358 33.972233)
2025-09-22 22:27:30 UTC,sensor06,236497257,17.39,91.01,2025-09-23 10:05:43+00:00,33.972308,-80.993593,27.3,5.33,-0.6,0.0,12.0,3D,2025-09-23 06:05:43-04:00,POINT (-80.993593 33.972308)
2025-09-22 22:27:35 UTC,sensor06,236497257,17.37,91.25,2025-09-23 10:05:48+00:00,33.972422,-80.993882,23.7,5.12,-0.6,301.14,12.0,3D,2025-09-23 06:05:48-04:00,POINT (-80.993882 33.972422)
2025-09-22 22:27:40 UTC,sensor06,236497257,17.37,91.5,2025-09-23 10:05:53+00:00,33.972558,-80.99414,20.5,5.8,-0.6,300.87,12.0,3D,2025-09-23 06:05:53-04:00,POINT (-80.99414 33.972558)
2025-09-22 22:27:45 UTC,sensor06,236497257,17.36,91.7,2025-09-23 10:05:58+00:00,33.97271,-80.994358,17.7,5.6,-0.6,305.29,12.0,3D,2025-09-23 06:05:58-04:00,POINT (-80.994358 33.97271)
2025-09-22 22:27:50 UTC,sensor06,236497257,17.42,91.75,2025-09-23 10:06:03+00:00,33.972857,-80.994627,18.6,5.7,1.0,301.66,12.0,3D,2025-09-23 06:06:03-04:00,POINT (-80.994627 33.972857)
2025-09-22 22:27:55 UTC,sensor06,236497257,17.51,91.73,2025-09-23 10:06:08+00:00,33.973033,-80.994853,20.3,5.19,-0.3,307.23,12.0,3D,2025-09-23 06:06:08-04:00,POINT (-80.994853 33.973033)
2025-09-22 22:28:00 UTC,sensor06,236497257,17.56,91.66,2025-09-23 10:06:13+00:00,33.973193,-80.995063,17.1,4.84,-0.8,308.16,12.0,3D,2025-09-23 06:06:13-04:00,POINT (-80.995063 33.973193)
2025-09-22 22:28:05 UTC,sensor06,236497257,17.59,91.67,2025-09-23 10:06:18+00:00,33.973342,-80.995288,12.9,4.64,-0.9,310.74,12.0,3D,2025-09-23 06:06:18-04:00,POINT (-80.995288 33.973342)
2025-09-22 22:28:10 UTC,sensor06,236497257,17.68,91.64,2025-09-23 10:06:23+00:00,33.973478,-80.995528,9.1,5.09,-0.4,307.08,12.0,3D,2025-09-23 06:06:23-04:00,POINT (-80.995528 33.973478)
2025-09-22 22:28:15 UTC,sensor06,236497257,17.76,91.57,2025-09-23 10:06:28+00:00,33.973628,-80.995758,4.6,5.07,-0.8,303.71,12.0,3D,2025-09-23 06:06:28-04:00,POINT (-80.995758 33.973628)
2025-09-22 22:28:20 UTC,sensor06,236497257,17.74,91.4,2025-09-23 10:06:33+00:00,33.973758,-80.996017,1.6,4.87,-0.6,309.41,12.0,3D,2025-09-23 06:06:33-04:00,POINT (-80.996017 33.973758)
2025-09-22 22:28:26 UTC,sensor06,236497257,17.72,91.33,2025-09-23 10:06:35+00:00,33.973815,-80.996113,0.9,5.09,-0.1,303.43,12.0,3D,2025-09-23 06:06:35-04:00,POINT (-80.996113 33.973815)
2025-09-22 22:28:31 UTC,sensor06,236497257,17.7,91.47,2025-09-23 10:06:40+00:00,33.973965,-80.996373,-0.8,4.78,-0.6,307.68,12.0,3D,2025-09-23 06:06:40-04:00,POINT (-80.996373 33.973965)
2025-09-22 22:28:36 UTC,sensor06,236497257,17.74,91.56,2025-09-23 10:06:46+00:00,33.974137,-80.996713,0.3,4.81,0.3,313.5,12.0,3D,2025-09-23 06:06:46-04:00,POINT (-80.996713 33.974137)
2025-09-22 22:28:41 UTC,sensor06,236497257,17.71,91.5,2025-09-23 10:06:53+00:00,33.974337,-80.997035,-2.0,4.89,-0.33,310.55,4.0,3D,2025-09-23 06:06:53-04:00,POINT (-80.997035 33.974337)
2025-09-22 22:28:46 UTC,sensor06,236497257,17.61,91.43,2025-09-23 10:06:58+00:00,33.974483,-80.997267,-3.3,4.71,-0.4,306.38,12.0,3D,2025-09-23 06:06:58-04:00,POINT (-80.997267 33.974483)
2025-09-22 22:28:51 UTC,sensor06,236497257,17.6,91.46,2025-09-23 10:07:03+00:00,33.97462,-80.99757,1.3,4.81,4.2,309.36,12.0,3D,2025-09-23 06:07:03-04:00,POINT (-80.99757 33.97462)
2025-09-22 22:28:56 UTC,sensor06,236497257,17.55,91.46,2025-09-23 10:07:08+00:00,33.974783,-80.99773,0.6,4.96,-0.3,309.1,12.0,3D,2025-09-23 06:07:08-04:00,POINT (-80.99773 33.974783)
2025-09-22 22:29:01 UTC,sensor06,236497257,17.59,91.45,2025-09-23 10:07:13+00:00,33.97493,-80.997942,-0.7,4.72,-0.1,307.42,12.0,3D,2025-09-23 06:07:13-04:00,POINT (-80.997942 33.97493)
2025-09-22 22:29:06 UTC,sensor06,236497257,17.58,91.33,2025-09-23 10:07:18+00:00,33.975072,-80.998182,-2.4,5.05,-0.2,304.5,12.0,3D,2025-09-23 06:07:18-04:00,POINT (-80.998182 33.975072)
2025-09-22 22:29:11 UTC,sensor06,236497257,17.56,91.22,2025-09-23 10:07:23+00:00,33.97521,-80.998427,-3.0,5.67,-0.1,299.38,12.0,3D,2025-09-23 06:07:23-04:00,POINT (-80.998427 33.97521)
2025-09-22 22:29:16 UTC,sensor06,236497257,17.6,91.25,2025-09-23 10:07:28+00:00,33.975373,-80.998633,1.7,5.98,2.1,298.86,12.0,3D,2025-09-23 06:07:28-04:00,POINT (-80.998633 33.975373)
2025-09-22 22:29:21 UTC,sensor06,236497257,17.59,91.18,2025-09-23 10:07:33+00:00,33.97549,-80.998955,4.2,5.71,0.3,304.7,12.0,3D,2025-09-23 06:07:33-04:00,POINT (-80.998955 33.97549)
2025-09-22 22:29:26 UTC,sensor06,236497257,17.6,91.3,2025-09-23 10:07:38+00:00,33.975632,-80.999217,6.2,5.81,0.4,303.26,12.0,3D,2025-09-23 06:07:38-04:00,POINT (-80.999217 33.975632)
2025-09-22 22:29:31 UTC,sensor06,236497257,17.64,91.36,2025-09-23 10:07:43+00:00,33.97581,-80.999465,8.8,5.78,0.6,304.79,12.0,3D,2025-09-23 06:07:43-04:00,POINT (-80.999465 33.97581)
2025-09-22 22:29:36 UTC,sensor06,236497257,17.78,91.08,2025-09-23 10:07:49+00:00,33.975997,-80.999792,12.7,6.43,0.6,0.0,12.0,3D,2025-09-23 06:07:49-04:00,POINT (-80.999792 33.975997)
2025-09-22 22:29:41 UTC,sensor06,236497257,17.82,90.65,2025-09-23 10:07:54+00:00,33.976155,-81.000043,15.5,5.23,0.4,0.0,12.0,3D,2025-09-23 06:07:54-04:00,POINT (-81.000043 33.976155)
2025-09-22 22:29:46 UTC,sensor06,236497257,17.98,90.68,2025-09-23 10:07:59+00:00,33.976317,-81.000305,18.9,6.4,0.7,0.0,12.0,3D,2025-09-23 06:07:59-04:00,POINT (-81.000305 33.976317)
2025-09-22 22:29:51 UTC,sensor06,236497257,18.16,90.16,2025-09-23 10:08:04+00:00,33.976567,-81.000687,38.4,6.47,1.9,0.0,4.0,3D,2025-09-23 06:08:04-04:00,POINT (-81.000687 33.976567)
2025-09-22 22:29:56 UTC,sensor06,236497257,18.13,89.44,2025-09-23 10:08:09+00:00,33.976738,-81.000972,46.6,6.52,1.1,0.0,8.0,3D,2025-09-23 06:08:09-04:00,POINT (-81.000972 33.976738)
2025-09-22 22:30:01 UTC,sensor06,236497257,18.2,89.2,2025-09-23 10:08:14+00:00,33.976898,-81.00126,51.0,6.16,0.5,0.0,8.0,3D,2025-09-23 06:08:14-04:00,POINT (-81.00126 33.976898)
2025-09-22 22:30:06 UTC,sensor06,236497257,18.17,89.02,2025-09-23 10:08:19+00:00,33.97706,-81.001563,54.6,6.69,0.8,0.0,8.0,3D,2025-09-23 06:08:19-04:00,POINT (-81.001563 33.97706)
2025-09-22 22:30:11 UTC,sensor06,236497257,18.25,88.85,2025-09-23 10:08:24+00:00,33.977223,-81.00184,58.9,6.08,0.7,0.0,12.0,3D,2025-09-23 06:08:24-04:00,POINT (-81.00184 33.977223)
2025-09-22 22:30:16 UTC,sensor06,236497257,18.31,88.59,2025-09-23 10:08:29+00:00,33.977447,-81.001797,63.1,5.56,0.8,26.43,12.0,3D,2025-09-23 06:08:29-04:00,POINT (-81.001797 33.977447)
2025-09-22 22:30:21 UTC,sensor06,236497257,18.44,88.31,2025-09-23 10:08:32+00:00,33.977582,-81.001692,65.9,5.95,0.9,30.85,12.0,3D,2025-09-23 06:08:32-04:00,POINT (-81.001692 33.977582)
2025-09-22 22:30:26 UTC,sensor06,236497257,18.46,88.0,2025-09-23 10:08:39+00:00,33.977887,-81.001482,69.9,4.49,0.5,22.72,12.0,3D,2025-09-23 06:08:39-04:00,POINT (-81.001482 33.977887)
2025-09-22 22:30:31 UTC,sensor06,236497257,18.57,87.83,2025-09-23 10:08:44+00:00,33.978032,-81.001428,72.7,4.66,0.5,357.6,12.0,3D,2025-09-23 06:08:44-04:00,POINT (-81.001428 33.978032)
2025-09-22 22:30:37 UTC,sensor06,236497257,18.48,87.57,2025-09-23 10:08:49+00:00,33.97816,-81.001555,75.7,4.46,0.7,299.19,12.0,3D,2025-09-23 06:08:49-04:00,POINT (-81.001555 33.97816)
2025-09-22 22:30:42 UTC,sensor06,236497257,18.41,87.7,2025-09-23 10:08:54+00:00,33.97822,-81.001703,77.1,3.89,-1.1,302.31,12.0,3D,2025-09-23 06:08:54-04:00,POINT (-81.001703 33.97822)
2025-09-22 22:30:47 UTC,sensor06,236497257,18.38,88.05,2025-09-23 10:08:59+00:00,33.978322,-81.001905,80.0,4.81,0.5,295.61,12.0,3D,2025-09-23 06:08:59-04:00,POINT (-81.001905 33.978322)
2025-09-22 22:30:52 UTC,sensor06,236497257,18.37,87.81,2025-09-23 10:09:04+00:00,33.978422,-81.002138,80.1,4.12,0.6,305.77,12.0,3D,2025-09-23 06:09:04-04:00,POINT (-81.002138 33.978422)
2025-09-22 22:30:57 UTC,sensor06,236497257,18.38,87.77,2025-09-23 10:09:09+00:00,33.978527,-81.002363,82.9,4.67,0.6,303.43,12.0,3D,2025-09-23 06:09:09-04:00,POINT (-81.002363 33.978527)
2025-09-22 22:31:02 UTC,sensor06,236497257,18.34,87.87,2025-09-23 10:09:14+00:00,33.978628,-81.002582,85.8,5.23,0.6,294.02,12.0,3D,2025-09-23 06:09:14-04:00,POINT (-81.002582 33.978628)
2025-09-22 22:31:07 UTC,sensor06,236497257,18.33,87.93,2025-09-23 10:09:19+00:00,33.978707,-81.002783,86.7,5.24,0.7,297.66,12.0,3D,2025-09-23 06:09:19-04:00,POINT (-81.002783 33.978707)
2025-09-22 22:31:12 UTC,sensor06,236497257,18.43,87.87,2025-09-23 10:09:24+00:00,33.97883,-81.00302,89.5,5.78,0.5,297.91,12.0,3D,2025-09-23 06:09:24-04:00,POINT (-81.00302 33.97883)
2025-09-22 22:31:17 UTC,sensor06,236497257,18.39,87.7,2025-09-23 10:09:29+00:00,33.978912,-81.00323,88.8,4.96,0.0,307.58,12.0,3D,2025-09-23 06:09:29-04:00,POINT (-81.00323 33.978912)
2025-09-22 22:31:22 UTC,sensor06,236497257,18.4,87.71,2025-09-23 10:09:34+00:00,33.979052,-81.003473,90.7,5.9,0.5,301.55,12.0,3D,2025-09-23 06:09:34-04:00,POINT (-81.003473 33.979052)
2025-09-22 22:31:27 UTC,sensor06,236497257,18.39,87.77,2025-09-23 10:09:39+00:00,33.979173,-81.003753,92.3,7.04,0.5,293.96,12.0,3D,2025-09-23 06:09:39-04:00,POINT (-81.003753 33.979173)
2025-09-22 22:31:32 UTC,sensor06,236497257,18.4,87.88,2025-09-23 10:09:44+00:00,33.979368,-81.004055,93.6,7.51,0.2,299.97,12.0,3D,2025-09-23 06:09:44-04:00,POINT (-81.004055 33.979368)
2025-09-22 22:31:37 UTC,sensor06,236497257,18.38,87.8,2025-09-23 10:09:50+00:00,33.979553,-81.004462,94.0,6.92,0.2,0.0,12.0,3D,2025-09-23 06:09:50-04:00,POINT (-81.004462 33.979553)
2025-09-22 22:31:42 UTC,sensor06,236497257,18.36,87.84,2025-09-23 10:09:55+00:00,33.979707,-81.004798,95.5,6.26,0.1,0.0,12.0,3D,2025-09-23 06:09:55-04:00,POINT (-81.004798 33.979707)
2025-09-22 22:31:47 UTC,sensor06,236497257,18.38,87.84,2025-09-23 10:10:00+00:00,33.97987,-81.00511,95.5,6.77,0.1,0.0,12.0,3D,2025-09-23 06:10:00-04:00,POINT (-81.00511 33.97987)
2025-09-22 22:31:52 UTC,sensor06,236497257,18.41,87.75,2025-09-23 10:10:05+00:00,33.980085,-81.0055,94.5,7.81,0.1,0.0,12.0,3D,2025-09-23 06:10:05-04:00,POINT (-81.0055 33.980085)
2025-09-22 22:31:57 UTC,sensor06,236497257,18.37,87.73,2025-09-23 10:10:10+00:00,33.980235,-81.005818,95.0,6.51,0.1,299.18,12.0,3D,2025-09-23 06:10:10-04:00,POINT (-81.005818 33.980235)
2025-09-22 22:32:02 UTC,sensor06,236497257,18.55,87.69,2025-09-23 10:10:15+00:00,33.980345,-81.00612,94.8,6.81,-0.3,301.46,12.0,3D,2025-09-23 06:10:15-04:00,POINT (-81.00612 33.980345)
2025-09-22 22:32:07 UTC,sensor06,236497257,18.64,87.44,2025-09-23 10:10:20+00:00,33.980573,-81.006465,92.6,7.58,-0.2,306.4,12.0,3D,2025-09-23 06:10:20-04:00,POINT (-81.006465 33.980573)
2025-09-22 22:32:12 UTC,sensor06,236497257,18.49,87.16,2025-09-23 10:10:25+00:00,33.980775,-81.00681,91.8,7.32,0.1,292.72,12.0,3D,2025-09-23 06:10:25-04:00,POINT (-81.00681 33.980775)
2025-09-22 22:32:17 UTC,sensor06,236497257,18.52,87.2,2025-09-23 10:10:30+00:00,33.980925,-81.007138,91.7,6.16,-0.3,302.68,12.0,3D,2025-09-23 06:10:30-04:00,POINT (-81.007138 33.980925)
2025-09-22 22:32:22 UTC,sensor06,236497257,18.54,87.12,2025-09-23 10:10:32+00:00,33.980995,-81.007238,87.9,6.62,-0.1,302.25,12.0,3D,2025-09-23 06:10:32-04:00,POINT (-81.007238 33.980995)
2025-09-22 22:32:27 UTC,sensor06,236497257,18.51,87.21,2025-09-23 10:10:38+00:00,33.981245,-81.007608,87.6,9.0,-0.5,0.0,12.0,3D,2025-09-23 06:10:38-04:00,POINT (-81.007608 33.981245)
2025-09-22 22:32:32 UTC,sensor06,236497257,18.49,87.2,2025-09-23 10:10:45+00:00,33.981455,-81.008005,90.0,5.99,2.4,298.19,12.0,3D,2025-09-23 06:10:45-04:00,POINT (-81.008005 33.981455)
2025-09-22 22:32:38 UTC,sensor06,236497257,18.54,87.34,2025-09-23 10:10:50+00:00,33.981582,-81.008315,90.9,5.78,0.2,293.61,12.0,3D,2025-09-23 06:10:50-04:00,POINT (-81.008315 33.981582)
2025-09-22 22:32:43 UTC,sensor06,236497257,18.39,87.23,2025-09-23 10:10:55+00:00,33.981685,-81.008647,91.8,6.55,0.1,291.51,12.0,3D,2025-09-23 06:10:55-04:00,POINT (-81.008647 33.981685)
2025-09-22 22:32:48 UTC,sensor06,236497257,18.41,87.37,2025-09-23 10:11:00+00:00,33.981775,-81.009012,92.8,6.3,0.2,288.4,12.0,3D,2025-09-23 06:11:00-04:00,POINT (-81.009012 33.981775)
2025-09-22 22:32:53 UTC,sensor06,236497257,18.33,87.39,2025-09-23 10:11:05+00:00,33.981812,-81.009372,91.5,7.28,-0.1,284.96,12.0,3D,2025-09-23 06:11:05-04:00,POINT (-81.009372 33.981812)
2025-09-22 22:32:58 UTC,sensor06,236497257,18.28,87.68,2025-09-23 10:11:10+00:00,33.98188,-81.009778,91.4,7.82,0.0,278.74,12.0,3D,2025-09-23 06:11:10-04:00,POINT (-81.009778 33.98188)
2025-09-22 22:33:03 UTC,sensor06,236497257,18.23,87.99,2025-09-23 10:11:15+00:00,33.98196,-81.010172,91.2,8.64,-0.4,287.96,12.0,3D,2025-09-23 06:11:15-04:00,POINT (-81.010172 33.98196)
2025-09-22 22:33:08 UTC,sensor06,236497257,18.24,88.21,2025-09-23 10:11:20+00:00,33.982208,-81.010435,89.5,8.15,0.0,331.08,12.0,3D,2025-09-23 06:11:20-04:00,POINT (-81.010435 33.982208)
2025-09-22 22:33:13 UTC,sensor06,236497257,18.16,88.34,2025-09-23 10:11:25+00:00,33.982535,-81.010603,90.7,8.16,0.2,341.22,12.0,3D,2025-09-23 06:11:25-04:00,POINT (-81.010603 33.982535)
2025-09-22 22:33:18 UTC,sensor06,236497257,18.12,88.61,2025-09-23 10:11:30+00:00,33.982887,-81.010735,91.8,7.82,0.3,340.27,12.0,3D,2025-09-23 06:11:30-04:00,POINT (-81.010735 33.982887)
2025-09-22 22:33:23 UTC,sensor06,236497257,18.14,88.8,2025-09-23 10:11:35+00:00,33.98321,-81.010835,92.4,7.18,0.2,345.05,12.0,3D,2025-09-23 06:11:35-04:00,POINT (-81.010835 33.98321)
2025-09-22 22:33:28 UTC,sensor06,236497257,18.25,88.79,2025-09-23 10:11:40+00:00,33.98351,-81.010942,92.9,6.85,0.1,341.15,12.0,3D,2025-09-23 06:11:40-04:00,POINT (-81.010942 33.98351)
2025-09-22 22:33:33 UTC,sensor06,236497257,18.38,88.25,2025-09-23 10:11:45+00:00,33.98378,-81.011043,94.0,5.95,0.2,336.15,12.0,3D,2025-09-23 06:11:45-04:00,POINT (-81.011043 33.98378)
2025-09-22 22:33:38 UTC,sensor06,236497257,18.48,87.62,2025-09-23 10:11:50+00:00,33.984048,-81.011158,94.4,5.29,0.3,342.45,12.0,3D,2025-09-23 06:11:50-04:00,POINT (-81.011158 33.984048)
2025-09-22 22:33:43 UTC,sensor06,236497257,18.57,87.11,2025-09-23 10:11:56+00:00,33.984302,-81.01127,95.8,4.87,0.2,0.0,12.0,3D,2025-09-23 06:11:56-04:00,POINT (-81.01127 33.984302)
2025-09-22 22:33:48 UTC,sensor06,236497257,18.57,86.69,2025-09-23 10:12:01+00:00,33.984508,-81.011353,96.0,5.4,0.0,0.0,12.0,3D,2025-09-23 06:12:01-04:00,POINT (-81.011353 33.984508)
2025-09-22 22:33:53 UTC,sensor06,236497257,18.66,86.56,2025-09-23 10:12:06+00:00,33.98477,-81.011462,96.5,5.62,0.1,335.42,12.0,3D,2025-09-23 06:12:06-04:00,POINT (-81.011462 33.98477)
2025-09-22 22:33:58 UTC,sensor06,236497257,18.66,86.34,2025-09-23 10:12:11+00:00,33.984992,-81.011568,95.8,4.96,-0.2,339.97,12.0,3D,2025-09-23 06:12:11-04:00,POINT (-81.011568 33.984992)
2025-09-22 22:34:03 UTC,sensor06,236497257,18.68,86.19,2025-09-23 10:12:16+00:00,33.985183,-81.011652,95.8,3.39,0.1,328.87,12.0,3D,2025-09-23 06:12:16-04:00,POINT (-81.011652 33.985183)
2025-09-22 22:34:13 UTC,sensor06,236497257,18.67,86.14,2025-09-23 10:12:26+00:00,33.985392,-81.011707,97.4,4.2,0.0,333.65,12.0,3D,2025-09-23 06:12:26-04:00,POINT (-81.011707 33.985392)
2025-09-22 22:34:18 UTC,sensor06,236497257,18.56,86.41,2025-09-23 10:12:31+00:00,33.9856,-81.011825,98.5,4.68,0.4,347.36,12.0,3D,2025-09-23 06:12:31-04:00,POINT (-81.011825 33.9856)
2025-09-22 22:34:23 UTC,sensor06,236497257,18.46,86.81,2025-09-23 10:12:32+00:00,33.985643,-81.01184,98.6,4.76,0.1,340.62,12.0,3D,2025-09-23 06:12:32-04:00,POINT (-81.01184 33.985643)
2025-09-22 22:34:28 UTC,sensor06,236497257,18.43,87.19,2025-09-23 10:12:41+00:00,33.98603,-81.012033,98.7,5.29,-0.1,328.81,12.0,3D,2025-09-23 06:12:41-04:00,POINT (-81.012033 33.98603)
2025-09-22 22:34:33 UTC,sensor06,236497257,18.37,87.29,2025-09-23 10:12:46+00:00,33.98624,-81.012157,97.9,5.65,-0.2,333.18,12.0,3D,2025-09-23 06:12:46-04:00,POINT (-81.012157 33.98624)
2025-09-22 22:34:38 UTC,sensor06,236497257,18.35,87.39,2025-09-23 10:12:51+00:00,33.98648,-81.012267,97.5,5.65,0.0,337.05,12.0,3D,2025-09-23 06:12:51-04:00,POINT (-81.012267 33.98648)
2025-09-22 22:34:44 UTC,sensor06,236497257,18.33,87.52,2025-09-23 10:12:56+00:00,33.986723,-81.012393,97.8,6.01,0.1,333.06,12.0,3D,2025-09-23 06:12:56-04:00,POINT (-81.012393 33.986723)
2025-09-22 22:34:49 UTC,sensor06,236497257,18.32,87.7,2025-09-23 10:13:01+00:00,33.986977,-81.0125,99.2,5.74,0.3,344.9,12.0,3D,2025-09-23 06:13:01-04:00,POINT (-81.0125 33.986977)
2025-09-22 22:34:54 UTC,sensor06,236497257,18.3,87.69,2025-09-23 10:13:06+00:00,33.98722,-81.012608,100.7,5.46,0.4,338.63,12.0,3D,2025-09-23 06:13:06-04:00,POINT (-81.012608 33.98722)
2025-09-22 22:34:59 UTC,sensor06,236497257,18.3,87.96,2025-09-23 10:13:11+00:00,33.98747,-81.012732,101.9,5.8,0.3,333.31,12.0,3D,2025-09-23 06:13:11-04:00,POINT (-81.012732 33.98747)
2025-09-22 22:35:04 UTC,sensor06,236497257,18.24,88.05,2025-09-23 10:13:16+00:00,33.987727,-81.01285,102.9,6.02,0.1,337.75,12.0,3D,2025-09-23 06:13:16-04:00,POINT (-81.01285 33.987727)
2025-09-22 22:35:09 UTC,sensor06,236497257,18.27,88.23,2025-09-23 10:13:21+00:00,33.987967,-81.012992,103.6,5.88,0.1,328.51,12.0,3D,2025-09-23 06:13:21-04:00,POINT (-81.012992 33.987967)
2025-09-22 22:35:14 UTC,sensor06,236497257,18.2,88.14,2025-09-23 10:13:26+00:00,33.988167,-81.013115,104.4,5.18,0.1,337.32,12.0,3D,2025-09-23 06:13:26-04:00,POINT (-81.013115 33.988167)
2025-09-22 22:35:19 UTC,sensor06,236497257,18.17,88.37,2025-09-23 10:13:31+00:00,33.988418,-81.013212,105.7,5.71,0.2,353.35,12.0,3D,2025-09-23 06:13:31-04:00,POINT (-81.013212 33.988418)
2025-09-22 22:35:24 UTC,sensor06,236497257,18.28,88.29,2025-09-23 10:13:36+00:00,33.988638,-81.013323,105.5,5.55,0.1,335.75,12.0,3D,2025-09-23 06:13:36-04:00,POINT (-81.013323 33.988638)
2025-09-22 22:35:29 UTC,sensor06,236497257,18.4,87.87,2025-09-23 10:13:41+00:00,33.988867,-81.013422,105.9,4.88,0.1,331.09,12.0,3D,2025-09-23 06:13:41-04:00,POINT (-81.013422 33.988867)
2025-09-22 22:35:34 UTC,sensor06,236497257,18.34,87.7,2025-09-23 10:13:46+00:00,33.98907,-81.013513,106.4,5.23,-0.1,339.08,12.0,3D,2025-09-23 06:13:46-04:00,POINT (-81.013513 33.98907)
2025-09-22 22:35:39 UTC,sensor06,236497257,18.32,88.03,2025-09-23 10:13:51+00:00,33.989268,-81.013603,104.8,5.06,-0.4,339.06,12.0,3D,2025-09-23 06:13:51-04:00,POINT (-81.013603 33.989268)
2025-09-22 22:35:44 UTC,sensor06,236497257,18.3,87.81,2025-09-23 10:13:57+00:00,33.989553,-81.013752,104.6,5.73,0.0,0.0,12.0,3D,2025-09-23 06:13:57-04:00,POINT (-81.013752 33.989553)
2025-09-22 22:35:49 UTC,sensor06,236497257,18.38,87.79,2025-09-23 10:14:02+00:00,33.98978,-81.013838,104.0,5.0,-0.1,0.0,12.0,3D,2025-09-23 06:14:02-04:00,POINT (-81.013838 33.98978)
2025-09-22 22:35:54 UTC,sensor06,236497257,18.33,87.77,2025-09-23 10:14:07+00:00,33.989968,-81.013915,103.2,3.81,-0.3,0.0,12.0,3D,2025-09-23 06:14:07-04:00,POINT (-81.013915 33.989968)
2025-09-22 22:35:59 UTC,sensor06,236497257,18.36,87.96,2025-09-23 10:14:12+00:00,33.990162,-81.014,102.1,5.01,-0.2,331.82,12.0,3D,2025-09-23 06:14:12-04:00,POINT (-81.014 33.990162)
2025-09-22 22:36:04 UTC,sensor06,236497257,18.27,87.95,2025-09-23 10:14:17+00:00,33.990363,-81.014065,102.4,4.67,0.2,330.39,12.0,3D,2025-09-23 06:14:17-04:00,POINT (-81.014065 33.990363)
2025-09-22 22:36:09 UTC,sensor06,236497257,18.28,88.34,2025-09-23 10:14:22+00:00,33.990567,-81.014145,103.5,5.2,0.1,340.34,12.0,3D,2025-09-23 06:14:22-04:00,POINT (-81.014145 33.990567)
2025-09-22 22:36:14 UTC,sensor06,236497257,18.27,88.38,2025-09-23 10:14:27+00:00,33.9908,-81.014227,104.2,5.46,-0.1,339.16,12.0,3D,2025-09-23 06:14:27-04:00,POINT (-81.014227 33.9908)
2025-09-22 22:36:19 UTC,sensor06,236497257,18.33,88.31,2025-09-23 10:14:32+00:00,33.991038,-81.014332,104.4,5.96,0.1,335.76,12.0,3D,2025-09-23 06:14:32-04:00,POINT (-81.014332 33.991038)
2025-09-22 22:36:24 UTC,sensor06,236497257,18.37,88.38,2025-09-23 10:14:37+00:00,33.991288,-81.014442,104.7,6.09,0.05,340.24,12.0,3D,2025-09-23 06:14:37-04:00,POINT (-81.014442 33.991288)
2025-09-22 22:36:29 UTC,sensor06,236497257,18.4,88.5,2025-09-23 10:14:42+00:00,33.991522,-81.014558,104.4,5.88,0.1,335.16,12.0,3D,2025-09-23 06:14:42-04:00,POINT (-81.014558 33.991522)
2025-09-22 22:36:34 UTC,sensor06,236497257,18.39,88.2,2025-09-23 10:14:47+00:00,33.991778,-81.014673,105.0,6.14,0.1,336.92,12.0,3D,2025-09-23 06:14:47-04:00,POINT (-81.014673 33.991778)
2025-09-22 22:36:40 UTC,sensor06,236497257,18.37,88.17,2025-09-23 10:14:52+00:00,33.991995,-81.014832,105.2,6.34,-0.1,335.59,12.0,3D,2025-09-23 06:14:52-04:00,POINT (-81.014832 33.991995)
2025-09-22 22:36:45 UTC,sensor06,236497257,18.4,88.15,2025-09-23 10:14:57+00:00,33.992287,-81.014933,105.9,6.74,0.1,330.2,12.0,3D,2025-09-23 06:14:57-04:00,POINT (-81.014933 33.992287)
2025-09-22 22:36:50 UTC,sensor06,236497257,18.4,88.09,2025-09-23 10:15:02+00:00,33.992553,-81.015053,106.4,5.93,0.1,334.93,12.0,3D,2025-09-23 06:15:02-04:00,POINT (-81.015053 33.992553)
2025-09-22 22:36:55 UTC,sensor06,236497257,18.42,87.96,2025-09-23 10:15:07+00:00,33.992805,-81.015238,106.5,6.32,-0.1,328.64,12.0,3D,2025-09-23 06:15:07-04:00,POINT (-81.015238 33.992805)
2025-09-22 22:37:00 UTC,sensor06,236497257,18.34,87.81,2025-09-23 10:15:12+00:00,33.99297,-81.015458,105.1,5.27,-0.2,330.66,12.0,3D,2025-09-23 06:15:12-04:00,POINT (-81.015458 33.99297)
2025-09-22 22:37:05 UTC,sensor06,236497257,18.34,87.95,2025-09-23 10:15:17+00:00,33.993187,-81.015688,104.3,5.81,-0.1,324.1,12.0,3D,2025-09-23 06:15:17-04:00,POINT (-81.015688 33.993187)
2025-09-22 22:37:10 UTC,sensor06,236497257,18.32,87.96,2025-09-23 10:15:22+00:00,33.993417,-81.015888,103.5,6.66,0.0,316.06,12.0,3D,2025-09-23 06:15:22-04:00,POINT (-81.015888 33.993417)
2025-09-22 22:37:15 UTC,sensor06,236497257,18.42,88.0,2025-09-23 10:15:27+00:00,33.993618,-81.016112,101.5,5.83,-0.3,324.3,12.0,3D,2025-09-23 06:15:27-04:00,POINT (-81.016112 33.993618)
2025-09-22 22:37:20 UTC,sensor06,236497257,18.47,87.82,2025-09-23 10:15:32+00:00,33.99384,-81.01632,99.9,5.85,-0.4,326.12,12.0,3D,2025-09-23 06:15:32-04:00,POINT (-81.01632 33.99384)
2025-09-22 22:37:25 UTC,sensor06,236497257,18.41,87.68,2025-09-23 10:15:37+00:00,33.994072,-81.016483,98.6,5.43,-0.1,326.04,12.0,3D,2025-09-23 06:15:37-04:00,POINT (-81.016483 33.994072)
2025-09-22 22:37:30 UTC,sensor06,236497257,18.48,87.72,2025-09-23 10:15:42+00:00,33.99429,-81.016668,97.0,6.13,-0.3,318.99,12.0,3D,2025-09-23 06:15:42-04:00,POINT (-81.016668 33.99429)
2025-09-22 22:37:35 UTC,sensor06,236497257,18.58,87.46,2025-09-23 10:15:47+00:00,33.994488,-81.016857,95.8,5.71,-0.2,316.69,12.0,3D,2025-09-23 06:15:47-04:00,POINT (-81.016857 33.994488)
2025-09-22 22:37:40 UTC,sensor06,236497257,18.57,87.17,2025-09-23 10:15:52+00:00,33.994705,-81.01705,94.9,6.45,-0.3,322.27,12.0,3D,2025-09-23 06:15:52-04:00,POINT (-81.01705 33.994705)
2025-09-22 22:37:45 UTC,sensor06,236497257,18.55,87.2,2025-09-23 10:15:58+00:00,33.99501,-81.017333,93.0,7.63,-0.5,0.0,12.0,3D,2025-09-23 06:15:58-04:00,POINT (-81.017333 33.99501)
2025-09-22 22:37:50 UTC,sensor06,236497257,18.6,87.14,2025-09-23 10:16:03+00:00,33.995215,-81.017615,89.8,6.29,-0.6,0.0,12.0,3D,2025-09-23 06:16:03-04:00,POINT (-81.017615 33.995215)
2025-09-22 22:37:55 UTC,sensor06,236497257,18.54,87.16,2025-09-23 10:16:08+00:00,33.995435,-81.017877,87.2,7.11,-0.6,0.0,12.0,3D,2025-09-23 06:16:08-04:00,POINT (-81.017877 33.995435)
2025-09-22 22:38:00 UTC,sensor06,236497257,18.47,87.33,2025-09-23 10:16:13+00:00,33.995688,-81.018092,84.5,6.75,-0.5,332.15,12.0,3D,2025-09-23 06:16:13-04:00,POINT (-81.018092 33.995688)
2025-09-22 22:38:05 UTC,sensor06,236497257,18.49,87.52,2025-09-23 10:16:18+00:00,33.99598,-81.018228,81.6,6.72,-0.6,341.53,12.0,3D,2025-09-23 06:16:18-04:00,POINT (-81.018228 33.99598)
2025-09-22 22:38:10 UTC,sensor06,236497257,18.49,87.62,2025-09-23 10:16:23+00:00,33.996278,-81.018337,79.7,6.65,-0.4,343.72,12.0,3D,2025-09-23 06:16:23-04:00,POINT (-81.018337 33.996278)
2025-09-22 22:38:15 UTC,sensor06,236497257,18.51,87.65,2025-09-23 10:16:28+00:00,33.996575,-81.018363,78.4,6.71,-0.3,4.36,12.0,3D,2025-09-23 06:16:28-04:00,POINT (-81.018363 33.996575)
2025-09-22 22:38:20 UTC,sensor06,236497257,18.42,87.81,2025-09-23 10:16:33+00:00,33.996883,-81.018257,77.1,6.3,-0.3,17.49,12.0,3D,2025-09-23 06:16:33-04:00,POINT (-81.018257 33.996883)
2025-09-22 22:38:25 UTC,sensor06,236497257,18.44,87.97,2025-09-23 10:16:38+00:00,33.997117,-81.018073,76.4,5.37,-0.2,26.25,12.0,3D,2025-09-23 06:16:38-04:00,POINT (-81.018073 33.997117)
2025-09-22 22:38:30 UTC,sensor06,236497257,18.43,88.15,2025-09-23 10:16:43+00:00,33.99735,-81.017947,75.6,5.58,-0.2,19.2,12.0,3D,2025-09-23 06:16:43-04:00,POINT (-81.017947 33.99735)
2025-09-22 22:38:35 UTC,sensor06,236497257,18.42,88.01,2025-09-23 10:16:44+00:00,33.997388,-81.017918,75.3,5.02,-0.3,29.11,12.0,3D,2025-09-23 06:16:44-04:00,POINT (-81.017918 33.997388)
2025-09-22 22:38:41 UTC,sensor06,236497257,18.41,88.13,2025-09-23 10:16:53+00:00,33.997792,-81.017727,74.5,4.67,0.0,24.85,12.0,3D,2025-09-23 06:16:53-04:00,POINT (-81.017727 33.997792)
2025-09-22 22:39:06 UTC,sensor06,236497257,18.67,88.07,2025-09-23 10:17:18+00:00,33.998092,-81.0176,73.1,4.46,0.1,17.53,12.0,3D,2025-09-23 06:17:18-04:00,POINT (-81.0176 33.998092)
2025-09-22 22:39:11 UTC,sensor06,236497257,18.89,87.21,2025-09-23 10:17:23+00:00,33.998247,-81.017503,73.7,3.81,0.2,20.71,12.0,3D,2025-09-23 06:17:23-04:00,POINT (-81.017503 33.998247)
2025-09-22 22:39:16 UTC,sensor06,236497257,19.03,86.37,2025-09-23 10:17:28+00:00,33.998445,-81.017377,74.1,5.3,0.1,20.81,12.0,3D,2025-09-23 06:17:28-04:00,POINT (-81.017377 33.998445)
2025-09-22 22:39:21 UTC,sensor06,236497257,18.97,85.9,2025-09-23 10:17:33+00:00,33.998667,-81.017273,75.0,5.37,0.2,16.53,12.0,3D,2025-09-23 06:17:33-04:00,POINT (-81.017273 33.998667)
2025-09-22 22:39:26 UTC,sensor06,236497257,18.88,85.86,2025-09-23 10:17:38+00:00,33.998937,-81.017185,76.7,5.56,0.2,20.72,12.0,3D,2025-09-23 06:17:38-04:00,POINT (-81.017185 33.998937)
2025-09-22 22:39:31 UTC,sensor06,236497257,18.93,85.92,2025-09-23 10:17:43+00:00,33.999135,-81.017068,78.0,4.99,0.3,18.31,12.0,3D,2025-09-23 06:17:43-04:00,POINT (-81.017068 33.999135)
2025-09-22 22:39:36 UTC,sensor06,236497257,18.93,85.87,2025-09-23 10:17:48+00:00,33.999368,-81.016985,82.1,3.99,1.1,32.23,12.0,3D,2025-09-23 06:17:48-04:00,POINT (-81.016985 33.999368)
2025-09-22 22:39:41 UTC,sensor06,236497257,18.94,85.99,2025-09-23 10:17:53+00:00,33.999565,-81.016893,87.9,3.05,1.2,70.69,12.0,3D,2025-09-23 06:17:53-04:00,POINT (-81.016893 33.999565)
2025-09-22 22:39:46 UTC,sensor06,236497257,18.9,86.03,2025-09-23 10:17:59+00:00,33.999802,-81.0169,91.5,5.54,0.5,0.0,12.0,3D,2025-09-23 06:17:59-04:00,POINT (-81.0169 33.999802)
2025-09-22 22:39:51 UTC,sensor06,236497257,18.88,86.1,2025-09-23 10:18:04+00:00,34.000008,-81.016988,92.5,4.7,0.2,0.0,12.0,3D,2025-09-23 06:18:04-04:00,POINT (-81.016988 34.000008)
2025-09-22 22:39:56 UTC,sensor06,236497257,18.9,85.95,2025-09-23 10:18:09+00:00,34.000078,-81.017143,91.7,3.56,0.2,0.0,12.0,3D,2025-09-23 06:18:09-04:00,POINT (-81.017143 34.000078)
2025-09-22 22:40:01 UTC,sensor06,236497257,18.98,85.78,2025-09-23 10:18:14+00:00,34.000022,-81.017392,93.6,5.0,0.4,0.0,12.0,3D,2025-09-23 06:18:14-04:00,POINT (-81.017392 34.000022)
2025-09-22 22:40:06 UTC,sensor06,236497257,19.02,85.59,2025-09-23 10:18:19+00:00,33.999988,-81.017695,93.5,5.05,0.2,0.0,4.0,3D,2025-09-23 06:18:19-04:00,POINT (-81.017695 33.999988)
2025-09-22 22:40:11 UTC,sensor06,236497257,19.03,85.49,2025-09-23 10:18:24+00:00,33.99992,-81.01794,95.0,4.69,0.3,0.0,8.0,3D,2025-09-23 06:18:24-04:00,POINT (-81.01794 33.99992)
2025-09-22 22:40:16 UTC,sensor06,236497257,19.04,85.49,2025-09-23 10:18:29+00:00,33.99983,-81.01817,96.9,4.91,0.3,0.0,8.0,3D,2025-09-23 06:18:29-04:00,POINT (-81.01817 33.99983)
2025-09-22 22:40:21 UTC,sensor06,236497257,19.03,85.44,2025-09-23 10:18:33+00:00,33.99978,-81.01836,97.8,4.81,0.3,249.84,12.0,3D,2025-09-23 06:18:33-04:00,POINT (-81.01836 33.99978)
2025-09-22 22:40:26 UTC,sensor06,236497257,18.99,85.49,2025-09-23 10:18:39+00:00,33.999705,-81.018642,100.0,4.41,0.3,0.0,12.0,3D,2025-09-23 06:18:39-04:00,POINT (-81.018642 33.999705)
2025-09-22 22:40:31 UTC,sensor06,236497257,19.04,85.69,2025-09-23 10:18:44+00:00,33.999622,-81.018872,98.5,5.99,-0.1,248.46,12.0,3D,2025-09-23 06:18:44-04:00,POINT (-81.018872 33.999622)
2025-09-22 22:40:36 UTC,sensor06,236497257,19.05,85.96,2025-09-23 10:18:49+00:00,33.999498,-81.019168,96.8,6.51,-0.3,249.54,12.0,3D,2025-09-23 06:18:49-04:00,POINT (-81.019168 33.999498)
2025-09-22 22:40:41 UTC,sensor06,236497257,19.08,85.93,2025-09-23 10:18:54+00:00,33.999383,-81.019507,96.8,7.57,0.1,245.61,12.0,3D,2025-09-23 06:18:54-04:00,POINT (-81.019507 33.999383)
2025-09-22 22:40:47 UTC,sensor06,236497257,19.16,85.59,2025-09-23 10:18:59+00:00,33.999272,-81.01987,97.7,6.89,0.2,244.6,12.0,3D,2025-09-23 06:18:59-04:00,POINT (-81.01987 33.999272)
2025-09-22 22:40:52 UTC,sensor06,236497257,19.19,85.37,2025-09-23 10:19:04+00:00,33.999143,-81.020262,99.1,7.96,0.0,241.52,12.0,3D,2025-09-23 06:19:04-04:00,POINT (-81.020262 33.999143)
2025-09-22 22:40:57 UTC,sensor06,236497257,19.18,85.16,2025-09-23 10:19:09+00:00,33.999023,-81.020633,99.4,7.49,0.0,247.86,12.0,3D,2025-09-23 06:19:09-04:00,POINT (-81.020633 33.999023)
2025-09-22 22:41:02 UTC,sensor06,236497257,19.25,84.99,2025-09-23 10:19:14+00:00,33.998905,-81.021027,99.4,7.46,0.0,249.07,12.0,3D,2025-09-23 06:19:14-04:00,POINT (-81.021027 33.998905)
2025-09-22 22:41:07 UTC,sensor06,236497257,19.31,84.92,2025-09-23 10:19:19+00:00,33.998795,-81.021393,99.9,7.53,0.0,250.26,12.0,3D,2025-09-23 06:19:19-04:00,POINT (-81.021393 33.998795)
2025-09-22 22:41:12 UTC,sensor06,236497257,19.33,84.78,2025-09-23 10:19:24+00:00,33.998678,-81.021757,99.4,7.5,0.0,250.94,12.0,3D,2025-09-23 06:19:24-04:00,POINT (-81.021757 33.998678)
2025-09-22 22:41:17 UTC,sensor06,236497257,19.34,84.44,2025-09-23 10:19:29+00:00,33.998573,-81.022135,99.6,7.28,0.4,253.31,12.0,3D,2025-09-23 06:19:29-04:00,POINT (-81.022135 33.998573)
2025-09-22 22:41:22 UTC,sensor06,236497257,19.3,84.51,2025-09-23 10:19:34+00:00,33.998485,-81.02253,100.9,7.16,0.1,250.18,12.0,3D,2025-09-23 06:19:34-04:00,POINT (-81.02253 33.998485)
2025-09-22 22:41:27 UTC,sensor06,236497257,19.35,84.48,2025-09-23 10:19:39+00:00,33.998382,-81.022878,102.3,7.54,0.1,250.42,12.0,3D,2025-09-23 06:19:39-04:00,POINT (-81.022878 33.998382)
2025-09-22 22:41:32 UTC,sensor06,236497257,19.45,84.34,2025-09-23 10:19:44+00:00,33.998277,-81.023203,103.0,5.79,0.0,249.51,12.0,3D,2025-09-23 06:19:44-04:00,POINT (-81.023203 33.998277)
2025-09-22 22:41:37 UTC,sensor06,236497257,19.45,84.25,2025-09-23 10:19:49+00:00,33.998203,-81.023548,103.9,6.14,-0.3,255.83,12.0,3D,2025-09-23 06:19:49-04:00,POINT (-81.023548 33.998203)
2025-09-22 22:41:42 UTC,sensor06,236497257,19.5,84.14,2025-09-23 10:19:54+00:00,33.998135,-81.023888,105.3,5.64,0.3,255.65,12.0,3D,2025-09-23 06:19:54-04:00,POINT (-81.023888 33.998135)
2025-09-22 22:41:47 UTC,sensor06,236497257,19.48,84.1,2025-09-23 10:20:00+00:00,33.998042,-81.024273,107.1,6.53,0.5,0.0,12.0,3D,2025-09-23 06:20:00-04:00,POINT (-81.024273 33.998042)
2025-09-22 22:41:52 UTC,sensor06,236497257,19.58,83.92,2025-09-23 10:20:05+00:00,33.997927,-81.024595,107.7,6.97,-0.2,0.0,12.0,3D,2025-09-23 06:20:05-04:00,POINT (-81.024595 33.997927)
2025-09-22 22:41:57 UTC,sensor06,236497257,19.68,83.53,2025-09-23 10:20:10+00:00,33.997852,-81.024873,108.3,4.99,-0.1,0.0,12.0,3D,2025-09-23 06:20:10-04:00,POINT (-81.024873 33.997852)
2025-09-22 22:42:02 UTC,sensor06,236497257,19.69,83.21,2025-09-23 10:20:15+00:00,33.997863,-81.025147,109.8,3.79,0.8,262.45,12.0,3D,2025-09-23 06:20:15-04:00,POINT (-81.025147 33.997863)
2025-09-22 22:42:07 UTC,sensor06,236497257,19.54,83.69,2025-09-23 10:20:20+00:00,33.997818,-81.025387,111.5,3.99,0.4,241.34,12.0,3D,2025-09-23 06:20:20-04:00,POINT (-81.025387 33.997818)
2025-09-22 22:42:12 UTC,sensor06,236497257,19.45,83.98,2025-09-23 10:20:25+00:00,33.997755,-81.025625,113.2,4.2,0.3,255.76,12.0,3D,2025-09-23 06:20:25-04:00,POINT (-81.025625 33.997755)
2025-09-22 22:42:17 UTC,sensor06,236497257,19.38,84.11,2025-09-23 10:20:30+00:00,33.997645,-81.02575,115.7,3.67,0.8,254.44,12.0,3D,2025-09-23 06:20:30-04:00,POINT (-81.02575 33.997645)
2025-09-22 22:42:22 UTC,sensor06,236497257,19.37,84.24,2025-09-23 10:20:34+00:00,33.997558,-81.025897,118.5,4.14,0.6,252.46,12.0,3D,2025-09-23 06:20:34-04:00,POINT (-81.025897 33.997558)
2025-09-22 22:42:27 UTC,sensor06,236497257,19.39,84.16,2025-09-23 10:20:34+00:00,33.997558,-81.025897,118.5,4.14,0.6,252.46,12.0,3D,2025-09-23 06:20:34-04:00,POINT (-81.025897 33.997558)
2025-09-22 22:42:32 UTC,sensor06,236497257,19.34,84.17,2025-09-23 10:20:45+00:00,33.997507,-81.026427,125.8,3.92,0.1,290.1,12.0,3D,2025-09-23 06:20:45-04:00,POINT (-81.026427 33.997507)
2025-09-22 22:42:37 UTC,sensor06,236497257,19.26,84.69,2025-09-23 10:20:50+00:00,33.997492,-81.026618,125.0,4.57,-0.2,262.13,12.0,3D,2025-09-23 06:20:50-04:00,POINT (-81.026618 33.997492)
2025-09-22 22:42:43 UTC,sensor06,236497257,19.29,85.29,2025-09-23 10:20:55+00:00,33.997392,-81.026818,126.5,4.01,0.3,235.46,12.0,3D,2025-09-23 06:20:55-04:00,POINT (-81.026818 33.997392)
2025-09-22 22:42:48 UTC,sensor06,236497257,19.31,85.16,2025-09-23 10:21:00+00:00,33.99726,-81.027005,127.9,4.46,0.2,242.88,12.0,3D,2025-09-23 06:21:00-04:00,POINT (-81.027005 33.99726)
2025-09-22 22:42:53 UTC,sensor06,236497257,19.41,84.9,2025-09-23 10:21:05+00:00,33.997122,-81.027193,127.8,5.05,-0.3,250.19,12.0,3D,2025-09-23 06:21:05-04:00,POINT (-81.027193 33.997122)
2025-09-22 22:42:58 UTC,sensor06,236497257,19.56,84.32,2025-09-23 10:21:10+00:00,33.997035,-81.027462,127.7,5.06,0.0,245.64,12.0,3D,2025-09-23 06:21:10-04:00,POINT (-81.027462 33.997035)
2025-09-22 22:43:03 UTC,sensor06,236497257,19.62,84.53,2025-09-23 10:21:15+00:00,33.996955,-81.027782,128.0,5.93,0.1,250.27,12.0,3D,2025-09-23 06:21:15-04:00,POINT (-81.027782 33.996955)
2025-09-22 22:43:08 UTC,sensor06,236497257,19.71,84.16,2025-09-23 10:21:20+00:00,33.996878,-81.028135,126.9,6.41,-0.4,253.8,12.0,3D,2025-09-23 06:21:20-04:00,POINT (-81.028135 33.996878)
2025-09-22 22:43:13 UTC,sensor06,236497257,19.67,83.96,2025-09-23 10:21:25+00:00,33.996743,-81.02845,126.0,5.74,-0.1,244.17,12.0,3D,2025-09-23 06:21:25-04:00,POINT (-81.02845 33.996743)
2025-09-22 22:43:18 UTC,sensor06,236497257,19.63,83.67,2025-09-23 10:21:30+00:00,33.996678,-81.028667,125.0,4.67,-0.2,251.93,12.0,3D,2025-09-23 06:21:30-04:00,POINT (-81.028667 33.996678)
2025-09-22 22:43:23 UTC,sensor06,236497257,19.65,83.74,2025-09-23 10:21:35+00:00,33.996608,-81.028895,123.3,4.63,-0.5,236.95,12.0,3D,2025-09-23 06:21:35-04:00,POINT (-81.028895 33.996608)
2025-09-22 22:43:28 UTC,sensor06,236497257,19.67,83.61,2025-09-23 10:21:40+00:00,33.996477,-81.029122,122.1,4.23,-0.3,244.54,12.0,3D,2025-09-23 06:21:40-04:00,POINT (-81.029122 33.996477)
2025-09-22 22:43:33 UTC,sensor06,236497257,19.69,83.7,2025-09-23 10:21:45+00:00,33.99639,-81.02942,121.7,5.12,-0.1,250.77,12.0,3D,2025-09-23 06:21:45-04:00,POINT (-81.02942 33.99639)
2025-09-22 22:43:38 UTC,sensor06,236497257,19.64,83.64,2025-09-23 10:21:50+00:00,33.996463,-81.02959,121.0,3.58,-0.1,353.08,12.0,3D,2025-09-23 06:21:50-04:00,POINT (-81.02959 33.996463)
2025-09-22 22:43:43 UTC,sensor06,236497257,19.65,83.73,2025-09-23 10:21:56+00:00,33.996778,-81.029725,119.9,6.81,-0.2,0.0,12.0,3D,2025-09-23 06:21:56-04:00,POINT (-81.029725 33.996778)
2025-09-22 22:43:48 UTC,sensor06,236497257,19.6,83.63,2025-09-23 10:22:01+00:00,33.997052,-81.029867,118.4,6.35,-0.5,0.0,12.0,3D,2025-09-23 06:22:01-04:00,POINT (-81.029867 33.997052)
2025-09-22 22:43:53 UTC,sensor06,236497257,19.55,83.65,2025-09-23 10:22:06+00:00,33.997362,-81.030013,115.6,6.64,-0.8,0.0,12.0,3D,2025-09-23 06:22:06-04:00,POINT (-81.030013 33.997362)
2025-09-22 22:43:58 UTC,sensor06,236497257,19.55,83.94,2025-09-23 10:22:11+00:00,33.99771,-81.030167,113.2,8.02,-0.3,335.66,12.0,3D,2025-09-23 06:22:11-04:00,POINT (-81.030167 33.99771)
2025-09-22 22:44:03 UTC,sensor06,236497257,19.62,83.72,2025-09-23 10:22:16+00:00,33.99802,-81.030318,111.5,6.53,-0.4,339.34,12.0,3D,2025-09-23 06:22:16-04:00,POINT (-81.030318 33.99802)
2025-09-22 22:44:08 UTC,sensor06,236497257,19.78,83.43,2025-09-23 10:22:21+00:00,33.998347,-81.030412,111.1,7.27,-0.1,336.48,12.0,3D,2025-09-23 06:22:21-04:00,POINT (-81.030412 33.998347)
2025-09-22 22:44:13 UTC,sensor06,236497257,19.99,82.13,2025-09-23 10:22:26+00:00,33.998635,-81.030563,110.3,6.36,-0.4,336.27,12.0,3D,2025-09-23 06:22:26-04:00,POINT (-81.030563 33.998635)
2025-09-22 22:44:18 UTC,sensor06,236497257,20.01,81.29,2025-09-23 10:22:31+00:00,33.998837,-81.030678,108.6,2.91,-0.2,357.83,12.0,3D,2025-09-23 06:22:31-04:00,POINT (-81.030678 33.998837)
2025-09-22 22:44:38 UTC,sensor06,236497257,20.01,81.15,2025-09-23 10:22:51+00:00,33.998995,-81.030795,106.7,2.54,-0.1,347.6,12.0,3D,2025-09-23 06:22:51-04:00,POINT (-81.030795 33.998995)
2025-09-22 22:44:43 UTC,sensor06,236497257,20.07,81.24,2025-09-23 10:22:56+00:00,33.999205,-81.030878,106.2,4.15,-0.1,338.55,12.0,3D,2025-09-23 06:22:56-04:00,POINT (-81.030878 33.999205)
2025-09-22 22:44:49 UTC,sensor06,236497257,20.16,81.07,2025-09-23 10:23:01+00:00,33.999483,-81.03097,106.2,5.92,0.0,339.41,12.0,3D,2025-09-23 06:23:01-04:00,POINT (-81.03097 33.999483)
2025-09-22 22:44:54 UTC,sensor06,236497257,20.24,80.75,2025-09-23 10:23:06+00:00,33.999753,-81.031095,106.9,5.4,0.3,338.06,12.0,3D,2025-09-23 06:23:06-04:00,POINT (-81.031095 33.999753)
2025-09-22 22:44:59 UTC,sensor06,236497257,20.17,80.88,2025-09-23 10:23:11+00:00,34.000013,-81.031213,107.3,5.93,0.2,341.46,12.0,3D,2025-09-23 06:23:11-04:00,POINT (-81.031213 34.000013)
2025-09-22 22:45:04 UTC,sensor06,236497257,20.16,80.98,2025-09-23 10:23:16+00:00,34.000275,-81.031333,108.3,6.1,0.3,337.28,12.0,3D,2025-09-23 06:23:16-04:00,POINT (-81.031333 34.000275)
2025-09-22 22:45:09 UTC,sensor06,236497257,20.05,81.62,2025-09-23 10:23:21+00:00,34.000433,-81.031528,108.0,5.08,0.0,295.56,12.0,3D,2025-09-23 06:23:21-04:00,POINT (-81.031528 34.000433)
2025-09-22 22:45:24 UTC,sensor06,236497257,19.94,82.87,2025-09-23 10:23:36+00:00,34.000428,-81.031807,108.8,2.53,0.4,265.08,12.0,3D,2025-09-23 06:23:36-04:00,POINT (-81.031807 34.000428)
2025-09-22 22:45:29 UTC,sensor06,236497257,19.9,82.49,2025-09-23 10:23:41+00:00,34.000507,-81.031948,109.1,2.57,0.1,305.43,12.0,3D,2025-09-23 06:23:41-04:00,POINT (-81.031948 34.000507)
2025-09-22 22:45:34 UTC,sensor06,236497257,19.86,82.26,2025-09-23 10:23:46+00:00,34.000603,-81.032072,109.4,2.58,0.1,310.28,12.0,3D,2025-09-23 06:23:46-04:00,POINT (-81.032072 34.000603)
2025-09-22 22:45:39 UTC,sensor06,236497257,19.81,81.97,2025-09-23 10:23:51+00:00,34.00061,-81.032273,110.9,3.59,0.5,246.85,12.0,3D,2025-09-23 06:23:51-04:00,POINT (-81.032273 34.00061)
2025-09-22 22:45:44 UTC,sensor06,236497257,19.79,82.11,2025-09-23 10:23:56+00:00,34.000428,-81.032388,108.4,3.75,0.0,211.55,12.0,3D,2025-09-23 06:23:56-04:00,POINT (-81.032388 34.000428)
2025-09-22 22:45:49 UTC,sensor06,236497257,19.81,82.18,2025-09-23 10:24:02+00:00,34.000468,-81.032593,108.4,4.04,0.1,0.0,12.0,3D,2025-09-23 06:24:02-04:00,POINT (-81.032593 34.000468)
2025-09-22 22:45:54 UTC,sensor06,236497257,19.81,82.14,2025-09-23 10:24:07+00:00,34.000635,-81.032705,108.8,4.91,0.1,0.0,12.0,3D,2025-09-23 06:24:07-04:00,POINT (-81.032705 34.000635)
2025-09-22 22:45:59 UTC,sensor06,236497257,19.85,82.04,2025-09-23 10:24:12+00:00,34.00082,-81.032833,108.6,4.81,-0.1,0.0,12.0,3D,2025-09-23 06:24:12-04:00,POINT (-81.032833 34.00082)
2025-09-22 22:46:04 UTC,sensor06,236497257,19.91,81.54,2025-09-23 10:24:17+00:00,34.000877,-81.033047,108.4,4.48,0.0,0.0,12.0,3D,2025-09-23 06:24:17-04:00,POINT (-81.033047 34.000877)
2025-09-22 22:46:09 UTC,sensor06,236497257,19.95,81.54,2025-09-23 10:24:22+00:00,34.000823,-81.0333,108.3,5.27,0.1,250.16,12.0,3D,2025-09-23 06:24:22-04:00,POINT (-81.0333 34.000823)
2025-09-22 22:46:14 UTC,sensor06,236497257,20.02,81.25,2025-09-23 10:24:27+00:00,34.000722,-81.03354,107.4,4.69,-0.2,239.99,12.0,3D,2025-09-23 06:24:27-04:00,POINT (-81.03354 34.000722)
2025-09-22 22:46:19 UTC,sensor06,236497257,19.99,81.73,2025-09-23 10:24:32+00:00,34.00057,-81.033715,107.0,4.62,0.1,220.16,12.0,3D,2025-09-23 06:24:32-04:00,POINT (-81.033715 34.00057)
2025-09-22 22:46:24 UTC,sensor06,236497257,19.91,81.75,2025-09-23 10:24:36+00:00,34.000422,-81.033798,106.5,4.28,-0.2,200.71,12.0,3D,2025-09-23 06:24:36-04:00,POINT (-81.033798 34.000422)
2025-09-22 22:46:29 UTC,sensor06,236497257,19.95,81.54,2025-09-23 10:24:36+00:00,34.000422,-81.033798,106.5,4.28,-0.2,200.71,12.0,3D,2025-09-23 06:24:36-04:00,POINT (-81.033798 34.000422)
2025-09-22 22:46:34 UTC,sensor06,236497257,19.92,81.68,2025-09-23 10:24:47+00:00,34.000137,-81.03365,106.3,2.8,0.5,140.43,12.0,3D,2025-09-23 06:24:47-04:00,POINT (-81.03365 34.000137)
2025-09-22 22:46:39 UTC,sensor06,236497257,19.85,81.74,2025-09-23 10:24:52+00:00,34.00002,-81.033473,106.1,3.44,0.0,107.42,12.0,3D,2025-09-23 06:24:52-04:00,POINT (-81.033473 34.00002)
2025-09-22 22:46:44 UTC,sensor06,236497257,19.9,82.03,2025-09-23 10:24:57+00:00,33.999885,-81.033173,106.6,5.03,0.5,107.72,12.0,3D,2025-09-23 06:24:57-04:00,POINT (-81.033173 33.999885)
2025-09-22 22:46:50 UTC,sensor06,236497257,19.97,81.83,2025-09-23 10:25:02+00:00,33.999745,-81.033022,104.6,5.02,-1.0,132.27,12.0,3D,2025-09-23 06:25:02-04:00,POINT (-81.033022 33.999745)
2025-09-22 22:46:55 UTC,sensor06,236497257,20.06,81.47,2025-09-23 10:25:07+00:00,33.999508,-81.032823,100.6,4.57,-0.6,153.62,12.0,3D,2025-09-23 06:25:07-04:00,POINT (-81.032823 33.999508)
2025-09-22 22:47:00 UTC,sensor06,236497257,20.1,81.08,2025-09-23 10:25:12+00:00,33.999298,-81.032683,99.1,5.18,-0.2,155.64,12.0,3D,2025-09-23 06:25:12-04:00,POINT (-81.032683 33.999298)
2025-09-22 22:47:05 UTC,sensor06,236497257,20.12,81.01,2025-09-23 10:25:17+00:00,33.999062,-81.032602,98.1,5.3,-0.3,154.83,12.0,3D,2025-09-23 06:25:17-04:00,POINT (-81.032602 33.999062)
2025-09-22 22:47:10 UTC,sensor06,236497257,20.13,81.34,2025-09-23 10:25:22+00:00,33.998845,-81.032465,95.3,4.4,-0.3,158.17,12.0,3D,2025-09-23 06:25:22-04:00,POINT (-81.032465 33.998845)
2025-09-22 22:47:15 UTC,sensor06,236497257,20.15,81.21,2025-09-23 10:25:27+00:00,33.998638,-81.032375,93.8,4.72,-0.6,159.02,12.0,3D,2025-09-23 06:25:27-04:00,POINT (-81.032375 33.998638)
2025-09-22 22:47:25 UTC,sensor06,236497257,20.26,80.47,2025-09-23 10:25:37+00:00,33.998412,-81.032268,93.2,3.5,0.1,140.12,12.0,3D,2025-09-23 06:25:37-04:00,POINT (-81.032268 33.998412)
2025-09-22 22:47:30 UTC,sensor06,236497257,20.33,80.04,2025-09-23 10:25:42+00:00,33.998293,-81.032137,93.5,4.09,0.1,149.56,12.0,3D,2025-09-23 06:25:42-04:00,POINT (-81.032137 33.998293)
2025-09-22 22:47:35 UTC,sensor06,236497257,20.36,79.69,2025-09-23 10:25:47+00:00,33.998078,-81.032057,93.9,5.61,-0.1,156.09,12.0,3D,2025-09-23 06:25:47-04:00,POINT (-81.032057 33.998078)
2025-09-22 22:47:40 UTC,sensor06,236497257,20.44,79.41,2025-09-23 10:25:52+00:00,33.99779,-81.031982,94.6,7.06,0.3,160.56,12.0,3D,2025-09-23 06:25:52-04:00,POINT (-81.031982 33.99779)
2025-09-22 22:47:45 UTC,sensor06,236497257,20.5,79.1,2025-09-23 10:25:57+00:00,33.997487,-81.031847,95.6,6.9,-0.1,156.65,12.0,3D,2025-09-23 06:25:57-04:00,POINT (-81.031847 33.997487)
2025-09-22 22:47:50 UTC,sensor06,236497257,20.56,78.82,2025-09-23 10:26:02+00:00,33.997173,-81.031712,95.2,7.3,-0.1,161.07,12.0,3D,2025-09-23 06:26:02-04:00,POINT (-81.031712 33.997173)
2025-09-22 22:47:55 UTC,sensor06,236497257,20.6,78.73,2025-09-23 10:26:08+00:00,33.996818,-81.031563,93.7,6.82,-0.3,0.0,12.0,3D,2025-09-23 06:26:08-04:00,POINT (-81.031563 33.996818)
2025-09-22 22:48:00 UTC,sensor06,236497257,20.52,78.96,2025-09-23 10:26:13+00:00,33.996563,-81.031443,91.3,5.67,-0.4,0.0,12.0,3D,2025-09-23 06:26:13-04:00,POINT (-81.031443 33.996563)
2025-09-22 22:48:05 UTC,sensor06,236497257,20.44,79.27,2025-09-23 10:26:18+00:00,33.996328,-81.031345,90.6,4.92,-0.8,0.0,12.0,3D,2025-09-23 06:26:18-04:00,POINT (-81.031345 33.996328)
2025-09-22 22:48:10 UTC,sensor06,236497257,20.39,79.6,2025-09-23 10:26:23+00:00,33.99612,-81.031253,90.5,4.53,-0.1,159.94,12.0,3D,2025-09-23 06:26:23-04:00,POINT (-81.031253 33.99612)
2025-09-22 22:48:15 UTC,sensor06,236497257,20.41,79.56,2025-09-23 10:26:28+00:00,33.995933,-81.03118,90.9,3.96,0.3,160.36,12.0,3D,2025-09-23 06:26:28-04:00,POINT (-81.03118 33.995933)
2025-09-22 22:48:20 UTC,sensor06,236497257,20.48,79.63,2025-09-23 10:26:33+00:00,33.995762,-81.03112,89.4,4.09,-0.4,160.63,12.0,3D,2025-09-23 06:26:33-04:00,POINT (-81.03112 33.995762)
2025-09-22 22:48:25 UTC,sensor06,236497257,20.44,79.39,2025-09-23 10:26:37+00:00,33.995613,-81.031038,89.3,4.67,0.2,156.63,12.0,3D,2025-09-23 06:26:37-04:00,POINT (-81.031038 33.995613)
2025-09-22 22:48:30 UTC,sensor06,236497257,20.5,79.2,2025-09-23 10:26:37+00:00,33.995613,-81.031038,89.3,4.67,0.2,156.63,12.0,3D,2025-09-23 06:26:37-04:00,POINT (-81.031038 33.995613)
2025-09-22 22:48:35 UTC,sensor06,236497257,20.53,79.08,2025-09-23 10:26:48+00:00,33.99508,-81.030785,89.2,6.96,0.1,161.55,12.0,3D,2025-09-23 06:26:48-04:00,POINT (-81.030785 33.99508)
2025-09-22 22:48:40 UTC,sensor06,236497257,20.4,79.46,2025-09-23 10:26:53+00:00,33.994787,-81.030657,88.0,7.19,-0.4,159.72,12.0,3D,2025-09-23 06:26:53-04:00,POINT (-81.030657 33.994787)
2025-09-22 22:48:45 UTC,sensor06,236497257,20.42,79.53,2025-09-23 10:26:58+00:00,33.994462,-81.030522,88.5,7.61,-0.1,156.84,12.0,3D,2025-09-23 06:26:58-04:00,POINT (-81.030522 33.994462)
2025-09-22 22:48:51 UTC,sensor06,236497257,20.5,79.27,2025-09-23 10:27:03+00:00,33.99413,-81.030382,90.0,8.07,0.0,159.09,12.0,3D,2025-09-23 06:27:03-04:00,POINT (-81.030382 33.99413)
2025-09-22 22:48:56 UTC,sensor06,236497257,20.57,78.96,2025-09-23 10:27:08+00:00,33.993782,-81.030203,92.9,8.81,0.4,157.31,12.0,3D,2025-09-23 06:27:08-04:00,POINT (-81.030203 33.993782)
2025-09-22 22:49:01 UTC,sensor06,236497257,20.58,78.67,2025-09-23 10:27:13+00:00,33.993462,-81.029997,95.1,6.46,0.0,156.77,12.0,3D,2025-09-23 06:27:13-04:00,POINT (-81.029997 33.993462)
2025-09-22 22:49:36 UTC,sensor06,236497257,20.61,78.73,2025-09-23 10:27:48+00:00,33.993172,-81.029982,97.7,2.54,0.1,168.22,12.0,3D,2025-09-23 06:27:48-04:00,POINT (-81.029982 33.993172)
2025-09-22 22:49:41 UTC,sensor06,236497257,20.67,78.34,2025-09-23 10:27:53+00:00,33.992998,-81.029892,97.8,5.07,0.0,149.9,12.0,3D,2025-09-23 06:27:53-04:00,POINT (-81.029892 33.992998)
2025-09-22 22:49:46 UTC,sensor06,236497257,20.59,78.33,2025-09-23 10:27:59+00:00,33.99266,-81.029722,97.5,8.19,0.0,0.0,12.0,3D,2025-09-23 06:27:59-04:00,POINT (-81.029722 33.99266)
2025-09-22 22:49:51 UTC,sensor06,236497257,20.36,79.16,2025-09-23 10:28:04+00:00,33.992273,-81.029548,96.7,9.27,-0.2,0.0,12.0,3D,2025-09-23 06:28:04-04:00,POINT (-81.029548 33.992273)
2025-09-22 22:49:56 UTC,sensor06,236497257,20.26,79.89,2025-09-23 10:28:09+00:00,33.991942,-81.029367,95.7,6.77,-0.2,0.0,12.0,3D,2025-09-23 06:28:09-04:00,POINT (-81.029367 33.991942)
2025-09-22 22:50:01 UTC,sensor06,236497257,20.15,80.29,2025-09-23 10:28:14+00:00,33.991795,-81.02918,94.6,4.94,-0.1,0.0,12.0,3D,2025-09-23 06:28:14-04:00,POINT (-81.02918 33.991795)
2025-09-22 22:50:06 UTC,sensor06,236497257,20.05,80.62,2025-09-23 10:28:19+00:00,33.991868,-81.028888,93.7,5.9,-0.3,0.0,4.0,3D,2025-09-23 06:28:19-04:00,POINT (-81.028888 33.991868)
2025-09-22 22:50:11 UTC,sensor06,236497257,19.94,81.17,2025-09-23 10:28:24+00:00,33.992003,-81.02856,93.1,7.19,-0.1,0.0,8.0,3D,2025-09-23 06:28:24-04:00,POINT (-81.02856 33.992003)
2025-09-22 22:50:16 UTC,sensor06,236497257,19.8,81.63,2025-09-23 10:28:29+00:00,33.992132,-81.028217,91.2,5.16,-0.3,0.0,12.0,3D,2025-09-23 06:28:29-04:00,POINT (-81.028217 33.992132)
2025-09-22 22:50:26 UTC,sensor06,236497257,19.71,82.39,2025-09-23 10:28:38+00:00,33.99215,-81.027985,87.6,2.54,-0.6,99.95,12.0,3D,2025-09-23 06:28:38-04:00,POINT (-81.027985 33.99215)
2025-09-22 22:50:31 UTC,sensor06,236497257,19.63,82.76,2025-09-23 10:28:38+00:00,33.99215,-81.027985,87.6,2.54,-0.6,99.95,12.0,3D,2025-09-23 06:28:38-04:00,POINT (-81.027985 33.99215)
2025-09-22 22:50:36 UTC,sensor06,236497257,19.56,83.09,2025-09-23 10:28:49+00:00,33.992337,-81.027512,82.0,5.35,-0.33,70.83,12.0,3D,2025-09-23 06:28:49-04:00,POINT (-81.027512 33.992337)
2025-09-22 22:50:41 UTC,sensor06,236497257,19.41,83.35,2025-09-23 10:28:54+00:00,33.992432,-81.027195,79.5,6.14,-0.6,69.89,12.0,3D,2025-09-23 06:28:54-04:00,POINT (-81.027195 33.992432)
2025-09-22 22:50:47 UTC,sensor06,236497257,19.37,84.04,2025-09-23 10:28:59+00:00,33.992548,-81.026827,75.2,6.97,-1.0,69.76,12.0,3D,2025-09-23 06:28:59-04:00,POINT (-81.026827 33.992548)
2025-09-22 22:50:52 UTC,sensor06,236497257,19.54,84.67,2025-09-23 10:29:04+00:00,33.992693,-81.026448,70.9,7.76,-1.1,66.3,12.0,3D,2025-09-23 06:29:04-04:00,POINT (-81.026448 33.992693)
2025-09-22 22:50:57 UTC,sensor06,236497257,19.35,84.96,2025-09-23 10:29:09+00:00,33.992835,-81.026042,68.3,7.93,-0.5,72.08,12.0,3D,2025-09-23 06:29:09-04:00,POINT (-81.026042 33.992835)
2025-09-22 22:51:02 UTC,sensor06,236497257,19.25,84.89,2025-09-23 10:29:14+00:00,33.99296,-81.025592,66.2,8.82,-0.5,70.76,12.0,3D,2025-09-23 06:29:14-04:00,POINT (-81.025592 33.99296)
2025-09-22 22:51:07 UTC,sensor06,236497257,19.13,85.27,2025-09-23 10:29:19+00:00,33.99311,-81.02512,63.8,9.01,-0.1,69.57,12.0,3D,2025-09-23 06:29:19-04:00,POINT (-81.02512 33.99311)
2025-09-22 22:51:12 UTC,sensor06,236497257,19.09,85.73,2025-09-23 10:29:24+00:00,33.993238,-81.024687,62.3,8.16,0.1,70.9,12.0,3D,2025-09-23 06:29:24-04:00,POINT (-81.024687 33.993238)
2025-09-22 22:51:17 UTC,sensor06,236497257,19.03,85.56,2025-09-23 10:29:29+00:00,33.993365,-81.02431,60.5,7.06,-0.3,64.25,12.0,3D,2025-09-23 06:29:29-04:00,POINT (-81.02431 33.993365)
2025-09-22 22:51:22 UTC,sensor06,236497257,19.05,85.6,2025-09-23 10:29:34+00:00,33.993483,-81.023957,60.5,6.78,-0.2,68.39,12.0,3D,2025-09-23 06:29:34-04:00,POINT (-81.023957 33.993483)
2025-09-22 22:51:27 UTC,sensor06,236497257,18.98,85.62,2025-09-23 10:29:39+00:00,33.993588,-81.023648,61.2,5.48,0.0,56.98,12.0,3D,2025-09-23 06:29:39-04:00,POINT (-81.023648 33.993588)
2025-09-22 22:51:32 UTC,sensor06,236497257,18.86,85.87,2025-09-23 10:29:44+00:00,33.993692,-81.023373,62.5,5.6,0.4,71.17,12.0,3D,2025-09-23 06:29:44-04:00,POINT (-81.023373 33.993692)
2025-09-22 22:51:37 UTC,sensor06,236497257,18.93,86.06,2025-09-23 10:29:49+00:00,33.993755,-81.023113,65.8,4.16,0.7,65.56,12.0,3D,2025-09-23 06:29:49-04:00,POINT (-81.023113 33.993755)
2025-09-22 22:51:42 UTC,sensor06,236497257,18.92,85.98,2025-09-23 10:29:54+00:00,33.993875,-81.023025,66.6,3.55,0.4,356.56,12.0,3D,2025-09-23 06:29:54-04:00,POINT (-81.023025 33.993875)
2025-09-22 22:51:47 UTC,sensor06,236497257,18.88,85.95,2025-09-23 10:29:59+00:00,33.994058,-81.023113,67.3,4.74,0.5,330.53,12.0,3D,2025-09-23 06:29:59-04:00,POINT (-81.023113 33.994058)
2025-09-22 22:51:52 UTC,sensor06,236497257,18.9,86.26,2025-09-23 10:30:04+00:00,33.994282,-81.023248,67.2,5.37,0.2,329.88,12.0,3D,2025-09-23 06:30:04-04:00,POINT (-81.023248 33.994282)
2025-09-22 22:51:57 UTC,sensor06,236497257,18.82,86.44,2025-09-23 10:30:10+00:00,33.99456,-81.023385,69.4,5.1,0.4,0.0,12.0,3D,2025-09-23 06:30:10-04:00,POINT (-81.023385 33.99456)
2025-09-22 22:52:02 UTC,sensor06,236497257,18.74,86.89,2025-09-23 10:30:15+00:00,33.994752,-81.023493,69.7,4.12,0.2,0.0,12.0,3D,2025-09-23 06:30:15-04:00,POINT (-81.023493 33.994752)
2025-09-22 22:52:07 UTC,sensor06,236497257,18.64,87.54,2025-09-23 10:30:20+00:00,33.994905,-81.023458,71.2,4.53,0.4,0.0,12.0,3D,2025-09-23 06:30:20-04:00,POINT (-81.023458 33.994905)
2025-09-22 22:52:12 UTC,sensor06,236497257,18.5,87.99,2025-09-23 10:30:25+00:00,33.995085,-81.023293,74.2,5.24,0.8,41.36,12.0,3D,2025-09-23 06:30:25-04:00,POINT (-81.023293 33.995085)
2025-09-22 22:52:17 UTC,sensor06,236497257,18.41,88.4,2025-09-23 10:30:30+00:00,33.995248,-81.02307,76.6,5.2,0.4,49.43,12.0,3D,2025-09-23 06:30:30-04:00,POINT (-81.02307 33.995248)
2025-09-22 22:52:22 UTC,sensor06,236497257,18.32,89.02,2025-09-23 10:30:35+00:00,33.995438,-81.022848,78.3,5.57,0.6,46.25,12.0,3D,2025-09-23 06:30:35-04:00,POINT (-81.022848 33.995438)
2025-09-22 22:52:27 UTC,sensor06,236497257,18.2,89.47,2025-09-23 10:30:38+00:00,33.995575,-81.022732,79.8,6.09,0.4,35.06,12.0,3D,2025-09-23 06:30:38-04:00,POINT (-81.022732 33.995575)
2025-09-22 22:52:32 UTC,sensor06,236497257,18.11,89.55,2025-09-23 10:30:45+00:00,33.995827,-81.022412,82.7,5.26,0.2,64.16,12.0,3D,2025-09-23 06:30:45-04:00,POINT (-81.022412 33.995827)
2025-09-22 22:52:37 UTC,sensor06,236497257,18.01,89.82,2025-09-23 10:30:50+00:00,33.995958,-81.022095,83.7,5.67,0.4,71.57,12.0,3D,2025-09-23 06:30:50-04:00,POINT (-81.022095 33.995958)
2025-09-22 22:52:42 UTC,sensor06,236497257,18.05,90.16,2025-09-23 10:30:55+00:00,33.99606,-81.021807,84.1,5.43,-0.1,60.06,12.0,3D,2025-09-23 06:30:55-04:00,POINT (-81.021807 33.99606)
2025-09-22 22:52:47 UTC,sensor06,236497257,18.03,90.34,2025-09-23 10:31:00+00:00,33.996227,-81.021577,84.6,5.44,0.1,46.09,12.0,3D,2025-09-23 06:31:00-04:00,POINT (-81.021577 33.996227)
2025-09-22 22:52:53 UTC,sensor06,236497257,18.03,90.43,2025-09-23 10:31:05+00:00,33.996417,-81.021412,84.2,4.85,0.3,45.23,12.0,3D,2025-09-23 06:31:05-04:00,POINT (-81.021412 33.996417)
2025-09-22 22:52:58 UTC,sensor06,236497257,18.03,90.17,2025-09-23 10:31:10+00:00,33.996528,-81.021112,84.8,5.12,0.2,65.22,12.0,3D,2025-09-23 06:31:10-04:00,POINT (-81.021112 33.996528)
2025-09-22 22:53:03 UTC,sensor06,236497257,18.1,90.31,2025-09-23 10:31:15+00:00,33.996608,-81.020845,86.1,4.89,0.4,62.36,12.0,3D,2025-09-23 06:31:15-04:00,POINT (-81.020845 33.996608)
2025-09-22 22:53:08 UTC,sensor06,236497257,18.04,90.47,2025-09-23 10:31:20+00:00,33.996677,-81.020552,81.6,4.89,-1.1,84.46,12.0,3D,2025-09-23 06:31:20-04:00,POINT (-81.020552 33.996677)
2025-09-22 22:53:13 UTC,sensor06,236497257,18.01,90.41,2025-09-23 10:31:25+00:00,33.996748,-81.020305,82.4,4.77,0.3,77.78,12.0,3D,2025-09-23 06:31:25-04:00,POINT (-81.020305 33.996748)
2025-09-22 22:53:18 UTC,sensor06,236497257,18.04,90.52,2025-09-23 10:31:30+00:00,33.996813,-81.020063,83.1,4.84,0.4,65.22,12.0,3D,2025-09-23 06:31:30-04:00,POINT (-81.020063 33.996813)
2025-09-22 22:53:23 UTC,sensor06,236497257,18.07,90.75,2025-09-23 10:31:35+00:00,33.996932,-81.019857,83.1,4.28,0.1,51.99,12.0,3D,2025-09-23 06:31:35-04:00,POINT (-81.019857 33.996932)
2025-09-22 22:53:28 UTC,sensor06,236497257,18.04,90.44,2025-09-23 10:31:40+00:00,33.997063,-81.01966,82.8,5.23,0.2,46.76,12.0,3D,2025-09-23 06:31:40-04:00,POINT (-81.01966 33.997063)
2025-09-22 22:53:33 UTC,sensor06,236497257,18.1,90.17,2025-09-23 10:31:45+00:00,33.997268,-81.01954,84.3,4.85,0.1,13.64,12.0,3D,2025-09-23 06:31:45-04:00,POINT (-81.01954 33.997268)
2025-09-22 22:53:38 UTC,sensor06,236497257,18.11,89.75,2025-09-23 10:31:50+00:00,33.997502,-81.019503,85.3,5.21,0.4,5.47,12.0,3D,2025-09-23 06:31:50-04:00,POINT (-81.019503 33.997502)
2025-09-22 22:53:43 UTC,sensor06,236497257,18.13,89.47,2025-09-23 10:31:55+00:00,33.997752,-81.019437,87.2,4.86,0.4,18.49,12.0,3D,2025-09-23 06:31:55-04:00,POINT (-81.019437 33.997752)
2025-09-22 22:53:48 UTC,sensor06,236497257,18.2,89.28,2025-09-23 10:32:00+00:00,33.997958,-81.019365,89.0,3.93,0.3,19.42,12.0,3D,2025-09-23 06:32:00-04:00,POINT (-81.019365 33.997958)
2025-09-22 22:53:58 UTC,sensor06,236497257,18.48,88.77,2025-09-23 10:32:11+00:00,33.998142,-81.019102,91.7,3.39,0.0,0.0,12.0,3D,2025-09-23 06:32:11-04:00,POINT (-81.019102 33.998142)
2025-09-22 22:54:03 UTC,sensor06,236497257,18.5,88.14,2025-09-23 10:32:16+00:00,33.998147,-81.018885,90.2,3.85,0.0,0.0,12.0,3D,2025-09-23 06:32:16-04:00,POINT (-81.018885 33.998147)
2025-09-22 22:54:08 UTC,sensor06,236497257,18.45,87.89,2025-09-23 10:32:21+00:00,33.998162,-81.018665,90.5,4.77,0.3,0.0,12.0,3D,2025-09-23 06:32:21-04:00,POINT (-81.018665 33.998162)
2025-09-22 22:54:13 UTC,sensor06,236497257,18.38,88.09,2025-09-23 10:32:26+00:00,33.998115,-81.018393,90.1,5.47,-1.3,100.07,12.0,3D,2025-09-23 06:32:26-04:00,POINT (-81.018393 33.998115)
2025-09-22 22:54:18 UTC,sensor06,236497257,18.6,87.95,2025-09-23 10:32:31+00:00,33.998045,-81.018095,89.4,5.85,0.0,108.87,12.0,3D,2025-09-23 06:32:31-04:00,POINT (-81.018095 33.998045)
2025-09-22 22:54:23 UTC,sensor06,236497257,18.64,87.72,2025-09-23 10:32:36+00:00,33.997938,-81.017793,89.2,5.9,-0.2,112.43,12.0,3D,2025-09-23 06:32:36-04:00,POINT (-81.017793 33.997938)
2025-09-22 22:54:28 UTC,sensor06,236497257,18.74,86.93,2025-09-23 10:32:38+00:00,33.997903,-81.017677,89.2,5.77,0.0,110.54,12.0,3D,2025-09-23 06:32:38-04:00,POINT (-81.017677 33.997903)
2025-09-22 22:54:33 UTC,sensor06,236497257,18.78,86.63,2025-09-23 10:32:46+00:00,33.997727,-81.017173,89.7,6.82,0.1,113.07,12.0,3D,2025-09-23 06:32:46-04:00,POINT (-81.017173 33.997727)
2025-09-22 22:54:38 UTC,sensor06,236497257,18.78,86.73,2025-09-23 10:32:51+00:00,33.997628,-81.016852,90.2,6.45,0.0,107.03,12.0,3D,2025-09-23 06:32:51-04:00,POINT (-81.016852 33.997628)
2025-09-22 22:54:44 UTC,sensor06,236497257,18.8,86.77,2025-09-23 10:32:56+00:00,33.997553,-81.016538,90.3,5.95,-0.1,104.46,12.0,3D,2025-09-23 06:32:56-04:00,POINT (-81.016538 33.997553)
2025-09-22 22:54:49 UTC,sensor06,236497257,18.98,85.84,2025-09-23 10:33:01+00:00,33.997543,-81.01622,89.5,5.31,-0.4,91.46,12.0,3D,2025-09-23 06:33:01-04:00,POINT (-81.01622 33.997543)
2025-09-22 22:54:54 UTC,sensor06,236497257,19.13,85.19,2025-09-23 10:33:06+00:00,33.99754,-81.01593,89.2,5.16,-0.6,90.92,12.0,3D,2025-09-23 06:33:06-04:00,POINT (-81.01593 33.99754)
2025-09-22 22:54:59 UTC,sensor06,236497257,19.2,84.75,2025-09-23 10:33:11+00:00,33.99752,-81.01568,86.9,4.5,-0.3,97.05,12.0,3D,2025-09-23 06:33:11-04:00,POINT (-81.01568 33.99752)
2025-09-22 22:55:04 UTC,sensor06,236497257,19.23,84.47,2025-09-23 10:33:16+00:00,33.997518,-81.015473,84.7,3.47,-0.3,84.68,12.0,3D,2025-09-23 06:33:16-04:00,POINT (-81.015473 33.997518)
2025-09-22 22:55:09 UTC,sensor06,236497257,19.25,84.24,2025-09-23 10:33:21+00:00,33.997623,-81.015345,83.2,3.53,-0.7,27.42,12.0,3D,2025-09-23 06:33:21-04:00,POINT (-81.015345 33.997623)
2025-09-22 22:55:14 UTC,sensor06,236497257,19.25,84.04,2025-09-23 10:33:26+00:00,33.997798,-81.015405,81.0,4.9,-0.1,338.21,12.0,3D,2025-09-23 06:33:26-04:00,POINT (-81.015405 33.997798)
2025-09-22 22:55:19 UTC,sensor06,236497257,19.19,83.91,2025-09-23 10:33:31+00:00,33.998018,-81.015487,79.4,5.32,-0.1,342.17,12.0,3D,2025-09-23 06:33:31-04:00,POINT (-81.015487 33.998018)
2025-09-22 22:55:24 UTC,sensor06,236497257,19.19,84.04,2025-09-23 10:33:36+00:00,33.99826,-81.015607,77.1,5.93,-0.6,336.44,12.0,3D,2025-09-23 06:33:36-04:00,POINT (-81.015607 33.99826)
2025-09-22 22:55:29 UTC,sensor06,236497257,19.17,84.01,2025-09-23 10:33:41+00:00,33.998532,-81.015732,75.5,6.42,-0.6,341.24,12.0,3D,2025-09-23 06:33:41-04:00,POINT (-81.015732 33.998532)
2025-09-22 22:55:34 UTC,sensor06,236497257,19.18,84.0,2025-09-23 10:33:46+00:00,33.998795,-81.015858,75.0,5.84,-0.5,338.9,12.0,3D,2025-09-23 06:33:46-04:00,POINT (-81.015858 33.998795)
2025-09-22 22:55:39 UTC,sensor06,236497257,19.05,84.4,2025-09-23 10:33:51+00:00,33.999048,-81.015945,72.3,5.7,-0.6,349.63,12.0,3D,2025-09-23 06:33:51-04:00,POINT (-81.015945 33.999048)
2025-09-22 22:55:44 UTC,sensor06,236497257,18.96,84.82,2025-09-23 10:33:56+00:00,33.999322,-81.016047,72.1,6.02,0.1,334.37,12.0,3D,2025-09-23 06:33:56-04:00,POINT (-81.016047 33.999322)
2025-09-22 22:55:49 UTC,sensor06,236497257,18.8,85.21,2025-09-23 10:34:01+00:00,33.999573,-81.016155,72.4,5.81,0.5,337.41,12.0,3D,2025-09-23 06:34:01-04:00,POINT (-81.016155 33.999573)
2025-09-22 22:55:54 UTC,sensor06,236497257,18.71,85.83,2025-09-23 10:34:07+00:00,33.999868,-81.016282,71.7,5.85,-0.4,0.0,12.0,3D,2025-09-23 06:34:07-04:00,POINT (-81.016282 33.999868)
2025-09-22 22:55:59 UTC,sensor06,236497257,18.76,86.07,2025-09-23 10:34:12+00:00,34.000103,-81.016385,71.8,5.55,0.2,0.0,12.0,3D,2025-09-23 06:34:12-04:00,POINT (-81.016385 34.000103)
2025-09-22 22:56:04 UTC,sensor06,236497257,18.62,86.49,2025-09-23 10:34:17+00:00,34.000313,-81.016395,72.0,4.44,0.2,0.0,12.0,3D,2025-09-23 06:34:17-04:00,POINT (-81.016395 34.000313)
2025-09-22 22:56:09 UTC,sensor06,236497257,18.5,86.79,2025-09-23 10:34:22+00:00,34.00041,-81.016145,72.6,5.34,0.2,0.0,12.0,3D,2025-09-23 06:34:22-04:00,POINT (-81.016145 34.00041)
2025-09-22 22:56:14 UTC,sensor06,236497257,18.43,87.1,2025-09-23 10:34:27+00:00,34.0005,-81.015863,73.7,5.45,0.1,70.04,12.0,3D,2025-09-23 06:34:27-04:00,POINT (-81.015863 34.0005)
2025-09-22 22:56:19 UTC,sensor06,236497257,18.31,87.39,2025-09-23 10:34:32+00:00,34.000587,-81.015602,72.1,5.29,-0.4,63.23,12.0,3D,2025-09-23 06:34:32-04:00,POINT (-81.015602 34.000587)
2025-09-22 22:56:24 UTC,sensor06,236497257,18.16,87.81,2025-09-23 10:34:37+00:00,34.000717,-81.015367,71.7,4.19,-0.4,41.89,12.0,3D,2025-09-23 06:34:37-04:00,POINT (-81.015367 34.000717)
2025-09-22 22:56:29 UTC,sensor06,236497257,18.05,88.36,2025-09-23 10:34:39+00:00,34.000782,-81.015307,70.6,5.25,-0.2,43.41,12.0,3D,2025-09-23 06:34:39-04:00,POINT (-81.015307 34.000782)
2025-09-22 22:56:34 UTC,sensor06,236497257,17.95,88.86,2025-09-23 10:34:45+00:00,34.000993,-81.015118,72.5,4.18,0.3,23.63,12.0,3D,2025-09-23 06:34:45-04:00,POINT (-81.015118 34.000993)
2025-09-22 22:56:39 UTC,sensor06,236497257,17.83,89.32,2025-09-23 10:34:52+00:00,34.001215,-81.014927,76.4,4.18,0.56,32.06,12.0,3D,2025-09-23 06:34:52-04:00,POINT (-81.014927 34.001215)
2025-09-22 22:56:44 UTC,sensor06,236497257,17.83,89.57,2025-09-23 10:34:57+00:00,34.001368,-81.01478,76.9,4.37,-0.4,38.29,12.0,3D,2025-09-23 06:34:57-04:00,POINT (-81.01478 34.001368)
2025-09-22 22:56:49 UTC,sensor06,236497257,17.79,89.6,2025-09-23 10:35:02+00:00,34.001532,-81.014657,76.8,4.18,0.0,33.01,12.0,3D,2025-09-23 06:35:02-04:00,POINT (-81.014657 34.001532)
2025-09-22 22:56:55 UTC,sensor06,236497257,17.78,89.54,2025-09-23 10:35:07+00:00,34.001685,-81.014533,77.2,3.97,0.0,35.43,12.0,3D,2025-09-23 06:35:07-04:00,POINT (-81.014533 34.001685)
2025-09-22 22:57:00 UTC,sensor06,236497257,17.78,89.6,2025-09-23 10:35:12+00:00,34.001842,-81.01441,77.2,3.52,0.3,29.9,12.0,3D,2025-09-23 06:35:12-04:00,POINT (-81.01441 34.001842)
2025-09-22 22:57:05 UTC,sensor06,236497257,17.78,89.63,2025-09-23 10:35:17+00:00,34.001968,-81.01427,77.0,3.25,0.0,37.37,12.0,3D,2025-09-23 06:35:17-04:00,POINT (-81.01427 34.001968)
2025-09-22 22:57:10 UTC,sensor06,236497257,17.78,89.75,2025-09-23 10:35:22+00:00,34.002097,-81.014143,77.0,4.23,0.2,49.17,11.0,3D,2025-09-23 06:35:22-04:00,POINT (-81.014143 34.002097)
2025-09-22 22:57:15 UTC,sensor06,236497257,17.77,89.89,2025-09-23 10:35:27+00:00,34.002193,-81.01399,77.6,3.29,0.1,51.07,11.0,3D,2025-09-23 06:35:27-04:00,POINT (-81.01399 34.002193)
2025-09-22 21:36:27 UTC,sensor07,236476538,18.77,86.58,2025-09-23 09:55:03+00:00,33.988702,-81.051757,65.2,5.63,0.0,62.87,15.0,3D,2025-09-23 05:55:03-04:00,POINT (-81.051757 33.988702)
2025-09-22 21:36:32 UTC,sensor07,236476538,18.79,86.57,2025-09-23 09:55:08+00:00,33.98884,-81.05141,65.4,7.57,0.1,63.66,14.0,3D,2025-09-23 05:55:08-04:00,POINT (-81.05141 33.98884)
2025-09-22 21:36:37 UTC,sensor07,236476538,18.85,86.76,2025-09-23 09:55:14+00:00,33.989117,-81.051033,66.1,7.56,0.1,0.0,14.0,3D,2025-09-23 05:55:14-04:00,POINT (-81.051033 33.989117)
2025-09-22 21:36:42 UTC,sensor07,236476538,18.9,86.99,2025-09-23 09:55:17+00:00,33.989292,-81.050927,66.7,6.75,0.2,0.0,14.0,3D,2025-09-23 05:55:17-04:00,POINT (-81.050927 33.989292)
2025-09-22 21:36:48 UTC,sensor07,236476538,18.83,87.84,2025-09-23 09:55:22+00:00,33.98959,-81.05088,67.6,6.61,0.1,358.66,6.0,3D,2025-09-23 05:55:22-04:00,POINT (-81.05088 33.98959)
2025-09-22 21:36:53 UTC,sensor07,236476538,18.76,88.3,2025-09-23 09:55:29+00:00,33.99006,-81.051007,68.0,7.79,-0.1,0.0,6.0,3D,2025-09-23 05:55:29-04:00,POINT (-81.051007 33.99006)
2025-09-22 21:36:58 UTC,sensor07,236476538,18.72,88.21,2025-09-23 09:55:34+00:00,33.990377,-81.051135,68.3,7.25,0.0,344.83,14.0,3D,2025-09-23 05:55:34-04:00,POINT (-81.051135 33.990377)
2025-09-22 21:37:03 UTC,sensor07,236476538,18.63,88.2,2025-09-23 09:55:39+00:00,33.990668,-81.051275,68.2,7.4,-0.2,339.59,15.0,3D,2025-09-23 05:55:39-04:00,POINT (-81.051275 33.990668)
2025-09-22 21:37:08 UTC,sensor07,236476538,18.59,88.13,2025-09-23 09:55:44+00:00,33.990978,-81.0514,69.1,7.24,0.3,340.24,15.0,3D,2025-09-23 05:55:44-04:00,POINT (-81.0514 33.990978)
2025-09-22 21:37:13 UTC,sensor07,236476538,18.55,88.34,2025-09-23 09:55:49+00:00,33.991318,-81.051527,68.4,7.59,0.3,342.92,14.0,3D,2025-09-23 05:55:49-04:00,POINT (-81.051527 33.991318)
2025-09-22 21:37:18 UTC,sensor07,236476538,18.5,88.59,2025-09-23 09:55:54+00:00,33.991665,-81.051667,69.7,8.72,0.3,341.46,15.0,3D,2025-09-23 05:55:54-04:00,POINT (-81.051667 33.991665)
2025-09-22 21:37:23 UTC,sensor07,236476538,18.5,88.72,2025-09-23 09:55:59+00:00,33.991998,-81.051812,72.7,8.47,0.5,341.95,15.0,3D,2025-09-23 05:55:59-04:00,POINT (-81.051812 33.991998)
2025-09-22 21:37:28 UTC,sensor07,236476538,18.48,88.83,2025-09-23 09:56:04+00:00,33.992378,-81.051967,74.2,8.68,0.4,341.2,15.0,3D,2025-09-23 05:56:04-04:00,POINT (-81.051967 33.992378)
2025-09-22 21:37:33 UTC,sensor07,236476538,18.47,89.14,2025-09-23 09:56:09+00:00,33.992733,-81.05212,75.7,8.02,0.2,340.33,15.0,3D,2025-09-23 05:56:09-04:00,POINT (-81.05212 33.992733)
2025-09-22 21:37:38 UTC,sensor07,236476538,18.58,89.42,2025-09-23 09:56:14+00:00,33.993033,-81.052282,76.9,7.79,0.2,335.31,15.0,3D,2025-09-23 05:56:14-04:00,POINT (-81.052282 33.993033)
2025-09-22 21:37:43 UTC,sensor07,236476538,18.75,89.26,2025-09-23 09:56:19+00:00,33.99335,-81.0525,77.3,8.42,-0.1,327.21,15.0,3D,2025-09-23 05:56:19-04:00,POINT (-81.0525 33.99335)
2025-09-22 21:37:48 UTC,sensor07,236476538,18.83,88.77,2025-09-23 09:56:24+00:00,33.993672,-81.052757,76.2,8.33,-0.2,324.82,14.0,3D,2025-09-23 05:56:24-04:00,POINT (-81.052757 33.993672)
2025-09-22 21:37:53 UTC,sensor07,236476538,18.91,88.34,2025-09-23 09:56:29+00:00,33.993985,-81.052997,74.8,7.85,-0.5,326.55,14.0,3D,2025-09-23 05:56:29-04:00,POINT (-81.052997 33.993985)
2025-09-22 21:37:58 UTC,sensor07,236476538,18.84,88.15,2025-09-23 09:56:34+00:00,33.99428,-81.053222,71.3,7.49,-0.5,327.73,16.0,3D,2025-09-23 05:56:34-04:00,POINT (-81.053222 33.99428)
2025-09-22 21:38:03 UTC,sensor07,236476538,18.79,88.29,2025-09-23 09:56:39+00:00,33.994568,-81.053378,68.4,6.88,-0.6,345.04,16.0,3D,2025-09-23 05:56:39-04:00,POINT (-81.053378 33.994568)
2025-09-22 21:38:08 UTC,sensor07,236476538,18.8,88.26,2025-09-23 09:56:44+00:00,33.994828,-81.053443,68.0,4.28,-0.3,357.58,16.0,3D,2025-09-23 05:56:44-04:00,POINT (-81.053443 33.994828)
2025-09-22 21:38:18 UTC,sensor07,236476538,18.85,88.22,2025-09-23 09:56:54+00:00,33.995052,-81.053298,64.9,5.14,0.0,61.05,17.0,3D,2025-09-23 05:56:54-04:00,POINT (-81.053298 33.995052)
2025-09-22 21:38:23 UTC,sensor07,236476538,18.8,88.27,2025-09-23 09:57:00+00:00,33.99519,-81.052837,64.6,9.12,-0.1,0.0,17.0,3D,2025-09-23 05:57:00-04:00,POINT (-81.052837 33.99519)
2025-09-22 21:38:29 UTC,sensor07,236476538,18.83,88.43,2025-09-23 09:57:05+00:00,33.995352,-81.05233,65.0,10.67,0.1,0.0,17.0,3D,2025-09-23 05:57:05-04:00,POINT (-81.05233 33.995352)
2025-09-22 21:38:34 UTC,sensor07,236476538,18.92,88.59,2025-09-23 09:57:10+00:00,33.995532,-81.051767,65.5,11.02,0.0,0.0,17.0,3D,2025-09-23 05:57:10-04:00,POINT (-81.051767 33.995532)
2025-09-22 21:38:39 UTC,sensor07,236476538,18.96,88.75,2025-09-23 09:57:15+00:00,33.995708,-81.05121,63.6,11.17,-1.2,0.0,4.0,3D,2025-09-23 05:57:15-04:00,POINT (-81.05121 33.995708)
2025-09-22 21:38:44 UTC,sensor07,236476538,19.06,88.85,2025-09-23 09:57:20+00:00,33.995883,-81.050667,62.3,10.45,-0.1,0.0,4.0,3D,2025-09-23 05:57:20-04:00,POINT (-81.050667 33.995883)
2025-09-22 21:38:49 UTC,sensor07,236476538,19.13,88.87,2025-09-23 09:57:25+00:00,33.996053,-81.050142,62.3,10.16,0.0,0.0,9.0,3D,2025-09-23 05:57:25-04:00,POINT (-81.050142 33.996053)
2025-09-22 21:38:54 UTC,sensor07,236476538,19.18,88.68,2025-09-23 09:57:30+00:00,33.996217,-81.049638,62.0,10.09,-0.4,0.0,9.0,3D,2025-09-23 05:57:30-04:00,POINT (-81.049638 33.996217)
2025-09-22 21:38:59 UTC,sensor07,236476538,19.17,88.25,2025-09-23 09:57:35+00:00,33.996373,-81.04915,61.0,9.53,-0.4,0.0,14.0,3D,2025-09-23 05:57:35-04:00,POINT (-81.04915 33.996373)
2025-09-22 21:39:04 UTC,sensor07,236476538,19.13,87.94,2025-09-23 09:57:40+00:00,33.996518,-81.048693,60.4,8.54,0.0,0.0,17.0,3D,2025-09-23 05:57:40-04:00,POINT (-81.048693 33.996518)
2025-09-22 21:39:09 UTC,sensor07,236476538,19.22,87.73,2025-09-23 09:57:45+00:00,33.99664,-81.048283,60.4,8.02,0.2,69.03,17.0,3D,2025-09-23 05:57:45-04:00,POINT (-81.048283 33.99664)
2025-09-22 21:39:14 UTC,sensor07,236476538,19.2,87.31,2025-09-23 09:57:50+00:00,33.996775,-81.047828,59.9,9.4,0.4,71.59,17.0,3D,2025-09-23 05:57:50-04:00,POINT (-81.047828 33.996775)
2025-09-22 21:39:19 UTC,sensor07,236476538,19.23,87.09,2025-09-23 09:57:55+00:00,33.996917,-81.047372,61.0,8.32,0.6,68.35,17.0,3D,2025-09-23 05:57:55-04:00,POINT (-81.047372 33.996917)
2025-09-22 21:39:24 UTC,sensor07,236476538,19.33,86.86,2025-09-23 09:58:00+00:00,33.997053,-81.046965,63.9,8.31,0.5,69.54,17.0,3D,2025-09-23 05:58:00-04:00,POINT (-81.046965 33.997053)
2025-09-22 21:39:29 UTC,sensor07,236476538,19.37,86.4,2025-09-23 09:58:05+00:00,33.99718,-81.046555,66.3,8.13,0.4,67.58,15.0,3D,2025-09-23 05:58:05-04:00,POINT (-81.046555 33.99718)
2025-09-22 21:39:34 UTC,sensor07,236476538,19.34,85.45,2025-09-23 09:58:10+00:00,33.997312,-81.046143,68.9,8.48,0.5,67.84,14.0,3D,2025-09-23 05:58:10-04:00,POINT (-81.046143 33.997312)
2025-09-22 21:39:39 UTC,sensor07,236476538,19.26,84.79,2025-09-23 09:58:15+00:00,33.997447,-81.045718,72.0,7.98,0.8,67.71,14.0,3D,2025-09-23 05:58:15-04:00,POINT (-81.045718 33.997447)
2025-09-22 21:39:44 UTC,sensor07,236476538,19.32,84.91,2025-09-23 09:58:20+00:00,33.997575,-81.045387,76.5,4.91,0.9,66.21,14.0,3D,2025-09-23 05:58:20-04:00,POINT (-81.045387 33.997575)
2025-09-22 21:40:25 UTC,sensor07,236476538,19.35,85.12,2025-09-23 09:59:01+00:00,33.997637,-81.045158,82.7,3.51,-0.1,67.23,14.0,3D,2025-09-23 05:59:01-04:00,POINT (-81.045158 33.997637)
2025-09-22 21:40:30 UTC,sensor07,236476538,19.43,85.1,2025-09-23 09:59:06+00:00,33.997728,-81.044857,82.7,7.48,0.1,66.93,14.0,3D,2025-09-23 05:59:06-04:00,POINT (-81.044857 33.997728)
2025-09-22 21:40:35 UTC,sensor07,236476538,19.56,84.67,2025-09-23 09:59:11+00:00,33.99786,-81.04443,83.5,9.25,0.0,68.96,14.0,3D,2025-09-23 05:59:11-04:00,POINT (-81.04443 33.99786)
2025-09-22 21:40:40 UTC,sensor07,236476538,19.64,83.88,2025-09-23 09:59:16+00:00,33.998007,-81.043953,83.6,8.85,0.0,69.05,15.0,3D,2025-09-23 05:59:16-04:00,POINT (-81.043953 33.998007)
2025-09-22 21:40:45 UTC,sensor07,236476538,19.61,83.61,2025-09-23 09:59:21+00:00,33.998135,-81.043532,84.1,7.5,0.0,69.71,15.0,3D,2025-09-23 05:59:21-04:00,POINT (-81.043532 33.998135)
2025-09-22 21:40:50 UTC,sensor07,236476538,19.68,83.65,2025-09-23 09:59:26+00:00,33.99826,-81.04311,84.5,8.36,0.0,66.65,15.0,3D,2025-09-23 05:59:26-04:00,POINT (-81.04311 33.99826)
2025-09-22 21:40:55 UTC,sensor07,236476538,19.75,83.44,2025-09-23 09:59:31+00:00,33.998407,-81.042672,85.2,8.6,0.2,67.02,15.0,3D,2025-09-23 05:59:31-04:00,POINT (-81.042672 33.998407)
2025-09-22 21:41:01 UTC,sensor07,236476538,19.71,83.13,2025-09-23 09:59:37+00:00,33.998582,-81.042098,86.7,9.53,0.2,0.0,15.0,3D,2025-09-23 05:59:37-04:00,POINT (-81.042098 33.998582)
2025-09-22 21:41:06 UTC,sensor07,236476538,19.56,83.5,2025-09-23 09:59:42+00:00,33.998717,-81.041627,87.4,9.12,0.0,0.0,15.0,3D,2025-09-23 05:59:42-04:00,POINT (-81.041627 33.998717)
2025-09-22 21:41:11 UTC,sensor07,236476538,19.42,84.2,2025-09-23 09:59:47+00:00,33.99886,-81.04118,88.1,8.24,0.3,67.36,15.0,3D,2025-09-23 05:59:47-04:00,POINT (-81.04118 33.99886)
2025-09-22 21:41:16 UTC,sensor07,236476538,19.45,84.57,2025-09-23 09:59:52+00:00,33.998977,-81.04077,88.9,7.39,0.2,70.3,15.0,3D,2025-09-23 05:59:52-04:00,POINT (-81.04077 33.998977)
2025-09-22 21:41:21 UTC,sensor07,236476538,19.51,84.36,2025-09-23 09:59:57+00:00,33.999083,-81.04043,89.4,5.9,0.1,68.99,15.0,3D,2025-09-23 05:59:57-04:00,POINT (-81.04043 33.999083)
2025-09-22 21:41:41 UTC,sensor07,236476538,19.67,83.64,2025-09-23 10:00:17+00:00,33.999202,-81.040018,87.3,6.33,-0.1,69.17,15.0,3D,2025-09-23 06:00:17-04:00,POINT (-81.040018 33.999202)
2025-09-22 21:41:47 UTC,sensor07,236476538,19.74,83.35,2025-09-23 10:00:23+00:00,33.999342,-81.039568,87.4,8.46,0.0,0.0,15.0,3D,2025-09-23 06:00:23-04:00,POINT (-81.039568 33.999342)
2025-09-22 21:41:52 UTC,sensor07,236476538,19.77,83.08,2025-09-23 10:00:28+00:00,33.999472,-81.039173,87.6,7.84,0.2,70.81,15.0,3D,2025-09-23 06:00:28-04:00,POINT (-81.039173 33.999472)
2025-09-22 21:41:57 UTC,sensor07,236476538,19.78,82.91,2025-09-23 10:00:33+00:00,33.99959,-81.038795,89.3,6.58,0.3,68.25,15.0,3D,2025-09-23 06:00:33-04:00,POINT (-81.038795 33.99959)
2025-09-22 21:42:02 UTC,sensor07,236476538,19.85,82.67,2025-09-23 10:00:38+00:00,33.999648,-81.038552,90.9,2.78,-0.1,107.67,15.0,3D,2025-09-23 06:00:38-04:00,POINT (-81.038552 33.999648)
2025-09-22 21:42:07 UTC,sensor07,236476538,19.84,82.42,2025-09-23 10:00:43+00:00,33.99947,-81.038458,91.0,5.47,-0.1,158.25,16.0,3D,2025-09-23 06:00:43-04:00,POINT (-81.038458 33.99947)
2025-09-22 21:42:12 UTC,sensor07,236476538,19.78,82.41,2025-09-23 10:00:48+00:00,33.99917,-81.03836,91.2,6.93,-0.3,159.89,16.0,3D,2025-09-23 06:00:48-04:00,POINT (-81.03836 33.99917)
2025-09-22 21:42:17 UTC,sensor07,236476538,19.74,82.65,2025-09-23 10:00:53+00:00,33.998873,-81.038232,90.7,6.55,-0.2,157.37,17.0,3D,2025-09-23 06:00:53-04:00,POINT (-81.038232 33.998873)
2025-09-22 21:42:22 UTC,sensor07,236476538,19.71,82.87,2025-09-23 10:00:55+00:00,33.998765,-81.038178,90.2,6.13,-0.3,158.33,18.0,3D,2025-09-23 06:00:55-04:00,POINT (-81.038178 33.998765)
2025-09-22 21:42:27 UTC,sensor07,236476538,19.69,83.03,2025-09-23 10:01:03+00:00,33.99848,-81.038053,90.2,2.81,0.1,161.8,18.0,3D,2025-09-23 06:01:03-04:00,POINT (-81.038053 33.99848)
2025-09-22 21:42:32 UTC,sensor07,236476538,19.69,83.0,2025-09-23 10:01:09+00:00,33.998235,-81.03792,90.9,6.01,0.0,0.0,18.0,3D,2025-09-23 06:01:09-04:00,POINT (-81.03792 33.998235)
2025-09-22 21:42:38 UTC,sensor07,236476538,19.65,82.87,2025-09-23 10:01:14+00:00,33.997955,-81.03778,92.5,7.72,0.0,0.0,18.0,3D,2025-09-23 06:01:14-04:00,POINT (-81.03778 33.997955)
2025-09-22 21:42:43 UTC,sensor07,236476538,19.61,83.15,2025-09-23 10:01:19+00:00,33.997607,-81.03762,93.6,8.9,0.3,0.0,18.0,3D,2025-09-23 06:01:19-04:00,POINT (-81.03762 33.997607)
2025-09-22 21:42:48 UTC,sensor07,236476538,19.54,83.47,2025-09-23 10:01:24+00:00,33.997212,-81.037475,94.4,8.81,0.1,160.77,18.0,3D,2025-09-23 06:01:24-04:00,POINT (-81.037475 33.997212)
2025-09-22 21:42:53 UTC,sensor07,236476538,19.5,83.84,2025-09-23 10:01:29+00:00,33.996817,-81.037318,94.8,9.07,0.1,159.97,18.0,3D,2025-09-23 06:01:29-04:00,POINT (-81.037318 33.996817)
2025-09-22 21:42:58 UTC,sensor07,236476538,19.44,84.18,2025-09-23 10:01:34+00:00,33.996438,-81.037138,93.5,8.11,-0.3,159.25,18.0,3D,2025-09-23 06:01:34-04:00,POINT (-81.037138 33.996438)
2025-09-22 21:43:03 UTC,sensor07,236476538,19.46,84.41,2025-09-23 10:01:39+00:00,33.996142,-81.036963,91.6,6.77,-0.4,156.15,18.0,3D,2025-09-23 06:01:39-04:00,POINT (-81.036963 33.996142)
2025-09-22 21:43:08 UTC,sensor07,236476538,19.44,84.57,2025-09-23 10:01:44+00:00,33.995895,-81.036852,89.9,4.71,-0.2,157.76,18.0,3D,2025-09-23 06:01:44-04:00,POINT (-81.036852 33.995895)
2025-09-22 21:43:24 UTC,sensor07,236476538,19.38,84.92,2025-09-23 10:02:00+00:00,33.995467,-81.036645,84.6,5.98,0.1,0.0,18.0,3D,2025-09-23 06:02:00-04:00,POINT (-81.036645 33.995467)
2025-09-22 21:43:29 UTC,sensor07,236476538,19.33,84.59,2025-09-23 10:02:05+00:00,33.995162,-81.036508,84.8,8.3,0.0,0.0,4.0,3D,2025-09-23 06:02:05-04:00,POINT (-81.036508 33.995162)
2025-09-22 21:43:34 UTC,sensor07,236476538,19.18,84.51,2025-09-23 10:02:10+00:00,33.994793,-81.036353,84.2,8.59,-0.2,0.0,11.0,3D,2025-09-23 06:02:10-04:00,POINT (-81.036353 33.994793)
2025-09-22 21:43:39 UTC,sensor07,236476538,19.29,84.94,2025-09-23 10:02:15+00:00,33.994483,-81.03622,82.5,5.62,-0.1,0.0,19.0,3D,2025-09-23 06:02:15-04:00,POINT (-81.03622 33.994483)
2025-09-22 21:43:44 UTC,sensor07,236476538,19.42,85.03,2025-09-23 10:02:20+00:00,33.994315,-81.036173,81.0,4.02,-0.5,189.65,19.0,3D,2025-09-23 06:02:20-04:00,POINT (-81.036173 33.994315)
2025-09-22 21:43:49 UTC,sensor07,236476538,19.46,84.82,2025-09-23 10:02:25+00:00,33.99417,-81.036373,78.3,7.07,-0.6,246.45,19.0,3D,2025-09-23 06:02:25-04:00,POINT (-81.036373 33.99417)
2025-09-22 21:43:54 UTC,sensor07,236476538,19.35,84.49,2025-09-23 10:02:30+00:00,33.994043,-81.036768,75.3,8.37,-0.4,249.1,19.0,3D,2025-09-23 06:02:30-04:00,POINT (-81.036768 33.994043)
2025-09-22 21:43:59 UTC,sensor07,236476538,19.24,84.86,2025-09-23 10:02:35+00:00,33.993925,-81.037172,73.3,7.23,-0.3,248.19,19.0,3D,2025-09-23 06:02:35-04:00,POINT (-81.037172 33.993925)
2025-09-22 21:44:04 UTC,sensor07,236476538,19.29,85.31,2025-09-23 10:02:40+00:00,33.99385,-81.037477,72.3,4.73,-0.1,247.82,19.0,3D,2025-09-23 06:02:40-04:00,POINT (-81.037477 33.99385)
2025-09-22 21:44:10 UTC,sensor07,236476538,19.44,85.25,2025-09-23 10:02:46+00:00,33.993777,-81.037753,73.1,6.58,-0.3,0.0,19.0,3D,2025-09-23 06:02:46-04:00,POINT (-81.037753 33.993777)
2025-09-22 21:44:15 UTC,sensor07,236476538,19.45,85.14,2025-09-23 10:02:51+00:00,33.993653,-81.038147,73.3,8.19,0.3,248.09,19.0,3D,2025-09-23 06:02:51-04:00,POINT (-81.038147 33.993653)
2025-09-22 21:44:20 UTC,sensor07,236476538,19.46,85.2,2025-09-23 10:02:53+00:00,33.993602,-81.038315,73.7,8.18,0.1,251.62,19.0,3D,2025-09-23 06:02:53-04:00,POINT (-81.038315 33.993602)
2025-09-22 21:44:25 UTC,sensor07,236476538,19.44,85.08,2025-09-23 10:02:59+00:00,33.993457,-81.038795,75.6,8.04,0.4,250.9,19.0,3D,2025-09-23 06:02:59-04:00,POINT (-81.038795 33.993457)
2025-09-22 21:44:30 UTC,sensor07,236476538,19.46,84.88,2025-09-23 10:03:06+00:00,33.993257,-81.039392,77.7,8.9,0.4,250.22,18.0,3D,2025-09-23 06:03:06-04:00,POINT (-81.039392 33.993257)
2025-09-22 21:44:36 UTC,sensor07,236476538,19.5,84.87,2025-09-23 10:03:12+00:00,33.993087,-81.039962,76.3,9.68,-0.7,0.0,18.0,3D,2025-09-23 06:03:12-04:00,POINT (-81.039962 33.993087)
2025-09-22 21:44:41 UTC,sensor07,236476538,19.48,84.91,2025-09-23 10:03:17+00:00,33.99295,-81.040437,76.4,7.58,0.2,249.33,18.0,3D,2025-09-23 06:03:17-04:00,POINT (-81.040437 33.99295)
2025-09-22 21:44:46 UTC,sensor07,236476538,19.45,85.07,2025-09-23 10:03:22+00:00,33.992888,-81.040705,76.1,2.62,0.2,248.1,18.0,3D,2025-09-23 06:03:22-04:00,POINT (-81.040705 33.992888)
2025-09-22 21:44:51 UTC,sensor07,236476538,19.4,85.09,2025-09-23 10:03:27+00:00,33.992838,-81.04098,72.2,7.07,-0.9,248.47,19.0,3D,2025-09-23 06:03:27-04:00,POINT (-81.04098 33.992838)
2025-09-22 21:44:56 UTC,sensor07,236476538,19.44,85.26,2025-09-23 10:03:32+00:00,33.992725,-81.041385,69.9,8.24,-0.2,249.15,19.0,3D,2025-09-23 06:03:32-04:00,POINT (-81.041385 33.992725)
2025-09-22 21:45:01 UTC,sensor07,236476538,19.42,85.44,2025-09-23 10:03:37+00:00,33.992598,-81.041793,69.5,7.92,-0.3,248.67,19.0,3D,2025-09-23 06:03:37-04:00,POINT (-81.041793 33.992598)
2025-09-22 21:45:06 UTC,sensor07,236476538,19.33,85.78,2025-09-23 10:03:42+00:00,33.992483,-81.042178,69.4,7.01,0.3,249.08,19.0,3D,2025-09-23 06:03:42-04:00,POINT (-81.042178 33.992483)
2025-09-22 21:45:11 UTC,sensor07,236476538,19.27,86.24,2025-09-23 10:03:47+00:00,33.992502,-81.042515,66.6,5.49,0.2,304.92,19.0,3D,2025-09-23 06:03:47-04:00,POINT (-81.042515 33.992502)
2025-09-22 21:45:16 UTC,sensor07,236476538,19.28,86.26,2025-09-23 10:03:52+00:00,33.99282,-81.04266,67.5,8.46,0.0,340.7,19.0,3D,2025-09-23 06:03:52-04:00,POINT (-81.04266 33.99282)
2025-09-22 21:45:22 UTC,sensor07,236476538,19.34,86.01,2025-09-23 10:03:58+00:00,33.99327,-81.04284,65.6,8.87,-0.5,0.0,18.0,3D,2025-09-23 06:03:58-04:00,POINT (-81.04284 33.99327)
2025-09-22 21:45:27 UTC,sensor07,236476538,19.34,85.87,2025-09-23 10:04:03+00:00,33.993643,-81.042997,62.9,8.75,-0.4,339.04,18.0,3D,2025-09-23 06:04:03-04:00,POINT (-81.042997 33.993643)
2025-09-22 21:45:32 UTC,sensor07,236476538,19.34,85.82,2025-09-23 10:04:08+00:00,33.994003,-81.043172,60.3,8.42,-0.4,336.67,18.0,3D,2025-09-23 06:04:08-04:00,POINT (-81.043172 33.994003)
2025-09-22 21:45:37 UTC,sensor07,236476538,19.27,85.85,2025-09-23 10:04:13+00:00,33.994362,-81.043345,57.2,8.54,-0.3,338.7,19.0,3D,2025-09-23 06:04:13-04:00,POINT (-81.043345 33.994362)
2025-09-22 21:45:42 UTC,sensor07,236476538,19.24,86.03,2025-09-23 10:04:18+00:00,33.994728,-81.0435,53.6,8.85,-0.7,338.49,19.0,3D,2025-09-23 06:04:18-04:00,POINT (-81.0435 33.994728)
2025-09-22 21:45:47 UTC,sensor07,236476538,19.23,86.23,2025-09-23 10:04:23+00:00,33.99512,-81.043675,51.5,9.93,-0.4,339.86,20.0,3D,2025-09-23 06:04:23-04:00,POINT (-81.043675 33.99512)
2025-09-22 21:45:52 UTC,sensor07,236476538,19.18,86.28,2025-09-23 10:04:28+00:00,33.995527,-81.043867,52.6,9.63,0.6,339.69,20.0,3D,2025-09-23 06:04:28-04:00,POINT (-81.043867 33.995527)
2025-09-22 21:45:57 UTC,sensor07,236476538,19.08,86.61,2025-09-23 10:04:33+00:00,33.995912,-81.044048,54.2,8.62,0.1,342.03,20.0,3D,2025-09-23 06:04:33-04:00,POINT (-81.044048 33.995912)
2025-09-22 21:46:03 UTC,sensor07,236476538,19.14,86.84,2025-09-23 10:04:39+00:00,33.996345,-81.044228,55.1,8.94,0.2,0.0,20.0,3D,2025-09-23 06:04:39-04:00,POINT (-81.044228 33.996345)
2025-09-22 21:46:08 UTC,sensor07,236476538,19.44,85.67,2025-09-23 10:04:44+00:00,33.996697,-81.044382,55.5,7.62,0.2,0.0,20.0,3D,2025-09-23 06:04:44-04:00,POINT (-81.044382 33.996697)
2025-09-22 21:46:13 UTC,sensor07,236476538,19.63,84.3,2025-09-23 10:04:49+00:00,33.997005,-81.04453,58.3,7.78,0.8,338.06,20.0,3D,2025-09-23 06:04:49-04:00,POINT (-81.04453 33.997005)
2025-09-22 21:46:18 UTC,sensor07,236476538,19.66,83.61,2025-09-23 10:04:54+00:00,33.997298,-81.044662,61.2,6.09,0.6,338.77,20.0,3D,2025-09-23 06:04:54-04:00,POINT (-81.044662 33.997298)
2025-09-22 21:46:23 UTC,sensor07,236476538,19.63,83.48,2025-09-23 10:04:57+00:00,33.997437,-81.044725,62.0,4.63,0.0,338.67,20.0,3D,2025-09-23 06:04:57-04:00,POINT (-81.044725 33.997437)
2025-09-22 21:46:59 UTC,sensor07,236476538,19.6,83.61,2025-09-23 10:05:35+00:00,33.997617,-81.044803,63.8,4.87,0.0,0.0,12.0,3D,2025-09-23 06:05:35-04:00,POINT (-81.044803 33.997617)
2025-09-22 21:47:04 UTC,sensor07,236476538,19.81,83.51,2025-09-23 10:05:40+00:00,33.997927,-81.044943,63.5,8.53,-0.1,0.0,20.0,3D,2025-09-23 06:05:40-04:00,POINT (-81.044943 33.997927)
2025-09-22 21:47:09 UTC,sensor07,236476538,19.98,82.94,2025-09-23 10:05:45+00:00,33.998348,-81.045122,63.3,10.48,-0.3,339.74,20.0,3D,2025-09-23 06:05:45-04:00,POINT (-81.045122 33.998348)
2025-09-22 21:47:14 UTC,sensor07,236476538,19.93,82.47,2025-09-23 10:05:50+00:00,33.99881,-81.04533,63.9,10.83,-0.8,338.81,20.0,3D,2025-09-23 06:05:50-04:00,POINT (-81.04533 33.99881)
2025-09-22 21:47:19 UTC,sensor07,236476538,19.82,82.43,2025-09-23 10:05:55+00:00,33.999205,-81.045527,65.6,9.47,0.2,339.11,20.0,3D,2025-09-23 06:05:55-04:00,POINT (-81.045527 33.999205)
2025-09-22 21:47:24 UTC,sensor07,236476538,19.88,82.4,2025-09-23 10:06:00+00:00,33.999622,-81.045713,63.7,9.85,-0.4,338.7,20.0,3D,2025-09-23 06:06:00-04:00,POINT (-81.045713 33.999622)
2025-09-22 21:47:30 UTC,sensor07,236476538,19.75,82.46,2025-09-23 10:06:06+00:00,34.000123,-81.045927,59.8,9.62,-0.5,0.0,20.0,3D,2025-09-23 06:06:06-04:00,POINT (-81.045927 34.000123)
2025-09-22 21:47:35 UTC,sensor07,236476538,19.67,82.9,2025-09-23 10:06:11+00:00,34.000533,-81.046103,58.6,9.4,0.3,339.12,20.0,3D,2025-09-23 06:06:11-04:00,POINT (-81.046103 34.000533)
2025-09-22 21:47:40 UTC,sensor07,236476538,19.65,83.29,2025-09-23 10:06:16+00:00,34.000918,-81.046277,58.2,9.96,-0.2,339.79,20.0,3D,2025-09-23 06:06:16-04:00,POINT (-81.046277 34.000918)
2025-09-22 21:47:45 UTC,sensor07,236476538,19.58,83.03,2025-09-23 10:06:21+00:00,34.001322,-81.046455,59.6,9.22,0.3,340.15,20.0,3D,2025-09-23 06:06:21-04:00,POINT (-81.046455 34.001322)
2025-09-22 21:47:50 UTC,sensor07,236476538,19.55,83.05,2025-09-23 10:06:26+00:00,34.001705,-81.046612,61.7,8.53,0.4,341.0,20.0,3D,2025-09-23 06:06:26-04:00,POINT (-81.046612 34.001705)
2025-09-22 21:47:55 UTC,sensor07,236476538,19.51,83.17,2025-09-23 10:06:31+00:00,34.002085,-81.046778,62.7,8.78,0.2,340.49,20.0,3D,2025-09-23 06:06:31-04:00,POINT (-81.046778 34.002085)
2025-09-22 21:48:00 UTC,sensor07,236476538,19.48,82.94,2025-09-23 10:06:36+00:00,34.00244,-81.046945,64.3,7.86,0.2,337.77,20.0,3D,2025-09-23 06:06:36-04:00,POINT (-81.046945 34.00244)
2025-09-22 21:48:05 UTC,sensor07,236476538,19.48,82.75,2025-09-23 10:06:41+00:00,34.002725,-81.047095,65.5,5.95,0.4,335.96,20.0,3D,2025-09-23 06:06:41-04:00,POINT (-81.047095 34.002725)
2025-09-22 21:48:11 UTC,sensor07,236476538,19.53,82.68,2025-09-23 10:06:47+00:00,34.002993,-81.047225,66.7,4.93,0.3,0.0,20.0,3D,2025-09-23 06:06:47-04:00,POINT (-81.047225 34.002993)
2025-09-22 21:48:16 UTC,sensor07,236476538,19.74,82.67,2025-09-23 10:06:52+00:00,34.003072,-81.047437,68.3,5.62,0.2,0.0,20.0,3D,2025-09-23 06:06:52-04:00,POINT (-81.047437 34.003072)
2025-09-22 21:48:21 UTC,sensor07,236476538,19.44,82.45,2025-09-23 10:06:53+00:00,34.003053,-81.0475,68.7,6.35,0.4,252.53,20.0,3D,2025-09-23 06:06:53-04:00,POINT (-81.0475 34.003053)
2025-09-22 21:48:26 UTC,sensor07,236476538,19.2,83.0,2025-09-23 10:06:59+00:00,34.00288,-81.047973,0.0,9.14,0.0,247.3,20.0,3D,2025-09-23 06:06:59-04:00,POINT (-81.047973 34.00288)
2025-09-22 21:48:31 UTC,sensor07,236476538,19.1,83.64,2025-09-23 10:07:07+00:00,34.002655,-81.048675,63.4,6.31,-0.3,243.71,20.0,3D,2025-09-23 06:07:07-04:00,POINT (-81.048675 34.002655)
2025-09-22 21:48:36 UTC,sensor07,236476538,19.12,84.05,2025-09-23 10:07:12+00:00,34.002448,-81.048847,60.2,5.6,-0.4,181.13,20.0,3D,2025-09-23 06:07:12-04:00,POINT (-81.048847 34.002448)
2025-09-22 21:48:41 UTC,sensor07,236476538,19.08,84.33,2025-09-23 10:07:17+00:00,34.002175,-81.04877,59.3,7.1,0.0,164.04,20.0,3D,2025-09-23 06:07:17-04:00,POINT (-81.04877 34.002175)
2025-09-22 21:48:46 UTC,sensor07,236476538,19.07,84.47,2025-09-23 10:07:22+00:00,34.001868,-81.048658,60.0,6.81,0.5,160.69,20.0,3D,2025-09-23 06:07:22-04:00,POINT (-81.048658 34.001868)
2025-09-22 21:48:52 UTC,sensor07,236476538,19.06,84.62,2025-09-23 10:07:28+00:00,34.001532,-81.048508,61.2,5.72,0.1,0.0,20.0,3D,2025-09-23 06:07:28-04:00,POINT (-81.048508 34.001532)
2025-09-22 21:48:57 UTC,sensor07,236476538,18.97,84.89,2025-09-23 10:07:33+00:00,34.001315,-81.048595,62.8,5.29,0.0,0.0,20.0,3D,2025-09-23 06:07:33-04:00,POINT (-81.048595 34.001315)
2025-09-22 21:49:02 UTC,sensor07,236476538,19.0,85.16,2025-09-23 10:07:38+00:00,34.001175,-81.04889,64.3,6.92,0.0,248.3,20.0,3D,2025-09-23 06:07:38-04:00,POINT (-81.04889 34.001175)
2025-09-22 21:49:07 UTC,sensor07,236476538,18.97,85.2,2025-09-23 10:07:43+00:00,34.001055,-81.049267,64.9,8.05,0.3,249.05,20.0,3D,2025-09-23 06:07:43-04:00,POINT (-81.049267 34.001055)
2025-09-22 21:49:12 UTC,sensor07,236476538,18.97,85.1,2025-09-23 10:07:48+00:00,34.000932,-81.04969,63.4,8.48,-0.5,250.81,20.0,3D,2025-09-23 06:07:48-04:00,POINT (-81.04969 34.000932)
2025-09-22 21:49:17 UTC,sensor07,236476538,18.92,85.11,2025-09-23 10:07:53+00:00,34.000793,-81.050132,63.4,8.54,-0.1,246.08,20.0,3D,2025-09-23 06:07:53-04:00,POINT (-81.050132 34.000793)
2025-09-22 21:49:22 UTC,sensor07,236476538,18.93,85.18,2025-09-23 10:07:58+00:00,34.000637,-81.050562,62.4,9.03,-0.4,243.89,20.0,3D,2025-09-23 06:07:58-04:00,POINT (-81.050562 34.000637)
2025-09-22 21:49:27 UTC,sensor07,236476538,18.98,85.06,2025-09-23 10:08:03+00:00,34.00046,-81.050992,58.2,9.27,-0.5,240.73,20.0,3D,2025-09-23 06:08:03-04:00,POINT (-81.050992 34.00046)
2025-09-22 21:49:32 UTC,sensor07,236476538,18.92,85.27,2025-09-23 10:08:08+00:00,34.00025,-81.051443,56.0,10.04,-0.3,241.1,20.0,3D,2025-09-23 06:08:08-04:00,POINT (-81.051443 34.00025)
2025-09-22 21:49:38 UTC,sensor07,236476538,18.95,85.78,2025-09-23 10:08:14+00:00,34.000002,-81.051988,50.3,9.29,-0.5,0.0,20.0,3D,2025-09-23 06:08:14-04:00,POINT (-81.051988 34.000002)
2025-09-22 21:49:43 UTC,sensor07,236476538,18.93,85.71,2025-09-23 10:08:19+00:00,33.999812,-81.052412,49.0,9.12,-0.1,241.29,20.0,3D,2025-09-23 06:08:19-04:00,POINT (-81.052412 33.999812)
2025-09-22 21:49:48 UTC,sensor07,236476538,18.85,85.87,2025-09-23 10:08:24+00:00,33.999607,-81.052838,49.6,8.8,0.4,240.98,20.0,3D,2025-09-23 06:08:24-04:00,POINT (-81.052838 33.999607)
2025-09-22 21:49:53 UTC,sensor07,236476538,18.93,86.82,2025-09-23 10:08:29+00:00,33.999408,-81.053277,48.6,9.63,0.0,241.33,20.0,3D,2025-09-23 06:08:29-04:00,POINT (-81.053277 33.999408)
2025-09-22 21:49:58 UTC,sensor07,236476538,19.0,87.85,2025-09-23 10:08:34+00:00,33.99921,-81.053715,48.5,8.87,0.1,241.03,20.0,3D,2025-09-23 06:08:34-04:00,POINT (-81.053715 33.99921)
2025-09-22 21:50:03 UTC,sensor07,236476538,18.97,88.28,2025-09-23 10:08:39+00:00,33.999005,-81.054165,49.5,10.06,0.1,240.94,20.0,3D,2025-09-23 06:08:39-04:00,POINT (-81.054165 33.999005)
2025-09-22 21:50:08 UTC,sensor07,236476538,18.87,88.58,2025-09-23 10:08:44+00:00,33.998802,-81.054613,49.8,8.88,0.1,240.77,20.0,3D,2025-09-23 06:08:44-04:00,POINT (-81.054613 33.998802)
2025-09-22 21:50:13 UTC,sensor07,236476538,18.83,88.69,2025-09-23 10:08:49+00:00,33.998603,-81.055038,50.5,9.59,0.1,238.29,20.0,3D,2025-09-23 06:08:49-04:00,POINT (-81.055038 33.998603)
2025-09-22 21:50:19 UTC,sensor07,236476538,18.84,88.79,2025-09-23 10:08:55+00:00,33.998322,-81.0556,51.1,10.12,0.4,0.0,20.0,3D,2025-09-23 06:08:55-04:00,POINT (-81.0556 33.998322)
2025-09-22 21:50:24 UTC,sensor07,236476538,18.75,88.72,2025-09-23 10:09:00+00:00,33.998115,-81.056055,52.3,9.29,0.1,0.0,8.0,3D,2025-09-23 06:09:00-04:00,POINT (-81.056055 33.998115)
2025-09-22 21:50:29 UTC,sensor07,236476538,18.67,88.7,2025-09-23 10:09:05+00:00,33.997902,-81.056522,51.9,9.78,-0.3,0.0,12.0,3D,2025-09-23 06:09:05-04:00,POINT (-81.056522 33.997902)
2025-09-22 21:50:34 UTC,sensor07,236476538,18.59,88.86,2025-09-23 10:09:10+00:00,33.997708,-81.056987,52.1,9.67,0.4,0.0,16.0,3D,2025-09-23 06:09:10-04:00,POINT (-81.056987 33.997708)
2025-09-22 21:50:39 UTC,sensor07,236476538,18.5,89.02,2025-09-23 10:09:15+00:00,33.997553,-81.05748,55.2,8.8,0.1,246.88,20.0,3D,2025-09-23 06:09:15-04:00,POINT (-81.05748 33.997553)
2025-09-22 21:50:44 UTC,sensor07,236476538,18.48,88.97,2025-09-23 10:09:20+00:00,33.997412,-81.057872,56.6,7.1,0.3,246.44,20.0,3D,2025-09-23 06:09:20-04:00,POINT (-81.057872 33.997412)
2025-09-22 21:50:49 UTC,sensor07,236476538,18.45,89.08,2025-09-23 10:09:25+00:00,33.997297,-81.05819,58.3,6.98,0.4,246.94,20.0,3D,2025-09-23 06:09:25-04:00,POINT (-81.05819 33.997297)
2025-09-22 21:50:54 UTC,sensor07,236476538,18.44,89.23,2025-09-23 10:09:30+00:00,33.997163,-81.058555,60.3,7.97,-0.2,245.35,20.0,3D,2025-09-23 06:09:30-04:00,POINT (-81.058555 33.997163)
2025-09-22 21:51:00 UTC,sensor07,236476538,18.4,89.3,2025-09-23 10:09:36+00:00,33.996967,-81.059025,58.6,8.13,0.1,0.0,20.0,3D,2025-09-23 06:09:36-04:00,POINT (-81.059025 33.996967)
2025-09-22 21:51:05 UTC,sensor07,236476538,18.29,89.16,2025-09-23 10:09:41+00:00,33.996822,-81.059412,58.5,7.39,0.3,0.0,20.0,3D,2025-09-23 06:09:41-04:00,POINT (-81.059412 33.996822)
2025-09-22 21:51:10 UTC,sensor07,236476538,18.23,89.28,2025-09-23 10:09:46+00:00,33.996715,-81.05967,58.9,3.6,0.2,233.36,20.0,3D,2025-09-23 06:09:46-04:00,POINT (-81.05967 33.996715)
2025-09-22 21:51:25 UTC,sensor07,236476538,18.42,89.32,2025-09-23 10:10:01+00:00,33.996455,-81.059677,60.9,4.91,0.0,122.41,20.0,3D,2025-09-23 06:10:01-04:00,POINT (-81.059677 33.996455)
2025-09-22 21:51:30 UTC,sensor07,236476538,18.55,88.98,2025-09-23 10:10:06+00:00,33.996385,-81.059385,60.7,6.34,-0.3,99.63,20.0,3D,2025-09-23 06:10:06-04:00,POINT (-81.059385 33.996385)
2025-09-22 21:51:35 UTC,sensor07,236476538,18.74,88.44,2025-09-23 10:10:11+00:00,33.996303,-81.058935,59.2,7.11,-0.1,100.86,20.0,3D,2025-09-23 06:10:11-04:00,POINT (-81.058935 33.996303)
2025-09-22 21:51:40 UTC,sensor07,236476538,18.68,88.08,2025-09-23 10:10:16+00:00,33.99623,-81.058557,58.9,7.27,0.4,104.47,20.0,3D,2025-09-23 06:10:16-04:00,POINT (-81.058557 33.99623)
2025-09-22 21:51:46 UTC,sensor07,236476538,18.68,88.05,2025-09-23 10:10:22+00:00,33.996118,-81.058105,58.1,7.28,-0.1,0.0,20.0,3D,2025-09-23 06:10:22-04:00,POINT (-81.058105 33.996118)
2025-09-22 21:51:51 UTC,sensor07,236476538,18.79,88.05,2025-09-23 10:10:27+00:00,33.996003,-81.057727,58.4,7.26,0.1,109.97,20.0,3D,2025-09-23 06:10:27-04:00,POINT (-81.057727 33.996003)
2025-09-22 21:51:56 UTC,sensor07,236476538,18.85,88.23,2025-09-23 10:10:32+00:00,33.995887,-81.057355,56.7,7.38,-0.2,110.54,20.0,3D,2025-09-23 06:10:32-04:00,POINT (-81.057355 33.995887)
2025-09-22 21:52:01 UTC,sensor07,236476538,18.91,88.27,2025-09-23 10:10:37+00:00,33.995755,-81.056987,56.2,7.27,0.3,112.99,20.0,3D,2025-09-23 06:10:37-04:00,POINT (-81.056987 33.995755)
2025-09-22 21:52:06 UTC,sensor07,236476538,18.99,88.09,2025-09-23 10:10:42+00:00,33.995627,-81.056637,58.6,6.91,0.9,114.51,20.0,3D,2025-09-23 06:10:42-04:00,POINT (-81.056637 33.995627)
2025-09-22 21:52:11 UTC,sensor07,236476538,18.97,87.92,2025-09-23 10:10:47+00:00,33.995482,-81.056265,59.9,8.22,0.7,114.34,20.0,3D,2025-09-23 06:10:47-04:00,POINT (-81.056265 33.995482)
2025-09-22 21:52:16 UTC,sensor07,236476538,18.97,87.85,2025-09-23 10:10:52+00:00,33.995305,-81.055863,60.7,7.22,-0.3,116.26,20.0,3D,2025-09-23 06:10:52-04:00,POINT (-81.055863 33.995305)
2025-09-22 21:52:22 UTC,sensor07,236476538,18.95,87.9,2025-09-23 10:10:56+00:00,33.995207,-81.055648,60.6,4.9,0.0,0.0,20.0,3D,2025-09-23 06:10:56-04:00,POINT (-81.055648 33.995207)
2025-09-22 21:52:27 UTC,sensor07,236476538,18.91,87.97,2025-09-23 10:11:01+00:00,33.995003,-81.055567,62.2,5.67,0.8,187.89,20.0,3D,2025-09-23 06:11:01-04:00,POINT (-81.055567 33.995003)
2025-09-22 21:52:32 UTC,sensor07,236476538,18.88,88.08,2025-09-23 10:11:08+00:00,33.994707,-81.055682,61.1,4.94,-0.16,0.0,20.0,3D,2025-09-23 06:11:08-04:00,POINT (-81.055682 33.994707)
2025-09-22 21:52:47 UTC,sensor07,236476538,18.95,88.14,2025-09-23 10:11:23+00:00,33.994557,-81.055767,64.0,3.51,-0.1,228.56,20.0,3D,2025-09-23 06:11:23-04:00,POINT (-81.055767 33.994557)
2025-09-22 21:52:52 UTC,sensor07,236476538,18.9,88.09,2025-09-23 10:11:28+00:00,33.994455,-81.056025,66.0,6.96,0.5,252.61,20.0,3D,2025-09-23 06:11:28-04:00,POINT (-81.056025 33.994455)
2025-09-22 21:52:57 UTC,sensor07,236476538,18.86,88.12,2025-09-23 10:11:33+00:00,33.994347,-81.056425,67.7,7.43,-0.1,253.67,20.0,3D,2025-09-23 06:11:33-04:00,POINT (-81.056425 33.994347)
2025-09-22 21:53:02 UTC,sensor07,236476538,18.91,87.79,2025-09-23 10:11:38+00:00,33.99426,-81.056843,63.1,8.32,-1.6,253.96,20.0,3D,2025-09-23 06:11:38-04:00,POINT (-81.056843 33.99426)
2025-09-22 21:53:07 UTC,sensor07,236476538,18.88,87.36,2025-09-23 10:11:43+00:00,33.994178,-81.057262,57.4,7.83,-0.4,252.69,20.0,3D,2025-09-23 06:11:43-04:00,POINT (-81.057262 33.994178)
2025-09-22 21:53:12 UTC,sensor07,236476538,18.87,87.25,2025-09-23 10:11:48+00:00,33.994065,-81.057653,56.9,7.52,0.0,250.39,20.0,3D,2025-09-23 06:11:48-04:00,POINT (-81.057653 33.994065)
2025-09-22 21:53:17 UTC,sensor07,236476538,18.87,87.29,2025-09-23 10:11:53+00:00,33.993965,-81.058028,57.0,7.3,-0.1,251.38,20.0,3D,2025-09-23 06:11:53-04:00,POINT (-81.058028 33.993965)
2025-09-22 21:53:22 UTC,sensor07,236476538,18.76,87.31,2025-09-23 10:11:58+00:00,33.99387,-81.058372,58.6,6.53,0.6,252.36,20.0,3D,2025-09-23 06:11:58-04:00,POINT (-81.058372 33.99387)
2025-09-22 21:53:27 UTC,sensor07,236476538,18.76,87.47,2025-09-23 10:12:03+00:00,33.993775,-81.058718,61.2,6.97,0.5,251.44,20.0,3D,2025-09-23 06:12:03-04:00,POINT (-81.058718 33.993775)
2025-09-22 21:53:32 UTC,sensor07,236476538,18.71,87.53,2025-09-23 10:12:08+00:00,33.993673,-81.059098,62.9,7.44,0.3,252.33,20.0,3D,2025-09-23 06:12:08-04:00,POINT (-81.059098 33.993673)
2025-09-22 21:53:37 UTC,sensor07,236476538,18.78,87.53,2025-09-23 10:12:13+00:00,33.993567,-81.059468,64.2,6.78,0.4,251.69,20.0,3D,2025-09-23 06:12:13-04:00,POINT (-81.059468 33.993567)
2025-09-22 21:53:42 UTC,sensor07,236476538,18.77,87.4,2025-09-23 10:12:18+00:00,33.993468,-81.059832,65.1,7.4,0.0,251.06,20.0,3D,2025-09-23 06:12:18-04:00,POINT (-81.059832 33.993468)
2025-09-22 21:53:47 UTC,sensor07,236476538,18.59,87.35,2025-09-23 10:12:23+00:00,33.993357,-81.060208,66.0,7.38,0.2,250.81,20.0,3D,2025-09-23 06:12:23-04:00,POINT (-81.060208 33.993357)
2025-09-22 21:53:52 UTC,sensor07,236476538,18.58,87.59,2025-09-23 10:12:28+00:00,33.99324,-81.060598,67.1,7.57,0.2,249.37,20.0,3D,2025-09-23 06:12:28-04:00,POINT (-81.060598 33.99324)
2025-09-22 21:53:57 UTC,sensor07,236476538,18.53,87.57,2025-09-23 10:12:33+00:00,33.993122,-81.060975,69.0,7.7,0.4,249.83,20.0,3D,2025-09-23 06:12:33-04:00,POINT (-81.060975 33.993122)
2025-09-22 21:54:02 UTC,sensor07,236476538,18.51,87.61,2025-09-23 10:12:38+00:00,33.992995,-81.06136,71.2,7.53,0.5,248.75,20.0,3D,2025-09-23 06:12:38-04:00,POINT (-81.06136 33.992995)
2025-09-22 21:54:07 UTC,sensor07,236476538,18.32,87.72,2025-09-23 10:12:43+00:00,33.99288,-81.061708,73.6,6.6,0.5,249.53,20.0,3D,2025-09-23 06:12:43-04:00,POINT (-81.061708 33.99288)
2025-09-22 21:54:12 UTC,sensor07,236476538,18.34,87.98,2025-09-23 10:12:48+00:00,33.992775,-81.062028,74.0,6.11,-1.1,249.52,20.0,3D,2025-09-23 06:12:48-04:00,POINT (-81.062028 33.992775)
2025-09-22 21:54:18 UTC,sensor07,236476538,18.35,88.21,2025-09-23 10:12:54+00:00,33.992675,-81.062347,71.7,4.58,-0.4,0.0,20.0,3D,2025-09-23 06:12:54-04:00,POINT (-81.062347 33.992675)
2025-09-22 21:54:23 UTC,sensor07,236476538,18.39,88.25,2025-09-23 10:12:56+00:00,33.992598,-81.062388,71.3,4.93,-0.3,0.0,20.0,3D,2025-09-23 06:12:56-04:00,POINT (-81.062388 33.992598)
2025-09-22 21:54:28 UTC,sensor07,236476538,18.43,88.04,2025-09-23 10:13:04+00:00,33.992237,-81.06223,74.6,5.38,0.9,0.0,20.0,3D,2025-09-23 06:13:04-04:00,POINT (-81.06223 33.992237)
2025-09-22 21:54:33 UTC,sensor07,236476538,18.47,87.8,2025-09-23 10:13:09+00:00,33.992005,-81.062112,76.6,4.93,0.2,156.52,20.0,3D,2025-09-23 06:13:09-04:00,POINT (-81.062112 33.992005)
2025-09-22 21:54:38 UTC,sensor07,236476538,18.44,87.62,2025-09-23 10:13:14+00:00,33.991885,-81.062058,75.5,2.55,0.0,166.97,20.0,3D,2025-09-23 06:13:14-04:00,POINT (-81.062058 33.991885)
2025-09-22 21:54:43 UTC,sensor07,236476538,18.33,87.69,2025-09-23 10:13:19+00:00,33.9918,-81.062123,76.6,3.63,0.3,244.71,20.0,3D,2025-09-23 06:13:19-04:00,POINT (-81.062123 33.9918)
2025-09-22 21:54:48 UTC,sensor07,236476538,18.28,87.93,2025-09-23 10:13:24+00:00,33.99173,-81.062365,76.4,5.48,-0.6,246.03,20.0,3D,2025-09-23 06:13:24-04:00,POINT (-81.062365 33.99173)
2025-09-22 21:54:53 UTC,sensor07,236476538,18.27,87.93,2025-09-23 10:13:29+00:00,33.991638,-81.062627,76.5,5.19,0.1,248.7,20.0,3D,2025-09-23 06:13:29-04:00,POINT (-81.062627 33.991638)
2025-09-22 21:54:58 UTC,sensor07,236476538,18.28,88.01,2025-09-23 10:13:34+00:00,33.991542,-81.062882,77.1,5.02,0.4,248.36,20.0,3D,2025-09-23 06:13:34-04:00,POINT (-81.062882 33.991542)
2025-09-22 21:55:03 UTC,sensor07,236476538,18.34,88.02,2025-09-23 10:13:39+00:00,33.991467,-81.063142,79.5,4.58,0.6,249.82,20.0,3D,2025-09-23 06:13:39-04:00,POINT (-81.063142 33.991467)
2025-09-22 21:55:08 UTC,sensor07,236476538,18.31,87.87,2025-09-23 10:13:44+00:00,33.991422,-81.063345,79.8,2.99,0.4,248.45,20.0,3D,2025-09-23 06:13:44-04:00,POINT (-81.063345 33.991422)
2025-09-22 21:55:13 UTC,sensor07,236476538,18.32,87.85,2025-09-23 10:13:49+00:00,33.991328,-81.06341,80.1,2.81,0.1,177.45,20.0,3D,2025-09-23 06:13:49-04:00,POINT (-81.06341 33.991328)
2025-09-22 21:55:18 UTC,sensor07,236476538,18.32,87.92,2025-09-23 10:13:54+00:00,33.991193,-81.063355,81.4,3.53,0.6,156.44,20.0,3D,2025-09-23 06:13:54-04:00,POINT (-81.063355 33.991193)
2025-09-22 21:55:23 UTC,sensor07,236476538,18.28,87.99,2025-09-23 10:13:59+00:00,33.991012,-81.063275,82.6,4.59,-0.1,158.45,20.0,3D,2025-09-23 06:13:59-04:00,POINT (-81.063275 33.991012)
2025-09-22 21:55:28 UTC,sensor07,236476538,18.25,88.04,2025-09-23 10:14:04+00:00,33.990805,-81.063165,82.6,4.99,-0.2,157.61,20.0,3D,2025-09-23 06:14:04-04:00,POINT (-81.063165 33.990805)
2025-09-22 21:55:33 UTC,sensor07,236476538,18.29,88.11,2025-09-23 10:14:09+00:00,33.990607,-81.063062,81.1,4.87,0.0,156.49,20.0,3D,2025-09-23 06:14:09-04:00,POINT (-81.063062 33.990607)
2025-09-22 21:55:38 UTC,sensor07,236476538,18.3,88.09,2025-09-23 10:14:14+00:00,33.990405,-81.062955,80.8,4.58,-0.3,156.58,20.0,3D,2025-09-23 06:14:14-04:00,POINT (-81.062955 33.990405)
2025-09-22 21:55:53 UTC,sensor07,236476538,18.3,88.42,2025-09-23 10:14:29+00:00,33.990107,-81.06295,78.7,2.93,0.1,248.66,20.0,3D,2025-09-23 06:14:29-04:00,POINT (-81.06295 33.990107)
2025-09-22 21:55:58 UTC,sensor07,236476538,18.29,88.43,2025-09-23 10:14:34+00:00,33.99005,-81.063163,80.0,4.2,0.2,255.08,20.0,3D,2025-09-23 06:14:34-04:00,POINT (-81.063163 33.99005)
2025-09-22 21:56:03 UTC,sensor07,236476538,18.36,88.34,2025-09-23 10:14:40+00:00,33.989997,-81.063487,82.2,5.2,-0.1,0.0,20.0,3D,2025-09-23 06:14:40-04:00,POINT (-81.063487 33.989997)
2025-09-22 21:56:09 UTC,sensor07,236476538,18.29,88.23,2025-09-23 10:14:45+00:00,33.989957,-81.063795,82.5,5.77,0.1,0.0,20.0,3D,2025-09-23 06:14:45-04:00,POINT (-81.063795 33.989957)
2025-09-22 21:56:14 UTC,sensor07,236476538,18.34,88.3,2025-09-23 10:14:50+00:00,33.989915,-81.064065,82.5,5.26,-0.2,0.0,20.0,3D,2025-09-23 06:14:50-04:00,POINT (-81.064065 33.989915)
2025-09-22 21:56:19 UTC,sensor07,236476538,18.29,88.27,2025-09-23 10:14:55+00:00,33.989868,-81.064352,80.8,5.05,-0.5,0.0,20.0,3D,2025-09-23 06:14:55-04:00,POINT (-81.064352 33.989868)
2025-09-22 21:56:24 UTC,sensor07,236476538,18.27,88.1,2025-09-23 10:15:00+00:00,33.989828,-81.064597,77.1,3.96,-0.7,0.0,20.0,3D,2025-09-23 06:15:00-04:00,POINT (-81.064597 33.989828)
2025-09-22 21:56:29 UTC,sensor07,236476538,18.28,88.2,2025-09-23 10:15:01+00:00,33.989823,-81.064635,76.6,3.58,-0.5,0.0,20.0,3D,2025-09-23 06:15:01-04:00,POINT (-81.064635 33.989823)
2025-09-22 21:56:34 UTC,sensor07,236476538,18.25,88.15,2025-09-23 10:15:10+00:00,33.989692,-81.064727,77.3,2.84,0.2,0.0,12.0,3D,2025-09-23 06:15:10-04:00,POINT (-81.064727 33.989692)
2025-09-22 21:56:39 UTC,sensor07,236476538,18.25,88.24,2025-09-23 10:15:15+00:00,33.989507,-81.064658,77.3,4.98,0.1,0.0,12.0,3D,2025-09-23 06:15:15-04:00,POINT (-81.064658 33.989507)
2025-09-22 21:56:44 UTC,sensor07,236476538,18.29,88.3,2025-09-23 10:15:20+00:00,33.989305,-81.064558,77.9,4.35,0.4,0.0,12.0,3D,2025-09-23 06:15:20-04:00,POINT (-81.064558 33.989305)
2025-09-22 21:56:49 UTC,sensor07,236476538,18.38,88.11,2025-09-23 10:15:25+00:00,33.989102,-81.064487,79.2,5.11,0.0,0.0,16.0,3D,2025-09-23 06:15:25-04:00,POINT (-81.064487 33.989102)
2025-09-22 21:56:59 UTC,sensor07,236476538,18.44,87.69,2025-09-23 10:15:35+00:00,33.988857,-81.064323,82.1,4.05,0.0,0.0,20.0,3D,2025-09-23 06:15:35-04:00,POINT (-81.064323 33.988857)
2025-09-22 21:57:04 UTC,sensor07,236476538,18.43,87.77,2025-09-23 10:15:40+00:00,33.988822,-81.064098,82.4,2.84,0.1,98.56,20.0,3D,2025-09-23 06:15:40-04:00,POINT (-81.064098 33.988822)
2025-09-22 21:57:09 UTC,sensor07,236476538,18.47,87.8,2025-09-23 10:15:45+00:00,33.988735,-81.063988,81.8,3.12,0.0,161.95,20.0,3D,2025-09-23 06:15:45-04:00,POINT (-81.063988 33.988735)
2025-09-22 21:57:14 UTC,sensor07,236476538,18.46,87.81,2025-09-23 10:15:50+00:00,33.988578,-81.06395,82.0,4.37,0.3,167.84,20.0,3D,2025-09-23 06:15:50-04:00,POINT (-81.06395 33.988578)
2025-09-22 21:57:19 UTC,sensor07,236476538,18.41,87.85,2025-09-23 10:15:55+00:00,33.98836,-81.063897,81.4,5.02,-0.7,164.89,20.0,3D,2025-09-23 06:15:55-04:00,POINT (-81.063897 33.98836)
2025-09-22 21:57:24 UTC,sensor07,236476538,18.29,88.02,2025-09-23 10:16:00+00:00,33.988137,-81.063848,79.2,4.77,-0.5,169.27,20.0,3D,2025-09-23 06:16:00-04:00,POINT (-81.063848 33.988137)
2025-09-22 21:57:34 UTC,sensor07,236476538,18.26,88.34,2025-09-23 10:16:10+00:00,33.987958,-81.063832,77.5,2.43,-0.2,234.21,20.0,3D,2025-09-23 06:16:10-04:00,POINT (-81.063832 33.987958)
2025-09-22 21:57:39 UTC,sensor07,236476538,18.3,88.53,2025-09-23 10:16:15+00:00,33.9879,-81.06401,75.7,4.69,-0.3,253.07,20.0,3D,2025-09-23 06:16:15-04:00,POINT (-81.06401 33.9879)
2025-09-22 21:57:44 UTC,sensor07,236476538,18.27,88.56,2025-09-23 10:16:21+00:00,33.987842,-81.064335,77.5,6.63,2.4,0.0,20.0,3D,2025-09-23 06:16:21-04:00,POINT (-81.064335 33.987842)
2025-09-22 21:57:50 UTC,sensor07,236476538,18.29,88.73,2025-09-23 10:16:26+00:00,33.987782,-81.064623,78.9,5.59,0.0,0.0,20.0,3D,2025-09-23 06:16:26-04:00,POINT (-81.064623 33.987782)
2025-09-22 21:57:55 UTC,sensor07,236476538,18.36,88.54,2025-09-23 10:16:31+00:00,33.98771,-81.064888,77.6,5.41,0.0,0.0,20.0,3D,2025-09-23 06:16:31-04:00,POINT (-81.064888 33.98771)
2025-09-22 21:58:00 UTC,sensor07,236476538,18.4,88.28,2025-09-23 10:16:36+00:00,33.987628,-81.065167,77.7,5.55,0.0,0.0,20.0,3D,2025-09-23 06:16:36-04:00,POINT (-81.065167 33.987628)
2025-09-22 21:58:05 UTC,sensor07,236476538,18.45,88.01,2025-09-23 10:16:41+00:00,33.987542,-81.065447,78.5,5.47,0.2,250.25,20.0,3D,2025-09-23 06:16:41-04:00,POINT (-81.065447 33.987542)
2025-09-22 21:58:10 UTC,sensor07,236476538,18.44,87.75,2025-09-23 10:16:46+00:00,33.987455,-81.065718,80.6,5.07,0.6,249.62,20.0,3D,2025-09-23 06:16:46-04:00,POINT (-81.065718 33.987455)
2025-09-22 21:58:15 UTC,sensor07,236476538,18.42,87.55,2025-09-23 10:16:51+00:00,33.987385,-81.065943,81.6,4.01,-0.3,249.16,20.0,3D,2025-09-23 06:16:51-04:00,POINT (-81.065943 33.987385)
2025-09-22 21:58:25 UTC,sensor07,236476538,18.48,87.83,2025-09-23 10:17:01+00:00,33.987282,-81.066127,82.6,2.81,0.5,196.72,20.0,3D,2025-09-23 06:17:01-04:00,POINT (-81.066127 33.987282)
2025-09-22 21:58:30 UTC,sensor07,236476538,18.45,87.84,2025-09-23 10:17:06+00:00,33.987098,-81.066103,83.6,4.89,0.1,163.69,20.0,3D,2025-09-23 06:17:06-04:00,POINT (-81.066103 33.987098)
2025-09-22 21:58:35 UTC,sensor07,236476538,18.58,87.73,2025-09-23 10:17:11+00:00,33.98685,-81.066002,85.1,5.48,0.2,161.98,20.0,3D,2025-09-23 06:17:11-04:00,POINT (-81.066002 33.98685)
2025-09-22 21:58:40 UTC,sensor07,236476538,18.55,87.39,2025-09-23 10:17:16+00:00,33.98661,-81.065902,86.0,5.67,0.2,158.61,20.0,3D,2025-09-23 06:17:16-04:00,POINT (-81.065902 33.98661)
2025-09-22 21:58:45 UTC,sensor07,236476538,18.48,87.31,2025-09-23 10:17:21+00:00,33.98638,-81.065792,84.5,5.55,-0.5,159.65,20.0,3D,2025-09-23 06:17:21-04:00,POINT (-81.065792 33.98638)
2025-09-22 21:58:50 UTC,sensor07,236476538,18.36,87.44,2025-09-23 10:17:26+00:00,33.986128,-81.065683,83.3,6.13,0.0,159.11,20.0,3D,2025-09-23 06:17:26-04:00,POINT (-81.065683 33.986128)
2025-09-22 21:58:55 UTC,sensor07,236476538,18.25,87.64,2025-09-23 10:17:31+00:00,33.985847,-81.065558,82.1,6.99,-0.4,160.69,20.0,3D,2025-09-23 06:17:31-04:00,POINT (-81.065558 33.985847)
2025-09-22 21:59:00 UTC,sensor07,236476538,18.2,87.92,2025-09-23 10:17:36+00:00,33.985543,-81.065398,82.2,6.99,0.1,156.72,20.0,3D,2025-09-23 06:17:36-04:00,POINT (-81.065398 33.985543)
2025-09-22 21:59:05 UTC,sensor07,236476538,18.28,88.07,2025-09-23 10:17:41+00:00,33.985262,-81.065253,82.6,6.75,-0.3,157.72,20.0,3D,2025-09-23 06:17:41-04:00,POINT (-81.065253 33.985262)
2025-09-22 21:59:10 UTC,sensor07,236476538,18.36,88.07,2025-09-23 10:17:46+00:00,33.984988,-81.065115,82.5,6.49,-0.7,159.11,20.0,3D,2025-09-23 06:17:46-04:00,POINT (-81.065115 33.984988)
2025-09-22 21:59:15 UTC,sensor07,236476538,18.32,88.0,2025-09-23 10:17:51+00:00,33.984717,-81.065008,82.4,6.44,0.1,159.36,20.0,3D,2025-09-23 06:17:51-04:00,POINT (-81.065008 33.984717)
2025-09-22 21:59:21 UTC,sensor07,236476538,18.29,87.9,2025-09-23 10:17:57+00:00,33.98438,-81.064872,79.7,6.82,-0.5,0.0,20.0,3D,2025-09-23 06:17:57-04:00,POINT (-81.064872 33.98438)
2025-09-22 21:59:26 UTC,sensor07,236476538,18.28,87.97,2025-09-23 10:18:02+00:00,33.98408,-81.06474,77.0,7.27,-0.5,0.0,20.0,3D,2025-09-23 06:18:02-04:00,POINT (-81.06474 33.98408)
2025-09-22 21:59:31 UTC,sensor07,236476538,18.38,87.89,2025-09-23 10:18:07+00:00,33.98377,-81.06461,75.6,7.62,-0.3,0.0,20.0,3D,2025-09-23 06:18:07-04:00,POINT (-81.06461 33.98377)
2025-09-22 21:59:36 UTC,sensor07,236476538,18.32,87.65,2025-09-23 10:18:12+00:00,33.983475,-81.064478,73.6,6.9,0.1,159.4,20.0,3D,2025-09-23 06:18:12-04:00,POINT (-81.064478 33.983475)
2025-09-22 21:59:41 UTC,sensor07,236476538,18.28,87.71,2025-09-23 10:18:17+00:00,33.983203,-81.064355,73.0,6.32,-0.2,158.13,20.0,3D,2025-09-23 06:18:17-04:00,POINT (-81.064355 33.983203)
2025-09-22 21:59:46 UTC,sensor07,236476538,18.32,87.8,2025-09-23 10:18:22+00:00,33.982928,-81.06423,72.2,6.52,-0.1,159.83,20.0,3D,2025-09-23 06:18:22-04:00,POINT (-81.06423 33.982928)
2025-09-22 21:59:51 UTC,sensor07,236476538,18.39,87.64,2025-09-23 10:18:27+00:00,33.982672,-81.064122,71.1,5.62,-0.1,161.44,20.0,3D,2025-09-23 06:18:27-04:00,POINT (-81.064122 33.982672)
2025-09-22 21:59:56 UTC,sensor07,236476538,18.24,87.47,2025-09-23 10:18:32+00:00,33.982425,-81.064007,70.2,5.91,0.0,160.35,20.0,3D,2025-09-23 06:18:32-04:00,POINT (-81.064007 33.982425)
2025-09-22 22:00:01 UTC,sensor07,236476538,18.17,87.7,2025-09-23 10:18:37+00:00,33.982173,-81.063912,67.8,5.71,-0.7,160.71,20.0,3D,2025-09-23 06:18:37-04:00,POINT (-81.063912 33.982173)
2025-09-22 22:00:06 UTC,sensor07,236476538,18.15,88.0,2025-09-23 10:18:42+00:00,33.981952,-81.063813,68.0,4.63,-0.1,157.74,20.0,3D,2025-09-23 06:18:42-04:00,POINT (-81.063813 33.981952)
2025-09-22 22:00:11 UTC,sensor07,236476538,18.17,88.12,2025-09-23 10:18:47+00:00,33.981792,-81.063748,67.0,2.54,0.1,161.05,20.0,3D,2025-09-23 06:18:47-04:00,POINT (-81.063748 33.981792)
2025-09-22 22:00:31 UTC,sensor07,236476538,18.28,88.15,2025-09-23 10:19:07+00:00,33.981587,-81.063643,67.7,5.16,0.3,155.42,20.0,3D,2025-09-23 06:19:07-04:00,POINT (-81.063643 33.981587)
2025-09-22 22:00:36 UTC,sensor07,236476538,18.33,87.99,2025-09-23 10:19:12+00:00,33.981367,-81.063523,69.0,5.53,0.2,158.98,20.0,3D,2025-09-23 06:19:12-04:00,POINT (-81.063523 33.981367)
2025-09-22 22:00:41 UTC,sensor07,236476538,18.48,87.79,2025-09-23 10:19:17+00:00,33.981137,-81.063407,68.9,5.34,0.0,158.4,20.0,3D,2025-09-23 06:19:17-04:00,POINT (-81.063407 33.981137)
2025-09-22 22:00:46 UTC,sensor07,236476538,18.54,87.48,2025-09-23 10:19:22+00:00,33.980925,-81.063298,68.7,4.51,-0.3,159.45,20.0,3D,2025-09-23 06:19:22-04:00,POINT (-81.063298 33.980925)
2025-09-22 22:00:57 UTC,sensor07,236476538,18.56,87.17,2025-09-23 10:19:33+00:00,33.980638,-81.06319,67.1,3.67,0.1,0.0,20.0,3D,2025-09-23 06:19:33-04:00,POINT (-81.06319 33.980638)
2025-09-22 22:01:02 UTC,sensor07,236476538,18.63,87.11,2025-09-23 10:19:38+00:00,33.980448,-81.063085,67.1,5.55,-0.1,0.0,20.0,3D,2025-09-23 06:19:38-04:00,POINT (-81.063085 33.980448)
2025-09-22 22:01:07 UTC,sensor07,236476538,18.58,87.03,2025-09-23 10:19:43+00:00,33.980222,-81.062978,66.2,4.92,-0.4,0.0,20.0,3D,2025-09-23 06:19:43-04:00,POINT (-81.062978 33.980222)
2025-09-22 22:01:12 UTC,sensor07,236476538,18.51,87.37,2025-09-23 10:19:48+00:00,33.98,-81.062887,66.9,5.1,0.1,0.0,20.0,3D,2025-09-23 06:19:48-04:00,POINT (-81.062887 33.98)
2025-09-22 22:01:17 UTC,sensor07,236476538,18.47,87.67,2025-09-23 10:19:53+00:00,33.979838,-81.062808,67.5,2.64,0.4,158.95,20.0,3D,2025-09-23 06:19:53-04:00,POINT (-81.062808 33.979838)
2025-09-22 22:01:22 UTC,sensor07,236476538,18.42,87.89,2025-09-23 10:19:58+00:00,33.979778,-81.062692,69.8,2.81,0.7,88.26,20.0,3D,2025-09-23 06:19:58-04:00,POINT (-81.062692 33.979778)
2025-09-22 22:01:27 UTC,sensor07,236476538,18.44,87.97,2025-09-23 10:20:03+00:00,33.979837,-81.062482,71.4,4.33,0.3,71.47,20.0,3D,2025-09-23 06:20:03-04:00,POINT (-81.062482 33.979837)
2025-09-22 22:01:32 UTC,sensor07,236476538,18.46,87.86,2025-09-23 10:20:08+00:00,33.979915,-81.062228,68.5,4.62,-0.5,71.94,20.0,3D,2025-09-23 06:20:08-04:00,POINT (-81.062228 33.979915)
2025-09-22 22:01:37 UTC,sensor07,236476538,18.37,87.77,2025-09-23 10:20:13+00:00,33.979978,-81.061978,67.4,4.7,-0.1,74.03,20.0,3D,2025-09-23 06:20:13-04:00,POINT (-81.061978 33.979978)
2025-09-22 22:01:42 UTC,sensor07,236476538,18.4,87.86,2025-09-23 10:20:18+00:00,33.980018,-81.06172,67.8,5.24,0.5,78.17,20.0,3D,2025-09-23 06:20:18-04:00,POINT (-81.06172 33.980018)
2025-09-22 22:01:47 UTC,sensor07,236476538,18.31,87.93,2025-09-23 10:20:23+00:00,33.98006,-81.06144,67.6,5.11,-0.3,77.01,20.0,3D,2025-09-23 06:20:23-04:00,POINT (-81.06144 33.98006)
2025-09-22 22:01:52 UTC,sensor07,236476538,18.32,87.97,2025-09-23 10:20:28+00:00,33.980108,-81.061168,67.4,5.11,-0.4,81.34,20.0,3D,2025-09-23 06:20:28-04:00,POINT (-81.061168 33.980108)
2025-09-22 22:01:57 UTC,sensor07,236476538,18.36,88.02,2025-09-23 10:20:33+00:00,33.980158,-81.0609,66.6,4.97,0.0,79.99,20.0,3D,2025-09-23 06:20:33-04:00,POINT (-81.0609 33.980158)
2025-09-22 22:02:02 UTC,sensor07,236476538,18.24,88.18,2025-09-23 10:20:38+00:00,33.980215,-81.060632,65.5,4.38,-0.2,77.33,21.0,3D,2025-09-23 06:20:38-04:00,POINT (-81.060632 33.980215)
2025-09-22 22:02:12 UTC,sensor07,236476538,18.2,88.5,2025-09-23 10:20:48+00:00,33.980125,-81.060432,64.6,3.21,-0.1,163.23,21.0,3D,2025-09-23 06:20:48-04:00,POINT (-81.060432 33.980125)
2025-09-22 22:02:17 UTC,sensor07,236476538,18.2,88.65,2025-09-23 10:20:53+00:00,33.979938,-81.060393,64.8,4.48,0.4,166.62,21.0,3D,2025-09-23 06:20:53-04:00,POINT (-81.060393 33.979938)
2025-09-22 22:02:22 UTC,sensor07,236476538,18.15,88.75,2025-09-23 10:20:56+00:00,33.979808,-81.060373,65.2,5.18,0.0,0.0,21.0,3D,2025-09-23 06:20:56-04:00,POINT (-81.060373 33.979808)
2025-09-22 22:02:27 UTC,sensor07,236476538,18.12,88.8,2025-09-23 10:21:01+00:00,33.979613,-81.060325,66.4,4.09,0.2,167.31,21.0,3D,2025-09-23 06:21:01-04:00,POINT (-81.060325 33.979613)
2025-09-22 22:02:37 UTC,sensor07,236476538,18.11,88.9,2025-09-23 10:21:13+00:00,33.979312,-81.060237,71.0,2.76,0.8,171.8,21.0,3D,2025-09-23 06:21:13-04:00,POINT (-81.060237 33.979312)
2025-09-22 22:02:42 UTC,sensor07,236476538,18.11,88.85,2025-09-23 10:21:19+00:00,33.979112,-81.060218,70.0,4.48,-0.4,0.0,21.0,3D,2025-09-23 06:21:19-04:00,POINT (-81.060218 33.979112)
2025-09-22 22:02:48 UTC,sensor07,236476538,18.09,88.84,2025-09-23 10:21:24+00:00,33.978882,-81.060152,70.0,5.44,-0.4,0.0,21.0,3D,2025-09-23 06:21:24-04:00,POINT (-81.060152 33.978882)
2025-09-22 22:02:53 UTC,sensor07,236476538,18.09,88.9,2025-09-23 10:21:29+00:00,33.978673,-81.060075,72.5,4.41,0.4,0.0,21.0,3D,2025-09-23 06:21:29-04:00,POINT (-81.060075 33.978673)
2025-09-22 22:02:58 UTC,sensor07,236476538,18.04,89.04,2025-09-23 10:21:34+00:00,33.97848,-81.060028,73.3,4.26,0.1,0.0,21.0,3D,2025-09-23 06:21:34-04:00,POINT (-81.060028 33.97848)
2025-09-22 22:03:03 UTC,sensor07,236476538,18.07,89.14,2025-09-23 10:21:39+00:00,33.97836,-81.059992,73.7,2.25,0.1,164.3,21.0,3D,2025-09-23 06:21:39-04:00,POINT (-81.059992 33.97836)
2025-09-22 22:03:08 UTC,sensor07,236476538,17.99,89.1,2025-09-23 10:21:44+00:00,33.978212,-81.059965,73.3,3.95,0.2,171.72,21.0,3D,2025-09-23 06:21:44-04:00,POINT (-81.059965 33.978212)
2025-09-22 22:03:13 UTC,sensor07,236476538,17.97,89.21,2025-09-23 10:21:49+00:00,33.978007,-81.059918,74.2,4.62,0.2,169.39,21.0,3D,2025-09-23 06:21:49-04:00,POINT (-81.059918 33.978007)
2025-09-22 22:03:18 UTC,sensor07,236476538,17.89,89.27,2025-09-23 10:21:54+00:00,33.977797,-81.059862,75.3,4.59,1.0,168.3,21.0,3D,2025-09-23 06:21:54-04:00,POINT (-81.059862 33.977797)
2025-09-22 22:03:23 UTC,sensor07,236476538,17.85,89.37,2025-09-23 10:21:59+00:00,33.977592,-81.059808,78.5,4.55,0.4,169.89,21.0,3D,2025-09-23 06:21:59-04:00,POINT (-81.059808 33.977592)
2025-09-22 22:03:28 UTC,sensor07,236476538,17.83,89.46,2025-09-23 10:22:04+00:00,33.97744,-81.059775,78.0,2.31,0.1,172.82,21.0,3D,2025-09-23 06:22:04-04:00,POINT (-81.059775 33.97744)
2025-09-22 22:03:33 UTC,sensor07,236476538,17.85,89.62,2025-09-23 10:22:09+00:00,33.977362,-81.059692,74.9,2.8,-0.1,115.71,21.0,3D,2025-09-23 06:22:09-04:00,POINT (-81.059692 33.977362)
2025-09-22 22:03:38 UTC,sensor07,236476538,17.84,89.76,2025-09-23 10:22:14+00:00,33.97737,-81.059473,71.5,4.91,-0.7,79.82,21.0,3D,2025-09-23 06:22:14-04:00,POINT (-81.059473 33.97737)
2025-09-22 22:03:43 UTC,sensor07,236476538,17.92,89.9,2025-09-23 10:22:19+00:00,33.977418,-81.059158,67.9,5.76,-0.9,76.25,21.0,3D,2025-09-23 06:22:19-04:00,POINT (-81.059158 33.977418)
2025-09-22 22:03:48 UTC,sensor07,236476538,17.83,89.77,2025-09-23 10:22:24+00:00,33.977488,-81.05884,65.1,6.15,-0.7,77.25,21.0,3D,2025-09-23 06:22:24-04:00,POINT (-81.05884 33.977488)
2025-09-22 22:03:53 UTC,sensor07,236476538,17.81,89.85,2025-09-23 10:22:29+00:00,33.97754,-81.058538,64.4,5.64,-0.5,77.01,21.0,3D,2025-09-23 06:22:29-04:00,POINT (-81.058538 33.97754)
2025-09-22 22:03:58 UTC,sensor07,236476538,17.76,89.93,2025-09-23 10:22:34+00:00,33.977587,-81.058233,63.7,5.35,-0.3,77.62,21.0,3D,2025-09-23 06:22:34-04:00,POINT (-81.058233 33.977587)
2025-09-22 22:04:03 UTC,sensor07,236476538,17.78,89.88,2025-09-23 10:22:39+00:00,33.977627,-81.058018,63.2,2.82,0.0,77.27,21.0,3D,2025-09-23 06:22:39-04:00,POINT (-81.058018 33.977627)
2025-09-22 22:04:08 UTC,sensor07,236476538,17.78,89.83,2025-09-23 10:22:44+00:00,33.977645,-81.057908,62.7,2.78,0.0,76.12,21.0,3D,2025-09-23 06:22:44-04:00,POINT (-81.057908 33.977645)
2025-09-22 22:04:13 UTC,sensor07,236476538,17.84,90.03,2025-09-23 10:22:49+00:00,33.977687,-81.057707,63.4,4.96,0.1,74.69,21.0,3D,2025-09-23 06:22:49-04:00,POINT (-81.057707 33.977687)
2025-09-22 22:04:18 UTC,sensor07,236476538,17.84,89.93,2025-09-23 10:22:54+00:00,33.977743,-81.057412,64.5,5.52,0.4,75.28,21.0,3D,2025-09-23 06:22:54-04:00,POINT (-81.057412 33.977743)
2025-09-22 22:04:23 UTC,sensor07,236476538,17.85,89.98,2025-09-23 10:22:59+00:00,33.977787,-81.05714,65.4,4.84,0.1,76.61,21.0,3D,2025-09-23 06:22:59-04:00,POINT (-81.05714 33.977787)
2025-09-22 22:04:28 UTC,sensor07,236476538,17.85,89.96,2025-09-23 10:23:04+00:00,33.977835,-81.056875,64.9,5.32,0.1,77.04,21.0,3D,2025-09-23 06:23:04-04:00,POINT (-81.056875 33.977835)
2025-09-22 22:04:34 UTC,sensor07,236476538,17.85,89.95,2025-09-23 10:23:10+00:00,33.977895,-81.056537,64.6,5.2,-0.1,0.0,21.0,3D,2025-09-23 06:23:10-04:00,POINT (-81.056537 33.977895)
2025-09-22 22:04:39 UTC,sensor07,236476538,17.88,89.92,2025-09-23 10:23:15+00:00,33.977938,-81.056285,64.7,4.38,0.1,0.0,21.0,3D,2025-09-23 06:23:15-04:00,POINT (-81.056285 33.977938)
2025-09-22 22:04:44 UTC,sensor07,236476538,17.86,89.87,2025-09-23 10:23:20+00:00,33.977972,-81.056137,64.2,2.38,0.0,0.0,21.0,3D,2025-09-23 06:23:20-04:00,POINT (-81.056137 33.977972)
2025-09-22 22:04:54 UTC,sensor07,236476538,17.78,89.98,2025-09-23 10:23:30+00:00,33.977765,-81.056052,65.5,3.36,0.2,0.0,4.0,3D,2025-09-23 06:23:30-04:00,POINT (-81.056052 33.977765)
2025-09-22 22:04:59 UTC,sensor07,236476538,17.76,90.11,2025-09-23 10:23:35+00:00,33.977587,-81.056007,66.6,4.3,0.1,0.0,4.0,3D,2025-09-23 06:23:35-04:00,POINT (-81.056007 33.977587)
2025-09-22 22:05:04 UTC,sensor07,236476538,17.69,90.21,2025-09-23 10:23:40+00:00,33.977375,-81.055948,65.6,4.68,-0.1,0.0,8.0,3D,2025-09-23 06:23:40-04:00,POINT (-81.055948 33.977375)
2025-09-22 22:05:09 UTC,sensor07,236476538,17.68,90.55,2025-09-23 10:23:45+00:00,33.977172,-81.055893,65.4,4.07,0.1,0.0,8.0,3D,2025-09-23 06:23:45-04:00,POINT (-81.055893 33.977172)
2025-09-22 22:05:14 UTC,sensor07,236476538,17.68,90.56,2025-09-23 10:23:50+00:00,33.977067,-81.055865,66.8,2.3,0.2,0.0,12.0,3D,2025-09-23 06:23:50-04:00,POINT (-81.055865 33.977067)
2025-09-22 22:05:19 UTC,sensor07,236476538,17.68,90.56,2025-09-23 10:23:55+00:00,33.977027,-81.05576,67.7,2.62,-0.3,0.0,16.0,3D,2025-09-23 06:23:55-04:00,POINT (-81.05576 33.977027)
2025-09-22 22:05:24 UTC,sensor07,236476538,17.72,90.58,2025-09-23 10:24:00+00:00,33.977075,-81.055538,66.0,4.9,-0.1,0.0,20.0,3D,2025-09-23 06:24:00-04:00,POINT (-81.055538 33.977075)
2025-09-22 22:05:29 UTC,sensor07,236476538,17.71,90.62,2025-09-23 10:24:05+00:00,33.977127,-81.055297,65.0,4.9,0.2,0.0,21.0,3D,2025-09-23 06:24:05-04:00,POINT (-81.055297 33.977127)
2025-09-22 22:05:34 UTC,sensor07,236476538,17.72,90.49,2025-09-23 10:24:10+00:00,33.977177,-81.05504,65.5,4.99,0.2,79.07,21.0,3D,2025-09-23 06:24:10-04:00,POINT (-81.05504 33.977177)
2025-09-22 22:05:39 UTC,sensor07,236476538,17.72,90.51,2025-09-23 10:24:15+00:00,33.977232,-81.054783,64.9,4.66,-0.2,78.26,21.0,3D,2025-09-23 06:24:15-04:00,POINT (-81.054783 33.977232)
2025-09-22 22:05:44 UTC,sensor07,236476538,17.77,90.56,2025-09-23 10:24:20+00:00,33.97726,-81.05454,63.9,3.85,-0.1,76.43,21.0,3D,2025-09-23 06:24:20-04:00,POINT (-81.05454 33.97726)
2025-09-22 22:05:54 UTC,sensor07,236476538,17.79,90.55,2025-09-23 10:24:30+00:00,33.977267,-81.054268,63.3,3.51,0.2,90.07,21.0,3D,2025-09-23 06:24:30-04:00,POINT (-81.054268 33.977267)
2025-09-22 22:05:59 UTC,sensor07,236476538,17.83,90.57,2025-09-23 10:24:35+00:00,33.977305,-81.054067,62.4,2.69,0.1,66.76,21.0,3D,2025-09-23 06:24:35-04:00,POINT (-81.054067 33.977305)
2025-09-22 22:06:09 UTC,sensor07,236476538,17.99,90.64,2025-09-23 10:24:45+00:00,33.977288,-81.053865,63.2,3.06,-0.1,150.41,21.0,3D,2025-09-23 06:24:45-04:00,POINT (-81.053865 33.977288)
2025-09-22 22:06:14 UTC,sensor07,236476538,17.96,90.37,2025-09-23 10:24:50+00:00,33.977095,-81.053735,62.0,5.67,-0.2,149.57,21.0,3D,2025-09-23 06:24:50-04:00,POINT (-81.053735 33.977095)
2025-09-22 22:06:19 UTC,sensor07,236476538,17.93,90.12,2025-09-23 10:24:56+00:00,33.97681,-81.053577,62.0,6.13,0.2,0.0,21.0,3D,2025-09-23 06:24:56-04:00,POINT (-81.053577 33.97681)
2025-09-22 22:06:25 UTC,sensor07,236476538,17.89,90.12,2025-09-23 10:24:57+00:00,33.97676,-81.053545,62.0,5.87,0.0,149.4,21.0,3D,2025-09-23 06:24:57-04:00,POINT (-81.053545 33.97676)
2025-09-22 22:06:30 UTC,sensor07,236476538,17.97,90.3,2025-09-23 10:25:06+00:00,33.97634,-81.053272,57.8,5.95,-0.2,0.0,21.0,3D,2025-09-23 06:25:06-04:00,POINT (-81.053272 33.97634)
2025-09-22 22:06:35 UTC,sensor07,236476538,18.06,90.27,2025-09-23 10:25:11+00:00,33.976115,-81.05312,56.8,5.87,-0.1,0.0,21.0,3D,2025-09-23 06:25:11-04:00,POINT (-81.05312 33.976115)
2025-09-22 22:06:40 UTC,sensor07,236476538,17.98,90.04,2025-09-23 10:25:16+00:00,33.975883,-81.052943,56.5,6.19,0.1,0.0,21.0,3D,2025-09-23 06:25:16-04:00,POINT (-81.052943 33.975883)
2025-09-22 22:06:45 UTC,sensor07,236476538,17.93,90.14,2025-09-23 10:25:21+00:00,33.975645,-81.052783,58.4,5.44,0.5,148.57,21.0,3D,2025-09-23 06:25:21-04:00,POINT (-81.052783 33.975645)
2025-09-22 22:06:50 UTC,sensor07,236476538,17.98,90.22,2025-09-23 10:25:26+00:00,33.975435,-81.052628,57.1,6.02,-0.3,150.4,21.0,3D,2025-09-23 06:25:26-04:00,POINT (-81.052628 33.975435)
2025-09-22 22:06:55 UTC,sensor07,236476538,18.09,90.08,2025-09-23 10:25:31+00:00,33.975233,-81.052462,56.9,4.16,-0.1,148.16,21.0,3D,2025-09-23 06:25:31-04:00,POINT (-81.052462 33.975233)
2025-09-22 22:07:00 UTC,sensor07,236476538,18.16,89.78,2025-09-23 10:25:36+00:00,33.975163,-81.052313,58.6,2.5,0.3,87.66,21.0,3D,2025-09-23 06:25:36-04:00,POINT (-81.052313 33.975163)
2025-09-22 22:07:05 UTC,sensor07,236476538,18.18,89.61,2025-09-23 10:25:41+00:00,33.975217,-81.052175,60.7,3.54,0.5,55.66,21.0,3D,2025-09-23 06:25:41-04:00,POINT (-81.052175 33.975217)
2025-09-22 22:07:10 UTC,sensor07,236476538,18.25,89.46,2025-09-23 10:25:46+00:00,33.975327,-81.051962,62.2,4.89,0.1,59.8,21.0,3D,2025-09-23 06:25:46-04:00,POINT (-81.051962 33.975327)
2025-09-22 22:07:15 UTC,sensor07,236476538,18.16,89.42,2025-09-23 10:25:51+00:00,33.97544,-81.051747,63.8,4.72,0.2,57.57,21.0,3D,2025-09-23 06:25:51-04:00,POINT (-81.051747 33.97544)
2025-09-22 22:07:20 UTC,sensor07,236476538,18.13,89.65,2025-09-23 10:25:56+00:00,33.97555,-81.051542,65.5,4.21,0.5,60.08,21.0,3D,2025-09-23 06:25:56-04:00,POINT (-81.051542 33.97555)
2025-09-22 22:07:25 UTC,sensor07,236476538,18.08,89.83,2025-09-23 10:26:01+00:00,33.97565,-81.051328,64.8,4.35,-0.5,57.86,21.0,3D,2025-09-23 06:26:01-04:00,POINT (-81.051328 33.97565)
2025-09-22 22:07:30 UTC,sensor07,236476538,18.16,90.04,2025-09-23 10:26:06+00:00,33.975745,-81.051135,62.4,4.03,-0.5,58.97,21.0,3D,2025-09-23 06:26:06-04:00,POINT (-81.051135 33.975745)
2025-09-22 22:07:35 UTC,sensor07,236476538,18.12,90.03,2025-09-23 10:26:11+00:00,33.97584,-81.050945,62.0,3.99,0.3,58.94,21.0,3D,2025-09-23 06:26:11-04:00,POINT (-81.050945 33.97584)
2025-09-22 22:07:40 UTC,sensor07,236476538,18.12,90.05,2025-09-23 10:26:16+00:00,33.975942,-81.050822,62.2,2.47,0.4,6.86,21.0,3D,2025-09-23 06:26:16-04:00,POINT (-81.050822 33.975942)
2025-09-22 22:07:45 UTC,sensor07,236476538,18.12,90.06,2025-09-23 10:26:21+00:00,33.976102,-81.050858,60.2,4.12,-0.1,341.43,21.0,3D,2025-09-23 06:26:21-04:00,POINT (-81.050858 33.976102)
2025-09-22 22:07:50 UTC,sensor07,236476538,18.1,90.03,2025-09-23 10:26:26+00:00,33.976303,-81.05093,60.4,4.68,0.0,343.63,21.0,3D,2025-09-23 06:26:26-04:00,POINT (-81.05093 33.976303)
2025-09-22 22:07:55 UTC,sensor07,236476538,18.01,90.04,2025-09-23 10:26:32+00:00,33.976555,-81.051032,60.0,4.87,0.1,0.0,21.0,3D,2025-09-23 06:26:32-04:00,POINT (-81.051032 33.976555)
2025-09-22 22:08:01 UTC,sensor07,236476538,18.0,90.21,2025-09-23 10:26:37+00:00,33.976777,-81.051103,58.9,5.14,-0.2,0.0,21.0,3D,2025-09-23 06:26:37-04:00,POINT (-81.051103 33.976777)
2025-09-22 22:08:06 UTC,sensor07,236476538,17.99,90.31,2025-09-23 10:26:42+00:00,33.97699,-81.051177,58.3,5.05,-0.3,0.0,21.0,3D,2025-09-23 06:26:42-04:00,POINT (-81.051177 33.97699)
2025-09-22 22:08:11 UTC,sensor07,236476538,17.99,90.46,2025-09-23 10:26:47+00:00,33.977207,-81.051268,59.1,4.92,0.1,0.0,21.0,3D,2025-09-23 06:26:47-04:00,POINT (-81.051268 33.977207)
2025-09-22 22:08:16 UTC,sensor07,236476538,18.04,90.58,2025-09-23 10:26:52+00:00,33.977448,-81.051362,59.8,5.89,0.0,342.35,21.0,3D,2025-09-23 06:26:52-04:00,POINT (-81.051362 33.977448)
2025-09-22 22:08:21 UTC,sensor07,236476538,18.06,90.52,2025-09-23 10:26:57+00:00,33.977697,-81.051452,59.5,5.45,-0.1,343.15,21.0,3D,2025-09-23 06:26:57-04:00,POINT (-81.051452 33.977697)
2025-09-22 22:08:26 UTC,sensor07,236476538,18.14,90.47,2025-09-23 10:26:58+00:00,33.977745,-81.051468,59.6,5.42,0.1,343.09,21.0,3D,2025-09-23 06:26:58-04:00,POINT (-81.051468 33.977745)
2025-09-22 22:08:31 UTC,sensor07,236476538,18.16,90.3,2025-09-23 10:27:07+00:00,33.978185,-81.051623,58.5,6.03,-0.2,343.71,21.0,3D,2025-09-23 06:27:07-04:00,POINT (-81.051623 33.978185)
2025-09-22 22:08:36 UTC,sensor07,236476538,18.12,90.11,2025-09-23 10:27:12+00:00,33.97846,-81.051693,56.3,5.98,-0.8,346.44,21.0,3D,2025-09-23 06:27:12-04:00,POINT (-81.051693 33.97846)
2025-09-22 22:08:41 UTC,sensor07,236476538,18.07,90.04,2025-09-23 10:27:17+00:00,33.978668,-81.051745,53.6,3.24,-0.4,349.76,21.0,3D,2025-09-23 06:27:17-04:00,POINT (-81.051745 33.978668)
2025-09-22 22:08:46 UTC,sensor07,236476538,18.12,90.24,2025-09-23 10:27:22+00:00,33.978812,-81.051775,53.2,4.31,0.0,350.7,21.0,3D,2025-09-23 06:27:22-04:00,POINT (-81.051775 33.978812)
2025-09-22 22:08:51 UTC,sensor07,236476538,18.23,90.38,2025-09-23 10:27:27+00:00,33.979038,-81.05178,52.5,4.99,-0.3,8.6,21.0,3D,2025-09-23 06:27:27-04:00,POINT (-81.05178 33.979038)
2025-09-22 22:08:56 UTC,sensor07,236476538,18.25,90.27,2025-09-23 10:27:32+00:00,33.979227,-81.051712,52.7,4.33,0.0,22.06,21.0,3D,2025-09-23 06:27:32-04:00,POINT (-81.051712 33.979227)
2025-09-22 22:09:01 UTC,sensor07,236476538,18.22,90.2,2025-09-23 10:27:37+00:00,33.979423,-81.051617,53.2,5.0,0.3,20.3,21.0,3D,2025-09-23 06:27:37-04:00,POINT (-81.051617 33.979423)
2025-09-22 22:09:06 UTC,sensor07,236476538,18.2,90.19,2025-09-23 10:27:42+00:00,33.979627,-81.051518,55.0,4.9,0.2,24.61,21.0,3D,2025-09-23 06:27:42-04:00,POINT (-81.051518 33.979627)
2025-09-22 22:09:11 UTC,sensor07,236476538,18.2,90.26,2025-09-23 10:27:47+00:00,33.979822,-81.051427,58.0,4.85,1.3,23.1,21.0,3D,2025-09-23 06:27:47-04:00,POINT (-81.051427 33.979822)
2025-09-22 22:09:16 UTC,sensor07,236476538,18.21,90.29,2025-09-23 10:27:52+00:00,33.98002,-81.051318,60.8,4.64,0.5,22.04,21.0,3D,2025-09-23 06:27:52-04:00,POINT (-81.051318 33.98002)
2025-09-22 22:09:21 UTC,sensor07,236476538,18.23,90.27,2025-09-23 10:27:57+00:00,33.980225,-81.051197,62.9,5.21,0.5,18.77,21.0,3D,2025-09-23 06:27:57-04:00,POINT (-81.051197 33.980225)
2025-09-22 22:09:26 UTC,sensor07,236476538,18.28,90.24,2025-09-23 10:28:02+00:00,33.980462,-81.05112,64.0,4.73,0.4,7.53,21.0,3D,2025-09-23 06:28:02-04:00,POINT (-81.05112 33.980462)
2025-09-22 22:09:31 UTC,sensor07,236476538,18.26,90.29,2025-09-23 10:28:07+00:00,33.980693,-81.051128,64.3,4.83,-0.1,351.87,21.0,3D,2025-09-23 06:28:07-04:00,POINT (-81.051128 33.980693)
2025-09-22 22:09:37 UTC,sensor07,236476538,18.29,90.22,2025-09-23 10:28:13+00:00,33.980978,-81.051193,64.3,5.05,0.2,0.0,21.0,3D,2025-09-23 06:28:13-04:00,POINT (-81.051193 33.980978)
2025-09-22 22:09:42 UTC,sensor07,236476538,18.25,90.2,2025-09-23 10:28:18+00:00,33.981228,-81.051233,64.6,5.95,0.1,0.0,21.0,3D,2025-09-23 06:28:18-04:00,POINT (-81.051233 33.981228)
2025-09-22 22:09:47 UTC,sensor07,236476538,18.12,90.1,2025-09-23 10:28:23+00:00,33.981485,-81.051285,64.2,5.47,0.3,0.0,21.0,3D,2025-09-23 06:28:23-04:00,POINT (-81.051285 33.981485)
2025-09-22 22:09:52 UTC,sensor07,236476538,18.08,90.18,2025-09-23 10:28:28+00:00,33.981713,-81.051327,65.7,4.3,0.3,0.0,21.0,3D,2025-09-23 06:28:28-04:00,POINT (-81.051327 33.981713)
2025-09-22 22:09:57 UTC,sensor07,236476538,18.09,90.24,2025-09-23 10:28:33+00:00,33.981832,-81.051358,66.1,4.06,0.4,352.98,21.0,3D,2025-09-23 06:28:33-04:00,POINT (-81.051358 33.981832)
2025-09-22 22:10:02 UTC,sensor07,236476538,18.15,90.32,2025-09-23 10:28:38+00:00,33.982085,-81.051403,66.2,6.42,-0.1,350.67,21.0,3D,2025-09-23 06:28:38-04:00,POINT (-81.051403 33.982085)
2025-09-22 22:10:07 UTC,sensor07,236476538,18.11,90.39,2025-09-23 10:28:43+00:00,33.982315,-81.051453,66.4,4.09,0.1,348.66,21.0,3D,2025-09-23 06:28:43-04:00,POINT (-81.051453 33.982315)
2025-09-22 22:10:12 UTC,sensor07,236476538,18.15,90.55,2025-09-23 10:28:48+00:00,33.982445,-81.051455,66.0,2.34,-0.5,23.48,21.0,3D,2025-09-23 06:28:48-04:00,POINT (-81.051455 33.982445)
2025-09-22 22:10:17 UTC,sensor07,236476538,18.12,90.61,2025-09-23 10:28:53+00:00,33.982502,-81.05131,65.2,4.42,-0.6,78.29,21.0,3D,2025-09-23 06:28:53-04:00,POINT (-81.05131 33.982502)
2025-09-22 22:10:22 UTC,sensor07,236476538,18.16,90.52,2025-09-23 10:28:58+00:00,33.982538,-81.050985,61.0,6.79,-0.8,81.37,21.0,3D,2025-09-23 06:28:58-04:00,POINT (-81.050985 33.982538)
2025-09-22 22:10:27 UTC,sensor07,236476538,18.23,90.58,2025-09-23 10:29:03+00:00,33.982585,-81.050658,57.1,5.29,-0.68,81.46,21.0,3D,2025-09-23 06:29:03-04:00,POINT (-81.050658 33.982585)
2025-09-22 22:10:32 UTC,sensor07,236476538,18.18,90.44,2025-09-23 10:29:08+00:00,33.982612,-81.050455,53.5,2.75,-0.9,77.04,21.0,3D,2025-09-23 06:29:08-04:00,POINT (-81.050455 33.982612)
2025-09-22 22:10:37 UTC,sensor07,236476538,18.21,90.53,2025-09-23 10:29:13+00:00,33.982693,-81.050362,51.8,2.56,0.1,17.3,21.0,3D,2025-09-23 06:29:13-04:00,POINT (-81.050362 33.982693)
2025-09-22 22:10:42 UTC,sensor07,236476538,18.2,90.58,2025-09-23 10:29:18+00:00,33.982873,-81.050353,51.9,3.68,-0.1,354.95,21.0,3D,2025-09-23 06:29:18-04:00,POINT (-81.050353 33.982873)
2025-09-22 22:10:47 UTC,sensor07,236476538,18.2,90.51,2025-09-23 10:29:23+00:00,33.983052,-81.050373,50.6,4.02,-0.1,354.94,21.0,3D,2025-09-23 06:29:23-04:00,POINT (-81.050373 33.983052)
2025-09-22 22:10:52 UTC,sensor07,236476538,18.23,90.43,2025-09-23 10:29:28+00:00,33.983243,-81.050407,50.6,4.86,0.0,349.61,21.0,3D,2025-09-23 06:29:28-04:00,POINT (-81.050407 33.983243)
2025-09-22 22:10:57 UTC,sensor07,236476538,18.23,90.63,2025-09-23 10:29:33+00:00,33.983447,-81.050452,50.1,4.22,-0.3,350.99,21.0,3D,2025-09-23 06:29:33-04:00,POINT (-81.050452 33.983447)
2025-09-22 22:11:02 UTC,sensor07,236476538,18.24,90.75,2025-09-23 10:29:38+00:00,33.98364,-81.050503,50.0,4.59,-0.2,348.67,21.0,3D,2025-09-23 06:29:38-04:00,POINT (-81.050503 33.98364)
2025-09-22 22:11:07 UTC,sensor07,236476538,18.29,90.9,2025-09-23 10:29:43+00:00,33.983838,-81.050543,48.6,4.5,-0.1,350.84,21.0,3D,2025-09-23 06:29:43-04:00,POINT (-81.050543 33.983838)
2025-09-22 22:11:13 UTC,sensor07,236476538,18.35,90.91,2025-09-23 10:29:49+00:00,33.984045,-81.050617,47.9,3.1,-0.1,0.0,21.0,3D,2025-09-23 06:29:49-04:00,POINT (-81.050617 33.984045)
2025-09-22 22:11:18 UTC,sensor07,236476538,18.36,90.74,2025-09-23 10:29:54+00:00,33.984163,-81.050667,47.4,2.78,-0.1,0.0,21.0,3D,2025-09-23 06:29:54-04:00,POINT (-81.050667 33.984163)
2025-09-22 22:11:23 UTC,sensor07,236476538,18.42,90.68,2025-09-23 10:29:59+00:00,33.984248,-81.050617,47.0,2.72,-0.2,0.0,21.0,3D,2025-09-23 06:29:59-04:00,POINT (-81.050617 33.984248)
2025-09-22 22:11:28 UTC,sensor07,236476538,18.46,90.7,2025-09-23 10:30:04+00:00,33.984343,-81.050457,46.3,2.81,0.0,54.46,21.0,3D,2025-09-23 06:30:04-04:00,POINT (-81.050457 33.984343)
2025-09-22 22:11:33 UTC,sensor07,236476538,18.45,90.57,2025-09-23 10:30:09+00:00,33.984382,-81.050305,47.2,3.41,0.2,66.41,21.0,3D,2025-09-23 06:30:09-04:00,POINT (-81.050305 33.984382)
2025-09-22 22:11:38 UTC,sensor07,236476538,18.45,90.56,2025-09-23 10:30:14+00:00,33.984437,-81.0501,47.5,3.8,0.0,82.59,21.0,3D,2025-09-23 06:30:14-04:00,POINT (-81.0501 33.984437)
2025-09-22 22:11:43 UTC,sensor07,236476538,18.4,90.66,2025-09-23 10:30:19+00:00,33.984475,-81.049878,46.6,3.45,-0.6,64.77,21.0,3D,2025-09-23 06:30:19-04:00,POINT (-81.049878 33.984475)
2025-09-22 22:11:48 UTC,sensor07,236476538,18.42,90.76,2025-09-23 10:30:24+00:00,33.984528,-81.049675,48.8,3.46,0.6,57.96,21.0,3D,2025-09-23 06:30:24-04:00,POINT (-81.049675 33.984528)
2025-09-22 22:11:53 UTC,sensor07,236476538,18.44,90.89,2025-09-23 10:30:29+00:00,33.98462,-81.049517,53.0,3.39,0.6,38.47,21.0,3D,2025-09-23 06:30:29-04:00,POINT (-81.049517 33.98462)
2025-09-22 22:11:58 UTC,sensor07,236476538,18.53,90.72,2025-09-23 10:30:34+00:00,33.984752,-81.049433,55.0,3.12,0.6,11.0,21.0,3D,2025-09-23 06:30:34-04:00,POINT (-81.049433 33.984752)
2025-09-22 22:12:03 UTC,sensor07,236476538,18.55,90.25,2025-09-23 10:30:39+00:00,33.98493,-81.049403,57.9,4.34,0.3,0.15,21.0,3D,2025-09-23 06:30:39-04:00,POINT (-81.049403 33.98493)
2025-09-22 22:12:08 UTC,sensor07,236476538,18.59,90.03,2025-09-23 10:30:44+00:00,33.98511,-81.049418,61.9,3.86,0.4,356.54,21.0,3D,2025-09-23 06:30:44-04:00,POINT (-81.049418 33.98511)
2025-09-22 22:12:13 UTC,sensor07,236476538,18.66,89.78,2025-09-23 10:30:49+00:00,33.985293,-81.049448,62.2,4.0,0.0,346.77,21.0,3D,2025-09-23 06:30:49-04:00,POINT (-81.049448 33.985293)
2025-09-22 22:12:18 UTC,sensor07,236476538,18.71,89.57,2025-09-23 10:30:54+00:00,33.985483,-81.049485,60.9,3.21,-0.2,337.89,21.0,3D,2025-09-23 06:30:54-04:00,POINT (-81.049485 33.985483)
2025-09-22 22:12:23 UTC,sensor07,236476538,18.74,89.38,2025-09-23 10:30:59+00:00,33.98561,-81.049548,59.1,2.38,-0.3,335.27,21.0,3D,2025-09-23 06:30:59-04:00,POINT (-81.049548 33.98561)
2025-09-22 22:12:28 UTC,sensor07,236476538,18.74,89.24,2025-09-23 10:31:04+00:00,33.9857,-81.049653,55.6,2.54,-1.0,279.46,21.0,3D,2025-09-23 06:31:04-04:00,POINT (-81.049653 33.9857)
2025-09-22 22:12:33 UTC,sensor07,236476538,18.77,89.15,2025-09-23 10:31:04+00:00,33.9857,-81.049653,55.6,2.54,-1.0,279.46,21.0,3D,2025-09-23 06:31:04-04:00,POINT (-81.049653 33.9857)
2025-09-22 22:12:38 UTC,sensor07,236476538,18.76,89.09,2025-09-23 10:31:14+00:00,33.985573,-81.049998,56.8,4.63,0.5,242.77,21.0,3D,2025-09-23 06:31:14-04:00,POINT (-81.049998 33.985573)
2025-09-22 22:12:43 UTC,sensor07,236476538,18.74,88.95,2025-09-23 10:31:19+00:00,33.985473,-81.050217,56.9,4.45,-0.1,244.25,21.0,3D,2025-09-23 06:31:19-04:00,POINT (-81.050217 33.985473)
2025-09-22 22:12:48 UTC,sensor07,236476538,18.76,88.89,2025-09-23 10:31:24+00:00,33.985377,-81.050447,56.6,4.78,-0.2,245.53,21.0,3D,2025-09-23 06:31:24-04:00,POINT (-81.050447 33.985377)
2025-09-22 22:12:53 UTC,sensor07,236476538,18.74,88.88,2025-09-23 10:31:29+00:00,33.985298,-81.050677,55.4,4.42,-0.2,244.52,21.0,3D,2025-09-23 06:31:29-04:00,POINT (-81.050677 33.985298)
2025-09-22 22:12:59 UTC,sensor07,236476538,18.72,89.0,2025-09-23 10:31:35+00:00,33.985205,-81.05098,53.7,5.49,-0.3,0.0,21.0,3D,2025-09-23 06:31:35-04:00,POINT (-81.05098 33.985205)
2025-09-22 22:13:04 UTC,sensor07,236476538,18.72,89.05,2025-09-23 10:31:40+00:00,33.985135,-81.051258,53.3,5.0,0.1,0.0,21.0,3D,2025-09-23 06:31:40-04:00,POINT (-81.051258 33.985135)
2025-09-22 22:13:09 UTC,sensor07,236476538,18.71,89.17,2025-09-23 10:31:45+00:00,33.985067,-81.051507,54.7,4.48,0.5,0.0,21.0,3D,2025-09-23 06:31:45-04:00,POINT (-81.051507 33.985067)
2025-09-22 22:13:14 UTC,sensor07,236476538,18.68,89.1,2025-09-23 10:31:50+00:00,33.98501,-81.051693,56.3,2.87,0.2,0.0,21.0,3D,2025-09-23 06:31:50-04:00,POINT (-81.051693 33.98501)
2025-09-22 22:13:19 UTC,sensor07,236476538,18.72,89.06,2025-09-23 10:31:55+00:00,33.984975,-81.051878,58.3,3.66,0.6,0.0,4.0,3D,2025-09-23 06:31:55-04:00,POINT (-81.051878 33.984975)
2025-09-22 22:13:24 UTC,sensor07,236476538,18.66,89.03,2025-09-23 10:32:00+00:00,33.984935,-81.052017,61.7,2.28,1.0,0.0,4.0,3D,2025-09-23 06:32:00-04:00,POINT (-81.052017 33.984935)
2025-09-22 22:13:34 UTC,sensor07,236476538,18.62,89.0,2025-09-23 10:32:10+00:00,33.984912,-81.052172,63.2,2.98,-0.4,0.0,12.0,3D,2025-09-23 06:32:10-04:00,POINT (-81.052172 33.984912)
2025-09-22 22:13:39 UTC,sensor07,236476538,18.61,89.03,2025-09-23 10:32:15+00:00,33.984907,-81.052297,63.7,2.46,0.2,0.0,12.0,3D,2025-09-23 06:32:15-04:00,POINT (-81.052297 33.984907)
2025-09-22 22:13:44 UTC,sensor07,236476538,18.65,89.06,2025-09-23 10:32:20+00:00,33.984907,-81.052485,63.5,4.38,-0.4,0.0,16.0,3D,2025-09-23 06:32:20-04:00,POINT (-81.052485 33.984907)
2025-09-22 22:13:49 UTC,sensor07,236476538,18.67,89.04,2025-09-23 10:32:25+00:00,33.984885,-81.052705,63.0,4.6,-0.3,0.0,20.0,3D,2025-09-23 06:32:25-04:00,POINT (-81.052705 33.984885)
2025-09-22 22:13:54 UTC,sensor07,236476538,18.7,89.09,2025-09-23 10:32:30+00:00,33.98482,-81.052947,62.1,4.75,-0.4,0.0,21.0,3D,2025-09-23 06:32:30-04:00,POINT (-81.052947 33.98482)
2025-09-22 22:13:59 UTC,sensor07,236476538,18.71,88.95,2025-09-23 10:32:35+00:00,33.984773,-81.05322,62.2,5.24,0.0,0.0,21.0,3D,2025-09-23 06:32:35-04:00,POINT (-81.05322 33.984773)
2025-09-22 22:14:04 UTC,sensor07,236476538,18.78,89.0,2025-09-23 10:32:40+00:00,33.984795,-81.053518,60.9,4.76,-0.1,272.66,21.0,3D,2025-09-23 06:32:40-04:00,POINT (-81.053518 33.984795)
2025-09-22 22:14:09 UTC,sensor07,236476538,18.77,88.85,2025-09-23 10:32:45+00:00,33.984817,-81.053828,60.0,4.64,0.0,273.23,21.0,3D,2025-09-23 06:32:45-04:00,POINT (-81.053828 33.984817)
2025-09-22 22:14:14 UTC,sensor07,236476538,18.78,88.6,2025-09-23 10:32:50+00:00,33.984832,-81.05406,60.1,4.15,0.0,268.63,21.0,3D,2025-09-23 06:32:50-04:00,POINT (-81.05406 33.984832)
2025-09-22 22:14:19 UTC,sensor07,236476538,18.79,88.62,2025-09-23 10:32:55+00:00,33.984813,-81.054317,61.3,4.04,0.1,265.75,21.0,3D,2025-09-23 06:32:55-04:00,POINT (-81.054317 33.984813)
2025-09-22 22:14:45 UTC,sensor07,236476538,18.82,88.39,2025-09-23 10:33:21+00:00,33.984753,-81.054762,60.8,3.41,0.5,0.0,21.0,3D,2025-09-23 06:33:21-04:00,POINT (-81.054762 33.984753)
2025-09-22 22:14:50 UTC,sensor07,236476538,18.78,88.45,2025-09-23 10:33:26+00:00,33.984732,-81.054945,62.3,3.28,0.3,0.0,21.0,3D,2025-09-23 06:33:26-04:00,POINT (-81.054945 33.984732)
2025-09-22 22:14:55 UTC,sensor07,236476538,18.72,88.55,2025-09-23 10:33:31+00:00,33.984715,-81.055135,62.3,3.96,-0.2,0.0,21.0,3D,2025-09-23 06:33:31-04:00,POINT (-81.055135 33.984715)
2025-09-22 22:15:05 UTC,sensor07,236476538,18.71,88.66,2025-09-23 10:33:41+00:00,33.984673,-81.055423,67.3,3.03,0.3,269.56,21.0,3D,2025-09-23 06:33:41-04:00,POINT (-81.055423 33.984673)
2025-09-22 22:15:10 UTC,sensor07,236476538,18.71,88.56,2025-09-23 10:33:46+00:00,33.98471,-81.05563,69.3,3.59,-0.2,291.88,21.0,3D,2025-09-23 06:33:46-04:00,POINT (-81.05563 33.98471)
2025-09-22 22:15:20 UTC,sensor07,236476538,18.72,88.29,2025-09-23 10:33:56+00:00,33.984753,-81.055885,68.6,3.07,-0.1,247.95,21.0,3D,2025-09-23 06:33:56-04:00,POINT (-81.055885 33.984753)
2025-09-22 22:15:25 UTC,sensor07,236476538,18.81,88.07,2025-09-23 10:34:01+00:00,33.984585,-81.055993,68.4,5.51,0.1,177.0,21.0,3D,2025-09-23 06:34:01-04:00,POINT (-81.055993 33.984585)
2025-09-22 22:15:30 UTC,sensor07,236476538,18.79,87.81,2025-09-23 10:34:06+00:00,33.984307,-81.055918,67.6,6.55,-0.5,168.57,21.0,3D,2025-09-23 06:34:06-04:00,POINT (-81.055918 33.984307)
2025-09-22 22:15:35 UTC,sensor07,236476538,18.76,87.8,2025-09-23 10:34:11+00:00,33.984053,-81.055842,65.4,5.78,-0.2,166.58,21.0,3D,2025-09-23 06:34:11-04:00,POINT (-81.055842 33.984053)
2025-09-22 22:15:40 UTC,sensor07,236476538,18.77,87.86,2025-09-23 10:34:16+00:00,33.983787,-81.055758,63.1,6.42,-0.9,168.37,21.0,3D,2025-09-23 06:34:16-04:00,POINT (-81.055758 33.983787)
2025-09-22 22:15:45 UTC,sensor07,236476538,18.64,87.95,2025-09-23 10:34:21+00:00,33.983523,-81.055693,60.6,5.66,-0.3,168.63,21.0,3D,2025-09-23 06:34:21-04:00,POINT (-81.055693 33.983523)
2025-09-22 22:15:50 UTC,sensor07,236476538,18.64,88.13,2025-09-23 10:34:26+00:00,33.983287,-81.055638,57.8,5.03,-0.3,168.42,21.0,3D,2025-09-23 06:34:26-04:00,POINT (-81.055638 33.983287)
2025-09-22 22:15:55 UTC,sensor07,236476538,18.65,88.26,2025-09-23 10:34:31+00:00,33.983072,-81.055567,58.6,5.08,-0.3,168.95,21.0,3D,2025-09-23 06:34:31-04:00,POINT (-81.055567 33.983072)
2025-09-22 22:16:00 UTC,sensor07,236476538,18.65,88.33,2025-09-23 10:34:36+00:00,33.98283,-81.055515,59.0,5.35,0.3,166.69,21.0,3D,2025-09-23 06:34:36-04:00,POINT (-81.055515 33.98283)
2025-09-22 22:16:05 UTC,sensor07,236476538,18.66,88.37,2025-09-23 10:34:41+00:00,33.98261,-81.05546,59.1,4.7,0.1,171.48,21.0,3D,2025-09-23 06:34:41-04:00,POINT (-81.05546 33.98261)
2025-09-22 22:16:10 UTC,sensor07,236476538,18.61,88.41,2025-09-23 10:34:46+00:00,33.982447,-81.055428,59.4,2.29,0.4,209.6,21.0,3D,2025-09-23 06:34:46-04:00,POINT (-81.055428 33.982447)
2025-09-22 22:16:15 UTC,sensor07,236476538,18.64,88.51,2025-09-23 10:34:51+00:00,33.982407,-81.055533,59.6,2.82,-0.6,257.73,21.0,3D,2025-09-23 06:34:51-04:00,POINT (-81.055533 33.982407)
2025-09-22 22:16:20 UTC,sensor07,236476538,18.62,88.5,2025-09-23 10:34:57+00:00,33.982338,-81.055677,57.8,2.7,0.0,0.0,21.0,3D,2025-09-23 06:34:57-04:00,POINT (-81.055677 33.982338)
2025-09-22 22:16:26 UTC,sensor07,236476538,18.65,88.42,2025-09-23 10:35:01+00:00,33.982232,-81.055667,58.8,3.33,0.3,0.0,21.0,3D,2025-09-23 06:35:01-04:00,POINT (-81.055667 33.982232)
2025-09-22 22:16:31 UTC,sensor07,236476538,18.62,88.38,2025-09-23 10:35:07+00:00,33.982053,-81.055628,61.0,3.35,0.37,0.0,21.0,3D,2025-09-23 06:35:07-04:00,POINT (-81.055628 33.982053)
2025-09-22 22:16:36 UTC,sensor07,236476538,18.62,88.33,2025-09-23 10:35:12+00:00,33.98189,-81.055592,59.8,4.21,-0.1,0.0,21.0,3D,2025-09-23 06:35:12-04:00,POINT (-81.055592 33.98189)
2025-09-22 22:16:41 UTC,sensor07,236476538,18.66,88.25,2025-09-23 10:35:17+00:00,33.981695,-81.055552,59.3,4.3,0.2,166.95,21.0,3D,2025-09-23 06:35:17-04:00,POINT (-81.055552 33.981695)
2025-09-22 22:16:46 UTC,sensor07,236476538,18.67,88.17,2025-09-23 10:35:22+00:00,33.981505,-81.055495,60.3,4.58,0.0,168.37,21.0,3D,2025-09-23 06:35:22-04:00,POINT (-81.055495 33.981505)
2025-09-22 22:16:51 UTC,sensor07,236476538,18.71,88.09,2025-09-23 10:35:27+00:00,33.981308,-81.055457,59.6,4.16,0.0,169.81,21.0,3D,2025-09-23 06:35:27-04:00,POINT (-81.055457 33.981308)
2025-09-22 22:16:56 UTC,sensor07,236476538,18.72,88.04,2025-09-23 10:35:32+00:00,33.981167,-81.055413,59.0,2.49,0.0,172.0,21.0,3D,2025-09-23 06:35:32-04:00,POINT (-81.055413 33.981167)
2025-09-22 22:17:01 UTC,sensor07,236476538,18.72,88.0,2025-09-23 10:35:37+00:00,33.981067,-81.055402,59.4,2.52,0.1,195.57,20.0,3D,2025-09-23 06:35:37-04:00,POINT (-81.055402 33.981067)
2025-09-22 22:17:06 UTC,sensor07,236476538,18.74,87.99,2025-09-23 10:35:42+00:00,33.98101,-81.055518,60.6,3.27,0.3,262.56,20.0,3D,2025-09-23 06:35:42-04:00,POINT (-81.055518 33.98101)
2025-09-22 22:17:11 UTC,sensor07,236476538,18.79,87.88,2025-09-23 10:35:47+00:00,33.980968,-81.055647,62.6,2.47,0.4,209.78,20.0,3D,2025-09-23 06:35:47-04:00,POINT (-81.055647 33.980968)
2025-09-22 22:17:21 UTC,sensor07,236476538,18.82,87.39,2025-09-23 10:35:57+00:00,33.980833,-81.055822,63.0,4.14,-0.4,256.98,20.0,3D,2025-09-23 06:35:57-04:00,POINT (-81.055822 33.980833)
2025-09-22 22:17:26 UTC,sensor07,236476538,18.85,87.27,2025-09-23 10:36:02+00:00,33.980792,-81.056077,62.1,5.0,-0.2,257.11,20.0,3D,2025-09-23 06:36:02-04:00,POINT (-81.056077 33.980792)
2025-09-22 22:17:31 UTC,sensor07,236476538,18.73,87.23,2025-09-23 10:36:07+00:00,33.980747,-81.056345,63.1,4.93,0.2,258.76,20.0,3D,2025-09-23 06:36:07-04:00,POINT (-81.056345 33.980747)
2025-09-22 22:17:36 UTC,sensor07,236476538,18.68,87.59,2025-09-23 10:36:12+00:00,33.9807,-81.056593,63.5,4.65,-0.1,253.71,20.0,3D,2025-09-23 06:36:12-04:00,POINT (-81.056593 33.9807)
2025-09-22 22:17:41 UTC,sensor07,236476538,18.66,87.7,2025-09-23 10:36:17+00:00,33.980607,-81.056762,63.1,3.53,-0.1,204.27,20.0,3D,2025-09-23 06:36:17-04:00,POINT (-81.056762 33.980607)
2025-09-22 22:17:46 UTC,sensor07,236476538,18.64,87.69,2025-09-23 10:36:22+00:00,33.980433,-81.056757,62.8,4.46,0.0,171.45,20.0,3D,2025-09-23 06:36:22-04:00,POINT (-81.056757 33.980433)
2025-09-22 22:17:51 UTC,sensor07,236476538,18.66,87.72,2025-09-23 10:36:27+00:00,33.980213,-81.056702,62.5,4.94,0.1,167.94,20.0,3D,2025-09-23 06:36:27-04:00,POINT (-81.056702 33.980213)
2025-09-22 22:18:02 UTC,sensor07,236476538,18.61,87.77,2025-09-23 10:36:38+00:00,33.979962,-81.056715,58.9,3.23,-0.1,0.0,20.0,3D,2025-09-23 06:36:38-04:00,POINT (-81.056715 33.979962)
2025-09-22 22:18:07 UTC,sensor07,236476538,18.63,87.77,2025-09-23 10:36:43+00:00,33.979908,-81.05696,59.7,5.39,0.2,0.0,21.0,3D,2025-09-23 06:36:43-04:00,POINT (-81.05696 33.979908)
2025-09-22 22:18:12 UTC,sensor07,236476538,18.58,87.84,2025-09-23 10:36:48+00:00,33.97985,-81.057263,60.5,5.66,-0.2,259.6,21.0,3D,2025-09-23 06:36:48-04:00,POINT (-81.057263 33.97985)
2025-09-22 22:18:17 UTC,sensor07,236476538,18.54,87.95,2025-09-23 10:36:53+00:00,33.979792,-81.057565,60.8,5.5,0.2,257.28,21.0,3D,2025-09-23 06:36:53-04:00,POINT (-81.057565 33.979792)
2025-09-22 22:18:22 UTC,sensor07,236476538,18.42,88.09,2025-09-23 10:36:58+00:00,33.979738,-81.057858,61.8,5.48,0.1,258.37,21.0,3D,2025-09-23 06:36:58-04:00,POINT (-81.057858 33.979738)
2025-09-22 22:18:27 UTC,sensor07,236476538,18.33,88.31,2025-09-23 10:37:01+00:00,33.979713,-81.058038,62.0,5.62,0.1,0.0,21.0,3D,2025-09-23 06:37:01-04:00,POINT (-81.058038 33.979713)
2025-09-22 22:18:32 UTC,sensor07,236476538,18.36,88.46,2025-09-23 10:37:05+00:00,33.979677,-81.05825,62.0,4.99,0.0,0.0,4.0,3D,2025-09-23 06:37:05-04:00,POINT (-81.05825 33.979677)
2025-09-22 22:18:37 UTC,sensor07,236476538,18.3,88.57,2025-09-23 10:37:13+00:00,33.979785,-81.058448,63.5,4.35,0.2,345.68,21.0,3D,2025-09-23 06:37:13-04:00,POINT (-81.058448 33.979785)
2025-09-22 22:18:42 UTC,sensor07,236476538,18.2,88.79,2025-09-23 10:37:18+00:00,33.98002,-81.0585,63.7,5.58,0.1,349.5,21.0,3D,2025-09-23 06:37:18-04:00,POINT (-81.0585 33.98002)
2025-09-22 22:18:47 UTC,sensor07,236476538,18.21,89.13,2025-09-23 10:37:23+00:00,33.980267,-81.058533,63.0,5.23,-0.2,351.62,21.0,3D,2025-09-23 06:37:23-04:00,POINT (-81.058533 33.980267)
2025-09-22 22:18:52 UTC,sensor07,236476538,18.21,89.28,2025-09-23 10:37:28+00:00,33.9805,-81.05858,61.8,5.12,-0.1,347.76,21.0,3D,2025-09-23 06:37:28-04:00,POINT (-81.05858 33.9805)
2025-09-22 22:18:57 UTC,sensor07,236476538,18.33,89.18,2025-09-23 10:37:33+00:00,33.980683,-81.058647,63.5,3.11,1.0,344.76,21.0,3D,2025-09-23 06:37:33-04:00,POINT (-81.058647 33.980683)
2025-09-22 22:19:02 UTC,sensor07,236476538,18.37,88.95,2025-09-23 10:37:38+00:00,33.980882,-81.058695,64.4,5.16,0.1,346.24,21.0,3D,2025-09-23 06:37:38-04:00,POINT (-81.058695 33.980882)
2025-09-22 22:19:07 UTC,sensor07,236476538,18.47,88.7,2025-09-23 10:37:43+00:00,33.981118,-81.058768,64.9,5.38,-0.1,346.85,21.0,3D,2025-09-23 06:37:43-04:00,POINT (-81.058768 33.981118)
2025-09-22 22:19:12 UTC,sensor07,236476538,18.56,88.38,2025-09-23 10:37:48+00:00,33.981357,-81.058833,65.7,5.38,0.2,348.15,21.0,3D,2025-09-23 06:37:48-04:00,POINT (-81.058833 33.981357)
2025-09-22 22:19:17 UTC,sensor07,236476538,18.73,87.97,2025-09-23 10:37:53+00:00,33.981585,-81.058895,65.0,4.93,-0.2,339.38,21.0,3D,2025-09-23 06:37:53-04:00,POINT (-81.058895 33.981585)
2025-09-22 22:19:22 UTC,sensor07,236476538,18.74,87.4,2025-09-23 10:37:59+00:00,33.981845,-81.059028,65.9,5.64,0.1,0.0,21.0,3D,2025-09-23 06:37:59-04:00,POINT (-81.059028 33.981845)
2025-09-22 22:19:28 UTC,sensor07,236476538,18.71,87.29,2025-09-23 10:38:04+00:00,33.982052,-81.05917,67.6,4.91,0.3,0.0,21.0,3D,2025-09-23 06:38:04-04:00,POINT (-81.05917 33.982052)
2025-09-22 22:19:33 UTC,sensor07,236476538,18.74,87.28,2025-09-23 10:38:09+00:00,33.982227,-81.059295,69.0,4.12,0.2,0.0,21.0,3D,2025-09-23 06:38:09-04:00,POINT (-81.059295 33.982227)
2025-09-22 22:19:43 UTC,sensor07,236476538,18.71,87.19,2025-09-23 10:38:19+00:00,33.982448,-81.05947,68.8,4.4,0.0,326.8,21.0,3D,2025-09-23 06:38:19-04:00,POINT (-81.05947 33.982448)
2025-09-22 22:19:48 UTC,sensor07,236476538,18.83,87.12,2025-09-23 10:38:24+00:00,33.982627,-81.059595,68.2,4.74,-0.2,331.03,21.0,3D,2025-09-23 06:38:24-04:00,POINT (-81.059595 33.982627)
2025-09-22 22:19:53 UTC,sensor07,236476538,18.9,86.78,2025-09-23 10:38:29+00:00,33.982815,-81.05972,68.9,4.6,0.2,330.52,21.0,3D,2025-09-23 06:38:29-04:00,POINT (-81.05972 33.982815)
2025-09-22 22:19:58 UTC,sensor07,236476538,18.92,86.39,2025-09-23 10:38:34+00:00,33.982982,-81.05983,69.7,3.77,0.2,329.78,21.0,3D,2025-09-23 06:38:34-04:00,POINT (-81.05983 33.982982)
2025-09-22 22:21:09 UTC,sensor07,236476538,19.23,84.79,2025-09-23 10:39:45+00:00,33.983243,-81.059948,70.0,2.99,-0.2,0.0,20.0,3D,2025-09-23 06:39:45-04:00,POINT (-81.059948 33.983243)
2025-09-22 22:21:14 UTC,sensor07,236476538,19.2,84.61,2025-09-23 10:39:50+00:00,33.983395,-81.059658,69.3,7.81,-0.1,0.0,4.0,3D,2025-09-23 06:39:50-04:00,POINT (-81.059658 33.983395)
2025-09-22 22:21:19 UTC,sensor07,236476538,19.15,84.6,2025-09-23 10:39:55+00:00,33.983582,-81.05927,69.4,8.44,0.1,0.0,10.0,3D,2025-09-23 06:39:55-04:00,POINT (-81.05927 33.983582)
2025-09-22 22:21:24 UTC,sensor07,236476538,19.12,84.81,2025-09-23 10:40:00+00:00,33.983768,-81.058862,69.0,8.44,0.0,0.0,10.0,3D,2025-09-23 06:40:00-04:00,POINT (-81.058862 33.983768)
2025-09-22 22:21:29 UTC,sensor07,236476538,19.09,85.1,2025-09-23 10:40:05+00:00,33.983953,-81.058477,69.1,8.13,-0.3,0.0,14.0,3D,2025-09-23 06:40:05-04:00,POINT (-81.058477 33.983953)
2025-09-22 22:21:34 UTC,sensor07,236476538,18.87,85.83,2025-09-23 10:40:10+00:00,33.984125,-81.058108,68.9,7.72,0.0,0.0,18.0,3D,2025-09-23 06:40:10-04:00,POINT (-81.058108 33.984125)
2025-09-22 22:21:39 UTC,sensor07,236476538,18.78,86.46,2025-09-23 10:40:15+00:00,33.984312,-81.057738,67.0,8.36,-0.6,0.0,20.0,3D,2025-09-23 06:40:15-04:00,POINT (-81.057738 33.984312)
2025-09-22 22:21:44 UTC,sensor07,236476538,18.78,86.93,2025-09-23 10:40:20+00:00,33.984512,-81.057323,64.9,9.38,-0.4,0.0,20.0,3D,2025-09-23 06:40:20-04:00,POINT (-81.057323 33.984512)
2025-09-22 22:21:49 UTC,sensor07,236476538,18.8,87.0,2025-09-23 10:40:25+00:00,33.984723,-81.056863,63.3,9.73,-0.3,60.9,20.0,3D,2025-09-23 06:40:25-04:00,POINT (-81.056863 33.984723)
2025-09-22 22:21:54 UTC,sensor07,236476538,18.82,86.95,2025-09-23 10:40:30+00:00,33.984927,-81.056417,63.3,8.77,-0.3,60.67,20.0,3D,2025-09-23 06:40:30-04:00,POINT (-81.056417 33.984927)
2025-09-22 22:21:59 UTC,sensor07,236476538,18.88,86.9,2025-09-23 10:40:35+00:00,33.9851,-81.056035,61.9,7.53,-0.2,64.99,20.0,3D,2025-09-23 06:40:35-04:00,POINT (-81.056035 33.9851)
2025-09-22 22:22:04 UTC,sensor07,236476538,18.93,86.73,2025-09-23 10:40:40+00:00,33.985245,-81.055655,60.5,8.3,-0.2,69.1,20.0,3D,2025-09-23 06:40:40-04:00,POINT (-81.055655 33.985245)
2025-09-22 22:22:09 UTC,sensor07,236476538,18.94,86.58,2025-09-23 10:40:45+00:00,33.985377,-81.055245,59.5,8.16,-0.6,70.71,20.0,3D,2025-09-23 06:40:45-04:00,POINT (-81.055245 33.985377)
2025-09-22 22:22:14 UTC,sensor07,236476538,18.84,86.56,2025-09-23 10:40:50+00:00,33.9855,-81.054828,58.0,8.06,-0.1,69.49,20.0,3D,2025-09-23 06:40:50-04:00,POINT (-81.054828 33.9855)
2025-09-22 22:22:19 UTC,sensor07,236476538,18.88,86.73,2025-09-23 10:40:55+00:00,33.985633,-81.054413,57.1,8.85,-0.1,69.69,20.0,3D,2025-09-23 06:40:55-04:00,POINT (-81.054413 33.985633)
2025-09-22 22:22:25 UTC,sensor07,236476538,18.93,86.71,2025-09-23 10:41:01+00:00,33.985793,-81.053842,57.9,9.47,0.3,0.0,20.0,3D,2025-09-23 06:41:01-04:00,POINT (-81.053842 33.985793)
2025-09-22 22:22:30 UTC,sensor07,236476538,18.97,86.67,2025-09-23 10:41:06+00:00,33.985928,-81.053352,58.1,9.54,0.04,0.0,20.0,3D,2025-09-23 06:41:06-04:00,POINT (-81.053352 33.985928)
2025-09-22 22:22:35 UTC,sensor07,236476538,19.01,86.68,2025-09-23 10:41:11+00:00,33.986062,-81.052898,58.0,8.78,-0.07,0.0,20.0,3D,2025-09-23 06:41:11-04:00,POINT (-81.052898 33.986062)
2025-09-22 22:22:40 UTC,sensor07,236476538,19.04,86.64,2025-09-23 10:41:16+00:00,33.986185,-81.052452,57.2,8.58,-0.2,71.33,20.0,3D,2025-09-23 06:41:16-04:00,POINT (-81.052452 33.986185)
2025-09-22 22:22:45 UTC,sensor07,236476538,19.15,86.73,2025-09-23 10:41:21+00:00,33.986328,-81.052013,57.1,8.58,-0.1,69.68,20.0,3D,2025-09-23 06:41:21-04:00,POINT (-81.052013 33.986328)
2025-09-22 22:22:50 UTC,sensor07,236476538,19.27,86.65,2025-09-23 10:41:26+00:00,33.986465,-81.05157,55.7,8.83,-0.2,70.7,20.0,3D,2025-09-23 06:41:26-04:00,POINT (-81.05157 33.986465)
2025-09-22 22:22:55 UTC,sensor07,236476538,19.3,86.41,2025-09-23 10:41:31+00:00,33.986607,-81.051093,54.0,9.92,-0.3,69.84,20.0,3D,2025-09-23 06:41:31-04:00,POINT (-81.051093 33.986607)
2025-09-22 22:23:00 UTC,sensor07,236476538,19.33,86.25,2025-09-23 10:41:36+00:00,33.986767,-81.050575,52.7,9.77,0.3,71.78,20.0,3D,2025-09-23 06:41:36-04:00,POINT (-81.050575 33.986767)
2025-09-22 22:23:05 UTC,sensor07,236476538,19.31,86.16,2025-09-23 10:41:41+00:00,33.986912,-81.050068,52.2,9.46,0.3,69.67,20.0,3D,2025-09-23 06:41:41-04:00,POINT (-81.050068 33.986912)
2025-09-22 22:23:10 UTC,sensor07,236476538,19.26,86.14,2025-09-23 10:41:46+00:00,33.987053,-81.04962,53.3,8.89,0.4,68.61,20.0,3D,2025-09-23 06:41:46-04:00,POINT (-81.04962 33.987053)
2025-09-22 22:23:15 UTC,sensor07,236476538,19.23,86.2,2025-09-23 10:41:51+00:00,33.987197,-81.049218,53.6,7.66,-0.1,68.12,20.0,3D,2025-09-23 06:41:51-04:00,POINT (-81.049218 33.987197)
2025-09-22 22:23:20 UTC,sensor07,236476538,19.14,86.45,2025-09-23 10:41:56+00:00,33.987322,-81.04881,54.7,8.4,0.3,69.81,20.0,3D,2025-09-23 06:41:56-04:00,POINT (-81.04881 33.987322)
2025-09-22 22:23:25 UTC,sensor07,236476538,19.16,86.87,2025-09-23 10:42:01+00:00,33.987455,-81.048385,57.3,8.77,0.4,69.39,20.0,3D,2025-09-23 06:42:01-04:00,POINT (-81.048385 33.987455)
2025-09-22 22:23:30 UTC,sensor07,236476538,19.15,87.04,2025-09-23 10:42:06+00:00,33.987597,-81.04792,56.9,8.69,-0.5,70.45,20.0,3D,2025-09-23 06:42:06-04:00,POINT (-81.04792 33.987597)
2025-09-22 22:23:35 UTC,sensor07,236476538,19.09,87.31,2025-09-23 10:42:11+00:00,33.987717,-81.047482,54.8,8.7,-0.9,69.44,20.0,3D,2025-09-23 06:42:11-04:00,POINT (-81.047482 33.987717)
2025-09-22 22:23:40 UTC,sensor07,236476538,19.05,87.52,2025-09-23 10:42:16+00:00,33.987853,-81.047008,53.7,9.65,-0.1,70.15,20.0,3D,2025-09-23 06:42:16-04:00,POINT (-81.047008 33.987853)
2025-09-22 22:23:45 UTC,sensor07,236476538,18.99,87.8,2025-09-23 10:42:21+00:00,33.988,-81.046513,53.3,9.67,-0.1,69.63,20.0,3D,2025-09-23 06:42:21-04:00,POINT (-81.046513 33.988)
2025-09-22 22:23:50 UTC,sensor07,236476538,19.0,88.09,2025-09-23 10:42:26+00:00,33.988137,-81.046008,52.6,9.64,-0.9,70.84,20.0,3D,2025-09-23 06:42:26-04:00,POINT (-81.046008 33.988137)
2025-09-22 22:23:55 UTC,sensor07,236476538,19.05,88.7,2025-09-23 10:42:31+00:00,33.988285,-81.045525,50.7,9.47,-0.5,69.94,20.0,3D,2025-09-23 06:42:31-04:00,POINT (-81.045525 33.988285)
2025-09-22 22:24:01 UTC,sensor07,236476538,18.95,88.98,2025-09-23 10:42:37+00:00,33.988472,-81.044933,50.2,9.88,0.3,0.0,20.0,3D,2025-09-23 06:42:37-04:00,POINT (-81.044933 33.988472)
2025-09-22 22:24:06 UTC,sensor07,236476538,19.0,89.41,2025-09-23 10:42:42+00:00,33.988622,-81.04442,50.9,9.41,0.0,0.0,20.0,3D,2025-09-23 06:42:42-04:00,POINT (-81.04442 33.988622)
2025-09-22 22:24:11 UTC,sensor07,236476538,19.05,89.58,2025-09-23 10:42:47+00:00,33.988772,-81.043927,52.8,9.39,0.3,0.0,20.0,3D,2025-09-23 06:42:47-04:00,POINT (-81.043927 33.988772)
2025-09-22 22:24:16 UTC,sensor07,236476538,19.02,89.42,2025-09-23 10:42:52+00:00,33.988927,-81.043433,54.2,9.88,-0.2,70.91,20.0,3D,2025-09-23 06:42:52-04:00,POINT (-81.043433 33.988927)
2025-09-22 22:24:21 UTC,sensor07,236476538,18.86,89.24,2025-09-23 10:42:57+00:00,33.989055,-81.042938,52.5,8.54,-0.1,70.5,20.0,3D,2025-09-23 06:42:57-04:00,POINT (-81.042938 33.989055)
2025-09-22 22:24:26 UTC,sensor07,236476538,18.9,89.28,2025-09-23 10:43:02+00:00,33.989183,-81.042518,51.9,7.98,-0.6,69.91,20.0,3D,2025-09-23 06:43:02-04:00,POINT (-81.042518 33.989183)
2025-09-22 22:24:31 UTC,sensor07,236476538,18.93,89.08,2025-09-23 10:43:07+00:00,33.989303,-81.042122,51.9,7.29,-0.2,69.11,20.0,3D,2025-09-23 06:43:07-04:00,POINT (-81.042122 33.989303)
2025-09-22 22:24:36 UTC,sensor07,236476538,18.96,88.71,2025-09-23 10:43:12+00:00,33.989417,-81.04172,51.4,8.46,0.0,70.88,20.0,3D,2025-09-23 06:43:12-04:00,POINT (-81.04172 33.989417)
2025-09-22 22:24:41 UTC,sensor07,236476538,19.18,88.25,2025-09-23 10:43:17+00:00,33.989542,-81.041275,51.0,8.82,-0.9,69.39,20.0,3D,2025-09-23 06:43:17-04:00,POINT (-81.041275 33.989542)
2025-09-22 22:24:46 UTC,sensor07,236476538,19.26,87.42,2025-09-23 10:43:22+00:00,33.98969,-81.040822,51.9,9.23,0.8,69.93,20.0,3D,2025-09-23 06:43:22-04:00,POINT (-81.040822 33.98969)
2025-09-22 22:24:51 UTC,sensor07,236476538,19.2,86.59,2025-09-23 10:43:27+00:00,33.989833,-81.040367,53.5,8.96,0.3,68.56,20.0,3D,2025-09-23 06:43:27-04:00,POINT (-81.040367 33.989833)
2025-09-22 22:24:56 UTC,sensor07,236476538,19.21,86.22,2025-09-23 10:43:32+00:00,33.989982,-81.039922,56.8,8.77,0.4,68.75,20.0,3D,2025-09-23 06:43:32-04:00,POINT (-81.039922 33.989982)
2025-09-22 22:25:01 UTC,sensor07,236476538,19.26,86.11,2025-09-23 10:43:37+00:00,33.990132,-81.039482,63.7,9.27,2.1,69.51,20.0,3D,2025-09-23 06:43:37-04:00,POINT (-81.039482 33.990132)
2025-09-22 22:25:06 UTC,sensor07,236476538,19.32,86.09,2025-09-23 10:43:42+00:00,33.990287,-81.038993,67.0,9.73,0.0,69.0,20.0,3D,2025-09-23 06:43:42-04:00,POINT (-81.038993 33.990287)
2025-09-22 22:25:11 UTC,sensor07,236476538,19.41,85.96,2025-09-23 10:43:47+00:00,33.990438,-81.038458,68.7,10.71,-0.1,69.66,20.0,3D,2025-09-23 06:43:47-04:00,POINT (-81.038458 33.990438)
2025-09-22 22:25:16 UTC,sensor07,236476538,19.45,85.29,2025-09-23 10:43:52+00:00,33.990607,-81.03791,70.6,11.43,-0.6,70.19,20.0,3D,2025-09-23 06:43:52-04:00,POINT (-81.03791 33.990607)
2025-09-22 22:25:21 UTC,sensor07,236476538,19.49,85.04,2025-09-23 10:43:57+00:00,33.990782,-81.037313,69.1,11.28,-0.2,69.01,20.0,3D,2025-09-23 06:43:57-04:00,POINT (-81.037313 33.990782)
2025-09-22 22:25:26 UTC,sensor07,236476538,19.58,84.94,2025-09-23 10:44:02+00:00,33.99096,-81.036698,64.0,12.06,-1.6,71.7,20.0,3D,2025-09-23 06:44:02-04:00,POINT (-81.036698 33.99096)
2025-09-22 22:25:31 UTC,sensor07,236476538,19.68,84.69,2025-09-23 10:44:07+00:00,33.991132,-81.036138,63.7,10.47,0.0,71.1,20.0,3D,2025-09-23 06:44:07-04:00,POINT (-81.036138 33.991132)
2025-09-22 22:25:37 UTC,sensor07,236476538,19.77,84.4,2025-09-23 10:44:13+00:00,33.991327,-81.03552,65.7,8.6,0.9,0.0,20.0,3D,2025-09-23 06:44:13-04:00,POINT (-81.03552 33.991327)
2025-09-22 22:25:42 UTC,sensor07,236476538,19.79,83.88,2025-09-23 10:44:18+00:00,33.991462,-81.03503,67.9,8.68,0.0,0.0,20.0,3D,2025-09-23 06:44:18-04:00,POINT (-81.03503 33.991462)
2025-09-22 22:25:47 UTC,sensor07,236476538,19.78,83.77,2025-09-23 10:44:23+00:00,33.991605,-81.034598,66.9,8.32,-0.1,0.0,20.0,3D,2025-09-23 06:44:23-04:00,POINT (-81.034598 33.991605)
2025-09-22 22:25:52 UTC,sensor07,236476538,19.81,83.67,2025-09-23 10:44:28+00:00,33.991745,-81.034183,68.0,8.98,0.2,70.12,20.0,3D,2025-09-23 06:44:28-04:00,POINT (-81.034183 33.991745)
2025-09-22 22:25:57 UTC,sensor07,236476538,19.8,83.72,2025-09-23 10:44:33+00:00,33.991903,-81.033735,70.3,9.5,0.3,66.82,20.0,3D,2025-09-23 06:44:33-04:00,POINT (-81.033735 33.991903)
2025-09-22 22:26:02 UTC,sensor07,236476538,19.92,84.08,2025-09-23 10:44:38+00:00,33.992063,-81.033255,73.4,9.44,0.7,67.52,19.0,3D,2025-09-23 06:44:38-04:00,POINT (-81.033255 33.992063)
2025-09-22 22:26:07 UTC,sensor07,236476538,19.87,84.35,2025-09-23 10:44:43+00:00,33.992223,-81.032742,75.1,10.57,0.1,67.14,19.0,3D,2025-09-23 06:44:43-04:00,POINT (-81.032742 33.992223)
2025-09-22 22:26:12 UTC,sensor07,236476538,19.96,84.4,2025-09-23 10:44:48+00:00,33.992398,-81.03222,76.1,10.77,0.0,70.33,19.0,3D,2025-09-23 06:44:48-04:00,POINT (-81.03222 33.992398)
2025-09-22 22:26:17 UTC,sensor07,236476538,20.24,83.4,2025-09-23 10:44:53+00:00,33.992535,-81.03174,78.4,7.56,0.2,69.1,19.0,3D,2025-09-23 06:44:53-04:00,POINT (-81.03174 33.992535)
2025-09-22 22:26:22 UTC,sensor07,236476538,20.52,81.24,2025-09-23 10:44:58+00:00,33.992642,-81.031362,77.0,7.39,-0.3,70.42,19.0,3D,2025-09-23 06:44:58-04:00,POINT (-81.031362 33.992642)
2025-09-22 22:26:27 UTC,sensor07,236476538,20.66,79.4,2025-09-23 10:45:03+00:00,33.992772,-81.030977,76.3,7.61,0.1,0.0,19.0,3D,2025-09-23 06:45:03-04:00,POINT (-81.030977 33.992772)
2025-09-22 22:26:32 UTC,sensor07,236476538,20.57,78.44,2025-09-23 10:45:07+00:00,33.992857,-81.030672,77.3,7.36,1.0,70.0,19.0,3D,2025-09-23 06:45:07-04:00,POINT (-81.030672 33.992857)
2025-09-22 22:26:37 UTC,sensor07,236476538,20.46,78.09,2025-09-23 10:45:13+00:00,33.993013,-81.030205,81.0,7.81,0.9,69.19,19.0,3D,2025-09-23 06:45:13-04:00,POINT (-81.030205 33.993013)
2025-09-22 22:26:42 UTC,sensor07,236476538,20.42,77.93,2025-09-23 10:45:18+00:00,33.993135,-81.029823,83.5,7.65,0.3,70.6,19.0,3D,2025-09-23 06:45:18-04:00,POINT (-81.029823 33.993135)
2025-09-22 22:26:47 UTC,sensor07,236476538,20.29,77.92,2025-09-23 10:45:23+00:00,33.993258,-81.029412,88.2,8.4,0.5,69.39,19.0,3D,2025-09-23 06:45:23-04:00,POINT (-81.029412 33.993258)
2025-09-22 22:26:52 UTC,sensor07,236476538,20.29,78.45,2025-09-23 10:45:28+00:00,33.99339,-81.02899,89.8,8.26,0.3,69.48,19.0,3D,2025-09-23 06:45:28-04:00,POINT (-81.02899 33.99339)
2025-09-22 22:26:57 UTC,sensor07,236476538,20.4,78.93,2025-09-23 10:45:33+00:00,33.993512,-81.02858,89.6,7.77,-0.6,68.97,20.0,3D,2025-09-23 06:45:33-04:00,POINT (-81.02858 33.993512)
2025-09-22 22:27:02 UTC,sensor07,236476538,20.4,78.74,2025-09-23 10:45:39+00:00,33.99366,-81.028108,88.3,7.83,-0.4,0.0,20.0,3D,2025-09-23 06:45:39-04:00,POINT (-81.028108 33.99366)
2025-09-22 22:27:08 UTC,sensor07,236476538,20.32,78.67,2025-09-23 10:45:44+00:00,33.993795,-81.027677,87.5,9.1,-0.3,0.0,20.0,3D,2025-09-23 06:45:44-04:00,POINT (-81.027677 33.993795)
2025-09-22 22:27:13 UTC,sensor07,236476538,20.35,78.78,2025-09-23 10:45:49+00:00,33.993948,-81.027208,84.2,9.53,-1.2,0.0,20.0,3D,2025-09-23 06:45:49-04:00,POINT (-81.027208 33.993948)
2025-09-22 22:27:18 UTC,sensor07,236476538,20.2,78.92,2025-09-23 10:45:54+00:00,33.994083,-81.026757,81.8,8.63,-0.4,69.46,20.0,3D,2025-09-23 06:45:54-04:00,POINT (-81.026757 33.994083)
2025-09-22 22:27:23 UTC,sensor07,236476538,20.1,79.31,2025-09-23 10:45:59+00:00,33.994212,-81.026345,79.7,8.52,-0.7,69.17,20.0,3D,2025-09-23 06:45:59-04:00,POINT (-81.026345 33.994212)
2025-09-22 22:27:28 UTC,sensor07,236476538,19.85,79.69,2025-09-23 10:46:04+00:00,33.99435,-81.025875,77.7,9.52,-0.6,69.95,20.0,3D,2025-09-23 06:46:04-04:00,POINT (-81.025875 33.99435)
2025-09-22 22:27:33 UTC,sensor07,236476538,19.26,81.54,2025-09-23 10:46:09+00:00,33.994497,-81.025412,74.2,8.21,-0.5,69.6,20.0,3D,2025-09-23 06:46:09-04:00,POINT (-81.025412 33.994497)
2025-09-22 22:27:38 UTC,sensor07,236476538,19.01,83.56,2025-09-23 10:46:14+00:00,33.994625,-81.025005,71.4,8.41,-0.3,68.46,20.0,3D,2025-09-23 06:46:14-04:00,POINT (-81.025005 33.994625)
2025-09-22 22:27:43 UTC,sensor07,236476538,19.05,84.5,2025-09-23 10:46:19+00:00,33.994783,-81.024552,69.6,9.45,-0.3,65.07,20.0,3D,2025-09-23 06:46:19-04:00,POINT (-81.024552 33.994783)
2025-09-22 22:27:48 UTC,sensor07,236476538,18.97,84.69,2025-09-23 10:46:24+00:00,33.994963,-81.024103,68.2,8.87,-0.6,62.73,20.0,3D,2025-09-23 06:46:24-04:00,POINT (-81.024103 33.994963)
2025-09-22 22:27:53 UTC,sensor07,236476538,18.86,84.94,2025-09-23 10:46:29+00:00,33.995133,-81.023718,64.3,7.86,-0.9,56.99,20.0,3D,2025-09-23 06:46:29-04:00,POINT (-81.023718 33.995133)
2025-09-22 22:27:58 UTC,sensor07,236476538,18.69,85.4,2025-09-23 10:46:34+00:00,33.995377,-81.023365,60.5,8.96,-0.5,48.45,20.0,3D,2025-09-23 06:46:34-04:00,POINT (-81.023365 33.995377)
2025-09-22 22:28:03 UTC,sensor07,236476538,18.5,86.04,2025-09-23 10:46:39+00:00,33.995672,-81.02301,58.3,9.25,0.1,44.82,20.0,3D,2025-09-23 06:46:39-04:00,POINT (-81.02301 33.995672)
2025-09-22 22:28:08 UTC,sensor07,236476538,18.28,86.73,2025-09-23 10:46:44+00:00,33.99596,-81.022677,59.9,9.22,-0.7,43.92,20.0,3D,2025-09-23 06:46:44-04:00,POINT (-81.022677 33.99596)
2025-09-22 22:28:13 UTC,sensor07,236476538,18.12,87.4,2025-09-23 10:46:49+00:00,33.996288,-81.022318,59.0,9.37,0.0,39.85,20.0,3D,2025-09-23 06:46:49-04:00,POINT (-81.022318 33.996288)
2025-09-22 22:28:18 UTC,sensor07,236476538,18.11,88.11,2025-09-23 10:46:54+00:00,33.996602,-81.021983,58.7,9.26,0.1,43.04,20.0,3D,2025-09-23 06:46:54-04:00,POINT (-81.021983 33.996602)
2025-09-22 22:28:23 UTC,sensor07,236476538,18.16,88.58,2025-09-23 10:46:59+00:00,33.996933,-81.021635,56.4,9.24,-0.8,43.05,20.0,3D,2025-09-23 06:46:59-04:00,POINT (-81.021635 33.996933)
2025-09-22 22:28:29 UTC,sensor07,236476538,18.14,88.57,2025-09-23 10:47:03+00:00,33.997158,-81.02137,57.5,8.41,0.6,0.0,20.0,3D,2025-09-23 06:47:03-04:00,POINT (-81.02137 33.997158)
2025-09-22 22:28:34 UTC,sensor07,236476538,18.12,88.49,2025-09-23 10:47:08+00:00,33.997442,-81.021042,57.4,8.47,-0.5,44.32,20.0,3D,2025-09-23 06:47:08-04:00,POINT (-81.021042 33.997442)
2025-09-22 22:28:39 UTC,sensor07,236476538,18.15,88.32,2025-09-23 10:47:15+00:00,33.997797,-81.020613,59.5,7.34,0.1,0.0,20.0,3D,2025-09-23 06:47:15-04:00,POINT (-81.020613 33.997797)
2025-09-22 22:28:44 UTC,sensor07,236476538,18.18,88.2,2025-09-23 10:47:20+00:00,33.997977,-81.020243,62.8,7.96,1.3,0.0,4.0,3D,2025-09-23 06:47:20-04:00,POINT (-81.020243 33.997977)
2025-09-22 22:28:49 UTC,sensor07,236476538,18.32,87.87,2025-09-23 10:47:25+00:00,33.998122,-81.019845,67.5,8.33,0.9,0.0,8.0,3D,2025-09-23 06:47:25-04:00,POINT (-81.019845 33.998122)
2025-09-22 22:28:54 UTC,sensor07,236476538,18.51,86.96,2025-09-23 10:47:30+00:00,33.998217,-81.019407,69.6,8.41,0.4,0.0,8.0,3D,2025-09-23 06:47:30-04:00,POINT (-81.019407 33.998217)
2025-09-22 22:28:59 UTC,sensor07,236476538,18.65,86.45,2025-09-23 10:47:35+00:00,33.998238,-81.018953,69.9,8.32,0.1,0.0,11.0,3D,2025-09-23 06:47:35-04:00,POINT (-81.018953 33.998238)
2025-09-22 22:29:04 UTC,sensor07,236476538,18.53,86.27,2025-09-23 10:47:40+00:00,33.998208,-81.018483,70.0,9.05,0.0,0.0,11.0,3D,2025-09-23 06:47:40-04:00,POINT (-81.018483 33.998208)
2025-09-22 22:29:09 UTC,sensor07,236476538,18.9,85.49,2025-09-23 10:47:45+00:00,33.99811,-81.018037,70.4,8.41,0.1,0.0,15.0,3D,2025-09-23 06:47:45-04:00,POINT (-81.018037 33.99811)
2025-09-22 22:29:14 UTC,sensor07,236476538,18.96,84.42,2025-09-23 10:47:50+00:00,33.997978,-81.017623,68.5,8.17,-0.4,0.0,19.0,3D,2025-09-23 06:47:50-04:00,POINT (-81.017623 33.997978)
2025-09-22 22:29:19 UTC,sensor07,236476538,18.97,83.98,2025-09-23 10:47:55+00:00,33.997835,-81.017213,67.9,8.43,0.1,112.79,20.0,3D,2025-09-23 06:47:55-04:00,POINT (-81.017213 33.997835)
2025-09-22 22:29:24 UTC,sensor07,236476538,19.06,83.71,2025-09-23 10:48:00+00:00,33.99771,-81.016823,67.0,7.05,-0.2,111.3,20.0,3D,2025-09-23 06:48:00-04:00,POINT (-81.016823 33.99771)
2025-09-22 22:29:29 UTC,sensor07,236476538,19.11,83.41,2025-09-23 10:48:05+00:00,33.997627,-81.016457,67.6,7.38,0.3,104.01,20.0,3D,2025-09-23 06:48:05-04:00,POINT (-81.016457 33.997627)
2025-09-22 22:29:34 UTC,sensor07,236476538,19.13,83.15,2025-09-23 10:48:10+00:00,33.997573,-81.016027,67.4,7.88,-0.5,94.99,20.0,3D,2025-09-23 06:48:10-04:00,POINT (-81.016027 33.997573)
2025-09-22 22:29:39 UTC,sensor07,236476538,19.15,83.02,2025-09-23 10:48:15+00:00,33.997555,-81.015667,65.4,5.46,-0.4,95.99,20.0,3D,2025-09-23 06:48:15-04:00,POINT (-81.015667 33.997555)
2025-09-22 22:29:54 UTC,sensor07,236476538,19.16,82.84,2025-09-23 10:48:30+00:00,33.997552,-81.015448,62.9,3.05,-0.2,67.3,20.0,3D,2025-09-23 06:48:30-04:00,POINT (-81.015448 33.997552)
2025-09-22 22:29:59 UTC,sensor07,236476538,19.15,82.86,2025-09-23 10:48:35+00:00,33.997718,-81.015325,62.4,5.18,0.0,345.76,20.0,3D,2025-09-23 06:48:35-04:00,POINT (-81.015325 33.997718)
2025-09-22 22:30:05 UTC,sensor07,236476538,19.12,82.9,2025-09-23 10:48:41+00:00,33.998135,-81.015513,62.1,9.38,-0.1,0.0,20.0,3D,2025-09-23 06:48:41-04:00,POINT (-81.015513 33.998135)
2025-09-22 22:30:10 UTC,sensor07,236476538,19.19,83.02,2025-09-23 10:48:46+00:00,33.998555,-81.015728,64.1,9.75,0.6,0.0,20.0,3D,2025-09-23 06:48:46-04:00,POINT (-81.015728 33.998555)
2025-09-22 22:30:15 UTC,sensor07,236476538,18.98,83.18,2025-09-23 10:48:51+00:00,33.999002,-81.015913,67.9,9.73,1.5,0.0,20.0,3D,2025-09-23 06:48:51-04:00,POINT (-81.015913 33.999002)
2025-09-22 22:30:20 UTC,sensor07,236476538,18.8,83.86,2025-09-23 10:48:56+00:00,33.999405,-81.016103,70.9,10.09,0.7,340.8,20.0,3D,2025-09-23 06:48:56-04:00,POINT (-81.016103 33.999405)
2025-09-22 22:30:25 UTC,sensor07,236476538,18.59,84.48,2025-09-23 10:49:01+00:00,33.999807,-81.016258,73.1,8.96,1.0,340.99,20.0,3D,2025-09-23 06:49:01-04:00,POINT (-81.016258 33.999807)
2025-09-22 22:30:30 UTC,sensor07,236476538,18.57,85.11,2025-09-23 10:49:04+00:00,34.000032,-81.016352,73.6,8.64,0.5,0.0,20.0,3D,2025-09-23 06:49:04-04:00,POINT (-81.016352 34.000032)
2025-09-22 22:30:50 UTC,sensor07,236476538,18.5,85.61,2025-09-23 10:49:26+00:00,34.000317,-81.016462,73.3,3.66,-0.3,9.21,20.0,3D,2025-09-23 06:49:26-04:00,POINT (-81.016462 34.000317)
2025-09-22 22:30:55 UTC,sensor07,236476538,18.4,85.91,2025-09-23 10:49:31+00:00,34.000415,-81.016262,71.7,6.07,-0.2,71.84,20.0,3D,2025-09-23 06:49:31-04:00,POINT (-81.016262 34.000415)
2025-09-22 22:31:00 UTC,sensor07,236476538,18.27,86.18,2025-09-23 10:49:36+00:00,34.000512,-81.015925,71.2,6.59,-0.2,69.32,20.0,3D,2025-09-23 06:49:36-04:00,POINT (-81.015925 34.000512)
2025-09-22 22:31:05 UTC,sensor07,236476538,18.19,86.55,2025-09-23 10:49:41+00:00,34.0006,-81.015595,70.2,6.02,-0.3,73.5,20.0,3D,2025-09-23 06:49:41-04:00,POINT (-81.015595 34.0006)
2025-09-22 22:31:10 UTC,sensor07,236476538,18.07,86.9,2025-09-23 10:49:46+00:00,34.000715,-81.015355,69.5,5.04,0.0,43.01,20.0,3D,2025-09-23 06:49:46-04:00,POINT (-81.015355 34.000715)
2025-09-22 22:31:15 UTC,sensor07,236476538,17.9,87.4,2025-09-23 10:49:51+00:00,34.00093,-81.015157,69.1,6.37,0.1,34.3,20.0,3D,2025-09-23 06:49:51-04:00,POINT (-81.015157 34.00093)
2025-09-22 22:31:20 UTC,sensor07,236476538,17.82,87.97,2025-09-23 10:49:56+00:00,34.001172,-81.014953,69.2,6.91,0.0,31.55,20.0,3D,2025-09-23 06:49:56-04:00,POINT (-81.014953 34.001172)
2025-09-22 22:31:25 UTC,sensor07,236476538,17.76,88.24,2025-09-23 10:50:01+00:00,34.001413,-81.014758,71.5,6.42,0.8,32.68,20.0,3D,2025-09-23 06:50:01-04:00,POINT (-81.014758 34.001413)
2025-09-22 22:31:30 UTC,sensor07,236476538,17.72,88.51,2025-09-23 10:50:07+00:00,34.001693,-81.014557,74.0,5.49,0.5,0.0,20.0,3D,2025-09-23 06:50:07-04:00,POINT (-81.014557 34.001693)
2025-09-22 22:31:36 UTC,sensor07,236476538,17.71,88.7,2025-09-23 10:50:12+00:00,34.001888,-81.014393,75.2,5.4,-0.3,0.0,20.0,3D,2025-09-23 06:50:12-04:00,POINT (-81.014393 34.001888)
2025-09-22 22:31:41 UTC,sensor07,236476538,17.67,88.83,2025-09-23 10:50:17+00:00,34.002045,-81.014233,76.5,4.51,0.3,0.0,20.0,3D,2025-09-23 06:50:17-04:00,POINT (-81.014233 34.002045)
2025-09-22 22:31:51 UTC,sensor07,236476538,17.65,88.76,2025-09-23 10:50:27+00:00,34.002247,-81.013998,73.3,2.93,0.1,38.89,20.0,3D,2025-09-23 06:50:27-04:00,POINT (-81.013998 34.002247)
2025-09-22 22:31:56 UTC,sensor07,236476538,17.62,88.85,2025-09-23 10:50:32+00:00,34.00237,-81.013888,72.8,3.33,-0.6,52.14,20.0,3D,2025-09-23 06:50:32-04:00,POINT (-81.013888 34.00237)
2025-09-22 22:32:01 UTC,sensor07,236476538,17.64,89.04,2025-09-23 10:50:37+00:00,34.002445,-81.013767,72.9,2.38,0.0,63.54,20.0,3D,2025-09-23 06:50:37-04:00,POINT (-81.013767 34.002445)
2025-09-22 21:41:31 UTC,sensor08,236476534,17.27,87.41,2025-09-23 10:02:42+00:00,34.032477,-81.049853,50.6,7.65,0.1,86.41,9.0,3D,2025-09-23 06:02:42-04:00,POINT (-81.049853 34.032477)
2025-09-22 21:41:36 UTC,sensor08,236476534,17.15,88.1,2025-09-23 10:02:47+00:00,34.03242,-81.049355,51.5,9.12,0.3,88.06,9.0,3D,2025-09-23 06:02:47-04:00,POINT (-81.049355 34.03242)
2025-09-22 21:41:41 UTC,sensor08,236476534,16.98,88.66,2025-09-23 10:02:52+00:00,34.032388,-81.04884,52.3,9.45,0.1,88.8,9.0,3D,2025-09-23 06:02:52-04:00,POINT (-81.04884 34.032388)
2025-09-22 21:41:46 UTC,sensor08,236476534,16.94,89.13,2025-09-23 10:02:57+00:00,34.032427,-81.048565,53.0,2.75,0.2,99.31,9.0,3D,2025-09-23 06:02:57-04:00,POINT (-81.048565 34.032427)
2025-09-22 21:41:56 UTC,sensor08,236476534,16.84,89.83,2025-09-23 10:03:08+00:00,34.031933,-81.048515,54.1,14.98,0.0,0.0,9.0,3D,2025-09-23 06:03:08-04:00,POINT (-81.048515 34.031933)
2025-09-22 21:42:01 UTC,sensor08,236476534,16.81,90.08,2025-09-23 10:03:13+00:00,34.031377,-81.04858,54.6,10.49,0.1,0.0,10.0,3D,2025-09-23 06:03:13-04:00,POINT (-81.04858 34.031377)
2025-09-22 21:42:06 UTC,sensor08,236476534,16.86,90.35,2025-09-23 10:03:18+00:00,34.03098,-81.048648,55.0,8.15,0.1,0.0,10.0,3D,2025-09-23 06:03:18-04:00,POINT (-81.048648 34.03098)
2025-09-22 21:42:11 UTC,sensor08,236476534,16.91,90.55,2025-09-23 10:03:23+00:00,34.030663,-81.048653,55.3,6.48,0.1,170.05,10.0,3D,2025-09-23 06:03:23-04:00,POINT (-81.048653 34.030663)
2025-09-22 21:42:16 UTC,sensor08,236476534,16.87,90.7,2025-09-23 10:03:28+00:00,34.030692,-81.048152,55.1,9.73,0.0,79.53,10.0,3D,2025-09-23 06:03:28-04:00,POINT (-81.048152 34.030692)
2025-09-22 21:42:21 UTC,sensor08,236476534,16.88,90.83,2025-09-23 10:03:33+00:00,34.030723,-81.047525,54.9,11.52,-0.1,86.44,10.0,3D,2025-09-23 06:03:33-04:00,POINT (-81.047525 34.030723)
2025-09-22 21:42:26 UTC,sensor08,236476534,16.98,90.92,2025-09-23 10:03:38+00:00,34.030663,-81.046897,55.1,11.37,0.2,103.14,10.0,3D,2025-09-23 06:03:38-04:00,POINT (-81.046897 34.030663)
2025-09-22 21:42:31 UTC,sensor08,236476534,16.98,90.78,2025-09-23 10:03:43+00:00,34.030455,-81.046267,55.4,11.72,0.1,112.79,10.0,3D,2025-09-23 06:03:43-04:00,POINT (-81.046267 34.030455)
2025-09-22 21:42:37 UTC,sensor08,236476534,16.96,90.7,2025-09-23 10:03:48+00:00,34.030232,-81.04567,56.0,12.06,0.2,113.71,10.0,3D,2025-09-23 06:03:48-04:00,POINT (-81.04567 34.030232)
2025-09-22 21:42:42 UTC,sensor08,236476534,17.06,90.73,2025-09-23 10:03:53+00:00,34.030047,-81.045032,57.2,12.42,0.2,104.62,10.0,3D,2025-09-23 06:03:53-04:00,POINT (-81.045032 34.030047)
2025-09-22 21:42:47 UTC,sensor08,236476534,17.18,90.57,2025-09-23 10:03:58+00:00,34.030033,-81.044395,58.2,11.66,0.2,95.83,10.0,3D,2025-09-23 06:03:58-04:00,POINT (-81.044395 34.030033)
2025-09-22 21:42:52 UTC,sensor08,236476534,17.33,90.21,2025-09-23 10:04:03+00:00,34.030003,-81.043758,59.0,11.28,0.1,95.34,10.0,3D,2025-09-23 06:04:03-04:00,POINT (-81.043758 34.030003)
2025-09-22 21:42:57 UTC,sensor08,236476534,17.3,89.85,2025-09-23 10:04:08+00:00,34.029958,-81.043125,59.7,11.82,0.2,96.01,10.0,3D,2025-09-23 06:04:08-04:00,POINT (-81.043125 34.029958)
2025-09-22 21:43:02 UTC,sensor08,236476534,17.35,89.61,2025-09-23 10:04:13+00:00,34.029925,-81.042573,61.1,7.56,0.3,96.51,11.0,3D,2025-09-23 06:04:13-04:00,POINT (-81.042573 34.029925)
2025-09-22 21:43:12 UTC,sensor08,236476534,17.28,89.52,2025-09-23 10:04:21+00:00,34.029832,-81.042335,63.4,5.13,0.3,157.04,11.0,3D,2025-09-23 06:04:21-04:00,POINT (-81.042335 34.029832)
2025-09-22 21:43:17 UTC,sensor08,236476534,17.33,89.5,2025-09-23 10:04:28+00:00,34.029223,-81.042312,66.8,10.63,0.5,173.85,11.0,3D,2025-09-23 06:04:28-04:00,POINT (-81.042312 34.029223)
2025-09-22 21:43:22 UTC,sensor08,236476534,17.36,89.37,2025-09-23 10:04:33+00:00,34.028638,-81.042192,68.5,13.54,0.3,173.22,10.0,3D,2025-09-23 06:04:33-04:00,POINT (-81.042192 34.028638)
2025-09-22 21:43:27 UTC,sensor08,236476534,17.13,89.64,2025-09-23 10:04:38+00:00,34.028065,-81.042152,69.7,12.51,0.2,176.25,11.0,3D,2025-09-23 06:04:38-04:00,POINT (-81.042152 34.028065)
2025-09-22 21:43:32 UTC,sensor08,236476534,17.09,90.13,2025-09-23 10:04:43+00:00,34.02745,-81.042102,70.0,13.76,0.0,175.49,11.0,3D,2025-09-23 06:04:43-04:00,POINT (-81.042102 34.02745)
2025-09-22 21:43:37 UTC,sensor08,236476534,17.12,90.39,2025-09-23 10:04:48+00:00,34.026883,-81.0421,69.9,12.9,0.1,182.67,11.0,3D,2025-09-23 06:04:48-04:00,POINT (-81.0421 34.026883)
2025-09-22 21:43:42 UTC,sensor08,236476534,17.12,90.37,2025-09-23 10:04:53+00:00,34.026345,-81.042167,70.5,12.69,0.2,184.02,11.0,3D,2025-09-23 06:04:53-04:00,POINT (-81.042167 34.026345)
2025-09-22 21:43:47 UTC,sensor08,236476534,17.23,90.2,2025-09-23 10:04:58+00:00,34.025703,-81.042207,72.2,15.06,0.5,180.13,11.0,3D,2025-09-23 06:04:58-04:00,POINT (-81.042207 34.025703)
2025-09-22 21:43:52 UTC,sensor08,236476534,16.97,89.83,2025-09-23 10:05:03+00:00,34.02505,-81.042265,75.9,14.31,0.9,189.77,11.0,3D,2025-09-23 06:05:03-04:00,POINT (-81.042265 34.02505)
2025-09-22 21:43:57 UTC,sensor08,236476534,16.94,90.12,2025-09-23 10:05:08+00:00,34.024368,-81.042418,79.9,15.51,0.3,192.79,11.0,3D,2025-09-23 06:05:08-04:00,POINT (-81.042418 34.024368)
2025-09-22 21:44:02 UTC,sensor08,236476534,17.13,90.53,2025-09-23 10:05:13+00:00,34.023682,-81.042602,82.1,15.07,0.3,189.28,11.0,3D,2025-09-23 06:05:13-04:00,POINT (-81.042602 34.023682)
2025-09-22 21:44:07 UTC,sensor08,236476534,17.43,90.27,2025-09-23 10:05:18+00:00,34.022997,-81.042673,81.8,15.54,0.0,181.03,11.0,3D,2025-09-23 06:05:18-04:00,POINT (-81.042673 34.022997)
2025-09-22 21:44:12 UTC,sensor08,236476534,17.72,89.36,2025-09-23 10:05:23+00:00,34.022302,-81.042655,83.0,14.17,0.2,179.69,11.0,3D,2025-09-23 06:05:23-04:00,POINT (-81.042655 34.022302)
2025-09-22 21:44:17 UTC,sensor08,236476534,17.96,88.25,2025-09-23 10:05:29+00:00,34.021547,-81.042585,83.9,14.11,0.3,0.0,11.0,3D,2025-09-23 06:05:29-04:00,POINT (-81.042585 34.021547)
2025-09-22 21:44:22 UTC,sensor08,236476534,18.24,87.43,2025-09-23 10:05:34+00:00,34.020948,-81.042353,84.5,14.13,0.2,0.0,11.0,3D,2025-09-23 06:05:34-04:00,POINT (-81.042353 34.020948)
2025-09-22 21:44:27 UTC,sensor08,236476534,18.42,86.43,2025-09-23 10:05:39+00:00,34.020368,-81.042122,84.5,14.54,0.2,0.0,11.0,3D,2025-09-23 06:05:39-04:00,POINT (-81.042122 34.020368)
2025-09-22 21:44:32 UTC,sensor08,236476534,18.71,85.66,2025-09-23 10:05:44+00:00,34.019793,-81.041895,83.8,12.71,0.0,0.0,4.0,3D,2025-09-23 06:05:44-04:00,POINT (-81.041895 34.019793)
2025-09-22 21:44:37 UTC,sensor08,236476534,18.85,84.74,2025-09-23 10:05:49+00:00,34.019242,-81.041663,84.2,13.69,0.1,0.0,4.0,3D,2025-09-23 06:05:49-04:00,POINT (-81.041663 34.019242)
2025-09-22 21:44:42 UTC,sensor08,236476534,18.91,84.34,2025-09-23 10:05:54+00:00,34.018665,-81.04141,84.9,13.27,0.0,0.0,4.0,3D,2025-09-23 06:05:54-04:00,POINT (-81.04141 34.018665)
2025-09-22 21:44:48 UTC,sensor08,236476534,18.93,84.12,2025-09-23 10:05:59+00:00,34.018072,-81.041145,84.8,14.09,0.1,0.0,11.0,3D,2025-09-23 06:05:59-04:00,POINT (-81.041145 34.018072)
2025-09-22 21:44:53 UTC,sensor08,236476534,18.85,84.03,2025-09-23 10:06:04+00:00,34.017452,-81.040855,84.6,14.24,-0.1,158.74,11.0,3D,2025-09-23 06:06:04-04:00,POINT (-81.040855 34.017452)
2025-09-22 21:44:58 UTC,sensor08,236476534,18.93,84.16,2025-09-23 10:06:09+00:00,34.016827,-81.04057,82.9,14.85,-0.7,160.66,11.0,3D,2025-09-23 06:06:09-04:00,POINT (-81.04057 34.016827)
2025-09-22 21:45:03 UTC,sensor08,236476534,19.07,83.85,2025-09-23 10:06:14+00:00,34.016188,-81.040282,82.7,14.99,0.5,158.0,11.0,3D,2025-09-23 06:06:14-04:00,POINT (-81.040282 34.016188)
2025-09-22 21:45:08 UTC,sensor08,236476534,19.13,83.38,2025-09-23 10:06:19+00:00,34.01558,-81.04,83.3,14.63,0.3,160.31,11.0,3D,2025-09-23 06:06:19-04:00,POINT (-81.04 34.01558)
2025-09-22 21:45:13 UTC,sensor08,236476534,19.14,83.11,2025-09-23 10:06:21+00:00,34.015335,-81.039892,84.9,14.8,0.9,159.84,11.0,3D,2025-09-23 06:06:21-04:00,POINT (-81.039892 34.015335)
2025-09-22 21:45:18 UTC,sensor08,236476534,19.27,82.92,2025-09-23 10:06:26+00:00,34.014743,-81.039623,88.8,13.11,1.5,160.13,11.0,3D,2025-09-23 06:06:26-04:00,POINT (-81.039623 34.014743)
2025-09-22 21:45:23 UTC,sensor08,236476534,19.26,82.49,2025-09-23 10:06:34+00:00,34.013885,-81.039252,88.0,12.81,-0.6,161.8,11.0,3D,2025-09-23 06:06:34-04:00,POINT (-81.039252 34.013885)
2025-09-22 21:45:28 UTC,sensor08,236476534,19.23,82.43,2025-09-23 10:06:39+00:00,34.013453,-81.039072,87.4,8.2,-0.1,162.86,11.0,3D,2025-09-23 06:06:39-04:00,POINT (-81.039072 34.013453)
2025-09-22 21:45:33 UTC,sensor08,236476534,19.21,82.23,2025-09-23 10:06:44+00:00,34.013265,-81.039352,88.5,9.89,0.0,244.56,11.0,3D,2025-09-23 06:06:44-04:00,POINT (-81.039352 34.013265)
2025-09-22 21:45:38 UTC,sensor08,236476534,19.22,82.14,2025-09-23 10:06:49+00:00,34.013118,-81.039887,88.8,9.43,0.1,249.07,11.0,3D,2025-09-23 06:06:49-04:00,POINT (-81.039887 34.013118)
2025-09-22 21:45:43 UTC,sensor08,236476534,19.24,82.13,2025-09-23 10:06:54+00:00,34.013022,-81.040277,89.9,6.06,0.2,253.39,11.0,3D,2025-09-23 06:06:54-04:00,POINT (-81.040277 34.013022)
2025-09-22 21:45:48 UTC,sensor08,236476534,19.26,81.99,2025-09-23 10:06:59+00:00,34.01291,-81.040693,90.4,10.56,0.2,249.74,11.0,3D,2025-09-23 06:06:59-04:00,POINT (-81.040693 34.01291)
2025-09-22 21:45:53 UTC,sensor08,236476534,19.37,81.8,2025-09-23 10:07:04+00:00,34.012692,-81.041338,90.8,12.84,0.0,250.65,11.0,3D,2025-09-23 06:07:04-04:00,POINT (-81.041338 34.012692)
2025-09-22 21:45:58 UTC,sensor08,236476534,19.14,82.04,2025-09-23 10:07:09+00:00,34.012458,-81.042033,91.8,14.34,0.5,247.69,11.0,3D,2025-09-23 06:07:09-04:00,POINT (-81.042033 34.012458)
2025-09-22 21:46:49 UTC,sensor08,236476534,18.88,83.68,2025-09-23 10:08:00+00:00,34.009373,-81.050382,96.1,15.21,-0.3,192.8,12.0,3D,2025-09-23 06:08:00-04:00,POINT (-81.050382 34.009373)
2025-09-22 21:46:59 UTC,sensor08,236476534,19.04,83.48,2025-09-23 10:08:10+00:00,34.008172,-81.049645,91.9,15.58,-0.4,150.16,12.0,3D,2025-09-23 06:08:10-04:00,POINT (-81.049645 34.008172)
2025-09-22 21:47:19 UTC,sensor08,236476534,18.99,84.62,2025-09-23 10:08:30+00:00,34.00533,-81.048355,82.0,15.51,-0.3,159.37,11.0,3D,2025-09-23 06:08:30-04:00,POINT (-81.048355 34.00533)
2025-09-22 21:47:24 UTC,sensor08,236476534,19.02,84.19,2025-09-23 10:08:35+00:00,34.004682,-81.048055,80.4,15.41,-0.6,158.37,11.0,3D,2025-09-23 06:08:35-04:00,POINT (-81.048055 34.004682)
2025-09-22 21:47:29 UTC,sensor08,236476534,19.29,83.9,2025-09-23 10:08:40+00:00,34.004032,-81.047768,77.4,15.4,-0.8,158.52,11.0,3D,2025-09-23 06:08:40-04:00,POINT (-81.047768 34.004032)
2025-09-22 21:47:34 UTC,sensor08,236476534,19.25,83.61,2025-09-23 10:08:45+00:00,34.003412,-81.0475,73.6,13.7,-0.2,161.63,11.0,3D,2025-09-23 06:08:45-04:00,POINT (-81.0475 34.003412)
2025-09-22 21:47:39 UTC,sensor08,236476534,19.46,83.29,2025-09-23 10:08:50+00:00,34.00287,-81.04727,73.5,12.38,0.1,159.7,11.0,3D,2025-09-23 06:08:50-04:00,POINT (-81.04727 34.00287)
2025-09-22 21:47:44 UTC,sensor08,236476534,19.27,83.27,2025-09-23 10:08:55+00:00,34.002353,-81.046993,71.5,11.21,-0.3,155.37,11.0,3D,2025-09-23 06:08:55-04:00,POINT (-81.046993 34.002353)
2025-09-22 21:47:49 UTC,sensor08,236476534,19.29,83.6,2025-09-23 10:09:00+00:00,34.001988,-81.046798,70.3,6.0,0.2,158.28,11.0,3D,2025-09-23 06:09:00-04:00,POINT (-81.046798 34.001988)
2025-09-22 21:48:19 UTC,sensor08,236476534,19.23,83.89,2025-09-23 10:09:31+00:00,34.00182,-81.046657,69.0,5.07,-0.1,0.0,12.0,3D,2025-09-23 06:09:31-04:00,POINT (-81.046657 34.00182)
2025-09-22 21:48:24 UTC,sensor08,236476534,19.2,83.94,2025-09-23 10:09:36+00:00,34.00197,-81.046127,69.2,12.59,0.4,0.0,12.0,3D,2025-09-23 06:09:36-04:00,POINT (-81.046127 34.00197)
2025-09-22 21:48:29 UTC,sensor08,236476534,18.95,84.29,2025-09-23 10:09:41+00:00,34.002212,-81.04544,70.1,13.94,0.2,68.36,11.0,3D,2025-09-23 06:09:41-04:00,POINT (-81.04544 34.002212)
2025-09-22 21:48:34 UTC,sensor08,236476534,18.83,84.92,2025-09-23 10:09:46+00:00,34.002432,-81.044718,72.1,14.57,0.2,69.09,11.0,3D,2025-09-23 06:09:46-04:00,POINT (-81.044718 34.002432)
2025-09-22 21:48:39 UTC,sensor08,236476534,18.99,84.97,2025-09-23 10:09:51+00:00,34.002688,-81.043962,71.1,15.1,-0.4,66.67,11.0,3D,2025-09-23 06:09:51-04:00,POINT (-81.043962 34.002688)
2025-09-22 21:48:45 UTC,sensor08,236476534,18.87,84.88,2025-09-23 10:09:56+00:00,34.00289,-81.043178,70.8,15.37,0.0,71.26,11.0,3D,2025-09-23 06:09:56-04:00,POINT (-81.043178 34.00289)
2025-09-22 21:48:50 UTC,sensor08,236476534,18.71,85.46,2025-09-23 10:10:01+00:00,34.00314,-81.04241,70.8,15.1,0.0,71.29,11.0,3D,2025-09-23 06:10:01-04:00,POINT (-81.04241 34.00314)
2025-09-22 21:48:55 UTC,sensor08,236476534,18.93,85.72,2025-09-23 10:10:06+00:00,34.003388,-81.041658,71.4,14.77,0.2,70.72,11.0,3D,2025-09-23 06:10:06-04:00,POINT (-81.041658 34.003388)
2025-09-22 21:49:00 UTC,sensor08,236476534,18.98,85.07,2025-09-23 10:10:11+00:00,34.003618,-81.040908,75.7,14.57,1.1,67.5,11.0,3D,2025-09-23 06:10:11-04:00,POINT (-81.040908 34.003618)
2025-09-22 21:49:05 UTC,sensor08,236476534,19.15,84.6,2025-09-23 10:10:16+00:00,34.003822,-81.040252,82.5,11.57,1.4,70.68,11.0,3D,2025-09-23 06:10:16-04:00,POINT (-81.040252 34.003822)
2025-09-22 21:49:10 UTC,sensor08,236476534,19.42,83.85,2025-09-23 10:10:21+00:00,34.00403,-81.039663,88.6,11.45,1.1,66.12,11.0,3D,2025-09-23 06:10:21-04:00,POINT (-81.039663 34.00403)
2025-09-22 21:49:15 UTC,sensor08,236476534,19.49,82.91,2025-09-23 10:10:26+00:00,34.004222,-81.039112,92.3,9.61,0.65,74.61,11.0,3D,2025-09-23 06:10:26-04:00,POINT (-81.039112 34.004222)
2025-09-22 21:49:30 UTC,sensor08,236476534,19.92,81.32,2025-09-23 10:10:41+00:00,34.004457,-81.038745,99.0,6.01,0.5,13.94,11.0,3D,2025-09-23 06:10:41-04:00,POINT (-81.038745 34.004457)
2025-09-22 21:49:35 UTC,sensor08,236476534,20.21,79.59,2025-09-23 10:10:46+00:00,34.004802,-81.03884,100.3,8.33,-0.1,340.04,11.0,3D,2025-09-23 06:10:46-04:00,POINT (-81.03884 34.004802)
2025-09-22 21:49:40 UTC,sensor08,236476534,20.28,78.23,2025-09-23 10:10:51+00:00,34.005202,-81.03903,100.8,7.54,0.2,340.65,11.0,3D,2025-09-23 06:10:51-04:00,POINT (-81.03903 34.005202)
2025-09-22 21:49:45 UTC,sensor08,236476534,20.39,77.48,2025-09-23 10:10:56+00:00,34.005408,-81.039143,100.5,4.05,0.0,318.89,11.0,3D,2025-09-23 06:10:56-04:00,POINT (-81.039143 34.005408)
2025-09-22 21:49:55 UTC,sensor08,236476534,20.41,76.77,2025-09-23 10:11:06+00:00,34.00498,-81.039032,101.1,7.87,0.3,157.23,11.0,3D,2025-09-23 06:11:06-04:00,POINT (-81.039032 34.00498)
2025-09-22 21:50:00 UTC,sensor08,236476534,20.25,77.42,2025-09-23 10:11:11+00:00,34.00463,-81.038868,102.4,7.34,0.1,158.46,11.0,3D,2025-09-23 06:11:11-04:00,POINT (-81.038868 34.00463)
2025-09-22 21:50:05 UTC,sensor08,236476534,20.25,78.27,2025-09-23 10:11:16+00:00,34.004427,-81.038797,103.2,2.27,0.3,155.77,11.0,3D,2025-09-23 06:11:16-04:00,POINT (-81.038797 34.004427)
2025-09-22 21:50:10 UTC,sensor08,236476534,20.11,78.5,2025-09-23 10:11:21+00:00,34.004193,-81.038692,103.6,8.34,-0.1,162.17,11.0,3D,2025-09-23 06:11:21-04:00,POINT (-81.038692 34.004193)
2025-09-22 21:50:15 UTC,sensor08,236476534,20.0,79.36,2025-09-23 10:11:27+00:00,34.003628,-81.03844,102.9,12.02,-0.1,0.0,11.0,3D,2025-09-23 06:11:27-04:00,POINT (-81.03844 34.003628)
2025-09-22 21:50:20 UTC,sensor08,236476534,19.89,80.01,2025-09-23 10:11:32+00:00,34.003163,-81.038238,101.7,8.37,-0.3,0.0,11.0,3D,2025-09-23 06:11:32-04:00,POINT (-81.038238 34.003163)
2025-09-22 21:50:40 UTC,sensor08,236476534,19.9,80.87,2025-09-23 10:11:52+00:00,34.00298,-81.038183,100.9,3.78,-0.1,168.7,11.0,3D,2025-09-23 06:11:52-04:00,POINT (-81.038183 34.00298)
2025-09-22 21:50:46 UTC,sensor08,236476534,19.78,81.1,2025-09-23 10:11:57+00:00,34.002585,-81.03798,99.6,11.04,-0.5,158.34,11.0,3D,2025-09-23 06:11:57-04:00,POINT (-81.03798 34.002585)
2025-09-22 21:50:51 UTC,sensor08,236476534,19.96,81.0,2025-09-23 10:12:02+00:00,34.0021,-81.037758,96.4,10.4,-0.9,157.43,11.0,3D,2025-09-23 06:12:02-04:00,POINT (-81.037758 34.0021)
2025-09-22 21:50:56 UTC,sensor08,236476534,20.0,80.81,2025-09-23 10:12:07+00:00,34.00179,-81.037618,93.5,4.86,-0.5,162.54,11.0,3D,2025-09-23 06:12:07-04:00,POINT (-81.037618 34.00179)
2025-09-22 21:51:51 UTC,sensor08,236476534,20.02,80.85,2025-09-23 10:13:02+00:00,34.001497,-81.037477,91.3,7.99,0.1,160.45,11.0,3D,2025-09-23 06:13:02-04:00,POINT (-81.037477 34.001497)
2025-09-22 21:51:56 UTC,sensor08,236476534,20.08,80.8,2025-09-23 10:13:07+00:00,34.001088,-81.037295,91.4,10.27,0.0,161.77,11.0,3D,2025-09-23 06:13:07-04:00,POINT (-81.037295 34.001088)
2025-09-22 21:52:01 UTC,sensor08,236476534,20.13,80.6,2025-09-23 10:13:12+00:00,34.000642,-81.037075,91.6,8.77,0.0,159.36,11.0,3D,2025-09-23 06:13:12-04:00,POINT (-81.037075 34.000642)
2025-09-22 21:52:06 UTC,sensor08,236476534,20.06,80.71,2025-09-23 10:13:17+00:00,34.000417,-81.036983,91.8,2.81,0.0,161.59,11.0,3D,2025-09-23 06:13:17-04:00,POINT (-81.036983 34.000417)
2025-09-22 21:52:31 UTC,sensor08,236476534,20.23,80.67,2025-09-23 10:13:43+00:00,34.000128,-81.036872,92.2,8.59,0.0,0.0,11.0,3D,2025-09-23 06:13:43-04:00,POINT (-81.036872 34.000128)
2025-09-22 21:52:36 UTC,sensor08,236476534,20.27,80.49,2025-09-23 10:13:48+00:00,33.999688,-81.036673,92.0,11.34,-0.2,0.0,11.0,3D,2025-09-23 06:13:48-04:00,POINT (-81.036673 33.999688)
2025-09-22 21:52:41 UTC,sensor08,236476534,20.18,80.4,2025-09-23 10:13:53+00:00,33.999215,-81.036463,91.4,11.07,-0.1,159.16,11.0,3D,2025-09-23 06:13:53-04:00,POINT (-81.036463 33.999215)
2025-09-22 21:52:46 UTC,sensor08,236476534,19.97,81.0,2025-09-23 10:13:58+00:00,33.998735,-81.036257,91.0,11.56,-0.1,159.75,12.0,3D,2025-09-23 06:13:58-04:00,POINT (-81.036257 33.998735)
2025-09-22 21:52:52 UTC,sensor08,236476534,20.17,81.1,2025-09-23 10:14:03+00:00,33.998232,-81.036047,90.4,12.11,-0.1,160.88,12.0,3D,2025-09-23 06:14:03-04:00,POINT (-81.036047 33.998232)
2025-09-22 21:52:57 UTC,sensor08,236476534,20.23,80.99,2025-09-23 10:14:08+00:00,33.997728,-81.035813,90.8,11.29,0.0,160.1,12.0,3D,2025-09-23 06:14:08-04:00,POINT (-81.035813 33.997728)
2025-09-22 21:53:02 UTC,sensor08,236476534,19.95,81.22,2025-09-23 10:14:13+00:00,33.997273,-81.0356,90.9,10.59,0.0,158.67,12.0,3D,2025-09-23 06:14:13-04:00,POINT (-81.0356 33.997273)
2025-09-22 21:53:07 UTC,sensor08,236476534,19.81,82.08,2025-09-23 10:14:18+00:00,33.996775,-81.035385,90.9,12.42,0.1,160.72,12.0,3D,2025-09-23 06:14:18-04:00,POINT (-81.035385 33.996775)
2025-09-22 21:53:12 UTC,sensor08,236476534,19.68,82.82,2025-09-23 10:14:23+00:00,33.996288,-81.035222,91.1,8.51,0.1,167.33,11.0,3D,2025-09-23 06:14:23-04:00,POINT (-81.035222 33.996288)
2025-09-22 21:53:17 UTC,sensor08,236476534,19.77,83.34,2025-09-23 10:14:25+00:00,33.996178,-81.035187,91.1,5.4,-0.1,164.04,11.0,3D,2025-09-23 06:14:25-04:00,POINT (-81.035187 33.996178)
2025-09-22 21:53:22 UTC,sensor08,236476534,19.83,83.18,2025-09-23 10:14:33+00:00,33.995685,-81.034967,90.4,10.24,0.0,159.16,11.0,3D,2025-09-23 06:14:33-04:00,POINT (-81.034967 33.995685)
2025-09-22 21:53:27 UTC,sensor08,236476534,20.01,82.48,2025-09-23 10:14:38+00:00,33.995277,-81.034768,90.6,9.53,0.1,160.5,11.0,3D,2025-09-23 06:14:38-04:00,POINT (-81.034768 33.995277)
2025-09-22 21:53:32 UTC,sensor08,236476534,20.02,81.95,2025-09-23 10:14:43+00:00,33.994992,-81.034603,90.3,6.03,-0.2,152.54,11.0,3D,2025-09-23 06:14:43-04:00,POINT (-81.034603 33.994992)
2025-09-22 21:53:37 UTC,sensor08,236476534,20.07,82.02,2025-09-23 10:14:48+00:00,33.994878,-81.034565,89.6,3.18,0.0,154.96,12.0,3D,2025-09-23 06:14:48-04:00,POINT (-81.034565 33.994878)
2025-09-22 21:53:42 UTC,sensor08,236476534,20.02,82.18,2025-09-23 10:14:53+00:00,33.994722,-81.03472,88.8,7.42,-0.2,246.41,12.0,3D,2025-09-23 06:14:53-04:00,POINT (-81.03472 33.994722)
2025-09-22 21:53:47 UTC,sensor08,236476534,20.01,82.0,2025-09-23 10:14:58+00:00,33.994573,-81.035185,87.5,8.72,-0.2,247.8,12.0,3D,2025-09-23 06:14:58-04:00,POINT (-81.035185 33.994573)
2025-09-22 21:53:52 UTC,sensor08,236476534,19.73,82.2,2025-09-23 10:15:03+00:00,33.994445,-81.035557,86.4,6.45,-0.1,246.65,12.0,3D,2025-09-23 06:15:03-04:00,POINT (-81.035557 33.994445)
2025-09-22 21:53:57 UTC,sensor08,236476534,19.6,82.95,2025-09-23 10:15:08+00:00,33.99436,-81.035852,86.0,4.56,0.0,253.38,12.0,3D,2025-09-23 06:15:08-04:00,POINT (-81.035852 33.99436)
2025-09-22 21:54:02 UTC,sensor08,236476534,19.41,83.42,2025-09-23 10:15:13+00:00,33.994417,-81.03607,86.1,5.61,0.2,324.05,12.0,3D,2025-09-23 06:15:13-04:00,POINT (-81.03607 33.994417)
2025-09-22 21:54:07 UTC,sensor08,236476534,19.33,83.85,2025-09-23 10:15:18+00:00,33.994743,-81.036193,86.6,7.83,0.0,339.46,12.0,3D,2025-09-23 06:15:18-04:00,POINT (-81.036193 33.994743)
2025-09-22 21:54:12 UTC,sensor08,236476534,19.38,84.49,2025-09-23 10:15:23+00:00,33.99508,-81.036345,86.1,8.14,0.0,339.57,12.0,3D,2025-09-23 06:15:23-04:00,POINT (-81.036345 33.99508)
2025-09-22 21:54:17 UTC,sensor08,236476534,19.44,84.84,2025-09-23 10:15:28+00:00,33.995382,-81.036487,85.0,6.11,-0.3,338.68,12.0,3D,2025-09-23 06:15:28-04:00,POINT (-81.036487 33.995382)
2025-09-22 21:54:22 UTC,sensor08,236476534,19.4,84.95,2025-09-23 10:15:34+00:00,33.995517,-81.036612,83.7,2.92,-0.1,0.0,12.0,3D,2025-09-23 06:15:34-04:00,POINT (-81.036612 33.995517)
2025-09-22 21:54:27 UTC,sensor08,236476534,19.3,85.19,2025-09-23 10:15:39+00:00,33.99527,-81.036532,82.8,6.35,-0.1,0.0,12.0,3D,2025-09-23 06:15:39-04:00,POINT (-81.036532 33.99527)
2025-09-22 21:54:32 UTC,sensor08,236476534,19.15,85.23,2025-09-23 10:15:44+00:00,33.994967,-81.036395,82.4,6.25,-0.1,0.0,12.0,3D,2025-09-23 06:15:44-04:00,POINT (-81.036395 33.994967)
2025-09-22 21:54:37 UTC,sensor08,236476534,19.0,85.13,2025-09-23 10:15:49+00:00,33.99471,-81.036297,82.7,5.72,0.2,0.0,4.0,3D,2025-09-23 06:15:49-04:00,POINT (-81.036297 33.99471)
2025-09-22 21:54:53 UTC,sensor08,236476534,19.12,85.41,2025-09-23 10:16:04+00:00,33.994528,-81.03624,83.6,4.24,0.2,0.0,12.0,3D,2025-09-23 06:16:04-04:00,POINT (-81.03624 33.994528)
2025-09-22 21:55:08 UTC,sensor08,236476534,19.26,85.3,2025-09-23 10:16:19+00:00,33.994245,-81.036252,83.0,6.74,0.0,245.51,12.0,3D,2025-09-23 06:16:19-04:00,POINT (-81.036252 33.994245)
2025-09-22 21:55:13 UTC,sensor08,236476534,19.11,85.21,2025-09-23 10:16:23+00:00,33.994125,-81.036588,82.9,8.82,-0.1,246.72,12.0,3D,2025-09-23 06:16:23-04:00,POINT (-81.036588 33.994125)
2025-09-22 21:55:18 UTC,sensor08,236476534,19.19,85.81,2025-09-23 10:16:29+00:00,33.993953,-81.037075,81.3,6.55,-0.1,248.85,12.0,3D,2025-09-23 06:16:29-04:00,POINT (-81.037075 33.993953)
2025-09-22 21:55:23 UTC,sensor08,236476534,19.29,85.63,2025-09-23 10:16:34+00:00,33.993832,-81.037423,80.6,6.73,0.1,250.7,12.0,3D,2025-09-23 06:16:34-04:00,POINT (-81.037423 33.993832)
2025-09-22 21:55:33 UTC,sensor08,236476534,19.31,85.53,2025-09-23 10:16:44+00:00,33.993752,-81.037637,80.1,3.27,0.2,241.15,12.0,3D,2025-09-23 06:16:44-04:00,POINT (-81.037637 33.993752)
2025-09-22 21:55:38 UTC,sensor08,236476534,19.27,85.48,2025-09-23 10:16:49+00:00,33.993455,-81.0376,79.2,8.59,-0.1,160.73,12.0,3D,2025-09-23 06:16:49-04:00,POINT (-81.0376 33.993455)
2025-09-22 21:55:43 UTC,sensor08,236476534,19.32,85.4,2025-09-23 10:16:54+00:00,33.993047,-81.037437,77.5,9.34,-0.2,158.46,12.0,3D,2025-09-23 06:16:54-04:00,POINT (-81.037437 33.993047)
2025-09-22 21:55:48 UTC,sensor08,236476534,19.43,85.22,2025-09-23 10:16:59+00:00,33.992645,-81.037258,75.5,8.42,-0.4,162.72,12.0,3D,2025-09-23 06:16:59-04:00,POINT (-81.037258 33.992645)
2025-09-22 21:55:53 UTC,sensor08,236476534,19.43,85.09,2025-09-23 10:17:04+00:00,33.992437,-81.037165,73.9,2.65,0.2,141.9,12.0,3D,2025-09-23 06:17:04-04:00,POINT (-81.037165 33.992437)
2025-09-22 21:55:58 UTC,sensor08,236476534,19.47,85.1,2025-09-23 10:17:09+00:00,33.992365,-81.037097,72.1,3.66,-0.9,161.89,12.0,3D,2025-09-23 06:17:09-04:00,POINT (-81.037097 33.992365)
2025-09-22 21:56:03 UTC,sensor08,236476534,19.53,85.25,2025-09-23 10:17:14+00:00,33.992327,-81.036843,72.8,7.46,0.3,75.76,12.0,3D,2025-09-23 06:17:14-04:00,POINT (-81.036843 33.992327)
2025-09-22 21:56:08 UTC,sensor08,236476534,19.57,84.78,2025-09-23 10:17:19+00:00,33.992473,-81.036357,74.0,9.16,0.2,69.64,12.0,3D,2025-09-23 06:17:19-04:00,POINT (-81.036357 33.992473)
2025-09-22 21:56:13 UTC,sensor08,236476534,19.62,84.67,2025-09-23 10:17:24+00:00,33.992627,-81.035863,76.6,9.08,0.6,69.2,12.0,3D,2025-09-23 06:17:24-04:00,POINT (-81.035863 33.992627)
2025-09-22 21:56:18 UTC,sensor08,236476534,19.58,84.59,2025-09-23 10:17:29+00:00,33.992748,-81.035543,79.1,3.07,0.1,71.27,12.0,3D,2025-09-23 06:17:29-04:00,POINT (-81.035543 33.992748)
2025-09-22 21:56:23 UTC,sensor08,236476534,19.57,84.6,2025-09-23 10:17:35+00:00,33.992695,-81.035347,82.4,6.11,0.5,0.0,12.0,3D,2025-09-23 06:17:35-04:00,POINT (-81.035347 33.992695)
2025-09-22 21:56:28 UTC,sensor08,236476534,19.52,84.62,2025-09-23 10:17:40+00:00,33.992242,-81.03514,83.7,11.62,0.2,0.0,12.0,3D,2025-09-23 06:17:40-04:00,POINT (-81.03514 33.992242)
2025-09-22 21:56:33 UTC,sensor08,236476534,19.5,84.86,2025-09-23 10:17:45+00:00,33.991815,-81.034928,82.0,7.04,-1.1,0.0,12.0,3D,2025-09-23 06:17:45-04:00,POINT (-81.034928 33.991815)
2025-09-22 21:56:43 UTC,sensor08,236476534,19.47,85.11,2025-09-23 10:17:55+00:00,33.99161,-81.034882,80.1,4.05,-0.1,200.03,12.0,3D,2025-09-23 06:17:55-04:00,POINT (-81.034882 33.99161)
2025-09-22 21:56:49 UTC,sensor08,236476534,19.62,85.26,2025-09-23 10:18:00+00:00,33.991435,-81.035337,79.0,11.31,0.2,247.88,12.0,3D,2025-09-23 06:18:00-04:00,POINT (-81.035337 33.991435)
2025-09-22 21:56:54 UTC,sensor08,236476534,19.7,84.92,2025-09-23 10:18:05+00:00,33.991245,-81.035938,78.7,10.89,-0.2,248.73,12.0,3D,2025-09-23 06:18:05-04:00,POINT (-81.035938 33.991245)
2025-09-22 21:56:59 UTC,sensor08,236476534,19.65,84.85,2025-09-23 10:18:10+00:00,33.99106,-81.036523,72.9,11.95,-2.8,249.58,12.0,3D,2025-09-23 06:18:10-04:00,POINT (-81.036523 33.99106)
2025-09-22 21:57:04 UTC,sensor08,236476534,19.68,84.74,2025-09-23 10:18:15+00:00,33.990872,-81.037183,71.4,13.28,-0.3,250.09,12.0,3D,2025-09-23 06:18:15-04:00,POINT (-81.037183 33.990872)
2025-09-22 21:57:09 UTC,sensor08,236476534,19.56,84.47,2025-09-23 10:18:20+00:00,33.990665,-81.037875,71.8,13.7,-0.1,248.83,12.0,3D,2025-09-23 06:18:20-04:00,POINT (-81.037875 33.990665)
2025-09-22 21:57:14 UTC,sensor08,236476534,19.6,84.42,2025-09-23 10:18:24+00:00,33.99049,-81.038433,69.3,13.73,-0.6,248.8,12.0,3D,2025-09-23 06:18:24-04:00,POINT (-81.038433 33.99049)
2025-09-22 21:57:19 UTC,sensor08,236476534,19.52,84.65,2025-09-23 10:18:29+00:00,33.990295,-81.039123,65.4,11.76,-0.9,252.55,12.0,3D,2025-09-23 06:18:29-04:00,POINT (-81.039123 33.990295)
2025-09-22 21:57:29 UTC,sensor08,236476534,19.55,85.18,2025-09-23 10:18:40+00:00,33.990375,-81.038747,66.3,11.42,0.1,65.87,12.0,3D,2025-09-23 06:18:40-04:00,POINT (-81.038747 33.990375)
2025-09-22 21:57:34 UTC,sensor08,236476534,19.54,84.68,2025-09-23 10:18:45+00:00,33.990567,-81.038088,66.9,12.94,0.2,68.12,12.0,3D,2025-09-23 06:18:45-04:00,POINT (-81.038088 33.990567)
2025-09-22 21:57:39 UTC,sensor08,236476534,19.54,84.57,2025-09-23 10:18:50+00:00,33.990743,-81.037415,65.4,13.13,-0.5,68.04,12.0,3D,2025-09-23 06:18:50-04:00,POINT (-81.037415 33.990743)
2025-09-22 21:57:44 UTC,sensor08,236476534,19.66,84.7,2025-09-23 10:18:55+00:00,33.990957,-81.036792,60.6,10.6,-0.8,68.53,12.0,3D,2025-09-23 06:18:55-04:00,POINT (-81.036792 33.990957)
2025-09-22 21:57:49 UTC,sensor08,236476534,19.57,84.58,2025-09-23 10:19:00+00:00,33.991015,-81.03642,58.1,4.49,-0.4,102.79,12.0,3D,2025-09-23 06:19:00-04:00,POINT (-81.03642 33.991015)
2025-09-22 21:57:54 UTC,sensor08,236476534,19.42,85.3,2025-09-23 10:19:05+00:00,33.99073,-81.036267,55.5,6.29,-0.3,162.73,12.0,3D,2025-09-23 06:19:05-04:00,POINT (-81.036267 33.99073)
2025-09-22 21:57:59 UTC,sensor08,236476534,19.26,85.96,2025-09-23 10:19:10+00:00,33.990403,-81.036138,52.5,7.52,-0.7,160.74,12.0,3D,2025-09-23 06:19:10-04:00,POINT (-81.036138 33.990403)
2025-09-22 21:58:04 UTC,sensor08,236476534,19.12,86.69,2025-09-23 10:19:15+00:00,33.990087,-81.035985,48.2,7.57,-1.0,158.61,12.0,3D,2025-09-23 06:19:15-04:00,POINT (-81.035985 33.990087)
2025-09-22 21:58:09 UTC,sensor08,236476534,19.05,87.23,2025-09-23 10:19:20+00:00,33.989785,-81.035847,44.3,6.9,-0.7,162.68,12.0,3D,2025-09-23 06:19:20-04:00,POINT (-81.035847 33.989785)
2025-09-22 21:58:14 UTC,sensor08,236476534,19.04,87.76,2025-09-23 10:19:25+00:00,33.989537,-81.035705,41.5,5.27,-0.4,140.56,12.0,3D,2025-09-23 06:19:25-04:00,POINT (-81.035705 33.989537)
2025-09-22 21:58:19 UTC,sensor08,236476534,19.05,88.17,2025-09-23 10:19:30+00:00,33.989453,-81.035605,40.8,3.06,-0.1,116.64,12.0,3D,2025-09-23 06:19:30-04:00,POINT (-81.035605 33.989453)
2025-09-22 21:58:24 UTC,sensor08,236476534,19.0,88.14,2025-09-23 10:19:36+00:00,33.989365,-81.03524,39.4,6.18,-0.2,0.0,12.0,3D,2025-09-23 06:19:36-04:00,POINT (-81.03524 33.989365)
2025-09-22 21:58:29 UTC,sensor08,236476534,18.96,88.32,2025-09-23 10:19:41+00:00,33.98942,-81.034938,39.7,5.33,0.9,0.0,12.0,3D,2025-09-23 06:19:41-04:00,POINT (-81.034938 33.98942)
2025-09-22 21:58:34 UTC,sensor08,236476534,18.93,88.57,2025-09-23 10:19:46+00:00,33.989495,-81.034708,39.6,3.13,0.0,0.0,12.0,3D,2025-09-23 06:19:46-04:00,POINT (-81.034708 33.989495)
2025-09-22 21:58:50 UTC,sensor08,236476534,18.95,88.74,2025-09-23 10:20:01+00:00,33.98963,-81.034317,41.9,5.05,0.2,50.28,12.0,3D,2025-09-23 06:20:01-04:00,POINT (-81.034317 33.98963)
2025-09-22 21:58:55 UTC,sensor08,236476534,18.99,88.7,2025-09-23 10:20:06+00:00,33.989718,-81.03423,43.2,2.56,0.5,46.5,12.0,3D,2025-09-23 06:20:06-04:00,POINT (-81.03423 33.989718)
2025-09-22 21:59:00 UTC,sensor08,236476534,19.07,88.67,2025-09-23 10:20:11+00:00,33.989947,-81.03411,45.6,6.98,0.6,11.57,12.0,3D,2025-09-23 06:20:11-04:00,POINT (-81.03411 33.989947)
2025-09-22 21:59:05 UTC,sensor08,236476534,19.06,88.51,2025-09-23 10:20:16+00:00,33.990232,-81.034132,48.1,4.5,0.5,334.78,12.0,3D,2025-09-23 06:20:16-04:00,POINT (-81.034132 33.990232)
2025-09-22 21:59:10 UTC,sensor08,236476534,19.1,88.22,2025-09-23 10:20:21+00:00,33.990548,-81.034283,50.1,7.38,0.4,341.2,12.0,3D,2025-09-23 06:20:21-04:00,POINT (-81.034283 33.990548)
2025-09-22 21:59:15 UTC,sensor08,236476534,19.26,87.89,2025-09-23 10:20:25+00:00,33.990838,-81.034402,51.4,7.96,0.2,342.68,12.0,3D,2025-09-23 06:20:25-04:00,POINT (-81.034402 33.990838)
2025-09-22 21:59:20 UTC,sensor08,236476534,19.43,86.91,2025-09-23 10:20:25+00:00,33.990838,-81.034402,51.4,7.96,0.2,342.68,12.0,3D,2025-09-23 06:20:25-04:00,POINT (-81.034402 33.990838)
2025-09-22 21:59:35 UTC,sensor08,236476534,19.63,85.52,2025-09-23 10:20:46+00:00,33.991493,-81.034612,55.7,4.57,0.5,43.56,12.0,3D,2025-09-23 06:20:46-04:00,POINT (-81.034612 33.991493)
2025-09-22 21:59:40 UTC,sensor08,236476534,19.67,85.05,2025-09-23 10:20:51+00:00,33.991692,-81.03425,58.0,9.23,0.4,66.9,12.0,3D,2025-09-23 06:20:51-04:00,POINT (-81.03425 33.991692)
2025-09-22 21:59:45 UTC,sensor08,236476534,19.69,84.83,2025-09-23 10:20:56+00:00,33.991907,-81.033737,60.0,10.64,0.4,68.32,12.0,3D,2025-09-23 06:20:56-04:00,POINT (-81.033737 33.991907)
2025-09-22 21:59:50 UTC,sensor08,236476534,19.69,84.79,2025-09-23 10:21:01+00:00,33.99203,-81.033262,61.8,5.49,-0.1,92.09,12.0,3D,2025-09-23 06:21:01-04:00,POINT (-81.033262 33.99203)
2025-09-22 21:59:55 UTC,sensor08,236476534,19.63,84.95,2025-09-23 10:21:06+00:00,33.991903,-81.033132,63.5,3.13,0.2,161.23,12.0,3D,2025-09-23 06:21:06-04:00,POINT (-81.033132 33.991903)
2025-09-22 22:00:15 UTC,sensor08,236476534,19.42,85.33,2025-09-23 10:21:26+00:00,33.991732,-81.033117,65.4,2.28,0.1,163.64,12.0,3D,2025-09-23 06:21:26-04:00,POINT (-81.033117 33.991732)
2025-09-22 22:00:30 UTC,sensor08,236476534,19.42,85.92,2025-09-23 10:21:42+00:00,33.991853,-81.033098,68.4,5.61,0.6,0.0,12.0,3D,2025-09-23 06:21:42-04:00,POINT (-81.033098 33.991853)
2025-09-22 22:00:35 UTC,sensor08,236476534,19.72,85.53,2025-09-23 10:21:47+00:00,33.99219,-81.033262,70.5,8.41,0.3,338.77,12.0,3D,2025-09-23 06:21:47-04:00,POINT (-81.033262 33.99219)
2025-09-22 22:00:40 UTC,sensor08,236476534,19.78,84.68,2025-09-23 10:21:52+00:00,33.992585,-81.033438,72.5,9.7,0.3,338.36,12.0,3D,2025-09-23 06:21:52-04:00,POINT (-81.033438 33.992585)
2025-09-22 22:00:45 UTC,sensor08,236476534,19.91,83.83,2025-09-23 10:21:57+00:00,33.993007,-81.033628,73.8,9.74,0.4,338.97,12.0,3D,2025-09-23 06:21:57-04:00,POINT (-81.033628 33.993007)
2025-09-22 22:00:51 UTC,sensor08,236476534,19.91,83.52,2025-09-23 10:22:02+00:00,33.993467,-81.033812,75.5,10.94,0.2,339.74,12.0,3D,2025-09-23 06:22:02-04:00,POINT (-81.033812 33.993467)
2025-09-22 22:00:56 UTC,sensor08,236476534,19.84,83.27,2025-09-23 10:22:07+00:00,33.993958,-81.034023,76.7,11.38,0.3,340.89,12.0,3D,2025-09-23 06:22:07-04:00,POINT (-81.034023 33.993958)
2025-09-22 22:01:01 UTC,sensor08,236476534,19.89,83.41,2025-09-23 10:22:12+00:00,33.994412,-81.03422,78.5,8.88,0.4,340.27,12.0,3D,2025-09-23 06:22:12-04:00,POINT (-81.03422 33.994412)
2025-09-22 22:01:21 UTC,sensor08,236476534,20.04,82.38,2025-09-23 10:22:32+00:00,33.994858,-81.034108,78.2,7.36,0.0,68.93,12.0,3D,2025-09-23 06:22:32-04:00,POINT (-81.034108 33.994858)
2025-09-22 22:01:26 UTC,sensor08,236476534,20.09,82.03,2025-09-23 10:22:37+00:00,33.994977,-81.033728,79.7,8.25,0.4,65.75,12.0,3D,2025-09-23 06:22:37-04:00,POINT (-81.033728 33.994977)
2025-09-22 22:01:31 UTC,sensor08,236476534,20.13,80.95,2025-09-23 10:22:42+00:00,33.995088,-81.033322,82.3,7.34,0.4,67.75,12.0,3D,2025-09-23 06:22:42-04:00,POINT (-81.033322 33.995088)
2025-09-22 22:01:51 UTC,sensor08,236476534,20.17,81.08,2025-09-23 10:23:02+00:00,33.995195,-81.03295,88.5,4.52,0.1,65.66,12.0,3D,2025-09-23 06:23:02-04:00,POINT (-81.03295 33.995195)
2025-09-22 22:01:56 UTC,sensor08,236476534,20.37,80.32,2025-09-23 10:23:07+00:00,33.995327,-81.032552,89.1,9.39,0.1,67.91,12.0,3D,2025-09-23 06:23:07-04:00,POINT (-81.032552 33.995327)
2025-09-22 22:02:01 UTC,sensor08,236476534,20.55,78.89,2025-09-23 10:23:12+00:00,33.99549,-81.03203,89.3,10.17,0.2,71.31,12.0,3D,2025-09-23 06:23:12-04:00,POINT (-81.03203 33.99549)
2025-09-22 22:02:06 UTC,sensor08,236476534,20.45,78.35,2025-09-23 10:23:17+00:00,33.995637,-81.03155,90.4,7.83,0.0,69.06,12.0,3D,2025-09-23 06:23:17-04:00,POINT (-81.03155 33.995637)
2025-09-22 22:03:07 UTC,sensor08,236476534,20.41,77.53,2025-09-23 10:24:18+00:00,33.995887,-81.031175,90.5,6.2,0.1,357.13,12.0,3D,2025-09-23 06:24:18-04:00,POINT (-81.031175 33.995887)
2025-09-22 22:03:12 UTC,sensor08,236476534,20.37,77.84,2025-09-23 10:24:23+00:00,33.996238,-81.031313,91.0,9.4,-0.1,339.56,12.0,3D,2025-09-23 06:24:23-04:00,POINT (-81.031313 33.996238)
2025-09-22 22:03:17 UTC,sensor08,236476534,20.33,78.03,2025-09-23 10:24:28+00:00,33.996652,-81.031492,91.3,9.45,-0.2,340.29,12.0,3D,2025-09-23 06:24:28-04:00,POINT (-81.031492 33.996652)
2025-09-22 22:03:22 UTC,sensor08,236476534,20.52,77.59,2025-09-23 10:24:33+00:00,33.997035,-81.031653,90.2,8.85,0.0,340.67,12.0,3D,2025-09-23 06:24:33-04:00,POINT (-81.031653 33.997035)
2025-09-22 22:03:27 UTC,sensor08,236476534,20.56,77.13,2025-09-23 10:24:38+00:00,33.997447,-81.031832,91.0,9.96,0.4,339.54,12.0,3D,2025-09-23 06:24:38-04:00,POINT (-81.031832 33.997447)
2025-09-22 22:03:32 UTC,sensor08,236476534,20.58,76.81,2025-09-23 10:24:43+00:00,33.997875,-81.03202,92.9,9.17,0.6,340.13,12.0,3D,2025-09-23 06:24:43-04:00,POINT (-81.03202 33.997875)
2025-09-22 22:03:37 UTC,sensor08,236476534,20.55,76.83,2025-09-23 10:24:48+00:00,33.99817,-81.03215,94.3,3.4,0.2,336.71,12.0,3D,2025-09-23 06:24:48-04:00,POINT (-81.03215 33.99817)
2025-09-22 22:04:12 UTC,sensor08,236476534,20.58,76.77,2025-09-23 10:25:23+00:00,33.998518,-81.031995,96.9,8.28,0.1,65.59,12.0,3D,2025-09-23 06:25:23-04:00,POINT (-81.031995 33.998518)
2025-09-22 22:04:17 UTC,sensor08,236476534,20.55,76.66,2025-09-23 10:25:29+00:00,33.998718,-81.031392,97.6,9.88,0.1,0.0,12.0,3D,2025-09-23 06:25:29-04:00,POINT (-81.031392 33.998718)
2025-09-22 22:04:22 UTC,sensor08,236476534,20.48,76.85,2025-09-23 10:25:34+00:00,33.99885,-81.030917,98.6,8.17,0.1,0.0,12.0,3D,2025-09-23 06:25:34-04:00,POINT (-81.030917 33.99885)
2025-09-22 22:04:27 UTC,sensor08,236476534,20.4,77.0,2025-09-23 10:25:39+00:00,33.99887,-81.030647,100.6,5.34,0.3,0.0,12.0,3D,2025-09-23 06:25:39-04:00,POINT (-81.030647 33.99887)
2025-09-22 22:04:32 UTC,sensor08,236476534,20.36,77.25,2025-09-23 10:25:44+00:00,33.998467,-81.030498,102.9,9.21,0.3,0.0,4.0,3D,2025-09-23 06:25:44-04:00,POINT (-81.030498 33.998467)
2025-09-22 22:04:38 UTC,sensor08,236476534,20.17,77.84,2025-09-23 10:25:49+00:00,33.998037,-81.030323,102.7,10.6,-0.3,0.0,8.0,3D,2025-09-23 06:25:49-04:00,POINT (-81.030323 33.998037)
2025-09-22 22:04:43 UTC,sensor08,236476534,20.04,78.32,2025-09-23 10:25:54+00:00,33.997605,-81.030115,101.7,10.53,-0.2,0.0,12.0,3D,2025-09-23 06:25:54-04:00,POINT (-81.030115 33.997605)
2025-09-22 22:04:48 UTC,sensor08,236476534,19.72,79.44,2025-09-23 10:25:59+00:00,33.997193,-81.029925,100.9,9.04,0.0,0.0,12.0,3D,2025-09-23 06:25:59-04:00,POINT (-81.029925 33.997193)
2025-09-22 22:04:53 UTC,sensor08,236476534,19.77,80.26,2025-09-23 10:26:04+00:00,33.996897,-81.029848,100.5,5.24,-0.2,167.23,12.0,3D,2025-09-23 06:26:04-04:00,POINT (-81.029848 33.996897)
2025-09-22 22:06:54 UTC,sensor08,236476534,19.84,79.84,2025-09-23 10:28:05+00:00,33.996817,-81.02982,101.7,2.41,0.1,34.23,12.0,3D,2025-09-23 06:28:05-04:00,POINT (-81.02982 33.996817)
2025-09-22 22:06:59 UTC,sensor08,236476534,19.8,80.18,2025-09-23 10:28:10+00:00,33.997035,-81.029888,102.8,6.04,0.2,347.05,12.0,3D,2025-09-23 06:28:10-04:00,POINT (-81.029888 33.997035)
2025-09-22 22:07:29 UTC,sensor08,236476534,19.6,81.31,2025-09-23 10:28:40+00:00,33.997465,-81.030022,105.7,6.69,0.2,341.31,12.0,3D,2025-09-23 06:28:40-04:00,POINT (-81.030022 33.997465)
2025-09-22 22:07:34 UTC,sensor08,236476534,19.62,81.69,2025-09-23 10:28:45+00:00,33.99786,-81.030198,107.0,9.32,0.2,341.24,12.0,3D,2025-09-23 06:28:45-04:00,POINT (-81.030198 33.99786)
2025-09-22 22:07:39 UTC,sensor08,236476534,19.83,81.22,2025-09-23 10:28:50+00:00,33.998318,-81.030393,108.4,10.25,0.3,340.35,12.0,3D,2025-09-23 06:28:50-04:00,POINT (-81.030393 33.998318)
2025-09-22 22:07:44 UTC,sensor08,236476534,20.02,79.79,2025-09-23 10:28:55+00:00,33.998767,-81.030567,108.8,9.76,0.1,340.14,12.0,3D,2025-09-23 06:28:55-04:00,POINT (-81.030567 33.998767)
2025-09-22 22:07:49 UTC,sensor08,236476534,20.04,79.02,2025-09-23 10:29:00+00:00,33.9992,-81.03076,110.2,10.56,0.4,342.68,12.0,3D,2025-09-23 06:29:00-04:00,POINT (-81.03076 33.9992)
2025-09-22 22:07:54 UTC,sensor08,236476534,20.21,78.55,2025-09-23 10:29:05+00:00,33.999687,-81.030952,112.6,10.96,0.5,337.6,12.0,3D,2025-09-23 06:29:05-04:00,POINT (-81.030952 33.999687)
2025-09-22 22:07:59 UTC,sensor08,236476534,20.21,78.12,2025-09-23 10:29:10+00:00,34.000173,-81.031192,114.3,11.48,0.3,339.72,12.0,3D,2025-09-23 06:29:10-04:00,POINT (-81.031192 34.000173)
2025-09-22 22:08:04 UTC,sensor08,236476534,20.07,78.26,2025-09-23 10:29:16+00:00,34.000773,-81.031478,117.7,11.79,0.5,0.0,12.0,3D,2025-09-23 06:29:16-04:00,POINT (-81.031478 34.000773)
2025-09-22 22:08:09 UTC,sensor08,236476534,20.18,78.32,2025-09-23 10:29:21+00:00,34.001208,-81.031685,119.9,9.85,0.6,0.0,12.0,3D,2025-09-23 06:29:21-04:00,POINT (-81.031685 34.001208)
2025-09-22 22:08:14 UTC,sensor08,236476534,20.19,78.4,2025-09-23 10:29:26+00:00,34.00151,-81.031803,121.8,4.46,0.4,0.0,12.0,3D,2025-09-23 06:29:26-04:00,POINT (-81.031803 34.00151)
2025-09-22 22:08:24 UTC,sensor08,236476534,20.26,77.95,2025-09-23 10:29:36+00:00,34.00157,-81.03181,124.6,2.33,0.3,340.01,12.0,3D,2025-09-23 06:29:36-04:00,POINT (-81.03181 34.00157)
2025-09-22 22:08:30 UTC,sensor08,236476534,20.43,77.29,2025-09-23 10:29:41+00:00,34.001837,-81.031922,126.7,7.66,0.4,337.92,12.0,3D,2025-09-23 06:29:41-04:00,POINT (-81.031922 34.001837)
2025-09-22 22:08:35 UTC,sensor08,236476534,20.45,76.39,2025-09-23 10:29:46+00:00,34.002327,-81.03212,128.4,10.25,0.3,341.14,12.0,3D,2025-09-23 06:29:46-04:00,POINT (-81.03212 34.002327)
2025-09-22 22:08:40 UTC,sensor08,236476534,20.39,76.28,2025-09-23 10:29:51+00:00,34.002712,-81.032288,130.1,7.16,0.3,338.43,12.0,3D,2025-09-23 06:29:51-04:00,POINT (-81.032288 34.002712)
2025-09-22 22:09:10 UTC,sensor08,236476534,20.03,77.08,2025-09-23 10:30:21+00:00,34.003015,-81.03242,132.1,5.62,0.2,342.54,12.0,3D,2025-09-23 06:30:21-04:00,POINT (-81.03242 34.003015)
2025-09-22 22:09:15 UTC,sensor08,236476534,20.02,77.49,2025-09-23 10:30:26+00:00,34.003405,-81.032568,132.9,9.53,0.2,340.42,12.0,3D,2025-09-23 06:30:26-04:00,POINT (-81.032568 34.003405)
2025-09-22 22:09:20 UTC,sensor08,236476534,19.89,77.74,2025-09-23 10:30:31+00:00,34.00385,-81.03276,133.3,10.12,0.07,340.49,12.0,3D,2025-09-23 06:30:31-04:00,POINT (-81.03276 34.00385)
2025-09-22 22:09:25 UTC,sensor08,236476534,19.93,77.84,2025-09-23 10:30:36+00:00,34.004177,-81.032898,133.5,6.01,0.1,338.61,12.0,3D,2025-09-23 06:30:36-04:00,POINT (-81.032898 34.004177)
2025-09-22 22:09:30 UTC,sensor08,236476534,19.91,77.62,2025-09-23 10:30:41+00:00,34.004397,-81.03298,131.1,3.96,-2.1,20.53,12.0,3D,2025-09-23 06:30:41-04:00,POINT (-81.03298 34.004397)
2025-09-22 22:09:35 UTC,sensor08,236476534,19.9,77.63,2025-09-23 10:30:46+00:00,34.00449,-81.032707,128.5,7.15,-0.2,71.73,12.0,3D,2025-09-23 06:30:46-04:00,POINT (-81.032707 34.00449)
2025-09-22 22:09:40 UTC,sensor08,236476534,19.77,77.9,2025-09-23 10:30:51+00:00,34.004625,-81.03225,127.4,9.04,-0.2,67.02,12.0,3D,2025-09-23 06:30:51-04:00,POINT (-81.03225 34.004625)
2025-09-22 22:09:45 UTC,sensor08,236476534,19.67,78.42,2025-09-23 10:30:56+00:00,34.004745,-81.031842,126.4,6.11,-0.3,67.45,12.0,3D,2025-09-23 06:30:56-04:00,POINT (-81.031842 34.004745)
2025-09-22 22:09:50 UTC,sensor08,236476534,19.65,78.6,2025-09-23 10:31:01+00:00,34.004808,-81.031655,124.9,4.24,-0.2,68.94,12.0,3D,2025-09-23 06:31:01-04:00,POINT (-81.031655 34.004808)
2025-09-22 22:09:55 UTC,sensor08,236476534,19.56,78.73,2025-09-23 10:31:06+00:00,34.004925,-81.031277,123.4,8.58,-0.8,68.46,12.0,3D,2025-09-23 06:31:06-04:00,POINT (-81.031277 34.004925)
2025-09-22 22:10:00 UTC,sensor08,236476534,19.53,78.94,2025-09-23 10:31:12+00:00,34.00509,-81.030758,122.5,7.6,0.0,0.0,12.0,3D,2025-09-23 06:31:12-04:00,POINT (-81.030758 34.00509)
2025-09-22 22:10:05 UTC,sensor08,236476534,19.52,79.18,2025-09-23 10:31:17+00:00,34.00519,-81.03037,121.2,6.87,-0.5,0.0,12.0,3D,2025-09-23 06:31:17-04:00,POINT (-81.03037 34.00519)
2025-09-22 22:10:10 UTC,sensor08,236476534,19.61,79.23,2025-09-23 10:31:22+00:00,34.005243,-81.030123,119.3,2.29,-0.2,0.0,12.0,3D,2025-09-23 06:31:22-04:00,POINT (-81.030123 34.005243)
2025-09-22 22:10:21 UTC,sensor08,236476534,19.57,79.0,2025-09-23 10:31:32+00:00,34.005352,-81.029868,117.4,7.22,-0.1,69.05,12.0,3D,2025-09-23 06:31:32-04:00,POINT (-81.029868 34.005352)
2025-09-22 22:10:26 UTC,sensor08,236476534,19.51,79.27,2025-09-23 10:31:37+00:00,34.005498,-81.02941,115.8,9.2,-0.3,69.87,12.0,3D,2025-09-23 06:31:37-04:00,POINT (-81.02941 34.005498)
2025-09-22 22:10:31 UTC,sensor08,236476534,19.39,79.56,2025-09-23 10:31:42+00:00,34.005643,-81.028938,115.0,8.54,-0.1,68.8,12.0,3D,2025-09-23 06:31:42-04:00,POINT (-81.028938 34.005643)
2025-09-22 22:10:36 UTC,sensor08,236476534,19.4,79.95,2025-09-23 10:31:47+00:00,34.005748,-81.028563,113.8,5.5,-0.4,70.94,12.0,3D,2025-09-23 06:31:47-04:00,POINT (-81.028563 34.005748)
2025-09-22 22:10:41 UTC,sensor08,236476534,19.41,80.1,2025-09-23 10:31:52+00:00,34.005788,-81.028427,113.6,2.58,0.0,76.62,12.0,3D,2025-09-23 06:31:52-04:00,POINT (-81.028427 34.005788)
2025-09-22 22:10:46 UTC,sensor08,236476534,19.41,80.19,2025-09-23 10:31:57+00:00,34.005655,-81.028258,113.2,6.95,-0.2,157.67,12.0,3D,2025-09-23 06:31:57-04:00,POINT (-81.028258 34.005655)
2025-09-22 22:10:51 UTC,sensor08,236476534,19.5,80.39,2025-09-23 10:32:02+00:00,34.005273,-81.028078,113.2,9.38,0.0,158.86,12.0,3D,2025-09-23 06:32:02-04:00,POINT (-81.028078 34.005273)
2025-09-22 22:10:56 UTC,sensor08,236476534,19.34,80.22,2025-09-23 10:32:07+00:00,34.004878,-81.027898,112.6,9.5,-0.5,159.25,12.0,3D,2025-09-23 06:32:07-04:00,POINT (-81.027898 34.004878)
2025-09-22 22:11:01 UTC,sensor08,236476534,19.49,80.14,2025-09-23 10:32:12+00:00,34.00447,-81.027723,113.3,9.6,0.0,160.37,12.0,3D,2025-09-23 06:32:12-04:00,POINT (-81.027723 34.00447)
2025-09-22 22:11:06 UTC,sensor08,236476534,19.57,79.99,2025-09-23 10:32:17+00:00,34.004068,-81.027552,113.5,8.86,0.1,159.44,12.0,3D,2025-09-23 06:32:17-04:00,POINT (-81.027552 34.004068)
2025-09-22 22:11:11 UTC,sensor08,236476534,19.58,79.11,2025-09-23 10:32:23+00:00,34.003608,-81.027358,113.5,8.56,1.0,0.0,12.0,3D,2025-09-23 06:32:23-04:00,POINT (-81.027358 34.003608)
2025-09-22 22:11:16 UTC,sensor08,236476534,19.59,78.68,2025-09-23 10:32:27+00:00,34.003432,-81.027295,114.4,3.02,0.0,157.17,12.0,3D,2025-09-23 06:32:27-04:00,POINT (-81.027295 34.003432)
2025-09-22 22:13:33 UTC,sensor08,236476534,19.59,78.75,2025-09-23 10:34:45+00:00,34.002923,-81.027077,113.7,11.04,-0.1,0.0,12.0,3D,2025-09-23 06:34:45-04:00,POINT (-81.027077 34.002923)
2025-09-22 22:13:38 UTC,sensor08,236476534,19.54,78.48,2025-09-23 10:34:50+00:00,34.002443,-81.026852,112.7,11.91,-0.3,156.13,12.0,3D,2025-09-23 06:34:50-04:00,POINT (-81.026852 34.002443)
2025-09-22 22:13:44 UTC,sensor08,236476534,19.66,78.31,2025-09-23 10:34:55+00:00,34.001943,-81.026615,111.8,11.97,-0.1,160.74,12.0,3D,2025-09-23 06:34:55-04:00,POINT (-81.026615 34.001943)
2025-09-22 22:13:49 UTC,sensor08,236476534,19.81,78.3,2025-09-23 10:35:00+00:00,34.001385,-81.026415,112.8,12.24,1.9,160.3,12.0,3D,2025-09-23 06:35:00-04:00,POINT (-81.026415 34.001385)
2025-09-22 22:13:54 UTC,sensor08,236476534,19.84,78.21,2025-09-23 10:35:05+00:00,34.000875,-81.026133,110.9,12.27,-0.4,161.16,12.0,3D,2025-09-23 06:35:05-04:00,POINT (-81.026133 34.000875)
2025-09-22 22:13:59 UTC,sensor08,236476534,19.93,77.98,2025-09-23 10:35:10+00:00,34.000385,-81.025883,111.2,11.76,0.1,160.14,12.0,3D,2025-09-23 06:35:10-04:00,POINT (-81.025883 34.000385)
2025-09-22 22:14:04 UTC,sensor08,236476534,19.71,78.05,2025-09-23 10:35:15+00:00,33.999875,-81.02571,109.9,11.84,-0.5,165.72,12.0,3D,2025-09-23 06:35:15-04:00,POINT (-81.02571 33.999875)
2025-09-22 22:14:09 UTC,sensor08,236476534,19.69,78.72,2025-09-23 10:35:20+00:00,33.999332,-81.02552,107.5,13.33,-1.3,164.68,12.0,3D,2025-09-23 06:35:20-04:00,POINT (-81.02552 33.999332)
2025-09-22 22:14:14 UTC,sensor08,236476534,19.74,79.02,2025-09-23 10:35:25+00:00,33.998772,-81.025292,105.3,13.82,-0.3,159.79,12.0,3D,2025-09-23 06:35:25-04:00,POINT (-81.025292 33.998772)
2025-09-22 22:14:19 UTC,sensor08,236476534,19.79,79.19,2025-09-23 10:35:30+00:00,33.998255,-81.025018,104.7,12.32,-0.1,158.5,12.0,3D,2025-09-23 06:35:30-04:00,POINT (-81.025018 33.998255)
2025-09-22 22:14:24 UTC,sensor08,236476534,19.7,79.46,2025-09-23 10:35:35+00:00,33.997768,-81.024818,104.3,10.49,0.1,159.01,12.0,3D,2025-09-23 06:35:35-04:00,POINT (-81.024818 33.997768)
2025-09-22 22:14:29 UTC,sensor08,236476534,19.76,78.97,2025-09-23 10:35:40+00:00,33.997247,-81.02463,104.5,12.11,0.0,159.29,12.0,3D,2025-09-23 06:35:40-04:00,POINT (-81.02463 33.997247)
2025-09-22 22:14:34 UTC,sensor08,236476534,19.83,78.54,2025-09-23 10:35:45+00:00,33.996678,-81.024432,105.0,12.44,0.0,163.19,12.0,3D,2025-09-23 06:35:45-04:00,POINT (-81.024432 33.996678)
2025-09-22 22:14:39 UTC,sensor08,236476534,19.59,79.46,2025-09-23 10:35:50+00:00,33.996227,-81.02431,105.3,11.28,0.0,165.31,12.0,3D,2025-09-23 06:35:50-04:00,POINT (-81.02431 33.996227)
2025-09-22 22:14:44 UTC,sensor08,236476534,19.11,81.23,2025-09-23 10:35:55+00:00,33.995797,-81.02423,102.9,8.07,-0.6,171.91,11.0,3D,2025-09-23 06:35:55-04:00,POINT (-81.02423 33.995797)
2025-09-22 22:14:49 UTC,sensor08,236476534,18.91,82.88,2025-09-23 10:36:00+00:00,33.995467,-81.024125,99.8,4.63,-0.5,161.91,11.0,3D,2025-09-23 06:36:00-04:00,POINT (-81.024125 33.995467)
2025-09-22 22:14:59 UTC,sensor08,236476534,18.85,83.81,2025-09-23 10:36:10+00:00,33.995328,-81.024015,92.8,2.57,-0.6,156.04,11.0,3D,2025-09-23 06:36:10-04:00,POINT (-81.024015 33.995328)
2025-09-22 22:15:04 UTC,sensor08,236476534,18.76,84.32,2025-09-23 10:36:15+00:00,33.995052,-81.023853,88.3,8.2,-1.2,151.93,11.0,3D,2025-09-23 06:36:15-04:00,POINT (-81.023853 33.995052)
2025-09-22 22:15:09 UTC,sensor08,236476534,18.56,84.99,2025-09-23 10:36:21+00:00,33.994723,-81.023622,87.1,5.79,-0.1,0.0,11.0,3D,2025-09-23 06:36:21-04:00,POINT (-81.023622 33.994723)
2025-09-22 22:15:14 UTC,sensor08,236476534,18.52,85.55,2025-09-23 10:36:26+00:00,33.994568,-81.02349,86.8,4.73,0.0,0.0,11.0,3D,2025-09-23 06:36:26-04:00,POINT (-81.02349 33.994568)
2025-09-22 22:15:19 UTC,sensor08,236476534,18.59,85.73,2025-09-23 10:36:28+00:00,33.994502,-81.023388,87.3,6.61,-0.1,156.49,11.0,3D,2025-09-23 06:36:28-04:00,POINT (-81.023388 33.994502)
2025-09-22 22:15:24 UTC,sensor08,236476534,18.61,85.75,2025-09-23 10:36:36+00:00,33.994315,-81.023163,84.3,3.09,-0.4,65.93,11.0,3D,2025-09-23 06:36:36-04:00,POINT (-81.023163 33.994315)
2025-09-22 22:15:29 UTC,sensor08,236476534,18.49,86.1,2025-09-23 10:36:41+00:00,33.994343,-81.023002,82.4,2.65,-0.4,81.88,11.0,3D,2025-09-23 06:36:41-04:00,POINT (-81.023002 33.994343)
2025-09-22 22:15:35 UTC,sensor08,236476534,18.58,86.39,2025-09-23 10:36:46+00:00,33.994335,-81.022847,80.3,2.91,-0.5,96.28,11.0,3D,2025-09-23 06:36:46-04:00,POINT (-81.022847 33.994335)
2025-09-22 22:15:40 UTC,sensor08,236476534,18.84,85.78,2025-09-23 10:36:51+00:00,33.994305,-81.022618,79.2,4.96,0.0,89.07,11.0,3D,2025-09-23 06:36:51-04:00,POINT (-81.022618 33.994305)
2025-09-22 22:15:45 UTC,sensor08,236476534,18.91,84.97,2025-09-23 10:36:56+00:00,33.994363,-81.022297,81.7,6.16,0.1,71.77,11.0,3D,2025-09-23 06:36:56-04:00,POINT (-81.022297 33.994363)
2025-09-22 22:15:50 UTC,sensor08,236476534,18.76,84.91,2025-09-23 10:37:01+00:00,33.994442,-81.022072,80.6,2.34,-0.4,73.33,11.0,3D,2025-09-23 06:37:01-04:00,POINT (-81.022072 33.994442)
2025-09-22 22:15:55 UTC,sensor08,236476534,18.76,85.18,2025-09-23 10:37:06+00:00,33.99442,-81.021992,79.4,2.91,-0.1,159.0,11.0,3D,2025-09-23 06:37:06-04:00,POINT (-81.021992 33.99442)
2025-09-22 22:16:00 UTC,sensor08,236476534,18.79,85.1,2025-09-23 10:37:11+00:00,33.994272,-81.022187,78.0,6.57,-0.4,244.0,11.0,3D,2025-09-23 06:37:11-04:00,POINT (-81.022187 33.994272)
2025-09-22 22:16:05 UTC,sensor08,236476534,18.93,84.84,2025-09-23 10:37:16+00:00,33.994155,-81.022572,76.8,7.02,-0.4,249.17,11.0,3D,2025-09-23 06:37:16-04:00,POINT (-81.022572 33.994155)
2025-09-22 22:16:10 UTC,sensor08,236476534,19.01,84.42,2025-09-23 10:37:21+00:00,33.994112,-81.022828,76.0,3.05,0.0,290.37,11.0,3D,2025-09-23 06:37:21-04:00,POINT (-81.022828 33.994112)
2025-09-22 22:16:15 UTC,sensor08,236476534,18.86,84.71,2025-09-23 10:37:26+00:00,33.994255,-81.022905,75.6,2.85,-0.1,344.04,11.0,3D,2025-09-23 06:37:26-04:00,POINT (-81.022905 33.994255)
2025-09-22 22:16:20 UTC,sensor08,236476534,18.69,85.27,2025-09-23 10:37:31+00:00,33.994347,-81.023042,76.0,3.75,0.3,262.3,11.0,3D,2025-09-23 06:37:31-04:00,POINT (-81.023042 33.994347)
2025-09-22 22:16:30 UTC,sensor08,236476534,18.72,85.63,2025-09-23 10:37:41+00:00,33.994112,-81.023167,75.2,7.45,-0.2,152.12,11.0,3D,2025-09-23 06:37:41-04:00,POINT (-81.023167 33.994112)
2025-09-22 22:16:35 UTC,sensor08,236476534,18.84,85.28,2025-09-23 10:37:46+00:00,33.993838,-81.022958,74.3,5.34,-0.2,133.1,11.0,3D,2025-09-23 06:37:46-04:00,POINT (-81.022958 33.993838)
2025-09-22 22:16:40 UTC,sensor08,236476534,18.82,84.77,2025-09-23 10:37:51+00:00,33.993832,-81.02266,73.2,6.5,-0.2,71.64,11.0,3D,2025-09-23 06:37:51-04:00,POINT (-81.02266 33.993832)
2025-09-22 22:16:45 UTC,sensor08,236476534,18.87,84.33,2025-09-23 10:37:56+00:00,33.993893,-81.022413,71.8,2.4,-0.2,71.44,11.0,3D,2025-09-23 06:37:56-04:00,POINT (-81.022413 33.993893)
2025-09-22 22:18:16 UTC,sensor08,236476534,18.8,84.13,2025-09-23 10:39:27+00:00,33.993988,-81.022332,73.8,2.97,0.1,265.28,11.0,3D,2025-09-23 06:39:27-04:00,POINT (-81.022332 33.993988)
2025-09-22 22:18:21 UTC,sensor08,236476534,18.77,84.52,2025-09-23 10:39:32+00:00,33.993892,-81.02268,73.4,6.66,0.0,249.46,11.0,3D,2025-09-23 06:39:32-04:00,POINT (-81.02268 33.993892)
2025-09-22 22:18:36 UTC,sensor08,236476534,18.83,84.63,2025-09-23 10:39:47+00:00,33.993867,-81.022937,73.4,3.44,0.0,302.04,10.0,3D,2025-09-23 06:39:47-04:00,POINT (-81.022937 33.993867)
2025-09-22 22:18:41 UTC,sensor08,236476534,18.76,85.03,2025-09-23 10:39:52+00:00,33.994213,-81.023175,74.1,10.65,0.3,331.07,10.0,3D,2025-09-23 06:39:52-04:00,POINT (-81.023175 33.994213)
2025-09-22 22:18:46 UTC,sensor08,236476534,18.56,85.56,2025-09-23 10:39:57+00:00,33.994627,-81.023447,75.1,9.67,0.2,330.11,10.0,3D,2025-09-23 06:39:57-04:00,POINT (-81.023447 33.994627)
2025-09-22 22:18:51 UTC,sensor08,236476534,18.42,86.2,2025-09-23 10:40:03+00:00,33.994917,-81.023638,75.9,3.03,0.2,0.0,10.0,3D,2025-09-23 06:40:03-04:00,POINT (-81.023638 33.994917)
2025-09-22 22:19:01 UTC,sensor08,236476534,18.55,86.71,2025-09-23 10:40:13+00:00,33.995235,-81.023532,76.7,8.02,0.1,45.74,10.0,3D,2025-09-23 06:40:13-04:00,POINT (-81.023532 33.995235)
2025-09-22 22:19:06 UTC,sensor08,236476534,18.57,86.51,2025-09-23 10:40:18+00:00,33.995598,-81.023072,77.3,11.84,0.2,43.35,10.0,3D,2025-09-23 06:40:18-04:00,POINT (-81.023072 33.995598)
2025-09-22 22:19:12 UTC,sensor08,236476534,18.24,86.83,2025-09-23 10:40:23+00:00,33.995993,-81.022592,79.0,12.42,0.4,43.89,10.0,3D,2025-09-23 06:40:23-04:00,POINT (-81.022592 33.995993)
2025-09-22 22:19:17 UTC,sensor08,236476534,18.0,87.59,2025-09-23 10:40:28+00:00,33.996392,-81.022133,79.6,12.21,0.1,43.16,10.0,3D,2025-09-23 06:40:28-04:00,POINT (-81.022133 33.996392)
2025-09-22 22:19:22 UTC,sensor08,236476534,17.98,88.36,2025-09-23 10:40:30+00:00,33.996557,-81.021947,79.9,12.43,0.1,42.78,10.0,3D,2025-09-23 06:40:30-04:00,POINT (-81.021947 33.996557)
2025-09-22 22:19:27 UTC,sensor08,236476534,18.0,88.55,2025-09-23 10:40:38+00:00,33.997202,-81.02123,81.9,11.81,0.3,41.97,10.0,3D,2025-09-23 06:40:38-04:00,POINT (-81.02123 33.997202)
2025-09-22 22:19:32 UTC,sensor08,236476534,18.02,88.48,2025-09-23 10:40:43+00:00,33.997642,-81.020823,81.9,12.29,0.0,39.74,10.0,3D,2025-09-23 06:40:43-04:00,POINT (-81.020823 33.997642)
2025-09-22 22:19:37 UTC,sensor08,236476534,18.09,88.3,2025-09-23 10:40:48+00:00,33.997962,-81.020252,83.2,12.22,0.4,60.73,10.0,3D,2025-09-23 06:40:48-04:00,POINT (-81.020252 33.997962)
2025-09-22 22:19:42 UTC,sensor08,236476534,18.46,87.79,2025-09-23 10:40:53+00:00,33.998152,-81.019638,85.3,11.93,0.4,76.64,10.0,3D,2025-09-23 06:40:53-04:00,POINT (-81.019638 33.998152)
2025-09-22 22:19:47 UTC,sensor08,236476534,18.83,86.58,2025-09-23 10:40:58+00:00,33.998192,-81.018995,87.6,11.26,0.4,87.07,10.0,3D,2025-09-23 06:40:58-04:00,POINT (-81.018995 33.998192)
2025-09-22 22:19:52 UTC,sensor08,236476534,18.52,85.92,2025-09-23 10:41:03+00:00,33.998147,-81.018472,89.2,8.18,0.3,101.5,10.0,3D,2025-09-23 06:41:03-04:00,POINT (-81.018472 33.998147)
2025-09-22 22:19:57 UTC,sensor08,236476534,19.05,85.41,2025-09-23 10:41:08+00:00,33.998062,-81.018098,89.7,6.32,-0.1,110.95,10.0,3D,2025-09-23 06:41:08-04:00,POINT (-81.018098 33.998062)
2025-09-22 22:20:02 UTC,sensor08,236476534,19.06,84.48,2025-09-23 10:41:13+00:00,33.99794,-81.017855,90.0,3.49,0.2,148.51,10.0,3D,2025-09-23 06:41:13-04:00,POINT (-81.017855 33.99794)
2025-09-22 22:20:07 UTC,sensor08,236476534,18.81,84.38,2025-09-23 10:41:18+00:00,33.997653,-81.017942,90.8,7.57,0.2,198.95,10.0,3D,2025-09-23 06:41:18-04:00,POINT (-81.017942 33.997653)
2025-09-22 22:20:12 UTC,sensor08,236476534,18.6,84.78,2025-09-23 10:41:23+00:00,33.997305,-81.018133,91.2,6.71,0.3,204.03,10.0,3D,2025-09-23 06:41:23-04:00,POINT (-81.018133 33.997305)
2025-09-22 22:20:32 UTC,sensor08,236476534,18.55,85.34,2025-09-23 10:41:43+00:00,33.99709,-81.01824,91.0,5.02,0.0,186.68,10.0,3D,2025-09-23 06:41:43-04:00,POINT (-81.01824 33.99709)
2025-09-22 22:20:37 UTC,sensor08,236476534,18.47,85.68,2025-09-23 10:41:49+00:00,33.996755,-81.018398,91.6,6.7,0.1,0.0,10.0,3D,2025-09-23 06:41:49-04:00,POINT (-81.018398 33.996755)
2025-09-22 22:20:42 UTC,sensor08,236476534,18.51,85.74,2025-09-23 10:41:54+00:00,33.996455,-81.018568,93.5,7.9,0.3,0.0,10.0,3D,2025-09-23 06:41:54-04:00,POINT (-81.018568 33.996455)
2025-09-22 22:20:47 UTC,sensor08,236476534,18.43,85.57,2025-09-23 10:41:59+00:00,33.996108,-81.018702,95.1,7.75,0.2,0.0,10.0,3D,2025-09-23 06:41:59-04:00,POINT (-81.018702 33.996108)
2025-09-22 22:20:52 UTC,sensor08,236476534,18.38,85.59,2025-09-23 10:42:04+00:00,33.995758,-81.018803,96.5,8.23,0.1,0.0,10.0,3D,2025-09-23 06:42:04-04:00,POINT (-81.018803 33.995758)
2025-09-22 22:20:57 UTC,sensor08,236476534,18.46,85.68,2025-09-23 10:42:09+00:00,33.995382,-81.018852,98.5,8.32,0.5,0.0,4.0,3D,2025-09-23 06:42:09-04:00,POINT (-81.018852 33.995382)
2025-09-22 22:21:02 UTC,sensor08,236476534,18.44,85.5,2025-09-23 10:42:14+00:00,33.995132,-81.018832,100.6,3.15,0.4,0.0,8.0,3D,2025-09-23 06:42:14-04:00,POINT (-81.018832 33.995132)
2025-09-22 22:21:08 UTC,sensor08,236476534,18.43,85.4,2025-09-23 10:42:19+00:00,33.994997,-81.018883,101.2,3.91,0.1,0.0,8.0,3D,2025-09-23 06:42:19-04:00,POINT (-81.018883 33.994997)
2025-09-22 22:21:13 UTC,sensor08,236476534,18.5,85.33,2025-09-23 10:42:24+00:00,33.994895,-81.019252,101.2,8.01,-0.3,0.0,10.0,3D,2025-09-23 06:42:24-04:00,POINT (-81.019252 33.994895)
2025-09-22 22:21:18 UTC,sensor08,236476534,18.5,85.23,2025-09-23 10:42:29+00:00,33.994818,-81.019557,100.0,3.02,-0.3,0.0,10.0,3D,2025-09-23 06:42:29-04:00,POINT (-81.019557 33.994818)
2025-09-22 22:21:43 UTC,sensor08,236476534,18.56,85.2,2025-09-23 10:42:54+00:00,33.994795,-81.019662,99.5,4.38,0.0,251.52,10.0,3D,2025-09-23 06:42:54-04:00,POINT (-81.019662 33.994795)
2025-09-22 22:21:48 UTC,sensor08,236476534,18.6,85.08,2025-09-23 10:42:59+00:00,33.994665,-81.020055,98.9,8.74,-0.3,247.72,10.0,3D,2025-09-23 06:42:59-04:00,POINT (-81.020055 33.994665)
2025-09-22 22:21:53 UTC,sensor08,236476534,18.62,85.09,2025-09-23 10:43:04+00:00,33.994507,-81.020543,97.0,9.24,-0.4,249.98,10.0,3D,2025-09-23 06:43:04-04:00,POINT (-81.020543 33.994507)
2025-09-22 22:21:58 UTC,sensor08,236476534,18.76,84.76,2025-09-23 10:43:09+00:00,33.994363,-81.021038,94.9,9.0,-0.4,250.54,10.0,3D,2025-09-23 06:43:09-04:00,POINT (-81.021038 33.994363)
2025-09-22 22:22:03 UTC,sensor08,236476534,18.7,84.49,2025-09-23 10:43:14+00:00,33.994225,-81.021497,92.9,9.0,-0.4,249.26,10.0,3D,2025-09-23 06:43:14-04:00,POINT (-81.021497 33.994225)
2025-09-22 22:22:08 UTC,sensor08,236476534,18.7,84.77,2025-09-23 10:43:19+00:00,33.994067,-81.021988,91.4,10.5,-0.3,249.34,10.0,3D,2025-09-23 06:43:19-04:00,POINT (-81.021988 33.994067)
2025-09-22 22:22:13 UTC,sensor08,236476534,18.66,85.23,2025-09-23 10:43:24+00:00,33.993902,-81.022535,89.2,9.59,-0.5,251.27,10.0,3D,2025-09-23 06:43:24-04:00,POINT (-81.022535 33.993902)
2025-09-22 22:22:23 UTC,sensor08,236476534,18.7,85.54,2025-09-23 10:43:34+00:00,33.993838,-81.022962,86.8,4.57,-0.2,316.21,10.0,3D,2025-09-23 06:43:34-04:00,POINT (-81.022962 33.993838)
2025-09-22 22:22:28 UTC,sensor08,236476534,18.88,85.41,2025-09-23 10:43:39+00:00,33.994165,-81.023198,85.7,10.24,-0.2,330.87,10.0,3D,2025-09-23 06:43:39-04:00,POINT (-81.023198 33.994165)
2025-09-22 22:22:33 UTC,sensor08,236476534,18.6,85.62,2025-09-23 10:43:44+00:00,33.99456,-81.023453,85.4,9.73,0.2,331.46,10.0,3D,2025-09-23 06:43:44-04:00,POINT (-81.023453 33.99456)
2025-09-22 22:22:38 UTC,sensor08,236476534,18.36,86.36,2025-09-23 10:43:50+00:00,33.994887,-81.02368,84.9,4.44,0.0,0.0,10.0,3D,2025-09-23 06:43:50-04:00,POINT (-81.02368 33.994887)
2025-09-22 22:23:44 UTC,sensor08,236476534,18.35,87.52,2025-09-23 10:44:55+00:00,33.995103,-81.02392,83.4,5.93,0.1,272.2,10.0,3D,2025-09-23 06:44:55-04:00,POINT (-81.02392 33.995103)
2025-09-22 22:23:49 UTC,sensor08,236476534,18.53,87.17,2025-09-23 10:45:00+00:00,33.99494,-81.024325,83.9,9.06,0.0,245.93,10.0,3D,2025-09-23 06:45:00-04:00,POINT (-81.024325 33.99494)
2025-09-22 22:23:54 UTC,sensor08,236476534,18.71,86.57,2025-09-23 10:45:05+00:00,33.99478,-81.024772,84.2,7.61,0.1,248.76,10.0,3D,2025-09-23 06:45:05-04:00,POINT (-81.024772 33.99478)
2025-09-22 22:24:19 UTC,sensor08,236476534,18.83,85.58,2025-09-23 10:45:30+00:00,33.994657,-81.025093,85.2,6.14,0.4,252.3,10.0,3D,2025-09-23 06:45:30-04:00,POINT (-81.025093 33.994657)
2025-09-22 22:24:24 UTC,sensor08,236476534,18.8,85.48,2025-09-23 10:45:35+00:00,33.99451,-81.025568,87.0,11.56,0.3,250.33,10.0,3D,2025-09-23 06:45:35-04:00,POINT (-81.025568 33.99451)
2025-09-22 22:24:29 UTC,sensor08,236476534,19.09,84.92,2025-09-23 10:45:40+00:00,33.994318,-81.026232,88.6,13.44,0.4,250.33,10.0,3D,2025-09-23 06:45:40-04:00,POINT (-81.026232 33.994318)
2025-09-22 22:24:34 UTC,sensor08,236476534,19.35,83.9,2025-09-23 10:45:45+00:00,33.994128,-81.026908,91.5,12.96,0.5,250.57,10.0,3D,2025-09-23 06:45:45-04:00,POINT (-81.026908 33.994128)
2025-09-22 22:24:39 UTC,sensor08,236476534,19.63,82.9,2025-09-23 10:45:50+00:00,33.993928,-81.027567,94.5,12.95,0.5,250.51,11.0,3D,2025-09-23 06:45:50-04:00,POINT (-81.027567 33.993928)
2025-09-22 22:24:44 UTC,sensor08,236476534,19.99,81.68,2025-09-23 10:45:56+00:00,33.993663,-81.028403,97.6,13.8,0.4,0.0,11.0,3D,2025-09-23 06:45:56-04:00,POINT (-81.028403 33.993663)
2025-09-22 22:24:49 UTC,sensor08,236476534,19.96,80.67,2025-09-23 10:46:01+00:00,33.993432,-81.029103,98.3,14.0,0.0,0.0,11.0,3D,2025-09-23 06:46:01-04:00,POINT (-81.029103 33.993432)
2025-09-22 22:24:54 UTC,sensor08,236476534,20.09,79.78,2025-09-23 10:46:06+00:00,33.993218,-81.029708,98.5,10.38,0.0,0.0,11.0,3D,2025-09-23 06:46:06-04:00,POINT (-81.029708 33.993218)
2025-09-22 22:24:59 UTC,sensor08,236476534,20.15,78.77,2025-09-23 10:46:11+00:00,33.993073,-81.030022,98.7,4.64,0.0,0.0,11.0,3D,2025-09-23 06:46:11-04:00,POINT (-81.030022 33.993073)
2025-09-22 22:25:04 UTC,sensor08,236476534,20.23,78.17,2025-09-23 10:46:16+00:00,33.992762,-81.02991,98.6,9.41,-0.3,159.59,11.0,3D,2025-09-23 06:46:16-04:00,POINT (-81.02991 33.992762)
2025-09-22 22:25:10 UTC,sensor08,236476534,20.34,77.66,2025-09-23 10:46:21+00:00,33.992307,-81.02968,97.5,10.86,-0.1,156.3,11.0,3D,2025-09-23 06:46:21-04:00,POINT (-81.02968 33.992307)
2025-09-22 22:25:15 UTC,sensor08,236476534,20.27,77.74,2025-09-23 10:46:26+00:00,33.99192,-81.029465,96.4,6.05,-0.4,161.91,11.0,3D,2025-09-23 06:46:26-04:00,POINT (-81.029465 33.99192)
2025-09-22 22:25:20 UTC,sensor08,236476534,20.04,78.75,2025-09-23 10:46:31+00:00,33.991797,-81.029238,93.2,4.94,0.3,89.14,11.0,3D,2025-09-23 06:46:31-04:00,POINT (-81.029238 33.991797)
2025-09-22 22:25:25 UTC,sensor08,236476534,19.76,79.69,2025-09-23 10:46:33+00:00,33.991822,-81.0291,93.2,6.41,0.0,75.74,11.0,3D,2025-09-23 06:46:33-04:00,POINT (-81.0291 33.991822)
2025-09-22 22:25:30 UTC,sensor08,236476534,19.55,80.8,2025-09-23 10:46:41+00:00,33.99194,-81.028468,95.2,7.0,0.6,72.57,11.0,3D,2025-09-23 06:46:41-04:00,POINT (-81.028468 33.99194)
2025-09-22 22:25:55 UTC,sensor08,236476534,19.36,82.14,2025-09-23 10:47:06+00:00,33.992163,-81.028048,92.8,4.51,-0.1,70.5,11.0,3D,2025-09-23 06:47:06-04:00,POINT (-81.028048 33.992163)
2025-09-22 22:26:10 UTC,sensor08,236476534,19.26,83.35,2025-09-23 10:47:21+00:00,33.992132,-81.027762,88.2,4.97,-0.5,153.95,11.0,3D,2025-09-23 06:47:21-04:00,POINT (-81.027762 33.992132)
2025-09-22 22:26:15 UTC,sensor08,236476534,19.32,83.09,2025-09-23 10:47:26+00:00,33.991758,-81.02755,86.0,10.68,-0.7,158.17,11.0,3D,2025-09-23 06:47:26-04:00,POINT (-81.02755 33.991758)
2025-09-22 22:26:20 UTC,sensor08,236476534,19.23,83.41,2025-09-23 10:47:31+00:00,33.991272,-81.027323,82.8,11.77,-0.7,155.59,11.0,3D,2025-09-23 06:47:31-04:00,POINT (-81.027323 33.991272)
2025-09-22 22:26:25 UTC,sensor08,236476534,18.97,84.47,2025-09-23 10:47:36+00:00,33.99075,-81.027108,79.7,11.08,-0.4,162.49,11.0,3D,2025-09-23 06:47:36-04:00,POINT (-81.027108 33.99075)
2025-09-22 22:26:30 UTC,sensor08,236476534,18.98,84.68,2025-09-23 10:47:41+00:00,33.990278,-81.02691,76.3,11.03,-0.4,159.9,11.0,3D,2025-09-23 06:47:41-04:00,POINT (-81.02691 33.990278)
2025-09-22 22:26:35 UTC,sensor08,236476534,18.92,84.46,2025-09-23 10:47:46+00:00,33.989832,-81.02672,74.1,8.34,-0.5,159.45,11.0,3D,2025-09-23 06:47:46-04:00,POINT (-81.02672 33.989832)
2025-09-22 22:26:40 UTC,sensor08,236476534,19.03,84.17,2025-09-23 10:47:51+00:00,33.989568,-81.02661,71.6,7.02,-0.7,157.16,11.0,3D,2025-09-23 06:47:51-04:00,POINT (-81.02661 33.989568)
2025-09-22 22:26:45 UTC,sensor08,236476534,19.19,83.69,2025-09-23 10:47:56+00:00,33.989222,-81.02644,69.5,8.37,-0.4,158.59,11.0,3D,2025-09-23 06:47:56-04:00,POINT (-81.02644 33.989222)
2025-09-22 22:26:50 UTC,sensor08,236476534,19.29,82.98,2025-09-23 10:48:02+00:00,33.988828,-81.026268,67.9,7.5,-0.1,0.0,11.0,3D,2025-09-23 06:48:02-04:00,POINT (-81.026268 33.988828)
2025-09-22 22:26:55 UTC,sensor08,236476534,19.35,82.56,2025-09-23 10:48:07+00:00,33.988545,-81.026175,68.1,6.38,0.6,0.0,11.0,3D,2025-09-23 06:48:07-04:00,POINT (-81.026175 33.988545)
2025-09-22 22:27:10 UTC,sensor08,236476534,19.45,82.06,2025-09-23 10:48:22+00:00,33.988738,-81.026253,69.7,8.4,-0.2,341.48,11.0,3D,2025-09-23 06:48:22-04:00,POINT (-81.026253 33.988738)
2025-09-22 22:27:15 UTC,sensor08,236476534,19.44,81.88,2025-09-23 10:48:27+00:00,33.989123,-81.026403,69.9,8.36,-0.1,337.83,11.0,3D,2025-09-23 06:48:27-04:00,POINT (-81.026403 33.989123)
2025-09-22 22:27:21 UTC,sensor08,236476534,19.38,82.05,2025-09-23 10:48:32+00:00,33.989465,-81.026552,68.9,6.27,-0.3,337.15,11.0,3D,2025-09-23 06:48:32-04:00,POINT (-81.026552 33.989465)
2025-09-22 22:27:26 UTC,sensor08,236476534,19.25,82.4,2025-09-23 10:48:34+00:00,33.989552,-81.026625,67.9,5.53,-0.4,311.95,11.0,3D,2025-09-23 06:48:34-04:00,POINT (-81.026625 33.989552)
2025-09-22 22:27:31 UTC,sensor08,236476534,19.09,82.93,2025-09-23 10:48:42+00:00,33.989442,-81.027217,64.1,8.03,-0.5,247.67,11.0,3D,2025-09-23 06:48:42-04:00,POINT (-81.027217 33.989442)
2025-09-22 22:27:36 UTC,sensor08,236476534,19.1,83.84,2025-09-23 10:48:47+00:00,33.989322,-81.027587,63.8,6.97,-0.3,252.14,11.0,3D,2025-09-23 06:48:47-04:00,POINT (-81.027587 33.989322)
2025-09-22 22:27:41 UTC,sensor08,236476534,19.15,83.89,2025-09-23 10:48:52+00:00,33.989238,-81.027928,60.9,5.42,-0.7,250.43,11.0,3D,2025-09-23 06:48:52-04:00,POINT (-81.027928 33.989238)
2025-09-22 22:27:51 UTC,sensor08,236476534,19.18,83.38,2025-09-23 10:49:02+00:00,33.989177,-81.028138,59.0,4.0,0.1,252.8,11.0,3D,2025-09-23 06:49:02-04:00,POINT (-81.028138 33.989177)
2025-09-22 22:27:56 UTC,sensor08,236476534,19.28,83.24,2025-09-23 10:49:07+00:00,33.989073,-81.0285,60.1,8.02,0.3,252.31,11.0,3D,2025-09-23 06:49:07-04:00,POINT (-81.0285 33.989073)
2025-09-22 22:28:01 UTC,sensor08,236476534,19.3,83.06,2025-09-23 10:49:12+00:00,33.988983,-81.028847,61.5,3.85,0.3,251.81,11.0,3D,2025-09-23 06:49:12-04:00,POINT (-81.028847 33.988983)
2025-09-22 22:28:36 UTC,sensor08,236476534,19.49,82.34,2025-09-23 10:49:47+00:00,33.988858,-81.02917,62.8,9.04,0.1,249.91,11.0,3D,2025-09-23 06:49:47-04:00,POINT (-81.02917 33.988858)
2025-09-22 22:28:41 UTC,sensor08,236476534,19.53,82.09,2025-09-23 10:49:52+00:00,33.988718,-81.029615,64.1,6.71,0.2,246.39,11.0,3D,2025-09-23 06:49:52-04:00,POINT (-81.029615 33.988718)
2025-09-22 22:29:06 UTC,sensor08,236476534,19.66,81.89,2025-09-23 10:50:18+00:00,33.988525,-81.029872,65.6,7.24,0.1,0.0,11.0,3D,2025-09-23 06:50:18-04:00,POINT (-81.029872 33.988525)
2025-09-22 22:29:11 UTC,sensor08,236476534,19.79,83.14,2025-09-23 10:50:23+00:00,33.98811,-81.02971,65.9,11.22,0.0,0.0,11.0,3D,2025-09-23 06:50:23-04:00,POINT (-81.02971 33.98811)
2025-09-22 22:29:16 UTC,sensor08,236476534,19.92,83.19,2025-09-23 10:50:28+00:00,33.987662,-81.02951,65.5,9.51,0.0,159.39,11.0,3D,2025-09-23 06:50:28-04:00,POINT (-81.02951 33.987662)
2025-09-22 22:29:21 UTC,sensor08,236476534,20.08,82.19,2025-09-23 10:50:33+00:00,33.987338,-81.029342,64.9,6.28,-0.1,144.06,11.0,3D,2025-09-23 06:50:33-04:00,POINT (-81.029342 33.987338)
2025-09-22 22:29:27 UTC,sensor08,236476534,19.85,80.74,2025-09-23 10:50:38+00:00,33.987277,-81.029013,64.8,6.76,-0.03,73.19,11.0,3D,2025-09-23 06:50:38-04:00,POINT (-81.029013 33.987277)
2025-09-22 22:29:32 UTC,sensor08,236476534,19.67,80.66,2025-09-23 10:50:39+00:00,33.987297,-81.028937,64.8,7.22,0.0,71.28,11.0,3D,2025-09-23 06:50:39-04:00,POINT (-81.028937 33.987297)
2025-09-22 22:29:37 UTC,sensor08,236476534,19.7,81.11,2025-09-23 10:50:48+00:00,33.987502,-81.028192,63.3,6.59,-0.2,73.76,11.0,3D,2025-09-23 06:50:48-04:00,POINT (-81.028192 33.987502)
2025-09-22 22:29:52 UTC,sensor08,236476534,19.63,81.09,2025-09-23 10:51:03+00:00,33.987552,-81.028007,63.1,3.43,0.0,63.27,11.0,3D,2025-09-23 06:51:03-04:00,POINT (-81.028007 33.987552)
2025-09-22 22:29:57 UTC,sensor08,236476534,19.56,81.4,2025-09-23 10:51:08+00:00,33.987678,-81.02763,63.8,8.1,0.2,69.15,11.0,3D,2025-09-23 06:51:08-04:00,POINT (-81.02763 33.987678)
2025-09-22 22:30:02 UTC,sensor08,236476534,19.39,81.96,2025-09-23 10:51:13+00:00,33.987833,-81.027195,65.7,8.95,0.4,68.68,11.0,3D,2025-09-23 06:51:13-04:00,POINT (-81.027195 33.987833)
2025-09-22 22:30:07 UTC,sensor08,236476534,19.4,82.17,2025-09-23 10:51:18+00:00,33.98798,-81.026725,67.8,8.99,0.5,70.2,11.0,3D,2025-09-23 06:51:18-04:00,POINT (-81.026725 33.98798)
2025-09-22 22:30:12 UTC,sensor08,236476534,19.44,82.02,2025-09-23 10:51:23+00:00,33.988127,-81.026307,70.3,6.9,0.5,67.87,11.0,3D,2025-09-23 06:51:23-04:00,POINT (-81.026307 33.988127)
2025-09-22 22:30:17 UTC,sensor08,236476534,19.47,82.03,2025-09-23 10:51:28+00:00,33.988192,-81.026122,72.2,2.83,0.4,61.59,11.0,3D,2025-09-23 06:51:28-04:00,POINT (-81.026122 33.988192)
2025-09-22 22:30:22 UTC,sensor08,236476534,19.46,81.69,2025-09-23 10:51:33+00:00,33.988282,-81.025818,73.7,7.75,0.4,70.46,11.0,3D,2025-09-23 06:51:33-04:00,POINT (-81.025818 33.988282)
2025-09-22 22:30:27 UTC,sensor08,236476534,19.66,81.31,2025-09-23 10:51:38+00:00,33.988422,-81.025367,76.3,9.21,0.4,66.35,11.0,3D,2025-09-23 06:51:38-04:00,POINT (-81.025367 33.988422)
2025-09-22 22:30:32 UTC,sensor08,236476534,19.83,80.55,2025-09-23 10:51:43+00:00,33.988572,-81.024898,79.3,8.52,0.7,69.71,11.0,3D,2025-09-23 06:51:43-04:00,POINT (-81.024898 33.988572)
2025-09-22 22:30:37 UTC,sensor08,236476534,19.91,79.72,2025-09-23 10:51:48+00:00,33.988693,-81.024507,83.0,6.5,0.7,71.6,11.0,3D,2025-09-23 06:51:48-04:00,POINT (-81.024507 33.988693)
2025-09-22 22:30:42 UTC,sensor08,236476534,19.79,79.23,2025-09-23 10:51:53+00:00,33.988807,-81.024157,86.1,8.15,0.7,69.57,11.0,3D,2025-09-23 06:51:53-04:00,POINT (-81.024157 33.988807)
2025-09-22 22:30:47 UTC,sensor08,236476534,19.63,79.42,2025-09-23 10:51:58+00:00,33.988955,-81.023692,89.9,9.05,0.9,69.21,11.0,3D,2025-09-23 06:51:58-04:00,POINT (-81.023692 33.988955)
2025-09-22 22:30:52 UTC,sensor08,236476534,19.49,79.89,2025-09-23 10:52:04+00:00,33.989118,-81.023152,94.0,8.47,0.8,0.0,11.0,3D,2025-09-23 06:52:04-04:00,POINT (-81.023152 33.989118)
2025-09-22 22:30:57 UTC,sensor08,236476534,19.29,80.58,2025-09-23 10:52:09+00:00,33.989218,-81.0228,95.6,5.05,0.1,0.0,11.0,3D,2025-09-23 06:52:09-04:00,POINT (-81.0228 33.989218)
2025-09-22 22:31:23 UTC,sensor08,236476534,19.09,81.84,2025-09-23 10:52:34+00:00,33.989247,-81.022813,95.8,7.69,-0.7,0.0,11.0,3D,2025-09-23 06:52:34-04:00,POINT (-81.022813 33.989247)
2025-09-22 22:31:28 UTC,sensor08,236476534,19.2,81.88,2025-09-23 10:52:37+00:00,33.989123,-81.023145,94.7,10.25,-0.5,249.61,11.0,3D,2025-09-23 06:52:37-04:00,POINT (-81.023145 33.989123)
2025-09-22 22:31:33 UTC,sensor08,236476534,19.43,81.44,2025-09-23 10:52:44+00:00,33.988897,-81.023892,89.7,9.07,-0.9,248.29,11.0,3D,2025-09-23 06:52:44-04:00,POINT (-81.023892 33.988897)
2025-09-22 22:31:38 UTC,sensor08,236476534,19.54,80.75,2025-09-23 10:52:49+00:00,33.988812,-81.02429,83.1,5.21,-0.7,240.69,11.0,3D,2025-09-23 06:52:49-04:00,POINT (-81.02429 33.988812)
2025-09-22 22:31:43 UTC,sensor08,236476534,19.66,80.34,2025-09-23 10:52:54+00:00,33.988637,-81.024362,79.8,4.26,-0.4,169.56,11.0,3D,2025-09-23 06:52:54-04:00,POINT (-81.024362 33.988637)
2025-09-22 22:32:08 UTC,sensor08,236476534,19.86,79.61,2025-09-23 10:53:19+00:00,33.988403,-81.02424,78.6,7.95,0.0,159.81,11.0,3D,2025-09-23 06:53:19-04:00,POINT (-81.02424 33.988403)
2025-09-22 22:32:13 UTC,sensor08,236476534,19.83,79.3,2025-09-23 10:53:24+00:00,33.988018,-81.024025,78.3,8.34,-0.1,157.69,11.0,3D,2025-09-23 06:53:24-04:00,POINT (-81.024025 33.988018)
2025-09-22 22:32:18 UTC,sensor08,236476534,19.88,79.07,2025-09-23 10:53:29+00:00,33.987657,-81.023902,77.9,7.3,-0.1,160.79,11.0,3D,2025-09-23 06:53:29-04:00,POINT (-81.023902 33.987657)
2025-09-22 22:32:33 UTC,sensor08,236476534,19.89,78.78,2025-09-23 10:53:44+00:00,33.98738,-81.023768,77.5,3.05,0.1,121.88,11.0,3D,2025-09-23 06:53:44-04:00,POINT (-81.023768 33.98738)
2025-09-22 22:32:38 UTC,sensor08,236476534,19.62,79.26,2025-09-23 10:53:49+00:00,33.987452,-81.023412,78.2,6.49,0.2,69.34,11.0,3D,2025-09-23 06:53:49-04:00,POINT (-81.023412 33.987452)
2025-09-22 22:32:43 UTC,sensor08,236476534,19.48,79.8,2025-09-23 10:53:54+00:00,33.987428,-81.023103,79.2,5.68,0.2,111.71,11.0,3D,2025-09-23 06:53:54-04:00,POINT (-81.023103 33.987428)
2025-09-22 22:32:48 UTC,sensor08,236476534,19.4,80.26,2025-09-23 10:53:59+00:00,33.98723,-81.022815,79.8,5.75,0.1,139.99,11.0,3D,2025-09-23 06:53:59-04:00,POINT (-81.022815 33.98723)
2025-09-22 22:32:58 UTC,sensor08,236476534,19.43,80.45,2025-09-23 10:54:10+00:00,33.987128,-81.0227,81.0,4.2,0.0,0.0,11.0,3D,2025-09-23 06:54:10-04:00,POINT (-81.0227 33.987128)
2025-09-22 22:33:03 UTC,sensor08,236476534,19.35,80.6,2025-09-23 10:54:15+00:00,33.986868,-81.02246,81.5,9.37,0.0,0.0,11.0,3D,2025-09-23 06:54:15-04:00,POINT (-81.02246 33.986868)
2025-09-22 22:33:08 UTC,sensor08,236476534,19.25,80.94,2025-09-23 10:54:20+00:00,33.98655,-81.02212,81.2,9.39,-0.1,0.0,11.0,3D,2025-09-23 06:54:20-04:00,POINT (-81.02212 33.98655)
2025-09-22 22:33:13 UTC,sensor08,236476534,19.18,81.83,2025-09-23 10:54:25+00:00,33.98625,-81.021753,80.8,8.91,-0.1,134.02,11.0,3D,2025-09-23 06:54:25-04:00,POINT (-81.021753 33.98625)
2025-09-22 22:33:18 UTC,sensor08,236476534,18.97,82.37,2025-09-23 10:54:30+00:00,33.985987,-81.021365,79.9,8.88,-0.2,133.51,11.0,3D,2025-09-23 06:54:30-04:00,POINT (-81.021365 33.985987)
2025-09-22 22:33:24 UTC,sensor08,236476534,18.89,83.04,2025-09-23 10:54:35+00:00,33.98576,-81.021115,78.9,5.33,-0.2,143.35,11.0,3D,2025-09-23 06:54:35-04:00,POINT (-81.021115 33.98576)
2025-09-22 22:33:29 UTC,sensor08,236476534,18.75,83.44,2025-09-23 10:54:40+00:00,33.98558,-81.02089,77.8,7.32,-0.2,134.87,11.0,3D,2025-09-23 06:54:40-04:00,POINT (-81.02089 33.98558)
2025-09-22 22:33:34 UTC,sensor08,236476534,18.79,83.81,2025-09-23 10:54:41+00:00,33.98553,-81.020833,77.6,7.76,-0.2,135.09,11.0,3D,2025-09-23 06:54:41-04:00,POINT (-81.020833 33.98553)
2025-09-22 22:33:39 UTC,sensor08,236476534,18.93,83.81,2025-09-23 10:54:50+00:00,33.985172,-81.020418,76.3,3.02,-0.1,131.93,11.0,3D,2025-09-23 06:54:50-04:00,POINT (-81.020418 33.985172)
2025-09-22 22:33:44 UTC,sensor08,236476534,18.85,83.61,2025-09-23 10:54:55+00:00,33.985002,-81.020178,76.6,7.89,0.2,131.96,11.0,3D,2025-09-23 06:54:55-04:00,POINT (-81.020178 33.985002)
2025-09-22 22:33:49 UTC,sensor08,236476534,18.84,83.83,2025-09-23 10:55:00+00:00,33.984753,-81.019837,77.4,7.98,0.2,134.9,11.0,3D,2025-09-23 06:55:00-04:00,POINT (-81.019837 33.984753)
2025-09-22 22:33:54 UTC,sensor08,236476534,18.88,83.85,2025-09-23 10:55:05+00:00,33.984518,-81.01952,78.6,7.29,0.5,129.08,11.0,3D,2025-09-23 06:55:05-04:00,POINT (-81.01952 33.984518)
2025-09-22 22:33:59 UTC,sensor08,236476534,18.91,83.68,2025-09-23 10:55:10+00:00,33.984312,-81.019252,78.7,7.45,0.2,134.87,11.0,3D,2025-09-23 06:55:10-04:00,POINT (-81.019252 33.984312)
2025-09-22 22:34:04 UTC,sensor08,236476534,18.88,83.42,2025-09-23 10:55:15+00:00,33.984095,-81.018977,78.6,6.09,0.0,128.76,11.0,3D,2025-09-23 06:55:15-04:00,POINT (-81.018977 33.984095)
2025-09-22 22:34:09 UTC,sensor08,236476534,18.75,83.81,2025-09-23 10:55:20+00:00,33.983898,-81.018738,77.1,5.87,-0.7,135.12,11.0,3D,2025-09-23 06:55:20-04:00,POINT (-81.018738 33.983898)
2025-09-22 22:34:14 UTC,sensor08,236476534,18.69,84.1,2025-09-23 10:55:25+00:00,33.983688,-81.018468,76.4,7.24,0.2,129.47,11.0,3D,2025-09-23 06:55:25-04:00,POINT (-81.018468 33.983688)
2025-09-22 22:34:19 UTC,sensor08,236476534,18.63,84.32,2025-09-23 10:55:30+00:00,33.983488,-81.018197,76.2,5.48,0.0,132.21,11.0,3D,2025-09-23 06:55:30-04:00,POINT (-81.018197 33.983488)
2025-09-22 22:34:29 UTC,sensor08,236476534,18.74,84.8,2025-09-23 10:55:40+00:00,33.98336,-81.018025,77.6,4.42,0.1,134.26,11.0,3D,2025-09-23 06:55:40-04:00,POINT (-81.018025 33.98336)
2025-09-22 22:34:34 UTC,sensor08,236476534,19.08,83.98,2025-09-23 10:55:45+00:00,33.983322,-81.017717,80.1,7.52,0.5,69.2,11.0,3D,2025-09-23 06:55:45-04:00,POINT (-81.017717 33.983322)
2025-09-22 22:34:39 UTC,sensor08,236476534,19.22,83.04,2025-09-23 10:55:50+00:00,33.983488,-81.017242,83.5,9.79,-0.2,64.46,11.0,3D,2025-09-23 06:55:50-04:00,POINT (-81.017242 33.983488)
2025-09-22 22:34:44 UTC,sensor08,236476534,19.27,82.36,2025-09-23 10:55:55+00:00,33.983675,-81.016702,84.6,11.15,0.4,68.71,11.0,3D,2025-09-23 06:55:55-04:00,POINT (-81.016702 33.983675)
2025-09-22 22:34:49 UTC,sensor08,236476534,19.15,82.28,2025-09-23 10:56:01+00:00,33.983878,-81.016085,87.0,10.68,0.3,0.0,11.0,3D,2025-09-23 06:56:01-04:00,POINT (-81.016085 33.983878)
2025-09-22 22:34:54 UTC,sensor08,236476534,19.08,82.24,2025-09-23 10:56:06+00:00,33.984082,-81.015527,88.7,11.37,0.4,0.0,11.0,3D,2025-09-23 06:56:06-04:00,POINT (-81.015527 33.984082)
2025-09-22 22:34:59 UTC,sensor08,236476534,19.15,82.13,2025-09-23 10:56:11+00:00,33.984273,-81.014965,92.3,10.73,0.8,0.0,11.0,3D,2025-09-23 06:56:11-04:00,POINT (-81.014965 33.984273)
2025-09-22 22:35:04 UTC,sensor08,236476534,19.16,82.1,2025-09-23 10:56:16+00:00,33.984447,-81.014423,97.1,10.59,0.7,0.0,11.0,3D,2025-09-23 06:56:16-04:00,POINT (-81.014423 33.984447)
2025-09-22 22:35:09 UTC,sensor08,236476534,19.1,82.05,2025-09-23 10:56:21+00:00,33.984632,-81.013867,98.3,11.48,0.1,68.25,11.0,3D,2025-09-23 06:56:21-04:00,POINT (-81.013867 33.984632)
2025-09-22 22:35:14 UTC,sensor08,236476534,18.99,82.19,2025-09-23 10:56:26+00:00,33.984833,-81.013293,97.1,10.41,-0.3,61.83,11.0,3D,2025-09-23 06:56:26-04:00,POINT (-81.013293 33.984833)
2025-09-22 22:35:20 UTC,sensor08,236476534,18.87,82.72,2025-09-23 10:56:31+00:00,33.984947,-81.012963,95.9,3.84,-0.2,71.89,11.0,3D,2025-09-23 06:56:31-04:00,POINT (-81.012963 33.984947)
2025-09-22 22:35:25 UTC,sensor08,236476534,18.83,82.9,2025-09-23 10:56:36+00:00,33.985048,-81.01281,97.3,4.99,0.7,27.59,11.0,3D,2025-09-23 06:56:36-04:00,POINT (-81.01281 33.985048)
2025-09-22 22:35:30 UTC,sensor08,236476534,18.75,83.12,2025-09-23 10:56:37+00:00,33.98509,-81.012802,97.6,4.63,0.3,5.52,11.0,3D,2025-09-23 06:56:37-04:00,POINT (-81.012802 33.98509)
2025-09-22 22:35:45 UTC,sensor08,236476534,18.72,83.26,2025-09-23 10:56:56+00:00,33.98523,-81.012873,99.6,2.78,0.2,325.32,11.0,3D,2025-09-23 06:56:56-04:00,POINT (-81.012873 33.98523)
2025-09-22 22:35:50 UTC,sensor08,236476534,18.83,83.41,2025-09-23 10:56:58+00:00,33.985295,-81.012918,99.9,5.17,0.1,333.9,11.0,3D,2025-09-23 06:56:58-04:00,POINT (-81.012918 33.985295)
2025-09-22 22:35:55 UTC,sensor08,236476534,18.77,83.44,2025-09-23 10:57:06+00:00,33.985752,-81.013118,102.1,6.92,0.4,340.71,11.0,3D,2025-09-23 06:57:06-04:00,POINT (-81.013118 33.985752)
2025-09-22 22:36:15 UTC,sensor08,236476534,18.73,83.7,2025-09-23 10:57:26+00:00,33.986148,-81.013327,104.3,7.88,0.0,336.67,11.0,3D,2025-09-23 06:57:26-04:00,POINT (-81.013327 33.986148)
2025-09-22 22:36:20 UTC,sensor08,236476534,18.65,84.01,2025-09-23 10:57:31+00:00,33.986542,-81.013495,105.1,8.55,0.2,342.53,11.0,3D,2025-09-23 06:57:31-04:00,POINT (-81.013495 33.986542)
2025-09-22 22:36:25 UTC,sensor08,236476534,18.47,84.46,2025-09-23 10:57:36+00:00,33.986928,-81.013675,106.1,8.54,0.1,338.89,11.0,3D,2025-09-23 06:57:36-04:00,POINT (-81.013675 33.986928)
2025-09-22 22:36:30 UTC,sensor08,236476534,18.4,84.96,2025-09-23 10:57:41+00:00,33.987263,-81.01383,106.8,7.12,0.3,339.33,11.0,3D,2025-09-23 06:57:41-04:00,POINT (-81.01383 33.987263)
2025-09-22 22:36:35 UTC,sensor08,236476534,18.39,85.28,2025-09-23 10:57:46+00:00,33.987438,-81.013913,108.1,2.88,0.2,337.43,11.0,3D,2025-09-23 06:57:46-04:00,POINT (-81.013913 33.987438)
2025-09-22 22:36:40 UTC,sensor08,236476534,18.4,85.3,2025-09-23 10:57:51+00:00,33.987712,-81.014043,107.5,7.51,-0.1,339.41,11.0,3D,2025-09-23 06:57:51-04:00,POINT (-81.014043 33.987712)
2025-09-22 22:36:45 UTC,sensor08,236476534,18.52,84.88,2025-09-23 10:57:56+00:00,33.988032,-81.014187,107.7,6.83,0.2,340.94,11.0,3D,2025-09-23 06:57:56-04:00,POINT (-81.014187 33.988032)
2025-09-22 22:36:50 UTC,sensor08,236476534,18.41,85.14,2025-09-23 10:58:01+00:00,33.988227,-81.01427,107.9,3.95,0.1,341.71,11.0,3D,2025-09-23 06:58:01-04:00,POINT (-81.01427 33.988227)
2025-09-22 22:36:55 UTC,sensor08,236476534,18.36,85.4,2025-09-23 10:58:07+00:00,33.988462,-81.014402,108.1,3.5,0.0,0.0,11.0,3D,2025-09-23 06:58:07-04:00,POINT (-81.014402 33.988462)
2025-09-22 22:37:00 UTC,sensor08,236476534,18.37,85.52,2025-09-23 10:58:12+00:00,33.988565,-81.014197,108.6,6.93,-0.2,0.0,11.0,3D,2025-09-23 06:58:12-04:00,POINT (-81.014197 33.988565)
2025-09-22 22:37:05 UTC,sensor08,236476534,18.3,85.74,2025-09-23 10:58:17+00:00,33.98868,-81.013828,106.7,7.11,-0.1,0.0,11.0,3D,2025-09-23 06:58:17-04:00,POINT (-81.013828 33.98868)
2025-09-22 22:37:10 UTC,sensor08,236476534,18.28,85.63,2025-09-23 10:58:22+00:00,33.988763,-81.013553,104.3,3.98,-0.3,0.0,11.0,3D,2025-09-23 06:58:22-04:00,POINT (-81.013553 33.988763)
2025-09-22 22:37:15 UTC,sensor08,236476534,18.32,85.62,2025-09-23 10:58:27+00:00,33.988838,-81.013437,103.5,3.78,-0.3,26.9,11.0,3D,2025-09-23 06:58:27-04:00,POINT (-81.013437 33.988838)
2025-09-22 22:37:21 UTC,sensor08,236476534,18.19,85.78,2025-09-23 10:58:32+00:00,33.989088,-81.013515,102.2,6.77,0.3,338.41,11.0,3D,2025-09-23 06:58:32-04:00,POINT (-81.013515 33.989088)
2025-09-22 22:37:26 UTC,sensor08,236476534,18.51,85.66,2025-09-23 10:58:37+00:00,33.98941,-81.013672,100.7,7.35,-0.3,342.42,11.0,3D,2025-09-23 06:58:37-04:00,POINT (-81.013672 33.98941)
2025-09-22 22:37:31 UTC,sensor08,236476534,18.44,85.14,2025-09-23 10:58:42+00:00,33.989742,-81.013828,97.5,8.08,-0.4,341.41,11.0,3D,2025-09-23 06:58:42-04:00,POINT (-81.013828 33.989742)
2025-09-22 22:37:36 UTC,sensor08,236476534,18.4,85.36,2025-09-23 10:58:47+00:00,33.990052,-81.01394,96.6,5.5,-0.1,339.97,11.0,3D,2025-09-23 06:58:47-04:00,POINT (-81.01394 33.990052)
2025-09-22 22:37:41 UTC,sensor08,236476534,18.36,85.75,2025-09-23 10:58:52+00:00,33.990187,-81.013985,96.4,2.66,0.1,3.75,11.0,3D,2025-09-23 06:58:52-04:00,POINT (-81.013985 33.990187)
2025-09-22 22:37:46 UTC,sensor08,236476534,18.37,85.56,2025-09-23 10:58:57+00:00,33.990308,-81.013713,96.7,8.34,0.0,68.82,11.0,3D,2025-09-23 06:58:57-04:00,POINT (-81.013713 33.990308)
2025-09-22 22:37:51 UTC,sensor08,236476534,18.13,85.91,2025-09-23 10:59:02+00:00,33.990475,-81.013177,95.5,11.07,-0.3,70.05,11.0,3D,2025-09-23 06:59:02-04:00,POINT (-81.013177 33.990475)
2025-09-22 22:37:56 UTC,sensor08,236476534,17.99,86.68,2025-09-23 10:59:07+00:00,33.990645,-81.012608,93.3,10.71,-0.5,69.32,11.0,3D,2025-09-23 06:59:07-04:00,POINT (-81.012608 33.990645)
2025-09-22 22:38:01 UTC,sensor08,236476534,18.0,87.28,2025-09-23 10:59:12+00:00,33.990785,-81.012177,91.9,6.32,-0.1,69.91,11.0,3D,2025-09-23 06:59:12-04:00,POINT (-81.012177 33.990785)
2025-09-22 22:38:31 UTC,sensor08,236476534,18.14,87.31,2025-09-23 10:59:42+00:00,33.990813,-81.012072,91.4,3.04,0.0,30.01,11.0,3D,2025-09-23 06:59:42-04:00,POINT (-81.012072 33.990813)
2025-09-22 22:38:36 UTC,sensor08,236476534,18.09,87.0,2025-09-23 10:59:47+00:00,33.99111,-81.012128,91.9,8.58,0.1,340.52,11.0,3D,2025-09-23 06:59:47-04:00,POINT (-81.012128 33.99111)
2025-09-22 22:38:41 UTC,sensor08,236476534,18.19,87.09,2025-09-23 10:59:52+00:00,33.991547,-81.012345,92.3,9.82,0.0,339.34,11.0,3D,2025-09-23 06:59:52-04:00,POINT (-81.012345 33.991547)
2025-09-22 22:38:46 UTC,sensor08,236476534,18.21,86.98,2025-09-23 10:59:57+00:00,33.991955,-81.012532,92.4,9.11,0.0,336.1,11.0,3D,2025-09-23 06:59:57-04:00,POINT (-81.012532 33.991955)
2025-09-22 22:38:51 UTC,sensor08,236476534,18.34,86.77,2025-09-23 11:00:02+00:00,33.99239,-81.01273,92.7,10.71,0.0,338.7,11.0,3D,2025-09-23 07:00:02-04:00,POINT (-81.01273 33.99239)
2025-09-22 22:38:56 UTC,sensor08,236476534,18.34,86.44,2025-09-23 11:00:08+00:00,33.992912,-81.012977,93.0,9.27,0.0,0.0,11.0,3D,2025-09-23 07:00:08-04:00,POINT (-81.012977 33.992912)
2025-09-22 22:39:01 UTC,sensor08,236476534,18.2,86.41,2025-09-23 11:00:13+00:00,33.993192,-81.013102,93.3,4.12,0.1,0.0,11.0,3D,2025-09-23 07:00:13-04:00,POINT (-81.013102 33.993192)
2025-09-22 22:39:06 UTC,sensor08,236476534,18.25,86.66,2025-09-23 11:00:18+00:00,33.993355,-81.013165,92.9,6.81,0.0,0.0,11.0,3D,2025-09-23 07:00:18-04:00,POINT (-81.013165 33.993355)
2025-09-22 22:39:11 UTC,sensor08,236476534,18.28,86.7,2025-09-23 11:00:23+00:00,33.993718,-81.013333,93.5,10.34,0.1,339.56,11.0,3D,2025-09-23 07:00:23-04:00,POINT (-81.013333 33.993718)
2025-09-22 22:39:17 UTC,sensor08,236476534,18.29,86.44,2025-09-23 11:00:28+00:00,33.994178,-81.013587,92.6,11.37,-0.1,336.95,11.0,3D,2025-09-23 07:00:28-04:00,POINT (-81.013587 33.994178)
2025-09-22 22:39:22 UTC,sensor08,236476534,18.46,86.13,2025-09-23 11:00:33+00:00,33.994652,-81.01386,92.8,11.46,0.1,335.32,11.0,3D,2025-09-23 07:00:33-04:00,POINT (-81.01386 33.994652)
2025-09-22 22:39:27 UTC,sensor08,236476534,18.68,85.63,2025-09-23 11:00:38+00:00,33.995125,-81.014127,93.0,11.77,0.3,335.12,11.0,3D,2025-09-23 07:00:38-04:00,POINT (-81.014127 33.995125)
2025-09-22 22:39:32 UTC,sensor08,236476534,18.87,84.68,2025-09-23 11:00:43+00:00,33.995608,-81.014395,93.4,11.59,0.0,333.52,11.0,3D,2025-09-23 07:00:43-04:00,POINT (-81.014395 33.995608)
2025-09-22 22:39:37 UTC,sensor08,236476534,18.98,84.01,2025-09-23 11:00:48+00:00,33.9961,-81.014655,90.9,11.49,-0.8,338.22,11.0,3D,2025-09-23 07:00:48-04:00,POINT (-81.014655 33.9961)
2025-09-22 22:39:42 UTC,sensor08,236476534,19.08,83.28,2025-09-23 11:00:53+00:00,33.996595,-81.01488,87.0,11.19,-0.9,337.6,11.0,3D,2025-09-23 07:00:53-04:00,POINT (-81.01488 33.996595)
2025-09-22 22:39:47 UTC,sensor08,236476534,19.14,82.8,2025-09-23 11:00:58+00:00,33.997003,-81.01506,80.9,8.29,-1.2,344.6,11.0,3D,2025-09-23 07:00:58-04:00,POINT (-81.01506 33.997003)
2025-09-22 22:39:52 UTC,sensor08,236476534,19.12,82.55,2025-09-23 11:01:03+00:00,33.997242,-81.015202,78.8,3.5,-0.6,335.91,11.0,3D,2025-09-23 07:01:03-04:00,POINT (-81.015202 33.997242)
2025-09-22 22:39:57 UTC,sensor08,236476534,19.15,82.68,2025-09-23 11:01:08+00:00,33.997453,-81.015303,75.6,6.74,-0.4,336.7,11.0,3D,2025-09-23 07:01:08-04:00,POINT (-81.015303 33.997453)
2025-09-22 22:40:02 UTC,sensor08,236476534,19.18,82.37,2025-09-23 11:01:13+00:00,33.99781,-81.015458,73.9,10.95,-0.3,338.89,11.0,3D,2025-09-23 07:01:13-04:00,POINT (-81.015458 33.99781)
2025-09-22 22:40:07 UTC,sensor08,236476534,19.16,82.32,2025-09-23 11:01:18+00:00,33.99829,-81.015662,72.3,11.55,0.1,342.15,11.0,3D,2025-09-23 07:01:18-04:00,POINT (-81.015662 33.99829)
2025-09-22 22:40:12 UTC,sensor08,236476534,19.21,82.3,2025-09-23 11:01:23+00:00,33.998782,-81.015862,73.0,11.38,-0.3,339.78,11.0,3D,2025-09-23 07:01:23-04:00,POINT (-81.015862 33.998782)
2025-09-22 22:40:17 UTC,sensor08,236476534,19.05,82.65,2025-09-23 11:01:28+00:00,33.999258,-81.016073,72.5,12.06,-0.1,339.53,11.0,3D,2025-09-23 07:01:28-04:00,POINT (-81.016073 33.999258)
2025-09-22 22:40:22 UTC,sensor08,236476534,18.87,82.97,2025-09-23 11:01:33+00:00,33.999777,-81.016285,71.3,12.28,-0.8,342.3,11.0,3D,2025-09-23 07:01:33-04:00,POINT (-81.016285 33.999777)
2025-09-22 22:40:27 UTC,sensor08,236476534,18.64,83.72,2025-09-23 11:01:38+00:00,34.000305,-81.016492,70.0,12.56,-0.2,341.45,11.0,3D,2025-09-23 07:01:38-04:00,POINT (-81.016492 34.000305)
2025-09-22 22:40:32 UTC,sensor08,236476534,19.08,83.93,2025-09-23 11:01:43+00:00,34.00086,-81.016722,69.2,12.82,-0.3,340.4,11.0,3D,2025-09-23 07:01:43-04:00,POINT (-81.016722 34.00086)
2025-09-22 22:40:37 UTC,sensor08,236476534,19.29,82.69,2025-09-23 11:01:48+00:00,34.00138,-81.016952,68.5,12.12,0.1,339.09,11.0,3D,2025-09-23 07:01:48-04:00,POINT (-81.016952 34.00138)
2025-09-22 22:40:42 UTC,sensor08,236476534,19.4,81.86,2025-09-23 11:01:53+00:00,34.001922,-81.01719,69.0,13.19,0.4,339.1,11.0,3D,2025-09-23 07:01:53-04:00,POINT (-81.01719 34.001922)
2025-09-22 22:40:47 UTC,sensor08,236476534,19.45,81.34,2025-09-23 11:01:59+00:00,34.002587,-81.017487,71.3,13.22,0.3,0.0,11.0,3D,2025-09-23 07:01:59-04:00,POINT (-81.017487 34.002587)
2025-09-22 22:40:52 UTC,sensor08,236476534,19.43,81.15,2025-09-23 11:02:04+00:00,34.00314,-81.017737,73.9,13.05,0.4,0.0,11.0,3D,2025-09-23 07:02:04-04:00,POINT (-81.017737 34.00314)
2025-09-22 22:40:57 UTC,sensor08,236476534,19.3,81.36,2025-09-23 11:02:09+00:00,34.00365,-81.017967,76.2,11.11,1.2,0.0,11.0,3D,2025-09-23 07:02:09-04:00,POINT (-81.017967 34.00365)
2025-09-22 22:41:02 UTC,sensor08,236476534,18.92,82.19,2025-09-23 11:02:14+00:00,34.004193,-81.018208,77.6,13.05,0.6,0.0,4.0,3D,2025-09-23 07:02:14-04:00,POINT (-81.018208 34.004193)
2025-09-22 22:41:07 UTC,sensor08,236476534,18.93,83.18,2025-09-23 11:02:19+00:00,34.00475,-81.01845,78.1,12.99,0.3,0.0,4.0,3D,2025-09-23 07:02:19-04:00,POINT (-81.01845 34.00475)
2025-09-22 22:41:13 UTC,sensor08,236476534,19.3,82.41,2025-09-23 11:02:24+00:00,34.00525,-81.018673,78.5,10.42,0.2,0.0,8.0,3D,2025-09-23 07:02:24-04:00,POINT (-81.018673 34.00525)
2025-09-22 22:41:18 UTC,sensor08,236476534,19.35,81.64,2025-09-23 11:02:29+00:00,34.005525,-81.018797,80.8,4.0,0.6,0.0,11.0,3D,2025-09-23 07:02:29-04:00,POINT (-81.018797 34.005525)
2025-09-22 22:41:48 UTC,sensor08,236476534,19.68,80.58,2025-09-23 11:02:59+00:00,34.005877,-81.018943,81.8,8.98,0.4,339.24,11.0,3D,2025-09-23 07:02:59-04:00,POINT (-81.018943 34.005877)
2025-09-22 22:41:53 UTC,sensor08,236476534,19.6,80.15,2025-09-23 11:03:04+00:00,34.006352,-81.019163,83.5,12.75,0.5,336.43,11.0,3D,2025-09-23 07:03:04-04:00,POINT (-81.019163 34.006352)
2025-09-22 22:41:58 UTC,sensor08,236476534,19.49,79.83,2025-09-23 11:03:09+00:00,34.006933,-81.019433,86.3,13.72,0.6,337.46,11.0,3D,2025-09-23 07:03:09-04:00,POINT (-81.019433 34.006933)
2025-09-22 22:42:03 UTC,sensor08,236476534,19.27,80.18,2025-09-23 11:03:14+00:00,34.007532,-81.019705,87.4,13.94,-0.4,339.3,11.0,3D,2025-09-23 07:03:14-04:00,POINT (-81.019705 34.007532)
2025-09-22 22:42:08 UTC,sensor08,236476534,19.23,80.56,2025-09-23 11:03:19+00:00,34.00818,-81.01999,86.8,15.31,-0.1,336.45,11.0,3D,2025-09-23 07:03:19-04:00,POINT (-81.01999 34.00818)
2025-09-22 22:42:13 UTC,sensor08,236476534,19.23,80.88,2025-09-23 11:03:24+00:00,34.008817,-81.0203,88.6,15.39,0.6,339.34,11.0,3D,2025-09-23 07:03:24-04:00,POINT (-81.0203 34.008817)
2025-09-22 22:42:18 UTC,sensor08,236476534,19.41,81.1,2025-09-23 11:03:29+00:00,34.009472,-81.020572,92.2,14.49,0.5,340.53,11.0,3D,2025-09-23 07:03:29-04:00,POINT (-81.020572 34.009472)
2025-09-22 22:42:23 UTC,sensor08,236476534,19.38,80.46,2025-09-23 11:03:34+00:00,34.00999,-81.020827,96.5,12.12,0.5,338.06,11.0,3D,2025-09-23 07:03:34-04:00,POINT (-81.020827 34.00999)
2025-09-22 22:42:28 UTC,sensor08,236476534,19.35,80.39,2025-09-23 11:03:39+00:00,34.010428,-81.021032,98.3,7.89,0.4,338.82,11.0,3D,2025-09-23 07:03:39-04:00,POINT (-81.021032 34.010428)
2025-09-22 22:42:33 UTC,sensor08,236476534,19.37,80.39,2025-09-23 11:03:44+00:00,34.010682,-81.021147,98.6,3.09,0.0,340.01,11.0,3D,2025-09-23 07:03:44-04:00,POINT (-81.021147 34.010682)
2025-09-22 22:43:09 UTC,sensor08,236476534,19.26,80.44,2025-09-23 11:04:20+00:00,34.010783,-81.021192,97.8,3.99,0.2,338.43,11.0,3D,2025-09-23 07:04:20-04:00,POINT (-81.021192 34.010783)
2025-09-22 22:43:14 UTC,sensor08,236476534,19.35,80.72,2025-09-23 11:04:25+00:00,34.011125,-81.021352,98.0,10.66,-0.1,338.56,11.0,3D,2025-09-23 07:04:25-04:00,POINT (-81.021352 34.011125)
2025-09-22 22:43:19 UTC,sensor08,236476534,19.42,80.64,2025-09-23 11:04:30+00:00,34.01165,-81.021597,97.6,13.61,-0.1,338.85,11.0,3D,2025-09-23 07:04:30-04:00,POINT (-81.021597 34.01165)
2025-09-22 22:43:24 UTC,sensor08,236476534,19.35,80.64,2025-09-23 11:04:35+00:00,34.01223,-81.02185,96.9,11.99,-0.1,341.78,11.0,3D,2025-09-23 07:04:35-04:00,POINT (-81.02185 34.01223)
2025-09-22 22:43:29 UTC,sensor08,236476534,19.17,80.72,2025-09-23 11:04:39+00:00,34.01253,-81.021963,96.1,5.28,-0.5,340.14,11.0,3D,2025-09-23 07:04:39-04:00,POINT (-81.021963 34.01253)
2025-09-22 22:43:39 UTC,sensor08,236476534,19.13,81.09,2025-09-23 11:04:50+00:00,34.01262,-81.021985,96.0,6.12,0.1,340.48,11.0,3D,2025-09-23 07:04:50-04:00,POINT (-81.021985 34.01262)
2025-09-22 22:43:44 UTC,sensor08,236476534,19.01,81.43,2025-09-23 11:04:55+00:00,34.01311,-81.022222,95.1,13.75,0.0,340.59,11.0,3D,2025-09-23 07:04:55-04:00,POINT (-81.022222 34.01311)
2025-09-22 21:38:42 UTC,sensor10,300372181,19.85,79.59,2025-09-23 10:02:52+00:00,33.996335,-81.026177,81.9,3.73,0.1,0.0,4.0,3D,2025-09-23 06:02:52-04:00,POINT (-81.026177 33.996335)
2025-09-22 21:38:47 UTC,sensor10,300372181,19.82,79.87,2025-09-23 10:02:57+00:00,33.996395,-81.02609,82.1,2.35,0.0,0.0,8.0,3D,2025-09-23 06:02:57-04:00,POINT (-81.02609 33.996395)
2025-09-22 21:38:52 UTC,sensor10,300372181,19.84,79.9,2025-09-23 10:03:02+00:00,33.996472,-81.025983,81.6,2.97,-0.3,0.0,8.0,3D,2025-09-23 06:03:02-04:00,POINT (-81.025983 33.996472)
2025-09-22 21:39:02 UTC,sensor10,300372181,19.74,79.86,2025-09-23 10:03:12+00:00,33.996648,-81.025905,80.5,2.97,-0.1,0.0,11.0,3D,2025-09-23 06:03:12-04:00,POINT (-81.025905 33.996648)
2025-09-22 21:39:07 UTC,sensor10,300372181,19.73,80.07,2025-09-23 10:03:17+00:00,33.996773,-81.025895,80.6,2.57,0.0,352.7,11.0,3D,2025-09-23 06:03:17-04:00,POINT (-81.025895 33.996773)
2025-09-22 21:39:12 UTC,sensor10,300372181,19.69,80.34,2025-09-23 10:03:22+00:00,33.99688,-81.025945,81.6,2.62,0.2,337.21,11.0,3D,2025-09-23 06:03:22-04:00,POINT (-81.025945 33.99688)
2025-09-22 21:39:17 UTC,sensor10,300372181,19.66,80.52,2025-09-23 10:03:27+00:00,33.996995,-81.026018,82.2,2.83,0.1,320.55,11.0,3D,2025-09-23 06:03:27-04:00,POINT (-81.026018 33.996995)
2025-09-22 21:39:22 UTC,sensor10,300372181,19.64,80.64,2025-09-23 10:03:32+00:00,33.997118,-81.026073,82.8,2.93,0.1,353.81,11.0,3D,2025-09-23 06:03:32-04:00,POINT (-81.026073 33.997118)
2025-09-22 21:39:27 UTC,sensor10,300372181,19.59,80.55,2025-09-23 10:03:37+00:00,33.997213,-81.025995,83.5,2.65,0.1,64.92,11.0,3D,2025-09-23 06:03:37-04:00,POINT (-81.025995 33.997213)
2025-09-22 21:39:32 UTC,sensor10,300372181,19.5,80.83,2025-09-23 10:03:42+00:00,33.997283,-81.025833,84.2,4.3,0.2,66.21,11.0,3D,2025-09-23 06:03:42-04:00,POINT (-81.025833 33.997283)
2025-09-22 21:39:37 UTC,sensor10,300372181,19.5,81.07,2025-09-23 10:03:47+00:00,33.997377,-81.025563,84.8,5.12,0.1,74.99,11.0,3D,2025-09-23 06:03:47-04:00,POINT (-81.025563 33.997377)
2025-09-22 21:39:42 UTC,sensor10,300372181,19.42,81.47,2025-09-23 10:03:52+00:00,33.997467,-81.02529,85.3,5.41,0.1,71.68,11.0,3D,2025-09-23 06:03:52-04:00,POINT (-81.02529 33.997467)
2025-09-22 21:39:47 UTC,sensor10,300372181,19.45,81.76,2025-09-23 10:03:57+00:00,33.997595,-81.025035,86.6,4.68,0.3,67.99,11.0,3D,2025-09-23 06:03:57-04:00,POINT (-81.025035 33.997595)
2025-09-22 21:39:57 UTC,sensor10,300372181,19.48,81.74,2025-09-23 10:04:07+00:00,33.99765,-81.024813,87.3,2.97,0.1,64.39,11.0,3D,2025-09-23 06:04:07-04:00,POINT (-81.024813 33.99765)
2025-09-22 21:40:02 UTC,sensor10,300372181,19.62,81.43,2025-09-23 10:04:12+00:00,33.997742,-81.024612,87.7,4.74,0.1,65.5,11.0,3D,2025-09-23 06:04:12-04:00,POINT (-81.024612 33.997742)
2025-09-22 21:40:07 UTC,sensor10,300372181,19.68,81.02,2025-09-23 10:04:17+00:00,33.997823,-81.024353,88.3,5.47,0.1,72.5,12.0,3D,2025-09-23 06:04:17-04:00,POINT (-81.024353 33.997823)
2025-09-22 21:40:13 UTC,sensor10,300372181,19.63,80.86,2025-09-23 10:04:22+00:00,33.997863,-81.024022,89.3,5.7,0.3,74.46,12.0,3D,2025-09-23 06:04:22-04:00,POINT (-81.024022 33.997863)
2025-09-22 21:40:18 UTC,sensor10,300372181,19.49,81.27,2025-09-23 10:04:27+00:00,33.99804,-81.023775,90.6,5.56,0.2,70.87,12.0,3D,2025-09-23 06:04:27-04:00,POINT (-81.023775 33.99804)
2025-09-22 21:40:23 UTC,sensor10,300372181,19.42,81.67,2025-09-23 10:04:33+00:00,33.998152,-81.023387,92.4,7.24,0.3,0.0,12.0,3D,2025-09-23 06:04:33-04:00,POINT (-81.023387 33.998152)
2025-09-22 21:40:28 UTC,sensor10,300372181,19.33,81.86,2025-09-23 10:04:35+00:00,33.99819,-81.023252,93.1,6.05,0.3,61.4,12.0,3D,2025-09-23 06:04:35-04:00,POINT (-81.023252 33.99819)
2025-09-22 21:40:33 UTC,sensor10,300372181,19.3,82.09,2025-09-23 10:04:43+00:00,33.998353,-81.022755,96.0,6.4,0.4,0.0,12.0,3D,2025-09-23 06:04:43-04:00,POINT (-81.022755 33.998353)
2025-09-22 21:40:38 UTC,sensor10,300372181,19.3,82.02,2025-09-23 10:04:48+00:00,33.99845,-81.022425,98.0,6.35,0.4,69.11,12.0,3D,2025-09-23 06:04:48-04:00,POINT (-81.022425 33.99845)
2025-09-22 21:40:43 UTC,sensor10,300372181,19.28,82.27,2025-09-23 10:04:53+00:00,33.998563,-81.022118,100.2,5.54,0.5,66.69,12.0,3D,2025-09-23 06:04:53-04:00,POINT (-81.022118 33.998563)
2025-09-22 21:40:48 UTC,sensor10,300372181,19.33,82.21,2025-09-23 10:04:58+00:00,33.99868,-81.021772,100.7,6.26,0.4,64.98,12.0,3D,2025-09-23 06:04:58-04:00,POINT (-81.021772 33.99868)
2025-09-22 21:40:53 UTC,sensor10,300372181,19.36,82.0,2025-09-23 10:05:03+00:00,33.998773,-81.021475,102.3,5.41,0.3,72.12,12.0,3D,2025-09-23 06:05:03-04:00,POINT (-81.021475 33.998773)
2025-09-22 21:40:58 UTC,sensor10,300372181,19.37,81.96,2025-09-23 10:05:08+00:00,33.998867,-81.021202,102.3,5.34,0.1,68.42,12.0,3D,2025-09-23 06:05:08-04:00,POINT (-81.021202 33.998867)
2025-09-22 21:41:03 UTC,sensor10,300372181,19.35,82.07,2025-09-23 10:05:13+00:00,33.998972,-81.020892,103.4,6.03,0.3,62.25,12.0,3D,2025-09-23 06:05:13-04:00,POINT (-81.020892 33.998972)
2025-09-22 21:41:08 UTC,sensor10,300372181,19.33,82.02,2025-09-23 10:05:18+00:00,33.999068,-81.020593,105.5,5.71,0.3,66.73,12.0,3D,2025-09-23 06:05:18-04:00,POINT (-81.020593 33.999068)
2025-09-22 21:41:13 UTC,sensor10,300372181,19.29,82.05,2025-09-23 10:05:23+00:00,33.999153,-81.02029,106.4,5.61,0.4,67.21,12.0,3D,2025-09-23 06:05:23-04:00,POINT (-81.02029 33.999153)
2025-09-22 21:41:18 UTC,sensor10,300372181,19.33,82.03,2025-09-23 10:05:28+00:00,33.999237,-81.019978,106.9,5.49,0.4,67.41,12.0,3D,2025-09-23 06:05:28-04:00,POINT (-81.019978 33.999237)
2025-09-22 21:41:23 UTC,sensor10,300372181,19.31,81.98,2025-09-23 10:05:33+00:00,33.999347,-81.01972,108.8,5.31,0.4,65.39,12.0,3D,2025-09-23 06:05:33-04:00,POINT (-81.01972 33.999347)
2025-09-22 21:41:28 UTC,sensor10,300372181,19.27,81.93,2025-09-23 10:05:38+00:00,33.999448,-81.019432,110.2,6.03,0.2,69.33,12.0,3D,2025-09-23 06:05:38-04:00,POINT (-81.019432 33.999448)
2025-09-22 21:41:33 UTC,sensor10,300372181,19.25,82.09,2025-09-23 10:05:43+00:00,33.999532,-81.019097,108.7,6.51,-2.0,63.57,12.0,3D,2025-09-23 06:05:43-04:00,POINT (-81.019097 33.999532)
2025-09-22 21:41:38 UTC,sensor10,300372181,19.14,82.14,2025-09-23 10:05:48+00:00,33.999648,-81.018788,107.0,6.49,-0.5,63.76,12.0,3D,2025-09-23 06:05:48-04:00,POINT (-81.018788 33.999648)
2025-09-22 21:41:43 UTC,sensor10,300372181,19.07,82.35,2025-09-23 10:05:53+00:00,33.999747,-81.018485,106.5,6.59,0.0,66.2,12.0,3D,2025-09-23 06:05:53-04:00,POINT (-81.018485 33.999747)
2025-09-22 21:41:48 UTC,sensor10,300372181,18.95,82.62,2025-09-23 10:05:58+00:00,33.999858,-81.01812,104.7,7.86,0.1,67.17,12.0,3D,2025-09-23 06:05:58-04:00,POINT (-81.01812 33.999858)
2025-09-22 21:41:54 UTC,sensor10,300372181,18.8,83.15,2025-09-23 10:06:03+00:00,33.999992,-81.017687,104.1,8.9,-0.2,69.55,12.0,3D,2025-09-23 06:06:03-04:00,POINT (-81.017687 33.999992)
2025-09-22 21:41:59 UTC,sensor10,300372181,18.74,83.66,2025-09-23 10:06:08+00:00,34.000123,-81.017218,99.6,8.71,-0.2,69.1,12.0,3D,2025-09-23 06:06:08-04:00,POINT (-81.017218 34.000123)
2025-09-22 21:42:04 UTC,sensor10,300372181,18.75,83.96,2025-09-23 10:06:14+00:00,34.000277,-81.016788,99.1,5.33,0.0,0.0,12.0,3D,2025-09-23 06:06:14-04:00,POINT (-81.016788 34.000277)
2025-09-22 21:42:09 UTC,sensor10,300372181,18.67,84.16,2025-09-23 10:06:19+00:00,34.00034,-81.016657,98.1,2.85,-0.5,0.0,12.0,3D,2025-09-23 06:06:19-04:00,POINT (-81.016657 34.00034)
2025-09-22 21:42:14 UTC,sensor10,300372181,18.61,84.44,2025-09-23 10:06:24+00:00,34.000488,-81.016572,94.0,4.25,-0.1,0.0,12.0,3D,2025-09-23 06:06:24-04:00,POINT (-81.016572 34.000488)
2025-09-22 21:42:19 UTC,sensor10,300372181,18.64,84.5,2025-09-23 10:06:29+00:00,34.000673,-81.016645,91.8,4.89,-0.1,346.02,12.0,3D,2025-09-23 06:06:29-04:00,POINT (-81.016645 34.000673)
2025-09-22 21:42:24 UTC,sensor10,300372181,18.71,84.38,2025-09-23 10:06:34+00:00,34.000922,-81.016723,91.6,5.75,-0.1,345.09,12.0,3D,2025-09-23 06:06:34-04:00,POINT (-81.016723 34.000922)
2025-09-22 21:42:29 UTC,sensor10,300372181,18.72,84.18,2025-09-23 10:06:36+00:00,34.001017,-81.01676,91.4,5.54,0.0,340.3,12.0,3D,2025-09-23 06:06:36-04:00,POINT (-81.01676 34.001017)
2025-09-22 21:42:34 UTC,sensor10,300372181,18.76,84.17,2025-09-23 10:06:44+00:00,34.001395,-81.016948,91.1,5.2,-0.1,343.1,12.0,3D,2025-09-23 06:06:44-04:00,POINT (-81.016948 34.001395)
2025-09-22 21:42:39 UTC,sensor10,300372181,18.81,84.09,2025-09-23 10:06:49+00:00,34.00166,-81.017058,90.1,6.15,-0.4,341.49,12.0,3D,2025-09-23 06:06:49-04:00,POINT (-81.017058 34.00166)
2025-09-22 21:42:44 UTC,sensor10,300372181,18.81,83.95,2025-09-23 10:06:54+00:00,34.001907,-81.017167,89.3,5.87,0.0,339.57,12.0,3D,2025-09-23 06:06:54-04:00,POINT (-81.017167 34.001907)
2025-09-22 21:42:49 UTC,sensor10,300372181,18.74,83.71,2025-09-23 10:06:59+00:00,34.002147,-81.017272,89.0,5.67,0.0,342.65,12.0,3D,2025-09-23 06:06:59-04:00,POINT (-81.017272 34.002147)
2025-09-22 21:42:54 UTC,sensor10,300372181,18.76,83.84,2025-09-23 10:07:04+00:00,34.002348,-81.017357,88.9,4.46,0.0,341.93,12.0,3D,2025-09-23 06:07:04-04:00,POINT (-81.017357 34.002348)
2025-09-22 21:42:59 UTC,sensor10,300372181,18.8,83.94,2025-09-23 10:07:09+00:00,34.002528,-81.017413,89.0,4.55,0.1,340.37,12.0,3D,2025-09-23 06:07:09-04:00,POINT (-81.017413 34.002528)
2025-09-22 21:43:04 UTC,sensor10,300372181,18.78,83.97,2025-09-23 10:07:14+00:00,34.002698,-81.017477,89.3,3.66,0.0,341.95,12.0,3D,2025-09-23 06:07:14-04:00,POINT (-81.017477 34.002698)
2025-09-22 21:43:09 UTC,sensor10,300372181,18.87,83.91,2025-09-23 10:07:19+00:00,34.002892,-81.017567,89.4,4.74,0.1,339.42,12.0,3D,2025-09-23 06:07:19-04:00,POINT (-81.017567 34.002892)
2025-09-22 21:43:14 UTC,sensor10,300372181,18.9,83.7,2025-09-23 10:07:24+00:00,34.0031,-81.017662,89.5,4.54,-0.1,342.38,12.0,3D,2025-09-23 06:07:24-04:00,POINT (-81.017662 34.0031)
2025-09-22 21:43:19 UTC,sensor10,300372181,18.93,83.4,2025-09-23 10:07:29+00:00,34.003342,-81.017795,89.1,4.66,0.1,334.37,12.0,3D,2025-09-23 06:07:29-04:00,POINT (-81.017795 34.003342)
2025-09-22 21:43:24 UTC,sensor10,300372181,19.0,83.38,2025-09-23 10:07:34+00:00,34.003545,-81.017898,89.3,4.9,0.0,339.34,12.0,3D,2025-09-23 06:07:34-04:00,POINT (-81.017898 34.003545)
2025-09-22 21:43:30 UTC,sensor10,300372181,18.76,83.43,2025-09-23 10:07:39+00:00,34.003762,-81.017987,89.5,5.31,0.0,342.65,12.0,3D,2025-09-23 06:07:39-04:00,POINT (-81.017987 34.003762)
2025-09-22 21:43:35 UTC,sensor10,300372181,18.66,83.93,2025-09-23 10:07:44+00:00,34.003978,-81.018087,89.8,5.08,0.1,339.25,12.0,3D,2025-09-23 06:07:44-04:00,POINT (-81.018087 34.003978)
2025-09-22 21:43:40 UTC,sensor10,300372181,18.43,84.43,2025-09-23 10:07:49+00:00,34.0042,-81.018193,90.5,5.49,0.3,340.26,12.0,3D,2025-09-23 06:07:49-04:00,POINT (-81.018193 34.0042)
2025-09-22 21:43:45 UTC,sensor10,300372181,18.32,85.21,2025-09-23 10:07:55+00:00,34.004445,-81.018302,92.4,4.52,0.4,0.0,12.0,3D,2025-09-23 06:07:55-04:00,POINT (-81.018302 34.004445)
2025-09-22 21:43:50 UTC,sensor10,300372181,18.39,85.69,2025-09-23 10:08:00+00:00,34.004652,-81.018392,93.7,4.92,0.4,0.0,12.0,3D,2025-09-23 06:08:00-04:00,POINT (-81.018392 34.004652)
2025-09-22 21:43:55 UTC,sensor10,300372181,18.47,85.73,2025-09-23 10:08:05+00:00,34.004873,-81.018498,94.8,5.38,0.2,0.0,12.0,3D,2025-09-23 06:08:05-04:00,POINT (-81.018498 34.004873)
2025-09-22 21:44:00 UTC,sensor10,300372181,18.57,85.6,2025-09-23 10:08:10+00:00,34.005085,-81.018602,95.9,4.96,0.2,338.23,12.0,3D,2025-09-23 06:08:10-04:00,POINT (-81.018602 34.005085)
2025-09-22 21:44:05 UTC,sensor10,300372181,18.52,85.56,2025-09-23 10:08:15+00:00,34.005283,-81.01869,97.0,4.52,0.2,336.75,12.0,3D,2025-09-23 06:08:15-04:00,POINT (-81.01869 34.005283)
2025-09-22 21:44:10 UTC,sensor10,300372181,18.61,85.58,2025-09-23 10:08:20+00:00,34.005498,-81.018795,97.9,4.45,0.3,337.98,12.0,3D,2025-09-23 06:08:20-04:00,POINT (-81.018795 34.005498)
2025-09-22 21:44:15 UTC,sensor10,300372181,18.66,85.22,2025-09-23 10:08:25+00:00,34.00567,-81.018865,99.0,2.77,0.2,339.69,12.0,3D,2025-09-23 06:08:25-04:00,POINT (-81.018865 34.00567)
2025-09-22 21:44:40 UTC,sensor10,300372181,18.88,84.51,2025-09-23 10:08:50+00:00,34.005842,-81.018915,96.7,3.02,-0.1,345.51,12.0,3D,2025-09-23 06:08:50-04:00,POINT (-81.018915 34.005842)
2025-09-22 21:44:45 UTC,sensor10,300372181,19.02,83.77,2025-09-23 10:08:55+00:00,34.00599,-81.018982,95.8,3.61,-0.2,341.04,12.0,3D,2025-09-23 06:08:55-04:00,POINT (-81.018982 34.00599)
2025-09-22 21:44:50 UTC,sensor10,300372181,19.04,83.28,2025-09-23 10:09:00+00:00,34.006168,-81.019063,94.8,4.78,-0.2,340.43,12.0,3D,2025-09-23 06:09:00-04:00,POINT (-81.019063 34.006168)
2025-09-22 21:44:55 UTC,sensor10,300372181,19.0,83.23,2025-09-23 10:09:05+00:00,34.006362,-81.01918,95.3,4.43,0.6,336.26,12.0,3D,2025-09-23 06:09:05-04:00,POINT (-81.01918 34.006362)
2025-09-22 21:45:00 UTC,sensor10,300372181,19.06,83.2,2025-09-23 10:09:10+00:00,34.00655,-81.019328,98.7,4.2,0.6,337.67,12.0,3D,2025-09-23 06:09:10-04:00,POINT (-81.019328 34.00655)
2025-09-22 21:45:05 UTC,sensor10,300372181,19.11,83.07,2025-09-23 10:09:15+00:00,34.00673,-81.019437,100.8,4.62,0.5,337.0,12.0,3D,2025-09-23 06:09:15-04:00,POINT (-81.019437 34.00673)
2025-09-22 21:45:10 UTC,sensor10,300372181,19.2,82.49,2025-09-23 10:09:20+00:00,34.006928,-81.01953,104.7,4.45,1.6,335.81,12.0,3D,2025-09-23 06:09:20-04:00,POINT (-81.01953 34.006928)
2025-09-22 21:45:15 UTC,sensor10,300372181,19.14,82.24,2025-09-23 10:09:25+00:00,34.007107,-81.019615,108.4,3.96,0.7,338.59,12.0,3D,2025-09-23 06:09:25-04:00,POINT (-81.019615 34.007107)
2025-09-22 21:45:20 UTC,sensor10,300372181,19.07,82.39,2025-09-23 10:09:30+00:00,34.00733,-81.01972,112.3,4.87,0.8,339.19,12.0,3D,2025-09-23 06:09:30-04:00,POINT (-81.01972 34.00733)
2025-09-22 21:45:26 UTC,sensor10,300372181,19.07,82.48,2025-09-23 10:09:35+00:00,34.00754,-81.019772,112.3,6.05,0.0,340.65,12.0,3D,2025-09-23 06:09:35-04:00,POINT (-81.019772 34.00754)
2025-09-22 21:45:31 UTC,sensor10,300372181,18.99,82.72,2025-09-23 10:09:40+00:00,34.0078,-81.019872,112.2,6.91,-0.1,334.47,12.0,3D,2025-09-23 06:09:40-04:00,POINT (-81.019872 34.0078)
2025-09-22 21:45:36 UTC,sensor10,300372181,18.9,83.0,2025-09-23 10:09:45+00:00,34.008083,-81.019993,112.1,7.16,-0.1,336.05,12.0,3D,2025-09-23 06:09:45-04:00,POINT (-81.019993 34.008083)
2025-09-22 21:45:41 UTC,sensor10,300372181,18.85,83.18,2025-09-23 10:09:51+00:00,34.008448,-81.02017,112.4,7.72,0.2,0.0,12.0,3D,2025-09-23 06:09:51-04:00,POINT (-81.02017 34.008448)
2025-09-22 21:45:46 UTC,sensor10,300372181,18.85,83.51,2025-09-23 10:09:56+00:00,34.00878,-81.020315,112.0,7.67,0.3,0.0,12.0,3D,2025-09-23 06:09:56-04:00,POINT (-81.020315 34.00878)
2025-09-22 21:45:51 UTC,sensor10,300372181,18.93,83.39,2025-09-23 10:10:01+00:00,34.00908,-81.020447,113.9,7.04,0.3,0.0,12.0,3D,2025-09-23 06:10:01-04:00,POINT (-81.020447 34.00908)
2025-09-22 21:45:56 UTC,sensor10,300372181,18.93,83.26,2025-09-23 10:10:06+00:00,34.009368,-81.020542,115.4,6.91,0.3,341.17,12.0,3D,2025-09-23 06:10:06-04:00,POINT (-81.020542 34.009368)
2025-09-22 21:46:01 UTC,sensor10,300372181,18.93,83.24,2025-09-23 10:10:11+00:00,34.009672,-81.020673,117.1,6.59,0.4,339.16,12.0,3D,2025-09-23 06:10:11-04:00,POINT (-81.020673 34.009672)
2025-09-22 21:46:06 UTC,sensor10,300372181,19.05,83.01,2025-09-23 10:10:16+00:00,34.009925,-81.020772,118.5,5.84,0.3,337.9,12.0,3D,2025-09-23 06:10:16-04:00,POINT (-81.020772 34.009925)
2025-09-22 21:46:11 UTC,sensor10,300372181,19.11,82.54,2025-09-23 10:10:21+00:00,34.010202,-81.020918,119.9,6.2,0.3,337.88,12.0,3D,2025-09-23 06:10:21-04:00,POINT (-81.020918 34.010202)
2025-09-22 21:46:16 UTC,sensor10,300372181,19.09,82.22,2025-09-23 10:10:26+00:00,34.010462,-81.02105,121.5,5.96,0.4,339.09,12.0,3D,2025-09-23 06:10:26-04:00,POINT (-81.02105 34.010462)
2025-09-22 21:46:21 UTC,sensor10,300372181,19.09,82.05,2025-09-23 10:10:31+00:00,34.010727,-81.021198,123.4,6.21,0.5,336.24,12.0,3D,2025-09-23 06:10:31-04:00,POINT (-81.021198 34.010727)
2025-09-22 21:46:26 UTC,sensor10,300372181,19.12,81.99,2025-09-23 10:10:36+00:00,34.01092,-81.021315,126.1,2.98,0.6,325.8,12.0,3D,2025-09-23 06:10:36-04:00,POINT (-81.021315 34.01092)
2025-09-22 21:47:11 UTC,sensor10,300372181,19.62,80.35,2025-09-23 10:11:21+00:00,34.011188,-81.021408,134.4,3.73,-0.2,346.32,12.0,3D,2025-09-23 06:11:21-04:00,POINT (-81.021408 34.011188)
2025-09-22 21:47:17 UTC,sensor10,300372181,19.66,80.05,2025-09-23 10:11:26+00:00,34.011378,-81.021488,132.7,5.96,-0.4,337.74,12.0,3D,2025-09-23 06:11:26-04:00,POINT (-81.021488 34.011378)
2025-09-22 21:47:22 UTC,sensor10,300372181,19.7,79.85,2025-09-23 10:11:31+00:00,34.011633,-81.021627,130.1,6.91,-0.3,333.13,12.0,3D,2025-09-23 06:11:31-04:00,POINT (-81.021627 34.011633)
2025-09-22 21:47:27 UTC,sensor10,300372181,19.66,79.65,2025-09-23 10:11:36+00:00,34.011905,-81.021772,128.1,6.78,-0.3,333.51,12.0,3D,2025-09-23 06:11:36-04:00,POINT (-81.021772 34.011905)
2025-09-22 21:47:32 UTC,sensor10,300372181,19.62,79.64,2025-09-23 10:11:42+00:00,34.012208,-81.021927,125.9,5.38,-0.3,0.0,12.0,3D,2025-09-23 06:11:42-04:00,POINT (-81.021927 34.012208)
2025-09-22 21:47:37 UTC,sensor10,300372181,19.52,80.02,2025-09-23 10:11:47+00:00,34.012368,-81.022025,123.7,3.68,-0.3,0.0,12.0,3D,2025-09-23 06:11:47-04:00,POINT (-81.022025 34.012368)
2025-09-22 21:47:42 UTC,sensor10,300372181,19.34,80.46,2025-09-23 10:11:52+00:00,34.012357,-81.022247,121.8,4.83,-0.3,0.0,12.0,3D,2025-09-23 06:11:52-04:00,POINT (-81.022247 34.012357)
2025-09-22 21:47:47 UTC,sensor10,300372181,19.23,80.8,2025-09-23 10:11:57+00:00,34.012273,-81.0225,120.1,5.12,-0.3,0.0,4.0,3D,2025-09-23 06:11:57-04:00,POINT (-81.0225 34.012273)
2025-09-22 21:47:52 UTC,sensor10,300372181,19.17,81.3,2025-09-23 10:12:02+00:00,34.01222,-81.02276,118.0,6.78,-0.5,0.0,4.0,3D,2025-09-23 06:12:02-04:00,POINT (-81.02276 34.01222)
2025-09-22 21:47:57 UTC,sensor10,300372181,19.03,81.79,2025-09-23 10:12:07+00:00,34.012125,-81.023038,116.0,6.74,-0.5,0.0,8.0,3D,2025-09-23 06:12:07-04:00,POINT (-81.023038 34.012125)
2025-09-22 21:48:02 UTC,sensor10,300372181,18.85,82.39,2025-09-23 10:12:12+00:00,34.012025,-81.02333,114.2,5.9,-0.3,0.0,12.0,3D,2025-09-23 06:12:12-04:00,POINT (-81.02333 34.012025)
2025-09-22 21:48:07 UTC,sensor10,300372181,18.71,83.02,2025-09-23 10:12:17+00:00,34.011928,-81.023628,112.9,5.49,-0.2,0.0,12.0,3D,2025-09-23 06:12:17-04:00,POINT (-81.023628 34.011928)
2025-09-22 21:48:12 UTC,sensor10,300372181,18.69,83.7,2025-09-23 10:12:22+00:00,34.01189,-81.023907,111.3,5.44,-0.6,247.74,12.0,3D,2025-09-23 06:12:22-04:00,POINT (-81.023907 34.01189)
2025-09-22 21:48:17 UTC,sensor10,300372181,18.7,83.34,2025-09-23 10:12:27+00:00,34.011797,-81.024183,110.1,5.19,-0.5,248.21,12.0,3D,2025-09-23 06:12:27-04:00,POINT (-81.024183 34.011797)
2025-09-22 21:48:22 UTC,sensor10,300372181,18.78,83.24,2025-09-23 10:12:32+00:00,34.01171,-81.024458,106.5,5.65,-0.7,249.05,12.0,3D,2025-09-23 06:12:32-04:00,POINT (-81.024458 34.01171)
2025-09-22 21:48:27 UTC,sensor10,300372181,18.84,83.37,2025-09-23 10:12:37+00:00,34.011617,-81.02476,105.6,6.49,-0.2,247.72,12.0,3D,2025-09-23 06:12:37-04:00,POINT (-81.02476 34.011617)
2025-09-22 21:48:32 UTC,sensor10,300372181,18.83,83.6,2025-09-23 10:12:42+00:00,34.01152,-81.025075,106.2,6.41,0.15,248.73,12.0,3D,2025-09-23 06:12:42-04:00,POINT (-81.025075 34.01152)
2025-09-22 21:48:37 UTC,sensor10,300372181,18.86,83.64,2025-09-23 10:12:47+00:00,34.011422,-81.02539,107.4,6.34,0.2,250.65,12.0,3D,2025-09-23 06:12:47-04:00,POINT (-81.02539 34.011422)
2025-09-22 21:48:42 UTC,sensor10,300372181,18.68,83.84,2025-09-23 10:12:52+00:00,34.01133,-81.025708,108.9,6.17,0.4,251.41,12.0,3D,2025-09-23 06:12:52-04:00,POINT (-81.025708 34.01133)
2025-09-22 21:48:47 UTC,sensor10,300372181,18.61,84.14,2025-09-23 10:12:57+00:00,34.011243,-81.02603,110.5,6.09,0.4,252.45,12.0,3D,2025-09-23 06:12:57-04:00,POINT (-81.02603 34.011243)
2025-09-22 21:48:52 UTC,sensor10,300372181,18.67,84.36,2025-09-23 10:13:02+00:00,34.011153,-81.026343,111.4,6.01,0.2,247.26,12.0,3D,2025-09-23 06:13:02-04:00,POINT (-81.026343 34.011153)
2025-09-22 21:48:57 UTC,sensor10,300372181,18.77,84.05,2025-09-23 10:13:07+00:00,34.01104,-81.026632,112.3,5.25,0.2,246.74,12.0,3D,2025-09-23 06:13:07-04:00,POINT (-81.026632 34.01104)
2025-09-22 21:49:02 UTC,sensor10,300372181,18.81,83.94,2025-09-23 10:13:12+00:00,34.011052,-81.026868,112.4,3.8,0.1,320.6,12.0,3D,2025-09-23 06:13:12-04:00,POINT (-81.026868 34.011052)
2025-09-22 21:49:08 UTC,sensor10,300372181,18.85,83.85,2025-09-23 10:13:17+00:00,34.011282,-81.02698,112.7,5.7,0.1,336.63,12.0,3D,2025-09-23 06:13:17-04:00,POINT (-81.02698 34.011282)
2025-09-22 21:49:13 UTC,sensor10,300372181,18.8,83.72,2025-09-23 10:13:22+00:00,34.01156,-81.027118,112.1,6.38,0.0,337.3,12.0,3D,2025-09-23 06:13:22-04:00,POINT (-81.027118 34.01156)
2025-09-22 21:49:18 UTC,sensor10,300372181,18.8,83.69,2025-09-23 10:13:27+00:00,34.011852,-81.027267,111.4,6.85,-0.1,337.9,12.0,3D,2025-09-23 06:13:27-04:00,POINT (-81.027267 34.011852)
2025-09-22 21:49:23 UTC,sensor10,300372181,18.84,83.74,2025-09-23 10:13:32+00:00,34.012097,-81.027383,111.0,4.85,-0.1,336.47,12.0,3D,2025-09-23 06:13:32-04:00,POINT (-81.027383 34.012097)
2025-09-22 21:49:28 UTC,sensor10,300372181,18.9,83.53,2025-09-23 10:13:38+00:00,34.012298,-81.02748,110.5,4.41,0.1,0.0,12.0,3D,2025-09-23 06:13:38-04:00,POINT (-81.02748 34.012298)
2025-09-22 21:49:33 UTC,sensor10,300372181,19.04,83.28,2025-09-23 10:13:43+00:00,34.012525,-81.027578,109.1,5.72,-0.1,0.0,12.0,3D,2025-09-23 06:13:43-04:00,POINT (-81.027578 34.012525)
2025-09-22 21:49:38 UTC,sensor10,300372181,19.03,83.08,2025-09-23 10:13:48+00:00,34.01279,-81.027698,107.8,6.52,-0.3,0.0,12.0,3D,2025-09-23 06:13:48-04:00,POINT (-81.027698 34.01279)
2025-09-22 21:49:43 UTC,sensor10,300372181,18.94,82.91,2025-09-23 10:13:53+00:00,34.013068,-81.02782,106.2,6.7,-0.4,340.7,12.0,3D,2025-09-23 06:13:53-04:00,POINT (-81.02782 34.013068)
2025-09-22 21:49:48 UTC,sensor10,300372181,18.92,83.23,2025-09-23 10:13:58+00:00,34.01336,-81.027952,104.9,7.08,-0.2,339.72,12.0,3D,2025-09-23 06:13:58-04:00,POINT (-81.027952 34.01336)
2025-09-22 21:49:53 UTC,sensor10,300372181,18.84,83.85,2025-09-23 10:14:03+00:00,34.013655,-81.02808,103.7,7.02,-0.2,340.45,12.0,3D,2025-09-23 06:14:03-04:00,POINT (-81.02808 34.013655)
2025-09-22 21:49:58 UTC,sensor10,300372181,18.76,84.03,2025-09-23 10:14:08+00:00,34.013948,-81.028213,102.8,7.27,-0.2,337.85,12.0,3D,2025-09-23 06:14:08-04:00,POINT (-81.028213 34.013948)
2025-09-22 21:50:03 UTC,sensor10,300372181,18.78,84.22,2025-09-23 10:14:13+00:00,34.014258,-81.028352,101.7,7.2,-0.2,339.68,12.0,3D,2025-09-23 06:14:13-04:00,POINT (-81.028352 34.014258)
2025-09-22 21:50:08 UTC,sensor10,300372181,18.75,83.97,2025-09-23 10:14:14+00:00,34.014318,-81.028377,101.5,6.88,-0.3,341.56,12.0,3D,2025-09-23 06:14:14-04:00,POINT (-81.028377 34.014318)
2025-09-22 21:50:13 UTC,sensor10,300372181,18.72,83.95,2025-09-23 10:14:22+00:00,34.014745,-81.028565,99.7,6.3,-0.23,0.0,16.0,3D,2025-09-23 06:14:22-04:00,POINT (-81.028565 34.014745)
2025-09-22 21:50:18 UTC,sensor10,300372181,18.6,84.05,2025-09-23 10:14:28+00:00,34.014903,-81.028645,98.9,3.57,-0.1,0.0,8.0,3D,2025-09-23 06:14:28-04:00,POINT (-81.028645 34.014903)
2025-09-22 21:50:23 UTC,sensor10,300372181,18.46,84.54,2025-09-23 10:14:28+00:00,34.014903,-81.028645,98.9,3.57,-0.1,0.0,8.0,3D,2025-09-23 06:14:28-04:00,POINT (-81.028645 34.014903)
2025-09-22 21:50:28 UTC,sensor10,300372181,18.33,85.14,2025-09-23 10:14:28+00:00,34.014903,-81.028645,98.9,3.57,-0.1,0.0,8.0,3D,2025-09-23 06:14:28-04:00,POINT (-81.028645 34.014903)
2025-09-22 21:50:33 UTC,sensor10,300372181,18.19,85.5,2025-09-23 10:14:28+00:00,34.014903,-81.028645,98.9,3.57,-0.1,0.0,8.0,3D,2025-09-23 06:14:28-04:00,POINT (-81.028645 34.014903)
2025-09-22 21:50:38 UTC,sensor10,300372181,18.16,85.81,2025-09-23 10:14:28+00:00,34.014903,-81.028645,98.9,3.57,-0.1,0.0,8.0,3D,2025-09-23 06:14:28-04:00,POINT (-81.028645 34.014903)
2025-09-22 21:50:43 UTC,sensor10,300372181,18.11,86.31,2025-09-23 10:14:28+00:00,34.014903,-81.028645,98.9,3.57,-0.1,0.0,8.0,3D,2025-09-23 06:14:28-04:00,POINT (-81.028645 34.014903)
2025-09-22 21:50:48 UTC,sensor10,300372181,18.07,86.53,2025-09-23 10:14:28+00:00,34.014903,-81.028645,98.9,3.57,-0.1,0.0,8.0,3D,2025-09-23 06:14:28-04:00,POINT (-81.028645 34.014903)
2025-09-22 21:50:53 UTC,sensor10,300372181,17.99,86.76,2025-09-23 10:14:28+00:00,34.014903,-81.028645,98.9,3.57,-0.1,0.0,8.0,3D,2025-09-23 06:14:28-04:00,POINT (-81.028645 34.014903)
2025-09-22 21:50:58 UTC,sensor10,300372181,17.92,87.11,2025-09-23 10:14:28+00:00,34.014903,-81.028645,98.9,3.57,-0.1,0.0,8.0,3D,2025-09-23 06:14:28-04:00,POINT (-81.028645 34.014903)
2025-09-22 21:51:04 UTC,sensor10,300372181,17.92,87.22,2025-09-23 10:14:28+00:00,34.014903,-81.028645,98.9,3.57,-0.1,0.0,8.0,3D,2025-09-23 06:14:28-04:00,POINT (-81.028645 34.014903)
2025-09-22 21:51:09 UTC,sensor10,300372181,17.79,87.69,2025-09-23 10:14:28+00:00,34.014903,-81.028645,98.9,3.57,-0.1,0.0,8.0,3D,2025-09-23 06:14:28-04:00,POINT (-81.028645 34.014903)
2025-09-22 21:51:14 UTC,sensor10,300372181,17.56,88.1,2025-09-23 10:14:28+00:00,34.014903,-81.028645,98.9,3.57,-0.1,0.0,8.0,3D,2025-09-23 06:14:28-04:00,POINT (-81.028645 34.014903)
2025-09-22 21:51:19 UTC,sensor10,300372181,17.45,88.61,2025-09-23 10:14:28+00:00,34.014903,-81.028645,98.9,3.57,-0.1,0.0,8.0,3D,2025-09-23 06:14:28-04:00,POINT (-81.028645 34.014903)
2025-09-22 21:51:24 UTC,sensor10,300372181,17.48,89.24,2025-09-23 10:14:28+00:00,34.014903,-81.028645,98.9,3.57,-0.1,0.0,8.0,3D,2025-09-23 06:14:28-04:00,POINT (-81.028645 34.014903)
2025-09-22 21:51:29 UTC,sensor10,300372181,17.5,89.82,2025-09-23 10:14:28+00:00,34.014903,-81.028645,98.9,3.57,-0.1,0.0,8.0,3D,2025-09-23 06:14:28-04:00,POINT (-81.028645 34.014903)
2025-09-22 21:51:34 UTC,sensor10,300372181,17.5,90.31,2025-09-23 10:14:28+00:00,34.014903,-81.028645,98.9,3.57,-0.1,0.0,8.0,3D,2025-09-23 06:14:28-04:00,POINT (-81.028645 34.014903)
2025-09-22 21:51:39 UTC,sensor10,300372181,17.35,90.56,2025-09-23 10:14:28+00:00,34.014903,-81.028645,98.9,3.57,-0.1,0.0,8.0,3D,2025-09-23 06:14:28-04:00,POINT (-81.028645 34.014903)
2025-09-22 21:51:44 UTC,sensor10,300372181,17.26,90.92,2025-09-23 10:14:28+00:00,34.014903,-81.028645,98.9,3.57,-0.1,0.0,8.0,3D,2025-09-23 06:14:28-04:00,POINT (-81.028645 34.014903)
2025-09-22 21:51:49 UTC,sensor10,300372181,17.19,91.19,2025-09-23 10:14:28+00:00,34.014903,-81.028645,98.9,3.57,-0.1,0.0,8.0,3D,2025-09-23 06:14:28-04:00,POINT (-81.028645 34.014903)
2025-09-22 21:51:54 UTC,sensor10,300372181,17.18,91.33,2025-09-23 10:14:28+00:00,34.014903,-81.028645,98.9,3.57,-0.1,0.0,8.0,3D,2025-09-23 06:14:28-04:00,POINT (-81.028645 34.014903)
2025-09-22 21:51:59 UTC,sensor10,300372181,17.07,91.2,2025-09-23 10:14:28+00:00,34.014903,-81.028645,98.9,3.57,-0.1,0.0,8.0,3D,2025-09-23 06:14:28-04:00,POINT (-81.028645 34.014903)
2025-09-22 21:52:04 UTC,sensor10,300372181,17.06,91.45,2025-09-23 10:14:28+00:00,34.014903,-81.028645,98.9,3.57,-0.1,0.0,8.0,3D,2025-09-23 06:14:28-04:00,POINT (-81.028645 34.014903)
2025-09-22 21:52:09 UTC,sensor10,300372181,17.02,91.74,2025-09-23 10:14:28+00:00,34.014903,-81.028645,98.9,3.57,-0.1,0.0,8.0,3D,2025-09-23 06:14:28-04:00,POINT (-81.028645 34.014903)
2025-09-22 21:52:14 UTC,sensor10,300372181,16.96,91.47,2025-09-23 10:14:28+00:00,34.014903,-81.028645,98.9,3.57,-0.1,0.0,8.0,3D,2025-09-23 06:14:28-04:00,POINT (-81.028645 34.014903)
2025-09-22 21:52:19 UTC,sensor10,300372181,17.03,91.57,2025-09-23 10:14:28+00:00,34.014903,-81.028645,98.9,3.57,-0.1,0.0,8.0,3D,2025-09-23 06:14:28-04:00,POINT (-81.028645 34.014903)
2025-09-22 21:52:24 UTC,sensor10,300372181,17.06,91.44,2025-09-23 10:14:28+00:00,34.014903,-81.028645,98.9,3.57,-0.1,0.0,8.0,3D,2025-09-23 06:14:28-04:00,POINT (-81.028645 34.014903)
2025-09-22 21:52:29 UTC,sensor10,300372181,17.16,91.52,2025-09-23 10:14:28+00:00,34.014903,-81.028645,98.9,3.57,-0.1,0.0,8.0,3D,2025-09-23 06:14:28-04:00,POINT (-81.028645 34.014903)
2025-09-22 21:52:34 UTC,sensor10,300372181,17.23,91.44,2025-09-23 10:14:28+00:00,34.014903,-81.028645,98.9,3.57,-0.1,0.0,8.0,3D,2025-09-23 06:14:28-04:00,POINT (-81.028645 34.014903)
2025-09-22 21:52:39 UTC,sensor10,300372181,17.34,91.32,2025-09-23 10:14:28+00:00,34.014903,-81.028645,98.9,3.57,-0.1,0.0,8.0,3D,2025-09-23 06:14:28-04:00,POINT (-81.028645 34.014903)
2025-09-22 21:52:44 UTC,sensor10,300372181,17.41,91.1,2025-09-23 10:14:28+00:00,34.014903,-81.028645,98.9,3.57,-0.1,0.0,8.0,3D,2025-09-23 06:14:28-04:00,POINT (-81.028645 34.014903)
2025-09-22 21:52:49 UTC,sensor10,300372181,17.44,91.02,2025-09-23 10:14:28+00:00,34.014903,-81.028645,98.9,3.57,-0.1,0.0,8.0,3D,2025-09-23 06:14:28-04:00,POINT (-81.028645 34.014903)
2025-09-22 21:52:54 UTC,sensor10,300372181,17.46,91.36,2025-09-23 10:14:28+00:00,34.014903,-81.028645,98.9,3.57,-0.1,0.0,8.0,3D,2025-09-23 06:14:28-04:00,POINT (-81.028645 34.014903)
2025-09-22 21:52:59 UTC,sensor10,300372181,17.44,91.5,2025-09-23 10:14:28+00:00,34.014903,-81.028645,98.9,3.57,-0.1,0.0,8.0,3D,2025-09-23 06:14:28-04:00,POINT (-81.028645 34.014903)
2025-09-22 21:53:05 UTC,sensor10,300372181,17.45,91.22,2025-09-23 10:14:28+00:00,34.014903,-81.028645,98.9,3.57,-0.1,0.0,8.0,3D,2025-09-23 06:14:28-04:00,POINT (-81.028645 34.014903)
2025-09-22 21:53:10 UTC,sensor10,300372181,17.47,90.92,2025-09-23 10:14:28+00:00,34.014903,-81.028645,98.9,3.57,-0.1,0.0,8.0,3D,2025-09-23 06:14:28-04:00,POINT (-81.028645 34.014903)
2025-09-22 21:53:15 UTC,sensor10,300372181,17.49,90.7,2025-09-23 10:14:28+00:00,34.014903,-81.028645,98.9,3.57,-0.1,0.0,8.0,3D,2025-09-23 06:14:28-04:00,POINT (-81.028645 34.014903)
2025-09-22 21:53:20 UTC,sensor10,300372181,17.4,90.45,2025-09-23 10:14:28+00:00,34.014903,-81.028645,98.9,3.57,-0.1,0.0,8.0,3D,2025-09-23 06:14:28-04:00,POINT (-81.028645 34.014903)
2025-09-22 21:53:25 UTC,sensor10,300372181,17.43,90.39,2025-09-23 10:14:28+00:00,34.014903,-81.028645,98.9,3.57,-0.1,0.0,8.0,3D,2025-09-23 06:14:28-04:00,POINT (-81.028645 34.014903)
2025-09-22 21:53:30 UTC,sensor10,300372181,17.38,90.35,2025-09-23 10:14:28+00:00,34.014903,-81.028645,98.9,3.57,-0.1,0.0,8.0,3D,2025-09-23 06:14:28-04:00,POINT (-81.028645 34.014903)
2025-09-22 21:53:35 UTC,sensor10,300372181,17.42,90.44,2025-09-23 10:14:28+00:00,34.014903,-81.028645,98.9,3.57,-0.1,0.0,8.0,3D,2025-09-23 06:14:28-04:00,POINT (-81.028645 34.014903)
2025-09-22 21:53:40 UTC,sensor10,300372181,17.47,90.42,2025-09-23 10:14:28+00:00,34.014903,-81.028645,98.9,3.57,-0.1,0.0,8.0,3D,2025-09-23 06:14:28-04:00,POINT (-81.028645 34.014903)
2025-09-22 21:53:45 UTC,sensor10,300372181,17.55,90.32,2025-09-23 10:14:28+00:00,34.014903,-81.028645,98.9,3.57,-0.1,0.0,8.0,3D,2025-09-23 06:14:28-04:00,POINT (-81.028645 34.014903)
2025-09-22 21:53:50 UTC,sensor10,300372181,17.65,90.11,2025-09-23 10:14:28+00:00,34.014903,-81.028645,98.9,3.57,-0.1,0.0,8.0,3D,2025-09-23 06:14:28-04:00,POINT (-81.028645 34.014903)
2025-09-22 21:53:55 UTC,sensor10,300372181,17.73,89.79,2025-09-23 10:14:28+00:00,34.014903,-81.028645,98.9,3.57,-0.1,0.0,8.0,3D,2025-09-23 06:14:28-04:00,POINT (-81.028645 34.014903)
2025-09-22 21:54:00 UTC,sensor10,300372181,17.86,89.21,2025-09-23 10:14:28+00:00,34.014903,-81.028645,98.9,3.57,-0.1,0.0,8.0,3D,2025-09-23 06:14:28-04:00,POINT (-81.028645 34.014903)
2025-09-22 21:54:05 UTC,sensor10,300372181,17.96,88.77,2025-09-23 10:14:28+00:00,34.014903,-81.028645,98.9,3.57,-0.1,0.0,8.0,3D,2025-09-23 06:14:28-04:00,POINT (-81.028645 34.014903)
2025-09-22 21:54:10 UTC,sensor10,300372181,17.98,88.57,2025-09-23 10:14:28+00:00,34.014903,-81.028645,98.9,3.57,-0.1,0.0,8.0,3D,2025-09-23 06:14:28-04:00,POINT (-81.028645 34.014903)
2025-09-22 21:54:15 UTC,sensor10,300372181,18.0,88.53,2025-09-23 10:14:28+00:00,34.014903,-81.028645,98.9,3.57,-0.1,0.0,8.0,3D,2025-09-23 06:14:28-04:00,POINT (-81.028645 34.014903)
2025-09-22 21:54:20 UTC,sensor10,300372181,17.99,88.49,2025-09-23 10:14:28+00:00,34.014903,-81.028645,98.9,3.57,-0.1,0.0,8.0,3D,2025-09-23 06:14:28-04:00,POINT (-81.028645 34.014903)
2025-09-22 21:54:25 UTC,sensor10,300372181,17.96,88.51,2025-09-23 10:14:28+00:00,34.014903,-81.028645,98.9,3.57,-0.1,0.0,8.0,3D,2025-09-23 06:14:28-04:00,POINT (-81.028645 34.014903)
2025-09-22 21:54:30 UTC,sensor10,300372181,18.03,88.63,2025-09-23 10:14:28+00:00,34.014903,-81.028645,98.9,3.57,-0.1,0.0,8.0,3D,2025-09-23 06:14:28-04:00,POINT (-81.028645 34.014903)
2025-09-22 21:54:35 UTC,sensor10,300372181,18.05,88.55,2025-09-23 10:14:28+00:00,34.014903,-81.028645,98.9,3.57,-0.1,0.0,8.0,3D,2025-09-23 06:14:28-04:00,POINT (-81.028645 34.014903)
2025-09-22 21:54:40 UTC,sensor10,300372181,18.08,88.39,2025-09-23 10:14:28+00:00,34.014903,-81.028645,98.9,3.57,-0.1,0.0,8.0,3D,2025-09-23 06:14:28-04:00,POINT (-81.028645 34.014903)
2025-09-22 21:54:45 UTC,sensor10,300372181,18.08,88.42,2025-09-23 10:14:28+00:00,34.014903,-81.028645,98.9,3.57,-0.1,0.0,8.0,3D,2025-09-23 06:14:28-04:00,POINT (-81.028645 34.014903)
2025-09-22 21:54:50 UTC,sensor10,300372181,18.08,88.52,2025-09-23 10:14:28+00:00,34.014903,-81.028645,98.9,3.57,-0.1,0.0,8.0,3D,2025-09-23 06:14:28-04:00,POINT (-81.028645 34.014903)
2025-09-22 21:54:55 UTC,sensor10,300372181,18.06,88.56,2025-09-23 10:14:28+00:00,34.014903,-81.028645,98.9,3.57,-0.1,0.0,8.0,3D,2025-09-23 06:14:28-04:00,POINT (-81.028645 34.014903)
2025-09-22 21:55:01 UTC,sensor10,300372181,18.1,88.37,2025-09-23 10:14:28+00:00,34.014903,-81.028645,98.9,3.57,-0.1,0.0,8.0,3D,2025-09-23 06:14:28-04:00,POINT (-81.028645 34.014903)
2025-09-22 21:55:06 UTC,sensor10,300372181,18.16,88.33,2025-09-23 10:14:28+00:00,34.014903,-81.028645,98.9,3.57,-0.1,0.0,8.0,3D,2025-09-23 06:14:28-04:00,POINT (-81.028645 34.014903)
2025-09-22 21:55:11 UTC,sensor10,300372181,18.19,88.11,2025-09-23 10:14:28+00:00,34.014903,-81.028645,98.9,3.57,-0.1,0.0,8.0,3D,2025-09-23 06:14:28-04:00,POINT (-81.028645 34.014903)
2025-09-22 21:55:16 UTC,sensor10,300372181,18.28,87.8,2025-09-23 10:14:28+00:00,34.014903,-81.028645,98.9,3.57,-0.1,0.0,8.0,3D,2025-09-23 06:14:28-04:00,POINT (-81.028645 34.014903)
2025-09-22 21:55:21 UTC,sensor10,300372181,18.36,87.63,2025-09-23 10:14:28+00:00,34.014903,-81.028645,98.9,3.57,-0.1,0.0,8.0,3D,2025-09-23 06:14:28-04:00,POINT (-81.028645 34.014903)
2025-09-22 21:55:26 UTC,sensor10,300372181,18.49,87.03,2025-09-23 10:14:28+00:00,34.014903,-81.028645,98.9,3.57,-0.1,0.0,8.0,3D,2025-09-23 06:14:28-04:00,POINT (-81.028645 34.014903)
2025-09-22 21:55:31 UTC,sensor10,300372181,18.59,86.13,2025-09-23 10:14:28+00:00,34.014903,-81.028645,98.9,3.57,-0.1,0.0,8.0,3D,2025-09-23 06:14:28-04:00,POINT (-81.028645 34.014903)
2025-09-22 21:55:36 UTC,sensor10,300372181,18.68,85.39,2025-09-23 10:14:28+00:00,34.014903,-81.028645,98.9,3.57,-0.1,0.0,8.0,3D,2025-09-23 06:14:28-04:00,POINT (-81.028645 34.014903)
2025-09-22 21:55:41 UTC,sensor10,300372181,18.72,85.19,2025-09-23 10:14:28+00:00,34.014903,-81.028645,98.9,3.57,-0.1,0.0,8.0,3D,2025-09-23 06:14:28-04:00,POINT (-81.028645 34.014903)
2025-09-22 21:55:46 UTC,sensor10,300372181,18.7,85.22,2025-09-23 10:14:28+00:00,34.014903,-81.028645,98.9,3.57,-0.1,0.0,8.0,3D,2025-09-23 06:14:28-04:00,POINT (-81.028645 34.014903)
2025-09-22 21:55:51 UTC,sensor10,300372181,18.72,85.39,2025-09-23 10:14:28+00:00,34.014903,-81.028645,98.9,3.57,-0.1,0.0,8.0,3D,2025-09-23 06:14:28-04:00,POINT (-81.028645 34.014903)
2025-09-22 21:55:56 UTC,sensor10,300372181,18.7,85.27,2025-09-23 10:14:28+00:00,34.014903,-81.028645,98.9,3.57,-0.1,0.0,8.0,3D,2025-09-23 06:14:28-04:00,POINT (-81.028645 34.014903)
2025-09-22 21:56:01 UTC,sensor10,300372181,18.77,84.98,2025-09-23 10:14:28+00:00,34.014903,-81.028645,98.9,3.57,-0.1,0.0,8.0,3D,2025-09-23 06:14:28-04:00,POINT (-81.028645 34.014903)
2025-09-22 21:56:06 UTC,sensor10,300372181,18.85,84.67,2025-09-23 10:14:28+00:00,34.014903,-81.028645,98.9,3.57,-0.1,0.0,8.0,3D,2025-09-23 06:14:28-04:00,POINT (-81.028645 34.014903)
2025-09-22 21:56:11 UTC,sensor10,300372181,18.93,84.31,2025-09-23 10:14:28+00:00,34.014903,-81.028645,98.9,3.57,-0.1,0.0,8.0,3D,2025-09-23 06:14:28-04:00,POINT (-81.028645 34.014903)
2025-09-22 21:56:16 UTC,sensor10,300372181,18.94,84.13,2025-09-23 10:14:28+00:00,34.014903,-81.028645,98.9,3.57,-0.1,0.0,8.0,3D,2025-09-23 06:14:28-04:00,POINT (-81.028645 34.014903)
2025-09-22 21:56:21 UTC,sensor10,300372181,19.04,84.09,2025-09-23 10:14:28+00:00,34.014903,-81.028645,98.9,3.57,-0.1,0.0,8.0,3D,2025-09-23 06:14:28-04:00,POINT (-81.028645 34.014903)
2025-09-22 21:56:26 UTC,sensor10,300372181,18.88,84.13,2025-09-23 10:14:28+00:00,34.014903,-81.028645,98.9,3.57,-0.1,0.0,8.0,3D,2025-09-23 06:14:28-04:00,POINT (-81.028645 34.014903)
2025-09-22 21:56:31 UTC,sensor10,300372181,18.72,84.46,2025-09-23 10:14:28+00:00,34.014903,-81.028645,98.9,3.57,-0.1,0.0,8.0,3D,2025-09-23 06:14:28-04:00,POINT (-81.028645 34.014903)
2025-09-22 21:56:36 UTC,sensor10,300372181,18.58,84.86,2025-09-23 10:14:28+00:00,34.014903,-81.028645,98.9,3.57,-0.1,0.0,8.0,3D,2025-09-23 06:14:28-04:00,POINT (-81.028645 34.014903)
2025-09-22 21:56:41 UTC,sensor10,300372181,18.46,85.4,2025-09-23 10:14:28+00:00,34.014903,-81.028645,98.9,3.57,-0.1,0.0,8.0,3D,2025-09-23 06:14:28-04:00,POINT (-81.028645 34.014903)
2025-09-22 21:56:47 UTC,sensor10,300372181,18.39,85.89,2025-09-23 10:14:28+00:00,34.014903,-81.028645,98.9,3.57,-0.1,0.0,8.0,3D,2025-09-23 06:14:28-04:00,POINT (-81.028645 34.014903)
2025-09-22 21:56:52 UTC,sensor10,300372181,18.29,86.26,2025-09-23 10:14:28+00:00,34.014903,-81.028645,98.9,3.57,-0.1,0.0,8.0,3D,2025-09-23 06:14:28-04:00,POINT (-81.028645 34.014903)
2025-09-22 21:56:57 UTC,sensor10,300372181,18.21,86.58,2025-09-23 10:14:28+00:00,34.014903,-81.028645,98.9,3.57,-0.1,0.0,8.0,3D,2025-09-23 06:14:28-04:00,POINT (-81.028645 34.014903)
2025-09-22 21:57:02 UTC,sensor10,300372181,18.18,86.84,2025-09-23 10:14:28+00:00,34.014903,-81.028645,98.9,3.57,-0.1,0.0,8.0,3D,2025-09-23 06:14:28-04:00,POINT (-81.028645 34.014903)
2025-09-22 21:57:07 UTC,sensor10,300372181,18.11,86.99,2025-09-23 10:14:28+00:00,34.014903,-81.028645,98.9,3.57,-0.1,0.0,8.0,3D,2025-09-23 06:14:28-04:00,POINT (-81.028645 34.014903)
2025-09-22 21:57:12 UTC,sensor10,300372181,18.15,87.21,2025-09-23 10:14:28+00:00,34.014903,-81.028645,98.9,3.57,-0.1,0.0,8.0,3D,2025-09-23 06:14:28-04:00,POINT (-81.028645 34.014903)
2025-09-22 21:57:17 UTC,sensor10,300372181,18.12,87.32,2025-09-23 10:14:28+00:00,34.014903,-81.028645,98.9,3.57,-0.1,0.0,8.0,3D,2025-09-23 06:14:28-04:00,POINT (-81.028645 34.014903)
2025-09-22 21:57:22 UTC,sensor10,300372181,18.0,87.6,2025-09-23 10:14:28+00:00,34.014903,-81.028645,98.9,3.57,-0.1,0.0,8.0,3D,2025-09-23 06:14:28-04:00,POINT (-81.028645 34.014903)
2025-09-22 21:57:27 UTC,sensor10,300372181,17.98,87.88,2025-09-23 10:14:28+00:00,34.014903,-81.028645,98.9,3.57,-0.1,0.0,8.0,3D,2025-09-23 06:14:28-04:00,POINT (-81.028645 34.014903)
2025-09-22 21:57:32 UTC,sensor10,300372181,17.91,88.04,2025-09-23 10:14:28+00:00,34.014903,-81.028645,98.9,3.57,-0.1,0.0,8.0,3D,2025-09-23 06:14:28-04:00,POINT (-81.028645 34.014903)
2025-09-22 21:57:37 UTC,sensor10,300372181,17.86,88.27,2025-09-23 10:14:28+00:00,34.014903,-81.028645,98.9,3.57,-0.1,0.0,8.0,3D,2025-09-23 06:14:28-04:00,POINT (-81.028645 34.014903)
2025-09-22 21:57:42 UTC,sensor10,300372181,17.92,88.4,2025-09-23 10:14:28+00:00,34.014903,-81.028645,98.9,3.57,-0.1,0.0,8.0,3D,2025-09-23 06:14:28-04:00,POINT (-81.028645 34.014903)
2025-09-22 21:57:47 UTC,sensor10,300372181,17.93,88.38,2025-09-23 10:14:28+00:00,34.014903,-81.028645,98.9,3.57,-0.1,0.0,8.0,3D,2025-09-23 06:14:28-04:00,POINT (-81.028645 34.014903)
2025-09-22 21:57:52 UTC,sensor10,300372181,17.99,88.31,2025-09-23 10:14:28+00:00,34.014903,-81.028645,98.9,3.57,-0.1,0.0,8.0,3D,2025-09-23 06:14:28-04:00,POINT (-81.028645 34.014903)
2025-09-22 21:57:57 UTC,sensor10,300372181,18.03,88.05,2025-09-23 10:14:28+00:00,34.014903,-81.028645,98.9,3.57,-0.1,0.0,8.0,3D,2025-09-23 06:14:28-04:00,POINT (-81.028645 34.014903)
2025-09-22 21:58:02 UTC,sensor10,300372181,18.07,87.89,2025-09-23 10:14:28+00:00,34.014903,-81.028645,98.9,3.57,-0.1,0.0,8.0,3D,2025-09-23 06:14:28-04:00,POINT (-81.028645 34.014903)
2025-09-22 21:58:07 UTC,sensor10,300372181,18.16,87.8,2025-09-23 10:14:28+00:00,34.014903,-81.028645,98.9,3.57,-0.1,0.0,8.0,3D,2025-09-23 06:14:28-04:00,POINT (-81.028645 34.014903)
2025-09-22 21:58:13 UTC,sensor10,300372181,18.18,87.53,2025-09-23 10:14:28+00:00,34.014903,-81.028645,98.9,3.57,-0.1,0.0,8.0,3D,2025-09-23 06:14:28-04:00,POINT (-81.028645 34.014903)
2025-09-22 21:58:18 UTC,sensor10,300372181,18.21,87.37,2025-09-23 10:14:28+00:00,34.014903,-81.028645,98.9,3.57,-0.1,0.0,8.0,3D,2025-09-23 06:14:28-04:00,POINT (-81.028645 34.014903)
2025-09-22 21:58:23 UTC,sensor10,300372181,18.3,87.04,2025-09-23 10:14:28+00:00,34.014903,-81.028645,98.9,3.57,-0.1,0.0,8.0,3D,2025-09-23 06:14:28-04:00,POINT (-81.028645 34.014903)
2025-09-22 21:58:28 UTC,sensor10,300372181,18.33,86.66,2025-09-23 10:14:28+00:00,34.014903,-81.028645,98.9,3.57,-0.1,0.0,8.0,3D,2025-09-23 06:14:28-04:00,POINT (-81.028645 34.014903)
2025-09-22 21:58:33 UTC,sensor10,300372181,18.36,86.48,2025-09-23 10:14:28+00:00,34.014903,-81.028645,98.9,3.57,-0.1,0.0,8.0,3D,2025-09-23 06:14:28-04:00,POINT (-81.028645 34.014903)
2025-09-22 21:58:38 UTC,sensor10,300372181,18.35,86.3,2025-09-23 10:14:28+00:00,34.014903,-81.028645,98.9,3.57,-0.1,0.0,8.0,3D,2025-09-23 06:14:28-04:00,POINT (-81.028645 34.014903)
2025-09-22 21:58:43 UTC,sensor10,300372181,18.39,86.0,2025-09-23 10:14:28+00:00,34.014903,-81.028645,98.9,3.57,-0.1,0.0,8.0,3D,2025-09-23 06:14:28-04:00,POINT (-81.028645 34.014903)
2025-09-22 21:58:48 UTC,sensor10,300372181,18.36,85.92,2025-09-23 10:14:28+00:00,34.014903,-81.028645,98.9,3.57,-0.1,0.0,8.0,3D,2025-09-23 06:14:28-04:00,POINT (-81.028645 34.014903)
2025-09-22 21:58:53 UTC,sensor10,300372181,18.29,86.03,2025-09-23 10:14:28+00:00,34.014903,-81.028645,98.9,3.57,-0.1,0.0,8.0,3D,2025-09-23 06:14:28-04:00,POINT (-81.028645 34.014903)
2025-09-22 21:58:58 UTC,sensor10,300372181,18.3,86.16,2025-09-23 10:14:28+00:00,34.014903,-81.028645,98.9,3.57,-0.1,0.0,8.0,3D,2025-09-23 06:14:28-04:00,POINT (-81.028645 34.014903)
2025-09-22 21:59:03 UTC,sensor10,300372181,18.3,86.18,2025-09-23 10:14:28+00:00,34.014903,-81.028645,98.9,3.57,-0.1,0.0,8.0,3D,2025-09-23 06:14:28-04:00,POINT (-81.028645 34.014903)
2025-09-22 21:59:08 UTC,sensor10,300372181,18.32,86.46,2025-09-23 10:14:28+00:00,34.014903,-81.028645,98.9,3.57,-0.1,0.0,8.0,3D,2025-09-23 06:14:28-04:00,POINT (-81.028645 34.014903)
2025-09-22 21:59:13 UTC,sensor10,300372181,18.34,86.48,2025-09-23 10:14:28+00:00,34.014903,-81.028645,98.9,3.57,-0.1,0.0,8.0,3D,2025-09-23 06:14:28-04:00,POINT (-81.028645 34.014903)
2025-09-22 21:59:18 UTC,sensor10,300372181,18.4,86.26,2025-09-23 10:14:28+00:00,34.014903,-81.028645,98.9,3.57,-0.1,0.0,8.0,3D,2025-09-23 06:14:28-04:00,POINT (-81.028645 34.014903)
2025-09-22 21:59:23 UTC,sensor10,300372181,18.51,86.02,2025-09-23 10:14:28+00:00,34.014903,-81.028645,98.9,3.57,-0.1,0.0,8.0,3D,2025-09-23 06:14:28-04:00,POINT (-81.028645 34.014903)
2025-09-22 21:59:28 UTC,sensor10,300372181,18.65,85.54,2025-09-23 10:14:28+00:00,34.014903,-81.028645,98.9,3.57,-0.1,0.0,8.0,3D,2025-09-23 06:14:28-04:00,POINT (-81.028645 34.014903)
2025-09-22 21:59:33 UTC,sensor10,300372181,18.67,85.14,2025-09-23 10:14:28+00:00,34.014903,-81.028645,98.9,3.57,-0.1,0.0,8.0,3D,2025-09-23 06:14:28-04:00,POINT (-81.028645 34.014903)
2025-09-22 21:59:38 UTC,sensor10,300372181,18.48,85.39,2025-09-23 10:14:28+00:00,34.014903,-81.028645,98.9,3.57,-0.1,0.0,8.0,3D,2025-09-23 06:14:28-04:00,POINT (-81.028645 34.014903)
2025-09-22 21:59:43 UTC,sensor10,300372181,18.16,86.03,2025-09-23 10:14:28+00:00,34.014903,-81.028645,98.9,3.57,-0.1,0.0,8.0,3D,2025-09-23 06:14:28-04:00,POINT (-81.028645 34.014903)
2025-09-22 21:59:48 UTC,sensor10,300372181,17.99,86.96,2025-09-23 10:14:28+00:00,34.014903,-81.028645,98.9,3.57,-0.1,0.0,8.0,3D,2025-09-23 06:14:28-04:00,POINT (-81.028645 34.014903)
2025-09-22 21:59:53 UTC,sensor10,300372181,17.9,87.62,2025-09-23 10:14:28+00:00,34.014903,-81.028645,98.9,3.57,-0.1,0.0,8.0,3D,2025-09-23 06:14:28-04:00,POINT (-81.028645 34.014903)
2025-09-22 21:59:58 UTC,sensor10,300372181,17.85,87.99,2025-09-23 10:14:28+00:00,34.014903,-81.028645,98.9,3.57,-0.1,0.0,8.0,3D,2025-09-23 06:14:28-04:00,POINT (-81.028645 34.014903)
2025-09-22 22:00:03 UTC,sensor10,300372181,17.86,88.17,2025-09-23 10:14:28+00:00,34.014903,-81.028645,98.9,3.57,-0.1,0.0,8.0,3D,2025-09-23 06:14:28-04:00,POINT (-81.028645 34.014903)
2025-09-22 22:00:09 UTC,sensor10,300372181,17.78,88.26,2025-09-23 10:14:28+00:00,34.014903,-81.028645,98.9,3.57,-0.1,0.0,8.0,3D,2025-09-23 06:14:28-04:00,POINT (-81.028645 34.014903)
2025-09-22 22:00:14 UTC,sensor10,300372181,17.68,88.38,2025-09-23 10:14:28+00:00,34.014903,-81.028645,98.9,3.57,-0.1,0.0,8.0,3D,2025-09-23 06:14:28-04:00,POINT (-81.028645 34.014903)
2025-09-22 22:00:19 UTC,sensor10,300372181,17.66,88.63,2025-09-23 10:14:28+00:00,34.014903,-81.028645,98.9,3.57,-0.1,0.0,8.0,3D,2025-09-23 06:14:28-04:00,POINT (-81.028645 34.014903)
2025-09-22 22:00:24 UTC,sensor10,300372181,17.64,88.8,2025-09-23 10:14:28+00:00,34.014903,-81.028645,98.9,3.57,-0.1,0.0,8.0,3D,2025-09-23 06:14:28-04:00,POINT (-81.028645 34.014903)
2025-09-22 22:00:29 UTC,sensor10,300372181,17.56,88.93,2025-09-23 10:14:28+00:00,34.014903,-81.028645,98.9,3.57,-0.1,0.0,8.0,3D,2025-09-23 06:14:28-04:00,POINT (-81.028645 34.014903)
2025-09-22 22:00:34 UTC,sensor10,300372181,17.53,89.23,2025-09-23 10:14:28+00:00,34.014903,-81.028645,98.9,3.57,-0.1,0.0,8.0,3D,2025-09-23 06:14:28-04:00,POINT (-81.028645 34.014903)
2025-09-22 22:00:39 UTC,sensor10,300372181,17.53,89.59,2025-09-23 10:14:28+00:00,34.014903,-81.028645,98.9,3.57,-0.1,0.0,8.0,3D,2025-09-23 06:14:28-04:00,POINT (-81.028645 34.014903)
2025-09-22 22:00:44 UTC,sensor10,300372181,17.48,89.71,2025-09-23 10:14:28+00:00,34.014903,-81.028645,98.9,3.57,-0.1,0.0,8.0,3D,2025-09-23 06:14:28-04:00,POINT (-81.028645 34.014903)
2025-09-22 22:00:49 UTC,sensor10,300372181,17.51,89.85,2025-09-23 10:14:28+00:00,34.014903,-81.028645,98.9,3.57,-0.1,0.0,8.0,3D,2025-09-23 06:14:28-04:00,POINT (-81.028645 34.014903)
2025-09-22 22:00:54 UTC,sensor10,300372181,17.51,89.86,2025-09-23 10:14:28+00:00,34.014903,-81.028645,98.9,3.57,-0.1,0.0,8.0,3D,2025-09-23 06:14:28-04:00,POINT (-81.028645 34.014903)
2025-09-22 22:00:59 UTC,sensor10,300372181,17.57,89.86,2025-09-23 10:14:28+00:00,34.014903,-81.028645,98.9,3.57,-0.1,0.0,8.0,3D,2025-09-23 06:14:28-04:00,POINT (-81.028645 34.014903)
2025-09-22 22:01:04 UTC,sensor10,300372181,17.61,89.77,2025-09-23 10:14:28+00:00,34.014903,-81.028645,98.9,3.57,-0.1,0.0,8.0,3D,2025-09-23 06:14:28-04:00,POINT (-81.028645 34.014903)
2025-09-22 22:01:09 UTC,sensor10,300372181,17.65,89.69,2025-09-23 10:14:28+00:00,34.014903,-81.028645,98.9,3.57,-0.1,0.0,8.0,3D,2025-09-23 06:14:28-04:00,POINT (-81.028645 34.014903)
2025-09-22 22:01:14 UTC,sensor10,300372181,17.7,89.55,2025-09-23 10:14:28+00:00,34.014903,-81.028645,98.9,3.57,-0.1,0.0,8.0,3D,2025-09-23 06:14:28-04:00,POINT (-81.028645 34.014903)
2025-09-22 22:01:19 UTC,sensor10,300372181,17.73,89.47,2025-09-23 10:14:28+00:00,34.014903,-81.028645,98.9,3.57,-0.1,0.0,8.0,3D,2025-09-23 06:14:28-04:00,POINT (-81.028645 34.014903)
2025-09-22 22:01:24 UTC,sensor10,300372181,17.7,89.19,2025-09-23 10:14:28+00:00,34.014903,-81.028645,98.9,3.57,-0.1,0.0,8.0,3D,2025-09-23 06:14:28-04:00,POINT (-81.028645 34.014903)
2025-09-22 22:01:29 UTC,sensor10,300372181,17.66,89.04,2025-09-23 10:14:28+00:00,34.014903,-81.028645,98.9,3.57,-0.1,0.0,8.0,3D,2025-09-23 06:14:28-04:00,POINT (-81.028645 34.014903)
2025-09-22 22:01:34 UTC,sensor10,300372181,17.64,89.26,2025-09-23 10:14:28+00:00,34.014903,-81.028645,98.9,3.57,-0.1,0.0,8.0,3D,2025-09-23 06:14:28-04:00,POINT (-81.028645 34.014903)
2025-09-22 22:01:39 UTC,sensor10,300372181,17.64,89.39,2025-09-23 10:14:28+00:00,34.014903,-81.028645,98.9,3.57,-0.1,0.0,8.0,3D,2025-09-23 06:14:28-04:00,POINT (-81.028645 34.014903)
2025-09-22 22:01:44 UTC,sensor10,300372181,17.64,89.39,2025-09-23 10:14:28+00:00,34.014903,-81.028645,98.9,3.57,-0.1,0.0,8.0,3D,2025-09-23 06:14:28-04:00,POINT (-81.028645 34.014903)
2025-09-22 22:01:49 UTC,sensor10,300372181,17.64,89.43,2025-09-23 10:14:28+00:00,34.014903,-81.028645,98.9,3.57,-0.1,0.0,8.0,3D,2025-09-23 06:14:28-04:00,POINT (-81.028645 34.014903)
2025-09-22 22:01:54 UTC,sensor10,300372181,17.63,89.44,2025-09-23 10:14:28+00:00,34.014903,-81.028645,98.9,3.57,-0.1,0.0,8.0,3D,2025-09-23 06:14:28-04:00,POINT (-81.028645 34.014903)
2025-09-22 22:01:59 UTC,sensor10,300372181,17.61,89.44,2025-09-23 10:14:28+00:00,34.014903,-81.028645,98.9,3.57,-0.1,0.0,8.0,3D,2025-09-23 06:14:28-04:00,POINT (-81.028645 34.014903)
2025-09-22 22:02:05 UTC,sensor10,300372181,17.59,89.49,2025-09-23 10:14:28+00:00,34.014903,-81.028645,98.9,3.57,-0.1,0.0,8.0,3D,2025-09-23 06:14:28-04:00,POINT (-81.028645 34.014903)
2025-09-22 22:02:10 UTC,sensor10,300372181,17.6,89.53,2025-09-23 10:14:28+00:00,34.014903,-81.028645,98.9,3.57,-0.1,0.0,8.0,3D,2025-09-23 06:14:28-04:00,POINT (-81.028645 34.014903)
2025-09-22 22:02:15 UTC,sensor10,300372181,17.63,89.64,2025-09-23 10:14:28+00:00,34.014903,-81.028645,98.9,3.57,-0.1,0.0,8.0,3D,2025-09-23 06:14:28-04:00,POINT (-81.028645 34.014903)
2025-09-22 22:02:20 UTC,sensor10,300372181,17.61,89.66,2025-09-23 10:14:28+00:00,34.014903,-81.028645,98.9,3.57,-0.1,0.0,8.0,3D,2025-09-23 06:14:28-04:00,POINT (-81.028645 34.014903)
2025-09-22 22:02:25 UTC,sensor10,300372181,17.68,89.69,2025-09-23 10:14:28+00:00,34.014903,-81.028645,98.9,3.57,-0.1,0.0,8.0,3D,2025-09-23 06:14:28-04:00,POINT (-81.028645 34.014903)
2025-09-22 22:02:30 UTC,sensor10,300372181,17.82,89.48,2025-09-23 10:14:28+00:00,34.014903,-81.028645,98.9,3.57,-0.1,0.0,8.0,3D,2025-09-23 06:14:28-04:00,POINT (-81.028645 34.014903)
2025-09-22 22:02:35 UTC,sensor10,300372181,17.89,89.12,2025-09-23 10:14:28+00:00,34.014903,-81.028645,98.9,3.57,-0.1,0.0,8.0,3D,2025-09-23 06:14:28-04:00,POINT (-81.028645 34.014903)
2025-09-22 22:02:40 UTC,sensor10,300372181,17.95,88.74,2025-09-23 10:14:28+00:00,34.014903,-81.028645,98.9,3.57,-0.1,0.0,8.0,3D,2025-09-23 06:14:28-04:00,POINT (-81.028645 34.014903)
2025-09-22 22:02:45 UTC,sensor10,300372181,18.01,88.4,2025-09-23 10:14:28+00:00,34.014903,-81.028645,98.9,3.57,-0.1,0.0,8.0,3D,2025-09-23 06:14:28-04:00,POINT (-81.028645 34.014903)
2025-09-22 22:02:50 UTC,sensor10,300372181,18.19,88.12,2025-09-23 10:14:28+00:00,34.014903,-81.028645,98.9,3.57,-0.1,0.0,8.0,3D,2025-09-23 06:14:28-04:00,POINT (-81.028645 34.014903)
2025-09-22 22:02:55 UTC,sensor10,300372181,18.33,87.68,2025-09-23 10:14:28+00:00,34.014903,-81.028645,98.9,3.57,-0.1,0.0,8.0,3D,2025-09-23 06:14:28-04:00,POINT (-81.028645 34.014903)
2025-09-22 22:03:00 UTC,sensor10,300372181,18.45,86.91,2025-09-23 10:14:28+00:00,34.014903,-81.028645,98.9,3.57,-0.1,0.0,8.0,3D,2025-09-23 06:14:28-04:00,POINT (-81.028645 34.014903)
2025-09-22 22:03:05 UTC,sensor10,300372181,18.52,86.25,2025-09-23 10:14:28+00:00,34.014903,-81.028645,98.9,3.57,-0.1,0.0,8.0,3D,2025-09-23 06:14:28-04:00,POINT (-81.028645 34.014903)
2025-09-22 22:03:10 UTC,sensor10,300372181,18.6,85.95,2025-09-23 10:14:28+00:00,34.014903,-81.028645,98.9,3.57,-0.1,0.0,8.0,3D,2025-09-23 06:14:28-04:00,POINT (-81.028645 34.014903)
2025-09-22 22:03:15 UTC,sensor10,300372181,18.71,85.79,2025-09-23 10:14:28+00:00,34.014903,-81.028645,98.9,3.57,-0.1,0.0,8.0,3D,2025-09-23 06:14:28-04:00,POINT (-81.028645 34.014903)
2025-09-22 22:03:20 UTC,sensor10,300372181,18.8,85.72,2025-09-23 10:14:28+00:00,34.014903,-81.028645,98.9,3.57,-0.1,0.0,8.0,3D,2025-09-23 06:14:28-04:00,POINT (-81.028645 34.014903)
2025-09-22 22:03:25 UTC,sensor10,300372181,18.85,85.55,2025-09-23 10:14:28+00:00,34.014903,-81.028645,98.9,3.57,-0.1,0.0,8.0,3D,2025-09-23 06:14:28-04:00,POINT (-81.028645 34.014903)
2025-09-22 22:03:30 UTC,sensor10,300372181,18.85,85.24,2025-09-23 10:14:28+00:00,34.014903,-81.028645,98.9,3.57,-0.1,0.0,8.0,3D,2025-09-23 06:14:28-04:00,POINT (-81.028645 34.014903)
2025-09-22 22:03:35 UTC,sensor10,300372181,18.86,85.02,2025-09-23 10:14:28+00:00,34.014903,-81.028645,98.9,3.57,-0.1,0.0,8.0,3D,2025-09-23 06:14:28-04:00,POINT (-81.028645 34.014903)
2025-09-22 22:03:40 UTC,sensor10,300372181,18.89,85.02,2025-09-23 10:14:28+00:00,34.014903,-81.028645,98.9,3.57,-0.1,0.0,8.0,3D,2025-09-23 06:14:28-04:00,POINT (-81.028645 34.014903)
2025-09-22 22:03:45 UTC,sensor10,300372181,18.95,84.98,2025-09-23 10:14:28+00:00,34.014903,-81.028645,98.9,3.57,-0.1,0.0,8.0,3D,2025-09-23 06:14:28-04:00,POINT (-81.028645 34.014903)
2025-09-22 22:03:50 UTC,sensor10,300372181,19.01,84.67,2025-09-23 10:14:28+00:00,34.014903,-81.028645,98.9,3.57,-0.1,0.0,8.0,3D,2025-09-23 06:14:28-04:00,POINT (-81.028645 34.014903)
2025-09-22 22:03:55 UTC,sensor10,300372181,19.03,84.45,2025-09-23 10:14:28+00:00,34.014903,-81.028645,98.9,3.57,-0.1,0.0,8.0,3D,2025-09-23 06:14:28-04:00,POINT (-81.028645 34.014903)
2025-09-22 22:04:00 UTC,sensor10,300372181,19.03,84.36,2025-09-23 10:14:28+00:00,34.014903,-81.028645,98.9,3.57,-0.1,0.0,8.0,3D,2025-09-23 06:14:28-04:00,POINT (-81.028645 34.014903)
2025-09-22 22:04:06 UTC,sensor10,300372181,19.05,84.39,2025-09-23 10:14:28+00:00,34.014903,-81.028645,98.9,3.57,-0.1,0.0,8.0,3D,2025-09-23 06:14:28-04:00,POINT (-81.028645 34.014903)
2025-09-22 22:04:11 UTC,sensor10,300372181,19.03,84.6,2025-09-23 10:14:28+00:00,34.014903,-81.028645,98.9,3.57,-0.1,0.0,8.0,3D,2025-09-23 06:14:28-04:00,POINT (-81.028645 34.014903)
2025-09-22 22:04:16 UTC,sensor10,300372181,19.06,84.45,2025-09-23 10:14:28+00:00,34.014903,-81.028645,98.9,3.57,-0.1,0.0,8.0,3D,2025-09-23 06:14:28-04:00,POINT (-81.028645 34.014903)
2025-09-22 22:04:21 UTC,sensor10,300372181,19.06,84.82,2025-09-23 10:14:28+00:00,34.014903,-81.028645,98.9,3.57,-0.1,0.0,8.0,3D,2025-09-23 06:14:28-04:00,POINT (-81.028645 34.014903)
2025-09-22 22:04:26 UTC,sensor10,300372181,19.07,85.0,2025-09-23 10:14:28+00:00,34.014903,-81.028645,98.9,3.57,-0.1,0.0,8.0,3D,2025-09-23 06:14:28-04:00,POINT (-81.028645 34.014903)
2025-09-22 22:04:31 UTC,sensor10,300372181,19.05,84.75,2025-09-23 10:14:28+00:00,34.014903,-81.028645,98.9,3.57,-0.1,0.0,8.0,3D,2025-09-23 06:14:28-04:00,POINT (-81.028645 34.014903)
2025-09-22 22:04:36 UTC,sensor10,300372181,19.04,84.75,2025-09-23 10:14:28+00:00,34.014903,-81.028645,98.9,3.57,-0.1,0.0,8.0,3D,2025-09-23 06:14:28-04:00,POINT (-81.028645 34.014903)
2025-09-22 22:04:41 UTC,sensor10,300372181,19.07,84.66,2025-09-23 10:14:28+00:00,34.014903,-81.028645,98.9,3.57,-0.1,0.0,8.0,3D,2025-09-23 06:14:28-04:00,POINT (-81.028645 34.014903)
2025-09-22 22:04:46 UTC,sensor10,300372181,19.1,84.99,2025-09-23 10:14:28+00:00,34.014903,-81.028645,98.9,3.57,-0.1,0.0,8.0,3D,2025-09-23 06:14:28-04:00,POINT (-81.028645 34.014903)
2025-09-22 22:04:51 UTC,sensor10,300372181,19.39,84.8,2025-09-23 10:14:28+00:00,34.014903,-81.028645,98.9,3.57,-0.1,0.0,8.0,3D,2025-09-23 06:14:28-04:00,POINT (-81.028645 34.014903)
2025-09-22 22:04:56 UTC,sensor10,300372181,19.49,83.75,2025-09-23 10:14:28+00:00,34.014903,-81.028645,98.9,3.57,-0.1,0.0,8.0,3D,2025-09-23 06:14:28-04:00,POINT (-81.028645 34.014903)
2025-09-22 22:05:01 UTC,sensor10,300372181,19.61,82.96,2025-09-23 10:14:28+00:00,34.014903,-81.028645,98.9,3.57,-0.1,0.0,8.0,3D,2025-09-23 06:14:28-04:00,POINT (-81.028645 34.014903)
2025-09-22 22:05:06 UTC,sensor10,300372181,19.55,82.42,2025-09-23 10:14:28+00:00,34.014903,-81.028645,98.9,3.57,-0.1,0.0,8.0,3D,2025-09-23 06:14:28-04:00,POINT (-81.028645 34.014903)
2025-09-22 22:05:11 UTC,sensor10,300372181,19.5,82.22,2025-09-23 10:14:28+00:00,34.014903,-81.028645,98.9,3.57,-0.1,0.0,8.0,3D,2025-09-23 06:14:28-04:00,POINT (-81.028645 34.014903)
2025-09-22 22:05:16 UTC,sensor10,300372181,19.44,82.19,2025-09-23 10:14:28+00:00,34.014903,-81.028645,98.9,3.57,-0.1,0.0,8.0,3D,2025-09-23 06:14:28-04:00,POINT (-81.028645 34.014903)
2025-09-22 22:05:21 UTC,sensor10,300372181,19.38,82.3,2025-09-23 10:14:28+00:00,34.014903,-81.028645,98.9,3.57,-0.1,0.0,8.0,3D,2025-09-23 06:14:28-04:00,POINT (-81.028645 34.014903)
2025-09-22 22:05:26 UTC,sensor10,300372181,19.36,82.45,2025-09-23 10:14:28+00:00,34.014903,-81.028645,98.9,3.57,-0.1,0.0,8.0,3D,2025-09-23 06:14:28-04:00,POINT (-81.028645 34.014903)
2025-09-22 22:05:31 UTC,sensor10,300372181,19.35,82.49,2025-09-23 10:14:28+00:00,34.014903,-81.028645,98.9,3.57,-0.1,0.0,8.0,3D,2025-09-23 06:14:28-04:00,POINT (-81.028645 34.014903)
2025-09-22 22:05:36 UTC,sensor10,300372181,19.3,82.54,2025-09-23 10:14:28+00:00,34.014903,-81.028645,98.9,3.57,-0.1,0.0,8.0,3D,2025-09-23 06:14:28-04:00,POINT (-81.028645 34.014903)
2025-09-22 22:05:41 UTC,sensor10,300372181,19.27,82.54,2025-09-23 10:14:28+00:00,34.014903,-81.028645,98.9,3.57,-0.1,0.0,8.0,3D,2025-09-23 06:14:28-04:00,POINT (-81.028645 34.014903)
2025-09-22 22:05:46 UTC,sensor10,300372181,19.23,82.61,2025-09-23 10:14:28+00:00,34.014903,-81.028645,98.9,3.57,-0.1,0.0,8.0,3D,2025-09-23 06:14:28-04:00,POINT (-81.028645 34.014903)
2025-09-22 22:05:51 UTC,sensor10,300372181,19.17,82.69,2025-09-23 10:14:28+00:00,34.014903,-81.028645,98.9,3.57,-0.1,0.0,8.0,3D,2025-09-23 06:14:28-04:00,POINT (-81.028645 34.014903)
2025-09-22 22:05:56 UTC,sensor10,300372181,19.16,82.87,2025-09-23 10:14:28+00:00,34.014903,-81.028645,98.9,3.57,-0.1,0.0,8.0,3D,2025-09-23 06:14:28-04:00,POINT (-81.028645 34.014903)
2025-09-22 22:06:01 UTC,sensor10,300372181,19.2,82.96,2025-09-23 10:14:28+00:00,34.014903,-81.028645,98.9,3.57,-0.1,0.0,8.0,3D,2025-09-23 06:14:28-04:00,POINT (-81.028645 34.014903)
2025-09-22 22:06:06 UTC,sensor10,300372181,19.17,82.82,2025-09-23 10:14:28+00:00,34.014903,-81.028645,98.9,3.57,-0.1,0.0,8.0,3D,2025-09-23 06:14:28-04:00,POINT (-81.028645 34.014903)
2025-09-22 22:06:11 UTC,sensor10,300372181,19.19,82.79,2025-09-23 10:14:28+00:00,34.014903,-81.028645,98.9,3.57,-0.1,0.0,8.0,3D,2025-09-23 06:14:28-04:00,POINT (-81.028645 34.014903)
2025-09-22 22:06:17 UTC,sensor10,300372181,19.2,82.91,2025-09-23 10:14:28+00:00,34.014903,-81.028645,98.9,3.57,-0.1,0.0,8.0,3D,2025-09-23 06:14:28-04:00,POINT (-81.028645 34.014903)
2025-09-22 22:06:22 UTC,sensor10,300372181,19.17,82.93,2025-09-23 10:14:28+00:00,34.014903,-81.028645,98.9,3.57,-0.1,0.0,8.0,3D,2025-09-23 06:14:28-04:00,POINT (-81.028645 34.014903)
2025-09-22 22:06:27 UTC,sensor10,300372181,19.23,82.98,2025-09-23 10:14:28+00:00,34.014903,-81.028645,98.9,3.57,-0.1,0.0,8.0,3D,2025-09-23 06:14:28-04:00,POINT (-81.028645 34.014903)
2025-09-22 22:06:32 UTC,sensor10,300372181,19.26,82.87,2025-09-23 10:14:28+00:00,34.014903,-81.028645,98.9,3.57,-0.1,0.0,8.0,3D,2025-09-23 06:14:28-04:00,POINT (-81.028645 34.014903)
2025-09-22 22:06:37 UTC,sensor10,300372181,19.19,82.77,2025-09-23 10:14:28+00:00,34.014903,-81.028645,98.9,3.57,-0.1,0.0,8.0,3D,2025-09-23 06:14:28-04:00,POINT (-81.028645 34.014903)
2025-09-22 22:06:42 UTC,sensor10,300372181,19.26,82.81,2025-09-23 10:14:28+00:00,34.014903,-81.028645,98.9,3.57,-0.1,0.0,8.0,3D,2025-09-23 06:14:28-04:00,POINT (-81.028645 34.014903)
2025-09-22 22:06:47 UTC,sensor10,300372181,19.26,82.71,2025-09-23 10:14:28+00:00,34.014903,-81.028645,98.9,3.57,-0.1,0.0,8.0,3D,2025-09-23 06:14:28-04:00,POINT (-81.028645 34.014903)
2025-09-22 22:06:52 UTC,sensor10,300372181,19.33,82.63,2025-09-23 10:14:28+00:00,34.014903,-81.028645,98.9,3.57,-0.1,0.0,8.0,3D,2025-09-23 06:14:28-04:00,POINT (-81.028645 34.014903)
2025-09-22 22:06:57 UTC,sensor10,300372181,19.37,82.37,2025-09-23 10:14:28+00:00,34.014903,-81.028645,98.9,3.57,-0.1,0.0,8.0,3D,2025-09-23 06:14:28-04:00,POINT (-81.028645 34.014903)
2025-09-22 22:07:02 UTC,sensor10,300372181,19.36,82.25,2025-09-23 10:14:28+00:00,34.014903,-81.028645,98.9,3.57,-0.1,0.0,8.0,3D,2025-09-23 06:14:28-04:00,POINT (-81.028645 34.014903)
2025-09-22 22:07:07 UTC,sensor10,300372181,19.36,82.15,2025-09-23 10:14:28+00:00,34.014903,-81.028645,98.9,3.57,-0.1,0.0,8.0,3D,2025-09-23 06:14:28-04:00,POINT (-81.028645 34.014903)
2025-09-22 22:07:12 UTC,sensor10,300372181,19.38,82.08,2025-09-23 10:14:28+00:00,34.014903,-81.028645,98.9,3.57,-0.1,0.0,8.0,3D,2025-09-23 06:14:28-04:00,POINT (-81.028645 34.014903)
2025-09-22 22:07:17 UTC,sensor10,300372181,19.45,81.97,2025-09-23 10:14:28+00:00,34.014903,-81.028645,98.9,3.57,-0.1,0.0,8.0,3D,2025-09-23 06:14:28-04:00,POINT (-81.028645 34.014903)
2025-09-22 22:07:22 UTC,sensor10,300372181,19.58,81.65,2025-09-23 10:14:28+00:00,34.014903,-81.028645,98.9,3.57,-0.1,0.0,8.0,3D,2025-09-23 06:14:28-04:00,POINT (-81.028645 34.014903)
2025-09-22 22:07:27 UTC,sensor10,300372181,19.61,81.15,2025-09-23 10:14:28+00:00,34.014903,-81.028645,98.9,3.57,-0.1,0.0,8.0,3D,2025-09-23 06:14:28-04:00,POINT (-81.028645 34.014903)
2025-09-22 22:07:32 UTC,sensor10,300372181,19.63,80.91,2025-09-23 10:14:28+00:00,34.014903,-81.028645,98.9,3.57,-0.1,0.0,8.0,3D,2025-09-23 06:14:28-04:00,POINT (-81.028645 34.014903)
2025-09-22 22:07:37 UTC,sensor10,300372181,19.63,80.7,2025-09-23 10:14:28+00:00,34.014903,-81.028645,98.9,3.57,-0.1,0.0,8.0,3D,2025-09-23 06:14:28-04:00,POINT (-81.028645 34.014903)
2025-09-22 22:07:42 UTC,sensor10,300372181,19.65,80.58,2025-09-23 10:14:28+00:00,34.014903,-81.028645,98.9,3.57,-0.1,0.0,8.0,3D,2025-09-23 06:14:28-04:00,POINT (-81.028645 34.014903)
2025-09-22 22:07:47 UTC,sensor10,300372181,19.74,80.39,2025-09-23 10:14:28+00:00,34.014903,-81.028645,98.9,3.57,-0.1,0.0,8.0,3D,2025-09-23 06:14:28-04:00,POINT (-81.028645 34.014903)
2025-09-22 22:07:52 UTC,sensor10,300372181,19.76,80.1,2025-09-23 10:14:28+00:00,34.014903,-81.028645,98.9,3.57,-0.1,0.0,8.0,3D,2025-09-23 06:14:28-04:00,POINT (-81.028645 34.014903)
2025-09-22 22:07:57 UTC,sensor10,300372181,19.9,79.81,2025-09-23 10:14:28+00:00,34.014903,-81.028645,98.9,3.57,-0.1,0.0,8.0,3D,2025-09-23 06:14:28-04:00,POINT (-81.028645 34.014903)
2025-09-22 22:08:02 UTC,sensor10,300372181,19.88,79.46,2025-09-23 10:14:28+00:00,34.014903,-81.028645,98.9,3.57,-0.1,0.0,8.0,3D,2025-09-23 06:14:28-04:00,POINT (-81.028645 34.014903)
2025-09-22 22:08:07 UTC,sensor10,300372181,19.86,79.43,2025-09-23 10:14:28+00:00,34.014903,-81.028645,98.9,3.57,-0.1,0.0,8.0,3D,2025-09-23 06:14:28-04:00,POINT (-81.028645 34.014903)
2025-09-22 22:08:12 UTC,sensor10,300372181,19.88,79.53,2025-09-23 10:14:28+00:00,34.014903,-81.028645,98.9,3.57,-0.1,0.0,8.0,3D,2025-09-23 06:14:28-04:00,POINT (-81.028645 34.014903)
2025-09-22 22:08:18 UTC,sensor10,300372181,19.87,79.94,2025-09-23 10:14:28+00:00,34.014903,-81.028645,98.9,3.57,-0.1,0.0,8.0,3D,2025-09-23 06:14:28-04:00,POINT (-81.028645 34.014903)
2025-09-22 22:08:23 UTC,sensor10,300372181,19.88,79.92,2025-09-23 10:14:28+00:00,34.014903,-81.028645,98.9,3.57,-0.1,0.0,8.0,3D,2025-09-23 06:14:28-04:00,POINT (-81.028645 34.014903)
2025-09-22 22:08:28 UTC,sensor10,300372181,19.87,79.94,2025-09-23 10:14:28+00:00,34.014903,-81.028645,98.9,3.57,-0.1,0.0,8.0,3D,2025-09-23 06:14:28-04:00,POINT (-81.028645 34.014903)
2025-09-22 22:08:33 UTC,sensor10,300372181,19.93,79.47,2025-09-23 10:14:28+00:00,34.014903,-81.028645,98.9,3.57,-0.1,0.0,8.0,3D,2025-09-23 06:14:28-04:00,POINT (-81.028645 34.014903)
2025-09-22 22:08:38 UTC,sensor10,300372181,19.95,79.3,2025-09-23 10:14:28+00:00,34.014903,-81.028645,98.9,3.57,-0.1,0.0,8.0,3D,2025-09-23 06:14:28-04:00,POINT (-81.028645 34.014903)
2025-09-22 22:08:43 UTC,sensor10,300372181,20.07,79.04,2025-09-23 10:14:28+00:00,34.014903,-81.028645,98.9,3.57,-0.1,0.0,8.0,3D,2025-09-23 06:14:28-04:00,POINT (-81.028645 34.014903)
2025-09-22 22:08:48 UTC,sensor10,300372181,20.12,78.79,2025-09-23 10:14:28+00:00,34.014903,-81.028645,98.9,3.57,-0.1,0.0,8.0,3D,2025-09-23 06:14:28-04:00,POINT (-81.028645 34.014903)
2025-09-22 22:08:53 UTC,sensor10,300372181,20.15,78.52,2025-09-23 10:14:28+00:00,34.014903,-81.028645,98.9,3.57,-0.1,0.0,8.0,3D,2025-09-23 06:14:28-04:00,POINT (-81.028645 34.014903)
2025-09-22 22:08:58 UTC,sensor10,300372181,20.15,78.39,2025-09-23 10:14:28+00:00,34.014903,-81.028645,98.9,3.57,-0.1,0.0,8.0,3D,2025-09-23 06:14:28-04:00,POINT (-81.028645 34.014903)
2025-09-22 22:09:03 UTC,sensor10,300372181,20.18,78.28,2025-09-23 10:14:28+00:00,34.014903,-81.028645,98.9,3.57,-0.1,0.0,8.0,3D,2025-09-23 06:14:28-04:00,POINT (-81.028645 34.014903)
2025-09-22 22:09:08 UTC,sensor10,300372181,20.19,77.86,2025-09-23 10:14:28+00:00,34.014903,-81.028645,98.9,3.57,-0.1,0.0,8.0,3D,2025-09-23 06:14:28-04:00,POINT (-81.028645 34.014903)
2025-09-22 22:09:13 UTC,sensor10,300372181,20.17,77.73,2025-09-23 10:14:28+00:00,34.014903,-81.028645,98.9,3.57,-0.1,0.0,8.0,3D,2025-09-23 06:14:28-04:00,POINT (-81.028645 34.014903)
2025-09-22 22:09:18 UTC,sensor10,300372181,20.15,77.67,2025-09-23 10:14:28+00:00,34.014903,-81.028645,98.9,3.57,-0.1,0.0,8.0,3D,2025-09-23 06:14:28-04:00,POINT (-81.028645 34.014903)
2025-09-22 22:09:23 UTC,sensor10,300372181,20.11,77.6,2025-09-23 10:14:28+00:00,34.014903,-81.028645,98.9,3.57,-0.1,0.0,8.0,3D,2025-09-23 06:14:28-04:00,POINT (-81.028645 34.014903)
2025-09-22 22:09:28 UTC,sensor10,300372181,20.1,77.67,2025-09-23 10:14:28+00:00,34.014903,-81.028645,98.9,3.57,-0.1,0.0,8.0,3D,2025-09-23 06:14:28-04:00,POINT (-81.028645 34.014903)
2025-09-22 22:09:33 UTC,sensor10,300372181,20.08,77.75,2025-09-23 10:14:28+00:00,34.014903,-81.028645,98.9,3.57,-0.1,0.0,8.0,3D,2025-09-23 06:14:28-04:00,POINT (-81.028645 34.014903)
2025-09-22 22:09:38 UTC,sensor10,300372181,20.0,77.69,2025-09-23 10:14:28+00:00,34.014903,-81.028645,98.9,3.57,-0.1,0.0,8.0,3D,2025-09-23 06:14:28-04:00,POINT (-81.028645 34.014903)
2025-09-22 22:09:43 UTC,sensor10,300372181,19.94,77.99,2025-09-23 10:14:28+00:00,34.014903,-81.028645,98.9,3.57,-0.1,0.0,8.0,3D,2025-09-23 06:14:28-04:00,POINT (-81.028645 34.014903)
2025-09-22 22:09:48 UTC,sensor10,300372181,20.07,78.07,2025-09-23 10:14:28+00:00,34.014903,-81.028645,98.9,3.57,-0.1,0.0,8.0,3D,2025-09-23 06:14:28-04:00,POINT (-81.028645 34.014903)
2025-09-22 22:09:53 UTC,sensor10,300372181,20.08,77.83,2025-09-23 10:14:28+00:00,34.014903,-81.028645,98.9,3.57,-0.1,0.0,8.0,3D,2025-09-23 06:14:28-04:00,POINT (-81.028645 34.014903)
2025-09-22 22:09:58 UTC,sensor10,300372181,20.06,77.7,2025-09-23 10:14:28+00:00,34.014903,-81.028645,98.9,3.57,-0.1,0.0,8.0,3D,2025-09-23 06:14:28-04:00,POINT (-81.028645 34.014903)
2025-09-22 22:10:03 UTC,sensor10,300372181,20.12,77.89,2025-09-23 10:14:28+00:00,34.014903,-81.028645,98.9,3.57,-0.1,0.0,8.0,3D,2025-09-23 06:14:28-04:00,POINT (-81.028645 34.014903)
2025-09-22 22:10:08 UTC,sensor10,300372181,20.17,77.8,2025-09-23 10:14:28+00:00,34.014903,-81.028645,98.9,3.57,-0.1,0.0,8.0,3D,2025-09-23 06:14:28-04:00,POINT (-81.028645 34.014903)
2025-09-22 22:10:14 UTC,sensor10,300372181,20.18,77.56,2025-09-23 10:14:28+00:00,34.014903,-81.028645,98.9,3.57,-0.1,0.0,8.0,3D,2025-09-23 06:14:28-04:00,POINT (-81.028645 34.014903)
2025-09-22 22:10:19 UTC,sensor10,300372181,20.17,77.52,2025-09-23 10:14:28+00:00,34.014903,-81.028645,98.9,3.57,-0.1,0.0,8.0,3D,2025-09-23 06:14:28-04:00,POINT (-81.028645 34.014903)
2025-09-22 22:10:24 UTC,sensor10,300372181,20.13,77.87,2025-09-23 10:14:28+00:00,34.014903,-81.028645,98.9,3.57,-0.1,0.0,8.0,3D,2025-09-23 06:14:28-04:00,POINT (-81.028645 34.014903)
2025-09-22 22:10:29 UTC,sensor10,300372181,19.98,78.32,2025-09-23 10:14:28+00:00,34.014903,-81.028645,98.9,3.57,-0.1,0.0,8.0,3D,2025-09-23 06:14:28-04:00,POINT (-81.028645 34.014903)
2025-09-22 22:10:34 UTC,sensor10,300372181,19.83,78.84,2025-09-23 10:14:28+00:00,34.014903,-81.028645,98.9,3.57,-0.1,0.0,8.0,3D,2025-09-23 06:14:28-04:00,POINT (-81.028645 34.014903)
2025-09-22 22:10:39 UTC,sensor10,300372181,19.69,79.36,2025-09-23 10:14:28+00:00,34.014903,-81.028645,98.9,3.57,-0.1,0.0,8.0,3D,2025-09-23 06:14:28-04:00,POINT (-81.028645 34.014903)
2025-09-22 22:10:44 UTC,sensor10,300372181,19.62,79.83,2025-09-23 10:14:28+00:00,34.014903,-81.028645,98.9,3.57,-0.1,0.0,8.0,3D,2025-09-23 06:14:28-04:00,POINT (-81.028645 34.014903)
2025-09-22 22:10:49 UTC,sensor10,300372181,19.56,80.17,2025-09-23 10:14:28+00:00,34.014903,-81.028645,98.9,3.57,-0.1,0.0,8.0,3D,2025-09-23 06:14:28-04:00,POINT (-81.028645 34.014903)
2025-09-22 22:10:54 UTC,sensor10,300372181,19.5,80.53,2025-09-23 10:14:28+00:00,34.014903,-81.028645,98.9,3.57,-0.1,0.0,8.0,3D,2025-09-23 06:14:28-04:00,POINT (-81.028645 34.014903)
2025-09-22 22:10:59 UTC,sensor10,300372181,19.38,80.83,2025-09-23 10:14:28+00:00,34.014903,-81.028645,98.9,3.57,-0.1,0.0,8.0,3D,2025-09-23 06:14:28-04:00,POINT (-81.028645 34.014903)
2025-09-22 22:11:04 UTC,sensor10,300372181,19.33,81.16,2025-09-23 10:14:28+00:00,34.014903,-81.028645,98.9,3.57,-0.1,0.0,8.0,3D,2025-09-23 06:14:28-04:00,POINT (-81.028645 34.014903)
2025-09-22 22:11:09 UTC,sensor10,300372181,19.31,81.52,2025-09-23 10:14:28+00:00,34.014903,-81.028645,98.9,3.57,-0.1,0.0,8.0,3D,2025-09-23 06:14:28-04:00,POINT (-81.028645 34.014903)
2025-09-22 22:11:14 UTC,sensor10,300372181,19.34,81.62,2025-09-23 10:14:28+00:00,34.014903,-81.028645,98.9,3.57,-0.1,0.0,8.0,3D,2025-09-23 06:14:28-04:00,POINT (-81.028645 34.014903)
2025-09-22 22:11:19 UTC,sensor10,300372181,19.29,81.61,2025-09-23 10:14:28+00:00,34.014903,-81.028645,98.9,3.57,-0.1,0.0,8.0,3D,2025-09-23 06:14:28-04:00,POINT (-81.028645 34.014903)
2025-09-22 22:11:24 UTC,sensor10,300372181,19.23,81.8,2025-09-23 10:14:28+00:00,34.014903,-81.028645,98.9,3.57,-0.1,0.0,8.0,3D,2025-09-23 06:14:28-04:00,POINT (-81.028645 34.014903)
2025-09-22 22:11:29 UTC,sensor10,300372181,19.18,81.96,2025-09-23 10:14:28+00:00,34.014903,-81.028645,98.9,3.57,-0.1,0.0,8.0,3D,2025-09-23 06:14:28-04:00,POINT (-81.028645 34.014903)
2025-09-22 22:11:34 UTC,sensor10,300372181,19.25,81.95,2025-09-23 10:14:28+00:00,34.014903,-81.028645,98.9,3.57,-0.1,0.0,8.0,3D,2025-09-23 06:14:28-04:00,POINT (-81.028645 34.014903)
2025-09-22 22:11:39 UTC,sensor10,300372181,19.2,81.89,2025-09-23 10:14:28+00:00,34.014903,-81.028645,98.9,3.57,-0.1,0.0,8.0,3D,2025-09-23 06:14:28-04:00,POINT (-81.028645 34.014903)
2025-09-22 22:11:44 UTC,sensor10,300372181,19.24,81.81,2025-09-23 10:14:28+00:00,34.014903,-81.028645,98.9,3.57,-0.1,0.0,8.0,3D,2025-09-23 06:14:28-04:00,POINT (-81.028645 34.014903)
2025-09-22 22:11:49 UTC,sensor10,300372181,19.26,81.69,2025-09-23 10:14:28+00:00,34.014903,-81.028645,98.9,3.57,-0.1,0.0,8.0,3D,2025-09-23 06:14:28-04:00,POINT (-81.028645 34.014903)
2025-09-22 22:11:54 UTC,sensor10,300372181,19.44,81.46,2025-09-23 10:14:28+00:00,34.014903,-81.028645,98.9,3.57,-0.1,0.0,8.0,3D,2025-09-23 06:14:28-04:00,POINT (-81.028645 34.014903)
2025-09-22 22:11:59 UTC,sensor10,300372181,19.48,81.04,2025-09-23 10:14:28+00:00,34.014903,-81.028645,98.9,3.57,-0.1,0.0,8.0,3D,2025-09-23 06:14:28-04:00,POINT (-81.028645 34.014903)
2025-09-22 22:12:04 UTC,sensor10,300372181,19.54,80.78,2025-09-23 10:14:28+00:00,34.014903,-81.028645,98.9,3.57,-0.1,0.0,8.0,3D,2025-09-23 06:14:28-04:00,POINT (-81.028645 34.014903)
2025-09-22 22:12:10 UTC,sensor10,300372181,19.62,80.63,2025-09-23 10:14:28+00:00,34.014903,-81.028645,98.9,3.57,-0.1,0.0,8.0,3D,2025-09-23 06:14:28-04:00,POINT (-81.028645 34.014903)
2025-09-22 22:12:15 UTC,sensor10,300372181,19.59,80.48,2025-09-23 10:14:28+00:00,34.014903,-81.028645,98.9,3.57,-0.1,0.0,8.0,3D,2025-09-23 06:14:28-04:00,POINT (-81.028645 34.014903)
2025-09-22 22:12:20 UTC,sensor10,300372181,19.56,80.4,2025-09-23 10:14:28+00:00,34.014903,-81.028645,98.9,3.57,-0.1,0.0,8.0,3D,2025-09-23 06:14:28-04:00,POINT (-81.028645 34.014903)
2025-09-22 22:12:25 UTC,sensor10,300372181,19.54,80.44,2025-09-23 10:14:28+00:00,34.014903,-81.028645,98.9,3.57,-0.1,0.0,8.0,3D,2025-09-23 06:14:28-04:00,POINT (-81.028645 34.014903)
2025-09-22 22:12:30 UTC,sensor10,300372181,19.55,80.39,2025-09-23 10:14:28+00:00,34.014903,-81.028645,98.9,3.57,-0.1,0.0,8.0,3D,2025-09-23 06:14:28-04:00,POINT (-81.028645 34.014903)
2025-09-22 22:12:35 UTC,sensor10,300372181,19.53,80.31,2025-09-23 10:14:28+00:00,34.014903,-81.028645,98.9,3.57,-0.1,0.0,8.0,3D,2025-09-23 06:14:28-04:00,POINT (-81.028645 34.014903)
2025-09-22 22:12:40 UTC,sensor10,300372181,19.55,80.2,2025-09-23 10:14:28+00:00,34.014903,-81.028645,98.9,3.57,-0.1,0.0,8.0,3D,2025-09-23 06:14:28-04:00,POINT (-81.028645 34.014903)
2025-09-22 22:12:45 UTC,sensor10,300372181,19.55,80.15,2025-09-23 10:14:28+00:00,34.014903,-81.028645,98.9,3.57,-0.1,0.0,8.0,3D,2025-09-23 06:14:28-04:00,POINT (-81.028645 34.014903)
2025-09-22 22:12:50 UTC,sensor10,300372181,19.55,80.13,2025-09-23 10:14:28+00:00,34.014903,-81.028645,98.9,3.57,-0.1,0.0,8.0,3D,2025-09-23 06:14:28-04:00,POINT (-81.028645 34.014903)
2025-09-22 22:12:55 UTC,sensor10,300372181,19.57,80.08,2025-09-23 10:14:28+00:00,34.014903,-81.028645,98.9,3.57,-0.1,0.0,8.0,3D,2025-09-23 06:14:28-04:00,POINT (-81.028645 34.014903)
2025-09-22 22:13:00 UTC,sensor10,300372181,19.58,79.93,2025-09-23 10:14:28+00:00,34.014903,-81.028645,98.9,3.57,-0.1,0.0,8.0,3D,2025-09-23 06:14:28-04:00,POINT (-81.028645 34.014903)
2025-09-22 22:13:05 UTC,sensor10,300372181,19.61,79.92,2025-09-23 10:14:28+00:00,34.014903,-81.028645,98.9,3.57,-0.1,0.0,8.0,3D,2025-09-23 06:14:28-04:00,POINT (-81.028645 34.014903)
2025-09-22 22:13:10 UTC,sensor10,300372181,19.61,79.87,2025-09-23 10:14:28+00:00,34.014903,-81.028645,98.9,3.57,-0.1,0.0,8.0,3D,2025-09-23 06:14:28-04:00,POINT (-81.028645 34.014903)
2025-09-22 22:13:15 UTC,sensor10,300372181,19.59,79.74,2025-09-23 10:14:28+00:00,34.014903,-81.028645,98.9,3.57,-0.1,0.0,8.0,3D,2025-09-23 06:14:28-04:00,POINT (-81.028645 34.014903)
2025-09-22 22:13:20 UTC,sensor10,300372181,19.63,79.61,2025-09-23 10:14:28+00:00,34.014903,-81.028645,98.9,3.57,-0.1,0.0,8.0,3D,2025-09-23 06:14:28-04:00,POINT (-81.028645 34.014903)
2025-09-22 22:13:25 UTC,sensor10,300372181,19.63,79.53,2025-09-23 10:14:28+00:00,34.014903,-81.028645,98.9,3.57,-0.1,0.0,8.0,3D,2025-09-23 06:14:28-04:00,POINT (-81.028645 34.014903)
2025-09-22 22:13:30 UTC,sensor10,300372181,19.63,79.67,2025-09-23 10:14:28+00:00,34.014903,-81.028645,98.9,3.57,-0.1,0.0,8.0,3D,2025-09-23 06:14:28-04:00,POINT (-81.028645 34.014903)
2025-09-22 22:13:35 UTC,sensor10,300372181,19.65,79.6,2025-09-23 10:14:28+00:00,34.014903,-81.028645,98.9,3.57,-0.1,0.0,8.0,3D,2025-09-23 06:14:28-04:00,POINT (-81.028645 34.014903)
2025-09-22 22:13:40 UTC,sensor10,300372181,19.64,79.4,2025-09-23 10:14:28+00:00,34.014903,-81.028645,98.9,3.57,-0.1,0.0,8.0,3D,2025-09-23 06:14:28-04:00,POINT (-81.028645 34.014903)
2025-09-22 22:13:45 UTC,sensor10,300372181,19.67,79.3,2025-09-23 10:14:28+00:00,34.014903,-81.028645,98.9,3.57,-0.1,0.0,8.0,3D,2025-09-23 06:14:28-04:00,POINT (-81.028645 34.014903)
2025-09-22 22:13:50 UTC,sensor10,300372181,19.66,79.2,2025-09-23 10:14:28+00:00,34.014903,-81.028645,98.9,3.57,-0.1,0.0,8.0,3D,2025-09-23 06:14:28-04:00,POINT (-81.028645 34.014903)
2025-09-22 22:13:55 UTC,sensor10,300372181,19.68,79.1,2025-09-23 10:14:28+00:00,34.014903,-81.028645,98.9,3.57,-0.1,0.0,8.0,3D,2025-09-23 06:14:28-04:00,POINT (-81.028645 34.014903)
2025-09-22 22:14:01 UTC,sensor10,300372181,19.75,79.0,2025-09-23 10:14:28+00:00,34.014903,-81.028645,98.9,3.57,-0.1,0.0,8.0,3D,2025-09-23 06:14:28-04:00,POINT (-81.028645 34.014903)
2025-09-22 22:14:06 UTC,sensor10,300372181,19.72,79.16,2025-09-23 10:14:28+00:00,34.014903,-81.028645,98.9,3.57,-0.1,0.0,8.0,3D,2025-09-23 06:14:28-04:00,POINT (-81.028645 34.014903)
2025-09-22 22:14:11 UTC,sensor10,300372181,19.71,79.13,2025-09-23 10:14:28+00:00,34.014903,-81.028645,98.9,3.57,-0.1,0.0,8.0,3D,2025-09-23 06:14:28-04:00,POINT (-81.028645 34.014903)
2025-09-22 22:14:16 UTC,sensor10,300372181,19.7,79.12,2025-09-23 10:14:28+00:00,34.014903,-81.028645,98.9,3.57,-0.1,0.0,8.0,3D,2025-09-23 06:14:28-04:00,POINT (-81.028645 34.014903)
2025-09-22 22:14:21 UTC,sensor10,300372181,19.71,79.23,2025-09-23 10:14:28+00:00,34.014903,-81.028645,98.9,3.57,-0.1,0.0,8.0,3D,2025-09-23 06:14:28-04:00,POINT (-81.028645 34.014903)
2025-09-22 22:14:26 UTC,sensor10,300372181,19.73,79.42,2025-09-23 10:14:28+00:00,34.014903,-81.028645,98.9,3.57,-0.1,0.0,8.0,3D,2025-09-23 06:14:28-04:00,POINT (-81.028645 34.014903)
2025-09-22 22:14:31 UTC,sensor10,300372181,19.75,79.7,2025-09-23 10:14:28+00:00,34.014903,-81.028645,98.9,3.57,-0.1,0.0,8.0,3D,2025-09-23 06:14:28-04:00,POINT (-81.028645 34.014903)
2025-09-22 22:14:36 UTC,sensor10,300372181,19.74,79.45,2025-09-23 10:14:28+00:00,34.014903,-81.028645,98.9,3.57,-0.1,0.0,8.0,3D,2025-09-23 06:14:28-04:00,POINT (-81.028645 34.014903)
2025-09-22 22:14:41 UTC,sensor10,300372181,19.75,79.45,2025-09-23 10:14:28+00:00,34.014903,-81.028645,98.9,3.57,-0.1,0.0,8.0,3D,2025-09-23 06:14:28-04:00,POINT (-81.028645 34.014903)
2025-09-22 22:14:46 UTC,sensor10,300372181,19.76,79.6,2025-09-23 10:14:28+00:00,34.014903,-81.028645,98.9,3.57,-0.1,0.0,8.0,3D,2025-09-23 06:14:28-04:00,POINT (-81.028645 34.014903)
2025-09-22 22:14:51 UTC,sensor10,300372181,19.8,79.59,2025-09-23 10:14:28+00:00,34.014903,-81.028645,98.9,3.57,-0.1,0.0,8.0,3D,2025-09-23 06:14:28-04:00,POINT (-81.028645 34.014903)
2025-09-22 22:14:56 UTC,sensor10,300372181,19.75,79.33,2025-09-23 10:14:28+00:00,34.014903,-81.028645,98.9,3.57,-0.1,0.0,8.0,3D,2025-09-23 06:14:28-04:00,POINT (-81.028645 34.014903)
2025-09-22 22:15:01 UTC,sensor10,300372181,19.79,79.47,2025-09-23 10:14:28+00:00,34.014903,-81.028645,98.9,3.57,-0.1,0.0,8.0,3D,2025-09-23 06:14:28-04:00,POINT (-81.028645 34.014903)
2025-09-22 22:15:06 UTC,sensor10,300372181,19.8,79.55,2025-09-23 10:14:28+00:00,34.014903,-81.028645,98.9,3.57,-0.1,0.0,8.0,3D,2025-09-23 06:14:28-04:00,POINT (-81.028645 34.014903)
2025-09-22 22:15:11 UTC,sensor10,300372181,19.81,79.3,2025-09-23 10:14:28+00:00,34.014903,-81.028645,98.9,3.57,-0.1,0.0,8.0,3D,2025-09-23 06:14:28-04:00,POINT (-81.028645 34.014903)
2025-09-22 22:15:16 UTC,sensor10,300372181,19.81,79.34,2025-09-23 10:14:28+00:00,34.014903,-81.028645,98.9,3.57,-0.1,0.0,8.0,3D,2025-09-23 06:14:28-04:00,POINT (-81.028645 34.014903)
2025-09-22 22:15:21 UTC,sensor10,300372181,19.83,79.38,2025-09-23 10:14:28+00:00,34.014903,-81.028645,98.9,3.57,-0.1,0.0,8.0,3D,2025-09-23 06:14:28-04:00,POINT (-81.028645 34.014903)
2025-09-22 22:15:26 UTC,sensor10,300372181,19.83,79.51,2025-09-23 10:14:28+00:00,34.014903,-81.028645,98.9,3.57,-0.1,0.0,8.0,3D,2025-09-23 06:14:28-04:00,POINT (-81.028645 34.014903)
2025-09-22 22:15:31 UTC,sensor10,300372181,19.85,79.7,2025-09-23 10:14:28+00:00,34.014903,-81.028645,98.9,3.57,-0.1,0.0,8.0,3D,2025-09-23 06:14:28-04:00,POINT (-81.028645 34.014903)
2025-09-22 22:15:36 UTC,sensor10,300372181,19.83,79.28,2025-09-23 10:14:28+00:00,34.014903,-81.028645,98.9,3.57,-0.1,0.0,8.0,3D,2025-09-23 06:14:28-04:00,POINT (-81.028645 34.014903)
2025-09-22 22:15:41 UTC,sensor10,300372181,19.83,78.96,2025-09-23 10:14:28+00:00,34.014903,-81.028645,98.9,3.57,-0.1,0.0,8.0,3D,2025-09-23 06:14:28-04:00,POINT (-81.028645 34.014903)
2025-09-22 22:15:46 UTC,sensor10,300372181,19.88,78.91,2025-09-23 10:14:28+00:00,34.014903,-81.028645,98.9,3.57,-0.1,0.0,8.0,3D,2025-09-23 06:14:28-04:00,POINT (-81.028645 34.014903)
2025-09-22 22:15:51 UTC,sensor10,300372181,19.92,78.68,2025-09-23 10:14:28+00:00,34.014903,-81.028645,98.9,3.57,-0.1,0.0,8.0,3D,2025-09-23 06:14:28-04:00,POINT (-81.028645 34.014903)
2025-09-22 22:15:56 UTC,sensor10,300372181,19.93,78.46,2025-09-23 10:14:28+00:00,34.014903,-81.028645,98.9,3.57,-0.1,0.0,8.0,3D,2025-09-23 06:14:28-04:00,POINT (-81.028645 34.014903)
2025-09-22 22:16:01 UTC,sensor10,300372181,19.97,78.31,2025-09-23 10:14:28+00:00,34.014903,-81.028645,98.9,3.57,-0.1,0.0,8.0,3D,2025-09-23 06:14:28-04:00,POINT (-81.028645 34.014903)
2025-09-22 22:16:07 UTC,sensor10,300372181,19.99,78.14,2025-09-23 10:14:28+00:00,34.014903,-81.028645,98.9,3.57,-0.1,0.0,8.0,3D,2025-09-23 06:14:28-04:00,POINT (-81.028645 34.014903)
2025-09-22 22:16:12 UTC,sensor10,300372181,19.93,78.07,2025-09-23 10:14:28+00:00,34.014903,-81.028645,98.9,3.57,-0.1,0.0,8.0,3D,2025-09-23 06:14:28-04:00,POINT (-81.028645 34.014903)
2025-09-22 22:16:17 UTC,sensor10,300372181,19.95,78.18,2025-09-23 10:14:28+00:00,34.014903,-81.028645,98.9,3.57,-0.1,0.0,8.0,3D,2025-09-23 06:14:28-04:00,POINT (-81.028645 34.014903)
2025-09-22 22:16:22 UTC,sensor10,300372181,19.93,78.21,2025-09-23 10:14:28+00:00,34.014903,-81.028645,98.9,3.57,-0.1,0.0,8.0,3D,2025-09-23 06:14:28-04:00,POINT (-81.028645 34.014903)
2025-09-22 22:16:27 UTC,sensor10,300372181,19.96,78.24,2025-09-23 10:14:28+00:00,34.014903,-81.028645,98.9,3.57,-0.1,0.0,8.0,3D,2025-09-23 06:14:28-04:00,POINT (-81.028645 34.014903)
2025-09-22 22:16:32 UTC,sensor10,300372181,19.96,78.32,2025-09-23 10:14:28+00:00,34.014903,-81.028645,98.9,3.57,-0.1,0.0,8.0,3D,2025-09-23 06:14:28-04:00,POINT (-81.028645 34.014903)
2025-09-22 22:16:37 UTC,sensor10,300372181,19.95,78.34,2025-09-23 10:14:28+00:00,34.014903,-81.028645,98.9,3.57,-0.1,0.0,8.0,3D,2025-09-23 06:14:28-04:00,POINT (-81.028645 34.014903)
2025-09-22 22:16:42 UTC,sensor10,300372181,20.0,78.36,2025-09-23 10:14:28+00:00,34.014903,-81.028645,98.9,3.57,-0.1,0.0,8.0,3D,2025-09-23 06:14:28-04:00,POINT (-81.028645 34.014903)
2025-09-22 22:16:47 UTC,sensor10,300372181,19.97,78.57,2025-09-23 10:14:28+00:00,34.014903,-81.028645,98.9,3.57,-0.1,0.0,8.0,3D,2025-09-23 06:14:28-04:00,POINT (-81.028645 34.014903)
2025-09-22 22:16:52 UTC,sensor10,300372181,19.97,78.33,2025-09-23 10:14:28+00:00,34.014903,-81.028645,98.9,3.57,-0.1,0.0,8.0,3D,2025-09-23 06:14:28-04:00,POINT (-81.028645 34.014903)
2025-09-22 22:16:57 UTC,sensor10,300372181,19.9,77.98,2025-09-23 10:14:28+00:00,34.014903,-81.028645,98.9,3.57,-0.1,0.0,8.0,3D,2025-09-23 06:14:28-04:00,POINT (-81.028645 34.014903)
2025-09-22 22:17:02 UTC,sensor10,300372181,19.86,78.02,2025-09-23 10:14:28+00:00,34.014903,-81.028645,98.9,3.57,-0.1,0.0,8.0,3D,2025-09-23 06:14:28-04:00,POINT (-81.028645 34.014903)
2025-09-22 22:17:07 UTC,sensor10,300372181,19.85,78.1,2025-09-23 10:14:28+00:00,34.014903,-81.028645,98.9,3.57,-0.1,0.0,8.0,3D,2025-09-23 06:14:28-04:00,POINT (-81.028645 34.014903)
2025-09-22 22:17:12 UTC,sensor10,300372181,19.79,78.23,2025-09-23 10:14:28+00:00,34.014903,-81.028645,98.9,3.57,-0.1,0.0,8.0,3D,2025-09-23 06:14:28-04:00,POINT (-81.028645 34.014903)
2025-09-22 22:17:17 UTC,sensor10,300372181,19.76,78.24,2025-09-23 10:14:28+00:00,34.014903,-81.028645,98.9,3.57,-0.1,0.0,8.0,3D,2025-09-23 06:14:28-04:00,POINT (-81.028645 34.014903)
2025-09-22 22:17:22 UTC,sensor10,300372181,19.76,78.25,2025-09-23 10:14:28+00:00,34.014903,-81.028645,98.9,3.57,-0.1,0.0,8.0,3D,2025-09-23 06:14:28-04:00,POINT (-81.028645 34.014903)
2025-09-22 22:17:27 UTC,sensor10,300372181,19.76,78.33,2025-09-23 10:14:28+00:00,34.014903,-81.028645,98.9,3.57,-0.1,0.0,8.0,3D,2025-09-23 06:14:28-04:00,POINT (-81.028645 34.014903)
2025-09-22 22:17:32 UTC,sensor10,300372181,19.75,78.43,2025-09-23 10:14:28+00:00,34.014903,-81.028645,98.9,3.57,-0.1,0.0,8.0,3D,2025-09-23 06:14:28-04:00,POINT (-81.028645 34.014903)
2025-09-22 22:17:37 UTC,sensor10,300372181,19.69,78.88,2025-09-23 10:14:28+00:00,34.014903,-81.028645,98.9,3.57,-0.1,0.0,8.0,3D,2025-09-23 06:14:28-04:00,POINT (-81.028645 34.014903)
2025-09-22 22:17:42 UTC,sensor10,300372181,19.71,79.02,2025-09-23 10:14:28+00:00,34.014903,-81.028645,98.9,3.57,-0.1,0.0,8.0,3D,2025-09-23 06:14:28-04:00,POINT (-81.028645 34.014903)
2025-09-22 22:17:47 UTC,sensor10,300372181,19.68,79.96,2025-09-23 10:14:28+00:00,34.014903,-81.028645,98.9,3.57,-0.1,0.0,8.0,3D,2025-09-23 06:14:28-04:00,POINT (-81.028645 34.014903)
2025-09-22 22:17:52 UTC,sensor10,300372181,19.64,80.65,2025-09-23 10:14:28+00:00,34.014903,-81.028645,98.9,3.57,-0.1,0.0,8.0,3D,2025-09-23 06:14:28-04:00,POINT (-81.028645 34.014903)
2025-09-22 22:17:57 UTC,sensor10,300372181,19.64,81.08,2025-09-23 10:14:28+00:00,34.014903,-81.028645,98.9,3.57,-0.1,0.0,8.0,3D,2025-09-23 06:14:28-04:00,POINT (-81.028645 34.014903)
2025-09-22 22:18:02 UTC,sensor10,300372181,19.64,81.16,2025-09-23 10:14:28+00:00,34.014903,-81.028645,98.9,3.57,-0.1,0.0,8.0,3D,2025-09-23 06:14:28-04:00,POINT (-81.028645 34.014903)
2025-09-22 22:18:07 UTC,sensor10,300372181,19.62,81.34,2025-09-23 10:14:28+00:00,34.014903,-81.028645,98.9,3.57,-0.1,0.0,8.0,3D,2025-09-23 06:14:28-04:00,POINT (-81.028645 34.014903)
2025-09-22 22:18:12 UTC,sensor10,300372181,19.63,81.2,2025-09-23 10:14:28+00:00,34.014903,-81.028645,98.9,3.57,-0.1,0.0,8.0,3D,2025-09-23 06:14:28-04:00,POINT (-81.028645 34.014903)
2025-09-22 22:18:18 UTC,sensor10,300372181,19.52,80.95,2025-09-23 10:14:28+00:00,34.014903,-81.028645,98.9,3.57,-0.1,0.0,8.0,3D,2025-09-23 06:14:28-04:00,POINT (-81.028645 34.014903)
2025-09-22 22:18:23 UTC,sensor10,300372181,19.43,80.94,2025-09-23 10:14:28+00:00,34.014903,-81.028645,98.9,3.57,-0.1,0.0,8.0,3D,2025-09-23 06:14:28-04:00,POINT (-81.028645 34.014903)
2025-09-22 22:18:28 UTC,sensor10,300372181,19.31,81.34,2025-09-23 10:14:28+00:00,34.014903,-81.028645,98.9,3.57,-0.1,0.0,8.0,3D,2025-09-23 06:14:28-04:00,POINT (-81.028645 34.014903)
2025-09-22 22:18:33 UTC,sensor10,300372181,19.32,81.63,2025-09-23 10:14:28+00:00,34.014903,-81.028645,98.9,3.57,-0.1,0.0,8.0,3D,2025-09-23 06:14:28-04:00,POINT (-81.028645 34.014903)
2025-09-22 22:18:38 UTC,sensor10,300372181,19.25,81.85,2025-09-23 10:14:28+00:00,34.014903,-81.028645,98.9,3.57,-0.1,0.0,8.0,3D,2025-09-23 06:14:28-04:00,POINT (-81.028645 34.014903)
2025-09-22 22:18:43 UTC,sensor10,300372181,19.25,82.13,2025-09-23 10:14:28+00:00,34.014903,-81.028645,98.9,3.57,-0.1,0.0,8.0,3D,2025-09-23 06:14:28-04:00,POINT (-81.028645 34.014903)
2025-09-22 22:18:48 UTC,sensor10,300372181,19.23,81.65,2025-09-23 10:14:28+00:00,34.014903,-81.028645,98.9,3.57,-0.1,0.0,8.0,3D,2025-09-23 06:14:28-04:00,POINT (-81.028645 34.014903)
2025-09-22 22:18:53 UTC,sensor10,300372181,19.22,81.27,2025-09-23 10:14:28+00:00,34.014903,-81.028645,98.9,3.57,-0.1,0.0,8.0,3D,2025-09-23 06:14:28-04:00,POINT (-81.028645 34.014903)
2025-09-22 22:18:58 UTC,sensor10,300372181,19.27,80.9,2025-09-23 10:14:28+00:00,34.014903,-81.028645,98.9,3.57,-0.1,0.0,8.0,3D,2025-09-23 06:14:28-04:00,POINT (-81.028645 34.014903)
2025-09-22 22:19:03 UTC,sensor10,300372181,19.29,80.72,2025-09-23 10:14:28+00:00,34.014903,-81.028645,98.9,3.57,-0.1,0.0,8.0,3D,2025-09-23 06:14:28-04:00,POINT (-81.028645 34.014903)
2025-09-22 22:19:08 UTC,sensor10,300372181,19.33,80.66,2025-09-23 10:14:28+00:00,34.014903,-81.028645,98.9,3.57,-0.1,0.0,8.0,3D,2025-09-23 06:14:28-04:00,POINT (-81.028645 34.014903)
2025-09-22 22:19:13 UTC,sensor10,300372181,19.3,80.7,2025-09-23 10:14:28+00:00,34.014903,-81.028645,98.9,3.57,-0.1,0.0,8.0,3D,2025-09-23 06:14:28-04:00,POINT (-81.028645 34.014903)
2025-09-22 22:19:18 UTC,sensor10,300372181,19.32,80.73,2025-09-23 10:14:28+00:00,34.014903,-81.028645,98.9,3.57,-0.1,0.0,8.0,3D,2025-09-23 06:14:28-04:00,POINT (-81.028645 34.014903)
2025-09-22 22:19:23 UTC,sensor10,300372181,19.3,80.64,2025-09-23 10:14:28+00:00,34.014903,-81.028645,98.9,3.57,-0.1,0.0,8.0,3D,2025-09-23 06:14:28-04:00,POINT (-81.028645 34.014903)
2025-09-22 22:19:28 UTC,sensor10,300372181,19.28,80.78,2025-09-23 10:14:28+00:00,34.014903,-81.028645,98.9,3.57,-0.1,0.0,8.0,3D,2025-09-23 06:14:28-04:00,POINT (-81.028645 34.014903)
2025-09-22 22:19:33 UTC,sensor10,300372181,19.3,80.84,2025-09-23 10:14:28+00:00,34.014903,-81.028645,98.9,3.57,-0.1,0.0,8.0,3D,2025-09-23 06:14:28-04:00,POINT (-81.028645 34.014903)
2025-09-22 22:19:38 UTC,sensor10,300372181,19.31,80.96,2025-09-23 10:14:28+00:00,34.014903,-81.028645,98.9,3.57,-0.1,0.0,8.0,3D,2025-09-23 06:14:28-04:00,POINT (-81.028645 34.014903)
2025-09-22 22:19:43 UTC,sensor10,300372181,19.28,81.15,2025-09-23 10:14:28+00:00,34.014903,-81.028645,98.9,3.57,-0.1,0.0,8.0,3D,2025-09-23 06:14:28-04:00,POINT (-81.028645 34.014903)
2025-09-22 22:19:48 UTC,sensor10,300372181,19.28,81.33,2025-09-23 10:14:28+00:00,34.014903,-81.028645,98.9,3.57,-0.1,0.0,8.0,3D,2025-09-23 06:14:28-04:00,POINT (-81.028645 34.014903)
2025-09-22 22:19:53 UTC,sensor10,300372181,19.39,81.39,2025-09-23 10:14:28+00:00,34.014903,-81.028645,98.9,3.57,-0.1,0.0,8.0,3D,2025-09-23 06:14:28-04:00,POINT (-81.028645 34.014903)
2025-09-22 22:19:58 UTC,sensor10,300372181,19.44,81.07,2025-09-23 10:14:28+00:00,34.014903,-81.028645,98.9,3.57,-0.1,0.0,8.0,3D,2025-09-23 06:14:28-04:00,POINT (-81.028645 34.014903)
2025-09-22 22:20:03 UTC,sensor10,300372181,19.34,80.9,2025-09-23 10:14:28+00:00,34.014903,-81.028645,98.9,3.57,-0.1,0.0,8.0,3D,2025-09-23 06:14:28-04:00,POINT (-81.028645 34.014903)
2025-09-22 22:20:08 UTC,sensor10,300372181,19.28,80.94,2025-09-23 10:14:28+00:00,34.014903,-81.028645,98.9,3.57,-0.1,0.0,8.0,3D,2025-09-23 06:14:28-04:00,POINT (-81.028645 34.014903)
2025-09-22 22:20:13 UTC,sensor10,300372181,19.24,81.2,2025-09-23 10:14:28+00:00,34.014903,-81.028645,98.9,3.57,-0.1,0.0,8.0,3D,2025-09-23 06:14:28-04:00,POINT (-81.028645 34.014903)
2025-09-22 22:20:18 UTC,sensor10,300372181,19.25,81.37,2025-09-23 10:14:28+00:00,34.014903,-81.028645,98.9,3.57,-0.1,0.0,8.0,3D,2025-09-23 06:14:28-04:00,POINT (-81.028645 34.014903)
2025-09-22 22:20:23 UTC,sensor10,300372181,19.25,81.4,2025-09-23 10:14:28+00:00,34.014903,-81.028645,98.9,3.57,-0.1,0.0,8.0,3D,2025-09-23 06:14:28-04:00,POINT (-81.028645 34.014903)
2025-09-22 22:20:28 UTC,sensor10,300372181,19.25,81.42,2025-09-23 10:14:28+00:00,34.014903,-81.028645,98.9,3.57,-0.1,0.0,8.0,3D,2025-09-23 06:14:28-04:00,POINT (-81.028645 34.014903)
2025-09-22 22:20:33 UTC,sensor10,300372181,19.22,81.4,2025-09-23 10:14:28+00:00,34.014903,-81.028645,98.9,3.57,-0.1,0.0,8.0,3D,2025-09-23 06:14:28-04:00,POINT (-81.028645 34.014903)
2025-09-22 22:20:39 UTC,sensor10,300372181,19.23,81.45,2025-09-23 10:14:28+00:00,34.014903,-81.028645,98.9,3.57,-0.1,0.0,8.0,3D,2025-09-23 06:14:28-04:00,POINT (-81.028645 34.014903)
2025-09-22 22:20:44 UTC,sensor10,300372181,19.27,81.5,2025-09-23 10:14:28+00:00,34.014903,-81.028645,98.9,3.57,-0.1,0.0,8.0,3D,2025-09-23 06:14:28-04:00,POINT (-81.028645 34.014903)
2025-09-22 22:20:49 UTC,sensor10,300372181,19.28,81.68,2025-09-23 10:14:28+00:00,34.014903,-81.028645,98.9,3.57,-0.1,0.0,8.0,3D,2025-09-23 06:14:28-04:00,POINT (-81.028645 34.014903)
2025-09-22 22:20:54 UTC,sensor10,300372181,19.25,81.94,2025-09-23 10:14:28+00:00,34.014903,-81.028645,98.9,3.57,-0.1,0.0,8.0,3D,2025-09-23 06:14:28-04:00,POINT (-81.028645 34.014903)
2025-09-22 22:20:59 UTC,sensor10,300372181,19.21,81.91,2025-09-23 10:14:28+00:00,34.014903,-81.028645,98.9,3.57,-0.1,0.0,8.0,3D,2025-09-23 06:14:28-04:00,POINT (-81.028645 34.014903)
2025-09-22 22:21:04 UTC,sensor10,300372181,19.17,81.97,2025-09-23 10:14:28+00:00,34.014903,-81.028645,98.9,3.57,-0.1,0.0,8.0,3D,2025-09-23 06:14:28-04:00,POINT (-81.028645 34.014903)
2025-09-22 22:21:09 UTC,sensor10,300372181,19.19,81.96,2025-09-23 10:14:28+00:00,34.014903,-81.028645,98.9,3.57,-0.1,0.0,8.0,3D,2025-09-23 06:14:28-04:00,POINT (-81.028645 34.014903)
2025-09-22 22:21:14 UTC,sensor10,300372181,19.15,81.82,2025-09-23 10:14:28+00:00,34.014903,-81.028645,98.9,3.57,-0.1,0.0,8.0,3D,2025-09-23 06:14:28-04:00,POINT (-81.028645 34.014903)
2025-09-22 22:21:19 UTC,sensor10,300372181,19.19,81.89,2025-09-23 10:14:28+00:00,34.014903,-81.028645,98.9,3.57,-0.1,0.0,8.0,3D,2025-09-23 06:14:28-04:00,POINT (-81.028645 34.014903)
2025-09-22 22:21:24 UTC,sensor10,300372181,19.14,81.89,2025-09-23 10:14:28+00:00,34.014903,-81.028645,98.9,3.57,-0.1,0.0,8.0,3D,2025-09-23 06:14:28-04:00,POINT (-81.028645 34.014903)
2025-09-22 22:21:29 UTC,sensor10,300372181,19.11,82.02,2025-09-23 10:14:28+00:00,34.014903,-81.028645,98.9,3.57,-0.1,0.0,8.0,3D,2025-09-23 06:14:28-04:00,POINT (-81.028645 34.014903)
2025-09-22 22:21:34 UTC,sensor10,300372181,19.04,82.36,2025-09-23 10:14:28+00:00,34.014903,-81.028645,98.9,3.57,-0.1,0.0,8.0,3D,2025-09-23 06:14:28-04:00,POINT (-81.028645 34.014903)
2025-09-22 22:21:39 UTC,sensor10,300372181,19.03,82.9,2025-09-23 10:14:28+00:00,34.014903,-81.028645,98.9,3.57,-0.1,0.0,8.0,3D,2025-09-23 06:14:28-04:00,POINT (-81.028645 34.014903)
2025-09-22 22:21:44 UTC,sensor10,300372181,18.94,82.97,2025-09-23 10:14:28+00:00,34.014903,-81.028645,98.9,3.57,-0.1,0.0,8.0,3D,2025-09-23 06:14:28-04:00,POINT (-81.028645 34.014903)
2025-09-22 22:21:49 UTC,sensor10,300372181,18.89,83.04,2025-09-23 10:14:28+00:00,34.014903,-81.028645,98.9,3.57,-0.1,0.0,8.0,3D,2025-09-23 06:14:28-04:00,POINT (-81.028645 34.014903)
2025-09-22 22:21:54 UTC,sensor10,300372181,18.82,83.2,2025-09-23 10:14:28+00:00,34.014903,-81.028645,98.9,3.57,-0.1,0.0,8.0,3D,2025-09-23 06:14:28-04:00,POINT (-81.028645 34.014903)
2025-09-22 22:21:59 UTC,sensor10,300372181,18.82,83.35,2025-09-23 10:14:28+00:00,34.014903,-81.028645,98.9,3.57,-0.1,0.0,8.0,3D,2025-09-23 06:14:28-04:00,POINT (-81.028645 34.014903)
2025-09-22 22:22:04 UTC,sensor10,300372181,18.93,83.38,2025-09-23 10:14:28+00:00,34.014903,-81.028645,98.9,3.57,-0.1,0.0,8.0,3D,2025-09-23 06:14:28-04:00,POINT (-81.028645 34.014903)
2025-09-22 22:22:09 UTC,sensor10,300372181,19.1,83.05,2025-09-23 10:14:28+00:00,34.014903,-81.028645,98.9,3.57,-0.1,0.0,8.0,3D,2025-09-23 06:14:28-04:00,POINT (-81.028645 34.014903)
2025-09-22 22:22:14 UTC,sensor10,300372181,19.19,82.51,2025-09-23 10:14:28+00:00,34.014903,-81.028645,98.9,3.57,-0.1,0.0,8.0,3D,2025-09-23 06:14:28-04:00,POINT (-81.028645 34.014903)
2025-09-22 22:22:19 UTC,sensor10,300372181,19.22,82.22,2025-09-23 10:14:28+00:00,34.014903,-81.028645,98.9,3.57,-0.1,0.0,8.0,3D,2025-09-23 06:14:28-04:00,POINT (-81.028645 34.014903)
2025-09-22 22:22:24 UTC,sensor10,300372181,19.27,82.07,2025-09-23 10:14:28+00:00,34.014903,-81.028645,98.9,3.57,-0.1,0.0,8.0,3D,2025-09-23 06:14:28-04:00,POINT (-81.028645 34.014903)
2025-09-22 22:22:29 UTC,sensor10,300372181,19.27,82.01,2025-09-23 10:14:28+00:00,34.014903,-81.028645,98.9,3.57,-0.1,0.0,8.0,3D,2025-09-23 06:14:28-04:00,POINT (-81.028645 34.014903)
2025-09-22 22:22:34 UTC,sensor10,300372181,19.27,81.89,2025-09-23 10:14:28+00:00,34.014903,-81.028645,98.9,3.57,-0.1,0.0,8.0,3D,2025-09-23 06:14:28-04:00,POINT (-81.028645 34.014903)
2025-09-22 22:22:39 UTC,sensor10,300372181,19.24,81.85,2025-09-23 10:14:28+00:00,34.014903,-81.028645,98.9,3.57,-0.1,0.0,8.0,3D,2025-09-23 06:14:28-04:00,POINT (-81.028645 34.014903)
2025-09-22 22:22:44 UTC,sensor10,300372181,19.23,81.79,2025-09-23 10:14:28+00:00,34.014903,-81.028645,98.9,3.57,-0.1,0.0,8.0,3D,2025-09-23 06:14:28-04:00,POINT (-81.028645 34.014903)
2025-09-22 22:22:49 UTC,sensor10,300372181,19.14,82.09,2025-09-23 10:14:28+00:00,34.014903,-81.028645,98.9,3.57,-0.1,0.0,8.0,3D,2025-09-23 06:14:28-04:00,POINT (-81.028645 34.014903)
2025-09-22 22:22:54 UTC,sensor10,300372181,19.06,82.78,2025-09-23 10:14:28+00:00,34.014903,-81.028645,98.9,3.57,-0.1,0.0,8.0,3D,2025-09-23 06:14:28-04:00,POINT (-81.028645 34.014903)
2025-09-22 22:23:00 UTC,sensor10,300372181,19.04,83.2,2025-09-23 10:14:28+00:00,34.014903,-81.028645,98.9,3.57,-0.1,0.0,8.0,3D,2025-09-23 06:14:28-04:00,POINT (-81.028645 34.014903)
2025-09-22 22:23:05 UTC,sensor10,300372181,18.94,83.48,2025-09-23 10:14:28+00:00,34.014903,-81.028645,98.9,3.57,-0.1,0.0,8.0,3D,2025-09-23 06:14:28-04:00,POINT (-81.028645 34.014903)
2025-09-22 22:23:10 UTC,sensor10,300372181,18.71,84.05,2025-09-23 10:14:28+00:00,34.014903,-81.028645,98.9,3.57,-0.1,0.0,8.0,3D,2025-09-23 06:14:28-04:00,POINT (-81.028645 34.014903)
2025-09-22 22:23:15 UTC,sensor10,300372181,18.5,84.85,2025-09-23 10:14:28+00:00,34.014903,-81.028645,98.9,3.57,-0.1,0.0,8.0,3D,2025-09-23 06:14:28-04:00,POINT (-81.028645 34.014903)
2025-09-22 22:23:20 UTC,sensor10,300372181,18.34,85.48,2025-09-23 10:14:28+00:00,34.014903,-81.028645,98.9,3.57,-0.1,0.0,8.0,3D,2025-09-23 06:14:28-04:00,POINT (-81.028645 34.014903)
2025-09-22 22:23:25 UTC,sensor10,300372181,18.17,86.01,2025-09-23 10:14:28+00:00,34.014903,-81.028645,98.9,3.57,-0.1,0.0,8.0,3D,2025-09-23 06:14:28-04:00,POINT (-81.028645 34.014903)
2025-09-22 22:23:30 UTC,sensor10,300372181,18.03,86.55,2025-09-23 10:14:28+00:00,34.014903,-81.028645,98.9,3.57,-0.1,0.0,8.0,3D,2025-09-23 06:14:28-04:00,POINT (-81.028645 34.014903)
2025-09-22 22:23:35 UTC,sensor10,300372181,17.89,87.07,2025-09-23 10:14:28+00:00,34.014903,-81.028645,98.9,3.57,-0.1,0.0,8.0,3D,2025-09-23 06:14:28-04:00,POINT (-81.028645 34.014903)
2025-09-22 22:23:40 UTC,sensor10,300372181,17.71,87.75,2025-09-23 10:14:28+00:00,34.014903,-81.028645,98.9,3.57,-0.1,0.0,8.0,3D,2025-09-23 06:14:28-04:00,POINT (-81.028645 34.014903)
2025-09-22 22:23:45 UTC,sensor10,300372181,17.66,88.41,2025-09-23 10:14:28+00:00,34.014903,-81.028645,98.9,3.57,-0.1,0.0,8.0,3D,2025-09-23 06:14:28-04:00,POINT (-81.028645 34.014903)
2025-09-22 22:23:50 UTC,sensor10,300372181,17.6,88.91,2025-09-23 10:14:28+00:00,34.014903,-81.028645,98.9,3.57,-0.1,0.0,8.0,3D,2025-09-23 06:14:28-04:00,POINT (-81.028645 34.014903)
2025-09-22 22:23:55 UTC,sensor10,300372181,17.5,89.21,2025-09-23 10:14:28+00:00,34.014903,-81.028645,98.9,3.57,-0.1,0.0,8.0,3D,2025-09-23 06:14:28-04:00,POINT (-81.028645 34.014903)
2025-09-22 22:24:00 UTC,sensor10,300372181,17.36,89.28,2025-09-23 10:14:28+00:00,34.014903,-81.028645,98.9,3.57,-0.1,0.0,8.0,3D,2025-09-23 06:14:28-04:00,POINT (-81.028645 34.014903)
2025-09-22 22:24:05 UTC,sensor10,300372181,17.32,89.75,2025-09-23 10:14:28+00:00,34.014903,-81.028645,98.9,3.57,-0.1,0.0,8.0,3D,2025-09-23 06:14:28-04:00,POINT (-81.028645 34.014903)
2025-09-22 22:24:10 UTC,sensor10,300372181,17.26,90.19,2025-09-23 10:14:28+00:00,34.014903,-81.028645,98.9,3.57,-0.1,0.0,8.0,3D,2025-09-23 06:14:28-04:00,POINT (-81.028645 34.014903)
2025-09-22 22:24:15 UTC,sensor10,300372181,17.21,90.49,2025-09-23 10:14:28+00:00,34.014903,-81.028645,98.9,3.57,-0.1,0.0,8.0,3D,2025-09-23 06:14:28-04:00,POINT (-81.028645 34.014903)
2025-09-22 22:24:20 UTC,sensor10,300372181,17.16,90.75,2025-09-23 10:14:28+00:00,34.014903,-81.028645,98.9,3.57,-0.1,0.0,8.0,3D,2025-09-23 06:14:28-04:00,POINT (-81.028645 34.014903)
2025-09-22 22:24:25 UTC,sensor10,300372181,17.17,91.05,2025-09-23 10:14:28+00:00,34.014903,-81.028645,98.9,3.57,-0.1,0.0,8.0,3D,2025-09-23 06:14:28-04:00,POINT (-81.028645 34.014903)
2025-09-22 22:24:30 UTC,sensor10,300372181,17.2,91.24,2025-09-23 10:14:28+00:00,34.014903,-81.028645,98.9,3.57,-0.1,0.0,8.0,3D,2025-09-23 06:14:28-04:00,POINT (-81.028645 34.014903)
2025-09-22 22:24:35 UTC,sensor10,300372181,17.21,91.24,2025-09-23 10:14:28+00:00,34.014903,-81.028645,98.9,3.57,-0.1,0.0,8.0,3D,2025-09-23 06:14:28-04:00,POINT (-81.028645 34.014903)
2025-09-22 22:24:40 UTC,sensor10,300372181,17.18,91.09,2025-09-23 10:14:28+00:00,34.014903,-81.028645,98.9,3.57,-0.1,0.0,8.0,3D,2025-09-23 06:14:28-04:00,POINT (-81.028645 34.014903)
2025-09-22 22:24:45 UTC,sensor10,300372181,17.13,90.88,2025-09-23 10:14:28+00:00,34.014903,-81.028645,98.9,3.57,-0.1,0.0,8.0,3D,2025-09-23 06:14:28-04:00,POINT (-81.028645 34.014903)
2025-09-22 22:24:50 UTC,sensor10,300372181,17.17,90.7,2025-09-23 10:14:28+00:00,34.014903,-81.028645,98.9,3.57,-0.1,0.0,8.0,3D,2025-09-23 06:14:28-04:00,POINT (-81.028645 34.014903)
2025-09-22 22:24:55 UTC,sensor10,300372181,17.2,90.61,2025-09-23 10:14:28+00:00,34.014903,-81.028645,98.9,3.57,-0.1,0.0,8.0,3D,2025-09-23 06:14:28-04:00,POINT (-81.028645 34.014903)
2025-09-22 22:25:00 UTC,sensor10,300372181,17.22,90.4,2025-09-23 10:14:28+00:00,34.014903,-81.028645,98.9,3.57,-0.1,0.0,8.0,3D,2025-09-23 06:14:28-04:00,POINT (-81.028645 34.014903)
2025-09-22 22:25:05 UTC,sensor10,300372181,17.22,90.34,2025-09-23 10:14:28+00:00,34.014903,-81.028645,98.9,3.57,-0.1,0.0,8.0,3D,2025-09-23 06:14:28-04:00,POINT (-81.028645 34.014903)
2025-09-22 22:25:11 UTC,sensor10,300372181,17.23,90.38,2025-09-23 10:14:28+00:00,34.014903,-81.028645,98.9,3.57,-0.1,0.0,8.0,3D,2025-09-23 06:14:28-04:00,POINT (-81.028645 34.014903)
2025-09-22 22:25:16 UTC,sensor10,300372181,17.26,90.44,2025-09-23 10:14:28+00:00,34.014903,-81.028645,98.9,3.57,-0.1,0.0,8.0,3D,2025-09-23 06:14:28-04:00,POINT (-81.028645 34.014903)
2025-09-22 22:25:21 UTC,sensor10,300372181,17.25,90.45,2025-09-23 10:14:28+00:00,34.014903,-81.028645,98.9,3.57,-0.1,0.0,8.0,3D,2025-09-23 06:14:28-04:00,POINT (-81.028645 34.014903)
2025-09-22 22:25:26 UTC,sensor10,300372181,17.26,90.42,2025-09-23 10:14:28+00:00,34.014903,-81.028645,98.9,3.57,-0.1,0.0,8.0,3D,2025-09-23 06:14:28-04:00,POINT (-81.028645 34.014903)
2025-09-22 22:25:31 UTC,sensor10,300372181,17.27,90.42,2025-09-23 10:14:28+00:00,34.014903,-81.028645,98.9,3.57,-0.1,0.0,8.0,3D,2025-09-23 06:14:28-04:00,POINT (-81.028645 34.014903)
2025-09-22 22:25:36 UTC,sensor10,300372181,17.28,90.38,2025-09-23 10:14:28+00:00,34.014903,-81.028645,98.9,3.57,-0.1,0.0,8.0,3D,2025-09-23 06:14:28-04:00,POINT (-81.028645 34.014903)
2025-09-22 22:25:41 UTC,sensor10,300372181,17.27,90.38,2025-09-23 10:14:28+00:00,34.014903,-81.028645,98.9,3.57,-0.1,0.0,8.0,3D,2025-09-23 06:14:28-04:00,POINT (-81.028645 34.014903)
2025-09-22 22:25:46 UTC,sensor10,300372181,17.28,90.39,2025-09-23 10:14:28+00:00,34.014903,-81.028645,98.9,3.57,-0.1,0.0,8.0,3D,2025-09-23 06:14:28-04:00,POINT (-81.028645 34.014903)
2025-09-22 22:25:51 UTC,sensor10,300372181,17.29,90.39,2025-09-23 10:14:28+00:00,34.014903,-81.028645,98.9,3.57,-0.1,0.0,8.0,3D,2025-09-23 06:14:28-04:00,POINT (-81.028645 34.014903)
2025-09-22 22:25:56 UTC,sensor10,300372181,17.3,90.35,2025-09-23 10:14:28+00:00,34.014903,-81.028645,98.9,3.57,-0.1,0.0,8.0,3D,2025-09-23 06:14:28-04:00,POINT (-81.028645 34.014903)
2025-09-22 22:26:01 UTC,sensor10,300372181,17.29,90.33,2025-09-23 10:14:28+00:00,34.014903,-81.028645,98.9,3.57,-0.1,0.0,8.0,3D,2025-09-23 06:14:28-04:00,POINT (-81.028645 34.014903)
2025-09-22 22:26:06 UTC,sensor10,300372181,17.3,90.2,2025-09-23 10:14:28+00:00,34.014903,-81.028645,98.9,3.57,-0.1,0.0,8.0,3D,2025-09-23 06:14:28-04:00,POINT (-81.028645 34.014903)
2025-09-22 22:26:11 UTC,sensor10,300372181,17.29,90.16,2025-09-23 10:14:28+00:00,34.014903,-81.028645,98.9,3.57,-0.1,0.0,8.0,3D,2025-09-23 06:14:28-04:00,POINT (-81.028645 34.014903)
2025-09-22 22:26:16 UTC,sensor10,300372181,17.29,90.09,2025-09-23 10:14:28+00:00,34.014903,-81.028645,98.9,3.57,-0.1,0.0,8.0,3D,2025-09-23 06:14:28-04:00,POINT (-81.028645 34.014903)
2025-09-22 22:26:21 UTC,sensor10,300372181,17.28,90.06,2025-09-23 10:14:28+00:00,34.014903,-81.028645,98.9,3.57,-0.1,0.0,8.0,3D,2025-09-23 06:14:28-04:00,POINT (-81.028645 34.014903)
2025-09-22 22:26:26 UTC,sensor10,300372181,17.29,90.05,2025-09-23 10:14:28+00:00,34.014903,-81.028645,98.9,3.57,-0.1,0.0,8.0,3D,2025-09-23 06:14:28-04:00,POINT (-81.028645 34.014903)
2025-09-22 22:26:31 UTC,sensor10,300372181,17.27,90.03,2025-09-23 10:14:28+00:00,34.014903,-81.028645,98.9,3.57,-0.1,0.0,8.0,3D,2025-09-23 06:14:28-04:00,POINT (-81.028645 34.014903)
2025-09-22 22:26:36 UTC,sensor10,300372181,17.26,90.06,2025-09-23 10:14:28+00:00,34.014903,-81.028645,98.9,3.57,-0.1,0.0,8.0,3D,2025-09-23 06:14:28-04:00,POINT (-81.028645 34.014903)
2025-09-22 22:26:41 UTC,sensor10,300372181,17.28,90.1,2025-09-23 10:14:28+00:00,34.014903,-81.028645,98.9,3.57,-0.1,0.0,8.0,3D,2025-09-23 06:14:28-04:00,POINT (-81.028645 34.014903)
2025-09-22 22:26:46 UTC,sensor10,300372181,17.26,90.15,2025-09-23 10:14:28+00:00,34.014903,-81.028645,98.9,3.57,-0.1,0.0,8.0,3D,2025-09-23 06:14:28-04:00,POINT (-81.028645 34.014903)
2025-09-22 22:26:51 UTC,sensor10,300372181,17.23,90.19,2025-09-23 10:14:28+00:00,34.014903,-81.028645,98.9,3.57,-0.1,0.0,8.0,3D,2025-09-23 06:14:28-04:00,POINT (-81.028645 34.014903)
2025-09-22 22:26:56 UTC,sensor10,300372181,17.25,90.24,2025-09-23 10:14:28+00:00,34.014903,-81.028645,98.9,3.57,-0.1,0.0,8.0,3D,2025-09-23 06:14:28-04:00,POINT (-81.028645 34.014903)
2025-09-22 22:27:01 UTC,sensor10,300372181,17.26,90.27,2025-09-23 10:14:28+00:00,34.014903,-81.028645,98.9,3.57,-0.1,0.0,8.0,3D,2025-09-23 06:14:28-04:00,POINT (-81.028645 34.014903)
2025-09-22 22:27:06 UTC,sensor10,300372181,17.25,90.29,2025-09-23 10:14:28+00:00,34.014903,-81.028645,98.9,3.57,-0.1,0.0,8.0,3D,2025-09-23 06:14:28-04:00,POINT (-81.028645 34.014903)
2025-09-22 22:27:11 UTC,sensor10,300372181,17.25,90.34,2025-09-23 10:14:28+00:00,34.014903,-81.028645,98.9,3.57,-0.1,0.0,8.0,3D,2025-09-23 06:14:28-04:00,POINT (-81.028645 34.014903)
2025-09-22 22:27:16 UTC,sensor10,300372181,17.23,90.38,2025-09-23 10:14:28+00:00,34.014903,-81.028645,98.9,3.57,-0.1,0.0,8.0,3D,2025-09-23 06:14:28-04:00,POINT (-81.028645 34.014903)
2025-09-22 22:27:21 UTC,sensor10,300372181,17.24,90.45,2025-09-23 10:14:28+00:00,34.014903,-81.028645,98.9,3.57,-0.1,0.0,8.0,3D,2025-09-23 06:14:28-04:00,POINT (-81.028645 34.014903)
2025-09-22 22:27:26 UTC,sensor10,300372181,17.23,90.49,2025-09-23 10:14:28+00:00,34.014903,-81.028645,98.9,3.57,-0.1,0.0,8.0,3D,2025-09-23 06:14:28-04:00,POINT (-81.028645 34.014903)
2025-09-22 22:27:31 UTC,sensor10,300372181,17.22,90.57,2025-09-23 10:14:28+00:00,34.014903,-81.028645,98.9,3.57,-0.1,0.0,8.0,3D,2025-09-23 06:14:28-04:00,POINT (-81.028645 34.014903)
2025-09-22 22:27:37 UTC,sensor10,300372181,17.22,90.6,2025-09-23 10:14:28+00:00,34.014903,-81.028645,98.9,3.57,-0.1,0.0,8.0,3D,2025-09-23 06:14:28-04:00,POINT (-81.028645 34.014903)
2025-09-22 22:27:42 UTC,sensor10,300372181,17.25,90.64,2025-09-23 10:14:28+00:00,34.014903,-81.028645,98.9,3.57,-0.1,0.0,8.0,3D,2025-09-23 06:14:28-04:00,POINT (-81.028645 34.014903)
2025-09-22 22:27:47 UTC,sensor10,300372181,17.22,90.69,2025-09-23 10:14:28+00:00,34.014903,-81.028645,98.9,3.57,-0.1,0.0,8.0,3D,2025-09-23 06:14:28-04:00,POINT (-81.028645 34.014903)
2025-09-22 22:27:52 UTC,sensor10,300372181,17.21,90.71,2025-09-23 10:14:28+00:00,34.014903,-81.028645,98.9,3.57,-0.1,0.0,8.0,3D,2025-09-23 06:14:28-04:00,POINT (-81.028645 34.014903)
2025-09-22 22:27:57 UTC,sensor10,300372181,17.21,90.7,2025-09-23 10:14:28+00:00,34.014903,-81.028645,98.9,3.57,-0.1,0.0,8.0,3D,2025-09-23 06:14:28-04:00,POINT (-81.028645 34.014903)
2025-09-22 22:28:02 UTC,sensor10,300372181,17.21,90.71,2025-09-23 10:14:28+00:00,34.014903,-81.028645,98.9,3.57,-0.1,0.0,8.0,3D,2025-09-23 06:14:28-04:00,POINT (-81.028645 34.014903)
2025-09-22 22:28:07 UTC,sensor10,300372181,17.17,90.69,2025-09-23 10:14:28+00:00,34.014903,-81.028645,98.9,3.57,-0.1,0.0,8.0,3D,2025-09-23 06:14:28-04:00,POINT (-81.028645 34.014903)
2025-09-22 22:28:12 UTC,sensor10,300372181,17.19,90.68,2025-09-23 10:14:28+00:00,34.014903,-81.028645,98.9,3.57,-0.1,0.0,8.0,3D,2025-09-23 06:14:28-04:00,POINT (-81.028645 34.014903)
2025-09-22 22:28:17 UTC,sensor10,300372181,17.21,90.67,2025-09-23 10:14:28+00:00,34.014903,-81.028645,98.9,3.57,-0.1,0.0,8.0,3D,2025-09-23 06:14:28-04:00,POINT (-81.028645 34.014903)
2025-09-22 22:28:22 UTC,sensor10,300372181,17.2,90.65,2025-09-23 10:14:28+00:00,34.014903,-81.028645,98.9,3.57,-0.1,0.0,8.0,3D,2025-09-23 06:14:28-04:00,POINT (-81.028645 34.014903)
2025-09-22 22:28:27 UTC,sensor10,300372181,17.2,90.61,2025-09-23 10:14:28+00:00,34.014903,-81.028645,98.9,3.57,-0.1,0.0,8.0,3D,2025-09-23 06:14:28-04:00,POINT (-81.028645 34.014903)
2025-09-22 22:28:32 UTC,sensor10,300372181,17.2,90.65,2025-09-23 10:14:28+00:00,34.014903,-81.028645,98.9,3.57,-0.1,0.0,8.0,3D,2025-09-23 06:14:28-04:00,POINT (-81.028645 34.014903)
2025-09-22 22:28:37 UTC,sensor10,300372181,17.19,90.64,2025-09-23 10:14:28+00:00,34.014903,-81.028645,98.9,3.57,-0.1,0.0,8.0,3D,2025-09-23 06:14:28-04:00,POINT (-81.028645 34.014903)
2025-09-22 22:28:42 UTC,sensor10,300372181,17.19,90.69,2025-09-23 10:14:28+00:00,34.014903,-81.028645,98.9,3.57,-0.1,0.0,8.0,3D,2025-09-23 06:14:28-04:00,POINT (-81.028645 34.014903)
2025-09-22 22:28:47 UTC,sensor10,300372181,17.19,90.75,2025-09-23 10:14:28+00:00,34.014903,-81.028645,98.9,3.57,-0.1,0.0,8.0,3D,2025-09-23 06:14:28-04:00,POINT (-81.028645 34.014903)
2025-09-22 22:28:52 UTC,sensor10,300372181,17.21,90.8,2025-09-23 10:14:28+00:00,34.014903,-81.028645,98.9,3.57,-0.1,0.0,8.0,3D,2025-09-23 06:14:28-04:00,POINT (-81.028645 34.014903)
2025-09-22 22:28:57 UTC,sensor10,300372181,17.21,90.82,2025-09-23 10:14:28+00:00,34.014903,-81.028645,98.9,3.57,-0.1,0.0,8.0,3D,2025-09-23 06:14:28-04:00,POINT (-81.028645 34.014903)
2025-09-22 22:29:02 UTC,sensor10,300372181,17.19,90.82,2025-09-23 10:14:28+00:00,34.014903,-81.028645,98.9,3.57,-0.1,0.0,8.0,3D,2025-09-23 06:14:28-04:00,POINT (-81.028645 34.014903)
2025-09-22 22:29:07 UTC,sensor10,300372181,17.23,90.83,2025-09-23 10:14:28+00:00,34.014903,-81.028645,98.9,3.57,-0.1,0.0,8.0,3D,2025-09-23 06:14:28-04:00,POINT (-81.028645 34.014903)
2025-09-22 22:29:12 UTC,sensor10,300372181,17.21,90.84,2025-09-23 10:14:28+00:00,34.014903,-81.028645,98.9,3.57,-0.1,0.0,8.0,3D,2025-09-23 06:14:28-04:00,POINT (-81.028645 34.014903)
2025-09-22 22:29:17 UTC,sensor10,300372181,17.22,90.83,2025-09-23 10:14:28+00:00,34.014903,-81.028645,98.9,3.57,-0.1,0.0,8.0,3D,2025-09-23 06:14:28-04:00,POINT (-81.028645 34.014903)
2025-09-22 22:29:22 UTC,sensor10,300372181,17.23,90.87,2025-09-23 10:14:28+00:00,34.014903,-81.028645,98.9,3.57,-0.1,0.0,8.0,3D,2025-09-23 06:14:28-04:00,POINT (-81.028645 34.014903)
2025-09-22 22:29:27 UTC,sensor10,300372181,17.23,90.91,2025-09-23 10:14:28+00:00,34.014903,-81.028645,98.9,3.57,-0.1,0.0,8.0,3D,2025-09-23 06:14:28-04:00,POINT (-81.028645 34.014903)
2025-09-22 22:29:32 UTC,sensor10,300372181,17.23,90.94,2025-09-23 10:14:28+00:00,34.014903,-81.028645,98.9,3.57,-0.1,0.0,8.0,3D,2025-09-23 06:14:28-04:00,POINT (-81.028645 34.014903)
2025-09-22 22:29:37 UTC,sensor10,300372181,17.24,90.93,2025-09-23 10:14:28+00:00,34.014903,-81.028645,98.9,3.57,-0.1,0.0,8.0,3D,2025-09-23 06:14:28-04:00,POINT (-81.028645 34.014903)
2025-09-22 22:29:42 UTC,sensor10,300372181,17.25,90.92,2025-09-23 10:14:28+00:00,34.014903,-81.028645,98.9,3.57,-0.1,0.0,8.0,3D,2025-09-23 06:14:28-04:00,POINT (-81.028645 34.014903)
2025-09-22 22:29:48 UTC,sensor10,300372181,17.27,90.92,2025-09-23 10:14:28+00:00,34.014903,-81.028645,98.9,3.57,-0.1,0.0,8.0,3D,2025-09-23 06:14:28-04:00,POINT (-81.028645 34.014903)
2025-09-22 22:29:53 UTC,sensor10,300372181,17.28,90.92,2025-09-23 10:14:28+00:00,34.014903,-81.028645,98.9,3.57,-0.1,0.0,8.0,3D,2025-09-23 06:14:28-04:00,POINT (-81.028645 34.014903)
2025-09-22 22:29:58 UTC,sensor10,300372181,17.29,90.89,2025-09-23 10:14:28+00:00,34.014903,-81.028645,98.9,3.57,-0.1,0.0,8.0,3D,2025-09-23 06:14:28-04:00,POINT (-81.028645 34.014903)
2025-09-22 22:30:03 UTC,sensor10,300372181,17.28,90.88,2025-09-23 10:14:28+00:00,34.014903,-81.028645,98.9,3.57,-0.1,0.0,8.0,3D,2025-09-23 06:14:28-04:00,POINT (-81.028645 34.014903)
2025-09-22 22:30:08 UTC,sensor10,300372181,17.3,90.85,2025-09-23 10:14:28+00:00,34.014903,-81.028645,98.9,3.57,-0.1,0.0,8.0,3D,2025-09-23 06:14:28-04:00,POINT (-81.028645 34.014903)
2025-09-22 22:30:13 UTC,sensor10,300372181,17.27,90.84,2025-09-23 10:14:28+00:00,34.014903,-81.028645,98.9,3.57,-0.1,0.0,8.0,3D,2025-09-23 06:14:28-04:00,POINT (-81.028645 34.014903)
2025-09-22 22:30:18 UTC,sensor10,300372181,17.3,90.79,2025-09-23 10:14:28+00:00,34.014903,-81.028645,98.9,3.57,-0.1,0.0,8.0,3D,2025-09-23 06:14:28-04:00,POINT (-81.028645 34.014903)
2025-09-22 22:30:23 UTC,sensor10,300372181,17.28,90.74,2025-09-23 10:14:28+00:00,34.014903,-81.028645,98.9,3.57,-0.1,0.0,8.0,3D,2025-09-23 06:14:28-04:00,POINT (-81.028645 34.014903)
2025-09-22 22:30:28 UTC,sensor10,300372181,17.29,90.64,2025-09-23 10:14:28+00:00,34.014903,-81.028645,98.9,3.57,-0.1,0.0,8.0,3D,2025-09-23 06:14:28-04:00,POINT (-81.028645 34.014903)
2025-09-22 22:30:33 UTC,sensor10,300372181,17.28,90.56,2025-09-23 10:14:28+00:00,34.014903,-81.028645,98.9,3.57,-0.1,0.0,8.0,3D,2025-09-23 06:14:28-04:00,POINT (-81.028645 34.014903)
2025-09-22 22:30:38 UTC,sensor10,300372181,17.29,90.51,2025-09-23 10:14:28+00:00,34.014903,-81.028645,98.9,3.57,-0.1,0.0,8.0,3D,2025-09-23 06:14:28-04:00,POINT (-81.028645 34.014903)
2025-09-22 22:30:43 UTC,sensor10,300372181,17.26,90.46,2025-09-23 10:14:28+00:00,34.014903,-81.028645,98.9,3.57,-0.1,0.0,8.0,3D,2025-09-23 06:14:28-04:00,POINT (-81.028645 34.014903)
2025-09-22 22:30:48 UTC,sensor10,300372181,17.26,90.31,2025-09-23 10:14:28+00:00,34.014903,-81.028645,98.9,3.57,-0.1,0.0,8.0,3D,2025-09-23 06:14:28-04:00,POINT (-81.028645 34.014903)
2025-09-22 22:30:53 UTC,sensor10,300372181,17.27,90.23,2025-09-23 10:14:28+00:00,34.014903,-81.028645,98.9,3.57,-0.1,0.0,8.0,3D,2025-09-23 06:14:28-04:00,POINT (-81.028645 34.014903)
2025-09-22 22:30:58 UTC,sensor10,300372181,17.24,90.23,2025-09-23 10:14:28+00:00,34.014903,-81.028645,98.9,3.57,-0.1,0.0,8.0,3D,2025-09-23 06:14:28-04:00,POINT (-81.028645 34.014903)
2025-09-22 22:31:03 UTC,sensor10,300372181,17.23,90.13,2025-09-23 10:14:28+00:00,34.014903,-81.028645,98.9,3.57,-0.1,0.0,8.0,3D,2025-09-23 06:14:28-04:00,POINT (-81.028645 34.014903)
2025-09-22 22:31:08 UTC,sensor10,300372181,17.24,90.07,2025-09-23 10:14:28+00:00,34.014903,-81.028645,98.9,3.57,-0.1,0.0,8.0,3D,2025-09-23 06:14:28-04:00,POINT (-81.028645 34.014903)
2025-09-22 22:31:13 UTC,sensor10,300372181,17.22,90.06,2025-09-23 10:14:28+00:00,34.014903,-81.028645,98.9,3.57,-0.1,0.0,8.0,3D,2025-09-23 06:14:28-04:00,POINT (-81.028645 34.014903)
2025-09-22 22:31:18 UTC,sensor10,300372181,17.2,90.06,2025-09-23 10:14:28+00:00,34.014903,-81.028645,98.9,3.57,-0.1,0.0,8.0,3D,2025-09-23 06:14:28-04:00,POINT (-81.028645 34.014903)
2025-09-22 22:31:23 UTC,sensor10,300372181,17.21,90.09,2025-09-23 10:14:28+00:00,34.014903,-81.028645,98.9,3.57,-0.1,0.0,8.0,3D,2025-09-23 06:14:28-04:00,POINT (-81.028645 34.014903)
2025-09-22 22:31:28 UTC,sensor10,300372181,17.21,90.1,2025-09-23 10:14:28+00:00,34.014903,-81.028645,98.9,3.57,-0.1,0.0,8.0,3D,2025-09-23 06:14:28-04:00,POINT (-81.028645 34.014903)
2025-09-22 22:31:33 UTC,sensor10,300372181,17.22,90.1,2025-09-23 10:14:28+00:00,34.014903,-81.028645,98.9,3.57,-0.1,0.0,8.0,3D,2025-09-23 06:14:28-04:00,POINT (-81.028645 34.014903)
2025-09-22 22:31:38 UTC,sensor10,300372181,17.2,90.18,2025-09-23 10:14:28+00:00,34.014903,-81.028645,98.9,3.57,-0.1,0.0,8.0,3D,2025-09-23 06:14:28-04:00,POINT (-81.028645 34.014903)
2025-09-22 22:31:43 UTC,sensor10,300372181,17.2,90.27,2025-09-23 10:14:28+00:00,34.014903,-81.028645,98.9,3.57,-0.1,0.0,8.0,3D,2025-09-23 06:14:28-04:00,POINT (-81.028645 34.014903)
2025-09-22 22:31:48 UTC,sensor10,300372181,17.21,90.31,2025-09-23 10:14:28+00:00,34.014903,-81.028645,98.9,3.57,-0.1,0.0,8.0,3D,2025-09-23 06:14:28-04:00,POINT (-81.028645 34.014903)
2025-09-22 22:31:53 UTC,sensor10,300372181,17.22,90.35,2025-09-23 10:14:28+00:00,34.014903,-81.028645,98.9,3.57,-0.1,0.0,8.0,3D,2025-09-23 06:14:28-04:00,POINT (-81.028645 34.014903)
2025-09-22 22:31:58 UTC,sensor10,300372181,17.2,90.44,2025-09-23 10:14:28+00:00,34.014903,-81.028645,98.9,3.57,-0.1,0.0,8.0,3D,2025-09-23 06:14:28-04:00,POINT (-81.028645 34.014903)
2025-09-22 22:32:03 UTC,sensor10,300372181,17.22,90.52,2025-09-23 10:14:28+00:00,34.014903,-81.028645,98.9,3.57,-0.1,0.0,8.0,3D,2025-09-23 06:14:28-04:00,POINT (-81.028645 34.014903)
2025-09-22 22:32:09 UTC,sensor10,300372181,17.22,90.56,2025-09-23 10:14:28+00:00,34.014903,-81.028645,98.9,3.57,-0.1,0.0,8.0,3D,2025-09-23 06:14:28-04:00,POINT (-81.028645 34.014903)
2025-09-22 22:32:14 UTC,sensor10,300372181,17.23,90.54,2025-09-23 10:14:28+00:00,34.014903,-81.028645,98.9,3.57,-0.1,0.0,8.0,3D,2025-09-23 06:14:28-04:00,POINT (-81.028645 34.014903)
2025-09-22 22:32:19 UTC,sensor10,300372181,17.24,90.56,2025-09-23 10:14:28+00:00,34.014903,-81.028645,98.9,3.57,-0.1,0.0,8.0,3D,2025-09-23 06:14:28-04:00,POINT (-81.028645 34.014903)
2025-09-22 22:32:24 UTC,sensor10,300372181,17.23,90.65,2025-09-23 10:14:28+00:00,34.014903,-81.028645,98.9,3.57,-0.1,0.0,8.0,3D,2025-09-23 06:14:28-04:00,POINT (-81.028645 34.014903)
2025-09-22 22:32:29 UTC,sensor10,300372181,17.24,90.77,2025-09-23 10:14:28+00:00,34.014903,-81.028645,98.9,3.57,-0.1,0.0,8.0,3D,2025-09-23 06:14:28-04:00,POINT (-81.028645 34.014903)
2025-09-22 22:32:34 UTC,sensor10,300372181,17.28,90.86,2025-09-23 10:14:28+00:00,34.014903,-81.028645,98.9,3.57,-0.1,0.0,8.0,3D,2025-09-23 06:14:28-04:00,POINT (-81.028645 34.014903)
2025-09-22 22:32:39 UTC,sensor10,300372181,17.27,90.91,2025-09-23 10:14:28+00:00,34.014903,-81.028645,98.9,3.57,-0.1,0.0,8.0,3D,2025-09-23 06:14:28-04:00,POINT (-81.028645 34.014903)
2025-09-22 22:32:44 UTC,sensor10,300372181,17.27,90.95,2025-09-23 10:14:28+00:00,34.014903,-81.028645,98.9,3.57,-0.1,0.0,8.0,3D,2025-09-23 06:14:28-04:00,POINT (-81.028645 34.014903)
2025-09-22 22:32:49 UTC,sensor10,300372181,17.3,90.96,2025-09-23 10:14:28+00:00,34.014903,-81.028645,98.9,3.57,-0.1,0.0,8.0,3D,2025-09-23 06:14:28-04:00,POINT (-81.028645 34.014903)
2025-09-22 22:32:54 UTC,sensor10,300372181,17.27,90.94,2025-09-23 10:14:28+00:00,34.014903,-81.028645,98.9,3.57,-0.1,0.0,8.0,3D,2025-09-23 06:14:28-04:00,POINT (-81.028645 34.014903)
2025-09-22 22:32:59 UTC,sensor10,300372181,17.3,91.0,2025-09-23 10:14:28+00:00,34.014903,-81.028645,98.9,3.57,-0.1,0.0,8.0,3D,2025-09-23 06:14:28-04:00,POINT (-81.028645 34.014903)
2025-09-22 22:33:04 UTC,sensor10,300372181,17.31,90.93,2025-09-23 10:14:28+00:00,34.014903,-81.028645,98.9,3.57,-0.1,0.0,8.0,3D,2025-09-23 06:14:28-04:00,POINT (-81.028645 34.014903)
2025-09-22 22:33:09 UTC,sensor10,300372181,17.32,90.89,2025-09-23 10:14:28+00:00,34.014903,-81.028645,98.9,3.57,-0.1,0.0,8.0,3D,2025-09-23 06:14:28-04:00,POINT (-81.028645 34.014903)
2025-09-22 22:33:14 UTC,sensor10,300372181,17.31,90.78,2025-09-23 10:14:28+00:00,34.014903,-81.028645,98.9,3.57,-0.1,0.0,8.0,3D,2025-09-23 06:14:28-04:00,POINT (-81.028645 34.014903)
2025-09-22 22:33:19 UTC,sensor10,300372181,17.32,90.68,2025-09-23 10:14:28+00:00,34.014903,-81.028645,98.9,3.57,-0.1,0.0,8.0,3D,2025-09-23 06:14:28-04:00,POINT (-81.028645 34.014903)
2025-09-22 22:33:24 UTC,sensor10,300372181,17.33,90.66,2025-09-23 10:14:28+00:00,34.014903,-81.028645,98.9,3.57,-0.1,0.0,8.0,3D,2025-09-23 06:14:28-04:00,POINT (-81.028645 34.014903)
2025-09-22 22:33:29 UTC,sensor10,300372181,17.34,90.64,2025-09-23 10:14:28+00:00,34.014903,-81.028645,98.9,3.57,-0.1,0.0,8.0,3D,2025-09-23 06:14:28-04:00,POINT (-81.028645 34.014903)
2025-09-22 22:33:34 UTC,sensor10,300372181,17.34,90.7,2025-09-23 10:14:28+00:00,34.014903,-81.028645,98.9,3.57,-0.1,0.0,8.0,3D,2025-09-23 06:14:28-04:00,POINT (-81.028645 34.014903)
2025-09-22 22:33:39 UTC,sensor10,300372181,17.37,90.82,2025-09-23 10:14:28+00:00,34.014903,-81.028645,98.9,3.57,-0.1,0.0,8.0,3D,2025-09-23 06:14:28-04:00,POINT (-81.028645 34.014903)
2025-09-22 22:33:44 UTC,sensor10,300372181,17.36,90.9,2025-09-23 10:14:28+00:00,34.014903,-81.028645,98.9,3.57,-0.1,0.0,8.0,3D,2025-09-23 06:14:28-04:00,POINT (-81.028645 34.014903)
2025-09-22 22:33:49 UTC,sensor10,300372181,17.38,90.88,2025-09-23 10:14:28+00:00,34.014903,-81.028645,98.9,3.57,-0.1,0.0,8.0,3D,2025-09-23 06:14:28-04:00,POINT (-81.028645 34.014903)
2025-09-22 22:33:54 UTC,sensor10,300372181,17.39,90.85,2025-09-23 10:14:28+00:00,34.014903,-81.028645,98.9,3.57,-0.1,0.0,8.0,3D,2025-09-23 06:14:28-04:00,POINT (-81.028645 34.014903)
2025-09-22 22:33:59 UTC,sensor10,300372181,17.37,90.88,2025-09-23 10:14:28+00:00,34.014903,-81.028645,98.9,3.57,-0.1,0.0,8.0,3D,2025-09-23 06:14:28-04:00,POINT (-81.028645 34.014903)
2025-09-22 22:34:04 UTC,sensor10,300372181,17.4,90.85,2025-09-23 10:14:28+00:00,34.014903,-81.028645,98.9,3.57,-0.1,0.0,8.0,3D,2025-09-23 06:14:28-04:00,POINT (-81.028645 34.014903)
2025-09-22 22:34:09 UTC,sensor10,300372181,17.41,90.9,2025-09-23 10:14:28+00:00,34.014903,-81.028645,98.9,3.57,-0.1,0.0,8.0,3D,2025-09-23 06:14:28-04:00,POINT (-81.028645 34.014903)
2025-09-22 22:34:14 UTC,sensor10,300372181,17.42,90.93,2025-09-23 10:14:28+00:00,34.014903,-81.028645,98.9,3.57,-0.1,0.0,8.0,3D,2025-09-23 06:14:28-04:00,POINT (-81.028645 34.014903)
2025-09-22 22:34:19 UTC,sensor10,300372181,17.41,90.94,2025-09-23 10:14:28+00:00,34.014903,-81.028645,98.9,3.57,-0.1,0.0,8.0,3D,2025-09-23 06:14:28-04:00,POINT (-81.028645 34.014903)
2025-09-22 22:34:25 UTC,sensor10,300372181,17.41,90.97,2025-09-23 10:14:28+00:00,34.014903,-81.028645,98.9,3.57,-0.1,0.0,8.0,3D,2025-09-23 06:14:28-04:00,POINT (-81.028645 34.014903)
2025-09-22 22:34:30 UTC,sensor10,300372181,17.42,90.99,2025-09-23 10:14:28+00:00,34.014903,-81.028645,98.9,3.57,-0.1,0.0,8.0,3D,2025-09-23 06:14:28-04:00,POINT (-81.028645 34.014903)
2025-09-22 22:34:35 UTC,sensor10,300372181,17.43,91.06,2025-09-23 10:14:28+00:00,34.014903,-81.028645,98.9,3.57,-0.1,0.0,8.0,3D,2025-09-23 06:14:28-04:00,POINT (-81.028645 34.014903)
2025-09-22 22:34:40 UTC,sensor10,300372181,17.44,91.07,2025-09-23 10:14:28+00:00,34.014903,-81.028645,98.9,3.57,-0.1,0.0,8.0,3D,2025-09-23 06:14:28-04:00,POINT (-81.028645 34.014903)
2025-09-22 22:34:45 UTC,sensor10,300372181,17.41,91.03,2025-09-23 10:14:28+00:00,34.014903,-81.028645,98.9,3.57,-0.1,0.0,8.0,3D,2025-09-23 06:14:28-04:00,POINT (-81.028645 34.014903)
2025-09-22 22:34:50 UTC,sensor10,300372181,17.42,91.01,2025-09-23 10:14:28+00:00,34.014903,-81.028645,98.9,3.57,-0.1,0.0,8.0,3D,2025-09-23 06:14:28-04:00,POINT (-81.028645 34.014903)
2025-09-22 22:34:55 UTC,sensor10,300372181,17.42,91.1,2025-09-23 10:14:28+00:00,34.014903,-81.028645,98.9,3.57,-0.1,0.0,8.0,3D,2025-09-23 06:14:28-04:00,POINT (-81.028645 34.014903)
2025-09-22 22:35:00 UTC,sensor10,300372181,17.41,91.16,2025-09-23 10:14:28+00:00,34.014903,-81.028645,98.9,3.57,-0.1,0.0,8.0,3D,2025-09-23 06:14:28-04:00,POINT (-81.028645 34.014903)
2025-09-22 22:35:05 UTC,sensor10,300372181,17.41,91.22,2025-09-23 10:14:28+00:00,34.014903,-81.028645,98.9,3.57,-0.1,0.0,8.0,3D,2025-09-23 06:14:28-04:00,POINT (-81.028645 34.014903)
2025-09-22 22:35:10 UTC,sensor10,300372181,17.42,91.27,2025-09-23 10:14:28+00:00,34.014903,-81.028645,98.9,3.57,-0.1,0.0,8.0,3D,2025-09-23 06:14:28-04:00,POINT (-81.028645 34.014903)
2025-09-22 22:35:15 UTC,sensor10,300372181,17.43,91.32,2025-09-23 10:14:28+00:00,34.014903,-81.028645,98.9,3.57,-0.1,0.0,8.0,3D,2025-09-23 06:14:28-04:00,POINT (-81.028645 34.014903)
2025-09-22 22:35:20 UTC,sensor10,300372181,17.44,91.35,2025-09-23 10:14:28+00:00,34.014903,-81.028645,98.9,3.57,-0.1,0.0,8.0,3D,2025-09-23 06:14:28-04:00,POINT (-81.028645 34.014903)
2025-09-22 22:35:25 UTC,sensor10,300372181,17.43,91.33,2025-09-23 10:14:28+00:00,34.014903,-81.028645,98.9,3.57,-0.1,0.0,8.0,3D,2025-09-23 06:14:28-04:00,POINT (-81.028645 34.014903)
2025-09-22 22:35:30 UTC,sensor10,300372181,17.42,91.29,2025-09-23 10:14:28+00:00,34.014903,-81.028645,98.9,3.57,-0.1,0.0,8.0,3D,2025-09-23 06:14:28-04:00,POINT (-81.028645 34.014903)
2025-09-22 22:35:35 UTC,sensor10,300372181,17.41,91.24,2025-09-23 10:14:28+00:00,34.014903,-81.028645,98.9,3.57,-0.1,0.0,8.0,3D,2025-09-23 06:14:28-04:00,POINT (-81.028645 34.014903)
2025-09-22 22:35:40 UTC,sensor10,300372181,17.42,91.2,2025-09-23 10:14:28+00:00,34.014903,-81.028645,98.9,3.57,-0.1,0.0,8.0,3D,2025-09-23 06:14:28-04:00,POINT (-81.028645 34.014903)
2025-09-22 22:35:45 UTC,sensor10,300372181,17.4,91.18,2025-09-23 10:14:28+00:00,34.014903,-81.028645,98.9,3.57,-0.1,0.0,8.0,3D,2025-09-23 06:14:28-04:00,POINT (-81.028645 34.014903)
2025-09-22 22:35:50 UTC,sensor10,300372181,17.4,91.15,2025-09-23 10:14:28+00:00,34.014903,-81.028645,98.9,3.57,-0.1,0.0,8.0,3D,2025-09-23 06:14:28-04:00,POINT (-81.028645 34.014903)
2025-09-22 22:35:55 UTC,sensor10,300372181,17.38,91.1,2025-09-23 10:14:28+00:00,34.014903,-81.028645,98.9,3.57,-0.1,0.0,8.0,3D,2025-09-23 06:14:28-04:00,POINT (-81.028645 34.014903)
2025-09-22 22:36:00 UTC,sensor10,300372181,17.38,91.05,2025-09-23 10:14:28+00:00,34.014903,-81.028645,98.9,3.57,-0.1,0.0,8.0,3D,2025-09-23 06:14:28-04:00,POINT (-81.028645 34.014903)
2025-09-22 22:36:05 UTC,sensor10,300372181,17.37,90.99,2025-09-23 10:14:28+00:00,34.014903,-81.028645,98.9,3.57,-0.1,0.0,8.0,3D,2025-09-23 06:14:28-04:00,POINT (-81.028645 34.014903)
2025-09-22 22:36:10 UTC,sensor10,300372181,17.35,91.0,2025-09-23 10:14:28+00:00,34.014903,-81.028645,98.9,3.57,-0.1,0.0,8.0,3D,2025-09-23 06:14:28-04:00,POINT (-81.028645 34.014903)
2025-09-22 22:36:15 UTC,sensor10,300372181,17.34,91.05,2025-09-23 10:14:28+00:00,34.014903,-81.028645,98.9,3.57,-0.1,0.0,8.0,3D,2025-09-23 06:14:28-04:00,POINT (-81.028645 34.014903)
2025-09-22 22:36:20 UTC,sensor10,300372181,17.34,91.09,2025-09-23 10:14:28+00:00,34.014903,-81.028645,98.9,3.57,-0.1,0.0,8.0,3D,2025-09-23 06:14:28-04:00,POINT (-81.028645 34.014903)
2025-09-22 22:36:26 UTC,sensor10,300372181,17.33,91.18,2025-09-23 10:14:28+00:00,34.014903,-81.028645,98.9,3.57,-0.1,0.0,8.0,3D,2025-09-23 06:14:28-04:00,POINT (-81.028645 34.014903)
2025-09-22 22:36:31 UTC,sensor10,300372181,17.32,91.2,2025-09-23 10:14:28+00:00,34.014903,-81.028645,98.9,3.57,-0.1,0.0,8.0,3D,2025-09-23 06:14:28-04:00,POINT (-81.028645 34.014903)
2025-09-22 22:36:36 UTC,sensor10,300372181,17.33,91.2,2025-09-23 10:14:28+00:00,34.014903,-81.028645,98.9,3.57,-0.1,0.0,8.0,3D,2025-09-23 06:14:28-04:00,POINT (-81.028645 34.014903)
2025-09-22 22:36:41 UTC,sensor10,300372181,17.33,91.27,2025-09-23 10:14:28+00:00,34.014903,-81.028645,98.9,3.57,-0.1,0.0,8.0,3D,2025-09-23 06:14:28-04:00,POINT (-81.028645 34.014903)
2025-09-22 22:36:46 UTC,sensor10,300372181,17.33,91.33,2025-09-23 10:14:28+00:00,34.014903,-81.028645,98.9,3.57,-0.1,0.0,8.0,3D,2025-09-23 06:14:28-04:00,POINT (-81.028645 34.014903)
2025-09-22 22:36:51 UTC,sensor10,300372181,17.35,91.35,2025-09-23 10:14:28+00:00,34.014903,-81.028645,98.9,3.57,-0.1,0.0,8.0,3D,2025-09-23 06:14:28-04:00,POINT (-81.028645 34.014903)
2025-09-22 22:36:56 UTC,sensor10,300372181,17.34,91.35,2025-09-23 10:14:28+00:00,34.014903,-81.028645,98.9,3.57,-0.1,0.0,8.0,3D,2025-09-23 06:14:28-04:00,POINT (-81.028645 34.014903)
2025-09-22 22:37:01 UTC,sensor10,300372181,17.36,91.33,2025-09-23 10:14:28+00:00,34.014903,-81.028645,98.9,3.57,-0.1,0.0,8.0,3D,2025-09-23 06:14:28-04:00,POINT (-81.028645 34.014903)
2025-09-22 22:37:06 UTC,sensor10,300372181,17.35,91.32,2025-09-23 10:14:28+00:00,34.014903,-81.028645,98.9,3.57,-0.1,0.0,8.0,3D,2025-09-23 06:14:28-04:00,POINT (-81.028645 34.014903)
2025-09-22 22:37:11 UTC,sensor10,300372181,17.37,91.32,2025-09-23 10:14:28+00:00,34.014903,-81.028645,98.9,3.57,-0.1,0.0,8.0,3D,2025-09-23 06:14:28-04:00,POINT (-81.028645 34.014903)
2025-09-22 22:37:16 UTC,sensor10,300372181,17.35,91.31,2025-09-23 10:14:28+00:00,34.014903,-81.028645,98.9,3.57,-0.1,0.0,8.0,3D,2025-09-23 06:14:28-04:00,POINT (-81.028645 34.014903)
2025-09-22 22:37:21 UTC,sensor10,300372181,17.36,91.29,2025-09-23 10:14:28+00:00,34.014903,-81.028645,98.9,3.57,-0.1,0.0,8.0,3D,2025-09-23 06:14:28-04:00,POINT (-81.028645 34.014903)
2025-09-22 22:37:26 UTC,sensor10,300372181,17.37,91.27,2025-09-23 10:14:28+00:00,34.014903,-81.028645,98.9,3.57,-0.1,0.0,8.0,3D,2025-09-23 06:14:28-04:00,POINT (-81.028645 34.014903)
2025-09-22 22:37:31 UTC,sensor10,300372181,17.37,91.18,2025-09-23 10:14:28+00:00,34.014903,-81.028645,98.9,3.57,-0.1,0.0,8.0,3D,2025-09-23 06:14:28-04:00,POINT (-81.028645 34.014903)
2025-09-22 22:37:36 UTC,sensor10,300372181,17.34,91.07,2025-09-23 10:14:28+00:00,34.014903,-81.028645,98.9,3.57,-0.1,0.0,8.0,3D,2025-09-23 06:14:28-04:00,POINT (-81.028645 34.014903)
2025-09-22 22:37:41 UTC,sensor10,300372181,17.37,91.0,2025-09-23 10:14:28+00:00,34.014903,-81.028645,98.9,3.57,-0.1,0.0,8.0,3D,2025-09-23 06:14:28-04:00,POINT (-81.028645 34.014903)
2025-09-22 22:37:46 UTC,sensor10,300372181,17.35,90.96,2025-09-23 10:14:28+00:00,34.014903,-81.028645,98.9,3.57,-0.1,0.0,8.0,3D,2025-09-23 06:14:28-04:00,POINT (-81.028645 34.014903)
2025-09-22 22:37:51 UTC,sensor10,300372181,17.33,90.88,2025-09-23 10:14:28+00:00,34.014903,-81.028645,98.9,3.57,-0.1,0.0,8.0,3D,2025-09-23 06:14:28-04:00,POINT (-81.028645 34.014903)
2025-09-22 22:37:56 UTC,sensor10,300372181,17.33,90.85,2025-09-23 10:14:28+00:00,34.014903,-81.028645,98.9,3.57,-0.1,0.0,8.0,3D,2025-09-23 06:14:28-04:00,POINT (-81.028645 34.014903)
2025-09-22 22:38:02 UTC,sensor10,300372181,17.33,90.83,2025-09-23 10:14:28+00:00,34.014903,-81.028645,98.9,3.57,-0.1,0.0,8.0,3D,2025-09-23 06:14:28-04:00,POINT (-81.028645 34.014903)
2025-09-22 22:38:07 UTC,sensor10,300372181,17.33,90.77,2025-09-23 10:14:28+00:00,34.014903,-81.028645,98.9,3.57,-0.1,0.0,8.0,3D,2025-09-23 06:14:28-04:00,POINT (-81.028645 34.014903)
2025-09-22 22:38:12 UTC,sensor10,300372181,17.3,90.76,2025-09-23 10:14:28+00:00,34.014903,-81.028645,98.9,3.57,-0.1,0.0,8.0,3D,2025-09-23 06:14:28-04:00,POINT (-81.028645 34.014903)
2025-09-22 22:38:17 UTC,sensor10,300372181,17.3,90.75,2025-09-23 10:14:28+00:00,34.014903,-81.028645,98.9,3.57,-0.1,0.0,8.0,3D,2025-09-23 06:14:28-04:00,POINT (-81.028645 34.014903)
2025-09-22 22:38:22 UTC,sensor10,300372181,17.3,90.74,2025-09-23 10:14:28+00:00,34.014903,-81.028645,98.9,3.57,-0.1,0.0,8.0,3D,2025-09-23 06:14:28-04:00,POINT (-81.028645 34.014903)
2025-09-22 22:38:27 UTC,sensor10,300372181,17.27,90.73,2025-09-23 10:14:28+00:00,34.014903,-81.028645,98.9,3.57,-0.1,0.0,8.0,3D,2025-09-23 06:14:28-04:00,POINT (-81.028645 34.014903)
2025-09-22 22:38:32 UTC,sensor10,300372181,17.26,90.62,2025-09-23 10:14:28+00:00,34.014903,-81.028645,98.9,3.57,-0.1,0.0,8.0,3D,2025-09-23 06:14:28-04:00,POINT (-81.028645 34.014903)
2025-09-22 22:38:37 UTC,sensor10,300372181,17.27,90.63,2025-09-23 10:14:28+00:00,34.014903,-81.028645,98.9,3.57,-0.1,0.0,8.0,3D,2025-09-23 06:14:28-04:00,POINT (-81.028645 34.014903)
2025-09-22 22:38:42 UTC,sensor10,300372181,17.27,90.73,2025-09-23 10:14:28+00:00,34.014903,-81.028645,98.9,3.57,-0.1,0.0,8.0,3D,2025-09-23 06:14:28-04:00,POINT (-81.028645 34.014903)
2025-09-22 22:38:47 UTC,sensor10,300372181,17.24,90.76,2025-09-23 10:14:28+00:00,34.014903,-81.028645,98.9,3.57,-0.1,0.0,8.0,3D,2025-09-23 06:14:28-04:00,POINT (-81.028645 34.014903)
2025-09-22 22:38:52 UTC,sensor10,300372181,17.25,90.75,2025-09-23 10:14:28+00:00,34.014903,-81.028645,98.9,3.57,-0.1,0.0,8.0,3D,2025-09-23 06:14:28-04:00,POINT (-81.028645 34.014903)
2025-09-22 22:38:57 UTC,sensor10,300372181,17.25,90.87,2025-09-23 10:14:28+00:00,34.014903,-81.028645,98.9,3.57,-0.1,0.0,8.0,3D,2025-09-23 06:14:28-04:00,POINT (-81.028645 34.014903)
2025-09-22 22:39:02 UTC,sensor10,300372181,17.27,90.97,2025-09-23 10:14:28+00:00,34.014903,-81.028645,98.9,3.57,-0.1,0.0,8.0,3D,2025-09-23 06:14:28-04:00,POINT (-81.028645 34.014903)
2025-09-22 22:39:07 UTC,sensor10,300372181,17.29,91.12,2025-09-23 10:14:28+00:00,34.014903,-81.028645,98.9,3.57,-0.1,0.0,8.0,3D,2025-09-23 06:14:28-04:00,POINT (-81.028645 34.014903)
2025-09-22 22:39:12 UTC,sensor10,300372181,17.3,91.09,2025-09-23 10:14:28+00:00,34.014903,-81.028645,98.9,3.57,-0.1,0.0,8.0,3D,2025-09-23 06:14:28-04:00,POINT (-81.028645 34.014903)
2025-09-22 22:39:17 UTC,sensor10,300372181,17.33,91.03,2025-09-23 10:14:28+00:00,34.014903,-81.028645,98.9,3.57,-0.1,0.0,8.0,3D,2025-09-23 06:14:28-04:00,POINT (-81.028645 34.014903)
2025-09-22 22:39:22 UTC,sensor10,300372181,17.36,90.92,2025-09-23 10:14:28+00:00,34.014903,-81.028645,98.9,3.57,-0.1,0.0,8.0,3D,2025-09-23 06:14:28-04:00,POINT (-81.028645 34.014903)
2025-09-22 22:39:28 UTC,sensor10,300372181,17.38,90.76,2025-09-23 10:14:28+00:00,34.014903,-81.028645,98.9,3.57,-0.1,0.0,8.0,3D,2025-09-23 06:14:28-04:00,POINT (-81.028645 34.014903)
2025-09-22 22:39:33 UTC,sensor10,300372181,17.45,90.66,2025-09-23 10:14:28+00:00,34.014903,-81.028645,98.9,3.57,-0.1,0.0,8.0,3D,2025-09-23 06:14:28-04:00,POINT (-81.028645 34.014903)
2025-09-22 22:39:38 UTC,sensor10,300372181,17.44,90.81,2025-09-23 10:14:28+00:00,34.014903,-81.028645,98.9,3.57,-0.1,0.0,8.0,3D,2025-09-23 06:14:28-04:00,POINT (-81.028645 34.014903)
2025-09-22 22:39:43 UTC,sensor10,300372181,17.45,90.95,2025-09-23 10:14:28+00:00,34.014903,-81.028645,98.9,3.57,-0.1,0.0,8.0,3D,2025-09-23 06:14:28-04:00,POINT (-81.028645 34.014903)
2025-09-22 22:39:48 UTC,sensor10,300372181,17.41,91.1,2025-09-23 10:14:28+00:00,34.014903,-81.028645,98.9,3.57,-0.1,0.0,8.0,3D,2025-09-23 06:14:28-04:00,POINT (-81.028645 34.014903)
2025-09-22 22:39:53 UTC,sensor10,300372181,17.41,91.23,2025-09-23 10:14:28+00:00,34.014903,-81.028645,98.9,3.57,-0.1,0.0,8.0,3D,2025-09-23 06:14:28-04:00,POINT (-81.028645 34.014903)
2025-09-22 22:39:58 UTC,sensor10,300372181,17.41,91.27,2025-09-23 10:14:28+00:00,34.014903,-81.028645,98.9,3.57,-0.1,0.0,8.0,3D,2025-09-23 06:14:28-04:00,POINT (-81.028645 34.014903)
2025-09-22 22:40:03 UTC,sensor10,300372181,17.45,91.23,2025-09-23 10:14:28+00:00,34.014903,-81.028645,98.9,3.57,-0.1,0.0,8.0,3D,2025-09-23 06:14:28-04:00,POINT (-81.028645 34.014903)
2025-09-22 22:40:08 UTC,sensor10,300372181,17.49,91.14,2025-09-23 10:14:28+00:00,34.014903,-81.028645,98.9,3.57,-0.1,0.0,8.0,3D,2025-09-23 06:14:28-04:00,POINT (-81.028645 34.014903)
2025-09-22 22:40:13 UTC,sensor10,300372181,17.54,91.09,2025-09-23 10:14:28+00:00,34.014903,-81.028645,98.9,3.57,-0.1,0.0,8.0,3D,2025-09-23 06:14:28-04:00,POINT (-81.028645 34.014903)
2025-09-22 22:40:18 UTC,sensor10,300372181,17.62,90.93,2025-09-23 10:14:28+00:00,34.014903,-81.028645,98.9,3.57,-0.1,0.0,8.0,3D,2025-09-23 06:14:28-04:00,POINT (-81.028645 34.014903)
2025-09-22 22:40:23 UTC,sensor10,300372181,17.72,90.74,2025-09-23 10:14:28+00:00,34.014903,-81.028645,98.9,3.57,-0.1,0.0,8.0,3D,2025-09-23 06:14:28-04:00,POINT (-81.028645 34.014903)
2025-09-22 22:40:28 UTC,sensor10,300372181,17.84,90.48,2025-09-23 10:14:28+00:00,34.014903,-81.028645,98.9,3.57,-0.1,0.0,8.0,3D,2025-09-23 06:14:28-04:00,POINT (-81.028645 34.014903)
2025-09-22 22:40:33 UTC,sensor10,300372181,17.94,90.11,2025-09-23 10:14:28+00:00,34.014903,-81.028645,98.9,3.57,-0.1,0.0,8.0,3D,2025-09-23 06:14:28-04:00,POINT (-81.028645 34.014903)
2025-09-22 22:40:38 UTC,sensor10,300372181,18.1,89.59,2025-09-23 10:14:28+00:00,34.014903,-81.028645,98.9,3.57,-0.1,0.0,8.0,3D,2025-09-23 06:14:28-04:00,POINT (-81.028645 34.014903)
2025-09-22 22:40:43 UTC,sensor10,300372181,18.28,88.83,2025-09-23 10:14:28+00:00,34.014903,-81.028645,98.9,3.57,-0.1,0.0,8.0,3D,2025-09-23 06:14:28-04:00,POINT (-81.028645 34.014903)
2025-09-22 22:40:48 UTC,sensor10,300372181,18.56,87.55,2025-09-23 10:14:28+00:00,34.014903,-81.028645,98.9,3.57,-0.1,0.0,8.0,3D,2025-09-23 06:14:28-04:00,POINT (-81.028645 34.014903)
2025-09-22 22:40:53 UTC,sensor10,300372181,18.76,86.04,2025-09-23 10:14:28+00:00,34.014903,-81.028645,98.9,3.57,-0.1,0.0,8.0,3D,2025-09-23 06:14:28-04:00,POINT (-81.028645 34.014903)
2025-09-22 22:40:58 UTC,sensor10,300372181,18.94,84.88,2025-09-23 10:14:28+00:00,34.014903,-81.028645,98.9,3.57,-0.1,0.0,8.0,3D,2025-09-23 06:14:28-04:00,POINT (-81.028645 34.014903)
2025-09-22 22:41:03 UTC,sensor10,300372181,19.14,84.06,2025-09-23 10:14:28+00:00,34.014903,-81.028645,98.9,3.57,-0.1,0.0,8.0,3D,2025-09-23 06:14:28-04:00,POINT (-81.028645 34.014903)
2025-09-22 22:41:08 UTC,sensor10,300372181,19.2,83.47,2025-09-23 10:14:28+00:00,34.014903,-81.028645,98.9,3.57,-0.1,0.0,8.0,3D,2025-09-23 06:14:28-04:00,POINT (-81.028645 34.014903)
2025-09-22 22:41:13 UTC,sensor10,300372181,19.19,83.38,2025-09-23 10:14:28+00:00,34.014903,-81.028645,98.9,3.57,-0.1,0.0,8.0,3D,2025-09-23 06:14:28-04:00,POINT (-81.028645 34.014903)
2025-09-22 22:41:18 UTC,sensor10,300372181,19.24,83.05,2025-09-23 10:14:28+00:00,34.014903,-81.028645,98.9,3.57,-0.1,0.0,8.0,3D,2025-09-23 06:14:28-04:00,POINT (-81.028645 34.014903)
2025-09-22 22:41:23 UTC,sensor10,300372181,19.24,82.81,2025-09-23 10:14:28+00:00,34.014903,-81.028645,98.9,3.57,-0.1,0.0,8.0,3D,2025-09-23 06:14:28-04:00,POINT (-81.028645 34.014903)
2025-09-22 22:41:28 UTC,sensor10,300372181,19.22,83.03,2025-09-23 10:14:28+00:00,34.014903,-81.028645,98.9,3.57,-0.1,0.0,8.0,3D,2025-09-23 06:14:28-04:00,POINT (-81.028645 34.014903)
2025-09-22 22:41:33 UTC,sensor10,300372181,19.19,83.07,2025-09-23 10:14:28+00:00,34.014903,-81.028645,98.9,3.57,-0.1,0.0,8.0,3D,2025-09-23 06:14:28-04:00,POINT (-81.028645 34.014903)
2025-09-22 22:41:38 UTC,sensor10,300372181,19.2,82.98,2025-09-23 10:14:28+00:00,34.014903,-81.028645,98.9,3.57,-0.1,0.0,8.0,3D,2025-09-23 06:14:28-04:00,POINT (-81.028645 34.014903)
2025-09-22 22:41:43 UTC,sensor10,300372181,19.24,82.91,2025-09-23 10:14:28+00:00,34.014903,-81.028645,98.9,3.57,-0.1,0.0,8.0,3D,2025-09-23 06:14:28-04:00,POINT (-81.028645 34.014903)
2025-09-22 22:41:49 UTC,sensor10,300372181,19.21,83.01,2025-09-23 10:14:28+00:00,34.014903,-81.028645,98.9,3.57,-0.1,0.0,8.0,3D,2025-09-23 06:14:28-04:00,POINT (-81.028645 34.014903)
2025-09-22 22:41:54 UTC,sensor10,300372181,19.23,83.19,2025-09-23 10:14:28+00:00,34.014903,-81.028645,98.9,3.57,-0.1,0.0,8.0,3D,2025-09-23 06:14:28-04:00,POINT (-81.028645 34.014903)
2025-09-22 22:41:59 UTC,sensor10,300372181,19.2,83.02,2025-09-23 10:14:28+00:00,34.014903,-81.028645,98.9,3.57,-0.1,0.0,8.0,3D,2025-09-23 06:14:28-04:00,POINT (-81.028645 34.014903)
2025-09-22 22:42:04 UTC,sensor10,300372181,19.24,82.81,2025-09-23 10:14:28+00:00,34.014903,-81.028645,98.9,3.57,-0.1,0.0,8.0,3D,2025-09-23 06:14:28-04:00,POINT (-81.028645 34.014903)
2025-09-22 22:42:09 UTC,sensor10,300372181,19.27,82.54,2025-09-23 10:14:28+00:00,34.014903,-81.028645,98.9,3.57,-0.1,0.0,8.0,3D,2025-09-23 06:14:28-04:00,POINT (-81.028645 34.014903)
2025-09-22 22:42:14 UTC,sensor10,300372181,19.34,82.25,2025-09-23 10:14:28+00:00,34.014903,-81.028645,98.9,3.57,-0.1,0.0,8.0,3D,2025-09-23 06:14:28-04:00,POINT (-81.028645 34.014903)
2025-09-22 22:42:19 UTC,sensor10,300372181,19.36,81.96,2025-09-23 10:14:28+00:00,34.014903,-81.028645,98.9,3.57,-0.1,0.0,8.0,3D,2025-09-23 06:14:28-04:00,POINT (-81.028645 34.014903)
2025-09-22 22:42:24 UTC,sensor10,300372181,19.39,81.71,2025-09-23 10:14:28+00:00,34.014903,-81.028645,98.9,3.57,-0.1,0.0,8.0,3D,2025-09-23 06:14:28-04:00,POINT (-81.028645 34.014903)
2025-09-22 22:42:29 UTC,sensor10,300372181,19.41,81.53,2025-09-23 10:14:28+00:00,34.014903,-81.028645,98.9,3.57,-0.1,0.0,8.0,3D,2025-09-23 06:14:28-04:00,POINT (-81.028645 34.014903)
2025-09-22 22:42:34 UTC,sensor10,300372181,19.35,82.16,2025-09-23 10:14:28+00:00,34.014903,-81.028645,98.9,3.57,-0.1,0.0,8.0,3D,2025-09-23 06:14:28-04:00,POINT (-81.028645 34.014903)
2025-09-22 22:42:39 UTC,sensor10,300372181,19.24,82.72,2025-09-23 10:14:28+00:00,34.014903,-81.028645,98.9,3.57,-0.1,0.0,8.0,3D,2025-09-23 06:14:28-04:00,POINT (-81.028645 34.014903)
2025-09-22 22:42:44 UTC,sensor10,300372181,19.31,82.28,2025-09-23 10:14:28+00:00,34.014903,-81.028645,98.9,3.57,-0.1,0.0,8.0,3D,2025-09-23 06:14:28-04:00,POINT (-81.028645 34.014903)
2025-09-22 22:42:49 UTC,sensor10,300372181,19.3,82.05,2025-09-23 10:14:28+00:00,34.014903,-81.028645,98.9,3.57,-0.1,0.0,8.0,3D,2025-09-23 06:14:28-04:00,POINT (-81.028645 34.014903)
2025-09-22 22:42:54 UTC,sensor10,300372181,19.21,82.99,2025-09-23 10:14:28+00:00,34.014903,-81.028645,98.9,3.57,-0.1,0.0,8.0,3D,2025-09-23 06:14:28-04:00,POINT (-81.028645 34.014903)
2025-09-22 22:42:59 UTC,sensor10,300372181,19.25,83.3,2025-09-23 10:14:28+00:00,34.014903,-81.028645,98.9,3.57,-0.1,0.0,8.0,3D,2025-09-23 06:14:28-04:00,POINT (-81.028645 34.014903)
2025-09-22 22:43:04 UTC,sensor10,300372181,19.33,82.95,2025-09-23 10:14:28+00:00,34.014903,-81.028645,98.9,3.57,-0.1,0.0,8.0,3D,2025-09-23 06:14:28-04:00,POINT (-81.028645 34.014903)
2025-09-22 22:43:09 UTC,sensor10,300372181,19.42,82.17,2025-09-23 10:14:28+00:00,34.014903,-81.028645,98.9,3.57,-0.1,0.0,8.0,3D,2025-09-23 06:14:28-04:00,POINT (-81.028645 34.014903)
2025-09-22 22:43:14 UTC,sensor10,300372181,19.49,81.76,2025-09-23 10:14:28+00:00,34.014903,-81.028645,98.9,3.57,-0.1,0.0,8.0,3D,2025-09-23 06:14:28-04:00,POINT (-81.028645 34.014903)
2025-09-22 22:43:19 UTC,sensor10,300372181,19.59,81.41,2025-09-23 10:14:28+00:00,34.014903,-81.028645,98.9,3.57,-0.1,0.0,8.0,3D,2025-09-23 06:14:28-04:00,POINT (-81.028645 34.014903)
2025-09-22 22:43:24 UTC,sensor10,300372181,19.6,81.37,2025-09-23 10:14:28+00:00,34.014903,-81.028645,98.9,3.57,-0.1,0.0,8.0,3D,2025-09-23 06:14:28-04:00,POINT (-81.028645 34.014903)
2025-09-22 22:43:29 UTC,sensor10,300372181,19.63,81.28,2025-09-23 10:14:28+00:00,34.014903,-81.028645,98.9,3.57,-0.1,0.0,8.0,3D,2025-09-23 06:14:28-04:00,POINT (-81.028645 34.014903)
2025-09-22 22:43:34 UTC,sensor10,300372181,19.65,81.14,2025-09-23 10:14:28+00:00,34.014903,-81.028645,98.9,3.57,-0.1,0.0,8.0,3D,2025-09-23 06:14:28-04:00,POINT (-81.028645 34.014903)
2025-09-22 22:43:39 UTC,sensor10,300372181,19.69,80.67,2025-09-23 10:14:28+00:00,34.014903,-81.028645,98.9,3.57,-0.1,0.0,8.0,3D,2025-09-23 06:14:28-04:00,POINT (-81.028645 34.014903)
2025-09-22 22:43:44 UTC,sensor10,300372181,19.69,80.39,2025-09-23 10:14:28+00:00,34.014903,-81.028645,98.9,3.57,-0.1,0.0,8.0,3D,2025-09-23 06:14:28-04:00,POINT (-81.028645 34.014903)
2025-09-22 22:43:49 UTC,sensor10,300372181,19.75,80.47,2025-09-23 10:14:28+00:00,34.014903,-81.028645,98.9,3.57,-0.1,0.0,8.0,3D,2025-09-23 06:14:28-04:00,POINT (-81.028645 34.014903)
2025-09-22 22:43:54 UTC,sensor10,300372181,19.75,80.28,2025-09-23 10:14:28+00:00,34.014903,-81.028645,98.9,3.57,-0.1,0.0,8.0,3D,2025-09-23 06:14:28-04:00,POINT (-81.028645 34.014903)
2025-09-22 22:43:59 UTC,sensor10,300372181,19.71,80.24,2025-09-23 10:14:28+00:00,34.014903,-81.028645,98.9,3.57,-0.1,0.0,8.0,3D,2025-09-23 06:14:28-04:00,POINT (-81.028645 34.014903)
2025-09-22 22:44:05 UTC,sensor10,300372181,19.68,80.32,2025-09-23 10:14:28+00:00,34.014903,-81.028645,98.9,3.57,-0.1,0.0,8.0,3D,2025-09-23 06:14:28-04:00,POINT (-81.028645 34.014903)
2025-09-22 22:44:10 UTC,sensor10,300372181,19.64,80.78,2025-09-23 10:14:28+00:00,34.014903,-81.028645,98.9,3.57,-0.1,0.0,8.0,3D,2025-09-23 06:14:28-04:00,POINT (-81.028645 34.014903)
2025-09-22 22:44:15 UTC,sensor10,300372181,19.59,80.76,2025-09-23 10:14:28+00:00,34.014903,-81.028645,98.9,3.57,-0.1,0.0,8.0,3D,2025-09-23 06:14:28-04:00,POINT (-81.028645 34.014903)
2025-09-22 22:44:20 UTC,sensor10,300372181,19.6,80.8,2025-09-23 10:14:28+00:00,34.014903,-81.028645,98.9,3.57,-0.1,0.0,8.0,3D,2025-09-23 06:14:28-04:00,POINT (-81.028645 34.014903)
2025-09-22 22:44:25 UTC,sensor10,300372181,19.57,80.79,2025-09-23 10:14:28+00:00,34.014903,-81.028645,98.9,3.57,-0.1,0.0,8.0,3D,2025-09-23 06:14:28-04:00,POINT (-81.028645 34.014903)
2025-09-22 22:44:30 UTC,sensor10,300372181,19.55,81.04,2025-09-23 10:14:28+00:00,34.014903,-81.028645,98.9,3.57,-0.1,0.0,8.0,3D,2025-09-23 06:14:28-04:00,POINT (-81.028645 34.014903)
2025-09-22 22:44:35 UTC,sensor10,300372181,19.6,81.3,2025-09-23 10:14:28+00:00,34.014903,-81.028645,98.9,3.57,-0.1,0.0,8.0,3D,2025-09-23 06:14:28-04:00,POINT (-81.028645 34.014903)
2025-09-22 22:44:40 UTC,sensor10,300372181,19.68,80.92,2025-09-23 10:14:28+00:00,34.014903,-81.028645,98.9,3.57,-0.1,0.0,8.0,3D,2025-09-23 06:14:28-04:00,POINT (-81.028645 34.014903)
2025-09-22 22:44:45 UTC,sensor10,300372181,19.88,80.25,2025-09-23 10:14:28+00:00,34.014903,-81.028645,98.9,3.57,-0.1,0.0,8.0,3D,2025-09-23 06:14:28-04:00,POINT (-81.028645 34.014903)
2025-09-22 22:44:50 UTC,sensor10,300372181,19.92,80.04,2025-09-23 10:14:28+00:00,34.014903,-81.028645,98.9,3.57,-0.1,0.0,8.0,3D,2025-09-23 06:14:28-04:00,POINT (-81.028645 34.014903)
2025-09-22 22:44:55 UTC,sensor10,300372181,19.89,79.8,2025-09-23 10:14:28+00:00,34.014903,-81.028645,98.9,3.57,-0.1,0.0,8.0,3D,2025-09-23 06:14:28-04:00,POINT (-81.028645 34.014903)
2025-09-22 22:45:00 UTC,sensor10,300372181,19.86,79.62,2025-09-23 10:14:28+00:00,34.014903,-81.028645,98.9,3.57,-0.1,0.0,8.0,3D,2025-09-23 06:14:28-04:00,POINT (-81.028645 34.014903)
2025-09-22 22:45:05 UTC,sensor10,300372181,19.82,79.65,2025-09-23 10:14:28+00:00,34.014903,-81.028645,98.9,3.57,-0.1,0.0,8.0,3D,2025-09-23 06:14:28-04:00,POINT (-81.028645 34.014903)
2025-09-22 22:45:10 UTC,sensor10,300372181,19.81,79.77,2025-09-23 10:14:28+00:00,34.014903,-81.028645,98.9,3.57,-0.1,0.0,8.0,3D,2025-09-23 06:14:28-04:00,POINT (-81.028645 34.014903)
2025-09-22 22:45:15 UTC,sensor10,300372181,19.81,80.1,2025-09-23 10:14:28+00:00,34.014903,-81.028645,98.9,3.57,-0.1,0.0,8.0,3D,2025-09-23 06:14:28-04:00,POINT (-81.028645 34.014903)
2025-09-22 22:45:20 UTC,sensor10,300372181,19.82,80.44,2025-09-23 10:14:28+00:00,34.014903,-81.028645,98.9,3.57,-0.1,0.0,8.0,3D,2025-09-23 06:14:28-04:00,POINT (-81.028645 34.014903)
