System_Timestamp_UTC,RaspberryPiName,Sensor_ID,Temperature_C,Humidity_RH,GPS_Timestamp_UTC,Latitude,Longitude,Altitude_m,Speed_mps,Climb_mps,Track_deg,Satellites,GPS_Fix_Type,datetime,geometry
2025-08-18 23:20:46 UTC,sensor00,236492955,26.62,89.02,2025-08-18 23:20:45+00:00,34.000718,-81.01533,73.7,2.5,-0.8,269.18,8.0,3D,2025-08-18 19:20:45-04:00,POINT (-81.01533 34.000718)
2025-08-18 23:20:51 UTC,sensor00,236492955,26.58,88.46,2025-08-18 23:20:45+00:00,34.000718,-81.01533,73.7,2.5,-0.8,269.18,8.0,3D,2025-08-18 19:20:45-04:00,POINT (-81.01533 34.000718)
2025-08-18 23:20:56 UTC,sensor00,236492955,26.6,87.5,2025-08-18 23:20:56+00:00,34.00061,-81.015685,67.2,4.0,-0.4,247.58,8.0,3D,2025-08-18 19:20:56-04:00,POINT (-81.015685 34.00061)
2025-08-18 23:21:42 UTC,sensor00,236492955,26.74,87.06,2025-08-18 23:21:42+00:00,34.000405,-81.01636,71.5,2.95,0.1,0.0,8.0,3D,2025-08-18 19:21:42-04:00,POINT (-81.01636 34.000405)
2025-08-18 23:21:47 UTC,sensor00,236492955,26.82,86.23,2025-08-18 23:21:42+00:00,34.000405,-81.01636,71.5,3.08,0.1,271.46,8.0,3D,2025-08-18 19:21:42-04:00,POINT (-81.01636 34.000405)
2025-08-18 23:21:52 UTC,sensor00,236492955,27.07,85.46,2025-08-18 23:21:52+00:00,34.000282,-81.01689,71.4,5.32,-0.01,247.3,8.0,3D,2025-08-18 19:21:52-04:00,POINT (-81.01689 34.000282)
2025-08-18 23:21:57 UTC,sensor00,236492955,27.17,84.39,2025-08-18 23:21:57+00:00,34.000183,-81.017185,72.2,5.84,0.2,238.4,8.0,3D,2025-08-18 19:21:57-04:00,POINT (-81.017185 34.000183)
2025-08-18 23:22:02 UTC,sensor00,236492955,27.28,84.42,2025-08-18 23:22:02+00:00,34.000097,-81.01745,74.2,5.21,0.5,234.29,8.0,3D,2025-08-18 19:22:02-04:00,POINT (-81.01745 34.000097)
2025-08-18 23:22:07 UTC,sensor00,236492955,27.38,84.46,2025-08-18 23:22:07+00:00,34.00001,-81.017678,77.3,4.86,0.7,233.93,8.0,3D,2025-08-18 19:22:07-04:00,POINT (-81.017678 34.00001)
2025-08-18 23:22:12 UTC,sensor00,236492955,27.33,83.59,2025-08-18 23:22:12+00:00,33.999943,-81.017862,81.2,4.3,0.9,233.34,8.0,3D,2025-08-18 19:22:12-04:00,POINT (-81.017862 33.999943)
2025-08-18 23:22:18 UTC,sensor00,236492955,27.3,83.88,2025-08-18 23:22:17+00:00,33.999887,-81.01806,85.8,3.68,1.0,238.11,8.0,3D,2025-08-18 19:22:17-04:00,POINT (-81.01806 33.999887)
2025-08-18 23:22:23 UTC,sensor00,236492955,27.15,84.83,2025-08-18 23:22:22+00:00,33.999835,-81.018255,89.2,3.83,0.8,244.76,8.0,3D,2025-08-18 19:22:22-04:00,POINT (-81.018255 33.999835)
2025-08-18 23:22:28 UTC,sensor00,236492955,27.1,85.3,2025-08-18 23:22:22+00:00,33.999835,-81.018255,89.2,3.83,0.8,244.76,8.0,3D,2025-08-18 19:22:22-04:00,POINT (-81.018255 33.999835)
2025-08-18 23:22:38 UTC,sensor00,236492955,26.79,87.09,2025-08-18 23:22:34+00:00,33.999747,-81.018637,99.2,2.37,0.5,268.93,8.0,3D,2025-08-18 19:22:34-04:00,POINT (-81.018637 33.999747)
2025-08-18 23:22:43 UTC,sensor00,236492955,26.66,87.23,2025-08-18 23:22:34+00:00,33.999747,-81.018637,99.2,2.37,0.5,268.93,8.0,3D,2025-08-18 19:22:34-04:00,POINT (-81.018637 33.999747)
2025-08-18 23:22:48 UTC,sensor00,236492955,26.54,88.08,2025-08-18 23:22:48+00:00,34.000105,-81.018787,106.2,2.52,0.6,0.0,8.0,3D,2025-08-18 19:22:48-04:00,POINT (-81.018787 34.000105)
2025-08-18 23:22:53 UTC,sensor00,236492955,26.43,88.14,2025-08-18 23:22:53+00:00,34.000235,-81.018872,109.9,2.75,0.9,0.0,4.0,3D,2025-08-18 19:22:53-04:00,POINT (-81.018872 34.000235)
2025-08-18 23:22:58 UTC,sensor00,236492955,26.36,88.28,2025-08-18 23:22:53+00:00,34.000235,-81.018872,109.9,2.51,0.9,334.42,8.0,3D,2025-08-18 19:22:53-04:00,POINT (-81.018872 34.000235)
2025-08-18 23:23:03 UTC,sensor00,236492955,26.32,89.25,2025-08-18 23:23:03+00:00,34.000508,-81.018992,117.6,2.72,0.9,342.2,8.0,3D,2025-08-18 19:23:03-04:00,POINT (-81.018992 34.000508)
2025-08-18 23:23:08 UTC,sensor00,236492955,26.31,89.56,2025-08-18 23:23:08+00:00,34.00068,-81.019038,120.4,3.33,0.7,355.21,8.0,3D,2025-08-18 19:23:08-04:00,POINT (-81.019038 34.00068)
2025-08-18 23:23:13 UTC,sensor00,236492955,26.17,89.33,2025-08-18 23:23:13+00:00,34.000827,-81.019103,124.5,2.94,0.8,333.45,8.0,3D,2025-08-18 19:23:13-04:00,POINT (-81.019103 34.000827)
2025-08-18 23:23:34 UTC,sensor00,236492955,26.07,91.43,2025-08-18 23:23:33+00:00,34.000797,-81.019747,136.5,2.99,0.6,238.37,8.0,3D,2025-08-18 19:23:33-04:00,POINT (-81.019747 34.000797)
2025-08-18 23:23:49 UTC,sensor00,236492955,26.02,90.32,2025-08-18 23:23:45+00:00,34.000692,-81.020158,143.7,3.36,0.6,0.0,10.0,3D,2025-08-18 19:23:45-04:00,POINT (-81.020158 34.000692)
2025-08-18 23:23:59 UTC,sensor00,236492955,26.04,90.56,2025-08-18 23:23:59+00:00,34.000732,-81.020657,152.5,3.37,0.9,238.03,9.0,3D,2025-08-18 19:23:59-04:00,POINT (-81.020657 34.000732)
2025-08-18 23:24:04 UTC,sensor00,236492955,25.96,91.01,2025-08-18 23:24:04+00:00,34.000662,-81.020797,154.9,2.93,0.7,228.5,9.0,3D,2025-08-18 19:24:04-04:00,POINT (-81.020797 34.000662)
2025-08-18 23:24:09 UTC,sensor00,236492955,26.0,91.81,2025-08-18 23:24:09+00:00,34.0006,-81.020933,157.0,2.92,0.4,232.25,9.0,3D,2025-08-18 19:24:09-04:00,POINT (-81.020933 34.0006)
2025-08-18 23:24:14 UTC,sensor00,236492955,25.97,91.24,2025-08-18 23:24:14+00:00,34.000573,-81.021067,159.4,2.33,0.5,235.91,9.0,3D,2025-08-18 19:24:14-04:00,POINT (-81.021067 34.000573)
2025-08-18 23:24:19 UTC,sensor00,236492955,25.94,91.27,2025-08-18 23:24:19+00:00,34.0006,-81.021267,162.1,2.89,0.6,281.59,9.0,3D,2025-08-18 19:24:19-04:00,POINT (-81.021267 34.0006)
2025-08-18 23:24:25 UTC,sensor00,236492955,25.96,91.72,2025-08-18 23:24:24+00:00,34.000605,-81.021458,165.0,3.24,0.5,280.61,9.0,3D,2025-08-18 19:24:24-04:00,POINT (-81.021458 34.000605)
2025-08-18 23:24:30 UTC,sensor00,236492955,25.97,91.43,2025-08-18 23:24:29+00:00,34.000603,-81.021635,167.8,2.79,0.0,275.9,9.0,3D,2025-08-18 19:24:29-04:00,POINT (-81.021635 34.000603)
2025-08-18 23:24:35 UTC,sensor00,236492955,25.96,91.17,2025-08-18 23:24:34+00:00,34.000555,-81.021832,169.8,3.33,0.5,253.8,9.0,3D,2025-08-18 19:24:34-04:00,POINT (-81.021832 34.000555)
2025-08-18 23:24:45 UTC,sensor00,236492955,26.05,90.6,2025-08-18 23:24:45+00:00,34.00045,-81.022093,171.8,3.03,0.3,0.0,9.0,3D,2025-08-18 19:24:45-04:00,POINT (-81.022093 34.00045)
2025-08-18 23:24:55 UTC,sensor00,236492955,26.06,90.35,2025-08-18 23:24:55+00:00,34.000115,-81.022145,169.4,4.62,-0.3,217.24,9.0,3D,2025-08-18 19:24:55-04:00,POINT (-81.022145 34.000115)
2025-08-18 23:25:00 UTC,sensor00,236492955,25.97,90.39,2025-08-18 23:25:00+00:00,33.999998,-81.022367,169.4,4.48,0.1,236.1,9.0,3D,2025-08-18 19:25:00-04:00,POINT (-81.022367 33.999998)
2025-08-18 23:25:05 UTC,sensor00,236492955,25.95,90.43,2025-08-18 23:25:05+00:00,33.999895,-81.022642,169.4,5.86,0.1,241.33,8.0,3D,2025-08-18 19:25:05-04:00,POINT (-81.022642 33.999895)
2025-08-18 23:25:10 UTC,sensor00,236492955,25.97,89.98,2025-08-18 23:25:05+00:00,33.999895,-81.022642,169.4,5.86,0.1,241.33,8.0,3D,2025-08-18 19:25:05-04:00,POINT (-81.022642 33.999895)
2025-08-18 23:25:36 UTC,sensor00,236492955,25.91,91.43,2025-08-18 23:25:35+00:00,33.999617,-81.023617,177.6,2.85,0.3,280.6,8.0,3D,2025-08-18 19:25:35-04:00,POINT (-81.023617 33.999617)
2025-08-18 23:25:41 UTC,sensor00,236492955,25.92,91.51,2025-08-18 23:25:40+00:00,33.999482,-81.023858,180.0,3.25,0.9,228.17,8.0,3D,2025-08-18 19:25:40-04:00,POINT (-81.023858 33.999482)
2025-08-18 23:25:46 UTC,sensor00,236492955,25.89,91.68,2025-08-18 23:25:45+00:00,33.999393,-81.024035,183.4,2.74,0.7,229.73,8.0,3D,2025-08-18 19:25:45-04:00,POINT (-81.024035 33.999393)
2025-08-18 23:25:56 UTC,sensor00,236492955,25.83,92.15,2025-08-18 23:25:55+00:00,33.99925,-81.024405,182.1,2.42,0.5,243.99,8.0,3D,2025-08-18 19:25:55-04:00,POINT (-81.024405 33.99925)
2025-08-18 23:26:01 UTC,sensor00,236492955,25.78,91.35,2025-08-18 23:26:00+00:00,33.999137,-81.024527,185.0,3.49,0.6,194.34,8.0,3D,2025-08-18 19:26:00-04:00,POINT (-81.024527 33.999137)
2025-08-18 23:26:06 UTC,sensor00,236492955,25.71,91.17,2025-08-18 23:26:05+00:00,33.999058,-81.024588,187.3,2.53,0.5,175.07,8.0,3D,2025-08-18 19:26:05-04:00,POINT (-81.024588 33.999058)
2025-08-18 23:26:16 UTC,sensor00,236492955,25.79,92.26,2025-08-18 23:26:15+00:00,33.998832,-81.024972,181.8,3.69,-1.8,213.27,8.0,3D,2025-08-18 19:26:15-04:00,POINT (-81.024972 33.998832)
2025-08-18 23:26:21 UTC,sensor00,236492955,25.71,93.0,2025-08-18 23:26:20+00:00,33.998797,-81.025183,182.4,2.29,-1.0,221.02,8.0,3D,2025-08-18 19:26:20-04:00,POINT (-81.025183 33.998797)
2025-08-18 23:26:26 UTC,sensor00,236492955,25.7,93.39,2025-08-18 23:26:26+00:00,33.99873,-81.025508,184.0,4.48,0.5,0.0,8.0,3D,2025-08-18 19:26:26-04:00,POINT (-81.025508 33.99873)
2025-08-18 23:26:36 UTC,sensor00,236492955,25.63,92.94,2025-08-18 23:26:35+00:00,33.998805,-81.025995,183.4,2.77,0.0,230.08,8.0,3D,2025-08-18 19:26:35-04:00,POINT (-81.025995 33.998805)
2025-08-18 23:26:46 UTC,sensor00,236492955,25.59,93.3,2025-08-18 23:26:46+00:00,33.998515,-81.02615,184.3,3.13,0.3,0.0,8.0,3D,2025-08-18 19:26:46-04:00,POINT (-81.02615 33.998515)
2025-08-18 23:26:51 UTC,sensor00,236492955,25.57,93.02,2025-08-18 23:26:51+00:00,33.998387,-81.0263,184.6,3.33,0.2,0.0,8.0,3D,2025-08-18 19:26:51-04:00,POINT (-81.0263 33.998387)
2025-08-18 23:27:01 UTC,sensor00,236492955,25.54,92.1,2025-08-18 23:27:01+00:00,33.998317,-81.02661,182.6,2.89,0.5,268.93,8.0,3D,2025-08-18 19:27:01-04:00,POINT (-81.02661 33.998317)
2025-08-18 23:27:11 UTC,sensor00,236492955,25.57,92.81,2025-08-18 23:27:11+00:00,33.998317,-81.026928,177.8,3.63,-0.2,329.4,8.0,3D,2025-08-18 19:27:11-04:00,POINT (-81.026928 33.998317)
2025-08-18 23:27:16 UTC,sensor00,236492955,25.61,92.58,2025-08-18 23:27:16+00:00,33.998453,-81.027008,177.5,3.27,-0.2,339.99,8.0,3D,2025-08-18 19:27:16-04:00,POINT (-81.027008 33.998453)
2025-08-18 23:27:21 UTC,sensor00,236492955,25.58,92.51,2025-08-18 23:27:21+00:00,33.99859,-81.027083,173.9,3.78,-3.1,342.97,8.0,3D,2025-08-18 19:27:21-04:00,POINT (-81.027083 33.99859)
2025-08-18 23:27:26 UTC,sensor00,236492955,25.64,91.87,2025-08-18 23:27:26+00:00,33.998752,-81.02716,173.3,3.55,-0.4,339.3,8.0,3D,2025-08-18 19:27:26-04:00,POINT (-81.02716 33.998752)
2025-08-18 23:27:36 UTC,sensor00,236492955,25.61,91.77,2025-08-18 23:27:36+00:00,33.999005,-81.027113,171.9,2.96,0.4,69.03,8.0,3D,2025-08-18 19:27:36-04:00,POINT (-81.027113 33.999005)
2025-08-18 23:27:41 UTC,sensor00,236492955,25.65,91.94,2025-08-18 23:27:41+00:00,33.999127,-81.02705,172.3,3.4,0.1,11.66,8.0,3D,2025-08-18 19:27:41-04:00,POINT (-81.02705 33.999127)
2025-08-18 23:27:46 UTC,sensor00,236492955,25.66,92.17,2025-08-18 23:27:45+00:00,33.999273,-81.027043,170.1,3.56,0.0,0.2,8.0,3D,2025-08-18 19:27:45-04:00,POINT (-81.027043 33.999273)
2025-08-18 23:27:52 UTC,sensor00,236492955,25.66,91.94,2025-08-18 23:27:51+00:00,33.99948,-81.027097,167.4,3.66,-0.45,351.06,8.0,3D,2025-08-18 19:27:51-04:00,POINT (-81.027097 33.99948)
2025-08-18 23:27:57 UTC,sensor00,236492955,25.67,91.6,2025-08-18 23:27:56+00:00,33.999603,-81.027163,168.2,2.73,0.2,326.38,8.0,3D,2025-08-18 19:27:56-04:00,POINT (-81.027163 33.999603)
2025-08-18 23:28:02 UTC,sensor00,236492955,25.69,92.08,2025-08-18 23:27:57+00:00,33.99963,-81.027188,168.4,3.21,0.2,319.78,8.0,3D,2025-08-18 19:27:57-04:00,POINT (-81.027188 33.99963)
2025-08-18 23:28:12 UTC,sensor00,236492955,25.74,91.8,2025-08-18 23:28:11+00:00,33.99999,-81.027357,165.7,3.1,0.0,344.13,8.0,3D,2025-08-18 19:28:11-04:00,POINT (-81.027357 33.99999)
2025-08-18 23:28:22 UTC,sensor00,236492955,25.95,90.34,2025-08-18 23:28:21+00:00,34.000402,-81.027545,163.0,5.0,-0.2,337.21,8.0,3D,2025-08-18 19:28:21-04:00,POINT (-81.027545 34.000402)
2025-08-18 23:28:32 UTC,sensor00,236492955,26.2,88.37,2025-08-18 23:28:32+00:00,34.000822,-81.027895,161.1,4.68,0.1,0.0,8.0,3D,2025-08-18 19:28:32-04:00,POINT (-81.027895 34.000822)
2025-08-18 23:28:42 UTC,sensor00,236492955,26.42,86.73,2025-08-18 23:28:42+00:00,34.001393,-81.028197,161.3,8.53,-0.01,0.0,4.0,3D,2025-08-18 19:28:42-04:00,POINT (-81.028197 34.001393)
2025-08-18 23:28:47 UTC,sensor00,236492955,26.5,88.15,2025-08-18 23:28:47+00:00,34.00161,-81.028183,161.2,4.66,0.0,0.0,4.0,3D,2025-08-18 19:28:47-04:00,POINT (-81.028183 34.00161)
2025-08-18 23:11:22 UTC,sensor01,218208153,25.85,89.74,2025-08-18 23:11:22+00:00,34.002338,-81.013,81.2,3.44,-0.1,311.48,9.0,3D,2025-08-18 19:11:22-04:00,POINT (-81.013 34.002338)
2025-08-18 23:11:27 UTC,sensor01,218208153,25.79,89.73,2025-08-18 23:11:27+00:00,34.00245,-81.01314,80.4,3.5,-0.2,315.01,9.0,3D,2025-08-18 19:11:27-04:00,POINT (-81.01314 34.00245)
2025-08-18 23:11:32 UTC,sensor01,218208153,25.79,90.61,2025-08-18 23:11:32+00:00,34.00256,-81.013268,79.7,3.22,-0.2,312.4,9.0,3D,2025-08-18 19:11:32-04:00,POINT (-81.013268 34.00256)
2025-08-18 23:11:58 UTC,sensor01,218208153,25.83,90.79,2025-08-18 23:11:57+00:00,34.0028,-81.013147,78.8,6.03,-0.2,56.58,9.0,3D,2025-08-18 19:11:57-04:00,POINT (-81.013147 34.0028)
2025-08-18 23:12:03 UTC,sensor01,218208153,25.84,92.03,2025-08-18 23:12:02+00:00,34.002983,-81.012813,78.2,8.06,-0.2,57.22,9.0,3D,2025-08-18 19:12:02-04:00,POINT (-81.012813 34.002983)
2025-08-18 23:12:08 UTC,sensor01,218208153,25.71,91.81,2025-08-18 23:12:08+00:00,34.003222,-81.012363,77.3,6.89,-0.1,0.0,9.0,3D,2025-08-18 19:12:08-04:00,POINT (-81.012363 34.003222)
2025-08-18 23:12:18 UTC,sensor01,218208153,25.62,92.95,2025-08-18 23:12:18+00:00,34.003355,-81.01217,76.1,2.87,-0.2,0.0,9.0,3D,2025-08-18 19:12:18-04:00,POINT (-81.01217 34.003355)
2025-08-18 23:12:23 UTC,sensor01,218208153,25.6,93.09,2025-08-18 23:12:23+00:00,34.003555,-81.012188,75.4,5.47,-0.2,0.0,8.0,3D,2025-08-18 19:12:23-04:00,POINT (-81.012188 34.003555)
2025-08-18 23:12:28 UTC,sensor01,218208153,25.52,93.34,2025-08-18 23:12:28+00:00,34.003847,-81.012272,74.8,6.52,0.0,0.0,9.0,3D,2025-08-18 19:12:28-04:00,POINT (-81.012272 34.003847)
2025-08-18 23:12:33 UTC,sensor01,218208153,25.45,93.34,2025-08-18 23:12:33+00:00,34.004085,-81.012347,74.2,4.93,-0.2,0.0,9.0,3D,2025-08-18 19:12:33-04:00,POINT (-81.012347 34.004085)
2025-08-18 23:12:38 UTC,sensor01,218208153,25.53,93.05,2025-08-18 23:12:38+00:00,34.004357,-81.012422,73.7,6.79,-0.1,343.91,9.0,3D,2025-08-18 19:12:38-04:00,POINT (-81.012422 34.004357)
2025-08-18 23:12:43 UTC,sensor01,218208153,25.38,93.61,2025-08-18 23:12:43+00:00,34.004685,-81.012555,73.2,8.11,-0.1,337.81,9.0,3D,2025-08-18 19:12:43-04:00,POINT (-81.012555 34.004685)
2025-08-18 23:12:48 UTC,sensor01,218208153,25.45,94.06,2025-08-18 23:12:48+00:00,34.005032,-81.012828,72.5,9.17,0.0,321.1,9.0,3D,2025-08-18 19:12:48-04:00,POINT (-81.012828 34.005032)
2025-08-18 23:12:53 UTC,sensor01,218208153,25.48,92.14,2025-08-18 23:12:53+00:00,34.005365,-81.013168,72.3,9.78,0.0,314.13,9.0,3D,2025-08-18 19:12:53-04:00,POINT (-81.013168 34.005365)
2025-08-18 23:12:58 UTC,sensor01,218208153,25.52,91.74,2025-08-18 23:12:58+00:00,34.005682,-81.01359,72.0,10.72,0.0,315.4,9.0,3D,2025-08-18 19:12:58-04:00,POINT (-81.01359 34.005682)
2025-08-18 23:13:03 UTC,sensor01,218208153,25.51,92.33,2025-08-18 23:13:03+00:00,34.006088,-81.013943,71.4,11.19,-0.1,330.2,9.0,3D,2025-08-18 19:13:03-04:00,POINT (-81.013943 34.006088)
2025-08-18 23:13:08 UTC,sensor01,218208153,25.93,88.64,2025-08-18 23:13:08+00:00,34.006567,-81.014198,71.4,11.8,0.1,338.11,9.0,3D,2025-08-18 19:13:08-04:00,POINT (-81.014198 34.006567)
2025-08-18 23:13:13 UTC,sensor01,218208153,26.02,88.69,2025-08-18 23:13:13+00:00,34.00705,-81.014425,72.9,8.72,0.5,342.83,9.0,3D,2025-08-18 19:13:13-04:00,POINT (-81.014425 34.00705)
2025-08-18 23:13:23 UTC,sensor01,218208153,26.15,88.38,2025-08-18 23:13:23+00:00,34.007322,-81.014333,74.3,4.77,0.0,64.9,9.0,3D,2025-08-18 19:13:23-04:00,POINT (-81.014333 34.007322)
2025-08-18 23:13:28 UTC,sensor01,218208153,26.12,87.19,2025-08-18 23:13:28+00:00,34.007402,-81.013948,74.3,7.92,0.3,74.2,9.0,3D,2025-08-18 19:13:28-04:00,POINT (-81.013948 34.007402)
2025-08-18 23:13:34 UTC,sensor01,218208153,26.16,87.56,2025-08-18 23:13:33+00:00,34.007503,-81.013545,73.7,6.82,-0.2,83.24,9.0,3D,2025-08-18 19:13:33-04:00,POINT (-81.013545 34.007503)
2025-08-18 23:13:39 UTC,sensor01,218208153,26.43,86.41,2025-08-18 23:13:38+00:00,34.007348,-81.013127,73.1,10.87,-0.2,124.79,9.0,3D,2025-08-18 19:13:38-04:00,POINT (-81.013127 34.007348)
2025-08-18 23:13:44 UTC,sensor01,218208153,26.59,85.71,2025-08-18 23:13:43+00:00,34.006998,-81.012513,72.7,14.27,0.0,122.85,9.0,3D,2025-08-18 19:13:43-04:00,POINT (-81.012513 34.006998)
2025-08-18 23:13:49 UTC,sensor01,218208153,26.49,85.52,2025-08-18 23:13:48+00:00,34.006665,-81.011808,73.0,15.02,0.1,114.42,9.0,3D,2025-08-18 19:13:48-04:00,POINT (-81.011808 34.006665)
2025-08-18 23:14:04 UTC,sensor01,218208153,26.19,88.34,2025-08-18 23:14:04+00:00,34.00587,-81.009033,74.1,13.93,-0.2,0.0,9.0,3D,2025-08-18 19:14:04-04:00,POINT (-81.009033 34.00587)
2025-08-18 23:14:29 UTC,sensor01,218208153,26.44,86.96,2025-08-18 23:14:29+00:00,34.004117,-81.005143,86.9,15.1,0.8,114.25,9.0,3D,2025-08-18 19:14:29-04:00,POINT (-81.005143 34.004117)
2025-08-18 23:14:34 UTC,sensor01,218208153,26.38,87.04,2025-08-18 23:14:34+00:00,34.003853,-81.00439,91.1,14.93,0.8,111.44,9.0,3D,2025-08-18 19:14:34-04:00,POINT (-81.00439 34.003853)
2025-08-18 23:15:40 UTC,sensor01,218208153,26.4,85.45,2025-08-18 23:15:39+00:00,33.997968,-80.99408,119.0,11.53,0.1,127.28,9.0,3D,2025-08-18 19:15:39-04:00,POINT (-80.99408 33.997968)
2025-08-18 23:16:05 UTC,sensor01,218208153,26.43,86.2,2025-08-18 23:16:05+00:00,33.997823,-80.993713,121.0,2.38,0.1,0.0,9.0,3D,2025-08-18 19:16:05-04:00,POINT (-80.993713 33.997823)
2025-08-18 23:16:10 UTC,sensor01,218208153,26.5,85.5,2025-08-18 23:16:10+00:00,33.997625,-80.993413,121.3,9.15,0.1,0.0,9.0,3D,2025-08-18 19:16:10-04:00,POINT (-80.993413 33.997625)
2025-08-18 23:16:15 UTC,sensor01,218208153,26.51,85.12,2025-08-18 23:16:15+00:00,33.997407,-80.992988,122.0,8.33,0.1,122.49,9.0,3D,2025-08-18 19:16:15-04:00,POINT (-80.992988 33.997407)
2025-08-18 23:16:20 UTC,sensor01,218208153,26.54,85.37,2025-08-18 23:16:20+00:00,33.997242,-80.992795,122.6,3.11,0.2,160.42,9.0,3D,2025-08-18 19:16:20-04:00,POINT (-80.992795 33.997242)
2025-08-18 23:16:25 UTC,sensor01,218208153,26.4,85.92,2025-08-18 23:16:25+00:00,33.997123,-80.992887,123.1,3.81,0.1,210.63,9.0,3D,2025-08-18 19:16:25-04:00,POINT (-80.992887 33.997123)
2025-08-18 23:16:30 UTC,sensor01,218208153,26.26,86.46,2025-08-18 23:16:30+00:00,33.997073,-80.993082,122.3,2.66,-1.1,267.64,9.0,3D,2025-08-18 19:16:30-04:00,POINT (-80.993082 33.997073)
2025-08-18 23:16:40 UTC,sensor01,218208153,26.16,87.56,2025-08-18 23:16:40+00:00,33.997217,-80.993162,122.4,2.6,0.1,18.91,9.0,3D,2025-08-18 19:16:40-04:00,POINT (-80.993162 33.997217)
2025-08-18 23:17:30 UTC,sensor01,218208153,26.47,87.48,2025-08-18 23:17:30+00:00,33.997348,-80.99299,124.9,4.35,0.3,34.45,9.0,3D,2025-08-18 19:17:30-04:00,POINT (-80.99299 33.997348)
2025-08-18 23:17:35 UTC,sensor01,218208153,26.02,87.77,2025-08-18 23:17:35+00:00,33.997672,-80.992768,125.6,9.25,0.3,29.35,9.0,3D,2025-08-18 19:17:35-04:00,POINT (-80.992768 33.997672)
2025-08-18 23:17:40 UTC,sensor01,218208153,25.89,89.03,2025-08-18 23:17:40+00:00,33.998167,-80.992525,127.4,11.37,0.4,20.67,9.0,3D,2025-08-18 19:17:40-04:00,POINT (-80.992525 33.998167)
2025-08-18 23:17:45 UTC,sensor01,218208153,25.91,89.66,2025-08-18 23:17:45+00:00,33.99868,-80.992423,128.7,10.47,0.3,14.39,9.0,3D,2025-08-18 19:17:45-04:00,POINT (-80.992423 33.99868)
2025-08-18 23:17:51 UTC,sensor01,218208153,25.67,90.43,2025-08-18 23:17:50+00:00,33.999097,-80.992315,130.3,8.78,0.3,6.71,9.0,3D,2025-08-18 19:17:50-04:00,POINT (-80.992315 33.999097)
2025-08-18 23:17:56 UTC,sensor01,218208153,25.62,91.02,2025-08-18 23:17:55+00:00,33.99937,-80.992273,131.9,3.54,0.3,2.47,9.0,3D,2025-08-18 19:17:55-04:00,POINT (-80.992273 33.99937)
2025-08-18 23:18:06 UTC,sensor01,218208153,25.68,92.13,2025-08-18 23:18:06+00:00,33.99958,-80.992252,129.9,3.33,0.1,0.0,9.0,3D,2025-08-18 19:18:06-04:00,POINT (-80.992252 33.99958)
2025-08-18 23:18:11 UTC,sensor01,218208153,25.57,92.57,2025-08-18 23:18:11+00:00,33.999838,-80.992237,131.1,7.04,0.3,0.0,9.0,3D,2025-08-18 19:18:11-04:00,POINT (-80.992237 33.999838)
2025-08-18 23:18:16 UTC,sensor01,218208153,25.56,92.27,2025-08-18 23:18:16+00:00,34.000252,-80.992215,128.9,10.92,-2.8,0.0,9.0,3D,2025-08-18 19:18:16-04:00,POINT (-80.992215 34.000252)
2025-08-18 23:18:21 UTC,sensor01,218208153,25.6,92.28,2025-08-18 23:18:21+00:00,34.000803,-80.992082,124.4,13.3,-0.9,0.0,9.0,3D,2025-08-18 19:18:21-04:00,POINT (-80.992082 34.000803)
2025-08-18 23:18:26 UTC,sensor01,218208153,25.57,92.74,2025-08-18 23:18:26+00:00,34.001358,-80.991912,121.7,12.1,-0.2,15.6,9.0,3D,2025-08-18 19:18:26-04:00,POINT (-80.991912 34.001358)
2025-08-18 23:18:31 UTC,sensor01,218208153,25.48,93.23,2025-08-18 23:18:31+00:00,34.00173,-80.991775,122.7,6.13,0.5,14.68,9.0,3D,2025-08-18 19:18:31-04:00,POINT (-80.991775 34.00173)
2025-08-18 23:18:46 UTC,sensor01,218208153,25.41,92.6,2025-08-18 23:18:46+00:00,34.001932,-80.991943,123.0,5.27,0.0,261.33,9.0,3D,2025-08-18 19:18:46-04:00,POINT (-80.991943 34.001932)
2025-08-18 23:18:51 UTC,sensor01,218208153,25.38,93.72,2025-08-18 23:18:51+00:00,34.001902,-80.992342,123.3,8.61,0.0,264.72,9.0,3D,2025-08-18 19:18:51-04:00,POINT (-80.992342 34.001902)
2025-08-18 23:18:56 UTC,sensor01,218208153,25.34,93.7,2025-08-18 23:18:56+00:00,34.001888,-80.992852,123.8,9.71,0.2,269.38,9.0,3D,2025-08-18 19:18:56-04:00,POINT (-80.992852 34.001888)
2025-08-18 23:19:01 UTC,sensor01,218208153,25.26,93.41,2025-08-18 23:19:01+00:00,34.001913,-80.993417,124.5,10.78,0.1,273.94,9.0,3D,2025-08-18 19:19:01-04:00,POINT (-80.993417 34.001913)
2025-08-18 23:19:06 UTC,sensor01,218208153,25.28,93.75,2025-08-18 23:19:06+00:00,34.001952,-80.994002,125.0,10.95,0.1,273.11,9.0,3D,2025-08-18 19:19:06-04:00,POINT (-80.994002 34.001952)
2025-08-18 23:19:11 UTC,sensor01,218208153,25.23,93.65,2025-08-18 23:19:11+00:00,34.001968,-80.994562,125.8,9.5,0.2,271.04,9.0,3D,2025-08-18 19:19:11-04:00,POINT (-80.994562 34.001968)
2025-08-18 23:19:16 UTC,sensor01,218208153,25.17,94.35,2025-08-18 23:19:16+00:00,34.001983,-80.99501,126.9,7.15,0.2,273.54,9.0,3D,2025-08-18 19:19:16-04:00,POINT (-80.99501 34.001983)
2025-08-18 23:19:21 UTC,sensor01,218208153,25.13,94.16,2025-08-18 23:19:21+00:00,34.002003,-80.995265,128.2,4.26,0.3,270.77,9.0,3D,2025-08-18 19:19:21-04:00,POINT (-80.995265 34.002003)
2025-08-18 23:19:26 UTC,sensor01,218208153,25.17,94.16,2025-08-18 23:19:26+00:00,34.002023,-80.995567,129.5,5.84,0.2,273.01,9.0,3D,2025-08-18 19:19:26-04:00,POINT (-80.995567 34.002023)
2025-08-18 23:19:31 UTC,sensor01,218208153,25.22,93.89,2025-08-18 23:19:31+00:00,34.002037,-80.995763,130.7,2.28,0.3,282.48,9.0,3D,2025-08-18 19:19:31-04:00,POINT (-80.995763 34.002037)
2025-08-18 23:20:32 UTC,sensor01,218208153,25.52,92.38,2025-08-18 23:20:32+00:00,34.002022,-80.99587,133.3,2.58,0.1,236.05,9.0,3D,2025-08-18 19:20:32-04:00,POINT (-80.99587 34.002022)
2025-08-18 23:20:37 UTC,sensor01,218208153,25.38,92.54,2025-08-18 23:20:37+00:00,34.001855,-80.99592,133.4,5.14,0.0,183.82,9.0,3D,2025-08-18 19:20:37-04:00,POINT (-80.99592 34.001855)
2025-08-18 23:20:42 UTC,sensor01,218208153,25.42,92.34,2025-08-18 23:20:42+00:00,34.00157,-80.995933,133.4,7.08,0.0,185.53,9.0,3D,2025-08-18 19:20:42-04:00,POINT (-80.995933 34.00157)
2025-08-18 23:20:47 UTC,sensor01,218208153,25.64,91.09,2025-08-18 23:20:47+00:00,34.001228,-80.995958,133.2,8.46,-0.1,184.55,9.0,3D,2025-08-18 19:20:47-04:00,POINT (-80.995958 34.001228)
2025-08-18 23:20:52 UTC,sensor01,218208153,25.67,90.25,2025-08-18 23:20:52+00:00,34.000827,-80.995978,132.7,9.44,-0.1,183.12,9.0,3D,2025-08-18 19:20:52-04:00,POINT (-80.995978 34.000827)
2025-08-18 23:20:57 UTC,sensor01,218208153,25.75,88.74,2025-08-18 23:20:57+00:00,34.000517,-80.996028,132.3,4.69,0.0,188.63,10.0,3D,2025-08-18 19:20:57-04:00,POINT (-80.996028 34.000517)
2025-08-18 23:21:02 UTC,sensor01,218208153,25.84,89.24,2025-08-18 23:21:02+00:00,34.000303,-80.99604,132.1,4.87,0.0,185.87,10.0,3D,2025-08-18 19:21:02-04:00,POINT (-80.99604 34.000303)
2025-08-18 23:21:07 UTC,sensor01,218208153,25.95,89.25,2025-08-18 23:21:07+00:00,34.000073,-80.996063,131.3,3.92,-0.8,178.71,10.0,3D,2025-08-18 19:21:07-04:00,POINT (-80.996063 34.000073)
2025-08-18 23:21:32 UTC,sensor01,218208153,26.1,87.99,2025-08-18 23:21:32+00:00,33.999738,-80.996138,130.4,5.56,0.0,161.38,10.0,3D,2025-08-18 19:21:32-04:00,POINT (-80.996138 33.999738)
2025-08-18 23:21:37 UTC,sensor01,218208153,25.99,88.41,2025-08-18 23:21:37+00:00,33.999427,-80.99589,130.4,9.18,0.0,139.04,10.0,3D,2025-08-18 19:21:37-04:00,POINT (-80.99589 33.999427)
2025-08-18 23:21:42 UTC,sensor01,218208153,26.09,88.32,2025-08-18 23:21:42+00:00,33.999037,-80.99548,130.0,11.34,-0.1,138.71,10.0,3D,2025-08-18 19:21:42-04:00,POINT (-80.99548 33.999037)
2025-08-18 23:21:47 UTC,sensor01,218208153,26.08,88.9,2025-08-18 23:21:47+00:00,33.998755,-80.995138,129.4,6.27,-0.2,137.7,10.0,3D,2025-08-18 19:21:47-04:00,POINT (-80.995138 33.998755)
2025-08-18 23:21:52 UTC,sensor01,218208153,25.96,89.33,2025-08-18 23:21:52+00:00,33.998628,-80.995145,124.9,3.28,-0.9,213.8,10.0,3D,2025-08-18 19:21:52-04:00,POINT (-80.995145 33.998628)
2025-08-18 23:21:57 UTC,sensor01,218208153,25.84,89.77,2025-08-18 23:21:57+00:00,33.998512,-80.995332,121.1,5.16,-0.3,224.13,10.0,3D,2025-08-18 19:21:57-04:00,POINT (-80.995332 33.998512)
2025-08-18 23:22:02 UTC,sensor01,218208153,25.7,91.02,2025-08-18 23:22:02+00:00,33.998322,-80.995577,119.1,6.74,-0.2,229.87,10.0,3D,2025-08-18 19:22:02-04:00,POINT (-80.995577 33.998322)
2025-08-18 23:22:07 UTC,sensor01,218208153,25.57,92.06,2025-08-18 23:22:07+00:00,33.998157,-80.99582,117.8,3.84,-0.1,224.16,10.0,3D,2025-08-18 19:22:07-04:00,POINT (-80.99582 33.998157)
2025-08-18 23:22:28 UTC,sensor01,218208153,25.68,92.46,2025-08-18 23:22:28+00:00,33.998138,-80.995982,116.2,2.49,0.0,0.0,10.0,3D,2025-08-18 19:22:28-04:00,POINT (-80.995982 33.998138)
2025-08-18 23:22:33 UTC,sensor01,218208153,25.64,92.06,2025-08-18 23:22:33+00:00,33.998268,-80.996103,116.7,4.2,0.1,0.0,10.0,3D,2025-08-18 19:22:33-04:00,POINT (-80.996103 33.998268)
2025-08-18 23:22:38 UTC,sensor01,218208153,25.56,92.36,2025-08-18 23:22:38+00:00,33.998452,-80.996293,117.2,5.74,0.1,0.0,10.0,3D,2025-08-18 19:22:38-04:00,POINT (-80.996293 33.998452)
2025-08-18 23:22:43 UTC,sensor01,218208153,25.53,92.78,2025-08-18 23:22:43+00:00,33.998665,-80.996532,117.7,6.76,0.1,0.0,10.0,3D,2025-08-18 19:22:43-04:00,POINT (-80.996532 33.998665)
2025-08-18 23:22:48 UTC,sensor01,218208153,25.45,92.64,2025-08-18 23:22:48+00:00,33.998865,-80.996755,118.4,4.33,0.1,0.0,4.0,3D,2025-08-18 19:22:48-04:00,POINT (-80.996755 33.998865)
2025-08-18 23:22:58 UTC,sensor01,218208153,25.47,91.79,2025-08-18 23:22:58+00:00,33.998993,-80.996897,118.3,3.37,0.1,0.0,8.0,3D,2025-08-18 19:22:58-04:00,POINT (-80.996897 33.998993)
2025-08-18 23:23:03 UTC,sensor01,218208153,25.41,92.85,2025-08-18 23:23:03+00:00,33.999115,-80.997037,118.8,4.16,0.1,0.0,10.0,3D,2025-08-18 19:23:03-04:00,POINT (-80.997037 33.999115)
2025-08-18 23:23:08 UTC,sensor01,218208153,25.38,93.16,2025-08-18 23:23:08+00:00,33.99932,-80.997272,118.1,6.12,0.1,0.0,10.0,3D,2025-08-18 19:23:08-04:00,POINT (-80.997272 33.99932)
2025-08-18 23:23:13 UTC,sensor01,218208153,25.29,93.19,2025-08-18 23:23:13+00:00,33.99952,-80.99748,118.6,4.97,0.0,318.63,10.0,3D,2025-08-18 19:23:13-04:00,POINT (-80.99748 33.99952)
2025-08-18 23:23:18 UTC,sensor01,218208153,25.32,93.25,2025-08-18 23:23:18+00:00,33.999655,-80.997613,118.4,4.08,0.2,319.08,10.0,3D,2025-08-18 19:23:18-04:00,POINT (-80.997613 33.999655)
2025-08-18 23:23:23 UTC,sensor01,218208153,25.27,93.81,2025-08-18 23:23:23+00:00,33.999793,-80.997752,116.0,3.95,0.1,312.49,10.0,3D,2025-08-18 19:23:23-04:00,POINT (-80.997752 33.999793)
2025-08-18 23:23:28 UTC,sensor01,218208153,25.32,92.22,2025-08-18 23:23:28+00:00,33.999882,-80.997937,116.7,4.0,0.2,303.11,10.0,3D,2025-08-18 19:23:28-04:00,POINT (-80.997937 33.999882)
2025-08-18 23:23:33 UTC,sensor01,218208153,25.36,91.38,2025-08-18 23:23:33+00:00,33.999935,-80.998155,116.6,4.18,0.1,273.75,10.0,3D,2025-08-18 19:23:33-04:00,POINT (-80.998155 33.999935)
2025-08-18 23:23:38 UTC,sensor01,218208153,25.34,92.45,2025-08-18 23:23:38+00:00,33.999955,-80.99842,117.0,5.38,0.1,273.65,10.0,3D,2025-08-18 19:23:38-04:00,POINT (-80.99842 33.999955)
2025-08-18 23:23:58 UTC,sensor01,218208153,25.54,91.68,2025-08-18 23:23:58+00:00,33.999978,-80.998688,116.4,2.24,-0.2,245.49,10.0,3D,2025-08-18 19:23:58-04:00,POINT (-80.998688 33.999978)
2025-08-18 23:24:03 UTC,sensor01,218208153,25.51,92.07,2025-08-18 23:24:03+00:00,33.99985,-80.998782,114.3,4.05,-1.2,189.53,10.0,3D,2025-08-18 19:24:03-04:00,POINT (-80.998782 33.99985)
2025-08-18 23:24:08 UTC,sensor01,218208153,25.39,92.68,2025-08-18 23:24:08+00:00,33.999605,-80.998813,112.2,5.86,-0.2,184.16,10.0,3D,2025-08-18 19:24:08-04:00,POINT (-80.998813 33.999605)
2025-08-18 23:24:13 UTC,sensor01,218208153,25.34,93.04,2025-08-18 23:24:13+00:00,33.999292,-80.998818,110.7,7.5,-0.2,184.6,10.0,3D,2025-08-18 19:24:13-04:00,POINT (-80.998818 33.999292)
2025-08-18 23:24:18 UTC,sensor01,218208153,25.3,93.49,2025-08-18 23:24:18+00:00,33.998988,-80.99883,109.7,6.32,0.0,181.52,10.0,3D,2025-08-18 19:24:18-04:00,POINT (-80.99883 33.998988)
2025-08-18 23:24:23 UTC,sensor01,218208153,25.31,93.2,2025-08-18 23:24:23+00:00,33.998742,-80.99886,109.5,4.11,-0.1,184.62,10.0,3D,2025-08-18 19:24:23-04:00,POINT (-80.99886 33.998742)
2025-08-18 23:24:28 UTC,sensor01,218208153,25.37,92.78,2025-08-18 23:24:28+00:00,33.99856,-80.998893,108.2,3.54,0.0,184.47,10.0,3D,2025-08-18 19:24:28-04:00,POINT (-80.998893 33.99856)
2025-08-18 23:24:33 UTC,sensor01,218208153,25.48,91.92,2025-08-18 23:24:33+00:00,33.998345,-80.998923,108.2,4.8,0.0,185.28,10.0,3D,2025-08-18 19:24:33-04:00,POINT (-80.998923 33.998345)
2025-08-18 23:24:38 UTC,sensor01,218208153,25.58,90.31,2025-08-18 23:24:39+00:00,33.998048,-80.998957,108.0,3.54,0.0,0.0,10.0,3D,2025-08-18 19:24:39-04:00,POINT (-80.998957 33.998048)
2025-08-18 23:25:24 UTC,sensor01,218208153,25.95,88.78,2025-08-18 23:25:24+00:00,33.99778,-80.998968,108.5,5.56,0.1,181.06,10.0,3D,2025-08-18 19:25:24-04:00,POINT (-80.998968 33.99778)
2025-08-18 23:25:29 UTC,sensor01,218208153,25.91,90.12,2025-08-18 23:25:29+00:00,33.997425,-80.998987,108.7,8.76,0.1,182.3,10.0,3D,2025-08-18 19:25:29-04:00,POINT (-80.998987 33.997425)
2025-08-18 23:25:34 UTC,sensor01,218208153,25.73,92.2,2025-08-18 23:25:34+00:00,33.996938,-80.999038,108.8,11.41,0.0,185.49,10.0,3D,2025-08-18 19:25:34-04:00,POINT (-80.999038 33.996938)
2025-08-18 23:25:39 UTC,sensor01,218208153,25.64,92.58,2025-08-18 23:25:39+00:00,33.996547,-80.999088,108.3,5.89,0.0,190.5,10.0,3D,2025-08-18 19:25:39-04:00,POINT (-80.999088 33.996547)
2025-08-18 23:25:54 UTC,sensor01,218208153,25.65,92.82,2025-08-18 23:25:54+00:00,33.996467,-80.99905,107.8,2.74,0.1,130.78,10.0,3D,2025-08-18 19:25:54-04:00,POINT (-80.99905 33.996467)
2025-08-18 23:25:59 UTC,sensor01,218208153,25.53,93.77,2025-08-18 23:25:59+00:00,33.996433,-80.99881,108.0,5.92,0.1,94.34,10.0,3D,2025-08-18 19:25:59-04:00,POINT (-80.99881 33.996433)
2025-08-18 23:26:04 UTC,sensor01,218208153,25.47,93.75,2025-08-18 23:26:04+00:00,33.996383,-80.998345,108.2,9.15,0.0,92.77,10.0,3D,2025-08-18 19:26:04-04:00,POINT (-80.998345 33.996383)
2025-08-18 23:26:09 UTC,sensor01,218208153,25.52,93.53,2025-08-18 23:26:09+00:00,33.996322,-80.997802,107.9,8.15,0.0,95.79,10.0,3D,2025-08-18 19:26:09-04:00,POINT (-80.997802 33.996322)
2025-08-18 23:26:14 UTC,sensor01,218208153,25.46,93.63,2025-08-18 23:26:14+00:00,33.996288,-80.997552,107.8,2.95,-0.3,97.2,10.0,3D,2025-08-18 19:26:14-04:00,POINT (-80.997552 33.996288)
2025-08-18 23:26:19 UTC,sensor01,218208153,25.34,93.53,2025-08-18 23:26:19+00:00,33.99628,-80.997307,106.3,6.07,-0.1,93.14,10.0,3D,2025-08-18 19:26:19-04:00,POINT (-80.997307 33.99628)
2025-08-18 23:26:24 UTC,sensor01,218208153,25.3,94.63,2025-08-18 23:26:24+00:00,33.99625,-80.996867,106.4,9.78,0.0,97.47,10.0,3D,2025-08-18 19:26:24-04:00,POINT (-80.996867 33.99625)
2025-08-18 23:26:29 UTC,sensor01,218208153,25.23,94.8,2025-08-18 23:26:29+00:00,33.996225,-80.996342,106.7,8.97,0.1,95.77,10.0,3D,2025-08-18 19:26:29-04:00,POINT (-80.996342 33.996225)
2025-08-18 23:26:39 UTC,sensor01,218208153,25.23,95.13,2025-08-18 23:26:39+00:00,33.996193,-80.995987,107.5,4.04,0.1,86.29,10.0,3D,2025-08-18 19:26:39-04:00,POINT (-80.995987 33.996193)
2025-08-18 23:26:44 UTC,sensor01,218208153,25.17,95.05,2025-08-18 23:26:44+00:00,33.996192,-80.995665,108.1,7.22,0.1,91.71,10.0,3D,2025-08-18 19:26:44-04:00,POINT (-80.995665 33.996192)
2025-08-18 23:26:49 UTC,sensor01,218208153,25.2,94.72,2025-08-18 23:26:50+00:00,33.996187,-80.995078,108.7,10.19,0.1,0.0,10.0,3D,2025-08-18 19:26:50-04:00,POINT (-80.995078 33.996187)
2025-08-18 23:26:54 UTC,sensor01,218208153,25.31,95.09,2025-08-18 23:26:55+00:00,33.996142,-80.994593,108.7,8.03,0.0,0.0,10.0,3D,2025-08-18 19:26:55-04:00,POINT (-80.994593 33.996142)
2025-08-18 23:26:59 UTC,sensor01,218208153,25.31,95.63,2025-08-18 23:27:00+00:00,33.996117,-80.99417,109.6,8.37,0.2,0.0,10.0,3D,2025-08-18 19:27:00-04:00,POINT (-80.99417 33.996117)
2025-08-18 23:27:05 UTC,sensor01,218208153,25.31,95.36,2025-08-18 23:27:05+00:00,33.996083,-80.993727,110.5,7.86,0.2,0.0,10.0,3D,2025-08-18 19:27:05-04:00,POINT (-80.993727 33.996083)
2025-08-18 23:27:20 UTC,sensor01,218208153,25.4,94.88,2025-08-18 23:27:20+00:00,33.995975,-80.993415,111.8,2.7,0.0,149.34,10.0,3D,2025-08-18 19:27:20-04:00,POINT (-80.993415 33.995975)
2025-08-18 23:27:25 UTC,sensor01,218208153,25.45,93.88,2025-08-18 23:27:25+00:00,33.995787,-80.993397,111.9,5.21,-0.1,176.87,10.0,3D,2025-08-18 19:27:25-04:00,POINT (-80.993397 33.995787)
2025-08-18 23:27:30 UTC,sensor01,218208153,25.57,93.37,2025-08-18 23:27:30+00:00,33.995445,-80.99343,108.5,8.79,-1.5,186.02,10.0,3D,2025-08-18 19:27:30-04:00,POINT (-80.99343 33.995445)
2025-08-18 23:27:35 UTC,sensor01,218208153,25.52,93.44,2025-08-18 23:27:35+00:00,33.994985,-80.9935,107.3,9.29,-0.2,183.98,10.0,3D,2025-08-18 19:27:35-04:00,POINT (-80.9935 33.994985)
2025-08-18 23:27:40 UTC,sensor01,218208153,25.53,93.5,2025-08-18 23:27:40+00:00,33.99459,-80.993545,107.2,6.68,0.1,185.66,10.0,3D,2025-08-18 19:27:40-04:00,POINT (-80.993545 33.99459)
2025-08-18 23:28:05 UTC,sensor01,218208153,25.61,93.91,2025-08-18 23:28:05+00:00,33.99436,-80.9933,105.4,4.75,0.1,98.79,10.0,3D,2025-08-18 19:28:05-04:00,POINT (-80.9933 33.99436)
2025-08-18 23:28:10 UTC,sensor01,218208153,25.51,93.77,2025-08-18 23:28:10+00:00,33.994347,-80.992963,106.0,7.17,0.1,91.41,10.0,3D,2025-08-18 19:28:10-04:00,POINT (-80.992963 33.994347)
2025-08-18 23:28:15 UTC,sensor01,218208153,25.39,93.28,2025-08-18 23:28:15+00:00,33.994347,-80.992583,106.8,6.82,0.2,88.45,10.0,3D,2025-08-18 19:28:15-04:00,POINT (-80.992583 33.994347)
2025-08-18 23:28:20 UTC,sensor01,218208153,25.38,93.11,2025-08-18 23:28:20+00:00,33.994377,-80.992178,107.1,7.27,0.2,86.91,10.0,3D,2025-08-18 19:28:20-04:00,POINT (-80.992178 33.994377)
2025-08-18 23:28:25 UTC,sensor01,218208153,25.54,92.55,2025-08-18 23:28:25+00:00,33.994348,-80.991722,107.8,8.52,0.2,91.77,9.0,3D,2025-08-18 19:28:25-04:00,POINT (-80.991722 33.994348)
2025-08-18 23:28:30 UTC,sensor01,218208153,25.76,91.43,2025-08-18 23:28:30+00:00,33.994262,-80.991183,108.6,8.96,0.2,92.55,9.0,3D,2025-08-18 19:28:30-04:00,POINT (-80.991183 33.994262)
2025-08-18 23:28:35 UTC,sensor01,218208153,25.68,91.26,2025-08-18 23:28:35+00:00,33.994222,-80.99074,109.5,6.13,0.1,100.64,9.0,3D,2025-08-18 19:28:35-04:00,POINT (-80.99074 33.994222)
2025-08-18 23:28:45 UTC,sensor01,218208153,25.64,92.95,2025-08-18 23:28:45+00:00,33.994228,-80.990602,110.0,2.75,0.0,46.4,9.0,3D,2025-08-18 19:28:45-04:00,POINT (-80.990602 33.994228)
2025-08-18 23:28:50 UTC,sensor01,218208153,25.58,93.74,2025-08-18 23:28:50+00:00,33.994365,-80.990543,109.7,3.94,0.0,11.05,9.0,3D,2025-08-18 19:28:50-04:00,POINT (-80.990543 33.994365)
2025-08-18 23:28:55 UTC,sensor01,218208153,25.54,92.44,2025-08-18 23:28:55+00:00,33.99462,-80.9905,109.8,6.44,0.0,9.17,9.0,3D,2025-08-18 19:28:55-04:00,POINT (-80.9905 33.99462)
2025-08-18 23:29:00 UTC,sensor01,218208153,25.41,93.17,2025-08-18 23:29:00+00:00,33.99493,-80.990457,109.9,7.29,0.0,5.99,9.0,3D,2025-08-18 19:29:00-04:00,POINT (-80.990457 33.99493)
2025-08-18 23:29:05 UTC,sensor01,218208153,25.38,93.84,2025-08-18 23:29:06+00:00,33.995293,-80.990383,109.6,7.99,0.0,0.0,9.0,3D,2025-08-18 19:29:06-04:00,POINT (-80.990383 33.995293)
2025-08-18 23:29:10 UTC,sensor01,218208153,25.28,93.86,2025-08-18 23:29:11+00:00,33.995715,-80.99036,109.6,9.29,-0.1,0.0,9.0,3D,2025-08-18 19:29:11-04:00,POINT (-80.99036 33.995715)
2025-08-18 23:29:15 UTC,sensor01,218208153,25.36,93.56,2025-08-18 23:29:16+00:00,33.996012,-80.990312,108.9,3.28,-0.5,0.0,9.0,3D,2025-08-18 19:29:16-04:00,POINT (-80.990312 33.996012)
2025-08-18 23:29:20 UTC,sensor01,218208153,25.39,92.22,2025-08-18 23:29:21+00:00,33.996128,-80.990373,108.4,2.42,-0.1,0.0,9.0,3D,2025-08-18 19:29:21-04:00,POINT (-80.990373 33.996128)
2025-08-18 23:29:31 UTC,sensor01,218208153,25.75,91.71,2025-08-18 23:29:31+00:00,33.996152,-80.990652,106.2,4.18,-0.3,278.88,9.0,3D,2025-08-18 19:29:31-04:00,POINT (-80.990652 33.996152)
2025-08-18 23:29:36 UTC,sensor01,218208153,25.82,91.7,2025-08-18 23:29:36+00:00,33.996173,-80.990935,104.9,5.83,-0.2,275.46,9.0,3D,2025-08-18 19:29:36-04:00,POINT (-80.990935 33.996173)
2025-08-18 23:29:41 UTC,sensor01,218208153,25.69,92.03,2025-08-18 23:29:41+00:00,33.996172,-80.991287,103.5,6.57,-0.3,268.81,9.0,3D,2025-08-18 19:29:41-04:00,POINT (-80.991287 33.996172)
2025-08-18 23:29:46 UTC,sensor01,218208153,25.55,92.53,2025-08-18 23:29:46+00:00,33.99615,-80.991697,102.5,7.9,-0.3,270.05,9.0,3D,2025-08-18 19:29:46-04:00,POINT (-80.991697 33.99615)
2025-08-18 23:29:51 UTC,sensor01,218208153,25.48,93.1,2025-08-18 23:29:51+00:00,33.996105,-80.992173,101.0,9.1,-0.2,265.37,9.0,3D,2025-08-18 19:29:51-04:00,POINT (-80.992173 33.996105)
2025-08-18 23:29:56 UTC,sensor01,218208153,25.46,93.52,2025-08-18 23:29:56+00:00,33.996072,-80.992702,99.6,9.59,-0.2,267.04,9.0,3D,2025-08-18 19:29:56-04:00,POINT (-80.992702 33.996072)
2025-08-18 23:30:01 UTC,sensor01,218208153,25.42,93.56,2025-08-18 23:30:01+00:00,33.996057,-80.993118,98.4,6.1,-0.2,268.05,9.0,3D,2025-08-18 19:30:01-04:00,POINT (-80.993118 33.996057)
2025-08-18 23:30:16 UTC,sensor01,218208153,25.42,93.84,2025-08-18 23:30:16+00:00,33.996258,-80.993345,96.4,5.4,-0.2,5.42,9.0,3D,2025-08-18 19:30:16-04:00,POINT (-80.993345 33.996258)
2025-08-18 23:30:21 UTC,sensor01,218208153,25.25,94.05,2025-08-18 23:30:21+00:00,33.996583,-80.993297,95.9,8.15,0.0,6.45,9.0,3D,2025-08-18 19:30:21-04:00,POINT (-80.993297 33.996583)
2025-08-18 23:30:26 UTC,sensor01,218208153,25.33,94.21,2025-08-18 23:30:26+00:00,33.997007,-80.993255,96.0,8.71,0.0,7.89,9.0,3D,2025-08-18 19:30:26-04:00,POINT (-80.993255 33.997007)
2025-08-18 23:30:31 UTC,sensor01,218208153,25.43,92.27,2025-08-18 23:30:31+00:00,33.997277,-80.993178,95.6,3.01,0.0,25.15,9.0,3D,2025-08-18 19:30:31-04:00,POINT (-80.993178 33.997277)
2025-08-18 23:30:41 UTC,sensor01,218208153,25.75,91.3,2025-08-18 23:30:41+00:00,33.99737,-80.992955,95.5,5.27,0.1,88.1,9.0,3D,2025-08-18 19:30:41-04:00,POINT (-80.992955 33.99737)
2025-08-18 23:30:46 UTC,sensor01,218208153,25.66,90.94,2025-08-18 23:30:46+00:00,33.997318,-80.992438,96.0,10.97,0.3,95.42,9.0,3D,2025-08-18 19:30:46-04:00,POINT (-80.992438 33.997318)
2025-08-18 23:30:51 UTC,sensor01,218208153,25.79,91.62,2025-08-18 23:30:51+00:00,33.997232,-80.9917,96.5,14.89,0.1,95.45,9.0,3D,2025-08-18 19:30:51-04:00,POINT (-80.9917 33.997232)
2025-08-18 23:31:11 UTC,sensor01,218208153,25.7,90.56,2025-08-18 23:31:11+00:00,33.996877,-80.988132,98.4,15.64,0.3,93.85,9.0,3D,2025-08-18 19:31:11-04:00,POINT (-80.988132 33.996877)
2025-08-18 23:31:16 UTC,sensor01,218208153,25.91,91.06,2025-08-18 23:31:17+00:00,33.996893,-80.98749,99.1,6.59,0.1,0.0,9.0,3D,2025-08-18 19:31:17-04:00,POINT (-80.98749 33.996893)
2025-08-18 23:31:21 UTC,sensor01,218208153,25.97,90.64,2025-08-18 23:31:22+00:00,33.997037,-80.987372,100.8,2.81,1.2,0.0,9.0,3D,2025-08-18 19:31:22-04:00,POINT (-80.987372 33.997037)
2025-08-18 23:31:26 UTC,sensor01,218208153,25.81,91.18,2025-08-18 23:31:27+00:00,33.99732,-80.987348,98.7,7.22,0.4,0.0,9.0,3D,2025-08-18 19:31:27-04:00,POINT (-80.987348 33.99732)
2025-08-18 23:31:31 UTC,sensor01,218208153,25.75,92.03,2025-08-18 23:31:32+00:00,33.997677,-80.987278,99.6,9.06,0.2,0.0,9.0,3D,2025-08-18 19:31:32-04:00,POINT (-80.987278 33.997677)
2025-08-18 23:31:36 UTC,sensor01,218208153,25.74,91.82,2025-08-18 23:31:37+00:00,33.998092,-80.987153,101.1,10.17,0.4,17.62,9.0,3D,2025-08-18 19:31:37-04:00,POINT (-80.987153 33.998092)
2025-08-18 23:31:41 UTC,sensor01,218208153,25.74,92.41,2025-08-18 23:31:42+00:00,33.998572,-80.986902,102.6,12.12,0.3,27.09,9.0,3D,2025-08-18 19:31:42-04:00,POINT (-80.986902 33.998572)
2025-08-18 23:31:47 UTC,sensor01,218208153,25.75,93.09,2025-08-18 23:31:47+00:00,33.998967,-80.986647,104.1,6.46,0.4,24.45,9.0,3D,2025-08-18 19:31:47-04:00,POINT (-80.986647 33.998967)
2025-08-18 23:31:57 UTC,sensor01,218208153,25.65,93.66,2025-08-18 23:31:57+00:00,33.999173,-80.986733,107.7,3.68,0.3,301.36,9.0,3D,2025-08-18 19:31:57-04:00,POINT (-80.986733 33.999173)
2025-08-18 23:32:02 UTC,sensor01,218208153,25.49,93.96,2025-08-18 23:32:02+00:00,33.999275,-80.986918,108.9,4.29,0.2,306.09,9.0,3D,2025-08-18 19:32:02-04:00,POINT (-80.986918 33.999275)
2025-08-18 23:32:07 UTC,sensor01,218208153,25.49,94.01,2025-08-18 23:32:07+00:00,33.999362,-80.987155,110.1,5.31,0.2,295.23,9.0,3D,2025-08-18 19:32:07-04:00,POINT (-80.987155 33.999362)
2025-08-18 23:32:12 UTC,sensor01,218208153,25.44,94.78,2025-08-18 23:32:12+00:00,33.999453,-80.987423,110.6,4.6,0.0,289.75,9.0,3D,2025-08-18 19:32:12-04:00,POINT (-80.987423 33.999453)
2025-08-18 23:32:27 UTC,sensor01,218208153,25.38,94.92,2025-08-18 23:32:27+00:00,33.99954,-80.987738,111.8,3.6,0.0,274.83,9.0,3D,2025-08-18 19:32:27-04:00,POINT (-80.987738 33.99954)
2025-08-18 23:33:07 UTC,sensor01,218208153,25.5,94.46,2025-08-18 23:33:07+00:00,33.99948,-80.987545,109.5,5.26,0.0,102.94,9.0,3D,2025-08-18 19:33:07-04:00,POINT (-80.987545 33.99948)
2025-08-18 23:33:12 UTC,sensor01,218208153,25.47,94.85,2025-08-18 23:33:12+00:00,33.999368,-80.987135,108.7,8.9,-0.5,110.22,9.0,3D,2025-08-18 19:33:12-04:00,POINT (-80.987135 33.999368)
2025-08-18 23:33:17 UTC,sensor01,218208153,25.45,95.48,2025-08-18 23:33:17+00:00,33.999185,-80.986717,108.3,6.37,-0.1,123.8,9.0,3D,2025-08-18 19:33:17-04:00,POINT (-80.986717 33.999185)
2025-08-18 23:34:02 UTC,sensor01,218208153,25.69,94.21,2025-08-18 23:34:03+00:00,33.99906,-80.986457,107.4,5.49,0.0,0.0,8.0,3D,2025-08-18 19:34:03-04:00,POINT (-80.986457 33.99906)
2025-08-18 23:34:07 UTC,sensor01,218208153,25.46,94.7,2025-08-18 23:34:08+00:00,33.998982,-80.986103,107.6,7.84,0.0,0.0,9.0,3D,2025-08-18 19:34:08-04:00,POINT (-80.986103 33.998982)
2025-08-18 23:34:13 UTC,sensor01,218208153,25.32,94.94,2025-08-18 23:34:13+00:00,33.998973,-80.98568,107.8,8.47,0.1,0.0,9.0,3D,2025-08-18 19:34:13-04:00,POINT (-80.98568 33.998973)
2025-08-18 23:34:33 UTC,sensor01,218208153,25.35,95.17,2025-08-18 23:34:33+00:00,33.998903,-80.9852,107.5,2.5,0.1,85.59,9.0,3D,2025-08-18 19:34:33-04:00,POINT (-80.9852 33.998903)
2025-08-18 23:34:38 UTC,sensor01,218208153,25.28,94.45,2025-08-18 23:34:38+00:00,33.998902,-80.984968,107.0,4.75,0.0,87.22,9.0,3D,2025-08-18 19:34:38-04:00,POINT (-80.984968 33.998902)
2025-08-18 23:34:43 UTC,sensor01,218208153,25.29,94.6,2025-08-18 23:34:43+00:00,33.998918,-80.984672,107.5,5.45,0.2,74.51,9.0,3D,2025-08-18 19:34:43-04:00,POINT (-80.984672 33.998918)
2025-08-18 23:34:48 UTC,sensor01,218208153,25.3,95.26,2025-08-18 23:34:48+00:00,33.998962,-80.984292,108.1,7.09,0.1,80.47,9.0,3D,2025-08-18 19:34:48-04:00,POINT (-80.984292 33.998962)
2025-08-18 23:35:03 UTC,sensor01,218208153,25.44,95.72,2025-08-18 23:35:03+00:00,33.998843,-80.983883,105.4,3.59,-0.2,179.94,9.0,3D,2025-08-18 19:35:03-04:00,POINT (-80.983883 33.998843)
2025-08-18 23:35:08 UTC,sensor01,218208153,25.45,95.86,2025-08-18 23:35:08+00:00,33.99859,-80.98388,104.9,6.08,-0.1,185.66,9.0,3D,2025-08-18 19:35:08-04:00,POINT (-80.98388 33.99859)
2025-08-18 23:35:13 UTC,sensor01,218208153,25.4,96.06,2025-08-18 23:35:13+00:00,33.998242,-80.983942,104.3,8.05,0.0,194.87,9.0,3D,2025-08-18 19:35:13-04:00,POINT (-80.983942 33.998242)
2025-08-18 23:35:18 UTC,sensor01,218208153,25.39,96.0,2025-08-18 23:35:18+00:00,33.997803,-80.984028,102.9,8.41,-0.7,192.6,9.0,3D,2025-08-18 19:35:18-04:00,POINT (-80.984028 33.997803)
2025-08-18 23:35:23 UTC,sensor01,218208153,25.33,96.09,2025-08-18 23:35:23+00:00,33.997555,-80.984075,101.1,4.11,-0.1,187.05,9.0,3D,2025-08-18 19:35:23-04:00,POINT (-80.984075 33.997555)
2025-08-18 23:35:28 UTC,sensor01,218208153,25.27,95.79,2025-08-18 23:35:28+00:00,33.99729,-80.984132,100.5,6.51,0.0,192.15,9.0,3D,2025-08-18 19:35:28-04:00,POINT (-80.984132 33.99729)
2025-08-18 23:35:33 UTC,sensor01,218208153,25.18,96.14,2025-08-18 23:35:33+00:00,33.996893,-80.984218,99.0,8.91,-0.1,189.27,9.0,3D,2025-08-18 19:35:33-04:00,POINT (-80.984218 33.996893)
2025-08-18 23:35:38 UTC,sensor01,218208153,25.24,96.06,2025-08-18 23:35:38+00:00,33.996477,-80.98432,96.9,8.21,-0.4,190.74,9.0,3D,2025-08-18 19:35:38-04:00,POINT (-80.98432 33.996477)
2025-08-18 23:35:43 UTC,sensor01,218208153,25.32,95.65,2025-08-18 23:35:43+00:00,33.996178,-80.984397,93.6,3.79,-0.3,188.85,9.0,3D,2025-08-18 19:35:43-04:00,POINT (-80.984397 33.996178)
2025-08-18 23:36:23 UTC,sensor01,218208153,25.61,94.7,2025-08-18 23:36:24+00:00,33.99609,-80.98443,91.4,2.99,0.0,182.41,9.0,3D,2025-08-18 19:36:24-04:00,POINT (-80.98443 33.99609)
2025-08-18 23:36:28 UTC,sensor01,218208153,25.8,93.21,2025-08-18 23:36:29+00:00,33.995838,-80.984222,91.4,9.01,0.0,131.85,9.0,3D,2025-08-18 19:36:29-04:00,POINT (-80.984222 33.995838)
2025-08-18 23:36:34 UTC,sensor01,218208153,25.9,92.56,2025-08-18 23:36:34+00:00,33.995477,-80.983715,90.4,14.32,-0.1,130.1,9.0,3D,2025-08-18 19:36:34-04:00,POINT (-80.983715 33.995477)
2025-08-18 23:36:54 UTC,sensor01,218208153,25.9,91.37,2025-08-18 23:36:54+00:00,33.993458,-80.980862,77.9,15.3,-0.7,130.21,9.0,3D,2025-08-18 19:36:54-04:00,POINT (-80.980862 33.993458)
2025-08-18 23:36:59 UTC,sensor01,218208153,25.91,91.1,2025-08-18 23:36:59+00:00,33.993007,-80.98023,73.6,14.44,-0.8,131.0,9.0,3D,2025-08-18 19:36:59-04:00,POINT (-80.98023 33.993007)
2025-08-18 23:37:04 UTC,sensor01,218208153,25.93,90.42,2025-08-18 23:37:04+00:00,33.992668,-80.979743,69.8,9.43,-0.7,130.51,9.0,3D,2025-08-18 19:37:04-04:00,POINT (-80.979743 33.992668)
2025-08-18 23:37:09 UTC,sensor01,218208153,25.96,90.97,2025-08-18 23:37:09+00:00,33.992518,-80.97965,62.6,4.61,-1.5,195.41,9.0,3D,2025-08-18 19:37:09-04:00,POINT (-80.97965 33.992518)
2025-08-18 23:37:14 UTC,sensor01,218208153,25.87,90.45,2025-08-18 23:37:14+00:00,33.992262,-80.979792,59.3,7.53,-0.7,204.56,9.0,3D,2025-08-18 19:37:14-04:00,POINT (-80.979792 33.992262)
2025-08-18 23:37:19 UTC,sensor01,218208153,25.98,89.59,2025-08-18 23:37:19+00:00,33.991867,-80.979997,57.1,10.42,-0.6,203.85,9.0,3D,2025-08-18 19:37:19-04:00,POINT (-80.979997 33.991867)
2025-08-18 23:37:24 UTC,sensor01,218208153,25.98,89.95,2025-08-18 23:37:24+00:00,33.991368,-80.980268,56.3,13.22,-0.7,204.57,9.0,3D,2025-08-18 19:37:24-04:00,POINT (-80.980268 33.991368)
2025-08-18 23:37:29 UTC,sensor01,218208153,25.93,91.09,2025-08-18 23:37:29+00:00,33.990968,-80.980502,52.6,6.67,-1.0,218.47,9.0,3D,2025-08-18 19:37:29-04:00,POINT (-80.980502 33.990968)
2025-08-18 23:37:34 UTC,sensor01,218208153,25.69,91.71,2025-08-18 23:37:34+00:00,33.990987,-80.980742,50.1,4.55,0.0,282.43,9.0,3D,2025-08-18 19:37:34-04:00,POINT (-80.980742 33.990987)
2025-08-18 23:37:39 UTC,sensor01,218208153,25.53,93.45,2025-08-18 23:37:39+00:00,33.991108,-80.981045,47.3,5.43,-0.7,288.47,9.0,3D,2025-08-18 19:37:39-04:00,POINT (-80.981045 33.991108)
2025-08-18 23:37:44 UTC,sensor01,218208153,25.4,94.65,2025-08-18 23:37:44+00:00,33.991197,-80.981378,44.2,6.62,-0.5,282.43,9.0,3D,2025-08-18 19:37:44-04:00,POINT (-80.981378 33.991197)
2025-08-18 23:37:49 UTC,sensor01,218208153,25.33,95.42,2025-08-18 23:37:49+00:00,33.991245,-80.981702,42.9,5.85,-0.4,265.18,9.0,3D,2025-08-18 19:37:49-04:00,POINT (-80.981702 33.991245)
2025-08-18 23:37:54 UTC,sensor01,218208153,25.32,95.75,2025-08-18 23:37:54+00:00,33.991225,-80.981977,42.0,3.78,0.1,264.04,9.0,3D,2025-08-18 19:37:54-04:00,POINT (-80.981977 33.991225)
2025-08-18 23:37:59 UTC,sensor01,218208153,25.27,95.34,2025-08-18 23:37:59+00:00,33.991205,-80.982138,41.3,3.4,-0.2,231.66,9.0,3D,2025-08-18 19:37:59-04:00,POINT (-80.982138 33.991205)
2025-08-18 23:38:04 UTC,sensor01,218208153,25.15,95.43,2025-08-18 23:38:04+00:00,33.99094,-80.982327,38.5,6.91,-0.4,208.54,9.0,3D,2025-08-18 19:38:04-04:00,POINT (-80.982327 33.99094)
2025-08-18 23:38:09 UTC,sensor01,218208153,25.1,96.6,2025-08-18 23:38:10+00:00,33.990638,-80.982487,35.6,5.21,-0.4,0.0,9.0,3D,2025-08-18 19:38:10-04:00,POINT (-80.982487 33.990638)
2025-08-18 23:38:39 UTC,sensor01,218208153,25.25,95.76,2025-08-18 23:38:40+00:00,33.990432,-80.982487,32.7,3.6,-0.1,109.85,9.0,3D,2025-08-18 19:38:40-04:00,POINT (-80.982487 33.990432)
2025-08-18 23:38:44 UTC,sensor01,218208153,25.23,96.57,2025-08-18 23:38:45+00:00,33.990382,-80.982215,33.1,6.21,0.1,98.17,8.0,3D,2025-08-18 19:38:45-04:00,POINT (-80.982215 33.990382)
2025-08-18 23:38:49 UTC,sensor01,218208153,25.29,97.11,2025-08-18 23:38:50+00:00,33.990277,-80.981905,33.5,4.43,0.1,117.35,9.0,3D,2025-08-18 19:38:50-04:00,POINT (-80.981905 33.990277)
2025-08-18 23:38:54 UTC,sensor01,218208153,25.22,96.16,2025-08-18 23:38:55+00:00,33.990185,-80.981643,34.3,4.29,0.1,111.67,9.0,3D,2025-08-18 19:38:55-04:00,POINT (-80.981643 33.990185)
2025-08-18 23:38:59 UTC,sensor01,218208153,25.26,95.67,2025-08-18 23:39:00+00:00,33.990092,-80.981373,35.5,4.46,0.2,109.69,9.0,3D,2025-08-18 19:39:00-04:00,POINT (-80.981373 33.990092)
2025-08-18 23:39:40 UTC,sensor01,218208153,25.54,92.7,2025-08-18 23:39:40+00:00,33.990138,-80.98095,37.3,7.03,-0.3,25.8,9.0,3D,2025-08-18 19:39:40-04:00,POINT (-80.98095 33.990138)
2025-08-18 23:39:45 UTC,sensor01,218208153,25.55,93.86,2025-08-18 23:39:45+00:00,33.990522,-80.980723,36.4,10.9,-0.1,24.78,9.0,3D,2025-08-18 19:39:45-04:00,POINT (-80.980723 33.990522)
2025-08-18 23:39:50 UTC,sensor01,218208153,25.96,91.88,2025-08-18 23:39:50+00:00,33.991027,-80.980413,36.6,13.3,0.3,22.57,9.0,3D,2025-08-18 19:39:50-04:00,POINT (-80.980413 33.991027)
2025-08-18 23:39:55 UTC,sensor01,218208153,26.19,90.27,2025-08-18 23:39:55+00:00,33.991607,-80.980125,39.6,13.14,0.7,23.32,9.0,3D,2025-08-18 19:39:55-04:00,POINT (-80.980125 33.991607)
2025-08-18 23:40:00 UTC,sensor01,218208153,26.28,89.01,2025-08-18 23:40:00+00:00,33.992088,-80.979875,41.7,9.22,0.3,23.51,9.0,3D,2025-08-18 19:40:00-04:00,POINT (-80.979875 33.992088)
2025-08-18 23:40:05 UTC,sensor01,218208153,26.11,89.25,2025-08-18 23:40:05+00:00,33.992317,-80.979715,41.9,3.59,-0.4,19.06,9.0,3D,2025-08-18 19:40:05-04:00,POINT (-80.979715 33.992317)
2025-08-18 23:40:25 UTC,sensor01,218208153,26.23,89.53,2025-08-18 23:40:25+00:00,33.992448,-80.979637,46.1,2.36,0.3,24.16,9.0,3D,2025-08-18 19:40:25-04:00,POINT (-80.979637 33.992448)
2025-08-18 23:40:30 UTC,sensor01,218208153,26.14,89.89,2025-08-18 23:40:31+00:00,33.992675,-80.979532,47.6,6.35,0.2,0.0,9.0,3D,2025-08-18 19:40:31-04:00,POINT (-80.979532 33.992675)
2025-08-18 23:40:35 UTC,sensor01,218208153,25.93,91.03,2025-08-18 23:40:36+00:00,33.993015,-80.979355,48.1,9.84,-0.1,0.0,9.0,3D,2025-08-18 19:40:36-04:00,POINT (-80.979355 33.993015)
2025-08-18 23:40:40 UTC,sensor01,218208153,25.73,92.67,2025-08-18 23:40:41+00:00,33.99347,-80.979107,49.1,12.36,0.1,25.3,9.0,3D,2025-08-18 19:40:41-04:00,POINT (-80.979107 33.99347)
2025-08-18 23:40:45 UTC,sensor01,218208153,25.62,94.11,2025-08-18 23:40:46+00:00,33.994005,-80.978828,50.4,13.83,0.2,22.38,9.0,3D,2025-08-18 19:40:46-04:00,POINT (-80.978828 33.994005)
2025-08-18 23:40:50 UTC,sensor01,218208153,25.65,94.36,2025-08-18 23:40:51+00:00,33.994585,-80.978547,52.4,13.65,0.5,19.62,9.0,3D,2025-08-18 19:40:51-04:00,POINT (-80.978547 33.994585)
2025-08-18 23:40:55 UTC,sensor01,218208153,25.55,93.63,2025-08-18 23:40:56+00:00,33.995148,-80.978268,54.8,13.88,0.5,22.69,9.0,3D,2025-08-18 19:40:56-04:00,POINT (-80.978268 33.995148)
2025-08-18 23:41:00 UTC,sensor01,218208153,25.62,94.29,2025-08-18 23:41:01+00:00,33.995753,-80.977928,57.5,15.52,0.4,25.25,9.0,3D,2025-08-18 19:41:01-04:00,POINT (-80.977928 33.995753)
2025-08-18 23:41:10 UTC,sensor01,218208153,25.77,91.92,2025-08-18 23:41:11+00:00,33.99701,-80.977333,61.6,12.01,0.5,11.48,9.0,3D,2025-08-18 19:41:11-04:00,POINT (-80.977333 33.99701)
2025-08-18 23:41:56 UTC,sensor01,218208153,26.04,90.13,2025-08-18 23:41:56+00:00,33.997168,-80.977222,67.3,5.08,-0.1,43.2,9.0,3D,2025-08-18 19:41:56-04:00,POINT (-80.977222 33.997168)
2025-08-18 23:42:01 UTC,sensor01,218208153,25.73,90.66,2025-08-18 23:42:01+00:00,33.997392,-80.976932,68.0,8.94,0.1,54.09,9.0,3D,2025-08-18 19:42:01-04:00,POINT (-80.976932 33.997392)
2025-08-18 23:42:06 UTC,sensor01,218208153,25.64,91.82,2025-08-18 23:42:06+00:00,33.997613,-80.97643,68.3,9.54,0.0,57.85,9.0,3D,2025-08-18 19:42:06-04:00,POINT (-80.97643 33.997613)
2025-08-18 23:42:21 UTC,sensor01,218208153,25.89,91.73,2025-08-18 23:42:21+00:00,33.997742,-80.976073,68.1,2.32,0.0,63.17,9.0,3D,2025-08-18 19:42:21-04:00,POINT (-80.976073 33.997742)
2025-08-18 23:42:26 UTC,sensor01,218208153,25.85,90.85,2025-08-18 23:42:26+00:00,33.997655,-80.97595,68.8,3.96,0.1,142.22,9.0,3D,2025-08-18 19:42:26-04:00,POINT (-80.97595 33.997655)
2025-08-18 23:42:31 UTC,sensor01,218208153,25.65,90.79,2025-08-18 23:42:31+00:00,33.997327,-80.975822,69.5,9.27,0.1,162.21,9.0,3D,2025-08-18 19:42:31-04:00,POINT (-80.975822 33.997327)
2025-08-18 23:42:36 UTC,sensor01,218208153,25.57,91.36,2025-08-18 23:42:36+00:00,33.99689,-80.975635,69.4,10.62,0.0,161.78,9.0,3D,2025-08-18 19:42:36-04:00,POINT (-80.975635 33.99689)
2025-08-18 23:42:41 UTC,sensor01,218208153,25.5,91.99,2025-08-18 23:42:41+00:00,33.996425,-80.975483,68.4,10.24,-0.3,170.01,9.0,3D,2025-08-18 19:42:41-04:00,POINT (-80.975483 33.996425)
2025-08-18 23:42:46 UTC,sensor01,218208153,25.38,92.34,2025-08-18 23:42:47+00:00,33.995875,-80.97542,67.3,9.99,-0.2,0.0,9.0,3D,2025-08-18 19:42:47-04:00,POINT (-80.97542 33.995875)
2025-08-18 23:42:51 UTC,sensor01,218208153,25.34,93.55,2025-08-18 23:42:52+00:00,33.995457,-80.975393,66.7,8.69,0.0,0.0,9.0,3D,2025-08-18 19:42:52-04:00,POINT (-80.975393 33.995457)
2025-08-18 23:43:01 UTC,sensor01,218208153,25.35,93.87,2025-08-18 23:43:02+00:00,33.995233,-80.975427,66.2,3.09,0.0,0.0,9.0,3D,2025-08-18 19:43:02-04:00,POINT (-80.975427 33.995233)
2025-08-18 23:43:06 UTC,sensor01,218208153,25.31,94.52,2025-08-18 23:43:07+00:00,33.995223,-80.975583,66.6,3.71,0.1,282.04,9.0,3D,2025-08-18 19:43:07-04:00,POINT (-80.975583 33.995223)
2025-08-18 23:43:11 UTC,sensor01,218208153,25.19,95.12,2025-08-18 23:43:12+00:00,33.995203,-80.975863,67.9,5.14,0.3,272.09,9.0,3D,2025-08-18 19:43:12-04:00,POINT (-80.975863 33.995203)
2025-08-18 23:43:16 UTC,sensor01,218208153,25.18,95.27,2025-08-18 23:43:17+00:00,33.995232,-80.976178,69.6,6.09,0.5,274.24,9.0,3D,2025-08-18 19:43:17-04:00,POINT (-80.976178 33.995232)
2025-08-18 23:43:21 UTC,sensor01,218208153,25.18,93.79,2025-08-18 23:43:22+00:00,33.995225,-80.976427,72.7,2.58,0.6,281.37,9.0,3D,2025-08-18 19:43:22-04:00,POINT (-80.976427 33.995225)
2025-08-18 23:43:46 UTC,sensor01,218208153,25.59,92.05,2025-08-18 23:43:47+00:00,33.995417,-80.97657,74.3,6.51,0.0,359.71,9.0,3D,2025-08-18 19:43:47-04:00,POINT (-80.97657 33.995417)
2025-08-18 23:43:51 UTC,sensor01,218208153,25.6,92.19,2025-08-18 23:43:52+00:00,33.995822,-80.976623,74.8,8.73,0.2,354.06,9.0,3D,2025-08-18 19:43:52-04:00,POINT (-80.976623 33.995822)
2025-08-18 23:43:57 UTC,sensor01,218208153,25.41,92.5,2025-08-18 23:43:57+00:00,33.996345,-80.976732,75.1,11.28,0.0,347.4,9.0,3D,2025-08-18 19:43:57-04:00,POINT (-80.976732 33.996345)
2025-08-18 23:44:02 UTC,sensor01,218208153,25.3,93.92,2025-08-18 23:44:02+00:00,33.996843,-80.976917,75.1,11.19,0.0,338.41,9.0,3D,2025-08-18 19:44:02-04:00,POINT (-80.976917 33.996843)
2025-08-18 23:44:07 UTC,sensor01,218208153,25.48,92.39,2025-08-18 23:44:07+00:00,33.997177,-80.977037,74.8,6.09,-0.1,353.23,9.0,3D,2025-08-18 19:44:07-04:00,POINT (-80.977037 33.997177)
2025-08-18 23:44:12 UTC,sensor01,218208153,25.44,92.07,2025-08-18 23:44:12+00:00,33.997328,-80.97686,74.3,5.79,0.0,47.64,9.0,3D,2025-08-18 19:44:12-04:00,POINT (-80.97686 33.997328)
2025-08-18 23:44:17 UTC,sensor01,218208153,25.45,92.99,2025-08-18 23:44:17+00:00,33.997513,-80.976568,74.3,7.92,0.0,55.56,9.0,3D,2025-08-18 19:44:17-04:00,POINT (-80.976568 33.997513)
2025-08-18 23:44:22 UTC,sensor01,218208153,25.4,93.21,2025-08-18 23:44:22+00:00,33.997697,-80.976287,74.5,4.12,0.0,58.93,9.0,3D,2025-08-18 19:44:22-04:00,POINT (-80.976287 33.997697)
2025-08-18 23:44:32 UTC,sensor01,218208153,25.41,92.77,2025-08-18 23:44:32+00:00,33.997787,-80.975923,74.4,5.3,0.1,73.04,9.0,3D,2025-08-18 19:44:32-04:00,POINT (-80.975923 33.997787)
2025-08-18 23:44:37 UTC,sensor01,218208153,25.41,92.43,2025-08-18 23:44:37+00:00,33.997825,-80.975588,75.2,6.82,0.2,85.79,9.0,3D,2025-08-18 19:44:37-04:00,POINT (-80.975588 33.997825)
2025-08-18 23:44:42 UTC,sensor01,218208153,25.37,92.96,2025-08-18 23:44:42+00:00,33.997728,-80.975092,76.9,7.88,0.2,105.81,9.0,3D,2025-08-18 19:44:42-04:00,POINT (-80.975092 33.997728)
2025-08-18 23:44:47 UTC,sensor01,218208153,25.32,93.62,2025-08-18 23:44:47+00:00,33.997532,-80.974577,76.5,10.41,-0.2,117.9,9.0,3D,2025-08-18 19:44:47-04:00,POINT (-80.974577 33.997532)
2025-08-18 23:44:52 UTC,sensor01,218208153,25.27,94.66,2025-08-18 23:44:52+00:00,33.997248,-80.973983,75.3,11.51,-0.3,119.54,9.0,3D,2025-08-18 19:44:52-04:00,POINT (-80.973983 33.997248)
2025-08-18 23:44:57 UTC,sensor01,218208153,25.33,94.27,2025-08-18 23:44:57+00:00,33.996965,-80.973397,74.5,11.94,-0.1,118.2,9.0,3D,2025-08-18 19:44:57-04:00,POINT (-80.973397 33.996965)
2025-08-18 23:45:02 UTC,sensor01,218208153,25.42,93.15,2025-08-18 23:45:02+00:00,33.996583,-80.972907,74.2,9.12,0.2,136.08,9.0,3D,2025-08-18 19:45:02-04:00,POINT (-80.972907 33.996583)
2025-08-18 23:45:07 UTC,sensor01,218208153,25.46,93.14,2025-08-18 23:45:08+00:00,33.996272,-80.972512,71.6,8.08,0.3,0.0,9.0,3D,2025-08-18 19:45:08-04:00,POINT (-80.972512 33.996272)
2025-08-18 23:45:12 UTC,sensor01,218208153,25.57,92.41,2025-08-18 23:45:13+00:00,33.995943,-80.972152,69.5,10.3,0.0,0.0,9.0,3D,2025-08-18 19:45:13-04:00,POINT (-80.972152 33.995943)
2025-08-18 23:45:17 UTC,sensor01,218208153,25.6,91.69,2025-08-18 23:45:18+00:00,33.995625,-80.971822,66.8,7.04,-0.1,0.0,9.0,3D,2025-08-18 19:45:18-04:00,POINT (-80.971822 33.995625)
2025-08-18 23:45:32 UTC,sensor01,218208153,25.92,91.82,2025-08-18 23:45:33+00:00,33.995525,-80.971638,62.6,2.32,-0.1,0.0,4.0,3D,2025-08-18 19:45:33-04:00,POINT (-80.971638 33.995525)
2025-08-18 23:45:37 UTC,sensor01,218208153,25.88,90.89,2025-08-18 23:45:38+00:00,33.995628,-80.971455,62.3,5.21,0.1,0.0,8.0,3D,2025-08-18 19:45:38-04:00,POINT (-80.971455 33.995628)
2025-08-18 23:45:42 UTC,sensor01,218208153,25.84,90.31,2025-08-18 23:45:43+00:00,33.995807,-80.971293,61.8,3.95,-0.2,0.0,9.0,3D,2025-08-18 19:45:43-04:00,POINT (-80.971293 33.995807)
2025-08-18 23:45:47 UTC,sensor01,218208153,25.84,90.11,2025-08-18 23:45:48+00:00,33.995915,-80.971197,61.0,2.7,-0.2,0.0,9.0,3D,2025-08-18 19:45:48-04:00,POINT (-80.971197 33.995915)
2025-08-18 23:45:52 UTC,sensor01,218208153,25.88,89.89,2025-08-18 23:45:53+00:00,33.996063,-80.971045,60.0,5.39,-0.2,40.51,9.0,3D,2025-08-18 19:45:53-04:00,POINT (-80.971045 33.996063)
2025-08-18 23:45:57 UTC,sensor01,218208153,25.87,89.91,2025-08-18 23:45:58+00:00,33.996265,-80.97082,58.8,6.87,-0.3,44.54,9.0,3D,2025-08-18 19:45:58-04:00,POINT (-80.97082 33.996265)
2025-08-18 23:46:02 UTC,sensor01,218208153,25.85,90.22,2025-08-18 23:46:03+00:00,33.99648,-80.97059,57.8,5.61,-0.1,39.09,9.0,3D,2025-08-18 19:46:03-04:00,POINT (-80.97059 33.99648)
2025-08-18 23:46:07 UTC,sensor01,218208153,25.9,90.4,2025-08-18 23:46:08+00:00,33.996683,-80.970352,56.8,7.03,-0.3,42.71,9.0,3D,2025-08-18 19:46:08-04:00,POINT (-80.970352 33.996683)
2025-08-18 23:46:12 UTC,sensor01,218208153,25.8,90.43,2025-08-18 23:46:13+00:00,33.996945,-80.970092,55.9,7.76,-0.2,38.74,9.0,3D,2025-08-18 19:46:13-04:00,POINT (-80.970092 33.996945)
2025-08-18 23:46:17 UTC,sensor01,218208153,25.76,91.28,2025-08-18 23:46:18+00:00,33.997208,-80.9699,56.7,4.3,0.2,32.33,9.0,3D,2025-08-18 19:46:18-04:00,POINT (-80.9699 33.997208)
2025-08-18 23:46:33 UTC,sensor01,218208153,25.87,90.66,2025-08-18 23:46:33+00:00,33.997433,-80.969963,57.4,5.24,0.0,307.55,9.0,3D,2025-08-18 19:46:33-04:00,POINT (-80.969963 33.997433)
2025-08-18 23:46:38 UTC,sensor01,218208153,25.75,91.19,2025-08-18 23:46:38+00:00,33.997593,-80.970265,58.2,7.85,0.3,306.07,9.0,3D,2025-08-18 19:46:38-04:00,POINT (-80.970265 33.997593)
2025-08-18 23:46:43 UTC,sensor01,218208153,25.83,91.17,2025-08-18 23:46:43+00:00,33.997837,-80.97064,58.8,9.68,0.2,306.49,9.0,3D,2025-08-18 19:46:43-04:00,POINT (-80.97064 33.997837)
2025-08-18 23:46:48 UTC,sensor01,218208153,25.81,90.98,2025-08-18 23:46:48+00:00,33.998117,-80.97107,59.4,10.66,0.0,311.81,9.0,3D,2025-08-18 19:46:48-04:00,POINT (-80.97107 33.998117)
2025-08-18 23:46:53 UTC,sensor01,218208153,25.69,91.21,2025-08-18 23:46:53+00:00,33.998412,-80.971528,59.6,10.27,0.1,307.34,9.0,3D,2025-08-18 19:46:53-04:00,POINT (-80.971528 33.998412)
2025-08-18 23:46:58 UTC,sensor01,218208153,25.68,92.16,2025-08-18 23:46:58+00:00,33.998658,-80.971957,59.9,10.02,0.1,305.02,9.0,3D,2025-08-18 19:46:58-04:00,POINT (-80.971957 33.998658)
2025-08-18 23:47:03 UTC,sensor01,218208153,25.65,91.9,2025-08-18 23:47:03+00:00,33.99894,-80.972407,60.3,10.29,0.3,302.77,9.0,3D,2025-08-18 19:47:03-04:00,POINT (-80.972407 33.99894)
2025-08-18 23:47:08 UTC,sensor01,218208153,25.73,91.77,2025-08-18 23:47:08+00:00,33.999225,-80.97286,61.3,10.41,0.3,310.25,9.0,3D,2025-08-18 19:47:08-04:00,POINT (-80.97286 33.999225)
2025-08-18 23:47:13 UTC,sensor01,218208153,25.68,91.45,2025-08-18 23:47:13+00:00,33.999545,-80.973337,62.3,11.58,0.3,306.46,9.0,3D,2025-08-18 19:47:13-04:00,POINT (-80.973337 33.999545)
2025-08-18 23:47:18 UTC,sensor01,218208153,25.67,91.14,2025-08-18 23:47:18+00:00,33.999878,-80.973828,64.3,11.17,0.4,308.26,9.0,3D,2025-08-18 19:47:18-04:00,POINT (-80.973828 33.999878)
2025-08-18 23:47:23 UTC,sensor01,218208153,25.67,91.08,2025-08-18 23:47:23+00:00,34.000128,-80.974185,66.6,5.39,0.2,317.92,9.0,3D,2025-08-18 19:47:23-04:00,POINT (-80.974185 34.000128)
2025-08-18 23:47:28 UTC,sensor01,218208153,25.69,91.44,2025-08-18 23:47:29+00:00,34.000355,-80.974093,69.1,6.36,0.5,0.0,9.0,3D,2025-08-18 19:47:29-04:00,POINT (-80.974093 34.000355)
2025-08-18 23:47:33 UTC,sensor01,218208153,25.6,91.5,2025-08-18 23:47:34+00:00,34.000637,-80.9738,71.7,8.8,0.7,0.0,9.0,3D,2025-08-18 19:47:34-04:00,POINT (-80.9738 34.000637)
2025-08-18 23:47:38 UTC,sensor01,218208153,25.65,92.06,2025-08-18 23:47:39+00:00,34.000945,-80.973543,76.1,7.5,1.0,0.0,9.0,3D,2025-08-18 19:47:39-04:00,POINT (-80.973543 34.000945)
2025-08-18 23:47:43 UTC,sensor01,218208153,25.65,91.67,2025-08-18 23:47:44+00:00,34.000978,-80.973365,79.1,3.07,0.5,112.44,9.0,3D,2025-08-18 19:47:44-04:00,POINT (-80.973365 34.000978)
2025-08-18 23:47:48 UTC,sensor01,218208153,25.71,92.07,2025-08-18 23:47:49+00:00,34.000823,-80.97315,82.6,5.64,0.6,124.78,9.0,3D,2025-08-18 19:47:49-04:00,POINT (-80.97315 34.000823)
2025-08-18 23:47:53 UTC,sensor01,218208153,25.69,91.64,2025-08-18 23:47:54+00:00,34.000607,-80.972795,85.0,7.59,0.3,123.04,9.0,3D,2025-08-18 19:47:54-04:00,POINT (-80.972795 34.000607)
2025-08-18 23:47:58 UTC,sensor01,218208153,25.66,91.38,2025-08-18 23:47:59+00:00,34.000473,-80.97255,88.0,4.05,0.5,123.96,9.0,3D,2025-08-18 19:47:59-04:00,POINT (-80.97255 34.000473)
2025-08-18 23:48:03 UTC,sensor01,218208153,25.65,91.72,2025-08-18 23:48:04+00:00,34.000317,-80.972308,90.1,6.46,0.4,125.16,9.0,3D,2025-08-18 19:48:04-04:00,POINT (-80.972308 34.000317)
2025-08-18 23:48:08 UTC,sensor01,218208153,25.65,91.35,2025-08-18 23:48:09+00:00,34.000165,-80.971972,90.8,7.43,0.2,110.88,9.0,3D,2025-08-18 19:48:09-04:00,POINT (-80.971972 34.000165)
2025-08-18 23:48:13 UTC,sensor01,218208153,25.62,92.99,2025-08-18 23:48:14+00:00,34.00008,-80.971555,91.9,7.83,0.2,89.72,9.0,3D,2025-08-18 19:48:14-04:00,POINT (-80.971555 34.00008)
2025-08-18 23:48:18 UTC,sensor01,218208153,25.56,92.05,2025-08-18 23:48:19+00:00,34.000198,-80.971183,92.4,7.09,0.1,61.48,9.0,3D,2025-08-18 19:48:19-04:00,POINT (-80.971183 34.000198)
2025-08-18 23:48:23 UTC,sensor01,218208153,25.6,91.3,2025-08-18 23:48:24+00:00,34.00037,-80.970932,93.1,5.43,0.1,42.72,9.0,3D,2025-08-18 19:48:24-04:00,POINT (-80.970932 34.00037)
2025-08-18 23:48:28 UTC,sensor01,218208153,25.7,91.16,2025-08-18 23:48:29+00:00,34.00056,-80.97075,93.7,4.58,0.3,43.67,9.0,3D,2025-08-18 19:48:29-04:00,POINT (-80.97075 34.00056)
2025-08-18 23:48:33 UTC,sensor01,218208153,25.66,90.89,2025-08-18 23:48:34+00:00,34.000693,-80.970562,94.7,5.12,0.2,55.2,9.0,3D,2025-08-18 19:48:34-04:00,POINT (-80.970562 34.000693)
2025-08-18 23:48:38 UTC,sensor01,218208153,25.68,91.36,2025-08-18 23:48:39+00:00,34.000818,-80.970312,95.4,6.19,-0.6,60.87,9.0,3D,2025-08-18 19:48:39-04:00,POINT (-80.970312 34.000818)
2025-08-18 23:48:44 UTC,sensor01,218208153,25.6,92.08,2025-08-18 23:48:44+00:00,34.000952,-80.97008,97.2,4.9,0.4,59.54,9.0,3D,2025-08-18 19:48:44-04:00,POINT (-80.97008 34.000952)
2025-08-18 23:48:49 UTC,sensor01,218208153,25.56,92.77,2025-08-18 23:48:49+00:00,34.001077,-80.969892,98.9,4.81,0.4,47.84,9.0,3D,2025-08-18 19:48:49-04:00,POINT (-80.969892 34.001077)
2025-08-18 23:48:54 UTC,sensor01,218208153,25.61,92.98,2025-08-18 23:48:54+00:00,34.0013,-80.96962,99.5,6.26,0.2,37.61,9.0,3D,2025-08-18 19:48:54-04:00,POINT (-80.96962 34.0013)
2025-08-18 23:48:59 UTC,sensor01,218208153,25.61,92.43,2025-08-18 23:48:59+00:00,34.00159,-80.969487,100.8,6.89,0.3,12.1,9.0,3D,2025-08-18 19:48:59-04:00,POINT (-80.969487 34.00159)
2025-08-18 23:49:04 UTC,sensor01,218208153,25.56,92.73,2025-08-18 23:49:04+00:00,34.00195,-80.969597,101.7,8.58,0.3,338.28,9.0,3D,2025-08-18 19:49:04-04:00,POINT (-80.969597 34.00195)
2025-08-18 23:49:09 UTC,sensor01,218208153,25.49,92.52,2025-08-18 23:49:09+00:00,34.002322,-80.969803,100.4,8.34,0.2,344.03,9.0,3D,2025-08-18 19:49:09-04:00,POINT (-80.969803 34.002322)
2025-08-18 23:49:14 UTC,sensor01,218208153,25.49,93.08,2025-08-18 23:49:14+00:00,34.002725,-80.969907,99.5,9.23,-0.1,352.82,9.0,3D,2025-08-18 19:49:14-04:00,POINT (-80.969907 34.002725)
2025-08-18 23:49:19 UTC,sensor01,218208153,25.52,93.46,2025-08-18 23:49:19+00:00,34.003205,-80.969875,98.1,9.17,-0.2,2.84,9.0,3D,2025-08-18 19:49:19-04:00,POINT (-80.969875 34.003205)
2025-08-18 23:49:24 UTC,sensor01,218208153,25.42,92.91,2025-08-18 23:49:24+00:00,34.003557,-80.969777,98.6,7.4,0.1,18.84,9.0,3D,2025-08-18 19:49:24-04:00,POINT (-80.969777 34.003557)
2025-08-18 23:49:29 UTC,sensor01,218208153,25.47,93.14,2025-08-18 23:49:29+00:00,34.003807,-80.969638,100.0,6.86,0.2,28.18,9.0,3D,2025-08-18 19:49:29-04:00,POINT (-80.969638 34.003807)
2025-08-18 23:49:34 UTC,sensor01,218208153,25.45,94.06,2025-08-18 23:49:34+00:00,34.00407,-80.969373,100.3,7.23,0.1,41.57,9.0,3D,2025-08-18 19:49:34-04:00,POINT (-80.969373 34.00407)
2025-08-18 23:49:39 UTC,sensor01,218208153,25.41,94.36,2025-08-18 23:49:40+00:00,34.004238,-80.969158,99.5,4.97,0.0,0.0,9.0,3D,2025-08-18 19:49:40-04:00,POINT (-80.969158 34.004238)
2025-08-18 23:49:44 UTC,sensor01,218208153,25.43,93.09,2025-08-18 23:49:45+00:00,34.004425,-80.968917,99.8,6.39,0.1,0.0,9.0,3D,2025-08-18 19:49:45-04:00,POINT (-80.968917 34.004425)
2025-08-18 23:49:49 UTC,sensor01,218208153,25.4,93.47,2025-08-18 23:49:50+00:00,34.004617,-80.96878,99.8,4.44,-0.5,0.0,9.0,3D,2025-08-18 19:49:50-04:00,POINT (-80.96878 34.004617)
2025-08-18 23:49:54 UTC,sensor01,218208153,25.4,93.72,2025-08-18 23:49:55+00:00,34.004807,-80.96894,97.4,4.97,-0.1,0.0,9.0,3D,2025-08-18 19:49:55-04:00,POINT (-80.96894 34.004807)
2025-08-18 23:49:59 UTC,sensor01,218208153,25.41,94.42,2025-08-18 23:50:00+00:00,34.004957,-80.969137,97.1,4.97,-0.1,313.15,9.0,3D,2025-08-18 19:50:00-04:00,POINT (-80.969137 34.004957)
2025-08-18 23:50:04 UTC,sensor01,218208153,25.4,94.96,2025-08-18 23:50:05+00:00,34.005095,-80.969333,97.5,4.94,0.1,314.27,9.0,3D,2025-08-18 19:50:05-04:00,POINT (-80.969333 34.005095)
2025-08-18 23:50:09 UTC,sensor01,218208153,25.37,94.92,2025-08-18 23:50:10+00:00,34.005252,-80.969542,97.9,6.65,0.2,315.52,9.0,3D,2025-08-18 19:50:10-04:00,POINT (-80.969542 34.005252)
2025-08-18 23:50:14 UTC,sensor01,218208153,25.4,94.68,2025-08-18 23:50:15+00:00,34.005473,-80.969868,98.7,7.24,0.0,307.44,9.0,3D,2025-08-18 19:50:15-04:00,POINT (-80.969868 34.005473)
2025-08-18 23:50:54 UTC,sensor01,218208153,25.75,93.49,2025-08-18 23:50:55+00:00,34.005683,-80.970158,96.4,2.89,0.0,35.48,10.0,3D,2025-08-18 19:50:55-04:00,POINT (-80.970158 34.005683)
2025-08-18 23:50:59 UTC,sensor01,218208153,25.66,94.13,2025-08-18 23:51:00+00:00,34.005907,-80.969955,96.5,7.53,0.1,37.06,10.0,3D,2025-08-18 19:51:00-04:00,POINT (-80.969955 34.005907)
2025-08-18 23:51:05 UTC,sensor01,218208153,25.54,93.71,2025-08-18 23:51:05+00:00,34.006295,-80.969783,95.8,9.65,-0.1,13.2,10.0,3D,2025-08-18 19:51:05-04:00,POINT (-80.969783 34.006295)
2025-08-18 23:51:10 UTC,sensor01,218208153,25.48,94.6,2025-08-18 23:51:10+00:00,34.006692,-80.969782,94.7,8.85,-0.2,348.49,10.0,3D,2025-08-18 19:51:10-04:00,POINT (-80.969782 34.006692)
2025-08-18 23:51:15 UTC,sensor01,218208153,25.5,94.93,2025-08-18 23:51:15+00:00,34.007157,-80.969937,93.4,10.31,-0.3,342.61,10.0,3D,2025-08-18 19:51:15-04:00,POINT (-80.969937 34.007157)
2025-08-18 23:51:20 UTC,sensor01,218208153,25.46,95.76,2025-08-18 23:51:20+00:00,34.007593,-80.970072,92.8,8.07,0.0,344.96,10.0,3D,2025-08-18 19:51:20-04:00,POINT (-80.970072 34.007593)
2025-08-18 23:51:25 UTC,sensor01,218208153,25.42,95.79,2025-08-18 23:51:25+00:00,34.007907,-80.970155,92.1,3.29,-0.2,341.34,10.0,3D,2025-08-18 19:51:25-04:00,POINT (-80.970155 34.007907)
2025-08-18 23:51:45 UTC,sensor01,218208153,25.56,95.1,2025-08-18 23:51:45+00:00,34.00811,-80.970153,90.8,3.62,0.1,35.17,10.0,3D,2025-08-18 19:51:45-04:00,POINT (-80.970153 34.00811)
2025-08-18 23:51:50 UTC,sensor01,218208153,25.68,95.42,2025-08-18 23:51:51+00:00,34.00825,-80.969792,90.3,8.25,-0.2,0.0,10.0,3D,2025-08-18 19:51:51-04:00,POINT (-80.969792 34.00825)
2025-08-18 23:51:55 UTC,sensor01,218208153,25.72,95.18,2025-08-18 23:51:56+00:00,34.008433,-80.96927,89.8,11.88,-0.3,0.0,10.0,3D,2025-08-18 19:51:56-04:00,POINT (-80.96927 34.008433)
2025-08-18 23:52:00 UTC,sensor01,218208153,25.79,94.85,2025-08-18 23:52:01+00:00,34.008687,-80.968593,88.1,14.85,-0.3,0.0,10.0,3D,2025-08-18 19:52:01-04:00,POINT (-80.968593 34.008687)
2025-08-18 23:52:05 UTC,sensor01,218208153,25.88,93.62,2025-08-18 23:52:06+00:00,34.008978,-80.967833,87.8,15.23,0.0,0.0,10.0,3D,2025-08-18 19:52:06-04:00,POINT (-80.967833 34.008978)
2025-08-18 23:52:10 UTC,sensor01,218208153,25.85,93.29,2025-08-18 23:52:11+00:00,34.009377,-80.96717,87.8,15.14,0.2,48.48,10.0,3D,2025-08-18 19:52:11-04:00,POINT (-80.96717 34.009377)
2025-08-18 23:52:50 UTC,sensor01,218208153,25.79,93.94,2025-08-18 23:52:51+00:00,34.015492,-80.966208,82.3,14.57,0.1,358.47,10.0,3D,2025-08-18 19:52:51-04:00,POINT (-80.966208 34.015492)
2025-08-18 23:52:55 UTC,sensor01,218208153,25.87,93.55,2025-08-18 23:52:56+00:00,34.016152,-80.9662,79.5,14.27,-0.3,358.02,10.0,3D,2025-08-18 19:52:56-04:00,POINT (-80.9662 34.016152)
2025-08-18 23:53:00 UTC,sensor01,218208153,25.97,92.56,2025-08-18 23:53:01+00:00,34.01678,-80.966225,78.3,13.45,-0.2,357.91,10.0,3D,2025-08-18 19:53:01-04:00,POINT (-80.966225 34.01678)
2025-08-18 23:53:05 UTC,sensor01,218208153,26.0,92.17,2025-08-18 23:53:06+00:00,34.017355,-80.96623,77.3,12.43,-0.1,359.22,10.0,3D,2025-08-18 19:53:06-04:00,POINT (-80.96623 34.017355)
2025-08-18 23:53:10 UTC,sensor01,218208153,26.02,92.07,2025-08-18 23:53:11+00:00,34.017898,-80.966223,76.0,12.1,-0.3,2.73,10.0,3D,2025-08-18 19:53:11-04:00,POINT (-80.966223 34.017898)
2025-08-18 23:53:15 UTC,sensor01,218208153,26.12,92.22,2025-08-18 23:53:16+00:00,34.01838,-80.966213,74.8,8.43,-0.1,355.8,10.0,3D,2025-08-18 19:53:16-04:00,POINT (-80.966213 34.01838)
2025-08-18 23:53:25 UTC,sensor01,218208153,26.17,91.08,2025-08-18 23:53:26+00:00,34.018488,-80.966098,71.9,3.87,-0.3,75.4,10.0,3D,2025-08-18 19:53:26-04:00,POINT (-80.966098 34.018488)
2025-08-18 23:53:31 UTC,sensor01,218208153,26.38,90.53,2025-08-18 23:53:31+00:00,34.018498,-80.965708,69.3,9.03,-0.5,89.3,10.0,3D,2025-08-18 19:53:31-04:00,POINT (-80.965708 34.018498)
2025-08-18 23:53:36 UTC,sensor01,218208153,26.56,89.7,2025-08-18 23:53:36+00:00,34.018525,-80.965118,67.5,12.06,-0.3,82.85,10.0,3D,2025-08-18 19:53:36-04:00,POINT (-80.965118 34.018525)
2025-08-18 23:53:41 UTC,sensor01,218208153,26.24,90.47,2025-08-18 23:53:41+00:00,34.018607,-80.964377,66.8,15.09,-0.3,79.66,10.0,3D,2025-08-18 19:53:41-04:00,POINT (-80.964377 34.018607)
2025-08-18 23:54:01 UTC,sensor01,218208153,25.45,95.64,2025-08-18 23:54:01+00:00,34.019818,-80.96125,66.2,9.39,0.0,51.81,10.0,3D,2025-08-18 19:54:01-04:00,POINT (-80.96125 34.019818)
2025-08-18 23:54:06 UTC,sensor01,218208153,25.52,95.39,2025-08-18 23:54:06+00:00,34.019912,-80.961125,66.3,2.73,-0.1,50.06,10.0,3D,2025-08-18 19:54:06-04:00,POINT (-80.961125 34.019912)
2025-08-18 23:54:11 UTC,sensor01,218208153,25.7,94.39,2025-08-18 23:54:12+00:00,34.020155,-80.961238,66.0,7.29,0.0,0.0,10.0,3D,2025-08-18 19:54:12-04:00,POINT (-80.961238 34.020155)
2025-08-18 23:54:16 UTC,sensor01,218208153,25.53,93.69,2025-08-18 23:54:17+00:00,34.020593,-80.961562,66.8,10.1,0.2,0.0,10.0,3D,2025-08-18 19:54:17-04:00,POINT (-80.961562 34.020593)
2025-08-18 23:54:21 UTC,sensor01,218208153,25.36,94.79,2025-08-18 23:54:22+00:00,34.021012,-80.961617,67.8,9.46,0.3,0.0,10.0,3D,2025-08-18 19:54:22-04:00,POINT (-80.961617 34.021012)
2025-08-18 23:54:26 UTC,sensor01,218208153,25.42,95.0,2025-08-18 23:54:27+00:00,34.021225,-80.961385,69.8,7.02,0.5,0.0,10.0,3D,2025-08-18 19:54:27-04:00,POINT (-80.961385 34.021225)
2025-08-18 23:54:31 UTC,sensor01,218208153,25.38,94.98,2025-08-18 23:54:32+00:00,34.02144,-80.960988,72.0,9.24,0.7,50.55,10.0,3D,2025-08-18 19:54:32-04:00,POINT (-80.960988 34.02144)
2025-08-18 23:54:36 UTC,sensor01,218208153,25.4,94.74,2025-08-18 23:54:37+00:00,34.021753,-80.960448,73.3,11.89,0.2,53.13,10.0,3D,2025-08-18 19:54:37-04:00,POINT (-80.960448 34.021753)
2025-08-18 23:54:41 UTC,sensor01,218208153,25.37,94.37,2025-08-18 23:54:42+00:00,34.02212,-80.959865,73.7,12.22,0.2,52.33,10.0,3D,2025-08-18 19:54:42-04:00,POINT (-80.959865 34.02212)
2025-08-18 23:54:46 UTC,sensor01,218208153,25.42,94.51,2025-08-18 23:54:47+00:00,34.022433,-80.959332,75.0,11.55,0.2,55.6,10.0,3D,2025-08-18 19:54:47-04:00,POINT (-80.959332 34.022433)
2025-08-18 23:54:51 UTC,sensor01,218208153,25.56,93.27,2025-08-18 23:54:52+00:00,34.022722,-80.958753,76.8,11.5,0.2,55.5,10.0,3D,2025-08-18 19:54:52-04:00,POINT (-80.958753 34.022722)
2025-08-18 23:54:56 UTC,sensor01,218208153,25.5,93.12,2025-08-18 23:54:57+00:00,34.02301,-80.958183,77.6,11.9,0.1,58.99,10.0,3D,2025-08-18 19:54:57-04:00,POINT (-80.958183 34.02301)
2025-08-18 23:55:01 UTC,sensor01,218208153,25.32,93.66,2025-08-18 23:55:02+00:00,34.023265,-80.957527,78.2,12.85,0.2,65.36,10.0,3D,2025-08-18 19:55:02-04:00,POINT (-80.957527 34.023265)
2025-08-18 23:55:06 UTC,sensor01,218208153,25.24,93.81,2025-08-18 23:55:07+00:00,34.023502,-80.956972,79.8,11.09,0.3,66.09,10.0,3D,2025-08-18 19:55:07-04:00,POINT (-80.956972 34.023502)
2025-08-18 23:55:11 UTC,sensor01,218208153,25.16,94.23,2025-08-18 23:55:12+00:00,34.023702,-80.956415,81.1,11.04,0.2,69.41,10.0,3D,2025-08-18 19:55:12-04:00,POINT (-80.956415 34.023702)
2025-08-18 23:55:16 UTC,sensor01,218208153,25.09,94.67,2025-08-18 23:55:17+00:00,34.023872,-80.955812,82.5,11.88,0.3,68.98,10.0,3D,2025-08-18 19:55:17-04:00,POINT (-80.955812 34.023872)
2025-08-18 23:55:21 UTC,sensor01,218208153,25.17,95.3,2025-08-18 23:55:22+00:00,34.024047,-80.955157,83.4,12.75,0.3,72.71,10.0,3D,2025-08-18 19:55:22-04:00,POINT (-80.955157 34.024047)
2025-08-18 23:55:26 UTC,sensor01,218208153,25.17,95.68,2025-08-18 23:55:27+00:00,34.02423,-80.954545,84.9,11.5,0.4,68.55,10.0,3D,2025-08-18 19:55:27-04:00,POINT (-80.954545 34.02423)
2025-08-18 23:55:31 UTC,sensor01,218208153,25.11,95.8,2025-08-18 23:55:32+00:00,34.024375,-80.953952,86.4,11.53,0.4,76.33,10.0,3D,2025-08-18 19:55:32-04:00,POINT (-80.953952 34.024375)
2025-08-18 23:55:36 UTC,sensor01,218208153,25.04,95.92,2025-08-18 23:55:37+00:00,34.024527,-80.95328,85.0,14.31,-2.0,72.52,10.0,3D,2025-08-18 19:55:37-04:00,POINT (-80.95328 34.024527)
2025-08-18 23:55:41 UTC,sensor01,218208153,24.97,96.09,2025-08-18 23:55:42+00:00,34.024712,-80.952585,84.8,13.26,0.1,74.52,10.0,3D,2025-08-18 19:55:42-04:00,POINT (-80.952585 34.024712)
2025-08-18 23:55:46 UTC,sensor01,218208153,24.89,96.53,2025-08-18 23:55:47+00:00,34.024923,-80.951963,85.6,9.98,0.2,61.14,10.0,3D,2025-08-18 19:55:47-04:00,POINT (-80.951963 34.024923)
2025-08-18 23:55:51 UTC,sensor01,218208153,24.94,97.05,2025-08-18 23:55:52+00:00,34.025045,-80.95176,83.0,2.61,0.0,58.12,10.0,3D,2025-08-18 19:55:52-04:00,POINT (-80.95176 34.025045)
2025-08-18 23:56:07 UTC,sensor01,218208153,25.02,97.62,2025-08-18 23:56:07+00:00,34.02484,-80.951862,82.8,2.55,0.1,208.52,10.0,3D,2025-08-18 19:56:07-04:00,POINT (-80.951862 34.02484)
2025-08-18 23:56:22 UTC,sensor01,218208153,25.01,97.45,2025-08-18 23:56:22+00:00,34.02491,-80.95173,83.0,2.26,-0.1,18.01,10.0,3D,2025-08-18 19:56:22-04:00,POINT (-80.95173 34.02491)
2025-08-18 23:56:42 UTC,sensor01,218208153,24.96,97.08,2025-08-18 23:56:43+00:00,34.02492,-80.95203,80.0,4.64,0.1,0.0,10.0,3D,2025-08-18 19:56:43-04:00,POINT (-80.95203 34.02492)
2025-08-18 23:56:47 UTC,sensor01,218208153,24.85,97.35,2025-08-18 23:56:48+00:00,34.024798,-80.952285,80.5,6.11,0.1,0.0,10.0,3D,2025-08-18 19:56:48-04:00,POINT (-80.952285 34.024798)
2025-08-18 23:56:52 UTC,sensor01,218208153,24.81,97.44,2025-08-18 23:56:53+00:00,34.02468,-80.952618,81.3,6.34,0.2,0.0,10.0,3D,2025-08-18 19:56:53-04:00,POINT (-80.952618 34.02468)
2025-08-18 23:56:57 UTC,sensor01,218208153,24.82,97.32,2025-08-18 23:56:58+00:00,34.024572,-80.95301,82.2,8.31,0.1,0.0,4.0,3D,2025-08-18 19:56:58-04:00,POINT (-80.95301 34.024572)
2025-08-18 23:57:02 UTC,sensor01,218208153,24.79,97.64,2025-08-18 23:57:03+00:00,34.024437,-80.95345,82.7,8.85,0.2,0.0,4.0,3D,2025-08-18 19:57:03-04:00,POINT (-80.95345 34.024437)
2025-08-18 23:57:07 UTC,sensor01,218208153,24.86,97.4,2025-08-18 23:57:08+00:00,34.024333,-80.953872,83.7,7.68,0.3,0.0,8.0,3D,2025-08-18 19:57:08-04:00,POINT (-80.953872 34.024333)
2025-08-18 23:57:12 UTC,sensor01,218208153,24.93,97.07,2025-08-18 23:57:13+00:00,34.024223,-80.954373,85.0,10.96,0.3,0.0,10.0,3D,2025-08-18 19:57:13-04:00,POINT (-80.954373 34.024223)
2025-08-18 23:57:17 UTC,sensor01,218208153,24.95,96.93,2025-08-18 23:57:18+00:00,34.024068,-80.954955,86.1,11.73,0.2,0.0,10.0,3D,2025-08-18 19:57:18-04:00,POINT (-80.954955 34.024068)
2025-08-18 23:57:22 UTC,sensor01,218208153,24.9,96.7,2025-08-18 23:57:23+00:00,34.023885,-80.955513,86.7,10.0,0.1,248.02,10.0,3D,2025-08-18 19:57:23-04:00,POINT (-80.955513 34.023885)
2025-08-18 23:57:27 UTC,sensor01,218208153,24.9,96.08,2025-08-18 23:57:28+00:00,34.02368,-80.955943,86.8,8.75,0.0,243.19,10.0,3D,2025-08-18 19:57:28-04:00,POINT (-80.955943 34.02368)
2025-08-18 23:57:32 UTC,sensor01,218208153,24.9,96.45,2025-08-18 23:57:33+00:00,34.023543,-80.956468,86.8,9.6,0.1,245.62,10.0,3D,2025-08-18 19:57:33-04:00,POINT (-80.956468 34.023543)
2025-08-18 23:57:37 UTC,sensor01,218208153,24.95,96.65,2025-08-18 23:57:38+00:00,34.023342,-80.957005,86.7,10.86,-0.1,239.5,10.0,3D,2025-08-18 19:57:38-04:00,POINT (-80.957005 34.023342)
2025-08-18 23:57:42 UTC,sensor01,218208153,24.92,96.78,2025-08-18 23:57:43+00:00,34.023123,-80.957635,87.3,12.46,0.1,246.75,10.0,3D,2025-08-18 19:57:43-04:00,POINT (-80.957635 34.023123)
2025-08-18 23:57:47 UTC,sensor01,218208153,25.04,96.96,2025-08-18 23:57:48+00:00,34.022917,-80.958238,88.1,10.42,0.1,238.66,10.0,3D,2025-08-18 19:57:48-04:00,POINT (-80.958238 34.022917)
2025-08-18 23:57:52 UTC,sensor01,218208153,25.12,96.19,2025-08-18 23:57:53+00:00,34.02268,-80.958725,89.6,10.1,0.4,234.5,10.0,3D,2025-08-18 19:57:53-04:00,POINT (-80.958725 34.02268)
2025-08-18 23:57:57 UTC,sensor01,218208153,25.09,96.43,2025-08-18 23:57:58+00:00,34.022385,-80.959162,90.5,10.56,0.2,232.89,10.0,3D,2025-08-18 19:57:58-04:00,POINT (-80.959162 34.022385)
2025-08-18 23:58:02 UTC,sensor01,218208153,25.05,96.93,2025-08-18 23:58:03+00:00,34.022067,-80.959602,90.1,10.38,-0.4,225.12,10.0,3D,2025-08-18 19:58:03-04:00,POINT (-80.959602 34.022067)
2025-08-18 23:58:07 UTC,sensor01,218208153,25.03,96.53,2025-08-18 23:58:08+00:00,34.021783,-80.96009,90.8,11.71,0.1,228.34,10.0,3D,2025-08-18 19:58:08-04:00,POINT (-80.96009 34.021783)
2025-08-18 23:58:12 UTC,sensor01,218208153,25.07,97.13,2025-08-18 23:58:13+00:00,34.02141,-80.960702,89.8,13.51,-0.2,231.1,10.0,3D,2025-08-18 19:58:13-04:00,POINT (-80.960702 34.02141)
2025-08-18 23:58:17 UTC,sensor01,218208153,25.11,97.25,2025-08-18 23:58:18+00:00,34.021077,-80.96126,89.2,11.62,0.0,232.66,10.0,3D,2025-08-18 19:58:18-04:00,POINT (-80.96126 34.021077)
2025-08-18 23:58:22 UTC,sensor01,218208153,25.15,97.43,2025-08-18 23:58:23+00:00,34.020757,-80.961537,87.3,7.21,-0.2,208.75,10.0,3D,2025-08-18 19:58:23-04:00,POINT (-80.961537 34.020757)
2025-08-18 23:58:28 UTC,sensor01,218208153,25.15,97.11,2025-08-18 23:58:28+00:00,34.020393,-80.961415,84.9,8.77,-0.4,151.97,10.0,3D,2025-08-18 19:58:28-04:00,POINT (-80.961415 34.020393)
2025-08-18 23:58:33 UTC,sensor01,218208153,25.23,96.78,2025-08-18 23:58:33+00:00,34.020063,-80.961198,84.1,7.95,-0.2,150.96,10.0,3D,2025-08-18 19:58:33-04:00,POINT (-80.961198 34.020063)
2025-08-18 23:58:43 UTC,sensor01,218208153,25.39,95.81,2025-08-18 23:58:43+00:00,34.019847,-80.96131,81.6,6.99,-2.6,223.36,10.0,3D,2025-08-18 19:58:43-04:00,POINT (-80.96131 34.019847)
2025-08-18 23:58:48 UTC,sensor01,218208153,25.41,95.99,2025-08-18 23:58:48+00:00,34.01958,-80.96179,77.7,12.26,-0.6,230.95,10.0,3D,2025-08-18 19:58:48-04:00,POINT (-80.96179 34.01958)
2025-08-18 23:59:58 UTC,sensor01,218208153,26.21,89.37,2025-08-18 23:59:59+00:00,34.021143,-80.974637,78.0,11.92,0.3,275.23,10.0,3D,2025-08-18 19:59:59-04:00,POINT (-80.974637 34.021143)
2025-08-19 00:00:03 UTC,sensor01,218208153,26.24,90.16,2025-08-19 00:00:04+00:00,34.02116,-80.975087,80.0,4.12,0.4,270.31,10.0,3D,2025-08-18 20:00:04-04:00,POINT (-80.975087 34.02116)
2025-08-19 00:00:13 UTC,sensor01,218208153,26.46,90.1,2025-08-19 00:00:14+00:00,34.021172,-80.975377,82.0,5.71,0.2,266.99,10.0,3D,2025-08-18 20:00:14-04:00,POINT (-80.975377 34.021172)
2025-08-19 00:00:18 UTC,sensor01,218208153,26.24,90.28,2025-08-19 00:00:19+00:00,34.021142,-80.97586,84.3,10.76,0.3,268.17,10.0,3D,2025-08-18 20:00:19-04:00,POINT (-80.97586 34.021142)
2025-08-19 00:00:23 UTC,sensor01,218208153,26.13,90.16,2025-08-19 00:00:24+00:00,34.021142,-80.976517,85.8,12.83,0.3,270.68,10.0,3D,2025-08-18 20:00:24-04:00,POINT (-80.976517 34.021142)
2025-08-19 00:00:28 UTC,sensor01,218208153,25.73,90.61,2025-08-19 00:00:29+00:00,34.021083,-80.977237,87.5,14.13,0.2,266.6,10.0,3D,2025-08-18 20:00:29-04:00,POINT (-80.977237 34.021083)
2025-08-19 00:00:43 UTC,sensor01,218208153,25.96,91.53,2025-08-19 00:00:44+00:00,34.021013,-80.97986,92.7,14.5,0.3,271.65,10.0,3D,2025-08-18 20:00:44-04:00,POINT (-80.97986 34.021013)
2025-08-19 00:00:48 UTC,sensor01,218208153,25.81,91.09,2025-08-19 00:00:49+00:00,34.020958,-80.980598,93.7,14.87,0.2,265.17,10.0,3D,2025-08-18 20:00:49-04:00,POINT (-80.980598 34.020958)
2025-08-19 00:00:53 UTC,sensor01,218208153,25.77,91.24,2025-08-19 00:00:54+00:00,34.02086,-80.981375,94.8,15.13,0.3,260.57,10.0,3D,2025-08-18 20:00:54-04:00,POINT (-80.981375 34.02086)
2025-08-19 00:01:34 UTC,sensor01,218208153,25.64,90.28,2025-08-19 00:01:35+00:00,34.019227,-80.989317,96.8,10.1,0.1,261.35,10.0,3D,2025-08-18 20:01:35-04:00,POINT (-80.989317 34.019227)
2025-08-19 00:02:34 UTC,sensor01,218208153,26.1,88.42,2025-08-19 00:02:35+00:00,34.019288,-80.98961,100.0,2.59,-0.1,254.07,10.0,3D,2025-08-18 20:02:35-04:00,POINT (-80.98961 34.019288)
2025-08-19 00:02:39 UTC,sensor01,218208153,26.27,88.14,2025-08-19 00:02:40+00:00,34.019187,-80.989917,98.5,9.37,-0.3,251.11,10.0,3D,2025-08-18 20:02:40-04:00,POINT (-80.989917 34.019187)
2025-08-19 00:02:44 UTC,sensor01,218208153,26.19,88.16,2025-08-19 00:02:45+00:00,34.019007,-80.990502,96.3,13.76,-0.4,247.29,10.0,3D,2025-08-18 20:02:45-04:00,POINT (-80.990502 34.019007)
2025-08-19 00:02:59 UTC,sensor01,218208153,26.25,90.1,2025-08-19 00:03:00+00:00,34.018082,-80.992872,86.6,15.59,-0.3,241.2,10.0,3D,2025-08-18 20:03:00-04:00,POINT (-80.992872 34.018082)
2025-08-19 00:03:04 UTC,sensor01,218208153,26.31,90.02,2025-08-19 00:03:05+00:00,34.017798,-80.993638,85.6,15.36,-0.1,244.72,10.0,3D,2025-08-18 20:03:05-04:00,POINT (-80.993638 34.017798)
2025-08-19 00:03:09 UTC,sensor01,218208153,26.51,89.58,2025-08-19 00:03:10+00:00,34.017505,-80.994412,86.0,15.6,0.1,244.67,10.0,3D,2025-08-18 20:03:10-04:00,POINT (-80.994412 34.017505)
2025-08-19 00:03:25 UTC,sensor01,218208153,26.27,89.13,2025-08-19 00:03:26+00:00,34.016338,-80.996708,90.6,14.53,0.2,0.0,10.0,3D,2025-08-18 20:03:26-04:00,POINT (-80.996708 34.016338)
2025-08-19 00:03:35 UTC,sensor01,218208153,26.25,90.45,2025-08-19 00:03:36+00:00,34.015552,-80.998075,91.7,12.08,0.3,0.0,10.0,3D,2025-08-18 20:03:36-04:00,POINT (-80.998075 34.015552)
2025-08-19 00:03:40 UTC,sensor01,218208153,26.21,90.58,2025-08-19 00:03:41+00:00,34.015263,-80.998358,92.1,6.93,0.1,0.0,10.0,3D,2025-08-18 20:03:41-04:00,POINT (-80.998358 34.015263)
2025-08-19 00:03:45 UTC,sensor01,218208153,26.04,90.48,2025-08-19 00:03:46+00:00,34.015005,-80.998332,91.4,5.8,-0.1,171.2,10.0,3D,2025-08-18 20:03:46-04:00,POINT (-80.998332 34.015005)
2025-08-19 00:03:50 UTC,sensor01,218208153,25.77,91.35,2025-08-19 00:03:51+00:00,34.014562,-80.998228,90.6,10.06,0.0,172.08,10.0,3D,2025-08-18 20:03:51-04:00,POINT (-80.998228 34.014562)
2025-08-19 00:03:55 UTC,sensor01,218208153,25.64,92.69,2025-08-19 00:03:56+00:00,34.014105,-80.998143,90.9,9.87,0.1,170.8,10.0,3D,2025-08-18 20:03:56-04:00,POINT (-80.998143 34.014105)
2025-08-19 00:04:00 UTC,sensor01,218208153,25.51,93.37,2025-08-19 00:04:01+00:00,34.01371,-80.998082,91.0,9.47,0.3,169.43,10.0,3D,2025-08-18 20:04:01-04:00,POINT (-80.998082 34.01371)
2025-08-19 00:04:05 UTC,sensor01,218208153,25.57,93.81,2025-08-19 00:04:06+00:00,34.013285,-80.998015,93.7,10.08,1.0,170.04,10.0,3D,2025-08-18 20:04:06-04:00,POINT (-80.998015 34.013285)
2025-08-19 00:04:10 UTC,sensor01,218208153,25.57,93.89,2025-08-19 00:04:11+00:00,34.012765,-80.997895,95.9,11.95,0.3,170.74,10.0,3D,2025-08-18 20:04:11-04:00,POINT (-80.997895 34.012765)
2025-08-19 00:04:15 UTC,sensor01,218208153,25.46,94.49,2025-08-19 00:04:16+00:00,34.012187,-80.997762,96.9,12.75,0.2,170.19,10.0,3D,2025-08-18 20:04:16-04:00,POINT (-80.997762 34.012187)
2025-08-19 00:04:20 UTC,sensor01,218208153,25.43,94.23,2025-08-19 00:04:21+00:00,34.011648,-80.997635,97.5,9.72,0.0,166.82,10.0,3D,2025-08-18 20:04:21-04:00,POINT (-80.997635 34.011648)
2025-08-19 00:04:30 UTC,sensor01,218208153,25.29,94.75,2025-08-19 00:04:31+00:00,34.011453,-80.997757,96.0,3.91,0.0,237.55,10.0,3D,2025-08-18 20:04:31-04:00,POINT (-80.997757 34.011453)
2025-08-19 00:04:35 UTC,sensor01,218208153,25.27,95.25,2025-08-19 00:04:36+00:00,34.011393,-80.998052,96.0,6.34,0.4,257.6,10.0,3D,2025-08-18 20:04:36-04:00,POINT (-80.998052 34.011393)
2025-08-19 00:04:40 UTC,sensor01,218208153,25.24,95.46,2025-08-19 00:04:41+00:00,34.011322,-80.998443,96.8,8.42,0.3,255.09,10.0,3D,2025-08-18 20:04:41-04:00,POINT (-80.998443 34.011322)
2025-08-19 00:04:45 UTC,sensor01,218208153,25.23,95.59,2025-08-19 00:04:46+00:00,34.011253,-80.998862,97.1,8.01,-0.2,252.45,10.0,3D,2025-08-18 20:04:46-04:00,POINT (-80.998862 34.011253)
2025-08-19 00:04:50 UTC,sensor01,218208153,25.23,95.01,2025-08-19 00:04:51+00:00,34.01106,-80.999412,96.8,9.99,0.0,251.43,10.0,3D,2025-08-18 20:04:51-04:00,POINT (-80.999412 34.01106)
2025-08-19 00:04:55 UTC,sensor01,218208153,25.13,94.38,2025-08-19 00:04:56+00:00,34.010848,-81.000015,96.4,11.1,-0.1,249.35,10.0,3D,2025-08-18 20:04:56-04:00,POINT (-81.000015 34.010848)
2025-08-18 22:59:28 UTC,sensor03,218191466,25.7,93.9,2025-08-18 22:59:28+00:00,34.002603,-81.013538,-10.5,3.02,0.2,318.36,11.0,3D,2025-08-18 18:59:28-04:00,POINT (-81.013538 34.002603)
2025-08-18 22:59:33 UTC,sensor03,218191466,25.63,94.89,2025-08-18 22:59:32+00:00,34.002673,-81.0136,-9.8,3.13,0.3,317.06,11.0,3D,2025-08-18 18:59:32-04:00,POINT (-81.0136 34.002673)
2025-08-18 22:59:38 UTC,sensor03,218191466,25.66,94.72,2025-08-18 22:59:37+00:00,34.002765,-81.013748,-7.6,4.17,0.44,316.25,11.0,3D,2025-08-18 18:59:37-04:00,POINT (-81.013748 34.002765)
2025-08-18 22:59:49 UTC,sensor03,218191466,25.68,94.26,2025-08-18 22:59:48+00:00,34.002688,-81.013918,-1.2,5.08,0.7,236.0,11.0,3D,2025-08-18 18:59:48-04:00,POINT (-81.013918 34.002688)
2025-08-18 22:59:54 UTC,sensor03,218191466,25.7,93.69,2025-08-18 22:59:50+00:00,34.002608,-81.014017,0.3,6.28,0.8,0.0,11.0,3D,2025-08-18 18:59:50-04:00,POINT (-81.014017 34.002608)
2025-08-18 22:59:59 UTC,sensor03,218191466,25.77,93.78,2025-08-18 22:59:57+00:00,34.002377,-81.014278,0.0,5.23,0.0,229.23,11.0,3D,2025-08-18 18:59:57-04:00,POINT (-81.014278 34.002377)
2025-08-18 23:00:04 UTC,sensor03,218191466,25.8,93.86,2025-08-18 22:59:57+00:00,34.002377,-81.014278,0.0,5.23,0.0,229.23,11.0,3D,2025-08-18 18:59:57-04:00,POINT (-81.014278 34.002377)
2025-08-18 23:00:09 UTC,sensor03,218191466,25.73,93.24,2025-08-18 23:00:05+00:00,34.002077,-81.014575,8.2,6.27,0.0,225.9,11.0,3D,2025-08-18 19:00:05-04:00,POINT (-81.014575 34.002077)
2025-08-18 23:00:14 UTC,sensor03,218191466,25.77,93.59,2025-08-18 23:00:12+00:00,34.001787,-81.014792,0.0,5.65,0.0,214.48,11.0,3D,2025-08-18 19:00:12-04:00,POINT (-81.014792 34.001787)
2025-08-18 23:00:19 UTC,sensor03,218191466,25.9,94.0,2025-08-18 23:00:19+00:00,34.001487,-81.01501,13.6,5.56,0.0,0.0,11.0,3D,2025-08-18 19:00:19-04:00,POINT (-81.01501 34.001487)
2025-08-18 23:00:24 UTC,sensor03,218191466,25.99,94.0,2025-08-18 23:00:19+00:00,34.001487,-81.01501,13.6,5.83,0.0,217.12,11.0,3D,2025-08-18 19:00:19-04:00,POINT (-81.01501 34.001487)
2025-08-18 23:00:29 UTC,sensor03,218191466,25.97,93.66,2025-08-18 23:00:29+00:00,34.001033,-81.015362,17.7,6.16,0.3,212.87,11.0,3D,2025-08-18 19:00:29-04:00,POINT (-81.015362 34.001033)
2025-08-18 23:00:34 UTC,sensor03,218191466,25.88,93.36,2025-08-18 23:00:29+00:00,34.001033,-81.015362,17.7,6.16,0.3,212.87,11.0,3D,2025-08-18 19:00:29-04:00,POINT (-81.015362 34.001033)
2025-08-18 23:00:39 UTC,sensor03,218191466,25.96,93.57,2025-08-18 23:00:39+00:00,34.00069,-81.015782,21.7,5.66,0.3,246.0,11.0,3D,2025-08-18 19:00:39-04:00,POINT (-81.015782 34.00069)
2025-08-18 23:00:44 UTC,sensor03,218191466,25.95,93.43,2025-08-18 23:00:44+00:00,34.0006,-81.016038,24.1,5.31,0.5,242.24,11.0,3D,2025-08-18 19:00:44-04:00,POINT (-81.016038 34.0006)
2025-08-18 23:00:49 UTC,sensor03,218191466,26.03,93.25,2025-08-18 23:00:49+00:00,34.000537,-81.016272,26.6,4.38,0.5,252.58,11.0,3D,2025-08-18 19:00:49-04:00,POINT (-81.016272 34.000537)
2025-08-18 23:00:54 UTC,sensor03,218191466,26.09,93.0,2025-08-18 23:00:49+00:00,34.000537,-81.016272,26.6,4.38,0.5,252.58,11.0,3D,2025-08-18 19:00:49-04:00,POINT (-81.016272 34.000537)
2025-08-18 23:01:50 UTC,sensor03,218191466,26.55,89.25,2025-08-18 23:01:49+00:00,34.000268,-81.016643,52.3,3.7,0.4,201.37,11.0,3D,2025-08-18 19:01:49-04:00,POINT (-81.016643 34.000268)
2025-08-18 23:01:55 UTC,sensor03,218191466,26.47,89.54,2025-08-18 23:01:54+00:00,34.000052,-81.016625,54.4,5.41,0.4,168.77,11.0,3D,2025-08-18 19:01:54-04:00,POINT (-81.016625 34.000052)
2025-08-18 23:02:00 UTC,sensor03,218191466,26.39,90.17,2025-08-18 23:01:59+00:00,33.999775,-81.01649,56.1,6.61,0.3,161.45,11.0,3D,2025-08-18 19:01:59-04:00,POINT (-81.01649 33.999775)
2025-08-18 23:02:05 UTC,sensor03,218191466,26.36,90.4,2025-08-18 23:02:04+00:00,33.999485,-81.016373,58.1,6.31,0.4,158.44,11.0,3D,2025-08-18 19:02:04-04:00,POINT (-81.016373 33.999485)
2025-08-18 23:02:10 UTC,sensor03,218191466,26.31,90.7,2025-08-18 23:02:10+00:00,33.99918,-81.01621,60.3,5.55,0.4,0.0,11.0,3D,2025-08-18 19:02:10-04:00,POINT (-81.01621 33.99918)
2025-08-18 23:03:00 UTC,sensor03,218191466,26.78,89.41,2025-08-18 23:03:00+00:00,33.998927,-81.016097,62.5,4.82,0.1,154.46,10.0,3D,2025-08-18 19:03:00-04:00,POINT (-81.016097 33.998927)
2025-08-18 23:03:05 UTC,sensor03,218191466,26.65,88.29,2025-08-18 23:03:05+00:00,33.99868,-81.015977,62.9,5.88,0.0,159.82,10.0,3D,2025-08-18 19:03:05-04:00,POINT (-81.015977 33.99868)
2025-08-18 23:03:10 UTC,sensor03,218191466,26.56,88.16,2025-08-18 23:03:10+00:00,33.99841,-81.015848,62.7,6.66,0.4,158.3,10.0,3D,2025-08-18 19:03:10-04:00,POINT (-81.015848 33.99841)
2025-08-18 23:03:15 UTC,sensor03,218191466,26.45,88.22,2025-08-18 23:03:15+00:00,33.998148,-81.015733,63.1,5.42,0.2,165.77,10.0,3D,2025-08-18 19:03:15-04:00,POINT (-81.015733 33.998148)
2025-08-18 23:03:20 UTC,sensor03,218191466,26.69,89.19,2025-08-18 23:03:20+00:00,33.9979,-81.015627,63.4,5.55,0.2,160.99,10.0,3D,2025-08-18 19:03:20-04:00,POINT (-81.015627 33.9979)
2025-08-18 23:03:25 UTC,sensor03,218191466,26.55,89.34,2025-08-18 23:03:25+00:00,33.997698,-81.015538,63.2,3.29,-0.03,165.42,10.0,3D,2025-08-18 19:03:25-04:00,POINT (-81.015538 33.997698)
2025-08-18 23:03:30 UTC,sensor03,218191466,26.47,89.32,2025-08-18 23:03:30+00:00,33.997647,-81.015678,63.3,5.25,0.3,275.83,10.0,3D,2025-08-18 19:03:30-04:00,POINT (-81.015678 33.997647)
2025-08-18 23:03:36 UTC,sensor03,218191466,26.46,89.9,2025-08-18 23:03:35+00:00,33.997677,-81.016007,63.2,6.0,-0.1,277.84,10.0,3D,2025-08-18 19:03:35-04:00,POINT (-81.016007 33.997677)
2025-08-18 23:03:41 UTC,sensor03,218191466,26.38,88.97,2025-08-18 23:03:40+00:00,33.99772,-81.016388,62.8,7.21,0.1,279.3,10.0,3D,2025-08-18 19:03:40-04:00,POINT (-81.016388 33.99772)
2025-08-18 23:03:46 UTC,sensor03,218191466,26.35,88.75,2025-08-18 23:03:45+00:00,33.997757,-81.016767,62.4,7.19,0.1,281.74,10.0,3D,2025-08-18 19:03:45-04:00,POINT (-81.016767 33.997757)
2025-08-18 23:03:51 UTC,sensor03,218191466,26.39,89.15,2025-08-18 23:03:50+00:00,33.997873,-81.017102,61.8,6.85,-0.2,290.84,10.0,3D,2025-08-18 19:03:50-04:00,POINT (-81.017102 33.997873)
2025-08-18 23:03:56 UTC,sensor03,218191466,26.36,88.92,2025-08-18 23:03:56+00:00,33.998012,-81.017408,59.6,5.62,-0.3,0.0,10.0,3D,2025-08-18 19:03:56-04:00,POINT (-81.017408 33.998012)
2025-08-18 23:04:01 UTC,sensor03,218191466,26.47,89.49,2025-08-18 23:04:01+00:00,33.998078,-81.017683,60.9,8.16,1.4,0.0,10.0,3D,2025-08-18 19:04:01-04:00,POINT (-81.017683 33.998078)
2025-08-18 23:04:11 UTC,sensor03,218191466,26.55,88.35,2025-08-18 23:04:11+00:00,33.99808,-81.017943,57.4,3.89,-0.5,0.0,4.0,3D,2025-08-18 19:04:11-04:00,POINT (-81.017943 33.99808)
2025-08-18 23:04:16 UTC,sensor03,218191466,26.55,88.46,2025-08-18 23:04:16+00:00,33.99813,-81.018138,56.4,3.5,-0.2,0.0,8.0,3D,2025-08-18 19:04:16-04:00,POINT (-81.018138 33.99813)
2025-08-18 23:04:21 UTC,sensor03,218191466,26.54,88.37,2025-08-18 23:04:21+00:00,33.998182,-81.018322,55.3,4.12,-0.3,0.0,10.0,3D,2025-08-18 19:04:21-04:00,POINT (-81.018322 33.998182)
2025-08-18 23:04:26 UTC,sensor03,218191466,26.56,88.71,2025-08-18 23:04:26+00:00,33.998217,-81.018515,54.5,3.56,-0.1,0.0,10.0,3D,2025-08-18 19:04:26-04:00,POINT (-81.018515 33.998217)
2025-08-18 23:04:31 UTC,sensor03,218191466,26.47,88.01,2025-08-18 23:04:31+00:00,33.998245,-81.01874,53.5,4.01,-0.2,276.52,10.0,3D,2025-08-18 19:04:31-04:00,POINT (-81.01874 33.998245)
2025-08-18 23:04:36 UTC,sensor03,218191466,26.4,87.77,2025-08-18 23:04:36+00:00,33.99826,-81.01896,51.8,3.94,-0.3,274.32,10.0,3D,2025-08-18 19:04:36-04:00,POINT (-81.01896 33.99826)
2025-08-18 23:04:41 UTC,sensor03,218191466,26.17,88.71,2025-08-18 23:04:41+00:00,33.998295,-81.019158,54.7,3.52,-0.2,255.98,10.0,3D,2025-08-18 19:04:41-04:00,POINT (-81.019158 33.998295)
2025-08-18 23:04:46 UTC,sensor03,218191466,26.07,89.99,2025-08-18 23:04:46+00:00,33.998272,-81.019338,54.1,2.85,-0.4,231.93,10.0,3D,2025-08-18 19:04:46-04:00,POINT (-81.019338 33.998272)
2025-08-18 23:04:51 UTC,sensor03,218191466,25.83,91.37,2025-08-18 23:04:51+00:00,33.998122,-81.019432,52.9,3.06,-0.3,209.13,10.0,3D,2025-08-18 19:04:51-04:00,POINT (-81.019432 33.998122)
2025-08-18 23:04:56 UTC,sensor03,218191466,25.75,91.96,2025-08-18 23:04:56+00:00,33.997967,-81.019498,51.4,4.85,-0.2,0.0,10.0,3D,2025-08-18 19:04:56-04:00,POINT (-81.019498 33.997967)
2025-08-18 23:05:01 UTC,sensor03,218191466,25.64,93.53,2025-08-18 23:05:01+00:00,33.997733,-81.019515,49.3,4.63,-0.4,0.0,10.0,3D,2025-08-18 19:05:01-04:00,POINT (-81.019515 33.997733)
2025-08-18 23:05:06 UTC,sensor03,218191466,25.59,94.58,2025-08-18 23:05:06+00:00,33.997522,-81.019575,47.6,4.39,-0.3,192.9,10.0,3D,2025-08-18 19:05:06-04:00,POINT (-81.019575 33.997522)
2025-08-18 23:05:11 UTC,sensor03,218191466,25.43,95.04,2025-08-18 23:05:11+00:00,33.997337,-81.019678,45.5,4.19,-0.4,209.78,10.0,3D,2025-08-18 19:05:11-04:00,POINT (-81.019678 33.997337)
2025-08-18 23:05:16 UTC,sensor03,218191466,25.42,95.71,2025-08-18 23:05:16+00:00,33.997175,-81.019817,43.7,4.38,-0.3,230.58,10.0,3D,2025-08-18 19:05:16-04:00,POINT (-81.019817 33.997175)
2025-08-18 23:05:21 UTC,sensor03,218191466,25.34,95.86,2025-08-18 23:05:21+00:00,33.997027,-81.019978,42.0,3.98,-0.4,238.27,10.0,3D,2025-08-18 19:05:21-04:00,POINT (-81.019978 33.997027)
2025-08-18 23:05:26 UTC,sensor03,218191466,25.28,96.02,2025-08-18 23:05:26+00:00,33.996948,-81.020222,41.1,4.68,-0.1,252.01,10.0,3D,2025-08-18 19:05:26-04:00,POINT (-81.020222 33.996948)
2025-08-18 23:05:32 UTC,sensor03,218191466,25.3,94.82,2025-08-18 23:05:31+00:00,33.9969,-81.020465,39.8,4.81,-0.3,256.4,10.0,3D,2025-08-18 19:05:31-04:00,POINT (-81.020465 33.9969)
2025-08-18 23:05:37 UTC,sensor03,218191466,25.37,93.53,2025-08-18 23:05:36+00:00,33.99684,-81.020715,38.8,4.24,-0.2,248.72,10.0,3D,2025-08-18 19:05:36-04:00,POINT (-81.020715 33.99684)
2025-08-18 23:05:42 UTC,sensor03,218191466,25.45,93.2,2025-08-18 23:05:41+00:00,33.996737,-81.020957,39.4,4.54,0.4,248.67,10.0,3D,2025-08-18 19:05:41-04:00,POINT (-81.020957 33.996737)
2025-08-18 23:05:47 UTC,sensor03,218191466,25.39,93.36,2025-08-18 23:05:47+00:00,33.996635,-81.021228,39.7,3.92,-0.3,0.0,10.0,3D,2025-08-18 19:05:47-04:00,POINT (-81.021228 33.996635)
2025-08-18 23:05:52 UTC,sensor03,218191466,25.4,94.5,2025-08-18 23:05:52+00:00,33.996512,-81.021447,39.1,7.22,0.1,0.0,10.0,3D,2025-08-18 19:05:52-04:00,POINT (-81.021447 33.996512)
2025-08-18 23:05:57 UTC,sensor03,218191466,25.32,94.97,2025-08-18 23:05:57+00:00,33.99633,-81.021655,38.2,5.03,-0.2,221.96,10.0,3D,2025-08-18 19:05:57-04:00,POINT (-81.021655 33.99633)
2025-08-18 23:06:02 UTC,sensor03,218191466,25.33,95.41,2025-08-18 23:06:02+00:00,33.99619,-81.021867,36.7,4.71,-0.2,228.79,10.0,3D,2025-08-18 19:06:02-04:00,POINT (-81.021867 33.99619)
2025-08-18 23:06:07 UTC,sensor03,218191466,25.34,94.97,2025-08-18 23:06:07+00:00,33.9961,-81.022102,35.8,4.69,0.1,249.64,10.0,3D,2025-08-18 19:06:07-04:00,POINT (-81.022102 33.9961)
2025-08-18 23:06:12 UTC,sensor03,218191466,25.4,93.14,2025-08-18 23:06:12+00:00,33.99603,-81.022367,35.9,4.42,0.0,249.45,10.0,3D,2025-08-18 19:06:12-04:00,POINT (-81.022367 33.99603)
2025-08-18 23:06:17 UTC,sensor03,218191466,25.45,92.4,2025-08-18 23:06:17+00:00,33.995898,-81.022547,36.1,4.35,-0.1,215.81,10.0,3D,2025-08-18 19:06:17-04:00,POINT (-81.022547 33.995898)
2025-08-18 23:06:22 UTC,sensor03,218191466,25.44,93.12,2025-08-18 23:06:22+00:00,33.995728,-81.02277,35.9,4.5,0.7,220.16,10.0,3D,2025-08-18 19:06:22-04:00,POINT (-81.02277 33.995728)
2025-08-18 23:06:27 UTC,sensor03,218191466,25.42,93.6,2025-08-18 23:06:27+00:00,33.995563,-81.022925,34.5,5.0,-0.2,221.98,10.0,3D,2025-08-18 19:06:27-04:00,POINT (-81.022925 33.995563)
2025-08-18 23:06:32 UTC,sensor03,218191466,25.45,94.25,2025-08-18 23:06:32+00:00,33.995397,-81.02311,34.1,5.32,-0.1,225.45,10.0,3D,2025-08-18 19:06:32-04:00,POINT (-81.02311 33.995397)
2025-08-18 23:06:37 UTC,sensor03,218191466,25.41,94.59,2025-08-18 23:06:37+00:00,33.995195,-81.02331,34.2,5.1,-0.2,223.01,10.0,3D,2025-08-18 19:06:37-04:00,POINT (-81.02331 33.995195)
2025-08-18 23:06:42 UTC,sensor03,218191466,25.5,94.89,2025-08-18 23:06:42+00:00,33.995022,-81.023472,34.7,3.18,0.0,212.53,10.0,3D,2025-08-18 19:06:42-04:00,POINT (-81.023472 33.995022)
2025-08-18 23:06:52 UTC,sensor03,218191466,25.62,95.76,2025-08-18 23:06:52+00:00,33.994782,-81.02352,36.3,3.23,0.5,165.9,10.0,3D,2025-08-18 19:06:52-04:00,POINT (-81.02352 33.994782)
2025-08-18 23:06:57 UTC,sensor03,218191466,25.67,95.02,2025-08-18 23:06:54+00:00,33.994712,-81.023493,37.3,4.47,0.3,0.0,10.0,3D,2025-08-18 19:06:54-04:00,POINT (-81.023493 33.994712)
2025-08-18 23:07:02 UTC,sensor03,218191466,25.77,94.02,2025-08-18 23:07:02+00:00,33.994422,-81.023323,38.0,4.23,-0.15,157.08,10.0,3D,2025-08-18 19:07:02-04:00,POINT (-81.023323 33.994422)
2025-08-18 23:07:07 UTC,sensor03,218191466,25.83,92.39,2025-08-18 23:07:07+00:00,33.994238,-81.023225,39.2,4.08,1.0,152.62,10.0,3D,2025-08-18 19:07:07-04:00,POINT (-81.023225 33.994238)
2025-08-18 23:07:12 UTC,sensor03,218191466,25.86,91.9,2025-08-18 23:07:12+00:00,33.994095,-81.023147,40.3,2.8,0.3,162.55,10.0,3D,2025-08-18 19:07:12-04:00,POINT (-81.023147 33.994095)
2025-08-18 23:07:17 UTC,sensor03,218191466,25.9,92.34,2025-08-18 23:07:17+00:00,33.99395,-81.023065,43.2,3.52,1.1,154.01,10.0,3D,2025-08-18 19:07:17-04:00,POINT (-81.023065 33.99395)
2025-08-18 23:07:33 UTC,sensor03,218191466,26.03,91.28,2025-08-18 23:07:32+00:00,33.993808,-81.023158,47.3,3.77,0.2,253.9,10.0,3D,2025-08-18 19:07:32-04:00,POINT (-81.023158 33.993808)
2025-08-18 23:07:38 UTC,sensor03,218191466,26.2,91.46,2025-08-18 23:07:38+00:00,33.99368,-81.02354,49.7,7.04,0.3,0.0,10.0,3D,2025-08-18 19:07:38-04:00,POINT (-81.02354 33.99368)
2025-08-18 23:07:43 UTC,sensor03,218191466,26.19,91.47,2025-08-18 23:07:43+00:00,33.993548,-81.023923,52.1,7.39,0.6,245.45,10.0,3D,2025-08-18 19:07:43-04:00,POINT (-81.023923 33.993548)
2025-08-18 23:07:48 UTC,sensor03,218191466,26.06,91.42,2025-08-18 23:07:48+00:00,33.993432,-81.024303,55.3,7.61,0.5,251.55,10.0,3D,2025-08-18 19:07:48-04:00,POINT (-81.024303 33.993432)
2025-08-18 23:07:53 UTC,sensor03,218191466,26.15,90.34,2025-08-18 23:07:53+00:00,33.99333,-81.024663,57.9,6.34,0.4,251.34,10.0,3D,2025-08-18 19:07:53-04:00,POINT (-81.024663 33.99333)
2025-08-18 23:07:58 UTC,sensor03,218191466,26.15,92.09,2025-08-18 23:07:58+00:00,33.993245,-81.024995,59.3,6.68,0.3,251.05,10.0,3D,2025-08-18 19:07:58-04:00,POINT (-81.024995 33.993245)
2025-08-18 23:08:03 UTC,sensor03,218191466,26.08,90.97,2025-08-18 23:08:03+00:00,33.993147,-81.025307,60.7,5.44,0.3,252.26,10.0,3D,2025-08-18 19:08:03-04:00,POINT (-81.025307 33.993147)
2025-08-18 23:08:08 UTC,sensor03,218191466,26.09,90.11,2025-08-18 23:08:08+00:00,33.993055,-81.025627,62.7,6.67,0.8,253.26,10.0,3D,2025-08-18 19:08:08-04:00,POINT (-81.025627 33.993055)
2025-08-18 23:08:13 UTC,sensor03,218191466,26.12,90.05,2025-08-18 23:08:13+00:00,33.992952,-81.025942,66.2,6.18,0.7,248.38,10.0,3D,2025-08-18 19:08:13-04:00,POINT (-81.025942 33.992952)
2025-08-18 23:08:18 UTC,sensor03,218191466,26.14,89.64,2025-08-18 23:08:18+00:00,33.992872,-81.026213,69.1,5.42,0.4,249.53,10.0,3D,2025-08-18 19:08:18-04:00,POINT (-81.026213 33.992872)
2025-08-18 23:08:24 UTC,sensor03,218191466,26.18,89.59,2025-08-18 23:08:23+00:00,33.992772,-81.026512,73.0,6.06,0.9,248.98,10.0,3D,2025-08-18 19:08:23-04:00,POINT (-81.026512 33.992772)
2025-08-18 23:08:29 UTC,sensor03,218191466,26.17,90.33,2025-08-18 23:08:29+00:00,33.992657,-81.026887,77.2,5.84,0.7,0.0,10.0,3D,2025-08-18 19:08:29-04:00,POINT (-81.026887 33.992657)
2025-08-18 23:08:34 UTC,sensor03,218191466,26.13,89.98,2025-08-18 23:08:34+00:00,33.99254,-81.027203,80.1,6.53,0.6,245.9,10.0,3D,2025-08-18 19:08:34-04:00,POINT (-81.027203 33.99254)
2025-08-18 23:08:39 UTC,sensor03,218191466,26.15,89.64,2025-08-18 23:08:39+00:00,33.992468,-81.027495,82.8,5.09,0.4,248.77,10.0,3D,2025-08-18 19:08:39-04:00,POINT (-81.027495 33.992468)
2025-08-18 23:08:44 UTC,sensor03,218191466,26.15,89.36,2025-08-18 23:08:44+00:00,33.992388,-81.027763,86.7,5.71,0.9,243.9,10.0,3D,2025-08-18 19:08:44-04:00,POINT (-81.027763 33.992388)
2025-08-18 23:08:49 UTC,sensor03,218191466,26.2,89.41,2025-08-18 23:08:49+00:00,33.99227,-81.028088,90.6,7.14,0.7,246.95,10.0,3D,2025-08-18 19:08:49-04:00,POINT (-81.028088 33.99227)
2025-08-18 23:08:54 UTC,sensor03,218191466,26.25,89.55,2025-08-18 23:08:54+00:00,33.992172,-81.02846,93.1,7.34,0.7,253.6,10.0,3D,2025-08-18 19:08:54-04:00,POINT (-81.02846 33.992172)
2025-08-18 23:08:59 UTC,sensor03,218191466,26.23,89.18,2025-08-18 23:08:54+00:00,33.992172,-81.02846,93.1,7.34,0.7,253.6,10.0,3D,2025-08-18 19:08:54-04:00,POINT (-81.02846 33.992172)
2025-08-18 23:09:04 UTC,sensor03,218191466,26.34,89.87,2025-08-18 23:09:04+00:00,33.991988,-81.029093,101.4,3.29,0.9,233.85,9.0,3D,2025-08-18 19:09:04-04:00,POINT (-81.029093 33.991988)
2025-08-18 23:09:20 UTC,sensor03,218191466,26.5,88.42,2025-08-18 23:09:20+00:00,33.99227,-81.029387,103.5,5.18,0.9,0.0,9.0,3D,2025-08-18 19:09:20-04:00,POINT (-81.029387 33.99227)
2025-08-18 23:09:25 UTC,sensor03,218191466,26.57,88.49,2025-08-18 23:09:25+00:00,33.992503,-81.029517,104.4,5.82,0.5,334.33,9.0,3D,2025-08-18 19:09:25-04:00,POINT (-81.029517 33.992503)
2025-08-18 23:09:30 UTC,sensor03,218191466,26.47,87.59,2025-08-18 23:09:30+00:00,33.992758,-81.029643,104.5,5.85,0.6,338.15,9.0,3D,2025-08-18 19:09:30-04:00,POINT (-81.029643 33.992758)
2025-08-18 23:09:35 UTC,sensor03,218191466,26.53,88.21,2025-08-18 23:09:35+00:00,33.992978,-81.02976,107.9,4.41,0.2,336.25,9.0,3D,2025-08-18 19:09:35-04:00,POINT (-81.02976 33.992978)
2025-08-18 23:11:11 UTC,sensor03,218191466,26.6,86.28,2025-08-18 23:11:11+00:00,33.993235,-81.029852,110.9,3.77,0.2,349.85,9.0,3D,2025-08-18 19:11:11-04:00,POINT (-81.029852 33.993235)
2025-08-18 23:11:16 UTC,sensor03,218191466,26.68,85.98,2025-08-18 23:11:16+00:00,33.993422,-81.029947,113.3,5.05,0.7,339.48,9.0,3D,2025-08-18 19:11:16-04:00,POINT (-81.029947 33.993422)
2025-08-18 23:11:21 UTC,sensor03,218191466,26.73,84.69,2025-08-18 23:11:22+00:00,33.993687,-81.03011,117.5,5.72,0.6,0.0,9.0,3D,2025-08-18 19:11:22-04:00,POINT (-81.03011 33.993687)
2025-08-18 23:11:27 UTC,sensor03,218191466,26.73,83.72,2025-08-18 23:11:27+00:00,33.993953,-81.03022,119.8,6.87,0.5,0.0,9.0,3D,2025-08-18 19:11:27-04:00,POINT (-81.03022 33.993953)
2025-08-18 23:11:32 UTC,sensor03,218191466,26.72,84.42,2025-08-18 23:11:32+00:00,33.994215,-81.030357,122.1,6.51,0.6,0.0,9.0,3D,2025-08-18 19:11:32-04:00,POINT (-81.030357 33.994215)
2025-08-18 23:11:37 UTC,sensor03,218191466,26.8,84.18,2025-08-18 23:11:37+00:00,33.994483,-81.030502,122.1,6.6,-0.1,0.0,9.0,3D,2025-08-18 19:11:37-04:00,POINT (-81.030502 33.994483)
2025-08-18 23:11:42 UTC,sensor03,218191466,26.93,84.52,2025-08-18 23:11:42+00:00,33.994763,-81.030602,122.0,6.48,-0.3,351.98,9.0,3D,2025-08-18 19:11:42-04:00,POINT (-81.030602 33.994763)
2025-08-18 23:11:47 UTC,sensor03,218191466,26.93,85.46,2025-08-18 23:11:47+00:00,33.995025,-81.030663,121.9,6.23,-0.1,340.8,9.0,3D,2025-08-18 19:11:47-04:00,POINT (-81.030663 33.995025)
2025-08-18 23:11:52 UTC,sensor03,218191466,26.86,84.86,2025-08-18 23:11:52+00:00,33.99533,-81.030785,121.6,6.75,-0.2,342.56,9.0,3D,2025-08-18 19:11:52-04:00,POINT (-81.030785 33.99533)
2025-08-18 23:11:57 UTC,sensor03,218191466,26.81,84.92,2025-08-18 23:11:57+00:00,33.995582,-81.030937,121.1,4.98,-0.3,325.13,9.0,3D,2025-08-18 19:11:57-04:00,POINT (-81.030937 33.995582)
2025-08-18 23:12:12 UTC,sensor03,218191466,26.89,84.76,2025-08-18 23:12:12+00:00,33.995813,-81.031033,116.6,2.87,-0.4,341.12,9.0,3D,2025-08-18 19:12:12-04:00,POINT (-81.031033 33.995813)
2025-08-18 23:12:17 UTC,sensor03,218191466,26.91,84.28,2025-08-18 23:12:17+00:00,33.996,-81.031112,115.4,5.09,-0.2,337.0,9.0,3D,2025-08-18 19:12:17-04:00,POINT (-81.031112 33.996)
2025-08-18 23:12:22 UTC,sensor03,218191466,26.79,85.71,2025-08-18 23:12:22+00:00,33.996205,-81.03115,114.0,4.4,-0.3,356.97,9.0,3D,2025-08-18 19:12:22-04:00,POINT (-81.03115 33.996205)
2025-08-18 23:12:27 UTC,sensor03,218191466,26.75,85.76,2025-08-18 23:12:27+00:00,33.996452,-81.031233,112.3,5.86,-0.2,344.93,9.0,3D,2025-08-18 19:12:27-04:00,POINT (-81.031233 33.996452)
2025-08-18 23:12:32 UTC,sensor03,218191466,26.64,86.07,2025-08-18 23:12:32+00:00,33.996698,-81.03135,111.0,5.67,-0.3,347.24,9.0,3D,2025-08-18 19:12:32-04:00,POINT (-81.03135 33.996698)
2025-08-18 23:12:37 UTC,sensor03,218191466,26.61,87.35,2025-08-18 23:12:37+00:00,33.996938,-81.031493,110.3,5.19,0.1,322.66,9.0,3D,2025-08-18 19:12:37-04:00,POINT (-81.031493 33.996938)
2025-08-18 23:12:42 UTC,sensor03,218191466,26.66,87.38,2025-08-18 23:12:42+00:00,33.99713,-81.031617,110.0,5.31,0.0,339.99,9.0,3D,2025-08-18 19:12:42-04:00,POINT (-81.031617 33.99713)
2025-08-18 23:12:47 UTC,sensor03,218191466,26.62,85.42,2025-08-18 23:12:47+00:00,33.997368,-81.031718,110.3,5.02,0.3,340.94,9.0,3D,2025-08-18 19:12:47-04:00,POINT (-81.031718 33.997368)
2025-08-18 23:12:52 UTC,sensor03,218191466,26.71,85.06,2025-08-18 23:12:52+00:00,33.997622,-81.031775,111.2,5.66,-0.1,342.83,9.0,3D,2025-08-18 19:12:52-04:00,POINT (-81.031775 33.997622)
2025-08-18 23:12:57 UTC,sensor03,218191466,26.69,84.63,2025-08-18 23:12:57+00:00,33.99788,-81.031888,111.4,5.83,0.1,340.9,9.0,3D,2025-08-18 19:12:57-04:00,POINT (-81.031888 33.99788)
2025-08-18 23:13:02 UTC,sensor03,218191466,26.79,85.22,2025-08-18 23:13:02+00:00,33.998135,-81.03202,112.2,5.85,0.17,339.28,9.0,3D,2025-08-18 19:13:02-04:00,POINT (-81.03202 33.998135)
2025-08-18 23:13:07 UTC,sensor03,218191466,26.76,84.81,2025-08-18 23:13:07+00:00,33.998347,-81.032078,113.3,3.95,0.25,353.59,9.0,3D,2025-08-18 19:13:07-04:00,POINT (-81.032078 33.998347)
2025-08-18 23:13:12 UTC,sensor03,218191466,26.91,84.89,2025-08-18 23:13:13+00:00,33.99852,-81.032133,113.7,4.03,-0.1,0.0,9.0,3D,2025-08-18 19:13:13-04:00,POINT (-81.032133 33.99852)
2025-08-18 23:13:23 UTC,sensor03,218191466,26.87,86.55,2025-08-18 23:13:23+00:00,33.99874,-81.03226,115.9,2.47,0.3,0.0,9.0,3D,2025-08-18 19:13:23-04:00,POINT (-81.03226 33.99874)
2025-08-18 23:13:28 UTC,sensor03,218191466,26.82,85.38,2025-08-18 23:13:28+00:00,33.998853,-81.03232,118.0,2.39,0.5,338.6,9.0,3D,2025-08-18 19:13:28-04:00,POINT (-81.03232 33.998853)
2025-08-18 23:13:33 UTC,sensor03,218191466,26.71,85.33,2025-08-18 23:13:33+00:00,33.999023,-81.032413,120.2,5.33,0.3,340.6,9.0,3D,2025-08-18 19:13:33-04:00,POINT (-81.032413 33.999023)
2025-08-18 23:13:38 UTC,sensor03,218191466,26.66,86.02,2025-08-18 23:13:38+00:00,33.999248,-81.032502,121.9,5.06,0.3,337.11,9.0,3D,2025-08-18 19:13:38-04:00,POINT (-81.032502 33.999248)
2025-08-18 23:13:43 UTC,sensor03,218191466,26.64,85.79,2025-08-18 23:13:43+00:00,33.9995,-81.032628,123.4,6.81,0.2,340.56,9.0,3D,2025-08-18 19:13:43-04:00,POINT (-81.032628 33.9995)
2025-08-18 23:13:48 UTC,sensor03,218191466,26.6,86.21,2025-08-18 23:13:48+00:00,33.999748,-81.032747,124.3,5.44,0.2,336.32,9.0,3D,2025-08-18 19:13:48-04:00,POINT (-81.032747 33.999748)
2025-08-18 23:13:53 UTC,sensor03,218191466,26.69,86.32,2025-08-18 23:13:53+00:00,33.999878,-81.032975,121.1,4.62,-3.3,264.63,9.0,3D,2025-08-18 19:13:53-04:00,POINT (-81.032975 33.999878)
2025-08-18 23:13:58 UTC,sensor03,218191466,26.78,85.95,2025-08-18 23:13:58+00:00,33.999837,-81.033232,120.7,4.94,0.1,259.36,9.0,3D,2025-08-18 19:13:58-04:00,POINT (-81.033232 33.999837)
2025-08-18 23:14:03 UTC,sensor03,218191466,26.77,84.84,2025-08-18 23:14:03+00:00,33.99989,-81.03344,117.5,4.06,-0.4,297.81,9.0,3D,2025-08-18 19:14:03-04:00,POINT (-81.03344 33.99989)
2025-08-18 23:14:08 UTC,sensor03,218191466,26.73,85.57,2025-08-18 23:14:08+00:00,34.000027,-81.033592,115.6,4.59,-0.5,332.97,9.0,3D,2025-08-18 19:14:08-04:00,POINT (-81.033592 34.000027)
2025-08-18 23:14:13 UTC,sensor03,218191466,26.71,85.08,2025-08-18 23:14:13+00:00,34.000198,-81.033682,114.0,4.45,-0.4,338.11,9.0,3D,2025-08-18 19:14:13-04:00,POINT (-81.033682 34.000198)
2025-08-18 23:14:18 UTC,sensor03,218191466,26.72,85.07,2025-08-18 23:14:18+00:00,34.000393,-81.033718,112.4,4.74,-0.3,359.93,9.0,3D,2025-08-18 19:14:18-04:00,POINT (-81.033718 34.000393)
2025-08-18 23:14:23 UTC,sensor03,218191466,26.74,85.1,2025-08-18 23:14:23+00:00,34.000572,-81.033635,111.4,4.36,-0.4,41.21,9.0,3D,2025-08-18 19:14:23-04:00,POINT (-81.033635 34.000572)
2025-08-18 23:14:28 UTC,sensor03,218191466,26.69,85.45,2025-08-18 23:14:28+00:00,34.000708,-81.033468,110.9,4.18,0.0,68.34,9.0,3D,2025-08-18 19:14:28-04:00,POINT (-81.033468 34.000708)
2025-08-18 23:14:33 UTC,sensor03,218191466,26.61,86.24,2025-08-18 23:14:33+00:00,34.000805,-81.03323,109.9,5.09,-0.2,60.47,9.0,3D,2025-08-18 19:14:33-04:00,POINT (-81.03323 34.000805)
2025-08-18 23:14:38 UTC,sensor03,218191466,26.61,86.01,2025-08-18 23:14:38+00:00,34.000838,-81.032992,108.6,4.33,-0.4,105.57,9.0,3D,2025-08-18 19:14:38-04:00,POINT (-81.032992 34.000838)
2025-08-18 23:14:43 UTC,sensor03,218191466,26.53,86.84,2025-08-18 23:14:43+00:00,34.000795,-81.03277,107.2,3.91,-0.3,121.43,9.0,3D,2025-08-18 19:14:43-04:00,POINT (-81.03277 34.000795)
2025-08-18 23:14:48 UTC,sensor03,218191466,26.4,87.51,2025-08-18 23:14:48+00:00,34.00068,-81.032638,105.4,4.25,-0.2,152.12,9.0,3D,2025-08-18 19:14:48-04:00,POINT (-81.032638 34.00068)
2025-08-18 23:14:53 UTC,sensor03,218191466,26.48,86.85,2025-08-18 23:14:53+00:00,34.000492,-81.032558,103.5,3.64,-1.1,139.75,9.0,3D,2025-08-18 19:14:53-04:00,POINT (-81.032558 34.000492)
2025-08-18 23:14:58 UTC,sensor03,218191466,26.49,87.03,2025-08-18 23:14:58+00:00,34.000495,-81.032408,103.7,2.83,0.0,33.26,9.0,3D,2025-08-18 19:14:58-04:00,POINT (-81.032408 34.000495)
2025-08-18 23:15:03 UTC,sensor03,218191466,26.4,87.6,2025-08-18 23:15:04+00:00,34.000588,-81.032263,105.3,3.64,0.2,0.0,9.0,3D,2025-08-18 19:15:04-04:00,POINT (-81.032263 34.000588)
2025-08-18 23:15:08 UTC,sensor03,218191466,26.27,87.71,2025-08-18 23:15:09+00:00,34.000583,-81.032077,101.6,3.28,-0.2,0.0,9.0,3D,2025-08-18 19:15:09-04:00,POINT (-81.032077 34.000583)
2025-08-18 23:15:13 UTC,sensor03,218191466,26.27,88.6,2025-08-18 23:15:14+00:00,34.000472,-81.031905,100.9,3.92,-0.2,0.0,9.0,3D,2025-08-18 19:15:14-04:00,POINT (-81.031905 34.000472)
2025-08-18 23:15:19 UTC,sensor03,218191466,26.37,87.94,2025-08-18 23:15:19+00:00,34.000478,-81.031668,101.6,2.4,0.1,88.46,9.0,3D,2025-08-18 19:15:19-04:00,POINT (-81.031668 34.000478)
2025-08-18 23:15:29 UTC,sensor03,218191466,26.55,86.85,2025-08-18 23:15:29+00:00,34.000373,-81.031467,98.4,3.06,-0.3,106.35,9.0,3D,2025-08-18 19:15:29-04:00,POINT (-81.031467 34.000373)
2025-08-18 23:15:34 UTC,sensor03,218191466,26.62,85.58,2025-08-18 23:15:34+00:00,34.000223,-81.03134,96.8,5.07,-0.3,164.7,9.0,3D,2025-08-18 19:15:34-04:00,POINT (-81.03134 34.000223)
2025-08-18 23:15:39 UTC,sensor03,218191466,26.77,85.35,2025-08-18 23:15:39+00:00,33.999978,-81.031215,96.2,5.48,0.6,160.62,9.0,3D,2025-08-18 19:15:39-04:00,POINT (-81.031215 33.999978)
2025-08-18 23:15:44 UTC,sensor03,218191466,26.78,85.89,2025-08-18 23:15:44+00:00,33.999725,-81.031115,96.0,5.68,0.2,164.32,9.0,3D,2025-08-18 19:15:44-04:00,POINT (-81.031115 33.999725)
2025-08-18 23:15:49 UTC,sensor03,218191466,26.62,85.8,2025-08-18 23:15:49+00:00,33.999473,-81.031027,95.5,6.01,0.0,161.48,9.0,3D,2025-08-18 19:15:49-04:00,POINT (-81.031027 33.999473)
2025-08-18 23:15:54 UTC,sensor03,218191466,26.63,86.38,2025-08-18 23:15:54+00:00,33.999277,-81.03093,95.2,3.66,0.1,147.01,9.0,3D,2025-08-18 19:15:54-04:00,POINT (-81.03093 33.999277)
2025-08-18 23:16:29 UTC,sensor03,218191466,26.45,87.26,2025-08-18 23:16:29+00:00,33.998992,-81.030753,98.0,5.55,0.0,163.29,9.0,3D,2025-08-18 19:16:29-04:00,POINT (-81.030753 33.998992)
2025-08-18 23:16:34 UTC,sensor03,218191466,26.36,87.35,2025-08-18 23:16:34+00:00,33.998735,-81.030623,97.4,5.47,-0.2,158.31,9.0,3D,2025-08-18 19:16:34-04:00,POINT (-81.030623 33.998735)
2025-08-18 23:16:39 UTC,sensor03,218191466,26.25,88.35,2025-08-18 23:16:39+00:00,33.998478,-81.030588,96.4,4.9,-0.2,170.66,9.0,3D,2025-08-18 19:16:39-04:00,POINT (-81.030588 33.998478)
2025-08-18 23:16:44 UTC,sensor03,218191466,26.31,88.51,2025-08-18 23:16:44+00:00,33.9982,-81.030432,97.4,5.92,0.2,158.92,9.0,3D,2025-08-18 19:16:44-04:00,POINT (-81.030432 33.9982)
2025-08-18 23:16:49 UTC,sensor03,218191466,26.08,88.61,2025-08-18 23:16:50+00:00,33.997915,-81.030302,96.8,6.04,0.0,0.0,9.0,3D,2025-08-18 19:16:50-04:00,POINT (-81.030302 33.997915)
2025-08-18 23:16:54 UTC,sensor03,218191466,26.12,89.84,2025-08-18 23:16:55+00:00,33.997635,-81.030138,95.5,6.7,-0.3,0.0,9.0,3D,2025-08-18 19:16:55-04:00,POINT (-81.030138 33.997635)
2025-08-18 23:16:59 UTC,sensor03,218191466,26.24,89.43,2025-08-18 23:16:58+00:00,33.997487,-81.03006,94.6,6.27,-0.3,0.0,9.0,3D,2025-08-18 19:16:58-04:00,POINT (-81.03006 33.997487)
2025-08-18 23:17:05 UTC,sensor03,218191466,26.2,89.31,2025-08-18 23:17:05+00:00,33.997145,-81.029942,93.1,5.67,-0.21,164.88,9.0,3D,2025-08-18 19:17:05-04:00,POINT (-81.029942 33.997145)
2025-08-18 23:17:10 UTC,sensor03,218191466,26.26,89.23,2025-08-18 23:17:10+00:00,33.996883,-81.02983,92.3,6.28,-0.2,159.76,9.0,3D,2025-08-18 19:17:10-04:00,POINT (-81.02983 33.996883)
2025-08-18 23:17:15 UTC,sensor03,218191466,26.34,88.91,2025-08-18 23:17:15+00:00,33.996603,-81.029728,91.4,5.85,-0.1,170.01,9.0,3D,2025-08-18 19:17:15-04:00,POINT (-81.029728 33.996603)
2025-08-18 23:17:20 UTC,sensor03,218191466,26.31,88.38,2025-08-18 23:17:20+00:00,33.99639,-81.029655,93.5,3.49,0.5,140.29,9.0,3D,2025-08-18 19:17:20-04:00,POINT (-81.029655 33.99639)
2025-08-18 23:17:25 UTC,sensor03,218191466,26.33,88.49,2025-08-18 23:17:25+00:00,33.996357,-81.029493,94.7,2.79,0.1,83.04,9.0,3D,2025-08-18 19:17:25-04:00,POINT (-81.029493 33.996357)
2025-08-18 23:17:30 UTC,sensor03,218191466,26.21,89.55,2025-08-18 23:17:30+00:00,33.996385,-81.029352,95.1,3.3,0.1,79.13,9.0,3D,2025-08-18 19:17:30-04:00,POINT (-81.029352 33.996385)
2025-08-18 23:17:35 UTC,sensor03,218191466,26.3,90.13,2025-08-18 23:17:35+00:00,33.996427,-81.029178,95.4,2.71,0.0,71.58,9.0,3D,2025-08-18 19:17:35-04:00,POINT (-81.029178 33.996427)
2025-08-18 23:17:40 UTC,sensor03,218191466,26.28,89.23,2025-08-18 23:17:40+00:00,33.996447,-81.028993,95.3,3.43,0.0,76.26,9.0,3D,2025-08-18 19:17:40-04:00,POINT (-81.028993 33.996447)
2025-08-18 23:17:45 UTC,sensor03,218191466,26.13,90.26,2025-08-18 23:17:45+00:00,33.996502,-81.02878,94.9,2.98,0.0,71.06,9.0,3D,2025-08-18 19:17:45-04:00,POINT (-81.02878 33.996502)
2025-08-18 23:17:50 UTC,sensor03,218191466,26.03,90.77,2025-08-18 23:17:50+00:00,33.996608,-81.028573,95.1,4.82,0.1,60.36,9.0,3D,2025-08-18 19:17:50-04:00,POINT (-81.028573 33.996608)
2025-08-18 23:17:55 UTC,sensor03,218191466,25.98,90.37,2025-08-18 23:17:55+00:00,33.996687,-81.028353,95.1,3.82,0.0,75.53,9.0,3D,2025-08-18 19:17:55-04:00,POINT (-81.028353 33.996687)
2025-08-18 23:18:00 UTC,sensor03,218191466,26.02,90.34,2025-08-18 23:18:00+00:00,33.99676,-81.028127,96.5,2.87,0.1,73.37,9.0,3D,2025-08-18 19:18:00-04:00,POINT (-81.028127 33.99676)
2025-08-18 23:18:05 UTC,sensor03,218191466,26.03,90.0,2025-08-18 23:18:05+00:00,33.996812,-81.027942,96.4,3.33,-0.1,73.71,9.0,3D,2025-08-18 19:18:05-04:00,POINT (-81.027942 33.996812)
2025-08-18 23:18:10 UTC,sensor03,218191466,26.03,90.13,2025-08-18 23:18:11+00:00,33.996928,-81.02772,98.2,4.54,0.0,0.0,9.0,3D,2025-08-18 19:18:11-04:00,POINT (-81.02772 33.996928)
2025-08-18 23:18:15 UTC,sensor03,218191466,26.1,89.78,2025-08-18 23:18:16+00:00,33.996973,-81.027518,97.8,3.55,-0.2,0.0,9.0,3D,2025-08-18 19:18:16-04:00,POINT (-81.027518 33.996973)
2025-08-18 23:18:20 UTC,sensor03,218191466,26.18,89.68,2025-08-18 23:18:21+00:00,33.997043,-81.027303,97.3,4.48,-0.5,0.0,4.0,3D,2025-08-18 19:18:21-04:00,POINT (-81.027303 33.997043)
2025-08-18 23:18:25 UTC,sensor03,218191466,26.1,89.43,2025-08-18 23:18:26+00:00,33.997105,-81.02709,96.4,4.21,-0.2,0.0,4.0,3D,2025-08-18 19:18:26-04:00,POINT (-81.02709 33.997105)
2025-08-18 23:18:31 UTC,sensor03,218191466,26.07,89.68,2025-08-18 23:18:31+00:00,33.99714,-81.026885,96.1,4.11,0.0,0.0,9.0,3D,2025-08-18 19:18:31-04:00,POINT (-81.026885 33.99714)
2025-08-18 23:18:36 UTC,sensor03,218191466,25.96,90.52,2025-08-18 23:18:36+00:00,33.99722,-81.026658,96.3,4.0,-0.1,0.0,9.0,3D,2025-08-18 19:18:36-04:00,POINT (-81.026658 33.99722)
2025-08-18 23:18:46 UTC,sensor03,218191466,25.77,91.59,2025-08-18 23:18:46+00:00,33.997255,-81.026262,95.0,4.0,-0.2,74.25,9.0,3D,2025-08-18 19:18:46-04:00,POINT (-81.026262 33.997255)
2025-08-18 23:18:51 UTC,sensor03,218191466,25.67,92.03,2025-08-18 23:18:51+00:00,33.997333,-81.026002,94.1,5.35,-0.2,74.02,9.0,3D,2025-08-18 19:18:51-04:00,POINT (-81.026002 33.997333)
2025-08-18 23:18:56 UTC,sensor03,218191466,25.56,91.8,2025-08-18 23:18:56+00:00,33.99742,-81.025683,92.8,6.02,-0.2,72.87,10.0,3D,2025-08-18 19:18:56-04:00,POINT (-81.025683 33.99742)
2025-08-18 23:19:01 UTC,sensor03,218191466,25.56,92.65,2025-08-18 23:18:58+00:00,33.997468,-81.025558,92.3,5.88,-0.2,66.63,10.0,3D,2025-08-18 19:18:58-04:00,POINT (-81.025558 33.997468)
2025-08-18 23:19:06 UTC,sensor03,218191466,25.62,93.08,2025-08-18 23:19:06+00:00,33.997617,-81.025145,90.2,4.29,0.0,69.07,10.0,3D,2025-08-18 19:19:06-04:00,POINT (-81.025145 33.997617)
2025-08-18 23:19:21 UTC,sensor03,218191466,25.88,92.56,2025-08-18 23:19:21+00:00,33.9977,-81.024888,90.5,4.2,0.1,62.53,10.0,3D,2025-08-18 19:19:21-04:00,POINT (-81.024888 33.9977)
2025-08-18 23:19:26 UTC,sensor03,218191466,25.97,91.08,2025-08-18 23:19:26+00:00,33.997788,-81.02465,90.9,5.2,0.0,65.44,10.0,3D,2025-08-18 19:19:26-04:00,POINT (-81.02465 33.997788)
2025-08-18 23:19:31 UTC,sensor03,218191466,25.96,90.6,2025-08-18 23:19:31+00:00,33.997887,-81.024365,90.9,6.09,0.0,66.8,10.0,3D,2025-08-18 19:19:31-04:00,POINT (-81.024365 33.997887)
2025-08-18 23:19:36 UTC,sensor03,218191466,26.07,90.6,2025-08-18 23:19:36+00:00,33.997987,-81.024047,90.7,6.63,0.1,68.42,10.0,3D,2025-08-18 19:19:36-04:00,POINT (-81.024047 33.997987)
2025-08-18 23:19:41 UTC,sensor03,218191466,26.04,91.1,2025-08-18 23:19:41+00:00,33.998072,-81.023718,91.0,6.51,0.0,76.92,10.0,3D,2025-08-18 19:19:41-04:00,POINT (-81.023718 33.998072)
2025-08-18 23:19:46 UTC,sensor03,218191466,26.08,91.46,2025-08-18 23:19:46+00:00,33.998173,-81.023377,91.4,6.34,0.2,68.31,10.0,3D,2025-08-18 19:19:46-04:00,POINT (-81.023377 33.998173)
2025-08-18 23:19:51 UTC,sensor03,218191466,25.96,91.41,2025-08-18 23:19:52+00:00,33.998317,-81.02295,91.5,7.25,0.1,0.0,10.0,3D,2025-08-18 19:19:52-04:00,POINT (-81.02295 33.998317)
2025-08-18 23:19:56 UTC,sensor03,218191466,25.77,92.25,2025-08-18 23:19:57+00:00,33.998413,-81.02258,91.8,7.54,0.0,0.0,10.0,3D,2025-08-18 19:19:57-04:00,POINT (-81.02258 33.998413)
2025-08-18 23:20:01 UTC,sensor03,218191466,25.78,91.73,2025-08-18 23:20:02+00:00,33.998525,-81.02219,91.7,7.66,0.0,71.28,10.0,3D,2025-08-18 19:20:02-04:00,POINT (-81.02219 33.998525)
2025-08-18 23:20:06 UTC,sensor03,218191466,25.93,91.74,2025-08-18 23:20:07+00:00,33.998638,-81.021805,92.1,7.03,0.0,68.91,10.0,3D,2025-08-18 19:20:07-04:00,POINT (-81.021805 33.998638)
2025-08-18 23:20:12 UTC,sensor03,218191466,26.05,91.49,2025-08-18 23:20:12+00:00,33.99875,-81.021447,92.4,6.68,0.0,73.25,10.0,3D,2025-08-18 19:20:12-04:00,POINT (-81.021447 33.99875)
2025-08-18 23:20:17 UTC,sensor03,218191466,26.2,91.63,2025-08-18 23:20:17+00:00,33.998877,-81.021102,92.8,6.56,0.2,66.39,10.0,3D,2025-08-18 19:20:17-04:00,POINT (-81.021102 33.998877)
2025-08-18 23:20:22 UTC,sensor03,218191466,26.31,90.73,2025-08-18 23:20:22+00:00,33.998953,-81.020813,94.2,4.97,0.6,72.45,10.0,3D,2025-08-18 19:20:22-04:00,POINT (-81.020813 33.998953)
2025-08-18 23:20:27 UTC,sensor03,218191466,26.24,90.48,2025-08-18 23:20:27+00:00,33.999038,-81.020533,94.6,5.4,0.1,66.33,10.0,3D,2025-08-18 19:20:27-04:00,POINT (-81.020533 33.999038)
2025-08-18 23:20:32 UTC,sensor03,218191466,26.15,90.78,2025-08-18 23:20:32+00:00,33.99912,-81.020235,91.3,4.68,-0.2,71.37,10.0,3D,2025-08-18 19:20:32-04:00,POINT (-81.020235 33.99912)
2025-08-18 23:20:37 UTC,sensor03,218191466,26.2,91.34,2025-08-18 23:20:37+00:00,33.99918,-81.020018,90.9,4.25,0.0,77.32,10.0,3D,2025-08-18 19:20:37-04:00,POINT (-81.020018 33.99918)
2025-08-18 23:20:42 UTC,sensor03,218191466,26.19,90.11,2025-08-18 23:20:42+00:00,33.999247,-81.019787,90.4,4.85,0.0,68.54,10.0,3D,2025-08-18 19:20:42-04:00,POINT (-81.019787 33.999247)
2025-08-18 23:20:47 UTC,sensor03,218191466,26.23,90.69,2025-08-18 23:20:47+00:00,33.999362,-81.019507,90.2,5.79,-0.1,70.73,10.0,3D,2025-08-18 19:20:47-04:00,POINT (-81.019507 33.999362)
2025-08-18 23:20:52 UTC,sensor03,218191466,26.22,90.67,2025-08-18 23:20:52+00:00,33.999477,-81.019187,90.5,6.17,0.2,70.3,10.0,3D,2025-08-18 19:20:52-04:00,POINT (-81.019187 33.999477)
2025-08-18 23:20:57 UTC,sensor03,218191466,26.42,90.59,2025-08-18 23:20:57+00:00,33.999602,-81.018825,90.9,7.02,0.2,67.14,10.0,3D,2025-08-18 19:20:57-04:00,POINT (-81.018825 33.999602)
2025-08-18 23:21:02 UTC,sensor03,218191466,26.45,89.59,2025-08-18 23:21:00+00:00,33.999668,-81.018617,90.7,6.4,0.0,0.0,10.0,3D,2025-08-18 19:21:00-04:00,POINT (-81.018617 33.999668)
2025-08-18 23:21:07 UTC,sensor03,218191466,26.64,89.46,2025-08-18 23:21:07+00:00,33.999822,-81.018123,89.7,6.92,-0.14,68.12,10.0,3D,2025-08-18 19:21:07-04:00,POINT (-81.018123 33.999822)
2025-08-18 23:21:12 UTC,sensor03,218191466,26.73,87.24,2025-08-18 23:21:12+00:00,33.999945,-81.017772,88.6,6.84,-0.2,66.16,10.0,3D,2025-08-18 19:21:12-04:00,POINT (-81.017772 33.999945)
2025-08-18 23:21:17 UTC,sensor03,218191466,26.69,86.06,2025-08-18 23:21:18+00:00,34.000085,-81.017342,87.9,7.0,-0.1,0.0,10.0,3D,2025-08-18 19:21:18-04:00,POINT (-81.017342 34.000085)
2025-08-18 23:21:22 UTC,sensor03,218191466,26.49,86.38,2025-08-18 23:21:23+00:00,34.000132,-81.017052,85.0,3.56,-0.4,0.0,10.0,3D,2025-08-18 19:21:23-04:00,POINT (-81.017052 34.000132)
2025-08-18 23:21:27 UTC,sensor03,218191466,26.57,85.81,2025-08-18 23:21:28+00:00,33.99994,-81.01697,82.8,5.56,-0.5,173.41,10.0,3D,2025-08-18 19:21:28-04:00,POINT (-81.01697 33.99994)
2025-08-18 23:21:32 UTC,sensor03,218191466,26.6,84.98,2025-08-18 23:21:33+00:00,33.999682,-81.017057,81.2,5.73,-0.5,205.66,10.0,3D,2025-08-18 19:21:33-04:00,POINT (-81.017057 33.999682)
2025-08-18 23:21:37 UTC,sensor03,218191466,26.71,84.77,2025-08-18 23:21:38+00:00,33.999435,-81.017177,79.9,6.01,-0.4,205.38,10.0,3D,2025-08-18 19:21:38-04:00,POINT (-81.017177 33.999435)
2025-08-18 23:21:43 UTC,sensor03,218191466,26.77,83.91,2025-08-18 23:21:43+00:00,33.999173,-81.017293,79.3,5.59,-0.5,199.91,10.0,3D,2025-08-18 19:21:43-04:00,POINT (-81.017293 33.999173)
2025-08-18 23:21:48 UTC,sensor03,218191466,26.92,84.03,2025-08-18 23:21:48+00:00,33.998942,-81.017415,77.4,5.56,0.1,199.2,10.0,3D,2025-08-18 19:21:48-04:00,POINT (-81.017415 33.998942)
2025-08-18 23:21:53 UTC,sensor03,218191466,26.9,85.0,2025-08-18 23:21:53+00:00,33.998728,-81.01751,76.0,3.77,-0.5,196.97,10.0,3D,2025-08-18 19:21:53-04:00,POINT (-81.01751 33.998728)
2025-08-18 23:22:33 UTC,sensor03,218191466,26.9,86.01,2025-08-18 23:22:33+00:00,33.99853,-81.017585,79.4,4.33,0.5,201.34,10.0,3D,2025-08-18 19:22:33-04:00,POINT (-81.017585 33.99853)
2025-08-18 23:22:38 UTC,sensor03,218191466,26.98,87.53,2025-08-18 23:22:38+00:00,33.998258,-81.017718,81.8,7.5,0.5,203.33,10.0,3D,2025-08-18 19:22:38-04:00,POINT (-81.017718 33.998258)
2025-08-18 23:22:43 UTC,sensor03,218191466,26.63,87.98,2025-08-18 23:22:44+00:00,33.997852,-81.017927,84.1,8.41,0.4,0.0,10.0,3D,2025-08-18 19:22:44-04:00,POINT (-81.017927 33.997852)
2025-08-18 23:22:48 UTC,sensor03,218191466,26.36,89.89,2025-08-18 23:22:49+00:00,33.997507,-81.01806,85.6,8.3,0.3,0.0,10.0,3D,2025-08-18 19:22:49-04:00,POINT (-81.01806 33.997507)
2025-08-18 23:22:53 UTC,sensor03,218191466,26.28,90.78,2025-08-18 23:22:54+00:00,33.997168,-81.018232,86.4,8.37,0.4,204.12,10.0,3D,2025-08-18 19:22:54-04:00,POINT (-81.018232 33.997168)
2025-08-18 23:22:58 UTC,sensor03,218191466,26.13,91.66,2025-08-18 23:22:59+00:00,33.99683,-81.018375,89.1,7.19,0.5,193.44,10.0,3D,2025-08-18 19:22:59-04:00,POINT (-81.018375 33.99683)
2025-08-18 23:23:03 UTC,sensor03,218191466,26.04,91.55,2025-08-18 23:23:01+00:00,33.9967,-81.018372,90.5,7.24,0.8,0.0,10.0,3D,2025-08-18 19:23:01-04:00,POINT (-81.018372 33.9967)
2025-08-18 23:23:09 UTC,sensor03,218191466,26.01,91.83,2025-08-18 23:23:09+00:00,33.996205,-81.018268,95.3,6.73,0.8,163.55,10.0,3D,2025-08-18 19:23:09-04:00,POINT (-81.018268 33.996205)
2025-08-18 23:23:14 UTC,sensor03,218191466,25.99,92.14,2025-08-18 23:23:14+00:00,33.995935,-81.018158,98.7,6.13,0.6,156.82,10.0,3D,2025-08-18 19:23:14-04:00,POINT (-81.018158 33.995935)
2025-08-18 23:23:19 UTC,sensor03,218191466,25.89,92.32,2025-08-18 23:23:19+00:00,33.995682,-81.017998,101.6,6.03,0.6,146.54,10.0,3D,2025-08-18 19:23:19-04:00,POINT (-81.017998 33.995682)
2025-08-18 23:23:24 UTC,sensor03,218191466,25.81,92.49,2025-08-18 23:23:24+00:00,33.995457,-81.0178,104.6,6.18,0.6,143.1,10.0,3D,2025-08-18 19:23:24-04:00,POINT (-81.0178 33.995457)
2025-08-18 23:23:29 UTC,sensor03,218191466,25.63,92.8,2025-08-18 23:23:29+00:00,33.995275,-81.017605,107.8,4.99,0.7,133.37,10.0,3D,2025-08-18 19:23:29-04:00,POINT (-81.017605 33.995275)
2025-08-18 23:23:34 UTC,sensor03,218191466,25.61,93.72,2025-08-18 23:23:34+00:00,33.995088,-81.017412,110.6,5.5,0.1,144.67,10.0,3D,2025-08-18 19:23:34-04:00,POINT (-81.017412 33.995088)
2025-08-18 23:23:39 UTC,sensor03,218191466,25.57,93.38,2025-08-18 23:23:39+00:00,33.994867,-81.017235,111.7,5.58,0.3,149.12,10.0,3D,2025-08-18 19:23:39-04:00,POINT (-81.017235 33.994867)
2025-08-18 23:23:44 UTC,sensor03,218191466,25.59,93.49,2025-08-18 23:23:44+00:00,33.994692,-81.017058,110.9,6.04,-1.6,137.97,10.0,3D,2025-08-18 19:23:44-04:00,POINT (-81.017058 33.994692)
2025-08-18 23:23:49 UTC,sensor03,218191466,25.5,93.64,2025-08-18 23:23:49+00:00,33.994488,-81.01679,110.4,7.17,0.5,138.47,10.0,3D,2025-08-18 19:23:49-04:00,POINT (-81.01679 33.994488)
2025-08-18 23:23:54 UTC,sensor03,218191466,25.52,94.0,2025-08-18 23:23:54+00:00,33.994213,-81.016523,112.5,6.93,0.4,143.52,10.0,3D,2025-08-18 19:23:54-04:00,POINT (-81.016523 33.994213)
2025-08-18 23:23:59 UTC,sensor03,218191466,25.53,94.3,2025-08-18 23:23:59+00:00,33.993973,-81.016297,113.3,6.94,-0.2,144.12,10.0,3D,2025-08-18 19:23:59-04:00,POINT (-81.016297 33.993973)
2025-08-18 23:24:04 UTC,sensor03,218191466,25.53,95.11,2025-08-18 23:24:05+00:00,33.993707,-81.016027,114.4,6.06,-0.1,0.0,10.0,3D,2025-08-18 19:24:05-04:00,POINT (-81.016027 33.993707)
2025-08-18 23:24:09 UTC,sensor03,218191466,25.52,95.2,2025-08-18 23:24:10+00:00,33.993487,-81.01583,113.2,6.01,-0.5,0.0,10.0,3D,2025-08-18 19:24:10-04:00,POINT (-81.01583 33.993487)
2025-08-18 23:24:14 UTC,sensor03,218191466,25.54,94.66,2025-08-18 23:24:15+00:00,33.993247,-81.015597,111.4,7.46,-0.3,0.0,10.0,3D,2025-08-18 19:24:15-04:00,POINT (-81.015597 33.993247)
2025-08-18 23:24:19 UTC,sensor03,218191466,25.56,94.63,2025-08-18 23:24:20+00:00,33.992993,-81.015353,111.0,6.84,0.1,147.88,10.0,3D,2025-08-18 19:24:20-04:00,POINT (-81.015353 33.992993)
2025-08-18 23:24:24 UTC,sensor03,218191466,25.59,94.69,2025-08-18 23:24:25+00:00,33.992733,-81.015153,110.7,6.5,0.1,142.94,10.0,3D,2025-08-18 19:24:25-04:00,POINT (-81.015153 33.992733)
2025-08-18 23:24:29 UTC,sensor03,218191466,25.58,95.24,2025-08-18 23:24:30+00:00,33.992495,-81.014992,110.0,5.39,-0.2,156.53,10.0,3D,2025-08-18 19:24:30-04:00,POINT (-81.014992 33.992495)
2025-08-18 23:24:34 UTC,sensor03,218191466,25.52,95.39,2025-08-18 23:24:35+00:00,33.992238,-81.014867,110.1,6.04,0.1,155.65,10.0,3D,2025-08-18 19:24:35-04:00,POINT (-81.014867 33.992238)
2025-08-18 23:24:39 UTC,sensor03,218191466,25.54,95.33,2025-08-18 23:24:40+00:00,33.991985,-81.014755,109.0,5.49,-0.3,158.81,10.0,3D,2025-08-18 19:24:40-04:00,POINT (-81.014755 33.991985)
2025-08-18 23:24:45 UTC,sensor03,218191466,25.56,95.78,2025-08-18 23:24:45+00:00,33.991755,-81.014645,108.3,4.67,-0.3,155.72,10.0,3D,2025-08-18 19:24:45-04:00,POINT (-81.014645 33.991755)
2025-08-18 23:24:50 UTC,sensor03,218191466,25.48,94.8,2025-08-18 23:24:50+00:00,33.991542,-81.014582,105.2,4.43,-0.4,167.05,10.0,3D,2025-08-18 19:24:50-04:00,POINT (-81.014582 33.991542)
2025-08-18 23:24:55 UTC,sensor03,218191466,25.42,94.74,2025-08-18 23:24:55+00:00,33.99132,-81.014507,104.2,4.54,-0.3,171.84,10.0,3D,2025-08-18 19:24:55-04:00,POINT (-81.014507 33.99132)
2025-08-18 23:25:00 UTC,sensor03,218191466,25.45,94.88,2025-08-18 23:25:00+00:00,33.991102,-81.014435,102.9,4.25,-0.3,167.19,10.0,3D,2025-08-18 19:25:00-04:00,POINT (-81.014435 33.991102)
2025-08-18 23:25:05 UTC,sensor03,218191466,25.34,95.5,2025-08-18 23:25:02+00:00,33.991022,-81.014408,102.5,4.53,-0.3,0.0,10.0,3D,2025-08-18 19:25:02-04:00,POINT (-81.014408 33.991022)
2025-08-18 23:25:10 UTC,sensor03,218191466,25.32,95.6,2025-08-18 23:25:10+00:00,33.990698,-81.014277,100.2,4.36,-0.1,167.99,10.0,3D,2025-08-18 19:25:10-04:00,POINT (-81.014277 33.990698)
2025-08-18 23:25:15 UTC,sensor03,218191466,25.44,96.35,2025-08-18 23:25:15+00:00,33.990457,-81.014155,99.4,5.11,-0.2,162.32,10.0,3D,2025-08-18 19:25:15-04:00,POINT (-81.014155 33.990457)
2025-08-18 23:25:20 UTC,sensor03,218191466,25.42,95.68,2025-08-18 23:25:20+00:00,33.99019,-81.01404,99.1,6.04,-0.2,164.18,10.0,3D,2025-08-18 19:25:20-04:00,POINT (-81.01404 33.99019)
2025-08-18 23:25:25 UTC,sensor03,218191466,25.37,95.57,2025-08-18 23:25:25+00:00,33.989898,-81.013895,98.2,5.88,-0.1,162.43,10.0,3D,2025-08-18 19:25:25-04:00,POINT (-81.013895 33.989898)
2025-08-18 23:25:30 UTC,sensor03,218191466,25.37,95.44,2025-08-18 23:25:30+00:00,33.989588,-81.01375,96.6,6.32,-0.3,157.43,10.0,3D,2025-08-18 19:25:30-04:00,POINT (-81.01375 33.989588)
2025-08-18 23:25:35 UTC,sensor03,218191466,25.43,95.25,2025-08-18 23:25:35+00:00,33.989278,-81.013607,94.6,6.86,-0.3,161.99,10.0,3D,2025-08-18 19:25:35-04:00,POINT (-81.013607 33.989278)
2025-08-18 23:25:40 UTC,sensor03,218191466,25.46,95.33,2025-08-18 23:25:40+00:00,33.988988,-81.013485,93.0,5.93,-0.4,160.93,10.0,3D,2025-08-18 19:25:40-04:00,POINT (-81.013485 33.988988)
2025-08-18 23:25:45 UTC,sensor03,218191466,25.42,95.26,2025-08-18 23:25:45+00:00,33.988693,-81.013347,92.8,6.75,-0.1,159.12,10.0,3D,2025-08-18 19:25:45-04:00,POINT (-81.013347 33.988693)
2025-08-18 23:25:50 UTC,sensor03,218191466,25.43,95.56,2025-08-18 23:25:51+00:00,33.988323,-81.013178,92.7,8.1,0.1,0.0,10.0,3D,2025-08-18 19:25:51-04:00,POINT (-81.013178 33.988323)
2025-08-18 23:25:55 UTC,sensor03,218191466,25.37,95.51,2025-08-18 23:25:56+00:00,33.988012,-81.013038,92.7,7.62,0.0,0.0,10.0,3D,2025-08-18 19:25:56-04:00,POINT (-81.013038 33.988012)
2025-08-18 23:26:00 UTC,sensor03,218191466,25.32,95.74,2025-08-18 23:26:01+00:00,33.987693,-81.012878,92.6,7.84,0.0,0.0,4.0,3D,2025-08-18 19:26:01-04:00,POINT (-81.012878 33.987693)
2025-08-18 23:26:05 UTC,sensor03,218191466,25.24,95.47,2025-08-18 23:26:06+00:00,33.987388,-81.01272,91.5,6.35,-0.3,0.0,8.0,3D,2025-08-18 19:26:06-04:00,POINT (-81.01272 33.987388)
2025-08-18 23:26:10 UTC,sensor03,218191466,25.33,95.88,2025-08-18 23:26:11+00:00,33.987115,-81.01262,90.3,6.55,-0.2,0.0,10.0,3D,2025-08-18 19:26:11-04:00,POINT (-81.01262 33.987115)
2025-08-18 23:26:15 UTC,sensor03,218191466,25.36,95.91,2025-08-18 23:26:16+00:00,33.986787,-81.012493,90.0,7.38,-0.2,160.74,10.0,3D,2025-08-18 19:26:16-04:00,POINT (-81.012493 33.986787)
2025-08-18 23:26:20 UTC,sensor03,218191466,25.4,95.01,2025-08-18 23:26:21+00:00,33.98645,-81.012338,89.3,7.22,-0.2,159.53,10.0,3D,2025-08-18 19:26:21-04:00,POINT (-81.012338 33.98645)
2025-08-18 23:26:26 UTC,sensor03,218191466,25.32,94.96,2025-08-18 23:26:26+00:00,33.986153,-81.012215,89.7,6.66,0.1,167.88,10.0,3D,2025-08-18 19:26:26-04:00,POINT (-81.012215 33.986153)
2025-08-18 23:26:31 UTC,sensor03,218191466,25.29,94.81,2025-08-18 23:26:31+00:00,33.985817,-81.012055,89.0,6.8,-0.3,155.3,10.0,3D,2025-08-18 19:26:31-04:00,POINT (-81.012055 33.985817)
2025-08-18 23:26:36 UTC,sensor03,218191466,25.28,94.31,2025-08-18 23:26:36+00:00,33.985572,-81.01193,90.4,4.6,3.0,154.18,10.0,3D,2025-08-18 19:26:36-04:00,POINT (-81.01193 33.985572)
2025-08-18 23:27:01 UTC,sensor03,218191466,25.58,93.37,2025-08-18 23:27:01+00:00,33.985358,-81.011798,91.8,4.9,0.2,157.43,10.0,3D,2025-08-18 19:27:01-04:00,POINT (-81.011798 33.985358)
2025-08-18 23:27:06 UTC,sensor03,218191466,25.74,92.75,2025-08-18 23:27:06+00:00,33.985088,-81.011668,93.3,6.72,0.33,158.44,10.0,3D,2025-08-18 19:27:06-04:00,POINT (-81.011668 33.985088)
2025-08-18 23:27:11 UTC,sensor03,218191466,25.85,92.64,2025-08-18 23:27:11+00:00,33.984813,-81.011543,95.2,6.63,0.4,156.56,10.0,3D,2025-08-18 19:27:11-04:00,POINT (-81.011543 33.984813)
2025-08-18 23:27:16 UTC,sensor03,218191466,25.71,92.41,2025-08-18 23:27:17+00:00,33.984485,-81.011367,97.6,6.7,0.4,0.0,10.0,3D,2025-08-18 19:27:17-04:00,POINT (-81.011367 33.984485)
2025-08-18 23:27:21 UTC,sensor03,218191466,25.55,92.7,2025-08-18 23:27:22+00:00,33.984175,-81.01124,99.4,7.57,0.4,0.0,10.0,3D,2025-08-18 19:27:22-04:00,POINT (-81.01124 33.984175)
2025-08-18 23:27:26 UTC,sensor03,218191466,25.41,93.69,2025-08-18 23:27:27+00:00,33.983833,-81.011087,100.7,8.7,0.3,0.0,10.0,3D,2025-08-18 19:27:27-04:00,POINT (-81.011087 33.983833)
2025-08-18 23:27:31 UTC,sensor03,218191466,25.3,94.99,2025-08-18 23:27:32+00:00,33.983452,-81.01091,101.8,8.22,0.3,155.21,10.0,3D,2025-08-18 19:27:32-04:00,POINT (-81.01091 33.983452)
2025-08-18 23:27:36 UTC,sensor03,218191466,25.27,95.94,2025-08-18 23:27:37+00:00,33.983047,-81.010687,102.3,8.15,0.1,159.46,10.0,3D,2025-08-18 19:27:37-04:00,POINT (-81.010687 33.983047)
2025-08-18 23:27:41 UTC,sensor03,218191466,25.25,96.09,2025-08-18 23:27:42+00:00,33.982687,-81.01053,102.8,7.94,0.0,158.18,10.0,3D,2025-08-18 19:27:42-04:00,POINT (-81.01053 33.982687)
2025-08-18 23:27:46 UTC,sensor03,218191466,25.15,95.28,2025-08-18 23:27:47+00:00,33.982315,-81.010353,103.1,8.57,-0.1,157.89,10.0,3D,2025-08-18 19:27:47-04:00,POINT (-81.010353 33.982315)
2025-08-18 23:27:51 UTC,sensor03,218191466,25.08,95.03,2025-08-18 23:27:52+00:00,33.982015,-81.010122,101.6,7.83,0.2,121.32,10.0,3D,2025-08-18 19:27:52-04:00,POINT (-81.010122 33.982015)
2025-08-18 23:27:57 UTC,sensor03,218191466,25.1,95.68,2025-08-18 23:27:57+00:00,33.981898,-81.009723,102.1,7.57,0.1,104.07,10.0,3D,2025-08-18 19:27:57-04:00,POINT (-81.009723 33.981898)
2025-08-18 23:28:02 UTC,sensor03,218191466,25.21,96.55,2025-08-18 23:28:02+00:00,33.981825,-81.009363,102.3,6.95,0.0,104.42,10.0,3D,2025-08-18 19:28:02-04:00,POINT (-81.009363 33.981825)
2025-08-18 23:28:07 UTC,sensor03,218191466,25.2,96.59,2025-08-18 23:28:07+00:00,33.98174,-81.009063,103.2,5.79,0.2,111.87,10.0,3D,2025-08-18 19:28:07-04:00,POINT (-81.009063 33.98174)
2025-08-18 23:28:12 UTC,sensor03,218191466,25.16,96.13,2025-08-18 23:28:12+00:00,33.98171,-81.008793,105.0,5.88,0.4,104.17,10.0,3D,2025-08-18 19:28:12-04:00,POINT (-81.008793 33.98171)
2025-08-18 23:28:17 UTC,sensor03,218191466,25.19,96.17,2025-08-18 23:28:17+00:00,33.981655,-81.008495,105.5,5.47,0.3,103.8,10.0,3D,2025-08-18 19:28:17-04:00,POINT (-81.008495 33.981655)
2025-08-18 23:28:22 UTC,sensor03,218191466,25.19,95.95,2025-08-18 23:28:22+00:00,33.98154,-81.008203,104.4,6.34,0.3,121.55,10.0,3D,2025-08-18 19:28:22-04:00,POINT (-81.008203 33.98154)
2025-08-18 23:28:27 UTC,sensor03,218191466,25.22,96.05,2025-08-18 23:28:27+00:00,33.981395,-81.007925,105.4,6.76,0.1,122.73,9.0,3D,2025-08-18 19:28:27-04:00,POINT (-81.007925 33.981395)
2025-08-18 23:28:32 UTC,sensor03,218191466,25.12,95.83,2025-08-18 23:28:32+00:00,33.981267,-81.007682,106.4,6.27,0.2,123.15,9.0,3D,2025-08-18 19:28:32-04:00,POINT (-81.007682 33.981267)
2025-08-18 23:28:37 UTC,sensor03,218191466,25.08,96.04,2025-08-18 23:28:37+00:00,33.981122,-81.007403,106.7,6.5,0.0,119.13,9.0,3D,2025-08-18 19:28:37-04:00,POINT (-81.007403 33.981122)
2025-08-18 23:28:42 UTC,sensor03,218191466,25.18,96.7,2025-08-18 23:28:43+00:00,33.98094,-81.007063,106.9,6.79,0.0,0.0,9.0,3D,2025-08-18 19:28:43-04:00,POINT (-81.007063 33.98094)
2025-08-18 23:28:47 UTC,sensor03,218191466,25.23,96.15,2025-08-18 23:28:48+00:00,33.980795,-81.006723,104.4,7.77,-0.4,0.0,9.0,3D,2025-08-18 19:28:48-04:00,POINT (-81.006723 33.980795)
2025-08-18 23:28:52 UTC,sensor03,218191466,25.22,96.48,2025-08-18 23:28:53+00:00,33.980653,-81.006448,102.7,6.69,-1.2,0.0,9.0,3D,2025-08-18 19:28:53-04:00,POINT (-81.006448 33.980653)
2025-08-18 23:28:57 UTC,sensor03,218191466,25.15,96.74,2025-08-18 23:28:58+00:00,33.980508,-81.00616,102.0,5.91,-0.5,122.57,9.0,3D,2025-08-18 19:28:58-04:00,POINT (-81.00616 33.980508)
2025-08-18 23:29:02 UTC,sensor03,218191466,25.23,95.32,2025-08-18 23:29:03+00:00,33.980312,-81.005825,101.1,6.27,-0.1,117.6,9.0,3D,2025-08-18 19:29:03-04:00,POINT (-81.005825 33.980312)
2025-08-18 23:29:07 UTC,sensor03,218191466,25.25,94.33,2025-08-18 23:29:08+00:00,33.980132,-81.00547,101.2,6.73,0.2,116.48,9.0,3D,2025-08-18 19:29:08-04:00,POINT (-81.00547 33.980132)
2025-08-18 23:29:12 UTC,sensor03,218191466,25.38,95.01,2025-08-18 23:29:13+00:00,33.97999,-81.005147,101.2,5.85,0.1,112.4,9.0,3D,2025-08-18 19:29:13-04:00,POINT (-81.005147 33.97999)
2025-08-18 23:29:17 UTC,sensor03,218191466,25.41,95.41,2025-08-18 23:29:18+00:00,33.97986,-81.004902,102.7,4.77,0.4,120.15,9.0,3D,2025-08-18 19:29:18-04:00,POINT (-81.004902 33.97986)
2025-08-18 23:29:22 UTC,sensor03,218191466,25.38,95.23,2025-08-18 23:29:23+00:00,33.97977,-81.004718,104.6,3.52,-0.3,116.43,9.0,3D,2025-08-18 19:29:23-04:00,POINT (-81.004718 33.97977)
2025-08-18 23:29:27 UTC,sensor03,218191466,25.45,94.79,2025-08-18 23:29:28+00:00,33.979715,-81.004587,104.3,2.93,-0.9,114.07,9.0,3D,2025-08-18 19:29:28-04:00,POINT (-81.004587 33.979715)
2025-08-18 23:29:33 UTC,sensor03,218191466,25.42,94.7,2025-08-18 23:29:33+00:00,33.979632,-81.00441,102.2,3.57,-0.3,119.4,9.0,3D,2025-08-18 19:29:33-04:00,POINT (-81.00441 33.979632)
2025-08-18 23:29:38 UTC,sensor03,218191466,25.37,94.68,2025-08-18 23:29:38+00:00,33.979497,-81.004163,101.9,5.77,0.0,125.5,9.0,3D,2025-08-18 19:29:38-04:00,POINT (-81.004163 33.979497)
2025-08-18 23:29:43 UTC,sensor03,218191466,25.29,95.31,2025-08-18 23:29:43+00:00,33.979312,-81.003795,100.1,6.91,0.4,121.33,9.0,3D,2025-08-18 19:29:43-04:00,POINT (-81.003795 33.979312)
2025-08-18 23:29:48 UTC,sensor03,218191466,25.28,95.57,2025-08-18 23:29:48+00:00,33.979153,-81.003472,99.1,5.33,-0.4,121.48,9.0,3D,2025-08-18 19:29:48-04:00,POINT (-81.003472 33.979153)
2025-08-18 23:29:53 UTC,sensor03,218191466,25.36,94.37,2025-08-18 23:29:53+00:00,33.979035,-81.00321,97.5,5.6,0.1,118.82,9.0,3D,2025-08-18 19:29:53-04:00,POINT (-81.00321 33.979035)
2025-08-18 23:29:58 UTC,sensor03,218191466,25.42,93.43,2025-08-18 23:29:58+00:00,33.978915,-81.00297,97.2,4.57,-0.1,120.38,9.0,3D,2025-08-18 19:29:58-04:00,POINT (-81.00297 33.978915)
2025-08-18 23:30:03 UTC,sensor03,218191466,25.41,93.0,2025-08-18 23:30:03+00:00,33.978798,-81.002748,94.4,4.52,-0.4,121.01,9.0,3D,2025-08-18 19:30:03-04:00,POINT (-81.002748 33.978798)
2025-08-18 23:30:08 UTC,sensor03,218191466,25.48,93.36,2025-08-18 23:30:08+00:00,33.9787,-81.002545,94.8,4.72,0.0,118.74,9.0,3D,2025-08-18 19:30:08-04:00,POINT (-81.002545 33.9787)
2025-08-18 23:30:13 UTC,sensor03,218191466,25.5,92.67,2025-08-18 23:30:13+00:00,33.978537,-81.002253,94.7,4.17,0.0,119.72,9.0,3D,2025-08-18 19:30:13-04:00,POINT (-81.002253 33.978537)
2025-08-18 23:30:18 UTC,sensor03,218191466,25.6,92.94,2025-08-18 23:30:19+00:00,33.978377,-81.001968,90.9,4.73,-0.2,0.0,9.0,3D,2025-08-18 19:30:19-04:00,POINT (-81.001968 33.978377)
2025-08-18 23:30:23 UTC,sensor03,218191466,25.55,92.57,2025-08-18 23:30:24+00:00,33.978255,-81.001703,87.3,5.95,-0.6,0.0,9.0,3D,2025-08-18 19:30:24-04:00,POINT (-81.001703 33.978255)
2025-08-18 23:30:28 UTC,sensor03,218191466,25.52,92.15,2025-08-18 23:30:29+00:00,33.978077,-81.00152,85.3,4.62,-0.4,182.4,9.0,3D,2025-08-18 19:30:29-04:00,POINT (-81.00152 33.978077)
2025-08-18 23:30:33 UTC,sensor03,218191466,25.54,92.2,2025-08-18 23:30:34+00:00,33.977868,-81.001608,82.4,5.83,-0.7,211.53,9.0,3D,2025-08-18 19:30:34-04:00,POINT (-81.001608 33.977868)
2025-08-18 23:30:38 UTC,sensor03,218191466,25.66,91.64,2025-08-18 23:30:39+00:00,33.977623,-81.001777,78.8,6.24,-0.5,212.65,9.0,3D,2025-08-18 19:30:39-04:00,POINT (-81.001777 33.977623)
2025-08-18 23:30:43 UTC,sensor03,218191466,25.69,92.24,2025-08-18 23:30:44+00:00,33.977332,-81.001883,76.4,6.65,-0.4,176.04,9.0,3D,2025-08-18 19:30:44-04:00,POINT (-81.001883 33.977332)
2025-08-18 23:30:48 UTC,sensor03,218191466,25.84,91.08,2025-08-18 23:30:49+00:00,33.977065,-81.001672,74.3,7.08,-0.5,130.6,9.0,3D,2025-08-18 19:30:49-04:00,POINT (-81.001672 33.977065)
2025-08-18 23:30:53 UTC,sensor03,218191466,26.03,90.68,2025-08-18 23:30:54+00:00,33.976855,-81.001347,72.1,7.33,-0.3,130.84,9.0,3D,2025-08-18 19:30:54-04:00,POINT (-81.001347 33.976855)
2025-08-18 23:30:58 UTC,sensor03,218191466,26.01,90.85,2025-08-18 23:30:59+00:00,33.976638,-81.001013,70.2,7.76,-0.2,126.32,9.0,3D,2025-08-18 19:30:59-04:00,POINT (-81.001013 33.976638)
2025-08-18 23:31:03 UTC,sensor03,218191466,25.98,91.29,2025-08-18 23:31:03+00:00,33.976467,-81.000738,69.1,7.69,-0.3,127.37,9.0,3D,2025-08-18 19:31:03-04:00,POINT (-81.000738 33.976467)
2025-08-18 23:31:08 UTC,sensor03,218191466,25.96,92.05,2025-08-18 23:31:07+00:00,33.976293,-81.000467,68.2,7.63,0.0,130.1,10.0,3D,2025-08-18 19:31:07-04:00,POINT (-81.000467 33.976293)
2025-08-18 23:31:14 UTC,sensor03,218191466,25.9,92.0,2025-08-18 23:31:14+00:00,33.97601,-80.999977,67.4,7.43,-0.3,124.41,9.0,3D,2025-08-18 19:31:14-04:00,POINT (-80.999977 33.97601)
2025-08-18 23:31:19 UTC,sensor03,218191466,25.9,92.07,2025-08-18 23:31:19+00:00,33.975825,-80.999672,64.0,6.96,0.3,123.71,9.0,3D,2025-08-18 19:31:19-04:00,POINT (-80.999672 33.975825)
2025-08-18 23:31:24 UTC,sensor03,218191466,25.83,91.95,2025-08-18 23:31:24+00:00,33.975627,-80.999355,68.2,7.44,0.4,126.37,9.0,3D,2025-08-18 19:31:24-04:00,POINT (-80.999355 33.975627)
2025-08-18 23:31:29 UTC,sensor03,218191466,25.88,92.17,2025-08-18 23:31:29+00:00,33.975435,-80.999035,69.5,7.22,0.2,124.13,9.0,3D,2025-08-18 19:31:29-04:00,POINT (-80.999035 33.975435)
2025-08-18 23:31:34 UTC,sensor03,218191466,25.82,91.61,2025-08-18 23:31:34+00:00,33.975258,-80.99873,69.9,7.11,0.0,124.71,9.0,3D,2025-08-18 19:31:34-04:00,POINT (-80.99873 33.975258)
2025-08-18 23:31:39 UTC,sensor03,218191466,25.83,91.29,2025-08-18 23:31:39+00:00,33.975077,-80.998428,70.1,7.44,0.1,124.17,9.0,3D,2025-08-18 19:31:39-04:00,POINT (-80.998428 33.975077)
2025-08-18 23:31:44 UTC,sensor03,218191466,25.79,91.37,2025-08-18 23:31:44+00:00,33.9749,-80.998108,70.9,7.2,0.2,124.12,9.0,3D,2025-08-18 19:31:44-04:00,POINT (-80.998108 33.9749)
2025-08-18 23:31:49 UTC,sensor03,218191466,25.65,92.86,2025-08-18 23:31:49+00:00,33.974712,-80.997798,72.1,7.34,0.4,124.88,9.0,3D,2025-08-18 19:31:49-04:00,POINT (-80.997798 33.974712)
2025-08-18 23:31:54 UTC,sensor03,218191466,25.56,93.58,2025-08-18 23:31:54+00:00,33.974532,-80.997492,73.5,7.2,0.3,125.15,9.0,3D,2025-08-18 19:31:54-04:00,POINT (-80.997492 33.974532)
2025-08-18 23:31:59 UTC,sensor03,218191466,25.47,93.84,2025-08-18 23:31:59+00:00,33.974342,-80.997188,74.3,7.69,0.1,124.83,9.0,3D,2025-08-18 19:31:59-04:00,POINT (-80.997188 33.974342)
2025-08-18 23:32:04 UTC,sensor03,218191466,25.41,94.31,2025-08-18 23:32:05+00:00,33.974113,-80.996808,74.4,7.23,0.2,0.0,9.0,3D,2025-08-18 19:32:05-04:00,POINT (-80.996808 33.974113)
2025-08-18 23:32:09 UTC,sensor03,218191466,25.34,94.31,2025-08-18 23:32:10+00:00,33.97392,-80.996508,77.1,6.75,0.2,0.0,9.0,3D,2025-08-18 19:32:10-04:00,POINT (-80.996508 33.97392)
2025-08-18 23:32:14 UTC,sensor03,218191466,25.37,94.44,2025-08-18 23:32:15+00:00,33.973737,-80.996208,72.2,7.36,0.4,0.0,9.0,3D,2025-08-18 19:32:15-04:00,POINT (-80.996208 33.973737)
2025-08-18 23:32:19 UTC,sensor03,218191466,25.32,94.77,2025-08-18 23:32:20+00:00,33.973545,-80.99589,74.6,7.4,0.7,126.86,9.0,3D,2025-08-18 19:32:20-04:00,POINT (-80.99589 33.973545)
2025-08-18 23:32:24 UTC,sensor03,218191466,25.41,95.06,2025-08-18 23:32:25+00:00,33.973355,-80.99558,76.4,7.49,0.2,125.01,9.0,3D,2025-08-18 19:32:25-04:00,POINT (-80.99558 33.973355)
2025-08-18 23:32:29 UTC,sensor03,218191466,25.53,95.43,2025-08-18 23:32:30+00:00,33.973173,-80.995268,77.8,7.17,0.0,125.71,9.0,3D,2025-08-18 19:32:30-04:00,POINT (-80.995268 33.973173)
2025-08-18 23:32:34 UTC,sensor03,218191466,25.59,93.79,2025-08-18 23:32:35+00:00,33.97299,-80.994963,78.8,7.18,0.0,124.9,9.0,3D,2025-08-18 19:32:35-04:00,POINT (-80.994963 33.97299)
2025-08-18 23:32:39 UTC,sensor03,218191466,25.66,92.67,2025-08-18 23:32:40+00:00,33.972808,-80.994652,77.4,7.2,-0.3,125.95,9.0,3D,2025-08-18 19:32:40-04:00,POINT (-80.994652 33.972808)
2025-08-18 23:32:44 UTC,sensor03,218191466,25.76,91.78,2025-08-18 23:32:45+00:00,33.972628,-80.994337,76.5,7.67,-0.1,125.35,9.0,3D,2025-08-18 19:32:45-04:00,POINT (-80.994337 33.972628)
2025-08-18 23:32:49 UTC,sensor03,218191466,25.91,90.4,2025-08-18 23:32:50+00:00,33.972448,-80.994012,75.7,7.37,-0.3,122.07,9.0,3D,2025-08-18 19:32:50-04:00,POINT (-80.994012 33.972448)
2025-08-18 23:32:54 UTC,sensor03,218191466,25.95,90.0,2025-08-18 23:32:55+00:00,33.9723,-80.993668,75.1,6.85,0.4,113.41,9.0,3D,2025-08-18 19:32:55-04:00,POINT (-80.993668 33.9723)
2025-08-18 23:32:59 UTC,sensor03,218191466,25.96,89.28,2025-08-18 23:33:00+00:00,33.972197,-80.993338,71.6,6.53,-1.9,108.48,9.0,3D,2025-08-18 19:33:00-04:00,POINT (-80.993338 33.972197)
2025-08-18 23:33:04 UTC,sensor03,218191466,25.93,88.58,2025-08-18 23:33:03+00:00,33.972162,-80.993158,68.1,5.83,-0.1,100.9,9.0,3D,2025-08-18 19:33:03-04:00,POINT (-80.993158 33.972162)
2025-08-18 23:33:10 UTC,sensor03,218191466,25.92,89.4,2025-08-18 23:33:10+00:00,33.972007,-80.993007,67.1,4.86,-0.4,191.33,9.0,3D,2025-08-18 19:33:10-04:00,POINT (-80.993007 33.972007)
2025-08-18 23:33:15 UTC,sensor03,218191466,25.87,90.53,2025-08-18 23:33:15+00:00,33.971725,-80.993067,66.8,6.77,-0.2,186.96,9.0,3D,2025-08-18 19:33:15-04:00,POINT (-80.993067 33.971725)
2025-08-18 23:33:20 UTC,sensor03,218191466,25.93,90.57,2025-08-18 23:33:20+00:00,33.971405,-80.993108,65.7,7.04,-0.4,177.63,9.0,3D,2025-08-18 19:33:20-04:00,POINT (-80.993108 33.971405)
2025-08-18 23:33:25 UTC,sensor03,218191466,25.93,91.35,2025-08-18 23:33:25+00:00,33.971168,-80.99292,65.0,6.16,-0.1,117.28,9.0,3D,2025-08-18 19:33:25-04:00,POINT (-80.99292 33.971168)
2025-08-18 23:33:30 UTC,sensor03,218191466,25.89,90.73,2025-08-18 23:33:30+00:00,33.970995,-80.99256,64.3,8.17,-0.1,120.91,9.0,3D,2025-08-18 19:33:30-04:00,POINT (-80.99256 33.970995)
2025-08-18 23:33:35 UTC,sensor03,218191466,25.94,89.1,2025-08-18 23:33:35+00:00,33.970775,-80.992187,63.5,8.7,-0.2,124.63,9.0,3D,2025-08-18 19:33:35-04:00,POINT (-80.992187 33.970775)
2025-08-18 23:33:40 UTC,sensor03,218191466,26.07,88.67,2025-08-18 23:33:40+00:00,33.970583,-80.991818,63.0,7.71,0.1,121.8,9.0,3D,2025-08-18 19:33:40-04:00,POINT (-80.991818 33.970583)
2025-08-18 23:33:45 UTC,sensor03,218191466,26.07,88.2,2025-08-18 23:33:45+00:00,33.97039,-80.991442,62.5,7.88,-0.3,121.14,9.0,3D,2025-08-18 19:33:45-04:00,POINT (-80.991442 33.97039)
2025-08-18 23:33:50 UTC,sensor03,218191466,26.05,87.88,2025-08-18 23:33:50+00:00,33.97021,-80.99109,62.0,7.66,-0.1,119.66,9.0,3D,2025-08-18 19:33:50-04:00,POINT (-80.99109 33.97021)
2025-08-18 23:33:55 UTC,sensor03,218191466,25.99,88.54,2025-08-18 23:33:56+00:00,33.969985,-80.990672,62.2,8.0,0.1,0.0,9.0,3D,2025-08-18 19:33:56-04:00,POINT (-80.990672 33.969985)
2025-08-18 23:34:00 UTC,sensor03,218191466,25.95,89.47,2025-08-18 23:34:01+00:00,33.969793,-80.990322,60.4,6.83,-0.2,0.0,4.0,3D,2025-08-18 19:34:01-04:00,POINT (-80.990322 33.969793)
2025-08-18 23:34:05 UTC,sensor03,218191466,25.87,90.17,2025-08-18 23:34:06+00:00,33.969627,-80.99002,60.1,6.04,0.1,0.0,4.0,3D,2025-08-18 19:34:06-04:00,POINT (-80.99002 33.969627)
2025-08-18 23:34:10 UTC,sensor03,218191466,25.88,88.99,2025-08-18 23:34:11+00:00,33.969497,-80.989695,62.2,4.95,0.2,0.0,8.0,3D,2025-08-18 19:34:11-04:00,POINT (-80.989695 33.969497)
2025-08-18 23:34:15 UTC,sensor03,218191466,25.95,88.93,2025-08-18 23:34:16+00:00,33.96959,-80.989508,63.2,5.92,-0.2,0.0,9.0,3D,2025-08-18 19:34:16-04:00,POINT (-80.989508 33.96959)
2025-08-18 23:34:20 UTC,sensor03,218191466,25.96,89.31,2025-08-18 23:34:21+00:00,33.969868,-80.989463,63.4,6.72,0.0,0.0,9.0,3D,2025-08-18 19:34:21-04:00,POINT (-80.989463 33.969868)
2025-08-18 23:34:25 UTC,sensor03,218191466,26.01,89.17,2025-08-18 23:34:26+00:00,33.970178,-80.989418,63.8,6.58,0.1,8.67,9.0,3D,2025-08-18 19:34:26-04:00,POINT (-80.989418 33.970178)
2025-08-18 23:34:30 UTC,sensor03,218191466,26.03,88.95,2025-08-18 23:34:31+00:00,33.970458,-80.989378,64.2,5.63,-0.1,7.58,9.0,3D,2025-08-18 19:34:31-04:00,POINT (-80.989378 33.970458)
2025-08-18 23:34:35 UTC,sensor03,218191466,26.04,89.0,2025-08-18 23:34:36+00:00,33.970712,-80.989338,64.4,5.33,0.3,7.23,9.0,3D,2025-08-18 19:34:36-04:00,POINT (-80.989338 33.970712)
2025-08-18 23:34:40 UTC,sensor03,218191466,26.03,87.92,2025-08-18 23:34:41+00:00,33.97096,-80.989313,64.6,4.89,0.0,0.51,9.0,3D,2025-08-18 19:34:41-04:00,POINT (-80.989313 33.97096)
2025-08-18 23:34:45 UTC,sensor03,218191466,26.04,88.0,2025-08-18 23:34:46+00:00,33.971148,-80.989287,65.0,3.38,0.1,10.97,9.0,3D,2025-08-18 19:34:46-04:00,POINT (-80.989287 33.971148)
2025-08-18 14:34:29 UTC,sensor04,300372246,25.22,91.27,2025-08-18 22:56:58+00:00,33.99513,-80.999507,182.6,10.94,0.1,280.19,6.0,3D,2025-08-18 18:56:58-04:00,POINT (-80.999507 33.99513)
2025-08-18 14:34:34 UTC,sensor04,300372246,25.17,91.41,2025-08-18 22:57:03+00:00,33.995087,-81.000295,183.0,13.15,0.1,273.97,6.0,3D,2025-08-18 18:57:03-04:00,POINT (-81.000295 33.995087)
2025-08-18 14:34:40 UTC,sensor04,300372246,25.12,91.41,2025-08-18 22:57:08+00:00,33.995125,-81.001018,183.5,12.59,0.11,272.61,7.0,3D,2025-08-18 18:57:08-04:00,POINT (-81.001018 33.995125)
2025-08-18 14:34:45 UTC,sensor04,300372246,25.14,91.34,2025-08-18 22:57:12+00:00,33.995152,-81.001113,183.9,4.09,0.0,248.55,6.0,3D,2025-08-18 18:57:12-04:00,POINT (-81.001113 33.995152)
2025-08-18 14:34:50 UTC,sensor04,300372246,25.28,92.03,2025-08-18 22:57:18+00:00,33.994778,-81.001058,184.3,8.12,0.0,175.28,6.0,3D,2025-08-18 18:57:18-04:00,POINT (-81.001058 33.994778)
2025-08-18 14:34:55 UTC,sensor04,300372246,25.18,91.75,2025-08-18 22:57:23+00:00,33.9944,-81.001058,184.6,8.1,0.0,184.71,6.0,3D,2025-08-18 18:57:23-04:00,POINT (-81.001058 33.9944)
2025-08-18 14:35:00 UTC,sensor04,300372246,25.21,91.58,2025-08-18 22:57:28+00:00,33.994117,-81.001102,185.0,4.78,0.1,201.2,6.0,3D,2025-08-18 18:57:28-04:00,POINT (-81.001102 33.994117)
2025-08-18 14:35:05 UTC,sensor04,300372246,25.19,91.64,2025-08-18 22:57:33+00:00,33.993997,-81.001003,185.6,4.79,0.1,145.54,6.0,3D,2025-08-18 18:57:33-04:00,POINT (-81.001003 33.993997)
2025-08-18 14:35:10 UTC,sensor04,300372246,25.21,91.75,2025-08-18 22:57:39+00:00,33.993942,-81.000297,186.2,11.25,0.1,0.0,6.0,3D,2025-08-18 18:57:39-04:00,POINT (-81.000297 33.993942)
2025-08-18 14:35:15 UTC,sensor04,300372246,25.25,91.64,2025-08-18 22:57:42+00:00,33.993915,-80.999968,186.6,7.95,0.0,102.21,6.0,3D,2025-08-18 18:57:42-04:00,POINT (-80.999968 33.993915)
2025-08-18 14:35:20 UTC,sensor04,300372246,25.26,92.04,2025-08-18 22:57:48+00:00,33.99382,-80.999813,187.1,3.78,0.1,0.0,6.0,3D,2025-08-18 18:57:48-04:00,POINT (-80.999813 33.99382)
2025-08-18 14:35:25 UTC,sensor04,300372246,25.17,92.13,2025-08-18 22:57:48+00:00,33.99382,-80.999813,187.1,3.78,0.1,0.0,6.0,3D,2025-08-18 18:57:48-04:00,POINT (-80.999813 33.99382)
2025-08-18 14:35:30 UTC,sensor04,300372246,25.13,92.03,2025-08-18 22:57:59+00:00,33.992925,-81.000473,81.0,7.01,0.0,196.29,7.0,3D,2025-08-18 18:57:59-04:00,POINT (-81.000473 33.992925)
2025-08-18 14:35:35 UTC,sensor04,300372246,25.23,92.58,2025-08-18 22:58:04+00:00,33.992717,-81.000488,79.5,6.13,0.0,186.53,7.0,3D,2025-08-18 18:58:04-04:00,POINT (-81.000488 33.992717)
2025-08-18 14:35:40 UTC,sensor04,300372246,25.26,91.74,2025-08-18 22:58:09+00:00,33.992505,-81.000303,79.2,6.41,0.1,129.25,7.0,3D,2025-08-18 18:58:09-04:00,POINT (-81.000303 33.992505)
2025-08-18 14:35:45 UTC,sensor04,300372246,25.29,91.44,2025-08-18 22:58:14+00:00,33.992468,-80.999613,79.6,11.75,0.0,99.42,7.0,3D,2025-08-18 18:58:14-04:00,POINT (-80.999613 33.992468)
2025-08-18 14:35:50 UTC,sensor04,300372246,25.28,91.71,2025-08-18 22:58:19+00:00,33.992425,-80.999072,80.5,8.67,0.6,104.67,7.0,3D,2025-08-18 18:58:19-04:00,POINT (-80.999072 33.992425)
2025-08-18 14:35:55 UTC,sensor04,300372246,25.33,91.99,2025-08-18 22:58:24+00:00,33.992362,-80.998922,82.1,4.45,0.4,138.59,7.0,3D,2025-08-18 18:58:24-04:00,POINT (-80.998922 33.992362)
2025-08-18 14:36:00 UTC,sensor04,300372246,25.35,91.83,2025-08-18 22:58:29+00:00,33.991977,-80.999013,85.1,9.1,0.3,186.5,7.0,3D,2025-08-18 18:58:29-04:00,POINT (-80.999013 33.991977)
2025-08-18 14:36:05 UTC,sensor04,300372246,25.36,92.2,2025-08-18 22:58:34+00:00,33.991592,-80.999082,85.7,7.87,0.0,186.47,7.0,3D,2025-08-18 18:58:34-04:00,POINT (-80.999082 33.991592)
2025-08-18 14:36:15 UTC,sensor04,300372246,25.29,92.17,2025-08-18 22:58:44+00:00,33.9913,-80.99902,89.1,3.88,0.5,118.45,7.0,3D,2025-08-18 18:58:44-04:00,POINT (-80.99902 33.9913)
2025-08-18 14:36:20 UTC,sensor04,300372246,25.24,92.0,2025-08-18 22:58:49+00:00,33.991235,-80.998412,91.4,11.4,0.3,94.95,7.0,3D,2025-08-18 18:58:49-04:00,POINT (-80.998412 33.991235)
2025-08-18 14:36:25 UTC,sensor04,300372246,25.26,91.51,2025-08-18 22:58:54+00:00,33.991197,-80.997693,93.2,12.51,0.5,96.11,7.0,3D,2025-08-18 18:58:54-04:00,POINT (-80.997693 33.991197)
2025-08-18 14:36:30 UTC,sensor04,300372246,25.28,92.08,2025-08-18 22:58:59+00:00,33.991167,-80.997023,95.1,12.94,0.2,93.4,7.0,3D,2025-08-18 18:58:59-04:00,POINT (-80.997023 33.991167)
2025-08-18 14:36:35 UTC,sensor04,300372246,25.28,92.55,2025-08-18 22:59:04+00:00,33.991115,-80.996312,96.7,12.62,0.3,95.96,7.0,3D,2025-08-18 18:59:04-04:00,POINT (-80.996312 33.991115)
2025-08-18 14:36:40 UTC,sensor04,300372246,25.13,92.09,2025-08-18 22:59:09+00:00,33.991052,-80.995688,99.2,11.04,0.6,94.98,7.0,3D,2025-08-18 18:59:09-04:00,POINT (-80.995688 33.991052)
2025-08-18 14:36:45 UTC,sensor04,300372246,25.15,92.31,2025-08-18 22:59:14+00:00,33.991025,-80.995058,101.4,12.46,0.5,94.37,8.0,3D,2025-08-18 18:59:14-04:00,POINT (-80.995058 33.991025)
2025-08-18 14:36:50 UTC,sensor04,300372246,25.21,92.41,2025-08-18 22:59:19+00:00,33.990975,-80.994388,103.9,10.97,0.3,95.23,8.0,3D,2025-08-18 18:59:19-04:00,POINT (-80.994388 33.990975)
2025-08-18 14:36:56 UTC,sensor04,300372246,25.23,92.51,2025-08-18 22:59:24+00:00,33.990918,-80.993942,105.5,6.91,0.2,104.67,8.0,3D,2025-08-18 18:59:24-04:00,POINT (-80.993942 33.990918)
2025-08-18 14:37:01 UTC,sensor04,300372246,25.26,92.45,2025-08-18 22:59:29+00:00,33.990912,-80.993858,108.1,4.77,0.6,99.96,8.0,3D,2025-08-18 18:59:29-04:00,POINT (-80.993858 33.990912)
2025-08-18 14:37:06 UTC,sensor04,300372246,25.25,92.47,2025-08-18 22:59:34+00:00,33.990887,-80.993398,110.8,10.04,0.5,96.02,8.0,3D,2025-08-18 18:59:34-04:00,POINT (-80.993398 33.990887)
2025-08-18 14:37:11 UTC,sensor04,300372246,25.28,92.1,2025-08-18 22:59:39+00:00,33.990848,-80.992815,113.2,9.34,0.4,94.63,8.0,3D,2025-08-18 18:59:39-04:00,POINT (-80.992815 33.990848)
2025-08-18 14:37:16 UTC,sensor04,300372246,25.3,92.46,2025-08-18 22:59:42+00:00,33.99085,-80.992592,114.3,5.71,0.3,75.72,8.0,3D,2025-08-18 18:59:42-04:00,POINT (-80.992592 33.99085)
2025-08-18 14:37:21 UTC,sensor04,300372246,25.23,92.36,2025-08-18 22:59:49+00:00,33.991402,-80.992418,116.5,11.25,0.2,6.84,8.0,3D,2025-08-18 18:59:49-04:00,POINT (-80.992418 33.991402)
2025-08-18 14:37:26 UTC,sensor04,300372246,25.15,92.26,2025-08-18 22:59:54+00:00,33.991835,-80.992378,117.8,7.59,0.3,2.42,8.0,3D,2025-08-18 18:59:54-04:00,POINT (-80.992378 33.991835)
2025-08-18 14:37:31 UTC,sensor04,300372246,25.17,92.74,2025-08-18 22:59:59+00:00,33.992002,-80.992328,114.1,3.18,-0.7,47.18,8.0,3D,2025-08-18 18:59:59-04:00,POINT (-80.992328 33.992002)
2025-08-18 14:37:36 UTC,sensor04,300372246,25.24,92.71,2025-08-18 23:00:05+00:00,33.992017,-80.9918,111.2,12.33,-0.4,0.0,8.0,3D,2025-08-18 19:00:05-04:00,POINT (-80.9918 33.992017)
2025-08-18 14:37:41 UTC,sensor04,300372246,25.28,92.44,2025-08-18 23:00:10+00:00,33.99197,-80.991173,108.4,10.66,-1.9,0.0,8.0,3D,2025-08-18 19:00:10-04:00,POINT (-80.991173 33.99197)
2025-08-18 14:37:46 UTC,sensor04,300372246,25.34,92.34,2025-08-18 23:00:15+00:00,33.991918,-80.990875,104.0,3.2,-0.2,0.0,8.0,3D,2025-08-18 19:00:15-04:00,POINT (-80.990875 33.991918)
2025-08-18 14:37:51 UTC,sensor04,300372246,25.35,91.99,2025-08-18 23:00:20+00:00,33.991607,-80.99086,102.2,8.7,-0.3,0.0,8.0,3D,2025-08-18 19:00:20-04:00,POINT (-80.99086 33.991607)
2025-08-18 14:37:56 UTC,sensor04,300372246,25.33,91.91,2025-08-18 23:00:25+00:00,33.99119,-80.99093,100.1,9.53,-0.4,0.0,4.0,3D,2025-08-18 19:00:25-04:00,POINT (-80.99093 33.99119)
2025-08-18 14:38:01 UTC,sensor04,300372246,25.32,92.34,2025-08-18 23:00:30+00:00,33.990898,-80.990972,97.8,3.54,-0.4,0.0,8.0,3D,2025-08-18 19:00:30-04:00,POINT (-80.990972 33.990898)
2025-08-18 14:38:06 UTC,sensor04,300372246,25.32,92.37,2025-08-18 23:00:35+00:00,33.990757,-80.990778,94.9,8.95,-0.7,0.0,4.0,3D,2025-08-18 19:00:35-04:00,POINT (-80.990778 33.990757)
2025-08-18 14:38:11 UTC,sensor04,300372246,25.26,92.28,2025-08-18 23:00:40+00:00,33.990712,-80.990212,92.7,10.18,-0.4,0.0,8.0,3D,2025-08-18 19:00:40-04:00,POINT (-80.990212 33.990712)
2025-08-18 14:38:16 UTC,sensor04,300372246,25.28,92.21,2025-08-18 23:00:45+00:00,33.990677,-80.989875,91.7,3.17,-0.2,0.0,8.0,3D,2025-08-18 19:00:45-04:00,POINT (-80.989875 33.990677)
2025-08-18 14:38:21 UTC,sensor04,300372246,25.23,92.5,2025-08-18 23:00:50+00:00,33.990548,-80.989778,90.5,4.46,-0.4,164.59,8.0,3D,2025-08-18 19:00:50-04:00,POINT (-80.989778 33.990548)
2025-08-18 14:38:26 UTC,sensor04,300372246,25.26,92.64,2025-08-18 23:00:55+00:00,33.990132,-80.989823,90.2,10.27,0.0,186.33,8.0,3D,2025-08-18 19:00:55-04:00,POINT (-80.989823 33.990132)
2025-08-18 14:38:31 UTC,sensor04,300372246,25.16,92.2,2025-08-18 23:01:00+00:00,33.989667,-80.989867,90.0,10.32,-0.1,182.33,8.0,3D,2025-08-18 19:01:00-04:00,POINT (-80.989867 33.989667)
2025-08-18 14:38:36 UTC,sensor04,300372246,25.18,92.54,2025-08-18 23:01:05+00:00,33.98923,-80.989888,90.0,8.77,0.0,183.67,8.0,3D,2025-08-18 19:01:05-04:00,POINT (-80.989888 33.98923)
2025-08-18 14:38:46 UTC,sensor04,300372246,25.27,93.07,2025-08-18 23:01:15+00:00,33.988918,-80.98965,89.0,8.9,0.1,97.33,8.0,3D,2025-08-18 19:01:15-04:00,POINT (-80.98965 33.988918)
2025-08-18 14:38:51 UTC,sensor04,300372246,25.31,92.89,2025-08-18 23:01:20+00:00,33.988883,-80.989078,89.7,10.08,0.1,96.67,8.0,3D,2025-08-18 19:01:20-04:00,POINT (-80.989078 33.988883)
2025-08-18 14:39:06 UTC,sensor04,300372246,25.42,91.57,2025-08-18 23:01:35+00:00,33.988852,-80.988427,89.7,6.47,-0.1,87.18,8.0,3D,2025-08-18 19:01:35-04:00,POINT (-80.988427 33.988852)
2025-08-18 14:39:11 UTC,sensor04,300372246,25.36,91.5,2025-08-18 23:01:40+00:00,33.98883,-80.987745,89.6,12.56,0.0,91.14,8.0,3D,2025-08-18 19:01:40-04:00,POINT (-80.987745 33.98883)
2025-08-18 14:39:17 UTC,sensor04,300372246,25.35,91.87,2025-08-18 23:01:43+00:00,33.988817,-80.987313,88.9,12.43,-0.2,91.62,8.0,3D,2025-08-18 19:01:43-04:00,POINT (-80.987313 33.988817)
2025-08-18 14:39:22 UTC,sensor04,300372246,25.25,92.33,2025-08-18 23:01:50+00:00,33.98883,-80.986337,83.9,11.28,-0.3,90.08,8.0,3D,2025-08-18 19:01:50-04:00,POINT (-80.986337 33.98883)
2025-08-18 14:39:27 UTC,sensor04,300372246,25.21,92.83,2025-08-18 23:01:55+00:00,33.988788,-80.985757,82.4,10.89,-0.1,97.63,8.0,3D,2025-08-18 19:01:55-04:00,POINT (-80.985757 33.988788)
2025-08-18 14:39:32 UTC,sensor04,300372246,25.23,92.4,2025-08-18 23:02:00+00:00,33.988787,-80.98547,81.9,3.02,0.0,90.8,8.0,3D,2025-08-18 19:02:00-04:00,POINT (-80.98547 33.988787)
2025-08-18 14:39:37 UTC,sensor04,300372246,25.26,91.88,2025-08-18 23:02:05+00:00,33.988832,-80.985368,79.1,4.26,-0.1,40.56,8.0,3D,2025-08-18 19:02:05-04:00,POINT (-80.985368 33.988832)
2025-08-18 14:39:42 UTC,sensor04,300372246,25.4,92.49,2025-08-18 23:02:10+00:00,33.989162,-80.98524,79.3,10.24,0.1,13.12,8.0,3D,2025-08-18 19:02:10-04:00,POINT (-80.98524 33.989162)
2025-08-18 14:39:47 UTC,sensor04,300372246,25.39,92.82,2025-08-18 23:02:15+00:00,33.989602,-80.985135,80.1,9.06,0.2,11.43,8.0,3D,2025-08-18 19:02:15-04:00,POINT (-80.985135 33.989602)
2025-08-18 14:39:52 UTC,sensor04,300372246,25.39,92.33,2025-08-18 23:02:20+00:00,33.98993,-80.985042,81.1,4.52,0.2,24.08,8.0,3D,2025-08-18 19:02:20-04:00,POINT (-80.985042 33.98993)
2025-08-18 14:39:57 UTC,sensor04,300372246,25.45,92.56,2025-08-18 23:02:25+00:00,33.989963,-80.984768,81.2,7.96,0.0,99.9,8.0,3D,2025-08-18 19:02:25-04:00,POINT (-80.984768 33.989963)
2025-08-18 14:40:02 UTC,sensor04,300372246,25.33,92.09,2025-08-18 23:02:31+00:00,33.989843,-80.9841,81.3,10.44,0.1,0.0,8.0,3D,2025-08-18 19:02:31-04:00,POINT (-80.9841 33.989843)
2025-08-18 14:40:07 UTC,sensor04,300372246,25.26,91.97,2025-08-18 23:02:36+00:00,33.989768,-80.983572,81.7,9.16,0.1,0.0,8.0,3D,2025-08-18 19:02:36-04:00,POINT (-80.983572 33.989768)
2025-08-18 14:40:12 UTC,sensor04,300372246,25.32,92.4,2025-08-18 23:02:41+00:00,33.989505,-80.983203,77.1,7.94,-4.7,0.0,8.0,3D,2025-08-18 19:02:41-04:00,POINT (-80.983203 33.989505)
2025-08-18 14:40:22 UTC,sensor04,300372246,25.37,93.17,2025-08-18 23:02:51+00:00,33.989198,-80.982938,77.6,7.84,0.1,145.51,8.0,3D,2025-08-18 19:02:51-04:00,POINT (-80.982938 33.989198)
2025-08-18 14:40:27 UTC,sensor04,300372246,25.37,93.05,2025-08-18 23:02:56+00:00,33.988877,-80.982685,77.6,7.6,-0.1,146.42,8.0,3D,2025-08-18 19:02:56-04:00,POINT (-80.982685 33.988877)
2025-08-18 14:40:32 UTC,sensor04,300372246,25.38,92.54,2025-08-18 23:03:01+00:00,33.988605,-80.982473,77.0,5.33,-0.1,148.24,8.0,3D,2025-08-18 19:03:01-04:00,POINT (-80.982473 33.988605)
2025-08-18 14:40:47 UTC,sensor04,300372246,25.6,92.08,2025-08-18 23:03:16+00:00,33.988577,-80.982038,70.4,9.2,0.0,45.5,8.0,3D,2025-08-18 19:03:16-04:00,POINT (-80.982038 33.988577)
2025-08-18 14:40:52 UTC,sensor04,300372246,25.63,91.41,2025-08-18 23:03:21+00:00,33.988948,-80.981637,70.9,11.86,0.1,42.38,8.0,3D,2025-08-18 19:03:21-04:00,POINT (-80.981637 33.988948)
2025-08-18 14:40:57 UTC,sensor04,300372246,25.64,90.97,2025-08-18 23:03:26+00:00,33.989352,-80.98124,71.0,11.67,0.0,35.59,8.0,3D,2025-08-18 19:03:26-04:00,POINT (-80.98124 33.989352)
2025-08-18 14:41:02 UTC,sensor04,300372246,25.7,90.67,2025-08-18 23:03:31+00:00,33.989793,-80.980898,70.6,11.74,-0.1,29.3,8.0,3D,2025-08-18 19:03:31-04:00,POINT (-80.980898 33.989793)
2025-08-18 14:41:07 UTC,sensor04,300372246,25.68,91.13,2025-08-18 23:03:36+00:00,33.990297,-80.980607,70.1,12.78,-0.1,25.03,8.0,3D,2025-08-18 19:03:36-04:00,POINT (-80.980607 33.990297)
2025-08-18 14:41:12 UTC,sensor04,300372246,25.66,91.54,2025-08-18 23:03:41+00:00,33.990817,-80.980338,69.7,12.75,-0.1,23.2,8.0,3D,2025-08-18 19:03:41-04:00,POINT (-80.980338 33.990817)
2025-08-18 14:41:17 UTC,sensor04,300372246,25.77,90.92,2025-08-18 23:03:43+00:00,33.991022,-80.980237,70.0,12.06,0.2,23.34,8.0,3D,2025-08-18 19:03:43-04:00,POINT (-80.980237 33.991022)
2025-08-18 14:41:22 UTC,sensor04,300372246,25.86,90.16,2025-08-18 23:03:48+00:00,33.991472,-80.979997,71.5,10.22,0.4,24.41,8.0,3D,2025-08-18 19:03:48-04:00,POINT (-80.979997 33.991472)
2025-08-18 14:41:28 UTC,sensor04,300372246,26.05,89.31,2025-08-18 23:03:54+00:00,33.992008,-80.979722,73.3,10.41,0.2,22.34,8.0,3D,2025-08-18 19:03:54-04:00,POINT (-80.979722 33.992008)
2025-08-18 14:41:33 UTC,sensor04,300372246,26.09,88.64,2025-08-18 23:03:54+00:00,33.992008,-80.979722,73.3,10.41,0.2,22.34,8.0,3D,2025-08-18 19:03:54-04:00,POINT (-80.979722 33.992008)
2025-08-18 14:41:53 UTC,sensor04,300372246,26.42,87.81,2025-08-18 23:04:21+00:00,33.992488,-80.979363,74.3,4.48,-0.1,82.57,8.0,3D,2025-08-18 19:04:21-04:00,POINT (-80.979363 33.992488)
2025-08-18 14:41:58 UTC,sensor04,300372246,26.37,86.81,2025-08-18 23:04:26+00:00,33.992368,-80.978965,73.9,10.77,0.0,113.92,8.0,3D,2025-08-18 19:04:26-04:00,POINT (-80.978965 33.992368)
2025-08-18 14:42:03 UTC,sensor04,300372246,26.47,86.52,2025-08-18 23:04:31+00:00,33.992183,-80.978438,73.3,10.61,-0.4,113.43,8.0,3D,2025-08-18 19:04:31-04:00,POINT (-80.978438 33.992183)
2025-08-18 14:42:08 UTC,sensor04,300372246,26.65,85.84,2025-08-18 23:04:36+00:00,33.991947,-80.977818,71.0,12.35,-0.7,113.91,8.0,3D,2025-08-18 19:04:36-04:00,POINT (-80.977818 33.991947)
2025-08-18 14:42:13 UTC,sensor04,300372246,26.61,85.34,2025-08-18 23:04:42+00:00,33.99162,-80.977028,68.1,14.14,0.1,0.0,8.0,3D,2025-08-18 19:04:42-04:00,POINT (-80.977028 33.99162)
2025-08-18 14:42:18 UTC,sensor04,300372246,26.75,85.21,2025-08-18 23:04:47+00:00,33.991305,-80.976362,68.0,14.01,0.0,0.0,8.0,3D,2025-08-18 19:04:47-04:00,POINT (-80.976362 33.991305)
2025-08-18 14:42:23 UTC,sensor04,300372246,26.98,84.19,2025-08-18 23:04:52+00:00,33.99091,-80.97577,68.5,14.23,0.1,0.0,8.0,3D,2025-08-18 19:04:52-04:00,POINT (-80.97577 33.99091)
2025-08-18 14:42:28 UTC,sensor04,300372246,26.89,82.46,2025-08-18 23:04:57+00:00,33.990433,-80.975235,68.2,14.35,-0.1,136.63,8.0,3D,2025-08-18 19:04:57-04:00,POINT (-80.975235 33.990433)
2025-08-18 14:42:33 UTC,sensor04,300372246,27.16,82.14,2025-08-18 23:05:02+00:00,33.989983,-80.974725,65.8,13.5,-0.1,137.96,8.0,3D,2025-08-18 19:05:02-04:00,POINT (-80.974725 33.989983)
2025-08-18 14:42:38 UTC,sensor04,300372246,27.35,81.84,2025-08-18 23:05:07+00:00,33.989538,-80.97425,63.7,12.84,0.0,138.72,8.0,3D,2025-08-18 19:05:07-04:00,POINT (-80.97425 33.989538)
2025-08-18 14:42:43 UTC,sensor04,300372246,27.38,81.47,2025-08-18 23:05:12+00:00,33.989142,-80.973843,63.3,9.88,0.0,138.73,8.0,3D,2025-08-18 19:05:12-04:00,POINT (-80.973843 33.989142)
2025-08-18 14:42:48 UTC,sensor04,300372246,27.43,81.13,2025-08-18 23:05:17+00:00,33.988933,-80.973603,61.1,3.14,-0.1,134.51,9.0,3D,2025-08-18 19:05:17-04:00,POINT (-80.973603 33.988933)
2025-08-18 14:43:49 UTC,sensor04,300372246,27.43,80.17,2025-08-18 23:06:17+00:00,33.988888,-80.973545,58.7,5.33,0.1,137.63,10.0,3D,2025-08-18 19:06:17-04:00,POINT (-80.973545 33.988888)
2025-08-18 14:43:54 UTC,sensor04,300372246,27.42,80.67,2025-08-18 23:06:22+00:00,33.988617,-80.973242,59.4,10.74,0.2,136.39,10.0,3D,2025-08-18 19:06:22-04:00,POINT (-80.973242 33.988617)
2025-08-18 14:43:59 UTC,sensor04,300372246,26.97,82.72,2025-08-18 23:06:27+00:00,33.988205,-80.972788,61.5,13.37,0.4,138.79,10.0,3D,2025-08-18 19:06:27-04:00,POINT (-80.972788 33.988205)
2025-08-18 14:44:04 UTC,sensor04,300372246,26.59,84.15,2025-08-18 23:06:32+00:00,33.987712,-80.97231,64.9,14.03,0.7,142.02,10.0,3D,2025-08-18 19:06:32-04:00,POINT (-80.97231 33.987712)
2025-08-18 14:44:09 UTC,sensor04,300372246,26.34,85.8,2025-08-18 23:06:37+00:00,33.987202,-80.971853,68.2,14.03,0.6,145.93,10.0,3D,2025-08-18 19:06:37-04:00,POINT (-80.971853 33.987202)
2025-08-18 14:44:14 UTC,sensor04,300372246,26.2,86.84,2025-08-18 23:06:42+00:00,33.986673,-80.97143,71.9,14.14,0.8,145.0,10.0,3D,2025-08-18 19:06:42-04:00,POINT (-80.97143 33.986673)
2025-08-18 14:44:19 UTC,sensor04,300372246,26.13,87.39,2025-08-18 23:06:47+00:00,33.98617,-80.970993,75.1,14.04,0.9,143.31,10.0,3D,2025-08-18 19:06:47-04:00,POINT (-80.970993 33.98617)
2025-08-18 14:44:24 UTC,sensor04,300372246,26.3,87.04,2025-08-18 23:06:53+00:00,33.985557,-80.97043,80.4,14.29,1.0,0.0,10.0,3D,2025-08-18 19:06:53-04:00,POINT (-80.97043 33.985557)
2025-08-18 14:44:29 UTC,sensor04,300372246,26.37,87.12,2025-08-18 23:06:58+00:00,33.985083,-80.969873,84.6,14.79,0.8,0.0,10.0,3D,2025-08-18 19:06:58-04:00,POINT (-80.969873 33.985083)
2025-08-18 14:44:34 UTC,sensor04,300372246,26.28,86.85,2025-08-18 23:07:03+00:00,33.984672,-80.969232,88.2,15.15,0.6,0.0,10.0,3D,2025-08-18 19:07:03-04:00,POINT (-80.969232 33.984672)
2025-08-18 14:44:39 UTC,sensor04,300372246,26.18,86.86,2025-08-18 23:07:08+00:00,33.984265,-80.968602,90.4,12.82,0.2,128.34,10.0,3D,2025-08-18 19:07:08-04:00,POINT (-80.968602 33.984265)
2025-08-18 14:44:44 UTC,sensor04,300372246,26.12,87.58,2025-08-18 23:07:13+00:00,33.984028,-80.968238,91.3,4.3,-0.1,125.39,10.0,3D,2025-08-18 19:07:13-04:00,POINT (-80.968238 33.984028)
2025-08-18 14:44:49 UTC,sensor04,300372246,26.15,87.81,2025-08-18 23:07:18+00:00,33.983978,-80.968165,90.4,2.64,-0.1,126.98,10.0,3D,2025-08-18 19:07:18-04:00,POINT (-80.968165 33.983978)
2025-08-18 14:44:54 UTC,sensor04,300372246,26.12,87.74,2025-08-18 23:07:23+00:00,33.983785,-80.967862,90.3,10.56,0.0,125.74,10.0,3D,2025-08-18 19:07:23-04:00,POINT (-80.967862 33.983785)
2025-08-18 14:44:59 UTC,sensor04,300372246,25.95,87.97,2025-08-18 23:07:28+00:00,33.98344,-80.967283,88.0,14.85,-0.9,126.34,10.0,3D,2025-08-18 19:07:28-04:00,POINT (-80.967283 33.98344)
2025-08-18 14:45:09 UTC,sensor04,300372246,25.88,88.14,2025-08-18 23:07:38+00:00,33.982615,-80.965913,82.0,14.55,-0.2,125.19,10.0,3D,2025-08-18 19:07:38-04:00,POINT (-80.965913 33.982615)
2025-08-18 14:45:14 UTC,sensor04,300372246,26.16,87.16,2025-08-18 23:07:43+00:00,33.982242,-80.965283,81.6,14.09,0.0,125.24,10.0,3D,2025-08-18 19:07:43-04:00,POINT (-80.965283 33.982242)
2025-08-18 14:45:19 UTC,sensor04,300372246,26.44,85.74,2025-08-18 23:07:44+00:00,33.982165,-80.965158,81.1,14.11,-0.5,124.94,10.0,3D,2025-08-18 19:07:44-04:00,POINT (-80.965158 33.982165)
2025-08-18 14:45:24 UTC,sensor04,300372246,26.57,84.77,2025-08-18 23:07:53+00:00,33.981595,-80.964203,80.6,6.5,0.0,135.66,10.0,3D,2025-08-18 19:07:53-04:00,POINT (-80.964203 33.981595)
2025-08-18 14:45:29 UTC,sensor04,300372246,26.5,84.28,2025-08-18 23:07:55+00:00,33.981498,-80.964123,80.6,6.51,0.1,0.0,10.0,3D,2025-08-18 19:07:55-04:00,POINT (-80.964123 33.981498)
2025-08-18 14:45:34 UTC,sensor04,300372246,26.35,84.27,2025-08-18 23:08:03+00:00,33.981003,-80.964632,81.8,10.93,0.1,216.93,10.0,3D,2025-08-18 19:08:03-04:00,POINT (-80.964632 33.981003)
2025-08-18 14:45:39 UTC,sensor04,300372246,26.26,85.32,2025-08-18 23:08:08+00:00,33.980532,-80.965053,81.5,13.11,-0.3,216.85,10.0,3D,2025-08-18 19:08:08-04:00,POINT (-80.965053 33.980532)
2025-08-18 14:45:44 UTC,sensor04,300372246,26.19,85.55,2025-08-18 23:08:13+00:00,33.980052,-80.965503,79.9,14.08,0.0,215.79,10.0,3D,2025-08-18 19:08:13-04:00,POINT (-80.965503 33.980052)
2025-08-18 14:45:50 UTC,sensor04,300372246,26.0,86.7,2025-08-18 23:08:18+00:00,33.97955,-80.965965,79.9,14.24,-0.1,216.88,10.0,3D,2025-08-18 19:08:18-04:00,POINT (-80.965965 33.97955)
2025-08-18 14:45:55 UTC,sensor04,300372246,26.09,86.31,2025-08-18 23:08:23+00:00,33.979075,-80.966403,81.2,12.18,0.2,218.76,10.0,3D,2025-08-18 19:08:23-04:00,POINT (-80.966403 33.979075)
2025-08-18 14:46:00 UTC,sensor04,300372246,26.15,85.61,2025-08-18 23:08:28+00:00,33.97866,-80.966815,80.5,11.52,0.1,217.16,10.0,3D,2025-08-18 19:08:28-04:00,POINT (-80.966815 33.97866)
2025-08-18 14:46:05 UTC,sensor04,300372246,26.22,85.46,2025-08-18 23:08:33+00:00,33.978275,-80.96717,81.4,9.88,0.3,215.25,10.0,3D,2025-08-18 19:08:33-04:00,POINT (-80.96717 33.978275)
2025-08-18 14:46:10 UTC,sensor04,300372246,26.16,86.36,2025-08-18 23:08:38+00:00,33.978065,-80.967425,80.2,6.15,0.2,245.81,10.0,3D,2025-08-18 19:08:38-04:00,POINT (-80.967425 33.978065)
2025-08-18 14:46:15 UTC,sensor04,300372246,26.04,87.22,2025-08-18 23:08:43+00:00,33.978028,-80.967868,76.7,9.46,-1.1,259.21,10.0,3D,2025-08-18 19:08:43-04:00,POINT (-80.967868 33.978028)
2025-08-18 14:46:20 UTC,sensor04,300372246,25.99,87.33,2025-08-18 23:08:48+00:00,33.978035,-80.968445,73.6,11.37,-1.3,269.7,10.0,3D,2025-08-18 19:08:48-04:00,POINT (-80.968445 33.978035)
2025-08-18 14:46:25 UTC,sensor04,300372246,25.98,87.88,2025-08-18 23:08:53+00:00,33.978032,-80.969083,72.9,12.22,-0.1,269.84,10.0,3D,2025-08-18 19:08:53-04:00,POINT (-80.969083 33.978032)
2025-08-18 14:46:30 UTC,sensor04,300372246,25.94,88.32,2025-08-18 23:08:58+00:00,33.978062,-80.969648,73.3,10.01,0.0,278.58,10.0,3D,2025-08-18 19:08:58-04:00,POINT (-80.969648 33.978062)
2025-08-18 14:46:35 UTC,sensor04,300372246,25.9,88.27,2025-08-18 23:09:04+00:00,33.97834,-80.97025,69.5,11.48,-0.7,0.0,10.0,3D,2025-08-18 19:09:04-04:00,POINT (-80.97025 33.97834)
2025-08-18 14:46:40 UTC,sensor04,300372246,25.95,87.59,2025-08-18 23:09:09+00:00,33.978678,-80.970775,66.9,12.68,-0.7,0.0,9.0,3D,2025-08-18 19:09:09-04:00,POINT (-80.970775 33.978678)
2025-08-18 14:46:45 UTC,sensor04,300372246,25.99,86.93,2025-08-18 23:09:14+00:00,33.97882,-80.971338,66.1,11.71,0.1,0.0,9.0,3D,2025-08-18 19:09:14-04:00,POINT (-80.971338 33.97882)
2025-08-18 14:46:50 UTC,sensor04,300372246,26.07,87.02,2025-08-18 23:09:19+00:00,33.978688,-80.97195,65.8,10.86,0.1,0.0,9.0,3D,2025-08-18 19:09:19-04:00,POINT (-80.97195 33.978688)
2025-08-18 14:46:55 UTC,sensor04,300372246,26.05,86.9,2025-08-18 23:09:24+00:00,33.978575,-80.972488,66.1,10.03,0.0,248.24,9.0,3D,2025-08-18 19:09:24-04:00,POINT (-80.972488 33.978575)
2025-08-18 14:47:00 UTC,sensor04,300372246,26.06,87.25,2025-08-18 23:09:29+00:00,33.978233,-80.972737,66.4,9.41,0.1,189.19,9.0,3D,2025-08-18 19:09:29-04:00,POINT (-80.972737 33.978233)
2025-08-18 14:47:05 UTC,sensor04,300372246,25.97,88.06,2025-08-18 23:09:34+00:00,33.977758,-80.972747,66.2,11.21,0.0,180.07,9.0,3D,2025-08-18 19:09:34-04:00,POINT (-80.972747 33.977758)
2025-08-18 14:47:10 UTC,sensor04,300372246,25.79,88.53,2025-08-18 23:09:39+00:00,33.977255,-80.972773,66.7,10.62,0.2,181.26,9.0,3D,2025-08-18 19:09:39-04:00,POINT (-80.972773 33.977255)
2025-08-18 14:47:15 UTC,sensor04,300372246,25.79,88.62,2025-08-18 23:09:44+00:00,33.976795,-80.972787,67.0,10.95,0.2,183.33,9.0,3D,2025-08-18 19:09:44-04:00,POINT (-80.972787 33.976795)
2025-08-18 14:47:20 UTC,sensor04,300372246,25.8,88.7,2025-08-18 23:09:49+00:00,33.976303,-80.972818,67.8,11.22,0.3,182.56,9.0,3D,2025-08-18 19:09:49-04:00,POINT (-80.972818 33.976303)
2025-08-18 14:47:25 UTC,sensor04,300372246,25.8,88.3,2025-08-18 23:09:49+00:00,33.976303,-80.972818,67.8,11.22,0.3,182.56,9.0,3D,2025-08-18 19:09:49-04:00,POINT (-80.972818 33.976303)
2025-08-18 14:47:30 UTC,sensor04,300372246,25.92,88.43,2025-08-18 23:09:59+00:00,33.975563,-80.973057,66.8,7.42,0.3,222.44,9.0,3D,2025-08-18 19:09:59-04:00,POINT (-80.973057 33.975563)
2025-08-18 14:47:35 UTC,sensor04,300372246,26.02,88.05,2025-08-18 23:10:04+00:00,33.975467,-80.973545,62.6,9.64,-1.5,266.22,9.0,3D,2025-08-18 19:10:04-04:00,POINT (-80.973545 33.975467)
2025-08-18 14:47:40 UTC,sensor04,300372246,26.06,87.5,2025-08-18 23:10:09+00:00,33.97553,-80.974105,59.3,8.95,-0.2,273.94,9.0,3D,2025-08-18 19:10:09-04:00,POINT (-80.974105 33.97553)
2025-08-18 14:47:45 UTC,sensor04,300372246,26.01,87.05,2025-08-18 23:10:14+00:00,33.975345,-80.974543,57.2,9.74,-0.1,229.65,9.0,3D,2025-08-18 19:10:14-04:00,POINT (-80.974543 33.975345)
2025-08-18 14:47:50 UTC,sensor04,300372246,25.97,87.65,2025-08-18 23:10:19+00:00,33.974957,-80.974753,57.6,10.25,0.3,197.69,9.0,3D,2025-08-18 19:10:19-04:00,POINT (-80.974753 33.974957)
2025-08-18 14:47:55 UTC,sensor04,300372246,26.06,87.61,2025-08-18 23:10:24+00:00,33.97452,-80.974878,59.6,10.03,0.3,193.14,9.0,3D,2025-08-18 19:10:24-04:00,POINT (-80.974878 33.97452)
2025-08-18 14:48:01 UTC,sensor04,300372246,26.06,87.53,2025-08-18 23:10:29+00:00,33.97406,-80.975018,59.1,10.55,-0.9,190.73,9.0,3D,2025-08-18 19:10:29-04:00,POINT (-80.975018 33.97406)
2025-08-18 14:48:06 UTC,sensor04,300372246,26.01,87.21,2025-08-18 23:10:34+00:00,33.973572,-80.975073,59.9,10.89,0.1,183.38,9.0,3D,2025-08-18 19:10:34-04:00,POINT (-80.975073 33.973572)
2025-08-18 14:48:11 UTC,sensor04,300372246,25.81,88.41,2025-08-18 23:10:39+00:00,33.973093,-80.9751,60.9,9.64,0.2,183.84,9.0,3D,2025-08-18 19:10:39-04:00,POINT (-80.9751 33.973093)
2025-08-18 14:48:16 UTC,sensor04,300372246,25.8,88.8,2025-08-18 23:10:44+00:00,33.972728,-80.975097,60.2,7.37,0.2,163.97,9.0,3D,2025-08-18 19:10:44-04:00,POINT (-80.975097 33.972728)
2025-08-18 14:48:21 UTC,sensor04,300372246,25.85,88.8,2025-08-18 23:10:49+00:00,33.97243,-80.974812,62.0,9.72,0.5,125.46,9.0,3D,2025-08-18 19:10:49-04:00,POINT (-80.974812 33.97243)
2025-08-18 14:48:26 UTC,sensor04,300372246,25.89,88.05,2025-08-18 23:10:54+00:00,33.972198,-80.974337,64.4,10.27,0.5,120.48,9.0,3D,2025-08-18 19:10:54-04:00,POINT (-80.974337 33.972198)
2025-08-18 14:48:31 UTC,sensor04,300372246,25.89,87.5,2025-08-18 23:10:59+00:00,33.972005,-80.973895,67.3,9.05,0.7,120.25,9.0,3D,2025-08-18 19:10:59-04:00,POINT (-80.973895 33.972005)
2025-08-18 14:48:36 UTC,sensor04,300372246,25.91,86.71,2025-08-18 23:11:04+00:00,33.971857,-80.973572,70.8,4.68,0.7,117.69,9.0,3D,2025-08-18 19:11:04-04:00,POINT (-80.973572 33.971857)
2025-08-18 14:48:41 UTC,sensor04,300372246,26.03,86.71,2025-08-18 23:11:09+00:00,33.971873,-80.973325,73.3,6.37,0.5,51.66,9.0,3D,2025-08-18 19:11:09-04:00,POINT (-80.973325 33.971873)
2025-08-18 14:48:46 UTC,sensor04,300372246,26.11,86.39,2025-08-18 23:11:15+00:00,33.972205,-80.973077,75.4,6.1,0.3,0.0,9.0,3D,2025-08-18 19:11:15-04:00,POINT (-80.973077 33.972205)
2025-08-18 14:48:51 UTC,sensor04,300372246,26.18,86.02,2025-08-18 23:11:20+00:00,33.972467,-80.97287,76.6,7.29,0.3,0.0,9.0,3D,2025-08-18 19:11:20-04:00,POINT (-80.97287 33.972467)
2025-08-18 14:48:56 UTC,sensor04,300372246,26.18,85.91,2025-08-18 23:11:25+00:00,33.97263,-80.972708,77.9,3.91,0.2,0.0,9.0,3D,2025-08-18 19:11:25-04:00,POINT (-80.972708 33.97263)
2025-08-18 14:49:01 UTC,sensor04,300372246,26.26,85.7,2025-08-18 23:11:30+00:00,33.97251,-80.972345,78.7,9.8,0.1,0.0,4.0,3D,2025-08-18 19:11:30-04:00,POINT (-80.972345 33.97251)
2025-08-18 14:49:06 UTC,sensor04,300372246,26.38,85.62,2025-08-18 23:11:35+00:00,33.972267,-80.971865,79.6,10.52,0.1,0.0,4.0,3D,2025-08-18 19:11:35-04:00,POINT (-80.971865 33.972267)
2025-08-18 14:49:11 UTC,sensor04,300372246,26.36,85.03,2025-08-18 23:11:40+00:00,33.972057,-80.971493,80.4,6.04,0.1,0.0,8.0,3D,2025-08-18 19:11:40-04:00,POINT (-80.971493 33.972057)
2025-08-18 14:49:16 UTC,sensor04,300372246,26.36,84.84,2025-08-18 23:11:44+00:00,33.97196,-80.971253,80.8,7.95,0.1,114.27,9.0,3D,2025-08-18 19:11:44-04:00,POINT (-80.971253 33.97196)
2025-08-18 14:49:21 UTC,sensor04,300372246,26.39,84.68,2025-08-18 23:11:50+00:00,33.971667,-80.970698,81.6,10.69,0.2,0.0,9.0,3D,2025-08-18 19:11:50-04:00,POINT (-80.970698 33.971667)
2025-08-18 14:49:26 UTC,sensor04,300372246,26.35,84.56,2025-08-18 23:11:55+00:00,33.971438,-80.970257,81.6,8.19,-0.1,118.64,9.0,3D,2025-08-18 19:11:55-04:00,POINT (-80.970257 33.971438)
2025-08-18 14:49:31 UTC,sensor04,300372246,26.32,84.6,2025-08-18 23:12:00+00:00,33.971272,-80.970038,79.0,3.95,-0.1,151.78,9.0,3D,2025-08-18 19:12:00-04:00,POINT (-80.970038 33.971272)
2025-08-18 14:49:36 UTC,sensor04,300372246,26.4,84.63,2025-08-18 23:12:05+00:00,33.971217,-80.969862,75.4,6.14,0.0,83.86,9.0,3D,2025-08-18 19:12:05-04:00,POINT (-80.969862 33.971217)
2025-08-18 14:49:41 UTC,sensor04,300372246,26.59,84.25,2025-08-18 23:12:10+00:00,33.971272,-80.969427,75.6,9.39,0.0,85.96,9.0,3D,2025-08-18 19:12:10-04:00,POINT (-80.969427 33.971272)
2025-08-18 14:49:46 UTC,sensor04,300372246,26.59,83.76,2025-08-18 23:12:15+00:00,33.971268,-80.968978,75.7,7.05,0.0,93.16,9.0,3D,2025-08-18 19:12:15-04:00,POINT (-80.968978 33.971268)
2025-08-18 14:50:02 UTC,sensor04,300372246,26.76,83.29,2025-08-18 23:12:30+00:00,33.971448,-80.968647,77.8,6.67,0.3,18.11,9.0,3D,2025-08-18 19:12:30-04:00,POINT (-80.968647 33.971448)
2025-08-18 14:50:07 UTC,sensor04,300372246,26.81,83.02,2025-08-18 23:12:35+00:00,33.971953,-80.96854,78.9,11.83,0.2,9.82,9.0,3D,2025-08-18 19:12:35-04:00,POINT (-80.96854 33.971953)
2025-08-18 14:50:12 UTC,sensor04,300372246,26.69,82.81,2025-08-18 23:12:40+00:00,33.97254,-80.968412,76.9,12.58,-2.8,10.12,9.0,3D,2025-08-18 19:12:40-04:00,POINT (-80.968412 33.97254)
2025-08-18 14:50:17 UTC,sensor04,300372246,26.66,82.53,2025-08-18 23:12:45+00:00,33.97307,-80.968285,77.5,10.93,0.2,13.01,9.0,3D,2025-08-18 19:12:45-04:00,POINT (-80.968285 33.97307)
2025-08-18 14:50:22 UTC,sensor04,300372246,26.58,82.65,2025-08-18 23:12:50+00:00,33.973412,-80.968192,78.4,5.11,0.1,25.75,9.0,3D,2025-08-18 19:12:50-04:00,POINT (-80.968192 33.973412)
2025-08-18 14:50:27 UTC,sensor04,300372246,26.53,82.69,2025-08-18 23:12:55+00:00,33.973365,-80.967952,78.5,7.33,-0.1,115.49,9.0,3D,2025-08-18 19:12:55-04:00,POINT (-80.967952 33.973365)
2025-08-18 14:50:32 UTC,sensor04,300372246,26.47,83.28,2025-08-18 23:13:00+00:00,33.973078,-80.967477,77.5,10.81,0.0,121.97,9.0,3D,2025-08-18 19:13:00-04:00,POINT (-80.967477 33.973078)
2025-08-18 14:50:37 UTC,sensor04,300372246,26.45,83.54,2025-08-18 23:13:06+00:00,33.972792,-80.966923,77.6,9.47,0.0,0.0,9.0,3D,2025-08-18 19:13:06-04:00,POINT (-80.966923 33.972792)
2025-08-18 14:50:42 UTC,sensor04,300372246,26.5,83.7,2025-08-18 23:13:11+00:00,33.972617,-80.966472,77.9,9.16,0.1,0.0,9.0,3D,2025-08-18 19:13:11-04:00,POINT (-80.966472 33.972617)
2025-08-18 14:50:47 UTC,sensor04,300372246,26.43,83.86,2025-08-18 23:13:16+00:00,33.972705,-80.966005,78.5,9.08,0.2,0.0,9.0,3D,2025-08-18 19:13:16-04:00,POINT (-80.966005 33.972705)
2025-08-18 14:50:52 UTC,sensor04,300372246,26.41,84.08,2025-08-18 23:13:21+00:00,33.973068,-80.965685,76.6,10.23,0.1,31.92,9.0,3D,2025-08-18 19:13:21-04:00,POINT (-80.965685 33.973068)
2025-08-18 14:50:57 UTC,sensor04,300372246,26.45,84.23,2025-08-18 23:13:26+00:00,33.973437,-80.965488,77.4,5.85,0.3,24.81,9.0,3D,2025-08-18 19:13:26-04:00,POINT (-80.965488 33.973437)
2025-08-18 14:51:02 UTC,sensor04,300372246,26.57,84.2,2025-08-18 23:13:31+00:00,33.97352,-80.96527,78.5,6.01,0.2,95.47,9.0,3D,2025-08-18 19:13:31-04:00,POINT (-80.96527 33.97352)
2025-08-18 14:51:07 UTC,sensor04,300372246,26.61,83.98,2025-08-18 23:13:36+00:00,33.973327,-80.964782,80.0,10.93,0.4,119.57,9.0,3D,2025-08-18 19:13:36-04:00,POINT (-80.964782 33.973327)
2025-08-18 14:51:12 UTC,sensor04,300372246,26.62,83.8,2025-08-18 23:13:41+00:00,33.973058,-80.964247,81.2,11.46,0.3,120.78,9.0,3D,2025-08-18 19:13:41-04:00,POINT (-80.964247 33.973058)
2025-08-18 14:51:17 UTC,sensor04,300372246,26.57,83.69,2025-08-18 23:13:45+00:00,33.97284,-80.963833,81.9,11.1,0.2,121.76,9.0,3D,2025-08-18 19:13:45-04:00,POINT (-80.963833 33.97284)
2025-08-18 14:51:22 UTC,sensor04,300372246,26.56,83.34,2025-08-18 23:13:51+00:00,33.972525,-80.963207,82.7,11.55,0.1,120.91,9.0,3D,2025-08-18 19:13:51-04:00,POINT (-80.963207 33.972525)
2025-08-18 14:51:27 UTC,sensor04,300372246,26.74,83.27,2025-08-18 23:13:51+00:00,33.972525,-80.963207,82.7,11.55,0.1,120.91,9.0,3D,2025-08-18 19:13:51-04:00,POINT (-80.963207 33.972525)
2025-08-18 14:51:32 UTC,sensor04,300372246,26.85,82.67,2025-08-18 23:14:01+00:00,33.97199,-80.962142,83.8,11.34,0.1,120.72,9.0,3D,2025-08-18 19:14:01-04:00,POINT (-80.962142 33.97199)
2025-08-18 14:51:37 UTC,sensor04,300372246,26.87,81.86,2025-08-18 23:14:06+00:00,33.971737,-80.96162,84.0,10.95,0.0,119.13,9.0,3D,2025-08-18 19:14:06-04:00,POINT (-80.96162 33.971737)
2025-08-18 14:51:43 UTC,sensor04,300372246,26.87,81.21,2025-08-18 23:14:11+00:00,33.971503,-80.961138,83.8,9.45,0.0,120.58,9.0,3D,2025-08-18 19:14:11-04:00,POINT (-80.961138 33.971503)
2025-08-18 14:51:48 UTC,sensor04,300372246,26.96,81.31,2025-08-18 23:14:16+00:00,33.971288,-80.96075,83.5,7.16,-0.2,125.6,9.0,3D,2025-08-18 19:14:16-04:00,POINT (-80.96075 33.971288)
2025-08-18 14:51:58 UTC,sensor04,300372246,27.0,81.04,2025-08-18 23:14:26+00:00,33.971282,-80.960427,81.9,6.07,-0.2,41.83,9.0,3D,2025-08-18 19:14:26-04:00,POINT (-80.960427 33.971282)
2025-08-18 14:52:03 UTC,sensor04,300372246,27.03,80.48,2025-08-18 23:14:31+00:00,33.971553,-80.9602,78.6,5.91,-0.2,52.52,9.0,3D,2025-08-18 19:14:31-04:00,POINT (-80.9602 33.971553)
2025-08-18 14:52:08 UTC,sensor04,300372246,27.09,80.33,2025-08-18 23:14:36+00:00,33.971508,-80.95987,78.1,7.27,-0.1,119.08,9.0,3D,2025-08-18 19:14:36-04:00,POINT (-80.95987 33.971508)
2025-08-18 14:52:13 UTC,sensor04,300372246,27.02,79.85,2025-08-18 23:14:41+00:00,33.971387,-80.959615,77.4,4.77,-0.2,119.12,9.0,3D,2025-08-18 19:14:41-04:00,POINT (-80.959615 33.971387)
2025-08-18 14:52:18 UTC,sensor04,300372246,27.12,79.69,2025-08-18 23:14:47+00:00,33.971248,-80.959338,76.2,2.65,-0.2,0.0,9.0,3D,2025-08-18 19:14:47-04:00,POINT (-80.959338 33.971248)
2025-08-18 14:52:23 UTC,sensor04,300372246,27.09,79.47,2025-08-18 23:14:52+00:00,33.971298,-80.959193,73.5,5.68,-0.2,0.0,9.0,3D,2025-08-18 19:14:52-04:00,POINT (-80.959193 33.971298)
2025-08-18 14:52:28 UTC,sensor04,300372246,27.16,79.42,2025-08-18 23:14:57+00:00,33.971645,-80.958933,72.8,9.68,0.1,0.0,9.0,3D,2025-08-18 19:14:57-04:00,POINT (-80.958933 33.971645)
2025-08-18 14:52:33 UTC,sensor04,300372246,27.26,79.16,2025-08-18 23:15:02+00:00,33.972052,-80.95864,71.9,10.63,-0.3,34.8,9.0,3D,2025-08-18 19:15:02-04:00,POINT (-80.95864 33.972052)
2025-08-18 14:52:38 UTC,sensor04,300372246,27.22,78.7,2025-08-18 23:15:07+00:00,33.972455,-80.95836,71.1,9.67,-0.1,24.87,9.0,3D,2025-08-18 19:15:07-04:00,POINT (-80.95836 33.972455)
2025-08-18 14:52:43 UTC,sensor04,300372246,27.2,78.7,2025-08-18 23:15:12+00:00,33.972908,-80.958288,71.3,10.36,0.1,357.09,9.0,3D,2025-08-18 19:15:12-04:00,POINT (-80.958288 33.972908)
2025-08-18 14:52:48 UTC,sensor04,300372246,27.13,78.21,2025-08-18 23:15:17+00:00,33.973332,-80.958268,71.6,8.48,0.0,10.57,9.0,3D,2025-08-18 19:15:17-04:00,POINT (-80.958268 33.973332)
2025-08-18 14:52:53 UTC,sensor04,300372246,27.09,78.25,2025-08-18 23:15:22+00:00,33.973648,-80.958222,72.1,6.0,0.1,332.56,9.0,3D,2025-08-18 19:15:22-04:00,POINT (-80.958222 33.973648)
2025-08-18 14:52:58 UTC,sensor04,300372246,27.0,79.14,2025-08-18 23:15:27+00:00,33.973827,-80.95853,71.8,6.29,-0.1,297.31,9.0,3D,2025-08-18 19:15:27-04:00,POINT (-80.95853 33.973827)
2025-08-18 14:53:03 UTC,sensor04,300372246,26.99,79.18,2025-08-18 23:15:32+00:00,33.973843,-80.958907,71.7,7.83,-0.1,256.83,9.0,3D,2025-08-18 19:15:32-04:00,POINT (-80.958907 33.973843)
2025-08-18 14:53:08 UTC,sensor04,300372246,26.92,78.98,2025-08-18 23:15:37+00:00,33.973675,-80.959243,71.5,6.01,0.0,219.64,9.0,3D,2025-08-18 19:15:37-04:00,POINT (-80.959243 33.973675)
2025-08-18 14:53:13 UTC,sensor04,300372246,26.95,78.96,2025-08-18 23:15:42+00:00,33.973363,-80.959458,70.5,8.34,-0.1,210.25,9.0,3D,2025-08-18 19:15:42-04:00,POINT (-80.959458 33.973363)
2025-08-18 14:53:18 UTC,sensor04,300372246,26.94,79.0,2025-08-18 23:15:46+00:00,33.973145,-80.959705,70.3,8.08,0.0,237.41,9.0,3D,2025-08-18 19:15:46-04:00,POINT (-80.959705 33.973145)
2025-08-18 14:53:23 UTC,sensor04,300372246,26.82,79.09,2025-08-18 23:15:46+00:00,33.973145,-80.959705,70.3,8.08,0.0,237.41,9.0,3D,2025-08-18 19:15:46-04:00,POINT (-80.959705 33.973145)
2025-08-18 14:53:28 UTC,sensor04,300372246,26.87,79.46,2025-08-18 23:15:57+00:00,33.973393,-80.960602,70.7,8.97,0.0,322.27,9.0,3D,2025-08-18 19:15:57-04:00,POINT (-80.960602 33.973393)
2025-08-18 14:53:34 UTC,sensor04,300372246,26.82,79.86,2025-08-18 23:16:02+00:00,33.973668,-80.960877,71.0,6.99,0.1,311.19,9.0,3D,2025-08-18 19:16:02-04:00,POINT (-80.960877 33.973668)
2025-08-18 14:53:39 UTC,sensor04,300372246,26.71,79.64,2025-08-18 23:16:07+00:00,33.973842,-80.961198,71.6,7.49,0.1,309.34,9.0,3D,2025-08-18 19:16:07-04:00,POINT (-80.961198 33.973842)
2025-08-18 14:53:44 UTC,sensor04,300372246,26.67,80.18,2025-08-18 23:16:12+00:00,33.974133,-80.96151,72.1,9.44,0.1,317.27,9.0,3D,2025-08-18 19:16:12-04:00,POINT (-80.96151 33.974133)
2025-08-18 14:53:49 UTC,sensor04,300372246,26.68,80.49,2025-08-18 23:16:17+00:00,33.974477,-80.961858,72.9,10.06,0.1,319.07,9.0,3D,2025-08-18 19:16:17-04:00,POINT (-80.961858 33.974477)
2025-08-18 14:53:54 UTC,sensor04,300372246,26.77,80.59,2025-08-18 23:16:22+00:00,33.974838,-80.962195,73.5,9.76,0.0,318.97,10.0,3D,2025-08-18 19:16:22-04:00,POINT (-80.962195 33.974838)
2025-08-18 14:53:59 UTC,sensor04,300372246,26.73,80.56,2025-08-18 23:16:27+00:00,33.975143,-80.962503,74.3,8.3,0.2,317.24,9.0,3D,2025-08-18 19:16:27-04:00,POINT (-80.962503 33.975143)
2025-08-18 14:54:04 UTC,sensor04,300372246,26.6,81.25,2025-08-18 23:16:32+00:00,33.975357,-80.96275,76.1,5.1,0.7,318.37,9.0,3D,2025-08-18 19:16:32-04:00,POINT (-80.96275 33.975357)
2025-08-18 14:54:09 UTC,sensor04,300372246,26.63,81.55,2025-08-18 23:16:37+00:00,33.975427,-80.962845,77.8,2.43,0.1,324.56,9.0,3D,2025-08-18 19:16:37-04:00,POINT (-80.962845 33.975427)
2025-08-18 14:54:14 UTC,sensor04,300372246,26.54,81.86,2025-08-18 23:16:43+00:00,33.975703,-80.963068,78.9,8.26,0.2,0.0,9.0,3D,2025-08-18 19:16:43-04:00,POINT (-80.963068 33.975703)
2025-08-18 14:54:19 UTC,sensor04,300372246,26.52,82.06,2025-08-18 23:16:48+00:00,33.976035,-80.963315,80.0,8.25,0.3,0.0,9.0,3D,2025-08-18 19:16:48-04:00,POINT (-80.963315 33.976035)
2025-08-18 14:54:24 UTC,sensor04,300372246,26.58,82.35,2025-08-18 23:16:53+00:00,33.976397,-80.963545,80.9,9.61,0.1,0.0,9.0,3D,2025-08-18 19:16:53-04:00,POINT (-80.963545 33.976397)
2025-08-18 14:54:29 UTC,sensor04,300372246,26.5,82.32,2025-08-18 23:16:58+00:00,33.976657,-80.963695,81.6,2.42,0.0,0.0,9.0,3D,2025-08-18 19:16:58-04:00,POINT (-80.963695 33.976657)
2025-08-18 14:54:34 UTC,sensor04,300372246,26.5,82.34,2025-08-18 23:17:03+00:00,33.976753,-80.963555,81.2,5.44,-0.5,65.54,9.0,3D,2025-08-18 19:17:03-04:00,POINT (-80.963555 33.976753)
2025-08-18 14:54:39 UTC,sensor04,300372246,26.59,82.53,2025-08-18 23:17:08+00:00,33.976835,-80.963293,80.5,3.73,-0.1,63.6,9.0,3D,2025-08-18 19:17:08-04:00,POINT (-80.963293 33.976835)
2025-08-18 14:54:44 UTC,sensor04,300372246,26.62,82.38,2025-08-18 23:17:13+00:00,33.976977,-80.963055,80.1,6.71,-0.1,48.9,9.0,3D,2025-08-18 19:17:13-04:00,POINT (-80.963055 33.976977)
2025-08-18 14:54:49 UTC,sensor04,300372246,26.63,82.16,2025-08-18 23:17:18+00:00,33.977118,-80.962803,80.2,3.5,0.0,65.76,9.0,3D,2025-08-18 19:17:18-04:00,POINT (-80.962803 33.977118)
2025-08-18 14:54:54 UTC,sensor04,300372246,26.62,82.07,2025-08-18 23:17:23+00:00,33.977202,-80.962717,80.2,4.48,0.1,7.68,9.0,3D,2025-08-18 19:17:23-04:00,POINT (-80.962717 33.977202)
2025-08-18 14:54:59 UTC,sensor04,300372246,26.66,82.13,2025-08-18 23:17:28+00:00,33.977435,-80.962773,80.7,5.21,0.0,353.19,9.0,3D,2025-08-18 19:17:28-04:00,POINT (-80.962773 33.977435)
2025-08-18 14:55:04 UTC,sensor04,300372246,26.57,82.0,2025-08-18 23:17:33+00:00,33.977653,-80.962768,81.2,4.1,0.1,11.95,9.0,3D,2025-08-18 19:17:33-04:00,POINT (-80.962768 33.977653)
2025-08-18 14:55:09 UTC,sensor04,300372246,26.54,82.25,2025-08-18 23:17:38+00:00,33.977827,-80.962673,81.2,4.9,-0.1,33.8,9.0,3D,2025-08-18 19:17:38-04:00,POINT (-80.962673 33.977827)
2025-08-18 14:55:14 UTC,sensor04,300372246,26.55,82.31,2025-08-18 23:17:43+00:00,33.977982,-80.962515,81.4,3.89,0.0,44.45,9.0,3D,2025-08-18 19:17:43-04:00,POINT (-80.962515 33.977982)
2025-08-18 14:55:29 UTC,sensor04,300372246,26.53,82.71,2025-08-18 23:17:58+00:00,33.978333,-80.962075,81.3,4.23,0.1,48.25,9.0,3D,2025-08-18 19:17:58-04:00,POINT (-80.962075 33.978333)
2025-08-18 14:55:35 UTC,sensor04,300372246,26.56,82.86,2025-08-18 23:18:03+00:00,33.978452,-80.961927,81.6,2.6,0.0,48.07,9.0,3D,2025-08-18 19:18:03-04:00,POINT (-80.961927 33.978452)
2025-08-18 22:55:05 UTC,sensor05,236476602,25.76,90.73,2025-08-18 22:55:03+00:00,34.002532,-81.013123,73.6,4.3,-0.12,310.93,11.0,3D,2025-08-18 18:55:03-04:00,POINT (-81.013123 34.002532)
2025-08-18 22:55:10 UTC,sensor05,236476602,25.76,91.02,2025-08-18 22:55:03+00:00,34.002532,-81.013123,73.6,4.3,-0.12,310.93,11.0,3D,2025-08-18 18:55:03-04:00,POINT (-81.013123 34.002532)
2025-08-18 22:55:20 UTC,sensor05,236476602,25.66,90.95,2025-08-18 22:55:20+00:00,34.00265,-81.013565,71.5,3.88,-0.2,230.58,11.0,3D,2025-08-18 18:55:20-04:00,POINT (-81.013565 34.00265)
2025-08-18 22:55:26 UTC,sensor05,236476602,25.65,90.49,2025-08-18 22:55:22+00:00,34.002588,-81.013645,71.4,5.44,0.0,0.0,11.0,3D,2025-08-18 18:55:22-04:00,POINT (-81.013645 34.002588)
2025-08-18 22:55:31 UTC,sensor05,236476602,25.75,91.56,2025-08-18 22:55:22+00:00,34.002588,-81.013645,71.4,5.44,0.0,0.0,11.0,3D,2025-08-18 18:55:22-04:00,POINT (-81.013645 34.002588)
2025-08-18 22:55:36 UTC,sensor05,236476602,25.68,91.69,2025-08-18 22:55:22+00:00,34.002588,-81.013645,71.4,5.44,0.0,0.0,11.0,3D,2025-08-18 18:55:22-04:00,POINT (-81.013645 34.002588)
2025-08-18 22:55:41 UTC,sensor05,236476602,25.73,91.29,2025-08-18 22:55:22+00:00,34.002588,-81.013645,71.4,5.44,0.0,0.0,11.0,3D,2025-08-18 18:55:22-04:00,POINT (-81.013645 34.002588)
2025-08-18 22:55:46 UTC,sensor05,236476602,25.71,90.34,2025-08-18 22:55:45+00:00,34.001827,-81.014523,68.5,6.02,-0.3,215.07,11.0,3D,2025-08-18 18:55:45-04:00,POINT (-81.014523 34.001827)
2025-08-18 22:55:51 UTC,sensor05,236476602,25.74,90.27,2025-08-18 22:55:47+00:00,34.001737,-81.01458,67.4,6.26,-0.4,0.0,11.0,3D,2025-08-18 18:55:47-04:00,POINT (-81.01458 34.001737)
2025-08-18 22:55:56 UTC,sensor05,236476602,25.7,90.5,2025-08-18 22:55:54+00:00,34.001385,-81.014863,65.2,7.02,-0.31,211.83,11.0,3D,2025-08-18 18:55:54-04:00,POINT (-81.014863 34.001385)
2025-08-18 22:56:01 UTC,sensor05,236476602,25.72,90.65,2025-08-18 22:56:00+00:00,34.001098,-81.015075,63.1,6.03,-0.3,0.0,11.0,3D,2025-08-18 18:56:00-04:00,POINT (-81.015075 34.001098)
2025-08-18 22:56:06 UTC,sensor05,236476602,25.69,90.89,2025-08-18 22:56:04+00:00,34.000907,-81.015228,62.4,6.06,-0.17,211.4,11.0,3D,2025-08-18 18:56:04-04:00,POINT (-81.015228 34.000907)
2025-08-18 22:56:11 UTC,sensor05,236476602,25.76,90.9,2025-08-18 22:56:11+00:00,34.00067,-81.01562,61.4,6.44,0.2,246.46,11.0,3D,2025-08-18 18:56:11-04:00,POINT (-81.01562 34.00067)
2025-08-18 22:56:16 UTC,sensor05,236476602,25.82,91.07,2025-08-18 22:56:16+00:00,34.00058,-81.015918,60.4,5.34,-0.3,252.92,11.0,3D,2025-08-18 18:56:16-04:00,POINT (-81.015918 34.00058)
2025-08-18 22:56:21 UTC,sensor05,236476602,25.97,90.03,2025-08-18 22:56:19+00:00,34.000538,-81.016067,59.7,4.7,-0.2,0.0,11.0,3D,2025-08-18 18:56:19-04:00,POINT (-81.016067 34.000538)
2025-08-18 22:56:26 UTC,sensor05,236476602,26.08,88.93,2025-08-18 22:56:23+00:00,34.00047,-81.016227,58.4,4.41,-0.3,240.25,11.0,3D,2025-08-18 18:56:23-04:00,POINT (-81.016227 34.00047)
2025-08-18 22:57:42 UTC,sensor05,236476602,26.7,88.1,2025-08-18 22:57:41+00:00,34.000378,-81.016585,47.0,2.44,-0.1,234.12,11.0,3D,2025-08-18 18:57:41-04:00,POINT (-81.016585 34.000378)
2025-08-18 22:57:47 UTC,sensor05,236476602,26.85,86.82,2025-08-18 22:57:46+00:00,34.000138,-81.016652,48.0,6.71,0.6,162.63,11.0,3D,2025-08-18 18:57:46-04:00,POINT (-81.016652 34.000138)
2025-08-18 22:57:52 UTC,sensor05,236476602,26.84,85.96,2025-08-18 22:57:51+00:00,33.999795,-81.016485,48.5,8.64,0.2,160.9,11.0,3D,2025-08-18 18:57:51-04:00,POINT (-81.016485 33.999795)
2025-08-18 22:57:57 UTC,sensor05,236476602,26.85,85.64,2025-08-18 22:57:56+00:00,33.999432,-81.01632,51.6,7.76,0.4,156.52,11.0,3D,2025-08-18 18:57:56-04:00,POINT (-81.01632 33.999432)
2025-08-18 22:58:02 UTC,sensor05,236476602,26.83,85.58,2025-08-18 22:58:01+00:00,33.999172,-81.016182,53.4,3.94,0.3,160.97,11.0,3D,2025-08-18 18:58:01-04:00,POINT (-81.016182 33.999172)
2025-08-18 22:59:02 UTC,sensor05,236476602,26.88,85.36,2025-08-18 22:59:02+00:00,33.999042,-81.016133,52.6,4.89,-0.2,159.8,11.0,3D,2025-08-18 18:59:02-04:00,POINT (-81.016133 33.999042)
2025-08-18 22:59:07 UTC,sensor05,236476602,26.78,85.3,2025-08-18 22:59:07+00:00,33.998703,-81.016,52.5,9.23,0.0,160.04,11.0,3D,2025-08-18 18:59:07-04:00,POINT (-81.016 33.998703)
2025-08-18 22:59:12 UTC,sensor05,236476602,26.58,85.54,2025-08-18 22:59:12+00:00,33.998277,-81.015798,52.6,10.05,-0.2,160.74,11.0,3D,2025-08-18 18:59:12-04:00,POINT (-81.015798 33.998277)
2025-08-18 22:59:17 UTC,sensor05,236476602,26.39,86.91,2025-08-18 22:59:17+00:00,33.997878,-81.015622,53.1,7.49,0.2,160.82,11.0,3D,2025-08-18 18:59:17-04:00,POINT (-81.015622 33.997878)
2025-08-18 22:59:37 UTC,sensor05,236476602,26.21,87.99,2025-08-18 22:59:37+00:00,33.997685,-81.0155,54.0,3.71,-0.2,156.24,11.0,3D,2025-08-18 18:59:37-04:00,POINT (-81.0155 33.997685)
2025-08-18 22:59:42 UTC,sensor05,236476602,26.0,88.61,2025-08-18 22:59:42+00:00,33.997407,-81.015365,55.1,8.68,0.1,159.42,11.0,3D,2025-08-18 18:59:42-04:00,POINT (-81.015365 33.997407)
2025-08-18 22:59:47 UTC,sensor05,236476602,25.82,89.28,2025-08-18 22:59:47+00:00,33.997028,-81.01518,56.5,9.26,0.4,156.61,11.0,3D,2025-08-18 18:59:47-04:00,POINT (-81.01518 33.997028)
2025-08-18 22:59:53 UTC,sensor05,236476602,25.66,90.11,2025-08-18 22:59:52+00:00,33.996597,-81.014987,58.3,10.01,0.3,158.47,11.0,3D,2025-08-18 18:59:52-04:00,POINT (-81.014987 33.996597)
2025-08-18 22:59:58 UTC,sensor05,236476602,25.61,90.16,2025-08-18 22:59:57+00:00,33.996158,-81.014788,60.7,9.79,0.4,158.8,11.0,3D,2025-08-18 18:59:57-04:00,POINT (-81.014788 33.996158)
2025-08-18 23:00:03 UTC,sensor05,236476602,25.56,90.95,2025-08-18 23:00:02+00:00,33.995728,-81.014552,62.4,10.52,0.3,153.96,11.0,3D,2025-08-18 19:00:02-04:00,POINT (-81.014552 33.995728)
2025-08-18 23:00:08 UTC,sensor05,236476602,25.5,90.96,2025-08-18 23:00:07+00:00,33.995292,-81.014282,63.6,10.64,0.2,0.0,11.0,3D,2025-08-18 19:00:07-04:00,POINT (-81.014282 33.995292)
2025-08-18 23:00:13 UTC,sensor05,236476602,25.5,91.22,2025-08-18 23:00:11+00:00,33.994908,-81.014068,0.0,12.06,0.0,155.28,11.0,3D,2025-08-18 19:00:11-04:00,POINT (-81.014068 33.994908)
2025-08-18 23:00:18 UTC,sensor05,236476602,25.44,91.74,2025-08-18 23:00:18+00:00,33.994245,-81.013725,66.4,10.3,0.2,0.0,11.0,3D,2025-08-18 19:00:18-04:00,POINT (-81.013725 33.994245)
2025-08-18 23:00:23 UTC,sensor05,236476602,25.49,91.52,2025-08-18 23:00:23+00:00,33.993808,-81.013498,67.5,10.07,0.1,0.0,11.0,3D,2025-08-18 19:00:23-04:00,POINT (-81.013498 33.993808)
2025-08-18 23:00:28 UTC,sensor05,236476602,25.44,91.05,2025-08-18 23:00:28+00:00,33.99351,-81.013347,68.3,4.64,0.2,0.0,11.0,3D,2025-08-18 19:00:28-04:00,POINT (-81.013347 33.99351)
2025-08-18 23:00:33 UTC,sensor05,236476602,25.52,91.12,2025-08-18 23:00:33+00:00,33.99344,-81.013312,69.5,2.3,0.3,0.0,11.0,3D,2025-08-18 19:00:33-04:00,POINT (-81.013312 33.99344)
2025-08-18 23:00:38 UTC,sensor05,236476602,25.62,91.74,2025-08-18 23:00:38+00:00,33.993197,-81.013198,71.1,7.84,0.4,0.0,4.0,3D,2025-08-18 19:00:38-04:00,POINT (-81.013198 33.993197)
2025-08-18 23:00:43 UTC,sensor05,236476602,25.7,91.7,2025-08-18 23:00:43+00:00,33.992815,-81.013007,72.5,10.07,0.3,0.0,8.0,3D,2025-08-18 19:00:43-04:00,POINT (-81.013007 33.992815)
2025-08-18 23:00:48 UTC,sensor05,236476602,25.65,91.52,2025-08-18 23:00:48+00:00,33.992403,-81.012825,73.4,9.67,0.1,0.0,8.0,3D,2025-08-18 19:00:48-04:00,POINT (-81.012825 33.992403)
2025-08-18 23:00:53 UTC,sensor05,236476602,25.57,92.07,2025-08-18 23:00:53+00:00,33.991992,-81.012653,74.5,10.18,0.2,0.0,11.0,3D,2025-08-18 19:00:53-04:00,POINT (-81.012653 33.991992)
2025-08-18 23:00:58 UTC,sensor05,236476602,25.49,92.04,2025-08-18 23:00:58+00:00,33.991543,-81.012407,76.0,10.2,0.1,159.87,11.0,3D,2025-08-18 19:00:58-04:00,POINT (-81.012407 33.991543)
2025-08-18 23:01:03 UTC,sensor05,236476602,25.4,92.16,2025-08-18 23:01:03+00:00,33.991138,-81.012207,76.8,8.83,0.1,156.64,11.0,3D,2025-08-18 19:01:03-04:00,POINT (-81.012207 33.991138)
2025-08-18 23:01:08 UTC,sensor05,236476602,25.32,91.55,2025-08-18 23:01:08+00:00,33.99089,-81.012137,77.5,4.74,0.1,186.82,11.0,3D,2025-08-18 19:01:08-04:00,POINT (-81.012137 33.99089)
2025-08-18 23:01:13 UTC,sensor05,236476602,25.31,92.03,2025-08-18 23:01:13+00:00,33.990783,-81.012388,77.7,6.47,0.1,237.17,11.0,3D,2025-08-18 19:01:13-04:00,POINT (-81.012388 33.990783)
2025-08-18 23:01:18 UTC,sensor05,236476602,25.35,92.87,2025-08-18 23:01:18+00:00,33.990677,-81.012862,78.9,8.87,0.6,247.7,11.0,3D,2025-08-18 19:01:18-04:00,POINT (-81.012862 33.990677)
2025-08-18 23:01:23 UTC,sensor05,236476602,25.5,93.19,2025-08-18 23:01:23+00:00,33.990572,-81.013292,82.1,7.9,0.7,256.15,11.0,3D,2025-08-18 19:01:23-04:00,POINT (-81.013292 33.990572)
2025-08-18 23:01:28 UTC,sensor05,236476602,25.53,93.18,2025-08-18 23:01:28+00:00,33.990438,-81.013738,86.8,8.46,0.9,250.59,11.0,3D,2025-08-18 19:01:28-04:00,POINT (-81.013738 33.990438)
2025-08-18 23:01:33 UTC,sensor05,236476602,25.54,92.76,2025-08-18 23:01:33+00:00,33.990405,-81.013987,90.0,3.52,0.4,298.45,11.0,3D,2025-08-18 19:01:33-04:00,POINT (-81.013987 33.990405)
2025-08-18 23:01:38 UTC,sensor05,236476602,25.45,92.57,2025-08-18 23:01:38+00:00,33.990377,-81.014075,91.3,4.07,0.1,250.72,11.0,3D,2025-08-18 19:01:38-04:00,POINT (-81.014075 33.990377)
2025-08-18 23:01:43 UTC,sensor05,236476602,25.35,92.8,2025-08-18 23:01:43+00:00,33.990255,-81.014428,93.1,7.95,0.2,251.56,11.0,3D,2025-08-18 19:01:43-04:00,POINT (-81.014428 33.990255)
2025-08-18 23:01:49 UTC,sensor05,236476602,25.34,93.06,2025-08-18 23:01:48+00:00,33.990123,-81.014862,94.7,8.67,0.5,253.75,11.0,3D,2025-08-18 19:01:48-04:00,POINT (-81.014862 33.990123)
2025-08-18 23:01:54 UTC,sensor05,236476602,25.51,93.0,2025-08-18 23:01:53+00:00,33.989967,-81.01536,95.9,10.01,0.3,249.02,11.0,3D,2025-08-18 19:01:53-04:00,POINT (-81.01536 33.989967)
2025-08-18 23:01:59 UTC,sensor05,236476602,25.44,92.87,2025-08-18 23:01:58+00:00,33.989825,-81.015822,96.8,7.95,0.1,248.43,11.0,3D,2025-08-18 19:01:58-04:00,POINT (-81.015822 33.989825)
2025-08-18 23:02:04 UTC,sensor05,236476602,25.46,93.2,2025-08-18 23:02:03+00:00,33.9898,-81.016028,97.6,2.24,0.1,269.91,11.0,3D,2025-08-18 19:02:03-04:00,POINT (-81.016028 33.9898)
2025-08-18 23:02:09 UTC,sensor05,236476602,25.51,93.48,2025-08-18 23:02:07+00:00,33.989752,-81.016148,98.1,4.33,0.2,250.49,11.0,3D,2025-08-18 19:02:07-04:00,POINT (-81.016148 33.989752)
2025-08-18 23:02:14 UTC,sensor05,236476602,25.33,93.06,2025-08-18 23:02:07+00:00,33.989752,-81.016148,98.1,4.33,0.2,250.49,11.0,3D,2025-08-18 19:02:07-04:00,POINT (-81.016148 33.989752)
2025-08-18 23:02:19 UTC,sensor05,236476602,25.3,92.96,2025-08-18 23:02:19+00:00,33.989407,-81.017038,100.0,9.26,0.2,0.0,10.0,3D,2025-08-18 19:02:19-04:00,POINT (-81.017038 33.989407)
2025-08-18 23:02:24 UTC,sensor05,236476602,25.28,92.55,2025-08-18 23:02:24+00:00,33.989248,-81.017498,99.6,8.46,-0.2,0.0,10.0,3D,2025-08-18 19:02:24-04:00,POINT (-81.017498 33.989248)
2025-08-18 23:02:29 UTC,sensor05,236476602,25.26,92.42,2025-08-18 23:02:29+00:00,33.989115,-81.017887,99.5,7.83,0.0,0.0,10.0,3D,2025-08-18 19:02:29-04:00,POINT (-81.017887 33.989115)
2025-08-18 23:02:39 UTC,sensor05,236476602,25.3,92.63,2025-08-18 23:02:39+00:00,33.989013,-81.018297,101.3,3.64,0.5,258.34,10.0,3D,2025-08-18 19:02:39-04:00,POINT (-81.018297 33.989013)
2025-08-18 23:02:44 UTC,sensor05,236476602,25.21,92.24,2025-08-18 23:02:44+00:00,33.988922,-81.018617,102.2,6.64,0.2,247.01,10.0,3D,2025-08-18 19:02:44-04:00,POINT (-81.018617 33.988922)
2025-08-18 23:02:49 UTC,sensor05,236476602,25.27,92.8,2025-08-18 23:02:49+00:00,33.988832,-81.019003,103.0,7.46,0.1,262.28,10.0,3D,2025-08-18 19:02:49-04:00,POINT (-81.019003 33.988832)
2025-08-18 23:02:54 UTC,sensor05,236476602,25.31,92.93,2025-08-18 23:02:54+00:00,33.988707,-81.019418,103.4,6.98,0.0,257.03,10.0,3D,2025-08-18 19:02:54-04:00,POINT (-81.019418 33.988707)
2025-08-18 23:02:59 UTC,sensor05,236476602,25.36,93.16,2025-08-18 23:02:59+00:00,33.98852,-81.019865,102.9,7.81,0.0,250.51,10.0,3D,2025-08-18 19:02:59-04:00,POINT (-81.019865 33.98852)
2025-08-18 23:03:04 UTC,sensor05,236476602,25.44,93.01,2025-08-18 23:03:04+00:00,33.988417,-81.020242,103.4,5.46,0.1,258.87,10.0,3D,2025-08-18 19:03:04-04:00,POINT (-81.020242 33.988417)
2025-08-18 23:03:54 UTC,sensor05,236476602,25.55,91.55,2025-08-18 23:03:54+00:00,33.988235,-81.02048,102.3,4.18,-0.1,190.2,10.0,3D,2025-08-18 19:03:54-04:00,POINT (-81.02048 33.988235)
2025-08-18 23:03:59 UTC,sensor05,236476602,25.49,92.49,2025-08-18 23:03:59+00:00,33.987927,-81.02042,102.0,7.96,-0.1,168.45,10.0,3D,2025-08-18 19:03:59-04:00,POINT (-81.02042 33.987927)
2025-08-18 23:04:05 UTC,sensor05,236476602,25.38,92.72,2025-08-18 23:04:04+00:00,33.987463,-81.020065,99.6,10.69,-0.5,148.19,10.0,3D,2025-08-18 19:04:04-04:00,POINT (-81.020065 33.987463)
2025-08-18 23:04:10 UTC,sensor05,236476602,25.45,92.82,2025-08-18 23:04:07+00:00,33.987238,-81.01986,98.3,9.3,-0.1,140.55,10.0,3D,2025-08-18 19:04:07-04:00,POINT (-81.01986 33.987238)
2025-08-18 23:04:15 UTC,sensor05,236476602,25.61,93.06,2025-08-18 23:04:14+00:00,33.986857,-81.019397,96.4,7.39,-0.27,135.45,10.0,3D,2025-08-18 19:04:14-04:00,POINT (-81.019397 33.986857)
2025-08-18 23:04:20 UTC,sensor05,236476602,25.72,92.95,2025-08-18 23:04:19+00:00,33.986638,-81.019098,94.9,5.74,-0.2,131.54,10.0,3D,2025-08-18 19:04:19-04:00,POINT (-81.019098 33.986638)
2025-08-18 23:04:30 UTC,sensor05,236476602,25.73,92.41,2025-08-18 23:04:30+00:00,33.986573,-81.018755,93.6,4.21,-0.1,0.0,10.0,3D,2025-08-18 19:04:30-04:00,POINT (-81.018755 33.986573)
2025-08-18 23:04:35 UTC,sensor05,236476602,25.65,92.49,2025-08-18 23:04:35+00:00,33.986638,-81.018512,93.4,4.91,0.0,0.0,10.0,3D,2025-08-18 19:04:35-04:00,POINT (-81.018512 33.986638)
2025-08-18 23:04:40 UTC,sensor05,236476602,25.68,93.16,2025-08-18 23:04:40+00:00,33.986727,-81.018292,93.3,4.63,0.1,0.0,10.0,3D,2025-08-18 19:04:40-04:00,POINT (-81.018292 33.986727)
2025-08-18 23:04:45 UTC,sensor05,236476602,25.62,92.86,2025-08-18 23:04:45+00:00,33.986795,-81.018047,93.2,5.11,-0.1,71.65,10.0,3D,2025-08-18 19:04:45-04:00,POINT (-81.018047 33.986795)
2025-08-18 23:04:50 UTC,sensor05,236476602,25.53,92.54,2025-08-18 23:04:50+00:00,33.986893,-81.017847,93.9,3.92,0.2,64.66,10.0,3D,2025-08-18 19:04:50-04:00,POINT (-81.017847 33.986893)
2025-08-18 23:04:55 UTC,sensor05,236476602,25.49,92.77,2025-08-18 23:04:55+00:00,33.986963,-81.01766,95.0,3.12,0.3,72.14,10.0,3D,2025-08-18 19:04:55-04:00,POINT (-81.01766 33.986963)
2025-08-18 23:05:10 UTC,sensor05,236476602,25.37,92.91,2025-08-18 23:05:10+00:00,33.987032,-81.01741,98.3,3.21,0.3,66.56,10.0,3D,2025-08-18 19:05:10-04:00,POINT (-81.01741 33.987032)
2025-08-18 23:05:15 UTC,sensor05,236476602,25.37,93.02,2025-08-18 23:05:15+00:00,33.987043,-81.01725,99.4,2.93,0.2,73.53,10.0,3D,2025-08-18 19:05:15-04:00,POINT (-81.01725 33.987043)
2025-08-18 23:05:20 UTC,sensor05,236476602,25.4,92.89,2025-08-18 23:05:20+00:00,33.987138,-81.01705,100.7,4.31,0.1,65.7,10.0,3D,2025-08-18 19:05:20-04:00,POINT (-81.01705 33.987138)
2025-08-18 23:05:25 UTC,sensor05,236476602,25.37,92.42,2025-08-18 23:05:25+00:00,33.987205,-81.016833,101.4,3.76,0.2,70.51,10.0,3D,2025-08-18 19:05:25-04:00,POINT (-81.016833 33.987205)
2025-08-18 23:05:30 UTC,sensor05,236476602,25.37,92.3,2025-08-18 23:05:30+00:00,33.98726,-81.016632,102.1,3.84,0.2,68.04,10.0,3D,2025-08-18 19:05:30-04:00,POINT (-81.016632 33.98726)
2025-08-18 23:05:35 UTC,sensor05,236476602,25.44,93.08,2025-08-18 23:05:35+00:00,33.987315,-81.01641,103.0,4.06,0.3,76.32,10.0,3D,2025-08-18 19:05:35-04:00,POINT (-81.01641 33.987315)
2025-08-18 23:05:40 UTC,sensor05,236476602,25.4,93.12,2025-08-18 23:05:40+00:00,33.987372,-81.01619,104.2,4.03,0.2,72.9,10.0,3D,2025-08-18 19:05:40-04:00,POINT (-81.01619 33.987372)
2025-08-18 23:05:45 UTC,sensor05,236476602,25.42,92.87,2025-08-18 23:05:45+00:00,33.987428,-81.015943,105.0,5.03,0.4,69.23,10.0,3D,2025-08-18 19:05:45-04:00,POINT (-81.015943 33.987428)
2025-08-18 23:05:50 UTC,sensor05,236476602,25.42,92.5,2025-08-18 23:05:50+00:00,33.987513,-81.0157,105.2,4.41,0.1,67.76,10.0,3D,2025-08-18 19:05:50-04:00,POINT (-81.0157 33.987513)
2025-08-18 23:05:55 UTC,sensor05,236476602,25.46,92.54,2025-08-18 23:05:55+00:00,33.987593,-81.015473,106.9,3.66,0.4,74.54,10.0,3D,2025-08-18 19:05:55-04:00,POINT (-81.015473 33.987593)
2025-08-18 23:06:00 UTC,sensor05,236476602,25.45,92.29,2025-08-18 23:06:00+00:00,33.987658,-81.015293,109.3,2.38,0.3,83.26,10.0,3D,2025-08-18 19:06:00-04:00,POINT (-81.015293 33.987658)
2025-08-18 23:06:11 UTC,sensor05,236476602,25.45,92.07,2025-08-18 23:06:08+00:00,33.987607,-81.015183,111.6,2.7,0.1,0.0,4.0,3D,2025-08-18 19:06:08-04:00,POINT (-81.015183 33.987607)
2025-08-18 23:06:16 UTC,sensor05,236476602,25.5,92.06,2025-08-18 23:06:15+00:00,33.98739,-81.01505,107.2,4.22,-0.63,155.46,4.0,3D,2025-08-18 19:06:15-04:00,POINT (-81.01505 33.98739)
2025-08-18 23:06:21 UTC,sensor05,236476602,25.45,92.39,2025-08-18 23:06:21+00:00,33.987178,-81.014957,105.3,3.32,-1.1,0.0,10.0,3D,2025-08-18 19:06:21-04:00,POINT (-81.014957 33.987178)
2025-08-18 23:06:26 UTC,sensor05,236476602,25.38,92.65,2025-08-18 23:06:26+00:00,33.987032,-81.014925,103.7,3.45,-0.2,0.0,10.0,3D,2025-08-18 19:06:26-04:00,POINT (-81.014925 33.987032)
2025-08-18 23:06:36 UTC,sensor05,236476602,25.38,92.75,2025-08-18 23:06:36+00:00,33.986782,-81.014807,102.9,3.78,-0.1,163.69,10.0,3D,2025-08-18 19:06:36-04:00,POINT (-81.014807 33.986782)
2025-08-18 23:06:41 UTC,sensor05,236476602,25.38,92.53,2025-08-18 23:06:41+00:00,33.986578,-81.014728,102.6,4.59,-0.1,161.22,10.0,3D,2025-08-18 19:06:41-04:00,POINT (-81.014728 33.986578)
2025-08-18 23:06:46 UTC,sensor05,236476602,25.38,92.61,2025-08-18 23:06:46+00:00,33.98639,-81.014648,102.0,4.15,-0.2,162.79,10.0,3D,2025-08-18 19:06:46-04:00,POINT (-81.014648 33.98639)
2025-08-18 23:06:51 UTC,sensor05,236476602,25.38,93.02,2025-08-18 23:06:51+00:00,33.986188,-81.014532,101.1,4.67,-0.3,159.91,10.0,3D,2025-08-18 19:06:51-04:00,POINT (-81.014532 33.986188)
2025-08-18 23:06:56 UTC,sensor05,236476602,25.35,92.33,2025-08-18 23:06:56+00:00,33.985988,-81.01443,100.4,4.94,0.0,157.71,10.0,3D,2025-08-18 19:06:56-04:00,POINT (-81.01443 33.985988)
2025-08-18 23:07:01 UTC,sensor05,236476602,25.39,92.51,2025-08-18 23:07:01+00:00,33.985813,-81.014318,100.2,3.64,-0.1,135.7,10.0,3D,2025-08-18 19:07:01-04:00,POINT (-81.014318 33.985813)
2025-08-18 23:07:06 UTC,sensor05,236476602,25.34,91.82,2025-08-18 23:07:06+00:00,33.985807,-81.01415,99.8,3.02,-0.2,74.39,10.0,3D,2025-08-18 19:07:06-04:00,POINT (-81.01415 33.985807)
2025-08-18 23:07:11 UTC,sensor05,236476602,25.34,92.12,2025-08-18 23:07:11+00:00,33.985847,-81.01395,99.0,3.23,-0.1,81.18,10.0,3D,2025-08-18 19:07:11-04:00,POINT (-81.01395 33.985847)
2025-08-18 23:07:16 UTC,sensor05,236476602,25.38,92.23,2025-08-18 23:07:16+00:00,33.985902,-81.013747,98.5,3.5,-0.1,75.44,10.0,3D,2025-08-18 19:07:16-04:00,POINT (-81.013747 33.985902)
2025-08-18 23:07:21 UTC,sensor05,236476602,25.4,91.88,2025-08-18 23:07:21+00:00,33.985995,-81.0135,98.0,4.41,-0.1,67.6,10.0,3D,2025-08-18 19:07:21-04:00,POINT (-81.0135 33.985995)
2025-08-18 23:07:31 UTC,sensor05,236476602,25.45,92.18,2025-08-18 23:07:31+00:00,33.986083,-81.013315,96.2,2.55,-0.2,15.75,10.0,3D,2025-08-18 19:07:31-04:00,POINT (-81.013315 33.986083)
2025-08-18 23:07:36 UTC,sensor05,236476602,25.44,91.49,2025-08-18 23:07:36+00:00,33.986257,-81.013358,95.8,4.62,0.0,337.09,10.0,3D,2025-08-18 19:07:36-04:00,POINT (-81.013358 33.986257)
2025-08-18 23:07:41 UTC,sensor05,236476602,25.45,91.22,2025-08-18 23:07:41+00:00,33.986477,-81.013485,96.5,3.99,0.2,335.16,10.0,3D,2025-08-18 19:07:41-04:00,POINT (-81.013485 33.986477)
2025-08-18 23:07:46 UTC,sensor05,236476602,25.54,91.41,2025-08-18 23:07:46+00:00,33.986693,-81.013585,96.7,5.52,0.0,339.48,10.0,3D,2025-08-18 19:07:46-04:00,POINT (-81.013585 33.986693)
2025-08-18 23:07:51 UTC,sensor05,236476602,25.57,91.13,2025-08-18 23:07:51+00:00,33.98696,-81.013683,96.1,5.64,-0.1,339.25,10.0,3D,2025-08-18 19:07:51-04:00,POINT (-81.013683 33.98696)
2025-08-18 23:07:56 UTC,sensor05,236476602,25.59,91.34,2025-08-18 23:07:56+00:00,33.9872,-81.013793,96.7,4.48,0.2,332.33,10.0,3D,2025-08-18 19:07:56-04:00,POINT (-81.013793 33.9872)
2025-08-18 23:08:01 UTC,sensor05,236476602,25.56,90.6,2025-08-18 23:08:01+00:00,33.98741,-81.013892,96.2,4.35,-0.2,336.08,10.0,3D,2025-08-18 19:08:01-04:00,POINT (-81.013892 33.98741)
2025-08-18 23:08:07 UTC,sensor05,236476602,25.47,91.85,2025-08-18 23:08:06+00:00,33.987588,-81.013988,95.7,4.49,0.0,337.08,10.0,3D,2025-08-18 19:08:06-04:00,POINT (-81.013988 33.987588)
2025-08-18 23:08:12 UTC,sensor05,236476602,25.46,91.73,2025-08-18 23:08:08+00:00,33.987673,-81.014027,95.5,5.8,-0.2,0.0,10.0,3D,2025-08-18 19:08:08-04:00,POINT (-81.014027 33.987673)
2025-08-18 23:08:17 UTC,sensor05,236476602,25.52,91.62,2025-08-18 23:08:16+00:00,33.988005,-81.01419,95.2,4.58,-0.1,341.04,10.0,3D,2025-08-18 19:08:16-04:00,POINT (-81.01419 33.988005)
2025-08-18 23:08:22 UTC,sensor05,236476602,25.44,91.63,2025-08-18 23:08:21+00:00,33.988195,-81.01425,94.9,3.98,0.1,343.4,10.0,3D,2025-08-18 19:08:21-04:00,POINT (-81.01425 33.988195)
2025-08-18 23:08:27 UTC,sensor05,236476602,25.5,91.86,2025-08-18 23:08:27+00:00,33.988413,-81.014363,96.5,6.02,0.2,0.0,10.0,3D,2025-08-18 19:08:27-04:00,POINT (-81.014363 33.988413)
2025-08-18 23:08:37 UTC,sensor05,236476602,25.37,91.37,2025-08-18 23:08:37+00:00,33.988587,-81.014267,97.2,3.96,0.1,0.0,10.0,3D,2025-08-18 19:08:37-04:00,POINT (-81.014267 33.988587)
2025-08-18 23:08:42 UTC,sensor05,236476602,25.43,91.91,2025-08-18 23:08:42+00:00,33.988663,-81.014037,97.3,4.41,0.1,67.81,10.0,3D,2025-08-18 19:08:42-04:00,POINT (-81.014037 33.988663)
2025-08-18 23:08:47 UTC,sensor05,236476602,25.42,92.04,2025-08-18 23:08:47+00:00,33.988732,-81.013788,97.4,4.52,0.0,76.03,10.0,3D,2025-08-18 19:08:47-04:00,POINT (-81.013788 33.988732)
2025-08-18 23:08:52 UTC,sensor05,236476602,25.38,91.95,2025-08-18 23:08:52+00:00,33.988805,-81.013555,97.2,2.96,-0.1,66.27,10.0,3D,2025-08-18 19:08:52-04:00,POINT (-81.013555 33.988805)
2025-08-18 23:09:02 UTC,sensor05,236476602,25.49,92.68,2025-08-18 23:09:02+00:00,33.988758,-81.013357,99.3,3.49,-0.1,153.26,10.0,3D,2025-08-18 19:09:02-04:00,POINT (-81.013357 33.988758)
2025-08-18 23:09:07 UTC,sensor05,236476602,25.48,92.57,2025-08-18 23:09:07+00:00,33.988585,-81.013285,99.0,3.64,0.0,155.86,10.0,3D,2025-08-18 19:09:07-04:00,POINT (-81.013285 33.988585)
2025-08-18 23:09:12 UTC,sensor05,236476602,25.46,92.57,2025-08-18 23:09:12+00:00,33.98839,-81.013192,98.8,5.16,-0.1,158.95,10.0,3D,2025-08-18 19:09:12-04:00,POINT (-81.013192 33.98839)
2025-08-18 23:09:17 UTC,sensor05,236476602,25.37,92.21,2025-08-18 23:09:17+00:00,33.988182,-81.01311,99.0,4.44,0.1,159.31,10.0,3D,2025-08-18 19:09:17-04:00,POINT (-81.01311 33.988182)
2025-08-18 23:09:22 UTC,sensor05,236476602,25.32,92.45,2025-08-18 23:09:22+00:00,33.987988,-81.013032,99.9,4.14,0.2,155.68,10.0,3D,2025-08-18 19:09:22-04:00,POINT (-81.013032 33.987988)
2025-08-18 23:09:27 UTC,sensor05,236476602,25.29,92.23,2025-08-18 23:09:27+00:00,33.987788,-81.012952,100.0,4.49,0.0,163.49,10.0,3D,2025-08-18 19:09:27-04:00,POINT (-81.012952 33.987788)
2025-08-18 23:09:32 UTC,sensor05,236476602,25.38,92.58,2025-08-18 23:09:32+00:00,33.987602,-81.012877,100.0,2.61,0.0,171.09,10.0,3D,2025-08-18 19:09:32-04:00,POINT (-81.012877 33.987602)
2025-08-18 23:09:37 UTC,sensor05,236476602,25.34,92.37,2025-08-18 23:09:37+00:00,33.98751,-81.012783,100.2,3.1,0.1,121.79,10.0,3D,2025-08-18 19:09:37-04:00,POINT (-81.012783 33.98751)
2025-08-18 23:09:42 UTC,sensor05,236476602,25.34,91.95,2025-08-18 23:09:42+00:00,33.98749,-81.012572,101.5,4.05,0.5,86.7,10.0,3D,2025-08-18 19:09:42-04:00,POINT (-81.012572 33.98749)
2025-08-18 23:09:47 UTC,sensor05,236476602,25.21,91.9,2025-08-18 23:09:47+00:00,33.987587,-81.0123,104.0,5.11,0.8,69.88,10.0,3D,2025-08-18 19:09:47-04:00,POINT (-81.0123 33.987587)
2025-08-18 23:09:52 UTC,sensor05,236476602,25.11,91.8,2025-08-18 23:09:52+00:00,33.987647,-81.012063,105.0,4.4,0.1,69.98,10.0,3D,2025-08-18 19:09:52-04:00,POINT (-81.012063 33.987647)
2025-08-18 23:09:57 UTC,sensor05,236476602,25.13,92.16,2025-08-18 23:09:57+00:00,33.987678,-81.011835,104.5,3.96,-0.1,66.41,10.0,3D,2025-08-18 19:09:57-04:00,POINT (-81.011835 33.987678)
2025-08-18 23:10:08 UTC,sensor05,236476602,25.21,92.6,2025-08-18 23:10:07+00:00,33.987745,-81.011583,103.7,2.74,0.1,82.83,10.0,3D,2025-08-18 19:10:07-04:00,POINT (-81.011583 33.987745)
2025-08-18 23:10:13 UTC,sensor05,236476602,25.2,92.97,2025-08-18 23:10:12+00:00,33.987838,-81.01133,103.6,5.48,-0.03,64.92,8.0,3D,2025-08-18 19:10:12-04:00,POINT (-81.01133 33.987838)
2025-08-18 23:10:18 UTC,sensor05,236476602,25.18,92.28,2025-08-18 23:10:18+00:00,33.98797,-81.010962,102.5,6.14,-0.4,0.0,8.0,3D,2025-08-18 19:10:18-04:00,POINT (-81.010962 33.98797)
2025-08-18 23:10:23 UTC,sensor05,236476602,25.19,92.22,2025-08-18 23:10:23+00:00,33.988055,-81.01065,100.7,5.83,-0.3,0.0,10.0,3D,2025-08-18 19:10:23-04:00,POINT (-81.01065 33.988055)
2025-08-18 23:10:33 UTC,sensor05,236476602,25.3,93.52,2025-08-18 23:10:33+00:00,33.988138,-81.010418,98.9,2.26,-0.2,0.0,4.0,3D,2025-08-18 19:10:33-04:00,POINT (-81.010418 33.988138)
2025-08-18 23:10:38 UTC,sensor05,236476602,25.31,93.54,2025-08-18 23:10:38+00:00,33.987985,-81.01033,97.8,4.65,-0.2,0.0,4.0,3D,2025-08-18 19:10:38-04:00,POINT (-81.01033 33.987985)
2025-08-18 23:10:43 UTC,sensor05,236476602,25.33,93.26,2025-08-18 23:10:43+00:00,33.987772,-81.010207,97.4,5.17,-0.1,0.0,9.0,3D,2025-08-18 19:10:43-04:00,POINT (-81.010207 33.987772)
2025-08-18 23:10:48 UTC,sensor05,236476602,25.27,93.4,2025-08-18 23:10:48+00:00,33.987548,-81.01011,96.9,5.9,0.0,0.0,9.0,3D,2025-08-18 19:10:48-04:00,POINT (-81.01011 33.987548)
2025-08-18 23:10:53 UTC,sensor05,236476602,25.3,93.64,2025-08-18 23:10:53+00:00,33.987298,-81.009988,96.2,6.21,0.1,159.27,9.0,3D,2025-08-18 19:10:53-04:00,POINT (-81.009988 33.987298)
2025-08-18 23:10:58 UTC,sensor05,236476602,25.22,93.27,2025-08-18 23:10:58+00:00,33.987018,-81.009853,97.0,6.41,0.1,162.83,9.0,3D,2025-08-18 19:10:58-04:00,POINT (-81.009853 33.987018)
2025-08-18 23:11:03 UTC,sensor05,236476602,25.21,93.08,2025-08-18 23:11:03+00:00,33.986757,-81.009722,97.7,5.98,0.2,159.51,9.0,3D,2025-08-18 19:11:03-04:00,POINT (-81.009722 33.986757)
2025-08-18 23:11:08 UTC,sensor05,236476602,25.18,92.26,2025-08-18 23:11:08+00:00,33.986508,-81.00961,98.4,5.93,0.2,160.46,9.0,3D,2025-08-18 19:11:08-04:00,POINT (-81.00961 33.986508)
2025-08-18 23:11:13 UTC,sensor05,236476602,25.1,91.86,2025-08-18 23:11:13+00:00,33.98628,-81.009502,98.1,4.79,-0.5,166.59,9.0,3D,2025-08-18 19:11:13-04:00,POINT (-81.009502 33.98628)
2025-08-18 23:11:23 UTC,sensor05,236476602,25.29,92.34,2025-08-18 23:11:23+00:00,33.986048,-81.00953,99.0,4.49,0.0,236.35,9.0,3D,2025-08-18 19:11:23-04:00,POINT (-81.00953 33.986048)
2025-08-18 23:11:28 UTC,sensor05,236476602,25.38,92.09,2025-08-18 23:11:28+00:00,33.985942,-81.009915,98.7,7.98,-0.1,249.93,9.0,3D,2025-08-18 19:11:28-04:00,POINT (-81.009915 33.985942)
2025-08-18 23:11:33 UTC,sensor05,236476602,25.57,92.32,2025-08-18 23:11:33+00:00,33.985822,-81.010378,99.9,8.47,0.5,252.59,9.0,3D,2025-08-18 19:11:33-04:00,POINT (-81.010378 33.985822)
2025-08-18 23:11:38 UTC,sensor05,236476602,25.72,91.35,2025-08-18 23:11:38+00:00,33.985697,-81.010858,101.9,8.85,0.1,250.58,9.0,3D,2025-08-18 19:11:38-04:00,POINT (-81.010858 33.985697)
2025-08-18 23:11:43 UTC,sensor05,236476602,25.76,91.09,2025-08-18 23:11:43+00:00,33.985565,-81.011265,102.0,7.68,-0.1,246.04,9.0,3D,2025-08-18 19:11:43-04:00,POINT (-81.011265 33.985565)
2025-08-18 23:11:49 UTC,sensor05,236476602,25.66,90.63,2025-08-18 23:11:48+00:00,33.985475,-81.011557,101.7,3.8,0.0,253.31,9.0,3D,2025-08-18 19:11:48-04:00,POINT (-81.011557 33.985475)
2025-08-18 23:11:59 UTC,sensor05,236476602,26.05,90.9,2025-08-18 23:11:59+00:00,33.985343,-81.011752,97.5,4.39,-0.3,0.0,9.0,3D,2025-08-18 19:11:59-04:00,POINT (-81.011752 33.985343)
2025-08-18 23:12:04 UTC,sensor05,236476602,25.97,90.11,2025-08-18 23:12:04+00:00,33.985085,-81.011677,96.7,6.2,-0.1,0.0,9.0,3D,2025-08-18 19:12:04-04:00,POINT (-81.011677 33.985085)
2025-08-18 23:12:09 UTC,sensor05,236476602,25.84,90.22,2025-08-18 23:12:09+00:00,33.984837,-81.011568,96.1,5.21,-0.5,0.0,9.0,3D,2025-08-18 19:12:09-04:00,POINT (-81.011568 33.984837)
2025-08-18 23:12:14 UTC,sensor05,236476602,25.81,90.43,2025-08-18 23:12:13+00:00,33.984675,-81.011493,94.6,4.81,-0.38,0.0,9.0,3D,2025-08-18 19:12:13-04:00,POINT (-81.011493 33.984675)
2025-08-18 23:12:19 UTC,sensor05,236476602,25.7,90.54,2025-08-18 23:12:19+00:00,33.98452,-81.011415,91.0,3.73,-0.5,162.67,9.0,3D,2025-08-18 19:12:19-04:00,POINT (-81.011415 33.98452)
2025-08-18 23:12:24 UTC,sensor05,236476602,25.58,90.95,2025-08-18 23:12:24+00:00,33.984318,-81.011335,89.7,5.04,-0.3,160.48,9.0,3D,2025-08-18 19:12:24-04:00,POINT (-81.011335 33.984318)
2025-08-18 23:12:29 UTC,sensor05,236476602,25.45,91.57,2025-08-18 23:12:29+00:00,33.984037,-81.011193,87.5,7.09,-0.7,160.08,9.0,3D,2025-08-18 19:12:29-04:00,POINT (-81.011193 33.984037)
2025-08-18 23:12:34 UTC,sensor05,236476602,25.27,91.37,2025-08-18 23:12:34+00:00,33.983713,-81.011057,86.0,6.99,-0.3,162.2,9.0,3D,2025-08-18 19:12:34-04:00,POINT (-81.011057 33.983713)
2025-08-18 23:12:39 UTC,sensor05,236476602,25.29,92.1,2025-08-18 23:12:39+00:00,33.983383,-81.010918,83.3,7.99,-0.6,159.62,9.0,3D,2025-08-18 19:12:39-04:00,POINT (-81.010918 33.983383)
2025-08-18 23:12:44 UTC,sensor05,236476602,25.31,93.42,2025-08-18 23:12:44+00:00,33.983065,-81.010838,81.7,5.65,-0.2,162.83,9.0,3D,2025-08-18 19:12:44-04:00,POINT (-81.010838 33.983065)
2025-08-18 23:12:49 UTC,sensor05,236476602,25.34,93.57,2025-08-18 23:12:49+00:00,33.982833,-81.010727,80.0,5.57,-0.4,164.4,9.0,3D,2025-08-18 19:12:49-04:00,POINT (-81.010727 33.982833)
2025-08-18 23:12:54 UTC,sensor05,236476602,25.34,93.43,2025-08-18 23:12:54+00:00,33.98266,-81.010632,78.3,2.64,-0.4,135.08,9.0,3D,2025-08-18 19:12:54-04:00,POINT (-81.010632 33.98266)
2025-08-18 23:12:59 UTC,sensor05,236476602,25.3,93.04,2025-08-18 23:12:59+00:00,33.982672,-81.01041,77.4,3.91,-0.1,80.03,9.0,3D,2025-08-18 19:12:59-04:00,POINT (-81.01041 33.982672)
2025-08-18 23:13:04 UTC,sensor05,236476602,25.32,92.81,2025-08-18 23:13:04+00:00,33.982737,-81.010143,77.6,5.48,0.0,76.06,9.0,3D,2025-08-18 19:13:04-04:00,POINT (-81.010143 33.982737)
2025-08-18 23:13:09 UTC,sensor05,236476602,25.26,92.71,2025-08-18 23:13:09+00:00,33.982827,-81.009858,77.1,5.14,-0.1,74.78,9.0,3D,2025-08-18 19:13:09-04:00,POINT (-81.009858 33.982827)
2025-08-18 23:13:14 UTC,sensor05,236476602,25.22,92.71,2025-08-18 23:13:14+00:00,33.982923,-81.009607,76.8,4.64,-0.2,74.33,9.0,3D,2025-08-18 19:13:14-04:00,POINT (-81.009607 33.982923)
2025-08-18 23:13:24 UTC,sensor05,236476602,25.11,92.45,2025-08-18 23:13:24+00:00,33.983017,-81.00933,75.7,4.57,-0.1,68.11,9.0,3D,2025-08-18 19:13:24-04:00,POINT (-81.00933 33.983017)
2025-08-18 23:13:29 UTC,sensor05,236476602,25.01,92.61,2025-08-18 23:13:29+00:00,33.983113,-81.009047,74.9,5.76,-0.1,67.47,9.0,3D,2025-08-18 19:13:29-04:00,POINT (-81.009047 33.983113)
2025-08-18 23:13:34 UTC,sensor05,236476602,25.05,93.16,2025-08-18 23:13:34+00:00,33.983202,-81.008783,74.7,4.67,0.0,58.4,9.0,3D,2025-08-18 19:13:34-04:00,POINT (-81.008783 33.983202)
2025-08-18 23:13:39 UTC,sensor05,236476602,25.13,93.43,2025-08-18 23:13:39+00:00,33.983275,-81.008593,75.1,3.16,0.2,67.51,9.0,3D,2025-08-18 19:13:39-04:00,POINT (-81.008593 33.983275)
2025-08-18 23:13:50 UTC,sensor05,236476602,25.19,92.7,2025-08-18 23:13:49+00:00,33.983065,-81.008483,75.9,4.96,-0.1,174.01,9.0,3D,2025-08-18 19:13:49-04:00,POINT (-81.008483 33.983065)
2025-08-18 23:13:55 UTC,sensor05,236476602,25.15,91.9,2025-08-18 23:13:54+00:00,33.982843,-81.008483,75.0,5.48,-0.2,177.88,9.0,3D,2025-08-18 19:13:54-04:00,POINT (-81.008483 33.982843)
2025-08-18 23:14:00 UTC,sensor05,236476602,25.19,92.69,2025-08-18 23:13:59+00:00,33.982563,-81.008448,73.3,6.56,-0.4,175.18,9.0,3D,2025-08-18 19:13:59-04:00,POINT (-81.008448 33.982563)
2025-08-18 23:14:05 UTC,sensor05,236476602,25.17,92.95,2025-08-18 23:14:05+00:00,33.9822,-81.008383,70.0,5.93,-0.5,0.0,9.0,3D,2025-08-18 19:14:05-04:00,POINT (-81.008383 33.9822)
2025-08-18 23:14:10 UTC,sensor05,236476602,25.19,93.16,2025-08-18 23:14:10+00:00,33.981977,-81.008347,68.7,3.38,-0.3,0.0,9.0,3D,2025-08-18 19:14:10-04:00,POINT (-81.008347 33.981977)
2025-08-18 23:14:15 UTC,sensor05,236476602,25.23,93.35,2025-08-18 23:14:10+00:00,33.981977,-81.008347,68.7,2.99,-0.3,172.66,9.0,3D,2025-08-18 19:14:10-04:00,POINT (-81.008347 33.981977)
2025-08-18 23:14:20 UTC,sensor05,236476602,25.24,93.65,2025-08-18 23:14:20+00:00,33.981912,-81.008012,67.6,4.2,-0.3,74.32,9.0,3D,2025-08-18 19:14:20-04:00,POINT (-81.008012 33.981912)
2025-08-18 23:14:25 UTC,sensor05,236476602,25.24,93.55,2025-08-18 23:14:25+00:00,33.981957,-81.007768,67.5,4.84,0.0,85.88,9.0,3D,2025-08-18 19:14:25-04:00,POINT (-81.007768 33.981957)
2025-08-18 23:14:30 UTC,sensor05,236476602,25.21,92.92,2025-08-18 23:14:30+00:00,33.981983,-81.007535,67.7,4.84,0.0,72.92,9.0,3D,2025-08-18 19:14:30-04:00,POINT (-81.007535 33.981983)
2025-08-18 23:14:35 UTC,sensor05,236476602,25.23,93.0,2025-08-18 23:14:35+00:00,33.982013,-81.007323,67.6,2.96,-0.1,71.67,9.0,3D,2025-08-18 19:14:35-04:00,POINT (-81.007323 33.982013)
2025-08-18 23:14:45 UTC,sensor05,236476602,25.24,92.7,2025-08-18 23:14:45+00:00,33.982098,-81.007055,69.3,4.71,0.0,76.03,9.0,3D,2025-08-18 19:14:45-04:00,POINT (-81.007055 33.982098)
2025-08-18 23:14:50 UTC,sensor05,236476602,25.26,93.45,2025-08-18 23:14:50+00:00,33.982183,-81.006753,69.4,6.35,-0.1,80.14,9.0,3D,2025-08-18 19:14:50-04:00,POINT (-81.006753 33.982183)
2025-08-18 23:14:55 UTC,sensor05,236476602,25.17,93.51,2025-08-18 23:14:55+00:00,33.982258,-81.00645,70.2,4.87,0.1,73.74,9.0,3D,2025-08-18 19:14:55-04:00,POINT (-81.00645 33.982258)
2025-08-18 23:15:00 UTC,sensor05,236476602,25.18,93.35,2025-08-18 23:15:00+00:00,33.9823,-81.006247,70.3,3.35,0.0,71.07,9.0,3D,2025-08-18 19:15:00-04:00,POINT (-81.006247 33.9823)
2025-08-18 23:15:10 UTC,sensor05,236476602,25.23,93.58,2025-08-18 23:15:10+00:00,33.982395,-81.00597,70.7,4.35,0.2,77.49,9.0,3D,2025-08-18 19:15:10-04:00,POINT (-81.00597 33.982395)
2025-08-18 23:15:15 UTC,sensor05,236476602,25.18,93.37,2025-08-18 23:15:15+00:00,33.98246,-81.005713,71.6,5.05,0.1,75.8,9.0,3D,2025-08-18 19:15:15-04:00,POINT (-81.005713 33.98246)
2025-08-18 23:15:20 UTC,sensor05,236476602,25.18,93.18,2025-08-18 23:15:20+00:00,33.982522,-81.005453,72.6,4.64,0.1,78.51,9.0,3D,2025-08-18 19:15:20-04:00,POINT (-81.005453 33.982522)
2025-08-18 23:15:25 UTC,sensor05,236476602,25.14,92.77,2025-08-18 23:15:25+00:00,33.98256,-81.005208,73.0,3.94,0.2,76.16,9.0,3D,2025-08-18 19:15:25-04:00,POINT (-81.005208 33.98256)
2025-08-18 23:15:35 UTC,sensor05,236476602,25.12,93.08,2025-08-18 23:15:35+00:00,33.982603,-81.004887,75.4,4.29,0.1,85.61,9.0,3D,2025-08-18 19:15:35-04:00,POINT (-81.004887 33.982603)
2025-08-18 23:15:40 UTC,sensor05,236476602,25.22,93.51,2025-08-18 23:15:40+00:00,33.982633,-81.004655,76.5,4.29,0.2,81.42,9.0,3D,2025-08-18 19:15:40-04:00,POINT (-81.004655 33.982633)
2025-08-18 23:15:45 UTC,sensor05,236476602,25.29,93.27,2025-08-18 23:15:45+00:00,33.982663,-81.00438,77.0,4.29,-0.2,81.34,9.0,3D,2025-08-18 19:15:45-04:00,POINT (-81.00438 33.982663)
2025-08-18 23:15:51 UTC,sensor05,236476602,25.29,93.18,2025-08-18 23:15:50+00:00,33.98278,-81.004075,77.6,4.57,0.3,75.73,9.0,3D,2025-08-18 19:15:50-04:00,POINT (-81.004075 33.98278)
2025-08-18 23:16:01 UTC,sensor05,236476602,25.33,93.28,2025-08-18 23:16:00+00:00,33.983072,-81.003908,80.4,5.29,0.3,359.4,9.0,3D,2025-08-18 19:16:00-04:00,POINT (-81.003908 33.983072)
2025-08-18 23:16:06 UTC,sensor05,236476602,25.33,93.37,2025-08-18 23:16:06+00:00,33.983398,-81.003912,81.8,6.1,0.3,0.0,9.0,3D,2025-08-18 19:16:06-04:00,POINT (-81.003912 33.983398)
2025-08-18 23:16:11 UTC,sensor05,236476602,25.32,93.61,2025-08-18 23:16:10+00:00,33.983607,-81.00393,83.3,5.12,0.5,354.0,9.0,3D,2025-08-18 19:16:10-04:00,POINT (-81.00393 33.983607)
2025-08-18 23:16:16 UTC,sensor05,236476602,25.36,93.4,2025-08-18 23:16:15+00:00,33.983758,-81.003868,86.4,3.84,1.0,58.88,9.0,3D,2025-08-18 19:16:15-04:00,POINT (-81.003868 33.983758)
2025-08-18 23:16:21 UTC,sensor05,236476602,25.36,92.62,2025-08-18 23:16:21+00:00,33.983848,-81.003527,89.2,6.52,-0.1,76.47,9.0,3D,2025-08-18 19:16:21-04:00,POINT (-81.003527 33.983848)
2025-08-18 23:16:26 UTC,sensor05,236476602,25.46,92.65,2025-08-18 23:16:26+00:00,33.98395,-81.00315,88.6,7.24,0.3,75.15,9.0,3D,2025-08-18 19:16:26-04:00,POINT (-81.00315 33.98395)
2025-08-18 23:16:31 UTC,sensor05,236476602,25.46,92.33,2025-08-18 23:16:31+00:00,33.98406,-81.002775,88.5,7.7,0.4,73.82,9.0,3D,2025-08-18 19:16:31-04:00,POINT (-81.002775 33.98406)
2025-08-18 23:16:36 UTC,sensor05,236476602,25.45,92.39,2025-08-18 23:16:36+00:00,33.984165,-81.002395,89.5,6.99,0.3,77.99,9.0,3D,2025-08-18 19:16:36-04:00,POINT (-81.002395 33.984165)
2025-08-18 23:16:41 UTC,sensor05,236476602,25.41,91.92,2025-08-18 23:16:41+00:00,33.984255,-81.002037,89.3,6.88,0.0,74.22,9.0,3D,2025-08-18 19:16:41-04:00,POINT (-81.002037 33.984255)
2025-08-18 23:16:46 UTC,sensor05,236476602,25.49,92.01,2025-08-18 23:16:46+00:00,33.984335,-81.001712,89.1,5.24,0.0,72.51,9.0,3D,2025-08-18 19:16:46-04:00,POINT (-81.001712 33.984335)
2025-08-18 23:17:01 UTC,sensor05,236476602,25.59,91.59,2025-08-18 23:17:01+00:00,33.984533,-81.00145,89.8,4.99,-0.1,4.5,9.0,3D,2025-08-18 19:17:01-04:00,POINT (-81.00145 33.984533)
2025-08-18 23:17:06 UTC,sensor05,236476602,25.45,91.39,2025-08-18 23:17:06+00:00,33.98478,-81.001442,89.5,5.41,-0.1,358.14,9.0,3D,2025-08-18 19:17:06-04:00,POINT (-81.001442 33.98478)
2025-08-18 23:17:11 UTC,sensor05,236476602,25.33,91.36,2025-08-18 23:17:11+00:00,33.985023,-81.001455,89.3,4.55,-0.1,356.31,9.0,3D,2025-08-18 19:17:11-04:00,POINT (-81.001455 33.985023)
2025-08-18 23:17:16 UTC,sensor05,236476602,25.21,92.01,2025-08-18 23:17:16+00:00,33.985267,-81.001482,88.8,5.41,-0.1,355.87,9.0,3D,2025-08-18 19:17:16-04:00,POINT (-81.001482 33.985267)
2025-08-18 23:17:21 UTC,sensor05,236476602,25.24,92.76,2025-08-18 23:17:21+00:00,33.985537,-81.001512,88.8,6.14,0.0,359.85,9.0,3D,2025-08-18 19:17:21-04:00,POINT (-81.001512 33.985537)
2025-08-18 23:17:26 UTC,sensor05,236476602,25.22,92.8,2025-08-18 23:17:26+00:00,33.985825,-81.001552,88.9,5.81,0.0,355.92,9.0,3D,2025-08-18 19:17:26-04:00,POINT (-81.001552 33.985825)
2025-08-18 23:17:31 UTC,sensor05,236476602,25.21,92.78,2025-08-18 23:17:31+00:00,33.986103,-81.001592,89.5,5.58,0.7,356.85,9.0,3D,2025-08-18 19:17:31-04:00,POINT (-81.001592 33.986103)
2025-08-18 23:17:36 UTC,sensor05,236476602,25.28,92.83,2025-08-18 23:17:36+00:00,33.986408,-81.001622,88.3,6.71,-0.1,353.35,9.0,3D,2025-08-18 19:17:36-04:00,POINT (-81.001622 33.986408)
2025-08-18 23:17:41 UTC,sensor05,236476602,25.21,92.37,2025-08-18 23:17:41+00:00,33.9867,-81.001658,86.6,6.45,-0.2,351.04,9.0,3D,2025-08-18 19:17:41-04:00,POINT (-81.001658 33.9867)
2025-08-18 23:17:47 UTC,sensor05,236476602,25.2,92.82,2025-08-18 23:17:46+00:00,33.986965,-81.001692,86.0,4.92,-0.2,353.36,9.0,3D,2025-08-18 19:17:46-04:00,POINT (-81.001692 33.986965)
2025-08-18 23:17:52 UTC,sensor05,236476602,25.19,92.65,2025-08-18 23:17:51+00:00,33.987103,-81.001837,86.2,3.2,0.1,287.92,9.0,3D,2025-08-18 19:17:51-04:00,POINT (-81.001837 33.987103)
2025-08-18 23:17:57 UTC,sensor05,236476602,25.25,92.86,2025-08-18 23:17:57+00:00,33.987047,-81.002097,86.8,4.16,0.0,0.0,9.0,3D,2025-08-18 19:17:57-04:00,POINT (-81.002097 33.987047)
2025-08-18 23:18:02 UTC,sensor05,236476602,25.27,93.08,2025-08-18 23:18:02+00:00,33.986993,-81.002358,86.6,5.9,0.2,0.0,9.0,3D,2025-08-18 19:18:02-04:00,POINT (-81.002358 33.986993)
2025-08-18 23:18:07 UTC,sensor05,236476602,25.27,92.13,2025-08-18 23:18:07+00:00,33.986928,-81.002645,86.8,5.3,0.1,254.82,9.0,3D,2025-08-18 19:18:07-04:00,POINT (-81.002645 33.986928)
2025-08-18 23:18:12 UTC,sensor05,236476602,25.37,92.01,2025-08-18 23:18:11+00:00,33.986882,-81.002902,87.4,5.36,0.3,253.97,9.0,3D,2025-08-18 19:18:11-04:00,POINT (-81.002902 33.986882)
2025-08-18 23:18:17 UTC,sensor05,236476602,25.38,91.4,2025-08-18 23:18:15+00:00,33.986825,-81.003137,88.1,6.04,0.17,256.35,9.0,3D,2025-08-18 19:18:15-04:00,POINT (-81.003137 33.986825)
2025-08-18 23:18:22 UTC,sensor05,236476602,25.43,91.57,2025-08-18 23:18:22+00:00,33.986722,-81.003545,88.5,4.91,-0.1,251.43,9.0,3D,2025-08-18 19:18:22-04:00,POINT (-81.003545 33.986722)
2025-08-18 23:18:27 UTC,sensor05,236476602,25.46,91.98,2025-08-18 23:18:27+00:00,33.98665,-81.003825,88.3,5.16,-0.1,248.16,9.0,3D,2025-08-18 19:18:27-04:00,POINT (-81.003825 33.98665)
2025-08-18 23:18:32 UTC,sensor05,236476602,25.42,92.33,2025-08-18 23:18:32+00:00,33.986602,-81.00405,87.9,4.41,-0.1,259.61,9.0,3D,2025-08-18 19:18:32-04:00,POINT (-81.00405 33.986602)
2025-08-18 23:18:42 UTC,sensor05,236476602,25.38,92.62,2025-08-18 23:18:42+00:00,33.986698,-81.00431,91.0,4.46,0.3,355.51,9.0,3D,2025-08-18 19:18:42-04:00,POINT (-81.00431 33.986698)
2025-08-18 23:18:47 UTC,sensor05,236476602,25.39,92.87,2025-08-18 23:18:47+00:00,33.986968,-81.004323,92.2,6.67,0.3,355.4,9.0,3D,2025-08-18 19:18:47-04:00,POINT (-81.004323 33.986968)
2025-08-18 23:18:52 UTC,sensor05,236476602,25.43,92.59,2025-08-18 23:18:52+00:00,33.987227,-81.00434,92.7,3.51,-0.1,355.83,9.0,3D,2025-08-18 19:18:52-04:00,POINT (-81.00434 33.987227)
2025-08-18 23:20:08 UTC,sensor05,236476602,25.79,90.03,2025-08-18 23:20:08+00:00,33.987422,-81.00445,96.8,4.21,0.1,0.0,4.0,3D,2025-08-18 19:20:08-04:00,POINT (-81.00445 33.987422)
2025-08-18 23:20:13 UTC,sensor05,236476602,25.67,90.32,2025-08-18 23:20:11+00:00,33.987417,-81.004628,97.0,5.38,0.1,259.12,9.0,3D,2025-08-18 19:20:11-04:00,POINT (-81.004628 33.987417)
2025-08-18 23:20:18 UTC,sensor05,236476602,25.59,90.52,2025-08-18 23:20:16+00:00,33.98735,-81.005,97.6,7.36,0.0,255.67,9.0,3D,2025-08-18 19:20:16-04:00,POINT (-81.005 33.98735)
2025-08-18 23:20:23 UTC,sensor05,236476602,25.68,90.65,2025-08-18 23:20:23+00:00,33.987212,-81.005598,97.9,8.26,0.0,0.0,10.0,3D,2025-08-18 19:20:23-04:00,POINT (-81.005598 33.987212)
2025-08-18 23:20:28 UTC,sensor05,236476602,25.59,90.16,2025-08-18 23:20:28+00:00,33.987093,-81.006078,98.0,8.56,0.0,253.57,10.0,3D,2025-08-18 19:20:28-04:00,POINT (-81.006078 33.987093)
2025-08-18 23:20:33 UTC,sensor05,236476602,25.66,88.98,2025-08-18 23:20:33+00:00,33.986973,-81.006585,98.0,9.29,0.0,254.44,10.0,3D,2025-08-18 19:20:33-04:00,POINT (-81.006585 33.986973)
2025-08-18 23:20:38 UTC,sensor05,236476602,25.76,89.2,2025-08-18 23:20:38+00:00,33.986853,-81.007057,98.0,8.1,0.0,254.52,10.0,3D,2025-08-18 19:20:38-04:00,POINT (-81.007057 33.986853)
2025-08-18 23:20:43 UTC,sensor05,236476602,25.61,89.89,2025-08-18 23:20:43+00:00,33.986863,-81.007385,98.2,5.2,0.0,296.04,10.0,3D,2025-08-18 19:20:43-04:00,POINT (-81.007385 33.986863)
2025-08-18 23:20:48 UTC,sensor05,236476602,25.39,89.97,2025-08-18 23:20:48+00:00,33.987092,-81.007642,98.3,7.78,0.0,314.94,10.0,3D,2025-08-18 19:20:48-04:00,POINT (-81.007642 33.987092)
2025-08-18 23:20:53 UTC,sensor05,236476602,25.26,90.24,2025-08-18 23:20:53+00:00,33.987357,-81.007953,98.7,7.56,0.1,314.53,10.0,3D,2025-08-18 19:20:53-04:00,POINT (-81.007953 33.987357)
2025-08-18 23:20:58 UTC,sensor05,236476602,25.33,91.13,2025-08-18 23:20:58+00:00,33.98759,-81.008247,99.6,7.47,0.2,315.54,10.0,3D,2025-08-18 19:20:58-04:00,POINT (-81.008247 33.98759)
2025-08-18 23:21:03 UTC,sensor05,236476602,25.36,92.47,2025-08-18 23:21:03+00:00,33.9878,-81.008492,100.6,6.33,0.2,317.57,10.0,3D,2025-08-18 19:21:03-04:00,POINT (-81.008492 33.9878)
2025-08-18 23:21:08 UTC,sensor05,236476602,25.36,92.1,2025-08-18 23:21:08+00:00,33.988028,-81.008752,101.3,6.5,0.1,313.33,10.0,3D,2025-08-18 19:21:08-04:00,POINT (-81.008752 33.988028)
2025-08-18 23:21:13 UTC,sensor05,236476602,25.41,92.01,2025-08-18 23:21:13+00:00,33.98828,-81.009037,101.9,6.52,0.1,315.79,10.0,3D,2025-08-18 19:21:13-04:00,POINT (-81.009037 33.98828)
2025-08-18 23:21:18 UTC,sensor05,236476602,25.4,92.14,2025-08-18 23:21:18+00:00,33.988472,-81.009243,103.2,3.92,0.2,320.93,10.0,3D,2025-08-18 19:21:18-04:00,POINT (-81.009243 33.988472)
2025-08-18 23:21:28 UTC,sensor05,236476602,25.56,92.47,2025-08-18 23:21:28+00:00,33.988762,-81.009533,103.2,5.27,-0.5,315.53,10.0,3D,2025-08-18 19:21:28-04:00,POINT (-81.009533 33.988762)
2025-08-18 23:21:33 UTC,sensor05,236476602,25.59,92.0,2025-08-18 23:21:33+00:00,33.988933,-81.00976,104.4,6.22,0.2,316.47,10.0,3D,2025-08-18 19:21:33-04:00,POINT (-81.00976 33.988933)
2025-08-18 23:21:39 UTC,sensor05,236476602,25.61,91.96,2025-08-18 23:21:38+00:00,33.989197,-81.010102,105.5,7.74,0.3,315.85,10.0,3D,2025-08-18 19:21:38-04:00,POINT (-81.010102 33.989197)
2025-08-18 23:21:44 UTC,sensor05,236476602,25.63,92.49,2025-08-18 23:21:43+00:00,33.98944,-81.010387,106.6,7.94,0.2,316.37,10.0,3D,2025-08-18 19:21:43-04:00,POINT (-81.010387 33.98944)
2025-08-18 23:21:49 UTC,sensor05,236476602,25.53,92.77,2025-08-18 23:21:49+00:00,33.98968,-81.010583,107.8,5.01,0.1,0.0,10.0,3D,2025-08-18 19:21:49-04:00,POINT (-81.010583 33.98968)
2025-08-18 23:21:54 UTC,sensor05,236476602,25.5,93.03,2025-08-18 23:21:54+00:00,33.989883,-81.010448,107.2,6.93,-1.9,0.0,10.0,3D,2025-08-18 19:21:54-04:00,POINT (-81.010448 33.989883)
2025-08-18 23:21:59 UTC,sensor05,236476602,25.56,93.69,2025-08-18 23:21:59+00:00,33.990028,-81.010253,109.4,4.49,0.5,62.83,10.0,3D,2025-08-18 19:21:59-04:00,POINT (-81.010253 33.990028)
2025-08-18 23:22:04 UTC,sensor05,236476602,25.49,93.65,2025-08-18 23:22:04+00:00,33.990102,-81.01001,112.1,4.88,0.5,82.48,10.0,3D,2025-08-18 19:22:04-04:00,POINT (-81.01001 33.990102)
2025-08-18 23:22:09 UTC,sensor05,236476602,25.46,93.55,2025-08-18 23:22:09+00:00,33.99009,-81.009742,114.8,4.23,0.5,98.91,10.0,3D,2025-08-18 19:22:09-04:00,POINT (-81.009742 33.99009)
2025-08-18 23:22:14 UTC,sensor05,236476602,25.37,93.64,2025-08-18 23:22:12+00:00,33.990085,-81.009533,116.2,5.19,0.6,93.49,10.0,3D,2025-08-18 19:22:12-04:00,POINT (-81.009533 33.990085)
2025-08-18 23:22:19 UTC,sensor05,236476602,25.33,93.65,2025-08-18 23:22:12+00:00,33.990085,-81.009533,116.2,5.19,0.6,93.49,10.0,3D,2025-08-18 19:22:12-04:00,POINT (-81.009533 33.990085)
2025-08-18 23:22:24 UTC,sensor05,236476602,25.39,93.58,2025-08-18 23:22:24+00:00,33.990023,-81.008762,119.7,6.48,0.4,96.53,10.0,3D,2025-08-18 19:22:24-04:00,POINT (-81.008762 33.990023)
2025-08-18 23:22:29 UTC,sensor05,236476602,25.43,93.1,2025-08-18 23:22:29+00:00,33.990002,-81.008383,120.4,5.84,-0.7,98.27,10.0,3D,2025-08-18 19:22:29-04:00,POINT (-81.008383 33.990002)
2025-08-18 23:22:34 UTC,sensor05,236476602,25.42,93.03,2025-08-18 23:22:34+00:00,33.98996,-81.008105,121.2,3.24,0.3,85.57,10.0,3D,2025-08-18 19:22:34-04:00,POINT (-81.008105 33.98996)
2025-08-18 23:22:39 UTC,sensor05,236476602,25.39,93.39,2025-08-18 23:22:39+00:00,33.990092,-81.008013,120.3,3.41,0.2,8.54,10.0,3D,2025-08-18 19:22:39-04:00,POINT (-81.008013 33.990092)
2025-08-18 23:22:44 UTC,sensor05,236476602,25.36,93.43,2025-08-18 23:22:44+00:00,33.990287,-81.007992,122.2,4.68,0.3,9.63,10.0,3D,2025-08-18 19:22:44-04:00,POINT (-81.007992 33.990287)
2025-08-18 23:22:49 UTC,sensor05,236476602,25.44,93.85,2025-08-18 23:22:49+00:00,33.990542,-81.007968,123.5,6.04,0.1,3.63,10.0,3D,2025-08-18 19:22:49-04:00,POINT (-81.007968 33.990542)
2025-08-18 23:22:54 UTC,sensor05,236476602,25.42,93.32,2025-08-18 23:22:54+00:00,33.990825,-81.007945,122.1,6.05,0.0,4.12,10.0,3D,2025-08-18 19:22:54-04:00,POINT (-81.007945 33.990825)
2025-08-18 23:23:04 UTC,sensor05,236476602,25.39,92.08,2025-08-18 23:23:04+00:00,33.991017,-81.007822,120.9,2.85,0.4,70.79,10.0,3D,2025-08-18 19:23:04-04:00,POINT (-81.007822 33.991017)
2025-08-18 23:23:09 UTC,sensor05,236476602,25.37,92.66,2025-08-18 23:23:09+00:00,33.991002,-81.007543,122.9,5.58,0.5,89.57,10.0,3D,2025-08-18 19:23:09-04:00,POINT (-81.007543 33.991002)
2025-08-18 23:23:14 UTC,sensor05,236476602,25.42,92.86,2025-08-18 23:23:14+00:00,33.990963,-81.007213,124.6,6.22,0.4,99.92,10.0,3D,2025-08-18 19:23:14-04:00,POINT (-81.007213 33.990963)
2025-08-18 23:23:19 UTC,sensor05,236476602,25.43,92.83,2025-08-18 23:23:19+00:00,33.990935,-81.006865,124.9,5.34,0.3,92.63,10.0,3D,2025-08-18 19:23:19-04:00,POINT (-81.006865 33.990935)
2025-08-18 23:23:24 UTC,sensor05,236476602,25.42,92.91,2025-08-18 23:23:24+00:00,33.990918,-81.006558,125.1,4.95,0.1,91.63,10.0,3D,2025-08-18 19:23:24-04:00,POINT (-81.006558 33.990918)
2025-08-18 23:23:40 UTC,sensor05,236476602,25.45,92.5,2025-08-18 23:23:40+00:00,33.990917,-81.006172,122.5,4.35,0.1,0.0,10.0,3D,2025-08-18 19:23:40-04:00,POINT (-81.006172 33.990917)
2025-08-18 23:23:45 UTC,sensor05,236476602,25.44,92.55,2025-08-18 23:23:45+00:00,33.990888,-81.005928,120.8,5.13,-0.1,0.0,10.0,3D,2025-08-18 19:23:45-04:00,POINT (-81.005928 33.990888)
2025-08-18 23:23:50 UTC,sensor05,236476602,25.44,92.96,2025-08-18 23:23:50+00:00,33.99087,-81.005583,119.4,6.63,-0.7,0.0,10.0,3D,2025-08-18 19:23:50-04:00,POINT (-81.005583 33.99087)
2025-08-18 23:23:55 UTC,sensor05,236476602,25.35,93.09,2025-08-18 23:23:55+00:00,33.990775,-81.005177,116.3,7.69,-0.1,0.0,10.0,3D,2025-08-18 19:23:55-04:00,POINT (-81.005177 33.990775)
2025-08-18 23:24:00 UTC,sensor05,236476602,25.33,93.02,2025-08-18 23:24:00+00:00,33.990745,-81.004812,115.6,6.33,0.0,95.87,10.0,3D,2025-08-18 19:24:00-04:00,POINT (-81.004812 33.990745)
2025-08-18 23:24:05 UTC,sensor05,236476602,25.26,93.16,2025-08-18 23:24:05+00:00,33.990752,-81.004472,112.6,5.84,-0.1,96.53,10.0,3D,2025-08-18 19:24:05-04:00,POINT (-81.004472 33.990752)
2025-08-18 23:24:10 UTC,sensor05,236476602,25.26,92.94,2025-08-18 23:24:10+00:00,33.990763,-81.00419,111.3,2.5,0.0,89.45,10.0,3D,2025-08-18 19:24:10-04:00,POINT (-81.00419 33.990763)
2025-08-18 23:24:20 UTC,sensor05,236476602,25.19,93.08,2025-08-18 23:24:20+00:00,33.990723,-81.00378,110.6,8.19,0.12,0.0,10.0,3D,2025-08-18 19:24:20-04:00,POINT (-81.00378 33.990723)
2025-08-18 23:24:25 UTC,sensor05,236476602,25.11,93.33,2025-08-18 23:24:25+00:00,33.990717,-81.003413,109.4,6.7,-1.8,91.92,10.0,3D,2025-08-18 19:24:25-04:00,POINT (-81.003413 33.990717)
2025-08-18 23:24:30 UTC,sensor05,236476602,25.07,93.45,2025-08-18 23:24:30+00:00,33.990712,-81.00307,110.2,5.89,0.2,85.53,10.0,3D,2025-08-18 19:24:30-04:00,POINT (-81.00307 33.990712)
2025-08-18 23:24:35 UTC,sensor05,236476602,25.12,93.77,2025-08-18 23:24:35+00:00,33.9907,-81.002735,108.3,5.5,0.1,87.51,10.0,3D,2025-08-18 19:24:35-04:00,POINT (-81.002735 33.9907)
2025-08-18 23:24:40 UTC,sensor05,236476602,25.17,93.62,2025-08-18 23:24:40+00:00,33.990677,-81.00239,108.4,5.46,0.0,87.86,10.0,3D,2025-08-18 19:24:40-04:00,POINT (-81.00239 33.990677)
2025-08-18 23:24:45 UTC,sensor05,236476602,25.17,93.6,2025-08-18 23:24:45+00:00,33.990685,-81.002133,107.6,3.02,-0.5,90.48,10.0,3D,2025-08-18 19:24:45-04:00,POINT (-81.002133 33.990685)
2025-08-18 23:24:55 UTC,sensor05,236476602,25.29,93.55,2025-08-18 23:24:55+00:00,33.990772,-81.001903,105.4,3.86,-0.2,5.83,10.0,3D,2025-08-18 19:24:55-04:00,POINT (-81.001903 33.990772)
2025-08-18 23:25:00 UTC,sensor05,236476602,25.23,93.29,2025-08-18 23:25:00+00:00,33.99095,-81.001855,105.0,4.82,-0.2,4.96,10.0,3D,2025-08-18 19:25:00-04:00,POINT (-81.001855 33.99095)
2025-08-18 23:25:05 UTC,sensor05,236476602,25.24,93.41,2025-08-18 23:25:05+00:00,33.991165,-81.001808,105.1,5.04,0.0,4.7,10.0,3D,2025-08-18 19:25:05-04:00,POINT (-81.001808 33.991165)
2025-08-18 23:25:10 UTC,sensor05,236476602,25.27,93.76,2025-08-18 23:25:10+00:00,33.991405,-81.001782,106.1,5.44,0.3,4.89,10.0,3D,2025-08-18 19:25:10-04:00,POINT (-81.001782 33.991405)
2025-08-18 23:25:20 UTC,sensor05,236476602,25.23,93.64,2025-08-18 23:25:20+00:00,33.991672,-81.00175,106.0,2.8,0.2,6.07,10.0,3D,2025-08-18 19:25:20-04:00,POINT (-81.00175 33.991672)
2025-08-18 23:25:26 UTC,sensor05,236476602,25.2,93.34,2025-08-18 23:25:25+00:00,33.991878,-81.001725,105.3,5.43,-0.4,5.15,10.0,3D,2025-08-18 19:25:25-04:00,POINT (-81.001725 33.991878)
2025-08-18 23:25:31 UTC,sensor05,236476602,25.2,93.18,2025-08-18 23:25:30+00:00,33.992155,-81.001698,104.2,5.39,-0.1,7.11,10.0,3D,2025-08-18 19:25:30-04:00,POINT (-81.001698 33.992155)
2025-08-18 23:25:36 UTC,sensor05,236476602,25.18,93.47,2025-08-18 23:25:36+00:00,33.99246,-81.001675,102.5,5.19,-0.2,0.0,10.0,3D,2025-08-18 19:25:36-04:00,POINT (-81.001675 33.99246)
2025-08-18 23:25:41 UTC,sensor05,236476602,25.21,93.51,2025-08-18 23:25:41+00:00,33.99267,-81.001632,98.8,3.38,-0.4,0.0,10.0,3D,2025-08-18 19:25:41-04:00,POINT (-81.001632 33.99267)
2025-08-18 23:25:51 UTC,sensor05,236476602,25.22,93.67,2025-08-18 23:25:51+00:00,33.992823,-81.001622,99.5,3.68,0.2,358.08,10.0,3D,2025-08-18 19:25:51-04:00,POINT (-81.001622 33.992823)
2025-08-18 23:25:56 UTC,sensor05,236476602,25.25,93.35,2025-08-18 23:25:56+00:00,33.99307,-81.001608,100.0,6.6,0.2,3.66,10.0,3D,2025-08-18 19:25:56-04:00,POINT (-81.001608 33.99307)
2025-08-18 23:26:01 UTC,sensor05,236476602,25.28,93.19,2025-08-18 23:26:01+00:00,33.993368,-81.001568,98.3,7.03,-0.2,8.19,10.0,3D,2025-08-18 19:26:01-04:00,POINT (-81.001568 33.993368)
2025-08-18 23:26:06 UTC,sensor05,236476602,25.28,93.24,2025-08-18 23:26:06+00:00,33.993662,-81.001513,97.6,5.53,0.0,8.56,10.0,3D,2025-08-18 19:26:06-04:00,POINT (-81.001513 33.993662)
2025-08-18 23:26:11 UTC,sensor05,236476602,25.31,93.3,2025-08-18 23:26:11+00:00,33.993857,-81.001507,96.8,2.25,-0.2,352.8,10.0,3D,2025-08-18 19:26:11-04:00,POINT (-81.001507 33.993857)
2025-08-18 23:26:21 UTC,sensor05,236476602,25.3,92.84,2025-08-18 23:26:21+00:00,33.994018,-81.001663,95.1,4.15,-0.27,277.84,10.0,3D,2025-08-18 19:26:21-04:00,POINT (-81.001663 33.994018)
2025-08-18 23:26:26 UTC,sensor05,236476602,25.27,92.51,2025-08-18 23:26:26+00:00,33.994063,-81.001962,94.1,5.38,-0.3,271.05,10.0,3D,2025-08-18 19:26:26-04:00,POINT (-81.001962 33.994063)
2025-08-18 23:26:31 UTC,sensor05,236476602,25.3,92.55,2025-08-18 23:26:31+00:00,33.99406,-81.00226,92.5,5.26,-0.4,266.56,10.0,3D,2025-08-18 19:26:31-04:00,POINT (-81.00226 33.99406)
2025-08-18 23:26:36 UTC,sensor05,236476602,25.33,92.9,2025-08-18 23:26:36+00:00,33.994063,-81.002587,91.2,5.34,-0.2,267.47,10.0,3D,2025-08-18 19:26:36-04:00,POINT (-81.002587 33.994063)
2025-08-18 23:26:41 UTC,sensor05,236476602,25.3,93.07,2025-08-18 23:26:41+00:00,33.994053,-81.002878,89.5,4.7,-0.3,259.4,10.0,3D,2025-08-18 19:26:41-04:00,POINT (-81.002878 33.994053)
2025-08-18 23:26:46 UTC,sensor05,236476602,25.27,93.0,2025-08-18 23:26:46+00:00,33.99403,-81.003165,88.7,4.48,-0.1,274.4,10.0,3D,2025-08-18 19:26:46-04:00,POINT (-81.003165 33.99403)
2025-08-18 23:26:51 UTC,sensor05,236476602,25.27,92.7,2025-08-18 23:26:51+00:00,33.994062,-81.003492,88.9,4.16,0.2,268.68,10.0,3D,2025-08-18 19:26:51-04:00,POINT (-81.003492 33.994062)
2025-08-18 23:26:56 UTC,sensor05,236476602,25.35,93.44,2025-08-18 23:26:56+00:00,33.99411,-81.003812,88.2,4.54,-0.2,274.24,10.0,3D,2025-08-18 19:26:56-04:00,POINT (-81.003812 33.99411)
2025-08-18 23:27:01 UTC,sensor05,236476602,25.34,93.55,2025-08-18 23:27:01+00:00,33.994157,-81.00417,87.8,5.85,-0.2,275.75,10.0,3D,2025-08-18 19:27:01-04:00,POINT (-81.00417 33.994157)
2025-08-18 23:27:06 UTC,sensor05,236476602,25.29,93.41,2025-08-18 23:27:06+00:00,33.994185,-81.004523,87.2,5.39,0.0,274.69,10.0,3D,2025-08-18 19:27:06-04:00,POINT (-81.004523 33.994185)
2025-08-18 23:27:11 UTC,sensor05,236476602,25.28,93.25,2025-08-18 23:27:11+00:00,33.99419,-81.004842,86.8,5.06,0.2,266.7,10.0,3D,2025-08-18 19:27:11-04:00,POINT (-81.004842 33.99419)
2025-08-18 23:27:17 UTC,sensor05,236476602,25.21,93.19,2025-08-18 23:27:16+00:00,33.994202,-81.005157,86.4,5.46,-0.1,271.14,10.0,3D,2025-08-18 19:27:16-04:00,POINT (-81.005157 33.994202)
2025-08-18 23:27:22 UTC,sensor05,236476602,25.2,93.49,2025-08-18 23:27:21+00:00,33.99422,-81.005412,85.3,4.58,-0.3,265.0,10.0,3D,2025-08-18 19:27:21-04:00,POINT (-81.005412 33.99422)
2025-08-18 23:27:27 UTC,sensor05,236476602,25.23,93.69,2025-08-18 23:27:27+00:00,33.99427,-81.005712,84.0,2.49,-0.3,0.0,10.0,3D,2025-08-18 19:27:27-04:00,POINT (-81.005712 33.99427)
2025-08-18 23:27:42 UTC,sensor05,236476602,25.23,92.95,2025-08-18 23:27:42+00:00,33.994077,-81.005935,81.6,5.85,-0.1,191.66,10.0,3D,2025-08-18 19:27:42-04:00,POINT (-81.005935 33.994077)
2025-08-18 23:27:47 UTC,sensor05,236476602,25.18,92.5,2025-08-18 23:27:47+00:00,33.993778,-81.006022,81.6,6.87,-0.2,182.32,10.0,3D,2025-08-18 19:27:47-04:00,POINT (-81.006022 33.993778)
2025-08-18 23:27:52 UTC,sensor05,236476602,25.2,92.62,2025-08-18 23:27:52+00:00,33.993487,-81.006067,80.3,6.27,-0.3,188.79,9.0,3D,2025-08-18 19:27:52-04:00,POINT (-81.006067 33.993487)
2025-08-18 23:27:57 UTC,sensor05,236476602,25.25,92.35,2025-08-18 23:27:57+00:00,33.993288,-81.006098,79.3,2.47,-0.1,187.38,9.0,3D,2025-08-18 19:27:57-04:00,POINT (-81.006098 33.993288)
2025-08-18 23:28:02 UTC,sensor05,236476602,25.29,91.72,2025-08-18 23:28:02+00:00,33.993203,-81.0062,78.3,3.18,-0.2,243.61,9.0,3D,2025-08-18 19:28:02-04:00,POINT (-81.0062 33.993203)
2025-08-18 23:28:07 UTC,sensor05,236476602,25.33,91.54,2025-08-18 23:28:07+00:00,33.993232,-81.006502,78.1,5.83,0.1,277.64,9.0,3D,2025-08-18 19:28:07-04:00,POINT (-81.006502 33.993232)
2025-08-18 23:28:12 UTC,sensor05,236476602,25.38,91.75,2025-08-18 23:28:12+00:00,33.993238,-81.006887,77.6,7.02,0.0,274.88,9.0,3D,2025-08-18 19:28:12-04:00,POINT (-81.006887 33.993238)
2025-08-18 23:28:17 UTC,sensor05,236476602,25.43,91.69,2025-08-18 23:28:14+00:00,33.993238,-81.007067,77.8,6.84,0.2,272.32,9.0,3D,2025-08-18 19:28:14-04:00,POINT (-81.007067 33.993238)
2025-08-18 23:28:22 UTC,sensor05,236476602,25.44,92.12,2025-08-18 23:28:22+00:00,33.99327,-81.00759,77.8,4.6,0.0,273.23,9.0,3D,2025-08-18 19:28:22-04:00,POINT (-81.00759 33.99327)
2025-08-18 23:28:32 UTC,sensor05,236476602,25.43,92.15,2025-08-18 23:28:32+00:00,33.993402,-81.007752,79.9,3.67,0.6,355.53,9.0,3D,2025-08-18 19:28:32-04:00,POINT (-81.007752 33.993402)
2025-08-18 23:28:37 UTC,sensor05,236476602,25.41,92.4,2025-08-18 23:28:37+00:00,33.993645,-81.007728,82.9,5.12,0.4,6.62,9.0,3D,2025-08-18 19:28:37-04:00,POINT (-81.007728 33.993645)
2025-08-18 23:28:42 UTC,sensor05,236476602,25.5,92.63,2025-08-18 23:28:42+00:00,33.993917,-81.007697,87.1,5.88,0.6,5.99,9.0,3D,2025-08-18 19:28:42-04:00,POINT (-81.007697 33.993917)
2025-08-18 23:28:47 UTC,sensor05,236476602,25.49,93.07,2025-08-18 23:28:47+00:00,33.994183,-81.007685,89.8,5.25,0.2,358.25,9.0,3D,2025-08-18 19:28:47-04:00,POINT (-81.007685 33.994183)
2025-08-18 23:28:52 UTC,sensor05,236476602,25.55,92.91,2025-08-18 23:28:52+00:00,33.994363,-81.007627,91.9,3.76,0.6,30.17,9.0,3D,2025-08-18 19:28:52-04:00,POINT (-81.007627 33.994363)
2025-08-18 23:28:57 UTC,sensor05,236476602,25.56,92.7,2025-08-18 23:28:57+00:00,33.994392,-81.007485,93.9,3.4,0.6,100.52,9.0,3D,2025-08-18 19:28:57-04:00,POINT (-81.007485 33.994392)
2025-08-18 23:29:02 UTC,sensor05,236476602,25.59,92.59,2025-08-18 23:29:02+00:00,33.994422,-81.007325,95.5,2.54,0.4,80.52,9.0,3D,2025-08-18 19:29:02-04:00,POINT (-81.007325 33.994422)
2025-08-18 23:29:07 UTC,sensor05,236476602,25.64,92.5,2025-08-18 23:29:07+00:00,33.994517,-81.007192,97.1,3.08,0.3,24.75,9.0,3D,2025-08-18 19:29:07-04:00,POINT (-81.007192 33.994517)
2025-08-18 23:29:12 UTC,sensor05,236476602,25.7,92.89,2025-08-18 23:29:12+00:00,33.994662,-81.007128,98.4,3.35,0.2,18.02,9.0,3D,2025-08-18 19:29:12-04:00,POINT (-81.007128 33.994662)
2025-08-18 23:29:18 UTC,sensor05,236476602,25.68,92.74,2025-08-18 23:29:18+00:00,33.99486,-81.007073,99.5,3.75,0.3,0.0,9.0,3D,2025-08-18 19:29:18-04:00,POINT (-81.007073 33.99486)
2025-08-18 23:29:23 UTC,sensor05,236476602,25.65,92.02,2025-08-18 23:29:23+00:00,33.995018,-81.007088,100.3,2.54,0.2,0.0,9.0,3D,2025-08-18 19:29:23-04:00,POINT (-81.007088 33.995018)
2025-08-18 23:29:28 UTC,sensor05,236476602,25.64,91.81,2025-08-18 23:29:28+00:00,33.995055,-81.007242,101.2,2.52,0.2,0.0,4.0,3D,2025-08-18 19:29:28-04:00,POINT (-81.007242 33.995055)
2025-08-18 23:29:48 UTC,sensor05,236476602,25.54,91.74,2025-08-18 23:29:48+00:00,33.995053,-81.00749,106.9,3.03,0.1,0.0,4.0,3D,2025-08-18 19:29:48-04:00,POINT (-81.00749 33.995053)
2025-08-18 23:29:53 UTC,sensor05,236476602,25.47,91.62,2025-08-18 23:29:53+00:00,33.995207,-81.007485,107.5,4.28,0.3,0.0,9.0,3D,2025-08-18 19:29:53-04:00,POINT (-81.007485 33.995207)
2025-08-18 23:29:58 UTC,sensor05,236476602,25.43,91.74,2025-08-18 23:29:58+00:00,33.995415,-81.007475,108.8,3.7,0.2,0.0,9.0,3D,2025-08-18 19:29:58-04:00,POINT (-81.007475 33.995415)
2025-08-18 23:30:08 UTC,sensor05,236476602,25.52,92.03,2025-08-18 23:30:08+00:00,33.995673,-81.007413,110.3,5.37,0.1,10.54,9.0,3D,2025-08-18 19:30:08-04:00,POINT (-81.007413 33.995673)
2025-08-18 23:30:13 UTC,sensor05,236476602,25.57,92.08,2025-08-18 23:30:13+00:00,33.99598,-81.007375,111.2,7.42,0.2,6.05,9.0,3D,2025-08-18 19:30:13-04:00,POINT (-81.007375 33.99598)
2025-08-18 23:30:18 UTC,sensor05,236476602,25.44,91.37,2025-08-18 23:30:18+00:00,33.99633,-81.007352,111.9,7.12,0.15,5.17,9.0,3D,2025-08-18 19:30:18-04:00,POINT (-81.007352 33.99633)
2025-08-18 23:30:23 UTC,sensor05,236476602,25.45,91.82,2025-08-18 23:30:23+00:00,33.99666,-81.007352,109.6,6.54,-0.8,1.75,9.0,3D,2025-08-18 19:30:23-04:00,POINT (-81.007352 33.99666)
2025-08-18 23:30:28 UTC,sensor05,236476602,25.42,92.16,2025-08-18 23:30:28+00:00,33.996847,-81.007353,110.6,2.6,0.2,347.88,9.0,3D,2025-08-18 19:30:28-04:00,POINT (-81.007353 33.996847)
2025-08-18 23:30:33 UTC,sensor05,236476602,25.41,91.85,2025-08-18 23:30:33+00:00,33.996985,-81.0074,110.6,3.67,0.2,318.35,9.0,3D,2025-08-18 19:30:33-04:00,POINT (-81.0074 33.996985)
2025-08-18 23:30:38 UTC,sensor05,236476602,25.39,91.84,2025-08-18 23:30:38+00:00,33.997075,-81.007647,110.0,5.37,-0.7,282.97,9.0,3D,2025-08-18 19:30:38-04:00,POINT (-81.007647 33.997075)
2025-08-18 23:30:43 UTC,sensor05,236476602,25.42,92.48,2025-08-18 23:30:43+00:00,33.997102,-81.008067,105.6,8.07,-0.1,272.0,9.0,3D,2025-08-18 19:30:43-04:00,POINT (-81.008067 33.997102)
2025-08-18 23:30:48 UTC,sensor05,236476602,25.36,92.78,2025-08-18 23:30:48+00:00,33.997125,-81.008518,105.0,8.36,-0.2,273.16,9.0,3D,2025-08-18 19:30:48-04:00,POINT (-81.008518 33.997125)
2025-08-18 23:30:53 UTC,sensor05,236476602,25.3,92.97,2025-08-18 23:30:53+00:00,33.997137,-81.008845,104.3,4.01,-0.1,268.68,9.0,3D,2025-08-18 19:30:53-04:00,POINT (-81.008845 33.997137)
2025-08-18 23:31:03 UTC,sensor05,236476602,25.26,93.24,2025-08-18 23:31:03+00:00,33.997128,-81.009262,105.7,7.09,0.3,276.45,9.0,3D,2025-08-18 19:31:03-04:00,POINT (-81.009262 33.997128)
2025-08-18 23:31:08 UTC,sensor05,236476602,25.34,93.48,2025-08-18 23:31:08+00:00,33.997165,-81.009737,106.5,8.64,0.2,274.08,9.0,3D,2025-08-18 19:31:08-04:00,POINT (-81.009737 33.997165)
2025-08-18 23:31:13 UTC,sensor05,236476602,25.32,93.23,2025-08-18 23:31:14+00:00,33.997157,-81.010272,107.3,7.55,0.2,0.0,9.0,3D,2025-08-18 19:31:14-04:00,POINT (-81.010272 33.997157)
2025-08-18 23:31:18 UTC,sensor05,236476602,25.36,93.35,2025-08-18 23:31:18+00:00,33.997113,-81.01058,108.4,5.85,0.3,267.79,9.0,3D,2025-08-18 19:31:18-04:00,POINT (-81.01058 33.997113)
2025-08-18 23:31:24 UTC,sensor05,236476602,25.42,93.45,2025-08-18 23:31:24+00:00,33.997293,-81.010722,109.9,4.28,0.3,0.0,9.0,3D,2025-08-18 19:31:24-04:00,POINT (-81.010722 33.997293)
2025-08-18 23:31:29 UTC,sensor05,236476602,25.46,93.48,2025-08-18 23:31:29+00:00,33.997562,-81.01073,109.0,5.58,0.3,0.0,9.0,3D,2025-08-18 19:31:29-04:00,POINT (-81.01073 33.997562)
2025-08-18 23:31:34 UTC,sensor05,236476602,25.58,93.73,2025-08-18 23:31:34+00:00,33.997793,-81.010702,110.8,4.28,0.4,0.0,9.0,3D,2025-08-18 19:31:34-04:00,POINT (-81.010702 33.997793)
2025-08-18 23:31:39 UTC,sensor05,236476602,25.61,93.56,2025-08-18 23:31:39+00:00,33.997963,-81.010698,113.0,3.48,0.4,8.83,9.0,3D,2025-08-18 19:31:39-04:00,POINT (-81.010698 33.997963)
2025-08-18 23:31:44 UTC,sensor05,236476602,25.57,93.0,2025-08-18 23:31:44+00:00,33.998108,-81.010677,114.9,3.22,0.4,11.91,9.0,3D,2025-08-18 19:31:44-04:00,POINT (-81.010677 33.998108)
2025-08-18 23:31:49 UTC,sensor05,236476602,25.76,93.06,2025-08-18 23:31:49+00:00,33.998277,-81.010647,114.4,3.94,0.3,4.99,9.0,3D,2025-08-18 19:31:49-04:00,POINT (-81.010647 33.998277)
2025-08-18 23:32:04 UTC,sensor05,236476602,25.78,91.71,2025-08-18 23:32:04+00:00,33.99857,-81.010628,110.8,2.65,-0.5,354.5,9.0,3D,2025-08-18 19:32:04-04:00,POINT (-81.010628 33.99857)
2025-08-18 23:32:09 UTC,sensor05,236476602,25.9,90.08,2025-08-18 23:32:09+00:00,33.998678,-81.010752,109.8,5.09,-0.1,289.86,9.0,3D,2025-08-18 19:32:09-04:00,POINT (-81.010752 33.998678)
2025-08-18 23:32:14 UTC,sensor05,236476602,25.98,89.35,2025-08-18 23:32:14+00:00,33.998713,-81.011088,109.1,6.83,0.1,275.72,9.0,3D,2025-08-18 19:32:14-04:00,POINT (-81.011088 33.998713)
2025-08-18 23:32:19 UTC,sensor05,236476602,26.16,88.63,2025-08-18 23:32:19+00:00,33.998717,-81.011487,108.1,7.69,-0.2,273.52,9.0,3D,2025-08-18 19:32:19-04:00,POINT (-81.011487 33.998717)
2025-08-18 23:32:24 UTC,sensor05,236476602,26.23,88.29,2025-08-18 23:32:24+00:00,33.99873,-81.01189,107.1,7.0,-0.2,274.71,9.0,3D,2025-08-18 19:32:24-04:00,POINT (-81.01189 33.99873)
2025-08-18 23:32:29 UTC,sensor05,236476602,26.39,87.5,2025-08-18 23:32:29+00:00,33.998767,-81.012263,106.2,6.81,-0.2,275.09,9.0,3D,2025-08-18 19:32:29-04:00,POINT (-81.012263 33.998767)
2025-08-18 23:32:34 UTC,sensor05,236476602,26.22,87.48,2025-08-18 23:32:34+00:00,33.998798,-81.012703,105.5,8.94,-0.5,275.97,9.0,3D,2025-08-18 19:32:34-04:00,POINT (-81.012703 33.998798)
2025-08-18 23:32:39 UTC,sensor05,236476602,26.09,87.29,2025-08-18 23:32:39+00:00,33.99884,-81.013255,103.7,10.52,-0.3,276.22,9.0,3D,2025-08-18 19:32:39-04:00,POINT (-81.013255 33.99884)
2025-08-18 23:32:44 UTC,sensor05,236476602,26.21,87.51,2025-08-18 23:32:44+00:00,33.998868,-81.013832,101.9,10.56,-0.2,274.95,9.0,3D,2025-08-18 19:32:44-04:00,POINT (-81.013832 33.998868)
2025-08-18 23:32:49 UTC,sensor05,236476602,26.34,88.09,2025-08-18 23:32:49+00:00,33.998907,-81.014405,101.0,9.99,-0.2,275.99,9.0,3D,2025-08-18 19:32:49-04:00,POINT (-81.014405 33.998907)
2025-08-18 23:32:54 UTC,sensor05,236476602,26.36,88.02,2025-08-18 23:32:54+00:00,33.998957,-81.014957,100.0,9.84,-0.2,275.71,9.0,3D,2025-08-18 19:32:54-04:00,POINT (-81.014957 33.998957)
2025-08-18 23:32:59 UTC,sensor05,236476602,26.23,87.68,2025-08-18 23:32:59+00:00,33.998995,-81.015378,98.1,5.56,-0.4,277.66,9.0,3D,2025-08-18 19:32:59-04:00,POINT (-81.015378 33.998995)
2025-08-18 23:33:04 UTC,sensor05,236476602,26.13,88.34,2025-08-18 23:33:04+00:00,33.99913,-81.015448,94.8,4.55,-0.6,22.63,9.0,3D,2025-08-18 19:33:04-04:00,POINT (-81.015448 33.99913)
2025-08-18 23:33:09 UTC,sensor05,236476602,26.12,89.32,2025-08-18 23:33:09+00:00,33.9993,-81.015188,92.5,5.84,-0.4,42.06,9.0,3D,2025-08-18 19:33:09-04:00,POINT (-81.015188 33.9993)
2025-08-18 23:33:14 UTC,sensor05,236476602,26.16,89.23,2025-08-18 23:33:14+00:00,33.999537,-81.014968,90.8,6.65,0.1,41.92,9.0,3D,2025-08-18 19:33:14-04:00,POINT (-81.014968 33.999537)
2025-08-18 23:33:20 UTC,sensor05,236476602,26.13,89.12,2025-08-18 23:33:20+00:00,33.999813,-81.014668,91.0,6.7,-0.2,0.0,9.0,3D,2025-08-18 19:33:20-04:00,POINT (-81.014668 33.999813)
2025-08-18 23:33:25 UTC,sensor05,236476602,26.09,89.97,2025-08-18 23:33:25+00:00,33.999947,-81.01451,91.5,3.9,0.0,0.0,9.0,3D,2025-08-18 19:33:25-04:00,POINT (-81.01451 33.999947)
2025-08-18 23:33:30 UTC,sensor05,236476602,26.04,90.38,2025-08-18 23:33:30+00:00,34.000112,-81.014488,91.4,4.66,0.1,330.37,9.0,3D,2025-08-18 19:33:30-04:00,POINT (-81.014488 34.000112)
2025-08-18 23:33:35 UTC,sensor05,236476602,26.0,90.94,2025-08-18 23:33:35+00:00,34.000343,-81.014733,92.1,6.24,0.0,311.61,9.0,3D,2025-08-18 19:33:35-04:00,POINT (-81.014733 34.000343)
2025-08-18 23:33:40 UTC,sensor05,236476602,25.93,91.13,2025-08-18 23:33:40+00:00,34.000517,-81.014958,91.9,5.53,0.0,310.42,9.0,3D,2025-08-18 19:33:40-04:00,POINT (-81.014958 34.000517)
2025-08-18 23:33:45 UTC,sensor05,236476602,25.95,91.06,2025-08-18 23:33:45+00:00,34.000673,-81.015147,91.7,3.94,0.0,316.0,9.0,3D,2025-08-18 19:33:45-04:00,POINT (-81.015147 34.000673)
2025-08-18 23:33:55 UTC,sensor05,236476602,25.95,91.58,2025-08-18 23:33:55+00:00,34.000882,-81.015168,91.4,4.72,0.1,21.47,9.0,3D,2025-08-18 19:33:55-04:00,POINT (-81.015168 34.000882)
2025-08-18 23:34:00 UTC,sensor05,236476602,25.79,92.07,2025-08-18 23:34:00+00:00,34.001103,-81.015002,92.0,6.35,0.2,32.36,9.0,3D,2025-08-18 19:34:00-04:00,POINT (-81.015002 34.001103)
2025-08-18 23:34:05 UTC,sensor05,236476602,25.73,92.76,2025-08-18 23:34:05+00:00,34.001387,-81.014815,89.8,6.87,-2.1,29.85,9.0,3D,2025-08-18 19:34:05-04:00,POINT (-81.014815 34.001387)
2025-08-18 23:34:10 UTC,sensor05,236476602,25.72,92.68,2025-08-18 23:34:10+00:00,34.001648,-81.014602,88.6,6.15,-0.1,34.25,9.0,3D,2025-08-18 19:34:10-04:00,POINT (-81.014602 34.001648)
2025-08-18 23:34:15 UTC,sensor05,236476602,25.63,92.65,2025-08-18 23:34:15+00:00,34.001893,-81.014412,88.6,6.37,0.1,29.41,9.0,3D,2025-08-18 19:34:15-04:00,POINT (-81.014412 34.001893)
2025-08-18 23:34:20 UTC,sensor05,236476602,25.63,92.76,2025-08-18 23:34:15+00:00,34.001893,-81.014412,88.6,6.37,0.1,29.41,9.0,3D,2025-08-18 19:34:15-04:00,POINT (-81.014412 34.001893)
2025-08-18 23:34:35 UTC,sensor05,236476602,25.68,91.67,2025-08-18 23:34:35+00:00,34.002342,-81.013978,90.1,3.71,-0.2,41.63,9.0,3D,2025-08-18 19:34:35-04:00,POINT (-81.013978 34.002342)
2025-08-18 23:34:40 UTC,sensor05,236476602,25.83,91.72,2025-08-18 23:34:40+00:00,34.002517,-81.013798,88.7,5.62,-0.3,41.42,9.0,3D,2025-08-18 19:34:40-04:00,POINT (-81.013798 34.002517)
2025-08-18 23:34:45 UTC,sensor05,236476602,25.81,92.16,2025-08-18 23:34:45+00:00,34.002682,-81.013522,87.3,5.63,-0.3,57.43,9.0,3D,2025-08-18 19:34:45-04:00,POINT (-81.013522 34.002682)
2025-08-18 23:34:50 UTC,sensor05,236476602,25.72,92.46,2025-08-18 23:34:50+00:00,34.002827,-81.013238,85.0,5.75,-0.6,59.23,9.0,3D,2025-08-18 19:34:50-04:00,POINT (-81.013238 34.002827)
2025-08-18 23:34:55 UTC,sensor05,236476602,25.68,92.19,2025-08-18 23:34:55+00:00,34.002995,-81.012943,80.7,6.13,-1.3,55.49,9.0,3D,2025-08-18 19:34:55-04:00,POINT (-81.012943 34.002995)
2025-08-18 23:35:00 UTC,sensor05,236476602,25.7,92.31,2025-08-18 23:35:00+00:00,34.003143,-81.012667,77.0,6.12,-0.7,55.7,9.0,3D,2025-08-18 19:35:00-04:00,POINT (-81.012667 34.003143)
2025-08-18 23:35:05 UTC,sensor05,236476602,25.65,92.48,2025-08-18 23:35:05+00:00,34.003317,-81.012397,72.5,6.06,-1.7,52.84,9.0,3D,2025-08-18 19:35:05-04:00,POINT (-81.012397 34.003317)
2025-08-18 23:35:16 UTC,sensor05,236476602,25.57,92.48,2025-08-18 23:35:16+00:00,34.003298,-81.01215,65.6,4.48,-0.5,0.0,9.0,3D,2025-08-18 19:35:16-04:00,POINT (-81.01215 34.003298)
2025-08-18 23:35:21 UTC,sensor05,236476602,25.48,92.46,2025-08-18 23:35:21+00:00,34.003057,-81.012073,62.6,5.86,-0.4,167.85,9.0,3D,2025-08-18 19:35:21-04:00,POINT (-81.012073 34.003057)
2025-08-18 23:35:26 UTC,sensor05,236476602,25.42,92.95,2025-08-18 23:35:26+00:00,34.002732,-81.01202,61.9,6.51,-0.6,0.0,9.0,3D,2025-08-18 19:35:26-04:00,POINT (-81.01202 34.002732)
2025-08-18 23:35:31 UTC,sensor05,236476602,25.5,92.74,2025-08-18 23:35:31+00:00,34.002505,-81.011988,59.7,4.3,-0.3,182.49,9.0,3D,2025-08-18 19:35:31-04:00,POINT (-81.011988 34.002505)
2025-08-18 23:35:41 UTC,sensor05,236476602,25.48,92.68,2025-08-18 23:35:41+00:00,34.002267,-81.012078,58.6,4.48,-0.1,218.85,9.0,3D,2025-08-18 19:35:41-04:00,POINT (-81.012078 34.002267)
2025-08-18 23:35:46 UTC,sensor05,236476602,25.44,92.67,2025-08-18 23:35:46+00:00,34.00204,-81.012297,58.2,6.34,0.0,224.59,9.0,3D,2025-08-18 19:35:46-04:00,POINT (-81.012297 34.00204)
2025-08-18 23:35:51 UTC,sensor05,236476602,25.5,92.91,2025-08-18 23:35:51+00:00,34.001807,-81.01253,57.8,5.6,-0.1,220.78,9.0,3D,2025-08-18 19:35:51-04:00,POINT (-81.01253 34.001807)
2025-08-18 23:35:56 UTC,sensor05,236476602,25.53,93.49,2025-08-18 23:35:56+00:00,34.00164,-81.012617,56.7,3.26,-0.3,172.03,9.0,3D,2025-08-18 19:35:56-04:00,POINT (-81.012617 34.00164)
2025-08-18 23:36:01 UTC,sensor05,236476602,25.52,93.59,2025-08-18 23:36:01+00:00,34.001565,-81.012488,56.2,3.37,0.0,97.78,9.0,3D,2025-08-18 19:36:01-04:00,POINT (-81.012488 34.001565)
2025-08-18 23:36:06 UTC,sensor05,236476602,25.58,93.66,2025-08-18 23:36:06+00:00,34.001548,-81.012245,56.3,4.69,0.0,94.69,9.0,3D,2025-08-18 19:36:06-04:00,POINT (-81.012245 34.001548)
2025-08-18 23:36:11 UTC,sensor05,236476602,25.54,93.67,2025-08-18 23:36:11+00:00,34.001547,-81.01192,55.9,5.81,-0.1,94.86,9.0,3D,2025-08-18 19:36:11-04:00,POINT (-81.01192 34.001547)
2025-08-18 23:36:16 UTC,sensor05,236476602,25.44,93.44,2025-08-18 23:36:15+00:00,34.00153,-81.01167,56.6,5.63,0.4,94.86,9.0,3D,2025-08-18 19:36:15-04:00,POINT (-81.01167 34.00153)
2025-08-18 23:36:21 UTC,sensor05,236476602,25.4,93.17,2025-08-18 23:36:18+00:00,34.001513,-81.011478,57.0,5.93,0.13,0.0,9.0,3D,2025-08-18 19:36:18-04:00,POINT (-81.011478 34.001513)
2025-08-18 23:36:26 UTC,sensor05,236476602,25.34,93.13,2025-08-18 23:36:26+00:00,34.001485,-81.011008,58.6,4.86,0.6,90.08,9.0,3D,2025-08-18 19:36:26-04:00,POINT (-81.011008 34.001485)
2025-08-18 23:36:31 UTC,sensor05,236476602,25.32,92.97,2025-08-18 23:36:31+00:00,34.001482,-81.010723,61.0,4.08,0.5,102.33,9.0,3D,2025-08-18 19:36:31-04:00,POINT (-81.010723 34.001482)
2025-08-18 23:36:51 UTC,sensor05,236476602,25.36,93.29,2025-08-18 23:36:51+00:00,34.001548,-81.010445,66.5,3.31,1.2,22.74,9.0,3D,2025-08-18 19:36:51-04:00,POINT (-81.010445 34.001548)
2025-08-18 23:36:56 UTC,sensor05,236476602,25.37,93.84,2025-08-18 23:36:56+00:00,34.001758,-81.01038,66.0,5.8,-0.2,10.54,9.0,3D,2025-08-18 19:36:56-04:00,POINT (-81.01038 34.001758)
2025-08-18 23:37:01 UTC,sensor05,236476602,25.36,94.0,2025-08-18 23:37:01+00:00,34.002047,-81.010337,65.2,6.58,-0.1,6.95,9.0,3D,2025-08-18 19:37:01-04:00,POINT (-81.010337 34.002047)
2025-08-18 23:37:06 UTC,sensor05,236476602,25.38,93.67,2025-08-18 23:37:06+00:00,34.002362,-81.010313,64.9,6.24,-0.3,3.34,9.0,3D,2025-08-18 19:37:06-04:00,POINT (-81.010313 34.002362)
2025-08-18 23:37:11 UTC,sensor05,236476602,25.44,93.65,2025-08-18 23:37:11+00:00,34.002632,-81.010287,63.8,5.06,-0.6,4.96,9.0,3D,2025-08-18 19:37:11-04:00,POINT (-81.010287 34.002632)
2025-08-18 23:37:22 UTC,sensor05,236476602,25.56,93.43,2025-08-18 23:37:22+00:00,34.002852,-81.01012,61.1,4.0,-0.1,0.0,9.0,3D,2025-08-18 19:37:22-04:00,POINT (-81.01012 34.002852)
2025-08-18 23:37:27 UTC,sensor05,236476602,25.69,93.27,2025-08-18 23:37:27+00:00,34.002852,-81.009898,60.5,3.7,0.0,0.0,9.0,3D,2025-08-18 19:37:27-04:00,POINT (-81.009898 34.002852)
2025-08-18 23:37:32 UTC,sensor05,236476602,25.69,92.93,2025-08-18 23:37:32+00:00,34.00287,-81.009658,61.2,4.56,0.2,94.27,9.0,3D,2025-08-18 19:37:32-04:00,POINT (-81.009658 34.00287)
2025-08-18 23:37:37 UTC,sensor05,236476602,25.68,92.41,2025-08-18 23:37:37+00:00,34.002867,-81.009415,63.4,4.78,0.4,92.51,9.0,3D,2025-08-18 19:37:37-04:00,POINT (-81.009415 34.002867)
2025-08-18 23:37:42 UTC,sensor05,236476602,25.73,92.74,2025-08-18 23:37:42+00:00,34.002852,-81.009135,65.2,4.77,0.4,93.44,9.0,3D,2025-08-18 19:37:42-04:00,POINT (-81.009135 34.002852)
2025-08-18 23:37:47 UTC,sensor05,236476602,25.73,92.31,2025-08-18 23:37:47+00:00,34.0028,-81.008833,65.9,5.54,0.0,98.59,9.0,3D,2025-08-18 19:37:47-04:00,POINT (-81.008833 34.0028)
2025-08-18 23:37:52 UTC,sensor05,236476602,25.73,91.96,2025-08-18 23:37:52+00:00,34.002773,-81.008555,66.6,4.88,0.4,91.41,9.0,3D,2025-08-18 19:37:52-04:00,POINT (-81.008555 34.002773)
2025-08-18 23:37:57 UTC,sensor05,236476602,25.68,91.98,2025-08-18 23:37:57+00:00,34.002757,-81.008272,68.7,4.94,0.4,86.54,9.0,3D,2025-08-18 19:37:57-04:00,POINT (-81.008272 34.002757)
2025-08-18 23:38:02 UTC,sensor05,236476602,25.7,92.06,2025-08-18 23:38:02+00:00,34.002743,-81.007962,71.0,5.75,0.7,89.09,9.0,3D,2025-08-18 19:38:02-04:00,POINT (-81.007962 34.002743)
2025-08-18 23:38:07 UTC,sensor05,236476602,25.69,91.2,2025-08-18 23:38:07+00:00,34.002707,-81.007628,72.6,6.12,0.7,89.14,9.0,3D,2025-08-18 19:38:07-04:00,POINT (-81.007628 34.002707)
2025-08-18 23:38:12 UTC,sensor05,236476602,25.62,90.82,2025-08-18 23:38:12+00:00,34.00271,-81.007325,76.8,4.6,1.2,93.44,9.0,3D,2025-08-18 19:38:12-04:00,POINT (-81.007325 34.00271)
2025-08-18 23:38:17 UTC,sensor05,236476602,25.68,91.16,2025-08-18 23:38:15+00:00,34.002688,-81.007193,79.0,3.35,0.6,113.28,9.0,3D,2025-08-18 19:38:15-04:00,POINT (-81.007193 34.002688)
2025-08-18 23:38:27 UTC,sensor05,236476602,25.74,91.59,2025-08-18 23:38:27+00:00,34.002595,-81.006713,85.4,6.36,0.2,92.52,9.0,3D,2025-08-18 19:38:27-04:00,POINT (-81.006713 34.002595)
2025-08-18 23:38:32 UTC,sensor05,236476602,25.7,90.66,2025-08-18 23:38:32+00:00,34.002557,-81.006278,86.8,8.1,0.3,95.02,9.0,3D,2025-08-18 19:38:32-04:00,POINT (-81.006278 34.002557)
2025-08-18 23:38:37 UTC,sensor05,236476602,25.75,90.46,2025-08-18 23:38:37+00:00,34.002515,-81.005835,88.4,7.2,0.2,93.17,9.0,3D,2025-08-18 19:38:37-04:00,POINT (-81.005835 34.002515)
2025-08-18 23:38:42 UTC,sensor05,236476602,25.76,89.83,2025-08-18 23:38:42+00:00,34.002497,-81.005485,89.7,5.01,0.2,93.1,9.0,3D,2025-08-18 19:38:42-04:00,POINT (-81.005485 34.002497)
2025-08-18 23:38:52 UTC,sensor05,236476602,25.75,90.02,2025-08-18 23:38:52+00:00,34.002455,-81.005192,92.0,4.57,0.0,93.87,9.0,3D,2025-08-18 19:38:52-04:00,POINT (-81.005192 34.002455)
2025-08-18 23:38:57 UTC,sensor05,236476602,25.72,90.05,2025-08-18 23:38:57+00:00,34.002425,-81.004848,90.8,6.09,0.1,86.57,9.0,3D,2025-08-18 19:38:57-04:00,POINT (-81.004848 34.002425)
2025-08-18 23:39:02 UTC,sensor05,236476602,25.69,90.32,2025-08-18 23:39:02+00:00,34.002402,-81.00453,91.1,6.28,-0.3,96.43,9.0,3D,2025-08-18 19:39:02-04:00,POINT (-81.00453 34.002402)
2025-08-18 23:39:08 UTC,sensor05,236476602,25.59,90.99,2025-08-18 23:39:08+00:00,34.002395,-81.004122,90.4,6.49,0.0,0.0,9.0,3D,2025-08-18 19:39:08-04:00,POINT (-81.004122 34.002395)
2025-08-18 23:39:13 UTC,sensor05,236476602,25.61,91.32,2025-08-18 23:39:13+00:00,34.002372,-81.003783,90.8,6.05,0.2,0.0,9.0,3D,2025-08-18 19:39:13-04:00,POINT (-81.003783 34.002372)
2025-08-18 23:39:18 UTC,sensor05,236476602,25.61,90.94,2025-08-18 23:39:18+00:00,34.00237,-81.003455,91.5,6.93,0.1,0.0,9.0,3D,2025-08-18 19:39:18-04:00,POINT (-81.003455 34.00237)
2025-08-18 23:39:23 UTC,sensor05,236476602,25.56,90.5,2025-08-18 23:39:23+00:00,34.00235,-81.003167,91.8,4.6,0.2,0.0,4.0,3D,2025-08-18 19:39:23-04:00,POINT (-81.003167 34.00235)
2025-08-18 23:39:38 UTC,sensor05,236476602,25.56,91.09,2025-08-18 23:39:38+00:00,34.002187,-81.003035,94.2,4.07,0.2,0.0,9.0,3D,2025-08-18 19:39:38-04:00,POINT (-81.003035 34.002187)
2025-08-18 23:39:43 UTC,sensor05,236476602,25.56,91.31,2025-08-18 23:39:43+00:00,34.001925,-81.003062,94.3,5.91,0.2,188.12,9.0,3D,2025-08-18 19:39:43-04:00,POINT (-81.003062 34.001925)
2025-08-18 23:39:48 UTC,sensor05,236476602,25.56,90.87,2025-08-18 23:39:48+00:00,34.001588,-81.003077,93.5,6.92,-0.2,180.61,9.0,3D,2025-08-18 19:39:48-04:00,POINT (-81.003077 34.001588)
2025-08-18 23:39:53 UTC,sensor05,236476602,25.51,90.52,2025-08-18 23:39:53+00:00,34.001267,-81.003092,92.3,6.05,-0.1,183.23,9.0,3D,2025-08-18 19:39:53-04:00,POINT (-81.003092 34.001267)
2025-08-18 23:39:58 UTC,sensor05,236476602,25.46,90.6,2025-08-18 23:39:58+00:00,34.001097,-81.003122,90.3,3.29,-0.5,185.17,9.0,3D,2025-08-18 19:39:58-04:00,POINT (-81.003122 34.001097)
2025-08-18 23:40:03 UTC,sensor05,236476602,25.53,90.31,2025-08-18 23:40:03+00:00,34.001042,-81.003125,89.3,2.48,-0.1,178.91,9.0,3D,2025-08-18 19:40:03-04:00,POINT (-81.003125 34.001042)
2025-08-18 23:40:08 UTC,sensor05,236476602,25.43,91.23,2025-08-18 23:40:08+00:00,34.000902,-81.003132,88.5,3.69,-0.2,177.95,9.0,3D,2025-08-18 19:40:08-04:00,POINT (-81.003132 34.000902)
2025-08-18 23:40:13 UTC,sensor05,236476602,25.43,91.61,2025-08-18 23:40:13+00:00,34.000708,-81.00314,87.0,4.73,-0.2,189.04,9.0,3D,2025-08-18 19:40:13-04:00,POINT (-81.00314 34.000708)
2025-08-18 23:40:18 UTC,sensor05,236476602,25.37,91.67,2025-08-18 23:40:16+00:00,34.000568,-81.003163,86.8,5.11,0.0,189.3,9.0,3D,2025-08-18 19:40:16-04:00,POINT (-81.003163 34.000568)
2025-08-18 23:40:23 UTC,sensor05,236476602,25.4,92.29,2025-08-18 23:40:16+00:00,34.000568,-81.003163,86.8,5.11,0.0,189.3,9.0,3D,2025-08-18 19:40:16-04:00,POINT (-81.003163 34.000568)
2025-08-18 23:40:28 UTC,sensor05,236476602,25.42,92.16,2025-08-18 23:40:28+00:00,33.999862,-81.003198,86.0,6.02,0.0,188.58,9.0,3D,2025-08-18 19:40:28-04:00,POINT (-81.003198 33.999862)
2025-08-18 23:40:33 UTC,sensor05,236476602,25.36,91.77,2025-08-18 23:40:33+00:00,33.999625,-81.003232,85.6,4.56,-0.2,190.98,9.0,3D,2025-08-18 19:40:33-04:00,POINT (-81.003232 33.999625)
2025-08-18 23:40:38 UTC,sensor05,236476602,25.33,91.7,2025-08-18 23:40:38+00:00,33.999548,-81.003347,84.2,2.77,-0.3,239.77,9.0,3D,2025-08-18 19:40:38-04:00,POINT (-81.003347 33.999548)
2025-08-18 23:40:43 UTC,sensor05,236476602,25.29,91.71,2025-08-18 23:40:43+00:00,33.999555,-81.003518,82.8,3.18,-0.1,271.56,9.0,3D,2025-08-18 19:40:43-04:00,POINT (-81.003518 33.999555)
2025-08-18 16:05:32 UTC,sensor06,236497257,26.19,87.59,2025-08-18 22:55:04+00:00,34.016318,-81.04794,99.3,9.91,-0.1,0.0,9.0,3D,2025-08-18 18:55:04-04:00,POINT (-81.04794 34.016318)
2025-08-18 16:05:37 UTC,sensor06,236497257,26.12,87.56,2025-08-18 22:55:09+00:00,34.016365,-81.047703,97.8,3.28,-0.3,0.0,4.0,3D,2025-08-18 18:55:09-04:00,POINT (-81.047703 34.016365)
2025-08-18 16:05:42 UTC,sensor06,236497257,26.11,87.95,2025-08-18 22:55:14+00:00,34.016428,-81.047575,96.8,2.98,-0.2,0.0,8.0,3D,2025-08-18 18:55:14-04:00,POINT (-81.047575 34.016428)
2025-08-18 16:05:47 UTC,sensor06,236497257,26.1,87.62,2025-08-18 22:55:19+00:00,34.016537,-81.047437,95.6,3.56,-0.2,0.0,9.0,3D,2025-08-18 18:55:19-04:00,POINT (-81.047437 34.016537)
2025-08-18 16:05:52 UTC,sensor06,236497257,26.09,87.32,2025-08-18 22:55:24+00:00,34.016592,-81.047277,94.4,2.87,-0.3,0.0,9.0,3D,2025-08-18 18:55:24-04:00,POINT (-81.047277 34.016592)
2025-08-18 16:05:57 UTC,sensor06,236497257,26.12,87.93,2025-08-18 22:55:29+00:00,34.016697,-81.047102,93.6,3.49,-0.1,60.67,9.0,3D,2025-08-18 18:55:29-04:00,POINT (-81.047102 34.016697)
2025-08-18 16:06:02 UTC,sensor06,236497257,26.08,87.95,2025-08-18 22:55:34+00:00,34.016798,-81.04695,93.0,3.55,-0.1,52.92,9.0,3D,2025-08-18 18:55:34-04:00,POINT (-81.04695 34.016798)
2025-08-18 16:06:07 UTC,sensor06,236497257,26.07,87.45,2025-08-18 22:55:39+00:00,34.016882,-81.046723,92.4,4.78,-0.1,65.4,9.0,3D,2025-08-18 18:55:39-04:00,POINT (-81.046723 34.016882)
2025-08-18 16:06:12 UTC,sensor06,236497257,26.06,87.27,2025-08-18 22:55:44+00:00,34.016982,-81.046498,91.6,4.1,-0.1,62.17,9.0,3D,2025-08-18 18:55:44-04:00,POINT (-81.046498 34.016982)
2025-08-18 16:06:17 UTC,sensor06,236497257,26.06,87.34,2025-08-18 22:55:49+00:00,34.017065,-81.046262,90.9,4.14,-0.1,71.23,9.0,3D,2025-08-18 18:55:49-04:00,POINT (-81.046262 34.017065)
2025-08-18 16:06:22 UTC,sensor06,236497257,26.07,87.23,2025-08-18 22:55:54+00:00,34.017165,-81.046125,90.1,2.59,-0.1,58.22,9.0,3D,2025-08-18 18:55:54-04:00,POINT (-81.046125 34.017165)
2025-08-18 16:06:27 UTC,sensor06,236497257,26.12,87.56,2025-08-18 22:55:59+00:00,34.017288,-81.045912,89.5,5.02,-0.1,63.16,9.0,3D,2025-08-18 18:55:59-04:00,POINT (-81.045912 34.017288)
2025-08-18 16:06:33 UTC,sensor06,236497257,26.14,87.61,2025-08-18 22:56:04+00:00,34.017408,-81.045582,88.6,7.29,-0.2,69.08,9.0,3D,2025-08-18 18:56:04-04:00,POINT (-81.045582 34.017408)
2025-08-18 16:06:38 UTC,sensor06,236497257,26.16,87.32,2025-08-18 22:56:09+00:00,34.01763,-81.045205,87.7,7.35,-0.2,60.25,9.0,3D,2025-08-18 18:56:09-04:00,POINT (-81.045205 34.01763)
2025-08-18 16:06:43 UTC,sensor06,236497257,26.16,85.82,2025-08-18 22:56:14+00:00,34.017787,-81.044895,87.1,5.97,-0.1,65.59,9.0,3D,2025-08-18 18:56:14-04:00,POINT (-81.044895 34.017787)
2025-08-18 16:06:48 UTC,sensor06,236497257,26.25,86.69,2025-08-18 22:56:19+00:00,34.017908,-81.044607,86.3,5.79,-0.2,74.82,9.0,3D,2025-08-18 18:56:19-04:00,POINT (-81.044607 34.017908)
2025-08-18 16:06:53 UTC,sensor06,236497257,26.27,86.66,2025-08-18 22:56:24+00:00,34.01798,-81.044265,85.5,5.98,-0.1,79.89,9.0,3D,2025-08-18 18:56:24-04:00,POINT (-81.044265 34.01798)
2025-08-18 16:06:58 UTC,sensor06,236497257,26.34,86.76,2025-08-18 22:56:29+00:00,34.018075,-81.043955,84.7,5.6,-0.1,67.46,9.0,3D,2025-08-18 18:56:29-04:00,POINT (-81.043955 34.018075)
2025-08-18 16:07:03 UTC,sensor06,236497257,26.4,86.72,2025-08-18 22:56:34+00:00,34.018178,-81.043667,84.0,5.65,-0.1,70.72,9.0,3D,2025-08-18 18:56:34-04:00,POINT (-81.043667 34.018178)
2025-08-18 16:07:08 UTC,sensor06,236497257,26.38,85.97,2025-08-18 22:56:39+00:00,34.018272,-81.04339,83.4,5.33,-0.2,69.92,9.0,3D,2025-08-18 18:56:39-04:00,POINT (-81.04339 34.018272)
2025-08-18 16:07:13 UTC,sensor06,236497257,26.4,85.66,2025-08-18 22:56:44+00:00,34.01835,-81.043132,82.7,4.8,-0.1,71.25,9.0,3D,2025-08-18 18:56:44-04:00,POINT (-81.043132 34.01835)
2025-08-18 16:07:18 UTC,sensor06,236497257,26.44,85.88,2025-08-18 22:56:50+00:00,34.018445,-81.042877,82.1,3.7,-0.1,0.0,9.0,3D,2025-08-18 18:56:50-04:00,POINT (-81.042877 34.018445)
2025-08-18 16:07:23 UTC,sensor06,236497257,26.44,85.83,2025-08-18 22:56:55+00:00,34.018505,-81.042693,81.8,3.27,-0.1,0.0,9.0,3D,2025-08-18 18:56:55-04:00,POINT (-81.042693 34.018505)
2025-08-18 16:07:33 UTC,sensor06,236497257,26.44,85.26,2025-08-18 22:57:05+00:00,34.018515,-81.042373,81.4,2.67,0.0,85.86,9.0,3D,2025-08-18 18:57:05-04:00,POINT (-81.042373 34.018515)
2025-08-18 16:07:43 UTC,sensor06,236497257,26.5,85.5,2025-08-18 22:57:15+00:00,34.018573,-81.042043,81.2,3.25,-0.1,67.41,9.0,3D,2025-08-18 18:57:15-04:00,POINT (-81.042043 34.018573)
2025-08-18 16:07:48 UTC,sensor06,236497257,26.52,85.32,2025-08-18 22:57:20+00:00,34.018618,-81.041865,81.1,2.76,0.0,72.17,9.0,3D,2025-08-18 18:57:20-04:00,POINT (-81.041865 34.018618)
2025-08-18 16:07:53 UTC,sensor06,236497257,26.58,85.19,2025-08-18 22:57:25+00:00,34.018662,-81.041723,81.2,2.35,0.0,75.73,9.0,3D,2025-08-18 18:57:25-04:00,POINT (-81.041723 34.018662)
2025-08-18 16:09:19 UTC,sensor06,236497257,26.89,83.57,2025-08-18 22:58:51+00:00,34.018782,-81.041188,80.3,4.27,0.0,0.0,10.0,3D,2025-08-18 18:58:51-04:00,POINT (-81.041188 34.018782)
2025-08-18 16:09:24 UTC,sensor06,236497257,26.88,83.04,2025-08-18 22:58:51+00:00,34.018782,-81.041188,80.3,4.33,0.0,60.83,14.0,3D,2025-08-18 18:58:51-04:00,POINT (-81.041188 34.018782)
2025-08-18 16:09:29 UTC,sensor06,236497257,26.86,82.94,2025-08-18 22:59:01+00:00,34.018995,-81.040758,80.6,4.93,0.03,59.75,14.0,3D,2025-08-18 18:59:01-04:00,POINT (-81.040758 34.018995)
2025-08-18 16:09:34 UTC,sensor06,236497257,26.82,82.57,2025-08-18 22:59:06+00:00,34.01911,-81.040517,80.7,5.36,0.1,62.08,10.0,3D,2025-08-18 18:59:06-04:00,POINT (-81.040517 34.01911)
2025-08-18 16:09:39 UTC,sensor06,236497257,26.83,83.34,2025-08-18 22:59:11+00:00,34.019227,-81.040272,80.7,5.14,0.0,62.36,10.0,3D,2025-08-18 18:59:11-04:00,POINT (-81.040272 34.019227)
2025-08-18 16:09:44 UTC,sensor06,236497257,26.78,83.77,2025-08-18 22:59:16+00:00,34.019345,-81.040042,80.6,5.02,0.0,60.38,10.0,3D,2025-08-18 18:59:16-04:00,POINT (-81.040042 34.019345)
2025-08-18 16:09:49 UTC,sensor06,236497257,26.72,84.66,2025-08-18 22:59:21+00:00,34.019455,-81.03978,80.5,5.34,0.0,66.69,10.0,3D,2025-08-18 18:59:21-04:00,POINT (-81.03978 34.019455)
2025-08-18 16:09:54 UTC,sensor06,236497257,26.59,85.06,2025-08-18 22:59:26+00:00,34.019573,-81.039518,80.8,5.27,0.1,58.43,10.0,3D,2025-08-18 18:59:26-04:00,POINT (-81.039518 34.019573)
2025-08-18 16:09:59 UTC,sensor06,236497257,26.55,85.4,2025-08-18 22:59:31+00:00,34.0197,-81.039232,81.1,5.51,0.1,63.17,10.0,3D,2025-08-18 18:59:31-04:00,POINT (-81.039232 34.0197)
2025-08-18 16:10:05 UTC,sensor06,236497257,26.55,85.36,2025-08-18 22:59:36+00:00,34.019828,-81.038938,81.3,6.06,0.0,64.77,10.0,3D,2025-08-18 18:59:36-04:00,POINT (-81.038938 34.019828)
2025-08-18 16:10:10 UTC,sensor06,236497257,26.54,85.27,2025-08-18 22:59:41+00:00,34.019968,-81.038635,81.5,5.79,0.1,61.77,10.0,3D,2025-08-18 18:59:41-04:00,POINT (-81.038635 34.019968)
2025-08-18 16:10:15 UTC,sensor06,236497257,26.55,84.93,2025-08-18 22:59:46+00:00,34.020102,-81.03834,81.6,6.22,0.0,60.65,10.0,3D,2025-08-18 18:59:46-04:00,POINT (-81.03834 34.020102)
2025-08-18 16:10:20 UTC,sensor06,236497257,26.54,85.43,2025-08-18 22:59:51+00:00,34.020238,-81.038037,81.5,6.27,0.0,61.03,10.0,3D,2025-08-18 18:59:51-04:00,POINT (-81.038037 34.020238)
2025-08-18 16:10:25 UTC,sensor06,236497257,26.53,84.83,2025-08-18 22:59:56+00:00,34.02038,-81.037742,81.4,5.73,-0.1,61.3,10.0,3D,2025-08-18 18:59:56-04:00,POINT (-81.037742 34.02038)
2025-08-18 16:10:30 UTC,sensor06,236497257,26.55,83.19,2025-08-18 23:00:01+00:00,34.020497,-81.037478,81.5,4.84,0.0,65.24,10.0,3D,2025-08-18 19:00:01-04:00,POINT (-81.037478 34.020497)
2025-08-18 16:10:35 UTC,sensor06,236497257,26.6,82.12,2025-08-18 23:00:06+00:00,34.020587,-81.037243,81.8,4.15,0.1,66.04,10.0,3D,2025-08-18 19:00:06-04:00,POINT (-81.037243 34.020587)
2025-08-18 16:10:40 UTC,sensor06,236497257,26.67,82.6,2025-08-18 23:00:11+00:00,34.020645,-81.03707,82.1,2.72,0.1,64.93,10.0,3D,2025-08-18 19:00:11-04:00,POINT (-81.03707 34.020645)
2025-08-18 16:12:06 UTC,sensor06,236497257,27.25,79.06,2025-08-18 23:01:37+00:00,34.02071,-81.03692,81.9,3.16,0.0,66.12,10.0,3D,2025-08-18 19:01:37-04:00,POINT (-81.03692 34.02071)
2025-08-18 16:12:11 UTC,sensor06,236497257,27.25,80.02,2025-08-18 23:01:42+00:00,34.02079,-81.036727,81.9,4.41,0.0,60.43,10.0,3D,2025-08-18 19:01:42-04:00,POINT (-81.036727 34.02079)
2025-08-18 16:12:16 UTC,sensor06,236497257,27.17,80.44,2025-08-18 23:01:47+00:00,34.020877,-81.036482,81.9,4.7,0.0,68.5,10.0,3D,2025-08-18 19:01:47-04:00,POINT (-81.036482 34.020877)
2025-08-18 16:12:21 UTC,sensor06,236497257,27.12,81.01,2025-08-18 23:01:52+00:00,34.020953,-81.036218,81.9,5.38,-0.1,68.41,10.0,3D,2025-08-18 19:01:52-04:00,POINT (-81.036218 34.020953)
2025-08-18 16:12:26 UTC,sensor06,236497257,27.06,80.42,2025-08-18 23:01:58+00:00,34.021047,-81.035902,81.9,5.12,0.0,0.0,10.0,3D,2025-08-18 19:01:58-04:00,POINT (-81.035902 34.021047)
2025-08-18 16:12:31 UTC,sensor06,236497257,27.04,81.31,2025-08-18 23:02:03+00:00,34.021133,-81.03562,81.9,5.55,0.0,69.0,10.0,3D,2025-08-18 19:02:03-04:00,POINT (-81.03562 34.021133)
2025-08-18 16:12:36 UTC,sensor06,236497257,27.03,82.25,2025-08-18 23:02:08+00:00,34.021223,-81.03534,81.8,5.41,0.0,70.5,10.0,3D,2025-08-18 19:02:08-04:00,POINT (-81.03534 34.021223)
2025-08-18 16:12:42 UTC,sensor06,236497257,27.02,82.62,2025-08-18 23:02:13+00:00,34.02126,-81.035065,81.7,4.72,0.0,105.17,10.0,3D,2025-08-18 19:02:13-04:00,POINT (-81.035065 34.02126)
2025-08-18 16:12:47 UTC,sensor06,236497257,27.02,83.02,2025-08-18 23:02:18+00:00,34.021092,-81.034937,81.5,5.16,0.0,164.58,10.0,3D,2025-08-18 19:02:18-04:00,POINT (-81.034937 34.021092)
2025-08-18 16:12:52 UTC,sensor06,236497257,27.0,82.62,2025-08-18 23:02:23+00:00,34.020853,-81.034857,81.3,5.22,0.0,159.14,10.0,3D,2025-08-18 19:02:23-04:00,POINT (-81.034857 34.020853)
2025-08-18 16:12:57 UTC,sensor06,236497257,27.01,83.17,2025-08-18 23:02:29+00:00,34.020588,-81.034743,80.8,4.87,-0.1,0.0,4.0,3D,2025-08-18 19:02:29-04:00,POINT (-81.034743 34.020588)
2025-08-18 16:13:02 UTC,sensor06,236497257,27.0,82.98,2025-08-18 23:02:34+00:00,34.020387,-81.034655,80.4,4.15,-0.1,158.03,10.0,3D,2025-08-18 19:02:34-04:00,POINT (-81.034655 34.020387)
2025-08-18 16:13:08 UTC,sensor06,236497257,27.0,83.15,2025-08-18 23:02:39+00:00,34.020285,-81.03454,80.1,3.78,0.0,101.96,10.0,3D,2025-08-18 19:02:39-04:00,POINT (-81.03454 34.020285)
2025-08-18 16:13:13 UTC,sensor06,236497257,26.92,83.88,2025-08-18 23:02:44+00:00,34.020407,-81.034338,79.7,5.38,0.0,45.99,10.0,3D,2025-08-18 19:02:44-04:00,POINT (-81.034338 34.020407)
2025-08-18 16:13:18 UTC,sensor06,236497257,26.86,84.03,2025-08-18 23:02:50+00:00,34.020592,-81.034072,79.2,5.38,-0.07,0.0,10.0,3D,2025-08-18 19:02:50-04:00,POINT (-81.034072 34.020592)
2025-08-18 16:13:23 UTC,sensor06,236497257,26.85,84.31,2025-08-18 23:02:55+00:00,34.02067,-81.03383,78.6,4.87,-0.1,110.88,10.0,3D,2025-08-18 19:02:55-04:00,POINT (-81.03383 34.02067)
2025-08-18 16:13:29 UTC,sensor06,236497257,26.85,84.53,2025-08-18 23:03:00+00:00,34.020467,-81.033582,77.9,6.87,-0.1,134.53,10.0,3D,2025-08-18 19:03:00-04:00,POINT (-81.033582 34.020467)
2025-08-18 16:13:34 UTC,sensor06,236497257,26.85,85.04,2025-08-18 23:03:05+00:00,34.020175,-81.033328,77.3,8.06,-0.1,155.39,10.0,3D,2025-08-18 19:03:05-04:00,POINT (-81.033328 34.020175)
2025-08-18 16:13:39 UTC,sensor06,236497257,26.84,85.01,2025-08-18 23:03:11+00:00,34.019765,-81.033155,76.7,7.27,-0.1,0.0,10.0,3D,2025-08-18 19:03:11-04:00,POINT (-81.033155 34.019765)
2025-08-18 16:13:44 UTC,sensor06,236497257,26.82,83.1,2025-08-18 23:03:16+00:00,34.019503,-81.033037,76.3,5.56,-0.1,161.62,10.0,3D,2025-08-18 19:03:16-04:00,POINT (-81.033037 34.019503)
2025-08-18 16:13:49 UTC,sensor06,236497257,26.84,82.84,2025-08-18 23:03:21+00:00,34.019268,-81.03294,76.3,5.45,0.0,161.03,10.0,3D,2025-08-18 19:03:21-04:00,POINT (-81.03294 34.019268)
2025-08-18 16:13:55 UTC,sensor06,236497257,26.87,82.85,2025-08-18 23:03:26+00:00,34.019042,-81.032838,76.5,4.95,0.0,164.34,10.0,3D,2025-08-18 19:03:26-04:00,POINT (-81.032838 34.019042)
2025-08-18 16:14:00 UTC,sensor06,236497257,26.9,83.09,2025-08-18 23:03:31+00:00,34.018835,-81.03275,76.7,4.36,0.0,160.63,10.0,3D,2025-08-18 19:03:31-04:00,POINT (-81.03275 34.018835)
2025-08-18 16:14:05 UTC,sensor06,236497257,26.96,84.01,2025-08-18 23:03:37+00:00,34.018582,-81.032648,77.0,4.39,0.0,0.0,10.0,3D,2025-08-18 19:03:37-04:00,POINT (-81.032648 34.018582)
2025-08-18 16:14:10 UTC,sensor06,236497257,27.0,83.66,2025-08-18 23:03:42+00:00,34.018388,-81.03259,76.9,4.71,0.0,160.01,10.0,3D,2025-08-18 19:03:42-04:00,POINT (-81.03259 34.018388)
2025-08-18 16:14:15 UTC,sensor06,236497257,27.03,83.42,2025-08-18 23:03:47+00:00,34.018172,-81.032502,77.0,5.15,0.0,161.1,10.0,3D,2025-08-18 19:03:47-04:00,POINT (-81.032502 34.018172)
2025-08-18 16:14:21 UTC,sensor06,236497257,27.11,83.78,2025-08-18 23:03:52+00:00,34.017933,-81.032372,77.5,5.17,0.0,156.78,10.0,3D,2025-08-18 19:03:52-04:00,POINT (-81.032372 34.017933)
2025-08-18 16:14:26 UTC,sensor06,236497257,27.16,83.72,2025-08-18 23:03:57+00:00,34.017763,-81.032298,77.6,4.08,0.0,158.15,10.0,3D,2025-08-18 19:03:57-04:00,POINT (-81.032298 34.017763)
2025-08-18 16:14:31 UTC,sensor06,236497257,27.09,83.24,2025-08-18 23:04:03+00:00,34.017515,-81.032247,78.0,4.07,0.1,0.0,10.0,3D,2025-08-18 19:04:03-04:00,POINT (-81.032247 34.017515)
2025-08-18 16:14:36 UTC,sensor06,236497257,27.05,83.15,2025-08-18 23:04:08+00:00,34.017305,-81.032127,78.9,4.68,0.2,157.91,9.0,3D,2025-08-18 19:04:08-04:00,POINT (-81.032127 34.017305)
2025-08-18 16:14:41 UTC,sensor06,236497257,27.03,83.47,2025-08-18 23:04:13+00:00,34.01706,-81.031992,79.4,5.07,0.2,163.49,9.0,3D,2025-08-18 19:04:13-04:00,POINT (-81.031992 34.01706)
2025-08-18 16:14:47 UTC,sensor06,236497257,27.02,83.34,2025-08-18 23:04:18+00:00,34.016853,-81.03189,80.1,3.31,0.1,165.01,9.0,3D,2025-08-18 19:04:18-04:00,POINT (-81.03189 34.016853)
2025-08-18 16:14:57 UTC,sensor06,236497257,26.98,83.58,2025-08-18 23:04:28+00:00,34.016712,-81.031663,81.4,4.22,0.0,76.31,10.0,3D,2025-08-18 19:04:28-04:00,POINT (-81.031663 34.016712)
2025-08-18 16:15:02 UTC,sensor06,236497257,27.0,83.72,2025-08-18 23:04:33+00:00,34.0168,-81.03139,81.6,5.21,0.1,72.32,10.0,3D,2025-08-18 19:04:33-04:00,POINT (-81.03139 34.0168)
2025-08-18 16:15:07 UTC,sensor06,236497257,26.96,82.94,2025-08-18 23:04:38+00:00,34.016872,-81.031095,82.0,5.28,0.1,75.58,10.0,3D,2025-08-18 19:04:38-04:00,POINT (-81.031095 34.016872)
2025-08-18 16:15:12 UTC,sensor06,236497257,26.91,82.94,2025-08-18 23:04:43+00:00,34.016948,-81.030803,82.4,5.65,0.1,69.21,10.0,3D,2025-08-18 19:04:43-04:00,POINT (-81.030803 34.016948)
2025-08-18 16:15:17 UTC,sensor06,236497257,26.85,83.2,2025-08-18 23:04:45+00:00,34.016987,-81.030687,82.4,5.86,0.0,71.87,10.0,3D,2025-08-18 19:04:45-04:00,POINT (-81.030687 34.016987)
2025-08-18 16:15:22 UTC,sensor06,236497257,26.82,83.86,2025-08-18 23:04:54+00:00,34.017178,-81.030057,81.3,7.19,-0.1,0.0,10.0,3D,2025-08-18 19:04:54-04:00,POINT (-81.030057 34.017178)
2025-08-18 16:15:27 UTC,sensor06,236497257,26.79,83.81,2025-08-18 23:04:59+00:00,34.017255,-81.02973,80.9,5.86,-0.1,0.0,10.0,3D,2025-08-18 19:04:59-04:00,POINT (-81.02973 34.017255)
2025-08-18 16:15:32 UTC,sensor06,236497257,26.78,84.09,2025-08-18 23:05:04+00:00,34.017058,-81.029595,80.2,5.58,-0.2,0.0,4.0,3D,2025-08-18 19:05:04-04:00,POINT (-81.029595 34.017058)
2025-08-18 16:15:37 UTC,sensor06,236497257,26.77,83.85,2025-08-18 23:05:09+00:00,34.016823,-81.029495,79.4,5.5,-0.2,0.0,8.0,3D,2025-08-18 19:05:09-04:00,POINT (-81.029495 34.016823)
2025-08-18 16:15:42 UTC,sensor06,236497257,26.74,83.54,2025-08-18 23:05:14+00:00,34.0166,-81.029395,79.0,5.21,-0.1,0.0,10.0,3D,2025-08-18 19:05:14-04:00,POINT (-81.029395 34.0166)
2025-08-18 16:15:47 UTC,sensor06,236497257,26.72,84.75,2025-08-18 23:05:19+00:00,34.016367,-81.029293,78.7,5.55,-0.1,164.66,10.0,3D,2025-08-18 19:05:19-04:00,POINT (-81.029293 34.016367)
2025-08-18 16:15:52 UTC,sensor06,236497257,26.67,84.87,2025-08-18 23:05:24+00:00,34.016137,-81.029187,79.5,5.19,0.3,160.24,10.0,3D,2025-08-18 19:05:24-04:00,POINT (-81.029187 34.016137)
2025-08-18 16:15:57 UTC,sensor06,236497257,26.6,85.35,2025-08-18 23:05:29+00:00,34.01592,-81.029103,79.7,4.76,0.0,159.31,10.0,3D,2025-08-18 19:05:29-04:00,POINT (-81.029103 34.01592)
2025-08-18 16:16:03 UTC,sensor06,236497257,26.55,84.9,2025-08-18 23:05:34+00:00,34.015723,-81.029027,79.8,4.3,0.0,160.86,10.0,3D,2025-08-18 19:05:34-04:00,POINT (-81.029027 34.015723)
2025-08-18 16:16:08 UTC,sensor06,236497257,26.56,85.15,2025-08-18 23:05:39+00:00,34.01553,-81.028955,80.3,3.94,0.2,160.39,10.0,3D,2025-08-18 19:05:39-04:00,POINT (-81.028955 34.01553)
2025-08-18 16:16:13 UTC,sensor06,236497257,26.54,85.41,2025-08-18 23:05:44+00:00,34.015348,-81.028892,80.7,4.24,0.1,162.19,10.0,3D,2025-08-18 19:05:44-04:00,POINT (-81.028892 34.015348)
2025-08-18 16:16:18 UTC,sensor06,236497257,26.56,86.11,2025-08-18 23:05:49+00:00,34.015193,-81.02882,80.7,3.27,0.0,157.32,10.0,3D,2025-08-18 19:05:49-04:00,POINT (-81.02882 34.015193)
2025-08-18 16:16:28 UTC,sensor06,236497257,26.59,85.58,2025-08-18 23:05:59+00:00,34.014975,-81.028798,80.5,3.02,-0.1,233.04,10.0,3D,2025-08-18 19:05:59-04:00,POINT (-81.028798 34.014975)
2025-08-18 16:16:33 UTC,sensor06,236497257,26.58,85.19,2025-08-18 23:06:04+00:00,34.014905,-81.029015,80.5,4.42,0.0,248.03,10.0,3D,2025-08-18 19:06:04-04:00,POINT (-81.029015 34.014905)
2025-08-18 16:16:38 UTC,sensor06,236497257,26.62,84.69,2025-08-18 23:06:09+00:00,34.01484,-81.02926,80.6,5.07,0.1,252.09,10.0,3D,2025-08-18 19:06:09-04:00,POINT (-81.02926 34.01484)
2025-08-18 16:16:43 UTC,sensor06,236497257,26.63,84.78,2025-08-18 23:06:14+00:00,34.014768,-81.029525,80.7,4.92,0.0,254.79,10.0,3D,2025-08-18 19:06:14-04:00,POINT (-81.029525 34.014768)
2025-08-18 16:16:48 UTC,sensor06,236497257,26.67,84.14,2025-08-18 23:06:20+00:00,34.014667,-81.029858,80.3,5.41,0.0,0.0,10.0,3D,2025-08-18 19:06:20-04:00,POINT (-81.029858 34.014667)
2025-08-18 16:16:53 UTC,sensor06,236497257,26.64,83.83,2025-08-18 23:06:25+00:00,34.014587,-81.030133,80.3,5.49,0.0,0.0,10.0,3D,2025-08-18 19:06:25-04:00,POINT (-81.030133 34.014587)
2025-08-18 16:16:58 UTC,sensor06,236497257,26.68,84.79,2025-08-18 23:06:30+00:00,34.01451,-81.030405,80.5,5.2,0.0,0.0,10.0,3D,2025-08-18 19:06:30-04:00,POINT (-81.030405 34.01451)
2025-08-18 16:17:03 UTC,sensor06,236497257,26.68,84.34,2025-08-18 23:06:35+00:00,34.01443,-81.030687,80.8,5.66,0.1,248.14,10.0,3D,2025-08-18 19:06:35-04:00,POINT (-81.030687 34.01443)
2025-08-18 16:17:08 UTC,sensor06,236497257,26.68,84.29,2025-08-18 23:06:40+00:00,34.014342,-81.030972,81.0,5.65,0.1,249.08,10.0,3D,2025-08-18 19:06:40-04:00,POINT (-81.030972 34.014342)
2025-08-18 16:17:13 UTC,sensor06,236497257,26.68,83.67,2025-08-18 23:06:45+00:00,34.01427,-81.031258,81.6,5.23,0.0,251.3,10.0,3D,2025-08-18 19:06:45-04:00,POINT (-81.031258 34.01427)
2025-08-18 16:17:18 UTC,sensor06,236497257,26.7,83.81,2025-08-18 23:06:46+00:00,34.014257,-81.031308,81.7,5.02,0.1,251.48,10.0,3D,2025-08-18 19:06:46-04:00,POINT (-81.031308 34.014257)
2025-08-18 16:17:23 UTC,sensor06,236497257,26.74,83.89,2025-08-18 23:06:55+00:00,34.014113,-81.031742,81.6,3.69,0.0,256.88,10.0,3D,2025-08-18 19:06:55-04:00,POINT (-81.031742 34.014113)
2025-08-18 16:17:28 UTC,sensor06,236497257,26.75,83.35,2025-08-18 23:07:00+00:00,34.013945,-81.031868,82.1,5.06,0.2,176.99,10.0,3D,2025-08-18 19:07:00-04:00,POINT (-81.031868 34.013945)
2025-08-18 16:17:34 UTC,sensor06,236497257,26.8,84.42,2025-08-18 23:07:05+00:00,34.013692,-81.031787,82.5,5.59,0.1,157.97,10.0,3D,2025-08-18 19:07:05-04:00,POINT (-81.031787 34.013692)
2025-08-18 16:17:39 UTC,sensor06,236497257,26.8,83.81,2025-08-18 23:07:10+00:00,34.01344,-81.03169,82.9,5.35,0.1,162.7,10.0,3D,2025-08-18 19:07:10-04:00,POINT (-81.03169 34.01344)
2025-08-18 16:17:44 UTC,sensor06,236497257,26.78,83.75,2025-08-18 23:07:15+00:00,34.013192,-81.031582,83.2,5.61,0.1,159.66,10.0,3D,2025-08-18 19:07:15-04:00,POINT (-81.031582 34.013192)
2025-08-18 16:17:49 UTC,sensor06,236497257,26.79,83.71,2025-08-18 23:07:20+00:00,34.012947,-81.031467,83.5,5.55,0.0,161.55,10.0,3D,2025-08-18 19:07:20-04:00,POINT (-81.031467 34.012947)
2025-08-18 16:17:54 UTC,sensor06,236497257,26.78,83.82,2025-08-18 23:07:25+00:00,34.01275,-81.031387,83.8,4.06,0.1,158.35,10.0,3D,2025-08-18 19:07:25-04:00,POINT (-81.031387 34.01275)
2025-08-18 16:17:59 UTC,sensor06,236497257,26.78,83.89,2025-08-18 23:07:30+00:00,34.012543,-81.031292,84.4,5.04,0.1,151.83,10.0,3D,2025-08-18 19:07:30-04:00,POINT (-81.031292 34.012543)
2025-08-18 16:18:04 UTC,sensor06,236497257,26.78,84.46,2025-08-18 23:07:35+00:00,34.012347,-81.031187,85.2,4.15,0.1,155.34,10.0,3D,2025-08-18 19:07:35-04:00,POINT (-81.031187 34.012347)
2025-08-18 16:18:09 UTC,sensor06,236497257,26.74,84.2,2025-08-18 23:07:40+00:00,34.012127,-81.031093,85.8,5.06,0.1,159.11,10.0,3D,2025-08-18 19:07:40-04:00,POINT (-81.031093 34.012127)
2025-08-18 16:18:14 UTC,sensor06,236497257,26.73,84.14,2025-08-18 23:07:45+00:00,34.011898,-81.03101,86.4,5.22,0.2,161.71,10.0,3D,2025-08-18 19:07:45-04:00,POINT (-81.03101 34.011898)
2025-08-18 16:18:19 UTC,sensor06,236497257,26.76,84.34,2025-08-18 23:07:50+00:00,34.011672,-81.030898,86.8,5.27,0.0,158.85,10.0,3D,2025-08-18 19:07:50-04:00,POINT (-81.030898 34.011672)
2025-08-18 16:18:24 UTC,sensor06,236497257,26.8,84.63,2025-08-18 23:07:55+00:00,34.011475,-81.030823,87.2,3.52,0.1,161.9,10.0,3D,2025-08-18 19:07:55-04:00,POINT (-81.030823 34.011475)
2025-08-18 16:18:29 UTC,sensor06,236497257,26.79,84.27,2025-08-18 23:08:00+00:00,34.01131,-81.030755,87.6,3.76,0.1,161.27,10.0,3D,2025-08-18 19:08:00-04:00,POINT (-81.030755 34.01131)
2025-08-18 16:18:34 UTC,sensor06,236497257,26.78,84.14,2025-08-18 23:08:06+00:00,34.011078,-81.030658,88.3,4.83,0.1,0.0,10.0,3D,2025-08-18 19:08:06-04:00,POINT (-81.030658 34.011078)
2025-08-18 16:18:39 UTC,sensor06,236497257,26.72,83.5,2025-08-18 23:08:11+00:00,34.010865,-81.030562,88.7,5.21,0.0,0.0,10.0,3D,2025-08-18 19:08:11-04:00,POINT (-81.030562 34.010865)
2025-08-18 16:18:44 UTC,sensor06,236497257,26.66,83.8,2025-08-18 23:08:16+00:00,34.010635,-81.030463,89.1,5.62,0.1,0.0,10.0,3D,2025-08-18 19:08:16-04:00,POINT (-81.030463 34.010635)
2025-08-18 16:18:49 UTC,sensor06,236497257,26.6,84.11,2025-08-18 23:08:21+00:00,34.010398,-81.030363,89.4,5.47,0.1,161.92,10.0,3D,2025-08-18 19:08:21-04:00,POINT (-81.030363 34.010398)
2025-08-18 16:18:54 UTC,sensor06,236497257,26.63,84.65,2025-08-18 23:08:26+00:00,34.010187,-81.030252,89.5,4.41,0.0,152.62,10.0,3D,2025-08-18 19:08:26-04:00,POINT (-81.030252 34.010187)
2025-08-18 16:19:19 UTC,sensor06,236497257,26.64,85.34,2025-08-18 23:08:51+00:00,34.00987,-81.030097,90.0,3.83,0.0,157.08,10.0,3D,2025-08-18 19:08:51-04:00,POINT (-81.030097 34.00987)
2025-08-18 16:19:24 UTC,sensor06,236497257,26.61,85.44,2025-08-18 23:08:52+00:00,34.009838,-81.030083,89.9,3.72,-0.1,0.0,10.0,3D,2025-08-18 19:08:52-04:00,POINT (-81.030083 34.009838)
2025-08-18 16:19:29 UTC,sensor06,236497257,26.59,85.26,2025-08-18 23:09:01+00:00,34.009448,-81.029937,89.4,5.54,0.0,160.24,10.0,3D,2025-08-18 19:09:01-04:00,POINT (-81.029937 34.009448)
2025-08-18 16:19:35 UTC,sensor06,236497257,26.54,84.59,2025-08-18 23:09:06+00:00,34.009218,-81.029837,89.2,4.96,-0.1,161.59,10.0,3D,2025-08-18 19:09:06-04:00,POINT (-81.029837 34.009218)
2025-08-18 16:19:40 UTC,sensor06,236497257,26.53,83.92,2025-08-18 23:09:11+00:00,34.009017,-81.029742,89.0,4.68,0.0,163.68,10.0,3D,2025-08-18 19:09:11-04:00,POINT (-81.029742 34.009017)
2025-08-18 16:19:45 UTC,sensor06,236497257,26.55,84.16,2025-08-18 23:09:16+00:00,34.00884,-81.029665,89.0,3.42,0.0,162.87,10.0,3D,2025-08-18 19:09:16-04:00,POINT (-81.029665 34.00884)
2025-08-18 16:20:00 UTC,sensor06,236497257,26.59,84.58,2025-08-18 23:09:31+00:00,34.008625,-81.029585,88.7,3.51,-0.1,163.43,9.0,3D,2025-08-18 19:09:31-04:00,POINT (-81.029585 34.008625)
2025-08-18 16:20:05 UTC,sensor06,236497257,26.63,84.22,2025-08-18 23:09:36+00:00,34.00844,-81.029493,88.1,4.66,-0.1,157.31,9.0,3D,2025-08-18 19:09:36-04:00,POINT (-81.029493 34.00844)
2025-08-18 16:20:10 UTC,sensor06,236497257,26.7,84.03,2025-08-18 23:09:41+00:00,34.008218,-81.029385,87.5,5.44,-0.1,158.6,9.0,3D,2025-08-18 19:09:41-04:00,POINT (-81.029385 34.008218)
2025-08-18 16:20:15 UTC,sensor06,236497257,26.74,83.81,2025-08-18 23:09:46+00:00,34.007988,-81.029282,86.9,5.51,-0.1,164.7,9.0,3D,2025-08-18 19:09:46-04:00,POINT (-81.029282 34.007988)
2025-08-18 16:20:20 UTC,sensor06,236497257,26.78,83.54,2025-08-18 23:09:51+00:00,34.007767,-81.029193,86.6,5.06,0.0,160.28,9.0,3D,2025-08-18 19:09:51-04:00,POINT (-81.029193 34.007767)
2025-08-18 16:20:25 UTC,sensor06,236497257,26.78,83.96,2025-08-18 23:09:57+00:00,34.007517,-81.029087,87.1,3.99,0.0,0.0,9.0,3D,2025-08-18 19:09:57-04:00,POINT (-81.029087 34.007517)
2025-08-18 16:20:30 UTC,sensor06,236497257,26.79,83.79,2025-08-18 23:10:02+00:00,34.007362,-81.029073,87.0,3.78,0.0,0.0,9.0,3D,2025-08-18 19:10:02-04:00,POINT (-81.029073 34.007362)
2025-08-18 16:20:35 UTC,sensor06,236497257,26.76,83.4,2025-08-18 23:10:07+00:00,34.007262,-81.029255,87.0,4.12,0.0,0.0,9.0,3D,2025-08-18 19:10:07-04:00,POINT (-81.029255 34.007262)
2025-08-18 16:20:40 UTC,sensor06,236497257,26.76,83.39,2025-08-18 23:10:12+00:00,34.007197,-81.029508,87.1,4.91,0.0,252.77,9.0,3D,2025-08-18 19:10:12-04:00,POINT (-81.029508 34.007197)
2025-08-18 16:20:45 UTC,sensor06,236497257,26.73,83.74,2025-08-18 23:10:17+00:00,34.007113,-81.029787,87.2,5.27,0.1,251.96,9.0,3D,2025-08-18 19:10:17-04:00,POINT (-81.029787 34.007113)
2025-08-18 16:20:50 UTC,sensor06,236497257,26.76,83.71,2025-08-18 23:10:22+00:00,34.007032,-81.030048,87.4,4.56,0.0,247.89,9.0,3D,2025-08-18 19:10:22-04:00,POINT (-81.030048 34.007032)
2025-08-18 16:20:55 UTC,sensor06,236497257,26.79,83.18,2025-08-18 23:10:27+00:00,34.00697,-81.030253,87.6,3.45,0.1,254.11,9.0,3D,2025-08-18 19:10:27-04:00,POINT (-81.030253 34.00697)
2025-08-18 16:21:41 UTC,sensor06,236497257,26.94,82.89,2025-08-18 23:11:12+00:00,34.006888,-81.030483,89.3,2.62,0.0,258.26,9.0,3D,2025-08-18 19:11:12-04:00,POINT (-81.030483 34.006888)
2025-08-18 16:21:46 UTC,sensor06,236497257,26.99,82.83,2025-08-18 23:11:17+00:00,34.006837,-81.030667,89.5,4.44,0.0,250.05,9.0,3D,2025-08-18 19:11:17-04:00,POINT (-81.030667 34.006837)
2025-08-18 16:21:51 UTC,sensor06,236497257,27.06,82.49,2025-08-18 23:11:22+00:00,34.006735,-81.030915,89.7,5.91,0.1,247.52,9.0,3D,2025-08-18 19:11:22-04:00,POINT (-81.030915 34.006735)
2025-08-18 16:21:56 UTC,sensor06,236497257,27.13,81.92,2025-08-18 23:11:27+00:00,34.006637,-81.031195,89.9,5.29,0.1,250.67,9.0,3D,2025-08-18 19:11:27-04:00,POINT (-81.031195 34.006637)
2025-08-18 16:22:01 UTC,sensor06,236497257,27.2,81.7,2025-08-18 23:11:32+00:00,34.006545,-81.031473,90.1,4.97,0.1,248.61,9.0,3D,2025-08-18 19:11:32-04:00,POINT (-81.031473 34.006545)
2025-08-18 16:22:06 UTC,sensor06,236497257,27.18,81.7,2025-08-18 23:11:37+00:00,34.00647,-81.031728,90.4,4.76,0.1,251.87,9.0,3D,2025-08-18 19:11:37-04:00,POINT (-81.031728 34.00647)
2025-08-18 16:22:11 UTC,sensor06,236497257,27.23,81.56,2025-08-18 23:11:42+00:00,34.006397,-81.03192,90.8,3.13,0.1,247.89,9.0,3D,2025-08-18 19:11:42-04:00,POINT (-81.03192 34.006397)
2025-08-18 16:22:16 UTC,sensor06,236497257,27.28,81.4,2025-08-18 23:11:47+00:00,34.006342,-81.032102,91.2,3.58,0.1,253.81,9.0,3D,2025-08-18 19:11:47-04:00,POINT (-81.032102 34.006342)
2025-08-18 16:22:21 UTC,sensor06,236497257,27.34,81.46,2025-08-18 23:11:52+00:00,34.006255,-81.032345,91.6,5.2,0.1,247.87,9.0,3D,2025-08-18 19:11:52-04:00,POINT (-81.032345 34.006255)
2025-08-18 16:22:26 UTC,sensor06,236497257,27.36,81.42,2025-08-18 23:11:58+00:00,34.006165,-81.032663,92.2,5.14,0.1,0.0,9.0,3D,2025-08-18 19:11:58-04:00,POINT (-81.032663 34.006165)
2025-08-18 16:22:31 UTC,sensor06,236497257,27.37,81.48,2025-08-18 23:12:03+00:00,34.006092,-81.032898,92.7,4.19,0.1,0.0,9.0,3D,2025-08-18 19:12:03-04:00,POINT (-81.032898 34.006092)
2025-08-18 16:22:36 UTC,sensor06,236497257,27.42,81.44,2025-08-18 23:12:08+00:00,34.006,-81.033168,93.3,6.42,0.1,0.0,9.0,3D,2025-08-18 19:12:08-04:00,POINT (-81.033168 34.006)
2025-08-18 16:22:41 UTC,sensor06,236497257,27.4,80.97,2025-08-18 23:12:13+00:00,34.00593,-81.033392,93.7,4.06,0.1,0.0,9.0,3D,2025-08-18 19:12:13-04:00,POINT (-81.033392 34.00593)
2025-08-18 16:23:26 UTC,sensor06,236497257,27.46,80.69,2025-08-18 23:12:58+00:00,34.005848,-81.033688,94.9,2.63,0.0,219.2,9.0,3D,2025-08-18 19:12:58-04:00,POINT (-81.033688 34.005848)
2025-08-18 16:23:32 UTC,sensor06,236497257,27.44,80.65,2025-08-18 23:13:03+00:00,34.005687,-81.03372,94.9,4.35,0.0,165.76,9.0,3D,2025-08-18 19:13:03-04:00,POINT (-81.03372 34.005687)
2025-08-18 16:23:37 UTC,sensor06,236497257,27.41,80.39,2025-08-18 23:13:08+00:00,34.00551,-81.033647,95.1,4.8,0.1,161.45,9.0,3D,2025-08-18 19:13:08-04:00,POINT (-81.033647 34.00551)
2025-08-18 16:23:42 UTC,sensor06,236497257,27.35,80.24,2025-08-18 23:13:13+00:00,34.005275,-81.033517,95.2,5.54,0.0,155.79,9.0,3D,2025-08-18 19:13:13-04:00,POINT (-81.033517 34.005275)
2025-08-18 16:23:47 UTC,sensor06,236497257,27.29,80.83,2025-08-18 23:13:18+00:00,34.00505,-81.03336,95.6,4.96,0.1,155.55,9.0,3D,2025-08-18 19:13:18-04:00,POINT (-81.03336 34.00505)
2025-08-18 16:23:52 UTC,sensor06,236497257,27.25,80.78,2025-08-18 23:13:23+00:00,34.004787,-81.033253,95.8,5.76,0.0,159.21,9.0,3D,2025-08-18 19:13:23-04:00,POINT (-81.033253 34.004787)
2025-08-18 16:23:57 UTC,sensor06,236497257,27.25,81.54,2025-08-18 23:13:28+00:00,34.004522,-81.0331,96.2,5.88,0.1,135.5,9.0,3D,2025-08-18 19:13:28-04:00,POINT (-81.0331 34.004522)
2025-08-18 16:24:02 UTC,sensor06,236497257,27.25,81.39,2025-08-18 23:13:33+00:00,34.004497,-81.03275,96.7,5.96,0.1,79.04,9.0,3D,2025-08-18 19:13:33-04:00,POINT (-81.03275 34.004497)
2025-08-18 16:24:07 UTC,sensor06,236497257,27.28,81.82,2025-08-18 23:13:38+00:00,34.00459,-81.03247,96.9,5.37,0.0,69.93,9.0,3D,2025-08-18 19:13:38-04:00,POINT (-81.03247 34.00459)
2025-08-18 16:24:12 UTC,sensor06,236497257,27.25,81.6,2025-08-18 23:13:43+00:00,34.00468,-81.032235,97.0,5.06,0.0,70.64,9.0,3D,2025-08-18 19:13:43-04:00,POINT (-81.032235 34.00468)
2025-08-18 16:24:17 UTC,sensor06,236497257,27.22,81.63,2025-08-18 23:13:48+00:00,34.004772,-81.031982,97.2,4.8,0.1,66.95,9.0,3D,2025-08-18 19:13:48-04:00,POINT (-81.031982 34.004772)
2025-08-18 16:24:22 UTC,sensor06,236497257,27.17,81.7,2025-08-18 23:13:53+00:00,34.004853,-81.03172,97.2,5.22,0.0,73.05,9.0,3D,2025-08-18 19:13:53-04:00,POINT (-81.03172 34.004853)
2025-08-18 16:24:27 UTC,sensor06,236497257,27.14,82.0,2025-08-18 23:13:59+00:00,34.004975,-81.031387,97.5,5.69,0.1,0.0,9.0,3D,2025-08-18 19:13:59-04:00,POINT (-81.031387 34.004975)
2025-08-18 16:24:32 UTC,sensor06,236497257,27.11,81.53,2025-08-18 23:14:04+00:00,34.00509,-81.03114,98.1,6.18,0.1,0.0,9.0,3D,2025-08-18 19:14:04-04:00,POINT (-81.03114 34.00509)
2025-08-18 16:24:37 UTC,sensor06,236497257,27.1,81.65,2025-08-18 23:14:09+00:00,34.005172,-81.030822,98.4,6.05,0.0,0.0,9.0,3D,2025-08-18 19:14:09-04:00,POINT (-81.030822 34.005172)
2025-08-18 16:24:42 UTC,sensor06,236497257,27.06,81.87,2025-08-18 23:14:14+00:00,34.005253,-81.030545,98.6,5.26,0.0,0.0,4.0,3D,2025-08-18 19:14:14-04:00,POINT (-81.030545 34.005253)
2025-08-18 16:24:47 UTC,sensor06,236497257,27.02,82.16,2025-08-18 23:14:19+00:00,34.005342,-81.030288,98.6,4.69,0.0,0.0,4.0,3D,2025-08-18 19:14:19-04:00,POINT (-81.030288 34.005342)
2025-08-18 16:25:02 UTC,sensor06,236497257,27.06,82.82,2025-08-18 23:14:34+00:00,34.005415,-81.029957,98.3,4.35,0.0,0.0,9.0,3D,2025-08-18 19:14:34-04:00,POINT (-81.029957 34.005415)
2025-08-18 16:25:07 UTC,sensor06,236497257,27.02,82.28,2025-08-18 23:14:39+00:00,34.005493,-81.029705,98.2,5.27,-0.1,69.07,9.0,3D,2025-08-18 19:14:39-04:00,POINT (-81.029705 34.005493)
2025-08-18 16:25:12 UTC,sensor06,236497257,27.0,82.82,2025-08-18 23:14:44+00:00,34.005577,-81.029413,97.8,5.81,-0.1,66.65,9.0,3D,2025-08-18 19:14:44-04:00,POINT (-81.029413 34.005577)
2025-08-18 16:25:17 UTC,sensor06,236497257,26.96,82.89,2025-08-18 23:14:49+00:00,34.005673,-81.02912,97.5,5.14,-0.1,69.46,9.0,3D,2025-08-18 19:14:49-04:00,POINT (-81.02912 34.005673)
2025-08-18 16:25:22 UTC,sensor06,236497257,26.91,82.79,2025-08-18 23:14:54+00:00,34.005757,-81.028857,97.1,4.77,0.0,68.33,9.0,3D,2025-08-18 19:14:54-04:00,POINT (-81.028857 34.005757)
2025-08-18 16:25:28 UTC,sensor06,236497257,26.87,82.86,2025-08-18 23:14:59+00:00,34.005825,-81.028595,96.8,4.4,-0.07,74.28,9.0,3D,2025-08-18 19:14:59-04:00,POINT (-81.028595 34.005825)
2025-08-18 16:25:33 UTC,sensor06,236497257,26.81,83.32,2025-08-18 23:15:04+00:00,34.005813,-81.028388,96.4,3.73,-0.1,126.0,9.0,3D,2025-08-18 19:15:04-04:00,POINT (-81.028388 34.005813)
2025-08-18 16:25:38 UTC,sensor06,236497257,26.77,84.31,2025-08-18 23:15:09+00:00,34.005595,-81.028263,96.0,5.24,-0.1,159.85,9.0,3D,2025-08-18 19:15:09-04:00,POINT (-81.028263 34.005595)
2025-08-18 16:25:43 UTC,sensor06,236497257,26.81,84.14,2025-08-18 23:15:14+00:00,34.005332,-81.02812,95.7,6.16,-0.1,158.24,9.0,3D,2025-08-18 19:15:14-04:00,POINT (-81.02812 34.005332)
2025-08-18 16:25:48 UTC,sensor06,236497257,26.82,83.24,2025-08-18 23:15:19+00:00,34.00508,-81.028003,95.4,5.77,0.0,160.42,9.0,3D,2025-08-18 19:15:19-04:00,POINT (-81.028003 34.00508)
2025-08-18 16:25:53 UTC,sensor06,236497257,26.86,83.02,2025-08-18 23:15:24+00:00,34.00484,-81.027888,95.0,5.8,0.0,157.64,9.0,3D,2025-08-18 19:15:24-04:00,POINT (-81.027888 34.00484)
2025-08-18 16:25:58 UTC,sensor06,236497257,26.85,82.99,2025-08-18 23:15:29+00:00,34.004602,-81.02779,94.5,5.33,-0.1,159.8,9.0,3D,2025-08-18 19:15:29-04:00,POINT (-81.02779 34.004602)
2025-08-18 16:26:03 UTC,sensor06,236497257,26.92,83.65,2025-08-18 23:15:34+00:00,34.004378,-81.027685,93.9,5.33,0.0,159.55,9.0,3D,2025-08-18 19:15:34-04:00,POINT (-81.027685 34.004378)
2025-08-18 16:26:08 UTC,sensor06,236497257,26.9,82.7,2025-08-18 23:15:39+00:00,34.004155,-81.027603,93.5,5.19,-0.1,171.03,9.0,3D,2025-08-18 19:15:39-04:00,POINT (-81.027603 34.004155)
2025-08-18 16:26:13 UTC,sensor06,236497257,26.86,81.79,2025-08-18 23:15:44+00:00,34.003947,-81.027532,93.1,4.53,-0.1,157.89,9.0,3D,2025-08-18 19:15:44-04:00,POINT (-81.027532 34.003947)
2025-08-18 16:26:18 UTC,sensor06,236497257,26.85,81.23,2025-08-18 23:15:50+00:00,34.003707,-81.02741,93.1,4.7,0.0,0.0,9.0,3D,2025-08-18 19:15:50-04:00,POINT (-81.02741 34.003707)
2025-08-18 16:26:23 UTC,sensor06,236497257,26.89,82.14,2025-08-18 23:15:55+00:00,34.003537,-81.027332,92.8,3.38,-0.1,0.0,9.0,3D,2025-08-18 19:15:55-04:00,POINT (-81.027332 34.003537)
2025-08-18 16:27:04 UTC,sensor06,236497257,27.11,82.22,2025-08-18 23:16:35+00:00,34.00319,-81.027215,92.6,4.47,0.0,156.94,9.0,3D,2025-08-18 19:16:35-04:00,POINT (-81.027215 34.00319)
2025-08-18 16:27:09 UTC,sensor06,236497257,27.1,82.32,2025-08-18 23:16:40+00:00,34.002983,-81.027115,92.4,5.49,-0.1,160.2,9.0,3D,2025-08-18 19:16:40-04:00,POINT (-81.027115 34.002983)
2025-08-18 16:27:14 UTC,sensor06,236497257,27.09,82.46,2025-08-18 23:16:45+00:00,34.00274,-81.027002,92.3,5.74,0.0,160.81,9.0,3D,2025-08-18 19:16:45-04:00,POINT (-81.027002 34.00274)
2025-08-18 16:27:19 UTC,sensor06,236497257,27.07,83.73,2025-08-18 23:16:50+00:00,34.002495,-81.02688,92.1,5.91,-0.1,156.48,9.0,3D,2025-08-18 19:16:50-04:00,POINT (-81.02688 34.002495)
2025-08-18 16:27:24 UTC,sensor06,236497257,27.0,83.91,2025-08-18 23:16:55+00:00,34.002253,-81.02674,92.1,6.53,0.0,156.82,9.0,3D,2025-08-18 19:16:55-04:00,POINT (-81.02674 34.002253)
2025-08-18 16:27:29 UTC,sensor06,236497257,26.98,84.08,2025-08-18 23:17:00+00:00,34.001975,-81.026612,92.0,6.63,0.0,160.01,9.0,3D,2025-08-18 19:17:00-04:00,POINT (-81.026612 34.001975)
2025-08-18 16:27:34 UTC,sensor06,236497257,27.0,84.66,2025-08-18 23:17:05+00:00,34.001675,-81.026483,92.0,7.43,0.0,162.08,9.0,3D,2025-08-18 19:17:05-04:00,POINT (-81.026483 34.001675)
2025-08-18 16:27:39 UTC,sensor06,236497257,27.03,84.77,2025-08-18 23:17:10+00:00,34.001348,-81.026337,91.8,7.53,-0.1,158.5,9.0,3D,2025-08-18 19:17:10-04:00,POINT (-81.026337 34.001348)
2025-08-18 16:27:44 UTC,sensor06,236497257,26.97,84.14,2025-08-18 23:17:15+00:00,34.001033,-81.026182,92.3,7.17,0.0,154.75,9.0,3D,2025-08-18 19:17:15-04:00,POINT (-81.026182 34.001033)
2025-08-18 16:27:49 UTC,sensor06,236497257,26.92,84.3,2025-08-18 23:17:21+00:00,34.000702,-81.026,92.5,5.95,0.0,0.0,9.0,3D,2025-08-18 19:17:21-04:00,POINT (-81.026 34.000702)
2025-08-18 16:27:54 UTC,sensor06,236497257,26.88,84.48,2025-08-18 23:17:26+00:00,34.000553,-81.02592,92.4,2.7,-0.1,0.0,9.0,3D,2025-08-18 19:17:26-04:00,POINT (-81.02592 34.000553)
2025-08-18 16:27:59 UTC,sensor06,236497257,26.79,84.95,2025-08-18 23:17:31+00:00,34.000503,-81.025715,92.4,4.76,0.0,79.84,9.0,3D,2025-08-18 19:17:31-04:00,POINT (-81.025715 34.000503)
2025-08-18 16:28:04 UTC,sensor06,236497257,26.65,85.73,2025-08-18 23:17:36+00:00,34.000602,-81.02542,92.4,6.16,0.0,65.74,9.0,3D,2025-08-18 19:17:36-04:00,POINT (-81.02542 34.000602)
2025-08-18 16:28:09 UTC,sensor06,236497257,26.58,86.21,2025-08-18 23:17:41+00:00,34.000705,-81.025092,92.5,6.07,0.0,67.69,9.0,3D,2025-08-18 19:17:41-04:00,POINT (-81.025092 34.000705)
2025-08-18 16:28:14 UTC,sensor06,236497257,26.55,86.56,2025-08-18 23:17:46+00:00,34.000818,-81.02475,92.6,6.82,0.0,66.61,9.0,3D,2025-08-18 19:17:46-04:00,POINT (-81.02475 34.000818)
2025-08-18 16:28:19 UTC,sensor06,236497257,26.67,86.18,2025-08-18 23:17:51+00:00,34.000937,-81.024408,92.4,6.93,-0.1,68.07,9.0,3D,2025-08-18 19:17:51-04:00,POINT (-81.024408 34.000937)
2025-08-18 16:28:24 UTC,sensor06,236497257,26.63,85.96,2025-08-18 23:17:56+00:00,34.001058,-81.024063,92.4,6.71,0.0,65.44,9.0,3D,2025-08-18 19:17:56-04:00,POINT (-81.024063 34.001058)
2025-08-18 16:28:29 UTC,sensor06,236497257,26.57,86.05,2025-08-18 23:18:01+00:00,34.001175,-81.023757,92.3,5.83,0.0,70.93,9.0,3D,2025-08-18 19:18:01-04:00,POINT (-81.023757 34.001175)
2025-08-18 16:28:34 UTC,sensor06,236497257,26.47,86.25,2025-08-18 23:18:06+00:00,34.001273,-81.023467,92.1,5.5,0.0,70.34,9.0,3D,2025-08-18 19:18:06-04:00,POINT (-81.023467 34.001273)
2025-08-18 16:28:40 UTC,sensor06,236497257,26.41,86.13,2025-08-18 23:18:11+00:00,34.001368,-81.023137,91.8,5.53,0.0,73.64,9.0,3D,2025-08-18 19:18:11-04:00,POINT (-81.023137 34.001368)
2025-08-18 16:28:45 UTC,sensor06,236497257,26.36,86.8,2025-08-18 23:18:16+00:00,34.001467,-81.022848,91.5,5.09,-0.1,67.28,9.0,3D,2025-08-18 19:18:16-04:00,POINT (-81.022848 34.001467)
2025-08-18 16:28:50 UTC,sensor06,236497257,26.26,87.23,2025-08-18 23:18:21+00:00,34.001565,-81.02258,91.3,5.2,0.0,65.7,9.0,3D,2025-08-18 19:18:21-04:00,POINT (-81.02258 34.001565)
2025-08-18 16:28:55 UTC,sensor06,236497257,26.22,87.41,2025-08-18 23:18:26+00:00,34.001662,-81.022268,91.5,5.62,0.0,64.88,9.0,3D,2025-08-18 19:18:26-04:00,POINT (-81.022268 34.001662)
2025-08-18 16:29:00 UTC,sensor06,236497257,26.18,87.22,2025-08-18 23:18:31+00:00,34.001765,-81.022005,91.8,5.33,0.1,65.64,9.0,3D,2025-08-18 19:18:31-04:00,POINT (-81.022005 34.001765)
2025-08-18 16:29:05 UTC,sensor06,236497257,26.16,88.3,2025-08-18 23:18:36+00:00,34.001838,-81.021682,92.3,5.09,0.0,69.92,9.0,3D,2025-08-18 19:18:36-04:00,POINT (-81.021682 34.001838)
2025-08-18 16:29:10 UTC,sensor06,236497257,26.12,88.78,2025-08-18 23:18:41+00:00,34.001923,-81.021422,92.3,4.55,0.0,66.13,9.0,3D,2025-08-18 19:18:41-04:00,POINT (-81.021422 34.001923)
2025-08-18 16:29:15 UTC,sensor06,236497257,26.07,88.78,2025-08-18 23:18:46+00:00,34.002035,-81.021198,92.3,5.35,0.0,25.45,9.0,3D,2025-08-18 19:18:46-04:00,POINT (-81.021198 34.002035)
2025-08-18 16:29:20 UTC,sensor06,236497257,26.04,89.23,2025-08-18 23:18:50+00:00,34.002205,-81.021205,92.5,5.05,0.1,341.56,9.0,3D,2025-08-18 19:18:50-04:00,POINT (-81.021205 34.002205)
2025-08-18 16:29:25 UTC,sensor06,236497257,26.05,89.62,2025-08-18 23:18:56+00:00,34.002425,-81.021298,92.9,3.68,0.0,337.36,9.0,3D,2025-08-18 19:18:56-04:00,POINT (-81.021298 34.002425)
2025-08-18 16:29:30 UTC,sensor06,236497257,26.05,89.78,2025-08-18 23:18:56+00:00,34.002425,-81.021298,92.9,3.68,0.0,337.36,9.0,3D,2025-08-18 19:18:56-04:00,POINT (-81.021298 34.002425)
2025-08-18 16:29:35 UTC,sensor06,236497257,26.08,90.3,2025-08-18 23:19:07+00:00,34.002813,-81.021448,93.0,4.65,0.0,0.0,9.0,3D,2025-08-18 19:19:07-04:00,POINT (-81.021448 34.002813)
2025-08-18 16:29:40 UTC,sensor06,236497257,26.04,89.86,2025-08-18 23:19:12+00:00,34.003018,-81.02155,93.0,5.15,0.1,0.0,9.0,3D,2025-08-18 19:19:12-04:00,POINT (-81.02155 34.003018)
2025-08-18 16:29:45 UTC,sensor06,236497257,26.04,89.33,2025-08-18 23:19:17+00:00,34.003213,-81.021638,93.0,3.97,0.0,0.0,9.0,3D,2025-08-18 19:19:17-04:00,POINT (-81.021638 34.003213)
2025-08-18 16:29:50 UTC,sensor06,236497257,26.03,88.9,2025-08-18 23:19:22+00:00,34.00343,-81.021732,93.2,5.48,0.0,342.7,9.0,3D,2025-08-18 19:19:22-04:00,POINT (-81.021732 34.00343)
2025-08-18 16:29:55 UTC,sensor06,236497257,25.99,88.9,2025-08-18 23:19:27+00:00,34.003672,-81.021845,93.2,5.67,0.0,335.51,10.0,3D,2025-08-18 19:19:27-04:00,POINT (-81.021845 34.003672)
2025-08-18 16:30:00 UTC,sensor06,236497257,25.97,88.71,2025-08-18 23:19:32+00:00,34.00391,-81.021933,93.3,5.28,-0.1,339.52,10.0,3D,2025-08-18 19:19:32-04:00,POINT (-81.021933 34.00391)
2025-08-18 16:30:05 UTC,sensor06,236497257,25.98,88.91,2025-08-18 23:19:37+00:00,34.00412,-81.022032,92.9,4.11,0.0,337.55,10.0,3D,2025-08-18 19:19:37-04:00,POINT (-81.022032 34.00412)
2025-08-18 16:30:10 UTC,sensor06,236497257,25.97,88.94,2025-08-18 23:19:42+00:00,34.0043,-81.02211,92.4,4.1,-0.1,340.23,10.0,3D,2025-08-18 19:19:42-04:00,POINT (-81.02211 34.0043)
2025-08-18 16:30:15 UTC,sensor06,236497257,26.0,89.06,2025-08-18 23:19:47+00:00,34.004477,-81.02217,91.2,3.08,-0.1,341.89,10.0,3D,2025-08-18 19:19:47-04:00,POINT (-81.02217 34.004477)
2025-08-18 16:31:51 UTC,sensor06,236497257,26.28,87.9,2025-08-18 23:21:23+00:00,34.00486,-81.022282,86.6,4.88,0.0,338.57,10.0,3D,2025-08-18 19:21:23-04:00,POINT (-81.022282 34.00486)
2025-08-18 16:31:56 UTC,sensor06,236497257,26.34,88.52,2025-08-18 23:21:28+00:00,34.005077,-81.022395,86.5,6.1,0.0,336.87,10.0,3D,2025-08-18 19:21:28-04:00,POINT (-81.022395 34.005077)
2025-08-18 16:32:01 UTC,sensor06,236497257,26.31,88.05,2025-08-18 23:21:33+00:00,34.005418,-81.022548,86.3,9.0,0.0,338.39,10.0,3D,2025-08-18 19:21:33-04:00,POINT (-81.022548 34.005418)
2025-08-18 16:32:06 UTC,sensor06,236497257,26.28,87.76,2025-08-18 23:21:38+00:00,34.005778,-81.022713,86.1,8.47,-0.1,339.19,10.0,3D,2025-08-18 19:21:38-04:00,POINT (-81.022713 34.005778)
2025-08-18 16:32:11 UTC,sensor06,236497257,26.18,87.89,2025-08-18 23:21:43+00:00,34.006098,-81.022865,86.0,7.62,0.0,340.67,10.0,3D,2025-08-18 19:21:43-04:00,POINT (-81.022865 34.006098)
2025-08-18 16:32:17 UTC,sensor06,236497257,26.03,88.21,2025-08-18 23:21:48+00:00,34.006368,-81.022983,86.0,5.45,0.0,338.65,10.0,3D,2025-08-18 19:21:48-04:00,POINT (-81.022983 34.006368)
2025-08-18 16:32:22 UTC,sensor06,236497257,25.9,88.28,2025-08-18 23:21:53+00:00,34.006578,-81.023085,85.9,4.63,0.0,339.6,10.0,3D,2025-08-18 19:21:53-04:00,POINT (-81.023085 34.006578)
2025-08-18 16:32:27 UTC,sensor06,236497257,25.83,88.75,2025-08-18 23:21:58+00:00,34.006747,-81.023155,85.9,3.56,0.0,347.53,10.0,3D,2025-08-18 19:21:58-04:00,POINT (-81.023155 34.006747)
2025-08-18 16:32:32 UTC,sensor06,236497257,25.78,89.1,2025-08-18 23:22:03+00:00,34.006913,-81.023227,85.8,3.71,0.0,338.84,10.0,3D,2025-08-18 19:22:03-04:00,POINT (-81.023227 34.006913)
2025-08-18 16:32:37 UTC,sensor06,236497257,25.72,89.28,2025-08-18 23:22:08+00:00,34.007055,-81.023293,85.7,3.0,0.0,338.52,10.0,3D,2025-08-18 19:22:08-04:00,POINT (-81.023293 34.007055)
2025-08-18 16:32:42 UTC,sensor06,236497257,25.72,89.19,2025-08-18 23:22:13+00:00,34.007215,-81.023372,84.3,3.12,-0.1,338.72,10.0,3D,2025-08-18 19:22:13-04:00,POINT (-81.023372 34.007215)
2025-08-18 16:32:47 UTC,sensor06,236497257,25.74,89.45,2025-08-18 23:22:18+00:00,34.007375,-81.023443,84.1,4.13,0.0,339.26,10.0,3D,2025-08-18 19:22:18-04:00,POINT (-81.023443 34.007375)
2025-08-18 16:32:52 UTC,sensor06,236497257,25.74,90.05,2025-08-18 23:22:23+00:00,34.007563,-81.023532,84.2,3.99,0.0,336.69,10.0,3D,2025-08-18 19:22:23-04:00,POINT (-81.023532 34.007563)
2025-08-18 16:32:57 UTC,sensor06,236497257,25.78,90.28,2025-08-18 23:22:28+00:00,34.007743,-81.023625,84.3,3.61,0.0,333.94,10.0,3D,2025-08-18 19:22:28-04:00,POINT (-81.023625 34.007743)
2025-08-18 16:33:02 UTC,sensor06,236497257,25.77,90.45,2025-08-18 23:22:33+00:00,34.007918,-81.023707,84.3,4.39,0.0,341.09,10.0,3D,2025-08-18 19:22:33-04:00,POINT (-81.023707 34.007918)
2025-08-18 16:33:07 UTC,sensor06,236497257,25.79,89.95,2025-08-18 23:22:38+00:00,34.008113,-81.023778,83.4,4.54,0.0,340.91,10.0,3D,2025-08-18 19:22:38-04:00,POINT (-81.023778 34.008113)
2025-08-18 16:33:12 UTC,sensor06,236497257,25.8,89.88,2025-08-18 23:22:43+00:00,34.008305,-81.02387,83.3,4.37,0.0,339.7,10.0,3D,2025-08-18 19:22:43-04:00,POINT (-81.02387 34.008305)
2025-08-18 16:33:17 UTC,sensor06,236497257,25.84,89.58,2025-08-18 23:22:49+00:00,34.00853,-81.02397,83.5,3.95,0.0,0.0,10.0,3D,2025-08-18 19:22:49-04:00,POINT (-81.02397 34.00853)
2025-08-18 16:33:22 UTC,sensor06,236497257,25.92,88.99,2025-08-18 23:22:52+00:00,34.008607,-81.024017,83.5,2.79,0.0,335.77,10.0,3D,2025-08-18 19:22:52-04:00,POINT (-81.024017 34.008607)
2025-08-18 16:33:27 UTC,sensor06,236497257,25.92,88.63,2025-08-18 23:22:59+00:00,34.008778,-81.024085,83.5,2.87,0.0,0.0,4.0,3D,2025-08-18 19:22:59-04:00,POINT (-81.024085 34.008778)
2025-08-18 16:33:32 UTC,sensor06,236497257,26.0,88.12,2025-08-18 23:23:04+00:00,34.008948,-81.024162,83.6,4.07,0.0,0.0,4.0,3D,2025-08-18 19:23:04-04:00,POINT (-81.024162 34.008948)
2025-08-18 16:33:37 UTC,sensor06,236497257,26.11,86.93,2025-08-18 23:23:09+00:00,34.009147,-81.024258,83.6,5.05,0.0,0.0,8.0,3D,2025-08-18 19:23:09-04:00,POINT (-81.024258 34.009147)
2025-08-18 16:33:42 UTC,sensor06,236497257,26.19,85.96,2025-08-18 23:23:14+00:00,34.00937,-81.02435,83.6,4.87,0.0,0.0,10.0,3D,2025-08-18 19:23:14-04:00,POINT (-81.02435 34.00937)
2025-08-18 16:33:47 UTC,sensor06,236497257,26.26,85.33,2025-08-18 23:23:19+00:00,34.009583,-81.024448,83.4,4.75,-0.1,0.0,10.0,3D,2025-08-18 19:23:19-04:00,POINT (-81.024448 34.009583)
2025-08-18 16:33:52 UTC,sensor06,236497257,26.3,84.88,2025-08-18 23:23:24+00:00,34.009782,-81.024523,81.6,3.56,0.0,338.37,10.0,3D,2025-08-18 19:23:24-04:00,POINT (-81.024523 34.009782)
2025-08-18 16:33:57 UTC,sensor06,236497257,26.3,84.72,2025-08-18 23:23:29+00:00,34.009932,-81.024582,81.4,2.5,0.0,341.12,10.0,3D,2025-08-18 19:23:29-04:00,POINT (-81.024582 34.009932)
2025-08-18 16:34:07 UTC,sensor06,236497257,26.58,84.27,2025-08-18 23:23:39+00:00,34.010167,-81.024685,81.4,4.28,-0.1,332.81,10.0,3D,2025-08-18 19:23:39-04:00,POINT (-81.024685 34.010167)
2025-08-18 16:34:13 UTC,sensor06,236497257,26.63,83.86,2025-08-18 23:23:44+00:00,34.010385,-81.024787,81.4,5.42,0.0,342.75,10.0,3D,2025-08-18 19:23:44-04:00,POINT (-81.024787 34.010385)
2025-08-18 16:34:18 UTC,sensor06,236497257,26.66,84.32,2025-08-18 23:23:49+00:00,34.010612,-81.024887,81.3,5.24,-0.1,337.63,10.0,3D,2025-08-18 19:23:49-04:00,POINT (-81.024887 34.010612)
2025-08-18 16:34:23 UTC,sensor06,236497257,26.67,83.94,2025-08-18 23:23:54+00:00,34.010823,-81.024995,81.2,5.09,0.1,336.23,10.0,3D,2025-08-18 19:23:54-04:00,POINT (-81.024995 34.010823)
2025-08-18 16:34:28 UTC,sensor06,236497257,26.65,84.38,2025-08-18 23:23:59+00:00,34.011003,-81.025078,81.5,4.22,0.1,337.18,10.0,3D,2025-08-18 19:23:59-04:00,POINT (-81.025078 34.011003)
2025-08-18 16:34:33 UTC,sensor06,236497257,26.63,84.72,2025-08-18 23:24:04+00:00,34.011185,-81.025153,81.7,3.21,0.0,337.64,10.0,3D,2025-08-18 19:24:04-04:00,POINT (-81.025153 34.011185)
2025-08-18 16:34:38 UTC,sensor06,236497257,26.57,84.34,2025-08-18 23:24:09+00:00,34.01131,-81.0252,81.6,2.46,0.0,351.0,10.0,3D,2025-08-18 19:24:09-04:00,POINT (-81.0252 34.01131)
2025-08-18 16:34:43 UTC,sensor06,236497257,26.51,84.15,2025-08-18 23:24:14+00:00,34.01144,-81.025112,81.8,3.31,0.1,59.07,10.0,3D,2025-08-18 19:24:14-04:00,POINT (-81.025112 34.01144)
2025-08-18 16:34:48 UTC,sensor06,236497257,26.47,84.36,2025-08-18 23:24:19+00:00,34.011528,-81.024903,81.9,4.54,0.0,66.91,10.0,3D,2025-08-18 19:24:19-04:00,POINT (-81.024903 34.011528)
2025-08-18 16:34:53 UTC,sensor06,236497257,26.44,84.46,2025-08-18 23:24:24+00:00,34.011617,-81.0247,82.0,3.96,0.1,69.89,10.0,3D,2025-08-18 19:24:24-04:00,POINT (-81.0247 34.011617)
2025-08-18 16:34:58 UTC,sensor06,236497257,26.45,85.02,2025-08-18 23:24:29+00:00,34.011675,-81.024508,82.2,2.95,0.0,72.62,10.0,3D,2025-08-18 19:24:29-04:00,POINT (-81.024508 34.011675)
2025-08-18 16:35:03 UTC,sensor06,236497257,26.43,85.12,2025-08-18 23:24:34+00:00,34.011762,-81.024348,82.3,2.91,0.0,12.86,10.0,3D,2025-08-18 19:24:34-04:00,POINT (-81.024348 34.011762)
2025-08-18 16:35:08 UTC,sensor06,236497257,26.46,84.43,2025-08-18 23:24:40+00:00,34.011778,-81.024545,82.0,4.07,0.0,0.0,10.0,3D,2025-08-18 19:24:40-04:00,POINT (-81.024545 34.011778)
2025-08-18 16:35:13 UTC,sensor06,236497257,26.47,84.31,2025-08-18 23:24:45+00:00,34.011708,-81.02479,81.9,4.97,0.0,0.0,10.0,3D,2025-08-18 19:24:45-04:00,POINT (-81.02479 34.011708)
2025-08-18 16:35:18 UTC,sensor06,236497257,26.47,84.32,2025-08-18 23:24:50+00:00,34.011618,-81.025045,81.9,5.33,0.1,0.0,10.0,3D,2025-08-18 19:24:50-04:00,POINT (-81.025045 34.011618)
2025-08-18 16:35:23 UTC,sensor06,236497257,26.48,84.24,2025-08-18 23:24:53+00:00,34.011572,-81.025203,82.0,5.41,0.0,0.0,10.0,3D,2025-08-18 19:24:53-04:00,POINT (-81.025203 34.011572)
2025-08-18 16:35:28 UTC,sensor06,236497257,26.5,83.89,2025-08-18 23:25:00+00:00,34.011478,-81.025565,82.1,5.0,-0.1,254.21,10.0,3D,2025-08-18 19:25:00-04:00,POINT (-81.025565 34.011478)
2025-08-18 16:35:33 UTC,sensor06,236497257,26.49,83.53,2025-08-18 23:25:05+00:00,34.011393,-81.025845,81.9,5.42,-0.1,250.85,10.0,3D,2025-08-18 19:25:05-04:00,POINT (-81.025845 34.011393)
2025-08-18 16:35:38 UTC,sensor06,236497257,26.51,83.72,2025-08-18 23:25:10+00:00,34.01132,-81.02614,82.0,5.55,0.0,247.47,10.0,3D,2025-08-18 19:25:10-04:00,POINT (-81.02614 34.01132)
2025-08-18 16:35:43 UTC,sensor06,236497257,26.5,83.51,2025-08-18 23:25:15+00:00,34.01122,-81.026427,82.3,5.36,0.1,251.65,10.0,3D,2025-08-18 19:25:15-04:00,POINT (-81.026427 34.01122)
2025-08-18 16:35:48 UTC,sensor06,236497257,26.54,83.11,2025-08-18 23:25:20+00:00,34.011118,-81.026705,82.7,4.74,0.0,245.43,10.0,3D,2025-08-18 19:25:20-04:00,POINT (-81.026705 34.011118)
2025-08-18 16:35:53 UTC,sensor06,236497257,26.54,83.76,2025-08-18 23:25:25+00:00,34.011118,-81.026923,82.9,3.54,0.0,318.04,10.0,3D,2025-08-18 19:25:25-04:00,POINT (-81.026923 34.011118)
2025-08-18 16:35:58 UTC,sensor06,236497257,26.55,84.28,2025-08-18 23:25:30+00:00,34.011285,-81.027008,83.1,4.37,0.0,338.15,10.0,3D,2025-08-18 19:25:30-04:00,POINT (-81.027008 34.011285)
2025-08-18 16:36:04 UTC,sensor06,236497257,26.58,84.65,2025-08-18 23:25:35+00:00,34.011485,-81.027095,83.0,4.88,0.0,339.78,10.0,3D,2025-08-18 19:25:35-04:00,POINT (-81.027095 34.011485)
2025-08-18 16:36:09 UTC,sensor06,236497257,26.6,84.59,2025-08-18 23:25:40+00:00,34.011722,-81.027197,82.7,5.03,-0.1,341.18,10.0,3D,2025-08-18 19:25:40-04:00,POINT (-81.027197 34.011722)
2025-08-18 16:36:14 UTC,sensor06,236497257,26.59,84.47,2025-08-18 23:25:45+00:00,34.01195,-81.027297,82.6,4.92,-0.1,334.68,10.0,3D,2025-08-18 19:25:45-04:00,POINT (-81.027297 34.01195)
2025-08-18 16:36:19 UTC,sensor06,236497257,26.57,83.86,2025-08-18 23:25:50+00:00,34.012155,-81.027372,79.8,3.81,-0.1,353.59,10.0,3D,2025-08-18 19:25:50-04:00,POINT (-81.027372 34.012155)
2025-08-18 16:36:24 UTC,sensor06,236497257,26.58,84.44,2025-08-18 23:25:55+00:00,34.012307,-81.027235,80.8,4.9,0.0,70.96,10.0,3D,2025-08-18 19:25:55-04:00,POINT (-81.027235 34.012307)
2025-08-18 16:36:29 UTC,sensor06,236497257,26.59,84.06,2025-08-18 23:26:00+00:00,34.012407,-81.02695,80.9,5.65,0.0,73.45,10.0,3D,2025-08-18 19:26:00-04:00,POINT (-81.02695 34.012407)
2025-08-18 16:36:34 UTC,sensor06,236497257,26.61,84.41,2025-08-18 23:26:05+00:00,34.012513,-81.026673,81.2,5.83,0.1,65.06,10.0,3D,2025-08-18 19:26:05-04:00,POINT (-81.026673 34.012513)
2025-08-18 16:36:39 UTC,sensor06,236497257,26.63,84.31,2025-08-18 23:26:10+00:00,34.012613,-81.026387,80.8,5.44,-0.1,64.34,10.0,3D,2025-08-18 19:26:10-04:00,POINT (-81.026387 34.012613)
2025-08-18 16:36:44 UTC,sensor06,236497257,26.59,84.75,2025-08-18 23:26:16+00:00,34.012727,-81.026092,80.4,3.79,0.0,0.0,10.0,3D,2025-08-18 19:26:16-04:00,POINT (-81.026092 34.012727)
2025-08-18 16:36:49 UTC,sensor06,236497257,26.64,85.0,2025-08-18 23:26:21+00:00,34.012838,-81.025943,80.6,4.0,0.1,0.0,10.0,3D,2025-08-18 19:26:21-04:00,POINT (-81.025943 34.012838)
2025-08-18 16:36:54 UTC,sensor06,236497257,26.67,85.05,2025-08-18 23:26:26+00:00,34.013048,-81.026043,80.6,5.45,-0.1,331.76,10.0,3D,2025-08-18 19:26:26-04:00,POINT (-81.026043 34.013048)
2025-08-18 16:36:59 UTC,sensor06,236497257,26.63,84.99,2025-08-18 23:26:31+00:00,34.013305,-81.02616,80.6,5.85,-0.1,338.99,10.0,3D,2025-08-18 19:26:31-04:00,POINT (-81.02616 34.013305)
2025-08-18 16:37:04 UTC,sensor06,236497257,26.61,85.42,2025-08-18 23:26:36+00:00,34.013593,-81.026283,80.6,6.73,0.0,338.26,10.0,3D,2025-08-18 19:26:36-04:00,POINT (-81.026283 34.013593)
2025-08-18 16:37:09 UTC,sensor06,236497257,26.62,85.09,2025-08-18 23:26:41+00:00,34.013888,-81.026413,80.5,6.96,0.0,337.0,10.0,3D,2025-08-18 19:26:41-04:00,POINT (-81.026413 34.013888)
2025-08-18 16:37:14 UTC,sensor06,236497257,26.66,85.11,2025-08-18 23:26:46+00:00,34.014178,-81.026528,80.2,6.55,-0.1,335.34,10.0,3D,2025-08-18 19:26:46-04:00,POINT (-81.026528 34.014178)
2025-08-18 16:37:19 UTC,sensor06,236497257,26.63,85.4,2025-08-18 23:26:51+00:00,34.014517,-81.026692,79.5,9.11,-0.1,338.89,10.0,3D,2025-08-18 19:26:51-04:00,POINT (-81.026692 34.014517)
2025-08-18 16:37:24 UTC,sensor06,236497257,26.62,86.67,2025-08-18 23:26:53+00:00,34.014703,-81.026767,77.4,9.74,-0.1,339.45,10.0,3D,2025-08-18 19:26:53-04:00,POINT (-81.026767 34.014703)
2025-08-18 16:37:29 UTC,sensor06,236497257,26.59,86.02,2025-08-18 23:26:59+00:00,34.01513,-81.026927,76.7,6.14,-0.1,337.76,10.0,3D,2025-08-18 19:26:59-04:00,POINT (-81.026927 34.01513)
2025-08-18 16:37:35 UTC,sensor06,236497257,26.63,85.97,2025-08-18 23:27:06+00:00,34.015415,-81.027047,75.7,3.87,-0.2,342.16,10.0,3D,2025-08-18 19:27:06-04:00,POINT (-81.027047 34.015415)
2025-08-18 16:37:40 UTC,sensor06,236497257,26.63,85.8,2025-08-18 23:27:11+00:00,34.015628,-81.027122,75.2,5.22,-0.1,342.48,10.0,3D,2025-08-18 19:27:11-04:00,POINT (-81.027122 34.015628)
2025-08-18 16:37:45 UTC,sensor06,236497257,26.67,85.74,2025-08-18 23:27:16+00:00,34.015873,-81.027222,74.7,5.54,-0.1,341.87,10.0,3D,2025-08-18 19:27:16-04:00,POINT (-81.027222 34.015873)
2025-08-18 16:37:50 UTC,sensor06,236497257,26.66,85.41,2025-08-18 23:27:21+00:00,34.01616,-81.02735,74.1,6.74,-0.2,336.63,10.0,3D,2025-08-18 19:27:21-04:00,POINT (-81.02735 34.01616)
2025-08-18 16:37:55 UTC,sensor06,236497257,26.71,85.4,2025-08-18 23:27:26+00:00,34.016463,-81.027478,73.4,7.52,-0.1,339.63,10.0,3D,2025-08-18 19:27:26-04:00,POINT (-81.027478 34.016463)
2025-08-18 16:38:00 UTC,sensor06,236497257,26.76,84.47,2025-08-18 23:27:31+00:00,34.016747,-81.027605,72.9,6.63,-0.1,337.63,10.0,3D,2025-08-18 19:27:31-04:00,POINT (-81.027605 34.016747)
2025-08-18 16:38:05 UTC,sensor06,236497257,26.76,84.12,2025-08-18 23:27:36+00:00,34.017003,-81.027693,72.2,6.16,-0.2,352.73,10.0,3D,2025-08-18 19:27:36-04:00,POINT (-81.027693 34.017003)
2025-08-18 16:38:10 UTC,sensor06,236497257,26.76,85.06,2025-08-18 23:27:41+00:00,34.017298,-81.0277,71.7,6.24,-0.2,359.35,10.0,3D,2025-08-18 19:27:41-04:00,POINT (-81.0277 34.017298)
2025-08-18 16:38:15 UTC,sensor06,236497257,26.71,85.04,2025-08-18 23:27:46+00:00,34.017585,-81.027697,70.8,6.16,-0.1,358.01,10.0,3D,2025-08-18 19:27:46-04:00,POINT (-81.027697 34.017585)
2025-08-18 16:38:20 UTC,sensor06,236497257,26.69,84.94,2025-08-18 23:27:52+00:00,34.017875,-81.027753,70.4,4.21,0.0,0.0,10.0,3D,2025-08-18 19:27:52-04:00,POINT (-81.027753 34.017875)
2025-08-18 16:38:25 UTC,sensor06,236497257,26.68,84.99,2025-08-18 23:27:57+00:00,34.018023,-81.02782,69.8,2.79,-0.2,0.0,10.0,3D,2025-08-18 19:27:57-04:00,POINT (-81.02782 34.018023)
2025-08-18 16:38:30 UTC,sensor06,236497257,26.68,84.94,2025-08-18 23:28:02+00:00,34.01801,-81.028022,69.2,4.15,-0.1,0.0,10.0,3D,2025-08-18 19:28:02-04:00,POINT (-81.028022 34.01801)
2025-08-18 16:38:35 UTC,sensor06,236497257,26.69,84.78,2025-08-18 23:28:07+00:00,34.017932,-81.028265,68.9,5.05,-0.1,243.12,10.0,3D,2025-08-18 19:28:07-04:00,POINT (-81.028265 34.017932)
2025-08-18 16:38:40 UTC,sensor06,236497257,26.66,84.81,2025-08-18 23:28:12+00:00,34.017858,-81.028515,68.4,4.77,-0.1,250.71,10.0,3D,2025-08-18 19:28:12-04:00,POINT (-81.028515 34.017858)
2025-08-18 16:38:45 UTC,sensor06,236497257,26.69,85.54,2025-08-18 23:28:17+00:00,34.017803,-81.028755,68.1,4.69,0.0,254.2,10.0,3D,2025-08-18 19:28:17-04:00,POINT (-81.028755 34.017803)
2025-08-18 16:38:50 UTC,sensor06,236497257,26.72,86.78,2025-08-18 23:28:22+00:00,34.01774,-81.028975,68.2,3.97,0.1,252.54,10.0,3D,2025-08-18 19:28:22-04:00,POINT (-81.028975 34.01774)
2025-08-18 16:38:55 UTC,sensor06,236497257,26.73,87.44,2025-08-18 23:28:27+00:00,34.017688,-81.029178,68.4,3.9,0.1,246.73,10.0,3D,2025-08-18 19:28:27-04:00,POINT (-81.029178 34.017688)
2025-08-18 16:39:00 UTC,sensor06,236497257,26.67,87.34,2025-08-18 23:28:32+00:00,34.017633,-81.029362,68.6,3.28,0.0,254.76,10.0,3D,2025-08-18 19:28:32-04:00,POINT (-81.029362 34.017633)
2025-08-18 16:39:06 UTC,sensor06,236497257,26.67,87.49,2025-08-18 23:28:37+00:00,34.017592,-81.029542,68.9,3.02,0.0,255.79,10.0,3D,2025-08-18 19:28:37-04:00,POINT (-81.029542 34.017592)
2025-08-18 16:39:11 UTC,sensor06,236497257,26.63,86.83,2025-08-18 23:28:42+00:00,34.017528,-81.029713,68.8,3.48,0.0,239.26,10.0,3D,2025-08-18 19:28:42-04:00,POINT (-81.029713 34.017528)
2025-08-18 16:39:16 UTC,sensor06,236497257,26.63,85.93,2025-08-18 23:28:47+00:00,34.017367,-81.029782,68.9,4.12,0.1,196.16,10.0,3D,2025-08-18 19:28:47-04:00,POINT (-81.029782 34.017367)
2025-08-18 16:39:21 UTC,sensor06,236497257,26.6,85.58,2025-08-18 23:28:52+00:00,34.017253,-81.029962,69.2,4.47,0.1,255.6,9.0,3D,2025-08-18 19:28:52-04:00,POINT (-81.029962 34.017253)
2025-08-18 16:39:26 UTC,sensor06,236497257,26.61,85.12,2025-08-18 23:28:54+00:00,34.017237,-81.030055,69.4,3.87,0.1,254.87,9.0,3D,2025-08-18 19:28:54-04:00,POINT (-81.030055 34.017237)
2025-08-18 16:39:31 UTC,sensor06,236497257,26.56,84.7,2025-08-18 23:29:02+00:00,34.017153,-81.030387,70.7,3.93,0.2,249.48,9.0,3D,2025-08-18 19:29:02-04:00,POINT (-81.030387 34.017153)
2025-08-18 16:39:36 UTC,sensor06,236497257,26.59,84.95,2025-08-18 23:29:07+00:00,34.017088,-81.030583,71.5,3.76,0.2,246.57,9.0,3D,2025-08-18 19:29:07-04:00,POINT (-81.030583 34.017088)
2025-08-18 16:39:41 UTC,sensor06,236497257,26.62,84.55,2025-08-18 23:29:12+00:00,34.017028,-81.030763,72.5,3.84,0.2,248.36,9.0,3D,2025-08-18 19:29:12-04:00,POINT (-81.030763 34.017028)
2025-08-18 16:39:46 UTC,sensor06,236497257,26.61,84.58,2025-08-18 23:29:17+00:00,34.01697,-81.030953,73.4,3.46,0.1,252.91,9.0,3D,2025-08-18 19:29:17-04:00,POINT (-81.030953 34.01697)
2025-08-18 16:39:51 UTC,sensor06,236497257,26.64,84.25,2025-08-18 23:29:22+00:00,34.016922,-81.031145,73.8,3.82,0.1,251.6,9.0,3D,2025-08-18 19:29:22-04:00,POINT (-81.031145 34.016922)
2025-08-18 16:39:56 UTC,sensor06,236497257,26.66,84.71,2025-08-18 23:29:27+00:00,34.01688,-81.031342,74.2,3.75,0.1,257.57,9.0,3D,2025-08-18 19:29:27-04:00,POINT (-81.031342 34.01688)
2025-08-18 16:40:01 UTC,sensor06,236497257,26.68,84.1,2025-08-18 23:29:33+00:00,34.016808,-81.031582,74.7,3.77,0.0,0.0,9.0,3D,2025-08-18 19:29:33-04:00,POINT (-81.031582 34.016808)
2025-08-18 16:40:06 UTC,sensor06,236497257,26.68,83.87,2025-08-18 23:29:38+00:00,34.016735,-81.031793,75.0,4.41,0.0,0.0,9.0,3D,2025-08-18 19:29:38-04:00,POINT (-81.031793 34.016735)
2025-08-18 16:40:11 UTC,sensor06,236497257,26.73,84.06,2025-08-18 23:29:43+00:00,34.01665,-81.032015,75.2,5.05,0.0,0.0,9.0,3D,2025-08-18 19:29:43-04:00,POINT (-81.032015 34.01665)
2025-08-18 16:40:16 UTC,sensor06,236497257,26.73,83.72,2025-08-18 23:29:48+00:00,34.016588,-81.032262,75.3,4.31,-0.1,253.96,9.0,3D,2025-08-18 19:29:48-04:00,POINT (-81.032262 34.016588)
2025-08-18 16:40:21 UTC,sensor06,236497257,26.74,83.15,2025-08-18 23:29:53+00:00,34.016522,-81.032483,75.2,4.11,-0.1,249.52,9.0,3D,2025-08-18 19:29:53-04:00,POINT (-81.032483 34.016522)
2025-08-18 16:40:26 UTC,sensor06,236497257,26.77,83.03,2025-08-18 23:29:58+00:00,34.016462,-81.032697,74.8,3.85,-0.1,251.58,9.0,3D,2025-08-18 19:29:58-04:00,POINT (-81.032697 34.016462)
2025-08-18 16:40:31 UTC,sensor06,236497257,26.8,83.22,2025-08-18 23:30:03+00:00,34.016463,-81.032887,74.2,2.96,-0.1,305.33,9.0,3D,2025-08-18 19:30:03-04:00,POINT (-81.032887 34.016463)
2025-08-18 16:40:36 UTC,sensor06,236497257,26.82,82.89,2025-08-18 23:30:08+00:00,34.016643,-81.03299,74.5,3.61,0.1,335.74,9.0,3D,2025-08-18 19:30:08-04:00,POINT (-81.03299 34.016643)
2025-08-18 16:40:41 UTC,sensor06,236497257,26.85,83.0,2025-08-18 23:30:13+00:00,34.016835,-81.033073,74.4,4.72,-0.1,343.59,9.0,3D,2025-08-18 19:30:13-04:00,POINT (-81.033073 34.016835)
2025-08-18 16:40:52 UTC,sensor06,236497257,26.91,83.66,2025-08-18 23:30:23+00:00,34.017273,-81.033252,75.4,4.53,0.5,339.02,9.0,3D,2025-08-18 19:30:23-04:00,POINT (-81.033252 34.017273)
2025-08-18 16:40:57 UTC,sensor06,236497257,26.94,83.05,2025-08-18 23:30:28+00:00,34.017487,-81.033413,81.2,4.15,0.8,334.69,9.0,3D,2025-08-18 19:30:28-04:00,POINT (-81.033413 34.017487)
2025-08-18 16:41:02 UTC,sensor06,236497257,26.91,81.96,2025-08-18 23:30:33+00:00,34.01751,-81.033567,81.7,3.55,-0.1,254.99,9.0,3D,2025-08-18 19:30:33-04:00,POINT (-81.033567 34.01751)
2025-08-18 16:41:07 UTC,sensor06,236497257,26.9,81.59,2025-08-18 23:30:38+00:00,34.01745,-81.033772,81.7,4.46,-0.1,254.05,9.0,3D,2025-08-18 19:30:38-04:00,POINT (-81.033772 34.01745)
2025-08-18 16:41:12 UTC,sensor06,236497257,26.95,82.89,2025-08-18 23:30:43+00:00,34.01741,-81.034012,81.2,4.24,-0.2,257.56,9.0,3D,2025-08-18 19:30:43-04:00,POINT (-81.034012 34.01741)
2025-08-18 16:41:17 UTC,sensor06,236497257,26.95,83.04,2025-08-18 23:30:48+00:00,34.017352,-81.034248,80.6,3.62,-0.2,245.21,9.0,3D,2025-08-18 19:30:48-04:00,POINT (-81.034248 34.017352)
2025-08-18 16:41:22 UTC,sensor06,236497257,26.99,82.69,2025-08-18 23:30:53+00:00,34.017362,-81.034398,79.8,2.25,-0.1,294.02,9.0,3D,2025-08-18 19:30:53-04:00,POINT (-81.034398 34.017362)
2025-08-18 16:41:27 UTC,sensor06,236497257,27.0,83.28,2025-08-18 23:30:55+00:00,34.017462,-81.034398,79.1,2.9,-0.4,341.03,9.0,3D,2025-08-18 19:30:55-04:00,POINT (-81.034398 34.017462)
2025-08-18 16:41:32 UTC,sensor06,236497257,27.06,83.52,2025-08-18 23:31:04+00:00,34.017902,-81.034592,78.8,6.42,-0.1,0.0,9.0,3D,2025-08-18 19:31:04-04:00,POINT (-81.034592 34.017902)
2025-08-18 16:41:37 UTC,sensor06,236497257,27.12,82.89,2025-08-18 23:31:09+00:00,34.018095,-81.034672,78.0,2.79,-0.5,0.0,9.0,3D,2025-08-18 19:31:09-04:00,POINT (-81.034672 34.018095)
2025-08-18 16:41:42 UTC,sensor06,236497257,27.06,81.72,2025-08-18 23:31:14+00:00,34.018238,-81.03473,77.8,3.28,-0.1,0.0,9.0,3D,2025-08-18 19:31:14-04:00,POINT (-81.03473 34.018238)
2025-08-18 16:41:47 UTC,sensor06,236497257,27.1,82.05,2025-08-18 23:31:19+00:00,34.018352,-81.034812,77.7,2.38,0.0,0.0,9.0,3D,2025-08-18 19:31:19-04:00,POINT (-81.034812 34.018352)
2025-08-18 16:41:52 UTC,sensor06,236497257,27.08,81.51,2025-08-18 23:31:24+00:00,34.018272,-81.034812,78.1,2.75,0.4,0.0,4.0,3D,2025-08-18 19:31:24-04:00,POINT (-81.034812 34.018272)
2025-08-18 16:41:57 UTC,sensor06,236497257,27.08,81.13,2025-08-18 23:31:29+00:00,34.01834,-81.034727,76.2,3.66,0.3,0.0,4.0,3D,2025-08-18 19:31:29-04:00,POINT (-81.034727 34.01834)
2025-08-18 16:42:02 UTC,sensor06,236497257,27.09,81.21,2025-08-18 23:31:34+00:00,34.018467,-81.034587,77.0,3.85,0.2,0.0,9.0,3D,2025-08-18 19:31:34-04:00,POINT (-81.034587 34.018467)
2025-08-18 16:42:07 UTC,sensor06,236497257,27.12,81.58,2025-08-18 23:31:39+00:00,34.018528,-81.034377,78.6,3.86,0.3,0.0,9.0,3D,2025-08-18 19:31:39-04:00,POINT (-81.034377 34.018528)
2025-08-18 16:42:12 UTC,sensor06,236497257,27.15,81.85,2025-08-18 23:31:44+00:00,34.018545,-81.03414,82.1,3.98,1.2,70.66,9.0,3D,2025-08-18 19:31:44-04:00,POINT (-81.03414 34.018545)
2025-08-18 16:42:17 UTC,sensor06,236497257,27.17,82.61,2025-08-18 23:31:49+00:00,34.018597,-81.033922,83.9,3.37,0.2,59.5,9.0,3D,2025-08-18 19:31:49-04:00,POINT (-81.033922 34.018597)
2025-08-18 16:42:22 UTC,sensor06,236497257,27.13,82.62,2025-08-18 23:31:54+00:00,34.018712,-81.033707,84.8,4.3,0.1,63.83,9.0,3D,2025-08-18 19:31:54-04:00,POINT (-81.033707 34.018712)
2025-08-18 16:42:28 UTC,sensor06,236497257,27.16,83.35,2025-08-18 23:31:59+00:00,34.018838,-81.03346,85.1,4.75,0.0,48.66,9.0,3D,2025-08-18 19:31:59-04:00,POINT (-81.03346 34.018838)
2025-08-18 16:42:33 UTC,sensor06,236497257,27.16,82.82,2025-08-18 23:32:04+00:00,34.018963,-81.03319,83.2,4.83,-0.2,69.67,9.0,3D,2025-08-18 19:32:04-04:00,POINT (-81.03319 34.018963)
2025-08-18 16:42:38 UTC,sensor06,236497257,27.1,81.84,2025-08-18 23:32:09+00:00,34.01893,-81.03286,82.2,4.63,-0.2,72.24,9.0,3D,2025-08-18 19:32:09-04:00,POINT (-81.03286 34.01893)
2025-08-18 16:42:43 UTC,sensor06,236497257,27.1,82.57,2025-08-18 23:32:14+00:00,34.018957,-81.032578,81.8,4.93,0.0,70.34,9.0,3D,2025-08-18 19:32:14-04:00,POINT (-81.032578 34.018957)
2025-08-18 16:42:48 UTC,sensor06,236497257,27.09,83.12,2025-08-18 23:32:19+00:00,34.019045,-81.032297,81.5,5.6,0.0,62.71,9.0,3D,2025-08-18 19:32:19-04:00,POINT (-81.032297 34.019045)
2025-08-18 16:42:53 UTC,sensor06,236497257,27.09,83.37,2025-08-18 23:32:24+00:00,34.019147,-81.031965,81.3,6.79,0.0,75.28,9.0,3D,2025-08-18 19:32:24-04:00,POINT (-81.031965 34.019147)
2025-08-18 16:42:58 UTC,sensor06,236497257,27.04,82.93,2025-08-18 23:32:29+00:00,34.01927,-81.031643,80.7,6.31,-0.2,64.71,9.0,3D,2025-08-18 19:32:29-04:00,POINT (-81.031643 34.01927)
2025-08-18 16:43:03 UTC,sensor06,236497257,27.04,82.52,2025-08-18 23:32:34+00:00,34.019367,-81.03131,80.0,6.17,-0.2,66.94,9.0,3D,2025-08-18 19:32:34-04:00,POINT (-81.03131 34.019367)
2025-08-18 16:43:08 UTC,sensor06,236497257,26.98,82.4,2025-08-18 23:32:39+00:00,34.01938,-81.030893,78.3,6.7,-0.7,73.63,9.0,3D,2025-08-18 19:32:39-04:00,POINT (-81.030893 34.01938)
2025-08-18 16:43:13 UTC,sensor06,236497257,26.94,82.8,2025-08-18 23:32:44+00:00,34.019473,-81.030527,78.0,6.51,-0.2,70.79,9.0,3D,2025-08-18 19:32:44-04:00,POINT (-81.030527 34.019473)
2025-08-18 16:43:18 UTC,sensor06,236497257,26.91,83.58,2025-08-18 23:32:49+00:00,34.019567,-81.030177,76.9,6.61,-0.2,70.44,9.0,3D,2025-08-18 19:32:49-04:00,POINT (-81.030177 34.019567)
2025-08-18 16:43:23 UTC,sensor06,236497257,26.88,83.25,2025-08-18 23:32:55+00:00,34.019708,-81.029777,75.2,6.54,-0.2,0.0,9.0,3D,2025-08-18 19:32:55-04:00,POINT (-81.029777 34.019708)
2025-08-18 16:43:28 UTC,sensor06,236497257,26.88,83.03,2025-08-18 23:33:00+00:00,34.019843,-81.0295,73.9,4.8,-0.3,0.0,9.0,3D,2025-08-18 19:33:00-04:00,POINT (-81.0295 34.019843)
2025-08-18 16:43:33 UTC,sensor06,236497257,26.89,83.34,2025-08-18 23:33:05+00:00,34.019915,-81.029273,72.8,4.19,-0.2,0.0,9.0,3D,2025-08-18 19:33:05-04:00,POINT (-81.029273 34.019915)
2025-08-18 16:43:38 UTC,sensor06,236497257,26.89,83.77,2025-08-18 23:33:10+00:00,34.020055,-81.029158,72.4,4.25,0.0,345.7,9.0,3D,2025-08-18 19:33:10-04:00,POINT (-81.029158 34.020055)
2025-08-18 16:43:43 UTC,sensor06,236497257,26.9,84.3,2025-08-18 23:33:15+00:00,34.020255,-81.029315,69.6,4.84,-2.2,333.37,9.0,3D,2025-08-18 19:33:15-04:00,POINT (-81.029315 34.020255)
2025-08-18 16:43:48 UTC,sensor06,236497257,26.89,84.25,2025-08-18 23:33:20+00:00,34.020493,-81.029425,68.6,5.37,-0.1,343.49,9.0,3D,2025-08-18 19:33:20-04:00,POINT (-81.029425 34.020493)
2025-08-18 16:43:53 UTC,sensor06,236497257,26.87,84.43,2025-08-18 23:33:25+00:00,34.020747,-81.029488,68.0,5.14,-0.1,349.87,9.0,3D,2025-08-18 19:33:25-04:00,POINT (-81.029488 34.020747)
2025-08-18 16:43:58 UTC,sensor06,236497257,26.84,84.69,2025-08-18 23:33:30+00:00,34.020992,-81.02953,67.5,5.38,-0.1,348.39,9.0,3D,2025-08-18 19:33:30-04:00,POINT (-81.02953 34.020992)
2025-08-18 16:44:04 UTC,sensor06,236497257,26.84,84.59,2025-08-18 23:33:35+00:00,34.021168,-81.02967,67.3,5.43,0.0,297.25,9.0,3D,2025-08-18 19:33:35-04:00,POINT (-81.02967 34.021168)
2025-08-18 16:44:09 UTC,sensor06,236497257,26.84,84.05,2025-08-18 23:33:40+00:00,34.021157,-81.029912,66.8,4.47,-0.1,260.01,9.0,3D,2025-08-18 19:33:40-04:00,POINT (-81.029912 34.021157)
2025-08-18 16:44:14 UTC,sensor06,236497257,26.84,84.72,2025-08-18 23:33:45+00:00,34.0211,-81.030145,65.3,4.67,-0.1,248.34,9.0,3D,2025-08-18 19:33:45-04:00,POINT (-81.030145 34.0211)
2025-08-18 16:44:19 UTC,sensor06,236497257,26.82,83.97,2025-08-18 23:33:50+00:00,34.021037,-81.030375,64.6,4.43,-0.1,253.98,9.0,3D,2025-08-18 19:33:50-04:00,POINT (-81.030375 34.021037)
2025-08-18 16:44:24 UTC,sensor06,236497257,26.83,84.8,2025-08-18 23:33:56+00:00,34.020965,-81.030625,63.7,3.06,-0.2,249.51,9.0,3D,2025-08-18 19:33:56-04:00,POINT (-81.030625 34.020965)
2025-08-18 16:44:29 UTC,sensor06,236497257,26.84,84.02,2025-08-18 23:34:01+00:00,34.02092,-81.030795,63.2,4.05,-0.1,252.04,9.0,3D,2025-08-18 19:34:01-04:00,POINT (-81.030795 34.02092)
2025-08-18 16:44:34 UTC,sensor06,236497257,26.86,83.71,2025-08-18 23:34:06+00:00,34.020843,-81.031028,62.7,4.49,0.0,242.01,9.0,3D,2025-08-18 19:34:06-04:00,POINT (-81.031028 34.020843)
2025-08-18 16:44:40 UTC,sensor06,236497257,26.9,83.94,2025-08-18 23:34:11+00:00,34.020777,-81.031242,62.2,4.24,0.0,245.92,9.0,3D,2025-08-18 19:34:11-04:00,POINT (-81.031242 34.020777)
2025-08-18 16:44:45 UTC,sensor06,236497257,26.91,83.73,2025-08-18 23:34:16+00:00,34.020708,-81.031452,61.8,3.93,-0.1,247.73,9.0,3D,2025-08-18 19:34:16-04:00,POINT (-81.031452 34.020708)
2025-08-18 16:44:50 UTC,sensor06,236497257,26.93,83.26,2025-08-18 23:34:21+00:00,34.020663,-81.031668,61.6,3.61,0.0,253.67,9.0,3D,2025-08-18 19:34:21-04:00,POINT (-81.031668 34.020663)
2025-08-18 16:44:55 UTC,sensor06,236497257,26.94,83.02,2025-08-18 23:34:26+00:00,34.02058,-81.031837,61.1,2.85,-0.2,244.23,9.0,3D,2025-08-18 19:34:26-04:00,POINT (-81.031837 34.02058)
2025-08-18 16:45:00 UTC,sensor06,236497257,26.98,83.24,2025-08-18 23:34:32+00:00,34.020417,-81.03192,61.4,3.91,0.2,0.0,9.0,3D,2025-08-18 19:34:32-04:00,POINT (-81.03192 34.020417)
2025-08-18 16:45:05 UTC,sensor06,236497257,26.97,82.89,2025-08-18 23:34:37+00:00,34.020245,-81.031867,62.2,4.07,0.1,0.0,9.0,3D,2025-08-18 19:34:37-04:00,POINT (-81.031867 34.020245)
2025-08-18 16:45:10 UTC,sensor06,236497257,26.96,82.96,2025-08-18 23:34:42+00:00,34.020063,-81.031767,62.3,4.2,0.0,159.07,9.0,3D,2025-08-18 19:34:42-04:00,POINT (-81.031767 34.020063)
2025-08-18 16:45:15 UTC,sensor06,236497257,27.0,83.4,2025-08-18 23:34:47+00:00,34.019897,-81.0317,62.3,3.77,0.0,166.45,9.0,3D,2025-08-18 19:34:47-04:00,POINT (-81.0317 34.019897)
2025-08-18 16:45:20 UTC,sensor06,236497257,27.0,83.94,2025-08-18 23:34:52+00:00,34.019735,-81.031622,62.6,4.09,0.2,162.34,9.0,3D,2025-08-18 19:34:52-04:00,POINT (-81.031622 34.019735)
2025-08-18 16:45:26 UTC,sensor06,236497257,26.98,83.34,2025-08-18 23:34:56+00:00,34.019602,-81.031582,63.1,4.0,0.2,160.2,9.0,3D,2025-08-18 19:34:56-04:00,POINT (-81.031582 34.019602)
2025-08-18 16:45:31 UTC,sensor06,236497257,26.95,83.29,2025-08-18 23:34:56+00:00,34.019602,-81.031582,63.1,4.0,0.2,160.2,9.0,3D,2025-08-18 19:34:56-04:00,POINT (-81.031582 34.019602)
2025-08-18 16:45:36 UTC,sensor06,236497257,26.97,83.04,2025-08-18 23:35:07+00:00,34.019247,-81.031538,64.1,4.13,0.1,239.97,9.0,3D,2025-08-18 19:35:07-04:00,POINT (-81.031538 34.019247)
2025-08-18 16:45:41 UTC,sensor06,236497257,26.98,82.86,2025-08-18 23:35:13+00:00,34.019162,-81.031823,65.0,4.77,0.3,0.0,9.0,3D,2025-08-18 19:35:13-04:00,POINT (-81.031823 34.019162)
2025-08-18 16:45:46 UTC,sensor06,236497257,26.99,83.43,2025-08-18 23:35:18+00:00,34.019068,-81.03206,65.6,4.48,0.0,0.0,9.0,3D,2025-08-18 19:35:18-04:00,POINT (-81.03206 34.019068)
2025-08-18 16:45:51 UTC,sensor06,236497257,27.01,84.1,2025-08-18 23:35:23+00:00,34.019,-81.032215,66.0,2.85,0.1,0.0,9.0,3D,2025-08-18 19:35:23-04:00,POINT (-81.032215 34.019)
2025-08-18 16:45:56 UTC,sensor06,236497257,27.05,84.05,2025-08-18 23:35:28+00:00,34.018973,-81.032357,66.4,3.22,0.0,262.8,9.0,3D,2025-08-18 19:35:28-04:00,POINT (-81.032357 34.018973)
2025-08-18 16:46:01 UTC,sensor06,236497257,27.06,83.56,2025-08-18 23:35:33+00:00,34.018972,-81.032573,67.4,3.29,0.0,250.65,9.0,3D,2025-08-18 19:35:33-04:00,POINT (-81.032573 34.018972)
2025-08-18 16:46:06 UTC,sensor06,236497257,27.05,83.04,2025-08-18 23:35:38+00:00,34.01896,-81.03275,67.7,3.46,0.1,295.17,9.0,3D,2025-08-18 19:35:38-04:00,POINT (-81.03275 34.01896)
2025-08-18 16:46:11 UTC,sensor06,236497257,27.05,83.09,2025-08-18 23:35:43+00:00,34.019108,-81.032872,70.1,5.03,0.1,339.55,9.0,3D,2025-08-18 19:35:43-04:00,POINT (-81.032872 34.019108)
2025-08-18 16:46:16 UTC,sensor06,236497257,27.07,83.06,2025-08-18 23:35:48+00:00,34.01936,-81.032963,70.2,6.46,0.0,342.53,9.0,3D,2025-08-18 19:35:48-04:00,POINT (-81.032963 34.01936)
2025-08-18 16:46:21 UTC,sensor06,236497257,27.0,83.44,2025-08-18 23:35:53+00:00,34.01965,-81.033082,70.1,6.86,0.0,342.62,9.0,3D,2025-08-18 19:35:53-04:00,POINT (-81.033082 34.01965)
2025-08-18 16:46:26 UTC,sensor06,236497257,26.94,85.35,2025-08-18 23:35:58+00:00,34.019947,-81.03322,70.4,6.89,0.1,338.69,9.0,3D,2025-08-18 19:35:58-04:00,POINT (-81.03322 34.019947)
2025-08-18 16:46:31 UTC,sensor06,236497257,26.83,84.57,2025-08-18 23:36:03+00:00,34.020208,-81.033328,70.7,6.0,0.2,337.18,9.0,3D,2025-08-18 19:36:03-04:00,POINT (-81.033328 34.020208)
2025-08-18 16:46:37 UTC,sensor06,236497257,26.81,84.36,2025-08-18 23:36:08+00:00,34.020417,-81.033502,70.9,5.2,0.0,313.2,9.0,3D,2025-08-18 19:36:08-04:00,POINT (-81.033502 34.020417)
2025-08-18 16:46:42 UTC,sensor06,236497257,26.79,84.54,2025-08-18 23:36:13+00:00,34.020588,-81.033683,71.3,4.41,0.1,314.64,9.0,3D,2025-08-18 19:36:13-04:00,POINT (-81.033683 34.020588)
2025-08-18 16:47:02 UTC,sensor06,236497257,26.87,84.17,2025-08-18 23:36:33+00:00,34.020745,-81.033958,72.7,3.34,0.0,247.71,9.0,3D,2025-08-18 19:36:33-04:00,POINT (-81.033958 34.020745)
2025-08-18 16:47:07 UTC,sensor06,236497257,26.89,84.47,2025-08-18 23:36:38+00:00,34.020628,-81.034152,73.1,4.81,0.1,229.9,9.0,3D,2025-08-18 19:36:38-04:00,POINT (-81.034152 34.020628)
2025-08-18 16:47:12 UTC,sensor06,236497257,26.91,84.14,2025-08-18 23:36:43+00:00,34.020483,-81.034357,73.3,4.87,0.0,226.82,9.0,3D,2025-08-18 19:36:43-04:00,POINT (-81.034357 34.020483)
2025-08-18 16:47:17 UTC,sensor06,236497257,26.93,84.39,2025-08-18 23:36:48+00:00,34.020362,-81.034568,73.5,4.62,0.1,253.69,9.0,3D,2025-08-18 19:36:48-04:00,POINT (-81.034568 34.020362)
2025-08-18 16:47:22 UTC,sensor06,236497257,26.98,84.06,2025-08-18 23:36:53+00:00,34.020463,-81.034712,73.9,4.01,0.1,349.68,9.0,3D,2025-08-18 19:36:53-04:00,POINT (-81.034712 34.020463)
2025-08-18 16:47:27 UTC,sensor06,236497257,26.97,83.42,2025-08-18 23:36:56+00:00,34.020575,-81.03473,74.1,3.97,0.1,346.41,9.0,3D,2025-08-18 19:36:56-04:00,POINT (-81.03473 34.020575)
2025-08-18 16:47:32 UTC,sensor06,236497257,26.96,83.56,2025-08-18 23:37:02+00:00,34.020768,-81.034807,74.6,2.98,0.1,340.11,9.0,3D,2025-08-18 19:37:02-04:00,POINT (-81.034807 34.020768)
2025-08-18 16:47:37 UTC,sensor06,236497257,26.97,83.43,2025-08-18 23:37:09+00:00,34.020953,-81.034892,75.4,3.27,0.2,0.0,9.0,3D,2025-08-18 19:37:09-04:00,POINT (-81.034892 34.020953)
2025-08-18 16:47:42 UTC,sensor06,236497257,26.99,83.14,2025-08-18 23:37:14+00:00,34.021082,-81.034983,75.8,3.32,0.2,0.0,4.0,3D,2025-08-18 19:37:14-04:00,POINT (-81.034983 34.021082)
2025-08-18 16:47:47 UTC,sensor06,236497257,26.95,83.44,2025-08-18 23:37:19+00:00,34.021213,-81.035045,76.5,3.03,0.1,0.0,8.0,3D,2025-08-18 19:37:19-04:00,POINT (-81.035045 34.021213)
2025-08-18 16:47:52 UTC,sensor06,236497257,26.94,83.68,2025-08-18 23:37:24+00:00,34.021278,-81.035197,77.1,3.74,0.1,0.0,9.0,3D,2025-08-18 19:37:24-04:00,POINT (-81.035197 34.021278)
2025-08-18 16:47:57 UTC,sensor06,236497257,26.96,84.21,2025-08-18 23:37:29+00:00,34.021267,-81.0354,78.1,3.89,0.3,0.0,9.0,3D,2025-08-18 19:37:29-04:00,POINT (-81.0354 34.021267)
2025-08-18 16:48:02 UTC,sensor06,236497257,26.94,83.55,2025-08-18 23:37:34+00:00,34.021213,-81.035608,78.8,3.77,0.2,250.35,9.0,3D,2025-08-18 19:37:34-04:00,POINT (-81.035608 34.021213)
2025-08-18 16:48:07 UTC,sensor06,236497257,26.94,82.99,2025-08-18 23:37:39+00:00,34.021165,-81.035788,79.9,3.6,0.5,254.21,9.0,3D,2025-08-18 19:37:39-04:00,POINT (-81.035788 34.021165)
2025-08-18 16:48:12 UTC,sensor06,236497257,26.94,83.0,2025-08-18 23:37:44+00:00,34.021125,-81.035983,80.8,3.47,0.1,257.81,9.0,3D,2025-08-18 19:37:44-04:00,POINT (-81.035983 34.021125)
2025-08-18 16:48:17 UTC,sensor06,236497257,26.93,82.67,2025-08-18 23:37:49+00:00,34.021073,-81.036163,81.1,3.33,0.1,249.86,9.0,3D,2025-08-18 19:37:49-04:00,POINT (-81.036163 34.021073)
2025-08-18 16:48:23 UTC,sensor06,236497257,26.95,82.5,2025-08-18 23:37:54+00:00,34.021005,-81.036343,82.4,2.75,0.2,252.63,9.0,3D,2025-08-18 19:37:54-04:00,POINT (-81.036343 34.021005)
2025-08-18 16:48:28 UTC,sensor06,236497257,26.97,82.69,2025-08-18 23:37:59+00:00,34.020943,-81.036497,83.2,2.52,0.1,243.29,9.0,3D,2025-08-18 19:37:59-04:00,POINT (-81.036497 34.020943)
2025-08-18 16:50:09 UTC,sensor06,236497257,27.16,82.24,2025-08-18 23:39:40+00:00,34.020768,-81.03675,86.4,3.62,0.0,245.53,9.0,3D,2025-08-18 19:39:40-04:00,POINT (-81.03675 34.020768)
2025-08-18 16:50:14 UTC,sensor06,236497257,27.17,82.24,2025-08-18 23:39:45+00:00,34.020727,-81.037005,86.2,4.26,0.1,245.98,9.0,3D,2025-08-18 19:39:45-04:00,POINT (-81.037005 34.020727)
2025-08-18 16:50:19 UTC,sensor06,236497257,27.18,82.06,2025-08-18 23:39:50+00:00,34.02065,-81.037237,86.7,4.87,0.1,244.8,9.0,3D,2025-08-18 19:39:50-04:00,POINT (-81.037237 34.02065)
2025-08-18 16:50:24 UTC,sensor06,236497257,27.17,81.92,2025-08-18 23:39:55+00:00,34.02056,-81.0375,86.7,5.67,0.1,241.94,9.0,3D,2025-08-18 19:39:55-04:00,POINT (-81.0375 34.02056)
2025-08-18 16:50:29 UTC,sensor06,236497257,27.17,83.01,2025-08-18 23:40:00+00:00,34.020447,-81.037767,86.6,5.59,0.0,242.48,9.0,3D,2025-08-18 19:40:00-04:00,POINT (-81.037767 34.020447)
2025-08-18 16:50:34 UTC,sensor06,236497257,27.15,82.8,2025-08-18 23:40:05+00:00,34.020313,-81.038032,86.6,5.73,0.1,242.38,9.0,3D,2025-08-18 19:40:05-04:00,POINT (-81.038032 34.020313)
2025-08-18 16:50:39 UTC,sensor06,236497257,27.1,82.74,2025-08-18 23:40:11+00:00,34.020187,-81.038365,87.2,5.48,0.1,0.0,9.0,3D,2025-08-18 19:40:11-04:00,POINT (-81.038365 34.020187)
2025-08-18 16:50:44 UTC,sensor06,236497257,27.1,82.92,2025-08-18 23:40:16+00:00,34.020053,-81.038635,87.6,6.24,0.1,0.0,9.0,3D,2025-08-18 19:40:16-04:00,POINT (-81.038635 34.020053)
2025-08-18 16:50:49 UTC,sensor06,236497257,27.09,82.87,2025-08-18 23:40:21+00:00,34.01992,-81.03892,88.0,5.32,0.0,242.35,9.0,3D,2025-08-18 19:40:21-04:00,POINT (-81.03892 34.01992)
2025-08-18 16:50:54 UTC,sensor06,236497257,27.09,82.64,2025-08-18 23:40:26+00:00,34.01977,-81.039187,86.5,5.04,-0.2,238.51,9.0,3D,2025-08-18 19:40:26-04:00,POINT (-81.039187 34.01977)
2025-08-18 16:50:59 UTC,sensor06,236497257,27.1,82.94,2025-08-18 23:40:31+00:00,34.019653,-81.039435,85.6,4.37,0.0,238.96,9.0,3D,2025-08-18 19:40:31-04:00,POINT (-81.039435 34.019653)
2025-08-18 16:51:04 UTC,sensor06,236497257,27.06,83.65,2025-08-18 23:40:36+00:00,34.019567,-81.039683,84.9,5.16,-0.1,240.61,9.0,3D,2025-08-18 19:40:36-04:00,POINT (-81.039683 34.019567)
2025-08-18 16:51:09 UTC,sensor06,236497257,27.0,83.58,2025-08-18 23:40:41+00:00,34.019463,-81.039928,84.5,4.43,0.1,244.36,9.0,3D,2025-08-18 19:40:41-04:00,POINT (-81.039928 34.019463)
2025-08-18 16:51:14 UTC,sensor06,236497257,26.99,84.03,2025-08-18 23:40:46+00:00,34.019333,-81.0401,84.5,3.83,0.0,201.1,9.0,3D,2025-08-18 19:40:46-04:00,POINT (-81.0401 34.019333)
2025-08-18 16:51:19 UTC,sensor06,236497257,26.97,83.09,2025-08-18 23:40:51+00:00,34.019153,-81.040078,84.4,4.56,0.1,155.95,9.0,3D,2025-08-18 19:40:51-04:00,POINT (-81.040078 34.019153)
2025-08-18 16:51:25 UTC,sensor06,236497257,26.91,82.9,2025-08-18 23:40:56+00:00,34.018905,-81.039948,85.5,5.58,0.4,150.98,9.0,3D,2025-08-18 19:40:56-04:00,POINT (-81.039948 34.018905)
2025-08-18 16:51:30 UTC,sensor06,236497257,26.9,84.17,2025-08-18 23:41:01+00:00,34.018615,-81.039765,86.2,7.46,0.12,149.54,9.0,3D,2025-08-18 19:41:01-04:00,POINT (-81.039765 34.018615)
2025-08-18 16:51:35 UTC,sensor06,236497257,26.89,84.78,2025-08-18 23:41:03+00:00,34.018418,-81.039633,87.9,9.65,0.8,152.55,9.0,3D,2025-08-18 19:41:03-04:00,POINT (-81.039633 34.018418)
2025-08-18 16:51:40 UTC,sensor06,236497257,26.86,84.83,2025-08-18 23:41:11+00:00,34.01779,-81.039265,88.0,7.66,0.0,150.48,9.0,3D,2025-08-18 19:41:11-04:00,POINT (-81.039265 34.01779)
2025-08-18 16:51:45 UTC,sensor06,236497257,26.82,84.85,2025-08-18 23:41:16+00:00,34.01749,-81.039087,88.4,6.62,0.0,159.74,9.0,3D,2025-08-18 19:41:16-04:00,POINT (-81.039087 34.01749)
2025-08-18 16:51:50 UTC,sensor06,236497257,26.82,84.88,2025-08-18 23:41:21+00:00,34.01723,-81.038963,87.3,5.97,0.1,157.98,9.0,3D,2025-08-18 19:41:21-04:00,POINT (-81.038963 34.01723)
2025-08-18 16:51:55 UTC,sensor06,236497257,26.84,84.22,2025-08-18 23:41:26+00:00,34.016953,-81.038845,87.0,6.14,0.0,163.16,9.0,3D,2025-08-18 19:41:26-04:00,POINT (-81.038845 34.016953)
2025-08-18 16:52:00 UTC,sensor06,236497257,26.9,84.09,2025-08-18 23:41:31+00:00,34.016652,-81.038705,87.2,6.72,0.1,161.08,9.0,3D,2025-08-18 19:41:31-04:00,POINT (-81.038705 34.016652)
2025-08-18 16:52:05 UTC,sensor06,236497257,26.91,83.92,2025-08-18 23:41:36+00:00,34.016368,-81.038598,87.3,6.02,0.0,166.67,9.0,3D,2025-08-18 19:41:36-04:00,POINT (-81.038598 34.016368)
2025-08-18 16:52:10 UTC,sensor06,236497257,26.97,83.96,2025-08-18 23:41:42+00:00,34.016088,-81.038468,87.4,5.15,0.1,0.0,9.0,3D,2025-08-18 19:41:42-04:00,POINT (-81.038468 34.016088)
2025-08-18 16:52:15 UTC,sensor06,236497257,26.98,83.5,2025-08-18 23:41:47+00:00,34.015892,-81.038372,88.1,4.58,0.1,0.0,9.0,3D,2025-08-18 19:41:47-04:00,POINT (-81.038372 34.015892)
2025-08-18 16:52:20 UTC,sensor06,236497257,27.03,83.46,2025-08-18 23:41:52+00:00,34.015738,-81.038312,88.7,3.81,0.2,0.0,9.0,3D,2025-08-18 19:41:52-04:00,POINT (-81.038312 34.015738)
2025-08-18 16:52:25 UTC,sensor06,236497257,27.05,83.11,2025-08-18 23:41:57+00:00,34.01558,-81.038242,90.7,3.21,0.4,160.42,9.0,3D,2025-08-18 19:41:57-04:00,POINT (-81.038242 34.01558)
2025-08-18 16:52:30 UTC,sensor06,236497257,27.06,83.06,2025-08-18 23:42:02+00:00,34.015407,-81.038177,94.3,3.46,0.3,165.55,9.0,3D,2025-08-18 19:42:02-04:00,POINT (-81.038177 34.015407)
2025-08-18 16:52:35 UTC,sensor06,236497257,27.11,83.65,2025-08-18 23:42:07+00:00,34.015245,-81.038092,96.3,4.01,0.4,162.92,9.0,3D,2025-08-18 19:42:07-04:00,POINT (-81.038092 34.015245)
2025-08-18 16:52:40 UTC,sensor06,236497257,27.08,83.66,2025-08-18 23:42:12+00:00,34.015045,-81.03798,97.9,4.46,0.2,158.42,9.0,3D,2025-08-18 19:42:12-04:00,POINT (-81.03798 34.015045)
2025-08-18 16:52:45 UTC,sensor06,236497257,27.06,83.74,2025-08-18 23:42:17+00:00,34.014858,-81.037895,98.9,4.73,0.2,159.54,9.0,3D,2025-08-18 19:42:17-04:00,POINT (-81.037895 34.014858)
2025-08-18 16:52:50 UTC,sensor06,236497257,27.02,83.54,2025-08-18 23:42:22+00:00,34.01466,-81.037795,100.0,4.81,0.2,158.89,9.0,3D,2025-08-18 19:42:22-04:00,POINT (-81.037795 34.01466)
2025-08-18 16:52:55 UTC,sensor06,236497257,27.04,83.67,2025-08-18 23:42:27+00:00,34.014465,-81.037687,100.2,4.44,0.1,155.73,9.0,3D,2025-08-18 19:42:27-04:00,POINT (-81.037687 34.014465)
2025-08-18 16:53:00 UTC,sensor06,236497257,27.06,84.01,2025-08-18 23:42:32+00:00,34.014293,-81.037633,98.9,3.1,0.1,170.55,9.0,3D,2025-08-18 19:42:32-04:00,POINT (-81.037633 34.014293)
2025-08-18 16:53:06 UTC,sensor06,236497257,27.04,83.33,2025-08-18 23:42:37+00:00,34.014165,-81.037582,99.6,2.7,0.1,160.6,9.0,3D,2025-08-18 19:42:37-04:00,POINT (-81.037582 34.014165)
2025-08-18 16:53:31 UTC,sensor06,236497257,27.16,82.69,2025-08-18 23:43:02+00:00,34.01394,-81.03748,98.9,3.67,0.02,150.98,9.0,3D,2025-08-18 19:43:02-04:00,POINT (-81.03748 34.01394)
2025-08-18 16:53:36 UTC,sensor06,236497257,27.17,82.13,2025-08-18 23:43:07+00:00,34.01377,-81.037367,98.7,3.81,0.0,160.06,9.0,3D,2025-08-18 19:43:07-04:00,POINT (-81.037367 34.01377)
2025-08-18 16:53:41 UTC,sensor06,236497257,27.21,82.2,2025-08-18 23:43:12+00:00,34.013543,-81.03725,98.8,5.25,0.0,158.09,9.0,3D,2025-08-18 19:43:12-04:00,POINT (-81.03725 34.013543)
2025-08-18 16:53:46 UTC,sensor06,236497257,27.23,82.03,2025-08-18 23:43:17+00:00,34.013295,-81.037145,98.3,5.54,-0.4,161.42,9.0,3D,2025-08-18 19:43:17-04:00,POINT (-81.037145 34.013295)
2025-08-18 16:53:51 UTC,sensor06,236497257,27.26,81.74,2025-08-18 23:43:23+00:00,34.013035,-81.037028,98.1,5.15,0.0,0.0,9.0,3D,2025-08-18 19:43:23-04:00,POINT (-81.037028 34.013035)
2025-08-18 16:53:56 UTC,sensor06,236497257,27.27,81.69,2025-08-18 23:43:28+00:00,34.01282,-81.036925,98.4,3.95,0.1,0.0,9.0,3D,2025-08-18 19:43:28-04:00,POINT (-81.036925 34.01282)
2025-08-18 16:54:01 UTC,sensor06,236497257,27.25,81.37,2025-08-18 23:43:33+00:00,34.012607,-81.036835,98.9,5.05,0.1,0.0,9.0,3D,2025-08-18 19:43:33-04:00,POINT (-81.036835 34.012607)
2025-08-18 16:54:06 UTC,sensor06,236497257,27.33,81.72,2025-08-18 23:43:38+00:00,34.012387,-81.036742,99.2,4.71,0.1,165.02,9.0,3D,2025-08-18 19:43:38-04:00,POINT (-81.036742 34.012387)
2025-08-18 16:54:11 UTC,sensor06,236497257,27.33,81.65,2025-08-18 23:43:43+00:00,34.01214,-81.036637,97.5,4.99,-0.7,163.84,9.0,3D,2025-08-18 19:43:43-04:00,POINT (-81.036637 34.01214)
2025-08-18 16:54:16 UTC,sensor06,236497257,27.4,81.56,2025-08-18 23:43:48+00:00,34.01189,-81.036518,97.4,5.58,0.0,158.5,9.0,3D,2025-08-18 19:43:48-04:00,POINT (-81.036518 34.01189)
2025-08-18 16:54:21 UTC,sensor06,236497257,27.38,81.32,2025-08-18 23:43:53+00:00,34.011665,-81.036438,97.8,4.88,0.1,157.91,9.0,3D,2025-08-18 19:43:53-04:00,POINT (-81.036438 34.011665)
2025-08-18 16:54:26 UTC,sensor06,236497257,27.38,81.76,2025-08-18 23:43:58+00:00,34.011478,-81.036357,98.0,3.6,-0.1,152.63,9.0,3D,2025-08-18 19:43:58-04:00,POINT (-81.036357 34.011478)
2025-08-18 16:54:31 UTC,sensor06,236497257,27.37,81.56,2025-08-18 23:44:03+00:00,34.011365,-81.036317,99.1,2.86,0.3,160.47,9.0,3D,2025-08-18 19:44:03-04:00,POINT (-81.036317 34.011365)
2025-08-18 16:54:36 UTC,sensor06,236497257,27.37,82.04,2025-08-18 23:44:08+00:00,34.011273,-81.03628,99.9,2.47,0.2,155.26,9.0,3D,2025-08-18 19:44:08-04:00,POINT (-81.03628 34.011273)
2025-08-18 16:54:42 UTC,sensor06,236497257,27.42,82.24,2025-08-18 23:44:13+00:00,34.011163,-81.036212,100.6,3.85,0.1,161.67,9.0,3D,2025-08-18 19:44:13-04:00,POINT (-81.036212 34.011163)
2025-08-18 16:54:47 UTC,sensor06,236497257,27.47,82.4,2025-08-18 23:44:18+00:00,34.01097,-81.036128,101.1,4.51,0.1,156.94,9.0,3D,2025-08-18 19:44:18-04:00,POINT (-81.036128 34.01097)
2025-08-18 16:54:52 UTC,sensor06,236497257,27.47,82.03,2025-08-18 23:44:23+00:00,34.010758,-81.036032,101.8,4.75,0.1,160.32,9.0,3D,2025-08-18 19:44:23-04:00,POINT (-81.036032 34.010758)
2025-08-18 16:54:57 UTC,sensor06,236497257,27.47,81.71,2025-08-18 23:44:28+00:00,34.010533,-81.035937,102.5,4.88,0.1,157.3,9.0,3D,2025-08-18 19:44:28-04:00,POINT (-81.035937 34.010533)
2025-08-18 16:55:02 UTC,sensor06,236497257,27.46,81.83,2025-08-18 23:44:33+00:00,34.010322,-81.035845,103.0,4.6,0.1,159.73,9.0,3D,2025-08-18 19:44:33-04:00,POINT (-81.035845 34.010322)
2025-08-18 16:55:07 UTC,sensor06,236497257,27.42,81.68,2025-08-18 23:44:38+00:00,34.010115,-81.035768,103.6,4.43,0.2,167.79,9.0,3D,2025-08-18 19:44:38-04:00,POINT (-81.035768 34.010115)
2025-08-18 16:55:12 UTC,sensor06,236497257,27.39,81.51,2025-08-18 23:44:43+00:00,34.00991,-81.035688,104.9,4.72,0.2,161.32,9.0,3D,2025-08-18 19:44:43-04:00,POINT (-81.035688 34.00991)
2025-08-18 16:55:17 UTC,sensor06,236497257,27.4,81.48,2025-08-18 23:44:48+00:00,34.009693,-81.035592,106.0,5.26,0.2,158.23,9.0,3D,2025-08-18 19:44:48-04:00,POINT (-81.035592 34.009693)
2025-08-18 16:55:22 UTC,sensor06,236497257,27.36,81.2,2025-08-18 23:44:53+00:00,34.00945,-81.035478,106.7,5.48,0.2,157.63,9.0,3D,2025-08-18 19:44:53-04:00,POINT (-81.035478 34.00945)
2025-08-18 16:55:27 UTC,sensor06,236497257,27.33,81.46,2025-08-18 23:44:57+00:00,34.009252,-81.035385,107.4,5.78,0.2,159.85,9.0,3D,2025-08-18 19:44:57-04:00,POINT (-81.035385 34.009252)
2025-08-18 16:55:32 UTC,sensor06,236497257,27.34,81.41,2025-08-18 23:45:03+00:00,34.008955,-81.03524,108.1,5.76,0.0,155.72,9.0,3D,2025-08-18 19:45:03-04:00,POINT (-81.03524 34.008955)
2025-08-18 16:55:37 UTC,sensor06,236497257,27.35,81.05,2025-08-18 23:45:09+00:00,34.008738,-81.035145,108.2,2.92,-0.1,0.0,9.0,3D,2025-08-18 19:45:09-04:00,POINT (-81.035145 34.008738)
2025-08-18 16:55:47 UTC,sensor06,236497257,27.34,81.13,2025-08-18 23:45:18+00:00,34.008605,-81.035105,109.9,3.01,0.2,160.43,9.0,3D,2025-08-18 19:45:18-04:00,POINT (-81.035105 34.008605)
2025-08-18 16:55:52 UTC,sensor06,236497257,27.37,81.45,2025-08-18 23:45:24+00:00,34.008383,-81.035007,110.5,5.27,0.1,0.0,9.0,3D,2025-08-18 19:45:24-04:00,POINT (-81.035007 34.008383)
2025-08-18 16:55:57 UTC,sensor06,236497257,27.42,81.71,2025-08-18 23:45:29+00:00,34.008138,-81.034895,110.6,6.01,0.0,0.0,9.0,3D,2025-08-18 19:45:29-04:00,POINT (-81.034895 34.008138)
2025-08-18 16:56:02 UTC,sensor06,236497257,27.45,81.36,2025-08-18 23:45:34+00:00,34.007892,-81.034795,110.6,5.03,-0.1,163.92,9.0,3D,2025-08-18 19:45:34-04:00,POINT (-81.034795 34.007892)
2025-08-18 16:56:07 UTC,sensor06,236497257,27.44,80.22,2025-08-18 23:45:39+00:00,34.007615,-81.03468,110.4,5.73,-0.1,154.99,9.0,3D,2025-08-18 19:45:39-04:00,POINT (-81.03468 34.007615)
2025-08-18 16:56:12 UTC,sensor06,236497257,27.44,79.9,2025-08-18 23:45:44+00:00,34.007245,-81.034345,111.6,6.35,0.8,160.33,9.0,3D,2025-08-18 19:45:44-04:00,POINT (-81.034345 34.007245)
2025-08-18 16:56:17 UTC,sensor06,236497257,27.42,79.02,2025-08-18 23:45:49+00:00,34.006988,-81.03423,113.0,6.13,0.2,159.01,9.0,3D,2025-08-18 19:45:49-04:00,POINT (-81.03423 34.006988)
2025-08-18 16:56:23 UTC,sensor06,236497257,27.38,78.67,2025-08-18 23:45:54+00:00,34.006738,-81.034147,114.1,6.16,0.2,161.0,9.0,3D,2025-08-18 19:45:54-04:00,POINT (-81.034147 34.006738)
2025-08-18 16:56:28 UTC,sensor06,236497257,27.4,79.29,2025-08-18 23:45:59+00:00,34.006485,-81.034078,115.0,5.46,0.1,161.47,9.0,3D,2025-08-18 19:45:59-04:00,POINT (-81.034078 34.006485)
2025-08-18 16:56:33 UTC,sensor06,236497257,27.42,79.62,2025-08-18 23:46:04+00:00,34.006242,-81.033997,115.1,5.54,0.0,162.19,9.0,3D,2025-08-18 19:46:04-04:00,POINT (-81.033997 34.006242)
2025-08-18 16:56:38 UTC,sensor06,236497257,27.42,79.59,2025-08-18 23:46:09+00:00,34.006018,-81.033905,115.6,4.0,0.3,156.55,9.0,3D,2025-08-18 19:46:09-04:00,POINT (-81.033905 34.006018)
2025-08-18 16:56:43 UTC,sensor06,236497257,27.45,79.71,2025-08-18 23:46:14+00:00,34.005937,-81.033785,118.4,2.34,0.4,176.08,9.0,3D,2025-08-18 19:46:14-04:00,POINT (-81.033785 34.005937)
2025-08-18 16:56:48 UTC,sensor06,236497257,27.44,79.93,2025-08-18 23:46:19+00:00,34.005818,-81.033757,119.7,3.3,0.1,159.0,9.0,3D,2025-08-18 19:46:19-04:00,POINT (-81.033757 34.005818)
2025-08-18 16:56:53 UTC,sensor06,236497257,27.39,80.05,2025-08-18 23:46:24+00:00,34.005712,-81.033712,119.9,3.61,0.0,150.47,9.0,3D,2025-08-18 19:46:24-04:00,POINT (-81.033712 34.005712)
2025-08-18 16:56:58 UTC,sensor06,236497257,27.42,80.07,2025-08-18 23:46:29+00:00,34.005527,-81.033597,120.6,4.23,0.4,163.9,9.0,3D,2025-08-18 19:46:29-04:00,POINT (-81.033597 34.005527)
2025-08-18 16:57:03 UTC,sensor06,236497257,27.38,80.11,2025-08-18 23:46:34+00:00,34.005325,-81.033422,123.6,4.6,0.4,158.12,9.0,3D,2025-08-18 19:46:34-04:00,POINT (-81.033422 34.005325)
2025-08-18 16:57:08 UTC,sensor06,236497257,27.36,80.15,2025-08-18 23:46:40+00:00,34.005017,-81.033255,127.3,6.81,0.9,0.0,9.0,3D,2025-08-18 19:46:40-04:00,POINT (-81.033255 34.005017)
2025-08-18 16:57:13 UTC,sensor06,236497257,27.33,80.16,2025-08-18 23:46:45+00:00,34.00477,-81.033102,128.8,6.34,0.2,0.0,9.0,3D,2025-08-18 19:46:45-04:00,POINT (-81.033102 34.00477)
2025-08-18 16:57:18 UTC,sensor06,236497257,27.31,80.26,2025-08-18 23:46:50+00:00,34.004613,-81.033037,129.7,2.7,0.1,0.0,9.0,3D,2025-08-18 19:46:50-04:00,POINT (-81.033037 34.004613)
2025-08-18 16:57:33 UTC,sensor06,236497257,27.3,80.31,2025-08-18 23:47:05+00:00,34.004442,-81.033078,128.0,3.23,-0.5,152.98,9.0,3D,2025-08-18 19:47:05-04:00,POINT (-81.033078 34.004442)
2025-08-18 16:57:38 UTC,sensor06,236497257,27.31,79.57,2025-08-18 23:47:10+00:00,34.004257,-81.033018,125.9,4.86,-0.4,155.26,9.0,3D,2025-08-18 19:47:10-04:00,POINT (-81.033018 34.004257)
2025-08-18 16:57:43 UTC,sensor06,236497257,27.31,79.85,2025-08-18 23:47:15+00:00,34.004035,-81.032938,123.8,4.57,-0.2,161.68,9.0,3D,2025-08-18 19:47:15-04:00,POINT (-81.032938 34.004035)
2025-08-18 16:57:48 UTC,sensor06,236497257,27.32,79.31,2025-08-18 23:47:20+00:00,34.00381,-81.03285,122.4,4.49,-0.4,164.19,9.0,3D,2025-08-18 19:47:20-04:00,POINT (-81.03285 34.00381)
2025-08-18 16:57:53 UTC,sensor06,236497257,27.34,79.02,2025-08-18 23:47:25+00:00,34.003598,-81.032783,120.9,5.02,-0.2,161.82,9.0,3D,2025-08-18 19:47:25-04:00,POINT (-81.032783 34.003598)
2025-08-18 16:57:59 UTC,sensor06,236497257,27.29,78.83,2025-08-18 23:47:30+00:00,34.00341,-81.032715,120.0,4.37,-0.2,154.48,9.0,3D,2025-08-18 19:47:30-04:00,POINT (-81.032715 34.00341)
2025-08-18 16:58:34 UTC,sensor06,236497257,27.33,78.72,2025-08-18 23:48:05+00:00,34.003098,-81.032613,117.7,3.88,0.0,156.39,9.0,3D,2025-08-18 19:48:05-04:00,POINT (-81.032613 34.003098)
2025-08-18 16:58:39 UTC,sensor06,236497257,27.33,78.75,2025-08-18 23:48:10+00:00,34.002912,-81.032528,117.8,4.29,0.0,162.99,9.0,3D,2025-08-18 19:48:10-04:00,POINT (-81.032528 34.002912)
2025-08-18 16:58:44 UTC,sensor06,236497257,27.35,79.0,2025-08-18 23:48:16+00:00,34.002668,-81.03242,118.1,4.07,0.1,0.0,9.0,3D,2025-08-18 19:48:16-04:00,POINT (-81.03242 34.002668)
2025-08-18 16:58:49 UTC,sensor06,236497257,27.35,79.02,2025-08-18 23:48:21+00:00,34.002482,-81.032353,118.5,4.07,0.1,0.0,9.0,3D,2025-08-18 19:48:21-04:00,POINT (-81.032353 34.002482)
2025-08-18 16:58:54 UTC,sensor06,236497257,27.35,79.05,2025-08-18 23:48:26+00:00,34.002335,-81.032318,119.0,3.15,0.1,0.0,9.0,3D,2025-08-18 19:48:26-04:00,POINT (-81.032318 34.002335)
2025-08-18 16:58:59 UTC,sensor06,236497257,27.32,78.61,2025-08-18 23:48:31+00:00,34.002177,-81.032222,119.5,3.79,0.1,154.65,9.0,3D,2025-08-18 19:48:31-04:00,POINT (-81.032222 34.002177)
2025-08-18 16:59:04 UTC,sensor06,236497257,27.29,77.93,2025-08-18 23:48:36+00:00,34.00203,-81.032122,120.5,2.89,0.2,153.82,9.0,3D,2025-08-18 19:48:36-04:00,POINT (-81.032122 34.00203)
2025-08-18 16:59:14 UTC,sensor06,236497257,27.22,77.88,2025-08-18 23:48:46+00:00,34.001893,-81.032027,122.0,2.48,0.1,162.04,9.0,3D,2025-08-18 19:48:46-04:00,POINT (-81.032027 34.001893)
2025-08-18 16:59:19 UTC,sensor06,236497257,27.29,79.02,2025-08-18 23:48:51+00:00,34.001747,-81.031978,122.9,4.87,0.2,160.33,10.0,3D,2025-08-18 19:48:51-04:00,POINT (-81.031978 34.001747)
2025-08-18 16:59:24 UTC,sensor06,236497257,27.26,81.17,2025-08-18 23:48:56+00:00,34.00157,-81.031937,124.7,5.29,0.3,161.87,10.0,3D,2025-08-18 19:48:56-04:00,POINT (-81.031937 34.00157)
2025-08-18 16:59:29 UTC,sensor06,236497257,27.2,81.57,2025-08-18 23:48:58+00:00,34.001483,-81.031893,125.1,5.45,0.2,158.52,10.0,3D,2025-08-18 19:48:58-04:00,POINT (-81.031893 34.001483)
2025-08-18 16:59:34 UTC,sensor06,236497257,27.18,81.45,2025-08-18 23:49:06+00:00,34.001047,-81.031642,126.8,6.84,0.2,156.18,10.0,3D,2025-08-18 19:49:06-04:00,POINT (-81.031642 34.001047)
2025-08-18 16:59:40 UTC,sensor06,236497257,27.16,80.35,2025-08-18 23:49:11+00:00,34.000715,-81.031455,127.5,7.21,0.0,157.03,10.0,3D,2025-08-18 19:49:11-04:00,POINT (-81.031455 34.000715)
2025-08-18 16:59:45 UTC,sensor06,236497257,27.18,80.04,2025-08-18 23:49:16+00:00,34.000375,-81.031292,127.2,7.7,0.0,159.15,10.0,3D,2025-08-18 19:49:16-04:00,POINT (-81.031292 34.000375)
2025-08-18 16:59:50 UTC,sensor06,236497257,27.1,80.59,2025-08-18 23:49:21+00:00,34.000005,-81.031185,125.5,6.76,-1.1,159.21,10.0,3D,2025-08-18 19:49:21-04:00,POINT (-81.031185 34.000005)
2025-08-18 16:59:55 UTC,sensor06,236497257,27.13,81.43,2025-08-18 23:49:26+00:00,33.999692,-81.031047,126.3,6.67,0.0,159.04,10.0,3D,2025-08-18 19:49:26-04:00,POINT (-81.031047 33.999692)
2025-08-18 17:00:00 UTC,sensor06,236497257,27.11,81.62,2025-08-18 23:49:31+00:00,33.999443,-81.030907,126.4,5.64,0.0,155.03,10.0,3D,2025-08-18 19:49:31-04:00,POINT (-81.030907 33.999443)
2025-08-18 17:00:05 UTC,sensor06,236497257,27.08,81.74,2025-08-18 23:49:36+00:00,33.999228,-81.030818,126.2,5.09,-0.2,157.78,10.0,3D,2025-08-18 19:49:36-04:00,POINT (-81.030818 33.999228)
2025-08-18 17:00:10 UTC,sensor06,236497257,27.03,82.31,2025-08-18 23:49:41+00:00,33.999072,-81.03058,124.2,5.62,-0.6,101.17,10.0,3D,2025-08-18 19:49:41-04:00,POINT (-81.03058 33.999072)
2025-08-18 17:00:15 UTC,sensor06,236497257,26.98,83.04,2025-08-18 23:49:46+00:00,33.999137,-81.030277,122.2,6.16,-0.7,69.21,10.0,3D,2025-08-18 19:49:46-04:00,POINT (-81.030277 33.999137)
2025-08-18 17:00:20 UTC,sensor06,236497257,26.95,83.57,2025-08-18 23:49:51+00:00,33.999213,-81.030015,119.6,5.67,-0.6,68.01,10.0,3D,2025-08-18 19:49:51-04:00,POINT (-81.030015 33.999213)
2025-08-18 17:00:25 UTC,sensor06,236497257,26.92,83.46,2025-08-18 23:49:56+00:00,33.999313,-81.029742,117.1,5.27,-0.4,72.18,10.0,3D,2025-08-18 19:49:56-04:00,POINT (-81.029742 33.999313)
2025-08-18 17:00:30 UTC,sensor06,236497257,26.89,83.79,2025-08-18 23:50:02+00:00,33.999452,-81.029418,112.4,5.43,-0.2,0.0,10.0,3D,2025-08-18 19:50:02-04:00,POINT (-81.029418 33.999452)
2025-08-18 17:00:35 UTC,sensor06,236497257,26.85,83.85,2025-08-18 23:50:07+00:00,33.999573,-81.029208,111.4,4.13,-0.2,0.0,10.0,3D,2025-08-18 19:50:07-04:00,POINT (-81.029208 33.999573)
2025-08-18 17:00:40 UTC,sensor06,236497257,26.75,83.9,2025-08-18 23:50:12+00:00,33.999668,-81.028972,110.7,5.0,-0.1,0.0,10.0,3D,2025-08-18 19:50:12-04:00,POINT (-81.028972 33.999668)
2025-08-18 17:00:45 UTC,sensor06,236497257,26.73,84.51,2025-08-18 23:50:17+00:00,33.999735,-81.028692,109.6,4.69,-0.2,75.75,10.0,3D,2025-08-18 19:50:17-04:00,POINT (-81.028692 33.999735)
2025-08-18 17:00:50 UTC,sensor06,236497257,26.69,85.13,2025-08-18 23:50:22+00:00,33.999798,-81.02845,109.0,4.22,-0.2,66.69,10.0,3D,2025-08-18 19:50:22-04:00,POINT (-81.02845 33.999798)
2025-08-18 17:00:55 UTC,sensor06,236497257,26.63,84.91,2025-08-18 23:50:27+00:00,33.999847,-81.028225,108.4,3.82,-0.1,75.08,10.0,3D,2025-08-18 19:50:27-04:00,POINT (-81.028225 33.999847)
2025-08-18 17:01:00 UTC,sensor06,236497257,26.58,84.57,2025-08-18 23:50:32+00:00,33.999853,-81.027965,107.6,3.95,-0.1,69.83,10.0,3D,2025-08-18 19:50:32-04:00,POINT (-81.027965 33.999853)
2025-08-18 17:01:05 UTC,sensor06,236497257,26.53,84.25,2025-08-18 23:50:37+00:00,33.999933,-81.027713,107.4,4.13,0.0,62.04,10.0,3D,2025-08-18 19:50:37-04:00,POINT (-81.027713 33.999933)
2025-08-18 17:01:10 UTC,sensor06,236497257,26.49,84.56,2025-08-18 23:50:42+00:00,34.000012,-81.027467,106.6,4.65,-0.2,70.76,10.0,3D,2025-08-18 19:50:42-04:00,POINT (-81.027467 34.000012)
2025-08-18 17:01:15 UTC,sensor06,236497257,26.45,84.82,2025-08-18 23:50:47+00:00,34.000122,-81.027157,105.6,5.47,-0.3,63.27,10.0,3D,2025-08-18 19:50:47-04:00,POINT (-81.027157 34.000122)
2025-08-18 17:01:21 UTC,sensor06,236497257,26.39,85.16,2025-08-18 23:50:52+00:00,34.000242,-81.026798,104.7,6.55,-0.1,62.72,10.0,3D,2025-08-18 19:50:52-04:00,POINT (-81.026798 34.000242)
2025-08-18 17:01:26 UTC,sensor06,236497257,26.33,84.85,2025-08-18 23:50:57+00:00,34.000372,-81.026532,104.1,5.43,0.1,71.1,10.0,3D,2025-08-18 19:50:57-04:00,POINT (-81.026532 34.000372)
2025-08-18 17:01:31 UTC,sensor06,236497257,26.32,84.62,2025-08-18 23:51:02+00:00,34.000433,-81.026273,104.0,3.83,-0.07,72.95,10.0,3D,2025-08-18 19:51:02-04:00,POINT (-81.026273 34.000433)
2025-08-18 17:01:36 UTC,sensor06,236497257,26.34,85.09,2025-08-18 23:51:07+00:00,34.000448,-81.026073,104.6,2.38,0.17,68.97,10.0,3D,2025-08-18 19:51:07-04:00,POINT (-81.026073 34.000448)
2025-08-18 17:01:41 UTC,sensor06,236497257,26.38,85.27,2025-08-18 23:51:12+00:00,34.000493,-81.025875,105.1,4.34,-0.1,61.31,10.0,3D,2025-08-18 19:51:12-04:00,POINT (-81.025875 34.000493)
2025-08-18 17:01:46 UTC,sensor06,236497257,26.34,85.57,2025-08-18 23:51:17+00:00,34.00058,-81.0256,104.1,5.88,-0.3,68.41,10.0,3D,2025-08-18 19:51:17-04:00,POINT (-81.0256 34.00058)
2025-08-18 17:01:51 UTC,sensor06,236497257,26.31,85.76,2025-08-18 23:51:22+00:00,34.000697,-81.025305,104.8,6.13,0.6,58.33,10.0,3D,2025-08-18 19:51:22-04:00,POINT (-81.025305 34.000697)
2025-08-18 17:01:56 UTC,sensor06,236497257,26.27,85.79,2025-08-18 23:51:27+00:00,34.000792,-81.02496,106.0,6.57,0.0,69.02,10.0,3D,2025-08-18 19:51:27-04:00,POINT (-81.02496 34.000792)
2025-08-18 17:02:01 UTC,sensor06,236497257,26.21,86.07,2025-08-18 23:51:32+00:00,34.00089,-81.02464,105.7,6.44,-0.2,69.81,10.0,3D,2025-08-18 19:51:32-04:00,POINT (-81.02464 34.00089)
2025-08-18 17:02:06 UTC,sensor06,236497257,26.18,86.2,2025-08-18 23:51:38+00:00,34.000957,-81.02424,106.3,6.61,0.3,0.0,10.0,3D,2025-08-18 19:51:38-04:00,POINT (-81.02424 34.000957)
2025-08-18 17:02:11 UTC,sensor06,236497257,26.14,86.29,2025-08-18 23:51:43+00:00,34.001078,-81.023935,105.8,5.75,-0.1,0.0,10.0,3D,2025-08-18 19:51:43-04:00,POINT (-81.023935 34.001078)
2025-08-18 17:02:16 UTC,sensor06,236497257,26.15,86.79,2025-08-18 23:51:48+00:00,34.001197,-81.023605,104.9,5.79,-0.4,68.64,10.0,3D,2025-08-18 19:51:48-04:00,POINT (-81.023605 34.001197)
2025-08-18 17:02:21 UTC,sensor06,236497257,26.12,87.33,2025-08-18 23:51:53+00:00,34.001318,-81.023333,103.8,5.9,-0.3,62.13,10.0,3D,2025-08-18 19:51:53-04:00,POINT (-81.023333 34.001318)
2025-08-18 17:02:26 UTC,sensor06,236497257,26.07,87.17,2025-08-18 23:51:58+00:00,34.001388,-81.023055,100.1,4.59,-2.0,69.51,10.0,3D,2025-08-18 19:51:58-04:00,POINT (-81.023055 34.001388)
2025-08-18 17:02:31 UTC,sensor06,236497257,26.02,87.6,2025-08-18 23:52:03+00:00,34.00148,-81.022832,98.4,4.4,-0.5,63.97,10.0,3D,2025-08-18 19:52:03-04:00,POINT (-81.022832 34.00148)
2025-08-18 17:02:36 UTC,sensor06,236497257,26.01,88.03,2025-08-18 23:52:08+00:00,34.001585,-81.022562,97.4,5.27,-0.2,64.45,10.0,3D,2025-08-18 19:52:08-04:00,POINT (-81.022562 34.001585)
2025-08-18 17:02:41 UTC,sensor06,236497257,25.98,88.5,2025-08-18 23:52:13+00:00,34.001682,-81.022243,96.6,5.29,-0.2,63.06,10.0,3D,2025-08-18 19:52:13-04:00,POINT (-81.022243 34.001682)
2025-08-18 17:02:46 UTC,sensor06,236497257,25.95,88.71,2025-08-18 23:52:18+00:00,34.001782,-81.021915,95.8,5.6,-0.1,67.03,10.0,3D,2025-08-18 19:52:18-04:00,POINT (-81.021915 34.001782)
2025-08-18 17:02:52 UTC,sensor06,236497257,25.91,88.4,2025-08-18 23:52:23+00:00,34.001895,-81.021612,94.8,5.3,-0.2,67.34,10.0,3D,2025-08-18 19:52:23-04:00,POINT (-81.021612 34.001895)
2025-08-18 17:02:57 UTC,sensor06,236497257,25.88,88.63,2025-08-18 23:52:28+00:00,34.001972,-81.021308,95.0,5.17,-0.1,64.87,10.0,3D,2025-08-18 19:52:28-04:00,POINT (-81.021308 34.001972)
2025-08-18 17:03:02 UTC,sensor06,236497257,25.87,88.64,2025-08-18 23:52:33+00:00,34.002055,-81.021028,95.3,5.27,0.3,63.24,10.0,3D,2025-08-18 19:52:33-04:00,POINT (-81.021028 34.002055)
2025-08-18 17:03:07 UTC,sensor06,236497257,25.89,88.75,2025-08-18 23:52:38+00:00,34.002165,-81.02068,94.8,5.93,-0.2,65.65,10.0,3D,2025-08-18 19:52:38-04:00,POINT (-81.02068 34.002165)
2025-08-18 17:03:12 UTC,sensor06,236497257,25.88,88.94,2025-08-18 23:52:43+00:00,34.002277,-81.020373,94.5,6.53,0.1,69.72,10.0,3D,2025-08-18 19:52:43-04:00,POINT (-81.020373 34.002277)
2025-08-18 17:03:17 UTC,sensor06,236497257,25.85,88.37,2025-08-18 23:52:48+00:00,34.002368,-81.020097,93.8,4.79,-0.2,77.89,10.0,3D,2025-08-18 19:52:48-04:00,POINT (-81.020097 34.002368)
2025-08-18 17:03:22 UTC,sensor06,236497257,25.84,88.95,2025-08-18 23:52:53+00:00,34.002227,-81.019807,95.1,6.05,-0.1,155.31,10.0,3D,2025-08-18 19:52:53-04:00,POINT (-81.019807 34.002227)
2025-08-18 17:03:27 UTC,sensor06,236497257,25.88,88.75,2025-08-18 23:52:58+00:00,34.0019,-81.019677,95.4,7.8,0.1,160.66,10.0,3D,2025-08-18 19:52:58-04:00,POINT (-81.019677 34.0019)
2025-08-18 17:03:32 UTC,sensor06,236497257,25.88,89.24,2025-08-18 23:53:03+00:00,34.001502,-81.019468,95.4,8.91,0.0,159.52,10.0,3D,2025-08-18 19:53:03-04:00,POINT (-81.019468 34.001502)
2025-08-18 17:03:37 UTC,sensor06,236497257,25.98,89.49,2025-08-18 23:53:08+00:00,34.001107,-81.019287,93.7,8.94,-0.4,158.97,10.0,3D,2025-08-18 19:53:08-04:00,POINT (-81.019287 34.001107)
2025-08-18 17:03:42 UTC,sensor06,236497257,25.92,89.41,2025-08-18 23:53:14+00:00,34.000645,-81.019095,90.6,7.75,-0.4,0.0,10.0,3D,2025-08-18 19:53:14-04:00,POINT (-81.019095 34.000645)
2025-08-18 17:03:47 UTC,sensor06,236497257,25.92,89.48,2025-08-18 23:53:19+00:00,34.000307,-81.018972,91.1,10.15,1.4,0.0,10.0,3D,2025-08-18 19:53:19-04:00,POINT (-81.018972 34.000307)
2025-08-18 17:03:52 UTC,sensor06,236497257,25.96,89.81,2025-08-18 23:53:24+00:00,34.00004,-81.018868,90.4,5.68,-0.1,0.0,4.0,3D,2025-08-18 19:53:24-04:00,POINT (-81.018868 34.00004)
2025-08-18 17:03:57 UTC,sensor06,236497257,25.98,89.8,2025-08-18 23:53:29+00:00,33.999842,-81.01888,89.8,2.45,-0.1,0.0,4.0,3D,2025-08-18 19:53:29-04:00,POINT (-81.01888 33.999842)
2025-08-18 17:04:43 UTC,sensor06,236497257,26.06,89.49,2025-08-18 23:54:14+00:00,33.99971,-81.018813,90.0,3.63,0.1,105.01,10.0,3D,2025-08-18 19:54:14-04:00,POINT (-81.018813 33.99971)
2025-08-18 17:04:48 UTC,sensor06,236497257,26.15,89.27,2025-08-18 23:54:19+00:00,33.999755,-81.018593,90.0,4.99,0.0,65.39,10.0,3D,2025-08-18 19:54:19-04:00,POINT (-81.018593 33.999755)
2025-08-18 17:04:53 UTC,sensor06,236497257,26.21,88.91,2025-08-18 23:54:24+00:00,33.999845,-81.01824,89.6,6.48,0.0,69.44,10.0,3D,2025-08-18 19:54:24-04:00,POINT (-81.01824 33.999845)
2025-08-18 17:04:58 UTC,sensor06,236497257,26.25,88.02,2025-08-18 23:54:29+00:00,33.999957,-81.017878,88.7,6.62,-0.2,71.53,10.0,3D,2025-08-18 19:54:29-04:00,POINT (-81.017878 33.999957)
2025-08-18 17:05:03 UTC,sensor06,236497257,26.26,87.82,2025-08-18 23:54:34+00:00,34.000072,-81.01756,86.9,6.5,-0.3,72.57,10.0,3D,2025-08-18 19:54:34-04:00,POINT (-81.01756 34.000072)
2025-08-18 17:05:08 UTC,sensor06,236497257,26.32,87.66,2025-08-18 23:54:39+00:00,34.00025,-81.017295,87.4,5.39,0.2,72.43,10.0,3D,2025-08-18 19:54:39-04:00,POINT (-81.017295 34.00025)
2025-08-18 17:05:13 UTC,sensor06,236497257,26.38,86.87,2025-08-18 23:54:44+00:00,34.000317,-81.017053,86.3,4.54,-0.5,71.67,10.0,3D,2025-08-18 19:54:44-04:00,POINT (-81.017053 34.000317)
2025-08-18 17:05:53 UTC,sensor06,236497257,26.67,84.58,2025-08-18 23:55:25+00:00,34.000335,-81.016692,82.8,2.67,-0.3,67.7,10.0,3D,2025-08-18 19:55:25-04:00,POINT (-81.016692 34.000335)
2025-08-18 17:05:58 UTC,sensor06,236497257,26.77,84.23,2025-08-18 23:55:30+00:00,34.000395,-81.016475,82.7,4.79,0.0,63.16,10.0,3D,2025-08-18 19:55:30-04:00,POINT (-81.016475 34.000395)
2025-08-18 17:06:04 UTC,sensor06,236497257,26.88,84.43,2025-08-18 23:55:35+00:00,34.000485,-81.01621,82.4,5.4,-0.1,66.92,10.0,3D,2025-08-18 19:55:35-04:00,POINT (-81.01621 34.000485)
2025-08-18 17:06:09 UTC,sensor06,236497257,26.93,84.33,2025-08-18 23:55:40+00:00,34.000577,-81.015917,82.0,5.72,-0.1,68.44,10.0,3D,2025-08-18 19:55:40-04:00,POINT (-81.015917 34.000577)
2025-08-18 17:06:14 UTC,sensor06,236497257,26.95,84.38,2025-08-18 23:55:45+00:00,34.000662,-81.015648,81.6,5.31,0.0,68.12,10.0,3D,2025-08-18 19:55:45-04:00,POINT (-81.015648 34.000662)
2025-08-18 17:06:19 UTC,sensor06,236497257,26.87,84.01,2025-08-18 23:55:50+00:00,34.000762,-81.015405,81.4,4.93,0.0,65.61,10.0,3D,2025-08-18 19:55:50-04:00,POINT (-81.015405 34.000762)
2025-08-18 17:06:24 UTC,sensor06,236497257,26.83,85.0,2025-08-18 23:55:55+00:00,34.000807,-81.015158,80.7,4.35,-0.2,79.16,10.0,3D,2025-08-18 19:55:55-04:00,POINT (-81.015158 34.000807)
2025-08-18 17:06:29 UTC,sensor06,236497257,26.74,85.8,2025-08-18 23:56:00+00:00,34.000882,-81.014918,80.4,4.54,0.1,41.21,10.0,3D,2025-08-18 19:56:00-04:00,POINT (-81.014918 34.000882)
2025-08-18 17:06:39 UTC,sensor06,236497257,26.64,86.86,2025-08-18 23:56:10+00:00,34.001065,-81.014593,82.1,3.41,0.4,19.1,10.0,3D,2025-08-18 19:56:10-04:00,POINT (-81.014593 34.001065)
2025-08-18 17:06:44 UTC,sensor06,236497257,26.51,87.08,2025-08-18 23:56:15+00:00,34.001192,-81.014435,82.7,3.99,0.0,46.1,10.0,3D,2025-08-18 19:56:15-04:00,POINT (-81.014435 34.001192)
2025-08-18 17:06:49 UTC,sensor06,236497257,26.45,86.7,2025-08-18 23:56:20+00:00,34.001307,-81.014232,83.2,4.75,-0.2,62.82,10.0,3D,2025-08-18 19:56:20-04:00,POINT (-81.014232 34.001307)
2025-08-18 17:06:54 UTC,sensor06,236497257,26.35,87.45,2025-08-18 23:56:26+00:00,34.001457,-81.013998,82.4,4.62,-0.3,0.0,10.0,3D,2025-08-18 19:56:26-04:00,POINT (-81.013998 34.001457)
2025-08-18 17:06:59 UTC,sensor06,236497257,26.31,88.44,2025-08-18 23:56:31+00:00,34.001585,-81.01379,82.0,4.62,0.0,0.0,10.0,3D,2025-08-18 19:56:31-04:00,POINT (-81.01379 34.001585)
2025-08-18 17:07:04 UTC,sensor06,236497257,26.24,88.59,2025-08-18 23:56:36+00:00,34.001733,-81.0136,81.3,4.53,-0.1,0.0,10.0,3D,2025-08-18 19:56:36-04:00,POINT (-81.0136 34.001733)
2025-08-18 17:07:14 UTC,sensor06,236497257,26.12,88.68,2025-08-18 23:56:46+00:00,34.00195,-81.013387,80.2,2.57,-0.2,33.97,10.0,3D,2025-08-18 19:56:46-04:00,POINT (-81.013387 34.00195)
2025-08-18 17:07:24 UTC,sensor06,236497257,26.09,89.43,2025-08-18 23:56:56+00:00,34.002145,-81.013225,78.8,2.4,-0.1,39.91,10.0,3D,2025-08-18 19:56:56-04:00,POINT (-81.013225 34.002145)
2025-08-18 15:06:11 UTC,sensor07,236476538,25.66,86.93,2025-08-18 22:57:15+00:00,33.997992,-81.037873,67.4,3.06,-0.6,150.75,12.0,3D,2025-08-18 18:57:15-04:00,POINT (-81.037873 33.997992)
2025-08-18 15:06:16 UTC,sensor07,236476538,26.01,85.86,2025-08-18 22:57:20+00:00,33.9978,-81.037808,65.9,4.55,-0.1,158.06,12.0,3D,2025-08-18 18:57:20-04:00,POINT (-81.037808 33.9978)
2025-08-18 15:06:21 UTC,sensor07,236476538,26.32,85.29,2025-08-18 22:57:22+00:00,33.997707,-81.037775,64.9,4.62,-0.2,160.89,12.0,3D,2025-08-18 18:57:22-04:00,POINT (-81.037775 33.997707)
2025-08-18 15:06:26 UTC,sensor07,236476538,26.7,83.66,2025-08-18 22:57:28+00:00,33.997397,-81.0376,67.1,6.87,0.3,0.0,12.0,3D,2025-08-18 18:57:28-04:00,POINT (-81.0376 33.997397)
2025-08-18 15:06:31 UTC,sensor07,236476538,26.9,82.92,2025-08-18 22:57:36+00:00,33.996852,-81.037343,67.9,9.12,0.0,0.0,12.0,3D,2025-08-18 18:57:36-04:00,POINT (-81.037343 33.996852)
2025-08-18 15:06:36 UTC,sensor07,236476538,27.01,82.95,2025-08-18 22:57:41+00:00,33.996473,-81.03718,67.9,9.55,-0.1,0.0,12.0,3D,2025-08-18 18:57:41-04:00,POINT (-81.03718 33.996473)
2025-08-18 15:06:41 UTC,sensor07,236476538,26.93,82.5,2025-08-18 22:57:46+00:00,33.996063,-81.036992,67.8,9.13,0.1,158.5,11.0,3D,2025-08-18 18:57:46-04:00,POINT (-81.036992 33.996063)
2025-08-18 15:06:46 UTC,sensor07,236476538,27.05,81.65,2025-08-18 22:57:51+00:00,33.995678,-81.036827,68.7,8.49,0.1,159.59,11.0,3D,2025-08-18 18:57:51-04:00,POINT (-81.036827 33.995678)
2025-08-18 15:06:51 UTC,sensor07,236476538,27.06,81.35,2025-08-18 22:57:56+00:00,33.995308,-81.036655,69.2,8.49,0.1,158.43,12.0,3D,2025-08-18 18:57:56-04:00,POINT (-81.036655 33.995308)
2025-08-18 15:06:56 UTC,sensor07,236476538,27.03,81.33,2025-08-18 22:58:01+00:00,33.994972,-81.036532,70.0,7.37,0.2,163.34,12.0,3D,2025-08-18 18:58:01-04:00,POINT (-81.036532 33.994972)
2025-08-18 15:07:01 UTC,sensor07,236476538,27.05,81.25,2025-08-18 22:58:06+00:00,33.994687,-81.036413,71.1,5.98,0.2,162.32,12.0,3D,2025-08-18 18:58:06-04:00,POINT (-81.036413 33.994687)
2025-08-18 15:07:07 UTC,sensor07,236476538,27.01,80.43,2025-08-18 22:58:11+00:00,33.994502,-81.036327,72.3,2.8,0.3,154.58,13.0,3D,2025-08-18 18:58:11-04:00,POINT (-81.036327 33.994502)
2025-08-18 15:07:27 UTC,sensor07,236476538,27.14,79.85,2025-08-18 22:58:31+00:00,33.99422,-81.036318,77.0,4.51,0.28,240.19,13.0,3D,2025-08-18 18:58:31-04:00,POINT (-81.036318 33.99422)
2025-08-18 15:07:32 UTC,sensor07,236476538,27.14,79.73,2025-08-18 22:58:36+00:00,33.994133,-81.036577,78.6,5.71,0.3,248.83,13.0,3D,2025-08-18 18:58:36-04:00,POINT (-81.036577 33.994133)
2025-08-18 15:07:37 UTC,sensor07,236476538,27.14,79.83,2025-08-18 22:58:41+00:00,33.994025,-81.03692,80.1,6.32,0.3,248.07,14.0,3D,2025-08-18 18:58:41-04:00,POINT (-81.03692 33.994025)
2025-08-18 15:07:42 UTC,sensor07,236476538,27.06,80.54,2025-08-18 22:58:46+00:00,33.99391,-81.037288,81.5,5.84,0.3,247.04,14.0,3D,2025-08-18 18:58:46-04:00,POINT (-81.037288 33.99391)
2025-08-18 15:07:47 UTC,sensor07,236476538,27.02,80.8,2025-08-18 22:58:51+00:00,33.993838,-81.03753,83.0,3.94,0.4,232.58,14.0,3D,2025-08-18 18:58:51-04:00,POINT (-81.03753 33.993838)
2025-08-18 15:07:52 UTC,sensor07,236476538,27.07,80.77,2025-08-18 22:58:57+00:00,33.993785,-81.03775,85.2,6.63,0.3,0.0,14.0,3D,2025-08-18 18:58:57-04:00,POINT (-81.03775 33.993785)
2025-08-18 15:07:57 UTC,sensor07,236476538,27.29,80.95,2025-08-18 22:59:02+00:00,33.993667,-81.038195,86.6,10.54,0.5,0.0,14.0,3D,2025-08-18 18:59:02-04:00,POINT (-81.038195 33.993667)
2025-08-18 15:08:02 UTC,sensor07,236476538,27.26,80.13,2025-08-18 22:59:07+00:00,33.993548,-81.038808,89.7,11.37,0.6,252.78,14.0,3D,2025-08-18 18:59:07-04:00,POINT (-81.038808 33.993548)
2025-08-18 15:08:07 UTC,sensor07,236476538,27.42,80.01,2025-08-18 22:59:12+00:00,33.99336,-81.039423,93.1,12.92,0.6,247.71,15.0,3D,2025-08-18 18:59:12-04:00,POINT (-81.039423 33.99336)
2025-08-18 15:08:12 UTC,sensor07,236476538,27.45,79.3,2025-08-18 22:59:17+00:00,33.993115,-81.04003,93.2,12.5,0.4,246.36,15.0,3D,2025-08-18 18:59:17-04:00,POINT (-81.04003 33.993115)
2025-08-18 15:08:17 UTC,sensor07,236476538,27.46,78.35,2025-08-18 22:59:22+00:00,33.992927,-81.04047,92.6,7.23,-0.6,243.85,15.0,3D,2025-08-18 18:59:22-04:00,POINT (-81.04047 33.992927)
2025-08-18 15:08:28 UTC,sensor07,236476538,27.38,78.86,2025-08-18 22:59:32+00:00,33.99281,-81.040842,96.8,6.17,0.4,248.78,15.0,3D,2025-08-18 18:59:32-04:00,POINT (-81.040842 33.99281)
2025-08-18 15:08:33 UTC,sensor07,236476538,27.28,79.04,2025-08-18 22:59:37+00:00,33.992663,-81.041293,97.2,9.52,0.3,246.49,15.0,3D,2025-08-18 18:59:37-04:00,POINT (-81.041293 33.992663)
2025-08-18 15:08:38 UTC,sensor07,236476538,27.2,79.58,2025-08-18 22:59:42+00:00,33.992503,-81.041817,96.9,9.88,-0.7,246.19,15.0,3D,2025-08-18 18:59:42-04:00,POINT (-81.041817 33.992503)
2025-08-18 15:08:43 UTC,sensor07,236476538,27.14,80.06,2025-08-18 22:59:47+00:00,33.992397,-81.042197,98.0,5.64,0.4,261.41,15.0,3D,2025-08-18 18:59:47-04:00,POINT (-81.042197 33.992397)
2025-08-18 15:08:48 UTC,sensor07,236476538,27.34,80.4,2025-08-18 22:59:52+00:00,33.992627,-81.042417,100.0,8.45,0.5,328.65,15.0,3D,2025-08-18 18:59:52-04:00,POINT (-81.042417 33.992627)
2025-08-18 15:08:53 UTC,sensor07,236476538,27.25,79.54,2025-08-18 22:59:57+00:00,33.9932,-81.042593,100.7,13.01,0.4,342.14,14.0,3D,2025-08-18 18:59:57-04:00,POINT (-81.042593 33.9932)
2025-08-18 15:08:58 UTC,sensor07,236476538,27.18,80.74,2025-08-18 23:00:02+00:00,33.993765,-81.042917,100.0,13.45,0.0,338.52,15.0,3D,2025-08-18 19:00:02-04:00,POINT (-81.042917 33.993765)
2025-08-18 15:09:03 UTC,sensor07,236476538,27.09,81.57,2025-08-18 23:00:07+00:00,33.994348,-81.043175,102.4,13.53,0.47,340.45,15.0,3D,2025-08-18 19:00:07-04:00,POINT (-81.043175 33.994348)
2025-08-18 15:09:08 UTC,sensor07,236476538,27.14,81.15,2025-08-18 23:00:12+00:00,33.994965,-81.043398,103.9,13.67,0.4,341.4,15.0,3D,2025-08-18 19:00:12-04:00,POINT (-81.043398 33.994965)
2025-08-18 15:09:13 UTC,sensor07,236476538,27.38,80.21,2025-08-18 23:00:18+00:00,33.995693,-81.043753,102.4,14.3,-0.5,0.0,15.0,3D,2025-08-18 19:00:18-04:00,POINT (-81.043753 33.995693)
2025-08-18 15:09:18 UTC,sensor07,236476538,27.44,79.42,2025-08-18 23:00:23+00:00,33.996258,-81.043993,102.8,12.7,0.4,0.0,15.0,3D,2025-08-18 19:00:23-04:00,POINT (-81.043993 33.996258)
2025-08-18 15:09:23 UTC,sensor07,236476538,27.64,79.04,2025-08-18 23:00:28+00:00,33.996673,-81.04421,104.3,8.77,0.6,0.0,4.0,3D,2025-08-18 19:00:28-04:00,POINT (-81.04421 33.996673)
2025-08-18 15:09:28 UTC,sensor07,236476538,27.99,77.38,2025-08-18 23:00:33+00:00,33.996993,-81.044382,107.3,8.54,0.7,0.0,8.0,3D,2025-08-18 19:00:33-04:00,POINT (-81.044382 33.996993)
2025-08-18 15:09:33 UTC,sensor07,236476538,28.35,76.43,2025-08-18 23:00:38+00:00,33.997438,-81.044577,108.9,10.77,0.0,0.0,10.0,3D,2025-08-18 19:00:38-04:00,POINT (-81.044577 33.997438)
2025-08-18 15:09:38 UTC,sensor07,236476538,28.59,75.04,2025-08-18 23:00:43+00:00,33.997952,-81.044888,104.4,13.41,-1.2,0.0,14.0,3D,2025-08-18 19:00:43-04:00,POINT (-81.044888 33.997952)
2025-08-18 15:09:44 UTC,sensor07,236476538,28.62,73.91,2025-08-18 23:00:48+00:00,33.998523,-81.045182,103.6,14.36,0.2,0.0,16.0,3D,2025-08-18 19:00:48-04:00,POINT (-81.045182 33.998523)
2025-08-18 15:09:49 UTC,sensor07,236476538,28.51,73.17,2025-08-18 23:00:53+00:00,33.99911,-81.04547,104.8,13.34,0.0,0.0,16.0,3D,2025-08-18 19:00:53-04:00,POINT (-81.04547 33.99911)
2025-08-18 15:09:54 UTC,sensor07,236476538,28.55,72.83,2025-08-18 23:00:58+00:00,33.999655,-81.045727,104.5,10.63,-0.2,333.19,15.0,3D,2025-08-18 19:00:58-04:00,POINT (-81.045727 33.999655)
2025-08-18 15:09:59 UTC,sensor07,236476538,28.29,72.53,2025-08-18 23:01:03+00:00,33.999937,-81.04596,103.4,5.66,0.0,297.59,16.0,3D,2025-08-18 19:01:03-04:00,POINT (-81.04596 33.999937)
2025-08-18 15:10:04 UTC,sensor07,236476538,28.04,73.61,2025-08-18 23:01:08+00:00,33.999825,-81.046318,104.0,9.4,0.2,243.03,15.0,3D,2025-08-18 19:01:08-04:00,POINT (-81.046318 33.999825)
2025-08-18 15:10:09 UTC,sensor07,236476538,27.78,74.6,2025-08-18 23:01:13+00:00,33.999575,-81.04689,103.5,10.64,0.0,246.07,15.0,3D,2025-08-18 19:01:13-04:00,POINT (-81.04689 33.999575)
2025-08-18 15:10:14 UTC,sensor07,236476538,27.64,75.44,2025-08-18 23:01:18+00:00,33.999488,-81.047327,94.7,4.97,-3.2,260.43,15.0,3D,2025-08-18 19:01:18-04:00,POINT (-81.047327 33.999488)
2025-08-18 15:10:19 UTC,sensor07,236476538,27.56,75.75,2025-08-18 23:01:23+00:00,33.999602,-81.047515,87.5,4.74,-0.6,314.17,15.0,3D,2025-08-18 19:01:23-04:00,POINT (-81.047515 33.999602)
2025-08-18 15:10:24 UTC,sensor07,236476538,27.58,76.02,2025-08-18 23:01:28+00:00,33.999935,-81.047687,82.4,9.03,-0.1,342.46,15.0,3D,2025-08-18 19:01:28-04:00,POINT (-81.047687 33.999935)
2025-08-18 15:10:29 UTC,sensor07,236476538,27.72,75.42,2025-08-18 23:01:33+00:00,34.000377,-81.047868,82.1,10.84,-0.1,341.73,16.0,3D,2025-08-18 19:01:33-04:00,POINT (-81.047868 34.000377)
2025-08-18 15:10:34 UTC,sensor07,236476538,27.71,74.41,2025-08-18 23:01:38+00:00,34.000812,-81.048063,82.2,9.08,0.0,338.34,16.0,3D,2025-08-18 19:01:38-04:00,POINT (-81.048063 34.000812)
2025-08-18 15:10:39 UTC,sensor07,236476538,27.71,74.28,2025-08-18 23:01:43+00:00,34.00111,-81.048178,82.2,4.38,-0.4,345.11,16.0,3D,2025-08-18 19:01:43-04:00,POINT (-81.048178 34.00111)
2025-08-18 15:10:44 UTC,sensor07,236476538,27.7,74.51,2025-08-18 23:01:48+00:00,34.001237,-81.04815,81.9,3.81,0.0,35.5,16.0,3D,2025-08-18 19:01:48-04:00,POINT (-81.04815 34.001237)
2025-08-18 15:10:49 UTC,sensor07,236476538,27.73,74.23,2025-08-18 23:01:53+00:00,34.001467,-81.047867,80.3,8.71,-0.5,59.55,16.0,3D,2025-08-18 19:01:53-04:00,POINT (-81.047867 34.001467)
2025-08-18 15:10:54 UTC,sensor07,236476538,27.65,74.44,2025-08-18 23:01:58+00:00,34.001663,-81.047408,79.9,10.04,0.1,68.84,16.0,3D,2025-08-18 19:01:58-04:00,POINT (-81.047408 34.001663)
2025-08-18 15:10:59 UTC,sensor07,236476538,27.55,74.77,2025-08-18 23:02:03+00:00,34.001822,-81.046952,79.5,7.02,0.1,60.91,16.0,3D,2025-08-18 19:02:03-04:00,POINT (-81.046952 34.001822)
2025-08-18 15:11:04 UTC,sensor07,236476538,27.65,74.77,2025-08-18 23:02:04+00:00,34.001855,-81.046893,79.6,6.0,0.1,53.58,16.0,3D,2025-08-18 19:02:04-04:00,POINT (-81.046893 34.001855)
2025-08-18 15:11:09 UTC,sensor07,236476538,27.82,74.58,2025-08-18 23:02:14+00:00,34.002598,-81.047032,77.6,11.56,-0.4,0.0,15.0,3D,2025-08-18 19:02:14-04:00,POINT (-81.047032 34.002598)
2025-08-18 15:11:14 UTC,sensor07,236476538,27.98,74.21,2025-08-18 23:02:19+00:00,34.002958,-81.047203,77.7,6.01,0.1,0.0,14.0,3D,2025-08-18 19:02:19-04:00,POINT (-81.047203 34.002958)
2025-08-18 15:11:45 UTC,sensor07,236476538,28.13,74.02,2025-08-18 23:02:49+00:00,34.003132,-81.047498,77.1,6.33,0.0,250.4,14.0,3D,2025-08-18 19:02:49-04:00,POINT (-81.047498 34.003132)
2025-08-18 15:11:50 UTC,sensor07,236476538,27.97,73.51,2025-08-18 23:02:54+00:00,34.002978,-81.047903,76.9,9.21,0.0,244.93,13.0,3D,2025-08-18 19:02:54-04:00,POINT (-81.047903 34.002978)
2025-08-18 15:11:55 UTC,sensor07,236476538,27.92,73.54,2025-08-18 23:02:59+00:00,34.0028,-81.048432,76.6,10.87,-0.1,246.27,13.0,3D,2025-08-18 19:02:59-04:00,POINT (-81.048432 34.0028)
2025-08-18 15:12:00 UTC,sensor07,236476538,27.78,73.52,2025-08-18 23:03:04+00:00,34.002593,-81.048857,76.4,7.72,0.0,227.97,13.0,3D,2025-08-18 19:03:04-04:00,POINT (-81.048857 34.002593)
2025-08-18 15:12:05 UTC,sensor07,236476538,27.65,73.79,2025-08-18 23:03:09+00:00,34.002297,-81.048845,76.7,6.52,0.1,163.6,14.0,3D,2025-08-18 19:03:09-04:00,POINT (-81.048845 34.002297)
2025-08-18 15:12:10 UTC,sensor07,236476538,27.68,74.32,2025-08-18 23:03:14+00:00,34.00186,-81.048618,77.1,10.77,0.0,160.25,14.0,3D,2025-08-18 19:03:14-04:00,POINT (-81.048618 34.00186)
2025-08-18 15:12:15 UTC,sensor07,236476538,27.6,74.66,2025-08-18 23:03:19+00:00,34.001418,-81.048478,77.4,9.01,0.1,179.6,14.0,3D,2025-08-18 19:03:19-04:00,POINT (-81.048478 34.001418)
2025-08-18 15:12:20 UTC,sensor07,236476538,27.52,74.78,2025-08-18 23:03:24+00:00,34.00114,-81.048832,77.7,10.27,0.0,238.72,14.0,3D,2025-08-18 19:03:24-04:00,POINT (-81.048832 34.00114)
2025-08-18 15:12:25 UTC,sensor07,236476538,27.77,74.44,2025-08-18 23:03:29+00:00,34.000925,-81.04956,78.4,15.07,0.1,248.97,14.0,3D,2025-08-18 19:03:29-04:00,POINT (-81.04956 34.000925)
2025-08-18 15:14:01 UTC,sensor07,236476538,27.26,75.4,2025-08-18 23:05:05+00:00,33.994177,-81.066053,78.7,14.33,5.3,257.27,15.0,3D,2025-08-18 19:05:05-04:00,POINT (-81.066053 33.994177)
2025-08-18 15:14:06 UTC,sensor07,236476538,27.05,76.15,2025-08-18 23:05:10+00:00,33.994065,-81.066813,82.7,12.06,-0.4,261.89,15.0,3D,2025-08-18 19:05:10-04:00,POINT (-81.066813 33.994065)
2025-08-18 15:14:11 UTC,sensor07,236476538,27.21,76.68,2025-08-18 23:05:15+00:00,33.994005,-81.067393,87.0,9.64,-0.2,262.08,15.0,3D,2025-08-18 19:05:15-04:00,POINT (-81.067393 33.994005)
2025-08-18 15:14:16 UTC,sensor07,236476538,27.24,76.06,2025-08-18 23:05:20+00:00,33.993957,-81.067845,88.3,6.92,-0.7,265.3,15.0,3D,2025-08-18 19:05:20-04:00,POINT (-81.067845 33.993957)
2025-08-18 15:14:21 UTC,sensor07,236476538,27.28,76.05,2025-08-18 23:05:25+00:00,33.993937,-81.068037,89.9,2.61,0.5,244.83,15.0,3D,2025-08-18 19:05:25-04:00,POINT (-81.068037 33.993937)
2025-08-18 15:14:31 UTC,sensor07,236476538,27.42,75.9,2025-08-18 23:05:35+00:00,33.993977,-81.068155,90.7,3.78,-0.1,326.1,15.0,3D,2025-08-18 19:05:35-04:00,POINT (-81.068155 33.993977)
2025-08-18 15:14:36 UTC,sensor07,236476538,27.59,74.74,2025-08-18 23:05:40+00:00,33.994303,-81.06822,90.4,7.41,0.2,350.07,15.0,3D,2025-08-18 19:05:40-04:00,POINT (-81.06822 33.994303)
2025-08-18 15:14:41 UTC,sensor07,236476538,27.76,73.94,2025-08-18 23:05:45+00:00,33.99454,-81.068292,91.3,4.02,0.2,320.87,15.0,3D,2025-08-18 19:05:45-04:00,POINT (-81.068292 33.99454)
2025-08-18 15:14:46 UTC,sensor07,236476538,27.52,74.7,2025-08-18 23:05:50+00:00,33.994573,-81.06856,91.6,6.47,0.2,256.3,15.0,3D,2025-08-18 19:05:50-04:00,POINT (-81.06856 33.994573)
2025-08-18 15:14:51 UTC,sensor07,236476538,27.26,75.35,2025-08-18 23:05:55+00:00,33.994468,-81.068882,91.2,6.47,0.2,245.59,15.0,3D,2025-08-18 19:05:55-04:00,POINT (-81.068882 33.994468)
2025-08-18 15:14:56 UTC,sensor07,236476538,27.24,75.35,2025-08-18 23:06:01+00:00,33.994328,-81.069258,92.0,6.42,0.0,0.0,15.0,3D,2025-08-18 19:06:01-04:00,POINT (-81.069258 33.994328)
2025-08-18 15:15:01 UTC,sensor07,236476538,27.22,75.71,2025-08-18 23:06:06+00:00,33.994228,-81.069583,92.6,6.45,0.1,0.0,15.0,3D,2025-08-18 19:06:06-04:00,POINT (-81.069583 33.994228)
2025-08-18 15:15:06 UTC,sensor07,236476538,27.17,75.77,2025-08-18 23:06:11+00:00,33.994275,-81.069762,91.9,3.33,-0.2,0.0,15.0,3D,2025-08-18 19:06:11-04:00,POINT (-81.069762 33.994275)
2025-08-18 15:15:11 UTC,sensor07,236476538,27.16,76.02,2025-08-18 23:06:16+00:00,33.994503,-81.069892,91.4,6.48,-0.1,335.39,15.0,3D,2025-08-18 19:06:16-04:00,POINT (-81.069892 33.994503)
2025-08-18 15:15:16 UTC,sensor07,236476538,27.14,76.0,2025-08-18 23:06:21+00:00,33.99484,-81.070045,91.8,7.67,0.2,335.85,15.0,3D,2025-08-18 19:06:21-04:00,POINT (-81.070045 33.99484)
2025-08-18 15:15:21 UTC,sensor07,236476538,27.17,76.63,2025-08-18 23:06:26+00:00,33.995127,-81.070182,93.1,4.36,-0.1,337.67,15.0,3D,2025-08-18 19:06:26-04:00,POINT (-81.070182 33.995127)
2025-08-18 15:15:37 UTC,sensor07,236476538,27.42,76.26,2025-08-18 23:06:41+00:00,33.995423,-81.070327,93.1,6.35,-0.1,340.23,15.0,3D,2025-08-18 19:06:41-04:00,POINT (-81.070327 33.995423)
2025-08-18 15:15:42 UTC,sensor07,236476538,27.45,75.63,2025-08-18 23:06:46+00:00,33.995795,-81.070498,92.5,8.59,-0.2,336.52,15.0,3D,2025-08-18 19:06:46-04:00,POINT (-81.070498 33.995795)
2025-08-18 15:15:47 UTC,sensor07,236476538,27.54,75.15,2025-08-18 23:06:51+00:00,33.99616,-81.070665,92.3,7.45,-0.1,341.81,15.0,3D,2025-08-18 19:06:51-04:00,POINT (-81.070665 33.99616)
2025-08-18 15:15:52 UTC,sensor07,236476538,27.58,74.51,2025-08-18 23:06:56+00:00,33.996355,-81.070757,91.4,2.6,-0.1,339.37,15.0,3D,2025-08-18 19:06:56-04:00,POINT (-81.070757 33.996355)
2025-08-18 15:16:07 UTC,sensor07,236476538,27.87,73.81,2025-08-18 23:07:11+00:00,33.996475,-81.070818,92.3,2.94,-0.1,343.59,15.0,3D,2025-08-18 19:07:11-04:00,POINT (-81.070818 33.996475)
2025-08-18 15:16:12 UTC,sensor07,236476538,27.97,72.68,2025-08-18 23:07:16+00:00,33.996717,-81.070872,92.0,6.3,-0.1,354.19,15.0,3D,2025-08-18 19:07:16-04:00,POINT (-81.070872 33.996717)
2025-08-18 15:16:17 UTC,sensor07,236476538,28.0,71.94,2025-08-18 23:07:21+00:00,33.997033,-81.070922,89.7,6.46,-0.5,353.48,15.0,3D,2025-08-18 19:07:21-04:00,POINT (-81.070922 33.997033)
2025-08-18 15:16:22 UTC,sensor07,236476538,28.1,71.63,2025-08-18 23:07:26+00:00,33.997258,-81.070947,87.4,2.81,-1.0,354.83,15.0,3D,2025-08-18 19:07:26-04:00,POINT (-81.070947 33.997258)
2025-08-18 15:18:13 UTC,sensor07,236476538,28.85,69.73,2025-08-18 23:09:18+00:00,33.997443,-81.070888,83.4,3.66,-0.1,0.0,16.0,3D,2025-08-18 19:09:18-04:00,POINT (-81.070888 33.997443)
2025-08-18 15:18:18 UTC,sensor07,236476538,28.66,70.15,2025-08-18 23:09:23+00:00,33.997395,-81.07042,82.6,11.03,-0.2,0.0,16.0,3D,2025-08-18 19:09:23-04:00,POINT (-81.07042 33.997395)
2025-08-18 15:18:23 UTC,sensor07,236476538,28.47,71.47,2025-08-18 23:09:28+00:00,33.997347,-81.06979,83.0,11.24,0.5,0.0,4.0,3D,2025-08-18 19:09:28-04:00,POINT (-81.06979 33.997347)
2025-08-18 15:18:28 UTC,sensor07,236476538,28.43,71.57,2025-08-18 23:09:33+00:00,33.9973,-81.069215,82.1,10.48,-0.5,0.0,8.0,3D,2025-08-18 19:09:33-04:00,POINT (-81.069215 33.9973)
2025-08-18 15:18:33 UTC,sensor07,236476538,28.3,71.83,2025-08-18 23:09:38+00:00,33.99727,-81.06866,82.0,9.88,0.1,0.0,9.0,3D,2025-08-18 19:09:38-04:00,POINT (-81.06866 33.99727)
2025-08-18 15:18:39 UTC,sensor07,236476538,28.24,72.3,2025-08-18 23:09:43+00:00,33.997218,-81.068075,84.0,12.21,0.6,0.0,13.0,3D,2025-08-18 19:09:43-04:00,POINT (-81.068075 33.997218)
2025-08-18 15:18:44 UTC,sensor07,236476538,27.89,72.63,2025-08-18 23:09:48+00:00,33.997158,-81.067462,81.0,10.16,-1.1,0.0,16.0,3D,2025-08-18 19:09:48-04:00,POINT (-81.067462 33.997158)
2025-08-18 15:18:49 UTC,sensor07,236476538,27.75,74.08,2025-08-18 23:09:53+00:00,33.997163,-81.06687,81.2,8.01,-0.3,92.81,16.0,3D,2025-08-18 19:09:53-04:00,POINT (-81.06687 33.997163)
2025-08-18 15:18:54 UTC,sensor07,236476538,27.71,74.83,2025-08-18 23:09:58+00:00,33.997188,-81.066643,79.5,2.41,-0.1,42.6,16.0,3D,2025-08-18 19:09:58-04:00,POINT (-81.066643 33.997188)
2025-08-18 15:19:24 UTC,sensor07,236476538,27.55,75.05,2025-08-18 23:10:28+00:00,33.997172,-81.066733,77.4,2.35,0.1,249.84,16.0,3D,2025-08-18 19:10:28-04:00,POINT (-81.066733 33.997172)
2025-08-18 15:19:29 UTC,sensor07,236476538,27.45,75.47,2025-08-18 23:10:33+00:00,33.997203,-81.067138,77.9,8.82,0.2,273.69,16.0,3D,2025-08-18 19:10:33-04:00,POINT (-81.067138 33.997203)
2025-08-18 15:19:34 UTC,sensor07,236476538,27.56,75.58,2025-08-18 23:10:38+00:00,33.997235,-81.067752,77.0,12.1,-0.2,273.72,16.0,3D,2025-08-18 19:10:38-04:00,POINT (-81.067752 33.997235)
2025-08-18 15:19:39 UTC,sensor07,236476538,27.61,75.33,2025-08-18 23:10:43+00:00,33.99727,-81.068295,75.9,7.51,0.2,276.4,16.0,3D,2025-08-18 19:10:43-04:00,POINT (-81.068295 33.99727)
2025-08-18 15:19:49 UTC,sensor07,236476538,27.78,75.1,2025-08-18 23:10:54+00:00,33.997138,-81.068677,77.7,5.78,0.3,0.0,16.0,3D,2025-08-18 19:10:54-04:00,POINT (-81.068677 33.997138)
2025-08-18 15:19:54 UTC,sensor07,236476538,27.82,74.5,2025-08-18 23:10:59+00:00,33.996772,-81.068625,79.1,9.53,0.1,0.0,16.0,3D,2025-08-18 19:10:59-04:00,POINT (-81.068625 33.996772)
2025-08-18 15:19:59 UTC,sensor07,236476538,28.04,73.34,2025-08-18 23:11:04+00:00,33.996263,-81.068558,81.2,11.73,0.6,0.0,16.0,3D,2025-08-18 19:11:04-04:00,POINT (-81.068558 33.996263)
2025-08-18 15:20:04 UTC,sensor07,236476538,27.98,72.68,2025-08-18 23:11:09+00:00,33.995692,-81.068463,82.8,13.38,0.4,0.0,16.0,3D,2025-08-18 19:11:09-04:00,POINT (-81.068463 33.995692)
2025-08-18 15:20:09 UTC,sensor07,236476538,28.06,72.45,2025-08-18 23:11:14+00:00,33.995053,-81.068357,84.1,15.15,0.5,0.0,16.0,3D,2025-08-18 19:11:14-04:00,POINT (-81.068357 33.995053)
2025-08-18 15:20:14 UTC,sensor07,236476538,28.11,72.17,2025-08-18 23:11:19+00:00,33.994442,-81.06828,85.8,13.98,0.2,172.39,16.0,3D,2025-08-18 19:11:19-04:00,POINT (-81.06828 33.994442)
2025-08-18 15:20:19 UTC,sensor07,236476538,28.09,72.4,2025-08-18 23:11:24+00:00,33.993818,-81.068178,88.1,13.76,0.3,172.77,16.0,3D,2025-08-18 19:11:24-04:00,POINT (-81.068178 33.993818)
2025-08-18 15:20:24 UTC,sensor07,236476538,27.86,72.44,2025-08-18 23:11:29+00:00,33.993213,-81.068088,89.3,12.8,0.3,172.51,16.0,3D,2025-08-18 19:11:29-04:00,POINT (-81.068088 33.993213)
2025-08-18 15:20:30 UTC,sensor07,236476538,27.94,72.52,2025-08-18 23:11:34+00:00,33.992645,-81.068002,90.3,12.49,0.0,172.7,16.0,3D,2025-08-18 19:11:34-04:00,POINT (-81.068002 33.992645)
2025-08-18 15:20:35 UTC,sensor07,236476538,27.76,74.11,2025-08-18 23:11:39+00:00,33.992097,-81.067933,90.4,11.62,0.0,172.7,16.0,3D,2025-08-18 19:11:39-04:00,POINT (-81.067933 33.992097)
2025-08-18 15:20:40 UTC,sensor07,236476538,27.81,73.65,2025-08-18 23:11:44+00:00,33.991618,-81.06783,90.8,10.13,0.0,168.57,16.0,3D,2025-08-18 19:11:44-04:00,POINT (-81.06783 33.991618)
2025-08-18 15:20:45 UTC,sensor07,236476538,27.83,73.35,2025-08-18 23:11:49+00:00,33.99125,-81.067743,92.4,6.07,0.1,166.78,16.0,3D,2025-08-18 19:11:49-04:00,POINT (-81.067743 33.99125)
2025-08-18 15:20:50 UTC,sensor07,236476538,27.91,73.18,2025-08-18 23:11:54+00:00,33.991057,-81.067712,92.3,3.13,0.1,164.58,16.0,3D,2025-08-18 19:11:54-04:00,POINT (-81.067712 33.991057)
2025-08-18 15:20:55 UTC,sensor07,236476538,28.05,72.65,2025-08-18 23:11:59+00:00,33.99091,-81.06764,91.3,4.74,-0.3,131.93,16.0,3D,2025-08-18 19:11:59-04:00,POINT (-81.06764 33.99091)
2025-08-18 15:21:00 UTC,sensor07,236476538,27.99,72.07,2025-08-18 23:12:02+00:00,33.990873,-81.067472,91.1,5.7,-0.3,91.44,16.0,3D,2025-08-18 19:12:02-04:00,POINT (-81.067472 33.990873)
2025-08-18 15:21:05 UTC,sensor07,236476538,28.14,71.67,2025-08-18 23:12:09+00:00,33.991122,-81.066772,91.7,11.22,-0.5,67.35,16.0,3D,2025-08-18 19:12:09-04:00,POINT (-81.066772 33.991122)
2025-08-18 15:21:10 UTC,sensor07,236476538,28.07,71.43,2025-08-18 23:12:14+00:00,33.991335,-81.06617,92.2,11.44,-0.2,66.57,16.0,3D,2025-08-18 19:12:14-04:00,POINT (-81.06617 33.991335)
2025-08-18 15:21:15 UTC,sensor07,236476538,27.84,71.99,2025-08-18 23:12:19+00:00,33.991513,-81.065613,90.8,10.88,-0.6,68.56,16.0,3D,2025-08-18 19:12:19-04:00,POINT (-81.065613 33.991513)
2025-08-18 15:21:20 UTC,sensor07,236476538,27.83,72.33,2025-08-18 23:12:24+00:00,33.991703,-81.065062,88.2,11.08,-0.1,67.65,16.0,3D,2025-08-18 19:12:24-04:00,POINT (-81.065062 33.991703)
2025-08-18 15:21:25 UTC,sensor07,236476538,27.78,72.9,2025-08-18 23:12:29+00:00,33.991838,-81.064578,87.8,8.34,0.0,67.85,16.0,3D,2025-08-18 19:12:29-04:00,POINT (-81.064578 33.991838)
2025-08-18 15:21:30 UTC,sensor07,236476538,27.68,72.9,2025-08-18 23:12:34+00:00,33.991978,-81.064165,87.2,8.51,-0.2,67.77,16.0,3D,2025-08-18 19:12:34-04:00,POINT (-81.064165 33.991978)
2025-08-18 15:21:35 UTC,sensor07,236476538,27.6,73.76,2025-08-18 23:12:39+00:00,33.992115,-81.063755,85.0,8.13,-0.7,69.89,16.0,3D,2025-08-18 19:12:39-04:00,POINT (-81.063755 33.992115)
2025-08-18 15:21:40 UTC,sensor07,236476538,27.77,73.6,2025-08-18 23:12:44+00:00,33.992248,-81.063385,81.8,7.39,-0.6,68.62,16.0,3D,2025-08-18 19:12:44-04:00,POINT (-81.063385 33.992248)
2025-08-18 15:21:45 UTC,sensor07,236476538,27.76,72.5,2025-08-18 23:12:49+00:00,33.992385,-81.062995,79.9,8.25,-0.3,66.21,16.0,3D,2025-08-18 19:12:49-04:00,POINT (-81.062995 33.992385)
2025-08-18 15:21:50 UTC,sensor07,236476538,27.84,72.41,2025-08-18 23:12:55+00:00,33.992545,-81.062522,78.2,6.55,0.0,0.0,16.0,3D,2025-08-18 19:12:55-04:00,POINT (-81.062522 33.992545)
2025-08-18 15:21:55 UTC,sensor07,236476538,27.89,72.33,2025-08-18 23:13:00+00:00,33.992512,-81.062347,77.1,3.33,-0.1,0.0,16.0,3D,2025-08-18 19:13:00-04:00,POINT (-81.062347 33.992512)
2025-08-18 15:22:00 UTC,sensor07,236476538,27.8,72.49,2025-08-18 23:13:05+00:00,33.992313,-81.062247,77.4,6.07,-0.1,0.0,16.0,3D,2025-08-18 19:13:05-04:00,POINT (-81.062247 33.992313)
2025-08-18 15:22:05 UTC,sensor07,236476538,27.82,72.09,2025-08-18 23:13:10+00:00,33.99205,-81.062122,75.8,6.01,-0.5,0.0,16.0,3D,2025-08-18 19:13:10-04:00,POINT (-81.062122 33.99205)
2025-08-18 15:22:25 UTC,sensor07,236476538,27.87,72.26,2025-08-18 23:13:30+00:00,33.991848,-81.062068,76.5,3.33,-0.1,227.51,16.0,3D,2025-08-18 19:13:30-04:00,POINT (-81.062068 33.991848)
2025-08-18 15:22:31 UTC,sensor07,236476538,27.86,72.61,2025-08-18 23:13:35+00:00,33.991743,-81.062377,76.1,8.03,-0.1,247.62,16.0,3D,2025-08-18 19:13:35-04:00,POINT (-81.062377 33.991743)
2025-08-18 15:22:36 UTC,sensor07,236476538,27.72,74.11,2025-08-18 23:13:40+00:00,33.9916,-81.062818,75.7,8.25,0.1,249.76,16.0,3D,2025-08-18 19:13:40-04:00,POINT (-81.062818 33.9916)
2025-08-18 15:22:41 UTC,sensor07,236476538,27.66,74.13,2025-08-18 23:13:45+00:00,33.991462,-81.0632,76.3,5.63,0.5,249.66,16.0,3D,2025-08-18 19:13:45-04:00,POINT (-81.0632 33.991462)
2025-08-18 15:22:46 UTC,sensor07,236476538,27.72,74.4,2025-08-18 23:13:50+00:00,33.9914,-81.063407,78.7,2.67,0.7,250.11,16.0,3D,2025-08-18 19:13:50-04:00,POINT (-81.063407 33.9914)
2025-08-18 15:22:51 UTC,sensor07,236476538,27.65,74.66,2025-08-18 23:13:55+00:00,33.991292,-81.06343,79.6,2.94,-0.1,158.48,16.0,3D,2025-08-18 19:13:55-04:00,POINT (-81.06343 33.991292)
2025-08-18 15:22:56 UTC,sensor07,236476538,27.53,74.81,2025-08-18 23:14:00+00:00,33.991097,-81.063325,77.8,5.98,-0.4,157.77,16.0,3D,2025-08-18 19:14:00-04:00,POINT (-81.063325 33.991097)
2025-08-18 15:23:01 UTC,sensor07,236476538,27.41,75.3,2025-08-18 23:14:03+00:00,33.990928,-81.063237,76.5,6.84,-0.3,157.75,16.0,3D,2025-08-18 19:14:03-04:00,POINT (-81.063237 33.990928)
2025-08-18 15:23:06 UTC,sensor07,236476538,27.36,74.78,2025-08-18 23:14:07+00:00,33.990698,-81.06311,75.1,6.66,-0.35,159.19,16.0,3D,2025-08-18 19:14:07-04:00,POINT (-81.06311 33.990698)
2025-08-18 15:23:11 UTC,sensor07,236476538,27.31,75.19,2025-08-18 23:14:15+00:00,33.990287,-81.06289,72.8,5.44,-0.3,158.92,16.0,3D,2025-08-18 19:14:15-04:00,POINT (-81.06289 33.990287)
2025-08-18 15:23:26 UTC,sensor07,236476538,27.27,76.61,2025-08-18 23:14:30+00:00,33.99005,-81.063103,72.2,5.21,0.1,254.81,16.0,3D,2025-08-18 19:14:30-04:00,POINT (-81.063103 33.99005)
2025-08-18 15:23:31 UTC,sensor07,236476538,27.21,76.69,2025-08-18 23:14:35+00:00,33.990007,-81.063435,72.2,5.39,0.1,254.88,16.0,3D,2025-08-18 19:14:35-04:00,POINT (-81.063435 33.990007)
2025-08-18 15:23:36 UTC,sensor07,236476538,27.18,77.25,2025-08-18 23:14:40+00:00,33.989958,-81.063788,72.8,6.52,0.1,258.98,16.0,3D,2025-08-18 19:14:40-04:00,POINT (-81.063788 33.989958)
2025-08-18 15:23:41 UTC,sensor07,236476538,27.12,77.63,2025-08-18 23:14:45+00:00,33.989893,-81.064167,73.5,6.83,0.1,258.65,16.0,3D,2025-08-18 19:14:45-04:00,POINT (-81.064167 33.989893)
2025-08-18 15:23:46 UTC,sensor07,236476538,27.22,76.68,2025-08-18 23:14:50+00:00,33.989838,-81.064538,73.9,5.76,0.0,258.75,16.0,3D,2025-08-18 19:14:50-04:00,POINT (-81.064538 33.989838)
2025-08-18 15:23:56 UTC,sensor07,236476538,27.36,75.34,2025-08-18 23:15:01+00:00,33.989768,-81.064763,75.0,2.66,0.0,0.0,16.0,3D,2025-08-18 19:15:01-04:00,POINT (-81.064763 33.989768)
2025-08-18 15:24:01 UTC,sensor07,236476538,27.42,74.68,2025-08-18 23:15:06+00:00,33.98958,-81.064688,75.3,4.75,-0.1,0.0,16.0,3D,2025-08-18 19:15:06-04:00,POINT (-81.064688 33.98958)
2025-08-18 15:24:06 UTC,sensor07,236476538,27.42,74.32,2025-08-18 23:15:11+00:00,33.989343,-81.064567,74.2,5.8,-0.1,0.0,16.0,3D,2025-08-18 19:15:11-04:00,POINT (-81.064567 33.989343)
2025-08-18 15:24:11 UTC,sensor07,236476538,27.38,75.05,2025-08-18 23:15:16+00:00,33.989088,-81.06446,73.9,5.61,0.2,0.0,16.0,3D,2025-08-18 19:15:16-04:00,POINT (-81.06446 33.989088)
2025-08-18 15:24:26 UTC,sensor07,236476538,27.42,75.87,2025-08-18 23:15:31+00:00,33.988892,-81.064237,75.4,4.58,0.4,101.31,16.0,3D,2025-08-18 19:15:31-04:00,POINT (-81.064237 33.988892)
2025-08-18 15:24:32 UTC,sensor07,236476538,27.41,76.61,2025-08-18 23:15:36+00:00,33.988822,-81.064035,75.6,3.84,-0.3,146.6,16.0,3D,2025-08-18 19:15:36-04:00,POINT (-81.064035 33.988822)
2025-08-18 15:24:37 UTC,sensor07,236476538,27.5,76.81,2025-08-18 23:15:41+00:00,33.988597,-81.063942,75.0,6.02,-0.1,164.64,16.0,3D,2025-08-18 19:15:41-04:00,POINT (-81.063942 33.988597)
2025-08-18 15:24:42 UTC,sensor07,236476538,27.49,77.54,2025-08-18 23:15:46+00:00,33.988258,-81.063852,74.2,6.81,-0.6,167.78,16.0,3D,2025-08-18 19:15:46-04:00,POINT (-81.063852 33.988258)
2025-08-18 15:24:47 UTC,sensor07,236476538,27.5,77.2,2025-08-18 23:15:51+00:00,33.988032,-81.063812,73.5,2.33,-0.3,170.82,16.0,3D,2025-08-18 19:15:51-04:00,POINT (-81.063812 33.988032)
2025-08-18 15:24:52 UTC,sensor07,236476538,27.54,76.94,2025-08-18 23:15:56+00:00,33.98795,-81.06384,71.8,3.04,-0.4,218.58,16.0,3D,2025-08-18 19:15:56-04:00,POINT (-81.06384 33.98795)
2025-08-18 15:24:57 UTC,sensor07,236476538,27.58,76.6,2025-08-18 23:16:01+00:00,33.987853,-81.0642,71.1,8.85,0.0,257.52,16.0,3D,2025-08-18 19:16:01-04:00,POINT (-81.0642 33.987853)
2025-08-18 15:25:02 UTC,sensor07,236476538,27.56,75.8,2025-08-18 23:16:03+00:00,33.987815,-81.064443,72.3,10.38,1.2,256.77,16.0,3D,2025-08-18 19:16:03-04:00,POINT (-81.064443 33.987815)
2025-08-18 15:25:07 UTC,sensor07,236476538,27.6,75.16,2025-08-18 23:16:11+00:00,33.987552,-81.065385,73.0,10.84,0.3,249.74,16.0,3D,2025-08-18 19:16:11-04:00,POINT (-81.065385 33.987552)
2025-08-18 15:25:12 UTC,sensor07,236476538,27.68,75.13,2025-08-18 23:16:16+00:00,33.987425,-81.065848,74.7,8.15,-0.1,247.37,16.0,3D,2025-08-18 19:16:16-04:00,POINT (-81.065848 33.987425)
2025-08-18 15:25:32 UTC,sensor07,236476538,27.57,75.36,2025-08-18 23:16:36+00:00,33.987255,-81.066187,78.1,3.73,0.2,177.57,16.0,3D,2025-08-18 19:16:36-04:00,POINT (-81.066187 33.987255)
2025-08-18 15:25:37 UTC,sensor07,236476538,27.48,75.99,2025-08-18 23:16:41+00:00,33.986932,-81.066025,78.7,9.17,0.1,158.3,16.0,3D,2025-08-18 19:16:41-04:00,POINT (-81.066025 33.986932)
2025-08-18 15:25:42 UTC,sensor07,236476538,27.52,75.71,2025-08-18 23:16:46+00:00,33.986452,-81.065805,80.6,10.11,0.2,161.02,16.0,3D,2025-08-18 19:16:46-04:00,POINT (-81.065805 33.986452)
2025-08-18 15:25:47 UTC,sensor07,236476538,27.5,75.4,2025-08-18 23:16:52+00:00,33.985867,-81.06551,80.1,13.11,0.4,0.0,16.0,3D,2025-08-18 19:16:52-04:00,POINT (-81.06551 33.985867)
2025-08-18 15:25:52 UTC,sensor07,236476538,27.3,76.48,2025-08-18 23:16:57+00:00,33.985358,-81.065302,79.4,11.4,-0.3,0.0,16.0,3D,2025-08-18 19:16:57-04:00,POINT (-81.065302 33.985358)
2025-08-18 15:25:57 UTC,sensor07,236476538,27.26,76.75,2025-08-18 23:17:02+00:00,33.984885,-81.065108,80.9,11.76,0.4,0.0,16.0,3D,2025-08-18 19:17:02-04:00,POINT (-81.065108 33.984885)
2025-08-18 15:26:02 UTC,sensor07,236476538,27.51,75.86,2025-08-18 23:17:07+00:00,33.984423,-81.064885,83.3,10.79,-0.4,159.35,16.0,3D,2025-08-18 19:17:07-04:00,POINT (-81.064885 33.984423)
2025-08-18 15:26:07 UTC,sensor07,236476538,27.56,75.43,2025-08-18 23:17:12+00:00,33.983937,-81.064658,81.1,11.09,-0.5,161.22,16.0,3D,2025-08-18 19:17:12-04:00,POINT (-81.064658 33.983937)
2025-08-18 15:26:12 UTC,sensor07,236476538,27.55,75.36,2025-08-18 23:17:17+00:00,33.983385,-81.06439,77.2,11.91,-1.9,160.0,16.0,3D,2025-08-18 19:17:17-04:00,POINT (-81.06439 33.983385)
2025-08-18 15:26:18 UTC,sensor07,236476538,27.64,74.72,2025-08-18 23:17:22+00:00,33.982912,-81.064192,74.2,10.78,-0.2,156.35,16.0,3D,2025-08-18 19:17:22-04:00,POINT (-81.064192 33.982912)
2025-08-18 15:26:23 UTC,sensor07,236476538,27.75,74.18,2025-08-18 23:17:27+00:00,33.982445,-81.063985,67.2,9.98,-1.4,160.96,16.0,3D,2025-08-18 19:17:27-04:00,POINT (-81.063985 33.982445)
2025-08-18 15:26:28 UTC,sensor07,236476538,27.8,73.35,2025-08-18 23:17:32+00:00,33.982053,-81.063832,65.5,7.88,-0.1,158.86,16.0,3D,2025-08-18 19:17:32-04:00,POINT (-81.063832 33.982053)
2025-08-18 15:26:33 UTC,sensor07,236476538,27.84,73.06,2025-08-18 23:17:37+00:00,33.981825,-81.063733,64.3,3.14,-0.4,161.09,16.0,3D,2025-08-18 19:17:37-04:00,POINT (-81.063733 33.981825)
2025-08-18 15:26:58 UTC,sensor07,236476538,28.17,71.65,2025-08-18 23:18:02+00:00,33.981567,-81.063605,65.1,7.4,-0.1,156.29,16.0,3D,2025-08-18 19:18:02-04:00,POINT (-81.063605 33.981567)
2025-08-18 15:27:03 UTC,sensor07,236476538,28.3,71.12,2025-08-18 23:18:03+00:00,33.981503,-81.063568,65.3,7.97,0.2,157.01,16.0,3D,2025-08-18 19:18:03-04:00,POINT (-81.063568 33.981503)
2025-08-18 15:27:08 UTC,sensor07,236476538,28.02,75.82,2025-08-18 23:18:12+00:00,33.980873,-81.063257,66.2,5.48,0.2,160.44,16.0,3D,2025-08-18 19:18:12-04:00,POINT (-81.063257 33.980873)
2025-08-18 15:27:18 UTC,sensor07,236476538,27.79,77.81,2025-08-18 23:18:23+00:00,33.98062,-81.063137,67.1,5.61,0.3,0.0,16.0,3D,2025-08-18 19:18:23-04:00,POINT (-81.063137 33.98062)
2025-08-18 15:27:23 UTC,sensor07,236476538,27.51,78.28,2025-08-18 23:18:28+00:00,33.980298,-81.062973,68.5,8.24,0.3,0.0,16.0,3D,2025-08-18 19:18:28-04:00,POINT (-81.062973 33.980298)
2025-08-18 15:27:28 UTC,sensor07,236476538,27.51,80.8,2025-08-18 23:18:33+00:00,33.97995,-81.062817,68.9,7.5,0.4,0.0,16.0,3D,2025-08-18 19:18:33-04:00,POINT (-81.062817 33.97995)
2025-08-18 15:27:38 UTC,sensor07,236476538,27.41,81.88,2025-08-18 23:18:43+00:00,33.979832,-81.0625,74.3,5.64,1.1,0.0,4.0,3D,2025-08-18 19:18:43-04:00,POINT (-81.0625 33.979832)
2025-08-18 15:27:44 UTC,sensor07,236476538,27.24,83.13,2025-08-18 23:18:48+00:00,33.97993,-81.062193,76.5,5.64,-0.3,0.0,9.0,3D,2025-08-18 19:18:48-04:00,POINT (-81.062193 33.97993)
2025-08-18 15:27:49 UTC,sensor07,236476538,27.16,83.89,2025-08-18 23:18:53+00:00,33.980007,-81.061835,76.2,7.47,-0.1,0.0,9.0,3D,2025-08-18 19:18:53-04:00,POINT (-81.061835 33.980007)
2025-08-18 15:27:54 UTC,sensor07,236476538,27.08,83.53,2025-08-18 23:18:58+00:00,33.980078,-81.061438,74.3,7.28,-0.2,0.0,16.0,3D,2025-08-18 19:18:58-04:00,POINT (-81.061438 33.980078)
2025-08-18 15:27:59 UTC,sensor07,236476538,27.06,83.23,2025-08-18 23:19:03+00:00,33.980153,-81.061067,72.7,7.5,-0.5,0.0,16.0,3D,2025-08-18 19:19:03-04:00,POINT (-81.061067 33.980153)
2025-08-18 15:28:04 UTC,sensor07,236476538,27.02,83.41,2025-08-18 23:19:08+00:00,33.980222,-81.060687,72.3,5.83,-0.1,80.06,16.0,3D,2025-08-18 19:19:08-04:00,POINT (-81.060687 33.980222)
2025-08-18 15:28:14 UTC,sensor07,236476538,27.03,83.44,2025-08-18 23:19:18+00:00,33.980132,-81.060437,69.1,3.1,-0.2,172.73,16.0,3D,2025-08-18 19:19:18-04:00,POINT (-81.060437 33.980132)
2025-08-18 15:28:19 UTC,sensor07,236476538,27.06,84.28,2025-08-18 23:19:23+00:00,33.979915,-81.060412,67.6,5.47,-0.4,170.78,16.0,3D,2025-08-18 19:19:23-04:00,POINT (-81.060412 33.979915)
2025-08-18 15:28:24 UTC,sensor07,236476538,27.11,83.89,2025-08-18 23:19:28+00:00,33.979577,-81.060313,66.5,6.71,-0.2,167.95,16.0,3D,2025-08-18 19:19:28-04:00,POINT (-81.060313 33.979577)
2025-08-18 15:28:34 UTC,sensor07,236476538,27.12,82.59,2025-08-18 23:19:38+00:00,33.979278,-81.06022,66.2,3.7,0.1,167.6,16.0,3D,2025-08-18 19:19:38-04:00,POINT (-81.06022 33.979278)
2025-08-18 15:28:39 UTC,sensor07,236476538,27.04,84.28,2025-08-18 23:19:43+00:00,33.979057,-81.060157,66.3,5.88,0.1,168.51,16.0,3D,2025-08-18 19:19:43-04:00,POINT (-81.060157 33.979057)
2025-08-18 15:28:44 UTC,sensor07,236476538,26.92,85.05,2025-08-18 23:19:48+00:00,33.978775,-81.060068,66.5,7.12,0.0,168.95,16.0,3D,2025-08-18 19:19:48-04:00,POINT (-81.060068 33.978775)
2025-08-18 15:28:49 UTC,sensor07,236476538,26.84,85.32,2025-08-18 23:19:53+00:00,33.978492,-81.059997,65.2,5.25,-0.4,168.4,16.0,3D,2025-08-18 19:19:53-04:00,POINT (-81.059997 33.978492)
2025-08-18 15:29:09 UTC,sensor07,236476538,26.95,85.76,2025-08-18 23:20:14+00:00,33.978273,-81.059938,63.3,4.78,-0.1,0.0,16.0,3D,2025-08-18 19:20:14-04:00,POINT (-81.059938 33.978273)
2025-08-18 15:29:14 UTC,sensor07,236476538,26.84,85.7,2025-08-18 23:20:19+00:00,33.977967,-81.05984,63.3,8.28,0.0,166.4,16.0,3D,2025-08-18 19:20:19-04:00,POINT (-81.05984 33.977967)
2025-08-18 15:29:19 UTC,sensor07,236476538,26.82,85.93,2025-08-18 23:20:24+00:00,33.977623,-81.059755,62.9,5.94,0.0,166.36,16.0,3D,2025-08-18 19:20:24-04:00,POINT (-81.059755 33.977623)
2025-08-18 15:29:35 UTC,sensor07,236476538,26.84,84.8,2025-08-18 23:20:39+00:00,33.977365,-81.059475,60.6,6.2,-0.4,75.57,16.0,3D,2025-08-18 19:20:39-04:00,POINT (-81.059475 33.977365)
2025-08-18 15:29:40 UTC,sensor07,236476538,26.88,85.04,2025-08-18 23:20:44+00:00,33.97745,-81.059052,61.3,8.77,0.5,78.38,16.0,3D,2025-08-18 19:20:44-04:00,POINT (-81.059052 33.97745)
2025-08-18 15:29:45 UTC,sensor07,236476538,26.95,85.09,2025-08-18 23:20:49+00:00,33.97753,-81.058588,61.4,8.64,-0.1,77.37,16.0,3D,2025-08-18 19:20:49-04:00,POINT (-81.058588 33.97753)
2025-08-18 15:29:50 UTC,sensor07,236476538,26.95,84.48,2025-08-18 23:20:54+00:00,33.977618,-81.058155,59.5,7.24,-0.5,77.21,16.0,3D,2025-08-18 19:20:54-04:00,POINT (-81.058155 33.977618)
2025-08-18 15:30:05 UTC,sensor07,236476538,26.91,85.1,2025-08-18 23:21:09+00:00,33.977702,-81.057812,57.8,5.17,0.6,72.99,16.0,3D,2025-08-18 19:21:09-04:00,POINT (-81.057812 33.977702)
2025-08-18 15:30:10 UTC,sensor07,236476538,26.68,84.99,2025-08-18 23:21:14+00:00,33.977783,-81.057375,58.7,8.52,-0.5,74.47,16.0,3D,2025-08-18 19:21:14-04:00,POINT (-81.057375 33.977783)
2025-08-18 15:30:15 UTC,sensor07,236476538,26.65,85.74,2025-08-18 23:21:19+00:00,33.977865,-81.056917,59.7,8.25,0.1,77.74,16.0,3D,2025-08-18 19:21:19-04:00,POINT (-81.056917 33.977865)
2025-08-18 15:30:20 UTC,sensor07,236476538,26.62,85.75,2025-08-18 23:21:24+00:00,33.977932,-81.056507,60.4,6.91,0.3,80.54,16.0,3D,2025-08-18 19:21:24-04:00,POINT (-81.056507 33.977932)
2025-08-18 15:30:25 UTC,sensor07,236476538,26.65,85.27,2025-08-18 23:21:29+00:00,33.97797,-81.056232,61.0,3.67,0.3,79.51,16.0,3D,2025-08-18 19:21:29-04:00,POINT (-81.056232 33.97797)
2025-08-18 15:30:35 UTC,sensor07,236476538,26.67,85.29,2025-08-18 23:21:39+00:00,33.97787,-81.056035,62.2,4.34,-0.3,164.68,16.0,3D,2025-08-18 19:21:39-04:00,POINT (-81.056035 33.97787)
2025-08-18 15:30:40 UTC,sensor07,236476538,26.67,84.6,2025-08-18 23:21:44+00:00,33.977605,-81.055985,60.7,6.12,0.0,171.63,16.0,3D,2025-08-18 19:21:44-04:00,POINT (-81.055985 33.977605)
2025-08-18 15:30:45 UTC,sensor07,236476538,26.7,84.17,2025-08-18 23:21:49+00:00,33.977283,-81.05591,58.3,6.55,-0.3,169.94,16.0,3D,2025-08-18 19:21:49-04:00,POINT (-81.05591 33.977283)
2025-08-18 15:31:00 UTC,sensor07,236476538,26.73,84.95,2025-08-18 23:22:04+00:00,33.977088,-81.055698,55.5,4.74,0.2,70.72,16.0,3D,2025-08-18 19:22:04-04:00,POINT (-81.055698 33.977088)
2025-08-18 15:31:05 UTC,sensor07,236476538,26.8,83.87,2025-08-18 23:22:10+00:00,33.977193,-81.055232,55.9,8.26,0.2,0.0,16.0,3D,2025-08-18 19:22:10-04:00,POINT (-81.055232 33.977193)
2025-08-18 15:31:10 UTC,sensor07,236476538,26.68,83.63,2025-08-18 23:22:10+00:00,33.977193,-81.055232,55.9,8.26,0.2,0.0,16.0,3D,2025-08-18 19:22:10-04:00,POINT (-81.055232 33.977193)
2025-08-18 15:31:15 UTC,sensor07,236476538,26.7,84.82,2025-08-18 23:22:20+00:00,33.977288,-81.054523,57.0,5.07,0.3,83.86,16.0,3D,2025-08-18 19:22:20-04:00,POINT (-81.054523 33.977288)
2025-08-18 15:31:36 UTC,sensor07,236476538,26.86,83.94,2025-08-18 23:22:40+00:00,33.977297,-81.0542,58.4,3.92,0.0,80.47,16.0,3D,2025-08-18 19:22:40-04:00,POINT (-81.0542 33.977297)
2025-08-18 15:32:01 UTC,sensor07,236476538,27.01,82.51,2025-08-18 23:23:05+00:00,33.97731,-81.05387,59.5,3.66,0.0,138.64,16.0,3D,2025-08-18 19:23:05-04:00,POINT (-81.05387 33.97731)
2025-08-18 15:32:06 UTC,sensor07,236476538,27.06,81.87,2025-08-18 23:23:10+00:00,33.977103,-81.053712,59.0,6.66,-0.2,146.95,16.0,3D,2025-08-18 19:23:10-04:00,POINT (-81.053712 33.977103)
2025-08-18 15:32:11 UTC,sensor07,236476538,27.1,82.05,2025-08-18 23:23:15+00:00,33.976773,-81.053477,57.7,9.16,-0.2,150.12,16.0,3D,2025-08-18 19:23:15-04:00,POINT (-81.053477 33.976773)
2025-08-18 15:32:16 UTC,sensor07,236476538,27.1,81.98,2025-08-18 23:23:20+00:00,33.976388,-81.053215,56.8,9.58,-0.2,151.14,16.0,3D,2025-08-18 19:23:20-04:00,POINT (-81.053215 33.976388)
2025-08-18 15:32:21 UTC,sensor07,236476538,27.03,82.6,2025-08-18 23:23:25+00:00,33.976017,-81.052958,55.8,9.07,-0.3,150.07,16.0,3D,2025-08-18 19:23:25-04:00,POINT (-81.052958 33.976017)
2025-08-18 15:32:26 UTC,sensor07,236476538,27.07,83.23,2025-08-18 23:23:30+00:00,33.975677,-81.05272,54.1,8.38,-0.4,149.1,16.0,3D,2025-08-18 19:23:30-04:00,POINT (-81.05272 33.975677)
2025-08-18 15:32:31 UTC,sensor07,236476538,27.1,82.48,2025-08-18 23:23:36+00:00,33.975325,-81.052478,52.8,6.91,-0.1,0.0,16.0,3D,2025-08-18 19:23:36-04:00,POINT (-81.052478 33.975325)
2025-08-18 15:32:36 UTC,sensor07,236476538,27.13,82.12,2025-08-18 23:23:41+00:00,33.975207,-81.05228,53.0,3.39,-0.4,0.0,16.0,3D,2025-08-18 19:23:41-04:00,POINT (-81.05228 33.975207)
2025-08-18 15:32:41 UTC,sensor07,236476538,27.13,81.87,2025-08-18 23:23:46+00:00,33.975308,-81.052038,53.0,6.79,0.0,0.0,16.0,3D,2025-08-18 19:23:46-04:00,POINT (-81.052038 33.975308)
2025-08-18 15:32:46 UTC,sensor07,236476538,26.91,82.63,2025-08-18 23:23:51+00:00,33.975508,-81.051655,53.4,9.31,0.1,0.0,16.0,3D,2025-08-18 19:23:51-04:00,POINT (-81.051655 33.975508)
2025-08-18 15:32:51 UTC,sensor07,236476538,26.92,82.79,2025-08-18 23:23:56+00:00,33.975725,-81.051222,54.1,9.08,0.1,58.92,16.0,3D,2025-08-18 19:23:56-04:00,POINT (-81.051222 33.975725)
2025-08-18 15:32:56 UTC,sensor07,236476538,26.83,83.21,2025-08-18 23:24:01+00:00,33.97589,-81.05087,54.9,4.68,0.3,59.0,16.0,3D,2025-08-18 19:24:01-04:00,POINT (-81.05087 33.97589)
2025-08-18 15:33:01 UTC,sensor07,236476538,26.75,83.47,2025-08-18 23:24:05+00:00,33.975995,-81.050798,54.0,3.45,-0.2,4.82,16.0,3D,2025-08-18 19:24:05-04:00,POINT (-81.050798 33.975995)
2025-08-18 15:33:07 UTC,sensor07,236476538,26.76,83.79,2025-08-18 23:24:11+00:00,33.976287,-81.050937,53.5,6.58,0.2,0.0,16.0,3D,2025-08-18 19:24:11-04:00,POINT (-81.050937 33.976287)
2025-08-18 15:33:12 UTC,sensor07,236476538,26.85,83.85,2025-08-18 23:24:11+00:00,33.976287,-81.050937,53.5,6.58,0.2,0.0,16.0,3D,2025-08-18 19:24:11-04:00,POINT (-81.050937 33.976287)
2025-08-18 15:33:17 UTC,sensor07,236476538,26.87,83.34,2025-08-18 23:24:21+00:00,33.976907,-81.051167,54.0,7.15,0.0,341.97,16.0,3D,2025-08-18 19:24:21-04:00,POINT (-81.051167 33.976907)
2025-08-18 15:33:22 UTC,sensor07,236476538,26.88,82.95,2025-08-18 23:24:26+00:00,33.977222,-81.051288,53.0,6.68,-0.1,343.04,16.0,3D,2025-08-18 19:24:26-04:00,POINT (-81.051288 33.977222)
2025-08-18 15:33:27 UTC,sensor07,236476538,26.85,83.31,2025-08-18 23:24:31+00:00,33.977537,-81.051398,52.8,6.78,-0.1,341.76,16.0,3D,2025-08-18 19:24:31-04:00,POINT (-81.051398 33.977537)
2025-08-18 15:33:32 UTC,sensor07,236476538,26.91,83.15,2025-08-18 23:24:36+00:00,33.977833,-81.051513,52.4,6.9,-0.1,342.53,16.0,3D,2025-08-18 19:24:36-04:00,POINT (-81.051513 33.977833)
2025-08-18 15:33:37 UTC,sensor07,236476538,26.94,82.6,2025-08-18 23:24:41+00:00,33.97815,-81.051617,51.7,7.12,-0.2,346.12,16.0,3D,2025-08-18 19:24:41-04:00,POINT (-81.051617 33.97815)
2025-08-18 15:33:42 UTC,sensor07,236476538,27.0,82.69,2025-08-18 23:24:46+00:00,33.9785,-81.05171,50.9,7.02,-0.2,349.14,16.0,3D,2025-08-18 19:24:46-04:00,POINT (-81.05171 33.9785)
2025-08-18 15:33:47 UTC,sensor07,236476538,27.06,82.62,2025-08-18 23:24:51+00:00,33.978698,-81.051765,53.1,2.71,0.7,350.24,16.0,3D,2025-08-18 19:24:51-04:00,POINT (-81.051765 33.978698)
2025-08-18 15:33:52 UTC,sensor07,236476538,27.01,83.09,2025-08-18 23:24:56+00:00,33.978762,-81.05177,52.9,2.55,0.0,351.37,16.0,3D,2025-08-18 19:24:56-04:00,POINT (-81.05177 33.978762)
2025-08-18 15:33:57 UTC,sensor07,236476538,26.83,84.39,2025-08-18 23:25:01+00:00,33.978983,-81.0518,50.9,6.02,-0.3,1.51,16.0,3D,2025-08-18 19:25:01-04:00,POINT (-81.0518 33.978983)
2025-08-18 15:34:02 UTC,sensor07,236476538,26.83,84.1,2025-08-18 23:25:06+00:00,33.97927,-81.051727,48.6,6.57,-0.1,20.96,16.0,3D,2025-08-18 19:25:06-04:00,POINT (-81.051727 33.97927)
2025-08-18 15:34:07 UTC,sensor07,236476538,26.77,84.37,2025-08-18 23:25:11+00:00,33.979553,-81.051583,49.6,6.35,0.3,22.21,16.0,3D,2025-08-18 19:25:11-04:00,POINT (-81.051583 33.979553)
2025-08-18 15:34:12 UTC,sensor07,236476538,26.73,84.02,2025-08-18 23:25:17+00:00,33.979915,-81.051412,51.4,6.64,0.2,0.0,16.0,3D,2025-08-18 19:25:17-04:00,POINT (-81.051412 33.979915)
2025-08-18 15:34:17 UTC,sensor07,236476538,26.59,84.63,2025-08-18 23:25:22+00:00,33.980225,-81.051248,52.5,7.78,0.1,0.0,16.0,3D,2025-08-18 19:25:22-04:00,POINT (-81.051248 33.980225)
2025-08-18 15:34:22 UTC,sensor07,236476538,26.52,85.35,2025-08-18 23:25:27+00:00,33.980605,-81.051153,53.3,8.36,-0.1,0.0,16.0,3D,2025-08-18 19:25:27-04:00,POINT (-81.051153 33.980605)
2025-08-18 15:34:27 UTC,sensor07,236476538,26.43,85.6,2025-08-18 23:25:32+00:00,33.980955,-81.051207,51.9,7.63,-0.3,349.3,16.0,3D,2025-08-18 19:25:32-04:00,POINT (-81.051207 33.980955)
2025-08-18 15:34:32 UTC,sensor07,236476538,26.45,85.61,2025-08-18 23:25:37+00:00,33.981283,-81.051278,52.2,6.71,0.0,348.62,16.0,3D,2025-08-18 19:25:37-04:00,POINT (-81.051278 33.981283)
2025-08-18 15:34:38 UTC,sensor07,236476538,26.39,86.29,2025-08-18 23:25:42+00:00,33.981588,-81.051333,52.5,6.39,0.1,351.55,16.0,3D,2025-08-18 19:25:42-04:00,POINT (-81.051333 33.981588)
2025-08-18 15:34:43 UTC,sensor07,236476538,26.43,86.54,2025-08-18 23:25:47+00:00,33.981802,-81.051368,54.3,2.54,0.2,355.58,16.0,3D,2025-08-18 19:25:47-04:00,POINT (-81.051368 33.981802)
2025-08-18 15:34:48 UTC,sensor07,236476538,26.58,86.46,2025-08-18 23:25:52+00:00,33.981878,-81.051382,55.6,2.25,0.3,347.81,16.0,3D,2025-08-18 19:25:52-04:00,POINT (-81.051382 33.981878)
2025-08-18 15:34:53 UTC,sensor07,236476538,26.61,85.74,2025-08-18 23:25:57+00:00,33.982108,-81.051442,56.2,6.62,0.1,350.66,16.0,3D,2025-08-18 19:25:57-04:00,POINT (-81.051442 33.982108)
2025-08-18 15:34:58 UTC,sensor07,236476538,26.63,84.91,2025-08-18 23:26:02+00:00,33.982405,-81.051492,55.5,5.39,-0.1,354.98,16.0,3D,2025-08-18 19:26:02-04:00,POINT (-81.051492 33.982405)
2025-08-18 15:35:03 UTC,sensor07,236476538,26.66,84.88,2025-08-18 23:26:06+00:00,33.982523,-81.051447,55.5,3.01,0.1,45.93,16.0,3D,2025-08-18 19:26:06-04:00,POINT (-81.051447 33.982523)
2025-08-18 15:35:08 UTC,sensor07,236476538,26.64,84.78,2025-08-18 23:26:11+00:00,33.98255,-81.051182,53.9,5.68,0.0,84.37,16.0,3D,2025-08-18 19:26:11-04:00,POINT (-81.051182 33.98255)
2025-08-18 15:35:13 UTC,sensor07,236476538,26.54,84.92,2025-08-18 23:26:17+00:00,33.982588,-81.050768,51.9,5.9,-0.2,80.66,16.0,3D,2025-08-18 19:26:17-04:00,POINT (-81.050768 33.982588)
2025-08-18 15:35:18 UTC,sensor07,236476538,26.53,85.42,2025-08-18 23:26:22+00:00,33.98262,-81.050507,52.0,3.46,0.1,79.36,16.0,3D,2025-08-18 19:26:22-04:00,POINT (-81.050507 33.98262)
2025-08-18 15:35:23 UTC,sensor07,236476538,26.39,85.74,2025-08-18 23:26:27+00:00,33.982687,-81.050353,52.7,2.79,0.0,27.89,16.0,3D,2025-08-18 19:26:27-04:00,POINT (-81.050353 33.982687)
2025-08-18 15:35:28 UTC,sensor07,236476538,26.4,85.61,2025-08-18 23:26:32+00:00,33.982897,-81.050397,52.0,5.21,-0.1,350.43,16.0,3D,2025-08-18 19:26:32-04:00,POINT (-81.050397 33.982897)
2025-08-18 15:35:33 UTC,sensor07,236476538,26.43,85.35,2025-08-18 23:26:37+00:00,33.983185,-81.05045,51.6,5.76,-0.1,351.13,16.0,3D,2025-08-18 19:26:37-04:00,POINT (-81.05045 33.983185)
2025-08-18 15:35:38 UTC,sensor07,236476538,26.48,85.93,2025-08-18 23:26:42+00:00,33.983477,-81.050475,49.0,6.16,-0.9,352.64,16.0,3D,2025-08-18 19:26:42-04:00,POINT (-81.050475 33.983477)
2025-08-18 15:35:43 UTC,sensor07,236476538,26.43,85.89,2025-08-18 23:26:48+00:00,33.983838,-81.05054,46.5,6.8,-0.3,0.0,16.0,3D,2025-08-18 19:26:48-04:00,POINT (-81.05054 33.983838)
2025-08-18 15:35:48 UTC,sensor07,236476538,26.35,85.79,2025-08-18 23:26:53+00:00,33.984113,-81.050655,44.7,5.24,-0.6,0.0,16.0,3D,2025-08-18 19:26:53-04:00,POINT (-81.050655 33.984113)
2025-08-18 15:35:53 UTC,sensor07,236476538,26.24,86.41,2025-08-18 23:26:58+00:00,33.984277,-81.050645,42.5,4.09,-0.4,0.0,16.0,3D,2025-08-18 19:26:58-04:00,POINT (-81.050645 33.984277)
2025-08-18 15:35:58 UTC,sensor07,236476538,26.07,87.44,2025-08-18 23:27:03+00:00,33.984385,-81.050387,41.4,6.12,-0.1,0.0,16.0,3D,2025-08-18 19:27:03-04:00,POINT (-81.050387 33.984385)
2025-08-18 15:36:03 UTC,sensor07,236476538,25.94,88.16,2025-08-18 23:27:08+00:00,33.984428,-81.050083,41.6,4.93,0.1,0.0,4.0,3D,2025-08-18 19:27:08-04:00,POINT (-81.050083 33.984428)
2025-08-18 15:36:08 UTC,sensor07,236476538,25.94,88.27,2025-08-18 23:27:13+00:00,33.984525,-81.049835,42.2,5.54,0.3,0.0,4.0,3D,2025-08-18 19:27:13-04:00,POINT (-81.049835 33.984525)
2025-08-18 15:36:14 UTC,sensor07,236476538,25.89,88.4,2025-08-18 23:27:18+00:00,33.984635,-81.049608,44.8,5.01,0.6,0.0,9.0,3D,2025-08-18 19:27:18-04:00,POINT (-81.049608 33.984635)
2025-08-18 15:36:19 UTC,sensor07,236476538,25.96,89.19,2025-08-18 23:27:23+00:00,33.984832,-81.049482,47.9,5.67,0.6,0.0,9.0,3D,2025-08-18 19:27:23-04:00,POINT (-81.049482 33.984832)
2025-08-18 15:36:24 UTC,sensor07,236476538,25.98,89.52,2025-08-18 23:27:28+00:00,33.98513,-81.049433,50.0,6.66,0.5,0.0,13.0,3D,2025-08-18 19:27:28-04:00,POINT (-81.049433 33.98513)
2025-08-18 15:36:29 UTC,sensor07,236476538,26.12,89.51,2025-08-18 23:27:33+00:00,33.985408,-81.049473,51.2,5.99,0.2,0.0,16.0,3D,2025-08-18 19:27:33-04:00,POINT (-81.049473 33.985408)
2025-08-18 15:36:34 UTC,sensor07,236476538,26.16,88.94,2025-08-18 23:27:38+00:00,33.985617,-81.049522,51.0,3.5,0.1,0.0,16.0,3D,2025-08-18 19:27:38-04:00,POINT (-81.049522 33.985617)
2025-08-18 15:36:49 UTC,sensor07,236476538,26.38,86.85,2025-08-18 23:27:53+00:00,33.98568,-81.049785,53.8,3.92,0.4,239.3,16.0,3D,2025-08-18 19:27:53-04:00,POINT (-81.049785 33.98568)
2025-08-18 15:36:54 UTC,sensor07,236476538,26.42,87.04,2025-08-18 23:27:58+00:00,33.985557,-81.050008,54.6,4.82,0.4,235.55,16.0,3D,2025-08-18 19:27:58-04:00,POINT (-81.050008 33.985557)
2025-08-18 15:36:59 UTC,sensor07,236476538,26.39,86.87,2025-08-18 23:28:03+00:00,33.985435,-81.050302,54.2,6.07,0.2,242.85,16.0,3D,2025-08-18 19:28:03-04:00,POINT (-81.050302 33.985435)
2025-08-18 15:37:04 UTC,sensor07,236476538,26.35,87.15,2025-08-18 23:28:07+00:00,33.985347,-81.050523,53.9,4.69,-0.1,249.12,16.0,3D,2025-08-18 19:28:07-04:00,POINT (-81.050523 33.985347)
2025-08-18 15:37:09 UTC,sensor07,236476538,26.27,86.95,2025-08-18 23:28:12+00:00,33.985258,-81.050782,52.6,4.49,-0.5,247.31,16.0,3D,2025-08-18 19:28:12-04:00,POINT (-81.050782 33.985258)
2025-08-18 15:37:14 UTC,sensor07,236476538,26.27,86.95,2025-08-18 23:28:18+00:00,33.985163,-81.051145,50.7,5.49,-0.5,244.91,16.0,3D,2025-08-18 19:28:18-04:00,POINT (-81.051145 33.985163)
2025-08-18 15:37:19 UTC,sensor07,236476538,26.3,87.25,2025-08-18 23:28:23+00:00,33.985087,-81.051455,50.2,5.57,-0.2,251.89,16.0,3D,2025-08-18 19:28:23-04:00,POINT (-81.051455 33.985087)
2025-08-18 15:37:24 UTC,sensor07,236476538,26.42,86.08,2025-08-18 23:28:28+00:00,33.985013,-81.051762,51.0,5.73,0.3,257.98,16.0,3D,2025-08-18 19:28:28-04:00,POINT (-81.051762 33.985013)
2025-08-18 15:37:29 UTC,sensor07,236476538,26.48,85.64,2025-08-18 23:28:33+00:00,33.984945,-81.05206,53.5,2.97,0.6,252.28,16.0,3D,2025-08-18 19:28:33-04:00,POINT (-81.05206 33.984945)
2025-08-18 15:37:39 UTC,sensor07,236476538,26.5,85.0,2025-08-18 23:28:44+00:00,33.984925,-81.052377,56.0,5.7,0.4,0.0,15.0,3D,2025-08-18 19:28:44-04:00,POINT (-81.052377 33.984925)
2025-08-18 15:37:44 UTC,sensor07,236476538,26.42,85.31,2025-08-18 23:28:49+00:00,33.984912,-81.052762,57.2,7.86,0.1,0.0,15.0,3D,2025-08-18 19:28:49-04:00,POINT (-81.052762 33.984912)
2025-08-18 15:37:49 UTC,sensor07,236476538,26.36,85.6,2025-08-18 23:28:54+00:00,33.984847,-81.053137,56.6,5.5,0.0,0.0,15.0,3D,2025-08-18 19:28:54-04:00,POINT (-81.053137 33.984847)
2025-08-18 15:37:54 UTC,sensor07,236476538,26.41,85.72,2025-08-18 23:28:59+00:00,33.984813,-81.053385,55.3,3.86,0.0,270.7,15.0,3D,2025-08-18 19:28:59-04:00,POINT (-81.053385 33.984813)
2025-08-18 15:37:59 UTC,sensor07,236476538,26.44,85.48,2025-08-18 23:29:04+00:00,33.984797,-81.053683,55.6,5.48,0.1,269.53,15.0,3D,2025-08-18 19:29:04-04:00,POINT (-81.053683 33.984797)
2025-08-18 15:38:04 UTC,sensor07,236476538,26.48,85.32,2025-08-18 23:29:09+00:00,33.984813,-81.054008,55.3,4.66,0.1,273.93,15.0,3D,2025-08-18 19:29:09-04:00,POINT (-81.054008 33.984813)
2025-08-18 15:38:10 UTC,sensor07,236476538,26.63,83.92,2025-08-18 23:29:14+00:00,33.984805,-81.054283,56.3,4.55,0.1,264.51,15.0,3D,2025-08-18 19:29:14-04:00,POINT (-81.054283 33.984805)
2025-08-18 15:38:20 UTC,sensor07,236476538,26.73,83.66,2025-08-18 23:29:24+00:00,33.984658,-81.054485,58.8,3.53,0.2,168.8,15.0,3D,2025-08-18 19:29:24-04:00,POINT (-81.054485 33.984658)
2025-08-18 15:38:25 UTC,sensor07,236476538,26.81,83.5,2025-08-18 23:29:29+00:00,33.984473,-81.054473,57.9,5.73,-0.5,164.99,15.0,3D,2025-08-18 19:29:29-04:00,POINT (-81.054473 33.984473)
2025-08-18 15:38:30 UTC,sensor07,236476538,26.89,83.31,2025-08-18 23:29:34+00:00,33.984187,-81.054408,58.4,6.74,0.0,167.75,15.0,3D,2025-08-18 19:29:34-04:00,POINT (-81.054408 33.984187)
2025-08-18 15:38:35 UTC,sensor07,236476538,26.94,82.85,2025-08-18 23:29:39+00:00,33.983905,-81.054337,59.2,5.63,0.2,167.32,15.0,3D,2025-08-18 19:29:39-04:00,POINT (-81.054337 33.983905)
2025-08-18 15:38:40 UTC,sensor07,236476538,26.95,82.94,2025-08-18 23:29:44+00:00,33.98365,-81.054297,62.2,4.25,0.6,165.1,15.0,3D,2025-08-18 19:29:44-04:00,POINT (-81.054297 33.98365)
2025-08-18 15:38:50 UTC,sensor07,236476538,26.98,83.28,2025-08-18 23:29:54+00:00,33.983415,-81.05423,62.7,2.6,-0.3,173.34,15.0,3D,2025-08-18 19:29:54-04:00,POINT (-81.05423 33.983415)
2025-08-18 15:38:55 UTC,sensor07,236476538,26.99,83.04,2025-08-18 23:29:59+00:00,33.98324,-81.054193,63.2,4.46,-0.1,175.94,15.0,3D,2025-08-18 19:29:59-04:00,POINT (-81.054193 33.98324)
2025-08-18 15:39:00 UTC,sensor07,236476538,26.96,82.76,2025-08-18 23:30:04+00:00,33.98298,-81.054122,63.9,5.42,0.0,168.38,15.0,3D,2025-08-18 19:30:04-04:00,POINT (-81.054122 33.98298)
2025-08-18 15:39:05 UTC,sensor07,236476538,26.98,82.62,2025-08-18 23:30:08+00:00,33.982778,-81.054088,63.5,4.4,0.2,175.46,15.0,3D,2025-08-18 19:30:08-04:00,POINT (-81.054088 33.982778)
2025-08-18 15:39:10 UTC,sensor07,236476538,27.09,82.77,2025-08-18 23:30:12+00:00,33.982678,-81.054198,63.0,4.88,-0.12,244.68,15.0,3D,2025-08-18 19:30:12-04:00,POINT (-81.054198 33.982678)
2025-08-18 15:39:15 UTC,sensor07,236476538,27.11,82.34,2025-08-18 23:30:19+00:00,33.982583,-81.054723,61.7,7.46,-0.4,259.07,15.0,3D,2025-08-18 19:30:19-04:00,POINT (-81.054723 33.982583)
2025-08-18 15:39:20 UTC,sensor07,236476538,27.2,82.18,2025-08-18 23:30:24+00:00,33.982522,-81.055082,60.4,5.94,-0.1,260.04,15.0,3D,2025-08-18 19:30:24-04:00,POINT (-81.055082 33.982522)
2025-08-18 15:39:35 UTC,sensor07,236476538,27.22,81.4,2025-08-18 23:30:40+00:00,33.982455,-81.055352,65.4,2.97,0.6,0.0,15.0,3D,2025-08-18 19:30:40-04:00,POINT (-81.055352 33.982455)
2025-08-18 15:39:40 UTC,sensor07,236476538,27.2,81.2,2025-08-18 23:30:45+00:00,33.982208,-81.055388,66.0,6.87,-0.1,0.0,15.0,3D,2025-08-18 19:30:45-04:00,POINT (-81.055388 33.982208)
2025-08-18 15:39:45 UTC,sensor07,236476538,27.21,81.33,2025-08-18 23:30:50+00:00,33.981847,-81.055297,65.3,8.7,-0.1,0.0,15.0,3D,2025-08-18 19:30:50-04:00,POINT (-81.055297 33.981847)
2025-08-18 15:39:50 UTC,sensor07,236476538,27.17,81.39,2025-08-18 23:30:55+00:00,33.981467,-81.055187,64.2,7.98,0.1,0.0,15.0,3D,2025-08-18 19:30:55-04:00,POINT (-81.055187 33.981467)
2025-08-18 15:39:55 UTC,sensor07,236476538,27.24,81.46,2025-08-18 23:31:00+00:00,33.981125,-81.055092,63.6,6.77,-0.2,0.0,15.0,3D,2025-08-18 19:31:00-04:00,POINT (-81.055092 33.981125)
2025-08-18 15:40:00 UTC,sensor07,236476538,27.22,81.45,2025-08-18 23:31:05+00:00,33.980957,-81.055128,64.3,3.54,0.0,240.32,15.0,3D,2025-08-18 19:31:05-04:00,POINT (-81.055128 33.980957)
2025-08-18 15:40:05 UTC,sensor07,236476538,27.26,81.31,2025-08-18 23:31:10+00:00,33.980918,-81.055373,65.3,5.53,-0.1,259.75,15.0,3D,2025-08-18 19:31:10-04:00,POINT (-81.055373 33.980918)
2025-08-18 15:40:11 UTC,sensor07,236476538,27.22,81.34,2025-08-18 23:31:15+00:00,33.980873,-81.055678,64.9,5.47,0.3,259.55,15.0,3D,2025-08-18 19:31:15-04:00,POINT (-81.055678 33.980873)
2025-08-18 15:40:16 UTC,sensor07,236476538,27.21,81.84,2025-08-18 23:31:20+00:00,33.98082,-81.055952,66.6,4.96,0.2,258.97,15.0,3D,2025-08-18 19:31:20-04:00,POINT (-81.055952 33.98082)
2025-08-18 15:40:21 UTC,sensor07,236476538,27.29,81.85,2025-08-18 23:31:25+00:00,33.980768,-81.056245,67.5,5.54,0.1,255.95,15.0,3D,2025-08-18 19:31:25-04:00,POINT (-81.056245 33.980768)
2025-08-18 15:40:26 UTC,sensor07,236476538,27.24,81.57,2025-08-18 23:31:30+00:00,33.980717,-81.056523,67.7,5.58,0.1,259.51,15.0,3D,2025-08-18 19:31:30-04:00,POINT (-81.056523 33.980717)
2025-08-18 15:40:31 UTC,sensor07,236476538,27.2,81.42,2025-08-18 23:31:35+00:00,33.98064,-81.056752,68.0,3.73,0.2,232.79,15.0,3D,2025-08-18 19:31:35-04:00,POINT (-81.056752 33.98064)
2025-08-18 15:40:36 UTC,sensor07,236476538,27.19,81.98,2025-08-18 23:31:40+00:00,33.980493,-81.05679,67.5,4.0,-0.3,171.57,16.0,3D,2025-08-18 19:31:40-04:00,POINT (-81.05679 33.980493)
2025-08-18 15:40:41 UTC,sensor07,236476538,27.14,82.15,2025-08-18 23:31:45+00:00,33.980262,-81.056718,66.6,5.43,-0.2,168.49,16.0,3D,2025-08-18 19:31:45-04:00,POINT (-81.056718 33.980262)
2025-08-18 15:40:46 UTC,sensor07,236476538,27.12,82.92,2025-08-18 23:31:50+00:00,33.98006,-81.05667,65.2,2.47,-0.1,169.25,16.0,3D,2025-08-18 19:31:50-04:00,POINT (-81.05667 33.98006)
2025-08-18 15:40:56 UTC,sensor07,236476538,27.26,82.63,2025-08-18 23:32:00+00:00,33.979947,-81.056732,65.1,4.02,0.2,246.9,16.0,3D,2025-08-18 19:32:00-04:00,POINT (-81.056732 33.979947)
2025-08-18 15:41:01 UTC,sensor07,236476538,27.25,82.71,2025-08-18 23:32:05+00:00,33.97988,-81.057028,64.8,6.68,-0.5,258.16,16.0,3D,2025-08-18 19:32:05-04:00,POINT (-81.057028 33.97988)
2025-08-18 15:41:06 UTC,sensor07,236476538,27.11,82.89,2025-08-18 23:32:08+00:00,33.979838,-81.057253,64.9,7.18,0.4,258.07,16.0,3D,2025-08-18 19:32:08-04:00,POINT (-81.057253 33.979838)
2025-08-18 15:41:11 UTC,sensor07,236476538,27.07,83.46,2025-08-18 23:32:15+00:00,33.979732,-81.057808,65.6,7.46,0.0,259.48,16.0,3D,2025-08-18 19:32:15-04:00,POINT (-81.057808 33.979732)
2025-08-18 15:41:16 UTC,sensor07,236476538,26.99,84.16,2025-08-18 23:32:20+00:00,33.979665,-81.058172,66.2,5.91,0.0,259.61,16.0,3D,2025-08-18 19:32:20-04:00,POINT (-81.058172 33.979665)
2025-08-18 15:41:21 UTC,sensor07,236476538,27.01,84.52,2025-08-18 23:32:25+00:00,33.979658,-81.058362,66.8,2.7,0.2,290.66,16.0,3D,2025-08-18 19:32:25-04:00,POINT (-81.058362 33.979658)
2025-08-18 15:41:26 UTC,sensor07,236476538,26.95,84.26,2025-08-18 23:32:30+00:00,33.979805,-81.05845,66.2,3.54,0.4,351.89,16.0,3D,2025-08-18 19:32:30-04:00,POINT (-81.05845 33.979805)
2025-08-18 15:41:31 UTC,sensor07,236476538,26.97,84.04,2025-08-18 23:32:35+00:00,33.980005,-81.058503,66.2,4.66,0.2,349.71,16.0,3D,2025-08-18 19:32:35-04:00,POINT (-81.058503 33.980005)
2025-08-18 15:41:36 UTC,sensor07,236476538,26.98,83.89,2025-08-18 23:32:41+00:00,33.980197,-81.058547,64.2,3.51,-0.2,0.0,16.0,3D,2025-08-18 19:32:41-04:00,POINT (-81.058547 33.980197)
2025-08-18 15:41:41 UTC,sensor07,236476538,26.98,83.91,2025-08-18 23:32:46+00:00,33.980417,-81.058588,63.7,5.68,-0.2,0.0,16.0,3D,2025-08-18 19:32:46-04:00,POINT (-81.058588 33.980417)
2025-08-18 15:41:46 UTC,sensor07,236476538,27.04,83.61,2025-08-18 23:32:51+00:00,33.980718,-81.05868,62.6,7.26,0.2,0.0,16.0,3D,2025-08-18 19:32:51-04:00,POINT (-81.05868 33.980718)
2025-08-18 15:41:51 UTC,sensor07,236476538,27.07,83.25,2025-08-18 23:32:56+00:00,33.981058,-81.058772,61.7,8.16,-0.1,0.0,16.0,3D,2025-08-18 19:32:56-04:00,POINT (-81.058772 33.981058)
2025-08-18 15:41:56 UTC,sensor07,236476538,27.14,82.92,2025-08-18 23:33:01+00:00,33.981435,-81.058883,61.5,8.59,-0.1,0.0,16.0,3D,2025-08-18 19:33:01-04:00,POINT (-81.058883 33.981435)
2025-08-18 15:42:01 UTC,sensor07,236476538,27.16,82.25,2025-08-18 23:33:06+00:00,33.98179,-81.05905,61.9,8.2,0.1,333.08,16.0,3D,2025-08-18 19:33:06-04:00,POINT (-81.05905 33.98179)
2025-08-18 15:42:06 UTC,sensor07,236476538,27.18,82.02,2025-08-18 23:33:11+00:00,33.982117,-81.059265,62.3,8.15,-0.3,330.06,16.0,3D,2025-08-18 19:33:11-04:00,POINT (-81.059265 33.982117)
2025-08-18 15:42:12 UTC,sensor07,236476538,27.2,82.06,2025-08-18 23:33:16+00:00,33.982348,-81.059418,62.6,2.77,-0.1,331.35,16.0,3D,2025-08-18 19:33:16-04:00,POINT (-81.059418 33.982348)
2025-08-18 15:42:22 UTC,sensor07,236476538,27.25,81.81,2025-08-18 23:33:26+00:00,33.982717,-81.059647,65.2,9.27,0.1,330.69,16.0,3D,2025-08-18 19:33:26-04:00,POINT (-81.059647 33.982717)
2025-08-18 15:42:27 UTC,sensor07,236476538,27.32,81.48,2025-08-18 23:33:31+00:00,33.983055,-81.059887,66.4,7.06,0.0,331.68,16.0,3D,2025-08-18 19:33:31-04:00,POINT (-81.059887 33.983055)
2025-08-18 15:42:42 UTC,sensor07,236476538,27.52,80.6,2025-08-18 23:33:46+00:00,33.983303,-81.059935,66.8,4.99,0.2,49.13,16.0,3D,2025-08-18 19:33:46-04:00,POINT (-81.059935 33.983303)
2025-08-18 15:42:47 UTC,sensor07,236476538,27.54,80.35,2025-08-18 23:33:51+00:00,33.983493,-81.05952,65.0,10.3,-0.4,60.0,16.0,3D,2025-08-18 19:33:51-04:00,POINT (-81.05952 33.983493)
2025-08-18 15:42:52 UTC,sensor07,236476538,27.7,80.12,2025-08-18 23:33:56+00:00,33.983725,-81.05893,61.7,12.08,0.7,60.88,16.0,3D,2025-08-18 19:33:56-04:00,POINT (-81.05893 33.983725)
2025-08-18 15:42:57 UTC,sensor07,236476538,27.55,79.61,2025-08-18 23:34:01+00:00,33.98402,-81.058367,62.4,11.92,-0.4,59.76,16.0,3D,2025-08-18 19:34:01-04:00,POINT (-81.058367 33.98402)
2025-08-18 15:43:02 UTC,sensor07,236476538,27.6,79.83,2025-08-18 23:34:06+00:00,33.984298,-81.057805,64.0,12.03,0.8,59.75,16.0,3D,2025-08-18 19:34:06-04:00,POINT (-81.057805 33.984298)
2025-08-18 15:43:07 UTC,sensor07,236476538,27.81,79.14,2025-08-18 23:34:09+00:00,33.984458,-81.057462,65.3,11.74,0.3,60.29,16.0,3D,2025-08-18 19:34:09-04:00,POINT (-81.057462 33.984458)
2025-08-18 15:43:12 UTC,sensor07,236476538,27.64,78.89,2025-08-18 23:34:16+00:00,33.984775,-81.05675,65.6,8.65,-0.5,61.05,16.0,3D,2025-08-18 19:34:16-04:00,POINT (-81.05675 33.984775)
2025-08-18 15:43:17 UTC,sensor07,236476538,27.63,79.18,2025-08-18 23:34:21+00:00,33.984928,-81.056422,64.0,6.4,-0.7,61.79,16.0,3D,2025-08-18 19:34:21-04:00,POINT (-81.056422 33.984928)
2025-08-18 15:43:22 UTC,sensor07,236476538,27.6,78.92,2025-08-18 23:34:26+00:00,33.98508,-81.05607,61.8,9.02,0.0,65.43,16.0,3D,2025-08-18 19:34:26-04:00,POINT (-81.05607 33.98508)
2025-08-18 15:43:27 UTC,sensor07,236476538,27.4,80.19,2025-08-18 23:34:31+00:00,33.985282,-81.055505,63.2,11.54,0.1,69.21,16.0,3D,2025-08-18 19:34:31-04:00,POINT (-81.055505 33.985282)
2025-08-18 15:43:32 UTC,sensor07,236476538,27.32,81.02,2025-08-18 23:34:36+00:00,33.985508,-81.054892,63.6,13.15,0.4,67.35,16.0,3D,2025-08-18 19:34:36-04:00,POINT (-81.054892 33.985508)
2025-08-18 15:43:37 UTC,sensor07,236476538,27.24,81.73,2025-08-18 23:34:42+00:00,33.985735,-81.054023,64.0,13.16,-0.1,0.0,16.0,3D,2025-08-18 19:34:42-04:00,POINT (-81.054023 33.985735)
2025-08-18 15:43:42 UTC,sensor07,236476538,27.02,82.56,2025-08-18 23:34:47+00:00,33.985885,-81.053448,61.4,8.46,0.7,0.0,16.0,3D,2025-08-18 19:34:47-04:00,POINT (-81.053448 33.985885)
2025-08-18 15:43:47 UTC,sensor07,236476538,27.01,82.59,2025-08-18 23:34:52+00:00,33.985983,-81.05318,62.3,3.84,-0.2,0.0,16.0,3D,2025-08-18 19:34:52-04:00,POINT (-81.05318 33.985983)
2025-08-18 15:43:57 UTC,sensor07,236476538,26.99,82.66,2025-08-18 23:35:02+00:00,33.986057,-81.052975,61.1,4.91,0.4,0.0,16.0,3D,2025-08-18 19:35:02-04:00,POINT (-81.052975 33.986057)
2025-08-18 15:44:02 UTC,sensor07,236476538,27.06,82.59,2025-08-18 23:35:07+00:00,33.986165,-81.052577,59.9,9.63,-0.1,69.89,16.0,3D,2025-08-18 19:35:07-04:00,POINT (-81.052577 33.986165)
2025-08-18 15:44:07 UTC,sensor07,236476538,27.43,82.02,2025-08-18 23:35:12+00:00,33.986342,-81.052003,61.7,12.19,0.7,68.38,16.0,3D,2025-08-18 19:35:12-04:00,POINT (-81.052003 33.986342)
2025-08-18 15:44:13 UTC,sensor07,236476538,27.29,81.41,2025-08-18 23:35:17+00:00,33.986538,-81.0513,60.9,13.92,-0.1,69.13,16.0,3D,2025-08-18 19:35:17-04:00,POINT (-81.0513 33.986538)
2025-08-18 15:44:18 UTC,sensor07,236476538,27.3,81.38,2025-08-18 23:35:22+00:00,33.986775,-81.050557,57.7,14.9,0.4,70.19,16.0,3D,2025-08-18 19:35:22-04:00,POINT (-81.050557 33.986775)
2025-08-18 15:44:23 UTC,sensor07,236476538,27.42,81.37,2025-08-18 23:35:27+00:00,33.987012,-81.049818,56.1,14.57,0.4,70.64,16.0,3D,2025-08-18 19:35:27-04:00,POINT (-81.049818 33.987012)
2025-08-18 15:44:28 UTC,sensor07,236476538,27.21,82.04,2025-08-18 23:35:32+00:00,33.987235,-81.049062,54.1,15.27,-0.3,69.18,16.0,3D,2025-08-18 19:35:32-04:00,POINT (-81.049062 33.987235)
2025-08-18 15:45:03 UTC,sensor07,236476538,26.61,86.25,2025-08-18 23:36:07+00:00,33.988925,-81.043345,48.8,13.49,0.0,70.74,16.0,3D,2025-08-18 19:36:07-04:00,POINT (-81.043345 33.988925)
2025-08-18 15:45:08 UTC,sensor07,236476538,26.94,85.93,2025-08-18 23:36:09+00:00,33.988985,-81.04306,52.5,12.77,2.2,71.0,16.0,3D,2025-08-18 19:36:09-04:00,POINT (-81.04306 33.988985)
2025-08-18 15:45:13 UTC,sensor07,236476538,27.3,84.52,2025-08-18 23:36:17+00:00,33.989353,-81.042088,55.6,10.92,0.47,70.37,16.0,3D,2025-08-18 19:36:17-04:00,POINT (-81.042088 33.989353)
2025-08-18 15:45:18 UTC,sensor07,236476538,27.59,83.22,2025-08-18 23:36:23+00:00,33.989493,-81.041625,55.5,5.47,0.1,0.0,16.0,3D,2025-08-18 19:36:23-04:00,POINT (-81.041625 33.989493)
2025-08-18 15:45:43 UTC,sensor07,236476538,27.91,81.65,2025-08-18 23:36:48+00:00,33.989523,-81.041512,55.1,2.53,-0.1,0.0,8.0,3D,2025-08-18 19:36:48-04:00,POINT (-81.041512 33.989523)
2025-08-18 15:45:49 UTC,sensor07,236476538,27.85,81.09,2025-08-18 23:36:53+00:00,33.989603,-81.04118,55.5,8.97,0.2,0.0,9.0,3D,2025-08-18 19:36:53-04:00,POINT (-81.04118 33.989603)
2025-08-18 15:45:54 UTC,sensor07,236476538,27.74,81.51,2025-08-18 23:36:58+00:00,33.989768,-81.040642,57.5,11.52,0.7,0.0,13.0,3D,2025-08-18 19:36:58-04:00,POINT (-81.040642 33.989768)
2025-08-18 15:45:59 UTC,sensor07,236476538,27.64,81.85,2025-08-18 23:37:03+00:00,33.989975,-81.040025,60.7,12.79,0.6,0.0,16.0,3D,2025-08-18 19:37:03-04:00,POINT (-81.040025 33.989975)
2025-08-18 15:46:04 UTC,sensor07,236476538,27.41,82.36,2025-08-18 23:37:08+00:00,33.990168,-81.039345,63.7,13.45,0.6,0.0,16.0,3D,2025-08-18 19:37:08-04:00,POINT (-81.039345 33.990168)
2025-08-18 15:46:09 UTC,sensor07,236476538,27.54,82.51,2025-08-18 23:37:13+00:00,33.990405,-81.038635,68.3,13.71,1.1,69.04,16.0,3D,2025-08-18 19:37:13-04:00,POINT (-81.038635 33.990405)
2025-08-18 15:46:14 UTC,sensor07,236476538,27.28,82.37,2025-08-18 23:37:18+00:00,33.990613,-81.037908,69.7,13.82,0.8,68.54,16.0,3D,2025-08-18 19:37:18-04:00,POINT (-81.037908 33.990613)
2025-08-18 15:46:19 UTC,sensor07,236476538,27.03,83.66,2025-08-18 23:37:23+00:00,33.990803,-81.037168,65.9,13.8,-1.3,68.39,16.0,3D,2025-08-18 19:37:23-04:00,POINT (-81.037168 33.990803)
2025-08-18 15:46:24 UTC,sensor07,236476538,27.22,84.45,2025-08-18 23:37:28+00:00,33.991037,-81.036447,62.5,13.26,-0.6,71.99,16.0,3D,2025-08-18 19:37:28-04:00,POINT (-81.036447 33.991037)
2025-08-18 15:46:29 UTC,sensor07,236476538,27.06,84.41,2025-08-18 23:37:33+00:00,33.991175,-81.035835,66.6,11.55,0.7,71.08,16.0,3D,2025-08-18 19:37:33-04:00,POINT (-81.035835 33.991175)
2025-08-18 15:46:34 UTC,sensor07,236476538,26.8,85.21,2025-08-18 23:37:38+00:00,33.991352,-81.035343,68.3,7.74,0.5,70.83,16.0,3D,2025-08-18 19:37:38-04:00,POINT (-81.035343 33.991352)
2025-08-18 15:46:39 UTC,sensor07,236476538,26.83,85.24,2025-08-18 23:37:43+00:00,33.991435,-81.035065,69.6,3.4,0.3,72.37,16.0,3D,2025-08-18 19:37:43-04:00,POINT (-81.035065 33.991435)
2025-08-18 15:47:14 UTC,sensor07,236476538,26.77,85.74,2025-08-18 23:38:19+00:00,33.99157,-81.034647,69.5,7.39,-0.3,0.0,16.0,3D,2025-08-18 19:38:19-04:00,POINT (-81.034647 33.99157)
2025-08-18 15:47:19 UTC,sensor07,236476538,26.77,85.96,2025-08-18 23:38:24+00:00,33.991745,-81.034207,70.7,9.38,0.4,0.0,16.0,3D,2025-08-18 19:38:24-04:00,POINT (-81.034207 33.991745)
2025-08-18 15:47:24 UTC,sensor07,236476538,26.78,86.27,2025-08-18 23:38:29+00:00,33.991935,-81.033698,72.1,10.47,-0.2,68.68,16.0,3D,2025-08-18 19:38:29-04:00,POINT (-81.033698 33.991935)
2025-08-18 15:47:29 UTC,sensor07,236476538,26.74,85.83,2025-08-18 23:38:34+00:00,33.992127,-81.033133,73.6,10.76,-0.4,68.84,16.0,3D,2025-08-18 19:38:34-04:00,POINT (-81.033133 33.992127)
2025-08-18 15:47:34 UTC,sensor07,236476538,26.76,84.95,2025-08-18 23:38:39+00:00,33.99227,-81.032545,75.4,10.29,-0.7,67.08,16.0,3D,2025-08-18 19:38:39-04:00,POINT (-81.032545 33.99227)
2025-08-18 15:47:40 UTC,sensor07,236476538,26.89,84.79,2025-08-18 23:38:44+00:00,33.9924,-81.032198,77.8,4.18,0.3,62.86,16.0,3D,2025-08-18 19:38:44-04:00,POINT (-81.032198 33.9924)
2025-08-18 15:47:45 UTC,sensor07,236476538,26.95,84.33,2025-08-18 23:38:49+00:00,33.99246,-81.032015,79.1,4.92,0.3,69.58,16.0,3D,2025-08-18 19:38:49-04:00,POINT (-81.032015 33.99246)
2025-08-18 15:47:50 UTC,sensor07,236476538,27.04,83.97,2025-08-18 23:38:54+00:00,33.992558,-81.031648,77.3,8.15,-1.0,69.28,16.0,3D,2025-08-18 19:38:54-04:00,POINT (-81.031648 33.992558)
2025-08-18 15:47:55 UTC,sensor07,236476538,27.38,83.71,2025-08-18 23:38:59+00:00,33.992703,-81.031168,76.8,10.16,0.7,65.48,16.0,3D,2025-08-18 19:38:59-04:00,POINT (-81.031168 33.992703)
2025-08-18 15:48:00 UTC,sensor07,236476538,27.32,82.96,2025-08-18 23:39:04+00:00,33.992867,-81.030788,82.9,5.24,1.0,61.52,16.0,3D,2025-08-18 19:39:04-04:00,POINT (-81.030788 33.992867)
2025-08-18 15:48:20 UTC,sensor07,236476538,27.48,82.9,2025-08-18 23:39:24+00:00,33.993032,-81.030573,97.4,3.02,0.2,64.63,16.0,3D,2025-08-18 19:39:24-04:00,POINT (-81.030573 33.993032)
2025-08-18 15:48:25 UTC,sensor07,236476538,27.47,82.63,2025-08-18 23:39:29+00:00,33.993125,-81.030327,98.9,6.36,0.4,66.6,16.0,3D,2025-08-18 19:39:29-04:00,POINT (-81.030327 33.993125)
2025-08-18 15:48:30 UTC,sensor07,236476538,27.5,82.77,2025-08-18 23:39:34+00:00,33.993232,-81.029937,99.5,8.67,-0.1,72.51,16.0,3D,2025-08-18 19:39:34-04:00,POINT (-81.029937 33.993232)
2025-08-18 15:48:35 UTC,sensor07,236476538,27.48,82.71,2025-08-18 23:39:39+00:00,33.99337,-81.029453,99.6,8.98,0.0,68.04,16.0,3D,2025-08-18 19:39:39-04:00,POINT (-81.029453 33.99337)
2025-08-18 15:48:40 UTC,sensor07,236476538,27.28,82.63,2025-08-18 23:39:44+00:00,33.993478,-81.029103,100.0,4.66,0.0,69.19,16.0,3D,2025-08-18 19:39:44-04:00,POINT (-81.029103 33.993478)
2025-08-18 15:49:05 UTC,sensor07,236476538,27.42,83.36,2025-08-18 23:40:10+00:00,33.993572,-81.028688,99.3,5.44,0.1,0.0,16.0,3D,2025-08-18 19:40:10-04:00,POINT (-81.028688 33.993572)
2025-08-18 15:49:10 UTC,sensor07,236476538,27.4,83.26,2025-08-18 23:40:15+00:00,33.993663,-81.028322,98.8,7.07,-0.1,0.0,16.0,3D,2025-08-18 19:40:15-04:00,POINT (-81.028322 33.993663)
2025-08-18 15:49:15 UTC,sensor07,236476538,27.37,83.5,2025-08-18 23:40:20+00:00,33.99379,-81.027842,98.5,9.99,0.0,69.75,16.0,3D,2025-08-18 19:40:20-04:00,POINT (-81.027842 33.99379)
2025-08-18 15:49:20 UTC,sensor07,236476538,27.52,83.25,2025-08-18 23:40:25+00:00,33.993975,-81.027298,97.4,11.8,-0.3,66.3,16.0,3D,2025-08-18 19:40:25-04:00,POINT (-81.027298 33.993975)
2025-08-18 15:49:26 UTC,sensor07,236476538,27.28,83.01,2025-08-18 23:40:30+00:00,33.99416,-81.026697,95.6,11.84,-0.3,67.94,16.0,3D,2025-08-18 19:40:30-04:00,POINT (-81.026697 33.99416)
2025-08-18 15:49:31 UTC,sensor07,236476538,27.11,83.84,2025-08-18 23:40:35+00:00,33.994362,-81.026108,94.2,11.76,-0.3,69.38,16.0,3D,2025-08-18 19:40:35-04:00,POINT (-81.026108 33.994362)
2025-08-18 15:49:36 UTC,sensor07,236476538,26.86,84.09,2025-08-18 23:40:40+00:00,33.994567,-81.0255,92.8,12.33,0.1,67.61,16.0,3D,2025-08-18 19:40:40-04:00,POINT (-81.0255 33.994567)
2025-08-18 15:49:41 UTC,sensor07,236476538,26.51,85.68,2025-08-18 23:40:45+00:00,33.994783,-81.024847,90.9,13.41,-0.4,68.32,16.0,3D,2025-08-18 19:40:45-04:00,POINT (-81.024847 33.994783)
2025-08-18 15:49:46 UTC,sensor07,236476538,26.54,86.9,2025-08-18 23:40:50+00:00,33.995018,-81.024185,89.0,13.06,-0.2,64.23,16.0,3D,2025-08-18 19:40:50-04:00,POINT (-81.024185 33.995018)
2025-08-18 15:49:51 UTC,sensor07,236476538,26.46,87.18,2025-08-18 23:40:55+00:00,33.995315,-81.0236,88.0,12.34,-0.2,53.04,16.0,3D,2025-08-18 19:40:55-04:00,POINT (-81.0236 33.995315)
2025-08-18 15:49:56 UTC,sensor07,236476538,26.3,87.93,2025-08-18 23:41:00+00:00,33.995683,-81.0231,84.6,12.35,-0.4,47.02,16.0,3D,2025-08-18 19:41:00-04:00,POINT (-81.0231 33.995683)
2025-08-18 15:50:01 UTC,sensor07,236476538,26.1,88.59,2025-08-18 23:41:05+00:00,33.996043,-81.02259,80.8,12.38,-0.2,45.78,16.0,3D,2025-08-18 19:41:05-04:00,POINT (-81.02259 33.996043)
2025-08-18 15:50:06 UTC,sensor07,236476538,26.03,88.66,2025-08-18 23:41:10+00:00,33.996437,-81.022158,79.0,10.68,-0.2,40.94,16.0,3D,2025-08-18 19:41:10-04:00,POINT (-81.022158 33.996437)
2025-08-18 15:50:11 UTC,sensor07,236476538,25.86,88.95,2025-08-18 23:41:15+00:00,33.996745,-81.021805,77.4,7.3,-0.3,44.08,16.0,3D,2025-08-18 19:41:15-04:00,POINT (-81.021805 33.996745)
2025-08-18 15:50:16 UTC,sensor07,236476538,25.89,89.36,2025-08-18 23:41:20+00:00,33.996907,-81.021628,76.2,2.75,-0.3,44.1,16.0,3D,2025-08-18 19:41:20-04:00,POINT (-81.021628 33.996907)
2025-08-18 15:50:21 UTC,sensor07,236476538,25.93,89.39,2025-08-18 23:41:25+00:00,33.99697,-81.021567,76.0,2.64,0.0,48.26,16.0,3D,2025-08-18 19:41:25-04:00,POINT (-81.021567 33.99697)
2025-08-18 15:50:26 UTC,sensor07,236476538,26.05,89.84,2025-08-18 23:41:30+00:00,33.99716,-81.021365,75.2,7.79,-0.3,41.84,16.0,3D,2025-08-18 19:41:30-04:00,POINT (-81.021365 33.99716)
2025-08-18 15:50:31 UTC,sensor07,236476538,26.26,89.91,2025-08-18 23:41:35+00:00,33.997462,-81.021023,74.8,10.12,0.0,44.06,16.0,3D,2025-08-18 19:41:35-04:00,POINT (-81.021023 33.997462)
2025-08-18 15:50:36 UTC,sensor07,236476538,26.32,88.27,2025-08-18 23:41:41+00:00,33.997835,-81.020515,74.5,10.9,0.0,0.0,16.0,3D,2025-08-18 19:41:41-04:00,POINT (-81.020515 33.997835)
2025-08-18 15:50:41 UTC,sensor07,236476538,26.22,88.46,2025-08-18 23:41:46+00:00,33.998092,-81.01998,74.1,11.68,-0.2,0.0,16.0,3D,2025-08-18 19:41:46-04:00,POINT (-81.01998 33.998092)
2025-08-18 15:50:46 UTC,sensor07,236476538,26.01,88.93,2025-08-18 23:41:51+00:00,33.998257,-81.019385,74.1,11.04,-0.1,0.0,16.0,3D,2025-08-18 19:41:51-04:00,POINT (-81.019385 33.998257)
2025-08-18 15:50:51 UTC,sensor07,236476538,26.26,88.84,2025-08-18 23:41:56+00:00,33.99825,-81.01881,70.8,12.74,-2.9,0.0,16.0,3D,2025-08-18 19:41:56-04:00,POINT (-81.01881 33.99825)
2025-08-18 15:50:56 UTC,sensor07,236476538,26.68,87.14,2025-08-18 23:42:01+00:00,33.998193,-81.018303,67.7,9.46,-2.0,0.0,16.0,3D,2025-08-18 19:42:01-04:00,POINT (-81.018303 33.998193)
2025-08-18 15:51:01 UTC,sensor07,236476538,26.88,85.74,2025-08-18 23:42:06+00:00,33.9981,-81.017918,64.6,4.31,0.8,109.39,16.0,3D,2025-08-18 19:42:06-04:00,POINT (-81.017918 33.9981)
2025-08-18 15:51:11 UTC,sensor07,236476538,26.88,85.16,2025-08-18 23:42:14+00:00,33.998045,-81.017708,63.2,3.15,-0.05,94.93,16.0,3D,2025-08-18 19:42:14-04:00,POINT (-81.017708 33.998045)
2025-08-18 15:51:17 UTC,sensor07,236476538,26.86,85.05,2025-08-18 23:42:21+00:00,33.998203,-81.0175,63.4,4.93,0.1,20.58,16.0,3D,2025-08-18 19:42:21-04:00,POINT (-81.0175 33.998203)
2025-08-18 15:51:22 UTC,sensor07,236476538,26.77,85.2,2025-08-18 23:42:26+00:00,33.998427,-81.017365,64.9,4.9,0.1,46.12,16.0,3D,2025-08-18 19:42:26-04:00,POINT (-81.017365 33.998427)
2025-08-18 15:51:27 UTC,sensor07,236476538,26.84,85.5,2025-08-18 23:42:31+00:00,33.998517,-81.017107,66.9,5.17,0.5,70.8,16.0,3D,2025-08-18 19:42:31-04:00,POINT (-81.017107 33.998517)
2025-08-18 15:51:32 UTC,sensor07,236476538,26.93,84.5,2025-08-18 23:42:36+00:00,33.99861,-81.016845,68.3,5.73,0.5,70.36,16.0,3D,2025-08-18 19:42:36-04:00,POINT (-81.016845 33.99861)
2025-08-18 15:51:37 UTC,sensor07,236476538,27.06,84.18,2025-08-18 23:42:41+00:00,33.998707,-81.01655,69.0,5.93,0.0,69.19,16.0,3D,2025-08-18 19:42:41-04:00,POINT (-81.01655 33.998707)
2025-08-18 15:51:42 UTC,sensor07,236476538,27.12,82.79,2025-08-18 23:42:46+00:00,33.998837,-81.016285,72.9,4.64,1.3,60.9,16.0,3D,2025-08-18 19:42:46-04:00,POINT (-81.016285 33.998837)
2025-08-18 15:53:03 UTC,sensor07,236476538,27.1,80.99,2025-08-18 23:44:07+00:00,33.998945,-81.016115,74.9,4.43,0.1,56.13,16.0,3D,2025-08-18 19:44:07-04:00,POINT (-81.016115 33.998945)
2025-08-18 15:53:08 UTC,sensor07,236476538,26.82,81.61,2025-08-18 23:44:10+00:00,33.999072,-81.016022,74.9,5.67,0.0,14.79,16.0,3D,2025-08-18 19:44:10-04:00,POINT (-81.016022 33.999072)
2025-08-18 15:53:13 UTC,sensor07,236476538,26.76,82.49,2025-08-18 23:44:17+00:00,33.999555,-81.016207,74.6,8.92,-0.04,339.83,16.0,3D,2025-08-18 19:44:17-04:00,POINT (-81.016207 33.999555)
2025-08-18 15:53:18 UTC,sensor07,236476538,26.93,83.61,2025-08-18 23:44:22+00:00,33.999913,-81.016355,74.2,7.74,-0.3,340.58,16.0,3D,2025-08-18 19:44:22-04:00,POINT (-81.016355 33.999913)
2025-08-18 15:53:23 UTC,sensor07,236476538,27.06,83.91,2025-08-18 23:44:27+00:00,34.000178,-81.016462,73.7,4.8,-0.2,342.02,16.0,3D,2025-08-18 19:44:27-04:00,POINT (-81.016462 34.000178)
2025-08-18 15:53:38 UTC,sensor07,236476538,26.74,84.46,2025-08-18 23:44:42+00:00,34.000397,-81.016268,73.8,5.96,0.0,68.98,16.0,3D,2025-08-18 19:44:42-04:00,POINT (-81.016268 34.000397)
2025-08-18 15:53:43 UTC,sensor07,236476538,26.58,84.78,2025-08-18 23:44:47+00:00,34.000522,-81.015937,74.3,6.99,0.0,68.17,16.0,3D,2025-08-18 19:44:47-04:00,POINT (-81.015937 34.000522)
2025-08-18 15:53:48 UTC,sensor07,236476538,26.52,85.94,2025-08-18 23:44:52+00:00,34.000628,-81.015592,74.9,5.55,0.1,69.13,16.0,3D,2025-08-18 19:44:52-04:00,POINT (-81.015592 34.000628)
2025-08-18 15:53:58 UTC,sensor07,236476538,26.23,86.79,2025-08-18 23:45:02+00:00,34.000732,-81.01538,75.3,4.33,-0.1,32.7,16.0,3D,2025-08-18 19:45:02-04:00,POINT (-81.01538 34.000732)
2025-08-18 15:54:03 UTC,sensor07,236476538,25.97,88.04,2025-08-18 23:45:07+00:00,34.001012,-81.01515,75.6,8.34,0.1,33.58,16.0,3D,2025-08-18 19:45:07-04:00,POINT (-81.01515 34.001012)
2025-08-18 15:54:08 UTC,sensor07,236476538,25.9,88.83,2025-08-18 23:45:12+00:00,34.001357,-81.014872,76.0,8.69,0.1,34.41,16.0,3D,2025-08-18 19:45:12-04:00,POINT (-81.014872 34.001357)
2025-08-18 15:54:13 UTC,sensor07,236476538,25.86,88.54,2025-08-18 23:45:17+00:00,34.001655,-81.014627,76.5,7.51,0.1,32.02,16.0,3D,2025-08-18 19:45:17-04:00,POINT (-81.014627 34.001655)
2025-08-18 15:54:18 UTC,sensor07,236476538,25.86,88.11,2025-08-18 23:45:23+00:00,34.002017,-81.014317,76.9,8.24,0.1,0.0,16.0,3D,2025-08-18 19:45:23-04:00,POINT (-81.014317 34.002017)
2025-08-18 15:54:23 UTC,sensor07,236476538,25.93,87.84,2025-08-18 23:45:28+00:00,34.00219,-81.014082,77.2,3.67,0.1,0.0,16.0,3D,2025-08-18 19:45:28-04:00,POINT (-81.014082 34.00219)
2025-08-18 15:54:28 UTC,sensor07,236476538,25.73,88.12,2025-08-18 23:45:33+00:00,34.002335,-81.013893,77.2,6.04,0.0,0.0,16.0,3D,2025-08-18 19:45:33-04:00,POINT (-81.013893 34.002335)
2025-08-18 15:54:33 UTC,sensor07,236476538,25.62,88.17,2025-08-18 23:45:38+00:00,34.00256,-81.013598,77.9,7.81,0.2,0.0,4.0,3D,2025-08-18 19:45:38-04:00,POINT (-81.013598 34.00256)
2025-08-18 15:54:38 UTC,sensor07,236476538,25.65,87.84,2025-08-18 23:45:43+00:00,34.002643,-81.01335,78.3,3.71,0.0,0.0,4.0,3D,2025-08-18 19:45:43-04:00,POINT (-81.01335 34.002643)
2025-08-18 15:54:43 UTC,sensor07,236476538,25.68,88.38,2025-08-18 23:45:48+00:00,34.002493,-81.013142,78.1,5.8,-0.1,0.0,9.0,3D,2025-08-18 19:45:48-04:00,POINT (-81.013142 34.002493)
2025-08-18 15:54:49 UTC,sensor07,236476538,25.68,88.28,2025-08-18 23:45:53+00:00,34.002343,-81.012918,77.7,4.28,0.1,0.0,9.0,3D,2025-08-18 19:45:53-04:00,POINT (-81.012918 34.002343)
2025-08-18 23:06:45 UTC,sensor08,236476534,26.06,88.03,2025-08-18 23:06:45+00:00,34.0024,-81.012885,84.0,5.25,0.0,0.0,10.0,3D,2025-08-18 19:06:45-04:00,POINT (-81.012885 34.0024)
2025-08-18 23:06:50 UTC,sensor08,236476534,25.97,88.48,2025-08-18 23:06:50+00:00,34.002565,-81.013133,84.6,5.69,0.2,0.0,10.0,3D,2025-08-18 19:06:50-04:00,POINT (-81.013133 34.002565)
2025-08-18 23:06:55 UTC,sensor08,236476534,25.9,89.2,2025-08-18 23:06:55+00:00,34.002667,-81.013307,85.1,2.49,0.2,0.0,4.0,3D,2025-08-18 19:06:55-04:00,POINT (-81.013307 34.002667)
2025-08-18 23:07:00 UTC,sensor08,236476534,26.07,89.1,2025-08-18 23:07:00+00:00,34.002695,-81.013355,85.6,2.29,0.1,0.0,4.0,3D,2025-08-18 19:07:00-04:00,POINT (-81.013355 34.002695)
2025-08-18 23:07:05 UTC,sensor08,236476534,26.01,88.52,2025-08-18 23:07:05+00:00,34.00269,-81.01352,85.9,4.58,0.2,0.0,8.0,3D,2025-08-18 19:07:05-04:00,POINT (-81.01352 34.00269)
2025-08-18 23:07:10 UTC,sensor08,236476534,25.88,88.37,2025-08-18 23:07:10+00:00,34.002473,-81.013763,86.6,6.74,0.1,0.0,8.0,3D,2025-08-18 19:07:10-04:00,POINT (-81.013763 34.002473)
2025-08-18 23:07:15 UTC,sensor08,236476534,25.9,89.16,2025-08-18 23:07:12+00:00,34.00242,-81.013825,86.5,2.65,-0.2,227.48,10.0,3D,2025-08-18 19:07:12-04:00,POINT (-81.013825 34.00242)
2025-08-18 23:07:20 UTC,sensor08,236476534,25.91,89.3,2025-08-18 23:07:20+00:00,34.002145,-81.014182,86.6,7.93,-0.05,0.0,10.0,3D,2025-08-18 19:07:20-04:00,POINT (-81.014182 34.002145)
2025-08-18 23:07:25 UTC,sensor08,236476534,25.86,88.87,2025-08-18 23:07:25+00:00,34.001805,-81.014532,86.7,10.13,0.0,211.45,10.0,3D,2025-08-18 19:07:25-04:00,POINT (-81.014532 34.001805)
2025-08-18 23:07:30 UTC,sensor08,236476534,25.85,89.43,2025-08-18 23:07:26+00:00,34.00173,-81.014592,86.2,10.14,-0.5,209.11,10.0,3D,2025-08-18 19:07:26-04:00,POINT (-81.014592 34.00173)
2025-08-18 23:07:35 UTC,sensor08,236476534,25.75,89.73,2025-08-18 23:07:26+00:00,34.00173,-81.014592,86.2,10.14,-0.5,209.11,10.0,3D,2025-08-18 19:07:26-04:00,POINT (-81.014592 34.00173)
2025-08-18 23:07:40 UTC,sensor08,236476534,25.72,90.35,2025-08-18 23:07:37+00:00,34.000945,-81.015238,84.7,5.88,-0.14,216.39,10.0,3D,2025-08-18 19:07:37-04:00,POINT (-81.015238 34.000945)
2025-08-18 23:07:45 UTC,sensor08,236476534,25.75,90.04,2025-08-18 23:07:37+00:00,34.000945,-81.015238,84.7,5.88,-0.14,216.39,10.0,3D,2025-08-18 19:07:37-04:00,POINT (-81.015238 34.000945)
2025-08-18 23:07:50 UTC,sensor08,236476534,25.85,89.84,2025-08-18 23:07:50+00:00,34.000592,-81.015897,82.9,4.12,-0.3,249.69,10.0,3D,2025-08-18 19:07:50-04:00,POINT (-81.015897 34.000592)
2025-08-18 23:07:55 UTC,sensor08,236476534,25.98,89.94,2025-08-18 23:07:53+00:00,34.000558,-81.016003,82.5,3.13,-0.1,0.0,10.0,3D,2025-08-18 19:07:53-04:00,POINT (-81.016003 34.000558)
2025-08-18 23:09:36 UTC,sensor08,236476534,26.68,88.06,2025-08-18 23:09:36+00:00,34.000457,-81.016298,82.5,5.84,0.1,0.0,9.0,3D,2025-08-18 19:09:36-04:00,POINT (-81.016298 34.000457)
2025-08-18 23:09:41 UTC,sensor08,236476534,26.53,87.32,2025-08-18 23:09:36+00:00,34.000457,-81.016298,82.5,5.84,0.1,0.0,9.0,3D,2025-08-18 19:09:36-04:00,POINT (-81.016298 34.000457)
2025-08-18 23:09:46 UTC,sensor08,236476534,26.67,87.18,2025-08-18 23:09:46+00:00,34.000748,-81.01666,83.4,10.07,0.3,339.35,9.0,3D,2025-08-18 19:09:46-04:00,POINT (-81.01666 34.000748)
2025-08-18 23:09:51 UTC,sensor08,236476534,26.86,86.78,2025-08-18 23:09:51+00:00,34.001253,-81.016893,83.1,12.86,0.3,339.33,9.0,3D,2025-08-18 19:09:51-04:00,POINT (-81.016893 34.001253)
2025-08-18 23:09:56 UTC,sensor08,236476534,26.92,86.14,2025-08-18 23:09:56+00:00,34.001843,-81.017152,84.5,14.22,0.5,339.67,9.0,3D,2025-08-18 19:09:56-04:00,POINT (-81.017152 34.001843)
2025-08-18 23:10:01 UTC,sensor08,236476534,26.68,86.44,2025-08-18 23:10:01+00:00,34.002433,-81.017418,86.4,13.35,0.3,340.22,9.0,3D,2025-08-18 19:10:01-04:00,POINT (-81.017418 34.002433)
2025-08-18 23:10:06 UTC,sensor08,236476534,26.54,87.2,2025-08-18 23:10:06+00:00,34.002953,-81.017642,87.7,10.59,0.1,339.82,9.0,3D,2025-08-18 19:10:06-04:00,POINT (-81.017642 34.002953)
2025-08-18 23:10:12 UTC,sensor08,236476534,26.81,87.6,2025-08-18 23:10:11+00:00,34.003405,-81.017845,88.1,11.26,0.0,340.47,9.0,3D,2025-08-18 19:10:11-04:00,POINT (-81.017845 34.003405)
2025-08-18 23:10:17 UTC,sensor08,236476534,26.47,86.43,2025-08-18 23:10:16+00:00,34.00393,-81.018073,87.2,12.57,0.0,339.37,9.0,3D,2025-08-18 19:10:16-04:00,POINT (-81.018073 34.00393)
2025-08-18 23:10:22 UTC,sensor08,236476534,26.25,87.6,2025-08-18 23:10:21+00:00,34.004473,-81.018315,86.4,12.55,0.0,339.56,9.0,3D,2025-08-18 19:10:21-04:00,POINT (-81.018315 34.004473)
2025-08-18 23:10:27 UTC,sensor08,236476534,26.28,88.26,2025-08-18 23:10:26+00:00,34.004962,-81.018533,86.3,10.78,-0.2,340.15,9.0,3D,2025-08-18 19:10:26-04:00,POINT (-81.018533 34.004962)
2025-08-18 23:10:32 UTC,sensor08,236476534,26.34,88.25,2025-08-18 23:10:31+00:00,34.005318,-81.01869,86.8,5.85,0.2,341.67,9.0,3D,2025-08-18 19:10:31-04:00,POINT (-81.01869 34.005318)
2025-08-18 23:10:47 UTC,sensor08,236476534,26.91,87.62,2025-08-18 23:10:46+00:00,34.005783,-81.018892,90.1,9.36,0.2,341.09,9.0,3D,2025-08-18 19:10:46-04:00,POINT (-81.018892 34.005783)
2025-08-18 23:10:52 UTC,sensor08,236476534,26.95,85.8,2025-08-18 23:10:51+00:00,34.006248,-81.019113,91.6,12.4,0.4,339.05,9.0,3D,2025-08-18 19:10:51-04:00,POINT (-81.019113 34.006248)
2025-08-18 23:10:57 UTC,sensor08,236476534,26.96,85.59,2025-08-18 23:10:56+00:00,34.00678,-81.019372,95.1,12.35,0.9,338.14,9.0,3D,2025-08-18 19:10:56-04:00,POINT (-81.019372 34.00678)
2025-08-18 23:11:02 UTC,sensor08,236476534,26.85,85.47,2025-08-18 23:11:02+00:00,34.007432,-81.01968,97.1,13.79,0.6,0.0,9.0,3D,2025-08-18 19:11:02-04:00,POINT (-81.01968 34.007432)
2025-08-18 23:11:07 UTC,sensor08,236476534,26.82,85.21,2025-08-18 23:11:07+00:00,34.008068,-81.019982,97.4,15.39,-0.1,0.0,9.0,3D,2025-08-18 19:11:07-04:00,POINT (-81.019982 34.008068)
2025-08-18 23:11:12 UTC,sensor08,236476534,26.77,84.88,2025-08-18 23:11:12+00:00,34.008705,-81.020285,98.6,15.17,0.2,0.0,9.0,3D,2025-08-18 19:11:12-04:00,POINT (-81.020285 34.008705)
2025-08-18 23:11:17 UTC,sensor08,236476534,26.83,83.71,2025-08-18 23:11:17+00:00,34.009358,-81.02056,100.2,15.01,0.0,0.0,9.0,3D,2025-08-18 19:11:17-04:00,POINT (-81.02056 34.009358)
2025-08-18 23:11:22 UTC,sensor08,236476534,26.97,84.05,2025-08-18 23:11:22+00:00,34.00993,-81.02081,100.9,12.36,0.1,338.31,9.0,3D,2025-08-18 19:11:22-04:00,POINT (-81.02081 34.00993)
2025-08-18 23:11:27 UTC,sensor08,236476534,26.93,83.39,2025-08-18 23:11:27+00:00,34.010417,-81.021042,101.3,10.37,-0.1,337.78,9.0,3D,2025-08-18 19:11:27-04:00,POINT (-81.021042 34.010417)
2025-08-18 23:11:32 UTC,sensor08,236476534,26.94,83.37,2025-08-18 23:11:32+00:00,34.010742,-81.021228,102.4,5.4,0.5,335.76,9.0,3D,2025-08-18 19:11:32-04:00,POINT (-81.021228 34.010742)
2025-08-18 23:11:42 UTC,sensor08,236476534,27.23,83.83,2025-08-18 23:11:42+00:00,34.010875,-81.021315,102.6,4.05,0.1,341.36,9.0,3D,2025-08-18 19:11:42-04:00,POINT (-81.021315 34.010875)
2025-08-18 23:11:52 UTC,sensor08,236476534,27.15,81.87,2025-08-18 23:11:52+00:00,34.011112,-81.021477,101.9,4.9,-0.4,298.22,9.0,3D,2025-08-18 19:11:52-04:00,POINT (-81.021477 34.011112)
2025-08-18 23:11:57 UTC,sensor08,236476534,26.99,81.77,2025-08-18 23:11:57+00:00,34.011035,-81.021912,100.3,11.62,-0.2,247.91,9.0,3D,2025-08-18 19:11:57-04:00,POINT (-81.021912 34.011035)
2025-08-18 23:12:02 UTC,sensor08,236476534,27.1,82.53,2025-08-18 23:12:02+00:00,34.010805,-81.022608,98.7,14.62,-0.6,249.2,9.0,3D,2025-08-18 19:12:02-04:00,POINT (-81.022608 34.010805)
2025-08-18 23:12:07 UTC,sensor08,236476534,26.94,82.57,2025-08-18 23:12:07+00:00,34.0106,-81.02324,96.5,9.79,-0.3,247.07,9.0,3D,2025-08-18 19:12:07-04:00,POINT (-81.02324 34.0106)
2025-08-18 23:12:12 UTC,sensor08,236476534,27.01,82.67,2025-08-18 23:12:12+00:00,34.01041,-81.023872,93.6,14.04,-0.6,249.75,9.0,3D,2025-08-18 19:12:12-04:00,POINT (-81.023872 34.01041)
2025-08-18 23:12:18 UTC,sensor08,236476534,27.06,82.49,2025-08-18 23:12:17+00:00,34.010175,-81.024628,0.0,15.21,0.0,249.48,9.0,3D,2025-08-18 19:12:17-04:00,POINT (-81.024628 34.010175)
2025-08-18 23:12:23 UTC,sensor08,236476534,27.09,82.25,2025-08-18 23:12:19+00:00,34.010078,-81.024937,96.4,15.14,0.7,0.0,9.0,3D,2025-08-18 19:12:19-04:00,POINT (-81.024937 34.010078)
2025-08-18 23:12:28 UTC,sensor08,236476534,27.06,82.66,2025-08-18 23:12:27+00:00,34.009763,-81.025962,100.1,8.85,0.3,249.55,9.0,3D,2025-08-18 19:12:27-04:00,POINT (-81.025962 34.009763)
2025-08-18 23:13:03 UTC,sensor08,236476534,26.81,83.26,2025-08-18 23:13:03+00:00,34.009653,-81.026325,101.0,5.26,0.1,0.0,9.0,3D,2025-08-18 19:13:03-04:00,POINT (-81.026325 34.009653)
2025-08-18 23:13:08 UTC,sensor08,236476534,26.78,83.7,2025-08-18 23:13:08+00:00,34.009512,-81.026782,101.3,11.17,0.1,0.0,9.0,3D,2025-08-18 19:13:08-04:00,POINT (-81.026782 34.009512)
2025-08-18 23:13:13 UTC,sensor08,236476534,26.77,83.5,2025-08-18 23:13:13+00:00,34.009295,-81.027465,101.5,14.65,0.1,0.0,9.0,3D,2025-08-18 19:13:13-04:00,POINT (-81.027465 34.009295)
2025-08-18 23:13:23 UTC,sensor08,236476534,26.67,83.96,2025-08-18 23:13:23+00:00,34.008822,-81.02901,101.9,11.7,0.0,249.42,9.0,3D,2025-08-18 19:13:23-04:00,POINT (-81.02901 34.008822)
2025-08-18 23:13:43 UTC,sensor08,236476534,27.0,84.46,2025-08-18 23:13:43+00:00,34.008685,-81.029455,102.1,4.88,0.1,249.67,9.0,3D,2025-08-18 19:13:43-04:00,POINT (-81.029455 34.008685)
2025-08-18 23:13:48 UTC,sensor08,236476534,26.82,84.59,2025-08-18 23:13:48+00:00,34.008563,-81.029847,101.9,10.23,-0.1,249.13,9.0,3D,2025-08-18 19:13:48-04:00,POINT (-81.029847 34.008563)
2025-08-18 23:13:53 UTC,sensor08,236476534,26.96,83.94,2025-08-18 23:13:53+00:00,34.008378,-81.03044,101.6,11.54,0.0,249.89,9.0,3D,2025-08-18 19:13:53-04:00,POINT (-81.03044 34.008378)
2025-08-18 23:13:58 UTC,sensor08,236476534,26.98,83.23,2025-08-18 23:13:58+00:00,34.00824,-81.030892,101.7,5.04,0.0,249.59,9.0,3D,2025-08-18 19:13:58-04:00,POINT (-81.030892 34.00824)
2025-08-18 23:14:29 UTC,sensor08,236476534,27.22,82.01,2025-08-18 23:14:28+00:00,34.008162,-81.03115,101.9,7.28,0.0,250.1,9.0,3D,2025-08-18 19:14:28-04:00,POINT (-81.03115 34.008162)
2025-08-18 23:14:34 UTC,sensor08,236476534,26.94,82.24,2025-08-18 23:14:33+00:00,34.007997,-81.031682,102.0,13.24,0.1,249.39,9.0,3D,2025-08-18 19:14:33-04:00,POINT (-81.031682 34.007997)
2025-08-18 23:14:39 UTC,sensor08,236476534,27.02,82.38,2025-08-18 23:14:38+00:00,34.007773,-81.0324,102.1,14.77,0.1,249.8,9.0,3D,2025-08-18 19:14:38-04:00,POINT (-81.0324 34.007773)
2025-08-18 23:14:44 UTC,sensor08,236476534,26.94,82.16,2025-08-18 23:14:43+00:00,34.007545,-81.033163,102.0,14.59,-0.1,250.39,9.0,3D,2025-08-18 19:14:43-04:00,POINT (-81.033163 34.007545)
2025-08-18 23:14:49 UTC,sensor08,236476534,27.17,82.19,2025-08-18 23:14:48+00:00,34.00736,-81.03378,101.8,8.65,0.0,249.58,9.0,3D,2025-08-18 19:14:48-04:00,POINT (-81.03378 34.00736)
2025-08-18 23:15:04 UTC,sensor08,236476534,27.18,81.55,2025-08-18 23:15:04+00:00,34.007303,-81.03415,102.0,2.38,-0.1,0.0,9.0,3D,2025-08-18 19:15:04-04:00,POINT (-81.03415 34.007303)
2025-08-18 23:15:09 UTC,sensor08,236476534,27.46,81.43,2025-08-18 23:15:09+00:00,34.007168,-81.034553,102.5,9.31,0.0,0.0,9.0,3D,2025-08-18 19:15:09-04:00,POINT (-81.034553 34.007168)
2025-08-18 23:15:14 UTC,sensor08,236476534,27.64,81.07,2025-08-18 23:15:14+00:00,34.006983,-81.035087,102.5,11.15,-0.1,249.46,9.0,3D,2025-08-18 19:15:14-04:00,POINT (-81.035087 34.006983)
2025-08-18 23:15:19 UTC,sensor08,236476534,27.73,80.62,2025-08-18 23:15:19+00:00,34.006835,-81.03555,102.7,6.14,0.0,248.28,9.0,3D,2025-08-18 19:15:19-04:00,POINT (-81.03555 34.006835)
2025-08-18 23:15:29 UTC,sensor08,236476534,27.87,80.07,2025-08-18 23:15:29+00:00,34.006743,-81.035948,102.2,6.63,-0.2,250.05,9.0,3D,2025-08-18 19:15:29-04:00,POINT (-81.035948 34.006743)
2025-08-18 23:15:34 UTC,sensor08,236476534,27.81,79.38,2025-08-18 23:15:34+00:00,34.006582,-81.036443,102.1,10.8,0.0,249.34,9.0,3D,2025-08-18 19:15:34-04:00,POINT (-81.036443 34.006582)
2025-08-18 23:15:39 UTC,sensor08,236476534,27.95,78.82,2025-08-18 23:15:39+00:00,34.006428,-81.036938,102.2,7.46,-0.1,250.56,9.0,3D,2025-08-18 19:15:39-04:00,POINT (-81.036938 34.006428)
2025-08-18 23:15:44 UTC,sensor08,236476534,27.97,78.35,2025-08-18 23:15:44+00:00,34.006332,-81.037305,99.0,5.2,-0.2,251.81,9.0,3D,2025-08-18 19:15:44-04:00,POINT (-81.037305 34.006332)
2025-08-18 23:16:40 UTC,sensor08,236476534,27.95,77.71,2025-08-18 23:16:39+00:00,34.006282,-81.037432,99.4,3.87,0.2,248.32,9.0,3D,2025-08-18 19:16:39-04:00,POINT (-81.037432 34.006282)
2025-08-18 23:16:45 UTC,sensor08,236476534,27.83,77.75,2025-08-18 23:16:44+00:00,34.006153,-81.03781,100.2,10.79,0.1,247.29,9.0,3D,2025-08-18 19:16:44-04:00,POINT (-81.03781 34.006153)
2025-08-18 23:16:50 UTC,sensor08,236476534,27.61,78.22,2025-08-18 23:16:49+00:00,34.005938,-81.038447,100.5,13.31,0.0,249.63,9.0,3D,2025-08-18 19:16:49-04:00,POINT (-81.038447 34.005938)
2025-08-18 23:16:55 UTC,sensor08,236476534,27.73,78.1,2025-08-18 23:16:54+00:00,34.005738,-81.03907,100.1,9.58,-0.1,247.01,9.0,3D,2025-08-18 19:16:54-04:00,POINT (-81.03907 34.005738)
2025-08-18 23:17:00 UTC,sensor08,236476534,27.8,77.4,2025-08-18 23:17:00+00:00,34.005512,-81.03929,98.4,7.86,-0.4,0.0,9.0,3D,2025-08-18 19:17:00-04:00,POINT (-81.03929 34.005512)
2025-08-18 23:17:05 UTC,sensor08,236476534,27.71,77.98,2025-08-18 23:17:05+00:00,34.005127,-81.039133,99.5,9.9,0.2,0.0,9.0,3D,2025-08-18 19:17:05-04:00,POINT (-81.039133 34.005127)
2025-08-18 23:17:10 UTC,sensor08,236476534,27.66,77.71,2025-08-18 23:17:10+00:00,34.004682,-81.038918,100.9,10.47,0.2,0.0,9.0,3D,2025-08-18 19:17:10-04:00,POINT (-81.038918 34.004682)
2025-08-18 23:17:45 UTC,sensor08,236476534,27.61,78.15,2025-08-18 23:17:45+00:00,34.004378,-81.03877,102.6,3.29,0.1,165.41,9.0,3D,2025-08-18 19:17:45-04:00,POINT (-81.03877 34.004378)
2025-08-18 23:17:50 UTC,sensor08,236476534,27.56,79.16,2025-08-18 23:17:50+00:00,34.004023,-81.038603,103.1,11.46,0.0,158.87,9.0,3D,2025-08-18 19:17:50-04:00,POINT (-81.038603 34.004023)
2025-08-18 23:17:55 UTC,sensor08,236476534,27.53,79.26,2025-08-18 23:17:55+00:00,34.003487,-81.038365,103.2,12.52,-0.1,159.53,9.0,3D,2025-08-18 19:17:55-04:00,POINT (-81.038365 34.003487)
2025-08-18 23:18:00 UTC,sensor08,236476534,27.51,78.72,2025-08-18 23:18:00+00:00,34.00311,-81.038192,103.0,4.8,0.0,157.88,9.0,3D,2025-08-18 19:18:00-04:00,POINT (-81.038192 34.00311)
2025-08-18 23:18:36 UTC,sensor08,236476534,27.52,79.68,2025-08-18 23:18:35+00:00,34.002985,-81.038138,102.8,4.87,0.0,155.45,9.0,3D,2025-08-18 19:18:35-04:00,POINT (-81.038138 34.002985)
2025-08-18 23:18:41 UTC,sensor08,236476534,27.52,79.65,2025-08-18 23:18:40+00:00,34.002625,-81.03797,102.6,10.63,-0.1,157.53,9.0,3D,2025-08-18 19:18:40-04:00,POINT (-81.03797 34.002625)
2025-08-18 23:18:46 UTC,sensor08,236476534,27.8,78.87,2025-08-18 23:18:45+00:00,34.002168,-81.037765,102.1,9.43,-0.1,159.68,9.0,3D,2025-08-18 19:18:45-04:00,POINT (-81.037765 34.002168)
2025-08-18 23:18:51 UTC,sensor08,236476534,27.75,78.62,2025-08-18 23:18:50+00:00,34.001902,-81.037643,101.7,3.48,0.0,160.92,9.0,3D,2025-08-18 19:18:50-04:00,POINT (-81.037643 34.001902)
2025-08-18 23:19:46 UTC,sensor08,236476534,27.82,78.14,2025-08-18 23:19:46+00:00,34.00164,-81.037535,101.4,6.08,-0.1,160.0,10.0,3D,2025-08-18 19:19:46-04:00,POINT (-81.037535 34.00164)
2025-08-18 23:19:51 UTC,sensor08,236476534,27.84,78.53,2025-08-18 23:19:51+00:00,34.001335,-81.0374,100.8,8.45,-0.1,161.34,10.0,3D,2025-08-18 19:19:51-04:00,POINT (-81.0374 34.001335)
2025-08-18 23:19:56 UTC,sensor08,236476534,27.76,78.86,2025-08-18 23:19:56+00:00,34.000973,-81.037258,100.4,7.78,0.1,159.55,10.0,3D,2025-08-18 19:19:56-04:00,POINT (-81.037258 34.000973)
2025-08-18 23:20:01 UTC,sensor08,236476534,27.73,78.92,2025-08-18 23:20:01+00:00,34.000667,-81.037132,99.9,5.73,-0.1,162.11,10.0,3D,2025-08-18 19:20:01-04:00,POINT (-81.037132 34.000667)
2025-08-18 23:20:26 UTC,sensor08,236476534,27.75,79.26,2025-08-18 23:20:26+00:00,34.00013,-81.036892,99.1,9.83,0.0,159.96,10.0,3D,2025-08-18 19:20:26-04:00,POINT (-81.036892 34.00013)
2025-08-18 23:20:31 UTC,sensor08,236476534,27.91,79.21,2025-08-18 23:20:31+00:00,33.999613,-81.036717,99.3,12.27,-0.1,162.28,10.0,3D,2025-08-18 19:20:31-04:00,POINT (-81.036717 33.999613)
2025-08-18 23:20:37 UTC,sensor08,236476534,27.78,79.18,2025-08-18 23:20:36+00:00,33.999095,-81.036462,98.3,12.33,-0.2,160.91,10.0,3D,2025-08-18 19:20:36-04:00,POINT (-81.036462 33.999095)
2025-08-18 23:20:42 UTC,sensor08,236476534,27.67,79.49,2025-08-18 23:20:41+00:00,33.998583,-81.036222,97.0,12.28,-0.5,162.68,10.0,3D,2025-08-18 19:20:41-04:00,POINT (-81.036222 33.998583)
2025-08-18 23:20:47 UTC,sensor08,236476534,27.69,79.23,2025-08-18 23:20:46+00:00,33.998038,-81.035915,96.2,12.66,0.5,157.85,10.0,3D,2025-08-18 19:20:46-04:00,POINT (-81.035915 33.998038)
2025-08-18 23:20:52 UTC,sensor08,236476534,27.63,79.07,2025-08-18 23:20:51+00:00,33.99763,-81.03577,95.4,6.82,-0.1,158.6,10.0,3D,2025-08-18 19:20:51-04:00,POINT (-81.03577 33.99763)
2025-08-18 23:20:57 UTC,sensor08,236476534,27.68,78.98,2025-08-18 23:20:56+00:00,33.997435,-81.035715,95.7,6.56,0.2,161.55,10.0,3D,2025-08-18 19:20:56-04:00,POINT (-81.035715 33.997435)
2025-08-18 23:21:02 UTC,sensor08,236476534,27.67,79.26,2025-08-18 23:21:01+00:00,33.997023,-81.035477,92.7,12.52,-0.4,158.96,10.0,3D,2025-08-18 19:21:01-04:00,POINT (-81.035477 33.997023)
2025-08-18 23:21:08 UTC,sensor08,236476534,27.58,79.77,2025-08-18 23:21:08+00:00,33.996305,-81.03521,92.3,9.62,0.4,159.11,10.0,3D,2025-08-18 19:21:08-04:00,POINT (-81.03521 33.996305)
2025-08-18 23:21:13 UTC,sensor08,236476534,27.54,79.95,2025-08-18 23:21:13+00:00,33.99603,-81.035153,92.9,4.96,-0.1,184.63,10.0,3D,2025-08-18 19:21:13-04:00,POINT (-81.035153 33.99603)
2025-08-18 23:21:18 UTC,sensor08,236476534,27.44,79.7,2025-08-18 23:21:18+00:00,33.995867,-81.035563,92.4,10.05,0.0,244.38,10.0,3D,2025-08-18 19:21:18-04:00,POINT (-81.035563 33.995867)
2025-08-18 23:21:23 UTC,sensor08,236476534,27.5,79.88,2025-08-18 23:21:23+00:00,33.995723,-81.036087,91.9,8.92,-0.2,250.87,10.0,3D,2025-08-18 19:21:23-04:00,POINT (-81.036087 33.995723)
2025-08-18 23:21:28 UTC,sensor08,236476534,27.44,79.52,2025-08-18 23:21:28+00:00,33.995635,-81.036395,89.8,3.98,-0.3,247.85,10.0,3D,2025-08-18 19:21:28-04:00,POINT (-81.036395 33.995635)
2025-08-18 23:21:34 UTC,sensor08,236476534,27.58,79.21,2025-08-18 23:21:33+00:00,33.995592,-81.03649,87.1,2.91,-1.9,244.85,10.0,3D,2025-08-18 19:21:33-04:00,POINT (-81.03649 33.995592)
2025-08-18 23:21:39 UTC,sensor08,236476534,27.66,78.23,2025-08-18 23:21:38+00:00,33.99543,-81.036647,82.4,6.35,-0.1,164.63,10.0,3D,2025-08-18 19:21:38-04:00,POINT (-81.036647 33.99543)
2025-08-18 23:21:44 UTC,sensor08,236476534,27.52,77.77,2025-08-18 23:21:43+00:00,33.995088,-81.03649,81.9,8.54,-0.2,158.5,10.0,3D,2025-08-18 19:21:43-04:00,POINT (-81.03649 33.995088)
2025-08-18 23:21:49 UTC,sensor08,236476534,27.47,78.23,2025-08-18 23:21:49+00:00,33.994712,-81.036305,81.4,6.35,-0.2,0.0,10.0,3D,2025-08-18 19:21:49-04:00,POINT (-81.036305 33.994712)
2025-08-18 23:21:54 UTC,sensor08,236476534,27.49,78.75,2025-08-18 23:21:54+00:00,33.994513,-81.036202,81.7,3.51,0.1,160.79,10.0,3D,2025-08-18 19:21:54-04:00,POINT (-81.036202 33.994513)
2025-08-18 23:22:25 UTC,sensor08,236476534,27.94,77.59,2025-08-18 23:22:25+00:00,33.994177,-81.036353,83.2,3.82,0.0,0.0,10.0,3D,2025-08-18 19:22:25-04:00,POINT (-81.036353 33.994177)
2025-08-18 23:22:30 UTC,sensor08,236476534,27.82,77.3,2025-08-18 23:22:30+00:00,33.994098,-81.036538,82.6,4.19,0.0,0.0,4.0,3D,2025-08-18 19:22:30-04:00,POINT (-81.036538 33.994098)
2025-08-18 23:22:35 UTC,sensor08,236476534,27.72,76.78,2025-08-18 23:22:35+00:00,33.99402,-81.036832,82.1,8.26,0.0,0.0,8.0,3D,2025-08-18 19:22:35-04:00,POINT (-81.036832 33.99402)
2025-08-18 23:22:40 UTC,sensor08,236476534,27.43,77.88,2025-08-18 23:22:40+00:00,33.993898,-81.037277,81.0,8.66,-0.3,253.15,10.0,3D,2025-08-18 19:22:40-04:00,POINT (-81.037277 33.993898)
2025-08-18 23:22:45 UTC,sensor08,236476534,27.53,78.03,2025-08-18 23:22:45+00:00,33.99389,-81.037627,79.6,4.29,-0.4,264.84,10.0,3D,2025-08-18 19:22:45-04:00,POINT (-81.037627 33.99389)
2025-08-18 23:22:55 UTC,sensor08,236476534,27.59,77.44,2025-08-18 23:22:55+00:00,33.99387,-81.037703,80.6,2.53,0.1,268.38,10.0,3D,2025-08-18 19:22:55-04:00,POINT (-81.037703 33.99387)
2025-08-18 23:23:01 UTC,sensor08,236476534,27.6,77.18,2025-08-18 23:23:00+00:00,33.994018,-81.037885,80.3,6.1,-0.1,329.08,10.0,3D,2025-08-18 19:23:00-04:00,POINT (-81.037885 33.994018)
2025-08-18 23:23:06 UTC,sensor08,236476534,27.52,77.03,2025-08-18 23:23:05+00:00,33.994333,-81.038058,79.8,7.57,-0.1,335.28,10.0,3D,2025-08-18 19:23:05-04:00,POINT (-81.038058 33.994333)
2025-08-18 23:23:11 UTC,sensor08,236476534,27.62,77.11,2025-08-18 23:23:11+00:00,33.994603,-81.038178,79.8,3.67,0.1,0.0,10.0,3D,2025-08-18 19:23:11-04:00,POINT (-81.038178 33.994603)
2025-08-18 23:23:47 UTC,sensor08,236476534,27.8,76.52,2025-08-18 23:23:46+00:00,33.994518,-81.03821,80.2,3.04,0.1,161.09,10.0,3D,2025-08-18 19:23:46-04:00,POINT (-81.03821 33.994518)
2025-08-18 23:23:52 UTC,sensor08,236476534,27.67,76.88,2025-08-18 23:23:52+00:00,33.994177,-81.037972,80.4,8.13,0.1,0.0,10.0,3D,2025-08-18 19:23:52-04:00,POINT (-81.037972 33.994177)
2025-08-18 23:23:57 UTC,sensor08,236476534,27.65,77.35,2025-08-18 23:23:57+00:00,33.993933,-81.03782,80.6,3.97,0.0,0.0,10.0,3D,2025-08-18 19:23:57-04:00,POINT (-81.03782 33.993933)
2025-08-18 23:24:02 UTC,sensor08,236476534,27.67,77.61,2025-08-18 23:24:02+00:00,33.993837,-81.037767,80.9,3.49,-0.1,158.98,10.0,3D,2025-08-18 19:24:02-04:00,POINT (-81.037767 33.993837)
2025-08-18 23:24:07 UTC,sensor08,236476534,27.85,78.49,2025-08-18 23:24:07+00:00,33.993587,-81.037617,80.5,6.61,-0.1,156.55,10.0,3D,2025-08-18 19:24:07-04:00,POINT (-81.037617 33.993587)
2025-08-18 23:24:12 UTC,sensor08,236476534,28.04,79.44,2025-08-18 23:24:12+00:00,33.993347,-81.037563,81.1,4.74,0.3,162.55,10.0,3D,2025-08-18 19:24:12-04:00,POINT (-81.037563 33.993347)
2025-08-18 23:24:17 UTC,sensor08,236476534,27.84,79.15,2025-08-18 23:24:16+00:00,33.993122,-81.037463,81.0,7.95,-0.1,0.0,10.0,3D,2025-08-18 19:24:16-04:00,POINT (-81.037463 33.993122)
2025-08-18 23:24:23 UTC,sensor08,236476534,27.68,79.61,2025-08-18 23:24:16+00:00,33.993122,-81.037463,81.0,4.74,-0.1,152.01,10.0,3D,2025-08-18 19:24:16-04:00,POINT (-81.037463 33.993122)
2025-08-18 23:24:48 UTC,sensor08,236476534,27.47,81.47,2025-08-18 23:24:48+00:00,33.992447,-81.037027,81.0,3.54,0.0,105.35,10.0,3D,2025-08-18 19:24:48-04:00,POINT (-81.037027 33.992447)
2025-08-18 23:24:53 UTC,sensor08,236476534,27.42,81.98,2025-08-18 23:24:53+00:00,33.99253,-81.036673,80.2,6.21,-0.2,64.38,10.0,3D,2025-08-18 19:24:53-04:00,POINT (-81.036673 33.99253)
2025-08-18 23:24:58 UTC,sensor08,236476534,27.45,81.38,2025-08-18 23:24:58+00:00,33.992643,-81.036365,80.4,7.5,0.1,66.48,10.0,3D,2025-08-18 19:24:58-04:00,POINT (-81.036365 33.992643)
2025-08-18 23:25:04 UTC,sensor08,236476534,27.4,81.96,2025-08-18 23:25:03+00:00,33.992777,-81.035957,80.3,7.73,0.0,71.3,10.0,3D,2025-08-18 19:25:03-04:00,POINT (-81.035957 33.992777)
2025-08-18 23:25:09 UTC,sensor08,236476534,27.32,82.44,2025-08-18 23:25:08+00:00,33.992865,-81.03565,79.4,3.7,0.1,78.25,10.0,3D,2025-08-18 19:25:08-04:00,POINT (-81.03565 33.992865)
2025-08-18 23:25:19 UTC,sensor08,236476534,27.24,81.18,2025-08-18 23:25:19+00:00,33.992818,-81.035472,77.9,2.97,-0.1,0.0,10.0,3D,2025-08-18 19:25:19-04:00,POINT (-81.035472 33.992818)
2025-08-18 23:25:24 UTC,sensor08,236476534,27.26,83.42,2025-08-18 23:25:24+00:00,33.992568,-81.035362,77.1,5.24,-0.2,155.46,10.0,3D,2025-08-18 19:25:24-04:00,POINT (-81.035362 33.992568)
2025-08-18 23:25:29 UTC,sensor08,236476534,27.17,84.25,2025-08-18 23:25:29+00:00,33.992288,-81.035187,75.0,6.45,-0.4,161.28,10.0,3D,2025-08-18 19:25:29-04:00,POINT (-81.035187 33.992288)
2025-08-18 23:25:34 UTC,sensor08,236476534,27.23,83.89,2025-08-18 23:25:34+00:00,33.99201,-81.035088,73.3,3.79,-0.3,160.73,10.0,3D,2025-08-18 19:25:34-04:00,POINT (-81.035088 33.99201)
2025-08-18 23:26:25 UTC,sensor08,236476534,27.61,83.13,2025-08-18 23:26:25+00:00,33.991875,-81.035117,72.0,2.38,0.0,198.66,10.0,3D,2025-08-18 19:26:25-04:00,POINT (-81.035117 33.991875)
2025-08-18 23:26:31 UTC,sensor08,236476534,27.58,83.07,2025-08-18 23:26:30+00:00,33.991737,-81.035347,70.9,8.63,-0.2,247.8,10.0,3D,2025-08-18 19:26:30-04:00,POINT (-81.035347 33.991737)
2025-08-18 23:26:36 UTC,sensor08,236476534,27.49,82.73,2025-08-18 23:26:35+00:00,33.991547,-81.035847,70.0,9.89,-0.2,248.31,10.0,3D,2025-08-18 19:26:35-04:00,POINT (-81.035847 33.991547)
2025-08-18 23:26:41 UTC,sensor08,236476534,27.47,82.64,2025-08-18 23:26:40+00:00,33.991343,-81.036382,69.1,11.3,-0.2,248.32,10.0,3D,2025-08-18 19:26:40-04:00,POINT (-81.036382 33.991343)
2025-08-18 23:26:46 UTC,sensor08,236476534,27.64,82.6,2025-08-18 23:26:45+00:00,33.991125,-81.036978,68.6,12.69,0.0,248.86,10.0,3D,2025-08-18 19:26:45-04:00,POINT (-81.036978 33.991125)
2025-08-18 23:26:51 UTC,sensor08,236476534,27.77,81.73,2025-08-18 23:26:51+00:00,33.990848,-81.037802,69.3,13.83,0.3,249.32,10.0,3D,2025-08-18 19:26:51-04:00,POINT (-81.037802 33.990848)
2025-08-18 23:26:56 UTC,sensor08,236476534,27.83,80.66,2025-08-18 23:26:56+00:00,33.990608,-81.038447,69.5,13.03,0.1,250.8,10.0,3D,2025-08-18 19:26:56-04:00,POINT (-81.038447 33.990608)
2025-08-18 23:27:01 UTC,sensor08,236476534,27.88,80.2,2025-08-18 23:27:01+00:00,33.990402,-81.039098,68.9,12.8,-0.3,250.23,10.0,3D,2025-08-18 19:27:01-04:00,POINT (-81.039098 33.990402)
2025-08-18 23:27:06 UTC,sensor08,236476534,27.86,80.26,2025-08-18 23:27:06+00:00,33.990172,-81.039765,67.2,12.57,-0.3,247.4,10.0,3D,2025-08-18 19:27:06-04:00,POINT (-81.039765 33.990172)
2025-08-18 23:27:12 UTC,sensor08,236476534,27.7,81.3,2025-08-18 23:27:11+00:00,33.989987,-81.040373,65.6,11.18,-0.2,253.07,10.0,3D,2025-08-18 19:27:11-04:00,POINT (-81.040373 33.989987)
2025-08-18 23:27:17 UTC,sensor08,236476534,27.97,81.41,2025-08-18 23:27:16+00:00,33.989872,-81.040897,63.6,8.84,-0.4,253.54,10.0,3D,2025-08-18 19:27:16-04:00,POINT (-81.040897 33.989872)
2025-08-18 23:27:22 UTC,sensor08,236476534,27.9,80.81,2025-08-18 23:27:21+00:00,33.989783,-81.041213,62.0,4.88,-0.3,275.1,10.0,3D,2025-08-18 19:27:21-04:00,POINT (-81.041213 33.989783)
2025-08-18 23:27:27 UTC,sensor08,236476534,27.63,81.67,2025-08-18 23:27:26+00:00,33.99005,-81.041403,60.9,10.05,0.0,339.89,10.0,3D,2025-08-18 19:27:26-04:00,POINT (-81.041403 33.99005)
2025-08-18 23:27:32 UTC,sensor08,236476534,27.57,81.87,2025-08-18 23:27:32+00:00,33.990658,-81.041652,61.2,11.34,0.2,0.0,10.0,3D,2025-08-18 19:27:32-04:00,POINT (-81.041652 33.990658)
2025-08-18 23:27:37 UTC,sensor08,236476534,27.63,81.57,2025-08-18 23:27:37+00:00,33.991112,-81.041852,62.2,11.3,0.2,338.0,10.0,3D,2025-08-18 19:27:37-04:00,POINT (-81.041852 33.991112)
2025-08-18 23:27:42 UTC,sensor08,236476534,27.89,80.02,2025-08-18 23:27:42+00:00,33.991635,-81.042087,63.2,12.2,0.1,340.99,10.0,3D,2025-08-18 19:27:42-04:00,POINT (-81.042087 33.991635)
2025-08-18 23:27:47 UTC,sensor08,236476534,27.66,80.51,2025-08-18 23:27:47+00:00,33.992047,-81.042255,64.2,7.47,0.2,340.85,10.0,3D,2025-08-18 19:27:47-04:00,POINT (-81.042255 33.992047)
2025-08-18 23:27:52 UTC,sensor08,236476534,27.66,79.63,2025-08-18 23:27:52+00:00,33.992243,-81.042347,65.6,4.03,0.1,358.96,10.0,3D,2025-08-18 19:27:52-04:00,POINT (-81.042347 33.992243)
2025-08-18 23:27:58 UTC,sensor08,236476534,27.66,79.56,2025-08-18 23:27:57+00:00,33.992408,-81.042125,66.2,7.95,0.1,65.55,10.0,3D,2025-08-18 19:27:57-04:00,POINT (-81.042125 33.992408)
2025-08-18 23:28:03 UTC,sensor08,236476534,27.82,78.81,2025-08-18 23:28:02+00:00,33.992588,-81.041597,67.5,9.84,0.2,71.53,10.0,3D,2025-08-18 19:28:02-04:00,POINT (-81.041597 33.992588)
2025-08-18 23:28:08 UTC,sensor08,236476534,27.83,78.52,2025-08-18 23:28:07+00:00,33.992657,-81.041247,68.2,2.96,0.0,83.15,10.0,3D,2025-08-18 19:28:07-04:00,POINT (-81.041247 33.992657)
2025-08-18 23:28:33 UTC,sensor08,236476534,28.08,78.15,2025-08-18 23:28:33+00:00,33.992703,-81.0411,67.2,3.75,0.0,59.72,10.0,3D,2025-08-18 19:28:33-04:00,POINT (-81.0411 33.992703)
2025-08-18 23:28:38 UTC,sensor08,236476534,27.99,78.5,2025-08-18 23:28:38+00:00,33.992765,-81.040973,68.5,2.6,0.6,67.79,10.0,3D,2025-08-18 19:28:38-04:00,POINT (-81.040973 33.992765)
2025-08-18 23:28:43 UTC,sensor08,236476534,28.04,78.82,2025-08-18 23:28:43+00:00,33.992888,-81.040657,70.5,8.84,0.5,69.73,9.0,3D,2025-08-18 19:28:43-04:00,POINT (-81.040657 33.992888)
2025-08-18 23:28:48 UTC,sensor08,236476534,28.16,78.26,2025-08-18 23:28:48+00:00,33.993047,-81.040127,72.9,10.56,0.4,69.92,9.0,3D,2025-08-18 19:28:48-04:00,POINT (-81.040127 33.993047)
2025-08-18 23:28:53 UTC,sensor08,236476534,28.08,78.23,2025-08-18 23:28:53+00:00,33.993207,-81.039605,75.1,10.02,0.4,67.16,9.0,3D,2025-08-18 19:28:53-04:00,POINT (-81.039605 33.993207)
2025-08-18 23:28:58 UTC,sensor08,236476534,28.04,78.09,2025-08-18 23:28:58+00:00,33.993377,-81.039077,76.9,10.59,0.4,69.42,9.0,3D,2025-08-18 19:28:58-04:00,POINT (-81.039077 33.993377)
2025-08-18 23:29:04 UTC,sensor08,236476534,28.16,77.17,2025-08-18 23:29:03+00:00,33.993517,-81.038515,77.8,9.79,-0.1,71.15,9.0,3D,2025-08-18 19:29:03-04:00,POINT (-81.038515 33.993517)
2025-08-18 23:29:09 UTC,sensor08,236476534,28.0,78.01,2025-08-18 23:29:08+00:00,33.993645,-81.038112,76.7,5.98,-0.1,67.33,9.0,3D,2025-08-18 19:29:08-04:00,POINT (-81.038112 33.993645)
2025-08-18 23:29:29 UTC,sensor08,236476534,27.62,80.48,2025-08-18 23:29:28+00:00,33.993795,-81.037507,77.9,8.27,0.2,71.9,9.0,3D,2025-08-18 19:29:28-04:00,POINT (-81.037507 33.993795)
2025-08-18 23:29:34 UTC,sensor08,236476534,27.63,81.36,2025-08-18 23:29:33+00:00,33.993925,-81.037133,79.0,7.0,0.2,65.95,9.0,3D,2025-08-18 19:29:33-04:00,POINT (-81.037133 33.993925)
2025-08-18 23:29:39 UTC,sensor08,236476534,27.7,81.13,2025-08-18 23:29:38+00:00,33.994057,-81.036778,80.2,7.56,0.4,68.72,9.0,3D,2025-08-18 19:29:38-04:00,POINT (-81.036778 33.994057)
2025-08-18 23:29:44 UTC,sensor08,236476534,27.69,81.06,2025-08-18 23:29:43+00:00,33.994152,-81.036485,81.4,3.83,0.3,70.74,9.0,3D,2025-08-18 19:29:43-04:00,POINT (-81.036485 33.994152)
2025-08-18 23:30:09 UTC,sensor08,236476534,27.69,80.18,2025-08-18 23:30:09+00:00,33.994275,-81.036003,81.7,7.57,-0.1,68.75,9.0,3D,2025-08-18 19:30:09-04:00,POINT (-81.036003 33.994275)
2025-08-18 23:30:14 UTC,sensor08,236476534,27.46,81.08,2025-08-18 23:30:14+00:00,33.99442,-81.035545,81.0,9.42,-0.1,68.93,9.0,3D,2025-08-18 19:30:14-04:00,POINT (-81.035545 33.99442)
2025-08-18 23:30:19 UTC,sensor08,236476534,27.48,80.89,2025-08-18 23:30:18+00:00,33.994542,-81.035167,81.0,9.39,0.0,0.0,9.0,3D,2025-08-18 19:30:18-04:00,POINT (-81.035167 33.994542)
2025-08-18 23:30:24 UTC,sensor08,236476534,27.48,80.56,2025-08-18 23:30:18+00:00,33.994542,-81.035167,81.0,9.39,0.0,0.0,9.0,3D,2025-08-18 19:30:18-04:00,POINT (-81.035167 33.994542)
2025-08-18 23:30:44 UTC,sensor08,236476534,27.55,80.36,2025-08-18 23:30:44+00:00,33.994758,-81.034505,81.7,5.94,0.0,58.73,9.0,3D,2025-08-18 19:30:44-04:00,POINT (-81.034505 33.994758)
2025-08-18 23:30:50 UTC,sensor08,236476534,27.43,80.97,2025-08-18 23:30:49+00:00,33.994975,-81.034115,81.7,10.01,-0.1,63.75,9.0,3D,2025-08-18 19:30:49-04:00,POINT (-81.034115 33.994975)
2025-08-18 23:30:55 UTC,sensor08,236476534,27.34,81.68,2025-08-18 23:30:54+00:00,33.995183,-81.03363,82.0,9.54,0.7,68.9,9.0,3D,2025-08-18 19:30:54-04:00,POINT (-81.03363 33.995183)
2025-08-18 23:31:00 UTC,sensor08,236476534,27.08,82.5,2025-08-18 23:30:59+00:00,33.995227,-81.033203,86.1,3.06,0.9,76.59,9.0,3D,2025-08-18 19:30:59-04:00,POINT (-81.033203 33.995227)
2025-08-18 23:31:35 UTC,sensor08,236476534,27.01,82.67,2025-08-18 23:31:35+00:00,33.995227,-81.033092,88.5,2.49,0.1,0.0,9.0,3D,2025-08-18 19:31:35-04:00,POINT (-81.033092 33.995227)
2025-08-18 23:31:40 UTC,sensor08,236476534,27.04,82.6,2025-08-18 23:31:40+00:00,33.995317,-81.032805,89.6,7.48,0.2,0.0,9.0,3D,2025-08-18 19:31:40-04:00,POINT (-81.032805 33.995317)
2025-08-18 23:31:45 UTC,sensor08,236476534,27.02,82.96,2025-08-18 23:31:45+00:00,33.995457,-81.032338,90.5,9.96,0.2,0.0,9.0,3D,2025-08-18 19:31:45-04:00,POINT (-81.032338 33.995457)
2025-08-18 23:31:50 UTC,sensor08,236476534,26.94,83.32,2025-08-18 23:31:50+00:00,33.995613,-81.03183,92.1,9.49,0.3,68.6,9.0,3D,2025-08-18 19:31:50-04:00,POINT (-81.03183 33.995613)
2025-08-18 23:31:55 UTC,sensor08,236476534,26.98,82.89,2025-08-18 23:31:55+00:00,33.995727,-81.031458,91.8,3.92,0.1,68.38,9.0,3D,2025-08-18 19:31:55-04:00,POINT (-81.031458 33.995727)
2025-08-18 23:33:01 UTC,sensor08,236476534,27.28,83.34,2025-08-18 23:33:00+00:00,33.995757,-81.031343,92.7,3.12,0.0,70.47,9.0,3D,2025-08-18 19:33:00-04:00,POINT (-81.031343 33.995757)
2025-08-18 23:33:06 UTC,sensor08,236476534,27.25,83.52,2025-08-18 23:33:05+00:00,33.995738,-81.03114,93.5,4.1,0.2,133.49,9.0,3D,2025-08-18 19:33:05-04:00,POINT (-81.03114 33.995738)
2025-08-18 23:33:11 UTC,sensor08,236476534,27.18,82.79,2025-08-18 23:33:10+00:00,33.995468,-81.031002,94.4,7.83,0.2,161.12,9.0,3D,2025-08-18 19:33:10-04:00,POINT (-81.031002 33.995468)
2025-08-18 23:33:16 UTC,sensor08,236476534,27.01,81.94,2025-08-18 23:33:15+00:00,33.995138,-81.030867,94.9,7.3,0.1,159.5,9.0,3D,2025-08-18 19:33:15-04:00,POINT (-81.030867 33.995138)
2025-08-18 23:33:21 UTC,sensor08,236476534,26.96,82.58,2025-08-18 23:33:21+00:00,33.994677,-81.030623,95.3,8.18,0.1,0.0,9.0,3D,2025-08-18 19:33:21-04:00,POINT (-81.030623 33.994677)
2025-08-18 23:33:26 UTC,sensor08,236476534,27.0,83.59,2025-08-18 23:33:26+00:00,33.994517,-81.03057,95.5,2.41,0.0,0.0,9.0,3D,2025-08-18 19:33:26-04:00,POINT (-81.03057 33.994517)
2025-08-18 23:33:31 UTC,sensor08,236476534,27.03,82.81,2025-08-18 23:33:31+00:00,33.994417,-81.03073,95.8,5.47,-0.1,0.0,9.0,3D,2025-08-18 19:33:31-04:00,POINT (-81.03073 33.994417)
2025-08-18 23:33:36 UTC,sensor08,236476534,27.09,82.21,2025-08-18 23:33:36+00:00,33.994282,-81.031115,92.6,7.65,-0.7,244.59,9.0,3D,2025-08-18 19:33:36-04:00,POINT (-81.031115 33.994282)
2025-08-18 23:33:41 UTC,sensor08,236476534,26.99,82.95,2025-08-18 23:33:41+00:00,33.994163,-81.031517,91.5,7.02,-0.2,251.12,9.0,3D,2025-08-18 19:33:41-04:00,POINT (-81.031517 33.994163)
2025-08-18 23:33:46 UTC,sensor08,236476534,26.96,83.41,2025-08-18 23:33:46+00:00,33.994072,-81.03184,90.1,5.83,-0.3,254.98,9.0,3D,2025-08-18 19:33:46-04:00,POINT (-81.03184 33.994072)
2025-08-18 23:34:32 UTC,sensor08,236476534,27.15,82.08,2025-08-18 23:34:31+00:00,33.994177,-81.03225,91.2,4.46,0.1,339.71,9.0,3D,2025-08-18 19:34:31-04:00,POINT (-81.03225 33.994177)
2025-08-18 23:34:37 UTC,sensor08,236476534,27.29,81.79,2025-08-18 23:34:36+00:00,33.994578,-81.032418,92.4,10.12,0.3,341.58,9.0,3D,2025-08-18 19:34:36-04:00,POINT (-81.032418 33.994578)
2025-08-18 23:34:42 UTC,sensor08,236476534,27.23,81.82,2025-08-18 23:34:41+00:00,33.99503,-81.032605,94.0,9.73,0.3,338.91,9.0,3D,2025-08-18 19:34:41-04:00,POINT (-81.032605 33.99503)
2025-08-18 23:34:47 UTC,sensor08,236476534,27.25,81.64,2025-08-18 23:34:46+00:00,33.995455,-81.032767,95.4,10.96,0.3,338.51,9.0,3D,2025-08-18 19:34:46-04:00,POINT (-81.032767 33.995455)
2025-08-18 23:34:52 UTC,sensor08,236476534,27.45,82.0,2025-08-18 23:34:51+00:00,33.995992,-81.032983,95.6,12.85,-0.1,339.18,9.0,3D,2025-08-18 19:34:51-04:00,POINT (-81.032983 33.995992)
2025-08-18 23:34:57 UTC,sensor08,236476534,27.33,81.65,2025-08-18 23:34:57+00:00,33.99668,-81.033282,93.6,13.91,-0.5,0.0,9.0,3D,2025-08-18 19:34:57-04:00,POINT (-81.033282 33.99668)
2025-08-18 23:35:02 UTC,sensor08,236476534,27.49,82.18,2025-08-18 23:35:02+00:00,33.997253,-81.03352,92.2,13.17,0.2,0.0,9.0,3D,2025-08-18 19:35:02-04:00,POINT (-81.03352 33.997253)
2025-08-18 23:35:07 UTC,sensor08,236476534,27.32,81.63,2025-08-18 23:35:07+00:00,33.997747,-81.033737,93.9,9.96,0.2,0.0,9.0,3D,2025-08-18 19:35:07-04:00,POINT (-81.033737 33.997747)
2025-08-18 23:35:17 UTC,sensor08,236476534,27.3,81.31,2025-08-18 23:35:17+00:00,33.998003,-81.033785,94.7,3.42,0.0,51.94,9.0,3D,2025-08-18 19:35:17-04:00,POINT (-81.033785 33.998003)
2025-08-18 23:35:22 UTC,sensor08,236476534,27.2,81.11,2025-08-18 23:35:22+00:00,33.998135,-81.033453,94.9,9.04,0.1,68.88,9.0,3D,2025-08-18 19:35:22-04:00,POINT (-81.033453 33.998135)
2025-08-18 23:35:27 UTC,sensor08,236476534,27.11,81.78,2025-08-18 23:35:27+00:00,33.998283,-81.032955,95.5,9.55,0.2,70.67,9.0,3D,2025-08-18 19:35:27-04:00,POINT (-81.032955 33.998283)
2025-08-18 23:35:32 UTC,sensor08,236476534,27.06,82.53,2025-08-18 23:35:32+00:00,33.998407,-81.03255,96.1,5.17,0.2,75.72,9.0,3D,2025-08-18 19:35:32-04:00,POINT (-81.03255 33.998407)
2025-08-18 23:35:47 UTC,sensor08,236476534,27.16,82.08,2025-08-18 23:35:47+00:00,33.998425,-81.032375,96.6,3.47,0.1,108.29,9.0,3D,2025-08-18 19:35:47-04:00,POINT (-81.032375 33.998425)
2025-08-18 23:35:53 UTC,sensor08,236476534,27.09,82.08,2025-08-18 23:35:52+00:00,33.998188,-81.032187,96.8,7.84,0.0,160.26,9.0,3D,2025-08-18 19:35:52-04:00,POINT (-81.032187 33.998188)
2025-08-18 23:35:58 UTC,sensor08,236476534,26.94,82.55,2025-08-18 23:35:57+00:00,33.99781,-81.032027,96.9,9.08,-0.1,158.2,9.0,3D,2025-08-18 19:35:57-04:00,POINT (-81.032027 33.99781)
2025-08-18 23:36:03 UTC,sensor08,236476534,27.0,82.47,2025-08-18 23:36:02+00:00,33.997432,-81.03186,96.4,6.75,-0.1,161.48,9.0,3D,2025-08-18 19:36:02-04:00,POINT (-81.03186 33.997432)
2025-08-18 23:36:13 UTC,sensor08,236476534,26.96,83.92,2025-08-18 23:36:12+00:00,33.997275,-81.031808,95.9,2.85,-0.2,162.92,9.0,3D,2025-08-18 19:36:12-04:00,POINT (-81.031808 33.997275)
2025-08-18 23:36:18 UTC,sensor08,236476534,26.86,84.2,2025-08-18 23:36:17+00:00,33.996985,-81.03168,95.6,8.51,-0.1,160.37,9.0,3D,2025-08-18 19:36:17-04:00,POINT (-81.03168 33.996985)
2025-08-18 23:36:23 UTC,sensor08,236476534,26.92,84.59,2025-08-18 23:36:18+00:00,33.996888,-81.031632,95.6,10.08,0.0,158.33,9.0,3D,2025-08-18 19:36:18-04:00,POINT (-81.031632 33.996888)
2025-08-18 23:36:28 UTC,sensor08,236476534,26.83,84.34,2025-08-18 23:36:28+00:00,33.996033,-81.03126,96.9,6.64,0.0,0.0,4.0,3D,2025-08-18 19:36:28-04:00,POINT (-81.03126 33.996033)
2025-08-18 23:36:38 UTC,sensor08,236476534,26.84,83.26,2025-08-18 23:36:38+00:00,33.995852,-81.03109,97.9,4.01,0.1,0.0,4.0,3D,2025-08-18 19:36:38-04:00,POINT (-81.03109 33.995852)
2025-08-18 23:36:43 UTC,sensor08,236476534,26.91,83.28,2025-08-18 23:36:43+00:00,33.995947,-81.030767,98.6,8.17,0.2,0.0,4.0,3D,2025-08-18 19:36:43-04:00,POINT (-81.030767 33.995947)
2025-08-18 23:36:48 UTC,sensor08,236476534,26.89,84.06,2025-08-18 23:36:48+00:00,33.996105,-81.030367,100.4,8.1,0.4,0.0,9.0,3D,2025-08-18 19:36:48-04:00,POINT (-81.030367 33.996105)
2025-08-18 23:36:53 UTC,sensor08,236476534,26.85,84.48,2025-08-18 23:36:53+00:00,33.99621,-81.030007,101.8,5.7,0.2,0.0,9.0,3D,2025-08-18 19:36:53-04:00,POINT (-81.030007 33.99621)
2025-08-18 23:37:03 UTC,sensor08,236476534,26.73,84.57,2025-08-18 23:37:03+00:00,33.996282,-81.029755,102.0,4.42,0.0,49.64,9.0,3D,2025-08-18 19:37:03-04:00,POINT (-81.029755 33.996282)
2025-08-18 23:37:08 UTC,sensor08,236476534,26.63,85.44,2025-08-18 23:37:08+00:00,33.996528,-81.029597,102.3,6.5,0.1,8.55,9.0,3D,2025-08-18 19:37:08-04:00,POINT (-81.029597 33.996528)
2025-08-18 23:37:14 UTC,sensor08,236476534,26.5,86.41,2025-08-18 23:37:13+00:00,33.996845,-81.029687,102.6,7.76,0.1,338.61,9.0,3D,2025-08-18 19:37:13-04:00,POINT (-81.029687 33.996845)
2025-08-18 23:37:19 UTC,sensor08,236476534,26.46,87.03,2025-08-18 23:37:18+00:00,33.997208,-81.029842,102.7,8.64,0.0,339.71,9.0,3D,2025-08-18 19:37:18-04:00,POINT (-81.029842 33.997208)
2025-08-18 23:37:24 UTC,sensor08,236476534,26.81,86.4,2025-08-18 23:37:23+00:00,33.997575,-81.030013,102.8,9.0,0.1,339.46,9.0,3D,2025-08-18 19:37:23-04:00,POINT (-81.030013 33.997575)
2025-08-18 23:37:29 UTC,sensor08,236476534,26.48,86.35,2025-08-18 23:37:28+00:00,33.997953,-81.030187,102.9,8.66,-0.1,340.69,9.0,3D,2025-08-18 19:37:28-04:00,POINT (-81.030187 33.997953)
2025-08-18 23:37:34 UTC,sensor08,236476534,26.39,86.94,2025-08-18 23:37:33+00:00,33.998377,-81.030357,103.4,10.89,0.1,345.85,9.0,3D,2025-08-18 19:37:33-04:00,POINT (-81.030357 33.998377)
2025-08-18 23:37:39 UTC,sensor08,236476534,26.44,85.78,2025-08-18 23:37:38+00:00,33.998855,-81.030538,104.6,11.59,0.1,342.02,9.0,3D,2025-08-18 19:37:38-04:00,POINT (-81.030538 33.998855)
2025-08-18 23:37:44 UTC,sensor08,236476534,26.5,85.73,2025-08-18 23:37:43+00:00,33.999345,-81.030788,105.6,12.12,0.1,338.18,9.0,3D,2025-08-18 19:37:43-04:00,POINT (-81.030788 33.999345)
2025-08-18 23:37:49 UTC,sensor08,236476534,26.82,85.13,2025-08-18 23:37:48+00:00,33.999828,-81.031015,105.4,11.15,0.0,340.49,9.0,3D,2025-08-18 19:37:48-04:00,POINT (-81.031015 33.999828)
2025-08-18 23:37:54 UTC,sensor08,236476534,27.0,83.94,2025-08-18 23:37:53+00:00,34.000315,-81.03123,106.1,12.12,0.3,341.29,9.0,3D,2025-08-18 19:37:53-04:00,POINT (-81.03123 34.000315)
2025-08-18 23:37:59 UTC,sensor08,236476534,26.78,83.37,2025-08-18 23:37:59+00:00,34.000902,-81.031475,106.4,10.59,-0.1,0.0,9.0,3D,2025-08-18 19:37:59-04:00,POINT (-81.031475 34.000902)
2025-08-18 23:38:04 UTC,sensor08,236476534,26.85,84.53,2025-08-18 23:38:04+00:00,34.001352,-81.03165,105.4,10.36,-0.8,0.0,9.0,3D,2025-08-18 19:38:04-04:00,POINT (-81.03165 34.001352)
2025-08-18 23:38:09 UTC,sensor08,236476534,27.02,84.54,2025-08-18 23:38:09+00:00,34.001778,-81.031845,105.3,10.36,0.0,0.0,9.0,3D,2025-08-18 19:38:09-04:00,POINT (-81.031845 34.001778)
2025-08-18 23:38:14 UTC,sensor08,236476534,27.14,82.32,2025-08-18 23:38:14+00:00,34.002287,-81.0321,105.6,12.05,0.1,339.4,9.0,3D,2025-08-18 19:38:14-04:00,POINT (-81.0321 34.002287)
2025-08-18 23:38:19 UTC,sensor08,236476534,27.42,81.6,2025-08-18 23:38:19+00:00,34.002695,-81.032315,105.5,10.54,0.0,0.0,9.0,3D,2025-08-18 19:38:19-04:00,POINT (-81.032315 34.002695)
2025-08-18 23:38:24 UTC,sensor08,236476534,27.5,81.12,2025-08-18 23:38:24+00:00,34.003163,-81.032503,105.9,10.9,0.08,338.2,9.0,3D,2025-08-18 19:38:24-04:00,POINT (-81.032503 34.003163)
2025-08-18 23:38:29 UTC,sensor08,236476534,27.6,80.74,2025-08-18 23:38:29+00:00,34.00362,-81.032717,107.0,10.4,0.8,339.58,9.0,3D,2025-08-18 19:38:29-04:00,POINT (-81.032717 34.00362)
2025-08-18 23:38:34 UTC,sensor08,236476534,27.58,80.42,2025-08-18 23:38:34+00:00,34.003985,-81.032802,109.7,7.83,0.1,339.97,9.0,3D,2025-08-18 19:38:34-04:00,POINT (-81.032802 34.003985)
2025-08-18 23:38:39 UTC,sensor08,236476534,27.45,79.83,2025-08-18 23:38:39+00:00,34.004247,-81.032933,110.8,4.48,0.2,335.58,9.0,3D,2025-08-18 19:38:39-04:00,POINT (-81.032933 34.004247)
2025-08-18 23:39:05 UTC,sensor08,236476534,27.59,80.56,2025-08-18 23:39:04+00:00,34.004355,-81.03296,111.6,3.09,0.0,13.51,9.0,3D,2025-08-18 19:39:04-04:00,POINT (-81.03296 34.004355)
2025-08-18 23:39:10 UTC,sensor08,236476534,27.44,79.99,2025-08-18 23:39:09+00:00,34.004517,-81.032757,112.2,6.85,0.2,64.5,9.0,3D,2025-08-18 19:39:09-04:00,POINT (-81.032757 34.004517)
2025-08-18 23:39:15 UTC,sensor08,236476534,27.51,80.22,2025-08-18 23:39:14+00:00,34.004647,-81.0324,112.9,6.38,0.1,67.88,9.0,3D,2025-08-18 19:39:14-04:00,POINT (-81.0324 34.004647)
2025-08-18 23:39:20 UTC,sensor08,236476534,27.42,80.14,2025-08-18 23:39:19+00:00,34.004733,-81.032088,113.1,5.82,0.0,71.17,9.0,3D,2025-08-18 19:39:19-04:00,POINT (-81.032088 34.004733)
2025-08-18 23:39:55 UTC,sensor08,236476534,27.25,80.41,2025-08-18 23:39:55+00:00,34.004963,-81.031672,113.1,6.59,-0.1,68.1,9.0,3D,2025-08-18 19:39:55-04:00,POINT (-81.031672 34.004963)
2025-08-18 23:40:00 UTC,sensor08,236476534,27.26,81.23,2025-08-18 23:40:00+00:00,34.005073,-81.031263,112.7,8.38,-0.1,71.97,9.0,3D,2025-08-18 19:40:00-04:00,POINT (-81.031263 34.005073)
2025-08-18 23:40:05 UTC,sensor08,236476534,27.03,81.86,2025-08-18 23:40:05+00:00,34.005192,-81.03078,112.1,9.26,-0.2,72.12,9.0,3D,2025-08-18 19:40:05-04:00,POINT (-81.03078 34.005192)
2025-08-18 23:40:10 UTC,sensor08,236476534,27.01,82.12,2025-08-18 23:40:10+00:00,34.005297,-81.030352,110.9,5.94,-0.3,71.47,9.0,3D,2025-08-18 19:40:10-04:00,POINT (-81.030352 34.005297)
2025-08-18 23:40:20 UTC,sensor08,236476534,27.05,82.41,2025-08-18 23:40:20+00:00,34.005345,-81.03001,107.6,4.41,-0.6,0.0,9.0,3D,2025-08-18 19:40:20-04:00,POINT (-81.03001 34.005345)
2025-08-18 23:40:26 UTC,sensor08,236476534,26.83,82.16,2025-08-18 23:40:25+00:00,34.005492,-81.029565,105.1,12.39,-0.2,0.0,9.0,3D,2025-08-18 19:40:25-04:00,POINT (-81.029565 34.005492)
2025-08-18 23:40:31 UTC,sensor08,236476534,26.78,82.93,2025-08-18 23:40:30+00:00,34.00565,-81.02902,102.7,10.63,-0.3,67.91,9.0,3D,2025-08-18 19:40:30-04:00,POINT (-81.02902 34.00565)
2025-08-18 23:40:36 UTC,sensor08,236476534,26.86,83.12,2025-08-18 23:40:35+00:00,34.005777,-81.028577,99.8,6.18,-0.4,69.91,9.0,3D,2025-08-18 19:40:35-04:00,POINT (-81.028577 34.005777)
2025-08-18 23:40:51 UTC,sensor08,236476534,26.59,84.34,2025-08-18 23:40:50+00:00,34.005778,-81.028317,98.2,3.58,0.0,128.32,9.0,3D,2025-08-18 19:40:50-04:00,POINT (-81.028317 34.005778)
2025-08-18 23:40:56 UTC,sensor08,236476534,26.49,85.14,2025-08-18 23:40:55+00:00,34.005538,-81.028177,98.2,6.78,0.0,158.38,9.0,3D,2025-08-18 19:40:55-04:00,POINT (-81.028177 34.005538)
2025-08-18 23:41:01 UTC,sensor08,236476534,26.66,84.41,2025-08-18 23:41:00+00:00,34.00521,-81.028033,98.3,7.38,0.0,160.95,9.0,3D,2025-08-18 19:41:00-04:00,POINT (-81.028033 34.00521)
2025-08-18 23:41:06 UTC,sensor08,236476534,26.69,83.74,2025-08-18 23:41:05+00:00,34.004915,-81.02791,98.4,6.39,0.1,162.12,9.0,3D,2025-08-18 19:41:05-04:00,POINT (-81.02791 34.004915)
2025-08-18 23:41:11 UTC,sensor08,236476534,26.6,83.54,2025-08-18 23:41:11+00:00,34.00461,-81.027775,98.5,5.32,0.0,0.0,9.0,3D,2025-08-18 19:41:11-04:00,POINT (-81.027775 34.00461)
2025-08-18 23:41:16 UTC,sensor08,236476534,26.66,83.68,2025-08-18 23:41:16+00:00,34.004427,-81.027705,98.8,4.35,0.1,0.0,9.0,3D,2025-08-18 19:41:16-04:00,POINT (-81.027705 34.004427)
2025-08-18 23:41:21 UTC,sensor08,236476534,26.71,84.11,2025-08-18 23:41:21+00:00,34.004218,-81.027625,99.3,4.92,0.1,0.0,9.0,3D,2025-08-18 19:41:21-04:00,POINT (-81.027625 34.004218)
2025-08-18 23:41:36 UTC,sensor08,236476534,26.92,82.79,2025-08-18 23:41:36+00:00,34.004132,-81.027467,100.5,3.98,0.2,336.81,9.0,3D,2025-08-18 19:41:36-04:00,POINT (-81.027467 34.004132)
2025-08-18 23:41:41 UTC,sensor08,236476534,26.94,82.95,2025-08-18 23:41:41+00:00,34.004305,-81.027575,102.3,5.06,0.1,337.98,9.0,3D,2025-08-18 19:41:41-04:00,POINT (-81.027575 34.004305)
2025-08-18 23:41:46 UTC,sensor08,236476534,26.85,83.02,2025-08-18 23:41:46+00:00,34.004477,-81.02765,103.4,3.75,0.1,338.04,9.0,3D,2025-08-18 19:41:46-04:00,POINT (-81.02765 34.004477)
2025-08-18 23:41:51 UTC,sensor08,236476534,26.74,83.28,2025-08-18 23:41:51+00:00,34.004653,-81.027717,105.4,3.36,0.5,337.55,9.0,3D,2025-08-18 19:41:51-04:00,POINT (-81.027717 34.004653)
2025-08-18 23:41:56 UTC,sensor08,236476534,26.65,83.84,2025-08-18 23:41:56+00:00,34.004752,-81.027762,105.9,2.53,0.0,334.3,9.0,3D,2025-08-18 19:41:56-04:00,POINT (-81.027762 34.004752)
2025-08-18 23:42:06 UTC,sensor08,236476534,26.56,84.19,2025-08-18 23:42:06+00:00,34.004935,-81.027688,107.2,2.93,0.1,70.73,9.0,3D,2025-08-18 19:42:06-04:00,POINT (-81.027688 34.004935)
2025-08-18 23:43:02 UTC,sensor08,236476534,26.62,84.22,2025-08-18 23:43:02+00:00,34.004995,-81.027593,106.5,2.28,0.0,0.0,9.0,3D,2025-08-18 19:43:02-04:00,POINT (-81.027593 34.004995)
2025-08-18 23:43:07 UTC,sensor08,236476534,26.64,84.63,2025-08-18 23:43:07+00:00,34.004937,-81.027708,106.7,2.42,0.0,0.0,9.0,3D,2025-08-18 19:43:07-04:00,POINT (-81.027708 34.004937)
2025-08-18 23:43:17 UTC,sensor08,236476534,26.72,84.94,2025-08-18 23:43:17+00:00,34.004945,-81.027848,106.4,2.82,0.1,311.52,9.0,3D,2025-08-18 19:43:17-04:00,POINT (-81.027848 34.004945)
2025-08-18 23:43:22 UTC,sensor08,236476534,26.62,84.81,2025-08-18 23:43:22+00:00,34.005097,-81.027928,106.2,3.47,0.0,337.24,9.0,3D,2025-08-18 19:43:22-04:00,POINT (-81.027928 34.005097)
2025-08-18 23:43:32 UTC,sensor08,236476534,26.71,85.1,2025-08-18 23:43:32+00:00,34.005282,-81.027998,105.5,2.47,0.0,347.12,9.0,3D,2025-08-18 19:43:32-04:00,POINT (-81.027998 34.005282)
2025-08-18 23:43:37 UTC,sensor08,236476534,26.66,85.09,2025-08-18 23:43:37+00:00,34.005478,-81.02808,106.1,5.54,0.1,338.12,9.0,3D,2025-08-18 19:43:37-04:00,POINT (-81.02808 34.005478)
2025-08-18 23:43:42 UTC,sensor08,236476534,26.48,85.4,2025-08-18 23:43:42+00:00,34.005712,-81.028177,106.6,4.31,0.0,345.59,9.0,3D,2025-08-18 19:43:42-04:00,POINT (-81.028177 34.005712)
2025-08-18 23:43:47 UTC,sensor08,236476534,26.51,85.52,2025-08-18 23:43:47+00:00,34.005927,-81.028267,106.3,3.02,-0.3,335.18,9.0,3D,2025-08-18 19:43:47-04:00,POINT (-81.028267 34.005927)
2025-08-18 23:43:53 UTC,sensor08,236476534,26.47,84.74,2025-08-18 23:43:52+00:00,34.006078,-81.028337,104.9,3.88,-0.2,344.56,9.0,3D,2025-08-18 19:43:52-04:00,POINT (-81.028337 34.006078)
2025-08-18 23:43:58 UTC,sensor08,236476534,26.54,84.62,2025-08-18 23:43:57+00:00,34.006322,-81.028427,104.8,6.7,0.2,340.77,9.0,3D,2025-08-18 19:43:57-04:00,POINT (-81.028427 34.006322)
2025-08-18 23:44:03 UTC,sensor08,236476534,26.53,84.26,2025-08-18 23:44:02+00:00,34.006625,-81.028573,105.5,7.18,0.1,339.38,9.0,3D,2025-08-18 19:44:02-04:00,POINT (-81.028573 34.006625)
2025-08-18 23:44:08 UTC,sensor08,236476534,26.64,84.4,2025-08-18 23:44:07+00:00,34.006848,-81.02869,106.1,4.38,0.2,330.03,9.0,3D,2025-08-18 19:44:07-04:00,POINT (-81.02869 34.006848)
2025-08-18 23:44:33 UTC,sensor08,236476534,26.66,83.67,2025-08-18 23:44:32+00:00,34.006633,-81.028667,108.4,5.99,0.1,160.32,9.0,3D,2025-08-18 19:44:32-04:00,POINT (-81.028667 34.006633)
2025-08-18 23:44:38 UTC,sensor08,236476534,26.62,83.8,2025-08-18 23:44:37+00:00,34.006347,-81.028555,109.5,6.97,0.0,156.96,9.0,3D,2025-08-18 19:44:37-04:00,POINT (-81.028555 34.006347)
2025-08-18 23:44:43 UTC,sensor08,236476534,26.54,83.63,2025-08-18 23:44:43+00:00,34.00597,-81.028333,109.2,11.37,-0.3,0.0,9.0,3D,2025-08-18 19:44:43-04:00,POINT (-81.028333 34.00597)
2025-08-18 23:44:48 UTC,sensor08,236476534,26.6,84.87,2025-08-18 23:44:48+00:00,34.005678,-81.028202,108.7,7.44,-0.2,0.0,9.0,3D,2025-08-18 19:44:48-04:00,POINT (-81.028202 34.005678)
2025-08-18 23:44:53 UTC,sensor08,236476534,26.54,85.22,2025-08-18 23:44:53+00:00,34.005385,-81.028048,107.9,6.41,-0.3,0.0,4.0,3D,2025-08-18 19:44:53-04:00,POINT (-81.028048 34.005385)
2025-08-18 23:44:58 UTC,sensor08,236476534,26.45,85.37,2025-08-18 23:44:58+00:00,34.005183,-81.027948,106.6,4.75,-0.5,0.0,4.0,3D,2025-08-18 19:44:58-04:00,POINT (-81.027948 34.005183)
2025-08-18 23:45:03 UTC,sensor08,236476534,26.4,85.11,2025-08-18 23:45:03+00:00,34.004967,-81.027847,104.3,4.75,-0.2,0.0,8.0,3D,2025-08-18 19:45:03-04:00,POINT (-81.027847 34.004967)
2025-08-18 23:45:08 UTC,sensor08,236476534,26.4,84.58,2025-08-18 23:45:08+00:00,34.004737,-81.027758,103.8,5.14,-0.1,0.0,9.0,3D,2025-08-18 19:45:08-04:00,POINT (-81.027758 34.004737)
2025-08-18 23:45:13 UTC,sensor08,236476534,26.42,84.25,2025-08-18 23:45:13+00:00,34.00454,-81.027688,103.6,3.2,0.0,163.64,9.0,3D,2025-08-18 19:45:13-04:00,POINT (-81.027688 34.00454)
2025-08-18 23:45:23 UTC,sensor08,236476534,26.51,85.01,2025-08-18 23:45:23+00:00,34.004517,-81.027495,103.4,2.48,0.0,65.37,9.0,3D,2025-08-18 19:45:23-04:00,POINT (-81.027495 34.004517)
2025-08-18 23:45:28 UTC,sensor08,236476534,26.48,84.15,2025-08-18 23:45:28+00:00,34.004557,-81.027272,102.8,4.52,-0.1,75.5,9.0,3D,2025-08-18 19:45:28-04:00,POINT (-81.027272 34.004557)
2025-08-18 23:45:34 UTC,sensor08,236476534,26.48,83.99,2025-08-18 23:45:33+00:00,34.004618,-81.027043,102.2,4.93,0.1,68.18,9.0,3D,2025-08-18 19:45:33-04:00,POINT (-81.027043 34.004618)
2025-08-18 23:45:39 UTC,sensor08,236476534,26.47,84.24,2025-08-18 23:45:38+00:00,34.004748,-81.026773,103.5,5.47,1.1,68.3,9.0,3D,2025-08-18 19:45:38-04:00,POINT (-81.026773 34.004748)
2025-08-18 23:45:44 UTC,sensor08,236476534,26.53,84.75,2025-08-18 23:45:43+00:00,34.004845,-81.026482,101.1,5.48,-0.1,70.13,9.0,3D,2025-08-18 19:45:43-04:00,POINT (-81.026482 34.004845)
2025-08-18 23:45:49 UTC,sensor08,236476534,26.44,84.97,2025-08-18 23:45:48+00:00,34.004927,-81.0262,100.2,5.35,-0.3,71.8,9.0,3D,2025-08-18 19:45:48-04:00,POINT (-81.0262 34.004927)
2025-08-18 23:45:54 UTC,sensor08,236476534,26.44,84.81,2025-08-18 23:45:53+00:00,34.004893,-81.02598,99.8,4.34,-0.1,130.83,9.0,3D,2025-08-18 19:45:53-04:00,POINT (-81.02598 34.004893)
2025-08-18 23:45:59 UTC,sensor08,236476534,26.42,85.25,2025-08-18 23:45:58+00:00,34.004593,-81.025868,99.7,7.46,-0.1,160.25,9.0,3D,2025-08-18 19:45:58-04:00,POINT (-81.025868 34.004593)
2025-08-18 23:46:04 UTC,sensor08,236476534,26.39,84.29,2025-08-18 23:46:03+00:00,34.004262,-81.025743,99.8,7.21,0.1,158.4,9.0,3D,2025-08-18 19:46:03-04:00,POINT (-81.025743 34.004262)
2025-08-18 23:46:09 UTC,sensor08,236476534,26.39,84.03,2025-08-18 23:46:08+00:00,34.004007,-81.025653,100.2,4.24,0.1,160.2,9.0,3D,2025-08-18 19:46:08-04:00,POINT (-81.025653 34.004007)
2025-08-18 23:46:44 UTC,sensor08,236476534,26.92,82.46,2025-08-18 23:46:44+00:00,34.0038,-81.02557,101.4,6.24,-0.2,155.38,9.0,3D,2025-08-18 19:46:44-04:00,POINT (-81.02557 34.0038)
2025-08-18 23:46:49 UTC,sensor08,236476534,26.41,83.6,2025-08-18 23:46:49+00:00,34.003427,-81.025402,100.7,9.19,-0.2,162.16,9.0,3D,2025-08-18 19:46:49-04:00,POINT (-81.025402 34.003427)
2025-08-18 23:46:54 UTC,sensor08,236476534,26.2,85.15,2025-08-18 23:46:54+00:00,34.003032,-81.02522,99.7,9.29,-0.2,158.44,9.0,3D,2025-08-18 19:46:54-04:00,POINT (-81.02522 34.003032)
2025-08-18 23:46:59 UTC,sensor08,236476534,26.06,86.49,2025-08-18 23:46:59+00:00,34.002678,-81.025068,98.9,6.49,-0.2,161.14,9.0,3D,2025-08-18 19:46:59-04:00,POINT (-81.025068 34.002678)
2025-08-18 23:47:04 UTC,sensor08,236476534,26.03,86.94,2025-08-18 23:47:04+00:00,34.002538,-81.024998,98.2,2.56,-0.1,161.19,9.0,3D,2025-08-18 19:47:04-04:00,POINT (-81.024998 34.002538)
2025-08-18 23:47:10 UTC,sensor08,236476534,25.97,87.14,2025-08-18 23:47:09+00:00,34.002358,-81.024928,97.9,3.24,-0.1,162.73,9.0,3D,2025-08-18 19:47:09-04:00,POINT (-81.024928 34.002358)
2025-08-18 23:47:15 UTC,sensor08,236476534,25.92,87.53,2025-08-18 23:47:14+00:00,34.002228,-81.024888,97.6,4.46,0.0,172.88,9.0,3D,2025-08-18 19:47:14-04:00,POINT (-81.024888 34.002228)
2025-08-18 23:47:20 UTC,sensor08,236476534,25.76,88.12,2025-08-18 23:47:19+00:00,34.001845,-81.024717,97.3,9.55,0.0,159.99,9.0,3D,2025-08-18 19:47:19-04:00,POINT (-81.024717 34.001845)
2025-08-18 23:47:25 UTC,sensor08,236476534,25.72,88.57,2025-08-18 23:47:24+00:00,34.001435,-81.024537,96.7,9.05,-0.1,161.88,9.0,3D,2025-08-18 19:47:24-04:00,POINT (-81.024537 34.001435)
2025-08-18 23:47:30 UTC,sensor08,236476534,25.78,88.11,2025-08-18 23:47:29+00:00,34.00116,-81.02444,96.9,4.24,0.1,155.75,9.0,3D,2025-08-18 19:47:29-04:00,POINT (-81.02444 34.00116)
2025-08-18 23:47:45 UTC,sensor08,236476534,25.98,87.06,2025-08-18 23:47:44+00:00,34.000938,-81.024312,97.6,5.03,0.4,162.0,9.0,3D,2025-08-18 19:47:44-04:00,POINT (-81.024312 34.000938)
2025-08-18 23:47:50 UTC,sensor08,236476534,25.98,86.9,2025-08-18 23:47:50+00:00,34.000677,-81.024235,98.9,5.58,0.3,0.0,9.0,3D,2025-08-18 19:47:50-04:00,POINT (-81.024235 34.000677)
2025-08-18 23:47:55 UTC,sensor08,236476534,26.04,86.41,2025-08-18 23:47:55+00:00,34.000427,-81.024177,101.4,4.83,0.3,0.0,9.0,3D,2025-08-18 19:47:55-04:00,POINT (-81.024177 34.000427)
2025-08-18 23:48:10 UTC,sensor08,236476534,25.95,87.1,2025-08-18 23:48:10+00:00,34.000115,-81.023988,106.7,3.31,0.3,164.32,9.0,3D,2025-08-18 19:48:10-04:00,POINT (-81.023988 34.000115)
2025-08-18 23:48:15 UTC,sensor08,236476534,25.92,87.28,2025-08-18 23:48:15+00:00,33.999975,-81.023913,107.9,2.58,0.2,164.54,9.0,3D,2025-08-18 19:48:15-04:00,POINT (-81.023913 33.999975)
2025-08-18 23:49:16 UTC,sensor08,236476534,26.01,86.95,2025-08-18 23:49:15+00:00,33.999957,-81.02375,109.0,4.16,0.1,333.69,9.0,3D,2025-08-18 19:49:15-04:00,POINT (-81.02375 33.999957)
2025-08-18 23:49:21 UTC,sensor08,236476534,25.96,87.05,2025-08-18 23:49:20+00:00,34.00014,-81.02385,109.3,4.25,0.0,340.04,9.0,3D,2025-08-18 19:49:20-04:00,POINT (-81.02385 34.00014)
2025-08-18 23:49:26 UTC,sensor08,236476534,25.97,87.19,2025-08-18 23:49:26+00:00,34.000323,-81.023962,109.4,3.81,0.0,0.0,9.0,3D,2025-08-18 19:49:26-04:00,POINT (-81.023962 34.000323)
2025-08-18 23:49:31 UTC,sensor08,236476534,26.07,86.74,2025-08-18 23:49:31+00:00,34.000593,-81.024022,108.8,6.58,-0.2,342.55,9.0,3D,2025-08-18 19:49:31-04:00,POINT (-81.024022 34.000593)
2025-08-18 23:49:36 UTC,sensor08,236476534,26.05,86.11,2025-08-18 23:49:36+00:00,34.000815,-81.024107,108.5,3.25,0.0,336.14,9.0,3D,2025-08-18 19:49:36-04:00,POINT (-81.024107 34.000815)
2025-08-18 23:49:46 UTC,sensor08,236476534,26.09,86.23,2025-08-18 23:49:46+00:00,34.00091,-81.024343,108.3,5.75,-0.1,261.23,9.0,3D,2025-08-18 19:49:46-04:00,POINT (-81.024343 34.00091)
2025-08-18 23:49:51 UTC,sensor08,236476534,25.89,86.53,2025-08-18 23:49:51+00:00,34.000783,-81.024748,107.3,8.9,-0.1,249.88,9.0,3D,2025-08-18 19:49:51-04:00,POINT (-81.024748 34.000783)
2025-08-18 23:49:56 UTC,sensor08,236476534,25.8,87.09,2025-08-18 23:49:56+00:00,34.000633,-81.025223,104.3,7.73,0.0,252.22,9.0,3D,2025-08-18 19:49:56-04:00,POINT (-81.025223 34.000633)
2025-08-18 23:50:01 UTC,sensor08,236476534,25.7,87.68,2025-08-18 23:50:01+00:00,34.000517,-81.025548,104.3,5.55,0.0,244.73,10.0,3D,2025-08-18 19:50:01-04:00,POINT (-81.025548 34.000517)
2025-08-18 23:50:06 UTC,sensor08,236476534,25.76,88.41,2025-08-18 23:50:06+00:00,34.000458,-81.025782,104.3,4.32,0.2,228.4,10.0,3D,2025-08-18 19:50:06-04:00,POINT (-81.025782 34.000458)
2025-08-18 23:50:12 UTC,sensor08,236476534,25.76,87.85,2025-08-18 23:50:11+00:00,34.000217,-81.025833,103.6,5.85,-0.3,173.14,10.0,3D,2025-08-18 19:50:11-04:00,POINT (-81.025833 34.000217)
2025-08-18 23:50:17 UTC,sensor08,236476534,25.67,88.3,2025-08-18 23:50:16+00:00,33.999805,-81.025683,102.2,10.19,-0.2,163.61,10.0,3D,2025-08-18 19:50:16-04:00,POINT (-81.025683 33.999805)
2025-08-18 23:50:22 UTC,sensor08,236476534,25.64,88.85,2025-08-18 23:50:21+00:00,33.999297,-81.025515,100.6,11.98,-0.3,164.14,10.0,3D,2025-08-18 19:50:21-04:00,POINT (-81.025515 33.999297)
2025-08-18 23:50:27 UTC,sensor08,236476534,25.46,89.94,2025-08-18 23:50:22+00:00,33.999188,-81.025478,100.4,12.48,-0.2,0.0,10.0,3D,2025-08-18 19:50:22-04:00,POINT (-81.025478 33.999188)
2025-08-18 23:50:32 UTC,sensor08,236476534,25.45,90.4,2025-08-18 23:50:31+00:00,33.998278,-81.025193,98.6,8.98,-0.1,163.55,10.0,3D,2025-08-18 19:50:31-04:00,POINT (-81.025193 33.998278)
2025-08-18 23:50:37 UTC,sensor08,236476534,25.47,90.77,2025-08-18 23:50:36+00:00,33.998003,-81.025083,98.5,4.16,0.1,164.56,10.0,3D,2025-08-18 19:50:36-04:00,POINT (-81.025083 33.998003)
2025-08-18 23:50:42 UTC,sensor08,236476534,25.52,91.08,2025-08-18 23:50:41+00:00,33.997932,-81.025017,95.6,2.92,-0.3,155.18,10.0,3D,2025-08-18 19:50:41-04:00,POINT (-81.025017 33.997932)
2025-08-18 23:50:47 UTC,sensor08,236476534,25.86,91.24,2025-08-18 23:50:46+00:00,33.997682,-81.024908,94.3,8.07,-0.4,158.15,10.0,3D,2025-08-18 19:50:46-04:00,POINT (-81.024908 33.997682)
2025-08-18 23:50:52 UTC,sensor08,236476534,26.26,88.82,2025-08-18 23:50:51+00:00,33.997267,-81.024703,93.1,10.29,-0.2,156.36,10.0,3D,2025-08-18 19:50:51-04:00,POINT (-81.024703 33.997267)
2025-08-18 23:50:57 UTC,sensor08,236476534,26.29,87.22,2025-08-18 23:50:57+00:00,33.996693,-81.024478,91.6,11.02,0.1,0.0,10.0,3D,2025-08-18 19:50:57-04:00,POINT (-81.024478 33.996693)
2025-08-18 23:51:02 UTC,sensor08,236476534,26.4,85.37,2025-08-18 23:51:02+00:00,33.996285,-81.024342,90.2,9.57,-0.4,0.0,10.0,3D,2025-08-18 19:51:02-04:00,POINT (-81.024342 33.996285)
2025-08-18 23:51:07 UTC,sensor08,236476534,26.38,85.55,2025-08-18 23:51:07+00:00,33.995888,-81.024203,88.3,9.39,-0.3,0.0,10.0,3D,2025-08-18 19:51:07-04:00,POINT (-81.024203 33.995888)
2025-08-18 23:51:12 UTC,sensor08,236476534,26.39,86.24,2025-08-18 23:51:12+00:00,33.995508,-81.02402,85.7,8.53,-0.8,0.0,10.0,3D,2025-08-18 19:51:12-04:00,POINT (-81.02402 33.995508)
2025-08-18 23:52:03 UTC,sensor08,236476534,26.03,87.95,2025-08-18 23:52:02+00:00,33.995268,-81.023865,76.2,2.55,-0.1,179.0,10.0,3D,2025-08-18 19:52:02-04:00,POINT (-81.023865 33.995268)
2025-08-18 23:52:08 UTC,sensor08,236476534,26.27,88.19,2025-08-18 23:52:07+00:00,33.994857,-81.023605,75.6,10.61,-0.1,153.69,10.0,3D,2025-08-18 19:52:07-04:00,POINT (-81.023605 33.994857)
2025-08-18 23:52:13 UTC,sensor08,236476534,25.87,89.41,2025-08-18 23:52:12+00:00,33.994382,-81.023275,75.1,11.6,-0.1,151.92,10.0,3D,2025-08-18 19:52:12-04:00,POINT (-81.023275 33.994382)
2025-08-18 23:52:18 UTC,sensor08,236476534,25.81,90.09,2025-08-18 23:52:17+00:00,33.993992,-81.023035,74.6,6.96,-0.1,151.15,10.0,3D,2025-08-18 19:52:17-04:00,POINT (-81.023035 33.993992)
2025-08-18 23:52:28 UTC,sensor08,236476534,25.84,90.11,2025-08-18 23:52:27+00:00,33.993817,-81.022982,72.8,2.61,-0.17,220.61,10.0,3D,2025-08-18 19:52:27-04:00,POINT (-81.022982 33.993817)
2025-08-18 23:52:33 UTC,sensor08,236476534,25.75,90.08,2025-08-18 23:52:32+00:00,33.993697,-81.023327,71.1,9.72,-0.38,248.4,4.0,3D,2025-08-18 19:52:32-04:00,POINT (-81.023327 33.993697)
2025-08-18 23:52:38 UTC,sensor08,236476534,25.67,90.75,2025-08-18 23:52:37+00:00,33.99354,-81.02384,69.0,9.92,-0.38,250.41,10.0,3D,2025-08-18 19:52:37-04:00,POINT (-81.02384 33.99354)
2025-08-18 23:52:43 UTC,sensor08,236476534,25.53,91.57,2025-08-18 23:52:43+00:00,33.993367,-81.024425,67.3,8.97,-0.3,0.0,10.0,3D,2025-08-18 19:52:43-04:00,POINT (-81.024425 33.993367)
2025-08-18 23:52:48 UTC,sensor08,236476534,25.5,91.22,2025-08-18 23:52:48+00:00,33.993252,-81.024857,65.7,8.56,-0.2,0.0,10.0,3D,2025-08-18 19:52:48-04:00,POINT (-81.024857 33.993252)
2025-08-18 23:52:53 UTC,sensor08,236476534,25.87,89.91,2025-08-18 23:52:53+00:00,33.993122,-81.025288,64.6,8.32,-0.2,0.0,10.0,3D,2025-08-18 19:52:53-04:00,POINT (-81.025288 33.993122)
2025-08-18 23:52:58 UTC,sensor08,236476534,25.94,88.34,2025-08-18 23:52:58+00:00,33.992978,-81.025732,63.8,9.1,-0.1,0.0,4.0,3D,2025-08-18 19:52:58-04:00,POINT (-81.025732 33.992978)
2025-08-18 23:53:03 UTC,sensor08,236476534,25.87,89.19,2025-08-18 23:53:03+00:00,33.992847,-81.026212,64.0,9.5,0.2,0.0,4.0,3D,2025-08-18 19:53:03-04:00,POINT (-81.026212 33.992847)
2025-08-18 23:53:08 UTC,sensor08,236476534,26.15,87.68,2025-08-18 23:53:08+00:00,33.992755,-81.026723,65.3,9.6,0.1,0.0,4.0,3D,2025-08-18 19:53:08-04:00,POINT (-81.026723 33.992755)
2025-08-18 23:53:13 UTC,sensor08,236476534,25.91,87.3,2025-08-18 23:53:13+00:00,33.9926,-81.027218,66.1,9.74,0.1,0.0,10.0,3D,2025-08-18 19:53:13-04:00,POINT (-81.027218 33.9926)
2025-08-18 23:53:44 UTC,sensor08,236476534,26.1,86.81,2025-08-18 23:53:43+00:00,33.992248,-81.027752,68.2,6.07,-0.2,169.84,10.0,3D,2025-08-18 19:53:43-04:00,POINT (-81.027752 33.992248)
2025-08-18 23:53:49 UTC,sensor08,236476534,26.25,86.3,2025-08-18 23:53:48+00:00,33.99186,-81.02759,66.6,10.6,-0.4,161.29,10.0,3D,2025-08-18 19:53:48-04:00,POINT (-81.02759 33.99186)
2025-08-18 23:53:54 UTC,sensor08,236476534,26.31,86.46,2025-08-18 23:53:53+00:00,33.991367,-81.027375,64.1,11.33,-0.5,159.15,10.0,3D,2025-08-18 19:53:53-04:00,POINT (-81.027375 33.991367)
2025-08-18 23:53:59 UTC,sensor08,236476534,25.84,88.69,2025-08-18 23:53:58+00:00,33.990917,-81.027153,61.7,10.1,-0.4,157.48,10.0,3D,2025-08-18 19:53:58-04:00,POINT (-81.027153 33.990917)
2025-08-18 23:54:04 UTC,sensor08,236476534,25.65,89.06,2025-08-18 23:54:03+00:00,33.990485,-81.026975,60.2,10.72,-0.2,162.24,10.0,3D,2025-08-18 19:54:03-04:00,POINT (-81.026975 33.990485)
2025-08-18 23:54:09 UTC,sensor08,236476534,25.82,88.85,2025-08-18 23:54:08+00:00,33.99002,-81.026765,59.5,10.66,0.0,159.88,10.0,3D,2025-08-18 19:54:08-04:00,POINT (-81.026765 33.99002)
2025-08-18 23:54:14 UTC,sensor08,236476534,25.91,88.41,2025-08-18 23:54:13+00:00,33.989723,-81.026635,59.4,4.45,0.1,161.12,10.0,3D,2025-08-18 19:54:13-04:00,POINT (-81.026635 33.989723)
2025-08-18 23:54:19 UTC,sensor08,236476534,25.98,87.7,2025-08-18 23:54:18+00:00,33.989652,-81.026673,59.8,3.99,0.3,214.67,10.0,3D,2025-08-18 19:54:18-04:00,POINT (-81.026673 33.989652)
2025-08-18 23:54:24 UTC,sensor08,236476534,26.12,88.02,2025-08-18 23:54:23+00:00,33.98954,-81.026998,57.5,7.98,-0.4,0.0,10.0,3D,2025-08-18 19:54:23-04:00,POINT (-81.026998 33.98954)
2025-08-18 23:54:29 UTC,sensor08,236476534,26.27,87.52,2025-08-18 23:54:29+00:00,33.989405,-81.027417,56.5,4.69,-0.1,0.0,10.0,3D,2025-08-18 19:54:29-04:00,POINT (-81.027417 33.989405)
2025-08-18 23:54:34 UTC,sensor08,236476534,26.31,86.37,2025-08-18 23:54:34+00:00,33.989323,-81.027652,55.9,5.48,-0.1,0.0,10.0,3D,2025-08-18 19:54:34-04:00,POINT (-81.027652 33.989323)
2025-08-18 23:54:39 UTC,sensor08,236476534,26.49,85.83,2025-08-18 23:54:39+00:00,33.989233,-81.027928,55.9,4.19,-0.2,0.0,10.0,3D,2025-08-18 19:54:39-04:00,POINT (-81.027928 33.989233)
2025-08-18 23:54:59 UTC,sensor08,236476534,26.68,84.67,2025-08-18 23:54:59+00:00,33.989067,-81.028117,55.9,5.02,-0.2,180.75,10.0,3D,2025-08-18 19:54:59-04:00,POINT (-81.028117 33.989067)
2025-08-18 23:55:04 UTC,sensor08,236476534,26.72,84.22,2025-08-18 23:55:04+00:00,33.988632,-81.027933,55.5,10.91,-0.1,160.77,10.0,3D,2025-08-18 19:55:04-04:00,POINT (-81.027933 33.988632)
2025-08-18 23:55:09 UTC,sensor08,236476534,26.73,84.85,2025-08-18 23:55:09+00:00,33.988192,-81.027752,54.7,7.66,-0.2,161.13,10.0,3D,2025-08-18 19:55:09-04:00,POINT (-81.027752 33.988192)
2025-08-18 23:55:30 UTC,sensor08,236476534,26.55,85.66,2025-08-18 23:55:29+00:00,33.987827,-81.027692,53.9,4.05,-0.1,221.82,10.0,3D,2025-08-18 19:55:29-04:00,POINT (-81.027692 33.987827)
2025-08-18 23:55:35 UTC,sensor08,236476534,26.79,85.49,2025-08-18 23:55:34+00:00,33.987712,-81.028008,53.4,7.15,0.0,248.32,10.0,3D,2025-08-18 19:55:34-04:00,POINT (-81.028008 33.987712)
2025-08-18 23:55:40 UTC,sensor08,236476534,26.47,85.97,2025-08-18 23:55:39+00:00,33.987583,-81.028388,53.3,7.33,0.1,248.94,10.0,3D,2025-08-18 19:55:39-04:00,POINT (-81.028388 33.987583)
2025-08-18 23:55:45 UTC,sensor08,236476534,26.52,86.54,2025-08-18 23:55:44+00:00,33.987487,-81.028685,53.4,4.39,0.0,249.11,10.0,3D,2025-08-18 19:55:44-04:00,POINT (-81.028685 33.987487)
2025-08-18 23:56:30 UTC,sensor08,236476534,27.3,82.47,2025-08-18 23:56:30+00:00,33.9873,-81.029307,53.4,7.93,0.0,249.32,10.0,3D,2025-08-18 19:56:30-04:00,POINT (-81.029307 33.9873)
2025-08-18 23:56:35 UTC,sensor08,236476534,27.26,81.87,2025-08-18 23:56:35+00:00,33.987137,-81.029788,52.7,9.48,-0.2,246.0,10.0,3D,2025-08-18 19:56:35-04:00,POINT (-81.029788 33.987137)
2025-08-18 23:56:40 UTC,sensor08,236476534,27.3,81.02,2025-08-18 23:56:40+00:00,33.986908,-81.030412,52.5,10.7,-0.1,248.18,10.0,3D,2025-08-18 19:56:40-04:00,POINT (-81.030412 33.986908)
2025-08-18 23:56:45 UTC,sensor08,236476534,27.06,82.52,2025-08-18 23:56:45+00:00,33.986755,-81.030922,52.0,8.39,-0.1,249.46,10.0,3D,2025-08-18 19:56:45-04:00,POINT (-81.030922 33.986755)
2025-08-18 23:56:50 UTC,sensor08,236476534,27.14,83.29,2025-08-18 23:56:50+00:00,33.986705,-81.031473,53.2,10.01,0.5,250.54,10.0,3D,2025-08-18 19:56:50-04:00,POINT (-81.031473 33.986705)
2025-08-18 23:56:56 UTC,sensor08,236476534,27.05,84.07,2025-08-18 23:56:55+00:00,33.986593,-81.031978,54.3,9.28,0.2,251.51,10.0,3D,2025-08-18 19:56:55-04:00,POINT (-81.031978 33.986593)
2025-08-18 23:57:01 UTC,sensor08,236476534,27.01,84.83,2025-08-18 23:57:00+00:00,33.98647,-81.032317,55.3,5.93,0.2,253.14,10.0,3D,2025-08-18 19:57:00-04:00,POINT (-81.032317 33.98647)
2025-08-18 23:57:06 UTC,sensor08,236476534,27.02,85.8,2025-08-18 23:57:05+00:00,33.98634,-81.032653,55.7,7.51,0.1,248.18,10.0,3D,2025-08-18 19:57:05-04:00,POINT (-81.032653 33.98634)
2025-08-18 23:57:11 UTC,sensor08,236476534,26.92,86.28,2025-08-18 23:57:10+00:00,33.986212,-81.032948,55.1,6.49,0.0,248.6,10.0,3D,2025-08-18 19:57:10-04:00,POINT (-81.032948 33.986212)
2025-08-18 23:57:16 UTC,sensor08,236476534,26.8,86.69,2025-08-18 23:57:15+00:00,33.986093,-81.033253,55.3,4.92,0.3,245.82,10.0,3D,2025-08-18 19:57:15-04:00,POINT (-81.033253 33.986093)
2025-08-18 23:57:21 UTC,sensor08,236476534,26.46,86.91,2025-08-18 23:57:20+00:00,33.985938,-81.033323,54.8,4.11,0.0,164.7,10.0,3D,2025-08-18 19:57:20-04:00,POINT (-81.033323 33.985938)
2025-08-18 23:57:26 UTC,sensor08,236476534,26.34,88.21,2025-08-18 23:57:25+00:00,33.985782,-81.033282,54.6,2.98,0.0,193.64,10.0,3D,2025-08-18 19:57:25-04:00,POINT (-81.033282 33.985782)
2025-08-18 23:57:31 UTC,sensor08,236476534,26.3,88.31,2025-08-18 23:57:30+00:00,33.985647,-81.033295,54.3,3.89,-0.1,156.59,10.0,3D,2025-08-18 19:57:30-04:00,POINT (-81.033295 33.985647)
2025-08-18 23:57:36 UTC,sensor08,236476534,26.13,88.8,2025-08-18 23:57:35+00:00,33.98547,-81.033202,54.2,3.89,0.0,163.14,10.0,3D,2025-08-18 19:57:35-04:00,POINT (-81.033202 33.98547)
2025-08-18 23:57:51 UTC,sensor08,236476534,26.0,89.33,2025-08-18 23:57:51+00:00,33.985508,-81.033063,54.7,3.36,0.2,0.0,10.0,3D,2025-08-18 19:57:51-04:00,POINT (-81.033063 33.985508)
2025-08-18 23:57:56 UTC,sensor08,236476534,25.97,89.53,2025-08-18 23:57:56+00:00,33.985787,-81.033155,55.8,5.98,0.0,0.0,10.0,3D,2025-08-18 19:57:56-04:00,POINT (-81.033155 33.985787)
2025-08-18 23:58:01 UTC,sensor08,236476534,25.92,89.37,2025-08-18 23:58:01+00:00,33.985948,-81.033243,56.2,3.07,-0.2,335.9,10.0,3D,2025-08-18 19:58:01-04:00,POINT (-81.033243 33.985948)
2025-08-18 23:58:06 UTC,sensor08,236476534,26.11,89.65,2025-08-18 23:58:06+00:00,33.98604,-81.033122,56.6,5.64,0.0,62.11,10.0,3D,2025-08-18 19:58:06-04:00,POINT (-81.033122 33.98604)
2025-08-18 23:58:11 UTC,sensor08,236476534,26.26,89.31,2025-08-18 23:58:11+00:00,33.986167,-81.032745,57.2,6.45,0.2,67.07,10.0,3D,2025-08-18 19:58:11-04:00,POINT (-81.032745 33.986167)
2025-08-18 23:58:16 UTC,sensor08,236476534,26.36,89.0,2025-08-18 23:58:16+00:00,33.986268,-81.032475,57.6,6.34,-0.2,65.43,10.0,3D,2025-08-18 19:58:16-04:00,POINT (-81.032475 33.986268)
2025-08-18 23:58:21 UTC,sensor08,236476534,26.48,88.55,2025-08-18 23:58:21+00:00,33.986385,-81.03215,56.9,6.01,0.1,70.42,10.0,3D,2025-08-18 19:58:21-04:00,POINT (-81.03215 33.986385)
2025-08-18 23:58:26 UTC,sensor08,236476534,26.62,88.25,2025-08-18 23:58:24+00:00,33.986463,-81.031987,57.1,6.78,-0.1,0.0,10.0,3D,2025-08-18 19:58:24-04:00,POINT (-81.031987 33.986463)
2025-08-18 23:58:31 UTC,sensor08,236476534,26.62,87.77,2025-08-18 23:58:31+00:00,33.9867,-81.031283,57.4,10.96,0.04,67.44,10.0,3D,2025-08-18 19:58:31-04:00,POINT (-81.031283 33.9867)
2025-08-18 23:58:36 UTC,sensor08,236476534,26.76,86.6,2025-08-18 23:58:36+00:00,33.9869,-81.030718,57.3,11.45,-1.0,70.07,10.0,3D,2025-08-18 19:58:36-04:00,POINT (-81.030718 33.9869)
2025-08-18 23:58:42 UTC,sensor08,236476534,26.9,85.28,2025-08-18 23:58:41+00:00,33.987075,-81.030133,58.4,11.32,0.1,70.92,10.0,3D,2025-08-18 19:58:41-04:00,POINT (-81.030133 33.987075)
2025-08-18 23:58:47 UTC,sensor08,236476534,27.07,83.29,2025-08-18 23:58:46+00:00,33.987222,-81.029688,59.4,6.48,0.2,67.95,10.0,3D,2025-08-18 19:58:46-04:00,POINT (-81.029688 33.987222)
2025-08-19 00:00:12 UTC,sensor08,236476534,27.04,82.43,2025-08-19 00:00:12+00:00,33.987403,-81.0285,60.1,6.68,-0.1,71.63,10.0,3D,2025-08-18 20:00:12-04:00,POINT (-81.0285 33.987403)
2025-08-19 00:00:17 UTC,sensor08,236476534,26.23,84.4,2025-08-19 00:00:17+00:00,33.987582,-81.027918,59.7,10.76,-0.1,71.31,10.0,3D,2025-08-18 20:00:17-04:00,POINT (-81.027918 33.987582)
2025-08-19 00:00:22 UTC,sensor08,236476534,26.15,87.05,2025-08-19 00:00:22+00:00,33.987765,-81.027382,60.1,9.33,0.2,65.92,10.0,3D,2025-08-18 20:00:22-04:00,POINT (-81.027382 33.987765)
2025-08-19 00:00:27 UTC,sensor08,236476534,26.09,86.63,2025-08-19 00:00:24+00:00,33.987832,-81.027193,60.4,9.53,0.2,0.0,10.0,3D,2025-08-18 20:00:24-04:00,POINT (-81.027193 33.987832)
2025-08-19 00:00:33 UTC,sensor08,236476534,25.94,87.09,2025-08-19 00:00:32+00:00,33.988132,-81.026418,60.8,8.59,0.0,67.68,10.0,3D,2025-08-18 20:00:32-04:00,POINT (-81.026418 33.988132)
2025-08-19 00:00:38 UTC,sensor08,236476534,25.92,87.96,2025-08-19 00:00:37+00:00,33.988285,-81.02613,61.1,2.68,0.1,57.64,10.0,3D,2025-08-18 20:00:37-04:00,POINT (-81.02613 33.988285)
2025-08-19 00:00:43 UTC,sensor08,236476534,25.97,88.22,2025-08-19 00:00:42+00:00,33.98835,-81.025993,60.8,5.63,-0.1,67.66,10.0,3D,2025-08-18 20:00:42-04:00,POINT (-81.025993 33.98835)
2025-08-19 00:00:48 UTC,sensor08,236476534,25.85,87.81,2025-08-19 00:00:47+00:00,33.988475,-81.025558,60.7,10.0,-0.2,65.85,10.0,3D,2025-08-18 20:00:47-04:00,POINT (-81.025558 33.988475)
2025-08-19 00:00:53 UTC,sensor08,236476534,25.82,87.94,2025-08-19 00:00:52+00:00,33.98865,-81.025047,59.7,9.8,-0.2,69.55,10.0,3D,2025-08-18 20:00:52-04:00,POINT (-81.025047 33.98865)
2025-08-19 00:00:58 UTC,sensor08,236476534,25.69,87.72,2025-08-19 00:00:57+00:00,33.9888,-81.024622,58.7,5.66,-0.1,69.46,10.0,3D,2025-08-18 20:00:57-04:00,POINT (-81.024622 33.9888)
2025-08-19 00:01:03 UTC,sensor08,236476534,25.68,87.88,2025-08-19 00:01:02+00:00,33.988827,-81.024463,59.7,2.27,0.5,84.59,10.0,3D,2025-08-18 20:01:02-04:00,POINT (-81.024463 33.988827)
2025-08-19 00:01:08 UTC,sensor08,236476534,25.83,87.92,2025-08-19 00:01:07+00:00,33.988643,-81.024287,63.4,6.66,0.8,159.13,10.0,3D,2025-08-18 20:01:07-04:00,POINT (-81.024287 33.988643)
2025-08-19 00:01:13 UTC,sensor08,236476534,25.93,87.31,2025-08-19 00:01:12+00:00,33.988125,-81.02408,65.9,11.33,0.2,159.66,10.0,3D,2025-08-18 20:01:12-04:00,POINT (-81.02408 33.988125)
2025-08-19 00:01:18 UTC,sensor08,236476534,25.92,86.85,2025-08-19 00:01:17+00:00,33.98774,-81.023943,67.0,7.12,0.2,163.82,10.0,3D,2025-08-18 20:01:17-04:00,POINT (-81.023943 33.98774)
2025-08-19 00:01:43 UTC,sensor08,236476534,25.77,87.09,2025-08-19 00:01:43+00:00,33.987428,-81.023785,65.2,3.47,0.1,0.0,10.0,3D,2025-08-18 20:01:43-04:00,POINT (-81.023785 33.987428)
2025-08-19 00:01:48 UTC,sensor08,236476534,25.73,87.74,2025-08-19 00:01:48+00:00,33.987457,-81.023472,66.2,7.82,0.3,0.0,10.0,3D,2025-08-18 20:01:48-04:00,POINT (-81.023472 33.987457)
2025-08-19 00:01:53 UTC,sensor08,236476534,25.7,87.98,2025-08-19 00:01:53+00:00,33.98749,-81.023218,66.6,4.91,-0.1,124.48,10.0,3D,2025-08-18 20:01:53-04:00,POINT (-81.023218 33.98749)
2025-08-19 00:01:58 UTC,sensor08,236476534,25.64,88.67,2025-08-19 00:01:58+00:00,33.987232,-81.022912,66.2,9.31,-0.1,135.74,10.0,3D,2025-08-18 20:01:58-04:00,POINT (-81.022912 33.987232)
2025-08-19 00:02:03 UTC,sensor08,236476534,25.42,89.43,2025-08-19 00:02:03+00:00,33.98693,-81.022545,65.9,9.82,-0.1,135.76,10.0,3D,2025-08-18 20:02:03-04:00,POINT (-81.022545 33.98693)
2025-08-19 00:02:08 UTC,sensor08,236476534,25.21,90.51,2025-08-19 00:02:08+00:00,33.986597,-81.022148,65.4,10.33,-0.1,133.34,10.0,3D,2025-08-18 20:02:08-04:00,POINT (-81.022148 33.986597)
2025-08-19 00:02:13 UTC,sensor08,236476534,25.25,90.96,2025-08-19 00:02:13+00:00,33.986293,-81.021727,64.8,9.36,0.0,128.73,10.0,3D,2025-08-18 20:02:13-04:00,POINT (-81.021727 33.986293)
2025-08-19 00:02:18 UTC,sensor08,236476534,25.23,91.38,2025-08-19 00:02:18+00:00,33.986025,-81.021382,64.4,9.12,-0.1,133.47,10.0,3D,2025-08-18 20:02:18-04:00,POINT (-81.021382 33.986025)
2025-08-19 00:02:23 UTC,sensor08,236476534,25.14,91.46,2025-08-19 00:02:23+00:00,33.985832,-81.021107,64.2,4.19,-0.1,133.48,10.0,3D,2025-08-18 20:02:23-04:00,POINT (-81.021107 33.985832)
2025-08-19 00:02:28 UTC,sensor08,236476534,25.11,91.66,2025-08-19 00:02:28+00:00,33.985642,-81.020848,63.5,8.46,-0.15,131.85,10.0,3D,2025-08-18 20:02:28-04:00,POINT (-81.020848 33.985642)
2025-08-19 00:02:34 UTC,sensor08,236476534,25.13,91.38,2025-08-19 00:02:33+00:00,33.985405,-81.02052,62.8,6.02,-0.1,132.11,10.0,3D,2025-08-18 20:02:33-04:00,POINT (-81.02052 33.985405)
2025-08-19 00:02:39 UTC,sensor08,236476534,25.18,91.54,2025-08-19 00:02:38+00:00,33.985302,-81.020397,62.6,3.32,0.0,139.02,10.0,3D,2025-08-18 20:02:38-04:00,POINT (-81.020397 33.985302)
2025-08-19 00:02:44 UTC,sensor08,236476534,25.19,91.99,2025-08-19 00:02:43+00:00,33.98509,-81.020127,62.7,8.9,0.1,133.27,10.0,3D,2025-08-18 20:02:43-04:00,POINT (-81.020127 33.98509)
2025-08-19 00:02:49 UTC,sensor08,236476534,25.24,91.73,2025-08-19 00:02:48+00:00,33.98476,-81.0197,63.0,10.96,-0.1,132.86,10.0,3D,2025-08-18 20:02:48-04:00,POINT (-81.0197 33.98476)
2025-08-19 00:02:54 UTC,sensor08,236476534,25.19,91.1,2025-08-19 00:02:53+00:00,33.984395,-81.019257,64.1,11.33,0.0,135.16,10.0,3D,2025-08-18 20:02:53-04:00,POINT (-81.019257 33.984395)
2025-08-19 00:02:59 UTC,sensor08,236476534,25.21,91.29,2025-08-19 00:02:58+00:00,33.984038,-81.018792,63.1,11.99,-0.3,132.61,10.0,3D,2025-08-18 20:02:58-04:00,POINT (-81.018792 33.984038)
2025-08-19 00:03:04 UTC,sensor08,236476534,25.34,91.04,2025-08-19 00:03:03+00:00,33.983713,-81.018373,61.6,8.62,-0.1,131.96,10.0,3D,2025-08-18 20:03:03-04:00,POINT (-81.018373 33.983713)
2025-08-19 00:03:09 UTC,sensor08,236476534,25.35,90.89,2025-08-19 00:03:08+00:00,33.983517,-81.018132,61.0,4.11,-0.1,135.47,10.0,3D,2025-08-18 20:03:08-04:00,POINT (-81.018132 33.983517)
2025-08-19 00:03:14 UTC,sensor08,236476534,25.62,89.96,2025-08-19 00:03:13+00:00,33.98338,-81.017912,61.5,7.4,0.7,108.15,10.0,3D,2025-08-18 20:03:13-04:00,POINT (-81.017912 33.98338)
2025-08-19 00:03:19 UTC,sensor08,236476534,25.98,88.83,2025-08-19 00:03:18+00:00,33.983445,-81.01745,63.3,10.71,0.4,66.66,10.0,3D,2025-08-18 20:03:18-04:00,POINT (-81.01745 33.983445)
2025-08-19 00:03:24 UTC,sensor08,236476534,26.11,87.87,2025-08-19 00:03:23+00:00,33.983655,-81.01689,66.9,11.27,0.7,68.78,10.0,3D,2025-08-18 20:03:23-04:00,POINT (-81.01689 33.983655)
2025-08-19 00:03:29 UTC,sensor08,236476534,25.9,87.99,2025-08-19 00:03:28+00:00,33.983857,-81.016357,70.1,11.1,0.7,68.75,10.0,3D,2025-08-18 20:03:28-04:00,POINT (-81.016357 33.983857)
2025-08-19 00:03:34 UTC,sensor08,236476534,25.96,88.35,2025-08-19 00:03:34+00:00,33.984087,-81.015652,74.9,11.96,1.0,0.0,10.0,3D,2025-08-18 20:03:34-04:00,POINT (-81.015652 33.984087)
2025-08-19 00:03:39 UTC,sensor08,236476534,25.84,87.51,2025-08-19 00:03:39+00:00,33.984288,-81.015027,80.6,12.19,1.5,0.0,10.0,3D,2025-08-18 20:03:39-04:00,POINT (-81.015027 33.984288)
2025-08-19 00:03:44 UTC,sensor08,236476534,25.62,87.93,2025-08-19 00:03:44+00:00,33.984465,-81.014423,87.8,11.73,1.2,0.0,10.0,3D,2025-08-18 20:03:44-04:00,POINT (-81.014423 33.984465)
2025-08-19 00:03:49 UTC,sensor08,236476534,25.78,87.98,2025-08-19 00:03:49+00:00,33.984647,-81.013807,91.9,12.6,0.6,0.0,10.0,3D,2025-08-18 20:03:49-04:00,POINT (-81.013807 33.984647)
2025-08-19 00:03:54 UTC,sensor08,236476534,26.08,86.6,2025-08-19 00:03:54+00:00,33.984843,-81.01312,94.3,13.46,0.3,70.64,10.0,3D,2025-08-18 20:03:54-04:00,POINT (-81.01312 33.984843)
2025-08-19 00:03:59 UTC,sensor08,236476534,26.13,86.11,2025-08-19 00:03:59+00:00,33.98502,-81.012527,94.8,7.66,0.2,74.19,10.0,3D,2025-08-18 20:03:59-04:00,POINT (-81.012527 33.98502)
