System_Timestamp_UTC,RaspberryPiName,Sensor_ID,Temperature_C,Humidity_RH,GPS_Timestamp_UTC,Latitude,Longitude,Altitude_m,Speed_mps,Climb_mps,Track_deg,Satellites,GPS_Fix_Type,datetime,geometry
2025-08-20 22:41:00 UTC,sensor01,218208153,29.29,65.36,2025-08-20 23:03:19+00:00,34.002627,-81.013343,72.2,2.25,-0.1,311.27,9.0,3D,2025-08-20 19:03:19-04:00,POINT (-81.013343 34.002627)
2025-08-20 22:41:10 UTC,sensor01,218208153,29.33,65.21,2025-08-20 23:03:29+00:00,34.002745,-81.013388,70.0,2.34,-0.5,30.12,9.0,3D,2025-08-20 19:03:29-04:00,POINT (-81.013388 34.002745)
2025-08-20 22:41:15 UTC,sensor01,218208153,29.29,65.8,2025-08-20 23:03:34+00:00,34.00286,-81.013272,68.0,3.74,-0.3,52.43,9.0,3D,2025-08-20 19:03:34-04:00,POINT (-81.013272 34.00286)
2025-08-20 22:41:20 UTC,sensor01,218208153,29.28,65.69,2025-08-20 23:03:39+00:00,34.003,-81.013025,65.8,5.95,-0.4,52.65,9.0,3D,2025-08-20 19:03:39-04:00,POINT (-81.013025 34.003)
2025-08-20 22:41:25 UTC,sensor01,218208153,29.17,65.86,2025-08-20 23:03:44+00:00,34.003177,-81.012707,63.7,6.66,-0.4,52.64,9.0,3D,2025-08-20 19:03:44-04:00,POINT (-81.012707 34.003177)
2025-08-20 22:41:30 UTC,sensor01,218208153,29.11,66.52,2025-08-20 23:03:49+00:00,34.003338,-81.012415,62.5,4.32,0.0,56.9,9.0,3D,2025-08-20 19:03:49-04:00,POINT (-81.012415 34.003338)
2025-08-20 22:41:40 UTC,sensor01,218208153,29.11,66.71,2025-08-20 23:03:59+00:00,34.003448,-81.012168,60.2,2.65,0.6,23.43,9.0,3D,2025-08-20 19:03:59-04:00,POINT (-81.012168 34.003448)
2025-08-20 22:41:45 UTC,sensor01,218208153,29.08,68.08,2025-08-20 23:04:04+00:00,34.00363,-81.012193,59.0,5.43,-0.1,348.99,9.0,3D,2025-08-20 19:04:04-04:00,POINT (-81.012193 34.00363)
2025-08-20 22:41:50 UTC,sensor01,218208153,28.95,67.69,2025-08-20 23:04:09+00:00,34.003885,-81.012292,57.8,6.75,-0.2,344.7,9.0,3D,2025-08-20 19:04:09-04:00,POINT (-81.012292 34.003885)
2025-08-20 22:41:55 UTC,sensor01,218208153,28.87,66.98,2025-08-20 23:04:14+00:00,34.004167,-81.012388,56.6,7.14,-0.1,344.84,9.0,3D,2025-08-20 19:04:14-04:00,POINT (-81.012388 34.004167)
2025-08-20 22:42:00 UTC,sensor01,218208153,28.79,67.49,2025-08-20 23:04:20+00:00,34.004575,-81.012552,56.3,7.84,-0.1,0.0,9.0,3D,2025-08-20 19:04:20-04:00,POINT (-81.012552 34.004575)
2025-08-20 22:42:05 UTC,sensor01,218208153,28.7,68.09,2025-08-20 23:04:25+00:00,34.004932,-81.012753,55.8,8.56,-0.2,0.0,9.0,3D,2025-08-20 19:04:25-04:00,POINT (-81.012753 34.004932)
2025-08-20 22:42:10 UTC,sensor01,218208153,28.66,68.5,2025-08-20 23:04:30+00:00,34.005242,-81.013063,55.6,9.31,-0.1,0.0,9.0,3D,2025-08-20 19:04:30-04:00,POINT (-81.013063 34.005242)
2025-08-20 22:42:15 UTC,sensor01,218208153,28.7,67.26,2025-08-20 23:04:35+00:00,34.005567,-81.013447,55.6,9.49,-0.1,313.73,9.0,3D,2025-08-20 19:04:35-04:00,POINT (-81.013447 34.005567)
2025-08-20 22:42:20 UTC,sensor01,218208153,28.75,66.51,2025-08-20 23:04:40+00:00,34.005923,-81.013838,56.8,10.42,-0.1,322.39,8.0,3D,2025-08-20 19:04:40-04:00,POINT (-81.013838 34.005923)
2025-08-20 22:42:25 UTC,sensor01,218208153,28.83,66.51,2025-08-20 23:04:45+00:00,34.00636,-81.01411,56.4,11.05,0.0,337.99,9.0,3D,2025-08-20 19:04:45-04:00,POINT (-81.01411 34.00636)
2025-08-20 22:42:30 UTC,sensor01,218208153,28.87,65.67,2025-08-20 23:04:50+00:00,34.006813,-81.01431,57.1,10.53,0.1,339.8,9.0,3D,2025-08-20 19:04:50-04:00,POINT (-81.01431 34.006813)
2025-08-20 22:42:35 UTC,sensor01,218208153,29.01,65.19,2025-08-20 23:04:55+00:00,34.007158,-81.01448,59.9,5.17,0.4,344.37,9.0,3D,2025-08-20 19:04:55-04:00,POINT (-81.01448 34.007158)
2025-08-20 22:43:00 UTC,sensor01,218208153,29.42,63.59,2025-08-20 23:05:20+00:00,34.007297,-81.01436,65.1,5.05,0.0,74.3,9.0,3D,2025-08-20 19:05:20-04:00,POINT (-81.01436 34.007297)
2025-08-20 22:43:06 UTC,sensor01,218208153,29.47,63.09,2025-08-20 23:05:25+00:00,34.007405,-81.01393,64.5,9.86,-0.1,72.57,9.0,3D,2025-08-20 19:05:25-04:00,POINT (-81.01393 34.007405)
2025-08-20 22:43:11 UTC,sensor01,218208153,29.57,63.28,2025-08-20 23:05:30+00:00,34.007493,-81.013533,63.7,4.83,-0.2,81.98,9.0,3D,2025-08-20 19:05:30-04:00,POINT (-81.013533 34.007493)
2025-08-20 22:43:16 UTC,sensor01,218208153,29.66,63.33,2025-08-20 23:05:35+00:00,34.007405,-81.013293,63.0,7.73,-0.1,124.3,9.0,3D,2025-08-20 19:05:35-04:00,POINT (-81.013293 34.007405)
2025-08-20 22:43:21 UTC,sensor01,218208153,29.62,62.97,2025-08-20 23:05:40+00:00,34.007117,-81.012828,62.8,12.79,0.0,124.52,9.0,3D,2025-08-20 19:05:40-04:00,POINT (-81.012828 34.007117)
2025-08-20 22:43:26 UTC,sensor01,218208153,29.62,63.25,2025-08-20 23:05:45+00:00,34.00677,-81.012185,63.0,15.21,0.0,119.93,9.0,3D,2025-08-20 19:05:45-04:00,POINT (-81.012185 34.00677)
2025-08-20 22:44:06 UTC,sensor01,218208153,29.48,63.17,2025-08-20 23:06:26+00:00,34.004292,-81.005758,70.2,15.28,0.7,0.0,9.0,3D,2025-08-20 19:06:26-04:00,POINT (-81.005758 34.004292)
2025-08-20 22:44:11 UTC,sensor01,218208153,29.46,63.35,2025-08-20 23:06:31+00:00,34.004022,-81.005015,75.0,13.93,0.7,0.0,9.0,3D,2025-08-20 19:06:31-04:00,POINT (-81.005015 34.004022)
2025-08-20 22:44:16 UTC,sensor01,218208153,29.42,64.04,2025-08-20 23:06:36+00:00,34.003802,-81.004348,78.5,13.22,0.7,0.0,9.0,3D,2025-08-20 19:06:36-04:00,POINT (-81.004348 34.003802)
2025-08-20 22:44:21 UTC,sensor01,218208153,29.31,63.94,2025-08-20 23:06:41+00:00,34.003575,-81.003685,80.9,13.58,0.5,0.0,9.0,3D,2025-08-20 19:06:41-04:00,POINT (-81.003685 34.003575)
2025-08-20 22:44:26 UTC,sensor01,218208153,29.44,63.71,2025-08-20 23:06:46+00:00,34.003352,-81.002978,82.7,13.94,0.3,0.0,4.0,3D,2025-08-20 19:06:46-04:00,POINT (-81.002978 34.003352)
2025-08-20 22:44:31 UTC,sensor01,218208153,29.29,63.39,2025-08-20 23:06:51+00:00,34.003142,-81.00223,85.3,14.9,0.4,0.0,8.0,3D,2025-08-20 19:06:51-04:00,POINT (-81.00223 34.003142)
2025-08-20 22:45:27 UTC,sensor01,218208153,29.26,63.95,2025-08-20 23:07:46+00:00,33.998293,-80.994608,105.6,14.72,-0.2,132.27,9.0,3D,2025-08-20 19:07:46-04:00,POINT (-80.994608 33.998293)
2025-08-20 22:45:32 UTC,sensor01,218208153,29.35,63.94,2025-08-20 23:07:51+00:00,33.998003,-80.994173,107.1,7.88,0.3,124.07,9.0,3D,2025-08-20 19:07:51-04:00,POINT (-80.994173 33.998003)
2025-08-20 22:46:02 UTC,sensor01,218208153,29.72,63.11,2025-08-20 23:08:21+00:00,33.997913,-80.993987,112.6,2.28,-0.1,131.42,9.0,3D,2025-08-20 19:08:21-04:00,POINT (-80.993987 33.997913)
2025-08-20 22:46:07 UTC,sensor01,218208153,29.71,63.01,2025-08-20 23:08:26+00:00,33.997837,-80.993785,113.5,6.21,0.3,116.92,9.0,3D,2025-08-20 19:08:26-04:00,POINT (-80.993785 33.997837)
2025-08-20 22:46:12 UTC,sensor01,218208153,29.81,63.18,2025-08-20 23:08:31+00:00,33.997663,-80.993418,113.9,9.45,0.1,121.32,9.0,3D,2025-08-20 19:08:31-04:00,POINT (-80.993418 33.997663)
2025-08-20 22:46:17 UTC,sensor01,218208153,29.92,62.89,2025-08-20 23:08:36+00:00,33.997437,-80.992995,114.2,8.09,0.0,121.01,9.0,3D,2025-08-20 19:08:36-04:00,POINT (-80.992995 33.997437)
2025-08-20 22:46:22 UTC,sensor01,218208153,29.96,62.65,2025-08-20 23:08:42+00:00,33.997275,-80.99283,113.6,2.35,-0.2,0.0,9.0,3D,2025-08-20 19:08:42-04:00,POINT (-80.99283 33.997275)
2025-08-20 22:46:27 UTC,sensor01,218208153,30.0,62.53,2025-08-20 23:08:47+00:00,33.997158,-80.992968,109.7,3.91,-0.5,0.0,9.0,3D,2025-08-20 19:08:47-04:00,POINT (-80.992968 33.997158)
2025-08-20 22:47:48 UTC,sensor01,218208153,30.31,61.28,2025-08-20 23:10:07+00:00,33.997315,-80.993198,110.9,2.34,0.0,29.35,9.0,3D,2025-08-20 19:10:07-04:00,POINT (-80.993198 33.997315)
2025-08-20 22:47:53 UTC,sensor01,218208153,30.2,61.72,2025-08-20 23:10:12+00:00,33.997495,-80.99308,111.1,5.93,0.0,33.32,9.0,3D,2025-08-20 19:10:12-04:00,POINT (-80.99308 33.997495)
2025-08-20 22:47:58 UTC,sensor01,218208153,29.97,62.51,2025-08-20 23:10:17+00:00,33.997807,-80.992863,111.6,8.96,0.1,25.74,9.0,3D,2025-08-20 19:10:17-04:00,POINT (-80.992863 33.997807)
2025-08-20 22:48:03 UTC,sensor01,218208153,29.78,62.72,2025-08-20 23:10:22+00:00,33.998247,-80.992598,112.1,11.39,0.1,24.83,9.0,3D,2025-08-20 19:10:22-04:00,POINT (-80.992598 33.998247)
2025-08-20 22:48:08 UTC,sensor01,218208153,29.61,63.95,2025-08-20 23:10:27+00:00,33.998738,-80.99243,112.7,10.73,0.1,15.43,9.0,3D,2025-08-20 19:10:27-04:00,POINT (-80.99243 33.998738)
2025-08-20 22:48:13 UTC,sensor01,218208153,29.4,63.9,2025-08-20 23:10:32+00:00,33.999197,-80.992348,113.4,9.11,0.1,6.12,9.0,3D,2025-08-20 19:10:32-04:00,POINT (-80.992348 33.999197)
2025-08-20 22:48:18 UTC,sensor01,218208153,29.35,64.08,2025-08-20 23:10:37+00:00,33.99949,-80.992315,113.3,4.43,-0.2,5.27,9.0,3D,2025-08-20 19:10:37-04:00,POINT (-80.992315 33.99949)
2025-08-20 22:48:28 UTC,sensor01,218208153,29.32,64.16,2025-08-20 23:10:47+00:00,33.999658,-80.992362,112.9,3.67,0.1,1.62,9.0,3D,2025-08-20 19:10:47-04:00,POINT (-80.992362 33.999658)
2025-08-20 22:48:33 UTC,sensor01,218208153,29.21,63.71,2025-08-20 23:10:53+00:00,33.999963,-80.992328,112.8,6.9,-0.2,0.0,9.0,3D,2025-08-20 19:10:53-04:00,POINT (-80.992328 33.999963)
2025-08-20 22:48:38 UTC,sensor01,218208153,29.14,64.01,2025-08-20 23:10:58+00:00,34.000283,-80.992265,112.7,8.1,-0.1,0.0,9.0,3D,2025-08-20 19:10:58-04:00,POINT (-80.992265 34.000283)
2025-08-20 22:48:43 UTC,sensor01,218208153,29.12,64.91,2025-08-20 23:11:03+00:00,34.00069,-80.992185,112.0,9.92,-0.2,0.0,10.0,3D,2025-08-20 19:11:03-04:00,POINT (-80.992185 34.00069)
2025-08-20 22:48:48 UTC,sensor01,218208153,29.08,65.13,2025-08-20 23:11:08+00:00,34.001147,-80.992083,109.9,10.73,-0.8,0.0,10.0,3D,2025-08-20 19:11:08-04:00,POINT (-80.992083 34.001147)
2025-08-20 22:48:53 UTC,sensor01,218208153,29.02,65.23,2025-08-20 23:11:13+00:00,34.001577,-80.99193,109.6,8.85,-0.5,17.41,10.0,3D,2025-08-20 19:11:13-04:00,POINT (-80.99193 34.001577)
2025-08-20 22:48:58 UTC,sensor01,218208153,29.05,65.9,2025-08-20 23:11:18+00:00,34.001843,-80.991832,109.7,2.93,-0.1,21.76,10.0,3D,2025-08-20 19:11:18-04:00,POINT (-80.991832 34.001843)
2025-08-20 22:49:13 UTC,sensor01,218208153,29.14,64.98,2025-08-20 23:11:33+00:00,34.001963,-80.991863,108.4,2.8,-0.1,313.5,10.0,3D,2025-08-20 19:11:33-04:00,POINT (-80.991863 34.001963)
2025-08-20 22:49:18 UTC,sensor01,218208153,29.11,65.33,2025-08-20 23:11:38+00:00,34.001988,-80.992087,107.3,5.12,-0.4,266.83,10.0,3D,2025-08-20 19:11:38-04:00,POINT (-80.992087 34.001988)
2025-08-20 22:49:23 UTC,sensor01,218208153,29.07,65.49,2025-08-20 23:11:43+00:00,34.001968,-80.992455,104.9,7.4,-0.2,266.65,10.0,3D,2025-08-20 19:11:43-04:00,POINT (-80.992455 34.001968)
2025-08-20 22:49:28 UTC,sensor01,218208153,28.99,65.44,2025-08-20 23:11:48+00:00,34.001957,-80.992908,103.1,9.14,-0.2,272.36,10.0,3D,2025-08-20 19:11:48-04:00,POINT (-80.992908 34.001957)
2025-08-20 22:49:34 UTC,sensor01,218208153,28.9,65.48,2025-08-20 23:11:53+00:00,34.001952,-80.993455,103.6,10.07,0.4,271.76,10.0,3D,2025-08-20 19:11:53-04:00,POINT (-80.993455 34.001952)
2025-08-20 22:49:39 UTC,sensor01,218208153,28.88,66.8,2025-08-20 23:11:58+00:00,34.001967,-80.993942,103.0,7.72,-0.2,276.75,10.0,3D,2025-08-20 19:11:58-04:00,POINT (-80.993942 34.001967)
2025-08-20 22:49:44 UTC,sensor01,218208153,28.82,66.52,2025-08-20 23:12:03+00:00,34.001972,-80.994337,103.1,7.62,0.1,272.08,10.0,3D,2025-08-20 19:12:03-04:00,POINT (-80.994337 34.001972)
2025-08-20 22:49:49 UTC,sensor01,218208153,28.78,66.4,2025-08-20 23:12:08+00:00,34.00201,-80.994757,102.9,7.78,0.0,278.58,10.0,3D,2025-08-20 19:12:08-04:00,POINT (-80.994757 34.00201)
2025-08-20 22:49:54 UTC,sensor01,218208153,28.69,67.64,2025-08-20 23:12:13+00:00,34.002033,-80.995192,103.3,7.52,0.2,274.67,10.0,3D,2025-08-20 19:12:13-04:00,POINT (-80.995192 34.002033)
2025-08-20 22:49:59 UTC,sensor01,218208153,28.67,67.52,2025-08-20 23:12:18+00:00,34.00204,-80.995485,103.1,5.44,-0.2,273.28,10.0,3D,2025-08-20 19:12:18-04:00,POINT (-80.995485 34.00204)
2025-08-20 22:50:04 UTC,sensor01,218208153,28.67,67.41,2025-08-20 23:12:23+00:00,34.00207,-80.995753,103.0,4.02,-0.1,278.15,10.0,3D,2025-08-20 19:12:23-04:00,POINT (-80.995753 34.00207)
2025-08-20 22:50:14 UTC,sensor01,218208153,28.73,67.45,2025-08-20 23:12:33+00:00,34.002035,-80.995935,102.8,2.61,0.0,223.75,10.0,3D,2025-08-20 19:12:33-04:00,POINT (-80.995935 34.002035)
2025-08-20 22:50:19 UTC,sensor01,218208153,28.74,67.17,2025-08-20 23:12:38+00:00,34.00188,-80.995995,102.9,4.19,-0.1,182.93,10.0,3D,2025-08-20 19:12:38-04:00,POINT (-80.995995 34.00188)
2025-08-20 22:50:24 UTC,sensor01,218208153,28.76,66.49,2025-08-20 23:12:43+00:00,34.00163,-80.996032,102.9,6.03,-0.2,183.56,10.0,3D,2025-08-20 19:12:43-04:00,POINT (-80.996032 34.00163)
2025-08-20 22:50:29 UTC,sensor01,218208153,28.86,65.99,2025-08-20 23:12:48+00:00,34.00131,-80.996055,102.5,7.62,-0.1,181.36,10.0,3D,2025-08-20 19:12:48-04:00,POINT (-80.996055 34.00131)
2025-08-20 22:50:34 UTC,sensor01,218208153,28.89,65.63,2025-08-20 23:12:53+00:00,34.000935,-80.996092,102.0,8.41,-0.1,183.07,10.0,3D,2025-08-20 19:12:53-04:00,POINT (-80.996092 34.000935)
2025-08-20 22:50:39 UTC,sensor01,218208153,28.93,65.5,2025-08-20 23:12:58+00:00,34.000598,-80.996132,100.9,6.14,-0.3,186.12,10.0,3D,2025-08-20 19:12:58-04:00,POINT (-80.996132 34.000598)
2025-08-20 22:50:44 UTC,sensor01,218208153,28.94,65.42,2025-08-20 23:13:03+00:00,34.00039,-80.996142,100.0,4.61,0.0,186.48,10.0,3D,2025-08-20 19:13:03-04:00,POINT (-80.996142 34.00039)
2025-08-20 22:50:49 UTC,sensor01,218208153,28.95,65.55,2025-08-20 23:13:09+00:00,34.000127,-80.996167,99.6,4.83,0.0,0.0,10.0,3D,2025-08-20 19:13:09-04:00,POINT (-80.996167 34.000127)
2025-08-20 22:51:29 UTC,sensor01,218208153,29.47,64.25,2025-08-20 23:13:49+00:00,33.999917,-80.99621,97.7,2.37,0.0,193.92,10.0,3D,2025-08-20 19:13:49-04:00,POINT (-80.99621 33.999917)
2025-08-20 22:51:34 UTC,sensor01,218208153,29.41,64.05,2025-08-20 23:13:54+00:00,33.999682,-80.996147,97.8,7.35,-0.1,147.92,10.0,3D,2025-08-20 19:13:54-04:00,POINT (-80.996147 33.999682)
2025-08-20 22:51:39 UTC,sensor01,218208153,29.47,63.94,2025-08-20 23:13:59+00:00,33.999333,-80.995792,97.8,11.37,0.0,139.99,10.0,3D,2025-08-20 19:13:59-04:00,POINT (-80.995792 33.999333)
2025-08-20 22:51:44 UTC,sensor01,218208153,29.44,63.91,2025-08-20 23:14:04+00:00,33.998942,-80.995408,97.4,9.95,-0.3,140.58,10.0,3D,2025-08-20 19:14:04-04:00,POINT (-80.995408 33.998942)
2025-08-20 22:51:50 UTC,sensor01,218208153,29.49,64.09,2025-08-20 23:14:09+00:00,33.99871,-80.995193,98.0,3.56,0.1,163.37,10.0,3D,2025-08-20 19:14:09-04:00,POINT (-80.995193 33.99871)
2025-08-20 22:51:55 UTC,sensor01,218208153,29.43,64.09,2025-08-20 23:14:14+00:00,33.998588,-80.995283,98.5,3.67,0.1,231.74,10.0,3D,2025-08-20 19:14:14-04:00,POINT (-80.995283 33.998588)
2025-08-20 22:52:00 UTC,sensor01,218208153,29.41,64.11,2025-08-20 23:14:19+00:00,33.998487,-80.995442,99.9,4.13,0.1,230.0,10.0,3D,2025-08-20 19:14:19-04:00,POINT (-80.995442 33.998487)
2025-08-20 22:52:05 UTC,sensor01,218208153,29.37,64.22,2025-08-20 23:14:24+00:00,33.998363,-80.9956,99.9,4.83,0.0,225.33,10.0,3D,2025-08-20 19:14:24-04:00,POINT (-80.9956 33.998363)
2025-08-20 22:52:10 UTC,sensor01,218208153,29.33,64.64,2025-08-20 23:14:29+00:00,33.99822,-80.9958,100.5,5.16,0.3,223.42,10.0,3D,2025-08-20 19:14:29-04:00,POINT (-80.9958 33.99822)
2025-08-20 22:52:20 UTC,sensor01,218208153,29.28,64.98,2025-08-20 23:14:39+00:00,33.998027,-80.996023,99.9,3.47,0.0,201.89,10.0,3D,2025-08-20 19:14:39-04:00,POINT (-80.996023 33.998027)
2025-08-20 22:52:25 UTC,sensor01,218208153,29.23,65.1,2025-08-20 23:14:44+00:00,33.997833,-80.99605,99.5,4.54,-0.4,181.36,10.0,3D,2025-08-20 19:14:44-04:00,POINT (-80.99605 33.997833)
2025-08-20 22:52:40 UTC,sensor01,218208153,29.21,65.12,2025-08-20 23:14:59+00:00,33.997638,-80.995997,100.1,3.5,0.3,147.62,10.0,3D,2025-08-20 19:14:59-04:00,POINT (-80.995997 33.997638)
2025-08-20 22:52:45 UTC,sensor01,218208153,29.22,65.06,2025-08-20 23:15:04+00:00,33.997393,-80.995935,99.3,6.37,-0.1,180.61,10.0,3D,2025-08-20 19:15:04-04:00,POINT (-80.995935 33.997393)
2025-08-20 22:52:50 UTC,sensor01,218208153,29.21,64.77,2025-08-20 23:15:09+00:00,33.997057,-80.995977,98.6,7.55,0.1,186.69,10.0,3D,2025-08-20 19:15:09-04:00,POINT (-80.995977 33.997057)
2025-08-20 22:52:55 UTC,sensor01,218208153,29.19,64.64,2025-08-20 23:15:15+00:00,33.996677,-80.996013,98.2,7.22,0.0,0.0,10.0,3D,2025-08-20 19:15:15-04:00,POINT (-80.996013 33.996677)
2025-08-20 22:53:00 UTC,sensor01,218208153,29.16,64.76,2025-08-20 23:15:20+00:00,33.996408,-80.996042,98.0,4.08,-0.1,0.0,10.0,3D,2025-08-20 19:15:20-04:00,POINT (-80.996042 33.996408)
2025-08-20 22:53:15 UTC,sensor01,218208153,29.17,64.91,2025-08-20 23:15:35+00:00,33.996197,-80.995922,98.4,4.17,0.1,114.14,10.0,3D,2025-08-20 19:15:35-04:00,POINT (-80.995922 33.996197)
2025-08-20 22:53:20 UTC,sensor01,218208153,29.13,64.93,2025-08-20 23:15:40+00:00,33.996158,-80.995672,99.2,4.75,0.2,98.65,10.0,3D,2025-08-20 19:15:40-04:00,POINT (-80.995672 33.996158)
2025-08-20 22:53:25 UTC,sensor01,218208153,29.08,65.3,2025-08-20 23:15:45+00:00,33.996133,-80.99533,100.3,7.04,0.1,98.68,9.0,3D,2025-08-20 19:15:45-04:00,POINT (-80.99533 33.996133)
2025-08-20 22:53:30 UTC,sensor01,218208153,29.05,64.84,2025-08-20 23:15:50+00:00,33.996153,-80.994925,100.5,7.34,0.0,95.65,10.0,3D,2025-08-20 19:15:50-04:00,POINT (-80.994925 33.996153)
2025-08-20 22:53:35 UTC,sensor01,218208153,29.03,64.66,2025-08-20 23:15:55+00:00,33.996145,-80.994495,101.2,7.84,0.1,90.45,10.0,3D,2025-08-20 19:15:55-04:00,POINT (-80.994495 33.996145)
2025-08-20 22:53:40 UTC,sensor01,218208153,29.06,65.1,2025-08-20 23:16:00+00:00,33.996092,-80.994033,101.7,8.9,0.1,95.29,10.0,3D,2025-08-20 19:16:00-04:00,POINT (-80.994033 33.996092)
2025-08-20 22:53:45 UTC,sensor01,218208153,29.09,65.52,2025-08-20 23:16:05+00:00,33.99607,-80.993612,101.9,4.16,0.1,96.29,10.0,3D,2025-08-20 19:16:05-04:00,POINT (-80.993612 33.99607)
2025-08-20 22:54:01 UTC,sensor01,218208153,29.19,65.33,2025-08-20 23:16:20+00:00,33.995925,-80.993457,101.7,4.14,0.0,182.79,10.0,3D,2025-08-20 19:16:20-04:00,POINT (-80.993457 33.995925)
2025-08-20 22:54:06 UTC,sensor01,218208153,29.19,65.49,2025-08-20 23:16:25+00:00,33.995677,-80.993498,101.4,6.37,-0.1,185.74,10.0,3D,2025-08-20 19:16:25-04:00,POINT (-80.993498 33.995677)
2025-08-20 22:54:11 UTC,sensor01,218208153,29.18,65.42,2025-08-20 23:16:30+00:00,33.995317,-80.993537,100.9,7.7,-0.1,184.51,10.0,3D,2025-08-20 19:16:30-04:00,POINT (-80.993537 33.995317)
2025-08-20 22:54:16 UTC,sensor01,218208153,29.14,65.17,2025-08-20 23:16:35+00:00,33.994958,-80.99357,99.3,7.83,-0.8,186.86,10.0,3D,2025-08-20 19:16:35-04:00,POINT (-80.99357 33.994958)
2025-08-20 22:54:21 UTC,sensor01,218208153,29.14,65.28,2025-08-20 23:16:40+00:00,33.994607,-80.993597,98.2,6.39,-0.1,182.52,10.0,3D,2025-08-20 19:16:40-04:00,POINT (-80.993597 33.994607)
2025-08-20 22:54:31 UTC,sensor01,218208153,29.14,65.04,2025-08-20 23:16:50+00:00,33.994465,-80.99353,96.3,2.62,-0.1,136.39,10.0,3D,2025-08-20 19:16:50-04:00,POINT (-80.99353 33.994465)
2025-08-20 22:54:36 UTC,sensor01,218208153,29.13,65.17,2025-08-20 23:16:55+00:00,33.994407,-80.993307,96.1,5.09,0.1,98.13,10.0,3D,2025-08-20 19:16:55-04:00,POINT (-80.993307 33.994407)
2025-08-20 22:54:41 UTC,sensor01,218208153,29.1,65.13,2025-08-20 23:17:00+00:00,33.99438,-80.993005,96.5,6.1,0.1,92.1,10.0,3D,2025-08-20 19:17:00-04:00,POINT (-80.993005 33.99438)
2025-08-20 22:54:46 UTC,sensor01,218208153,29.05,65.36,2025-08-20 23:17:05+00:00,33.994348,-80.992612,96.7,7.65,0.0,98.48,10.0,3D,2025-08-20 19:17:05-04:00,POINT (-80.992612 33.994348)
2025-08-20 22:54:51 UTC,sensor01,218208153,28.98,65.27,2025-08-20 23:17:11+00:00,33.994353,-80.992167,97.2,6.47,0.1,0.0,10.0,3D,2025-08-20 19:17:11-04:00,POINT (-80.992167 33.994353)
2025-08-20 22:54:56 UTC,sensor01,218208153,28.92,65.3,2025-08-20 23:17:16+00:00,33.994352,-80.99185,96.7,6.47,-0.1,0.0,10.0,3D,2025-08-20 19:17:16-04:00,POINT (-80.99185 33.994352)
2025-08-20 22:55:01 UTC,sensor01,218208153,28.96,66.0,2025-08-20 23:17:21+00:00,33.994313,-80.991422,96.2,8.54,-0.1,0.0,4.0,3D,2025-08-20 19:17:21-04:00,POINT (-80.991422 33.994313)
2025-08-20 22:55:06 UTC,sensor01,218208153,28.93,65.65,2025-08-20 23:17:26+00:00,33.994263,-80.99096,95.1,8.24,-0.4,0.0,8.0,3D,2025-08-20 19:17:26-04:00,POINT (-80.99096 33.994263)
2025-08-20 22:55:11 UTC,sensor01,218208153,28.99,65.65,2025-08-20 23:17:31+00:00,33.994247,-80.990685,93.9,2.64,-0.2,0.0,10.0,3D,2025-08-20 19:17:31-04:00,POINT (-80.990685 33.994247)
2025-08-20 22:55:21 UTC,sensor01,218208153,28.99,65.53,2025-08-20 23:17:41+00:00,33.994325,-80.99058,93.9,2.76,0.1,11.46,10.0,3D,2025-08-20 19:17:41-04:00,POINT (-80.99058 33.994325)
2025-08-20 22:55:26 UTC,sensor01,218208153,28.98,65.42,2025-08-20 23:17:46+00:00,33.994497,-80.990557,94.6,4.98,0.4,5.18,10.0,3D,2025-08-20 19:17:46-04:00,POINT (-80.990557 33.994497)
2025-08-20 22:55:31 UTC,sensor01,218208153,28.92,64.99,2025-08-20 23:17:51+00:00,33.994773,-80.990532,94.8,6.44,0.1,3.67,10.0,3D,2025-08-20 19:17:51-04:00,POINT (-80.990532 33.994773)
2025-08-20 22:55:36 UTC,sensor01,218208153,28.91,65.65,2025-08-20 23:17:56+00:00,33.995098,-80.990492,94.9,7.58,0.0,7.55,10.0,3D,2025-08-20 19:17:56-04:00,POINT (-80.990492 33.995098)
2025-08-20 22:55:42 UTC,sensor01,218208153,28.87,65.61,2025-08-20 23:18:01+00:00,33.995457,-80.990445,94.6,8.54,0.0,7.26,10.0,3D,2025-08-20 19:18:01-04:00,POINT (-80.990445 33.995457)
2025-08-20 22:55:47 UTC,sensor01,218208153,28.85,65.49,2025-08-20 23:18:06+00:00,33.995838,-80.990413,94.5,7.16,-0.2,6.04,10.0,3D,2025-08-20 19:18:06-04:00,POINT (-80.990413 33.995838)
2025-08-20 22:55:52 UTC,sensor01,218208153,28.87,65.53,2025-08-20 23:18:11+00:00,33.996068,-80.990348,93.7,3.47,-0.1,37.6,10.0,3D,2025-08-20 19:18:11-04:00,POINT (-80.990348 33.996068)
2025-08-20 22:55:57 UTC,sensor01,218208153,28.91,65.34,2025-08-20 23:18:16+00:00,33.99609,-80.990092,92.7,5.82,-0.2,98.28,10.0,3D,2025-08-20 19:18:16-04:00,POINT (-80.990092 33.99609)
2025-08-20 22:56:02 UTC,sensor01,218208153,28.94,64.98,2025-08-20 23:18:21+00:00,33.996057,-80.989702,92.1,7.27,-0.1,92.83,10.0,3D,2025-08-20 19:18:21-04:00,POINT (-80.989702 33.996057)
2025-08-20 22:56:07 UTC,sensor01,218208153,28.96,65.01,2025-08-20 23:18:26+00:00,33.995967,-80.989173,91.5,10.77,-0.2,102.34,10.0,3D,2025-08-20 19:18:26-04:00,POINT (-80.989173 33.995967)
2025-08-20 22:56:12 UTC,sensor01,218208153,28.91,64.96,2025-08-20 23:18:31+00:00,33.99583,-80.988548,90.6,11.5,0.0,103.7,10.0,3D,2025-08-20 19:18:31-04:00,POINT (-80.988548 33.99583)
2025-08-20 22:56:17 UTC,sensor01,218208153,28.89,65.24,2025-08-20 23:18:36+00:00,33.995708,-80.98802,90.2,8.76,-0.2,109.0,10.0,3D,2025-08-20 19:18:36-04:00,POINT (-80.98802 33.995708)
2025-08-20 22:56:22 UTC,sensor01,218208153,28.88,65.68,2025-08-20 23:18:41+00:00,33.995627,-80.987805,90.2,2.7,-0.1,126.9,10.0,3D,2025-08-20 19:18:41-04:00,POINT (-80.987805 33.995627)
2025-08-20 22:57:02 UTC,sensor01,218208153,29.01,64.8,2025-08-20 23:19:22+00:00,33.995648,-80.987697,92.5,2.61,0.1,0.0,10.0,3D,2025-08-20 19:19:22-04:00,POINT (-80.987697 33.995648)
2025-08-20 22:57:07 UTC,sensor01,218208153,29.02,64.7,2025-08-20 23:19:27+00:00,33.995782,-80.987617,92.9,3.82,0.1,31.62,10.0,3D,2025-08-20 19:19:27-04:00,POINT (-80.987617 33.995782)
2025-08-20 22:57:12 UTC,sensor01,218208153,28.96,64.82,2025-08-20 23:19:32+00:00,33.995972,-80.987598,93.4,4.65,0.1,6.03,10.0,3D,2025-08-20 19:19:32-04:00,POINT (-80.987598 33.995972)
2025-08-20 22:57:17 UTC,sensor01,218208153,29.01,64.99,2025-08-20 23:19:37+00:00,33.996308,-80.98757,95.1,6.93,0.7,6.95,10.0,3D,2025-08-20 19:19:37-04:00,POINT (-80.98757 33.996308)
2025-08-20 22:57:22 UTC,sensor01,218208153,29.01,64.98,2025-08-20 23:19:42+00:00,33.996513,-80.987533,95.1,3.07,0.0,13.82,10.0,3D,2025-08-20 19:19:42-04:00,POINT (-80.987533 33.996513)
2025-08-20 22:57:27 UTC,sensor01,218208153,29.02,65.57,2025-08-20 23:19:47+00:00,33.996647,-80.987488,95.6,3.01,0.1,17.09,10.0,3D,2025-08-20 19:19:47-04:00,POINT (-80.987488 33.996647)
2025-08-20 22:57:42 UTC,sensor01,218208153,29.21,64.59,2025-08-20 23:20:02+00:00,33.996773,-80.98737,95.4,3.61,0.0,79.71,10.0,3D,2025-08-20 19:20:02-04:00,POINT (-80.98737 33.996773)
2025-08-20 22:57:47 UTC,sensor01,218208153,29.23,64.24,2025-08-20 23:20:07+00:00,33.996763,-80.987015,94.3,7.59,-0.1,93.0,10.0,3D,2025-08-20 19:20:07-04:00,POINT (-80.987015 33.996763)
2025-08-20 22:57:53 UTC,sensor01,218208153,29.27,64.16,2025-08-20 23:20:12+00:00,33.996737,-80.986485,94.0,10.88,-0.1,95.26,10.0,3D,2025-08-20 19:20:12-04:00,POINT (-80.986485 33.996737)
2025-08-20 22:57:58 UTC,sensor01,218208153,29.23,63.8,2025-08-20 23:20:17+00:00,33.99662,-80.985848,93.4,12.16,-0.1,108.32,10.0,3D,2025-08-20 19:20:17-04:00,POINT (-80.985848 33.99662)
2025-08-20 22:58:03 UTC,sensor01,218208153,29.2,64.65,2025-08-20 23:20:22+00:00,33.99628,-80.98518,91.8,14.75,-0.6,123.78,10.0,3D,2025-08-20 19:20:22-04:00,POINT (-80.98518 33.99628)
2025-08-20 22:58:18 UTC,sensor01,218208153,29.22,64.66,2025-08-20 23:20:37+00:00,33.994947,-80.98302,88.9,14.89,-0.2,128.98,9.0,3D,2025-08-20 19:20:37-04:00,POINT (-80.98302 33.994947)
2025-08-20 22:58:23 UTC,sensor01,218208153,29.14,64.94,2025-08-20 23:20:42+00:00,33.994535,-80.982383,85.1,14.53,-2.2,129.28,9.0,3D,2025-08-20 19:20:42-04:00,POINT (-80.982383 33.994535)
2025-08-20 22:58:28 UTC,sensor01,218208153,29.17,64.62,2025-08-20 23:20:47+00:00,33.994187,-80.981892,81.9,9.62,-0.4,131.52,9.0,3D,2025-08-20 19:20:47-04:00,POINT (-80.981892 33.994187)
2025-08-20 22:58:33 UTC,sensor01,218208153,29.14,64.23,2025-08-20 23:20:52+00:00,33.994025,-80.981805,79.9,4.07,-0.9,199.14,9.0,3D,2025-08-20 19:20:52-04:00,POINT (-80.981805 33.994025)
2025-08-20 22:58:38 UTC,sensor01,218208153,29.11,64.07,2025-08-20 23:20:57+00:00,33.993837,-80.981975,75.5,5.56,-0.3,216.42,9.0,3D,2025-08-20 19:20:57-04:00,POINT (-80.981975 33.993837)
2025-08-20 22:58:43 UTC,sensor01,218208153,29.04,64.28,2025-08-20 23:21:02+00:00,33.993633,-80.982197,73.7,6.64,-0.1,218.69,9.0,3D,2025-08-20 19:21:02-04:00,POINT (-80.982197 33.993633)
2025-08-20 22:58:48 UTC,sensor01,218208153,29.04,64.9,2025-08-20 23:21:07+00:00,33.993427,-80.98247,71.3,6.21,0.0,223.65,9.0,3D,2025-08-20 19:21:07-04:00,POINT (-80.98247 33.993427)
2025-08-20 22:58:58 UTC,sensor01,218208153,28.99,65.41,2025-08-20 23:21:17+00:00,33.993245,-80.982692,69.0,4.0,-0.2,220.9,9.0,3D,2025-08-20 19:21:17-04:00,POINT (-80.982692 33.993245)
2025-08-20 22:59:03 UTC,sensor01,218208153,28.89,66.09,2025-08-20 23:21:23+00:00,33.992975,-80.982948,67.9,7.76,-0.1,219.0,9.0,3D,2025-08-20 19:21:23-04:00,POINT (-80.982948 33.992975)
2025-08-20 22:59:08 UTC,sensor01,218208153,28.63,68.28,2025-08-20 23:21:28+00:00,33.992628,-80.983298,67.2,11.6,-0.1,0.0,9.0,3D,2025-08-20 19:21:28-04:00,POINT (-80.983298 33.992628)
2025-08-20 22:59:13 UTC,sensor01,218208153,28.3,70.7,2025-08-20 23:21:33+00:00,33.99219,-80.983698,65.8,12.46,-0.2,0.0,9.0,3D,2025-08-20 19:21:33-04:00,POINT (-80.983698 33.99219)
2025-08-20 22:59:18 UTC,sensor01,218208153,28.18,70.49,2025-08-20 23:21:38+00:00,33.991793,-80.98407,65.3,10.25,0.0,220.05,9.0,3D,2025-08-20 19:21:38-04:00,POINT (-80.98407 33.991793)
2025-08-20 22:59:23 UTC,sensor01,218208153,28.13,69.33,2025-08-20 23:21:43+00:00,33.991492,-80.98437,66.0,7.28,0.4,218.63,9.0,3D,2025-08-20 19:21:43-04:00,POINT (-80.98437 33.991492)
2025-08-20 22:59:38 UTC,sensor01,218208153,28.25,68.06,2025-08-20 23:21:58+00:00,33.991297,-80.984547,69.4,3.29,0.2,142.11,9.0,3D,2025-08-20 19:21:58-04:00,POINT (-80.984547 33.991297)
2025-08-20 22:59:43 UTC,sensor01,218208153,28.25,68.65,2025-08-20 23:22:03+00:00,33.991125,-80.984232,69.8,7.28,0.0,121.19,9.0,3D,2025-08-20 19:22:03-04:00,POINT (-80.984232 33.991125)
2025-08-20 22:59:48 UTC,sensor01,218208153,28.27,68.94,2025-08-20 23:22:08+00:00,33.9909,-80.983822,70.1,9.23,0.1,120.99,9.0,3D,2025-08-20 19:22:08-04:00,POINT (-80.983822 33.9909)
2025-08-20 22:59:53 UTC,sensor01,218208153,28.3,68.69,2025-08-20 23:22:13+00:00,33.990687,-80.98335,70.4,9.85,-0.1,113.97,9.0,3D,2025-08-20 19:22:13-04:00,POINT (-80.98335 33.990687)
2025-08-20 22:59:58 UTC,sensor01,218208153,28.33,68.06,2025-08-20 23:22:18+00:00,33.990495,-80.982787,70.0,11.3,-0.1,109.87,9.0,3D,2025-08-20 19:22:18-04:00,POINT (-80.982787 33.990495)
2025-08-20 23:00:04 UTC,sensor01,218208153,28.39,67.32,2025-08-20 23:22:23+00:00,33.990327,-80.982198,69.3,10.38,-0.3,107.07,9.0,3D,2025-08-20 19:22:23-04:00,POINT (-80.982198 33.990327)
2025-08-20 23:00:09 UTC,sensor01,218208153,28.45,66.68,2025-08-20 23:22:28+00:00,33.990182,-80.98165,68.5,10.2,-0.2,110.72,9.0,3D,2025-08-20 19:22:28-04:00,POINT (-80.98165 33.990182)
2025-08-20 23:00:14 UTC,sensor01,218208153,28.5,67.01,2025-08-20 23:22:33+00:00,33.990068,-80.981297,68.2,5.79,-0.2,112.72,9.0,3D,2025-08-20 19:22:33-04:00,POINT (-80.981297 33.990068)
2025-08-20 23:00:24 UTC,sensor01,218208153,28.54,66.77,2025-08-20 23:22:43+00:00,33.99003,-80.981012,66.7,4.75,0.2,66.99,9.0,3D,2025-08-20 19:22:43-04:00,POINT (-80.981012 33.99003)
2025-08-20 23:00:29 UTC,sensor01,218208153,28.58,66.27,2025-08-20 23:22:48+00:00,33.99028,-80.980747,65.9,8.83,-0.1,27.9,9.0,3D,2025-08-20 19:22:48-04:00,POINT (-80.980747 33.99028)
2025-08-20 23:00:34 UTC,sensor01,218208153,28.73,66.54,2025-08-20 23:22:53+00:00,33.990643,-80.980532,65.6,10.23,0.1,28.13,9.0,3D,2025-08-20 19:22:53-04:00,POINT (-80.980532 33.990643)
2025-08-20 23:00:39 UTC,sensor01,218208153,28.89,65.69,2025-08-20 23:22:58+00:00,33.991153,-80.980237,66.2,13.92,0.2,23.36,9.0,3D,2025-08-20 19:22:58-04:00,POINT (-80.980237 33.991153)
2025-08-20 23:00:44 UTC,sensor01,218208153,28.97,65.14,2025-08-20 23:23:03+00:00,33.991762,-80.979928,67.3,14.99,0.6,23.88,9.0,3D,2025-08-20 19:23:03-04:00,POINT (-80.979928 33.991762)
2025-08-20 23:00:49 UTC,sensor01,218208153,29.09,65.0,2025-08-20 23:23:08+00:00,33.992327,-80.979637,67.7,11.55,0.2,24.05,9.0,3D,2025-08-20 19:23:08-04:00,POINT (-80.979637 33.992327)
2025-08-20 23:01:19 UTC,sensor01,218208153,29.19,63.98,2025-08-20 23:23:39+00:00,33.992683,-80.979482,69.6,5.79,0.0,25.63,9.0,3D,2025-08-20 19:23:39-04:00,POINT (-80.979482 33.992683)
2025-08-20 23:01:24 UTC,sensor01,218208153,29.11,64.23,2025-08-20 23:23:44+00:00,33.993033,-80.979265,69.4,10.54,0.0,22.52,9.0,3D,2025-08-20 19:23:44-04:00,POINT (-80.979265 33.993033)
2025-08-20 23:01:29 UTC,sensor01,218208153,29.02,64.98,2025-08-20 23:23:49+00:00,33.993525,-80.979005,69.2,12.72,0.0,25.21,9.0,3D,2025-08-20 19:23:49-04:00,POINT (-80.979005 33.993525)
2025-08-20 23:01:39 UTC,sensor01,218208153,28.87,65.85,2025-08-20 23:23:59+00:00,33.994782,-80.97832,70.5,15.35,0.3,23.11,9.0,3D,2025-08-20 19:23:59-04:00,POINT (-80.97832 33.994782)
2025-08-20 23:01:54 UTC,sensor01,218208153,28.83,65.92,2025-08-20 23:24:14+00:00,33.996852,-80.977402,74.1,12.51,0.3,14.79,9.0,3D,2025-08-20 19:24:14-04:00,POINT (-80.977402 33.996852)
2025-08-20 23:01:59 UTC,sensor01,218208153,28.82,65.11,2025-08-20 23:24:19+00:00,33.9971,-80.977222,75.0,3.65,0.2,21.38,9.0,3D,2025-08-20 19:24:19-04:00,POINT (-80.977222 33.9971)
2025-08-20 23:02:15 UTC,sensor01,218208153,28.97,65.08,2025-08-20 23:24:34+00:00,33.997223,-80.977117,75.5,4.08,0.0,48.37,9.0,3D,2025-08-20 19:24:34-04:00,POINT (-80.977117 33.997223)
2025-08-20 23:02:20 UTC,sensor01,218208153,28.92,65.21,2025-08-20 23:24:39+00:00,33.997353,-80.976893,76.1,5.88,0.1,56.86,9.0,3D,2025-08-20 19:24:39-04:00,POINT (-80.976893 33.997353)
2025-08-20 23:02:25 UTC,sensor01,218208153,28.87,65.74,2025-08-20 23:24:44+00:00,33.997503,-80.976555,76.5,8.17,0.0,61.23,9.0,3D,2025-08-20 19:24:44-04:00,POINT (-80.976555 33.997503)
2025-08-20 23:02:30 UTC,sensor01,218208153,28.85,66.87,2025-08-20 23:24:49+00:00,33.997657,-80.976195,76.6,6.03,0.0,65.45,9.0,3D,2025-08-20 19:24:49-04:00,POINT (-80.976195 33.997657)
2025-08-20 23:02:40 UTC,sensor01,218208153,28.83,67.16,2025-08-20 23:24:59+00:00,33.997645,-80.975935,76.7,3.25,0.0,133.98,9.0,3D,2025-08-20 19:24:59-04:00,POINT (-80.975935 33.997645)
2025-08-20 23:02:45 UTC,sensor01,218208153,28.77,67.48,2025-08-20 23:25:04+00:00,33.997487,-80.975842,77.2,4.18,0.0,160.94,9.0,3D,2025-08-20 19:25:04-04:00,POINT (-80.975842 33.997487)
2025-08-20 23:02:50 UTC,sensor01,218208153,28.71,67.26,2025-08-20 23:25:09+00:00,33.997262,-80.975758,77.4,5.77,0.0,165.39,9.0,3D,2025-08-20 19:25:09-04:00,POINT (-80.975758 33.997262)
2025-08-20 23:02:55 UTC,sensor01,218208153,28.67,67.84,2025-08-20 23:25:14+00:00,33.996902,-80.975612,77.7,8.58,0.1,165.67,9.0,3D,2025-08-20 19:25:14-04:00,POINT (-80.975612 33.996902)
2025-08-20 23:03:00 UTC,sensor01,218208153,28.63,67.58,2025-08-20 23:25:19+00:00,33.996422,-80.975453,77.6,10.44,0.0,167.42,9.0,3D,2025-08-20 19:25:19-04:00,POINT (-80.975453 33.996422)
2025-08-20 23:03:05 UTC,sensor01,218208153,28.6,67.44,2025-08-20 23:25:24+00:00,33.995882,-80.975365,77.3,12.04,-0.1,174.71,9.0,3D,2025-08-20 19:25:24-04:00,POINT (-80.975365 33.995882)
2025-08-20 23:03:10 UTC,sensor01,218208153,28.59,67.79,2025-08-20 23:25:30+00:00,33.995358,-80.975335,76.3,5.73,-0.2,0.0,9.0,3D,2025-08-20 19:25:30-04:00,POINT (-80.975335 33.995358)
2025-08-20 23:03:45 UTC,sensor01,218208153,28.67,66.83,2025-08-20 23:26:05+00:00,33.995155,-80.975342,75.6,2.42,-0.1,130.56,9.0,3D,2025-08-20 19:26:05-04:00,POINT (-80.975342 33.995155)
2025-08-20 23:03:50 UTC,sensor01,218208153,28.65,66.97,2025-08-20 23:26:10+00:00,33.995203,-80.9751,75.6,5.65,0.1,62.72,8.0,3D,2025-08-20 19:26:10-04:00,POINT (-80.9751 33.995203)
2025-08-20 23:03:55 UTC,sensor01,218208153,28.65,66.55,2025-08-20 23:26:15+00:00,33.99537,-80.974845,76.4,6.43,0.1,37.83,9.0,3D,2025-08-20 19:26:15-04:00,POINT (-80.974845 33.99537)
2025-08-20 23:04:00 UTC,sensor01,218208153,28.65,66.52,2025-08-20 23:26:20+00:00,33.995617,-80.974632,76.9,7.02,-0.1,33.48,9.0,3D,2025-08-20 19:26:20-04:00,POINT (-80.974632 33.995617)
2025-08-20 23:04:05 UTC,sensor01,218208153,28.6,67.58,2025-08-20 23:26:25+00:00,33.995912,-80.974408,76.6,7.24,-0.3,29.79,9.0,3D,2025-08-20 19:26:25-04:00,POINT (-80.974408 33.995912)
2025-08-20 23:04:10 UTC,sensor01,218208153,28.61,67.54,2025-08-20 23:26:30+00:00,33.996217,-80.974187,76.1,7.34,-0.2,30.9,9.0,3D,2025-08-20 19:26:30-04:00,POINT (-80.974187 33.996217)
2025-08-20 23:04:15 UTC,sensor01,218208153,28.54,68.42,2025-08-20 23:26:35+00:00,33.996498,-80.974028,76.1,6.68,0.1,33.31,9.0,3D,2025-08-20 19:26:35-04:00,POINT (-80.974028 33.996498)
2025-08-20 23:04:20 UTC,sensor01,218208153,28.53,68.32,2025-08-20 23:26:40+00:00,33.99673,-80.973863,77.0,6.05,0.2,31.62,9.0,3D,2025-08-20 19:26:40-04:00,POINT (-80.973863 33.99673)
2025-08-20 23:04:26 UTC,sensor01,218208153,28.53,68.48,2025-08-20 23:26:45+00:00,33.996882,-80.973748,78.3,2.96,0.4,28.87,9.0,3D,2025-08-20 19:26:45-04:00,POINT (-80.973748 33.996882)
2025-08-20 23:04:36 UTC,sensor01,218208153,28.5,67.77,2025-08-20 23:26:55+00:00,33.996937,-80.973557,82.6,3.34,0.4,97.71,9.0,3D,2025-08-20 19:26:55-04:00,POINT (-80.973557 33.996937)
2025-08-20 23:04:41 UTC,sensor01,218208153,28.51,67.29,2025-08-20 23:27:00+00:00,33.996708,-80.973145,82.5,7.77,-0.2,123.02,9.0,3D,2025-08-20 19:27:00-04:00,POINT (-80.973145 33.996708)
2025-08-20 23:04:46 UTC,sensor01,218208153,28.52,66.75,2025-08-20 23:27:05+00:00,33.996468,-80.972812,82.6,8.14,0.1,138.16,9.0,3D,2025-08-20 19:27:05-04:00,POINT (-80.972812 33.996468)
2025-08-20 23:04:51 UTC,sensor01,218208153,28.57,66.82,2025-08-20 23:27:10+00:00,33.996202,-80.972525,82.7,8.45,0.0,136.17,9.0,3D,2025-08-20 19:27:10-04:00,POINT (-80.972525 33.996202)
2025-08-20 23:04:56 UTC,sensor01,218208153,28.63,66.18,2025-08-20 23:27:15+00:00,33.99589,-80.972168,80.3,9.49,0.0,136.52,9.0,3D,2025-08-20 19:27:15-04:00,POINT (-80.972168 33.99589)
2025-08-20 23:05:01 UTC,sensor01,218208153,28.66,66.14,2025-08-20 23:27:20+00:00,33.99558,-80.97179,79.0,8.99,-0.2,137.18,9.0,3D,2025-08-20 19:27:20-04:00,POINT (-80.97179 33.99558)
2025-08-20 23:05:06 UTC,sensor01,218208153,28.67,65.85,2025-08-20 23:27:25+00:00,33.995435,-80.971625,77.1,2.79,-0.4,137.48,9.0,3D,2025-08-20 19:27:25-04:00,POINT (-80.971625 33.995435)
2025-08-20 23:05:11 UTC,sensor01,218208153,28.73,65.84,2025-08-20 23:27:30+00:00,33.995437,-80.971542,74.5,2.59,-0.6,78.0,9.0,3D,2025-08-20 19:27:30-04:00,POINT (-80.971542 33.995437)
2025-08-20 23:05:16 UTC,sensor01,218208153,28.72,65.71,2025-08-20 23:27:35+00:00,33.995585,-80.97137,72.0,5.07,-1.1,41.87,9.0,3D,2025-08-20 19:27:35-04:00,POINT (-80.97137 33.995585)
2025-08-20 23:05:21 UTC,sensor01,218208153,28.75,65.76,2025-08-20 23:27:41+00:00,33.995845,-80.971063,71.6,7.28,0.0,0.0,9.0,3D,2025-08-20 19:27:41-04:00,POINT (-80.971063 33.995845)
2025-08-20 23:05:26 UTC,sensor01,218208153,28.76,65.84,2025-08-20 23:27:46+00:00,33.996117,-80.970837,70.3,6.9,-0.5,0.0,9.0,3D,2025-08-20 19:27:46-04:00,POINT (-80.970837 33.996117)
2025-08-20 23:05:31 UTC,sensor01,218208153,28.81,66.12,2025-08-20 23:27:51+00:00,33.996387,-80.970545,69.6,9.0,0.1,0.0,9.0,3D,2025-08-20 19:27:51-04:00,POINT (-80.970545 33.996387)
2025-08-20 23:05:36 UTC,sensor01,218208153,28.83,66.13,2025-08-20 23:27:56+00:00,33.996695,-80.970182,69.1,9.79,-0.2,0.0,9.0,3D,2025-08-20 19:27:56-04:00,POINT (-80.970182 33.996695)
2025-08-20 23:05:41 UTC,sensor01,218208153,28.8,66.63,2025-08-20 23:28:01+00:00,33.997043,-80.969833,69.0,9.39,0.4,0.0,4.0,3D,2025-08-20 19:28:01-04:00,POINT (-80.969833 33.997043)
2025-08-20 23:06:06 UTC,sensor01,218208153,28.93,65.84,2025-08-20 23:28:26+00:00,33.997263,-80.969753,69.2,2.37,0.1,356.7,9.0,3D,2025-08-20 19:28:26-04:00,POINT (-80.969753 33.997263)
2025-08-20 23:06:11 UTC,sensor01,218208153,28.95,65.95,2025-08-20 23:28:31+00:00,33.997357,-80.969905,69.3,4.79,0.2,306.7,9.0,3D,2025-08-20 19:28:31-04:00,POINT (-80.969905 33.997357)
2025-08-20 23:06:16 UTC,sensor01,218208153,28.95,65.92,2025-08-20 23:28:36+00:00,33.997505,-80.970152,67.6,6.1,-0.2,305.16,9.0,3D,2025-08-20 19:28:36-04:00,POINT (-80.970152 33.997505)
2025-08-20 23:06:21 UTC,sensor01,218208153,28.94,65.83,2025-08-20 23:28:41+00:00,33.997707,-80.970478,66.5,8.27,-0.1,306.04,9.0,3D,2025-08-20 19:28:41-04:00,POINT (-80.970478 33.997707)
2025-08-20 23:06:26 UTC,sensor01,218208153,28.91,65.75,2025-08-20 23:28:46+00:00,33.997953,-80.970855,65.8,8.96,-0.1,306.58,9.0,3D,2025-08-20 19:28:46-04:00,POINT (-80.970855 33.997953)
2025-08-20 23:06:32 UTC,sensor01,218208153,28.83,66.68,2025-08-20 23:28:51+00:00,33.998247,-80.971262,64.0,10.51,-0.5,309.81,9.0,3D,2025-08-20 19:28:51-04:00,POINT (-80.971262 33.998247)
2025-08-20 23:06:37 UTC,sensor01,218208153,28.69,67.33,2025-08-20 23:28:56+00:00,33.998505,-80.971648,63.2,7.92,0.0,314.24,9.0,3D,2025-08-20 19:28:56-04:00,POINT (-80.971648 33.998505)
2025-08-20 23:06:42 UTC,sensor01,218208153,28.62,68.44,2025-08-20 23:29:01+00:00,33.998707,-80.971875,62.5,4.05,0.0,314.78,9.0,3D,2025-08-20 19:29:01-04:00,POINT (-80.971875 33.998707)
2025-08-20 23:07:22 UTC,sensor01,218208153,28.62,68.43,2025-08-20 23:29:41+00:00,33.998565,-80.97185,58.9,4.85,0.2,123.26,9.0,3D,2025-08-20 19:29:41-04:00,POINT (-80.97185 33.998565)
2025-08-20 23:07:27 UTC,sensor01,218208153,28.55,67.97,2025-08-20 23:29:46+00:00,33.998422,-80.971608,61.6,6.28,0.5,124.91,9.0,3D,2025-08-20 19:29:46-04:00,POINT (-80.971608 33.998422)
2025-08-20 23:07:32 UTC,sensor01,218208153,28.5,67.83,2025-08-20 23:29:52+00:00,33.998177,-80.971222,64.5,8.17,0.4,0.0,9.0,3D,2025-08-20 19:29:52-04:00,POINT (-80.971222 33.998177)
2025-08-20 23:07:37 UTC,sensor01,218208153,28.51,67.47,2025-08-20 23:29:57+00:00,33.99793,-80.970822,64.8,9.59,0.1,0.0,9.0,3D,2025-08-20 19:29:57-04:00,POINT (-80.970822 33.99793)
2025-08-20 23:07:42 UTC,sensor01,218208153,28.53,67.29,2025-08-20 23:30:02+00:00,33.997638,-80.970358,64.8,11.25,0.0,0.0,9.0,3D,2025-08-20 19:30:02-04:00,POINT (-80.970358 33.997638)
2025-08-20 23:07:47 UTC,sensor01,218208153,28.54,67.21,2025-08-20 23:30:07+00:00,33.99738,-80.969942,64.5,7.34,-0.1,0.0,9.0,3D,2025-08-20 19:30:07-04:00,POINT (-80.969942 33.99738)
2025-08-20 23:07:52 UTC,sensor01,218208153,28.57,67.23,2025-08-20 23:30:12+00:00,33.997275,-80.96981,63.5,2.36,-0.1,144.37,9.0,3D,2025-08-20 19:30:12-04:00,POINT (-80.96981 33.997275)
2025-08-20 23:07:57 UTC,sensor01,218208153,28.56,67.66,2025-08-20 23:30:17+00:00,33.997118,-80.969863,62.4,5.44,-0.2,211.2,9.0,3D,2025-08-20 19:30:17-04:00,POINT (-80.969863 33.997118)
2025-08-20 23:08:02 UTC,sensor01,218208153,28.58,67.82,2025-08-20 23:30:22+00:00,33.996848,-80.970117,59.5,7.95,-0.5,220.41,9.0,3D,2025-08-20 19:30:22-04:00,POINT (-80.970117 33.996848)
2025-08-20 23:08:07 UTC,sensor01,218208153,28.61,67.53,2025-08-20 23:30:27+00:00,33.996577,-80.970425,57.8,7.65,0.0,219.97,9.0,3D,2025-08-20 19:30:27-04:00,POINT (-80.970425 33.996577)
2025-08-20 23:08:12 UTC,sensor01,218208153,28.61,67.03,2025-08-20 23:30:32+00:00,33.996405,-80.970612,57.6,2.56,-0.3,238.03,9.0,3D,2025-08-20 19:30:32-04:00,POINT (-80.970612 33.996405)
2025-08-20 23:08:17 UTC,sensor01,218208153,28.63,66.34,2025-08-20 23:30:37+00:00,33.996402,-80.970765,56.8,3.7,0.0,313.27,9.0,3D,2025-08-20 19:30:37-04:00,POINT (-80.970765 33.996402)
2025-08-20 23:08:22 UTC,sensor01,218208153,28.67,66.14,2025-08-20 23:30:42+00:00,33.996543,-80.970922,56.7,3.9,-0.1,312.95,9.0,3D,2025-08-20 19:30:42-04:00,POINT (-80.970922 33.996543)
2025-08-20 23:08:27 UTC,sensor01,218208153,28.69,66.56,2025-08-20 23:30:47+00:00,33.996703,-80.971142,54.7,5.05,-0.7,304.38,9.0,3D,2025-08-20 19:30:47-04:00,POINT (-80.971142 33.996703)
2025-08-20 23:08:33 UTC,sensor01,218208153,28.69,66.47,2025-08-20 23:30:52+00:00,33.996895,-80.971447,54.2,6.85,0.0,310.57,9.0,3D,2025-08-20 19:30:52-04:00,POINT (-80.971447 33.996895)
2025-08-20 23:08:38 UTC,sensor01,218208153,28.68,66.44,2025-08-20 23:30:57+00:00,33.997143,-80.971768,54.8,8.7,0.1,316.16,9.0,3D,2025-08-20 19:30:57-04:00,POINT (-80.971768 33.997143)
2025-08-20 23:08:43 UTC,sensor01,218208153,28.65,66.96,2025-08-20 23:31:02+00:00,33.997452,-80.972107,55.6,9.26,0.2,315.52,9.0,3D,2025-08-20 19:31:02-04:00,POINT (-80.972107 33.997452)
2025-08-20 23:08:48 UTC,sensor01,218208153,28.63,66.65,2025-08-20 23:31:07+00:00,33.997635,-80.972402,57.5,5.44,0.5,315.52,9.0,3D,2025-08-20 19:31:07-04:00,POINT (-80.972402 33.997635)
2025-08-20 23:08:58 UTC,sensor01,218208153,28.59,67.57,2025-08-20 23:31:17+00:00,33.997772,-80.972633,60.7,3.85,0.3,299.7,9.0,3D,2025-08-20 19:31:17-04:00,POINT (-80.972633 33.997772)
2025-08-20 23:09:03 UTC,sensor01,218208153,28.54,67.54,2025-08-20 23:31:22+00:00,33.99787,-80.97289,62.8,5.67,0.5,297.73,9.0,3D,2025-08-20 19:31:22-04:00,POINT (-80.97289 33.99787)
2025-08-20 23:09:08 UTC,sensor01,218208153,28.49,68.5,2025-08-20 23:31:27+00:00,33.998018,-80.97322,64.6,7.59,0.4,297.83,9.0,3D,2025-08-20 19:31:27-04:00,POINT (-80.97322 33.998018)
2025-08-20 23:09:13 UTC,sensor01,218208153,28.42,68.41,2025-08-20 23:31:32+00:00,33.998225,-80.973587,65.6,8.66,0.2,309.92,9.0,3D,2025-08-20 19:31:32-04:00,POINT (-80.973587 33.998225)
2025-08-20 23:09:18 UTC,sensor01,218208153,28.44,67.23,2025-08-20 23:31:37+00:00,33.998543,-80.97391,65.9,8.96,0.1,323.59,9.0,3D,2025-08-20 19:31:37-04:00,POINT (-80.97391 33.998543)
2025-08-20 23:09:23 UTC,sensor01,218208153,28.43,67.42,2025-08-20 23:31:42+00:00,33.998908,-80.974207,67.1,9.56,0.3,327.0,9.0,3D,2025-08-20 19:31:42-04:00,POINT (-80.974207 33.998908)
2025-08-20 23:09:28 UTC,sensor01,218208153,28.46,67.41,2025-08-20 23:31:48+00:00,33.999347,-80.974653,68.6,10.3,0.2,0.0,9.0,3D,2025-08-20 19:31:48-04:00,POINT (-80.974653 33.999347)
2025-08-20 23:09:33 UTC,sensor01,218208153,28.5,67.24,2025-08-20 23:31:53+00:00,33.99957,-80.975048,70.0,7.51,0.3,0.0,9.0,3D,2025-08-20 19:31:53-04:00,POINT (-80.975048 33.99957)
2025-08-20 23:09:38 UTC,sensor01,218208153,28.54,66.84,2025-08-20 23:31:58+00:00,33.99969,-80.975258,71.5,3.64,0.3,0.0,9.0,3D,2025-08-20 19:31:58-04:00,POINT (-80.975258 33.99969)
2025-08-20 23:09:43 UTC,sensor01,218208153,28.54,66.49,2025-08-20 23:32:03+00:00,33.999815,-80.975515,73.3,6.43,0.4,299.47,9.0,3D,2025-08-20 19:32:03-04:00,POINT (-80.975515 33.999815)
2025-08-20 23:09:48 UTC,sensor01,218208153,28.56,66.68,2025-08-20 23:32:08+00:00,33.999988,-80.975848,74.6,7.35,0.2,303.87,9.0,3D,2025-08-20 19:32:08-04:00,POINT (-80.975848 33.999988)
2025-08-20 23:09:53 UTC,sensor01,218208153,28.58,66.52,2025-08-20 23:32:13+00:00,34.000097,-80.97601,75.3,3.19,-0.2,342.57,9.0,3D,2025-08-20 19:32:13-04:00,POINT (-80.97601 34.000097)
2025-08-20 23:09:58 UTC,sensor01,218208153,28.59,66.68,2025-08-20 23:32:18+00:00,34.000177,-80.97591,77.0,3.79,0.4,44.41,9.0,3D,2025-08-20 19:32:18-04:00,POINT (-80.97591 34.000177)
2025-08-20 23:10:03 UTC,sensor01,218208153,28.56,66.91,2025-08-20 23:32:23+00:00,34.000372,-80.97569,79.2,7.08,0.4,39.56,9.0,3D,2025-08-20 19:32:23-04:00,POINT (-80.97569 34.000372)
2025-08-20 23:10:08 UTC,sensor01,218208153,28.55,66.59,2025-08-20 23:32:28+00:00,34.000637,-80.975422,81.4,6.55,0.5,37.83,9.0,3D,2025-08-20 19:32:28-04:00,POINT (-80.975422 34.000637)
2025-08-20 23:10:24 UTC,sensor01,218208153,28.51,66.89,2025-08-20 23:32:43+00:00,34.000585,-80.974938,88.2,5.88,0.5,126.36,9.0,3D,2025-08-20 19:32:43-04:00,POINT (-80.974938 34.000585)
2025-08-20 23:10:29 UTC,sensor01,218208153,28.47,66.47,2025-08-20 23:32:48+00:00,34.000345,-80.974563,87.6,9.35,0.1,126.72,9.0,3D,2025-08-20 19:32:48-04:00,POINT (-80.974563 34.000345)
2025-08-20 23:10:34 UTC,sensor01,218208153,28.48,66.93,2025-08-20 23:32:53+00:00,34.000083,-80.974198,87.7,6.64,0.7,124.85,9.0,3D,2025-08-20 19:32:53-04:00,POINT (-80.974198 34.000083)
2025-08-20 23:10:39 UTC,sensor01,218208153,28.5,66.97,2025-08-20 23:32:58+00:00,34.000135,-80.973992,87.3,3.78,0.1,68.99,9.0,3D,2025-08-20 19:32:58-04:00,POINT (-80.973992 34.000135)
2025-08-20 23:10:44 UTC,sensor01,218208153,28.5,67.02,2025-08-20 23:33:03+00:00,34.000318,-80.973847,87.4,4.95,0.2,50.06,9.0,3D,2025-08-20 19:33:03-04:00,POINT (-80.973847 34.000318)
2025-08-20 23:10:49 UTC,sensor01,218208153,28.51,66.89,2025-08-20 23:33:08+00:00,34.000533,-80.973698,88.7,5.63,0.3,34.79,9.0,3D,2025-08-20 19:33:08-04:00,POINT (-80.973698 34.000533)
2025-08-20 23:10:54 UTC,sensor01,218208153,28.48,67.1,2025-08-20 23:33:13+00:00,34.000767,-80.973527,90.9,6.21,0.6,35.7,9.0,3D,2025-08-20 19:33:13-04:00,POINT (-80.973527 34.000767)
2025-08-20 23:10:59 UTC,sensor01,218208153,28.51,67.11,2025-08-20 23:33:18+00:00,34.000962,-80.973327,93.4,4.02,0.4,33.82,9.0,3D,2025-08-20 19:33:18-04:00,POINT (-80.973327 34.000962)
2025-08-20 23:11:19 UTC,sensor01,218208153,28.59,67.08,2025-08-20 23:33:39+00:00,34.000893,-80.973212,95.6,2.96,-0.1,0.0,9.0,3D,2025-08-20 19:33:39-04:00,POINT (-80.973212 34.000893)
2025-08-20 23:11:24 UTC,sensor01,218208153,28.61,67.12,2025-08-20 23:33:44+00:00,34.000748,-80.973018,95.9,6.03,0.0,131.76,9.0,3D,2025-08-20 19:33:44-04:00,POINT (-80.973018 34.000748)
2025-08-20 23:11:29 UTC,sensor01,218208153,28.57,67.23,2025-08-20 23:33:49+00:00,34.000598,-80.972787,96.6,6.84,0.1,133.48,9.0,3D,2025-08-20 19:33:49-04:00,POINT (-80.972787 34.000598)
2025-08-20 23:11:34 UTC,sensor01,218208153,28.53,66.71,2025-08-20 23:33:54+00:00,34.000425,-80.97252,97.5,5.67,0.2,127.82,9.0,3D,2025-08-20 19:33:54-04:00,POINT (-80.97252 34.000425)
2025-08-20 23:11:39 UTC,sensor01,218208153,28.52,66.53,2025-08-20 23:33:59+00:00,34.000272,-80.97229,96.3,5.83,-1.9,125.89,9.0,3D,2025-08-20 19:33:59-04:00,POINT (-80.97229 34.000272)
2025-08-20 23:11:44 UTC,sensor01,218208153,28.5,66.6,2025-08-20 23:34:04+00:00,34.000073,-80.971963,93.2,6.56,-0.1,116.99,9.0,3D,2025-08-20 19:34:04-04:00,POINT (-80.971963 34.000073)
2025-08-20 23:11:49 UTC,sensor01,218208153,28.48,66.83,2025-08-20 23:34:09+00:00,34.000017,-80.971612,90.7,7.06,-0.3,97.56,9.0,3D,2025-08-20 19:34:09-04:00,POINT (-80.971612 34.000017)
2025-08-20 23:11:54 UTC,sensor01,218208153,28.46,66.57,2025-08-20 23:34:14+00:00,34.000138,-80.971233,89.3,7.28,-0.3,61.85,9.0,3D,2025-08-20 19:34:14-04:00,POINT (-80.971233 34.000138)
2025-08-20 23:11:59 UTC,sensor01,218208153,28.45,66.58,2025-08-20 23:34:19+00:00,34.000342,-80.970948,88.4,6.49,0.0,46.03,9.0,3D,2025-08-20 19:34:19-04:00,POINT (-80.970948 34.000342)
2025-08-20 23:12:05 UTC,sensor01,218208153,28.42,67.26,2025-08-20 23:34:24+00:00,34.000533,-80.970728,88.1,5.95,-0.1,49.66,9.0,3D,2025-08-20 19:34:24-04:00,POINT (-80.970728 34.000533)
2025-08-20 23:12:10 UTC,sensor01,218208153,28.42,67.76,2025-08-20 23:34:29+00:00,34.000673,-80.97051,87.9,3.95,-0.2,55.82,9.0,3D,2025-08-20 19:34:29-04:00,POINT (-80.97051 34.000673)
2025-08-20 23:12:15 UTC,sensor01,218208153,28.39,67.31,2025-08-20 23:34:34+00:00,34.000785,-80.970308,87.3,4.99,-0.3,59.95,9.0,3D,2025-08-20 19:34:34-04:00,POINT (-80.970308 34.000785)
2025-08-20 23:12:20 UTC,sensor01,218208153,28.4,67.49,2025-08-20 23:34:39+00:00,34.0009,-80.970067,86.5,4.86,-0.1,64.21,9.0,3D,2025-08-20 19:34:39-04:00,POINT (-80.970067 34.0009)
2025-08-20 23:12:25 UTC,sensor01,218208153,28.36,67.3,2025-08-20 23:34:44+00:00,34.001032,-80.969812,86.1,5.77,0.0,49.14,9.0,3D,2025-08-20 19:34:44-04:00,POINT (-80.969812 34.001032)
2025-08-20 23:12:30 UTC,sensor01,218208153,28.36,67.2,2025-08-20 23:34:49+00:00,34.001225,-80.969598,86.7,6.48,0.0,36.59,9.0,3D,2025-08-20 19:34:49-04:00,POINT (-80.969598 34.001225)
2025-08-20 23:12:35 UTC,sensor01,218208153,28.3,67.36,2025-08-20 23:34:54+00:00,34.001507,-80.96947,86.8,6.08,0.0,11.44,9.0,3D,2025-08-20 19:34:54-04:00,POINT (-80.96947 34.001507)
2025-08-20 23:12:40 UTC,sensor01,218208153,28.29,67.85,2025-08-20 23:34:59+00:00,34.001772,-80.969522,86.3,5.68,-0.1,341.55,9.0,3D,2025-08-20 19:34:59-04:00,POINT (-80.969522 34.001772)
2025-08-20 23:12:45 UTC,sensor01,218208153,28.25,67.92,2025-08-20 23:35:04+00:00,34.002087,-80.969693,85.1,7.27,-0.1,337.1,9.0,3D,2025-08-20 19:35:04-04:00,POINT (-80.969693 34.002087)
2025-08-20 23:12:50 UTC,sensor01,218208153,28.21,67.96,2025-08-20 23:35:09+00:00,34.00248,-80.969832,84.0,8.11,-0.5,348.87,9.0,3D,2025-08-20 19:35:09-04:00,POINT (-80.969832 34.00248)
2025-08-20 23:12:55 UTC,sensor01,218208153,28.2,67.89,2025-08-20 23:35:14+00:00,34.003002,-80.969873,82.1,10.24,-0.3,359.97,9.0,3D,2025-08-20 19:35:14-04:00,POINT (-80.969873 34.003002)
2025-08-20 23:13:00 UTC,sensor01,218208153,28.16,68.69,2025-08-20 23:35:19+00:00,34.003352,-80.969798,80.6,7.91,-0.4,15.83,9.0,3D,2025-08-20 19:35:19-04:00,POINT (-80.969798 34.003352)
2025-08-20 23:13:05 UTC,sensor01,218208153,28.18,68.62,2025-08-20 23:35:25+00:00,34.003727,-80.96964,81.7,6.83,0.3,0.0,9.0,3D,2025-08-20 19:35:25-04:00,POINT (-80.96964 34.003727)
2025-08-20 23:13:10 UTC,sensor01,218208153,28.18,68.63,2025-08-20 23:35:30+00:00,34.003995,-80.969437,83.2,6.27,0.3,0.0,9.0,3D,2025-08-20 19:35:30-04:00,POINT (-80.969437 34.003995)
2025-08-20 23:13:15 UTC,sensor01,218208153,28.18,67.74,2025-08-20 23:35:35+00:00,34.004137,-80.969285,84.9,4.19,0.4,0.0,9.0,3D,2025-08-20 19:35:35-04:00,POINT (-80.969285 34.004137)
2025-08-20 23:13:20 UTC,sensor01,218208153,28.25,67.71,2025-08-20 23:35:40+00:00,34.004307,-80.969065,86.3,5.62,0.3,44.16,9.0,3D,2025-08-20 19:35:40-04:00,POINT (-80.969065 34.004307)
2025-08-20 23:13:25 UTC,sensor01,218208153,28.23,67.84,2025-08-20 23:35:45+00:00,34.004467,-80.968895,86.3,3.49,0.3,24.52,9.0,3D,2025-08-20 19:35:45-04:00,POINT (-80.968895 34.004467)
2025-08-20 23:13:30 UTC,sensor01,218208153,28.28,67.87,2025-08-20 23:35:50+00:00,34.004652,-80.968915,82.4,3.75,-2.0,326.57,9.0,3D,2025-08-20 19:35:50-04:00,POINT (-80.968915 34.004652)
2025-08-20 23:13:35 UTC,sensor01,218208153,28.28,67.88,2025-08-20 23:35:55+00:00,34.004797,-80.969035,78.9,3.69,-0.7,315.91,9.0,3D,2025-08-20 19:35:55-04:00,POINT (-80.969035 34.004797)
2025-08-20 23:13:40 UTC,sensor01,218208153,28.3,67.77,2025-08-20 23:36:00+00:00,34.004938,-80.969198,76.8,4.01,-0.2,317.53,9.0,3D,2025-08-20 19:36:00-04:00,POINT (-80.969198 34.004938)
2025-08-20 23:13:45 UTC,sensor01,218208153,28.32,67.54,2025-08-20 23:36:05+00:00,34.00497,-80.969342,76.2,3.02,-0.1,316.48,9.0,3D,2025-08-20 19:36:05-04:00,POINT (-80.969342 34.00497)
2025-08-20 23:13:50 UTC,sensor01,218208153,28.32,67.7,2025-08-20 23:36:10+00:00,34.005078,-80.969447,76.1,3.38,0.0,325.59,9.0,3D,2025-08-20 19:36:10-04:00,POINT (-80.969447 34.005078)
2025-08-20 23:13:56 UTC,sensor01,218208153,28.33,67.64,2025-08-20 23:36:15+00:00,34.005283,-80.969713,75.9,5.96,0.0,310.81,9.0,3D,2025-08-20 19:36:15-04:00,POINT (-80.969713 34.005283)
2025-08-20 23:14:01 UTC,sensor01,218208153,28.39,67.21,2025-08-20 23:36:20+00:00,34.005517,-80.970025,76.7,4.97,0.0,301.35,9.0,3D,2025-08-20 19:36:20-04:00,POINT (-80.970025 34.005517)
2025-08-20 23:14:21 UTC,sensor01,218208153,28.47,67.21,2025-08-20 23:36:40+00:00,34.005928,-80.970035,76.0,6.45,-0.1,29.42,9.0,3D,2025-08-20 19:36:40-04:00,POINT (-80.970035 34.005928)
2025-08-20 23:14:26 UTC,sensor01,218208153,28.47,66.97,2025-08-20 23:36:45+00:00,34.006257,-80.969812,75.8,8.79,-0.1,22.7,9.0,3D,2025-08-20 19:36:45-04:00,POINT (-80.969812 34.006257)
2025-08-20 23:14:31 UTC,sensor01,218208153,28.48,67.05,2025-08-20 23:36:50+00:00,34.006697,-80.969742,75.1,9.4,-0.4,353.76,8.0,3D,2025-08-20 19:36:50-04:00,POINT (-80.969742 34.006697)
2025-08-20 23:14:36 UTC,sensor01,218208153,28.54,66.36,2025-08-20 23:36:55+00:00,34.007272,-80.969923,72.5,12.54,-0.3,344.44,9.0,3D,2025-08-20 19:36:55-04:00,POINT (-80.969923 34.007272)
2025-08-20 23:14:41 UTC,sensor01,218208153,28.6,66.48,2025-08-20 23:37:00+00:00,34.00783,-80.970097,70.7,10.48,-0.4,347.02,9.0,3D,2025-08-20 19:37:00-04:00,POINT (-80.970097 34.00783)
2025-08-20 23:14:51 UTC,sensor01,218208153,28.67,66.65,2025-08-20 23:37:11+00:00,34.008132,-80.969942,68.6,6.28,-0.1,0.0,9.0,3D,2025-08-20 19:37:11-04:00,POINT (-80.969942 34.008132)
2025-08-20 23:14:56 UTC,sensor01,218208153,28.86,66.76,2025-08-20 23:37:16+00:00,34.008282,-80.969488,68.5,10.52,-0.3,0.0,9.0,3D,2025-08-20 19:37:16-04:00,POINT (-80.969488 34.008282)
2025-08-20 23:15:01 UTC,sensor01,218208153,28.95,66.02,2025-08-20 23:37:21+00:00,34.0085,-80.968868,65.1,13.22,-0.2,0.0,9.0,3D,2025-08-20 19:37:21-04:00,POINT (-80.968868 34.0085)
2025-08-20 23:15:11 UTC,sensor01,218208153,29.01,65.56,2025-08-20 23:37:31+00:00,34.009025,-80.967415,63.2,14.81,0.0,0.0,8.0,3D,2025-08-20 19:37:31-04:00,POINT (-80.967415 34.009025)
2025-08-20 23:15:16 UTC,sensor01,218208153,28.92,66.0,2025-08-20 23:37:36+00:00,34.00953,-80.96685,64.3,15.36,0.3,0.0,9.0,3D,2025-08-20 19:37:36-04:00,POINT (-80.96685 34.00953)
2025-08-20 23:15:21 UTC,sensor01,218208153,28.98,65.39,2025-08-20 23:37:41+00:00,34.010152,-80.966458,64.2,15.55,-0.1,22.96,9.0,3D,2025-08-20 19:37:41-04:00,POINT (-80.966458 34.010152)
2025-08-20 23:15:31 UTC,sensor01,218208153,29.04,64.83,2025-08-20 23:37:51+00:00,34.011613,-80.966237,65.6,14.43,0.2,0.06,9.0,3D,2025-08-20 19:37:51-04:00,POINT (-80.966237 34.011613)
2025-08-20 23:16:07 UTC,sensor01,218208153,29.13,63.96,2025-08-20 23:38:26+00:00,34.017015,-80.966275,64.8,15.36,-0.5,357.84,9.0,3D,2025-08-20 19:38:26-04:00,POINT (-80.966275 34.017015)
2025-08-20 23:16:12 UTC,sensor01,218208153,29.1,64.0,2025-08-20 23:38:31+00:00,34.017693,-80.96627,62.7,14.3,-0.3,358.88,9.0,3D,2025-08-20 19:38:31-04:00,POINT (-80.96627 34.017693)
2025-08-20 23:16:17 UTC,sensor01,218208153,29.04,64.06,2025-08-20 23:38:36+00:00,34.01821,-80.96626,62.3,8.55,0.1,359.31,9.0,3D,2025-08-20 19:38:36-04:00,POINT (-80.96626 34.01821)
2025-08-20 23:16:22 UTC,sensor01,218208153,29.19,64.31,2025-08-20 23:38:41+00:00,34.018425,-80.96619,62.6,4.25,0.1,30.89,9.0,3D,2025-08-20 19:38:41-04:00,POINT (-80.96619 34.018425)
2025-08-20 23:16:27 UTC,sensor01,218208153,29.28,64.06,2025-08-20 23:38:46+00:00,34.018487,-80.965885,62.2,7.62,0.3,85.51,9.0,3D,2025-08-20 19:38:46-04:00,POINT (-80.965885 34.018487)
2025-08-20 23:16:32 UTC,sensor01,218208153,29.41,63.78,2025-08-20 23:38:51+00:00,34.01845,-80.965405,62.3,8.82,0.0,90.57,9.0,3D,2025-08-20 19:38:51-04:00,POINT (-80.965405 34.01845)
2025-08-20 23:16:37 UTC,sensor01,218208153,29.53,63.37,2025-08-20 23:38:56+00:00,34.018472,-80.964818,61.2,11.78,-0.1,81.86,9.0,3D,2025-08-20 19:38:56-04:00,POINT (-80.964818 34.018472)
2025-08-20 23:16:42 UTC,sensor01,218208153,29.58,63.1,2025-08-20 23:39:02+00:00,34.018635,-80.963927,59.6,14.84,0.1,0.0,9.0,3D,2025-08-20 19:39:02-04:00,POINT (-80.963927 34.018635)
2025-08-20 23:16:57 UTC,sensor01,218208153,29.5,63.13,2025-08-20 23:39:17+00:00,34.019658,-80.96151,60.5,12.74,0.1,51.74,9.0,3D,2025-08-20 19:39:17-04:00,POINT (-80.96151 34.019658)
2025-08-20 23:17:02 UTC,sensor01,218208153,29.54,63.26,2025-08-20 23:39:22+00:00,34.019913,-80.96115,60.9,6.96,0.2,41.83,9.0,3D,2025-08-20 19:39:22-04:00,POINT (-80.96115 34.019913)
2025-08-20 23:17:07 UTC,sensor01,218208153,29.48,63.43,2025-08-20 23:39:27+00:00,34.020092,-80.961133,62.0,3.94,0.2,332.63,9.0,3D,2025-08-20 19:39:27-04:00,POINT (-80.961133 34.020092)
2025-08-20 23:17:12 UTC,sensor01,218208153,29.34,64.0,2025-08-20 23:39:32+00:00,34.020363,-80.96137,61.4,7.95,-0.7,336.23,9.0,3D,2025-08-20 19:39:32-04:00,POINT (-80.96137 34.020363)
2025-08-20 23:17:17 UTC,sensor01,218208153,29.24,64.41,2025-08-20 23:39:37+00:00,34.020767,-80.96156,62.6,9.43,0.2,355.28,9.0,3D,2025-08-20 19:39:37-04:00,POINT (-80.96156 34.020767)
2025-08-20 23:17:22 UTC,sensor01,218208153,29.1,65.52,2025-08-20 23:39:42+00:00,34.021085,-80.961418,64.4,8.43,0.4,13.65,9.0,3D,2025-08-20 19:39:42-04:00,POINT (-80.961418 34.021085)
2025-08-20 23:17:27 UTC,sensor01,218208153,28.92,65.88,2025-08-20 23:39:47+00:00,34.02132,-80.96106,66.4,8.29,0.5,48.85,9.0,3D,2025-08-20 19:39:47-04:00,POINT (-80.96106 34.02132)
2025-08-20 23:17:33 UTC,sensor01,218208153,28.7,67.1,2025-08-20 23:39:52+00:00,34.02158,-80.960627,68.6,9.82,0.5,51.38,9.0,3D,2025-08-20 19:39:52-04:00,POINT (-80.960627 34.02158)
2025-08-20 23:17:38 UTC,sensor01,218208153,28.56,67.09,2025-08-20 23:39:57+00:00,34.021878,-80.960143,69.7,11.52,0.5,53.59,9.0,3D,2025-08-20 19:39:57-04:00,POINT (-80.960143 34.021878)
2025-08-20 23:17:43 UTC,sensor01,218208153,28.5,66.24,2025-08-20 23:40:02+00:00,34.022208,-80.959617,71.2,13.29,0.3,51.86,9.0,3D,2025-08-20 19:40:02-04:00,POINT (-80.959617 34.022208)
2025-08-20 23:17:48 UTC,sensor01,218208153,28.45,66.27,2025-08-20 23:40:07+00:00,34.022583,-80.958962,72.9,14.67,0.4,54.67,9.0,3D,2025-08-20 19:40:07-04:00,POINT (-80.958962 34.022583)
2025-08-20 23:17:53 UTC,sensor01,218208153,28.51,66.66,2025-08-20 23:40:12+00:00,34.02291,-80.958273,76.1,14.91,0.7,57.94,9.0,3D,2025-08-20 19:40:12-04:00,POINT (-80.958273 34.02291)
2025-08-20 23:17:58 UTC,sensor01,218208153,28.42,67.54,2025-08-20 23:40:17+00:00,34.023232,-80.95758,78.1,14.81,0.5,63.63,9.0,3D,2025-08-20 19:40:17-04:00,POINT (-80.95758 34.023232)
2025-08-20 23:18:03 UTC,sensor01,218208153,28.4,67.6,2025-08-20 23:40:22+00:00,34.023492,-80.956918,80.2,12.81,0.4,66.62,9.0,3D,2025-08-20 19:40:22-04:00,POINT (-80.956918 34.023492)
2025-08-20 23:18:08 UTC,sensor01,218208153,28.3,69.31,2025-08-20 23:40:27+00:00,34.023707,-80.956267,82.2,13.1,0.4,69.31,9.0,3D,2025-08-20 19:40:27-04:00,POINT (-80.956267 34.023707)
2025-08-20 23:18:13 UTC,sensor01,218208153,28.21,69.18,2025-08-20 23:40:32+00:00,34.023912,-80.955567,81.8,13.96,0.3,70.43,9.0,3D,2025-08-20 19:40:32-04:00,POINT (-80.955567 34.023912)
2025-08-20 23:18:18 UTC,sensor01,218208153,28.22,68.22,2025-08-20 23:40:37+00:00,34.024117,-80.95485,82.1,13.49,0.0,68.85,9.0,3D,2025-08-20 19:40:37-04:00,POINT (-80.95485 34.024117)
2025-08-20 23:18:23 UTC,sensor01,218208153,28.22,67.49,2025-08-20 23:40:42+00:00,34.024315,-80.954242,84.4,12.25,0.5,72.92,9.0,3D,2025-08-20 19:40:42-04:00,POINT (-80.954242 34.024315)
2025-08-20 23:18:28 UTC,sensor01,218208153,28.2,67.89,2025-08-20 23:40:48+00:00,34.024527,-80.95341,86.6,13.7,0.3,0.0,9.0,3D,2025-08-20 19:40:48-04:00,POINT (-80.95341 34.024527)
2025-08-20 23:18:33 UTC,sensor01,218208153,28.19,67.82,2025-08-20 23:40:53+00:00,34.024708,-80.952712,86.4,12.39,0.0,0.0,9.0,3D,2025-08-20 19:40:53-04:00,POINT (-80.952712 34.024708)
2025-08-20 23:18:38 UTC,sensor01,218208153,28.17,67.91,2025-08-20 23:40:58+00:00,34.024872,-80.952122,87.9,10.81,0.4,0.0,9.0,3D,2025-08-20 19:40:58-04:00,POINT (-80.952122 34.024872)
2025-08-20 23:18:43 UTC,sensor01,218208153,28.2,68.94,2025-08-20 23:41:03+00:00,34.024993,-80.95175,89.4,4.44,0.3,67.24,9.0,3D,2025-08-20 19:41:03-04:00,POINT (-80.95175 34.024993)
2025-08-20 23:19:39 UTC,sensor01,218208153,28.2,69.57,2025-08-20 23:41:58+00:00,34.024883,-80.9519,96.6,5.53,0.0,228.95,9.0,3D,2025-08-20 19:41:58-04:00,POINT (-80.9519 34.024883)
2025-08-20 23:19:44 UTC,sensor01,218208153,28.09,68.44,2025-08-20 23:42:03+00:00,34.024727,-80.952173,96.5,6.41,0.0,233.82,9.0,3D,2025-08-20 19:42:03-04:00,POINT (-80.952173 34.024727)
2025-08-20 23:19:49 UTC,sensor01,218208153,28.07,67.93,2025-08-20 23:42:08+00:00,34.024602,-80.9526,96.7,8.59,0.0,249.58,9.0,3D,2025-08-20 19:42:08-04:00,POINT (-80.9526 34.024602)
2025-08-20 23:19:54 UTC,sensor01,218208153,28.03,68.08,2025-08-20 23:42:13+00:00,34.024445,-80.95309,96.2,10.22,0.0,252.27,9.0,3D,2025-08-20 19:42:13-04:00,POINT (-80.95309 34.024445)
2025-08-20 23:19:59 UTC,sensor01,218208153,27.97,68.96,2025-08-20 23:42:18+00:00,34.024277,-80.953638,95.9,10.61,0.1,246.24,9.0,3D,2025-08-20 19:42:18-04:00,POINT (-80.953638 34.024277)
2025-08-20 23:20:04 UTC,sensor01,218208153,28.0,68.48,2025-08-20 23:42:24+00:00,34.02409,-80.954263,95.7,11.58,-0.8,0.0,9.0,3D,2025-08-20 19:42:24-04:00,POINT (-80.954263 34.02409)
2025-08-20 23:20:09 UTC,sensor01,218208153,28.05,68.8,2025-08-20 23:42:29+00:00,34.023938,-80.954897,95.4,12.56,-0.1,0.0,10.0,3D,2025-08-20 19:42:29-04:00,POINT (-80.954897 34.023938)
2025-08-20 23:20:14 UTC,sensor01,218208153,28.02,70.26,2025-08-20 23:42:34+00:00,34.023782,-80.955585,95.2,13.2,-0.1,250.47,10.0,3D,2025-08-20 19:42:34-04:00,POINT (-80.955585 34.023782)
2025-08-20 23:20:19 UTC,sensor01,218208153,27.98,70.74,2025-08-20 23:42:39+00:00,34.023595,-80.956288,95.3,12.84,0.1,250.25,10.0,3D,2025-08-20 19:42:39-04:00,POINT (-80.956288 34.023595)
2025-08-20 23:20:24 UTC,sensor01,218208153,28.03,69.72,2025-08-20 23:42:44+00:00,34.023387,-80.956977,96.0,13.31,0.2,242.69,10.0,3D,2025-08-20 19:42:44-04:00,POINT (-80.956977 34.023387)
2025-08-20 23:20:29 UTC,sensor01,218208153,28.04,69.6,2025-08-20 23:42:49+00:00,34.023122,-80.957668,96.5,13.99,0.1,242.42,10.0,3D,2025-08-20 19:42:49-04:00,POINT (-80.957668 34.023122)
2025-08-20 23:20:34 UTC,sensor01,218208153,28.14,69.3,2025-08-20 23:42:54+00:00,34.022793,-80.958318,97.2,13.48,0.3,235.68,10.0,3D,2025-08-20 19:42:54-04:00,POINT (-80.958318 34.022793)
2025-08-20 23:20:39 UTC,sensor01,218208153,28.18,68.37,2025-08-20 23:42:59+00:00,34.022465,-80.958895,98.4,12.22,0.4,235.09,10.0,3D,2025-08-20 19:42:59-04:00,POINT (-80.958895 34.022465)
2025-08-20 23:20:44 UTC,sensor01,218208153,28.18,68.11,2025-08-20 23:43:04+00:00,34.022147,-80.959435,99.7,11.65,0.1,234.41,10.0,3D,2025-08-20 19:43:04-04:00,POINT (-80.959435 34.022147)
2025-08-20 23:20:50 UTC,sensor01,218208153,28.15,68.46,2025-08-20 23:43:09+00:00,34.021835,-80.95995,100.6,10.72,0.0,229.83,10.0,3D,2025-08-20 19:43:09-04:00,POINT (-80.95995 34.021835)
2025-08-20 23:20:55 UTC,sensor01,218208153,28.09,69.02,2025-08-20 23:43:14+00:00,34.021532,-80.960442,101.2,11.81,0.3,233.32,10.0,3D,2025-08-20 19:43:14-04:00,POINT (-80.960442 34.021532)
2025-08-20 23:21:00 UTC,sensor01,218208153,27.99,69.86,2025-08-20 23:43:19+00:00,34.0212,-80.960965,101.3,11.56,0.0,233.0,10.0,3D,2025-08-20 19:43:19-04:00,POINT (-80.960965 34.0212)
2025-08-20 23:21:05 UTC,sensor01,218208153,28.0,69.89,2025-08-20 23:43:24+00:00,34.020893,-80.961383,101.5,9.04,0.1,221.89,10.0,3D,2025-08-20 19:43:24-04:00,POINT (-80.961383 34.020893)
2025-08-20 23:21:10 UTC,sensor01,218208153,27.99,70.28,2025-08-20 23:43:29+00:00,34.020537,-80.961532,99.3,7.74,-0.1,181.94,10.0,3D,2025-08-20 19:43:29-04:00,POINT (-80.961532 34.020537)
2025-08-20 23:21:15 UTC,sensor01,218208153,28.13,69.55,2025-08-20 23:43:34+00:00,34.020177,-80.961308,98.3,9.21,-0.2,148.7,10.0,3D,2025-08-20 19:43:34-04:00,POINT (-80.961308 34.020177)
2025-08-20 23:21:20 UTC,sensor01,218208153,28.19,68.18,2025-08-20 23:43:39+00:00,34.019898,-80.961143,97.1,5.6,-0.3,155.71,10.0,3D,2025-08-20 19:43:39-04:00,POINT (-80.961143 34.019898)
2025-08-20 23:21:30 UTC,sensor01,218208153,28.34,67.34,2025-08-20 23:43:49+00:00,34.019867,-80.961188,96.9,2.52,-0.1,228.19,10.0,3D,2025-08-20 19:43:49-04:00,POINT (-80.961188 34.019867)
2025-08-20 23:21:35 UTC,sensor01,218208153,28.41,66.95,2025-08-20 23:43:54+00:00,34.019732,-80.961392,95.3,8.11,-0.3,233.49,10.0,3D,2025-08-20 19:43:54-04:00,POINT (-80.961392 34.019732)
2025-08-20 23:21:40 UTC,sensor01,218208153,28.54,66.79,2025-08-20 23:44:00+00:00,34.01936,-80.961945,93.1,11.99,-0.4,0.0,10.0,3D,2025-08-20 19:44:00-04:00,POINT (-80.961945 34.01936)
2025-08-20 23:21:45 UTC,sensor01,218208153,28.61,66.45,2025-08-20 23:44:05+00:00,34.019068,-80.96258,91.6,14.36,-0.3,0.0,10.0,3D,2025-08-20 19:44:05-04:00,POINT (-80.96258 34.019068)
2025-08-20 23:21:50 UTC,sensor01,218208153,28.62,67.31,2025-08-20 23:44:10+00:00,34.018872,-80.963368,88.8,15.11,-0.1,250.52,10.0,3D,2025-08-20 19:44:10-04:00,POINT (-80.963368 34.018872)
2025-08-20 23:21:55 UTC,sensor01,218208153,28.66,66.93,2025-08-20 23:44:15+00:00,34.018715,-80.964203,87.7,14.45,-0.3,256.47,10.0,3D,2025-08-20 19:44:15-04:00,POINT (-80.964203 34.018715)
2025-08-20 23:22:00 UTC,sensor01,218208153,28.7,66.35,2025-08-20 23:44:20+00:00,34.01858,-80.964775,86.3,8.15,-0.3,263.11,10.0,3D,2025-08-20 19:44:20-04:00,POINT (-80.964775 34.01858)
2025-08-20 23:22:36 UTC,sensor01,218208153,28.68,66.06,2025-08-20 23:44:55+00:00,34.018547,-80.965102,84.6,2.66,-0.1,266.83,10.0,3D,2025-08-20 19:44:55-04:00,POINT (-80.965102 34.018547)
2025-08-20 23:22:41 UTC,sensor01,218208153,28.67,65.94,2025-08-20 23:45:00+00:00,34.018543,-80.965323,84.5,5.73,0.0,268.31,10.0,3D,2025-08-20 19:45:00-04:00,POINT (-80.965323 34.018543)
2025-08-20 23:22:46 UTC,sensor01,218208153,28.67,65.76,2025-08-20 23:45:05+00:00,34.018523,-80.965722,84.3,8.52,0.0,271.66,10.0,3D,2025-08-20 19:45:05-04:00,POINT (-80.965722 34.018523)
2025-08-20 23:22:51 UTC,sensor01,218208153,28.72,65.9,2025-08-20 23:45:10+00:00,34.018553,-80.966242,84.6,9.4,0.2,278.93,10.0,3D,2025-08-20 19:45:10-04:00,POINT (-80.966242 34.018553)
2025-08-20 23:22:56 UTC,sensor01,218208153,28.71,65.63,2025-08-20 23:45:15+00:00,34.018675,-80.966787,85.2,11.04,0.1,279.04,10.0,3D,2025-08-20 19:45:15-04:00,POINT (-80.966787 34.018675)
2025-08-20 23:23:01 UTC,sensor01,218208153,28.74,66.02,2025-08-20 23:45:20+00:00,34.018798,-80.967413,86.0,12.76,0.2,284.12,10.0,3D,2025-08-20 19:45:20-04:00,POINT (-80.967413 34.018798)
2025-08-20 23:23:06 UTC,sensor01,218208153,28.81,65.84,2025-08-20 23:45:26+00:00,34.01904,-80.968238,88.0,14.07,0.4,0.0,10.0,3D,2025-08-20 19:45:26-04:00,POINT (-80.968238 34.01904)
2025-08-20 23:23:11 UTC,sensor01,218208153,28.83,65.44,2025-08-20 23:45:31+00:00,34.019258,-80.968863,89.5,11.1,0.3,0.0,10.0,3D,2025-08-20 19:45:31-04:00,POINT (-80.968863 34.019258)
2025-08-20 23:23:16 UTC,sensor01,218208153,28.78,65.26,2025-08-20 23:45:36+00:00,34.019387,-80.969278,90.4,5.84,0.1,0.0,10.0,3D,2025-08-20 19:45:36-04:00,POINT (-80.969278 34.019387)
2025-08-20 23:23:36 UTC,sensor01,218208153,28.7,65.63,2025-08-20 23:45:56+00:00,34.019498,-80.969385,87.5,2.63,-0.2,297.17,10.0,3D,2025-08-20 19:45:56-04:00,POINT (-80.969385 34.019498)
2025-08-20 23:23:41 UTC,sensor01,218208153,28.69,65.68,2025-08-20 23:46:01+00:00,34.019533,-80.969565,86.3,5.71,-0.5,291.81,10.0,3D,2025-08-20 19:46:01-04:00,POINT (-80.969565 34.019533)
2025-08-20 23:23:46 UTC,sensor01,218208153,28.69,65.87,2025-08-20 23:46:06+00:00,34.019637,-80.969945,84.6,8.84,-0.3,286.31,10.0,3D,2025-08-20 19:46:06-04:00,POINT (-80.969945 34.019637)
2025-08-20 23:23:52 UTC,sensor01,218208153,28.78,65.91,2025-08-20 23:46:11+00:00,34.019843,-80.970485,82.4,11.63,-0.2,292.02,10.0,3D,2025-08-20 19:46:11-04:00,POINT (-80.970485 34.019843)
2025-08-20 23:23:57 UTC,sensor01,218208153,28.82,65.87,2025-08-20 23:46:16+00:00,34.020088,-80.971142,81.3,13.38,-0.2,290.72,10.0,3D,2025-08-20 19:46:16-04:00,POINT (-80.971142 34.020088)
2025-08-20 23:24:02 UTC,sensor01,218208153,28.85,65.95,2025-08-20 23:46:21+00:00,34.020353,-80.971853,81.0,14.07,0.1,294.95,10.0,3D,2025-08-20 19:46:21-04:00,POINT (-80.971853 34.020353)
2025-08-20 23:24:07 UTC,sensor01,218208153,28.81,65.83,2025-08-20 23:46:26+00:00,34.020633,-80.972598,80.8,14.94,-0.2,294.14,10.0,3D,2025-08-20 19:46:26-04:00,POINT (-80.972598 34.020633)
2025-08-20 23:24:12 UTC,sensor01,218208153,28.87,66.06,2025-08-20 23:46:31+00:00,34.020873,-80.97335,80.3,14.32,0.0,291.14,10.0,3D,2025-08-20 19:46:31-04:00,POINT (-80.97335 34.020873)
2025-08-20 23:24:17 UTC,sensor01,218208153,29.05,65.79,2025-08-20 23:46:36+00:00,34.021072,-80.97411,80.3,14.86,0.0,284.66,10.0,3D,2025-08-20 19:46:36-04:00,POINT (-80.97411 34.021072)
2025-08-20 23:24:22 UTC,sensor01,218208153,29.2,65.3,2025-08-20 23:46:41+00:00,34.021173,-80.974893,80.7,14.83,0.1,275.07,10.0,3D,2025-08-20 19:46:41-04:00,POINT (-80.974893 34.021173)
2025-08-20 23:24:27 UTC,sensor01,218208153,29.23,65.07,2025-08-20 23:46:46+00:00,34.02118,-80.97569,80.6,14.83,0.0,269.86,10.0,3D,2025-08-20 19:46:46-04:00,POINT (-80.97569 34.02118)
2025-08-20 23:24:32 UTC,sensor01,218208153,29.14,65.06,2025-08-20 23:46:52+00:00,34.021153,-80.97666,81.1,15.09,0.4,0.0,10.0,3D,2025-08-20 19:46:52-04:00,POINT (-80.97666 34.021153)
2025-08-20 23:24:37 UTC,sensor01,218208153,28.9,65.64,2025-08-20 23:46:57+00:00,34.021138,-80.977448,82.2,14.49,0.3,0.0,10.0,3D,2025-08-20 19:46:57-04:00,POINT (-80.977448 34.021138)
2025-08-20 23:24:42 UTC,sensor01,218208153,28.71,66.58,2025-08-20 23:47:02+00:00,34.021108,-80.978227,83.5,14.49,0.4,0.0,10.0,3D,2025-08-20 19:47:02-04:00,POINT (-80.978227 34.021108)
2025-08-20 23:24:47 UTC,sensor01,218208153,28.63,66.62,2025-08-20 23:47:07+00:00,34.021085,-80.979022,83.7,15.39,-0.1,271.28,10.0,3D,2025-08-20 19:47:07-04:00,POINT (-80.979022 34.021085)
2025-08-20 23:24:52 UTC,sensor01,218208153,28.64,66.34,2025-08-20 23:47:12+00:00,34.02103,-80.979833,83.1,15.21,-0.3,267.32,10.0,3D,2025-08-20 19:47:12-04:00,POINT (-80.979833 34.02103)
2025-08-20 23:24:57 UTC,sensor01,218208153,28.62,66.74,2025-08-20 23:47:17+00:00,34.02098,-80.980633,82.8,14.48,0.1,264.77,10.0,3D,2025-08-20 19:47:17-04:00,POINT (-80.980633 34.02098)
2025-08-20 23:25:02 UTC,sensor01,218208153,28.51,67.28,2025-08-20 23:47:22+00:00,34.020895,-80.981418,83.4,14.71,0.1,259.57,10.0,3D,2025-08-20 19:47:22-04:00,POINT (-80.981418 34.020895)
2025-08-20 23:25:12 UTC,sensor01,218208153,28.59,66.88,2025-08-20 23:47:32+00:00,34.020553,-80.983075,84.1,15.48,0.4,257.44,10.0,3D,2025-08-20 19:47:32-04:00,POINT (-80.983075 34.020553)
2025-08-20 23:25:28 UTC,sensor01,218208153,28.52,67.56,2025-08-20 23:47:47+00:00,34.020027,-80.98558,87.9,15.51,0.8,257.02,10.0,3D,2025-08-20 19:47:47-04:00,POINT (-80.98558 34.020027)
2025-08-20 23:25:33 UTC,sensor01,218208153,28.42,67.88,2025-08-20 23:47:52+00:00,34.01985,-80.986417,90.0,15.5,0.7,253.82,10.0,3D,2025-08-20 19:47:52-04:00,POINT (-80.986417 34.01985)
2025-08-20 23:25:38 UTC,sensor01,218208153,28.49,67.75,2025-08-20 23:47:57+00:00,34.019668,-80.98724,92.7,15.34,0.5,253.48,10.0,3D,2025-08-20 19:47:57-04:00,POINT (-80.98724 34.019668)
2025-08-20 23:25:43 UTC,sensor01,218208153,28.52,67.29,2025-08-20 23:48:02+00:00,34.019518,-80.988037,95.9,13.42,0.3,256.72,10.0,3D,2025-08-20 19:48:02-04:00,POINT (-80.988037 34.019518)
2025-08-20 23:25:48 UTC,sensor01,218208153,28.48,67.52,2025-08-20 23:48:07+00:00,34.019393,-80.988735,98.1,11.84,0.2,262.42,10.0,3D,2025-08-20 19:48:07-04:00,POINT (-80.988735 34.019393)
2025-08-20 23:25:53 UTC,sensor01,218208153,28.5,67.23,2025-08-20 23:48:12+00:00,34.019322,-80.989203,98.5,6.95,-0.2,258.54,10.0,3D,2025-08-20 19:48:12-04:00,POINT (-80.989203 34.019322)
2025-08-20 23:25:58 UTC,sensor01,218208153,28.58,66.97,2025-08-20 23:48:17+00:00,34.019252,-80.989583,98.0,7.58,-0.3,257.18,10.0,3D,2025-08-20 19:48:17-04:00,POINT (-80.989583 34.019252)
2025-08-20 23:26:03 UTC,sensor01,218208153,28.69,66.74,2025-08-20 23:48:22+00:00,34.019145,-80.990032,97.4,9.3,-0.1,255.89,10.0,3D,2025-08-20 19:48:22-04:00,POINT (-80.990032 34.019145)
2025-08-20 23:26:08 UTC,sensor01,218208153,28.77,66.46,2025-08-20 23:48:27+00:00,34.019005,-80.990583,95.4,11.52,-0.5,247.45,10.0,3D,2025-08-20 19:48:27-04:00,POINT (-80.990583 34.019005)
2025-08-20 23:26:13 UTC,sensor01,218208153,28.82,66.31,2025-08-20 23:48:33+00:00,34.018753,-80.991325,90.7,13.22,-0.5,0.0,10.0,3D,2025-08-20 19:48:33-04:00,POINT (-80.991325 34.018753)
2025-08-20 23:26:18 UTC,sensor01,218208153,28.85,66.53,2025-08-20 23:48:38+00:00,34.018517,-80.992,87.3,13.65,-0.7,0.0,10.0,3D,2025-08-20 19:48:38-04:00,POINT (-80.992 34.018517)
2025-08-20 23:26:23 UTC,sensor01,218208153,28.89,66.85,2025-08-20 23:48:43+00:00,34.018273,-80.992688,78.5,13.43,-0.2,0.0,10.0,3D,2025-08-20 19:48:43-04:00,POINT (-80.992688 34.018273)
2025-08-20 23:26:28 UTC,sensor01,218208153,28.87,66.84,2025-08-20 23:48:48+00:00,34.018048,-80.993308,76.7,11.58,-0.8,247.21,10.0,3D,2025-08-20 19:48:48-04:00,POINT (-80.993308 34.018048)
2025-08-20 23:26:33 UTC,sensor01,218208153,28.88,66.6,2025-08-20 23:48:53+00:00,34.017905,-80.9938,75.9,7.17,-0.2,254.64,10.0,3D,2025-08-20 19:48:53-04:00,POINT (-80.9938 34.017905)
2025-08-20 23:26:38 UTC,sensor01,218208153,28.87,66.41,2025-08-20 23:48:58+00:00,34.017892,-80.99394,74.2,2.54,0.2,313.69,10.0,3D,2025-08-20 19:48:58-04:00,POINT (-80.99394 34.017892)
2025-08-20 23:34:13 UTC,sensor01,218208153,28.55,67.71,2025-08-20 23:56:33+00:00,34.018403,-80.99448,71.0,3.42,0.1,0.0,10.0,3D,2025-08-20 19:56:33-04:00,POINT (-80.99448 34.018403)
2025-08-20 23:37:53 UTC,sensor01,218208153,29.23,63.78,2025-08-21 00:00:12+00:00,34.017487,-80.994062,44.2,4.21,-0.5,207.99,10.0,3D,2025-08-20 20:00:12-04:00,POINT (-80.994062 34.017487)
2025-08-20 23:37:58 UTC,sensor01,218208153,29.13,64.53,2025-08-21 00:00:17+00:00,34.017315,-80.99439,41.8,8.91,-0.4,240.02,10.0,3D,2025-08-20 20:00:17-04:00,POINT (-80.99439 34.017315)
2025-08-20 23:38:03 UTC,sensor01,218208153,28.86,65.69,2025-08-21 00:00:22+00:00,34.017098,-80.99497,43.0,12.42,0.6,237.94,10.0,3D,2025-08-20 20:00:22-04:00,POINT (-80.99497 34.017098)
2025-08-20 23:38:08 UTC,sensor01,218208153,28.77,66.33,2025-08-21 00:00:28+00:00,34.016738,-80.995673,45.2,10.82,0.6,0.0,10.0,3D,2025-08-20 20:00:28-04:00,POINT (-80.995673 34.016738)
2025-08-20 23:38:13 UTC,sensor01,218208153,28.51,67.15,2025-08-21 00:00:33+00:00,34.01634,-80.996325,47.5,14.99,0.3,0.0,10.0,3D,2025-08-20 20:00:33-04:00,POINT (-80.996325 34.01634)
2025-08-20 23:38:18 UTC,sensor01,218208153,28.32,67.81,2025-08-21 00:00:38+00:00,34.016003,-80.99706,49.4,15.42,0.5,238.71,10.0,3D,2025-08-20 20:00:38-04:00,POINT (-80.99706 34.016003)
2025-08-20 23:38:23 UTC,sensor01,218208153,28.23,68.64,2025-08-21 00:00:43+00:00,34.01567,-80.997767,51.3,14.57,0.4,238.87,10.0,3D,2025-08-20 20:00:43-04:00,POINT (-80.997767 34.01567)
2025-08-20 23:38:28 UTC,sensor01,218208153,28.26,68.85,2025-08-21 00:00:48+00:00,34.015358,-80.998428,54.0,14.18,0.5,240.69,10.0,3D,2025-08-20 20:00:48-04:00,POINT (-80.998428 34.015358)
2025-08-20 23:38:33 UTC,sensor01,218208153,28.19,68.84,2025-08-21 00:00:53+00:00,34.015032,-80.999035,55.8,12.93,0.4,238.32,10.0,3D,2025-08-20 20:00:53-04:00,POINT (-80.999035 34.015032)
2025-08-20 23:38:39 UTC,sensor01,218208153,28.17,68.93,2025-08-21 00:00:58+00:00,34.014818,-80.999787,57.7,13.67,0.2,251.87,10.0,3D,2025-08-20 20:00:58-04:00,POINT (-80.999787 34.014818)
2025-08-20 23:38:44 UTC,sensor01,218208153,28.13,68.76,2025-08-21 00:01:03+00:00,34.01469,-81.000458,58.4,10.84,0.0,256.02,10.0,3D,2025-08-20 20:01:03-04:00,POINT (-81.000458 34.01469)
2025-08-20 23:38:49 UTC,sensor01,218208153,28.13,68.87,2025-08-21 00:01:08+00:00,34.014648,-81.000818,59.2,4.26,0.2,261.53,10.0,3D,2025-08-20 20:01:08-04:00,POINT (-81.000818 34.014648)
2025-08-20 23:38:54 UTC,sensor01,218208153,28.15,68.91,2025-08-21 00:01:13+00:00,34.014647,-81.001117,61.2,6.45,0.4,262.75,10.0,3D,2025-08-20 20:01:13-04:00,POINT (-81.001117 34.014647)
2025-08-20 23:38:59 UTC,sensor01,218208153,28.2,68.45,2025-08-21 00:01:18+00:00,34.014625,-81.001602,63.3,9.45,0.5,261.27,10.0,3D,2025-08-20 20:01:18-04:00,POINT (-81.001602 34.014625)
2025-08-20 23:39:04 UTC,sensor01,218208153,28.32,67.96,2025-08-21 00:01:24+00:00,34.01452,-81.002335,65.8,13.35,0.2,0.0,10.0,3D,2025-08-20 20:01:24-04:00,POINT (-81.002335 34.01452)
2025-08-20 23:39:24 UTC,sensor01,218208153,28.67,66.31,2025-08-21 00:01:44+00:00,34.014155,-81.006158,75.9,15.46,0.4,260.38,10.0,3D,2025-08-20 20:01:44-04:00,POINT (-81.006158 34.014155)
2025-08-20 23:39:29 UTC,sensor01,218208153,28.63,66.17,2025-08-21 00:01:49+00:00,34.01398,-81.007022,77.0,15.54,0.2,253.83,10.0,3D,2025-08-20 20:01:49-04:00,POINT (-81.007022 34.01398)
2025-08-20 23:39:50 UTC,sensor01,218208153,28.61,66.19,2025-08-21 00:02:09+00:00,34.013255,-81.010545,85.1,15.61,0.3,253.13,10.0,3D,2025-08-20 20:02:09-04:00,POINT (-81.010545 34.013255)
2025-08-20 23:40:15 UTC,sensor01,218208153,28.51,67.8,2025-08-21 00:02:35+00:00,34.01277,-81.01522,96.3,13.75,0.5,260.12,10.0,3D,2025-08-20 20:02:35-04:00,POINT (-81.01522 34.01277)
2025-08-20 23:40:20 UTC,sensor01,218208153,28.51,67.29,2025-08-21 00:02:40+00:00,34.012715,-81.015727,97.9,5.98,0.4,260.56,10.0,3D,2025-08-20 20:02:40-04:00,POINT (-81.015727 34.012715)
2025-08-20 23:41:01 UTC,sensor01,218208153,28.59,67.04,2025-08-21 00:03:21+00:00,34.012705,-81.016113,104.5,3.57,0.2,0.0,10.0,3D,2025-08-20 20:03:21-04:00,POINT (-81.016113 34.012705)
2025-08-20 23:41:06 UTC,sensor01,218208153,28.57,66.93,2025-08-21 00:03:26+00:00,34.01243,-81.016073,104.3,7.53,-0.2,0.0,4.0,3D,2025-08-20 20:03:26-04:00,POINT (-81.016073 34.01243)
2025-08-20 23:41:11 UTC,sensor01,218208153,28.5,67.0,2025-08-21 00:03:31+00:00,34.011985,-81.015893,102.4,11.35,-0.4,158.73,10.0,3D,2025-08-20 20:03:31-04:00,POINT (-81.015893 34.011985)
2025-08-20 23:41:16 UTC,sensor01,218208153,28.48,67.14,2025-08-21 00:03:36+00:00,34.011432,-81.015642,101.3,13.88,-0.3,159.7,10.0,3D,2025-08-20 20:03:36-04:00,POINT (-81.015642 34.011432)
2025-08-20 23:41:22 UTC,sensor01,218208153,28.44,67.49,2025-08-21 00:03:41+00:00,34.010807,-81.015372,100.6,14.54,-0.1,160.52,10.0,3D,2025-08-20 20:03:41-04:00,POINT (-81.015372 34.010807)
2025-08-20 23:41:27 UTC,sensor01,218208153,28.43,67.4,2025-08-21 00:03:46+00:00,34.010202,-81.015098,99.3,13.88,-0.2,154.26,10.0,3D,2025-08-20 20:03:46-04:00,POINT (-81.015098 34.010202)
2025-08-20 23:41:32 UTC,sensor01,218208153,28.39,67.48,2025-08-21 00:03:51+00:00,34.009682,-81.014708,98.8,14.22,-0.2,146.29,10.0,3D,2025-08-20 20:03:51-04:00,POINT (-81.014708 34.009682)
2025-08-20 23:41:37 UTC,sensor01,218208153,28.39,67.26,2025-08-21 00:03:56+00:00,34.009087,-81.014247,98.0,15.51,-0.1,147.89,10.0,3D,2025-08-20 20:03:56-04:00,POINT (-81.014247 34.009087)
2025-08-20 23:41:42 UTC,sensor01,218208153,28.34,67.12,2025-08-21 00:04:01+00:00,34.008458,-81.01384,96.8,14.89,-0.4,159.91,10.0,3D,2025-08-20 20:04:01-04:00,POINT (-81.01384 34.008458)
2025-08-20 23:41:47 UTC,sensor01,218208153,28.34,67.18,2025-08-21 00:04:07+00:00,34.008028,-81.013682,94.8,3.57,-0.4,0.0,10.0,3D,2025-08-20 20:04:07-04:00,POINT (-81.013682 34.008028)
2025-08-20 23:42:18 UTC,sensor01,218208153,28.32,67.16,2025-08-21 00:04:37+00:00,34.007783,-81.013562,92.3,2.95,-0.1,164.65,10.0,3D,2025-08-20 20:04:37-04:00,POINT (-81.013562 34.007783)
2025-08-20 23:42:23 UTC,sensor01,218208153,28.27,67.3,2025-08-21 00:04:42+00:00,34.007608,-81.013702,91.2,6.43,-0.2,236.6,10.0,3D,2025-08-20 20:04:42-04:00,POINT (-81.013702 34.007608)
2025-08-20 23:42:28 UTC,sensor01,218208153,28.35,67.32,2025-08-21 00:04:47+00:00,34.007518,-81.014148,87.7,9.14,-0.3,253.22,10.0,3D,2025-08-20 20:04:47-04:00,POINT (-81.014148 34.007518)
2025-08-20 23:42:33 UTC,sensor01,218208153,28.39,67.04,2025-08-21 00:04:52+00:00,34.007418,-81.014557,85.1,5.25,-0.7,256.47,10.0,3D,2025-08-20 20:04:52-04:00,POINT (-81.014557 34.007418)
2025-08-20 21:43:58 UTC,sensor03,218191466,29.48,63.93,2025-08-20 22:57:53+00:00,34.002275,-81.012935,65.7,2.35,-0.1,330.51,8.0,3D,2025-08-20 18:57:53-04:00,POINT (-81.012935 34.002275)
2025-08-20 21:44:03 UTC,sensor03,218191466,29.4,63.9,2025-08-20 22:57:58+00:00,34.00239,-81.013047,64.6,4.26,-0.3,316.72,8.0,3D,2025-08-20 18:57:58-04:00,POINT (-81.013047 34.00239)
2025-08-20 21:44:08 UTC,sensor03,218191466,29.39,64.21,2025-08-20 22:58:03+00:00,34.002535,-81.013248,63.2,4.72,-0.3,313.03,8.0,3D,2025-08-20 18:58:03-04:00,POINT (-81.013248 34.002535)
2025-08-20 21:44:13 UTC,sensor03,218191466,29.36,65.12,2025-08-20 22:58:08+00:00,34.002667,-81.013445,61.9,3.56,-0.3,284.86,8.0,3D,2025-08-20 18:58:08-04:00,POINT (-81.013445 34.002667)
2025-08-20 21:44:18 UTC,sensor03,218191466,29.32,64.37,2025-08-20 22:58:13+00:00,34.002617,-81.013582,60.1,2.91,-0.3,232.75,8.0,3D,2025-08-20 18:58:13-04:00,POINT (-81.013582 34.002617)
2025-08-20 21:44:23 UTC,sensor03,218191466,29.32,64.51,2025-08-20 22:58:18+00:00,34.002522,-81.013742,58.0,3.82,-0.5,234.77,8.0,3D,2025-08-20 18:58:18-04:00,POINT (-81.013742 34.002522)
2025-08-20 21:44:28 UTC,sensor03,218191466,29.3,64.54,2025-08-20 22:58:23+00:00,34.0024,-81.013907,56.0,4.92,-0.3,235.53,8.0,3D,2025-08-20 18:58:23-04:00,POINT (-81.013907 34.0024)
2025-08-20 21:44:33 UTC,sensor03,218191466,29.3,64.45,2025-08-20 22:58:28+00:00,34.002252,-81.014107,53.7,5.65,-0.5,223.14,8.0,3D,2025-08-20 18:58:28-04:00,POINT (-81.014107 34.002252)
2025-08-20 21:44:38 UTC,sensor03,218191466,29.26,64.53,2025-08-20 22:58:33+00:00,34.002045,-81.014385,51.8,6.73,0.1,224.45,8.0,3D,2025-08-20 18:58:33-04:00,POINT (-81.014385 34.002045)
2025-08-20 21:44:43 UTC,sensor03,218191466,29.21,64.87,2025-08-20 22:58:38+00:00,34.001817,-81.014608,49.5,6.87,-0.5,214.46,8.0,3D,2025-08-20 18:58:38-04:00,POINT (-81.014608 34.001817)
2025-08-20 21:44:48 UTC,sensor03,218191466,29.1,65.61,2025-08-20 22:58:43+00:00,34.001508,-81.014825,47.7,7.83,-0.1,211.1,8.0,3D,2025-08-20 18:58:43-04:00,POINT (-81.014825 34.001508)
2025-08-20 21:44:53 UTC,sensor03,218191466,29.0,65.94,2025-08-20 22:58:48+00:00,34.001223,-81.015063,45.3,7.77,-0.5,212.72,8.0,3D,2025-08-20 18:58:48-04:00,POINT (-81.015063 34.001223)
2025-08-20 21:44:58 UTC,sensor03,218191466,29.0,66.73,2025-08-20 22:58:54+00:00,34.000883,-81.015332,42.6,7.51,-0.5,0.0,8.0,3D,2025-08-20 18:58:54-04:00,POINT (-81.015332 34.000883)
2025-08-20 21:45:03 UTC,sensor03,218191466,29.26,65.8,2025-08-20 22:58:59+00:00,34.000687,-81.015655,40.8,7.61,-0.3,0.0,8.0,3D,2025-08-20 18:58:59-04:00,POINT (-81.015655 34.000687)
2025-08-20 21:45:09 UTC,sensor03,218191466,29.44,64.51,2025-08-20 22:59:04+00:00,34.000552,-81.01602,40.0,6.61,-0.2,243.49,8.0,3D,2025-08-20 18:59:04-04:00,POINT (-81.01602 34.000552)
2025-08-20 21:45:14 UTC,sensor03,218191466,29.8,64.12,2025-08-20 22:59:09+00:00,34.000437,-81.016357,39.8,6.13,0.0,250.37,8.0,3D,2025-08-20 18:59:09-04:00,POINT (-81.016357 34.000437)
2025-08-20 21:45:19 UTC,sensor03,218191466,29.96,62.96,2025-08-20 22:59:14+00:00,34.000347,-81.016563,40.4,2.67,0.0,245.15,8.0,3D,2025-08-20 18:59:14-04:00,POINT (-81.016563 34.000347)
2025-08-20 21:45:24 UTC,sensor03,218191466,29.96,62.57,2025-08-20 22:59:19+00:00,34.000285,-81.016605,40.4,2.55,0.1,199.67,8.0,3D,2025-08-20 18:59:19-04:00,POINT (-81.016605 34.000285)
2025-08-20 21:45:29 UTC,sensor03,218191466,29.89,62.54,2025-08-20 22:59:23+00:00,34.000137,-81.016665,40.7,5.4,0.07,184.69,8.0,3D,2025-08-20 18:59:23-04:00,POINT (-81.016665 34.000137)
2025-08-20 21:45:34 UTC,sensor03,218191466,29.91,62.61,2025-08-20 22:59:29+00:00,33.999817,-81.016555,40.7,6.49,-0.2,162.15,13.0,3D,2025-08-20 18:59:29-04:00,POINT (-81.016555 33.999817)
2025-08-20 21:45:39 UTC,sensor03,218191466,30.02,62.24,2025-08-20 22:59:34+00:00,33.999523,-81.016438,40.5,6.66,-0.1,161.61,9.0,3D,2025-08-20 18:59:34-04:00,POINT (-81.016438 33.999523)
2025-08-20 21:45:44 UTC,sensor03,218191466,30.02,62.26,2025-08-20 22:59:39+00:00,33.99925,-81.016292,39.9,6.2,-0.1,155.73,9.0,3D,2025-08-20 18:59:39-04:00,POINT (-81.016292 33.99925)
2025-08-20 21:45:49 UTC,sensor03,218191466,29.96,62.2,2025-08-20 22:59:44+00:00,33.999025,-81.016207,40.6,2.57,-0.1,164.94,9.0,3D,2025-08-20 18:59:44-04:00,POINT (-81.016207 33.999025)
2025-08-20 21:46:49 UTC,sensor03,218191466,30.66,60.63,2025-08-20 23:00:45+00:00,33.998962,-81.016168,41.7,4.98,0.0,0.0,9.0,3D,2025-08-20 19:00:45-04:00,POINT (-81.016168 33.998962)
2025-08-20 21:46:55 UTC,sensor03,218191466,30.7,60.49,2025-08-20 23:00:50+00:00,33.998717,-81.016045,41.1,5.81,-0.1,163.14,9.0,3D,2025-08-20 19:00:50-04:00,POINT (-81.016045 33.998717)
2025-08-20 21:47:00 UTC,sensor03,218191466,30.61,60.36,2025-08-20 23:00:55+00:00,33.998437,-81.015918,40.7,5.98,0.0,158.84,9.0,3D,2025-08-20 19:00:55-04:00,POINT (-81.015918 33.998437)
2025-08-20 21:47:05 UTC,sensor03,218191466,30.58,60.54,2025-08-20 23:01:00+00:00,33.998162,-81.015807,40.6,6.04,-0.1,161.12,9.0,3D,2025-08-20 19:01:00-04:00,POINT (-81.015807 33.998162)
2025-08-20 21:47:10 UTC,sensor03,218191466,30.46,60.64,2025-08-20 23:01:05+00:00,33.99788,-81.015672,40.2,5.6,-0.1,160.24,9.0,3D,2025-08-20 19:01:05-04:00,POINT (-81.015672 33.99788)
2025-08-20 21:47:15 UTC,sensor03,218191466,30.49,60.69,2025-08-20 23:01:10+00:00,33.997667,-81.01562,39.8,3.27,-0.2,205.31,9.0,3D,2025-08-20 19:01:10-04:00,POINT (-81.01562 33.997667)
2025-08-20 21:47:20 UTC,sensor03,218191466,30.59,60.57,2025-08-20 23:01:15+00:00,33.997665,-81.015828,39.0,5.27,-0.2,275.14,9.0,3D,2025-08-20 19:01:15-04:00,POINT (-81.015828 33.997665)
2025-08-20 21:47:25 UTC,sensor03,218191466,30.75,60.22,2025-08-20 23:01:20+00:00,33.997702,-81.016133,37.0,6.05,-0.5,274.59,9.0,3D,2025-08-20 19:01:20-04:00,POINT (-81.016133 33.997702)
2025-08-20 21:47:30 UTC,sensor03,218191466,30.76,60.16,2025-08-20 23:01:24+00:00,33.997707,-81.0164,35.2,6.14,-0.45,273.44,9.0,3D,2025-08-20 19:01:24-04:00,POINT (-81.0164 33.997707)
2025-08-20 21:47:35 UTC,sensor03,218191466,30.82,59.83,2025-08-20 23:01:30+00:00,33.997777,-81.016868,35.2,6.88,-0.2,290.49,9.0,3D,2025-08-20 19:01:30-04:00,POINT (-81.016868 33.997777)
2025-08-20 21:47:40 UTC,sensor03,218191466,30.95,59.6,2025-08-20 23:01:35+00:00,33.9979,-81.017223,33.6,7.19,-0.4,288.5,9.0,3D,2025-08-20 19:01:35-04:00,POINT (-81.017223 33.9979)
2025-08-20 21:47:45 UTC,sensor03,218191466,30.81,59.69,2025-08-20 23:01:40+00:00,33.99802,-81.017575,32.3,6.66,-0.4,289.26,9.0,3D,2025-08-20 19:01:40-04:00,POINT (-81.017575 33.99802)
2025-08-20 21:47:50 UTC,sensor03,218191466,30.86,59.53,2025-08-20 23:01:45+00:00,33.998055,-81.017948,32.3,6.86,0.4,273.79,9.0,3D,2025-08-20 19:01:45-04:00,POINT (-81.017948 33.998055)
2025-08-20 21:47:55 UTC,sensor03,218191466,30.78,59.9,2025-08-20 23:01:50+00:00,33.998145,-81.01833,35.4,7.15,3.0,289.91,9.0,3D,2025-08-20 19:01:50-04:00,POINT (-81.01833 33.998145)
2025-08-20 21:48:00 UTC,sensor03,218191466,30.69,59.9,2025-08-20 23:01:55+00:00,33.9982,-81.018697,37.6,6.65,-0.2,276.49,9.0,3D,2025-08-20 19:01:55-04:00,POINT (-81.018697 33.9982)
2025-08-20 21:48:10 UTC,sensor03,218191466,30.54,60.85,2025-08-20 23:02:06+00:00,33.998185,-81.019295,38.4,2.78,0.0,0.0,9.0,3D,2025-08-20 19:02:06-04:00,POINT (-81.019295 33.998185)
2025-08-20 21:48:15 UTC,sensor03,218191466,30.39,61.36,2025-08-20 23:02:11+00:00,33.998063,-81.019413,38.6,4.13,0.0,0.0,9.0,3D,2025-08-20 19:02:11-04:00,POINT (-81.019413 33.998063)
2025-08-20 21:48:20 UTC,sensor03,218191466,29.99,63.02,2025-08-20 23:02:16+00:00,33.997867,-81.019493,38.5,6.47,0.0,0.0,9.0,3D,2025-08-20 19:02:16-04:00,POINT (-81.019493 33.997867)
2025-08-20 21:48:25 UTC,sensor03,218191466,29.73,64.19,2025-08-20 23:02:21+00:00,33.997558,-81.019503,38.7,5.37,0.0,179.87,9.0,3D,2025-08-20 19:02:21-04:00,POINT (-81.019503 33.997558)
2025-08-20 21:48:30 UTC,sensor03,218191466,29.42,66.95,2025-08-20 23:02:26+00:00,33.99735,-81.019525,38.5,3.39,0.0,194.76,9.0,3D,2025-08-20 19:02:26-04:00,POINT (-81.019525 33.99735)
2025-08-20 21:48:35 UTC,sensor03,218191466,29.21,68.31,2025-08-20 23:02:31+00:00,33.997197,-81.019638,38.3,4.13,-0.1,212.47,9.0,3D,2025-08-20 19:02:31-04:00,POINT (-81.019638 33.997197)
2025-08-20 21:48:41 UTC,sensor03,218191466,29.05,67.39,2025-08-20 23:02:36+00:00,33.997027,-81.019822,38.2,4.41,-0.1,231.96,9.0,3D,2025-08-20 19:02:36-04:00,POINT (-81.019822 33.997027)
2025-08-20 21:48:46 UTC,sensor03,218191466,29.0,67.45,2025-08-20 23:02:41+00:00,33.996875,-81.020085,38.1,5.25,0.0,245.93,9.0,3D,2025-08-20 19:02:41-04:00,POINT (-81.020085 33.996875)
2025-08-20 21:48:51 UTC,sensor03,218191466,28.93,67.27,2025-08-20 23:02:46+00:00,33.996793,-81.020395,38.5,6.4,0.1,253.23,9.0,3D,2025-08-20 19:02:46-04:00,POINT (-81.020395 33.996793)
2025-08-20 21:48:56 UTC,sensor03,218191466,28.88,68.21,2025-08-20 23:02:51+00:00,33.996695,-81.020782,41.8,6.62,1.4,241.42,9.0,3D,2025-08-20 19:02:51-04:00,POINT (-81.020782 33.996695)
2025-08-20 21:49:01 UTC,sensor03,218191466,28.83,67.48,2025-08-20 23:02:56+00:00,33.996577,-81.02109,45.1,6.03,0.3,245.58,9.0,3D,2025-08-20 19:02:56-04:00,POINT (-81.02109 33.996577)
2025-08-20 21:49:06 UTC,sensor03,218191466,28.84,67.6,2025-08-20 23:03:01+00:00,33.996445,-81.021397,45.9,6.46,-0.1,232.01,9.0,3D,2025-08-20 19:03:01-04:00,POINT (-81.021397 33.996445)
2025-08-20 21:49:11 UTC,sensor03,218191466,28.77,68.18,2025-08-20 23:03:06+00:00,33.996218,-81.02166,46.1,6.67,0.2,224.51,9.0,3D,2025-08-20 19:03:06-04:00,POINT (-81.02166 33.996218)
2025-08-20 21:49:16 UTC,sensor03,218191466,28.75,67.95,2025-08-20 23:03:11+00:00,33.996083,-81.02198,47.3,6.09,0.2,253.37,9.0,3D,2025-08-20 19:03:11-04:00,POINT (-81.02198 33.996083)
2025-08-20 21:49:21 UTC,sensor03,218191466,28.82,67.0,2025-08-20 23:03:16+00:00,33.99596,-81.022378,49.4,6.62,0.9,241.35,9.0,3D,2025-08-20 19:03:16-04:00,POINT (-81.022378 33.99596)
2025-08-20 21:49:26 UTC,sensor03,218191466,28.82,67.19,2025-08-20 23:03:21+00:00,33.995772,-81.02261,51.6,5.76,0.1,216.07,9.0,3D,2025-08-20 19:03:21-04:00,POINT (-81.02261 33.995772)
2025-08-20 21:49:31 UTC,sensor03,218191466,28.77,67.76,2025-08-20 23:03:25+00:00,33.99556,-81.022752,52.0,6.68,0.1,213.19,9.0,3D,2025-08-20 19:03:25-04:00,POINT (-81.022752 33.99556)
2025-08-20 21:49:36 UTC,sensor03,218191466,28.73,68.47,2025-08-20 23:03:31+00:00,33.995303,-81.023063,51.6,6.47,-0.1,229.91,9.0,3D,2025-08-20 19:03:31-04:00,POINT (-81.023063 33.995303)
2025-08-20 21:49:41 UTC,sensor03,218191466,28.68,68.54,2025-08-20 23:03:36+00:00,33.995122,-81.023297,52.5,4.73,0.3,211.49,9.0,3D,2025-08-20 19:03:36-04:00,POINT (-81.023297 33.995122)
2025-08-20 21:49:46 UTC,sensor03,218191466,28.68,68.79,2025-08-20 23:03:41+00:00,33.994933,-81.023468,53.2,4.32,0.1,212.37,9.0,3D,2025-08-20 19:03:41-04:00,POINT (-81.023468 33.994933)
2025-08-20 21:49:51 UTC,sensor03,218191466,28.64,69.15,2025-08-20 23:03:46+00:00,33.994795,-81.023468,54.3,3.63,0.2,155.06,9.0,3D,2025-08-20 19:03:46-04:00,POINT (-81.023468 33.994795)
2025-08-20 21:49:56 UTC,sensor03,218191466,28.71,67.8,2025-08-20 23:03:51+00:00,33.994598,-81.023365,55.9,5.47,0.3,153.32,9.0,3D,2025-08-20 19:03:51-04:00,POINT (-81.023365 33.994598)
2025-08-20 21:50:01 UTC,sensor03,218191466,28.84,66.62,2025-08-20 23:03:56+00:00,33.994363,-81.023215,57.1,5.96,0.2,150.13,9.0,3D,2025-08-20 19:03:56-04:00,POINT (-81.023215 33.994363)
2025-08-20 21:50:06 UTC,sensor03,218191466,29.01,66.39,2025-08-20 23:04:01+00:00,33.994165,-81.023075,58.7,4.06,0.5,147.99,9.0,3D,2025-08-20 19:04:01-04:00,POINT (-81.023075 33.994165)
2025-08-20 21:50:21 UTC,sensor03,218191466,29.26,65.91,2025-08-20 23:04:17+00:00,33.993922,-81.022908,66.1,2.3,0.5,0.0,9.0,3D,2025-08-20 19:04:17-04:00,POINT (-81.022908 33.993922)
2025-08-20 21:50:27 UTC,sensor03,218191466,29.35,65.18,2025-08-20 23:04:22+00:00,33.993862,-81.022937,68.1,2.67,0.3,257.72,9.0,3D,2025-08-20 19:04:22-04:00,POINT (-81.022937 33.993862)
2025-08-20 21:50:32 UTC,sensor03,218191466,29.36,64.95,2025-08-20 23:04:27+00:00,33.99379,-81.02321,68.0,6.56,-0.2,246.92,9.0,3D,2025-08-20 19:04:27-04:00,POINT (-81.02321 33.99379)
2025-08-20 21:50:37 UTC,sensor03,218191466,29.37,65.24,2025-08-20 23:04:32+00:00,33.993653,-81.023605,67.8,8.11,0.0,247.41,9.0,3D,2025-08-20 19:04:32-04:00,POINT (-81.023605 33.993653)
2025-08-20 21:50:42 UTC,sensor03,218191466,29.62,64.51,2025-08-20 23:04:37+00:00,33.993517,-81.024043,67.3,8.5,-0.1,250.11,9.0,3D,2025-08-20 19:04:37-04:00,POINT (-81.024043 33.993517)
2025-08-20 21:50:47 UTC,sensor03,218191466,29.49,64.67,2025-08-20 23:04:42+00:00,33.993382,-81.02449,67.2,8.62,0.2,250.08,9.0,3D,2025-08-20 19:04:42-04:00,POINT (-81.02449 33.993382)
2025-08-20 21:50:52 UTC,sensor03,218191466,29.48,65.43,2025-08-20 23:04:47+00:00,33.993138,-81.024923,63.4,2.63,-1.7,236.17,9.0,3D,2025-08-20 19:04:47-04:00,POINT (-81.024923 33.993138)
2025-08-20 21:50:57 UTC,sensor03,218191466,29.43,64.67,2025-08-20 23:04:52+00:00,33.993138,-81.025363,66.6,4.24,0.2,231.32,9.0,3D,2025-08-20 19:04:52-04:00,POINT (-81.025363 33.993138)
2025-08-20 21:51:02 UTC,sensor03,218191466,29.36,64.35,2025-08-20 23:04:57+00:00,33.993023,-81.025718,66.9,5.96,0.0,247.17,9.0,3D,2025-08-20 19:04:57-04:00,POINT (-81.025718 33.993023)
2025-08-20 21:51:07 UTC,sensor03,218191466,29.3,64.51,2025-08-20 23:05:02+00:00,33.992908,-81.026055,67.2,6.85,0.0,248.65,9.0,3D,2025-08-20 19:05:02-04:00,POINT (-81.026055 33.992908)
2025-08-20 21:51:12 UTC,sensor03,218191466,29.33,64.58,2025-08-20 23:05:07+00:00,33.992803,-81.026395,67.3,7.31,0.0,248.86,9.0,3D,2025-08-20 19:05:07-04:00,POINT (-81.026395 33.992803)
2025-08-20 21:51:22 UTC,sensor03,218191466,29.45,64.78,2025-08-20 23:05:17+00:00,33.992528,-81.027105,66.9,5.51,0.1,239.86,9.0,3D,2025-08-20 19:05:17-04:00,POINT (-81.027105 33.992528)
2025-08-20 21:51:27 UTC,sensor03,218191466,29.52,64.84,2025-08-20 23:05:22+00:00,33.992402,-81.027487,67.6,7.05,0.1,248.24,9.0,3D,2025-08-20 19:05:22-04:00,POINT (-81.027487 33.992402)
2025-08-20 21:51:32 UTC,sensor03,218191466,29.72,64.91,2025-08-20 23:05:25+00:00,33.992345,-81.02773,67.9,8.01,0.1,0.0,9.0,3D,2025-08-20 19:05:25-04:00,POINT (-81.02773 33.992345)
2025-08-20 21:51:37 UTC,sensor03,218191466,29.69,64.03,2025-08-20 23:05:30+00:00,33.992225,-81.028163,68.2,8.2,0.1,250.31,9.0,3D,2025-08-20 19:05:30-04:00,POINT (-81.028163 33.992225)
2025-08-20 21:51:42 UTC,sensor03,218191466,29.64,63.73,2025-08-20 23:05:37+00:00,33.992058,-81.02873,68.1,7.48,-0.1,249.34,9.0,3D,2025-08-20 19:05:37-04:00,POINT (-81.02873 33.992058)
2025-08-20 21:51:47 UTC,sensor03,218191466,29.65,63.88,2025-08-20 23:05:43+00:00,33.991925,-81.029185,67.8,6.98,0.1,0.0,9.0,3D,2025-08-20 19:05:43-04:00,POINT (-81.029185 33.991925)
2025-08-20 21:51:52 UTC,sensor03,218191466,29.73,64.86,2025-08-20 23:05:48+00:00,33.992,-81.02937,67.9,4.52,0.1,0.0,9.0,3D,2025-08-20 19:05:48-04:00,POINT (-81.02937 33.992)
2025-08-20 21:51:57 UTC,sensor03,218191466,29.89,64.62,2025-08-20 23:05:53+00:00,33.992202,-81.029448,69.0,5.4,0.2,0.0,9.0,3D,2025-08-20 19:05:53-04:00,POINT (-81.029448 33.992202)
2025-08-20 21:52:02 UTC,sensor03,218191466,29.83,64.86,2025-08-20 23:05:58+00:00,33.992422,-81.029543,70.2,5.38,0.2,0.0,4.0,3D,2025-08-20 19:05:58-04:00,POINT (-81.029543 33.992422)
2025-08-20 21:52:07 UTC,sensor03,218191466,29.8,64.98,2025-08-20 23:06:03+00:00,33.992655,-81.029667,71.4,5.73,0.4,0.0,4.0,3D,2025-08-20 19:06:03-04:00,POINT (-81.029667 33.992655)
2025-08-20 21:52:13 UTC,sensor03,218191466,29.85,63.75,2025-08-20 23:06:08+00:00,33.992912,-81.02978,72.2,5.8,0.0,0.0,9.0,3D,2025-08-20 19:06:08-04:00,POINT (-81.02978 33.992912)
2025-08-20 21:52:38 UTC,sensor03,218191466,29.72,62.65,2025-08-20 23:06:33+00:00,33.993195,-81.02992,74.5,2.67,0.2,344.49,9.0,3D,2025-08-20 19:06:33-04:00,POINT (-81.02992 33.993195)
2025-08-20 21:52:43 UTC,sensor03,218191466,29.7,62.88,2025-08-20 23:06:38+00:00,33.993372,-81.029997,75.6,4.28,0.1,340.5,9.0,3D,2025-08-20 19:06:38-04:00,POINT (-81.029997 33.993372)
2025-08-20 21:52:48 UTC,sensor03,218191466,29.79,62.75,2025-08-20 23:06:43+00:00,33.993573,-81.030072,77.7,5.17,0.3,345.41,9.0,3D,2025-08-20 19:06:43-04:00,POINT (-81.030072 33.993573)
2025-08-20 21:52:53 UTC,sensor03,218191466,29.74,62.79,2025-08-20 23:06:48+00:00,33.993823,-81.030148,80.3,6.92,0.6,337.29,9.0,3D,2025-08-20 19:06:48-04:00,POINT (-81.030148 33.993823)
2025-08-20 21:52:58 UTC,sensor03,218191466,29.8,62.59,2025-08-20 23:06:53+00:00,33.994118,-81.030277,82.1,6.78,0.4,338.76,9.0,3D,2025-08-20 19:06:53-04:00,POINT (-81.030277 33.994118)
2025-08-20 21:53:03 UTC,sensor03,218191466,29.92,62.47,2025-08-20 23:06:58+00:00,33.994357,-81.030427,84.0,5.42,0.3,329.16,9.0,3D,2025-08-20 19:06:58-04:00,POINT (-81.030427 33.994357)
2025-08-20 21:53:08 UTC,sensor03,218191466,30.01,61.84,2025-08-20 23:07:03+00:00,33.99457,-81.030513,85.9,4.53,0.4,336.79,9.0,3D,2025-08-20 19:07:03-04:00,POINT (-81.030513 33.99457)
2025-08-20 21:53:13 UTC,sensor03,218191466,30.0,61.79,2025-08-20 23:07:08+00:00,33.994768,-81.030588,87.7,4.53,0.3,355.39,9.0,3D,2025-08-20 19:07:08-04:00,POINT (-81.030588 33.994768)
2025-08-20 21:53:18 UTC,sensor03,218191466,29.99,62.24,2025-08-20 23:07:13+00:00,33.994993,-81.030663,89.4,6.16,0.4,338.31,9.0,3D,2025-08-20 19:07:13-04:00,POINT (-81.030663 33.994993)
2025-08-20 21:53:23 UTC,sensor03,218191466,29.96,62.13,2025-08-20 23:07:18+00:00,33.995253,-81.030767,91.2,5.56,0.4,339.21,9.0,3D,2025-08-20 19:07:18-04:00,POINT (-81.030767 33.995253)
2025-08-20 21:53:28 UTC,sensor03,218191466,29.96,61.77,2025-08-20 23:07:23+00:00,33.995487,-81.03085,93.1,5.45,0.4,0.0,9.0,3D,2025-08-20 19:07:23-04:00,POINT (-81.03085 33.995487)
2025-08-20 21:53:33 UTC,sensor03,218191466,29.91,61.54,2025-08-20 23:07:27+00:00,33.995647,-81.030923,94.8,5.03,0.42,339.8,9.0,3D,2025-08-20 19:07:27-04:00,POINT (-81.030923 33.995647)
2025-08-20 21:53:38 UTC,sensor03,218191466,29.92,61.68,2025-08-20 23:07:34+00:00,33.99596,-81.031067,97.5,5.4,0.3,0.0,9.0,3D,2025-08-20 19:07:34-04:00,POINT (-81.031067 33.99596)
2025-08-20 21:53:43 UTC,sensor03,218191466,29.85,62.09,2025-08-20 23:07:39+00:00,33.996207,-81.031123,98.2,5.44,0.0,0.0,9.0,3D,2025-08-20 19:07:39-04:00,POINT (-81.031123 33.996207)
2025-08-20 21:53:48 UTC,sensor03,218191466,29.88,62.58,2025-08-20 23:07:44+00:00,33.996458,-81.031237,98.6,6.3,0.1,0.0,9.0,3D,2025-08-20 19:07:44-04:00,POINT (-81.031237 33.996458)
2025-08-20 21:53:54 UTC,sensor03,218191466,29.84,62.69,2025-08-20 23:07:49+00:00,33.996733,-81.031362,98.7,6.24,0.1,338.5,9.0,3D,2025-08-20 19:07:49-04:00,POINT (-81.031362 33.996733)
2025-08-20 21:53:59 UTC,sensor03,218191466,29.91,62.29,2025-08-20 23:07:54+00:00,33.996982,-81.031537,98.6,6.15,0.3,331.05,9.0,3D,2025-08-20 19:07:54-04:00,POINT (-81.031537 33.996982)
2025-08-20 21:54:04 UTC,sensor03,218191466,29.89,61.81,2025-08-20 23:07:59+00:00,33.997242,-81.031678,100.0,6.27,-0.1,341.02,9.0,3D,2025-08-20 19:07:59-04:00,POINT (-81.031678 33.997242)
2025-08-20 21:54:09 UTC,sensor03,218191466,29.95,61.68,2025-08-20 23:08:04+00:00,33.997518,-81.031742,99.8,5.76,0.0,348.08,9.0,3D,2025-08-20 19:08:04-04:00,POINT (-81.031742 33.997518)
2025-08-20 21:54:14 UTC,sensor03,218191466,29.71,61.49,2025-08-20 23:08:09+00:00,33.997748,-81.031847,100.1,5.64,-0.1,337.39,9.0,3D,2025-08-20 19:08:09-04:00,POINT (-81.031847 33.997748)
2025-08-20 21:54:19 UTC,sensor03,218191466,29.76,61.75,2025-08-20 23:08:14+00:00,33.997982,-81.03195,100.1,4.75,-0.1,340.67,9.0,3D,2025-08-20 19:08:14-04:00,POINT (-81.03195 33.997982)
2025-08-20 21:54:24 UTC,sensor03,218191466,29.68,62.02,2025-08-20 23:08:19+00:00,33.99818,-81.032037,100.1,3.92,-0.1,346.76,9.0,3D,2025-08-20 19:08:19-04:00,POINT (-81.032037 33.99818)
2025-08-20 21:54:29 UTC,sensor03,218191466,29.65,62.27,2025-08-20 23:08:24+00:00,33.998372,-81.032108,97.1,3.06,0.0,330.78,9.0,3D,2025-08-20 19:08:24-04:00,POINT (-81.032108 33.998372)
2025-08-20 21:54:44 UTC,sensor03,218191466,29.65,62.46,2025-08-20 23:08:39+00:00,33.998468,-81.03215,97.2,2.52,0.0,340.85,9.0,3D,2025-08-20 19:08:39-04:00,POINT (-81.03215 33.998468)
2025-08-20 21:54:49 UTC,sensor03,218191466,29.67,62.5,2025-08-20 23:08:44+00:00,33.998562,-81.032235,96.8,2.35,-0.1,313.94,9.0,3D,2025-08-20 19:08:44-04:00,POINT (-81.032235 33.998562)
2025-08-20 21:54:54 UTC,sensor03,218191466,29.64,62.57,2025-08-20 23:08:49+00:00,33.99869,-81.032285,96.1,2.88,-0.2,351.18,9.0,3D,2025-08-20 19:08:49-04:00,POINT (-81.032285 33.99869)
2025-08-20 21:54:59 UTC,sensor03,218191466,29.48,62.65,2025-08-20 23:08:54+00:00,33.998847,-81.032368,95.3,2.9,-0.2,343.3,9.0,3D,2025-08-20 19:08:54-04:00,POINT (-81.032368 33.998847)
2025-08-20 21:55:04 UTC,sensor03,218191466,29.36,62.93,2025-08-20 23:08:59+00:00,33.999,-81.032443,94.5,3.64,-0.2,336.29,9.0,3D,2025-08-20 19:08:59-04:00,POINT (-81.032443 33.999)
2025-08-20 21:55:09 UTC,sensor03,218191466,29.26,63.63,2025-08-20 23:09:05+00:00,33.999265,-81.032558,93.2,5.72,-0.3,0.0,9.0,3D,2025-08-20 19:09:05-04:00,POINT (-81.032558 33.999265)
2025-08-20 21:55:14 UTC,sensor03,218191466,29.14,64.0,2025-08-20 23:09:10+00:00,33.999513,-81.032655,92.0,5.38,-0.2,0.0,9.0,3D,2025-08-20 19:09:10-04:00,POINT (-81.032655 33.999513)
2025-08-20 21:55:19 UTC,sensor03,218191466,29.16,64.18,2025-08-20 23:09:15+00:00,33.999682,-81.032867,90.7,5.01,-0.3,0.0,9.0,3D,2025-08-20 19:09:15-04:00,POINT (-81.032867 33.999682)
2025-08-20 21:55:25 UTC,sensor03,218191466,29.13,64.43,2025-08-20 23:09:20+00:00,33.999792,-81.033092,89.2,4.25,-0.3,273.38,9.0,3D,2025-08-20 19:09:20-04:00,POINT (-81.033092 33.999792)
2025-08-20 21:55:30 UTC,sensor03,218191466,29.09,64.51,2025-08-20 23:09:23+00:00,33.999792,-81.033255,88.3,5.24,-0.3,0.0,8.0,3D,2025-08-20 19:09:23-04:00,POINT (-81.033255 33.999792)
2025-08-20 21:55:35 UTC,sensor03,218191466,29.06,64.83,2025-08-20 23:09:30+00:00,33.999982,-81.033617,85.8,5.6,-0.36,326.19,8.0,3D,2025-08-20 19:09:30-04:00,POINT (-81.033617 33.999982)
2025-08-20 21:55:40 UTC,sensor03,218191466,29.06,64.91,2025-08-20 23:09:35+00:00,34.0002,-81.03375,84.2,5.33,-0.3,339.49,9.0,3D,2025-08-20 19:09:35-04:00,POINT (-81.03375 34.0002)
2025-08-20 21:55:45 UTC,sensor03,218191466,29.01,64.77,2025-08-20 23:09:40+00:00,34.000423,-81.033803,82.1,5.26,-0.4,4.61,9.0,3D,2025-08-20 19:09:40-04:00,POINT (-81.033803 34.000423)
2025-08-20 21:55:50 UTC,sensor03,218191466,28.98,64.6,2025-08-20 23:09:45+00:00,34.000665,-81.033725,80.4,5.4,-0.3,31.61,9.0,3D,2025-08-20 19:09:45-04:00,POINT (-81.033725 34.000665)
2025-08-20 21:55:55 UTC,sensor03,218191466,28.97,64.66,2025-08-20 23:09:50+00:00,34.000792,-81.033505,79.0,4.94,-0.3,70.26,9.0,3D,2025-08-20 19:09:50-04:00,POINT (-81.033505 34.000792)
2025-08-20 21:56:00 UTC,sensor03,218191466,29.0,64.86,2025-08-20 23:09:55+00:00,34.000893,-81.033227,78.1,5.2,-0.1,68.97,9.0,3D,2025-08-20 19:09:55-04:00,POINT (-81.033227 34.000893)
2025-08-20 21:56:05 UTC,sensor03,218191466,28.94,65.32,2025-08-20 23:10:00+00:00,34.000882,-81.032962,76.8,4.35,-0.3,107.87,9.0,3D,2025-08-20 19:10:00-04:00,POINT (-81.032962 34.000882)
2025-08-20 21:56:10 UTC,sensor03,218191466,28.93,66.25,2025-08-20 23:10:05+00:00,34.000768,-81.032777,76.6,3.82,0.4,137.98,9.0,3D,2025-08-20 19:10:05-04:00,POINT (-81.032777 34.000768)
2025-08-20 21:56:15 UTC,sensor03,218191466,28.95,65.9,2025-08-20 23:10:10+00:00,34.000572,-81.03264,77.4,4.4,0.1,158.41,9.0,3D,2025-08-20 19:10:10-04:00,POINT (-81.03264 34.000572)
2025-08-20 21:56:20 UTC,sensor03,218191466,28.91,65.95,2025-08-20 23:10:15+00:00,34.000502,-81.032507,78.0,3.18,-0.1,74.85,9.0,3D,2025-08-20 19:10:15-04:00,POINT (-81.032507 34.000502)
2025-08-20 21:56:25 UTC,sensor03,218191466,28.93,66.07,2025-08-20 23:10:20+00:00,34.00061,-81.032358,77.4,3.57,-0.1,56.87,9.0,3D,2025-08-20 19:10:20-04:00,POINT (-81.032358 34.00061)
2025-08-20 21:56:30 UTC,sensor03,218191466,28.87,65.81,2025-08-20 23:10:25+00:00,34.000625,-81.032153,77.1,3.65,0.0,97.9,9.0,3D,2025-08-20 19:10:25-04:00,POINT (-81.032153 34.000625)
2025-08-20 21:56:35 UTC,sensor03,218191466,28.85,65.91,2025-08-20 23:10:30+00:00,34.000503,-81.031927,77.2,4.51,-0.1,123.32,9.0,3D,2025-08-20 19:10:30-04:00,POINT (-81.031927 34.000503)
2025-08-20 21:56:40 UTC,sensor03,218191466,28.81,65.37,2025-08-20 23:10:35+00:00,34.000367,-81.031672,76.3,5.78,-0.2,125.25,9.0,3D,2025-08-20 19:10:35-04:00,POINT (-81.031672 34.000367)
2025-08-20 21:56:45 UTC,sensor03,218191466,28.81,65.34,2025-08-20 23:10:40+00:00,34.000215,-81.031478,75.7,4.08,0.0,132.16,9.0,3D,2025-08-20 19:10:40-04:00,POINT (-81.031478 34.000215)
2025-08-20 21:56:55 UTC,sensor03,218191466,28.81,65.31,2025-08-20 23:10:50+00:00,34.000035,-81.031308,77.6,4.67,0.3,150.74,9.0,3D,2025-08-20 19:10:50-04:00,POINT (-81.031308 34.000035)
2025-08-20 21:57:00 UTC,sensor03,218191466,28.81,65.29,2025-08-20 23:10:55+00:00,33.999813,-81.031177,78.3,5.41,0.1,154.03,9.0,3D,2025-08-20 19:10:55-04:00,POINT (-81.031177 33.999813)
2025-08-20 21:57:05 UTC,sensor03,218191466,28.89,65.32,2025-08-20 23:11:00+00:00,33.999577,-81.031043,78.2,5.7,0.0,159.94,9.0,3D,2025-08-20 19:11:00-04:00,POINT (-81.031043 33.999577)
2025-08-20 21:57:10 UTC,sensor03,218191466,28.96,64.98,2025-08-20 23:11:05+00:00,33.999358,-81.030913,78.4,3.75,-0.1,161.44,9.0,3D,2025-08-20 19:11:05-04:00,POINT (-81.030913 33.999358)
2025-08-20 21:57:20 UTC,sensor03,218191466,28.98,65.01,2025-08-20 23:11:16+00:00,33.999122,-81.030815,77.4,3.99,0.0,0.0,9.0,3D,2025-08-20 19:11:16-04:00,POINT (-81.030815 33.999122)
2025-08-20 21:57:25 UTC,sensor03,218191466,29.03,64.86,2025-08-20 23:11:21+00:00,33.99886,-81.030722,78.2,7.0,0.3,0.0,9.0,3D,2025-08-20 19:11:21-04:00,POINT (-81.030722 33.99886)
2025-08-20 21:57:31 UTC,sensor03,218191466,28.99,64.72,2025-08-20 23:11:24+00:00,33.998682,-81.03065,78.6,7.0,0.0,0.0,9.0,3D,2025-08-20 19:11:24-04:00,POINT (-81.03065 33.998682)
2025-08-20 21:57:36 UTC,sensor03,218191466,29.02,64.91,2025-08-20 23:11:28+00:00,33.998445,-81.030557,78.9,6.34,0.07,161.33,9.0,3D,2025-08-20 19:11:28-04:00,POINT (-81.030557 33.998445)
2025-08-20 21:57:41 UTC,sensor03,218191466,29.02,64.7,2025-08-20 23:11:36+00:00,33.997968,-81.030305,80.4,6.41,0.2,153.08,10.0,3D,2025-08-20 19:11:36-04:00,POINT (-81.030305 33.997968)
2025-08-20 21:57:46 UTC,sensor03,218191466,29.05,64.55,2025-08-20 23:11:41+00:00,33.997668,-81.030178,81.5,6.21,0.4,157.09,10.0,3D,2025-08-20 19:11:41-04:00,POINT (-81.030178 33.997668)
2025-08-20 21:57:51 UTC,sensor03,218191466,29.01,64.58,2025-08-20 23:11:46+00:00,33.997368,-81.030043,82.9,6.48,0.4,158.95,10.0,3D,2025-08-20 19:11:46-04:00,POINT (-81.030043 33.997368)
2025-08-20 21:57:56 UTC,sensor03,218191466,28.92,64.74,2025-08-20 23:11:51+00:00,33.99708,-81.029925,84.4,6.3,0.5,158.21,10.0,3D,2025-08-20 19:11:51-04:00,POINT (-81.029925 33.99708)
2025-08-20 21:58:01 UTC,sensor03,218191466,28.92,64.82,2025-08-20 23:11:56+00:00,33.996817,-81.029815,85.7,5.68,0.3,157.12,10.0,3D,2025-08-20 19:11:56-04:00,POINT (-81.029815 33.996817)
2025-08-20 21:58:06 UTC,sensor03,218191466,28.92,65.15,2025-08-20 23:12:01+00:00,33.996587,-81.029703,86.8,4.97,0.2,162.6,10.0,3D,2025-08-20 19:12:01-04:00,POINT (-81.029703 33.996587)
2025-08-20 21:58:21 UTC,sensor03,218191466,29.13,64.98,2025-08-20 23:12:16+00:00,33.996407,-81.029645,88.1,2.74,0.0,135.63,10.0,3D,2025-08-20 19:12:16-04:00,POINT (-81.029645 33.996407)
2025-08-20 21:58:26 UTC,sensor03,218191466,29.13,64.72,2025-08-20 23:12:21+00:00,33.996393,-81.029412,87.9,5.44,-0.1,80.84,10.0,3D,2025-08-20 19:12:21-04:00,POINT (-81.029412 33.996393)
2025-08-20 21:58:31 UTC,sensor03,218191466,29.18,64.89,2025-08-20 23:12:26+00:00,33.996448,-81.029115,87.7,5.42,0.0,69.72,10.0,3D,2025-08-20 19:12:26-04:00,POINT (-81.029115 33.996448)
2025-08-20 21:58:36 UTC,sensor03,218191466,29.24,64.69,2025-08-20 23:12:31+00:00,33.996513,-81.02885,87.5,5.23,0.0,75.99,10.0,3D,2025-08-20 19:12:31-04:00,POINT (-81.02885 33.996513)
2025-08-20 21:58:41 UTC,sensor03,218191466,29.07,65.16,2025-08-20 23:12:36+00:00,33.996608,-81.028588,87.6,5.07,0.1,58.2,10.0,3D,2025-08-20 19:12:36-04:00,POINT (-81.028588 33.996608)
2025-08-20 21:58:46 UTC,sensor03,218191466,29.01,65.29,2025-08-20 23:12:41+00:00,33.996698,-81.028285,87.9,5.46,0.0,75.55,10.0,3D,2025-08-20 19:12:41-04:00,POINT (-81.028285 33.996698)
2025-08-20 21:58:51 UTC,sensor03,218191466,29.01,65.16,2025-08-20 23:12:46+00:00,33.996805,-81.02797,88.3,5.95,0.1,69.56,10.0,3D,2025-08-20 19:12:46-04:00,POINT (-81.02797 33.996805)
2025-08-20 21:58:56 UTC,sensor03,218191466,29.03,65.19,2025-08-20 23:12:51+00:00,33.99689,-81.027662,88.5,5.64,0.0,70.0,10.0,3D,2025-08-20 19:12:51-04:00,POINT (-81.027662 33.99689)
2025-08-20 21:59:01 UTC,sensor03,218191466,29.13,65.27,2025-08-20 23:12:57+00:00,33.997008,-81.027323,88.6,5.33,0.0,0.0,10.0,3D,2025-08-20 19:12:57-04:00,POINT (-81.027323 33.997008)
2025-08-20 21:59:06 UTC,sensor03,218191466,29.05,65.02,2025-08-20 23:13:02+00:00,33.997105,-81.027043,88.8,5.62,0.0,0.0,10.0,3D,2025-08-20 19:13:02-04:00,POINT (-81.027043 33.997105)
2025-08-20 21:59:11 UTC,sensor03,218191466,29.08,65.4,2025-08-20 23:13:07+00:00,33.997182,-81.026697,88.9,6.26,-0.1,0.0,10.0,3D,2025-08-20 19:13:07-04:00,POINT (-81.026697 33.997182)
2025-08-20 21:59:22 UTC,sensor03,218191466,28.92,65.34,2025-08-20 23:13:17+00:00,33.997412,-81.026055,89.6,2.99,-0.3,58.33,10.0,3D,2025-08-20 19:13:17-04:00,POINT (-81.026055 33.997412)
2025-08-20 21:59:27 UTC,sensor03,218191466,28.81,65.6,2025-08-20 23:13:22+00:00,33.9975,-81.025705,88.6,5.91,-0.1,74.07,10.0,3D,2025-08-20 19:13:22-04:00,POINT (-81.025705 33.9975)
2025-08-20 21:59:32 UTC,sensor03,218191466,28.89,65.99,2025-08-20 23:13:25+00:00,33.997553,-81.025505,88.1,5.88,-0.1,70.72,10.0,3D,2025-08-20 19:13:25-04:00,POINT (-81.025505 33.997553)
2025-08-20 21:59:37 UTC,sensor03,218191466,28.95,65.92,2025-08-20 23:13:32+00:00,33.99768,-81.025107,87.5,4.37,-0.09,66.86,10.0,3D,2025-08-20 19:13:32-04:00,POINT (-81.025107 33.99768)
2025-08-20 21:59:47 UTC,sensor03,218191466,29.2,65.74,2025-08-20 23:13:42+00:00,33.997708,-81.024828,87.7,4.19,0.0,69.84,10.0,3D,2025-08-20 19:13:42-04:00,POINT (-81.024828 33.997708)
2025-08-20 21:59:52 UTC,sensor03,218191466,29.38,65.55,2025-08-20 23:13:47+00:00,33.997822,-81.024537,86.8,6.67,-0.3,63.81,10.0,3D,2025-08-20 19:13:47-04:00,POINT (-81.024537 33.997822)
2025-08-20 21:59:57 UTC,sensor03,218191466,29.54,65.03,2025-08-20 23:13:52+00:00,33.997953,-81.024163,85.1,7.82,-0.5,73.24,10.0,3D,2025-08-20 19:13:52-04:00,POINT (-81.024163 33.997953)
2025-08-20 22:00:02 UTC,sensor03,218191466,29.32,64.52,2025-08-20 23:13:57+00:00,33.998063,-81.023767,83.4,7.92,-0.3,71.08,10.0,3D,2025-08-20 19:13:57-04:00,POINT (-81.023767 33.998063)
2025-08-20 22:00:12 UTC,sensor03,218191466,29.09,64.8,2025-08-20 23:14:07+00:00,33.998275,-81.023027,81.6,2.74,-0.1,49.77,10.0,3D,2025-08-20 19:14:07-04:00,POINT (-81.023027 33.998275)
2025-08-20 22:00:17 UTC,sensor03,218191466,29.1,64.97,2025-08-20 23:14:12+00:00,33.998418,-81.022607,81.3,6.28,0.0,73.34,10.0,3D,2025-08-20 19:14:12-04:00,POINT (-81.022607 33.998418)
2025-08-20 22:00:22 UTC,sensor03,218191466,29.23,64.73,2025-08-20 23:14:17+00:00,33.998517,-81.022252,81.0,4.68,0.0,72.22,10.0,3D,2025-08-20 19:14:17-04:00,POINT (-81.022252 33.998517)
2025-08-20 22:00:27 UTC,sensor03,218191466,29.14,64.57,2025-08-20 23:14:23+00:00,33.99861,-81.021895,81.0,6.55,0.0,0.0,10.0,3D,2025-08-20 19:14:23-04:00,POINT (-81.021895 33.99861)
2025-08-20 22:00:32 UTC,sensor03,218191466,29.3,64.72,2025-08-20 23:14:28+00:00,33.998723,-81.02159,81.2,6.64,0.0,0.0,10.0,3D,2025-08-20 19:14:28-04:00,POINT (-81.02159 33.998723)
2025-08-20 22:00:37 UTC,sensor03,218191466,29.18,64.46,2025-08-20 23:14:33+00:00,33.998817,-81.021258,81.4,6.97,0.0,0.0,10.0,3D,2025-08-20 19:14:33-04:00,POINT (-81.021258 33.998817)
2025-08-20 22:00:42 UTC,sensor03,218191466,29.12,64.75,2025-08-20 23:14:38+00:00,33.998945,-81.020888,81.3,7.75,0.0,0.0,10.0,3D,2025-08-20 19:14:38-04:00,POINT (-81.020888 33.998945)
2025-08-20 22:00:47 UTC,sensor03,218191466,29.11,65.09,2025-08-20 23:14:43+00:00,33.999083,-81.020507,80.3,7.28,-0.2,67.65,10.0,3D,2025-08-20 19:14:43-04:00,POINT (-81.020507 33.999083)
2025-08-20 22:00:53 UTC,sensor03,218191466,29.08,65.16,2025-08-20 23:14:48+00:00,33.999203,-81.020123,78.9,7.58,-0.4,69.55,10.0,3D,2025-08-20 19:14:48-04:00,POINT (-81.020123 33.999203)
2025-08-20 22:00:58 UTC,sensor03,218191466,29.15,65.27,2025-08-20 23:14:53+00:00,33.999318,-81.019712,77.4,7.76,-0.3,64.74,10.0,3D,2025-08-20 19:14:53-04:00,POINT (-81.019712 33.999318)
2025-08-20 22:01:03 UTC,sensor03,218191466,29.06,65.34,2025-08-20 23:14:58+00:00,33.999477,-81.019295,76.1,8.04,-0.3,69.72,10.0,3D,2025-08-20 19:14:58-04:00,POINT (-81.019295 33.999477)
2025-08-20 22:01:08 UTC,sensor03,218191466,28.98,65.33,2025-08-20 23:15:03+00:00,33.999588,-81.018968,74.8,4.2,-0.2,66.27,10.0,3D,2025-08-20 19:15:03-04:00,POINT (-81.018968 33.999588)
2025-08-20 22:01:13 UTC,sensor03,218191466,29.03,65.53,2025-08-20 23:15:08+00:00,33.999638,-81.01877,72.8,4.46,-0.4,63.91,10.0,3D,2025-08-20 19:15:08-04:00,POINT (-81.01877 33.999638)
2025-08-20 22:01:18 UTC,sensor03,218191466,29.09,65.06,2025-08-20 23:15:13+00:00,33.999713,-81.01852,71.4,5.37,-0.3,67.05,10.0,3D,2025-08-20 19:15:13-04:00,POINT (-81.01852 33.999713)
2025-08-20 22:01:23 UTC,sensor03,218191466,29.1,64.8,2025-08-20 23:15:18+00:00,33.999837,-81.018205,69.5,6.64,-0.5,68.01,10.0,3D,2025-08-20 19:15:18-04:00,POINT (-81.018205 33.999837)
2025-08-20 22:01:28 UTC,sensor03,218191466,29.04,64.67,2025-08-20 23:15:23+00:00,33.999985,-81.017805,66.9,7.71,-0.6,69.05,10.0,3D,2025-08-20 19:15:23-04:00,POINT (-81.017805 33.999985)
2025-08-20 22:01:33 UTC,sensor03,218191466,29.26,64.71,2025-08-20 23:15:26+00:00,34.000133,-81.017637,65.7,7.8,-0.4,0.0,10.0,3D,2025-08-20 19:15:26-04:00,POINT (-81.017637 34.000133)
2025-08-20 22:01:38 UTC,sensor03,218191466,29.32,64.33,2025-08-20 23:15:33+00:00,34.000173,-81.017187,62.4,4.6,-0.47,125.53,10.0,3D,2025-08-20 19:15:33-04:00,POINT (-81.017187 34.000173)
2025-08-20 22:01:43 UTC,sensor03,218191466,29.3,64.38,2025-08-20 23:15:38+00:00,33.999873,-81.01703,59.8,6.6,-0.3,176.56,10.0,3D,2025-08-20 19:15:38-04:00,POINT (-81.01703 33.999873)
2025-08-20 22:01:48 UTC,sensor03,218191466,29.55,64.19,2025-08-20 23:15:43+00:00,33.999548,-81.017123,57.3,7.04,-0.4,198.92,10.0,3D,2025-08-20 19:15:43-04:00,POINT (-81.017123 33.999548)
2025-08-20 22:01:53 UTC,sensor03,218191466,29.82,63.32,2025-08-20 23:15:48+00:00,33.999255,-81.017277,55.9,7.24,-0.3,203.08,10.0,3D,2025-08-20 19:15:48-04:00,POINT (-81.017277 33.999255)
2025-08-20 22:01:58 UTC,sensor03,218191466,29.94,62.59,2025-08-20 23:15:53+00:00,33.99895,-81.017428,54.7,6.91,-0.3,203.22,10.0,3D,2025-08-20 19:15:53-04:00,POINT (-81.017428 33.99895)
2025-08-20 22:02:03 UTC,sensor03,218191466,29.9,62.32,2025-08-20 23:15:58+00:00,33.998637,-81.017575,53.7,7.38,-0.1,202.24,10.0,3D,2025-08-20 19:15:58-04:00,POINT (-81.017575 33.998637)
2025-08-20 22:02:08 UTC,sensor03,218191466,29.77,62.65,2025-08-20 23:16:03+00:00,33.998328,-81.017738,52.8,7.27,-0.2,201.85,10.0,3D,2025-08-20 19:16:03-04:00,POINT (-81.017738 33.998328)
2025-08-20 22:02:13 UTC,sensor03,218191466,29.8,62.65,2025-08-20 23:16:08+00:00,33.998018,-81.017892,52.5,6.97,-0.1,202.36,10.0,3D,2025-08-20 19:16:08-04:00,POINT (-81.017892 33.998018)
2025-08-20 22:02:18 UTC,sensor03,218191466,29.69,62.78,2025-08-20 23:16:13+00:00,33.997715,-81.018037,52.3,6.54,0.0,199.21,10.0,3D,2025-08-20 19:16:13-04:00,POINT (-81.018037 33.997715)
2025-08-20 22:02:23 UTC,sensor03,218191466,29.53,63.35,2025-08-20 23:16:19+00:00,33.997375,-81.018213,52.0,7.0,0.0,0.0,10.0,3D,2025-08-20 19:16:19-04:00,POINT (-81.018213 33.997375)
2025-08-20 22:02:28 UTC,sensor03,218191466,29.32,64.47,2025-08-20 23:16:24+00:00,33.99709,-81.018353,52.6,7.61,0.2,0.0,10.0,3D,2025-08-20 19:16:24-04:00,POINT (-81.018353 33.99709)
2025-08-20 22:02:34 UTC,sensor03,218191466,29.26,64.9,2025-08-20 23:16:29+00:00,33.99676,-81.018437,54.8,7.58,0.7,0.0,10.0,3D,2025-08-20 19:16:29-04:00,POINT (-81.018437 33.99676)
2025-08-20 22:02:39 UTC,sensor03,218191466,29.34,64.58,2025-08-20 23:16:34+00:00,33.996437,-81.018408,58.4,7.16,0.6,178.78,10.0,3D,2025-08-20 19:16:34-04:00,POINT (-81.018408 33.996437)
2025-08-20 22:02:44 UTC,sensor03,218191466,29.2,64.5,2025-08-20 23:16:39+00:00,33.996155,-81.018337,62.3,6.01,0.8,165.61,10.0,3D,2025-08-20 19:16:39-04:00,POINT (-81.018337 33.996155)
2025-08-20 22:02:49 UTC,sensor03,218191466,29.17,64.66,2025-08-20 23:16:44+00:00,33.995902,-81.01823,67.1,5.84,1.0,153.58,10.0,3D,2025-08-20 19:16:44-04:00,POINT (-81.01823 33.995902)
2025-08-20 22:02:54 UTC,sensor03,218191466,29.09,64.97,2025-08-20 23:16:49+00:00,33.995672,-81.018062,72.0,5.62,1.0,145.54,10.0,3D,2025-08-20 19:16:49-04:00,POINT (-81.018062 33.995672)
2025-08-20 22:02:59 UTC,sensor03,218191466,29.05,64.96,2025-08-20 23:16:54+00:00,33.99547,-81.017863,76.8,5.98,0.9,135.38,10.0,3D,2025-08-20 19:16:54-04:00,POINT (-81.017863 33.99547)
2025-08-20 22:03:04 UTC,sensor03,218191466,29.01,65.03,2025-08-20 23:16:59+00:00,33.995273,-81.017658,81.4,5.01,0.9,135.49,10.0,3D,2025-08-20 19:16:59-04:00,POINT (-81.017658 33.995273)
2025-08-20 22:03:09 UTC,sensor03,218191466,28.94,65.41,2025-08-20 23:17:04+00:00,33.9951,-81.017447,86.2,5.6,1.0,137.99,10.0,3D,2025-08-20 19:17:04-04:00,POINT (-81.017447 33.9951)
2025-08-20 22:03:14 UTC,sensor03,218191466,28.87,65.85,2025-08-20 23:17:09+00:00,33.994878,-81.017248,89.6,4.79,0.8,140.7,10.0,3D,2025-08-20 19:17:09-04:00,POINT (-81.017248 33.994878)
2025-08-20 22:03:19 UTC,sensor03,218191466,28.79,66.3,2025-08-20 23:17:14+00:00,33.994682,-81.017042,93.7,6.23,0.9,137.15,10.0,3D,2025-08-20 19:17:14-04:00,POINT (-81.017042 33.994682)
2025-08-20 22:03:24 UTC,sensor03,218191466,28.73,67.07,2025-08-20 23:17:19+00:00,33.994443,-81.016812,97.4,6.1,0.7,140.9,10.0,3D,2025-08-20 19:17:19-04:00,POINT (-81.016812 33.994443)
2025-08-20 22:03:29 UTC,sensor03,218191466,28.64,67.8,2025-08-20 23:17:24+00:00,33.994257,-81.016612,100.3,5.4,0.7,137.78,10.0,3D,2025-08-20 19:17:24-04:00,POINT (-81.016612 33.994257)
2025-08-20 22:03:34 UTC,sensor03,218191466,28.53,68.72,2025-08-20 23:17:27+00:00,33.99411,-81.016478,101.7,6.12,0.5,0.0,10.0,3D,2025-08-20 19:17:27-04:00,POINT (-81.016478 33.99411)
2025-08-20 22:03:39 UTC,sensor03,218191466,28.5,68.61,2025-08-20 23:17:34+00:00,33.993807,-81.016175,102.7,5.37,0.14,136.81,10.0,3D,2025-08-20 19:17:34-04:00,POINT (-81.016175 33.993807)
2025-08-20 22:03:44 UTC,sensor03,218191466,28.58,67.6,2025-08-20 23:17:39+00:00,33.993573,-81.015958,104.9,5.71,0.4,140.1,10.0,3D,2025-08-20 19:17:39-04:00,POINT (-81.015958 33.993573)
2025-08-20 22:03:49 UTC,sensor03,218191466,28.59,67.24,2025-08-20 23:17:44+00:00,33.993337,-81.015733,106.9,5.67,0.3,137.41,10.0,3D,2025-08-20 19:17:44-04:00,POINT (-81.015733 33.993337)
2025-08-20 22:03:54 UTC,sensor03,218191466,28.59,66.88,2025-08-20 23:17:49+00:00,33.993112,-81.015547,104.5,5.27,0.1,145.59,10.0,3D,2025-08-20 19:17:49-04:00,POINT (-81.015547 33.993112)
2025-08-20 22:03:59 UTC,sensor03,218191466,28.6,66.86,2025-08-20 23:17:54+00:00,33.992913,-81.015345,106.9,5.52,1.1,140.98,10.0,3D,2025-08-20 19:17:54-04:00,POINT (-81.015345 33.992913)
2025-08-20 22:04:04 UTC,sensor03,218191466,28.56,66.91,2025-08-20 23:18:00+00:00,33.992642,-81.015157,110.5,6.1,0.5,0.0,10.0,3D,2025-08-20 19:18:00-04:00,POINT (-81.015157 33.992642)
2025-08-20 22:04:09 UTC,sensor03,218191466,28.46,68.06,2025-08-20 23:18:05+00:00,33.992417,-81.015012,113.1,5.71,0.6,0.0,10.0,3D,2025-08-20 19:18:05-04:00,POINT (-81.015012 33.992417)
2025-08-20 22:04:15 UTC,sensor03,218191466,28.26,69.29,2025-08-20 23:18:10+00:00,33.992218,-81.014852,112.5,5.4,0.2,0.0,10.0,3D,2025-08-20 19:18:10-04:00,POINT (-81.014852 33.992218)
2025-08-20 22:04:20 UTC,sensor03,218191466,28.24,69.03,2025-08-20 23:18:15+00:00,33.991998,-81.014722,114.1,5.51,0.5,153.28,10.0,3D,2025-08-20 19:18:15-04:00,POINT (-81.014722 33.991998)
2025-08-20 22:04:25 UTC,sensor03,218191466,28.27,69.22,2025-08-20 23:18:20+00:00,33.991772,-81.01459,113.7,4.96,-0.3,149.65,10.0,3D,2025-08-20 19:18:20-04:00,POINT (-81.01459 33.991772)
2025-08-20 22:04:30 UTC,sensor03,218191466,28.36,68.56,2025-08-20 23:18:25+00:00,33.991572,-81.014507,112.1,4.26,0.1,161.38,10.0,3D,2025-08-20 19:18:25-04:00,POINT (-81.014507 33.991572)
2025-08-20 22:04:35 UTC,sensor03,218191466,28.4,67.95,2025-08-20 23:18:30+00:00,33.99136,-81.014453,112.8,4.35,-0.3,159.28,10.0,3D,2025-08-20 19:18:30-04:00,POINT (-81.014453 33.99136)
2025-08-20 22:04:40 UTC,sensor03,218191466,28.38,68.27,2025-08-20 23:18:35+00:00,33.991145,-81.014343,112.2,4.54,0.1,158.5,10.0,3D,2025-08-20 19:18:35-04:00,POINT (-81.014343 33.991145)
2025-08-20 22:04:45 UTC,sensor03,218191466,28.35,68.84,2025-08-20 23:18:40+00:00,33.990927,-81.014272,112.3,4.27,0.1,157.65,10.0,3D,2025-08-20 19:18:40-04:00,POINT (-81.014272 33.990927)
2025-08-20 22:04:50 UTC,sensor03,218191466,28.37,68.64,2025-08-20 23:18:45+00:00,33.990725,-81.014185,113.7,4.29,0.4,165.06,10.0,3D,2025-08-20 19:18:45-04:00,POINT (-81.014185 33.990725)
2025-08-20 22:04:55 UTC,sensor03,218191466,28.4,68.2,2025-08-20 23:18:50+00:00,33.99051,-81.014093,113.0,4.97,0.3,152.81,10.0,3D,2025-08-20 19:18:50-04:00,POINT (-81.014093 33.99051)
2025-08-20 22:05:00 UTC,sensor03,218191466,28.46,67.77,2025-08-20 23:18:55+00:00,33.990298,-81.01397,111.5,4.89,0.1,154.6,10.0,3D,2025-08-20 19:18:55-04:00,POINT (-81.01397 33.990298)
2025-08-20 22:05:05 UTC,sensor03,218191466,28.45,67.6,2025-08-20 23:19:00+00:00,33.99004,-81.013867,109.2,5.82,0.0,164.61,10.0,3D,2025-08-20 19:19:00-04:00,POINT (-81.013867 33.99004)
2025-08-20 22:05:10 UTC,sensor03,218191466,28.5,67.62,2025-08-20 23:19:05+00:00,33.989798,-81.013773,108.1,5.47,-0.9,159.4,10.0,3D,2025-08-20 19:19:05-04:00,POINT (-81.013773 33.989798)
2025-08-20 22:05:15 UTC,sensor03,218191466,28.44,67.59,2025-08-20 23:19:10+00:00,33.989593,-81.013663,107.8,4.91,0.2,156.68,10.0,3D,2025-08-20 19:19:10-04:00,POINT (-81.013663 33.989593)
2025-08-20 22:05:20 UTC,sensor03,218191466,28.55,67.53,2025-08-20 23:19:15+00:00,33.989377,-81.013547,108.5,5.31,-0.2,155.92,10.0,3D,2025-08-20 19:19:15-04:00,POINT (-81.013547 33.989377)
2025-08-20 22:05:25 UTC,sensor03,218191466,28.79,67.0,2025-08-20 23:19:20+00:00,33.989142,-81.013458,107.0,4.75,0.4,156.11,10.0,3D,2025-08-20 19:19:20-04:00,POINT (-81.013458 33.989142)
2025-08-20 22:05:30 UTC,sensor03,218191466,28.77,66.57,2025-08-20 23:19:25+00:00,33.988963,-81.013377,107.9,3.73,-0.1,159.37,10.0,3D,2025-08-20 19:19:25-04:00,POINT (-81.013377 33.988963)
2025-08-20 22:05:35 UTC,sensor03,218191466,28.72,66.56,2025-08-20 23:19:28+00:00,33.988848,-81.013325,107.8,4.01,0.4,145.51,10.0,3D,2025-08-20 19:19:28-04:00,POINT (-81.013325 33.988848)
2025-08-20 22:05:40 UTC,sensor03,218191466,28.79,66.68,2025-08-20 23:19:35+00:00,33.988717,-81.01326,105.4,3.95,-0.6,0.0,10.0,3D,2025-08-20 19:19:35-04:00,POINT (-81.01326 33.988717)
2025-08-20 22:05:45 UTC,sensor03,218191466,28.73,66.49,2025-08-20 23:19:40+00:00,33.988397,-81.013113,103.7,4.88,0.3,155.94,10.0,3D,2025-08-20 19:19:40-04:00,POINT (-81.013113 33.988397)
2025-08-20 22:05:50 UTC,sensor03,218191466,28.65,66.29,2025-08-20 23:19:45+00:00,33.988192,-81.01301,104.9,5.3,0.2,152.32,10.0,3D,2025-08-20 19:19:45-04:00,POINT (-81.01301 33.988192)
2025-08-20 22:05:55 UTC,sensor03,218191466,28.63,66.58,2025-08-20 23:19:50+00:00,33.987948,-81.01288,106.1,5.5,0.1,155.25,10.0,3D,2025-08-20 19:19:50-04:00,POINT (-81.01288 33.987948)
2025-08-20 22:06:00 UTC,sensor03,218191466,28.58,67.02,2025-08-20 23:19:55+00:00,33.987672,-81.0128,100.6,6.02,0.2,155.72,10.0,3D,2025-08-20 19:19:55-04:00,POINT (-81.0128 33.987672)
2025-08-20 22:06:05 UTC,sensor03,218191466,28.51,67.45,2025-08-20 23:20:00+00:00,33.987422,-81.012645,102.0,6.22,0.4,154.85,10.0,3D,2025-08-20 19:20:00-04:00,POINT (-81.012645 33.987422)
2025-08-20 22:06:10 UTC,sensor03,218191466,28.46,67.7,2025-08-20 23:20:06+00:00,33.987093,-81.012498,104.4,6.64,0.4,0.0,10.0,3D,2025-08-20 19:20:06-04:00,POINT (-81.012498 33.987093)
2025-08-20 22:06:15 UTC,sensor03,218191466,28.59,67.82,2025-08-20 23:20:11+00:00,33.986803,-81.01235,105.8,7.35,0.4,0.0,9.0,3D,2025-08-20 19:20:11-04:00,POINT (-81.01235 33.986803)
2025-08-20 22:06:21 UTC,sensor03,218191466,28.56,67.54,2025-08-20 23:20:16+00:00,33.986497,-81.0122,107.4,7.38,0.3,0.0,9.0,3D,2025-08-20 19:20:16-04:00,POINT (-81.0122 33.986497)
2025-08-20 22:06:26 UTC,sensor03,218191466,28.6,67.85,2025-08-20 23:20:21+00:00,33.986225,-81.012102,103.8,7.15,0.3,0.0,4.0,3D,2025-08-20 19:20:21-04:00,POINT (-81.012102 33.986225)
2025-08-20 22:06:31 UTC,sensor03,218191466,28.47,68.49,2025-08-20 23:20:26+00:00,33.9859,-81.011988,105.2,7.04,0.2,0.0,9.0,3D,2025-08-20 19:20:26-04:00,POINT (-81.011988 33.9859)
2025-08-20 22:06:36 UTC,sensor03,218191466,28.47,68.38,2025-08-20 23:20:31+00:00,33.98562,-81.011875,101.8,5.9,-1.9,157.51,9.0,3D,2025-08-20 19:20:31-04:00,POINT (-81.011875 33.98562)
2025-08-20 22:07:31 UTC,sensor03,218191466,29.44,64.86,2025-08-20 23:21:26+00:00,33.985425,-81.011748,98.6,3.83,-0.2,169.81,9.0,3D,2025-08-20 19:21:26-04:00,POINT (-81.011748 33.985425)
2025-08-20 22:07:36 UTC,sensor03,218191466,29.53,64.77,2025-08-20 23:21:29+00:00,33.985305,-81.01171,97.3,4.69,-0.5,160.08,9.0,3D,2025-08-20 19:21:29-04:00,POINT (-81.01171 33.985305)
2025-08-20 22:07:41 UTC,sensor03,218191466,29.55,64.3,2025-08-20 23:21:36+00:00,33.984992,-81.011565,93.8,5.01,-0.5,159.9,9.0,3D,2025-08-20 19:21:36-04:00,POINT (-81.011565 33.984992)
2025-08-20 22:07:46 UTC,sensor03,218191466,29.48,64.32,2025-08-20 23:21:42+00:00,33.984717,-81.011433,91.0,5.44,-0.5,0.0,9.0,3D,2025-08-20 19:21:42-04:00,POINT (-81.011433 33.984717)
2025-08-20 22:07:51 UTC,sensor03,218191466,29.3,64.54,2025-08-20 23:21:47+00:00,33.984483,-81.011315,88.3,6.25,-0.5,0.0,9.0,3D,2025-08-20 19:21:47-04:00,POINT (-81.011315 33.984483)
2025-08-20 22:07:57 UTC,sensor03,218191466,29.09,65.88,2025-08-20 23:21:52+00:00,33.984153,-81.011218,85.2,6.99,-0.8,163.28,9.0,3D,2025-08-20 19:21:52-04:00,POINT (-81.011218 33.984153)
2025-08-20 22:08:07 UTC,sensor03,218191466,28.47,67.87,2025-08-20 23:22:02+00:00,33.983278,-81.010883,84.6,4.2,-0.2,165.78,9.0,3D,2025-08-20 19:22:02-04:00,POINT (-81.010883 33.983278)
2025-08-20 22:08:22 UTC,sensor03,218191466,28.86,66.18,2025-08-20 23:22:17+00:00,33.982027,-81.010295,83.5,4.2,-0.1,154.63,9.0,3D,2025-08-20 19:22:17-04:00,POINT (-81.010295 33.982027)
2025-08-20 22:08:27 UTC,sensor03,218191466,28.99,66.41,2025-08-20 23:22:22+00:00,33.981915,-81.010067,83.6,5.44,0.0,92.92,9.0,3D,2025-08-20 19:22:22-04:00,POINT (-81.010067 33.981915)
2025-08-20 22:08:32 UTC,sensor03,218191466,28.96,66.25,2025-08-20 23:22:27+00:00,33.981853,-81.009792,83.4,5.27,0.0,103.1,9.0,3D,2025-08-20 19:22:27-04:00,POINT (-81.009792 33.981853)
2025-08-20 22:08:37 UTC,sensor03,218191466,28.94,66.36,2025-08-20 23:22:32+00:00,33.98181,-81.009547,83.3,4.96,-0.1,103.81,9.0,3D,2025-08-20 19:22:32-04:00,POINT (-81.009547 33.98181)
2025-08-20 22:08:42 UTC,sensor03,218191466,28.87,66.73,2025-08-20 23:22:37+00:00,33.981758,-81.009278,83.1,4.89,0.0,102.39,9.0,3D,2025-08-20 19:22:37-04:00,POINT (-81.009278 33.981758)
2025-08-20 22:08:47 UTC,sensor03,218191466,28.98,66.82,2025-08-20 23:22:42+00:00,33.981713,-81.009028,83.2,4.52,0.0,101.34,9.0,3D,2025-08-20 19:22:42-04:00,POINT (-81.009028 33.981713)
2025-08-20 22:09:07 UTC,sensor03,218191466,28.62,66.91,2025-08-20 23:23:02+00:00,33.981402,-81.007953,81.8,6.18,-0.1,0.0,9.0,3D,2025-08-20 19:23:02-04:00,POINT (-81.007953 33.981402)
2025-08-20 22:09:22 UTC,sensor03,218191466,28.4,67.68,2025-08-20 23:23:17+00:00,33.980868,-81.006873,81.2,2.31,0.0,121.7,9.0,3D,2025-08-20 19:23:17-04:00,POINT (-81.006873 33.980868)
2025-08-20 22:09:27 UTC,sensor03,218191466,28.4,67.49,2025-08-20 23:23:23+00:00,33.980672,-81.006582,81.0,5.62,0.0,122.51,9.0,3D,2025-08-20 19:23:23-04:00,POINT (-81.006582 33.980672)
2025-08-20 22:09:33 UTC,sensor03,218191466,28.37,67.87,2025-08-20 23:23:28+00:00,33.980485,-81.00614,80.7,8.18,0.0,0.0,9.0,3D,2025-08-20 19:23:28-04:00,POINT (-81.00614 33.980485)
2025-08-20 22:09:53 UTC,sensor03,218191466,28.46,67.51,2025-08-20 23:23:48+00:00,33.979775,-81.004688,80.4,3.0,0.3,117.06,9.0,3D,2025-08-20 19:23:48-04:00,POINT (-81.004688 33.979775)
2025-08-20 22:09:58 UTC,sensor03,218191466,28.5,68.15,2025-08-20 23:23:53+00:00,33.979592,-81.004505,79.1,5.99,0.0,120.2,9.0,3D,2025-08-20 19:23:53-04:00,POINT (-81.004505 33.979592)
2025-08-20 22:10:03 UTC,sensor03,218191466,28.41,69.15,2025-08-20 23:23:58+00:00,33.979442,-81.004168,79.0,6.07,0.1,116.74,9.0,3D,2025-08-20 19:23:58-04:00,POINT (-81.004168 33.979442)
2025-08-20 22:10:08 UTC,sensor03,218191466,28.41,69.23,2025-08-20 23:24:03+00:00,33.9793,-81.003875,79.1,6.21,0.0,118.67,9.0,3D,2025-08-20 19:24:03-04:00,POINT (-81.003875 33.9793)
2025-08-20 22:10:13 UTC,sensor03,218191466,28.34,69.19,2025-08-20 23:24:08+00:00,33.97917,-81.003633,79.2,5.13,0.0,122.3,9.0,3D,2025-08-20 19:24:08-04:00,POINT (-81.003633 33.97917)
2025-08-20 22:10:18 UTC,sensor03,218191466,28.32,69.51,2025-08-20 23:24:13+00:00,33.979022,-81.003333,79.1,5.74,-0.1,120.62,9.0,3D,2025-08-20 19:24:13-04:00,POINT (-81.003333 33.979022)
2025-08-20 22:10:28 UTC,sensor03,218191466,28.4,69.0,2025-08-20 23:24:23+00:00,33.978702,-81.002778,78.3,2.88,0.0,112.68,9.0,3D,2025-08-20 19:24:23-04:00,POINT (-81.002778 33.978702)
2025-08-20 22:10:33 UTC,sensor03,218191466,28.44,68.36,2025-08-20 23:24:28+00:00,33.978602,-81.002495,78.2,5.56,0.0,121.35,9.0,3D,2025-08-20 19:24:28-04:00,POINT (-81.002495 33.978602)
2025-08-20 22:10:38 UTC,sensor03,218191466,28.51,68.14,2025-08-20 23:24:34+00:00,33.978433,-81.00217,76.3,6.14,0.5,0.0,9.0,3D,2025-08-20 19:24:34-04:00,POINT (-81.00217 33.978433)
2025-08-20 22:10:43 UTC,sensor03,218191466,28.54,67.93,2025-08-20 23:24:39+00:00,33.97827,-81.001822,76.9,9.26,-0.1,0.0,9.0,3D,2025-08-20 19:24:39-04:00,POINT (-81.001822 33.97827)
2025-08-20 22:10:48 UTC,sensor03,218191466,28.58,67.99,2025-08-20 23:24:44+00:00,33.978117,-81.001508,76.7,4.67,-0.1,0.0,9.0,3D,2025-08-20 19:24:44-04:00,POINT (-81.001508 33.978117)
2025-08-20 22:10:53 UTC,sensor03,218191466,28.55,67.65,2025-08-20 23:24:49+00:00,33.977915,-81.00145,76.8,4.4,0.1,188.13,9.0,3D,2025-08-20 19:24:49-04:00,POINT (-81.00145 33.977915)
2025-08-20 22:11:14 UTC,sensor03,218191466,28.72,67.53,2025-08-20 23:25:09+00:00,33.976873,-81.001455,76.1,3.84,0.1,133.23,9.0,3D,2025-08-20 19:25:09-04:00,POINT (-81.001455 33.976873)
2025-08-20 22:11:19 UTC,sensor03,218191466,28.77,66.99,2025-08-20 23:25:14+00:00,33.976687,-81.001107,75.9,6.72,0.0,124.71,9.0,3D,2025-08-20 19:25:14-04:00,POINT (-81.001107 33.976687)
2025-08-20 22:11:24 UTC,sensor03,218191466,28.72,66.82,2025-08-20 23:25:19+00:00,33.976513,-81.000823,75.3,6.63,0.0,126.09,9.0,3D,2025-08-20 19:25:19-04:00,POINT (-81.000823 33.976513)
2025-08-20 22:11:29 UTC,sensor03,218191466,28.78,66.68,2025-08-20 23:25:24+00:00,33.976345,-81.000535,74.5,6.4,-0.1,125.18,9.0,3D,2025-08-20 19:25:24-04:00,POINT (-81.000535 33.976345)
2025-08-20 22:11:34 UTC,sensor03,218191466,28.91,67.43,2025-08-20 23:25:29+00:00,33.976168,-81.000242,74.0,6.36,-0.1,126.59,9.0,3D,2025-08-20 19:25:29-04:00,POINT (-81.000242 33.976168)
2025-08-20 22:11:39 UTC,sensor03,218191466,28.87,66.75,2025-08-20 23:25:34+00:00,33.975997,-80.999953,74.2,6.53,0.03,124.06,9.0,3D,2025-08-20 19:25:34-04:00,POINT (-80.999953 33.975997)
2025-08-20 22:11:44 UTC,sensor03,218191466,28.9,67.41,2025-08-20 23:25:39+00:00,33.97584,-80.999705,71.5,6.02,-0.65,122.34,9.0,3D,2025-08-20 19:25:39-04:00,POINT (-80.999705 33.97584)
2025-08-20 22:11:49 UTC,sensor03,218191466,28.93,67.2,2025-08-20 23:25:44+00:00,33.97567,-80.999463,72.0,5.83,0.2,125.93,9.0,3D,2025-08-20 19:25:44-04:00,POINT (-80.999463 33.97567)
2025-08-20 22:11:54 UTC,sensor03,218191466,28.95,67.36,2025-08-20 23:25:49+00:00,33.975522,-80.999217,71.1,5.74,0.2,124.1,9.0,3D,2025-08-20 19:25:49-04:00,POINT (-80.999217 33.975522)
2025-08-20 22:11:59 UTC,sensor03,218191466,28.92,67.07,2025-08-20 23:25:54+00:00,33.975392,-80.998968,66.8,5.22,-1.0,124.69,9.0,3D,2025-08-20 19:25:54-04:00,POINT (-80.998968 33.975392)
2025-08-20 22:12:04 UTC,sensor03,218191466,28.96,67.42,2025-08-20 23:25:59+00:00,33.975262,-80.998728,62.8,5.22,-0.8,126.09,9.0,3D,2025-08-20 19:25:59-04:00,POINT (-80.998728 33.975262)
2025-08-20 22:12:09 UTC,sensor03,218191466,28.8,67.59,2025-08-20 23:26:04+00:00,33.975123,-80.998505,59.2,5.33,-0.8,126.6,9.0,3D,2025-08-20 19:26:04-04:00,POINT (-80.998505 33.975123)
2025-08-20 22:12:14 UTC,sensor03,218191466,28.7,68.01,2025-08-20 23:26:09+00:00,33.974993,-80.998283,55.2,5.2,-0.5,124.98,9.0,3D,2025-08-20 19:26:09-04:00,POINT (-80.998283 33.974993)
2025-08-20 22:12:19 UTC,sensor03,218191466,28.69,68.42,2025-08-20 23:26:14+00:00,33.97485,-80.99805,52.3,5.23,-0.4,125.65,9.0,3D,2025-08-20 19:26:14-04:00,POINT (-80.99805 33.97485)
2025-08-20 22:12:24 UTC,sensor03,218191466,28.64,67.69,2025-08-20 23:26:19+00:00,33.974712,-80.997818,50.8,5.26,0.1,126.86,9.0,3D,2025-08-20 19:26:19-04:00,POINT (-80.997818 33.974712)
2025-08-20 22:12:29 UTC,sensor03,218191466,28.59,69.37,2025-08-20 23:26:25+00:00,33.974545,-80.997543,50.1,4.97,-0.5,0.0,9.0,3D,2025-08-20 19:26:25-04:00,POINT (-80.997543 33.974545)
2025-08-20 22:12:34 UTC,sensor03,218191466,28.42,71.16,2025-08-20 23:26:30+00:00,33.974417,-80.997328,47.3,4.62,-0.4,0.0,9.0,3D,2025-08-20 19:26:30-04:00,POINT (-80.997328 33.974417)
2025-08-20 22:12:39 UTC,sensor03,218191466,28.22,72.33,2025-08-20 23:26:35+00:00,33.974285,-80.997112,46.2,4.87,-0.3,0.0,9.0,3D,2025-08-20 19:26:35-04:00,POINT (-80.997112 33.974285)
2025-08-20 22:12:45 UTC,sensor03,218191466,28.09,72.52,2025-08-20 23:26:40+00:00,33.974145,-80.996875,48.5,5.1,0.3,0.0,9.0,3D,2025-08-20 19:26:40-04:00,POINT (-80.996875 33.974145)
2025-08-20 22:12:50 UTC,sensor03,218191466,28.15,70.85,2025-08-20 23:26:45+00:00,33.974007,-80.99664,50.7,5.23,0.5,0.0,4.0,3D,2025-08-20 19:26:45-04:00,POINT (-80.99664 33.974007)
2025-08-20 22:12:55 UTC,sensor03,218191466,28.04,72.55,2025-08-20 23:26:50+00:00,33.973867,-80.996403,52.8,5.45,0.3,0.0,4.0,3D,2025-08-20 19:26:50-04:00,POINT (-80.996403 33.973867)
2025-08-20 22:13:00 UTC,sensor03,218191466,27.94,73.15,2025-08-20 23:26:55+00:00,33.97372,-80.996148,54.2,5.95,0.5,0.0,9.0,3D,2025-08-20 19:26:55-04:00,POINT (-80.996148 33.97372)
2025-08-20 22:13:05 UTC,sensor03,218191466,27.84,72.53,2025-08-20 23:27:00+00:00,33.973565,-80.995875,55.9,6.41,0.4,0.0,9.0,3D,2025-08-20 19:27:00-04:00,POINT (-80.995875 33.973565)
2025-08-20 22:13:10 UTC,sensor03,218191466,28.05,72.31,2025-08-20 23:27:05+00:00,33.973398,-80.995583,57.5,6.64,0.2,124.76,9.0,3D,2025-08-20 19:27:05-04:00,POINT (-80.995583 33.973398)
2025-08-20 22:13:15 UTC,sensor03,218191466,28.43,70.38,2025-08-20 23:27:10+00:00,33.973228,-80.995293,58.9,6.91,0.4,124.76,9.0,3D,2025-08-20 19:27:10-04:00,POINT (-80.995293 33.973228)
2025-08-20 22:13:20 UTC,sensor03,218191466,28.46,69.86,2025-08-20 23:27:15+00:00,33.973045,-80.994988,61.2,7.07,0.4,125.44,9.0,3D,2025-08-20 19:27:15-04:00,POINT (-80.994988 33.973045)
2025-08-20 22:13:25 UTC,sensor03,218191466,28.54,68.8,2025-08-20 23:27:20+00:00,33.972888,-80.994675,59.6,7.21,-0.1,123.76,9.0,3D,2025-08-20 19:27:20-04:00,POINT (-80.994675 33.972888)
2025-08-20 22:13:30 UTC,sensor03,218191466,28.64,68.43,2025-08-20 23:27:25+00:00,33.972707,-80.994368,60.7,7.21,0.3,125.47,9.0,3D,2025-08-20 19:27:25-04:00,POINT (-80.994368 33.972707)
2025-08-20 22:13:35 UTC,sensor03,218191466,28.76,68.06,2025-08-20 23:27:30+00:00,33.972505,-80.99405,64.3,7.36,0.2,0.0,9.0,3D,2025-08-20 19:27:30-04:00,POINT (-80.99405 33.972505)
2025-08-20 22:13:40 UTC,sensor03,218191466,28.71,67.22,2025-08-20 23:27:34+00:00,33.972373,-80.993783,65.1,7.16,0.2,117.32,9.0,3D,2025-08-20 19:27:34-04:00,POINT (-80.993783 33.972373)
2025-08-20 22:13:45 UTC,sensor03,218191466,28.75,66.98,2025-08-20 23:27:40+00:00,33.972233,-80.99338,63.0,7.0,0.2,105.15,9.0,3D,2025-08-20 19:27:40-04:00,POINT (-80.99338 33.972233)
2025-08-20 22:13:50 UTC,sensor03,218191466,28.81,66.61,2025-08-20 23:27:44+00:00,33.972182,-80.993098,62.4,5.9,-1.1,99.29,9.0,3D,2025-08-20 19:27:44-04:00,POINT (-80.993098 33.972182)
2025-08-20 22:14:00 UTC,sensor03,218191466,29.03,66.15,2025-08-20 23:27:55+00:00,33.971827,-80.993058,61.5,2.98,-0.2,197.12,9.0,3D,2025-08-20 19:27:55-04:00,POINT (-80.993058 33.971827)
2025-08-20 22:14:05 UTC,sensor03,218191466,29.04,66.41,2025-08-20 23:28:00+00:00,33.9716,-80.993082,60.8,6.0,-0.2,184.66,9.0,3D,2025-08-20 19:28:00-04:00,POINT (-80.993082 33.9716)
2025-08-20 22:14:15 UTC,sensor03,218191466,28.81,66.71,2025-08-20 23:28:11+00:00,33.971117,-80.992758,53.9,9.88,0.5,0.0,9.0,3D,2025-08-20 19:28:11-04:00,POINT (-80.992758 33.971117)
2025-08-20 22:14:20 UTC,sensor03,218191466,28.6,67.76,2025-08-20 23:28:16+00:00,33.970917,-80.9924,57.7,9.8,0.2,0.0,9.0,3D,2025-08-20 19:28:16-04:00,POINT (-80.9924 33.970917)
2025-08-20 22:14:25 UTC,sensor03,218191466,28.54,68.09,2025-08-20 23:28:21+00:00,33.970705,-80.99203,60.0,7.95,0.4,123.32,9.0,3D,2025-08-20 19:28:21-04:00,POINT (-80.99203 33.970705)
2025-08-20 22:14:30 UTC,sensor03,218191466,28.63,67.54,2025-08-20 23:28:26+00:00,33.970522,-80.991697,61.4,6.83,0.3,120.83,9.0,3D,2025-08-20 19:28:26-04:00,POINT (-80.991697 33.970522)
2025-08-20 22:14:36 UTC,sensor03,218191466,28.75,66.72,2025-08-20 23:28:31+00:00,33.970355,-80.99136,61.8,6.53,0.0,122.75,9.0,3D,2025-08-20 19:28:31-04:00,POINT (-80.99136 33.970355)
2025-08-20 22:14:41 UTC,sensor03,218191466,28.74,66.59,2025-08-20 23:28:36+00:00,33.970202,-80.991055,61.9,6.35,0.0,118.9,9.0,3D,2025-08-20 19:28:36-04:00,POINT (-80.991055 33.970202)
2025-08-20 22:14:46 UTC,sensor03,218191466,28.78,66.52,2025-08-20 23:28:41+00:00,33.97004,-80.990727,62.1,6.34,0.1,118.32,9.0,3D,2025-08-20 19:28:41-04:00,POINT (-80.990727 33.97004)
2025-08-20 22:14:51 UTC,sensor03,218191466,28.75,66.4,2025-08-20 23:28:46+00:00,33.969882,-80.990405,62.7,5.93,0.1,124.92,9.0,3D,2025-08-20 19:28:46-04:00,POINT (-80.990405 33.969882)
2025-08-20 22:14:56 UTC,sensor03,218191466,28.64,66.68,2025-08-20 23:28:51+00:00,33.969725,-80.990112,62.4,5.93,0.0,121.8,9.0,3D,2025-08-20 19:28:51-04:00,POINT (-80.990112 33.969725)
2025-08-20 22:15:01 UTC,sensor03,218191466,28.6,66.74,2025-08-20 23:28:56+00:00,33.96957,-80.989817,62.2,5.8,0.0,122.99,9.0,3D,2025-08-20 19:28:56-04:00,POINT (-80.989817 33.96957)
2025-08-20 22:15:16 UTC,sensor03,218191466,28.6,67.08,2025-08-20 23:29:11+00:00,33.969935,-80.98936,61.2,3.44,-0.3,355.92,9.0,3D,2025-08-20 19:29:11-04:00,POINT (-80.98936 33.969935)
2025-08-20 22:15:21 UTC,sensor03,218191466,28.56,67.49,2025-08-20 23:29:16+00:00,33.970103,-80.989373,61.1,3.54,0.1,11.47,9.0,3D,2025-08-20 19:29:16-04:00,POINT (-80.989373 33.970103)
2025-08-20 22:15:26 UTC,sensor03,218191466,28.64,67.75,2025-08-20 23:29:21+00:00,33.97028,-80.989367,60.9,4.07,-0.1,3.13,9.0,3D,2025-08-20 19:29:21-04:00,POINT (-80.989367 33.97028)
2025-08-20 22:15:31 UTC,sensor03,218191466,28.62,67.52,2025-08-20 23:29:26+00:00,33.97047,-80.989337,60.8,3.52,0.0,10.18,9.0,3D,2025-08-20 19:29:26-04:00,POINT (-80.989337 33.97047)
2025-08-20 22:15:36 UTC,sensor03,218191466,28.61,66.78,2025-08-20 23:29:30+00:00,33.970628,-80.989302,60.8,3.52,0.0,18.38,9.0,3D,2025-08-20 19:29:30-04:00,POINT (-80.989302 33.970628)
2025-08-20 22:15:41 UTC,sensor03,218191466,28.66,67.02,2025-08-20 23:29:36+00:00,33.970878,-80.989272,61.0,4.44,0.0,0.0,9.0,3D,2025-08-20 19:29:36-04:00,POINT (-80.989272 33.970878)
2025-08-20 22:15:46 UTC,sensor03,218191466,28.65,67.79,2025-08-20 23:29:36+00:00,33.970878,-80.989272,61.0,4.44,0.0,0.0,9.0,3D,2025-08-20 19:29:36-04:00,POINT (-80.989272 33.970878)
2025-08-20 22:15:51 UTC,sensor03,218191466,28.61,67.62,2025-08-20 23:29:46+00:00,33.971052,-80.989118,60.5,2.46,0.0,131.42,9.0,3D,2025-08-20 19:29:46-04:00,POINT (-80.989118 33.971052)
2025-08-20 22:21:29 UTC,sensor03,218191466,28.69,67.43,2025-08-20 23:35:24+00:00,33.971103,-80.989325,50.5,3.65,0.0,297.78,9.0,3D,2025-08-20 19:35:24-04:00,POINT (-80.989325 33.971103)
2025-08-20 22:21:34 UTC,sensor03,218191466,28.55,67.8,2025-08-20 23:35:29+00:00,33.971188,-80.989498,50.4,3.68,0.0,295.42,9.0,3D,2025-08-20 19:35:29-04:00,POINT (-80.989498 33.971188)
2025-08-20 22:21:39 UTC,sensor03,218191466,28.28,68.62,2025-08-20 23:35:35+00:00,33.97134,-80.989762,50.1,5.06,-0.05,0.0,9.0,3D,2025-08-20 19:35:35-04:00,POINT (-80.989762 33.97134)
2025-08-20 22:21:44 UTC,sensor03,218191466,28.37,68.72,2025-08-20 23:35:40+00:00,33.971455,-80.989975,49.3,4.8,-0.17,0.0,9.0,3D,2025-08-20 19:35:40-04:00,POINT (-80.989975 33.971455)
2025-08-20 22:21:49 UTC,sensor03,218191466,28.45,68.01,2025-08-20 23:35:45+00:00,33.971647,-80.990182,48.7,5.45,-0.2,0.0,9.0,3D,2025-08-20 19:35:45-04:00,POINT (-80.990182 33.971647)
2025-08-20 22:21:55 UTC,sensor03,218191466,28.55,67.7,2025-08-20 23:35:50+00:00,33.971898,-80.990163,48.3,5.49,-0.1,2.78,9.0,3D,2025-08-20 19:35:50-04:00,POINT (-80.990163 33.971898)
2025-08-20 22:22:00 UTC,sensor03,218191466,28.64,66.27,2025-08-20 23:35:55+00:00,33.972133,-80.990145,47.8,4.95,-0.1,5.07,9.0,3D,2025-08-20 19:35:55-04:00,POINT (-80.990145 33.972133)
2025-08-20 22:22:05 UTC,sensor03,218191466,28.69,66.2,2025-08-20 23:36:00+00:00,33.972353,-80.99013,47.3,4.15,-0.1,7.73,9.0,3D,2025-08-20 19:36:00-04:00,POINT (-80.99013 33.972353)
2025-08-20 22:22:10 UTC,sensor03,218191466,28.78,66.41,2025-08-20 23:36:05+00:00,33.972572,-80.990105,47.2,4.51,-0.1,8.94,9.0,3D,2025-08-20 19:36:05-04:00,POINT (-80.990105 33.972572)
2025-08-20 22:22:15 UTC,sensor03,218191466,28.85,66.21,2025-08-20 23:36:10+00:00,33.972822,-80.99008,46.8,5.99,-0.3,2.5,9.0,3D,2025-08-20 19:36:10-04:00,POINT (-80.99008 33.972822)
2025-08-20 22:22:20 UTC,sensor03,218191466,28.8,66.26,2025-08-20 23:36:15+00:00,33.973102,-80.99005,46.2,6.31,-0.2,5.85,9.0,3D,2025-08-20 19:36:15-04:00,POINT (-80.99005 33.973102)
2025-08-20 22:22:25 UTC,sensor03,218191466,28.78,66.94,2025-08-20 23:36:20+00:00,33.973385,-80.990015,45.5,6.32,0.0,6.85,9.0,3D,2025-08-20 19:36:20-04:00,POINT (-80.990015 33.973385)
2025-08-20 22:22:30 UTC,sensor03,218191466,28.68,66.87,2025-08-20 23:36:25+00:00,33.973665,-80.989983,46.2,5.73,0.3,2.33,9.0,3D,2025-08-20 19:36:25-04:00,POINT (-80.989983 33.973665)
2025-08-20 22:22:35 UTC,sensor03,218191466,28.58,66.52,2025-08-20 23:36:30+00:00,33.97394,-80.989972,47.4,5.59,0.2,2.73,9.0,3D,2025-08-20 19:36:30-04:00,POINT (-80.989972 33.97394)
2025-08-20 22:22:40 UTC,sensor03,218191466,28.54,66.96,2025-08-20 23:36:35+00:00,33.974158,-80.990053,48.3,4.98,0.1,319.33,9.0,3D,2025-08-20 19:36:35-04:00,POINT (-80.990053 33.974158)
2025-08-20 22:22:45 UTC,sensor03,218191466,28.46,67.43,2025-08-20 23:36:40+00:00,33.974285,-80.990302,49.0,5.49,0.1,297.65,9.0,3D,2025-08-20 19:36:40-04:00,POINT (-80.990302 33.974285)
2025-08-20 22:22:50 UTC,sensor03,218191466,28.36,67.69,2025-08-20 23:36:45+00:00,33.974412,-80.990552,49.6,5.23,0.2,299.88,9.0,3D,2025-08-20 19:36:45-04:00,POINT (-80.990552 33.974412)
2025-08-20 22:22:55 UTC,sensor03,218191466,28.19,69.73,2025-08-20 23:36:50+00:00,33.974598,-80.990875,50.6,6.93,0.3,301.11,9.0,3D,2025-08-20 19:36:50-04:00,POINT (-80.990875 33.974598)
2025-08-20 22:23:00 UTC,sensor03,218191466,28.19,69.83,2025-08-20 23:36:55+00:00,33.974763,-80.9912,51.6,6.69,0.2,303.96,9.0,3D,2025-08-20 19:36:55-04:00,POINT (-80.9912 33.974763)
2025-08-20 22:23:15 UTC,sensor03,218191466,28.51,66.99,2025-08-20 23:37:11+00:00,33.975305,-80.992185,52.6,6.05,0.1,0.0,9.0,3D,2025-08-20 19:37:11-04:00,POINT (-80.992185 33.975305)
2025-08-20 22:23:20 UTC,sensor03,218191466,28.51,67.17,2025-08-20 23:37:16+00:00,33.975433,-80.992442,52.7,4.94,0.0,0.0,9.0,3D,2025-08-20 19:37:16-04:00,POINT (-80.992442 33.975433)
2025-08-20 22:23:25 UTC,sensor03,218191466,28.47,67.72,2025-08-20 23:37:21+00:00,33.975615,-80.992555,52.6,5.37,0.0,0.0,9.0,3D,2025-08-20 19:37:21-04:00,POINT (-80.992555 33.975615)
2025-08-20 22:23:30 UTC,sensor03,218191466,28.49,67.29,2025-08-20 23:37:26+00:00,33.975882,-80.992533,52.4,5.47,0.0,356.76,9.0,3D,2025-08-20 19:37:26-04:00,POINT (-80.992533 33.975882)
2025-08-20 22:23:36 UTC,sensor03,218191466,28.5,67.55,2025-08-20 23:37:31+00:00,33.976138,-80.992512,52.4,5.09,0.0,9.33,9.0,3D,2025-08-20 19:37:31-04:00,POINT (-80.992512 33.976138)
2025-08-20 22:23:41 UTC,sensor03,218191466,28.41,68.05,2025-08-20 23:37:36+00:00,33.976402,-80.992483,52.5,5.33,0.03,4.14,8.0,3D,2025-08-20 19:37:36-04:00,POINT (-80.992483 33.976402)
2025-08-20 22:23:46 UTC,sensor03,218191466,28.31,68.25,2025-08-20 23:37:41+00:00,33.976655,-80.992435,52.7,5.4,0.05,1.54,9.0,3D,2025-08-20 19:37:41-04:00,POINT (-80.992435 33.976655)
2025-08-20 22:23:51 UTC,sensor03,218191466,28.27,68.29,2025-08-20 23:37:46+00:00,33.976852,-80.992397,53.6,4.63,0.1,6.75,9.0,3D,2025-08-20 19:37:46-04:00,POINT (-80.992397 33.976852)
2025-08-20 22:23:56 UTC,sensor03,218191466,28.26,68.31,2025-08-20 23:37:51+00:00,33.977063,-80.99237,53.8,4.91,0.1,359.01,9.0,3D,2025-08-20 19:37:51-04:00,POINT (-80.99237 33.977063)
2025-08-20 22:24:01 UTC,sensor03,218191466,28.27,68.34,2025-08-20 23:37:56+00:00,33.977295,-80.99233,54.1,6.11,0.1,6.91,9.0,3D,2025-08-20 19:37:56-04:00,POINT (-80.99233 33.977295)
2025-08-20 22:24:06 UTC,sensor03,218191466,28.27,68.78,2025-08-20 23:38:01+00:00,33.977578,-80.99228,54.5,6.35,0.1,7.34,9.0,3D,2025-08-20 19:38:01-04:00,POINT (-80.99228 33.977578)
2025-08-20 22:24:11 UTC,sensor03,218191466,28.32,68.43,2025-08-20 23:38:06+00:00,33.977847,-80.992238,54.8,5.54,0.0,8.75,9.0,3D,2025-08-20 19:38:06-04:00,POINT (-80.992238 33.977847)
2025-08-20 22:24:16 UTC,sensor03,218191466,28.38,67.96,2025-08-20 23:38:11+00:00,33.978108,-80.992193,55.4,5.15,0.1,3.58,9.0,3D,2025-08-20 19:38:11-04:00,POINT (-80.992193 33.978108)
2025-08-20 22:24:21 UTC,sensor03,218191466,28.48,68.21,2025-08-20 23:38:16+00:00,33.978425,-80.992163,55.2,6.52,0.1,3.24,9.0,3D,2025-08-20 19:38:16-04:00,POINT (-80.992163 33.978425)
2025-08-20 22:24:26 UTC,sensor03,218191466,28.46,67.5,2025-08-20 23:38:21+00:00,33.97873,-80.992132,55.5,6.36,0.0,5.17,9.0,3D,2025-08-20 19:38:21-04:00,POINT (-80.992132 33.97873)
2025-08-20 22:24:31 UTC,sensor03,218191466,28.36,67.53,2025-08-20 23:38:26+00:00,33.979027,-80.992105,56.0,6.11,0.2,2.52,9.0,3D,2025-08-20 19:38:26-04:00,POINT (-80.992105 33.979027)
2025-08-20 22:24:36 UTC,sensor03,218191466,28.22,68.91,2025-08-20 23:38:31+00:00,33.97932,-80.992147,56.7,6.26,0.2,341.07,9.0,3D,2025-08-20 19:38:31-04:00,POINT (-80.992147 33.97932)
2025-08-20 22:24:41 UTC,sensor03,218191466,28.23,69.55,2025-08-20 23:38:36+00:00,33.97956,-80.99229,57.5,5.33,0.1,331.64,9.0,3D,2025-08-20 19:38:36-04:00,POINT (-80.99229 33.97956)
2025-08-20 22:24:46 UTC,sensor03,218191466,28.26,68.89,2025-08-20 23:38:41+00:00,33.979698,-80.992498,57.6,4.91,0.0,282.83,9.0,3D,2025-08-20 19:38:41-04:00,POINT (-80.992498 33.979698)
2025-08-20 22:24:51 UTC,sensor03,218191466,28.13,68.99,2025-08-20 23:38:46+00:00,33.979545,-80.992662,55.7,5.85,-1.5,208.6,9.0,3D,2025-08-20 19:38:46-04:00,POINT (-80.992662 33.979545)
2025-08-20 22:24:56 UTC,sensor03,218191466,28.2,69.32,2025-08-20 23:38:51+00:00,33.979277,-80.992797,53.6,6.66,-0.1,202.18,9.0,3D,2025-08-20 19:38:51-04:00,POINT (-80.992797 33.979277)
2025-08-20 22:25:01 UTC,sensor03,218191466,28.04,69.83,2025-08-20 23:38:56+00:00,33.97901,-80.992957,53.1,6.64,-0.1,201.8,9.0,3D,2025-08-20 19:38:56-04:00,POINT (-80.992957 33.97901)
2025-08-20 22:25:11 UTC,sensor03,218191466,28.04,69.46,2025-08-20 23:39:07+00:00,33.978687,-80.993343,51.4,2.81,0.2,0.0,9.0,3D,2025-08-20 19:39:07-04:00,POINT (-80.993343 33.978687)
2025-08-20 22:25:16 UTC,sensor03,218191466,28.05,69.76,2025-08-20 23:39:12+00:00,33.978817,-80.993492,52.1,2.87,0.1,0.0,9.0,3D,2025-08-20 19:39:12-04:00,POINT (-80.993492 33.978817)
2025-08-20 22:25:21 UTC,sensor03,218191466,28.05,70.08,2025-08-20 23:39:17+00:00,33.978893,-80.99366,52.5,4.69,0.1,0.0,9.0,3D,2025-08-20 19:39:17-04:00,POINT (-80.99366 33.978893)
2025-08-20 22:25:26 UTC,sensor03,218191466,28.09,69.73,2025-08-20 23:39:22+00:00,33.979065,-80.993875,52.9,4.35,0.1,304.95,9.0,3D,2025-08-20 19:39:22-04:00,POINT (-80.993875 33.979065)
2025-08-20 22:25:31 UTC,sensor03,218191466,28.05,68.92,2025-08-20 23:39:27+00:00,33.979162,-80.994093,52.7,5.26,0.0,300.41,9.0,3D,2025-08-20 19:39:27-04:00,POINT (-80.994093 33.979162)
2025-08-20 22:25:37 UTC,sensor03,218191466,28.03,69.17,2025-08-20 23:39:32+00:00,33.979263,-80.994298,52.7,4.8,-0.1,304.3,9.0,3D,2025-08-20 19:39:32-04:00,POINT (-80.994298 33.979263)
2025-08-20 22:25:42 UTC,sensor03,218191466,27.97,69.97,2025-08-20 23:39:37+00:00,33.979432,-80.994575,52.6,6.4,-0.03,302.77,9.0,3D,2025-08-20 19:39:37-04:00,POINT (-80.994575 33.979432)
2025-08-20 22:25:47 UTC,sensor03,218191466,28.01,69.51,2025-08-20 23:39:38+00:00,33.979473,-80.994643,52.7,6.9,0.1,298.49,9.0,3D,2025-08-20 19:39:38-04:00,POINT (-80.994643 33.979473)
2025-08-20 22:25:52 UTC,sensor03,218191466,27.99,69.67,2025-08-20 23:39:47+00:00,33.979732,-80.99521,53.7,6.18,0.1,300.63,9.0,3D,2025-08-20 19:39:47-04:00,POINT (-80.99521 33.979732)
2025-08-20 22:25:57 UTC,sensor03,218191466,28.03,69.74,2025-08-20 23:39:52+00:00,33.979865,-80.995545,55.1,6.77,0.2,299.85,9.0,3D,2025-08-20 19:39:52-04:00,POINT (-80.995545 33.979865)
2025-08-20 22:26:02 UTC,sensor03,218191466,28.03,69.47,2025-08-20 23:39:57+00:00,33.980028,-80.995853,55.7,6.8,0.1,302.7,9.0,3D,2025-08-20 19:39:57-04:00,POINT (-80.995853 33.980028)
2025-08-20 22:26:07 UTC,sensor03,218191466,28.04,69.6,2025-08-20 23:40:02+00:00,33.980202,-80.996177,56.4,6.77,0.2,298.43,9.0,3D,2025-08-20 19:40:02-04:00,POINT (-80.996177 33.980202)
2025-08-20 22:26:12 UTC,sensor03,218191466,28.1,70.0,2025-08-20 23:40:07+00:00,33.980355,-80.996503,57.6,6.35,0.1,298.34,9.0,3D,2025-08-20 19:40:07-04:00,POINT (-80.996503 33.980355)
2025-08-20 22:26:17 UTC,sensor03,218191466,28.02,70.03,2025-08-20 23:40:12+00:00,33.980495,-80.996783,58.4,6.35,0.1,298.78,9.0,3D,2025-08-20 19:40:12-04:00,POINT (-80.996783 33.980495)
2025-08-20 22:26:22 UTC,sensor03,218191466,28.0,70.03,2025-08-20 23:40:17+00:00,33.980657,-80.997088,59.1,6.79,0.2,300.88,9.0,3D,2025-08-20 19:40:17-04:00,POINT (-80.997088 33.980657)
2025-08-20 22:26:27 UTC,sensor03,218191466,28.05,69.97,2025-08-20 23:40:22+00:00,33.980752,-80.99739,61.1,5.79,0.2,294.2,9.0,3D,2025-08-20 19:40:22-04:00,POINT (-80.99739 33.980752)
2025-08-20 22:26:32 UTC,sensor03,218191466,28.0,69.93,2025-08-20 23:40:27+00:00,33.980873,-80.997662,61.8,5.99,0.1,300.67,9.0,3D,2025-08-20 19:40:27-04:00,POINT (-80.997662 33.980873)
2025-08-20 22:26:37 UTC,sensor03,218191466,27.99,70.31,2025-08-20 23:40:32+00:00,33.981128,-80.998045,64.2,5.58,0.4,298.87,9.0,3D,2025-08-20 19:40:32-04:00,POINT (-80.998045 33.981128)
2025-08-20 22:26:42 UTC,sensor03,218191466,28.07,69.62,2025-08-20 23:40:37+00:00,33.981258,-80.998263,65.9,5.37,0.3,307.3,9.0,3D,2025-08-20 19:40:37-04:00,POINT (-80.998263 33.981258)
2025-08-20 22:26:47 UTC,sensor03,218191466,28.07,69.11,2025-08-20 23:40:42+00:00,33.981407,-80.998412,67.1,4.81,0.3,342.51,9.0,3D,2025-08-20 19:40:42-04:00,POINT (-80.998412 33.981407)
2025-08-20 22:26:52 UTC,sensor03,218191466,28.06,69.2,2025-08-20 23:40:47+00:00,33.981618,-80.998508,68.1,5.04,0.2,340.05,9.0,3D,2025-08-20 19:40:47-04:00,POINT (-80.998508 33.981618)
2025-08-20 22:26:57 UTC,sensor03,218191466,28.14,69.51,2025-08-20 23:40:52+00:00,33.981792,-80.99869,68.8,4.95,0.1,291.79,9.0,3D,2025-08-20 19:40:52-04:00,POINT (-80.99869 33.981792)
2025-08-20 22:27:02 UTC,sensor03,218191466,28.13,69.23,2025-08-20 23:40:57+00:00,33.981807,-80.99897,70.0,4.25,0.1,255.65,9.0,3D,2025-08-20 19:40:57-04:00,POINT (-80.99897 33.981807)
2025-08-20 22:27:07 UTC,sensor03,218191466,28.12,69.04,2025-08-20 23:41:02+00:00,33.98181,-80.999185,71.9,3.07,0.3,238.1,9.0,3D,2025-08-20 19:41:02-04:00,POINT (-80.999185 33.98181)
2025-08-20 22:27:12 UTC,sensor03,218191466,28.02,69.44,2025-08-20 23:41:07+00:00,33.981797,-80.999398,73.2,4.87,0.3,258.17,9.0,3D,2025-08-20 19:41:07-04:00,POINT (-80.999398 33.981797)
2025-08-20 22:27:17 UTC,sensor03,218191466,27.93,70.36,2025-08-20 23:41:12+00:00,33.981727,-80.9997,75.3,5.75,0.3,252.54,10.0,3D,2025-08-20 19:41:12-04:00,POINT (-80.9997 33.981727)
2025-08-20 22:27:22 UTC,sensor03,218191466,27.84,70.76,2025-08-20 23:41:17+00:00,33.981623,-81.000027,77.7,5.56,0.4,255.19,10.0,3D,2025-08-20 19:41:17-04:00,POINT (-81.000027 33.981623)
2025-08-20 22:27:27 UTC,sensor03,218191466,27.62,71.82,2025-08-20 23:41:23+00:00,33.98153,-81.000393,79.6,6.26,0.2,0.0,10.0,3D,2025-08-20 19:41:23-04:00,POINT (-81.000393 33.98153)
2025-08-20 22:27:32 UTC,sensor03,218191466,27.84,70.98,2025-08-20 23:41:28+00:00,33.98154,-81.00066,80.3,4.62,0.3,0.0,10.0,3D,2025-08-20 19:41:28-04:00,POINT (-81.00066 33.98154)
2025-08-20 22:27:38 UTC,sensor03,218191466,27.97,69.7,2025-08-20 23:41:33+00:00,33.981757,-81.000808,82.8,6.04,0.3,0.0,10.0,3D,2025-08-20 19:41:33-04:00,POINT (-81.000808 33.981757)
2025-08-20 22:27:43 UTC,sensor03,218191466,28.17,69.15,2025-08-20 23:41:37+00:00,33.981955,-81.000928,84.1,6.02,0.33,335.49,10.0,3D,2025-08-20 19:41:37-04:00,POINT (-81.000928 33.981955)
2025-08-20 22:27:48 UTC,sensor03,218191466,28.22,68.62,2025-08-20 23:41:43+00:00,33.982292,-81.001068,85.9,6.81,0.3,344.73,10.0,3D,2025-08-20 19:41:43-04:00,POINT (-81.001068 33.982292)
2025-08-20 22:27:53 UTC,sensor03,218191466,28.26,68.66,2025-08-20 23:41:48+00:00,33.982593,-81.001152,88.0,6.51,0.5,352.19,10.0,3D,2025-08-20 19:41:48-04:00,POINT (-81.001152 33.982593)
2025-08-20 22:27:58 UTC,sensor03,218191466,28.33,68.79,2025-08-20 23:41:53+00:00,33.982883,-81.0012,90.0,5.59,0.4,357.97,10.0,3D,2025-08-20 19:41:53-04:00,POINT (-81.0012 33.982883)
2025-08-20 22:28:03 UTC,sensor03,218191466,28.34,68.07,2025-08-20 23:41:58+00:00,33.98317,-81.001218,91.1,6.49,0.3,358.15,10.0,3D,2025-08-20 19:41:58-04:00,POINT (-81.001218 33.98317)
2025-08-20 22:28:08 UTC,sensor03,218191466,28.32,67.95,2025-08-20 23:42:03+00:00,33.983457,-81.00125,90.9,6.13,0.0,356.13,10.0,3D,2025-08-20 19:42:03-04:00,POINT (-81.00125 33.983457)
2025-08-20 22:28:13 UTC,sensor03,218191466,28.28,67.6,2025-08-20 23:42:08+00:00,33.983762,-81.001312,89.6,5.84,-0.7,357.29,10.0,3D,2025-08-20 19:42:08-04:00,POINT (-81.001312 33.983762)
2025-08-20 22:28:18 UTC,sensor03,218191466,28.25,67.83,2025-08-20 23:42:13+00:00,33.984023,-81.001328,91.1,5.45,0.4,358.57,10.0,3D,2025-08-20 19:42:13-04:00,POINT (-81.001328 33.984023)
2025-08-20 22:28:23 UTC,sensor03,218191466,28.28,67.95,2025-08-20 23:42:18+00:00,33.984303,-81.001365,93.3,6.34,0.5,354.94,10.0,3D,2025-08-20 19:42:18-04:00,POINT (-81.001365 33.984303)
2025-08-20 22:28:28 UTC,sensor03,218191466,28.16,68.46,2025-08-20 23:42:23+00:00,33.984578,-81.001392,95.6,5.69,0.4,357.3,10.0,3D,2025-08-20 19:42:23-04:00,POINT (-81.001392 33.984578)
2025-08-20 22:28:33 UTC,sensor03,218191466,28.05,68.86,2025-08-20 23:42:28+00:00,33.984847,-81.001408,98.0,5.63,0.4,355.88,10.0,3D,2025-08-20 19:42:28-04:00,POINT (-81.001408 33.984847)
2025-08-20 22:28:38 UTC,sensor03,218191466,27.93,69.54,2025-08-20 23:42:33+00:00,33.985103,-81.001428,100.3,5.53,0.3,356.23,10.0,3D,2025-08-20 19:42:33-04:00,POINT (-81.001428 33.985103)
2025-08-20 22:28:43 UTC,sensor03,218191466,27.99,70.82,2025-08-20 23:42:38+00:00,33.985352,-81.001465,101.9,5.88,0.3,354.09,10.0,3D,2025-08-20 19:42:38-04:00,POINT (-81.001465 33.985352)
2025-08-20 22:28:48 UTC,sensor03,218191466,28.13,68.89,2025-08-20 23:42:43+00:00,33.985712,-81.00153,100.7,6.36,0.5,351.41,10.0,3D,2025-08-20 19:42:43-04:00,POINT (-81.00153 33.985712)
2025-08-20 22:28:53 UTC,sensor03,218191466,28.23,68.12,2025-08-20 23:42:48+00:00,33.986,-81.00157,102.4,6.9,0.3,356.25,10.0,3D,2025-08-20 19:42:48-04:00,POINT (-81.00157 33.986)
2025-08-20 22:28:58 UTC,sensor03,218191466,28.46,67.64,2025-08-20 23:42:53+00:00,33.986335,-81.001613,102.2,7.9,0.3,353.41,10.0,3D,2025-08-20 19:42:53-04:00,POINT (-81.001613 33.986335)
2025-08-20 22:29:03 UTC,sensor03,218191466,28.66,67.61,2025-08-20 23:42:58+00:00,33.986757,-81.001713,99.4,8.88,0.1,356.48,10.0,3D,2025-08-20 19:42:58-04:00,POINT (-81.001713 33.986757)
2025-08-20 22:29:08 UTC,sensor03,218191466,28.59,67.29,2025-08-20 23:43:03+00:00,33.987068,-81.001732,101.3,7.55,0.5,352.48,10.0,3D,2025-08-20 19:43:03-04:00,POINT (-81.001732 33.987068)
2025-08-20 22:29:13 UTC,sensor03,218191466,28.56,67.08,2025-08-20 23:43:08+00:00,33.987367,-81.001752,103.6,6.91,0.7,358.52,10.0,3D,2025-08-20 19:43:08-04:00,POINT (-81.001752 33.987367)
2025-08-20 22:29:18 UTC,sensor03,218191466,28.74,66.76,2025-08-20 23:43:14+00:00,33.987722,-81.001757,102.9,5.44,0.6,0.0,10.0,3D,2025-08-20 19:43:14-04:00,POINT (-81.001757 33.987722)
2025-08-20 22:29:24 UTC,sensor03,218191466,28.71,66.48,2025-08-20 23:43:19+00:00,33.988002,-81.001818,103.6,6.08,0.3,0.0,10.0,3D,2025-08-20 19:43:19-04:00,POINT (-81.001818 33.988002)
2025-08-20 22:29:29 UTC,sensor03,218191466,28.64,66.9,2025-08-20 23:43:24+00:00,33.988285,-81.001897,105.0,6.8,0.4,356.65,10.0,3D,2025-08-20 19:43:24-04:00,POINT (-81.001897 33.988285)
2025-08-20 22:29:34 UTC,sensor03,218191466,28.39,67.88,2025-08-20 23:43:29+00:00,33.988582,-81.00191,105.9,6.26,0.4,7.75,10.0,3D,2025-08-20 19:43:29-04:00,POINT (-81.00191 33.988582)
2025-08-20 22:29:39 UTC,sensor03,218191466,28.27,68.22,2025-08-20 23:43:34+00:00,33.98886,-81.001875,105.2,5.9,0.3,8.36,10.0,3D,2025-08-20 19:43:34-04:00,POINT (-81.001875 33.98886)
2025-08-20 22:29:44 UTC,sensor03,218191466,28.4,68.58,2025-08-20 23:43:38+00:00,33.989045,-81.001847,104.8,5.19,-0.1,5.89,10.0,3D,2025-08-20 19:43:38-04:00,POINT (-81.001847 33.989045)
2025-08-20 22:29:49 UTC,sensor03,218191466,28.35,67.91,2025-08-20 23:43:44+00:00,33.989275,-81.001805,104.4,3.48,-0.6,22.34,10.0,3D,2025-08-20 19:43:44-04:00,POINT (-81.001805 33.989275)
2025-08-20 22:29:54 UTC,sensor03,218191466,28.41,68.02,2025-08-20 23:43:49+00:00,33.989437,-81.001988,102.6,4.24,-1.2,281.42,10.0,3D,2025-08-20 19:43:49-04:00,POINT (-81.001988 33.989437)
2025-08-20 22:29:59 UTC,sensor03,218191466,28.33,67.87,2025-08-20 23:43:54+00:00,33.989475,-81.002285,103.3,6.1,0.1,268.84,10.0,3D,2025-08-20 19:43:54-04:00,POINT (-81.002285 33.989475)
2025-08-20 22:30:04 UTC,sensor03,218191466,28.35,68.25,2025-08-20 23:43:59+00:00,33.98952,-81.00265,97.6,6.59,-1.4,277.08,10.0,3D,2025-08-20 19:43:59-04:00,POINT (-81.00265 33.98952)
2025-08-20 22:30:09 UTC,sensor03,218191466,28.18,68.77,2025-08-20 23:44:04+00:00,33.989565,-81.003028,97.2,6.76,0.2,270.26,10.0,3D,2025-08-20 19:44:04-04:00,POINT (-81.003028 33.989565)
2025-08-20 22:30:14 UTC,sensor03,218191466,28.11,69.55,2025-08-20 23:44:09+00:00,33.989632,-81.003402,97.5,6.49,0.1,277.06,10.0,3D,2025-08-20 19:44:09-04:00,POINT (-81.003402 33.989632)
2025-08-20 22:30:24 UTC,sensor03,218191466,28.14,68.47,2025-08-20 23:44:19+00:00,33.989898,-81.004282,110.6,8.19,-5.4,0.0,10.0,3D,2025-08-20 19:44:19-04:00,POINT (-81.004282 33.989898)
2025-08-20 22:30:29 UTC,sensor03,218191466,28.09,68.66,2025-08-20 23:44:24+00:00,33.989778,-81.004498,102.8,4.15,-1.7,267.03,10.0,3D,2025-08-20 19:44:24-04:00,POINT (-81.004498 33.989778)
2025-08-20 22:30:34 UTC,sensor03,218191466,28.06,68.92,2025-08-20 23:44:29+00:00,33.989775,-81.00482,96.9,6.56,-0.9,277.17,10.0,3D,2025-08-20 19:44:29-04:00,POINT (-81.00482 33.989775)
2025-08-20 22:30:39 UTC,sensor03,218191466,28.05,68.98,2025-08-20 23:44:34+00:00,33.9898,-81.005225,93.8,7.05,-0.4,277.88,10.0,3D,2025-08-20 19:44:34-04:00,POINT (-81.005225 33.9898)
2025-08-20 22:30:44 UTC,sensor03,218191466,28.07,68.85,2025-08-20 23:44:39+00:00,33.989828,-81.005578,92.7,5.66,-0.1,282.1,10.0,3D,2025-08-20 19:44:39-04:00,POINT (-81.005578 33.989828)
2025-08-20 22:30:49 UTC,sensor03,218191466,28.09,68.76,2025-08-20 23:44:44+00:00,33.989828,-81.005892,92.8,5.9,0.2,274.78,10.0,3D,2025-08-20 19:44:44-04:00,POINT (-81.005892 33.989828)
2025-08-20 22:30:54 UTC,sensor03,218191466,28.16,68.46,2025-08-20 23:44:49+00:00,33.989865,-81.006207,93.7,5.28,0.2,289.78,10.0,3D,2025-08-20 19:44:49-04:00,POINT (-81.006207 33.989865)
2025-08-20 22:30:59 UTC,sensor03,218191466,28.24,68.47,2025-08-20 23:44:54+00:00,33.990023,-81.006293,92.6,4.53,-0.4,9.99,10.0,3D,2025-08-20 19:44:54-04:00,POINT (-81.006293 33.990023)
2025-08-20 22:31:04 UTC,sensor03,218191466,28.27,68.95,2025-08-20 23:45:00+00:00,33.990277,-81.006227,90.5,4.61,-0.3,0.0,10.0,3D,2025-08-20 19:45:00-04:00,POINT (-81.006227 33.990277)
2025-08-20 22:31:09 UTC,sensor03,218191466,28.36,68.43,2025-08-20 23:45:05+00:00,33.990482,-81.006218,89.0,5.37,-0.3,0.0,10.0,3D,2025-08-20 19:45:05-04:00,POINT (-81.006218 33.990482)
2025-08-20 22:31:14 UTC,sensor03,218191466,28.27,68.33,2025-08-20 23:45:10+00:00,33.990687,-81.006218,88.0,2.63,-0.3,0.0,10.0,3D,2025-08-20 19:45:10-04:00,POINT (-81.006218 33.990687)
2025-08-20 22:31:30 UTC,sensor03,218191466,28.3,67.86,2025-08-20 23:45:25+00:00,33.990983,-81.006213,86.9,4.32,-0.2,346.26,10.0,3D,2025-08-20 19:45:25-04:00,POINT (-81.006213 33.990983)
2025-08-20 22:31:35 UTC,sensor03,218191466,28.3,67.81,2025-08-20 23:45:30+00:00,33.991232,-81.00623,87.3,5.05,0.1,358.67,10.0,3D,2025-08-20 19:45:30-04:00,POINT (-81.00623 33.991232)
2025-08-20 22:31:40 UTC,sensor03,218191466,28.25,68.08,2025-08-20 23:45:35+00:00,33.991458,-81.006212,87.2,5.03,0.0,2.49,10.0,3D,2025-08-20 19:45:35-04:00,POINT (-81.006212 33.991458)
2025-08-20 22:31:45 UTC,sensor03,218191466,28.25,67.7,2025-08-20 23:45:39+00:00,33.991642,-81.006192,87.2,4.98,0.0,4.44,10.0,3D,2025-08-20 19:45:39-04:00,POINT (-81.006192 33.991642)
2025-08-20 22:31:50 UTC,sensor03,218191466,28.34,68.12,2025-08-20 23:45:45+00:00,33.991883,-81.006145,86.9,5.52,-0.2,5.15,10.0,3D,2025-08-20 19:45:45-04:00,POINT (-81.006145 33.991883)
2025-08-20 22:31:55 UTC,sensor03,218191466,28.29,67.9,2025-08-20 23:45:50+00:00,33.992162,-81.006132,86.7,5.42,-0.1,7.72,10.0,3D,2025-08-20 19:45:50-04:00,POINT (-81.006132 33.992162)
2025-08-20 22:32:00 UTC,sensor03,218191466,28.19,68.06,2025-08-20 23:45:55+00:00,33.992462,-81.006135,86.7,5.75,0.1,0.8,10.0,3D,2025-08-20 19:45:55-04:00,POINT (-81.006135 33.992462)
2025-08-20 22:32:05 UTC,sensor03,218191466,28.21,68.11,2025-08-20 23:46:00+00:00,33.992743,-81.006107,87.1,6.12,0.1,4.29,10.0,3D,2025-08-20 19:46:00-04:00,POINT (-81.006107 33.992743)
2025-08-20 22:32:10 UTC,sensor03,218191466,28.28,67.86,2025-08-20 23:46:05+00:00,33.993005,-81.006073,87.5,5.24,0.1,8.57,10.0,3D,2025-08-20 19:46:05-04:00,POINT (-81.006073 33.993005)
2025-08-20 22:32:15 UTC,sensor03,218191466,28.3,67.93,2025-08-20 23:46:10+00:00,33.993265,-81.006047,88.4,5.75,0.2,2.02,10.0,3D,2025-08-20 19:46:10-04:00,POINT (-81.006047 33.993265)
2025-08-20 22:32:20 UTC,sensor03,218191466,28.35,68.02,2025-08-20 23:46:15+00:00,33.99352,-81.006023,89.7,5.58,0.3,4.01,10.0,3D,2025-08-20 19:46:15-04:00,POINT (-81.006023 33.99352)
2025-08-20 22:32:25 UTC,sensor03,218191466,28.32,67.69,2025-08-20 23:46:20+00:00,33.993728,-81.005995,90.9,4.49,0.3,0.14,10.0,3D,2025-08-20 19:46:20-04:00,POINT (-81.005995 33.993728)
2025-08-20 22:32:30 UTC,sensor03,218191466,28.3,68.0,2025-08-20 23:46:25+00:00,33.99387,-81.005938,92.9,3.63,0.3,20.46,10.0,3D,2025-08-20 19:46:25-04:00,POINT (-81.005938 33.99387)
2025-08-20 22:32:35 UTC,sensor03,218191466,28.32,67.52,2025-08-20 23:46:30+00:00,33.994078,-81.005867,95.5,4.22,0.4,9.07,10.0,3D,2025-08-20 19:46:30-04:00,POINT (-81.005867 33.994078)
2025-08-20 22:32:40 UTC,sensor03,218191466,28.32,67.5,2025-08-20 23:46:35+00:00,33.994285,-81.005818,97.0,4.2,0.3,13.55,10.0,3D,2025-08-20 19:46:35-04:00,POINT (-81.005818 33.994285)
2025-08-20 22:32:45 UTC,sensor03,218191466,28.37,67.56,2025-08-20 23:46:40+00:00,33.99448,-81.005767,100.5,4.4,0.4,16.35,10.0,3D,2025-08-20 19:46:40-04:00,POINT (-81.005767 33.99448)
2025-08-20 22:32:50 UTC,sensor03,218191466,28.26,67.91,2025-08-20 23:46:45+00:00,33.994748,-81.005745,102.9,4.64,0.6,12.67,10.0,3D,2025-08-20 19:46:45-04:00,POINT (-81.005745 33.994748)
2025-08-20 22:32:55 UTC,sensor03,218191466,28.18,68.51,2025-08-20 23:46:50+00:00,33.995035,-81.005728,105.5,5.23,0.4,13.04,10.0,3D,2025-08-20 19:46:50-04:00,POINT (-81.005728 33.995035)
2025-08-20 22:33:05 UTC,sensor03,218191466,28.44,67.94,2025-08-20 23:47:01+00:00,33.995853,-81.005673,104.8,6.25,0.1,0.0,10.0,3D,2025-08-20 19:47:01-04:00,POINT (-81.005673 33.995853)
2025-08-20 22:33:10 UTC,sensor03,218191466,28.43,67.62,2025-08-20 23:47:06+00:00,33.996107,-81.005618,105.2,8.53,0.0,0.0,10.0,3D,2025-08-20 19:47:06-04:00,POINT (-81.005618 33.996107)
2025-08-20 22:33:15 UTC,sensor03,218191466,28.41,67.7,2025-08-20 23:47:11+00:00,33.996365,-81.005592,104.9,6.29,-0.2,0.0,10.0,3D,2025-08-20 19:47:11-04:00,POINT (-81.005592 33.996365)
2025-08-20 22:33:20 UTC,sensor03,218191466,28.42,67.48,2025-08-20 23:47:16+00:00,33.996622,-81.005593,104.9,4.5,-0.1,358.08,10.0,3D,2025-08-20 19:47:16-04:00,POINT (-81.005593 33.996622)
2025-08-20 22:33:36 UTC,sensor03,218191466,28.77,66.55,2025-08-20 23:47:31+00:00,33.997247,-81.005497,104.2,3.58,-0.1,11.69,10.0,3D,2025-08-20 19:47:31-04:00,POINT (-81.005497 33.997247)
2025-08-20 22:33:41 UTC,sensor03,218191466,28.66,66.64,2025-08-20 23:47:35+00:00,33.99752,-81.00557,103.4,4.73,0.0,6.15,10.0,3D,2025-08-20 19:47:35-04:00,POINT (-81.00557 33.99752)
2025-08-20 22:33:46 UTC,sensor03,218191466,28.69,66.79,2025-08-20 23:47:40+00:00,33.997772,-81.00555,103.5,4.8,0.0,4.38,10.0,3D,2025-08-20 19:47:40-04:00,POINT (-81.00555 33.997772)
2025-08-20 22:33:51 UTC,sensor03,218191466,28.52,66.6,2025-08-20 23:47:40+00:00,33.997772,-81.00555,103.5,4.8,0.0,4.38,10.0,3D,2025-08-20 19:47:40-04:00,POINT (-81.00555 33.997772)
2025-08-20 22:34:01 UTC,sensor03,218191466,28.62,66.92,2025-08-20 23:47:56+00:00,33.998447,-81.005487,103.0,3.09,0.0,11.1,10.0,3D,2025-08-20 19:47:56-04:00,POINT (-81.005487 33.998447)
2025-08-20 22:34:06 UTC,sensor03,218191466,28.47,67.75,2025-08-20 23:48:01+00:00,33.998592,-81.005467,102.7,4.63,-0.1,6.48,10.0,3D,2025-08-20 19:48:01-04:00,POINT (-81.005467 33.998592)
2025-08-20 22:34:11 UTC,sensor03,218191466,28.4,68.16,2025-08-20 23:48:06+00:00,33.998818,-81.005432,102.3,5.06,-0.1,10.01,10.0,3D,2025-08-20 19:48:06-04:00,POINT (-81.005432 33.998818)
2025-08-20 22:34:16 UTC,sensor03,218191466,28.31,68.12,2025-08-20 23:48:11+00:00,33.999048,-81.005367,102.3,4.43,0.0,12.27,10.0,3D,2025-08-20 19:48:11-04:00,POINT (-81.005367 33.999048)
2025-08-20 22:34:21 UTC,sensor03,218191466,28.19,68.21,2025-08-20 23:48:16+00:00,33.999247,-81.005317,102.7,4.76,0.0,3.31,10.0,3D,2025-08-20 19:48:16-04:00,POINT (-81.005317 33.999247)
2025-08-20 22:34:26 UTC,sensor03,218191466,28.16,68.81,2025-08-20 23:48:21+00:00,33.99948,-81.005332,102.8,4.44,0.0,356.26,10.0,3D,2025-08-20 19:48:21-04:00,POINT (-81.005332 33.99948)
2025-08-20 22:34:36 UTC,sensor03,218191466,28.42,67.92,2025-08-20 23:48:31+00:00,33.999703,-81.005523,99.1,3.04,-0.5,279.69,10.0,3D,2025-08-20 19:48:31-04:00,POINT (-81.005523 33.999703)
2025-08-20 22:34:41 UTC,sensor03,218191466,28.41,67.74,2025-08-20 23:48:36+00:00,33.999757,-81.005775,96.4,5.0,-0.5,282.0,10.0,3D,2025-08-20 19:48:36-04:00,POINT (-81.005775 33.999757)
2025-08-20 22:34:46 UTC,sensor03,218191466,28.36,67.6,2025-08-20 23:48:41+00:00,33.999778,-81.00612,94.2,6.93,-0.3,272.48,10.0,3D,2025-08-20 19:48:41-04:00,POINT (-81.00612 33.999778)
2025-08-20 22:34:51 UTC,sensor03,218191466,28.19,68.51,2025-08-20 23:48:46+00:00,33.999798,-81.006537,91.5,8.28,-0.5,274.49,10.0,3D,2025-08-20 19:48:46-04:00,POINT (-81.006537 33.999798)
2025-08-20 22:34:56 UTC,sensor03,218191466,28.16,68.95,2025-08-20 23:48:51+00:00,33.999848,-81.007068,88.5,9.75,-0.5,271.66,10.0,3D,2025-08-20 19:48:51-04:00,POINT (-81.007068 33.999848)
2025-08-20 22:35:06 UTC,sensor03,218191466,28.35,68.54,2025-08-20 23:49:02+00:00,33.99992,-81.008192,87.4,4.48,0.1,0.0,9.0,3D,2025-08-20 19:49:02-04:00,POINT (-81.008192 33.99992)
2025-08-20 22:35:11 UTC,sensor03,218191466,28.35,68.23,2025-08-20 23:49:07+00:00,33.999942,-81.008778,87.1,9.7,-0.2,0.0,10.0,3D,2025-08-20 19:49:07-04:00,POINT (-81.008778 33.999942)
2025-08-20 22:35:32 UTC,sensor03,218191466,28.11,69.44,2025-08-20 23:49:26+00:00,34.000015,-81.009992,87.3,3.27,0.0,273.8,10.0,3D,2025-08-20 19:49:26-04:00,POINT (-81.009992 34.000015)
2025-08-20 22:35:37 UTC,sensor03,218191466,28.13,69.22,2025-08-20 23:49:31+00:00,34.000072,-81.010167,87.2,2.67,0.0,276.9,10.0,3D,2025-08-20 19:49:31-04:00,POINT (-81.010167 34.000072)
2025-08-20 22:35:42 UTC,sensor03,218191466,28.09,69.16,2025-08-20 23:49:36+00:00,34.000103,-81.010367,87.0,3.8,0.0,279.62,10.0,3D,2025-08-20 19:49:36-04:00,POINT (-81.010367 34.000103)
2025-08-20 22:35:47 UTC,sensor03,218191466,27.97,69.54,2025-08-20 23:49:38+00:00,34.000102,-81.010457,86.9,4.01,0.0,0.0,10.0,3D,2025-08-20 19:49:38-04:00,POINT (-81.010457 34.000102)
2025-08-20 22:35:52 UTC,sensor03,218191466,27.85,69.89,2025-08-20 23:49:46+00:00,34.000125,-81.01089,87.0,4.82,0.0,277.91,10.0,3D,2025-08-20 19:49:46-04:00,POINT (-81.01089 34.000125)
2025-08-20 22:35:57 UTC,sensor03,218191466,27.76,70.64,2025-08-20 23:49:52+00:00,34.000128,-81.011218,86.4,5.71,-0.2,273.82,10.0,3D,2025-08-20 19:49:52-04:00,POINT (-81.011218 34.000128)
2025-08-20 22:36:02 UTC,sensor03,218191466,27.69,71.24,2025-08-20 23:49:57+00:00,34.00011,-81.011597,85.9,6.99,-0.1,269.03,10.0,3D,2025-08-20 19:49:57-04:00,POINT (-81.011597 34.00011)
2025-08-20 22:36:07 UTC,sensor03,218191466,27.84,70.85,2025-08-20 23:50:02+00:00,34.000115,-81.01205,85.5,8.6,0.0,266.29,10.0,3D,2025-08-20 19:50:02-04:00,POINT (-81.01205 34.000115)
2025-08-20 22:36:12 UTC,sensor03,218191466,28.12,69.71,2025-08-20 23:50:07+00:00,34.000133,-81.012572,85.3,9.83,-0.1,265.9,10.0,3D,2025-08-20 19:50:07-04:00,POINT (-81.012572 34.000133)
2025-08-20 22:36:17 UTC,sensor03,218191466,28.21,69.43,2025-08-20 23:50:12+00:00,34.00012,-81.013177,84.1,12.08,-0.3,270.94,10.0,3D,2025-08-20 19:50:12-04:00,POINT (-81.013177 34.00012)
2025-08-20 22:36:22 UTC,sensor03,218191466,28.21,69.18,2025-08-20 23:50:17+00:00,34.000173,-81.013827,82.9,11.25,-0.2,276.5,10.0,3D,2025-08-20 19:50:17-04:00,POINT (-81.013827 34.000173)
2025-08-20 22:36:27 UTC,sensor03,218191466,28.05,69.02,2025-08-20 23:50:22+00:00,34.00026,-81.014447,82.1,9.33,-0.1,276.46,10.0,3D,2025-08-20 19:50:22-04:00,POINT (-81.014447 34.00026)
2025-08-20 22:36:37 UTC,sensor03,218191466,27.96,70.17,2025-08-20 23:50:32+00:00,34.000663,-81.015173,81.2,3.39,-0.2,319.38,10.0,3D,2025-08-20 19:50:32-04:00,POINT (-81.015173 34.000663)
2025-08-20 22:36:42 UTC,sensor03,218191466,28.02,69.34,2025-08-20 23:50:37+00:00,34.000887,-81.015132,81.6,5.16,0.1,26.86,10.0,3D,2025-08-20 19:50:37-04:00,POINT (-81.015132 34.000887)
2025-08-20 22:36:47 UTC,sensor03,218191466,28.08,69.13,2025-08-20 23:50:42+00:00,34.001132,-81.014953,82.1,6.91,0.1,31.98,10.0,3D,2025-08-20 19:50:42-04:00,POINT (-81.014953 34.001132)
2025-08-20 22:36:52 UTC,sensor03,218191466,27.91,69.96,2025-08-20 23:50:47+00:00,34.001432,-81.014738,82.3,7.14,0.0,31.67,10.0,3D,2025-08-20 19:50:47-04:00,POINT (-81.014738 34.001432)
2025-08-20 22:36:57 UTC,sensor03,218191466,27.87,69.97,2025-08-20 23:50:52+00:00,34.001707,-81.014563,82.3,6.58,0.0,32.72,10.0,3D,2025-08-20 19:50:52-04:00,POINT (-81.014563 34.001707)
2025-08-20 22:37:02 UTC,sensor03,218191466,27.95,69.73,2025-08-20 23:50:57+00:00,34.001948,-81.014373,82.3,6.07,0.0,36.64,10.0,3D,2025-08-20 19:50:57-04:00,POINT (-81.014373 34.001948)
2025-08-20 22:37:07 UTC,sensor03,218191466,28.0,69.5,2025-08-20 23:51:02+00:00,34.00216,-81.014133,82.3,5.9,0.0,37.83,10.0,3D,2025-08-20 19:51:02-04:00,POINT (-81.014133 34.00216)
2025-08-20 22:37:12 UTC,sensor03,218191466,28.03,69.13,2025-08-20 23:51:08+00:00,34.002397,-81.013888,82.1,5.2,-0.1,0.0,10.0,3D,2025-08-20 19:51:08-04:00,POINT (-81.013888 34.002397)
2025-08-20 22:37:17 UTC,sensor03,218191466,27.99,69.24,2025-08-20 23:51:13+00:00,34.00255,-81.013625,81.0,5.71,-0.1,0.0,10.0,3D,2025-08-20 19:51:13-04:00,POINT (-81.013625 34.00255)
2025-08-20 22:37:22 UTC,sensor03,218191466,27.96,69.4,2025-08-20 23:51:17+00:00,34.002638,-81.01339,80.0,4.69,-0.3,81.81,10.0,3D,2025-08-20 19:51:17-04:00,POINT (-81.01339 34.002638)
2025-08-20 22:37:27 UTC,sensor03,218191466,27.92,69.48,2025-08-20 23:51:23+00:00,34.002483,-81.013202,79.0,3.92,0.2,0.0,4.0,3D,2025-08-20 19:51:23-04:00,POINT (-81.013202 34.002483)
2025-08-20 22:37:32 UTC,sensor03,218191466,27.93,69.7,2025-08-20 23:51:28+00:00,34.0023,-81.01298,79.5,4.5,0.1,0.0,4.0,3D,2025-08-20 19:51:28-04:00,POINT (-81.01298 34.0023)
2025-08-20 18:51:33 UTC,sensor04,300372246,28.7,66.9,2025-08-20 23:09:25+00:00,33.992095,-80.992108,67.0,6.9,-0.1,88.48,8.0,3D,2025-08-20 19:09:25-04:00,POINT (-80.992108 33.992095)
2025-08-20 18:51:38 UTC,sensor04,300372246,28.69,66.59,2025-08-20 23:09:30+00:00,33.992047,-80.991562,65.9,8.97,-0.1,95.16,8.0,3D,2025-08-20 19:09:30-04:00,POINT (-80.991562 33.992047)
2025-08-20 18:51:43 UTC,sensor04,300372246,28.77,66.88,2025-08-20 23:09:35+00:00,33.992003,-80.99114,66.7,6.07,-0.2,96.42,8.0,3D,2025-08-20 19:09:35-04:00,POINT (-80.99114 33.992003)
2025-08-20 18:51:48 UTC,sensor04,300372246,28.84,67.11,2025-08-20 23:09:40+00:00,33.9919,-80.99102,66.6,4.52,0.7,166.99,8.0,3D,2025-08-20 19:09:40-04:00,POINT (-80.99102 33.9919)
2025-08-20 18:51:53 UTC,sensor04,300372246,28.92,66.33,2025-08-20 23:09:45+00:00,33.991552,-80.991065,64.6,8.31,0.1,190.27,8.0,3D,2025-08-20 19:09:45-04:00,POINT (-80.991065 33.991552)
2025-08-20 18:51:58 UTC,sensor04,300372246,28.8,66.44,2025-08-20 23:09:50+00:00,33.991155,-80.991143,64.8,8.48,0.2,189.29,8.0,3D,2025-08-20 19:09:50-04:00,POINT (-80.991143 33.991155)
2025-08-20 18:52:08 UTC,sensor04,300372246,28.72,66.74,2025-08-20 23:10:00+00:00,33.99078,-80.990933,67.9,6.97,0.3,107.33,8.0,3D,2025-08-20 19:10:00-04:00,POINT (-80.990933 33.99078)
2025-08-20 18:52:13 UTC,sensor04,300372246,28.65,66.53,2025-08-20 23:10:05+00:00,33.990767,-80.990398,66.4,10.16,-0.3,93.78,8.0,3D,2025-08-20 19:10:05-04:00,POINT (-80.990398 33.990767)
2025-08-20 18:52:18 UTC,sensor04,300372246,28.69,66.38,2025-08-20 23:10:10+00:00,33.990743,-80.99,66.1,2.97,0.5,103.32,8.0,3D,2025-08-20 19:10:10-04:00,POINT (-80.99 33.990743)
2025-08-20 18:52:23 UTC,sensor04,300372246,28.73,66.5,2025-08-20 23:10:15+00:00,33.990505,-80.989937,67.5,8.86,0.1,183.62,8.0,3D,2025-08-20 19:10:15-04:00,POINT (-80.989937 33.990505)
2025-08-20 18:52:28 UTC,sensor04,300372246,28.69,65.95,2025-08-20 23:10:21+00:00,33.989913,-80.98996,67.5,10.72,0.0,0.0,8.0,3D,2025-08-20 19:10:21-04:00,POINT (-80.98996 33.989913)
2025-08-20 18:52:33 UTC,sensor04,300372246,28.71,65.69,2025-08-20 23:10:26+00:00,33.989432,-80.989962,67.5,11.29,0.0,0.0,8.0,3D,2025-08-20 19:10:26-04:00,POINT (-80.989962 33.989432)
2025-08-20 18:52:38 UTC,sensor04,300372246,28.78,66.53,2025-08-20 23:10:31+00:00,33.98903,-80.990003,66.4,5.44,-0.2,0.0,8.0,3D,2025-08-20 19:10:31-04:00,POINT (-80.990003 33.98903)
2025-08-20 18:52:48 UTC,sensor04,300372246,28.91,65.49,2025-08-20 23:10:41+00:00,33.988908,-80.989798,63.7,7.49,-0.1,98.22,8.0,3D,2025-08-20 19:10:41-04:00,POINT (-80.989798 33.988908)
2025-08-20 18:52:53 UTC,sensor04,300372246,28.94,64.91,2025-08-20 23:10:46+00:00,33.988913,-80.989303,63.3,8.97,-0.1,94.97,8.0,3D,2025-08-20 19:10:46-04:00,POINT (-80.989303 33.988913)
2025-08-20 18:52:58 UTC,sensor04,300372246,28.88,64.74,2025-08-20 23:10:48+00:00,33.988907,-80.98912,63.3,7.73,0.0,94.07,8.0,3D,2025-08-20 19:10:48-04:00,POINT (-80.98912 33.988907)
2025-08-20 18:53:09 UTC,sensor04,300372246,28.88,65.51,2025-08-20 23:11:01+00:00,33.98893,-80.988723,63.3,5.94,0.2,83.67,8.0,3D,2025-08-20 19:11:01-04:00,POINT (-80.988723 33.98893)
2025-08-20 18:53:14 UTC,sensor04,300372246,28.73,66.38,2025-08-20 23:11:06+00:00,33.988937,-80.988203,64.6,10.1,0.2,88.51,8.0,3D,2025-08-20 19:11:06-04:00,POINT (-80.988203 33.988937)
2025-08-20 18:53:19 UTC,sensor04,300372246,28.67,66.36,2025-08-20 23:11:11+00:00,33.988927,-80.987625,65.4,9.9,0.1,90.36,8.0,3D,2025-08-20 19:11:11-04:00,POINT (-80.987625 33.988927)
2025-08-20 18:53:24 UTC,sensor04,300372246,28.64,66.3,2025-08-20 23:11:16+00:00,33.988928,-80.987015,64.5,9.91,-0.3,87.84,8.0,3D,2025-08-20 19:11:16-04:00,POINT (-80.987015 33.988928)
2025-08-20 18:53:29 UTC,sensor04,300372246,28.62,66.88,2025-08-20 23:11:21+00:00,33.988865,-80.986313,64.1,10.03,-0.1,94.45,8.0,3D,2025-08-20 19:11:21-04:00,POINT (-80.986313 33.988865)
2025-08-20 18:53:34 UTC,sensor04,300372246,28.55,67.49,2025-08-20 23:11:26+00:00,33.988847,-80.985855,60.1,7.94,-2.9,91.03,8.0,3D,2025-08-20 19:11:26-04:00,POINT (-80.985855 33.988847)
2025-08-20 18:53:39 UTC,sensor04,300372246,28.62,67.33,2025-08-20 23:11:31+00:00,33.988852,-80.98551,55.9,2.99,-0.3,87.92,8.0,3D,2025-08-20 19:11:31-04:00,POINT (-80.98551 33.988852)
2025-08-20 18:53:44 UTC,sensor04,300372246,28.58,67.19,2025-08-20 23:11:36+00:00,33.98896,-80.985315,54.9,7.13,-0.6,21.31,8.0,3D,2025-08-20 19:11:36-04:00,POINT (-80.985315 33.98896)
2025-08-20 18:53:49 UTC,sensor04,300372246,28.67,67.04,2025-08-20 23:11:41+00:00,33.989397,-80.985202,52.6,10.45,-0.4,14.42,8.0,3D,2025-08-20 19:11:41-04:00,POINT (-80.985202 33.989397)
2025-08-20 18:53:54 UTC,sensor04,300372246,28.64,66.83,2025-08-20 23:11:46+00:00,33.98984,-80.985108,50.7,9.18,-0.4,8.99,8.0,3D,2025-08-20 19:11:46-04:00,POINT (-80.985108 33.98984)
2025-08-20 18:53:59 UTC,sensor04,300372246,28.64,67.52,2025-08-20 23:11:51+00:00,33.990023,-80.984997,48.7,3.05,-0.4,80.13,8.0,3D,2025-08-20 19:11:51-04:00,POINT (-80.984997 33.990023)
2025-08-20 18:54:04 UTC,sensor04,300372246,28.64,67.14,2025-08-20 23:11:56+00:00,33.989958,-80.984648,45.8,8.47,-0.7,101.95,8.0,3D,2025-08-20 19:11:56-04:00,POINT (-80.984648 33.989958)
2025-08-20 18:54:09 UTC,sensor04,300372246,28.62,66.89,2025-08-20 23:12:01+00:00,33.989887,-80.984193,43.3,7.78,-0.5,100.81,8.0,3D,2025-08-20 19:12:01-04:00,POINT (-80.984193 33.989887)
2025-08-20 18:54:14 UTC,sensor04,300372246,28.61,66.81,2025-08-20 23:12:06+00:00,33.989825,-80.983785,41.6,7.42,-0.2,100.06,8.0,3D,2025-08-20 19:12:06-04:00,POINT (-80.983785 33.989825)
2025-08-20 18:54:19 UTC,sensor04,300372246,28.58,67.09,2025-08-20 23:12:11+00:00,33.989687,-80.983402,39.8,7.61,-0.4,124.94,7.0,3D,2025-08-20 19:12:11-04:00,POINT (-80.983402 33.989687)
2025-08-20 18:54:24 UTC,sensor04,300372246,28.61,66.53,2025-08-20 23:12:16+00:00,33.989477,-80.983177,38.0,3.31,-0.4,155.75,7.0,3D,2025-08-20 19:12:16-04:00,POINT (-80.983177 33.989477)
2025-08-20 18:54:29 UTC,sensor04,300372246,28.7,66.23,2025-08-20 23:12:22+00:00,33.989268,-80.983015,35.7,8.01,-0.4,0.0,7.0,3D,2025-08-20 19:12:22-04:00,POINT (-80.983015 33.989268)
2025-08-20 18:54:34 UTC,sensor04,300372246,28.81,66.11,2025-08-20 23:12:27+00:00,33.988928,-80.982728,33.8,9.13,-0.4,0.0,7.0,3D,2025-08-20 19:12:27-04:00,POINT (-80.982728 33.988928)
2025-08-20 18:54:39 UTC,sensor04,300372246,28.88,65.1,2025-08-20 23:12:32+00:00,33.988663,-80.982528,31.5,3.97,-0.5,0.0,7.0,3D,2025-08-20 19:12:32-04:00,POINT (-80.982528 33.988663)
2025-08-20 18:54:49 UTC,sensor04,300372246,29.0,64.57,2025-08-20 23:12:42+00:00,33.988518,-80.982393,30.4,3.23,0.1,95.45,7.0,3D,2025-08-20 19:12:42-04:00,POINT (-80.982393 33.988518)
2025-08-20 18:54:54 UTC,sensor04,300372246,29.09,64.26,2025-08-20 23:12:47+00:00,33.98871,-80.982008,30.8,10.36,0.1,48.23,8.0,3D,2025-08-20 19:12:47-04:00,POINT (-80.982008 33.98871)
2025-08-20 18:54:59 UTC,sensor04,300372246,29.14,63.78,2025-08-20 23:12:52+00:00,33.989163,-80.981465,30.6,13.07,-0.07,41.58,8.0,3D,2025-08-20 19:12:52-04:00,POINT (-80.981465 33.989163)
2025-08-20 18:55:04 UTC,sensor04,300372246,29.14,63.28,2025-08-20 23:12:54+00:00,33.98936,-80.981287,30.1,13.59,-0.3,0.0,8.0,3D,2025-08-20 19:12:54-04:00,POINT (-80.981287 33.98936)
2025-08-20 18:55:09 UTC,sensor04,300372246,29.29,63.36,2025-08-20 23:13:02+00:00,33.990247,-80.980725,25.8,13.83,-0.6,23.93,8.0,3D,2025-08-20 19:13:02-04:00,POINT (-80.980725 33.990247)
2025-08-20 18:55:15 UTC,sensor04,300372246,29.32,62.84,2025-08-20 23:13:07+00:00,33.99083,-80.980417,22.5,14.4,-0.7,23.35,8.0,3D,2025-08-20 19:13:07-04:00,POINT (-80.980417 33.99083)
2025-08-20 18:55:20 UTC,sensor04,300372246,29.41,62.9,2025-08-20 23:13:12+00:00,33.9914,-80.98014,20.5,12.79,-0.3,20.96,8.0,3D,2025-08-20 19:13:12-04:00,POINT (-80.98014 33.9914)
2025-08-20 18:55:25 UTC,sensor04,300372246,29.48,62.56,2025-08-20 23:13:17+00:00,33.991915,-80.979892,19.5,12.07,-0.2,20.47,8.0,3D,2025-08-20 19:13:17-04:00,POINT (-80.979892 33.991915)
2025-08-20 18:55:30 UTC,sensor04,300372246,29.54,62.76,2025-08-20 23:13:22+00:00,33.992363,-80.979687,21.5,9.87,0.7,20.66,8.0,3D,2025-08-20 19:13:22-04:00,POINT (-80.979687 33.992363)
2025-08-20 18:55:35 UTC,sensor04,300372246,29.56,62.66,2025-08-20 23:13:27+00:00,33.99251,-80.979427,22.8,3.57,0.7,51.85,8.0,3D,2025-08-20 19:13:27-04:00,POINT (-80.979427 33.99251)
2025-08-20 18:55:40 UTC,sensor04,300372246,29.41,62.82,2025-08-20 23:13:32+00:00,33.992333,-80.978995,24.2,10.24,-0.2,122.42,8.0,3D,2025-08-20 19:13:32-04:00,POINT (-80.978995 33.992333)
2025-08-20 18:55:45 UTC,sensor04,300372246,29.53,63.07,2025-08-20 23:13:37+00:00,33.992135,-80.978472,22.3,11.35,-0.2,115.0,8.0,3D,2025-08-20 19:13:37-04:00,POINT (-80.978472 33.992135)
2025-08-20 18:55:50 UTC,sensor04,300372246,29.77,62.63,2025-08-20 23:13:42+00:00,33.991922,-80.97787,21.9,10.69,-0.3,113.52,8.0,3D,2025-08-20 19:13:42-04:00,POINT (-80.97787 33.991922)
2025-08-20 18:55:55 UTC,sensor04,300372246,29.87,61.95,2025-08-20 23:13:47+00:00,33.991707,-80.977302,29.1,11.03,-0.6,117.32,8.0,3D,2025-08-20 19:13:47-04:00,POINT (-80.977302 33.991707)
2025-08-20 18:56:00 UTC,sensor04,300372246,29.81,61.79,2025-08-20 23:13:52+00:00,33.991428,-80.976752,29.1,12.42,-0.3,119.25,8.0,3D,2025-08-20 19:13:52-04:00,POINT (-80.976752 33.991428)
2025-08-20 18:56:05 UTC,sensor04,300372246,29.88,61.78,2025-08-20 23:13:57+00:00,33.991113,-80.976175,27.3,12.39,-0.3,128.48,8.0,3D,2025-08-20 19:13:57-04:00,POINT (-80.976175 33.991113)
2025-08-20 18:56:10 UTC,sensor04,300372246,30.09,61.39,2025-08-20 23:14:02+00:00,33.990727,-80.975702,28.1,12.17,2.4,137.12,8.0,3D,2025-08-20 19:14:02-04:00,POINT (-80.975702 33.990727)
2025-08-20 18:56:15 UTC,sensor04,300372246,30.13,61.19,2025-08-20 23:14:07+00:00,33.990313,-80.975195,29.6,11.28,0.5,138.27,8.0,3D,2025-08-20 19:14:07-04:00,POINT (-80.975195 33.990313)
2025-08-20 18:56:20 UTC,sensor04,300372246,30.0,61.31,2025-08-20 23:14:12+00:00,33.989952,-80.974798,28.1,10.15,-0.3,138.72,9.0,3D,2025-08-20 19:14:12-04:00,POINT (-80.974798 33.989952)
2025-08-20 18:56:25 UTC,sensor04,300372246,29.87,61.57,2025-08-20 23:14:17+00:00,33.989605,-80.974437,27.8,10.35,1.3,138.48,9.0,3D,2025-08-20 19:14:17-04:00,POINT (-80.974437 33.989605)
2025-08-20 18:56:30 UTC,sensor04,300372246,29.84,61.61,2025-08-20 23:14:22+00:00,33.989287,-80.974108,25.7,8.54,-0.5,137.81,9.0,3D,2025-08-20 19:14:22-04:00,POINT (-80.974108 33.989287)
2025-08-20 18:56:35 UTC,sensor04,300372246,29.78,61.81,2025-08-20 23:14:27+00:00,33.989022,-80.973827,24.1,5.42,-0.5,138.94,9.0,3D,2025-08-20 19:14:27-04:00,POINT (-80.973827 33.989022)
2025-08-20 18:57:10 UTC,sensor04,300372246,30.16,61.27,2025-08-20 23:15:03+00:00,33.988415,-80.973167,19.6,13.26,0.0,137.21,10.0,3D,2025-08-20 19:15:03-04:00,POINT (-80.973167 33.988415)
2025-08-20 18:57:15 UTC,sensor04,300372246,30.14,61.07,2025-08-20 23:15:08+00:00,33.987915,-80.972633,20.7,13.82,0.4,142.07,9.0,3D,2025-08-20 19:15:08-04:00,POINT (-80.972633 33.987915)
2025-08-20 18:57:20 UTC,sensor04,300372246,29.9,61.46,2025-08-20 23:15:13+00:00,33.987393,-80.972153,22.6,14.72,0.2,142.07,9.0,3D,2025-08-20 19:15:13-04:00,POINT (-80.972153 33.987393)
2025-08-20 18:57:26 UTC,sensor04,300372246,29.69,62.88,2025-08-20 23:15:18+00:00,33.98686,-80.97169,23.7,14.73,0.2,145.52,9.0,3D,2025-08-20 19:15:18-04:00,POINT (-80.97169 33.98686)
2025-08-20 18:57:31 UTC,sensor04,300372246,29.57,63.93,2025-08-20 23:15:23+00:00,33.986363,-80.971277,25.2,12.61,0.2,148.0,9.0,3D,2025-08-20 19:15:23-04:00,POINT (-80.971277 33.986363)
2025-08-20 18:57:36 UTC,sensor04,300372246,29.55,64.4,2025-08-20 23:15:28+00:00,33.985872,-80.970855,27.4,12.87,0.7,144.68,9.0,3D,2025-08-20 19:15:28-04:00,POINT (-80.970855 33.985872)
2025-08-20 18:57:41 UTC,sensor04,300372246,29.44,63.81,2025-08-20 23:15:33+00:00,33.985397,-80.97045,29.4,12.72,0.2,140.69,9.0,3D,2025-08-20 19:15:33-04:00,POINT (-80.97045 33.985397)
2025-08-20 18:57:46 UTC,sensor04,300372246,29.53,63.93,2025-08-20 23:15:38+00:00,33.984987,-80.969923,31.2,13.23,0.4,129.75,9.0,3D,2025-08-20 19:15:38-04:00,POINT (-80.969923 33.984987)
2025-08-20 18:57:51 UTC,sensor04,300372246,29.28,63.84,2025-08-20 23:15:43+00:00,33.984588,-80.969325,32.2,14.37,0.2,128.7,9.0,3D,2025-08-20 19:15:43-04:00,POINT (-80.969325 33.984588)
2025-08-20 18:57:56 UTC,sensor04,300372246,29.38,64.48,2025-08-20 23:15:48+00:00,33.984152,-80.968688,32.4,15.2,-0.2,127.24,9.0,3D,2025-08-20 19:15:48-04:00,POINT (-80.968688 33.984152)
2025-08-20 18:58:01 UTC,sensor04,300372246,29.54,65.72,2025-08-20 23:15:53+00:00,33.983737,-80.968015,31.5,14.35,-0.2,126.92,9.0,3D,2025-08-20 19:15:53-04:00,POINT (-80.968015 33.983737)
2025-08-20 18:58:06 UTC,sensor04,300372246,29.59,64.93,2025-08-20 23:15:58+00:00,33.983353,-80.96738,29.1,13.5,-0.6,126.51,9.0,3D,2025-08-20 19:15:58-04:00,POINT (-80.96738 33.983353)
2025-08-20 18:58:11 UTC,sensor04,300372246,29.57,64.0,2025-08-20 23:16:03+00:00,33.982953,-80.966718,24.5,15.46,-1.0,127.26,9.0,3D,2025-08-20 19:16:03-04:00,POINT (-80.966718 33.982953)
2025-08-20 18:58:16 UTC,sensor04,300372246,29.75,62.96,2025-08-20 23:16:08+00:00,33.98255,-80.966043,20.7,14.65,-0.7,126.4,9.0,3D,2025-08-20 19:16:08-04:00,POINT (-80.966043 33.98255)
2025-08-20 18:58:21 UTC,sensor04,300372246,29.76,62.64,2025-08-20 23:16:13+00:00,33.982148,-80.96539,17.8,14.96,-0.3,124.97,9.0,3D,2025-08-20 19:16:13-04:00,POINT (-80.96539 33.982148)
2025-08-20 18:58:26 UTC,sensor04,300372246,29.77,62.36,2025-08-20 23:16:18+00:00,33.9818,-80.964777,16.9,12.38,0.1,123.63,9.0,3D,2025-08-20 19:16:18-04:00,POINT (-80.964777 33.9818)
2025-08-20 18:58:31 UTC,sensor04,300372246,29.58,62.53,2025-08-20 23:16:23+00:00,33.981547,-80.96441,17.4,5.03,0.0,154.98,9.0,3D,2025-08-20 19:16:23-04:00,POINT (-80.96441 33.981547)
2025-08-20 18:58:36 UTC,sensor04,300372246,29.38,63.01,2025-08-20 23:16:28+00:00,33.981277,-80.964538,18.1,8.72,0.2,215.17,9.0,3D,2025-08-20 19:16:28-04:00,POINT (-80.964538 33.981277)
2025-08-20 18:58:41 UTC,sensor04,300372246,29.2,63.67,2025-08-20 23:16:33+00:00,33.980905,-80.964883,19.0,11.26,0.4,216.63,9.0,3D,2025-08-20 19:16:33-04:00,POINT (-80.964883 33.980905)
2025-08-20 18:58:46 UTC,sensor04,300372246,29.15,64.32,2025-08-20 23:16:38+00:00,33.98046,-80.96531,19.9,13.32,-0.1,220.99,9.0,3D,2025-08-20 19:16:38-04:00,POINT (-80.96531 33.98046)
2025-08-20 18:58:51 UTC,sensor04,300372246,28.93,64.55,2025-08-20 23:16:43+00:00,33.97998,-80.965755,20.1,13.53,0.1,217.91,10.0,3D,2025-08-20 19:16:43-04:00,POINT (-80.965755 33.97998)
2025-08-20 18:58:56 UTC,sensor04,300372246,28.59,65.6,2025-08-20 23:16:48+00:00,33.979507,-80.966205,19.7,14.33,-0.2,217.41,10.0,3D,2025-08-20 19:16:48-04:00,POINT (-80.966205 33.979507)
2025-08-20 18:59:01 UTC,sensor04,300372246,28.52,67.04,2025-08-20 23:16:52+00:00,33.979147,-80.966555,19.8,11.76,0.0,220.52,10.0,3D,2025-08-20 19:16:52-04:00,POINT (-80.966555 33.979147)
2025-08-20 18:59:06 UTC,sensor04,300372246,28.43,67.19,2025-08-20 23:16:57+00:00,33.978732,-80.966972,19.9,11.48,0.0,219.3,10.0,3D,2025-08-20 19:16:57-04:00,POINT (-80.966972 33.978732)
2025-08-20 18:59:11 UTC,sensor04,300372246,28.37,67.73,2025-08-20 23:17:04+00:00,33.978195,-80.967437,20.9,10.49,0.14,0.0,10.0,3D,2025-08-20 19:17:04-04:00,POINT (-80.967437 33.978195)
2025-08-20 18:59:16 UTC,sensor04,300372246,28.4,67.64,2025-08-20 23:17:09+00:00,33.978062,-80.967708,21.6,7.07,-0.1,251.98,10.0,3D,2025-08-20 19:17:09-04:00,POINT (-80.967708 33.978062)
2025-08-20 18:59:21 UTC,sensor04,300372246,28.48,67.48,2025-08-20 23:17:14+00:00,33.977987,-80.968135,20.9,10.14,-0.3,264.74,10.0,3D,2025-08-20 19:17:14-04:00,POINT (-80.968135 33.977987)
2025-08-20 18:59:27 UTC,sensor04,300372246,28.42,68.49,2025-08-20 23:17:19+00:00,33.977955,-80.968712,19.3,10.48,-0.4,264.69,10.0,3D,2025-08-20 19:17:19-04:00,POINT (-80.968712 33.977955)
2025-08-20 18:59:32 UTC,sensor04,300372246,28.37,68.48,2025-08-20 23:17:24+00:00,33.977942,-80.969145,17.1,7.6,-0.1,268.75,10.0,3D,2025-08-20 19:17:24-04:00,POINT (-80.969145 33.977942)
2025-08-20 18:59:37 UTC,sensor04,300372246,28.26,69.45,2025-08-20 23:17:29+00:00,33.97804,-80.969568,17.3,7.08,0.0,280.99,10.0,3D,2025-08-20 19:17:29-04:00,POINT (-80.969568 33.97804)
2025-08-20 18:59:42 UTC,sensor04,300372246,28.31,68.95,2025-08-20 23:17:34+00:00,33.97814,-80.969932,17.4,7.64,0.1,291.16,10.0,3D,2025-08-20 19:17:34-04:00,POINT (-80.969932 33.97814)
2025-08-20 18:59:47 UTC,sensor04,300372246,28.29,68.85,2025-08-20 23:17:39+00:00,33.978392,-80.970318,16.8,9.0,-0.2,306.16,10.0,3D,2025-08-20 19:17:39-04:00,POINT (-80.970318 33.978392)
2025-08-20 18:59:52 UTC,sensor04,300372246,28.39,68.68,2025-08-20 23:17:44+00:00,33.978643,-80.970738,15.5,9.84,-0.3,302.94,10.0,3D,2025-08-20 19:17:44-04:00,POINT (-80.970738 33.978643)
2025-08-20 18:59:57 UTC,sensor04,300372246,28.47,67.95,2025-08-20 23:17:49+00:00,33.978798,-80.971322,15.8,10.51,0.3,279.97,10.0,3D,2025-08-20 19:17:49-04:00,POINT (-80.971322 33.978798)
2025-08-20 19:00:02 UTC,sensor04,300372246,28.54,67.56,2025-08-20 23:17:54+00:00,33.978712,-80.971928,17.1,10.08,0.2,260.09,10.0,3D,2025-08-20 19:17:54-04:00,POINT (-80.971928 33.978712)
2025-08-20 19:00:07 UTC,sensor04,300372246,28.62,67.33,2025-08-20 23:17:59+00:00,33.978607,-80.972432,17.1,9.39,0.0,254.29,10.0,3D,2025-08-20 19:17:59-04:00,POINT (-80.972432 33.978607)
2025-08-20 19:00:12 UTC,sensor04,300372246,28.76,68.1,2025-08-20 23:18:04+00:00,33.978368,-80.972827,16.7,9.45,0.0,210.47,10.0,3D,2025-08-20 19:18:04-04:00,POINT (-80.972827 33.978368)
2025-08-20 19:00:17 UTC,sensor04,300372246,28.56,68.85,2025-08-20 23:18:09+00:00,33.977903,-80.972897,16.4,11.06,-0.1,182.77,10.0,3D,2025-08-20 19:18:09-04:00,POINT (-80.972897 33.977903)
2025-08-20 19:00:22 UTC,sensor04,300372246,28.34,69.65,2025-08-20 23:18:14+00:00,33.977397,-80.972892,16.3,11.11,0.0,184.02,10.0,3D,2025-08-20 19:18:14-04:00,POINT (-80.972892 33.977397)
2025-08-20 19:00:27 UTC,sensor04,300372246,28.16,71.29,2025-08-20 23:18:19+00:00,33.976907,-80.972937,15.7,11.22,-0.1,186.46,10.0,3D,2025-08-20 19:18:19-04:00,POINT (-80.972937 33.976907)
2025-08-20 19:00:32 UTC,sensor04,300372246,28.28,69.43,2025-08-20 23:18:24+00:00,33.97643,-80.972982,15.9,10.1,0.2,184.8,10.0,3D,2025-08-20 19:18:24-04:00,POINT (-80.972982 33.97643)
2025-08-20 19:00:37 UTC,sensor04,300372246,28.35,68.38,2025-08-20 23:18:29+00:00,33.976005,-80.973,17.3,9.4,0.4,185.03,10.0,3D,2025-08-20 19:18:29-04:00,POINT (-80.973 33.976005)
2025-08-20 19:00:42 UTC,sensor04,300372246,28.38,69.29,2025-08-20 23:18:34+00:00,33.975653,-80.97307,18.9,6.42,0.3,196.72,10.0,3D,2025-08-20 19:18:34-04:00,POINT (-80.97307 33.975653)
2025-08-20 19:00:47 UTC,sensor04,300372246,28.43,69.16,2025-08-20 23:18:40+00:00,33.975502,-80.973625,19.2,11.09,-0.1,0.0,10.0,3D,2025-08-20 19:18:40-04:00,POINT (-80.973625 33.975502)
2025-08-20 19:00:52 UTC,sensor04,300372246,28.53,68.39,2025-08-20 23:18:45+00:00,33.975537,-80.974187,17.4,9.56,-0.5,0.0,10.0,3D,2025-08-20 19:18:45-04:00,POINT (-80.974187 33.975537)
2025-08-20 19:00:57 UTC,sensor04,300372246,28.55,67.79,2025-08-20 23:18:50+00:00,33.975312,-80.974603,15.1,10.3,-0.2,0.0,10.0,3D,2025-08-20 19:18:50-04:00,POINT (-80.974603 33.975312)
2025-08-20 19:01:02 UTC,sensor04,300372246,28.59,67.53,2025-08-20 23:18:50+00:00,33.975312,-80.974603,15.1,10.3,-0.2,0.0,10.0,3D,2025-08-20 19:18:50-04:00,POINT (-80.974603 33.975312)
2025-08-20 19:01:07 UTC,sensor04,300372246,28.57,68.4,2025-08-20 23:19:00+00:00,33.974458,-80.974913,13.7,8.69,0.1,0.0,4.0,3D,2025-08-20 19:19:00-04:00,POINT (-80.974913 33.974458)
2025-08-20 19:01:12 UTC,sensor04,300372246,28.66,68.01,2025-08-20 23:19:05+00:00,33.974043,-80.975003,13.1,9.43,-0.1,0.0,8.0,3D,2025-08-20 19:19:05-04:00,POINT (-80.975003 33.974043)
2025-08-20 19:01:18 UTC,sensor04,300372246,28.55,67.5,2025-08-20 23:19:10+00:00,33.973607,-80.975077,12.7,10.11,0.0,184.54,9.0,3D,2025-08-20 19:19:10-04:00,POINT (-80.975077 33.973607)
2025-08-20 19:01:23 UTC,sensor04,300372246,28.31,68.89,2025-08-20 23:19:15+00:00,33.973173,-80.975117,12.7,9.52,0.2,184.38,9.0,3D,2025-08-20 19:19:15-04:00,POINT (-80.975117 33.973173)
2025-08-20 19:01:28 UTC,sensor04,300372246,28.15,69.88,2025-08-20 23:19:20+00:00,33.972805,-80.975135,12.9,7.51,0.0,169.39,9.0,3D,2025-08-20 19:19:20-04:00,POINT (-80.975135 33.972805)
2025-08-20 19:01:33 UTC,sensor04,300372246,28.15,70.15,2025-08-20 23:19:25+00:00,33.972522,-80.974878,14.4,8.7,0.5,125.73,9.0,3D,2025-08-20 19:19:25-04:00,POINT (-80.974878 33.972522)
2025-08-20 19:01:38 UTC,sensor04,300372246,28.26,69.54,2025-08-20 23:19:30+00:00,33.972315,-80.974425,19.0,8.78,1.2,116.38,9.0,3D,2025-08-20 19:19:30-04:00,POINT (-80.974425 33.972315)
2025-08-20 19:01:43 UTC,sensor04,300372246,28.39,68.43,2025-08-20 23:19:35+00:00,33.972138,-80.974013,27.1,7.95,0.9,116.47,9.0,3D,2025-08-20 19:19:35-04:00,POINT (-80.974013 33.972138)
2025-08-20 19:01:48 UTC,sensor04,300372246,28.48,67.68,2025-08-20 23:19:40+00:00,33.971955,-80.973655,32.9,5.48,1.2,126.17,9.0,3D,2025-08-20 19:19:40-04:00,POINT (-80.973655 33.971955)
2025-08-20 19:01:53 UTC,sensor04,300372246,28.6,67.38,2025-08-20 23:19:45+00:00,33.971933,-80.973408,36.9,6.15,1.3,57.06,9.0,3D,2025-08-20 19:19:45-04:00,POINT (-80.973408 33.971933)
2025-08-20 19:01:58 UTC,sensor04,300372246,28.63,66.53,2025-08-20 23:19:50+00:00,33.972202,-80.97317,41.3,7.15,1.0,29.96,9.0,3D,2025-08-20 19:19:50-04:00,POINT (-80.97317 33.972202)
2025-08-20 19:02:03 UTC,sensor04,300372246,28.65,66.44,2025-08-20 23:19:55+00:00,33.972418,-80.97302,46.1,5.6,1.0,30.83,9.0,3D,2025-08-20 19:19:55-04:00,POINT (-80.97302 33.972418)
2025-08-20 19:02:08 UTC,sensor04,300372246,28.68,66.43,2025-08-20 23:20:00+00:00,33.97261,-80.97287,50.8,4.09,0.7,35.0,9.0,3D,2025-08-20 19:20:00-04:00,POINT (-80.97287 33.97261)
2025-08-20 19:02:13 UTC,sensor04,300372246,28.69,67.02,2025-08-20 23:20:05+00:00,33.972655,-80.972697,54.9,4.17,0.7,100.5,9.0,3D,2025-08-20 19:20:05-04:00,POINT (-80.972697 33.972655)
2025-08-20 19:02:18 UTC,sensor04,300372246,28.68,67.58,2025-08-20 23:20:10+00:00,33.972475,-80.972368,58.4,7.36,0.7,119.23,9.0,3D,2025-08-20 19:20:10-04:00,POINT (-80.972368 33.972475)
2025-08-20 19:02:23 UTC,sensor04,300372246,28.7,68.26,2025-08-20 23:20:15+00:00,33.972278,-80.97204,62.0,7.4,0.5,119.33,9.0,3D,2025-08-20 19:20:15-04:00,POINT (-80.97204 33.972278)
2025-08-20 19:02:28 UTC,sensor04,300372246,28.68,67.85,2025-08-20 23:20:20+00:00,33.972072,-80.971585,64.1,10.16,0.5,119.04,9.0,3D,2025-08-20 19:20:20-04:00,POINT (-80.971585 33.972072)
2025-08-20 19:02:33 UTC,sensor04,300372246,28.76,66.9,2025-08-20 23:20:25+00:00,33.971825,-80.971087,66.7,10.13,0.5,123.1,9.0,3D,2025-08-20 19:20:25-04:00,POINT (-80.971087 33.971825)
2025-08-20 19:02:38 UTC,sensor04,300372246,28.77,66.52,2025-08-20 23:20:31+00:00,33.97156,-80.970573,70.0,8.89,0.5,0.0,9.0,3D,2025-08-20 19:20:31-04:00,POINT (-80.970573 33.97156)
2025-08-20 19:02:43 UTC,sensor04,300372246,28.73,67.34,2025-08-20 23:20:36+00:00,33.971365,-80.970182,72.6,8.05,0.5,0.0,9.0,3D,2025-08-20 19:20:36-04:00,POINT (-80.970182 33.971365)
2025-08-20 19:02:48 UTC,sensor04,300372246,28.7,67.19,2025-08-20 23:20:41+00:00,33.971223,-80.970032,74.8,2.61,0.4,0.0,9.0,3D,2025-08-20 19:20:41-04:00,POINT (-80.970032 33.971223)
2025-08-20 19:02:53 UTC,sensor04,300372246,28.74,66.98,2025-08-20 23:20:46+00:00,33.971242,-80.969692,77.5,9.23,0.7,79.01,9.0,3D,2025-08-20 19:20:46-04:00,POINT (-80.969692 33.971242)
2025-08-20 19:02:58 UTC,sensor04,300372246,28.8,66.87,2025-08-20 23:20:51+00:00,33.971275,-80.969192,79.7,8.99,0.4,92.85,9.0,3D,2025-08-20 19:20:51-04:00,POINT (-80.969192 33.971275)
2025-08-20 19:03:04 UTC,sensor04,300372246,28.71,66.49,2025-08-20 23:20:56+00:00,33.971268,-80.968817,82.3,4.55,0.5,91.97,9.0,3D,2025-08-20 19:20:56-04:00,POINT (-80.968817 33.971268)
2025-08-20 19:03:34 UTC,sensor04,300372246,28.92,66.03,2025-08-20 23:21:26+00:00,33.971548,-80.968625,84.8,9.45,0.1,7.16,9.0,3D,2025-08-20 19:21:26-04:00,POINT (-80.968625 33.971548)
2025-08-20 19:03:39 UTC,sensor04,300372246,28.97,65.66,2025-08-20 23:21:31+00:00,33.97204,-80.96853,86.0,11.52,0.3,9.01,9.0,3D,2025-08-20 19:21:31-04:00,POINT (-80.96853 33.97204)
2025-08-20 19:03:44 UTC,sensor04,300372246,28.89,65.46,2025-08-20 23:21:36+00:00,33.972598,-80.96842,85.6,11.71,-0.1,9.25,9.0,3D,2025-08-20 19:21:36-04:00,POINT (-80.96842 33.972598)
2025-08-20 19:03:49 UTC,sensor04,300372246,28.85,65.58,2025-08-20 23:21:41+00:00,33.97306,-80.968325,86.3,9.36,0.1,10.81,9.0,3D,2025-08-20 19:21:41-04:00,POINT (-80.968325 33.97306)
2025-08-20 19:03:54 UTC,sensor04,300372246,28.79,65.89,2025-08-20 23:21:46+00:00,33.97338,-80.968188,86.9,4.62,0.0,27.7,9.0,3D,2025-08-20 19:21:46-04:00,POINT (-80.968188 33.97338)
2025-08-20 19:03:59 UTC,sensor04,300372246,28.73,66.21,2025-08-20 23:21:51+00:00,33.973282,-80.967873,87.5,8.48,0.2,117.13,9.0,3D,2025-08-20 19:21:51-04:00,POINT (-80.967873 33.973282)
2025-08-20 19:04:04 UTC,sensor04,300372246,28.72,65.41,2025-08-20 23:21:56+00:00,33.973047,-80.967413,88.0,9.67,0.1,120.99,9.0,3D,2025-08-20 19:21:56-04:00,POINT (-80.967413 33.973047)
2025-08-20 19:04:09 UTC,sensor04,300372246,28.74,65.26,2025-08-20 23:22:01+00:00,33.972812,-80.966968,88.2,8.72,0.0,119.52,9.0,3D,2025-08-20 19:22:01-04:00,POINT (-80.966968 33.972812)
2025-08-20 19:04:14 UTC,sensor04,300372246,28.71,65.67,2025-08-20 23:22:06+00:00,33.97264,-80.966538,88.2,8.21,0.0,105.39,9.0,3D,2025-08-20 19:22:06-04:00,POINT (-80.966538 33.97264)
2025-08-20 19:04:19 UTC,sensor04,300372246,28.63,66.52,2025-08-20 23:22:11+00:00,33.972708,-80.96605,87.9,9.98,0.0,65.44,9.0,3D,2025-08-20 19:22:11-04:00,POINT (-80.96605 33.972708)
2025-08-20 19:04:24 UTC,sensor04,300372246,28.66,66.33,2025-08-20 23:22:16+00:00,33.973058,-80.9657,87.8,9.7,0.1,34.04,9.0,3D,2025-08-20 19:22:16-04:00,POINT (-80.9657 33.973058)
2025-08-20 19:04:29 UTC,sensor04,300372246,28.64,66.56,2025-08-20 23:22:22+00:00,33.973492,-80.965458,85.6,7.87,-1.4,0.0,9.0,3D,2025-08-20 19:22:22-04:00,POINT (-80.965458 33.973492)
2025-08-20 19:04:34 UTC,sensor04,300372246,28.65,66.13,2025-08-20 23:22:27+00:00,33.973512,-80.965208,86.0,6.12,0.1,0.0,9.0,3D,2025-08-20 19:22:27-04:00,POINT (-80.965208 33.973512)
2025-08-20 19:04:39 UTC,sensor04,300372246,28.65,66.37,2025-08-20 23:22:32+00:00,33.973375,-80.964857,86.4,6.7,0.1,0.0,9.0,3D,2025-08-20 19:22:32-04:00,POINT (-80.964857 33.973375)
2025-08-20 19:04:44 UTC,sensor04,300372246,28.65,66.34,2025-08-20 23:22:37+00:00,33.97323,-80.964535,86.8,7.41,0.1,118.52,9.0,3D,2025-08-20 19:22:37-04:00,POINT (-80.964535 33.97323)
2025-08-20 19:04:49 UTC,sensor04,300372246,28.69,66.6,2025-08-20 23:22:42+00:00,33.97302,-80.964143,87.2,9.13,0.1,122.51,9.0,3D,2025-08-20 19:22:42-04:00,POINT (-80.964143 33.97302)
2025-08-20 19:04:54 UTC,sensor04,300372246,28.71,66.53,2025-08-20 23:22:47+00:00,33.972792,-80.963692,87.9,9.69,0.2,119.44,9.0,3D,2025-08-20 19:22:47-04:00,POINT (-80.963692 33.972792)
2025-08-20 19:05:00 UTC,sensor04,300372246,28.62,67.03,2025-08-20 23:22:51+00:00,33.972618,-80.963323,87.6,8.93,-0.5,118.42,9.0,3D,2025-08-20 19:22:51-04:00,POINT (-80.963323 33.972618)
2025-08-20 19:05:05 UTC,sensor04,300372246,28.54,67.24,2025-08-20 23:22:56+00:00,33.97238,-80.962845,86.4,10.14,-0.9,120.75,9.0,3D,2025-08-20 19:22:56-04:00,POINT (-80.962845 33.97238)
2025-08-20 19:05:10 UTC,sensor04,300372246,28.72,66.88,2025-08-20 23:22:56+00:00,33.97238,-80.962845,86.4,10.14,-0.9,120.75,9.0,3D,2025-08-20 19:22:56-04:00,POINT (-80.962845 33.97238)
2025-08-20 19:05:15 UTC,sensor04,300372246,28.76,65.68,2025-08-20 23:23:07+00:00,33.971868,-80.961817,86.7,9.19,0.0,121.57,9.0,3D,2025-08-20 19:23:07-04:00,POINT (-80.961817 33.971868)
2025-08-20 19:05:20 UTC,sensor04,300372246,28.7,65.72,2025-08-20 23:23:12+00:00,33.971658,-80.96137,85.8,8.91,-0.8,118.43,9.0,3D,2025-08-20 19:23:12-04:00,POINT (-80.96137 33.971658)
2025-08-20 19:05:25 UTC,sensor04,300372246,28.68,66.27,2025-08-20 23:23:17+00:00,33.971473,-80.96098,85.7,7.39,0.0,120.46,9.0,3D,2025-08-20 19:23:17-04:00,POINT (-80.96098 33.971473)
2025-08-20 19:05:30 UTC,sensor04,300372246,28.73,66.33,2025-08-20 23:23:22+00:00,33.971305,-80.960672,85.9,5.5,0.0,126.33,9.0,3D,2025-08-20 19:23:22-04:00,POINT (-80.960672 33.971305)
2025-08-20 19:05:35 UTC,sensor04,300372246,28.8,66.06,2025-08-20 23:23:27+00:00,33.971248,-80.96052,85.7,3.9,0.0,74.0,9.0,3D,2025-08-20 19:23:27-04:00,POINT (-80.96052 33.971248)
2025-08-20 19:05:40 UTC,sensor04,300372246,28.93,65.14,2025-08-20 23:23:32+00:00,33.971465,-80.960282,85.8,6.93,0.1,34.13,9.0,3D,2025-08-20 19:23:32-04:00,POINT (-80.960282 33.971465)
2025-08-20 19:05:45 UTC,sensor04,300372246,28.92,64.36,2025-08-20 23:23:37+00:00,33.97163,-80.96004,84.4,4.63,0.0,78.65,9.0,3D,2025-08-20 19:23:37-04:00,POINT (-80.96004 33.97163)
2025-08-20 19:05:50 UTC,sensor04,300372246,28.98,64.02,2025-08-20 23:23:42+00:00,33.971485,-80.959725,83.9,6.18,-0.1,118.69,9.0,3D,2025-08-20 19:23:42-04:00,POINT (-80.959725 33.971485)
2025-08-20 19:05:55 UTC,sensor04,300372246,29.12,63.74,2025-08-20 23:23:47+00:00,33.971332,-80.959413,83.3,6.43,-0.1,121.64,9.0,3D,2025-08-20 19:23:47-04:00,POINT (-80.959413 33.971332)
2025-08-20 19:06:00 UTC,sensor04,300372246,29.14,63.37,2025-08-20 23:23:52+00:00,33.971268,-80.959265,82.7,2.54,0.0,83.5,9.0,3D,2025-08-20 19:23:52-04:00,POINT (-80.959265 33.971268)
2025-08-20 19:06:05 UTC,sensor04,300372246,29.07,63.07,2025-08-20 23:23:57+00:00,33.971463,-80.959032,82.7,8.51,0.1,32.66,9.0,3D,2025-08-20 19:23:57-04:00,POINT (-80.959032 33.971463)
2025-08-20 19:06:10 UTC,sensor04,300372246,29.18,63.04,2025-08-20 23:24:03+00:00,33.971878,-80.958727,82.6,9.43,0.0,0.0,9.0,3D,2025-08-20 19:24:03-04:00,POINT (-80.958727 33.971878)
2025-08-20 19:06:15 UTC,sensor04,300372246,29.12,62.79,2025-08-20 23:24:08+00:00,33.972267,-80.958448,83.0,9.67,0.1,0.0,9.0,3D,2025-08-20 19:24:08-04:00,POINT (-80.958448 33.972267)
2025-08-20 19:06:20 UTC,sensor04,300372246,29.08,62.81,2025-08-20 23:24:13+00:00,33.972672,-80.95829,83.5,9.37,0.2,0.0,9.0,3D,2025-08-20 19:24:13-04:00,POINT (-80.95829 33.972672)
2025-08-20 19:06:25 UTC,sensor04,300372246,29.08,63.0,2025-08-20 23:24:18+00:00,33.973103,-80.958293,81.2,9.04,0.1,1.08,9.0,3D,2025-08-20 19:24:18-04:00,POINT (-80.958293 33.973103)
2025-08-20 19:06:30 UTC,sensor04,300372246,29.14,63.24,2025-08-20 23:24:23+00:00,33.973478,-80.958237,81.7,6.94,0.1,15.55,9.0,3D,2025-08-20 19:24:23-04:00,POINT (-80.958237 33.973478)
2025-08-20 19:06:36 UTC,sensor04,300372246,29.11,63.05,2025-08-20 23:24:28+00:00,33.973728,-80.958327,81.8,6.65,0.1,309.22,9.0,3D,2025-08-20 19:24:28-04:00,POINT (-80.958327 33.973728)
2025-08-20 19:06:41 UTC,sensor04,300372246,29.06,63.07,2025-08-20 23:24:33+00:00,33.973862,-80.958712,82.2,7.58,0.1,277.67,9.0,3D,2025-08-20 19:24:33-04:00,POINT (-80.958712 33.973862)
2025-08-20 19:06:46 UTC,sensor04,300372246,29.03,63.15,2025-08-20 23:24:38+00:00,33.973782,-80.959117,82.0,7.46,-0.1,241.98,9.0,3D,2025-08-20 19:24:38-04:00,POINT (-80.959117 33.973782)
2025-08-20 19:06:51 UTC,sensor04,300372246,29.08,63.42,2025-08-20 23:24:43+00:00,33.973687,-80.95934,80.1,3.02,0.0,257.8,9.0,3D,2025-08-20 19:24:43-04:00,POINT (-80.95934 33.973687)
2025-08-20 19:06:56 UTC,sensor04,300372246,29.07,63.53,2025-08-20 23:24:48+00:00,33.973625,-80.959563,78.3,5.16,0.1,244.37,9.0,3D,2025-08-20 19:24:48-04:00,POINT (-80.959563 33.973625)
2025-08-20 19:07:01 UTC,sensor04,300372246,29.05,63.4,2025-08-20 23:24:52+00:00,33.973625,-80.959777,78.2,5.41,-0.1,0.0,9.0,3D,2025-08-20 19:24:52-04:00,POINT (-80.959777 33.973625)
2025-08-20 19:07:06 UTC,sensor04,300372246,29.15,63.42,2025-08-20 23:24:57+00:00,33.973798,-80.959978,77.4,5.0,-0.3,318.84,9.0,3D,2025-08-20 19:24:57-04:00,POINT (-80.959978 33.973798)
2025-08-20 19:07:11 UTC,sensor04,300372246,29.13,63.25,2025-08-20 23:24:57+00:00,33.973798,-80.959978,77.4,5.0,-0.3,318.84,9.0,3D,2025-08-20 19:24:57-04:00,POINT (-80.959978 33.973798)
2025-08-20 19:07:16 UTC,sensor04,300372246,29.06,63.03,2025-08-20 23:25:08+00:00,33.974135,-80.960362,72.8,3.77,-0.2,282.18,9.0,3D,2025-08-20 19:25:08-04:00,POINT (-80.960362 33.974135)
2025-08-20 19:07:21 UTC,sensor04,300372246,29.1,63.01,2025-08-20 23:25:13+00:00,33.974017,-80.960467,72.3,2.85,-0.1,160.43,9.0,3D,2025-08-20 19:25:13-04:00,POINT (-80.960467 33.974017)
2025-08-20 19:07:26 UTC,sensor04,300372246,29.12,63.04,2025-08-20 23:25:18+00:00,33.973848,-80.96033,71.8,5.27,-0.1,143.22,9.0,3D,2025-08-20 19:25:18-04:00,POINT (-80.96033 33.973848)
2025-08-20 19:07:31 UTC,sensor04,300372246,29.2,63.1,2025-08-20 23:25:23+00:00,33.973633,-80.96012,71.3,5.69,-0.1,136.88,9.0,3D,2025-08-20 19:25:23-04:00,POINT (-80.96012 33.973633)
2025-08-20 19:07:36 UTC,sensor04,300372246,29.24,62.99,2025-08-20 23:25:28+00:00,33.973455,-80.95998,70.3,3.08,-0.2,174.93,9.0,3D,2025-08-20 19:25:28-04:00,POINT (-80.95998 33.973455)
2025-08-20 19:07:41 UTC,sensor04,300372246,29.3,62.89,2025-08-20 23:25:33+00:00,33.97342,-80.960107,69.3,3.78,-0.2,288.15,9.0,3D,2025-08-20 19:25:33-04:00,POINT (-80.960107 33.97342)
2025-08-20 19:07:46 UTC,sensor04,300372246,29.31,62.6,2025-08-20 23:25:38+00:00,33.973593,-80.96032,68.6,6.25,-0.1,317.03,9.0,3D,2025-08-20 19:25:38-04:00,POINT (-80.96032 33.973593)
2025-08-20 19:07:51 UTC,sensor04,300372246,29.28,62.43,2025-08-20 23:25:43+00:00,33.973808,-80.960557,67.9,5.3,-0.2,319.59,9.0,3D,2025-08-20 19:25:43-04:00,POINT (-80.960557 33.973808)
2025-08-20 19:07:56 UTC,sensor04,300372246,29.26,63.46,2025-08-20 23:25:48+00:00,33.97387,-80.96072,67.2,2.3,-0.2,255.53,9.0,3D,2025-08-20 19:25:48-04:00,POINT (-80.96072 33.97387)
2025-08-20 19:08:01 UTC,sensor04,300372246,29.29,62.65,2025-08-20 23:25:54+00:00,33.97363,-80.960568,67.5,7.45,-0.1,0.0,9.0,3D,2025-08-20 19:25:54-04:00,POINT (-80.960568 33.97363)
2025-08-20 19:08:06 UTC,sensor04,300372246,29.35,62.48,2025-08-20 23:25:59+00:00,33.973358,-80.960342,67.8,7.04,-0.1,0.0,9.0,3D,2025-08-20 19:25:59-04:00,POINT (-80.960342 33.973358)
2025-08-20 19:08:11 UTC,sensor04,300372246,29.24,62.3,2025-08-20 23:26:04+00:00,33.973252,-80.960013,67.2,6.78,-0.1,0.0,9.0,3D,2025-08-20 19:26:04-04:00,POINT (-80.960013 33.973252)
2025-08-20 19:08:16 UTC,sensor04,300372246,29.19,62.58,2025-08-20 23:26:09+00:00,33.973343,-80.959675,66.4,6.39,-0.2,0.0,9.0,3D,2025-08-20 19:26:09-04:00,POINT (-80.959675 33.973343)
2025-08-20 19:08:21 UTC,sensor04,300372246,29.13,62.94,2025-08-20 23:26:14+00:00,33.97356,-80.959543,65.7,4.12,-0.2,20.39,9.0,3D,2025-08-20 19:26:14-04:00,POINT (-80.959543 33.97356)
2025-08-20 19:08:31 UTC,sensor04,300372246,29.07,63.17,2025-08-20 23:26:24+00:00,33.973467,-80.959418,62.8,5.34,-0.3,195.66,9.0,3D,2025-08-20 19:26:24-04:00,POINT (-80.959418 33.973467)
2025-08-20 19:08:37 UTC,sensor04,300372246,29.07,63.13,2025-08-20 23:26:29+00:00,33.973213,-80.959625,61.5,7.5,-0.2,225.74,9.0,3D,2025-08-20 19:26:29-04:00,POINT (-80.959625 33.973213)
2025-08-20 19:08:42 UTC,sensor04,300372246,29.01,63.17,2025-08-20 23:26:34+00:00,33.973087,-80.96,61.5,7.02,-0.2,269.17,9.0,3D,2025-08-20 19:26:34-04:00,POINT (-80.96 33.973087)
2025-08-20 19:08:47 UTC,sensor04,300372246,29.12,63.13,2025-08-20 23:26:39+00:00,33.973198,-80.960393,60.5,7.96,-0.3,304.55,9.0,3D,2025-08-20 19:26:39-04:00,POINT (-80.960393 33.973198)
2025-08-20 19:08:52 UTC,sensor04,300372246,29.34,62.7,2025-08-20 23:26:44+00:00,33.973502,-80.960692,60.4,8.29,0.2,319.71,9.0,3D,2025-08-20 19:26:44-04:00,POINT (-80.960692 33.973502)
2025-08-20 19:08:57 UTC,sensor04,300372246,29.31,62.53,2025-08-20 23:26:49+00:00,33.973728,-80.961032,60.7,8.27,0.0,300.64,9.0,3D,2025-08-20 19:26:49-04:00,POINT (-80.961032 33.973728)
2025-08-20 19:09:02 UTC,sensor04,300372246,29.27,63.21,2025-08-20 23:26:53+00:00,33.973938,-80.961322,60.5,9.55,0.0,0.0,9.0,3D,2025-08-20 19:26:53-04:00,POINT (-80.961322 33.973938)
2025-08-20 19:09:07 UTC,sensor04,300372246,29.29,63.57,2025-08-20 23:26:59+00:00,33.974355,-80.961768,60.6,10.47,0.0,318.88,9.0,3D,2025-08-20 19:26:59-04:00,POINT (-80.961768 33.974355)
2025-08-20 19:09:12 UTC,sensor04,300372246,29.27,63.25,2025-08-20 23:27:04+00:00,33.974722,-80.96215,60.3,9.92,-0.1,320.09,9.0,3D,2025-08-20 19:27:04-04:00,POINT (-80.96215 33.974722)
2025-08-20 19:09:17 UTC,sensor04,300372246,29.22,63.37,2025-08-20 23:27:09+00:00,33.975067,-80.96249,59.7,10.08,-0.2,321.71,9.0,3D,2025-08-20 19:27:09-04:00,POINT (-80.96249 33.975067)
2025-08-20 19:09:22 UTC,sensor04,300372246,29.06,63.73,2025-08-20 23:27:14+00:00,33.975402,-80.962837,59.4,9.73,0.1,324.21,9.0,3D,2025-08-20 19:27:14-04:00,POINT (-80.962837 33.975402)
2025-08-20 19:09:27 UTC,sensor04,300372246,28.9,64.09,2025-08-20 23:27:19+00:00,33.975745,-80.963138,60.1,8.66,0.2,327.02,9.0,3D,2025-08-20 19:27:19-04:00,POINT (-80.963138 33.975745)
2025-08-20 19:09:32 UTC,sensor04,300372246,28.95,64.4,2025-08-20 23:27:24+00:00,33.976105,-80.963397,60.7,9.56,0.0,332.44,9.0,3D,2025-08-20 19:27:24-04:00,POINT (-80.963397 33.976105)
2025-08-20 19:09:37 UTC,sensor04,300372246,29.0,64.37,2025-08-20 23:27:29+00:00,33.976502,-80.963648,61.3,9.85,0.0,332.35,9.0,3D,2025-08-20 19:27:29-04:00,POINT (-80.963648 33.976502)
2025-08-20 19:09:42 UTC,sensor04,300372246,28.94,64.47,2025-08-20 23:27:34+00:00,33.976913,-80.963823,61.5,9.98,0.0,344.29,9.0,3D,2025-08-20 19:27:34-04:00,POINT (-80.963823 33.976913)
2025-08-20 19:09:47 UTC,sensor04,300372246,28.9,64.61,2025-08-20 23:27:39+00:00,33.977358,-80.963978,61.8,10.42,0.1,342.3,9.0,3D,2025-08-20 19:27:39-04:00,POINT (-80.963978 33.977358)
2025-08-20 19:09:52 UTC,sensor04,300372246,28.83,64.84,2025-08-20 23:27:44+00:00,33.977757,-80.964178,62.2,9.96,0.1,325.46,9.0,3D,2025-08-20 19:27:44-04:00,POINT (-80.964178 33.977757)
2025-08-20 19:09:57 UTC,sensor04,300372246,28.86,64.7,2025-08-20 23:27:49+00:00,33.978105,-80.964527,62.7,9.1,0.0,318.89,9.0,3D,2025-08-20 19:27:49-04:00,POINT (-80.964527 33.978105)
2025-08-20 19:10:02 UTC,sensor04,300372246,28.82,64.94,2025-08-20 23:27:55+00:00,33.978375,-80.964738,63.2,3.96,0.2,0.0,9.0,3D,2025-08-20 19:27:55-04:00,POINT (-80.964738 33.978375)
2025-08-20 19:10:07 UTC,sensor04,300372246,28.81,65.26,2025-08-20 23:28:00+00:00,33.978513,-80.964543,64.9,4.16,0.1,0.0,9.0,3D,2025-08-20 19:28:00-04:00,POINT (-80.964543 33.978513)
2025-08-20 19:10:12 UTC,sensor04,300372246,28.95,65.18,2025-08-20 23:28:05+00:00,33.978623,-80.964393,66.4,4.62,0.3,0.0,9.0,3D,2025-08-20 19:28:05-04:00,POINT (-80.964393 33.978623)
2025-08-20 19:10:17 UTC,sensor04,300372246,29.05,64.71,2025-08-20 23:28:10+00:00,33.978773,-80.964255,68.1,4.93,0.6,0.0,4.0,3D,2025-08-20 19:28:10-04:00,POINT (-80.964255 33.978773)
2025-08-20 19:10:22 UTC,sensor04,300372246,28.92,64.65,2025-08-20 23:28:15+00:00,33.97888,-80.964098,69.6,4.86,0.3,0.0,8.0,3D,2025-08-20 19:28:15-04:00,POINT (-80.964098 33.97888)
2025-08-20 19:10:33 UTC,sensor04,300372246,28.78,65.09,2025-08-20 23:28:25+00:00,33.979052,-80.963813,69.8,3.66,0.0,0.0,9.0,3D,2025-08-20 19:28:25-04:00,POINT (-80.963813 33.979052)
2025-08-20 19:10:38 UTC,sensor04,300372246,28.78,65.19,2025-08-20 23:28:30+00:00,33.978962,-80.963658,69.7,3.02,0.0,134.6,9.0,3D,2025-08-20 19:28:30-04:00,POINT (-80.963658 33.978962)
2025-08-20 19:10:43 UTC,sensor04,300372246,28.75,65.06,2025-08-20 23:28:35+00:00,33.978975,-80.963433,70.0,6.38,0.1,62.84,9.0,3D,2025-08-20 19:28:35-04:00,POINT (-80.963433 33.978975)
2025-08-20 19:10:48 UTC,sensor04,300372246,28.84,65.29,2025-08-20 23:28:40+00:00,33.9792,-80.963087,71.5,7.45,0.2,46.68,9.0,3D,2025-08-20 19:28:40-04:00,POINT (-80.963087 33.9792)
2025-08-20 19:10:53 UTC,sensor04,300372246,28.76,65.37,2025-08-20 23:28:45+00:00,33.979405,-80.962823,71.7,4.51,0.0,50.85,9.0,3D,2025-08-20 19:28:45-04:00,POINT (-80.962823 33.979405)
2025-08-20 19:10:58 UTC,sensor04,300372246,28.72,65.56,2025-08-20 23:28:50+00:00,33.97943,-80.962635,71.9,4.25,0.1,99.05,9.0,3D,2025-08-20 19:28:50-04:00,POINT (-80.962635 33.97943)
2025-08-20 19:11:03 UTC,sensor04,300372246,28.74,65.75,2025-08-20 23:28:55+00:00,33.979162,-80.962377,72.2,7.62,0.1,139.83,9.0,3D,2025-08-20 19:28:55-04:00,POINT (-80.962377 33.979162)
2025-08-20 19:11:08 UTC,sensor04,300372246,28.75,66.01,2025-08-20 23:29:00+00:00,33.97901,-80.962225,72.0,2.47,-0.04,139.73,9.0,3D,2025-08-20 19:29:00-04:00,POINT (-80.962225 33.97901)
2025-08-20 19:11:13 UTC,sensor04,300372246,28.77,65.53,2025-08-20 23:29:05+00:00,33.978828,-80.962013,71.8,7.44,-0.1,134.84,9.0,3D,2025-08-20 19:29:05-04:00,POINT (-80.962013 33.978828)
2025-08-20 19:11:18 UTC,sensor04,300372246,28.73,65.39,2025-08-20 23:29:10+00:00,33.978615,-80.961778,72.3,3.66,0.1,141.79,9.0,3D,2025-08-20 19:29:10-04:00,POINT (-80.961778 33.978615)
2025-08-20 19:11:23 UTC,sensor04,300372246,28.74,65.64,2025-08-20 23:29:15+00:00,33.9785,-80.961642,73.2,4.37,0.2,137.44,9.0,3D,2025-08-20 19:29:15-04:00,POINT (-80.961642 33.9785)
2025-08-20 19:11:43 UTC,sensor04,300372246,28.76,65.24,2025-08-20 23:29:35+00:00,33.978387,-80.961517,75.0,3.21,0.1,316.96,9.0,3D,2025-08-20 19:29:35-04:00,POINT (-80.961517 33.978387)
2025-08-20 22:34:30 UTC,sensor05,236476602,29.32,64.74,2025-08-20 22:57:09+00:00,34.002223,-81.012868,69.7,3.07,0.0,21.31,9.0,3D,2025-08-20 18:57:09-04:00,POINT (-81.012868 34.002223)
2025-08-20 22:34:35 UTC,sensor05,236476602,29.19,65.02,2025-08-20 22:57:14+00:00,34.002367,-81.012937,69.4,4.05,-0.1,318.46,9.0,3D,2025-08-20 18:57:14-04:00,POINT (-81.012937 34.002367)
2025-08-20 22:34:40 UTC,sensor05,236476602,29.14,65.47,2025-08-20 22:57:19+00:00,34.002517,-81.01312,69.1,4.97,-0.1,311.72,9.0,3D,2025-08-20 18:57:19-04:00,POINT (-81.01312 34.002517)
2025-08-20 22:34:45 UTC,sensor05,236476602,29.09,65.64,2025-08-20 22:57:24+00:00,34.002647,-81.013277,69.1,2.72,0.0,323.02,9.0,3D,2025-08-20 18:57:24-04:00,POINT (-81.013277 34.002647)
2025-08-20 22:34:55 UTC,sensor05,236476602,29.24,67.02,2025-08-20 22:57:34+00:00,34.002698,-81.013438,69.0,3.56,0.1,267.43,9.0,3D,2025-08-20 18:57:34-04:00,POINT (-81.013438 34.002698)
2025-08-20 22:35:00 UTC,sensor05,236476602,29.18,66.16,2025-08-20 22:57:39+00:00,34.002552,-81.013683,68.6,6.42,-0.1,229.68,9.0,3D,2025-08-20 18:57:39-04:00,POINT (-81.013683 34.002552)
2025-08-20 22:35:05 UTC,sensor05,236476602,29.18,65.51,2025-08-20 22:57:44+00:00,34.002397,-81.013893,68.5,3.33,-0.1,246.85,9.0,3D,2025-08-20 18:57:44-04:00,POINT (-81.013893 34.002397)
2025-08-20 22:35:10 UTC,sensor05,236476602,29.14,65.31,2025-08-20 22:57:49+00:00,34.00228,-81.013995,68.6,5.03,0.0,224.17,9.0,3D,2025-08-20 18:57:49-04:00,POINT (-81.013995 34.00228)
2025-08-20 22:35:15 UTC,sensor05,236476602,29.2,65.19,2025-08-20 22:57:54+00:00,34.002092,-81.014237,68.3,6.07,-0.1,222.64,9.0,3D,2025-08-20 18:57:54-04:00,POINT (-81.014237 34.002092)
2025-08-20 22:35:20 UTC,sensor05,236476602,29.18,65.22,2025-08-20 22:57:59+00:00,34.001882,-81.01444,68.2,6.05,0.0,212.22,9.0,3D,2025-08-20 18:57:59-04:00,POINT (-81.01444 34.001882)
2025-08-20 22:35:25 UTC,sensor05,236476602,29.04,65.44,2025-08-20 22:58:04+00:00,34.001618,-81.014627,68.3,6.99,0.1,210.58,9.0,3D,2025-08-20 18:58:04-04:00,POINT (-81.014627 34.001618)
2025-08-20 22:35:30 UTC,sensor05,236476602,28.91,66.14,2025-08-20 22:58:09+00:00,34.001333,-81.01485,68.6,7.5,0.0,211.19,9.0,3D,2025-08-20 18:58:09-04:00,POINT (-81.01485 34.001333)
2025-08-20 22:35:35 UTC,sensor05,236476602,28.85,66.12,2025-08-20 22:58:14+00:00,34.00104,-81.015078,68.9,6.75,0.0,215.03,9.0,3D,2025-08-20 18:58:14-04:00,POINT (-81.015078 34.00104)
2025-08-20 22:35:40 UTC,sensor05,236476602,28.9,66.35,2025-08-20 22:58:19+00:00,34.000788,-81.015285,68.4,5.54,-0.1,215.3,9.0,3D,2025-08-20 18:58:19-04:00,POINT (-81.015285 34.000788)
2025-08-20 22:35:45 UTC,sensor05,236476602,28.99,65.86,2025-08-20 22:58:24+00:00,34.000712,-81.015368,67.5,3.32,-0.2,224.27,9.0,3D,2025-08-20 18:58:24-04:00,POINT (-81.015368 34.000712)
2025-08-20 22:35:50 UTC,sensor05,236476602,29.2,65.98,2025-08-20 22:58:29+00:00,34.00062,-81.015627,67.3,5.43,0.1,246.58,9.0,3D,2025-08-20 18:58:29-04:00,POINT (-81.015627 34.00062)
2025-08-20 22:35:55 UTC,sensor05,236476602,29.44,65.1,2025-08-20 22:58:34+00:00,34.000533,-81.01588,67.1,5.38,-0.1,248.16,9.0,3D,2025-08-20 18:58:34-04:00,POINT (-81.01588 34.000533)
2025-08-20 22:36:00 UTC,sensor05,236476602,29.39,64.31,2025-08-20 22:58:39+00:00,34.000433,-81.016072,67.3,3.77,-0.1,245.77,9.0,3D,2025-08-20 18:58:39-04:00,POINT (-81.016072 34.000433)
2025-08-20 22:36:31 UTC,sensor05,236476602,29.8,62.89,2025-08-20 22:59:10+00:00,34.000448,-81.01641,67.6,3.51,-0.1,239.68,9.0,3D,2025-08-20 18:59:10-04:00,POINT (-81.01641 34.000448)
2025-08-20 22:36:36 UTC,sensor05,236476602,29.72,63.07,2025-08-20 22:59:15+00:00,34.000332,-81.01678,67.1,8.54,-0.1,248.72,9.0,3D,2025-08-20 18:59:15-04:00,POINT (-81.01678 34.000332)
2025-08-20 22:36:41 UTC,sensor05,236476602,29.61,63.36,2025-08-20 22:59:20+00:00,34.000173,-81.017273,67.1,9.79,0.1,247.75,9.0,3D,2025-08-20 18:59:20-04:00,POINT (-81.017273 34.000173)
2025-08-20 22:36:46 UTC,sensor05,236476602,29.71,63.49,2025-08-20 22:59:25+00:00,34.00003,-81.017772,67.2,9.92,0.0,251.85,9.0,3D,2025-08-20 18:59:25-04:00,POINT (-81.017772 34.00003)
2025-08-20 22:36:51 UTC,sensor05,236476602,29.8,63.56,2025-08-20 22:59:30+00:00,33.999868,-81.018243,67.7,9.62,0.1,249.53,9.0,3D,2025-08-20 18:59:30-04:00,POINT (-81.018243 33.999868)
2025-08-20 22:36:56 UTC,sensor05,236476602,29.54,63.61,2025-08-20 22:59:35+00:00,33.999727,-81.018662,68.3,7.95,0.1,251.66,9.0,3D,2025-08-20 18:59:35-04:00,POINT (-81.018662 33.999727)
2025-08-20 22:37:01 UTC,sensor05,236476602,29.53,64.17,2025-08-20 22:59:40+00:00,33.999577,-81.019012,68.5,6.14,0.0,225.39,9.0,3D,2025-08-20 18:59:40-04:00,POINT (-81.019012 33.999577)
2025-08-20 22:37:06 UTC,sensor05,236476602,29.43,64.36,2025-08-20 22:59:45+00:00,33.999225,-81.019062,68.5,8.22,0.0,190.97,9.0,3D,2025-08-20 18:59:45-04:00,POINT (-81.019062 33.999225)
2025-08-20 22:37:11 UTC,sensor05,236476602,29.8,64.83,2025-08-20 22:59:50+00:00,33.99879,-81.01908,67.7,9.18,-0.2,186.1,9.0,3D,2025-08-20 18:59:50-04:00,POINT (-81.01908 33.99879)
2025-08-20 22:37:16 UTC,sensor05,236476602,29.84,64.38,2025-08-20 22:59:55+00:00,33.99849,-81.019138,66.5,4.43,-0.3,193.71,9.0,3D,2025-08-20 18:59:55-04:00,POINT (-81.019138 33.99849)
2025-08-20 22:37:21 UTC,sensor05,236476602,29.82,63.24,2025-08-20 23:00:00+00:00,33.998393,-81.019217,65.4,2.67,-0.1,239.31,9.0,3D,2025-08-20 19:00:00-04:00,POINT (-81.019217 33.998393)
2025-08-20 22:37:26 UTC,sensor05,236476602,29.87,63.42,2025-08-20 23:00:05+00:00,33.998322,-81.019492,64.3,7.12,-0.3,249.18,9.0,3D,2025-08-20 19:00:05-04:00,POINT (-81.019492 33.998322)
2025-08-20 22:37:31 UTC,sensor05,236476602,30.08,64.0,2025-08-20 23:00:10+00:00,33.998187,-81.019958,63.5,10.7,-0.3,248.01,9.0,3D,2025-08-20 19:00:10-04:00,POINT (-81.019958 33.998187)
2025-08-20 22:37:36 UTC,sensor05,236476602,29.75,63.4,2025-08-20 23:00:15+00:00,33.99792,-81.020493,62.9,12.03,-0.1,237.19,10.0,3D,2025-08-20 19:00:15-04:00,POINT (-81.020493 33.99792)
2025-08-20 22:37:41 UTC,sensor05,236476602,30.01,63.33,2025-08-20 23:00:20+00:00,33.997562,-81.020995,62.5,11.17,-0.1,226.55,10.0,3D,2025-08-20 19:00:20-04:00,POINT (-81.020995 33.997562)
2025-08-20 22:37:46 UTC,sensor05,236476602,29.95,63.05,2025-08-20 23:00:25+00:00,33.997327,-81.021248,61.8,4.48,-0.1,223.01,10.0,3D,2025-08-20 19:00:25-04:00,POINT (-81.021248 33.997327)
2025-08-20 22:38:01 UTC,sensor05,236476602,29.87,62.88,2025-08-20 23:00:39+00:00,33.997258,-81.021293,60.2,2.92,-0.1,224.66,10.0,3D,2025-08-20 19:00:39-04:00,POINT (-81.021293 33.997258)
2025-08-20 22:38:06 UTC,sensor05,236476602,29.75,63.27,2025-08-20 23:00:39+00:00,33.997258,-81.021293,60.2,2.92,-0.1,224.66,10.0,3D,2025-08-20 19:00:39-04:00,POINT (-81.021293 33.997258)
2025-08-20 22:38:11 UTC,sensor05,236476602,29.81,63.48,2025-08-20 23:00:51+00:00,33.996502,-81.022145,59.5,13.23,-0.1,0.0,10.0,3D,2025-08-20 19:00:51-04:00,POINT (-81.022145 33.996502)
2025-08-20 22:38:16 UTC,sensor05,236476602,29.72,63.63,2025-08-20 23:00:56+00:00,33.99603,-81.02267,59.0,14.48,-0.1,0.0,9.0,3D,2025-08-20 19:00:56-04:00,POINT (-81.02267 33.99603)
2025-08-20 22:38:21 UTC,sensor05,236476602,29.57,63.94,2025-08-20 23:01:01+00:00,33.995603,-81.023173,58.4,12.4,0.0,224.19,9.0,3D,2025-08-20 19:01:01-04:00,POINT (-81.023173 33.995603)
2025-08-20 22:38:27 UTC,sensor05,236476602,29.54,64.63,2025-08-20 23:01:06+00:00,33.99526,-81.023635,58.5,8.07,0.1,228.31,9.0,3D,2025-08-20 19:01:06-04:00,POINT (-81.023635 33.99526)
2025-08-20 22:40:12 UTC,sensor05,236476602,30.36,62.58,2025-08-20 23:02:52+00:00,33.995165,-81.023843,60.7,3.2,0.0,0.0,9.0,3D,2025-08-20 19:02:52-04:00,POINT (-81.023843 33.995165)
2025-08-20 22:40:17 UTC,sensor05,236476602,30.01,62.92,2025-08-20 23:02:57+00:00,33.994928,-81.023705,60.9,8.41,-0.1,0.0,9.0,3D,2025-08-20 19:02:57-04:00,POINT (-81.023705 33.994928)
2025-08-20 22:40:23 UTC,sensor05,236476602,29.66,63.87,2025-08-20 23:03:02+00:00,33.994562,-81.023458,61.3,10.15,0.1,150.66,9.0,3D,2025-08-20 19:03:02-04:00,POINT (-81.023458 33.994562)
2025-08-20 22:40:28 UTC,sensor05,236476602,29.61,64.04,2025-08-20 23:03:07+00:00,33.994148,-81.02315,61.7,10.82,0.1,149.9,9.0,3D,2025-08-20 19:03:07-04:00,POINT (-81.02315 33.994148)
2025-08-20 22:40:33 UTC,sensor05,236476602,29.65,64.11,2025-08-20 23:03:12+00:00,33.993665,-81.022912,62.1,11.02,0.1,157.3,9.0,3D,2025-08-20 19:03:12-04:00,POINT (-81.022912 33.993665)
2025-08-20 22:40:38 UTC,sensor05,236476602,29.62,64.55,2025-08-20 23:03:17+00:00,33.99323,-81.02274,62.8,8.35,0.2,162.0,9.0,3D,2025-08-20 19:03:17-04:00,POINT (-81.02274 33.99323)
2025-08-20 22:40:43 UTC,sensor05,236476602,29.59,64.34,2025-08-20 23:03:22+00:00,33.992855,-81.022565,63.8,9.51,0.2,159.13,9.0,3D,2025-08-20 19:03:22-04:00,POINT (-81.022565 33.992855)
2025-08-20 22:40:48 UTC,sensor05,236476602,29.53,64.18,2025-08-20 23:03:27+00:00,33.992445,-81.022388,64.6,9.65,0.1,160.02,9.0,3D,2025-08-20 19:03:27-04:00,POINT (-81.022388 33.992445)
2025-08-20 22:40:53 UTC,sensor05,236476602,29.53,64.04,2025-08-20 23:03:32+00:00,33.992047,-81.022217,65.7,9.34,0.2,161.09,9.0,3D,2025-08-20 19:03:32-04:00,POINT (-81.022217 33.992047)
2025-08-20 22:40:58 UTC,sensor05,236476602,29.32,64.48,2025-08-20 23:03:37+00:00,33.991647,-81.022042,67.0,9.37,0.3,159.03,9.0,3D,2025-08-20 19:03:37-04:00,POINT (-81.022042 33.991647)
2025-08-20 22:41:03 UTC,sensor05,236476602,29.36,65.84,2025-08-20 23:03:42+00:00,33.991248,-81.021863,68.2,9.88,0.2,159.61,9.0,3D,2025-08-20 19:03:42-04:00,POINT (-81.021863 33.991248)
2025-08-20 22:41:08 UTC,sensor05,236476602,29.28,65.16,2025-08-20 23:03:47+00:00,33.990817,-81.021695,70.0,10.42,0.3,160.89,9.0,3D,2025-08-20 19:03:47-04:00,POINT (-81.021695 33.990817)
2025-08-20 22:41:13 UTC,sensor05,236476602,29.17,65.33,2025-08-20 23:03:52+00:00,33.990415,-81.02155,72.1,8.63,0.8,161.36,9.0,3D,2025-08-20 19:03:52-04:00,POINT (-81.02155 33.990415)
2025-08-20 22:41:18 UTC,sensor05,236476602,29.11,65.26,2025-08-20 23:03:57+00:00,33.990095,-81.021425,74.3,6.38,0.4,161.48,9.0,3D,2025-08-20 19:03:57-04:00,POINT (-81.021425 33.990095)
2025-08-20 22:41:33 UTC,sensor05,236476602,29.32,65.46,2025-08-20 23:04:12+00:00,33.989685,-81.021217,77.8,7.61,0.2,157.2,9.0,3D,2025-08-20 19:04:12-04:00,POINT (-81.021217 33.989685)
2025-08-20 22:41:38 UTC,sensor05,236476602,29.32,65.34,2025-08-20 23:04:17+00:00,33.989273,-81.020988,78.8,9.19,0.3,157.8,9.0,3D,2025-08-20 19:04:17-04:00,POINT (-81.020988 33.989273)
2025-08-20 22:41:43 UTC,sensor05,236476602,29.24,65.62,2025-08-20 23:04:22+00:00,33.988893,-81.020817,79.5,8.11,0.1,160.58,9.0,3D,2025-08-20 19:04:22-04:00,POINT (-81.020817 33.988893)
2025-08-20 22:41:48 UTC,sensor05,236476602,29.22,65.43,2025-08-20 23:04:27+00:00,33.988583,-81.020687,79.5,7.06,0.0,162.08,9.0,3D,2025-08-20 19:04:27-04:00,POINT (-81.020687 33.988583)
2025-08-20 22:41:53 UTC,sensor05,236476602,29.09,65.16,2025-08-20 23:04:33+00:00,33.988175,-81.020478,79.3,9.17,-0.1,0.0,9.0,3D,2025-08-20 19:04:33-04:00,POINT (-81.020478 33.988175)
2025-08-20 22:41:58 UTC,sensor05,236476602,29.07,66.1,2025-08-20 23:04:38+00:00,33.987747,-81.020225,78.0,12.53,-0.3,0.0,9.0,3D,2025-08-20 19:04:38-04:00,POINT (-81.020225 33.987747)
2025-08-20 22:42:03 UTC,sensor05,236476602,28.93,66.42,2025-08-20 23:04:40+00:00,33.987543,-81.02007,77.3,12.94,-0.3,147.36,9.0,3D,2025-08-20 19:04:40-04:00,POINT (-81.02007 33.987543)
2025-08-20 22:42:09 UTC,sensor05,236476602,28.96,66.13,2025-08-20 23:04:48+00:00,33.986862,-81.019297,74.3,11.87,-0.1,0.0,4.0,3D,2025-08-20 19:04:48-04:00,POINT (-81.019297 33.986862)
2025-08-20 22:42:14 UTC,sensor05,236476602,29.04,66.08,2025-08-20 23:04:53+00:00,33.986615,-81.018995,72.6,4.05,-0.6,0.0,4.0,3D,2025-08-20 19:04:53-04:00,POINT (-81.018995 33.986615)
2025-08-20 22:42:24 UTC,sensor05,236476602,29.14,66.46,2025-08-20 23:05:03+00:00,33.986633,-81.018725,70.0,4.69,-0.2,0.0,9.0,3D,2025-08-20 19:05:03-04:00,POINT (-81.018725 33.986633)
2025-08-20 22:42:29 UTC,sensor05,236476602,29.19,66.18,2025-08-20 23:05:08+00:00,33.986758,-81.018405,71.2,5.43,0.0,64.18,9.0,3D,2025-08-20 19:05:08-04:00,POINT (-81.018405 33.986758)
2025-08-20 22:42:34 UTC,sensor05,236476602,29.19,65.88,2025-08-20 23:05:13+00:00,33.986828,-81.018163,70.8,5.13,-0.1,76.61,9.0,3D,2025-08-20 19:05:13-04:00,POINT (-81.018163 33.986828)
2025-08-20 22:42:39 UTC,sensor05,236476602,29.06,65.4,2025-08-20 23:05:18+00:00,33.986915,-81.017947,70.6,4.59,-0.1,63.34,9.0,3D,2025-08-20 19:05:18-04:00,POINT (-81.017947 33.986915)
2025-08-20 22:42:44 UTC,sensor05,236476602,29.0,66.1,2025-08-20 23:05:23+00:00,33.986988,-81.017693,70.1,4.34,-0.2,70.9,9.0,3D,2025-08-20 19:05:23-04:00,POINT (-81.017693 33.986988)
2025-08-20 22:42:54 UTC,sensor05,236476602,29.06,66.31,2025-08-20 23:05:33+00:00,33.987035,-81.017458,68.8,2.24,-0.2,74.64,9.0,3D,2025-08-20 19:05:33-04:00,POINT (-81.017458 33.987035)
2025-08-20 22:42:59 UTC,sensor05,236476602,29.04,66.27,2025-08-20 23:05:38+00:00,33.987112,-81.017288,68.4,4.19,0.0,66.66,9.0,3D,2025-08-20 19:05:38-04:00,POINT (-81.017288 33.987112)
2025-08-20 22:43:04 UTC,sensor05,236476602,29.15,66.8,2025-08-20 23:05:43+00:00,33.987185,-81.017078,68.1,4.67,0.0,70.04,9.0,3D,2025-08-20 19:05:43-04:00,POINT (-81.017078 33.987185)
2025-08-20 22:43:09 UTC,sensor05,236476602,29.11,66.37,2025-08-20 23:05:48+00:00,33.987208,-81.016825,69.0,3.98,0.3,73.3,9.0,3D,2025-08-20 19:05:48-04:00,POINT (-81.016825 33.987208)
2025-08-20 22:43:14 UTC,sensor05,236476602,29.07,66.49,2025-08-20 23:05:53+00:00,33.987275,-81.016598,69.5,4.49,0.1,71.36,9.0,3D,2025-08-20 19:05:53-04:00,POINT (-81.016598 33.987275)
2025-08-20 22:43:19 UTC,sensor05,236476602,29.03,66.16,2025-08-20 23:05:58+00:00,33.987348,-81.01629,70.6,5.41,0.1,71.09,9.0,3D,2025-08-20 19:05:58-04:00,POINT (-81.01629 33.987348)
2025-08-20 22:43:24 UTC,sensor05,236476602,28.99,66.15,2025-08-20 23:06:03+00:00,33.987468,-81.016007,71.8,5.88,0.3,62.2,9.0,3D,2025-08-20 19:06:03-04:00,POINT (-81.016007 33.987468)
2025-08-20 22:43:29 UTC,sensor05,236476602,28.93,66.14,2025-08-20 23:06:08+00:00,33.98759,-81.015708,73.2,6.12,0.3,71.15,9.0,3D,2025-08-20 19:06:08-04:00,POINT (-81.015708 33.98759)
2025-08-20 22:43:34 UTC,sensor05,236476602,28.85,66.6,2025-08-20 23:06:13+00:00,33.987673,-81.015392,74.4,4.2,0.1,76.84,9.0,3D,2025-08-20 19:06:13-04:00,POINT (-81.015392 33.987673)
2025-08-20 22:43:44 UTC,sensor05,236476602,28.87,66.55,2025-08-20 23:06:23+00:00,33.987555,-81.015192,75.8,3.58,0.0,161.41,9.0,3D,2025-08-20 19:06:23-04:00,POINT (-81.015192 33.987555)
2025-08-20 22:43:49 UTC,sensor05,236476602,28.82,66.51,2025-08-20 23:06:28+00:00,33.987362,-81.015103,77.0,5.41,0.2,161.57,9.0,3D,2025-08-20 19:06:28-04:00,POINT (-81.015103 33.987362)
2025-08-20 22:43:54 UTC,sensor05,236476602,28.73,66.64,2025-08-20 23:06:34+00:00,33.987087,-81.015007,78.4,5.14,0.2,0.0,9.0,3D,2025-08-20 19:06:34-04:00,POINT (-81.015007 33.987087)
2025-08-20 22:43:59 UTC,sensor05,236476602,28.68,67.34,2025-08-20 23:06:39+00:00,33.986923,-81.014968,78.5,2.66,0.1,0.0,9.0,3D,2025-08-20 19:06:39-04:00,POINT (-81.014968 33.986923)
2025-08-20 22:44:10 UTC,sensor05,236476602,28.7,66.66,2025-08-20 23:06:49+00:00,33.986558,-81.014772,79.0,5.48,0.04,166.65,9.0,3D,2025-08-20 19:06:49-04:00,POINT (-81.014772 33.986558)
2025-08-20 22:44:15 UTC,sensor05,236476602,28.73,66.75,2025-08-20 23:06:54+00:00,33.986328,-81.014662,79.9,5.47,0.2,159.03,9.0,3D,2025-08-20 19:06:54-04:00,POINT (-81.014662 33.986328)
2025-08-20 22:44:20 UTC,sensor05,236476602,28.77,67.42,2025-08-20 23:06:59+00:00,33.986093,-81.014562,80.4,5.95,0.1,161.87,9.0,3D,2025-08-20 19:06:59-04:00,POINT (-81.014562 33.986093)
2025-08-20 22:44:25 UTC,sensor05,236476602,28.74,66.97,2025-08-20 23:07:04+00:00,33.985877,-81.014473,80.9,3.73,0.0,165.6,9.0,3D,2025-08-20 19:07:04-04:00,POINT (-81.014473 33.985877)
2025-08-20 22:44:30 UTC,sensor05,236476602,28.75,67.31,2025-08-20 23:07:09+00:00,33.985805,-81.014267,80.1,3.32,-0.8,82.26,9.0,3D,2025-08-20 19:07:09-04:00,POINT (-81.014267 33.985805)
2025-08-20 22:44:35 UTC,sensor05,236476602,28.81,66.74,2025-08-20 23:07:14+00:00,33.985867,-81.013978,82.3,4.59,0.1,67.03,9.0,3D,2025-08-20 19:07:14-04:00,POINT (-81.013978 33.985867)
2025-08-20 22:44:40 UTC,sensor05,236476602,28.8,66.68,2025-08-20 23:07:19+00:00,33.985967,-81.01375,82.7,4.88,0.1,66.69,9.0,3D,2025-08-20 19:07:19-04:00,POINT (-81.01375 33.985967)
2025-08-20 22:44:45 UTC,sensor05,236476602,28.76,66.56,2025-08-20 23:07:24+00:00,33.986067,-81.013485,83.1,5.04,-0.1,69.94,9.0,3D,2025-08-20 19:07:24-04:00,POINT (-81.013485 33.986067)
2025-08-20 22:44:55 UTC,sensor05,236476602,28.74,66.58,2025-08-20 23:07:34+00:00,33.986205,-81.013283,83.3,3.18,0.0,359.43,9.0,3D,2025-08-20 19:07:34-04:00,POINT (-81.013283 33.986205)
2025-08-20 22:45:00 UTC,sensor05,236476602,28.79,66.9,2025-08-20 23:07:39+00:00,33.986363,-81.013363,83.7,4.14,0.1,331.93,9.0,3D,2025-08-20 19:07:39-04:00,POINT (-81.013363 33.986363)
2025-08-20 22:45:05 UTC,sensor05,236476602,28.85,66.8,2025-08-20 23:07:44+00:00,33.98655,-81.013463,83.9,4.79,0.1,341.67,9.0,3D,2025-08-20 19:07:44-04:00,POINT (-81.013463 33.98655)
2025-08-20 22:45:10 UTC,sensor05,236476602,28.95,66.94,2025-08-20 23:07:49+00:00,33.986768,-81.013543,84.4,4.57,0.1,346.31,9.0,3D,2025-08-20 19:07:49-04:00,POINT (-81.013543 33.986768)
2025-08-20 22:45:15 UTC,sensor05,236476602,28.95,66.37,2025-08-20 23:07:54+00:00,33.986998,-81.013628,85.2,4.83,0.2,345.49,9.0,3D,2025-08-20 19:07:54-04:00,POINT (-81.013628 33.986998)
2025-08-20 22:45:20 UTC,sensor05,236476602,28.94,66.18,2025-08-20 23:07:59+00:00,33.98723,-81.01373,85.7,4.24,0.1,339.27,9.0,3D,2025-08-20 19:07:59-04:00,POINT (-81.01373 33.98723)
2025-08-20 22:45:25 UTC,sensor05,236476602,28.93,66.54,2025-08-20 23:08:04+00:00,33.987465,-81.01386,86.4,3.42,0.4,347.94,8.0,3D,2025-08-20 19:08:04-04:00,POINT (-81.01386 33.987465)
2025-08-20 22:45:30 UTC,sensor05,236476602,28.9,66.3,2025-08-20 23:08:09+00:00,33.98757,-81.013902,86.6,3.77,-0.1,338.73,9.0,3D,2025-08-20 19:08:09-04:00,POINT (-81.013902 33.98757)
2025-08-20 22:45:35 UTC,sensor05,236476602,28.89,66.04,2025-08-20 23:08:15+00:00,33.98776,-81.013975,85.6,3.81,-0.2,0.0,9.0,3D,2025-08-20 19:08:15-04:00,POINT (-81.013975 33.98776)
2025-08-20 22:45:40 UTC,sensor05,236476602,28.91,65.74,2025-08-20 23:08:20+00:00,33.987935,-81.014045,84.1,3.67,-0.2,0.0,9.0,3D,2025-08-20 19:08:20-04:00,POINT (-81.014045 33.987935)
2025-08-20 22:45:45 UTC,sensor05,236476602,28.87,66.12,2025-08-20 23:08:25+00:00,33.98814,-81.014117,83.5,4.3,-0.2,345.29,9.0,3D,2025-08-20 19:08:25-04:00,POINT (-81.014117 33.98814)
2025-08-20 22:45:50 UTC,sensor05,236476602,28.82,66.18,2025-08-20 23:08:30+00:00,33.98833,-81.014143,83.9,3.92,0.5,348.87,9.0,3D,2025-08-20 19:08:30-04:00,POINT (-81.014143 33.98833)
2025-08-20 22:45:55 UTC,sensor05,236476602,28.82,66.79,2025-08-20 23:08:35+00:00,33.988457,-81.014208,85.4,2.48,0.2,339.54,9.0,3D,2025-08-20 19:08:35-04:00,POINT (-81.014208 33.988457)
2025-08-20 22:46:11 UTC,sensor05,236476602,28.91,66.35,2025-08-20 23:08:50+00:00,33.988748,-81.01389,88.7,5.17,0.4,72.18,9.0,3D,2025-08-20 19:08:50-04:00,POINT (-81.01389 33.988748)
2025-08-20 22:46:16 UTC,sensor05,236476602,28.85,66.19,2025-08-20 23:08:55+00:00,33.988885,-81.013693,90.1,4.13,-0.3,68.72,9.0,3D,2025-08-20 19:08:55-04:00,POINT (-81.013693 33.988885)
2025-08-20 22:46:26 UTC,sensor05,236476602,28.81,65.89,2025-08-20 23:09:05+00:00,33.988892,-81.013443,90.4,2.79,0.2,140.58,9.0,3D,2025-08-20 19:09:05-04:00,POINT (-81.013443 33.988892)
2025-08-20 22:46:31 UTC,sensor05,236476602,28.78,66.47,2025-08-20 23:09:10+00:00,33.988708,-81.013342,91.5,4.65,0.3,151.68,9.0,3D,2025-08-20 19:09:10-04:00,POINT (-81.013342 33.988708)
2025-08-20 22:46:36 UTC,sensor05,236476602,28.8,66.2,2025-08-20 23:09:15+00:00,33.98849,-81.013193,93.5,4.62,0.5,158.65,9.0,3D,2025-08-20 19:09:15-04:00,POINT (-81.013193 33.98849)
2025-08-20 22:46:41 UTC,sensor05,236476602,28.77,66.24,2025-08-20 23:09:20+00:00,33.988273,-81.013053,95.3,4.24,0.3,151.78,9.0,3D,2025-08-20 19:09:20-04:00,POINT (-81.013053 33.988273)
2025-08-20 22:46:46 UTC,sensor05,236476602,28.78,66.23,2025-08-20 23:09:25+00:00,33.988055,-81.012988,95.1,3.77,-1.1,161.63,9.0,3D,2025-08-20 19:09:25-04:00,POINT (-81.012988 33.988055)
2025-08-20 22:46:51 UTC,sensor05,236476602,28.7,66.72,2025-08-20 23:09:30+00:00,33.987853,-81.012917,95.6,4.79,0.4,161.87,9.0,3D,2025-08-20 19:09:30-04:00,POINT (-81.012917 33.987853)
2025-08-20 22:46:56 UTC,sensor05,236476602,28.7,67.13,2025-08-20 23:09:35+00:00,33.987658,-81.012797,94.8,3.6,0.0,157.41,9.0,3D,2025-08-20 19:09:35-04:00,POINT (-81.012797 33.987658)
2025-08-20 22:47:06 UTC,sensor05,236476602,28.75,67.53,2025-08-20 23:09:45+00:00,33.987507,-81.012588,95.3,3.66,0.0,84.14,9.0,3D,2025-08-20 19:09:45-04:00,POINT (-81.012588 33.987507)
2025-08-20 22:47:11 UTC,sensor05,236476602,28.67,67.41,2025-08-20 23:09:50+00:00,33.987558,-81.01233,96.2,4.46,0.4,65.14,9.0,3D,2025-08-20 19:09:50-04:00,POINT (-81.01233 33.987558)
2025-08-20 22:47:16 UTC,sensor05,236476602,28.59,67.42,2025-08-20 23:09:55+00:00,33.987645,-81.012073,96.2,4.88,0.1,71.72,9.0,3D,2025-08-20 19:09:55-04:00,POINT (-81.012073 33.987645)
2025-08-20 22:47:21 UTC,sensor05,236476602,28.6,68.28,2025-08-20 23:10:00+00:00,33.987728,-81.011848,96.7,4.22,0.0,71.63,9.0,3D,2025-08-20 19:10:00-04:00,POINT (-81.011848 33.987728)
2025-08-20 22:47:36 UTC,sensor05,236476602,28.66,68.17,2025-08-20 23:10:15+00:00,33.987853,-81.011433,95.6,5.37,-0.2,67.56,9.0,3D,2025-08-20 19:10:15-04:00,POINT (-81.011433 33.987853)
2025-08-20 22:47:41 UTC,sensor05,236476602,28.58,67.23,2025-08-20 23:10:20+00:00,33.987977,-81.011175,97.0,5.65,0.2,58.17,9.0,3D,2025-08-20 19:10:20-04:00,POINT (-81.011175 33.987977)
2025-08-20 22:47:46 UTC,sensor05,236476602,28.61,67.19,2025-08-20 23:10:26+00:00,33.988142,-81.010857,98.4,6.01,0.2,0.0,9.0,3D,2025-08-20 19:10:26-04:00,POINT (-81.010857 33.988142)
2025-08-20 22:47:51 UTC,sensor05,236476602,28.63,67.07,2025-08-20 23:10:31+00:00,33.988203,-81.01052,99.4,6.05,0.3,0.0,9.0,3D,2025-08-20 19:10:31-04:00,POINT (-81.01052 33.988203)
2025-08-20 22:47:56 UTC,sensor05,236476602,28.64,67.33,2025-08-20 23:10:36+00:00,33.988148,-81.010347,100.2,3.57,0.0,0.0,9.0,3D,2025-08-20 19:10:36-04:00,POINT (-81.010347 33.988148)
2025-08-20 22:48:01 UTC,sensor05,236476602,28.59,67.51,2025-08-20 23:10:41+00:00,33.987962,-81.010235,100.3,5.17,0.1,0.0,9.0,3D,2025-08-20 19:10:41-04:00,POINT (-81.010235 33.987962)
2025-08-20 22:48:06 UTC,sensor05,236476602,28.52,67.55,2025-08-20 23:10:46+00:00,33.987683,-81.010128,100.8,6.48,0.1,0.0,9.0,3D,2025-08-20 19:10:46-04:00,POINT (-81.010128 33.987683)
2025-08-20 22:48:12 UTC,sensor05,236476602,28.4,68.24,2025-08-20 23:10:51+00:00,33.987405,-81.009998,101.3,5.94,0.0,156.87,9.0,3D,2025-08-20 19:10:51-04:00,POINT (-81.009998 33.987405)
2025-08-20 22:48:17 UTC,sensor05,236476602,28.56,68.05,2025-08-20 23:10:56+00:00,33.987142,-81.009887,101.3,5.84,0.1,158.74,10.0,3D,2025-08-20 19:10:56-04:00,POINT (-81.009887 33.987142)
2025-08-20 22:48:22 UTC,sensor05,236476602,28.49,67.38,2025-08-20 23:11:01+00:00,33.986915,-81.009747,101.0,6.09,-0.3,151.93,10.0,3D,2025-08-20 19:11:01-04:00,POINT (-81.009747 33.986915)
2025-08-20 22:48:27 UTC,sensor05,236476602,28.51,67.15,2025-08-20 23:11:06+00:00,33.986677,-81.009635,101.0,5.72,0.0,160.54,10.0,3D,2025-08-20 19:11:06-04:00,POINT (-81.009635 33.986677)
2025-08-20 22:48:32 UTC,sensor05,236476602,28.53,67.29,2025-08-20 23:11:11+00:00,33.986425,-81.009532,100.0,5.7,-0.2,155.37,10.0,3D,2025-08-20 19:11:11-04:00,POINT (-81.009532 33.986425)
2025-08-20 22:48:37 UTC,sensor05,236476602,28.59,67.32,2025-08-20 23:11:16+00:00,33.986222,-81.009448,99.6,2.47,-0.1,169.15,10.0,3D,2025-08-20 19:11:16-04:00,POINT (-81.009448 33.986222)
2025-08-20 22:48:42 UTC,sensor05,236476602,28.9,67.33,2025-08-20 23:11:21+00:00,33.986137,-81.009458,99.5,3.35,0.1,194.4,10.0,3D,2025-08-20 19:11:21-04:00,POINT (-81.009458 33.986137)
2025-08-20 22:48:47 UTC,sensor05,236476602,28.86,66.1,2025-08-20 23:11:26+00:00,33.985992,-81.009742,99.4,7.02,0.0,244.11,10.0,3D,2025-08-20 19:11:26-04:00,POINT (-81.009742 33.985992)
2025-08-20 22:48:52 UTC,sensor05,236476602,28.85,65.73,2025-08-20 23:11:31+00:00,33.985865,-81.010235,97.8,9.3,-0.4,248.75,10.0,3D,2025-08-20 19:11:31-04:00,POINT (-81.010235 33.985865)
2025-08-20 22:48:57 UTC,sensor05,236476602,28.88,65.53,2025-08-20 23:11:36+00:00,33.985728,-81.0107,96.4,9.34,-0.2,250.45,10.0,3D,2025-08-20 19:11:36-04:00,POINT (-81.0107 33.985728)
2025-08-20 22:49:02 UTC,sensor05,236476602,28.97,65.39,2025-08-20 23:11:41+00:00,33.98556,-81.011133,96.0,8.28,-0.1,242.91,10.0,3D,2025-08-20 19:11:41-04:00,POINT (-81.011133 33.98556)
2025-08-20 22:49:07 UTC,sensor05,236476602,29.26,65.24,2025-08-20 23:11:46+00:00,33.985432,-81.011505,95.8,6.0,0.0,251.07,10.0,3D,2025-08-20 19:11:46-04:00,POINT (-81.011505 33.985432)
2025-08-20 22:50:12 UTC,sensor05,236476602,29.5,63.3,2025-08-20 23:12:52+00:00,33.985087,-81.01166,91.4,6.69,-0.3,0.0,10.0,3D,2025-08-20 19:12:52-04:00,POINT (-81.01166 33.985087)
2025-08-20 22:50:17 UTC,sensor05,236476602,29.37,63.77,2025-08-20 23:12:57+00:00,33.984822,-81.011527,90.3,5.98,-0.2,0.0,10.0,3D,2025-08-20 19:12:57-04:00,POINT (-81.011527 33.984822)
2025-08-20 22:50:23 UTC,sensor05,236476602,29.34,64.64,2025-08-20 23:13:02+00:00,33.984612,-81.011397,92.0,4.56,0.4,152.3,10.0,3D,2025-08-20 19:13:02-04:00,POINT (-81.011397 33.984612)
2025-08-20 22:50:28 UTC,sensor05,236476602,29.16,65.03,2025-08-20 23:13:07+00:00,33.984402,-81.011263,94.0,5.74,0.2,151.01,10.0,3D,2025-08-20 19:13:07-04:00,POINT (-81.011263 33.984402)
2025-08-20 22:50:33 UTC,sensor05,236476602,28.99,65.5,2025-08-20 23:13:12+00:00,33.984105,-81.011157,95.3,6.25,0.2,161.46,10.0,3D,2025-08-20 19:13:12-04:00,POINT (-81.011157 33.984105)
2025-08-20 22:50:38 UTC,sensor05,236476602,28.8,66.42,2025-08-20 23:13:17+00:00,33.983758,-81.010988,95.4,8.64,0.0,155.42,10.0,3D,2025-08-20 19:13:17-04:00,POINT (-81.010988 33.983758)
2025-08-20 22:50:43 UTC,sensor05,236476602,28.68,67.66,2025-08-20 23:13:22+00:00,33.983385,-81.010832,95.3,8.42,-0.3,159.41,10.0,3D,2025-08-20 19:13:22-04:00,POINT (-81.010832 33.983385)
2025-08-20 22:50:48 UTC,sensor05,236476602,28.71,67.57,2025-08-20 23:13:27+00:00,33.983073,-81.01073,94.8,5.41,0.0,162.32,10.0,3D,2025-08-20 19:13:27-04:00,POINT (-81.01073 33.983073)
2025-08-20 22:50:53 UTC,sensor05,236476602,28.69,66.86,2025-08-20 23:13:32+00:00,33.982815,-81.01064,94.8,5.18,-0.1,157.3,10.0,3D,2025-08-20 19:13:32-04:00,POINT (-81.01064 33.982815)
2025-08-20 22:50:58 UTC,sensor05,236476602,28.77,66.72,2025-08-20 23:13:37+00:00,33.982705,-81.010428,94.4,3.88,-0.1,100.86,10.0,3D,2025-08-20 19:13:37-04:00,POINT (-81.010428 33.982705)
2025-08-20 22:51:03 UTC,sensor05,236476602,28.84,67.4,2025-08-20 23:13:42+00:00,33.982733,-81.010185,94.2,4.86,-0.1,78.88,10.0,3D,2025-08-20 19:13:42-04:00,POINT (-81.010185 33.982733)
2025-08-20 22:51:08 UTC,sensor05,236476602,28.8,67.87,2025-08-20 23:13:47+00:00,33.98281,-81.009955,94.1,5.1,0.0,63.22,10.0,3D,2025-08-20 19:13:47-04:00,POINT (-81.009955 33.98281)
2025-08-20 22:51:13 UTC,sensor05,236476602,28.81,68.08,2025-08-20 23:13:52+00:00,33.982945,-81.009755,94.5,5.04,0.1,61.24,10.0,3D,2025-08-20 19:13:52-04:00,POINT (-81.009755 33.982945)
2025-08-20 22:51:23 UTC,sensor05,236476602,28.89,67.48,2025-08-20 23:14:02+00:00,33.983102,-81.009505,94.6,2.65,0.1,50.74,10.0,3D,2025-08-20 19:14:02-04:00,POINT (-81.009505 33.983102)
2025-08-20 22:51:28 UTC,sensor05,236476602,28.8,67.55,2025-08-20 23:14:07+00:00,33.98317,-81.009238,95.0,5.46,0.2,62.06,10.0,3D,2025-08-20 19:14:07-04:00,POINT (-81.009238 33.98317)
2025-08-20 22:51:33 UTC,sensor05,236476602,28.75,67.49,2025-08-20 23:14:12+00:00,33.983247,-81.008962,95.9,4.32,0.1,66.38,10.0,3D,2025-08-20 19:14:12-04:00,POINT (-81.008962 33.983247)
2025-08-20 22:51:38 UTC,sensor05,236476602,28.71,67.05,2025-08-20 23:14:17+00:00,33.983383,-81.008762,96.4,3.87,0.1,66.43,10.0,3D,2025-08-20 19:14:17-04:00,POINT (-81.008762 33.983383)
2025-08-20 22:51:48 UTC,sensor05,236476602,28.71,66.72,2025-08-20 23:14:27+00:00,33.98318,-81.00851,96.9,4.63,-0.4,163.75,10.0,3D,2025-08-20 19:14:27-04:00,POINT (-81.00851 33.98318)
2025-08-20 22:51:53 UTC,sensor05,236476602,28.66,66.98,2025-08-20 23:14:32+00:00,33.982873,-81.008478,94.9,5.7,-0.4,171.35,9.0,3D,2025-08-20 19:14:32-04:00,POINT (-81.008478 33.982873)
2025-08-20 22:51:58 UTC,sensor05,236476602,28.73,67.84,2025-08-20 23:14:37+00:00,33.982545,-81.00844,93.0,7.22,-0.3,175.08,10.0,3D,2025-08-20 19:14:37-04:00,POINT (-81.00844 33.982545)
2025-08-20 22:52:03 UTC,sensor05,236476602,28.58,68.11,2025-08-20 23:14:41+00:00,33.98225,-81.008402,91.8,7.4,-0.4,174.89,10.0,3D,2025-08-20 19:14:41-04:00,POINT (-81.008402 33.98225)
2025-08-20 22:52:08 UTC,sensor05,236476602,28.62,68.16,2025-08-20 23:14:47+00:00,33.981952,-81.008343,90.5,3.13,-0.1,177.1,10.0,3D,2025-08-20 19:14:47-04:00,POINT (-81.008343 33.981952)
2025-08-20 22:52:13 UTC,sensor05,236476602,28.68,67.79,2025-08-20 23:14:53+00:00,33.981875,-81.008285,89.8,2.97,0.0,0.0,10.0,3D,2025-08-20 19:14:53-04:00,POINT (-81.008285 33.981875)
2025-08-20 22:52:18 UTC,sensor05,236476602,28.58,68.24,2025-08-20 23:14:58+00:00,33.981872,-81.008012,89.2,5.9,-0.8,0.0,10.0,3D,2025-08-20 19:14:58-04:00,POINT (-81.008012 33.981872)
2025-08-20 22:52:23 UTC,sensor05,236476602,28.6,67.57,2025-08-20 23:15:03+00:00,33.981945,-81.007732,87.4,5.54,-0.2,0.0,10.0,3D,2025-08-20 19:15:03-04:00,POINT (-81.007732 33.981945)
2025-08-20 22:52:28 UTC,sensor05,236476602,28.6,67.5,2025-08-20 23:15:08+00:00,33.982018,-81.007432,87.0,5.35,-0.3,0.0,4.0,3D,2025-08-20 19:15:08-04:00,POINT (-81.007432 33.982018)
2025-08-20 22:52:34 UTC,sensor05,236476602,28.62,67.42,2025-08-20 23:15:13+00:00,33.982115,-81.007232,86.7,2.43,-0.1,0.0,4.0,3D,2025-08-20 19:15:13-04:00,POINT (-81.007232 33.982115)
2025-08-20 22:52:44 UTC,sensor05,236476602,28.58,67.49,2025-08-20 23:15:23+00:00,33.982183,-81.007018,85.9,3.81,-0.1,0.0,10.0,3D,2025-08-20 19:15:23-04:00,POINT (-81.007018 33.982183)
2025-08-20 22:52:49 UTC,sensor05,236476602,28.54,67.88,2025-08-20 23:15:28+00:00,33.982255,-81.006725,84.4,5.8,-0.2,0.0,10.0,3D,2025-08-20 19:15:28-04:00,POINT (-81.006725 33.982255)
2025-08-20 22:52:54 UTC,sensor05,236476602,28.38,69.14,2025-08-20 23:15:33+00:00,33.982295,-81.006412,84.1,5.17,0.2,73.71,10.0,3D,2025-08-20 19:15:33-04:00,POINT (-81.006412 33.982295)
2025-08-20 22:53:04 UTC,sensor05,236476602,28.48,68.3,2025-08-20 23:15:43+00:00,33.982405,-81.006145,85.1,3.44,0.1,52.92,10.0,3D,2025-08-20 19:15:43-04:00,POINT (-81.006145 33.982405)
2025-08-20 22:53:09 UTC,sensor05,236476602,28.48,68.23,2025-08-20 23:15:48+00:00,33.98247,-81.005883,85.7,5.37,0.2,78.27,10.0,3D,2025-08-20 19:15:48-04:00,POINT (-81.005883 33.98247)
2025-08-20 22:53:14 UTC,sensor05,236476602,28.46,68.89,2025-08-20 23:15:53+00:00,33.982547,-81.005595,86.4,5.22,0.2,76.79,10.0,3D,2025-08-20 19:15:53-04:00,POINT (-81.005595 33.982547)
2025-08-20 22:53:19 UTC,sensor05,236476602,28.51,68.36,2025-08-20 23:15:58+00:00,33.982657,-81.00531,87.5,4.96,0.2,67.03,10.0,3D,2025-08-20 19:15:58-04:00,POINT (-81.00531 33.982657)
2025-08-20 22:53:29 UTC,sensor05,236476602,28.61,67.41,2025-08-20 23:16:08+00:00,33.982752,-81.004908,92.5,4.89,0.7,80.55,9.0,3D,2025-08-20 19:16:08-04:00,POINT (-81.004908 33.982752)
2025-08-20 22:53:34 UTC,sensor05,236476602,28.58,67.85,2025-08-20 23:16:13+00:00,33.982803,-81.004647,94.1,5.35,0.2,76.21,10.0,3D,2025-08-20 19:16:13-04:00,POINT (-81.004647 33.982803)
2025-08-20 22:53:39 UTC,sensor05,236476602,28.49,68.38,2025-08-20 23:16:18+00:00,33.982852,-81.004325,95.6,5.73,0.4,70.46,10.0,3D,2025-08-20 19:16:18-04:00,POINT (-81.004325 33.982852)
2025-08-20 22:53:44 UTC,sensor05,236476602,28.44,69.1,2025-08-20 23:16:23+00:00,33.982898,-81.004002,97.2,4.14,0.3,85.42,10.0,3D,2025-08-20 19:16:23-04:00,POINT (-81.004002 33.982898)
2025-08-20 22:53:54 UTC,sensor05,236476602,28.51,68.12,2025-08-20 23:16:33+00:00,33.983042,-81.003772,94.5,3.75,0.0,18.01,10.0,3D,2025-08-20 19:16:33-04:00,POINT (-81.003772 33.983042)
2025-08-20 22:53:59 UTC,sensor05,236476602,28.51,67.51,2025-08-20 23:16:38+00:00,33.983327,-81.003797,93.8,6.31,-0.2,353.74,10.0,3D,2025-08-20 19:16:38-04:00,POINT (-81.003797 33.983327)
2025-08-20 22:54:04 UTC,sensor05,236476602,28.51,67.77,2025-08-20 23:16:42+00:00,33.983548,-81.003832,93.5,5.51,0.0,354.49,10.0,3D,2025-08-20 19:16:42-04:00,POINT (-81.003832 33.983548)
2025-08-20 22:54:09 UTC,sensor05,236476602,28.48,68.0,2025-08-20 23:16:47+00:00,33.983742,-81.003842,92.9,3.35,-0.6,28.94,10.0,3D,2025-08-20 19:16:47-04:00,POINT (-81.003842 33.983742)
2025-08-20 22:54:14 UTC,sensor05,236476602,28.5,67.61,2025-08-20 23:16:53+00:00,33.983873,-81.003622,92.1,4.83,-0.1,63.04,10.0,3D,2025-08-20 19:16:53-04:00,POINT (-81.003622 33.983873)
2025-08-20 22:54:19 UTC,sensor05,236476602,28.58,67.51,2025-08-20 23:16:58+00:00,33.983973,-81.003305,92.2,6.2,-0.1,69.5,10.0,3D,2025-08-20 19:16:58-04:00,POINT (-81.003305 33.983973)
2025-08-20 22:54:24 UTC,sensor05,236476602,28.7,67.17,2025-08-20 23:17:04+00:00,33.984088,-81.002903,91.9,6.58,0.0,0.0,10.0,3D,2025-08-20 19:17:04-04:00,POINT (-81.002903 33.984088)
2025-08-20 22:54:29 UTC,sensor05,236476602,28.71,66.99,2025-08-20 23:17:09+00:00,33.984187,-81.002578,91.6,6.12,0.1,0.0,10.0,3D,2025-08-20 19:17:09-04:00,POINT (-81.002578 33.984187)
2025-08-20 22:54:34 UTC,sensor05,236476602,28.68,67.25,2025-08-20 23:17:14+00:00,33.984262,-81.002257,91.4,5.96,0.0,0.0,10.0,3D,2025-08-20 19:17:14-04:00,POINT (-81.002257 33.984262)
2025-08-20 22:54:39 UTC,sensor05,236476602,28.65,67.44,2025-08-20 23:17:19+00:00,33.984313,-81.001912,90.6,6.66,-0.4,0.0,10.0,3D,2025-08-20 19:17:19-04:00,POINT (-81.001912 33.984313)
2025-08-20 22:54:45 UTC,sensor05,236476602,28.6,67.25,2025-08-20 23:17:24+00:00,33.984382,-81.001593,90.5,4.76,0.0,73.29,10.0,3D,2025-08-20 19:17:24-04:00,POINT (-81.001593 33.984382)
2025-08-20 22:54:55 UTC,sensor05,236476602,28.73,67.03,2025-08-20 23:17:34+00:00,33.98445,-81.001488,90.4,3.14,0.1,21.48,10.0,3D,2025-08-20 19:17:34-04:00,POINT (-81.001488 33.98445)
2025-08-20 22:55:00 UTC,sensor05,236476602,28.65,67.42,2025-08-20 23:17:39+00:00,33.984683,-81.001483,91.6,5.91,0.3,356.71,10.0,3D,2025-08-20 19:17:39-04:00,POINT (-81.001483 33.984683)
2025-08-20 22:55:05 UTC,sensor05,236476602,28.63,67.58,2025-08-20 23:17:44+00:00,33.98495,-81.001505,94.1,6.26,0.5,356.15,10.0,3D,2025-08-20 19:17:44-04:00,POINT (-81.001505 33.98495)
2025-08-20 22:55:10 UTC,sensor05,236476602,28.66,67.07,2025-08-20 23:17:49+00:00,33.985313,-81.001552,94.8,7.55,0.0,351.05,10.0,3D,2025-08-20 19:17:49-04:00,POINT (-81.001552 33.985313)
2025-08-20 22:55:15 UTC,sensor05,236476602,28.65,67.0,2025-08-20 23:17:54+00:00,33.985695,-81.001602,94.9,8.19,0.0,351.83,10.0,3D,2025-08-20 19:17:54-04:00,POINT (-81.001602 33.985695)
2025-08-20 22:55:20 UTC,sensor05,236476602,28.8,66.87,2025-08-20 23:17:59+00:00,33.986055,-81.001665,94.7,7.76,-0.3,351.55,10.0,3D,2025-08-20 19:17:59-04:00,POINT (-81.001665 33.986055)
2025-08-20 22:55:25 UTC,sensor05,236476602,28.83,66.75,2025-08-20 23:18:04+00:00,33.986398,-81.001732,92.7,6.97,-0.2,349.29,10.0,3D,2025-08-20 19:18:04-04:00,POINT (-81.001732 33.986398)
2025-08-20 22:55:30 UTC,sensor05,236476602,28.87,66.8,2025-08-20 23:18:09+00:00,33.986717,-81.001767,92.0,7.29,-0.5,353.69,10.0,3D,2025-08-20 19:18:09-04:00,POINT (-81.001767 33.986717)
2025-08-20 22:55:35 UTC,sensor05,236476602,28.9,66.16,2025-08-20 23:18:14+00:00,33.987013,-81.001788,91.1,6.15,0.2,349.65,10.0,3D,2025-08-20 19:18:14-04:00,POINT (-81.001788 33.987013)
2025-08-20 22:55:40 UTC,sensor05,236476602,28.89,66.02,2025-08-20 23:18:19+00:00,33.987117,-81.00197,89.6,4.68,-0.2,281.83,10.0,3D,2025-08-20 19:18:19-04:00,POINT (-81.00197 33.987117)
2025-08-20 22:55:45 UTC,sensor05,236476602,28.91,65.82,2025-08-20 23:18:24+00:00,33.987075,-81.002245,87.9,5.66,-0.2,252.41,10.0,3D,2025-08-20 19:18:24-04:00,POINT (-81.002245 33.987075)
2025-08-20 22:55:50 UTC,sensor05,236476602,29.03,65.48,2025-08-20 23:18:29+00:00,33.986992,-81.002532,87.2,6.02,-0.2,252.94,10.0,3D,2025-08-20 19:18:29-04:00,POINT (-81.002532 33.986992)
2025-08-20 22:55:55 UTC,sensor05,236476602,29.12,65.19,2025-08-20 23:18:34+00:00,33.9869,-81.002857,87.0,6.26,0.0,255.59,10.0,3D,2025-08-20 19:18:34-04:00,POINT (-81.002857 33.9869)
2025-08-20 22:56:00 UTC,sensor05,236476602,29.14,65.39,2025-08-20 23:18:39+00:00,33.986833,-81.003197,88.0,5.63,0.0,256.48,10.0,3D,2025-08-20 19:18:39-04:00,POINT (-81.003197 33.986833)
2025-08-20 22:56:05 UTC,sensor05,236476602,29.12,65.42,2025-08-20 23:18:42+00:00,33.986773,-81.003382,88.2,5.9,0.1,248.51,10.0,3D,2025-08-20 19:18:42-04:00,POINT (-81.003382 33.986773)
2025-08-20 22:56:10 UTC,sensor05,236476602,29.14,65.06,2025-08-20 23:18:46+00:00,33.98668,-81.003623,87.9,5.87,-0.07,248.66,10.0,3D,2025-08-20 19:18:46-04:00,POINT (-81.003623 33.98668)
2025-08-20 22:56:15 UTC,sensor05,236476602,29.02,64.72,2025-08-20 23:18:54+00:00,33.986535,-81.004067,85.6,5.71,-0.3,252.42,10.0,3D,2025-08-20 19:18:54-04:00,POINT (-81.004067 33.986535)
2025-08-20 22:56:25 UTC,sensor05,236476602,28.93,65.26,2025-08-20 23:19:05+00:00,33.98671,-81.004325,84.2,4.28,-0.2,0.0,10.0,3D,2025-08-20 19:19:05-04:00,POINT (-81.004325 33.98671)
2025-08-20 22:56:30 UTC,sensor05,236476602,28.9,65.66,2025-08-20 23:19:10+00:00,33.98695,-81.004332,83.2,5.21,-0.1,0.0,10.0,3D,2025-08-20 19:19:10-04:00,POINT (-81.004332 33.98695)
2025-08-20 22:56:35 UTC,sensor05,236476602,28.93,65.78,2025-08-20 23:19:15+00:00,33.987175,-81.004342,83.0,3.58,0.0,353.04,10.0,3D,2025-08-20 19:19:15-04:00,POINT (-81.004342 33.987175)
2025-08-20 22:57:11 UTC,sensor05,236476602,29.02,65.31,2025-08-20 23:19:50+00:00,33.98743,-81.004405,84.4,3.63,-0.1,334.35,10.0,3D,2025-08-20 19:19:50-04:00,POINT (-81.004405 33.98743)
2025-08-20 22:57:16 UTC,sensor05,236476602,28.98,65.48,2025-08-20 23:19:55+00:00,33.987507,-81.004683,85.1,6.24,0.4,282.04,10.0,3D,2025-08-20 19:19:55-04:00,POINT (-81.004683 33.987507)
2025-08-20 22:57:21 UTC,sensor05,236476602,29.09,65.4,2025-08-20 23:20:00+00:00,33.987357,-81.005028,83.6,5.84,-0.2,247.31,10.0,3D,2025-08-20 19:20:00-04:00,POINT (-81.005028 33.987357)
2025-08-20 22:57:26 UTC,sensor05,236476602,29.24,65.07,2025-08-20 23:20:05+00:00,33.987252,-81.005435,83.0,7.83,-0.1,254.66,10.0,3D,2025-08-20 19:20:05-04:00,POINT (-81.005435 33.987252)
2025-08-20 22:57:31 UTC,sensor05,236476602,29.33,64.69,2025-08-20 23:20:10+00:00,33.987167,-81.005833,83.7,6.69,0.3,253.04,10.0,3D,2025-08-20 19:20:10-04:00,POINT (-81.005833 33.987167)
2025-08-20 22:57:36 UTC,sensor05,236476602,29.51,64.48,2025-08-20 23:20:15+00:00,33.987085,-81.006188,84.6,6.01,0.2,246.91,9.0,3D,2025-08-20 19:20:15-04:00,POINT (-81.006188 33.987085)
2025-08-20 22:57:41 UTC,sensor05,236476602,29.42,64.49,2025-08-20 23:20:20+00:00,33.986993,-81.006455,85.1,4.37,0.0,247.13,9.0,3D,2025-08-20 19:20:20-04:00,POINT (-81.006455 33.986993)
2025-08-20 22:58:16 UTC,sensor05,236476602,29.43,63.83,2025-08-20 23:20:55+00:00,33.986865,-81.006753,88.1,5.92,0.2,257.69,9.0,3D,2025-08-20 19:20:55-04:00,POINT (-81.006753 33.986865)
2025-08-20 22:58:21 UTC,sensor05,236476602,29.18,64.39,2025-08-20 23:21:00+00:00,33.986808,-81.007138,89.0,7.92,0.2,256.24,9.0,3D,2025-08-20 19:21:00-04:00,POINT (-81.007138 33.986808)
2025-08-20 22:58:26 UTC,sensor05,236476602,29.1,64.9,2025-08-20 23:21:05+00:00,33.986812,-81.007452,88.6,5.17,0.0,275.37,9.0,3D,2025-08-20 19:21:05-04:00,POINT (-81.007452 33.986812)
2025-08-20 22:58:31 UTC,sensor05,236476602,28.91,66.02,2025-08-20 23:21:11+00:00,33.987097,-81.007738,88.2,6.4,0.0,0.0,9.0,3D,2025-08-20 19:21:11-04:00,POINT (-81.007738 33.987097)
2025-08-20 22:58:36 UTC,sensor05,236476602,28.74,66.64,2025-08-20 23:21:16+00:00,33.987378,-81.008058,88.1,7.52,0.0,0.0,9.0,3D,2025-08-20 19:21:16-04:00,POINT (-81.008058 33.987378)
2025-08-20 22:58:41 UTC,sensor05,236476602,28.75,66.76,2025-08-20 23:21:21+00:00,33.98761,-81.00832,87.9,6.56,-0.1,0.0,9.0,3D,2025-08-20 19:21:21-04:00,POINT (-81.00832 33.98761)
2025-08-20 22:58:47 UTC,sensor05,236476602,28.66,67.53,2025-08-20 23:21:26+00:00,33.987843,-81.008565,87.6,7.32,0.0,319.47,9.0,3D,2025-08-20 19:21:26-04:00,POINT (-81.008565 33.987843)
2025-08-20 22:58:52 UTC,sensor05,236476602,28.6,68.08,2025-08-20 23:21:31+00:00,33.98802,-81.008773,87.8,4.78,0.1,319.24,9.0,3D,2025-08-20 19:21:31-04:00,POINT (-81.008773 33.98802)
2025-08-20 22:59:22 UTC,sensor05,236476602,28.93,67.32,2025-08-20 23:22:01+00:00,33.988327,-81.009133,88.5,3.81,-0.2,310.37,9.0,3D,2025-08-20 19:22:01-04:00,POINT (-81.009133 33.988327)
2025-08-20 22:59:27 UTC,sensor05,236476602,28.9,66.73,2025-08-20 23:22:06+00:00,33.988488,-81.009323,88.7,5.25,0.1,310.08,9.0,3D,2025-08-20 19:22:06-04:00,POINT (-81.009323 33.988488)
2025-08-20 22:59:32 UTC,sensor05,236476602,28.94,66.65,2025-08-20 23:22:11+00:00,33.988592,-81.009437,89.5,2.58,0.2,318.98,9.0,3D,2025-08-20 19:22:11-04:00,POINT (-81.009437 33.988592)
2025-08-20 22:59:37 UTC,sensor05,236476602,28.87,66.67,2025-08-20 23:22:16+00:00,33.988688,-81.00953,90.6,3.78,0.2,310.59,9.0,3D,2025-08-20 19:22:16-04:00,POINT (-81.00953 33.988688)
2025-08-20 22:59:42 UTC,sensor05,236476602,28.83,66.47,2025-08-20 23:22:21+00:00,33.988877,-81.009718,92.0,5.81,0.4,314.72,9.0,3D,2025-08-20 19:22:21-04:00,POINT (-81.009718 33.988877)
2025-08-20 22:59:47 UTC,sensor05,236476602,28.81,66.42,2025-08-20 23:22:26+00:00,33.989115,-81.01,94.0,7.34,0.4,314.89,8.0,3D,2025-08-20 19:22:26-04:00,POINT (-81.01 33.989115)
2025-08-20 22:59:52 UTC,sensor05,236476602,28.76,66.8,2025-08-20 23:22:31+00:00,33.989342,-81.01028,96.8,7.43,0.6,317.87,8.0,3D,2025-08-20 19:22:31-04:00,POINT (-81.01028 33.989342)
2025-08-20 22:59:57 UTC,sensor05,236476602,28.79,67.24,2025-08-20 23:22:36+00:00,33.989577,-81.010543,100.7,7.01,0.7,318.59,8.0,3D,2025-08-20 19:22:36-04:00,POINT (-81.010543 33.989577)
2025-08-20 23:00:02 UTC,sensor05,236476602,28.73,67.86,2025-08-20 23:22:41+00:00,33.989812,-81.010605,103.5,5.77,0.3,9.3,9.0,3D,2025-08-20 19:22:41-04:00,POINT (-81.010605 33.989812)
2025-08-20 23:00:07 UTC,sensor05,236476602,28.61,68.6,2025-08-20 23:22:44+00:00,33.989938,-81.010478,104.3,7.53,0.4,20.45,9.0,3D,2025-08-20 19:22:44-04:00,POINT (-81.010478 33.989938)
2025-08-20 23:00:12 UTC,sensor05,236476602,28.6,68.33,2025-08-20 23:22:44+00:00,33.989938,-81.010478,104.3,7.53,0.4,20.45,9.0,3D,2025-08-20 19:22:44-04:00,POINT (-81.010478 33.989938)
2025-08-20 23:00:17 UTC,sensor05,236476602,28.55,68.05,2025-08-20 23:22:57+00:00,33.99011,-81.00969,110.7,13.06,0.1,0.0,9.0,3D,2025-08-20 19:22:57-04:00,POINT (-81.00969 33.99011)
2025-08-20 23:00:22 UTC,sensor05,236476602,28.5,67.8,2025-08-20 23:23:02+00:00,33.990088,-81.009338,112.5,5.4,0.2,0.0,9.0,3D,2025-08-20 19:23:02-04:00,POINT (-81.009338 33.990088)
2025-08-20 23:00:27 UTC,sensor05,236476602,28.47,67.92,2025-08-20 23:23:07+00:00,33.990048,-81.00898,115.1,5.75,0.9,0.0,9.0,3D,2025-08-20 19:23:07-04:00,POINT (-81.00898 33.990048)
2025-08-20 23:00:32 UTC,sensor05,236476602,28.57,67.69,2025-08-20 23:23:12+00:00,33.99006,-81.008648,115.8,6.79,0.1,0.0,9.0,3D,2025-08-20 19:23:12-04:00,POINT (-81.008648 33.99006)
2025-08-20 23:00:37 UTC,sensor05,236476602,28.59,67.49,2025-08-20 23:23:17+00:00,33.990027,-81.0083,116.1,6.51,0.5,93.97,9.0,3D,2025-08-20 19:23:17-04:00,POINT (-81.0083 33.990027)
2025-08-20 23:00:43 UTC,sensor05,236476602,28.68,67.41,2025-08-20 23:23:22+00:00,33.990075,-81.008112,117.7,3.29,0.3,41.0,9.0,3D,2025-08-20 19:23:22-04:00,POINT (-81.008112 33.990075)
2025-08-20 23:00:48 UTC,sensor05,236476602,28.59,67.4,2025-08-20 23:23:27+00:00,33.990325,-81.008087,119.7,5.47,0.5,0.79,9.0,3D,2025-08-20 19:23:27-04:00,POINT (-81.008087 33.990325)
2025-08-20 23:00:53 UTC,sensor05,236476602,28.58,67.74,2025-08-20 23:23:32+00:00,33.990578,-81.008055,122.3,5.67,0.5,359.91,9.0,3D,2025-08-20 19:23:32-04:00,POINT (-81.008055 33.990578)
2025-08-20 23:00:58 UTC,sensor05,236476602,28.69,68.11,2025-08-20 23:23:37+00:00,33.990818,-81.008,124.4,6.16,0.4,3.09,9.0,3D,2025-08-20 19:23:37-04:00,POINT (-81.008 33.990818)
2025-08-20 23:01:03 UTC,sensor05,236476602,28.67,67.61,2025-08-20 23:23:42+00:00,33.991005,-81.007972,126.5,2.31,0.5,359.07,9.0,3D,2025-08-20 19:23:42-04:00,POINT (-81.007972 33.991005)
2025-08-20 23:01:13 UTC,sensor05,236476602,28.75,67.43,2025-08-20 23:23:52+00:00,33.991055,-81.007735,120.9,3.61,-1.2,81.77,9.0,3D,2025-08-20 19:23:52-04:00,POINT (-81.007735 33.991055)
2025-08-20 23:01:18 UTC,sensor05,236476602,28.79,67.38,2025-08-20 23:23:57+00:00,33.991037,-81.007402,117.5,6.46,-0.8,94.79,9.0,3D,2025-08-20 19:23:57-04:00,POINT (-81.007402 33.991037)
2025-08-20 23:01:23 UTC,sensor05,236476602,28.87,66.87,2025-08-20 23:24:02+00:00,33.991013,-81.007043,114.3,5.75,-0.9,93.04,9.0,3D,2025-08-20 19:24:02-04:00,POINT (-81.007043 33.991013)
2025-08-20 23:01:28 UTC,sensor05,236476602,28.9,66.9,2025-08-20 23:24:07+00:00,33.991015,-81.00679,105.6,4.48,-0.8,92.66,9.0,3D,2025-08-20 19:24:07-04:00,POINT (-81.00679 33.991015)
2025-08-20 23:01:33 UTC,sensor05,236476602,28.87,66.85,2025-08-20 23:24:12+00:00,33.991007,-81.006597,102.5,4.13,0.1,87.2,9.0,3D,2025-08-20 19:24:12-04:00,POINT (-81.006597 33.991007)
2025-08-20 23:01:38 UTC,sensor05,236476602,28.83,66.87,2025-08-20 23:24:17+00:00,33.990987,-81.006333,101.9,5.06,-0.5,89.35,9.0,3D,2025-08-20 19:24:17-04:00,POINT (-81.006333 33.990987)
2025-08-20 23:01:43 UTC,sensor05,236476602,28.8,66.86,2025-08-20 23:24:22+00:00,33.991007,-81.006005,101.0,6.45,0.0,92.39,9.0,3D,2025-08-20 19:24:22-04:00,POINT (-81.006005 33.991007)
2025-08-20 23:01:48 UTC,sensor05,236476602,28.7,67.25,2025-08-20 23:24:27+00:00,33.990937,-81.005552,97.3,7.7,-0.4,92.1,9.0,3D,2025-08-20 19:24:27-04:00,POINT (-81.005552 33.990937)
2025-08-20 23:01:53 UTC,sensor05,236476602,28.68,67.36,2025-08-20 23:24:32+00:00,33.990905,-81.00507,95.3,9.38,-0.4,95.26,9.0,3D,2025-08-20 19:24:32-04:00,POINT (-81.00507 33.990905)
2025-08-20 23:01:58 UTC,sensor05,236476602,28.72,67.23,2025-08-20 23:24:37+00:00,33.990863,-81.004642,92.9,7.19,-0.4,93.93,9.0,3D,2025-08-20 19:24:37-04:00,POINT (-81.004642 33.990863)
2025-08-20 23:02:03 UTC,sensor05,236476602,28.7,66.89,2025-08-20 23:24:42+00:00,33.990893,-81.004388,91.4,2.5,-0.3,90.59,9.0,3D,2025-08-20 19:24:42-04:00,POINT (-81.004388 33.990893)
2025-08-20 23:02:13 UTC,sensor05,236476602,28.56,67.83,2025-08-20 23:24:53+00:00,33.990863,-81.00389,88.9,6.03,-0.28,0.0,9.0,3D,2025-08-20 19:24:53-04:00,POINT (-81.00389 33.990863)
2025-08-20 23:02:18 UTC,sensor05,236476602,28.59,68.21,2025-08-20 23:24:58+00:00,33.99093,-81.003623,88.5,5.69,-0.1,0.0,9.0,3D,2025-08-20 19:24:58-04:00,POINT (-81.003623 33.99093)
2025-08-20 23:02:23 UTC,sensor05,236476602,28.58,67.95,2025-08-20 23:25:03+00:00,33.990897,-81.00326,86.8,7.3,-0.3,0.0,4.0,3D,2025-08-20 19:25:03-04:00,POINT (-81.00326 33.990897)
2025-08-20 23:02:29 UTC,sensor05,236476602,28.56,67.58,2025-08-20 23:25:08+00:00,33.990857,-81.00287,84.6,7.11,-0.3,0.0,4.0,3D,2025-08-20 19:25:08-04:00,POINT (-81.00287 33.990857)
2025-08-20 23:02:34 UTC,sensor05,236476602,28.55,67.12,2025-08-20 23:25:13+00:00,33.990825,-81.002473,83.8,5.29,0.2,0.0,8.0,3D,2025-08-20 19:25:13-04:00,POINT (-81.002473 33.990825)
2025-08-20 23:02:44 UTC,sensor05,236476602,28.53,67.15,2025-08-20 23:25:23+00:00,33.990855,-81.00207,80.6,4.33,-0.6,45.47,9.0,3D,2025-08-20 19:25:23-04:00,POINT (-81.00207 33.990855)
2025-08-20 23:02:49 UTC,sensor05,236476602,28.54,67.4,2025-08-20 23:25:28+00:00,33.991018,-81.001942,78.8,5.43,-0.5,7.41,9.0,3D,2025-08-20 19:25:28-04:00,POINT (-81.001942 33.991018)
2025-08-20 23:02:54 UTC,sensor05,236476602,28.47,67.33,2025-08-20 23:25:33+00:00,33.991282,-81.001875,76.7,6.61,-0.4,3.45,9.0,3D,2025-08-20 19:25:33-04:00,POINT (-81.001875 33.991282)
2025-08-20 23:02:59 UTC,sensor05,236476602,28.44,67.9,2025-08-20 23:25:38+00:00,33.99157,-81.001818,74.6,6.91,-0.4,2.92,9.0,3D,2025-08-20 19:25:38-04:00,POINT (-81.001818 33.99157)
2025-08-20 23:03:09 UTC,sensor05,236476602,28.49,67.88,2025-08-20 23:25:48+00:00,33.991793,-81.00176,73.0,4.56,0.0,17.35,9.0,3D,2025-08-20 19:25:48-04:00,POINT (-81.00176 33.991793)
2025-08-20 23:03:14 UTC,sensor05,236476602,28.47,67.79,2025-08-20 23:25:53+00:00,33.992055,-81.001708,72.4,6.57,-0.1,5.36,9.0,3D,2025-08-20 19:25:53-04:00,POINT (-81.001708 33.992055)
2025-08-20 23:03:19 UTC,sensor05,236476602,28.52,67.61,2025-08-20 23:25:58+00:00,33.992305,-81.001683,71.2,5.76,-0.2,6.45,9.0,3D,2025-08-20 19:25:58-04:00,POINT (-81.001683 33.992305)
2025-08-20 23:03:24 UTC,sensor05,236476602,28.44,67.16,2025-08-20 23:26:03+00:00,33.992598,-81.001662,70.6,6.16,-0.2,1.98,9.0,3D,2025-08-20 19:26:03-04:00,POINT (-81.001662 33.992598)
2025-08-20 23:03:29 UTC,sensor05,236476602,28.51,67.23,2025-08-20 23:26:08+00:00,33.99282,-81.001678,70.9,2.35,0.0,352.74,9.0,3D,2025-08-20 19:26:08-04:00,POINT (-81.001678 33.99282)
2025-08-20 23:03:34 UTC,sensor05,236476602,28.5,67.26,2025-08-20 23:26:13+00:00,33.992898,-81.001697,70.7,2.31,0.1,12.31,9.0,3D,2025-08-20 19:26:13-04:00,POINT (-81.001697 33.992898)
2025-08-20 23:03:39 UTC,sensor05,236476602,28.56,67.39,2025-08-20 23:26:18+00:00,33.99314,-81.001673,71.0,6.35,0.0,4.01,9.0,3D,2025-08-20 19:26:18-04:00,POINT (-81.001673 33.99314)
2025-08-20 23:03:44 UTC,sensor05,236476602,28.6,67.37,2025-08-20 23:26:23+00:00,33.993487,-81.001652,71.3,7.65,0.0,6.87,9.0,3D,2025-08-20 19:26:23-04:00,POINT (-81.001652 33.993487)
2025-08-20 23:03:49 UTC,sensor05,236476602,28.65,67.3,2025-08-20 23:26:28+00:00,33.993793,-81.001648,75.4,6.26,1.1,5.79,9.0,3D,2025-08-20 19:26:28-04:00,POINT (-81.001648 33.993793)
2025-08-20 23:03:54 UTC,sensor05,236476602,28.66,67.65,2025-08-20 23:26:33+00:00,33.994,-81.001615,75.6,2.62,0.1,356.77,9.0,3D,2025-08-20 19:26:33-04:00,POINT (-81.001615 33.994)
2025-08-20 23:04:04 UTC,sensor05,236476602,28.66,67.23,2025-08-20 23:26:43+00:00,33.994073,-81.00165,77.6,2.91,0.0,297.83,9.0,3D,2025-08-20 19:26:43-04:00,POINT (-81.00165 33.994073)
2025-08-20 23:04:09 UTC,sensor05,236476602,28.59,67.36,2025-08-20 23:26:45+00:00,33.994107,-81.001737,77.5,4.08,0.1,289.67,9.0,3D,2025-08-20 19:26:45-04:00,POINT (-81.001737 33.994107)
2025-08-20 23:04:14 UTC,sensor05,236476602,28.61,67.47,2025-08-20 23:26:54+00:00,33.994105,-81.00213,77.2,4.41,0.2,0.0,9.0,3D,2025-08-20 19:26:54-04:00,POINT (-81.00213 33.994105)
2025-08-20 23:04:19 UTC,sensor05,236476602,28.56,67.38,2025-08-20 23:26:59+00:00,33.994152,-81.002415,77.6,5.99,0.2,0.0,9.0,3D,2025-08-20 19:26:59-04:00,POINT (-81.002415 33.994152)
2025-08-20 23:04:25 UTC,sensor05,236476602,28.62,67.49,2025-08-20 23:27:04+00:00,33.994193,-81.002695,77.6,4.74,-0.1,270.35,9.0,3D,2025-08-20 19:27:04-04:00,POINT (-81.002695 33.994193)
2025-08-20 23:04:30 UTC,sensor05,236476602,28.55,67.26,2025-08-20 23:27:09+00:00,33.994233,-81.002943,77.7,4.74,-0.1,282.05,9.0,3D,2025-08-20 19:27:09-04:00,POINT (-81.002943 33.994233)
2025-08-20 23:04:35 UTC,sensor05,236476602,28.5,67.6,2025-08-20 23:27:14+00:00,33.99426,-81.003237,77.6,5.64,-0.1,292.86,9.0,3D,2025-08-20 19:27:14-04:00,POINT (-81.003237 33.99426)
2025-08-20 23:04:40 UTC,sensor05,236476602,28.43,68.65,2025-08-20 23:27:19+00:00,33.994225,-81.003542,77.1,5.46,-0.2,280.84,9.0,3D,2025-08-20 19:27:19-04:00,POINT (-81.003542 33.994225)
2025-08-20 23:04:45 UTC,sensor05,236476602,28.53,68.7,2025-08-20 23:27:24+00:00,33.99424,-81.003848,76.6,5.58,-0.1,284.9,9.0,3D,2025-08-20 19:27:24-04:00,POINT (-81.003848 33.99424)
2025-08-20 23:04:50 UTC,sensor05,236476602,28.51,67.74,2025-08-20 23:27:29+00:00,33.994268,-81.004197,76.1,6.19,-0.2,279.95,9.0,3D,2025-08-20 19:27:29-04:00,POINT (-81.004197 33.994268)
2025-08-20 23:04:55 UTC,sensor05,236476602,28.49,67.53,2025-08-20 23:27:34+00:00,33.9943,-81.00452,74.9,5.64,-0.7,276.14,9.0,3D,2025-08-20 19:27:34-04:00,POINT (-81.00452 33.9943)
2025-08-20 23:05:00 UTC,sensor05,236476602,28.45,67.62,2025-08-20 23:27:39+00:00,33.994365,-81.004797,71.8,5.76,-1.1,276.79,9.0,3D,2025-08-20 19:27:39-04:00,POINT (-81.004797 33.994365)
2025-08-20 23:05:05 UTC,sensor05,236476602,28.4,68.34,2025-08-20 23:27:44+00:00,33.994417,-81.005127,71.6,5.28,-0.3,276.84,9.0,3D,2025-08-20 19:27:44-04:00,POINT (-81.005127 33.994417)
2025-08-20 23:05:10 UTC,sensor05,236476602,28.44,68.29,2025-08-20 23:27:49+00:00,33.994452,-81.005402,69.7,4.25,-0.4,277.53,9.0,3D,2025-08-20 19:27:49-04:00,POINT (-81.005402 33.994452)
2025-08-20 23:05:15 UTC,sensor05,236476602,28.47,68.28,2025-08-20 23:27:54+00:00,33.994485,-81.005697,68.8,3.95,-0.3,263.88,9.0,3D,2025-08-20 19:27:54-04:00,POINT (-81.005697 33.994485)
2025-08-20 23:05:55 UTC,sensor05,236476602,28.82,66.82,2025-08-20 23:28:35+00:00,33.994058,-81.006037,68.0,6.66,0.3,0.0,9.0,3D,2025-08-20 19:28:35-04:00,POINT (-81.006037 33.994058)
2025-08-20 23:06:00 UTC,sensor05,236476602,28.83,66.51,2025-08-20 23:28:40+00:00,33.993752,-81.006048,68.1,6.66,-0.1,181.24,9.0,3D,2025-08-20 19:28:40-04:00,POINT (-81.006048 33.993752)
2025-08-20 23:06:05 UTC,sensor05,236476602,28.85,66.97,2025-08-20 23:28:45+00:00,33.993443,-81.006073,67.6,6.47,-0.1,0.0,9.0,3D,2025-08-20 19:28:45-04:00,POINT (-81.006073 33.993443)
2025-08-20 23:06:11 UTC,sensor05,236476602,28.86,66.87,2025-08-20 23:28:49+00:00,33.993258,-81.006067,66.9,3.56,-0.17,184.55,9.0,3D,2025-08-20 19:28:49-04:00,POINT (-81.006067 33.993258)
2025-08-20 23:06:16 UTC,sensor05,236476602,28.75,66.66,2025-08-20 23:28:55+00:00,33.993167,-81.006185,66.2,3.81,0.0,243.26,9.0,3D,2025-08-20 19:28:55-04:00,POINT (-81.006185 33.993167)
2025-08-20 23:06:21 UTC,sensor05,236476602,28.58,67.06,2025-08-20 23:29:00+00:00,33.993197,-81.006443,65.6,5.33,0.0,278.48,9.0,3D,2025-08-20 19:29:00-04:00,POINT (-81.006443 33.993197)
2025-08-20 23:06:26 UTC,sensor05,236476602,28.55,67.15,2025-08-20 23:29:05+00:00,33.993193,-81.006832,65.6,7.43,-0.1,271.96,9.0,3D,2025-08-20 19:29:05-04:00,POINT (-81.006832 33.993193)
2025-08-20 23:06:31 UTC,sensor05,236476602,28.47,67.46,2025-08-20 23:29:10+00:00,33.993207,-81.007243,65.6,6.8,0.1,275.12,9.0,3D,2025-08-20 19:29:10-04:00,POINT (-81.007243 33.993207)
2025-08-20 23:06:36 UTC,sensor05,236476602,28.44,68.04,2025-08-20 23:29:15+00:00,33.993235,-81.007562,65.8,4.8,0.1,271.92,9.0,3D,2025-08-20 19:29:15-04:00,POINT (-81.007562 33.993235)
2025-08-20 23:06:41 UTC,sensor05,236476602,28.44,67.98,2025-08-20 23:29:20+00:00,33.993238,-81.007717,66.2,2.45,0.0,278.45,9.0,3D,2025-08-20 19:29:20-04:00,POINT (-81.007717 33.993238)
2025-08-20 23:06:46 UTC,sensor05,236476602,28.44,67.99,2025-08-20 23:29:25+00:00,33.993432,-81.007767,67.2,4.43,0.7,3.12,9.0,3D,2025-08-20 19:29:25-04:00,POINT (-81.007767 33.993432)
2025-08-20 23:06:51 UTC,sensor05,236476602,28.48,67.76,2025-08-20 23:29:30+00:00,33.993725,-81.007718,68.4,6.23,0.2,4.2,9.0,3D,2025-08-20 19:29:30-04:00,POINT (-81.007718 33.993725)
2025-08-20 23:06:56 UTC,sensor05,236476602,28.46,67.6,2025-08-20 23:29:35+00:00,33.994037,-81.007718,69.8,7.14,0.6,0.81,9.0,3D,2025-08-20 19:29:35-04:00,POINT (-81.007718 33.994037)
2025-08-20 23:07:01 UTC,sensor05,236476602,28.42,67.3,2025-08-20 23:29:40+00:00,33.994313,-81.00771,72.3,5.08,0.7,357.62,9.0,3D,2025-08-20 19:29:40-04:00,POINT (-81.00771 33.994313)
2025-08-20 23:07:06 UTC,sensor05,236476602,28.43,67.18,2025-08-20 23:29:45+00:00,33.994422,-81.007547,73.5,3.36,0.0,58.61,9.0,3D,2025-08-20 19:29:45-04:00,POINT (-81.007547 33.994422)
2025-08-20 23:07:11 UTC,sensor05,236476602,28.43,67.06,2025-08-20 23:29:50+00:00,33.994415,-81.007325,74.8,3.46,0.1,93.87,9.0,3D,2025-08-20 19:29:50-04:00,POINT (-81.007325 33.994415)
2025-08-20 23:07:16 UTC,sensor05,236476602,28.51,67.32,2025-08-20 23:29:55+00:00,33.994548,-81.007187,74.6,3.68,0.2,22.33,9.0,3D,2025-08-20 19:29:55-04:00,POINT (-81.007187 33.994548)
2025-08-20 23:07:21 UTC,sensor05,236476602,28.55,67.45,2025-08-20 23:30:00+00:00,33.99475,-81.007173,75.0,3.92,0.1,10.24,9.0,3D,2025-08-20 19:30:00-04:00,POINT (-81.007173 33.99475)
2025-08-20 23:07:26 UTC,sensor05,236476602,28.5,67.09,2025-08-20 23:30:05+00:00,33.994922,-81.007135,75.2,3.32,0.0,10.51,9.0,3D,2025-08-20 19:30:05-04:00,POINT (-81.007135 33.994922)
2025-08-20 23:07:36 UTC,sensor05,236476602,28.6,67.5,2025-08-20 23:30:16+00:00,33.994955,-81.007313,74.9,3.56,0.0,0.0,9.0,3D,2025-08-20 19:30:16-04:00,POINT (-81.007313 33.994955)
2025-08-20 23:07:41 UTC,sensor05,236476602,28.6,67.73,2025-08-20 23:30:21+00:00,33.994958,-81.007418,74.4,2.38,-0.1,0.0,9.0,3D,2025-08-20 19:30:21-04:00,POINT (-81.007418 33.994958)
2025-08-20 23:07:46 UTC,sensor05,236476602,28.59,67.6,2025-08-20 23:30:26+00:00,33.995155,-81.007532,73.9,5.18,-0.1,0.0,9.0,3D,2025-08-20 19:30:26-04:00,POINT (-81.007532 33.995155)
2025-08-20 23:07:51 UTC,sensor05,236476602,28.62,67.35,2025-08-20 23:30:31+00:00,33.995387,-81.007537,73.5,5.73,-0.1,0.0,9.0,3D,2025-08-20 19:30:31-04:00,POINT (-81.007537 33.995387)
2025-08-20 23:08:01 UTC,sensor05,236476602,28.55,67.84,2025-08-20 23:30:41+00:00,33.9957,-81.007637,73.3,4.57,0.0,355.2,9.0,3D,2025-08-20 19:30:41-04:00,POINT (-81.007637 33.9957)
2025-08-20 23:08:07 UTC,sensor05,236476602,28.6,67.74,2025-08-20 23:30:46+00:00,33.995948,-81.00753,73.0,6.66,-0.1,19.78,9.0,3D,2025-08-20 19:30:46-04:00,POINT (-81.00753 33.995948)
2025-08-20 23:08:12 UTC,sensor05,236476602,28.63,67.28,2025-08-20 23:30:46+00:00,33.995948,-81.00753,73.0,6.66,-0.1,19.78,9.0,3D,2025-08-20 19:30:46-04:00,POINT (-81.00753 33.995948)
2025-08-20 23:08:17 UTC,sensor05,236476602,28.62,67.04,2025-08-20 23:30:56+00:00,33.996607,-81.007428,72.5,7.15,0.1,6.93,9.0,3D,2025-08-20 19:30:56-04:00,POINT (-81.007428 33.996607)
2025-08-20 23:08:22 UTC,sensor05,236476602,28.65,66.86,2025-08-20 23:31:01+00:00,33.996817,-81.00737,73.0,3.65,0.2,6.89,9.0,3D,2025-08-20 19:31:01-04:00,POINT (-81.00737 33.996817)
2025-08-20 23:08:32 UTC,sensor05,236476602,28.68,66.47,2025-08-20 23:31:11+00:00,33.996953,-81.007445,74.4,2.75,0.2,317.35,9.0,3D,2025-08-20 19:31:11-04:00,POINT (-81.007445 33.996953)
2025-08-20 23:08:37 UTC,sensor05,236476602,28.65,66.36,2025-08-20 23:31:16+00:00,33.996988,-81.007695,75.1,6.33,0.0,270.49,9.0,3D,2025-08-20 19:31:16-04:00,POINT (-81.007695 33.996988)
2025-08-20 23:08:42 UTC,sensor05,236476602,28.82,67.12,2025-08-20 23:31:21+00:00,33.997037,-81.008133,74.7,8.41,-0.1,271.83,9.0,3D,2025-08-20 19:31:21-04:00,POINT (-81.008133 33.997037)
2025-08-20 23:08:47 UTC,sensor05,236476602,28.73,67.64,2025-08-20 23:31:26+00:00,33.997072,-81.008642,74.4,7.86,-0.1,274.73,9.0,3D,2025-08-20 19:31:26-04:00,POINT (-81.008642 33.997072)
2025-08-20 23:08:52 UTC,sensor05,236476602,28.69,67.49,2025-08-20 23:31:31+00:00,33.997138,-81.008933,74.4,3.67,0.0,264.54,8.0,3D,2025-08-20 19:31:31-04:00,POINT (-81.008933 33.997138)
2025-08-20 23:08:57 UTC,sensor05,236476602,28.66,67.24,2025-08-20 23:31:36+00:00,33.997128,-81.009043,74.2,3.64,0.1,300.76,9.0,3D,2025-08-20 19:31:36-04:00,POINT (-81.009043 33.997128)
2025-08-20 23:09:02 UTC,sensor05,236476602,28.59,67.49,2025-08-20 23:31:41+00:00,33.997158,-81.009375,73.4,6.41,-0.6,277.97,9.0,3D,2025-08-20 19:31:41-04:00,POINT (-81.009375 33.997158)
2025-08-20 23:09:07 UTC,sensor05,236476602,28.59,67.37,2025-08-20 23:31:46+00:00,33.997103,-81.009772,66.6,7.29,-1.1,265.81,9.0,3D,2025-08-20 19:31:46-04:00,POINT (-81.009772 33.997103)
2025-08-20 23:09:12 UTC,sensor05,236476602,28.51,67.6,2025-08-20 23:31:51+00:00,33.997072,-81.010217,64.9,7.08,-0.3,265.97,9.0,3D,2025-08-20 19:31:51-04:00,POINT (-81.010217 33.997072)
2025-08-20 23:09:17 UTC,sensor05,236476602,28.52,68.02,2025-08-20 23:31:56+00:00,33.99706,-81.010582,62.1,5.71,-0.8,269.75,9.0,3D,2025-08-20 19:31:56-04:00,POINT (-81.010582 33.99706)
2025-08-20 23:09:22 UTC,sensor05,236476602,28.59,68.12,2025-08-20 23:32:01+00:00,33.997337,-81.01075,58.4,4.62,-0.1,344.91,9.0,3D,2025-08-20 19:32:01-04:00,POINT (-81.01075 33.997337)
2025-08-20 23:09:27 UTC,sensor05,236476602,28.74,67.88,2025-08-20 23:32:06+00:00,33.99758,-81.010765,57.8,5.57,0.2,1.2,9.0,3D,2025-08-20 19:32:06-04:00,POINT (-81.010765 33.99758)
2025-08-20 23:09:32 UTC,sensor05,236476602,28.83,67.33,2025-08-20 23:32:11+00:00,33.997808,-81.010722,59.4,5.81,0.4,7.05,9.0,3D,2025-08-20 19:32:11-04:00,POINT (-81.010722 33.997808)
2025-08-20 23:09:37 UTC,sensor05,236476602,28.9,66.86,2025-08-20 23:32:16+00:00,33.998015,-81.01066,61.2,4.8,0.4,18.51,9.0,3D,2025-08-20 19:32:16-04:00,POINT (-81.01066 33.998015)
2025-08-20 23:09:42 UTC,sensor05,236476602,28.94,66.45,2025-08-20 23:32:22+00:00,33.998255,-81.010597,63.4,3.63,0.2,0.0,9.0,3D,2025-08-20 19:32:22-04:00,POINT (-81.010597 33.998255)
2025-08-20 23:09:47 UTC,sensor05,236476602,28.9,66.33,2025-08-20 23:32:26+00:00,33.998452,-81.010682,65.6,2.38,0.9,11.49,9.0,3D,2025-08-20 19:32:26-04:00,POINT (-81.010682 33.998452)
2025-08-20 23:10:07 UTC,sensor05,236476602,28.79,66.79,2025-08-20 23:32:46+00:00,33.99868,-81.01091,72.1,6.14,0.2,301.48,9.0,3D,2025-08-20 19:32:46-04:00,POINT (-81.01091 33.99868)
2025-08-20 23:10:13 UTC,sensor05,236476602,28.87,66.87,2025-08-20 23:32:46+00:00,33.99868,-81.01091,72.1,6.14,0.2,301.48,9.0,3D,2025-08-20 19:32:46-04:00,POINT (-81.01091 33.99868)
2025-08-20 23:10:18 UTC,sensor05,236476602,28.97,67.1,2025-08-20 23:32:57+00:00,33.99871,-81.011898,71.7,9.24,-0.3,269.89,9.0,3D,2025-08-20 19:32:57-04:00,POINT (-81.011898 33.99871)
2025-08-20 23:10:23 UTC,sensor05,236476602,28.99,66.6,2025-08-20 23:33:02+00:00,33.99876,-81.012412,70.7,9.1,-0.1,275.42,9.0,3D,2025-08-20 19:33:02-04:00,POINT (-81.012412 33.99876)
2025-08-20 23:10:28 UTC,sensor05,236476602,28.97,66.78,2025-08-20 23:33:07+00:00,33.99879,-81.012935,70.2,9.64,-0.1,272.9,8.0,3D,2025-08-20 19:33:07-04:00,POINT (-81.012935 33.99879)
2025-08-20 23:10:33 UTC,sensor05,236476602,28.86,66.82,2025-08-20 23:33:12+00:00,33.998853,-81.013537,69.2,11.08,-0.4,274.97,9.0,3D,2025-08-20 19:33:12-04:00,POINT (-81.013537 33.998853)
2025-08-20 23:10:38 UTC,sensor05,236476602,29.01,66.65,2025-08-20 23:33:17+00:00,33.998893,-81.014142,67.7,10.77,-0.6,273.09,8.0,3D,2025-08-20 19:33:17-04:00,POINT (-81.014142 33.998893)
2025-08-20 23:10:43 UTC,sensor05,236476602,28.98,66.76,2025-08-20 23:33:22+00:00,33.998855,-81.014592,65.8,7.36,-0.2,269.45,9.0,3D,2025-08-20 19:33:22-04:00,POINT (-81.014592 33.998855)
2025-08-20 23:10:48 UTC,sensor05,236476602,29.04,66.75,2025-08-20 23:33:27+00:00,33.99886,-81.014895,64.2,5.79,-0.4,274.74,9.0,3D,2025-08-20 19:33:27-04:00,POINT (-81.014895 33.99886)
2025-08-20 23:10:53 UTC,sensor05,236476602,29.05,66.33,2025-08-20 23:33:32+00:00,33.998903,-81.015302,60.9,7.22,-0.5,280.07,9.0,3D,2025-08-20 19:33:32-04:00,POINT (-81.015302 33.998903)
2025-08-20 23:10:58 UTC,sensor05,236476602,28.99,66.77,2025-08-20 23:33:37+00:00,33.998953,-81.015468,59.2,3.82,-0.2,353.78,9.0,3D,2025-08-20 19:33:37-04:00,POINT (-81.015468 33.998953)
2025-08-20 23:11:03 UTC,sensor05,236476602,28.91,66.62,2025-08-20 23:33:42+00:00,33.999173,-81.015267,58.6,6.42,-0.3,44.38,9.0,3D,2025-08-20 19:33:42-04:00,POINT (-81.015267 33.999173)
2025-08-20 23:11:08 UTC,sensor05,236476602,28.93,66.94,2025-08-20 23:33:47+00:00,33.99949,-81.014995,58.4,7.6,0.3,38.01,8.0,3D,2025-08-20 19:33:47-04:00,POINT (-81.014995 33.99949)
2025-08-20 23:11:13 UTC,sensor05,236476602,28.85,67.18,2025-08-20 23:33:52+00:00,33.999803,-81.014737,58.5,7.29,0.0,42.52,9.0,3D,2025-08-20 19:33:52-04:00,POINT (-81.014737 33.999803)
2025-08-20 23:11:18 UTC,sensor05,236476602,28.78,67.6,2025-08-20 23:33:57+00:00,34.00002,-81.014497,59.6,5.18,0.4,41.83,9.0,3D,2025-08-20 19:33:57-04:00,POINT (-81.014497 34.00002)
2025-08-20 23:11:23 UTC,sensor05,236476602,28.72,67.93,2025-08-20 23:34:02+00:00,34.000187,-81.014475,60.3,4.06,0.1,333.16,9.0,3D,2025-08-20 19:34:02-04:00,POINT (-81.014475 34.000187)
2025-08-20 23:11:28 UTC,sensor05,236476602,28.59,67.7,2025-08-20 23:34:07+00:00,34.000367,-81.014723,62.0,6.63,0.3,306.34,9.0,3D,2025-08-20 19:34:07-04:00,POINT (-81.014723 34.000367)
2025-08-20 23:11:33 UTC,sensor05,236476602,28.54,67.83,2025-08-20 23:34:12+00:00,34.000487,-81.015008,63.7,5.44,0.4,295.39,9.0,3D,2025-08-20 19:34:12-04:00,POINT (-81.015008 34.000487)
2025-08-20 23:11:38 UTC,sensor05,236476602,28.56,68.35,2025-08-20 23:34:17+00:00,34.000597,-81.01521,65.4,3.08,0.3,318.11,9.0,3D,2025-08-20 19:34:17-04:00,POINT (-81.01521 34.000597)
2025-08-20 23:11:43 UTC,sensor05,236476602,28.56,68.62,2025-08-20 23:34:22+00:00,34.000792,-81.015295,66.1,4.04,0.2,353.52,9.0,3D,2025-08-20 19:34:22-04:00,POINT (-81.015295 34.000792)
2025-08-20 23:11:48 UTC,sensor05,236476602,28.49,68.79,2025-08-20 23:34:27+00:00,34.001077,-81.015167,67.4,6.51,0.2,30.0,9.0,3D,2025-08-20 19:34:27-04:00,POINT (-81.015167 34.001077)
2025-08-20 23:11:53 UTC,sensor05,236476602,28.41,68.81,2025-08-20 23:34:32+00:00,34.001398,-81.014982,67.8,7.55,0.1,24.62,9.0,3D,2025-08-20 19:34:32-04:00,POINT (-81.014982 34.001398)
2025-08-20 23:11:58 UTC,sensor05,236476602,28.4,69.06,2025-08-20 23:34:37+00:00,34.001715,-81.014775,67.9,7.33,-0.3,27.53,9.0,3D,2025-08-20 19:34:37-04:00,POINT (-81.014775 34.001715)
2025-08-20 23:12:03 UTC,sensor05,236476602,28.43,68.83,2025-08-20 23:34:42+00:00,34.001992,-81.01452,69.7,7.68,0.7,34.88,9.0,3D,2025-08-20 19:34:42-04:00,POINT (-81.01452 34.001992)
2025-08-20 23:12:08 UTC,sensor05,236476602,28.38,68.56,2025-08-20 23:34:47+00:00,34.002222,-81.014253,70.8,6.71,-0.3,42.89,9.0,3D,2025-08-20 19:34:47-04:00,POINT (-81.014253 34.002222)
2025-08-20 23:12:13 UTC,sensor05,236476602,28.42,68.71,2025-08-20 23:34:47+00:00,34.002222,-81.014253,70.8,6.71,-0.3,42.89,9.0,3D,2025-08-20 19:34:47-04:00,POINT (-81.014253 34.002222)
2025-08-20 23:12:18 UTC,sensor05,236476602,28.41,68.4,2025-08-20 23:34:58+00:00,34.002447,-81.013858,71.8,5.8,-0.1,0.0,9.0,3D,2025-08-20 19:34:58-04:00,POINT (-81.013858 34.002447)
2025-08-20 23:12:24 UTC,sensor05,236476602,28.41,68.68,2025-08-20 23:35:03+00:00,34.002648,-81.013563,71.6,7.69,-0.1,0.0,4.0,3D,2025-08-20 19:35:03-04:00,POINT (-81.013563 34.002648)
2025-08-20 23:12:29 UTC,sensor05,236476602,28.4,69.19,2025-08-20 23:35:08+00:00,34.002843,-81.013218,71.4,7.48,0.1,0.0,4.0,3D,2025-08-20 19:35:08-04:00,POINT (-81.013218 34.002843)
2025-08-20 23:12:34 UTC,sensor05,236476602,28.38,68.87,2025-08-20 23:35:13+00:00,34.003027,-81.012868,71.7,7.61,-0.1,0.0,9.0,3D,2025-08-20 19:35:13-04:00,POINT (-81.012868 34.003027)
2025-08-20 23:12:39 UTC,sensor05,236476602,28.3,69.26,2025-08-20 23:35:18+00:00,34.00323,-81.012573,71.8,6.99,-0.1,0.0,9.0,3D,2025-08-20 19:35:18-04:00,POINT (-81.012573 34.00323)
2025-08-20 23:12:44 UTC,sensor05,236476602,28.33,69.83,2025-08-20 23:35:23+00:00,34.003368,-81.012348,69.5,3.07,-0.7,64.35,9.0,3D,2025-08-20 19:35:23-04:00,POINT (-81.012348 34.003368)
2025-08-20 23:12:49 UTC,sensor05,236476602,28.4,70.05,2025-08-20 23:35:28+00:00,34.003362,-81.012228,67.8,2.29,-0.4,127.9,9.0,3D,2025-08-20 19:35:28-04:00,POINT (-81.012228 34.003362)
2025-08-20 23:12:54 UTC,sensor05,236476602,28.31,69.51,2025-08-20 23:35:33+00:00,34.003142,-81.012132,67.1,6.07,0.0,166.8,9.0,3D,2025-08-20 19:35:33-04:00,POINT (-81.012132 34.003142)
2025-08-20 23:12:59 UTC,sensor05,236476602,28.22,69.62,2025-08-20 23:35:38+00:00,34.002815,-81.012003,65.6,7.12,-0.7,164.01,9.0,3D,2025-08-20 19:35:38-04:00,POINT (-81.012003 34.002815)
2025-08-20 23:13:04 UTC,sensor05,236476602,28.24,69.7,2025-08-20 23:35:43+00:00,34.002527,-81.011932,64.5,5.37,-0.2,175.88,9.0,3D,2025-08-20 19:35:43-04:00,POINT (-81.011932 34.002527)
2025-08-20 23:13:14 UTC,sensor05,236476602,28.31,69.62,2025-08-20 23:35:53+00:00,34.002227,-81.012048,59.8,4.28,-0.2,218.02,9.0,3D,2025-08-20 19:35:53-04:00,POINT (-81.012048 34.002227)
2025-08-20 23:13:19 UTC,sensor05,236476602,28.23,69.68,2025-08-20 23:35:58+00:00,34.002065,-81.012247,59.5,6.55,0.2,220.96,9.0,3D,2025-08-20 19:35:58-04:00,POINT (-81.012247 34.002065)
2025-08-20 23:13:24 UTC,sensor05,236476602,28.14,70.14,2025-08-20 23:36:03+00:00,34.001868,-81.0125,59.9,5.81,0.1,216.33,9.0,3D,2025-08-20 19:36:03-04:00,POINT (-81.0125 34.001868)
2025-08-20 23:13:29 UTC,sensor05,236476602,28.14,70.14,2025-08-20 23:36:08+00:00,34.001647,-81.01265,60.4,3.96,-0.1,192.4,9.0,3D,2025-08-20 19:36:08-04:00,POINT (-81.01265 34.001647)
2025-08-20 23:13:34 UTC,sensor05,236476602,28.23,70.11,2025-08-20 23:36:13+00:00,34.00153,-81.012473,59.9,4.84,-0.2,102.86,9.0,3D,2025-08-20 19:36:13-04:00,POINT (-81.012473 34.00153)
2025-08-20 23:13:39 UTC,sensor05,236476602,28.28,69.44,2025-08-20 23:36:18+00:00,34.00153,-81.012148,60.1,6.42,0.1,82.95,9.0,3D,2025-08-20 19:36:18-04:00,POINT (-81.012148 34.00153)
2025-08-20 23:13:44 UTC,sensor05,236476602,28.31,69.04,2025-08-20 23:36:23+00:00,34.001548,-81.011773,60.7,6.85,0.2,84.83,9.0,3D,2025-08-20 19:36:23-04:00,POINT (-81.011773 34.001548)
2025-08-20 23:13:49 UTC,sensor05,236476602,28.3,68.88,2025-08-20 23:36:28+00:00,34.001508,-81.011372,60.9,6.91,0.0,94.27,9.0,3D,2025-08-20 19:36:28-04:00,POINT (-81.011372 34.001508)
2025-08-20 23:13:54 UTC,sensor05,236476602,28.3,69.0,2025-08-20 23:36:33+00:00,34.00156,-81.010992,61.1,6.09,0.1,86.44,9.0,3D,2025-08-20 19:36:33-04:00,POINT (-81.010992 34.00156)
2025-08-20 23:13:59 UTC,sensor05,236476602,28.35,69.38,2025-08-20 23:36:38+00:00,34.001537,-81.010683,60.8,5.26,-0.5,89.65,9.0,3D,2025-08-20 19:36:38-04:00,POINT (-81.010683 34.001537)
2025-08-20 23:14:09 UTC,sensor05,236476602,28.33,69.64,2025-08-20 23:36:47+00:00,34.001617,-81.01046,62.9,3.08,1.3,44.44,9.0,3D,2025-08-20 19:36:47-04:00,POINT (-81.01046 34.001617)
2025-08-20 23:14:14 UTC,sensor05,236476602,28.43,68.94,2025-08-20 23:36:53+00:00,34.001945,-81.010483,67.7,6.08,0.8,0.0,9.0,3D,2025-08-20 19:36:53-04:00,POINT (-81.010483 34.001945)
2025-08-20 23:14:19 UTC,sensor05,236476602,28.42,68.31,2025-08-20 23:36:59+00:00,34.002317,-81.01039,68.0,6.95,-0.1,0.0,9.0,3D,2025-08-20 19:36:59-04:00,POINT (-81.01039 34.002317)
2025-08-20 23:14:25 UTC,sensor05,236476602,28.44,68.4,2025-08-20 23:37:04+00:00,34.00259,-81.010293,68.8,6.12,1.3,10.19,9.0,3D,2025-08-20 19:37:04-04:00,POINT (-81.010293 34.00259)
2025-08-20 23:14:30 UTC,sensor05,236476602,28.43,69.01,2025-08-20 23:37:09+00:00,34.002817,-81.010262,70.8,4.0,0.5,356.09,9.0,3D,2025-08-20 19:37:09-04:00,POINT (-81.010262 34.002817)
2025-08-20 23:14:35 UTC,sensor05,236476602,28.46,69.3,2025-08-20 23:37:14+00:00,34.0029,-81.010135,70.9,3.28,0.0,48.94,9.0,3D,2025-08-20 19:37:14-04:00,POINT (-81.010135 34.0029)
2025-08-20 23:14:40 UTC,sensor05,236476602,28.55,68.7,2025-08-20 23:37:19+00:00,34.002875,-81.009837,69.6,5.45,-0.2,85.09,9.0,3D,2025-08-20 19:37:19-04:00,POINT (-81.009837 34.002875)
2025-08-20 23:14:45 UTC,sensor05,236476602,28.51,68.19,2025-08-20 23:37:24+00:00,34.002898,-81.009558,70.6,5.73,0.3,91.07,9.0,3D,2025-08-20 19:37:24-04:00,POINT (-81.009558 34.002898)
2025-08-20 23:14:50 UTC,sensor05,236476602,28.47,68.42,2025-08-20 23:37:29+00:00,34.002887,-81.00925,74.0,5.48,0.7,93.55,9.0,3D,2025-08-20 19:37:29-04:00,POINT (-81.00925 34.002887)
2025-08-20 23:14:55 UTC,sensor05,236476602,28.46,68.33,2025-08-20 23:37:34+00:00,34.002837,-81.008895,76.5,6.26,0.7,91.1,9.0,3D,2025-08-20 19:37:34-04:00,POINT (-81.008895 34.002837)
2025-08-20 23:15:00 UTC,sensor05,236476602,28.44,68.39,2025-08-20 23:37:39+00:00,34.0028,-81.008518,79.0,7.71,0.6,96.25,9.0,3D,2025-08-20 19:37:39-04:00,POINT (-81.008518 34.0028)
2025-08-20 23:15:05 UTC,sensor05,236476602,28.42,68.55,2025-08-20 23:37:44+00:00,34.002753,-81.008072,81.1,7.89,0.6,102.64,9.0,3D,2025-08-20 19:37:44-04:00,POINT (-81.008072 34.002753)
2025-08-20 23:15:10 UTC,sensor05,236476602,28.31,68.9,2025-08-20 23:37:49+00:00,34.002778,-81.007682,84.0,7.49,0.5,91.01,9.0,3D,2025-08-20 19:37:49-04:00,POINT (-81.007682 34.002778)
2025-08-20 23:15:15 UTC,sensor05,236476602,28.28,68.75,2025-08-20 23:37:54+00:00,34.002767,-81.0073,86.8,7.46,0.6,98.59,9.0,3D,2025-08-20 19:37:54-04:00,POINT (-81.0073 34.002767)
2025-08-20 23:15:20 UTC,sensor05,236476602,28.26,69.45,2025-08-20 23:37:59+00:00,34.002743,-81.007013,89.2,4.08,0.5,116.82,9.0,3D,2025-08-20 19:37:59-04:00,POINT (-81.007013 34.002743)
2025-08-20 23:15:25 UTC,sensor05,236476602,28.42,69.43,2025-08-20 23:38:04+00:00,34.00268,-81.006863,92.1,4.16,0.6,93.64,9.0,3D,2025-08-20 19:38:04-04:00,POINT (-81.006863 34.00268)
2025-08-20 23:15:30 UTC,sensor05,236476602,28.49,69.13,2025-08-20 23:38:09+00:00,34.002665,-81.006585,95.8,6.09,0.4,88.15,9.0,3D,2025-08-20 19:38:09-04:00,POINT (-81.006585 34.002665)
2025-08-20 23:15:35 UTC,sensor05,236476602,28.47,68.37,2025-08-20 23:38:14+00:00,34.002615,-81.006137,97.7,7.86,0.3,98.53,9.0,3D,2025-08-20 19:38:14-04:00,POINT (-81.006137 34.002615)
2025-08-20 23:15:40 UTC,sensor05,236476602,28.43,68.09,2025-08-20 23:38:19+00:00,34.002602,-81.005735,99.2,7.64,0.3,95.89,9.0,3D,2025-08-20 19:38:19-04:00,POINT (-81.005735 34.002602)
2025-08-20 23:15:45 UTC,sensor05,236476602,28.41,68.0,2025-08-20 23:38:24+00:00,34.00263,-81.005398,99.4,5.35,0.2,103.07,9.0,3D,2025-08-20 19:38:24-04:00,POINT (-81.005398 34.00263)
2025-08-20 23:15:55 UTC,sensor05,236476602,28.52,67.71,2025-08-20 23:38:34+00:00,34.002612,-81.005212,100.6,4.06,0.2,98.56,9.0,3D,2025-08-20 19:38:34-04:00,POINT (-81.005212 34.002612)
2025-08-20 23:16:00 UTC,sensor05,236476602,28.72,67.62,2025-08-20 23:38:39+00:00,34.002573,-81.004875,101.1,6.5,-0.1,92.98,9.0,3D,2025-08-20 19:38:39-04:00,POINT (-81.004875 34.002573)
2025-08-20 23:16:05 UTC,sensor05,236476602,28.63,67.26,2025-08-20 23:38:44+00:00,34.002563,-81.004457,101.9,7.35,0.0,91.49,9.0,3D,2025-08-20 19:38:44-04:00,POINT (-81.004457 34.002563)
2025-08-20 23:16:10 UTC,sensor05,236476602,28.56,67.17,2025-08-20 23:38:47+00:00,34.002533,-81.004212,102.1,7.59,0.1,94.58,9.0,3D,2025-08-20 19:38:47-04:00,POINT (-81.004212 34.002533)
2025-08-20 23:16:15 UTC,sensor05,236476602,28.43,67.35,2025-08-20 23:38:54+00:00,34.00248,-81.003613,105.8,8.4,0.53,96.21,9.0,3D,2025-08-20 19:38:54-04:00,POINT (-81.003613 34.00248)
2025-08-20 23:16:20 UTC,sensor05,236476602,28.45,67.48,2025-08-20 23:39:00+00:00,34.002453,-81.003177,107.6,4.78,0.4,0.0,9.0,3D,2025-08-20 19:39:00-04:00,POINT (-81.003177 34.002453)
2025-08-20 23:16:30 UTC,sensor05,236476602,28.49,67.29,2025-08-20 23:39:10+00:00,34.00223,-81.002993,108.9,4.99,0.4,0.0,9.0,3D,2025-08-20 19:39:10-04:00,POINT (-81.002993 34.00223)
2025-08-20 23:16:35 UTC,sensor05,236476602,28.58,67.31,2025-08-20 23:39:15+00:00,34.001907,-81.003015,110.7,7.9,0.3,184.98,9.0,3D,2025-08-20 19:39:15-04:00,POINT (-81.003015 34.001907)
2025-08-20 23:16:41 UTC,sensor05,236476602,28.64,67.48,2025-08-20 23:39:20+00:00,34.001532,-81.003013,111.1,6.9,0.0,181.85,9.0,3D,2025-08-20 19:39:20-04:00,POINT (-81.003013 34.001532)
2025-08-20 23:16:46 UTC,sensor05,236476602,28.53,67.26,2025-08-20 23:39:25+00:00,34.001245,-81.003025,111.1,5.83,-0.1,182.9,9.0,3D,2025-08-20 19:39:25-04:00,POINT (-81.003025 34.001245)
2025-08-20 23:16:56 UTC,sensor05,236476602,28.39,67.41,2025-08-20 23:39:35+00:00,34.000952,-81.003063,110.5,3.77,0.1,186.89,9.0,3D,2025-08-20 19:39:35-04:00,POINT (-81.003063 34.000952)
2025-08-20 23:17:01 UTC,sensor05,236476602,28.28,67.62,2025-08-20 23:39:40+00:00,34.000588,-81.003082,110.8,6.81,0.1,188.0,9.0,3D,2025-08-20 19:39:40-04:00,POINT (-81.003082 34.000588)
2025-08-20 23:17:06 UTC,sensor05,236476602,28.32,67.85,2025-08-20 23:39:45+00:00,34.000285,-81.003108,110.9,7.92,-0.1,180.34,9.0,3D,2025-08-20 19:39:45-04:00,POINT (-81.003108 34.000285)
2025-08-20 23:17:11 UTC,sensor05,236476602,28.24,67.85,2025-08-20 23:39:50+00:00,33.999992,-81.003158,111.2,7.3,0.0,190.15,9.0,3D,2025-08-20 19:39:50-04:00,POINT (-81.003158 33.999992)
2025-08-20 23:17:16 UTC,sensor05,236476602,28.33,68.19,2025-08-20 23:39:55+00:00,33.999685,-81.003162,111.5,5.56,0.0,189.04,9.0,3D,2025-08-20 19:39:55-04:00,POINT (-81.003162 33.999685)
2025-08-20 23:17:21 UTC,sensor05,236476602,28.31,67.95,2025-08-20 23:40:00+00:00,33.999533,-81.003342,110.7,5.07,-0.6,232.48,9.0,3D,2025-08-20 19:40:00-04:00,POINT (-81.003342 33.999533)
2025-08-20 16:50:20 UTC,sensor06,236497257,29.24,65.32,2025-08-20 23:03:34+00:00,34.021042,-81.036382,69.6,5.85,-0.2,71.31,9.0,3D,2025-08-20 19:03:34-04:00,POINT (-81.036382 34.021042)
2025-08-20 16:50:25 UTC,sensor06,236497257,29.18,65.6,2025-08-20 23:03:39+00:00,34.021158,-81.036047,74.6,5.71,3.9,68.2,9.0,3D,2025-08-20 19:03:39-04:00,POINT (-81.036047 34.021158)
2025-08-20 16:50:30 UTC,sensor06,236497257,29.26,65.88,2025-08-20 23:03:44+00:00,34.021257,-81.035698,72.5,6.09,-1.0,68.33,9.0,3D,2025-08-20 19:03:44-04:00,POINT (-81.035698 34.021257)
2025-08-20 16:50:35 UTC,sensor06,236497257,29.18,65.49,2025-08-20 23:03:49+00:00,34.021343,-81.035368,72.8,5.74,3.7,70.33,9.0,3D,2025-08-20 19:03:49-04:00,POINT (-81.035368 34.021343)
2025-08-20 16:50:40 UTC,sensor06,236497257,29.17,65.44,2025-08-20 23:03:54+00:00,34.021257,-81.035088,76.2,5.17,-0.3,149.53,9.0,3D,2025-08-20 19:03:54-04:00,POINT (-81.035088 34.021257)
2025-08-20 16:50:45 UTC,sensor06,236497257,29.31,65.63,2025-08-20 23:03:59+00:00,34.020957,-81.035,74.4,6.19,0.2,162.31,8.0,3D,2025-08-20 19:03:59-04:00,POINT (-81.035 34.020957)
2025-08-20 16:50:50 UTC,sensor06,236497257,29.37,65.88,2025-08-20 23:04:04+00:00,34.020667,-81.03486,77.2,6.62,0.4,158.06,8.0,3D,2025-08-20 19:04:04-04:00,POINT (-81.03486 34.020667)
2025-08-20 16:50:55 UTC,sensor06,236497257,29.43,65.98,2025-08-20 23:04:09+00:00,34.020422,-81.034738,79.5,4.31,0.4,164.27,8.0,3D,2025-08-20 19:04:09-04:00,POINT (-81.034738 34.020422)
2025-08-20 16:51:05 UTC,sensor06,236497257,29.59,65.08,2025-08-20 23:04:19+00:00,34.020337,-81.034508,80.4,3.85,-0.1,63.16,8.0,3D,2025-08-20 19:04:19-04:00,POINT (-81.034508 34.020337)
2025-08-20 16:51:10 UTC,sensor06,236497257,29.58,65.07,2025-08-20 23:04:24+00:00,34.020495,-81.034355,79.4,4.86,-0.2,36.66,8.0,3D,2025-08-20 19:04:24-04:00,POINT (-81.034355 34.020495)
2025-08-20 16:51:15 UTC,sensor06,236497257,29.63,65.13,2025-08-20 23:04:30+00:00,34.020702,-81.034093,78.2,5.19,-0.2,0.0,8.0,3D,2025-08-20 19:04:30-04:00,POINT (-81.034093 34.020702)
2025-08-20 16:51:20 UTC,sensor06,236497257,29.66,65.05,2025-08-20 23:04:35+00:00,34.020597,-81.033863,76.8,6.01,-0.3,0.0,8.0,3D,2025-08-20 19:04:35-04:00,POINT (-81.033863 34.020597)
2025-08-20 16:51:25 UTC,sensor06,236497257,29.56,65.1,2025-08-20 23:04:40+00:00,34.020332,-81.033602,75.8,7.96,-0.17,0.0,8.0,3D,2025-08-20 19:04:40-04:00,POINT (-81.033602 34.020332)
2025-08-20 16:51:30 UTC,sensor06,236497257,29.53,65.89,2025-08-20 23:04:45+00:00,34.019952,-81.033403,73.3,8.4,-0.4,163.26,8.0,3D,2025-08-20 19:04:45-04:00,POINT (-81.033403 34.019952)
2025-08-20 16:51:35 UTC,sensor06,236497257,29.53,65.58,2025-08-20 23:04:50+00:00,34.019602,-81.033245,71.3,7.1,-0.4,160.59,8.0,3D,2025-08-20 19:04:50-04:00,POINT (-81.033245 34.019602)
2025-08-20 16:51:40 UTC,sensor06,236497257,29.49,65.15,2025-08-20 23:04:55+00:00,34.019297,-81.033102,69.0,6.14,-0.7,170.51,8.0,3D,2025-08-20 19:04:55-04:00,POINT (-81.033102 34.019297)
2025-08-20 16:51:45 UTC,sensor06,236497257,29.43,65.09,2025-08-20 23:05:00+00:00,34.019032,-81.032988,65.8,5.3,-0.6,163.93,8.0,3D,2025-08-20 19:05:00-04:00,POINT (-81.032988 34.019032)
2025-08-20 16:51:50 UTC,sensor06,236497257,29.4,64.64,2025-08-20 23:05:05+00:00,34.018817,-81.032895,62.3,5.3,-0.6,159.22,8.0,3D,2025-08-20 19:05:05-04:00,POINT (-81.032895 34.018817)
2025-08-20 16:51:55 UTC,sensor06,236497257,29.4,64.69,2025-08-20 23:05:10+00:00,34.018617,-81.032798,59.5,4.73,-0.6,154.38,7.0,3D,2025-08-20 19:05:10-04:00,POINT (-81.032798 34.018617)
2025-08-20 16:52:00 UTC,sensor06,236497257,29.4,64.54,2025-08-20 23:05:15+00:00,34.01842,-81.032738,57.5,5.47,-0.2,157.84,8.0,3D,2025-08-20 19:05:15-04:00,POINT (-81.032738 34.01842)
2025-08-20 16:52:05 UTC,sensor06,236497257,29.44,64.62,2025-08-20 23:05:20+00:00,34.018213,-81.032658,57.0,5.12,-0.1,163.43,8.0,3D,2025-08-20 19:05:20-04:00,POINT (-81.032658 34.018213)
2025-08-20 16:52:10 UTC,sensor06,236497257,29.45,64.65,2025-08-20 23:05:25+00:00,34.017988,-81.032532,56.7,5.9,0.0,147.39,8.0,3D,2025-08-20 19:05:25-04:00,POINT (-81.032532 34.017988)
2025-08-20 16:52:16 UTC,sensor06,236497257,29.54,64.45,2025-08-20 23:05:30+00:00,34.017838,-81.03243,56.7,3.83,0.0,152.35,8.0,3D,2025-08-20 19:05:30-04:00,POINT (-81.03243 34.017838)
2025-08-20 16:52:21 UTC,sensor06,236497257,29.57,64.32,2025-08-20 23:05:35+00:00,34.017673,-81.03244,57.0,4.6,0.1,175.78,8.0,3D,2025-08-20 19:05:35-04:00,POINT (-81.03244 34.017673)
2025-08-20 16:52:26 UTC,sensor06,236497257,29.64,64.21,2025-08-20 23:05:40+00:00,34.017533,-81.032468,58.1,3.05,0.3,151.55,8.0,3D,2025-08-20 19:05:40-04:00,POINT (-81.032468 34.017533)
2025-08-20 16:52:31 UTC,sensor06,236497257,29.68,63.98,2025-08-20 23:05:45+00:00,34.01722,-81.032182,59.0,5.15,0.0,157.61,8.0,3D,2025-08-20 19:05:45-04:00,POINT (-81.032182 34.01722)
2025-08-20 16:52:36 UTC,sensor06,236497257,29.64,64.04,2025-08-20 23:05:50+00:00,34.017037,-81.032083,59.4,3.07,0.1,171.84,8.0,3D,2025-08-20 19:05:50-04:00,POINT (-81.032083 34.017037)
2025-08-20 16:52:46 UTC,sensor06,236497257,29.51,63.85,2025-08-20 23:06:00+00:00,34.01689,-81.031807,60.7,4.46,0.0,80.48,8.0,3D,2025-08-20 19:06:00-04:00,POINT (-81.031807 34.01689)
2025-08-20 16:52:51 UTC,sensor06,236497257,29.43,63.93,2025-08-20 23:06:05+00:00,34.016943,-81.03156,61.0,4.88,0.1,72.87,8.0,3D,2025-08-20 19:06:05-04:00,POINT (-81.03156 34.016943)
2025-08-20 16:52:56 UTC,sensor06,236497257,29.4,64.49,2025-08-20 23:06:10+00:00,34.017035,-81.031218,62.0,6.19,0.3,73.78,8.0,3D,2025-08-20 19:06:10-04:00,POINT (-81.031218 34.017035)
2025-08-20 16:53:01 UTC,sensor06,236497257,29.44,64.98,2025-08-20 23:06:15+00:00,34.017098,-81.030832,62.5,6.75,0.0,67.38,8.0,3D,2025-08-20 19:06:15-04:00,POINT (-81.030832 34.017098)
2025-08-20 16:53:06 UTC,sensor06,236497257,29.38,64.84,2025-08-20 23:06:20+00:00,34.017218,-81.030448,62.3,7.66,-0.2,64.17,8.0,3D,2025-08-20 19:06:20-04:00,POINT (-81.030448 34.017218)
2025-08-20 16:53:11 UTC,sensor06,236497257,29.28,65.37,2025-08-20 23:06:25+00:00,34.01734,-81.030032,62.4,6.97,0.9,66.6,8.0,3D,2025-08-20 19:06:25-04:00,POINT (-81.030032 34.01734)
2025-08-20 16:53:16 UTC,sensor06,236497257,29.29,65.9,2025-08-20 23:06:30+00:00,34.017233,-81.029638,65.6,5.97,0.1,153.68,8.0,3D,2025-08-20 19:06:30-04:00,POINT (-81.029638 34.017233)
2025-08-20 16:53:21 UTC,sensor06,236497257,29.34,65.86,2025-08-20 23:06:35+00:00,34.016915,-81.029502,69.1,6.82,0.5,167.67,8.0,3D,2025-08-20 19:06:35-04:00,POINT (-81.029502 34.016915)
2025-08-20 16:53:26 UTC,sensor06,236497257,29.37,66.18,2025-08-20 23:06:37+00:00,34.01679,-81.029443,70.3,6.69,0.7,161.04,8.0,3D,2025-08-20 19:06:37-04:00,POINT (-81.029443 34.01679)
2025-08-20 16:53:31 UTC,sensor06,236497257,29.42,66.36,2025-08-20 23:06:42+00:00,34.016473,-81.02935,71.2,7.78,0.0,163.79,8.0,3D,2025-08-20 19:06:42-04:00,POINT (-81.02935 34.016473)
2025-08-20 16:53:36 UTC,sensor06,236497257,29.44,66.66,2025-08-20 23:06:50+00:00,34.016028,-81.029182,72.9,5.48,0.1,164.91,8.0,3D,2025-08-20 19:06:50-04:00,POINT (-81.029182 34.016028)
2025-08-20 16:53:41 UTC,sensor06,236497257,29.34,66.8,2025-08-20 23:06:56+00:00,34.01576,-81.029073,74.0,4.47,0.2,0.0,8.0,3D,2025-08-20 19:06:56-04:00,POINT (-81.029073 34.01576)
2025-08-20 16:53:46 UTC,sensor06,236497257,29.31,67.32,2025-08-20 23:07:01+00:00,34.015557,-81.029005,74.5,4.68,0.1,0.0,8.0,3D,2025-08-20 19:07:01-04:00,POINT (-81.029005 34.015557)
2025-08-20 16:53:51 UTC,sensor06,236497257,29.2,68.29,2025-08-20 23:07:06+00:00,34.015373,-81.028947,75.2,4.25,0.2,0.0,8.0,3D,2025-08-20 19:07:06-04:00,POINT (-81.028947 34.015373)
2025-08-20 16:53:56 UTC,sensor06,236497257,29.14,68.33,2025-08-20 23:07:11+00:00,34.015217,-81.028885,75.8,3.12,0.1,161.84,8.0,3D,2025-08-20 19:07:11-04:00,POINT (-81.028885 34.015217)
2025-08-20 16:54:01 UTC,sensor06,236497257,29.12,68.29,2025-08-20 23:07:16+00:00,34.015087,-81.028818,76.4,2.88,0.1,170.48,8.0,3D,2025-08-20 19:07:16-04:00,POINT (-81.028818 34.015087)
2025-08-20 16:54:06 UTC,sensor06,236497257,29.07,68.41,2025-08-20 23:07:21+00:00,34.014967,-81.02883,76.4,3.33,0.0,221.22,8.0,3D,2025-08-20 19:07:21-04:00,POINT (-81.02883 34.014967)
2025-08-20 16:54:11 UTC,sensor06,236497257,29.06,68.03,2025-08-20 23:07:26+00:00,34.014907,-81.029042,76.8,4.64,0.1,251.76,8.0,3D,2025-08-20 19:07:26-04:00,POINT (-81.029042 34.014907)
2025-08-20 16:54:16 UTC,sensor06,236497257,29.01,67.19,2025-08-20 23:07:31+00:00,34.014813,-81.029275,77.2,5.17,0.2,240.14,8.0,3D,2025-08-20 19:07:31-04:00,POINT (-81.029275 34.014813)
2025-08-20 16:54:22 UTC,sensor06,236497257,29.04,66.84,2025-08-20 23:07:36+00:00,34.01473,-81.029563,77.4,5.66,0.0,252.87,8.0,3D,2025-08-20 19:07:36-04:00,POINT (-81.029563 34.01473)
2025-08-20 16:54:27 UTC,sensor06,236497257,29.01,66.62,2025-08-20 23:07:41+00:00,34.014647,-81.029857,77.9,5.94,0.1,247.61,8.0,3D,2025-08-20 19:07:41-04:00,POINT (-81.029857 34.014647)
2025-08-20 16:54:32 UTC,sensor06,236497257,29.06,66.49,2025-08-20 23:07:46+00:00,34.014553,-81.030163,78.0,5.49,0.0,256.09,8.0,3D,2025-08-20 19:07:46-04:00,POINT (-81.030163 34.014553)
2025-08-20 16:54:37 UTC,sensor06,236497257,29.14,66.41,2025-08-20 23:07:51+00:00,34.014485,-81.030455,77.7,5.62,0.0,253.47,8.0,3D,2025-08-20 19:07:51-04:00,POINT (-81.030455 34.014485)
2025-08-20 16:54:42 UTC,sensor06,236497257,29.21,65.89,2025-08-20 23:07:56+00:00,34.014355,-81.03078,77.8,6.38,0.0,248.08,8.0,3D,2025-08-20 19:07:56-04:00,POINT (-81.03078 34.014355)
2025-08-20 16:54:47 UTC,sensor06,236497257,29.25,65.79,2025-08-20 23:08:01+00:00,34.014267,-81.031102,78.5,5.87,0.2,253.39,8.0,3D,2025-08-20 19:08:01-04:00,POINT (-81.031102 34.014267)
2025-08-20 16:54:52 UTC,sensor06,236497257,29.38,65.55,2025-08-20 23:08:06+00:00,34.014153,-81.03145,79.3,6.69,0.1,248.41,8.0,3D,2025-08-20 19:08:06-04:00,POINT (-81.03145 34.014153)
2025-08-20 16:54:57 UTC,sensor06,236497257,29.44,65.52,2025-08-20 23:08:11+00:00,34.014013,-81.03177,80.5,6.21,0.1,238.59,8.0,3D,2025-08-20 19:08:11-04:00,POINT (-81.03177 34.014013)
2025-08-20 16:55:02 UTC,sensor06,236497257,29.49,65.35,2025-08-20 23:08:16+00:00,34.01378,-81.031818,82.0,4.98,0.2,167.65,8.0,3D,2025-08-20 19:08:16-04:00,POINT (-81.031818 34.01378)
2025-08-20 16:55:07 UTC,sensor06,236497257,29.44,64.86,2025-08-20 23:08:21+00:00,34.013545,-81.031725,82.8,5.71,0.2,159.78,8.0,3D,2025-08-20 19:08:21-04:00,POINT (-81.031725 34.013545)
2025-08-20 16:55:12 UTC,sensor06,236497257,29.44,64.92,2025-08-20 23:08:26+00:00,34.013293,-81.031625,83.2,5.12,0.1,160.35,8.0,3D,2025-08-20 19:08:26-04:00,POINT (-81.031625 34.013293)
2025-08-20 16:55:17 UTC,sensor06,236497257,29.44,65.29,2025-08-20 23:08:31+00:00,34.013055,-81.031535,84.3,5.68,0.3,160.62,8.0,3D,2025-08-20 19:08:31-04:00,POINT (-81.031535 34.013055)
2025-08-20 16:55:22 UTC,sensor06,236497257,29.46,65.6,2025-08-20 23:08:36+00:00,34.012842,-81.031463,84.7,4.13,0.0,164.43,8.0,3D,2025-08-20 19:08:36-04:00,POINT (-81.031463 34.012842)
2025-08-20 16:55:27 UTC,sensor06,236497257,29.47,65.26,2025-08-20 23:08:38+00:00,34.012782,-81.031448,84.8,2.92,0.0,160.29,8.0,3D,2025-08-20 19:08:38-04:00,POINT (-81.031448 34.012782)
2025-08-20 16:55:32 UTC,sensor06,236497257,29.46,65.2,2025-08-20 23:08:43+00:00,34.012622,-81.031377,85.2,3.17,0.2,0.0,8.0,3D,2025-08-20 19:08:43-04:00,POINT (-81.031377 34.012622)
2025-08-20 16:55:37 UTC,sensor06,236497257,29.38,65.33,2025-08-20 23:08:51+00:00,34.012295,-81.031212,85.7,5.54,0.0,158.78,7.0,3D,2025-08-20 19:08:51-04:00,POINT (-81.031212 34.012295)
2025-08-20 16:55:42 UTC,sensor06,236497257,29.29,65.41,2025-08-20 23:08:56+00:00,34.012067,-81.031087,86.3,4.75,0.1,158.4,8.0,3D,2025-08-20 19:08:56-04:00,POINT (-81.031087 34.012067)
2025-08-20 16:55:47 UTC,sensor06,236497257,29.25,65.45,2025-08-20 23:09:02+00:00,34.011782,-81.030923,87.0,5.5,0.1,0.0,8.0,3D,2025-08-20 19:09:02-04:00,POINT (-81.030923 34.011782)
2025-08-20 16:55:52 UTC,sensor06,236497257,29.22,65.53,2025-08-20 23:09:07+00:00,34.011592,-81.030843,86.9,4.52,0.0,0.0,8.0,3D,2025-08-20 19:09:07-04:00,POINT (-81.030843 34.011592)
2025-08-20 16:55:57 UTC,sensor06,236497257,29.22,65.87,2025-08-20 23:09:12+00:00,34.011392,-81.030755,87.1,5.08,0.0,0.0,8.0,3D,2025-08-20 19:09:12-04:00,POINT (-81.030755 34.011392)
2025-08-20 16:56:02 UTC,sensor06,236497257,29.21,65.77,2025-08-20 23:09:17+00:00,34.011158,-81.030665,86.7,5.27,0.0,0.0,8.0,3D,2025-08-20 19:09:17-04:00,POINT (-81.030665 34.011158)
2025-08-20 16:56:07 UTC,sensor06,236497257,29.16,65.47,2025-08-20 23:09:22+00:00,34.010892,-81.0306,86.1,5.5,-0.2,169.37,8.0,3D,2025-08-20 19:09:22-04:00,POINT (-81.0306 34.010892)
2025-08-20 16:56:12 UTC,sensor06,236497257,29.14,65.74,2025-08-20 23:09:27+00:00,34.010645,-81.030498,85.0,5.03,-0.3,164.28,8.0,3D,2025-08-20 19:09:27-04:00,POINT (-81.030498 34.010645)
2025-08-20 16:56:17 UTC,sensor06,236497257,29.12,66.05,2025-08-20 23:09:32+00:00,34.010453,-81.030405,84.2,4.01,-0.3,153.14,8.0,3D,2025-08-20 19:09:32-04:00,POINT (-81.030405 34.010453)
2025-08-20 16:56:22 UTC,sensor06,236497257,29.04,66.29,2025-08-20 23:09:37+00:00,34.010298,-81.0303,83.6,3.17,0.0,153.21,8.0,3D,2025-08-20 19:09:37-04:00,POINT (-81.0303 34.010298)
2025-08-20 16:56:43 UTC,sensor06,236497257,29.05,66.1,2025-08-20 23:09:57+00:00,34.009982,-81.03017,82.4,3.38,-0.1,163.77,8.0,3D,2025-08-20 19:09:57-04:00,POINT (-81.03017 34.009982)
2025-08-20 16:56:48 UTC,sensor06,236497257,29.01,65.98,2025-08-20 23:10:02+00:00,34.009838,-81.030085,82.3,3.79,-0.1,160.31,8.0,3D,2025-08-20 19:10:02-04:00,POINT (-81.030085 34.009838)
2025-08-20 16:56:53 UTC,sensor06,236497257,28.96,65.84,2025-08-20 23:10:07+00:00,34.00965,-81.03,82.0,5.03,-0.2,161.41,8.0,3D,2025-08-20 19:10:07-04:00,POINT (-81.03 34.00965)
2025-08-20 16:56:58 UTC,sensor06,236497257,28.97,66.16,2025-08-20 23:10:12+00:00,34.009422,-81.029887,81.9,5.64,0.0,156.26,8.0,3D,2025-08-20 19:10:12-04:00,POINT (-81.029887 34.009422)
2025-08-20 16:57:03 UTC,sensor06,236497257,28.97,66.07,2025-08-20 23:10:17+00:00,34.009192,-81.029795,81.6,5.09,-0.2,168.12,7.0,3D,2025-08-20 19:10:17-04:00,POINT (-81.029795 34.009192)
2025-08-20 16:57:08 UTC,sensor06,236497257,29.07,66.63,2025-08-20 23:10:22+00:00,34.008983,-81.02972,82.0,4.66,0.2,162.45,8.0,3D,2025-08-20 19:10:22-04:00,POINT (-81.02972 34.008983)
2025-08-20 16:57:23 UTC,sensor06,236497257,29.2,66.28,2025-08-20 23:10:35+00:00,34.008732,-81.029612,81.5,2.82,-0.2,159.93,8.0,3D,2025-08-20 19:10:35-04:00,POINT (-81.029612 34.008732)
2025-08-20 16:57:28 UTC,sensor06,236497257,29.35,66.08,2025-08-20 23:10:39+00:00,34.00858,-81.029498,83.6,4.7,0.53,153.06,8.0,3D,2025-08-20 19:10:39-04:00,POINT (-81.029498 34.00858)
2025-08-20 16:57:33 UTC,sensor06,236497257,29.39,65.7,2025-08-20 23:10:44+00:00,34.008327,-81.029395,86.2,6.27,0.8,157.31,9.0,3D,2025-08-20 19:10:44-04:00,POINT (-81.029395 34.008327)
2025-08-20 16:57:38 UTC,sensor06,236497257,29.4,65.33,2025-08-20 23:10:52+00:00,34.007943,-81.02925,90.1,5.88,0.4,162.24,9.0,3D,2025-08-20 19:10:52-04:00,POINT (-81.02925 34.007943)
2025-08-20 16:57:43 UTC,sensor06,236497257,29.42,65.12,2025-08-20 23:10:57+00:00,34.007717,-81.029163,92.2,4.71,0.4,170.52,9.0,3D,2025-08-20 19:10:57-04:00,POINT (-81.029163 34.007717)
2025-08-20 16:57:53 UTC,sensor06,236497257,29.39,65.36,2025-08-20 23:11:08+00:00,34.007233,-81.028972,96.8,4.53,0.4,0.0,8.0,3D,2025-08-20 19:11:08-04:00,POINT (-81.028972 34.007233)
2025-08-20 16:57:58 UTC,sensor06,236497257,29.35,65.26,2025-08-20 23:11:13+00:00,34.007143,-81.029203,98.1,4.77,0.0,0.0,4.0,3D,2025-08-20 19:11:13-04:00,POINT (-81.029203 34.007143)
2025-08-20 16:58:03 UTC,sensor06,236497257,29.3,65.17,2025-08-20 23:11:18+00:00,34.007098,-81.029445,98.0,5.83,0.1,0.0,8.0,3D,2025-08-20 19:11:18-04:00,POINT (-81.029445 34.007098)
2025-08-20 16:58:08 UTC,sensor06,236497257,29.34,65.3,2025-08-20 23:11:23+00:00,34.007052,-81.029782,98.3,6.01,0.2,0.0,4.0,3D,2025-08-20 19:11:23-04:00,POINT (-81.029782 34.007052)
2025-08-20 16:58:13 UTC,sensor06,236497257,29.37,65.21,2025-08-20 23:11:28+00:00,34.007002,-81.030038,99.4,5.09,0.5,0.0,4.0,3D,2025-08-20 19:11:28-04:00,POINT (-81.030038 34.007002)
2025-08-20 16:58:18 UTC,sensor06,236497257,29.49,65.09,2025-08-20 23:11:33+00:00,34.006927,-81.030223,102.8,3.36,1.2,0.0,9.0,3D,2025-08-20 19:11:33-04:00,POINT (-81.030223 34.006927)
2025-08-20 16:58:44 UTC,sensor06,236497257,29.68,64.14,2025-08-20 23:11:58+00:00,34.006822,-81.030558,105.2,3.75,0.1,245.84,9.0,3D,2025-08-20 19:11:58-04:00,POINT (-81.030558 34.006822)
2025-08-20 16:58:49 UTC,sensor06,236497257,29.64,63.77,2025-08-20 23:12:03+00:00,34.006763,-81.030717,104.1,4.47,0.1,246.59,8.0,3D,2025-08-20 19:12:03-04:00,POINT (-81.030717 34.006763)
2025-08-20 16:58:54 UTC,sensor06,236497257,29.61,63.92,2025-08-20 23:12:08+00:00,34.006688,-81.03101,105.7,6.08,0.5,251.64,9.0,3D,2025-08-20 19:12:08-04:00,POINT (-81.03101 34.006688)
2025-08-20 16:58:59 UTC,sensor06,236497257,29.52,63.99,2025-08-20 23:12:13+00:00,34.006593,-81.031275,105.4,5.25,-0.7,242.0,9.0,3D,2025-08-20 19:12:13-04:00,POINT (-81.031275 34.006593)
2025-08-20 16:59:04 UTC,sensor06,236497257,29.49,64.12,2025-08-20 23:12:18+00:00,34.006482,-81.031483,105.3,4.71,-0.2,237.08,8.0,3D,2025-08-20 19:12:18-04:00,POINT (-81.031483 34.006482)
2025-08-20 16:59:09 UTC,sensor06,236497257,29.44,64.18,2025-08-20 23:12:23+00:00,34.006407,-81.031755,104.0,4.22,-0.3,247.03,8.0,3D,2025-08-20 19:12:23-04:00,POINT (-81.031755 34.006407)
2025-08-20 16:59:19 UTC,sensor06,236497257,29.53,64.49,2025-08-20 23:12:33+00:00,34.006378,-81.032115,102.3,3.64,-0.1,253.12,8.0,3D,2025-08-20 19:12:33-04:00,POINT (-81.032115 34.006378)
2025-08-20 16:59:24 UTC,sensor06,236497257,29.57,64.72,2025-08-20 23:12:38+00:00,34.006273,-81.032377,102.7,5.31,-0.3,247.54,8.0,3D,2025-08-20 19:12:38-04:00,POINT (-81.032377 34.006273)
2025-08-20 16:59:29 UTC,sensor06,236497257,29.58,64.34,2025-08-20 23:12:40+00:00,34.006228,-81.032473,100.8,4.81,-0.9,240.57,8.0,3D,2025-08-20 19:12:40-04:00,POINT (-81.032473 34.006228)
2025-08-20 16:59:34 UTC,sensor06,236497257,29.63,64.02,2025-08-20 23:12:48+00:00,34.006038,-81.03292,98.5,6.13,-0.2,244.84,7.0,3D,2025-08-20 19:12:48-04:00,POINT (-81.03292 34.006038)
2025-08-20 16:59:39 UTC,sensor06,236497257,29.62,64.11,2025-08-20 23:12:53+00:00,34.005937,-81.033228,98.2,5.9,0.0,257.13,8.0,3D,2025-08-20 19:12:53-04:00,POINT (-81.033228 34.005937)
2025-08-20 16:59:44 UTC,sensor06,236497257,29.66,64.07,2025-08-20 23:12:58+00:00,34.005915,-81.03348,97.8,3.89,0.1,269.36,8.0,3D,2025-08-20 19:12:58-04:00,POINT (-81.03348 34.005915)
2025-08-20 17:00:19 UTC,sensor06,236497257,29.7,63.88,2025-08-20 23:13:34+00:00,34.005972,-81.033767,103.1,2.5,0.1,220.98,8.0,3D,2025-08-20 19:13:34-04:00,POINT (-81.033767 34.005972)
2025-08-20 17:00:24 UTC,sensor06,236497257,29.6,63.73,2025-08-20 23:13:39+00:00,34.005815,-81.03376,102.7,4.36,0.2,159.35,8.0,3D,2025-08-20 19:13:39-04:00,POINT (-81.03376 34.005815)
2025-08-20 17:00:29 UTC,sensor06,236497257,29.53,63.76,2025-08-20 23:13:44+00:00,34.00565,-81.033723,102.7,3.6,0.0,179.12,8.0,3D,2025-08-20 19:13:44-04:00,POINT (-81.033723 34.00565)
2025-08-20 17:00:34 UTC,sensor06,236497257,29.46,63.89,2025-08-20 23:13:49+00:00,34.005422,-81.03363,102.6,4.75,-0.1,163.25,8.0,3D,2025-08-20 19:13:49-04:00,POINT (-81.03363 34.005422)
2025-08-20 17:00:39 UTC,sensor06,236497257,29.44,64.03,2025-08-20 23:13:54+00:00,34.00519,-81.033542,101.9,4.49,-0.2,162.45,7.0,3D,2025-08-20 19:13:54-04:00,POINT (-81.033542 34.00519)
2025-08-20 17:00:45 UTC,sensor06,236497257,29.36,64.14,2025-08-20 23:13:59+00:00,34.00494,-81.033435,99.6,4.37,-0.4,161.65,7.0,3D,2025-08-20 19:13:59-04:00,POINT (-81.033435 34.00494)
2025-08-20 17:00:50 UTC,sensor06,236497257,29.33,64.29,2025-08-20 23:14:04+00:00,34.004707,-81.033325,98.9,5.26,-0.2,155.47,8.0,3D,2025-08-20 19:14:04-04:00,POINT (-81.033325 34.004707)
2025-08-20 17:00:55 UTC,sensor06,236497257,29.36,64.46,2025-08-20 23:14:09+00:00,34.004588,-81.03305,98.3,4.61,-0.1,86.57,8.0,3D,2025-08-20 19:14:09-04:00,POINT (-81.03305 34.004588)
2025-08-20 17:01:00 UTC,sensor06,236497257,29.35,64.5,2025-08-20 23:14:14+00:00,34.00467,-81.032665,98.5,5.05,0.1,77.37,8.0,3D,2025-08-20 19:14:14-04:00,POINT (-81.032665 34.00467)
2025-08-20 17:01:05 UTC,sensor06,236497257,29.35,64.65,2025-08-20 23:14:19+00:00,34.004737,-81.03238,99.6,5.35,0.3,65.71,8.0,3D,2025-08-20 19:14:19-04:00,POINT (-81.03238 34.004737)
2025-08-20 17:01:10 UTC,sensor06,236497257,29.28,64.66,2025-08-20 23:14:24+00:00,34.00481,-81.032082,100.3,5.72,0.1,77.64,7.0,3D,2025-08-20 19:14:24-04:00,POINT (-81.032082 34.00481)
2025-08-20 17:01:15 UTC,sensor06,236497257,29.3,64.72,2025-08-20 23:14:29+00:00,34.004903,-81.03183,101.2,4.95,0.3,62.13,8.0,3D,2025-08-20 19:14:29-04:00,POINT (-81.03183 34.004903)
2025-08-20 17:01:20 UTC,sensor06,236497257,29.35,64.84,2025-08-20 23:14:34+00:00,34.004993,-81.0316,101.2,4.9,0.1,61.68,8.0,3D,2025-08-20 19:14:34-04:00,POINT (-81.0316 34.004993)
2025-08-20 17:01:25 UTC,sensor06,236497257,29.43,64.7,2025-08-20 23:14:39+00:00,34.005065,-81.03131,101.7,5.44,-0.2,72.22,7.0,3D,2025-08-20 19:14:39-04:00,POINT (-81.03131 34.005065)
2025-08-20 17:01:30 UTC,sensor06,236497257,29.38,64.6,2025-08-20 23:14:41+00:00,34.005092,-81.0312,101.3,5.22,-0.2,70.75,7.0,3D,2025-08-20 19:14:41-04:00,POINT (-81.0312 34.005092)
2025-08-20 17:01:35 UTC,sensor06,236497257,29.35,64.52,2025-08-20 23:14:49+00:00,34.005235,-81.030773,0.0,5.33,0.0,60.79,7.0,3D,2025-08-20 19:14:49-04:00,POINT (-81.030773 34.005235)
2025-08-20 17:01:40 UTC,sensor06,236497257,29.39,64.41,2025-08-20 23:14:54+00:00,34.005328,-81.030538,102.4,4.11,0.2,68.85,8.0,3D,2025-08-20 19:14:54-04:00,POINT (-81.030538 34.005328)
2025-08-20 17:01:45 UTC,sensor06,236497257,29.38,64.33,2025-08-20 23:14:59+00:00,34.005382,-81.030318,103.8,3.59,0.2,69.35,7.0,3D,2025-08-20 19:14:59-04:00,POINT (-81.030318 34.005382)
2025-08-20 17:02:10 UTC,sensor06,236497257,29.54,64.07,2025-08-20 23:15:25+00:00,34.005428,-81.030028,102.0,2.72,-0.5,0.0,8.0,3D,2025-08-20 19:15:25-04:00,POINT (-81.030028 34.005428)
2025-08-20 17:02:15 UTC,sensor06,236497257,29.56,64.05,2025-08-20 23:15:30+00:00,34.005525,-81.029825,99.4,5.26,-0.3,0.0,8.0,3D,2025-08-20 19:15:30-04:00,POINT (-81.029825 34.005525)
2025-08-20 17:02:20 UTC,sensor06,236497257,29.59,64.03,2025-08-20 23:15:35+00:00,34.005627,-81.02954,97.7,6.23,-0.6,0.0,8.0,3D,2025-08-20 19:15:35-04:00,POINT (-81.02954 34.005627)
2025-08-20 17:02:25 UTC,sensor06,236497257,29.57,64.08,2025-08-20 23:15:40+00:00,34.00572,-81.029227,95.4,5.88,-0.6,70.07,7.0,3D,2025-08-20 19:15:40-04:00,POINT (-81.029227 34.00572)
2025-08-20 17:02:30 UTC,sensor06,236497257,29.48,64.04,2025-08-20 23:15:45+00:00,34.0058,-81.028943,93.8,5.2,-0.3,64.78,8.0,3D,2025-08-20 19:15:45-04:00,POINT (-81.028943 34.0058)
2025-08-20 17:02:35 UTC,sensor06,236497257,29.43,64.28,2025-08-20 23:15:50+00:00,34.0059,-81.028702,94.0,5.12,-0.1,60.87,7.0,3D,2025-08-20 19:15:50-04:00,POINT (-81.028702 34.0059)
2025-08-20 17:02:40 UTC,sensor06,236497257,29.5,64.43,2025-08-20 23:15:55+00:00,34.005922,-81.028455,92.2,4.63,-0.4,106.38,7.0,3D,2025-08-20 19:15:55-04:00,POINT (-81.028455 34.005922)
2025-08-20 17:02:45 UTC,sensor06,236497257,29.48,65.07,2025-08-20 23:16:00+00:00,34.005708,-81.02834,90.9,5.5,-0.1,164.07,8.0,3D,2025-08-20 19:16:00-04:00,POINT (-81.02834 34.005708)
2025-08-20 17:02:51 UTC,sensor06,236497257,29.54,65.42,2025-08-20 23:16:05+00:00,34.005415,-81.02821,88.7,6.76,-0.5,162.67,8.0,3D,2025-08-20 19:16:05-04:00,POINT (-81.02821 34.005415)
2025-08-20 17:02:56 UTC,sensor06,236497257,29.57,64.82,2025-08-20 23:16:10+00:00,34.005137,-81.028073,87.1,5.56,-0.2,161.31,7.0,3D,2025-08-20 19:16:10-04:00,POINT (-81.028073 34.005137)
2025-08-20 17:03:01 UTC,sensor06,236497257,29.53,64.37,2025-08-20 23:16:15+00:00,34.004875,-81.02798,86.8,5.98,-0.2,161.24,8.0,3D,2025-08-20 19:16:15-04:00,POINT (-81.02798 34.004875)
2025-08-20 17:03:06 UTC,sensor06,236497257,29.5,64.38,2025-08-20 23:16:20+00:00,34.004632,-81.02789,86.3,4.93,-0.1,164.19,8.0,3D,2025-08-20 19:16:20-04:00,POINT (-81.02789 34.004632)
2025-08-20 17:03:11 UTC,sensor06,236497257,29.54,64.29,2025-08-20 23:16:25+00:00,34.004407,-81.02778,85.6,4.88,-0.2,158.67,8.0,3D,2025-08-20 19:16:25-04:00,POINT (-81.02778 34.004407)
2025-08-20 17:03:16 UTC,sensor06,236497257,29.47,64.4,2025-08-20 23:16:30+00:00,34.004208,-81.027675,84.4,4.53,-0.2,152.45,8.0,3D,2025-08-20 19:16:30-04:00,POINT (-81.027675 34.004208)
2025-08-20 17:03:21 UTC,sensor06,236497257,29.47,64.41,2025-08-20 23:16:35+00:00,34.004,-81.027578,83.6,4.91,-0.2,166.15,7.0,3D,2025-08-20 19:16:35-04:00,POINT (-81.027578 34.004)
2025-08-20 17:03:26 UTC,sensor06,236497257,29.48,64.48,2025-08-20 23:16:40+00:00,34.003768,-81.027472,82.9,4.74,-0.1,159.41,8.0,3D,2025-08-20 19:16:40-04:00,POINT (-81.027472 34.003768)
2025-08-20 17:03:31 UTC,sensor06,236497257,29.49,64.45,2025-08-20 23:16:41+00:00,34.003737,-81.02745,83.1,3.9,0.2,150.27,8.0,3D,2025-08-20 19:16:41-04:00,POINT (-81.02745 34.003737)
2025-08-20 17:05:17 UTC,sensor06,236497257,29.73,63.62,2025-08-20 23:18:31+00:00,34.003383,-81.027317,89.1,2.89,0.4,161.21,8.0,3D,2025-08-20 19:18:31-04:00,POINT (-81.027317 34.003383)
2025-08-20 17:05:22 UTC,sensor06,236497257,29.68,63.15,2025-08-20 23:18:36+00:00,34.003165,-81.027203,90.8,5.65,0.3,156.95,8.0,3D,2025-08-20 19:18:36-04:00,POINT (-81.027203 34.003165)
2025-08-20 17:05:27 UTC,sensor06,236497257,29.67,63.25,2025-08-20 23:18:41+00:00,34.002903,-81.027073,92.1,6.29,0.0,159.52,8.0,3D,2025-08-20 19:18:41-04:00,POINT (-81.027073 34.002903)
2025-08-20 17:05:32 UTC,sensor06,236497257,29.73,63.27,2025-08-20 23:18:46+00:00,34.00265,-81.026975,92.1,5.61,0.0,163.08,8.0,3D,2025-08-20 19:18:46-04:00,POINT (-81.026975 34.00265)
2025-08-20 17:05:37 UTC,sensor06,236497257,29.69,63.07,2025-08-20 23:18:51+00:00,34.002415,-81.02686,93.2,6.15,0.23,156.75,8.0,3D,2025-08-20 19:18:51-04:00,POINT (-81.02686 34.002415)
2025-08-20 17:05:42 UTC,sensor06,236497257,29.61,62.97,2025-08-20 23:18:56+00:00,34.002183,-81.026727,93.3,5.33,0.1,151.84,8.0,3D,2025-08-20 19:18:56-04:00,POINT (-81.026727 34.002183)
2025-08-20 17:05:47 UTC,sensor06,236497257,29.69,63.19,2025-08-20 23:19:01+00:00,34.00188,-81.02657,93.2,7.39,0.2,158.4,8.0,3D,2025-08-20 19:19:01-04:00,POINT (-81.02657 34.00188)
2025-08-20 17:05:52 UTC,sensor06,236497257,29.73,63.19,2025-08-20 23:19:06+00:00,34.00159,-81.026465,93.8,6.79,0.0,160.31,8.0,3D,2025-08-20 19:19:06-04:00,POINT (-81.026465 34.00159)
2025-08-20 17:05:57 UTC,sensor06,236497257,29.66,63.34,2025-08-20 23:19:11+00:00,34.001262,-81.026328,94.5,7.91,0.0,165.38,8.0,3D,2025-08-20 19:19:11-04:00,POINT (-81.026328 34.001262)
2025-08-20 17:06:02 UTC,sensor06,236497257,29.73,63.6,2025-08-20 23:19:16+00:00,34.000945,-81.02614,94.8,6.86,0.2,150.78,7.0,3D,2025-08-20 19:19:16-04:00,POINT (-81.02614 34.000945)
2025-08-20 17:06:07 UTC,sensor06,236497257,29.72,63.48,2025-08-20 23:19:21+00:00,34.000707,-81.026013,95.5,5.91,0.1,155.36,8.0,3D,2025-08-20 19:19:21-04:00,POINT (-81.026013 34.000707)
2025-08-20 17:06:12 UTC,sensor06,236497257,29.64,64.04,2025-08-20 23:19:26+00:00,34.000522,-81.025745,96.1,6.71,0.2,104.53,8.0,3D,2025-08-20 19:19:26-04:00,POINT (-81.025745 34.000522)
2025-08-20 17:06:17 UTC,sensor06,236497257,29.53,64.42,2025-08-20 23:19:31+00:00,34.00062,-81.025407,97.0,7.1,0.5,69.04,8.0,3D,2025-08-20 19:19:31-04:00,POINT (-81.025407 34.00062)
2025-08-20 17:06:22 UTC,sensor06,236497257,29.44,64.38,2025-08-20 23:19:36+00:00,34.000713,-81.025022,96.9,7.29,0.0,72.11,7.0,3D,2025-08-20 19:19:36-04:00,POINT (-81.025022 34.000713)
2025-08-20 17:06:27 UTC,sensor06,236497257,29.37,64.61,2025-08-20 23:19:42+00:00,34.00084,-81.024593,96.3,7.25,-0.4,0.0,7.0,3D,2025-08-20 19:19:42-04:00,POINT (-81.024593 34.00084)
2025-08-20 17:06:32 UTC,sensor06,236497257,29.29,64.91,2025-08-20 23:19:47+00:00,34.000957,-81.02421,95.8,8.4,-0.1,0.0,7.0,3D,2025-08-20 19:19:47-04:00,POINT (-81.02421 34.000957)
2025-08-20 17:06:37 UTC,sensor06,236497257,29.29,65.46,2025-08-20 23:19:52+00:00,34.001092,-81.02382,95.3,7.49,0.0,70.07,7.0,3D,2025-08-20 19:19:52-04:00,POINT (-81.02382 34.001092)
2025-08-20 17:06:42 UTC,sensor06,236497257,29.23,64.99,2025-08-20 23:19:57+00:00,34.001187,-81.023523,95.0,6.99,-0.1,72.56,7.0,3D,2025-08-20 19:19:57-04:00,POINT (-81.023523 34.001187)
2025-08-20 17:06:47 UTC,sensor06,236497257,29.2,65.13,2025-08-20 23:20:02+00:00,34.001278,-81.023175,95.1,7.2,0.1,75.02,7.0,3D,2025-08-20 19:20:02-04:00,POINT (-81.023175 34.001278)
2025-08-20 17:06:52 UTC,sensor06,236497257,29.13,65.42,2025-08-20 23:20:07+00:00,34.001407,-81.022905,95.6,5.66,0.3,64.19,7.0,3D,2025-08-20 19:20:07-04:00,POINT (-81.022905 34.001407)
2025-08-20 17:06:57 UTC,sensor06,236497257,29.12,65.5,2025-08-20 23:20:12+00:00,34.001525,-81.022632,95.1,5.57,-0.5,75.19,7.0,3D,2025-08-20 19:20:12-04:00,POINT (-81.022632 34.001525)
2025-08-20 17:07:02 UTC,sensor06,236497257,29.05,65.89,2025-08-20 23:20:17+00:00,34.00162,-81.02236,94.6,5.37,-0.1,72.18,8.0,3D,2025-08-20 19:20:17-04:00,POINT (-81.02236 34.00162)
2025-08-20 17:07:07 UTC,sensor06,236497257,29.01,65.88,2025-08-20 23:20:22+00:00,34.00176,-81.02206,94.9,6.25,0.0,67.66,7.0,3D,2025-08-20 19:20:22-04:00,POINT (-81.02206 34.00176)
2025-08-20 17:07:13 UTC,sensor06,236497257,28.98,65.96,2025-08-20 23:20:27+00:00,34.001835,-81.02171,95.4,6.34,0.3,73.58,8.0,3D,2025-08-20 19:20:27-04:00,POINT (-81.02171 34.001835)
2025-08-20 17:07:18 UTC,sensor06,236497257,28.99,66.53,2025-08-20 23:20:32+00:00,34.00191,-81.021408,96.8,5.48,0.3,82.64,8.0,3D,2025-08-20 19:20:32-04:00,POINT (-81.021408 34.00191)
2025-08-20 17:07:23 UTC,sensor06,236497257,28.96,67.26,2025-08-20 23:20:37+00:00,34.002085,-81.021213,98.0,5.21,0.2,21.07,8.0,3D,2025-08-20 19:20:37-04:00,POINT (-81.021213 34.002085)
2025-08-20 17:07:28 UTC,sensor06,236497257,29.01,66.78,2025-08-20 23:20:42+00:00,34.002252,-81.02125,98.5,3.81,0.1,343.12,8.0,3D,2025-08-20 19:20:42-04:00,POINT (-81.02125 34.002252)
2025-08-20 17:07:33 UTC,sensor06,236497257,29.01,66.38,2025-08-20 23:20:46+00:00,34.002388,-81.021298,98.7,3.8,0.05,349.61,8.0,3D,2025-08-20 19:20:46-04:00,POINT (-81.021298 34.002388)
2025-08-20 17:07:38 UTC,sensor06,236497257,29.06,66.38,2025-08-20 23:20:52+00:00,34.002607,-81.021432,99.9,4.32,0.3,338.38,8.0,3D,2025-08-20 19:20:52-04:00,POINT (-81.021432 34.002607)
2025-08-20 17:07:43 UTC,sensor06,236497257,29.1,66.11,2025-08-20 23:20:57+00:00,34.0028,-81.021515,100.7,4.44,0.0,337.79,7.0,3D,2025-08-20 19:20:57-04:00,POINT (-81.021515 34.0028)
2025-08-20 17:07:48 UTC,sensor06,236497257,29.09,66.06,2025-08-20 23:21:02+00:00,34.003008,-81.021617,100.4,5.31,0.0,332.79,7.0,3D,2025-08-20 19:21:02-04:00,POINT (-81.021617 34.003008)
2025-08-20 17:07:53 UTC,sensor06,236497257,29.09,66.3,2025-08-20 23:21:07+00:00,34.003243,-81.021705,100.2,5.55,0.0,345.94,8.0,3D,2025-08-20 19:21:07-04:00,POINT (-81.021705 34.003243)
2025-08-20 17:07:58 UTC,sensor06,236497257,29.08,66.0,2025-08-20 23:21:12+00:00,34.003512,-81.021797,99.8,7.06,-0.2,339.57,8.0,3D,2025-08-20 19:21:12-04:00,POINT (-81.021797 34.003512)
2025-08-20 17:08:03 UTC,sensor06,236497257,29.1,66.0,2025-08-20 23:21:17+00:00,34.003837,-81.021957,97.9,8.36,-0.3,337.39,8.0,3D,2025-08-20 19:21:17-04:00,POINT (-81.021957 34.003837)
2025-08-20 17:08:08 UTC,sensor06,236497257,29.04,65.96,2025-08-20 23:21:22+00:00,34.004192,-81.0221,96.2,8.02,-0.3,339.09,7.0,3D,2025-08-20 19:21:22-04:00,POINT (-81.0221 34.004192)
2025-08-20 17:08:13 UTC,sensor06,236497257,29.01,65.63,2025-08-20 23:21:27+00:00,34.004423,-81.0222,93.3,4.93,-1.2,339.5,8.0,3D,2025-08-20 19:21:27-04:00,POINT (-81.0222 34.004423)
2025-08-20 17:08:18 UTC,sensor06,236497257,29.03,65.27,2025-08-20 23:21:32+00:00,34.004642,-81.022298,90.5,4.79,-0.4,338.56,8.0,3D,2025-08-20 19:21:32-04:00,POINT (-81.022298 34.004642)
2025-08-20 17:08:53 UTC,sensor06,236497257,29.22,65.27,2025-08-20 23:22:08+00:00,34.004865,-81.022348,86.5,2.89,-0.1,0.0,7.0,3D,2025-08-20 19:22:08-04:00,POINT (-81.022348 34.004865)
2025-08-20 17:08:58 UTC,sensor06,236497257,29.11,65.56,2025-08-20 23:22:13+00:00,34.00506,-81.022495,86.4,7.04,-0.1,0.0,4.0,3D,2025-08-20 19:22:13-04:00,POINT (-81.022495 34.00506)
2025-08-20 17:09:03 UTC,sensor06,236497257,29.08,65.58,2025-08-20 23:22:18+00:00,34.005397,-81.022655,86.0,7.99,-0.2,338.1,8.0,3D,2025-08-20 19:22:18-04:00,POINT (-81.022655 34.005397)
2025-08-20 17:09:08 UTC,sensor06,236497257,29.11,65.82,2025-08-20 23:22:23+00:00,34.005758,-81.022842,85.7,9.09,-0.1,338.95,7.0,3D,2025-08-20 19:22:23-04:00,POINT (-81.022842 34.005758)
2025-08-20 17:09:13 UTC,sensor06,236497257,29.13,65.93,2025-08-20 23:22:28+00:00,34.006105,-81.022993,85.5,8.07,0.0,340.97,7.0,3D,2025-08-20 19:22:28-04:00,POINT (-81.022993 34.006105)
2025-08-20 17:09:19 UTC,sensor06,236497257,29.06,67.46,2025-08-20 23:22:33+00:00,34.006402,-81.023138,86.1,8.45,0.2,331.63,7.0,3D,2025-08-20 19:22:33-04:00,POINT (-81.023138 34.006402)
2025-08-20 17:09:24 UTC,sensor06,236497257,29.02,66.87,2025-08-20 23:22:38+00:00,34.00666,-81.02326,86.4,6.57,0.0,336.9,7.0,3D,2025-08-20 19:22:38-04:00,POINT (-81.02326 34.00666)
2025-08-20 17:09:29 UTC,sensor06,236497257,28.98,66.26,2025-08-20 23:22:43+00:00,34.006843,-81.023333,86.2,4.58,-0.1,333.42,7.0,3D,2025-08-20 19:22:43-04:00,POINT (-81.023333 34.006843)
2025-08-20 17:09:34 UTC,sensor06,236497257,28.96,66.59,2025-08-20 23:22:47+00:00,34.00695,-81.023358,86.3,3.01,0.03,0.0,7.0,3D,2025-08-20 19:22:47-04:00,POINT (-81.023358 34.00695)
2025-08-20 17:09:39 UTC,sensor06,236497257,29.01,66.45,2025-08-20 23:22:53+00:00,34.00712,-81.023402,87.1,3.86,0.3,336.93,7.0,3D,2025-08-20 19:22:53-04:00,POINT (-81.023402 34.00712)
2025-08-20 17:09:49 UTC,sensor06,236497257,28.99,66.35,2025-08-20 23:23:03+00:00,34.007328,-81.023528,89.2,2.69,0.2,333.68,7.0,3D,2025-08-20 19:23:03-04:00,POINT (-81.023528 34.007328)
2025-08-20 17:09:54 UTC,sensor06,236497257,29.02,66.16,2025-08-20 23:23:08+00:00,34.007555,-81.023598,89.9,5.42,0.1,340.44,7.0,3D,2025-08-20 19:23:08-04:00,POINT (-81.023598 34.007555)
2025-08-20 17:09:59 UTC,sensor06,236497257,29.03,66.39,2025-08-20 23:23:13+00:00,34.007733,-81.023695,90.3,3.4,-0.1,336.11,7.0,3D,2025-08-20 19:23:13-04:00,POINT (-81.023695 34.007733)
2025-08-20 17:10:04 UTC,sensor06,236497257,29.02,66.53,2025-08-20 23:23:18+00:00,34.007922,-81.023805,89.4,4.58,-0.1,325.83,7.0,3D,2025-08-20 19:23:18-04:00,POINT (-81.023805 34.007922)
2025-08-20 17:10:09 UTC,sensor06,236497257,29.06,66.22,2025-08-20 23:23:23+00:00,34.00808,-81.023868,89.0,3.86,-0.2,337.03,7.0,3D,2025-08-20 19:23:23-04:00,POINT (-81.023868 34.00808)
2025-08-20 17:10:14 UTC,sensor06,236497257,29.11,66.09,2025-08-20 23:23:28+00:00,34.008298,-81.023895,88.2,4.08,0.0,332.96,7.0,3D,2025-08-20 19:23:28-04:00,POINT (-81.023895 34.008298)
2025-08-20 17:10:19 UTC,sensor06,236497257,29.14,65.87,2025-08-20 23:23:33+00:00,34.008472,-81.023963,88.9,3.93,0.5,332.78,7.0,3D,2025-08-20 19:23:33-04:00,POINT (-81.023963 34.008472)
2025-08-20 17:10:49 UTC,sensor06,236497257,29.21,65.37,2025-08-20 23:24:04+00:00,34.008848,-81.024138,92.8,2.4,0.1,0.0,8.0,3D,2025-08-20 19:24:04-04:00,POINT (-81.024138 34.008848)
2025-08-20 17:10:54 UTC,sensor06,236497257,29.19,65.37,2025-08-20 23:24:09+00:00,34.009027,-81.02419,92.9,4.81,-0.1,0.0,7.0,3D,2025-08-20 19:24:09-04:00,POINT (-81.02419 34.009027)
2025-08-20 17:10:59 UTC,sensor06,236497257,29.24,65.35,2025-08-20 23:24:14+00:00,34.00927,-81.02429,92.9,5.49,-0.1,346.33,7.0,3D,2025-08-20 19:24:14-04:00,POINT (-81.02429 34.00927)
2025-08-20 17:11:04 UTC,sensor06,236497257,29.21,65.4,2025-08-20 23:24:19+00:00,34.009462,-81.024418,91.6,4.69,-0.3,332.66,7.0,3D,2025-08-20 19:24:19-04:00,POINT (-81.024418 34.009462)
2025-08-20 17:11:09 UTC,sensor06,236497257,29.22,65.44,2025-08-20 23:24:24+00:00,34.00966,-81.024548,91.0,5.25,-0.1,333.55,7.0,3D,2025-08-20 19:24:24-04:00,POINT (-81.024548 34.00966)
2025-08-20 17:11:14 UTC,sensor06,236497257,29.28,65.26,2025-08-20 23:24:29+00:00,34.009798,-81.024622,91.1,3.39,-0.1,332.42,7.0,3D,2025-08-20 19:24:29-04:00,POINT (-81.024622 34.009798)
2025-08-20 17:11:50 UTC,sensor06,236497257,29.34,65.17,2025-08-20 23:25:04+00:00,34.0101,-81.024825,95.9,3.45,0.0,321.58,8.0,3D,2025-08-20 19:25:04-04:00,POINT (-81.024825 34.0101)
2025-08-20 17:11:55 UTC,sensor06,236497257,29.4,64.97,2025-08-20 23:25:09+00:00,34.010337,-81.024863,96.4,4.75,0.2,342.17,8.0,3D,2025-08-20 19:25:09-04:00,POINT (-81.024863 34.010337)
2025-08-20 17:12:00 UTC,sensor06,236497257,29.46,64.94,2025-08-20 23:25:14+00:00,34.010583,-81.024917,96.3,5.54,0.1,341.03,8.0,3D,2025-08-20 19:25:14-04:00,POINT (-81.024917 34.010583)
2025-08-20 17:12:05 UTC,sensor06,236497257,29.45,64.93,2025-08-20 23:25:19+00:00,34.010818,-81.025,96.7,5.09,0.2,340.66,8.0,3D,2025-08-20 19:25:19-04:00,POINT (-81.025 34.010818)
2025-08-20 17:12:10 UTC,sensor06,236497257,29.42,65.08,2025-08-20 23:25:24+00:00,34.011023,-81.025028,98.2,3.53,0.2,353.79,8.0,3D,2025-08-20 19:25:24-04:00,POINT (-81.025028 34.011023)
2025-08-20 17:12:15 UTC,sensor06,236497257,29.32,65.36,2025-08-20 23:25:29+00:00,34.01126,-81.025072,98.3,5.01,0.4,357.42,8.0,3D,2025-08-20 19:25:29-04:00,POINT (-81.025072 34.01126)
2025-08-20 17:12:25 UTC,sensor06,236497257,29.38,65.22,2025-08-20 23:25:39+00:00,34.011453,-81.025352,100.7,4.65,0.1,287.59,8.0,3D,2025-08-20 19:25:39-04:00,POINT (-81.025352 34.011453)
2025-08-20 17:12:30 UTC,sensor06,236497257,29.29,65.27,2025-08-20 23:25:44+00:00,34.0114,-81.025588,101.4,4.9,0.0,250.96,8.0,3D,2025-08-20 19:25:44-04:00,POINT (-81.025588 34.0114)
2025-08-20 17:12:35 UTC,sensor06,236497257,29.29,65.99,2025-08-20 23:25:49+00:00,34.011333,-81.02585,103.5,4.56,0.3,248.49,7.0,3D,2025-08-20 19:25:49-04:00,POINT (-81.02585 34.011333)
2025-08-20 17:12:40 UTC,sensor06,236497257,29.31,65.88,2025-08-20 23:25:54+00:00,34.011252,-81.026112,105.0,4.95,0.3,253.46,7.0,3D,2025-08-20 19:25:54-04:00,POINT (-81.026112 34.011252)
2025-08-20 17:12:45 UTC,sensor06,236497257,29.25,65.73,2025-08-20 23:25:59+00:00,34.01115,-81.026377,108.0,4.78,0.8,246.78,7.0,3D,2025-08-20 19:25:59-04:00,POINT (-81.026377 34.01115)
2025-08-20 17:12:50 UTC,sensor06,236497257,29.26,65.67,2025-08-20 23:26:05+00:00,34.011092,-81.026657,108.7,4.35,0.2,0.0,8.0,3D,2025-08-20 19:26:05-04:00,POINT (-81.026657 34.011092)
2025-08-20 17:12:55 UTC,sensor06,236497257,29.21,65.75,2025-08-20 23:26:10+00:00,34.011068,-81.02686,109.9,4.01,0.1,0.0,8.0,3D,2025-08-20 19:26:10-04:00,POINT (-81.02686 34.011068)
2025-08-20 17:13:00 UTC,sensor06,236497257,29.25,65.93,2025-08-20 23:26:15+00:00,34.011127,-81.027027,111.3,3.56,0.0,0.0,8.0,3D,2025-08-20 19:26:15-04:00,POINT (-81.027027 34.011127)
2025-08-20 17:13:05 UTC,sensor06,236497257,29.24,66.0,2025-08-20 23:26:20+00:00,34.011398,-81.027138,112.9,5.14,0.2,335.73,8.0,3D,2025-08-20 19:26:20-04:00,POINT (-81.027138 34.011398)
2025-08-20 17:13:10 UTC,sensor06,236497257,29.12,66.17,2025-08-20 23:26:25+00:00,34.01162,-81.02722,112.8,4.25,0.1,342.8,8.0,3D,2025-08-20 19:26:25-04:00,POINT (-81.02722 34.01162)
2025-08-20 17:13:15 UTC,sensor06,236497257,29.14,66.02,2025-08-20 23:26:30+00:00,34.011828,-81.02733,113.7,4.16,0.2,330.1,8.0,3D,2025-08-20 19:26:30-04:00,POINT (-81.02733 34.011828)
2025-08-20 17:13:20 UTC,sensor06,236497257,29.07,66.02,2025-08-20 23:26:35+00:00,34.011988,-81.027405,114.8,2.93,0.3,340.97,8.0,3D,2025-08-20 19:26:35-04:00,POINT (-81.027405 34.011988)
2025-08-20 17:13:25 UTC,sensor06,236497257,29.08,66.03,2025-08-20 23:26:40+00:00,34.012255,-81.027212,115.3,5.43,0.2,51.7,8.0,3D,2025-08-20 19:26:40-04:00,POINT (-81.027212 34.012255)
2025-08-20 17:13:31 UTC,sensor06,236497257,29.1,65.82,2025-08-20 23:26:44+00:00,34.012383,-81.026932,116.2,6.89,0.2,70.94,8.0,3D,2025-08-20 19:26:44-04:00,POINT (-81.026932 34.012383)
2025-08-20 17:13:36 UTC,sensor06,236497257,29.06,65.87,2025-08-20 23:26:44+00:00,34.012383,-81.026932,116.2,6.89,0.2,70.94,8.0,3D,2025-08-20 19:26:44-04:00,POINT (-81.026932 34.012383)
2025-08-20 17:13:41 UTC,sensor06,236497257,29.16,65.87,2025-08-20 23:26:55+00:00,34.01256,-81.026192,118.0,6.52,0.1,75.31,8.0,3D,2025-08-20 19:26:55-04:00,POINT (-81.026192 34.01256)
2025-08-20 17:13:46 UTC,sensor06,236497257,29.12,65.88,2025-08-20 23:27:00+00:00,34.012643,-81.025923,119.9,5.61,0.5,80.78,8.0,3D,2025-08-20 19:27:00-04:00,POINT (-81.025923 34.012643)
2025-08-20 17:13:51 UTC,sensor06,236497257,29.18,65.85,2025-08-20 23:27:05+00:00,34.012835,-81.025843,122.7,4.46,0.3,0.02,8.0,3D,2025-08-20 19:27:05-04:00,POINT (-81.025843 34.012835)
2025-08-20 17:13:56 UTC,sensor06,236497257,29.07,66.38,2025-08-20 23:27:10+00:00,34.013065,-81.025937,123.1,4.67,0.1,333.46,8.0,3D,2025-08-20 19:27:10-04:00,POINT (-81.025937 34.013065)
2025-08-20 17:14:01 UTC,sensor06,236497257,29.01,66.18,2025-08-20 23:27:15+00:00,34.013245,-81.026063,122.9,4.64,0.1,324.3,8.0,3D,2025-08-20 19:27:15-04:00,POINT (-81.026063 34.013245)
2025-08-20 17:14:06 UTC,sensor06,236497257,29.05,66.47,2025-08-20 23:27:20+00:00,34.013552,-81.026222,123.0,7.87,0.2,336.54,7.0,3D,2025-08-20 19:27:20-04:00,POINT (-81.026222 34.013552)
2025-08-20 17:14:11 UTC,sensor06,236497257,29.01,66.26,2025-08-20 23:27:25+00:00,34.013828,-81.026368,122.6,6.18,0.0,339.39,8.0,3D,2025-08-20 19:27:25-04:00,POINT (-81.026368 34.013828)
2025-08-20 17:14:16 UTC,sensor06,236497257,29.02,66.69,2025-08-20 23:27:30+00:00,34.014152,-81.026512,122.8,7.27,-0.2,337.08,8.0,3D,2025-08-20 19:27:30-04:00,POINT (-81.026512 34.014152)
2025-08-20 17:14:21 UTC,sensor06,236497257,28.98,67.05,2025-08-20 23:27:35+00:00,34.01452,-81.026693,121.0,8.37,-0.2,332.96,8.0,3D,2025-08-20 19:27:35-04:00,POINT (-81.026693 34.01452)
2025-08-20 17:14:26 UTC,sensor06,236497257,28.98,67.11,2025-08-20 23:27:40+00:00,34.014962,-81.026875,119.0,8.91,-0.5,339.23,8.0,3D,2025-08-20 19:27:40-04:00,POINT (-81.026875 34.014962)
2025-08-20 17:14:31 UTC,sensor06,236497257,28.97,67.13,2025-08-20 23:27:45+00:00,34.015185,-81.026988,117.0,4.27,-0.2,328.41,7.0,3D,2025-08-20 19:27:45-04:00,POINT (-81.026988 34.015185)
2025-08-20 17:14:36 UTC,sensor06,236497257,28.98,67.1,2025-08-20 23:27:51+00:00,34.01544,-81.027067,115.2,5.76,-0.1,0.0,8.0,3D,2025-08-20 19:27:51-04:00,POINT (-81.027067 34.01544)
2025-08-20 17:14:41 UTC,sensor06,236497257,28.97,66.63,2025-08-20 23:27:56+00:00,34.015698,-81.027147,113.1,5.86,-0.6,0.0,7.0,3D,2025-08-20 19:27:56-04:00,POINT (-81.027147 34.015698)
2025-08-20 17:14:46 UTC,sensor06,236497257,28.93,66.69,2025-08-20 23:28:01+00:00,34.015935,-81.027247,111.2,6.64,-0.5,0.0,8.0,3D,2025-08-20 19:28:01-04:00,POINT (-81.027247 34.015935)
2025-08-20 17:14:51 UTC,sensor06,236497257,28.88,66.91,2025-08-20 23:28:06+00:00,34.016192,-81.027373,109.2,6.46,-0.4,340.24,8.0,3D,2025-08-20 19:28:06-04:00,POINT (-81.027373 34.016192)
2025-08-20 17:14:56 UTC,sensor06,236497257,28.95,66.93,2025-08-20 23:28:11+00:00,34.016477,-81.027463,107.9,6.36,-0.2,344.53,8.0,3D,2025-08-20 19:28:11-04:00,POINT (-81.027463 34.016477)
2025-08-20 17:15:01 UTC,sensor06,236497257,28.95,67.22,2025-08-20 23:28:16+00:00,34.016738,-81.027557,105.7,5.63,-0.4,345.86,8.0,3D,2025-08-20 19:28:16-04:00,POINT (-81.027557 34.016738)
2025-08-20 17:15:06 UTC,sensor06,236497257,28.89,67.85,2025-08-20 23:28:21+00:00,34.016982,-81.02766,103.9,5.3,-0.2,344.98,8.0,3D,2025-08-20 19:28:21-04:00,POINT (-81.02766 34.016982)
2025-08-20 17:15:11 UTC,sensor06,236497257,29.0,67.56,2025-08-20 23:28:26+00:00,34.017278,-81.027655,101.8,6.42,-0.4,4.54,8.0,3D,2025-08-20 19:28:26-04:00,POINT (-81.027655 34.017278)
2025-08-20 17:15:16 UTC,sensor06,236497257,28.95,67.57,2025-08-20 23:28:31+00:00,34.017572,-81.027648,98.8,6.25,-1.3,359.55,8.0,3D,2025-08-20 19:28:31-04:00,POINT (-81.027648 34.017572)
2025-08-20 17:15:22 UTC,sensor06,236497257,28.93,67.95,2025-08-20 23:28:36+00:00,34.017808,-81.027723,95.7,5.43,-0.3,344.71,8.0,3D,2025-08-20 19:28:36-04:00,POINT (-81.027723 34.017808)
2025-08-20 17:15:27 UTC,sensor06,236497257,28.92,68.25,2025-08-20 23:28:41+00:00,34.018012,-81.027785,94.8,4.94,-0.2,4.56,8.0,3D,2025-08-20 19:28:41-04:00,POINT (-81.027785 34.018012)
2025-08-20 17:15:32 UTC,sensor06,236497257,28.89,68.52,2025-08-20 23:28:44+00:00,34.018127,-81.02775,93.9,4.06,-0.3,18.93,8.0,3D,2025-08-20 19:28:44-04:00,POINT (-81.02775 34.018127)
2025-08-20 17:15:37 UTC,sensor06,236497257,28.79,69.09,2025-08-20 23:28:51+00:00,34.018302,-81.027435,91.9,5.57,-0.3,67.06,8.0,3D,2025-08-20 19:28:51-04:00,POINT (-81.027435 34.018302)
2025-08-20 17:15:42 UTC,sensor06,236497257,28.77,69.84,2025-08-20 23:28:56+00:00,34.018413,-81.02726,91.2,4.13,-0.1,34.15,7.0,3D,2025-08-20 19:28:56-04:00,POINT (-81.02726 34.018413)
2025-08-20 17:15:47 UTC,sensor06,236497257,28.65,70.61,2025-08-20 23:29:01+00:00,34.018632,-81.0274,90.5,6.07,-0.2,321.8,8.0,3D,2025-08-20 19:29:01-04:00,POINT (-81.0274 34.018632)
2025-08-20 17:15:52 UTC,sensor06,236497257,28.61,69.41,2025-08-20 23:29:06+00:00,34.01886,-81.0276,88.5,5.85,-0.5,334.96,7.0,3D,2025-08-20 19:29:06-04:00,POINT (-81.0276 34.01886)
2025-08-20 17:15:57 UTC,sensor06,236497257,28.62,69.51,2025-08-20 23:29:11+00:00,34.019142,-81.027663,86.6,6.09,-0.3,350.18,8.0,3D,2025-08-20 19:29:11-04:00,POINT (-81.027663 34.019142)
2025-08-20 17:16:02 UTC,sensor06,236497257,28.64,69.24,2025-08-20 23:29:16+00:00,34.019432,-81.027697,85.6,5.84,-0.2,335.14,8.0,3D,2025-08-20 19:29:16-04:00,POINT (-81.027697 34.019432)
2025-08-20 17:16:07 UTC,sensor06,236497257,28.62,69.23,2025-08-20 23:29:21+00:00,34.01962,-81.027927,84.1,6.33,-0.4,291.62,8.0,3D,2025-08-20 19:29:21-04:00,POINT (-81.027927 34.01962)
2025-08-20 17:16:12 UTC,sensor06,236497257,28.59,68.73,2025-08-20 23:29:26+00:00,34.019632,-81.028247,83.0,6.27,-0.3,252.06,8.0,3D,2025-08-20 19:29:26-04:00,POINT (-81.028247 34.019632)
2025-08-20 17:16:17 UTC,sensor06,236497257,28.54,69.58,2025-08-20 23:29:31+00:00,34.019468,-81.028515,81.4,6.38,-0.2,216.24,8.0,3D,2025-08-20 19:29:31-04:00,POINT (-81.028515 34.019468)
2025-08-20 17:16:22 UTC,sensor06,236497257,28.55,68.73,2025-08-20 23:29:36+00:00,34.019182,-81.028537,79.6,6.37,-1.1,170.03,7.0,3D,2025-08-20 19:29:36-04:00,POINT (-81.028537 34.019182)
2025-08-20 17:16:27 UTC,sensor06,236497257,28.59,69.07,2025-08-20 23:29:41+00:00,34.018958,-81.028347,78.3,6.83,-0.3,134.63,8.0,3D,2025-08-20 19:29:41-04:00,POINT (-81.028347 34.018958)
2025-08-20 17:16:32 UTC,sensor06,236497257,28.62,69.47,2025-08-20 23:29:46+00:00,34.018752,-81.028207,77.5,5.03,-0.2,153.21,8.0,3D,2025-08-20 19:29:46-04:00,POINT (-81.028207 34.018752)
2025-08-20 17:16:37 UTC,sensor06,236497257,28.64,70.18,2025-08-20 23:29:51+00:00,34.018562,-81.028037,76.9,5.24,-0.2,140.05,8.0,3D,2025-08-20 19:29:51-04:00,POINT (-81.028037 34.018562)
2025-08-20 17:16:42 UTC,sensor06,236497257,28.67,70.17,2025-08-20 23:29:57+00:00,34.018357,-81.027858,77.2,4.44,0.0,0.0,8.0,3D,2025-08-20 19:29:57-04:00,POINT (-81.027858 34.018357)
2025-08-20 17:16:47 UTC,sensor06,236497257,28.62,69.32,2025-08-20 23:30:02+00:00,34.018227,-81.027668,77.3,4.76,-0.4,0.0,8.0,3D,2025-08-20 19:30:02-04:00,POINT (-81.027668 34.018227)
2025-08-20 17:16:57 UTC,sensor06,236497257,28.64,69.06,2025-08-20 23:30:12+00:00,34.018073,-81.02781,77.1,2.91,0.1,230.48,8.0,3D,2025-08-20 19:30:12-04:00,POINT (-81.02781 34.018073)
2025-08-20 17:17:02 UTC,sensor06,236497257,28.69,69.14,2025-08-20 23:30:17+00:00,34.017943,-81.027953,77.1,4.79,-0.3,223.0,8.0,3D,2025-08-20 19:30:17-04:00,POINT (-81.027953 34.017943)
2025-08-20 17:17:07 UTC,sensor06,236497257,28.71,69.42,2025-08-20 23:30:22+00:00,34.017878,-81.028212,75.8,4.68,-0.4,258.39,9.0,3D,2025-08-20 19:30:22-04:00,POINT (-81.028212 34.017878)
2025-08-20 17:17:12 UTC,sensor06,236497257,28.77,68.81,2025-08-20 23:30:27+00:00,34.017832,-81.02847,75.6,4.92,0.2,260.62,8.0,3D,2025-08-20 19:30:27-04:00,POINT (-81.02847 34.017832)
2025-08-20 17:17:18 UTC,sensor06,236497257,28.66,68.69,2025-08-20 23:30:32+00:00,34.01778,-81.028735,75.8,4.93,0.2,257.12,8.0,3D,2025-08-20 19:30:32-04:00,POINT (-81.028735 34.01778)
2025-08-20 17:17:23 UTC,sensor06,236497257,28.64,68.57,2025-08-20 23:30:37+00:00,34.017697,-81.029013,74.0,5.54,-0.4,248.78,8.0,3D,2025-08-20 19:30:37-04:00,POINT (-81.029013 34.017697)
2025-08-20 17:17:28 UTC,sensor06,236497257,28.58,68.98,2025-08-20 23:30:42+00:00,34.017612,-81.029255,74.0,4.84,0.1,244.8,9.0,3D,2025-08-20 19:30:42-04:00,POINT (-81.029255 34.017612)
2025-08-20 17:17:33 UTC,sensor06,236497257,28.56,69.5,2025-08-20 23:30:44+00:00,34.017573,-81.029333,74.0,4.15,-0.1,243.09,8.0,3D,2025-08-20 19:30:44-04:00,POINT (-81.029333 34.017573)
2025-08-20 17:17:38 UTC,sensor06,236497257,28.55,69.19,2025-08-20 23:30:52+00:00,34.017523,-81.029583,0.0,3.36,0.0,240.35,9.0,3D,2025-08-20 19:30:52-04:00,POINT (-81.029583 34.017523)
2025-08-20 17:17:43 UTC,sensor06,236497257,28.59,70.21,2025-08-20 23:30:57+00:00,34.017443,-81.02974,76.4,3.7,0.1,213.24,9.0,3D,2025-08-20 19:30:57-04:00,POINT (-81.02974 34.017443)
2025-08-20 17:17:48 UTC,sensor06,236497257,28.57,70.22,2025-08-20 23:31:02+00:00,34.017307,-81.029792,76.5,3.84,0.3,219.31,9.0,3D,2025-08-20 19:31:02-04:00,POINT (-81.029792 34.017307)
2025-08-20 17:17:53 UTC,sensor06,236497257,28.58,68.82,2025-08-20 23:31:07+00:00,34.017217,-81.029953,78.3,3.76,0.3,238.72,9.0,3D,2025-08-20 19:31:07-04:00,POINT (-81.029953 34.017217)
2025-08-20 17:17:58 UTC,sensor06,236497257,28.62,68.5,2025-08-20 23:31:12+00:00,34.017187,-81.030142,79.5,3.4,0.2,259.67,9.0,3D,2025-08-20 19:31:12-04:00,POINT (-81.030142 34.017187)
2025-08-20 17:18:03 UTC,sensor06,236497257,28.69,68.35,2025-08-20 23:31:17+00:00,34.017138,-81.03035,80.1,3.92,0.0,248.44,8.0,3D,2025-08-20 19:31:17-04:00,POINT (-81.03035 34.017138)
2025-08-20 17:18:08 UTC,sensor06,236497257,28.73,68.0,2025-08-20 23:31:22+00:00,34.017082,-81.030537,81.0,4.17,0.4,238.17,9.0,3D,2025-08-20 19:31:22-04:00,POINT (-81.030537 34.017082)
2025-08-20 17:18:13 UTC,sensor06,236497257,28.77,67.64,2025-08-20 23:31:27+00:00,34.017008,-81.030725,83.6,3.35,0.9,249.74,9.0,3D,2025-08-20 19:31:27-04:00,POINT (-81.030725 34.017008)
2025-08-20 17:18:18 UTC,sensor06,236497257,28.81,67.04,2025-08-20 23:31:32+00:00,34.016952,-81.03091,86.7,3.8,0.5,252.15,8.0,3D,2025-08-20 19:31:32-04:00,POINT (-81.03091 34.016952)
2025-08-20 17:18:23 UTC,sensor06,236497257,28.81,66.8,2025-08-20 23:31:37+00:00,34.016898,-81.031108,88.5,3.35,0.2,259.66,8.0,3D,2025-08-20 19:31:37-04:00,POINT (-81.031108 34.016898)
2025-08-20 17:18:28 UTC,sensor06,236497257,28.88,66.47,2025-08-20 23:31:42+00:00,34.016853,-81.031267,90.0,3.75,0.1,244.66,8.0,3D,2025-08-20 19:31:42-04:00,POINT (-81.031267 34.016853)
2025-08-20 17:18:33 UTC,sensor06,236497257,28.9,66.35,2025-08-20 23:31:47+00:00,34.01682,-81.031482,92.4,3.93,0.6,247.56,8.0,3D,2025-08-20 19:31:47-04:00,POINT (-81.031482 34.01682)
2025-08-20 17:18:38 UTC,sensor06,236497257,28.92,66.27,2025-08-20 23:31:52+00:00,34.016777,-81.031673,94.9,4.22,0.6,253.09,8.0,3D,2025-08-20 19:31:52-04:00,POINT (-81.031673 34.016777)
2025-08-20 17:18:43 UTC,sensor06,236497257,28.93,66.16,2025-08-20 23:31:58+00:00,34.016715,-81.031957,97.9,7.68,0.7,0.0,8.0,3D,2025-08-20 19:31:58-04:00,POINT (-81.031957 34.016715)
2025-08-20 17:18:48 UTC,sensor06,236497257,28.98,66.05,2025-08-20 23:32:03+00:00,34.01662,-81.032225,100.5,5.43,0.4,0.0,4.0,3D,2025-08-20 19:32:03-04:00,POINT (-81.032225 34.01662)
2025-08-20 17:18:53 UTC,sensor06,236497257,29.11,66.16,2025-08-20 23:32:08+00:00,34.016475,-81.032445,101.8,4.74,0.3,0.0,9.0,3D,2025-08-20 19:32:08-04:00,POINT (-81.032445 34.016475)
2025-08-20 17:18:58 UTC,sensor06,236497257,29.15,66.27,2025-08-20 23:32:13+00:00,34.016392,-81.032647,103.2,3.77,0.2,0.0,4.0,3D,2025-08-20 19:32:13-04:00,POINT (-81.032647 34.016392)
2025-08-20 17:19:03 UTC,sensor06,236497257,29.16,65.95,2025-08-20 23:32:18+00:00,34.016415,-81.032867,104.6,4.87,0.2,0.0,8.0,3D,2025-08-20 19:32:18-04:00,POINT (-81.032867 34.016415)
2025-08-20 17:19:08 UTC,sensor06,236497257,29.29,66.03,2025-08-20 23:32:23+00:00,34.016625,-81.03298,104.7,4.24,-0.2,0.0,9.0,3D,2025-08-20 19:32:23-04:00,POINT (-81.03298 34.016625)
2025-08-20 17:19:13 UTC,sensor06,236497257,29.25,65.68,2025-08-20 23:32:28+00:00,34.01681,-81.033067,105.5,4.86,0.2,337.17,8.0,3D,2025-08-20 19:32:28-04:00,POINT (-81.033067 34.01681)
2025-08-20 17:19:18 UTC,sensor06,236497257,29.17,65.53,2025-08-20 23:32:33+00:00,34.017027,-81.033177,105.6,4.69,0.1,336.79,9.0,3D,2025-08-20 19:32:33-04:00,POINT (-81.033177 34.017027)
2025-08-20 17:19:24 UTC,sensor06,236497257,29.17,65.56,2025-08-20 23:32:38+00:00,34.017252,-81.033283,106.2,4.75,0.0,338.68,9.0,3D,2025-08-20 19:32:38-04:00,POINT (-81.033283 34.017252)
2025-08-20 17:19:29 UTC,sensor06,236497257,29.16,65.75,2025-08-20 23:32:43+00:00,34.017375,-81.033448,106.5,4.89,0.0,273.23,9.0,3D,2025-08-20 19:32:43-04:00,POINT (-81.033448 34.017375)
2025-08-20 17:19:34 UTC,sensor06,236497257,29.32,65.99,2025-08-20 23:32:44+00:00,34.017372,-81.033505,106.4,5.39,-0.1,266.84,9.0,3D,2025-08-20 19:32:44-04:00,POINT (-81.033505 34.017372)
2025-08-20 17:19:39 UTC,sensor06,236497257,29.41,65.96,2025-08-20 23:32:53+00:00,34.017315,-81.034022,105.8,4.93,-0.1,265.2,7.0,3D,2025-08-20 19:32:53-04:00,POINT (-81.034022 34.017315)
2025-08-20 17:19:44 UTC,sensor06,236497257,29.45,65.48,2025-08-20 23:32:58+00:00,34.01724,-81.034237,104.4,5.02,-0.3,255.15,7.0,3D,2025-08-20 19:32:58-04:00,POINT (-81.034237 34.01724)
2025-08-20 17:19:49 UTC,sensor06,236497257,29.42,65.55,2025-08-20 23:33:03+00:00,34.017412,-81.034385,103.1,4.74,-0.3,331.37,8.0,3D,2025-08-20 19:33:03-04:00,POINT (-81.034385 34.017412)
2025-08-20 17:19:54 UTC,sensor06,236497257,29.39,65.46,2025-08-20 23:33:08+00:00,34.017693,-81.034503,102.7,5.75,0.0,343.79,8.0,3D,2025-08-20 19:33:08-04:00,POINT (-81.034503 34.017693)
2025-08-20 17:19:59 UTC,sensor06,236497257,29.38,65.44,2025-08-20 23:33:13+00:00,34.017928,-81.034633,102.0,5.33,-0.1,340.07,8.0,3D,2025-08-20 19:33:13-04:00,POINT (-81.034633 34.017928)
2025-08-20 17:20:04 UTC,sensor06,236497257,29.29,65.35,2025-08-20 23:33:18+00:00,34.018148,-81.034713,101.5,3.52,-0.1,342.05,8.0,3D,2025-08-20 19:33:18-04:00,POINT (-81.034713 34.018148)
2025-08-20 17:20:09 UTC,sensor06,236497257,29.19,65.54,2025-08-20 23:33:23+00:00,34.018317,-81.03473,101.2,3.06,0.1,5.86,7.0,3D,2025-08-20 19:33:23-04:00,POINT (-81.03473 34.018317)
2025-08-20 17:20:14 UTC,sensor06,236497257,29.15,66.09,2025-08-20 23:33:28+00:00,34.018385,-81.034447,100.4,5.53,-0.1,66.58,8.0,3D,2025-08-20 19:33:28-04:00,POINT (-81.034447 34.018385)
2025-08-20 17:20:19 UTC,sensor06,236497257,29.02,66.14,2025-08-20 23:33:33+00:00,34.01851,-81.03413,99.9,6.17,0.1,61.31,7.0,3D,2025-08-20 19:33:33-04:00,POINT (-81.03413 34.01851)
2025-08-20 17:20:24 UTC,sensor06,236497257,29.01,66.42,2025-08-20 23:33:38+00:00,34.018578,-81.033822,100.5,5.07,0.0,67.83,7.0,3D,2025-08-20 19:33:38-04:00,POINT (-81.033822 34.018578)
2025-08-20 17:20:29 UTC,sensor06,236497257,28.99,66.49,2025-08-20 23:33:43+00:00,34.018625,-81.033517,99.6,5.54,-0.1,67.75,7.0,3D,2025-08-20 19:33:43-04:00,POINT (-81.033517 34.018625)
2025-08-20 17:20:34 UTC,sensor06,236497257,28.96,66.3,2025-08-20 23:33:48+00:00,34.018708,-81.033222,100.2,5.61,0.0,80.9,7.0,3D,2025-08-20 19:33:48-04:00,POINT (-81.033222 34.018708)
2025-08-20 17:20:39 UTC,sensor06,236497257,28.92,66.44,2025-08-20 23:33:53+00:00,34.018767,-81.032975,100.9,5.12,0.0,71.2,7.0,3D,2025-08-20 19:33:53-04:00,POINT (-81.032975 34.018767)
2025-08-20 17:20:44 UTC,sensor06,236497257,28.87,67.0,2025-08-20 23:33:58+00:00,34.018755,-81.03267,100.4,5.92,0.2,67.4,8.0,3D,2025-08-20 19:33:58-04:00,POINT (-81.03267 34.018755)
2025-08-20 17:20:49 UTC,sensor06,236497257,28.83,67.52,2025-08-20 23:34:04+00:00,34.01886,-81.032315,99.3,6.12,-0.3,0.0,7.0,3D,2025-08-20 19:34:04-04:00,POINT (-81.032315 34.01886)
2025-08-20 17:20:54 UTC,sensor06,236497257,28.9,67.58,2025-08-20 23:34:09+00:00,34.019008,-81.031933,97.9,8.21,-0.4,0.0,8.0,3D,2025-08-20 19:34:09-04:00,POINT (-81.031933 34.019008)
2025-08-20 17:20:59 UTC,sensor06,236497257,28.86,67.12,2025-08-20 23:34:14+00:00,34.019148,-81.031542,98.0,7.54,-0.1,71.74,8.0,3D,2025-08-20 19:34:14-04:00,POINT (-81.031542 34.019148)
2025-08-20 17:21:04 UTC,sensor06,236497257,28.95,67.03,2025-08-20 23:34:19+00:00,34.019277,-81.0312,97.5,6.53,0.0,69.44,8.0,3D,2025-08-20 19:34:19-04:00,POINT (-81.0312 34.019277)
2025-08-20 17:21:09 UTC,sensor06,236497257,28.95,66.74,2025-08-20 23:34:24+00:00,34.01937,-81.030852,97.4,6.88,0.0,71.73,8.0,3D,2025-08-20 19:34:24-04:00,POINT (-81.030852 34.01937)
2025-08-20 17:21:14 UTC,sensor06,236497257,28.92,67.04,2025-08-20 23:34:29+00:00,34.019455,-81.030463,97.5,7.76,0.1,74.69,7.0,3D,2025-08-20 19:34:29-04:00,POINT (-81.030463 34.019455)
2025-08-20 17:21:19 UTC,sensor06,236497257,29.05,66.91,2025-08-20 23:34:34+00:00,34.019555,-81.03006,95.9,6.67,-0.6,65.56,7.0,3D,2025-08-20 19:34:34-04:00,POINT (-81.03006 34.019555)
2025-08-20 17:21:24 UTC,sensor06,236497257,29.01,66.56,2025-08-20 23:34:39+00:00,34.019708,-81.029702,95.2,7.2,-0.1,73.62,8.0,3D,2025-08-20 19:34:39-04:00,POINT (-81.029702 34.019708)
2025-08-20 17:21:29 UTC,sensor06,236497257,28.95,66.6,2025-08-20 23:34:44+00:00,34.019875,-81.029413,95.9,5.94,0.1,67.88,7.0,3D,2025-08-20 19:34:44-04:00,POINT (-81.029413 34.019875)
2025-08-20 17:21:34 UTC,sensor06,236497257,29.01,66.93,2025-08-20 23:34:49+00:00,34.019982,-81.029212,0.0,4.39,0.0,38.81,7.0,3D,2025-08-20 19:34:49-04:00,POINT (-81.029212 34.019982)
2025-08-20 17:21:40 UTC,sensor06,236497257,28.91,66.98,2025-08-20 23:34:54+00:00,34.020185,-81.029217,91.3,5.33,-0.4,344.04,8.0,3D,2025-08-20 19:34:54-04:00,POINT (-81.029217 34.020185)
2025-08-20 17:21:45 UTC,sensor06,236497257,28.92,66.71,2025-08-20 23:34:59+00:00,34.02041,-81.02932,89.0,5.77,-0.4,340.16,8.0,3D,2025-08-20 19:34:59-04:00,POINT (-81.02932 34.02041)
2025-08-20 17:21:50 UTC,sensor06,236497257,28.92,66.72,2025-08-20 23:35:04+00:00,34.020643,-81.029415,88.9,5.48,0.5,350.43,8.0,3D,2025-08-20 19:35:04-04:00,POINT (-81.029415 34.020643)
2025-08-20 17:21:55 UTC,sensor06,236497257,28.92,67.08,2025-08-20 23:35:09+00:00,34.02087,-81.029503,89.9,5.99,0.3,342.03,7.0,3D,2025-08-20 19:35:09-04:00,POINT (-81.029503 34.02087)
2025-08-20 17:22:00 UTC,sensor06,236497257,28.93,67.76,2025-08-20 23:35:14+00:00,34.021088,-81.029608,90.4,5.85,-0.1,342.13,8.0,3D,2025-08-20 19:35:14-04:00,POINT (-81.029608 34.021088)
2025-08-20 17:22:05 UTC,sensor06,236497257,28.99,67.88,2025-08-20 23:35:19+00:00,34.02134,-81.029748,91.4,5.82,0.0,333.71,8.0,3D,2025-08-20 19:35:19-04:00,POINT (-81.029748 34.02134)
2025-08-20 17:22:10 UTC,sensor06,236497257,28.92,67.81,2025-08-20 23:35:24+00:00,34.021568,-81.0299,89.6,5.05,-0.8,322.05,8.0,3D,2025-08-20 19:35:24-04:00,POINT (-81.0299 34.021568)
2025-08-20 17:22:15 UTC,sensor06,236497257,28.91,67.66,2025-08-20 23:35:29+00:00,34.021747,-81.030082,88.8,4.79,-0.3,315.73,8.0,3D,2025-08-20 19:35:29-04:00,POINT (-81.030082 34.021747)
2025-08-20 17:22:20 UTC,sensor06,236497257,28.83,67.6,2025-08-20 23:35:34+00:00,34.021893,-81.03029,86.5,5.36,-0.4,308.82,8.0,3D,2025-08-20 19:35:34-04:00,POINT (-81.03029 34.021893)
2025-08-20 17:22:25 UTC,sensor06,236497257,28.75,67.63,2025-08-20 23:35:39+00:00,34.022073,-81.030525,85.6,5.81,-0.2,309.41,7.0,3D,2025-08-20 19:35:39-04:00,POINT (-81.030525 34.022073)
2025-08-20 17:22:30 UTC,sensor06,236497257,28.77,67.81,2025-08-20 23:35:44+00:00,34.022253,-81.030787,84.7,5.25,-0.1,306.58,9.0,3D,2025-08-20 19:35:44-04:00,POINT (-81.030787 34.022253)
2025-08-20 17:22:35 UTC,sensor06,236497257,28.73,67.84,2025-08-20 23:35:49+00:00,34.022395,-81.030997,83.5,4.72,-0.2,310.15,9.0,3D,2025-08-20 19:35:49-04:00,POINT (-81.030997 34.022395)
2025-08-20 17:22:40 UTC,sensor06,236497257,28.76,68.0,2025-08-20 23:35:54+00:00,34.02251,-81.03114,83.4,3.09,-0.1,315.47,9.0,3D,2025-08-20 19:35:54-04:00,POINT (-81.03114 34.02251)
2025-08-20 17:22:45 UTC,sensor06,236497257,28.83,67.99,2025-08-20 23:35:59+00:00,34.022545,-81.031287,81.9,3.9,-0.2,263.7,9.0,3D,2025-08-20 19:35:59-04:00,POINT (-81.031287 34.022545)
2025-08-20 17:22:50 UTC,sensor06,236497257,28.7,68.21,2025-08-20 23:36:04+00:00,34.022447,-81.031543,82.7,5.95,0.3,237.32,9.0,3D,2025-08-20 19:36:04-04:00,POINT (-81.031543 34.022447)
2025-08-20 17:22:55 UTC,sensor06,236497257,28.7,68.49,2025-08-20 23:36:09+00:00,34.022278,-81.031805,84.0,5.19,0.1,233.67,9.0,3D,2025-08-20 19:36:09-04:00,POINT (-81.031805 34.022278)
2025-08-20 17:23:00 UTC,sensor06,236497257,28.74,68.25,2025-08-20 23:36:15+00:00,34.022038,-81.03213,85.1,6.98,-0.1,0.0,8.0,3D,2025-08-20 19:36:15-04:00,POINT (-81.03213 34.022038)
2025-08-20 17:23:05 UTC,sensor06,236497257,28.69,68.42,2025-08-20 23:36:20+00:00,34.021868,-81.032385,85.9,5.33,0.0,0.0,8.0,3D,2025-08-20 19:36:20-04:00,POINT (-81.032385 34.021868)
2025-08-20 17:23:10 UTC,sensor06,236497257,28.66,68.35,2025-08-20 23:36:25+00:00,34.02172,-81.032627,86.5,5.25,0.2,0.0,8.0,3D,2025-08-20 19:36:25-04:00,POINT (-81.032627 34.02172)
2025-08-20 17:23:15 UTC,sensor06,236497257,28.64,68.21,2025-08-20 23:36:30+00:00,34.021582,-81.03281,87.4,4.85,0.1,225.46,8.0,3D,2025-08-20 19:36:30-04:00,POINT (-81.03281 34.021582)
2025-08-20 17:23:20 UTC,sensor06,236497257,28.65,68.46,2025-08-20 23:36:35+00:00,34.021427,-81.03297,88.7,4.29,0.1,224.76,8.0,3D,2025-08-20 19:36:35-04:00,POINT (-81.03297 34.021427)
2025-08-20 17:23:25 UTC,sensor06,236497257,28.66,68.33,2025-08-20 23:36:40+00:00,34.021288,-81.033128,90.2,3.43,0.2,227.57,8.0,3D,2025-08-20 19:36:40-04:00,POINT (-81.033128 34.021288)
2025-08-20 17:23:30 UTC,sensor06,236497257,28.68,68.01,2025-08-20 23:36:45+00:00,34.02117,-81.033307,91.8,3.4,0.3,225.27,7.0,3D,2025-08-20 19:36:45-04:00,POINT (-81.033307 34.02117)
2025-08-20 17:23:35 UTC,sensor06,236497257,28.63,68.26,2025-08-20 23:36:50+00:00,34.021067,-81.03346,92.6,3.39,0.15,232.69,7.0,3D,2025-08-20 19:36:50-04:00,POINT (-81.03346 34.021067)
2025-08-20 17:23:41 UTC,sensor06,236497257,28.6,67.94,2025-08-20 23:36:55+00:00,34.020962,-81.033617,93.3,4.14,0.1,238.64,7.0,3D,2025-08-20 19:36:55-04:00,POINT (-81.033617 34.020962)
2025-08-20 17:23:46 UTC,sensor06,236497257,28.59,68.25,2025-08-20 23:37:00+00:00,34.020822,-81.033792,93.7,4.91,0.2,225.86,8.0,3D,2025-08-20 19:37:00-04:00,POINT (-81.033792 34.020822)
2025-08-20 17:23:51 UTC,sensor06,236497257,28.57,68.26,2025-08-20 23:37:05+00:00,34.020698,-81.033995,94.0,4.45,-0.1,226.06,8.0,3D,2025-08-20 19:37:05-04:00,POINT (-81.033995 34.020698)
2025-08-20 17:23:56 UTC,sensor06,236497257,28.56,68.2,2025-08-20 23:37:10+00:00,34.020558,-81.034192,93.1,4.71,-0.5,227.14,8.0,3D,2025-08-20 19:37:10-04:00,POINT (-81.034192 34.020558)
2025-08-20 17:24:21 UTC,sensor06,236497257,28.71,67.96,2025-08-20 23:37:35+00:00,34.020775,-81.034743,92.3,3.8,0.0,342.48,8.0,3D,2025-08-20 19:37:35-04:00,POINT (-81.034743 34.020775)
2025-08-20 17:24:26 UTC,sensor06,236497257,28.74,67.55,2025-08-20 23:37:40+00:00,34.020975,-81.034832,92.2,4.07,0.0,347.03,8.0,3D,2025-08-20 19:37:40-04:00,POINT (-81.034832 34.020975)
2025-08-20 17:24:31 UTC,sensor06,236497257,28.71,67.32,2025-08-20 23:37:45+00:00,34.021152,-81.034927,92.3,3.1,0.0,331.75,8.0,3D,2025-08-20 19:37:45-04:00,POINT (-81.034927 34.021152)
2025-08-20 17:24:36 UTC,sensor06,236497257,28.72,67.33,2025-08-20 23:37:50+00:00,34.021282,-81.03502,92.4,3.66,0.0,302.83,8.0,3D,2025-08-20 19:37:50-04:00,POINT (-81.03502 34.021282)
2025-08-20 17:24:41 UTC,sensor06,236497257,28.72,67.34,2025-08-20 23:37:55+00:00,34.021298,-81.035247,92.3,4.73,0.0,260.78,8.0,3D,2025-08-20 19:37:55-04:00,POINT (-81.035247 34.021298)
2025-08-20 17:24:46 UTC,sensor06,236497257,28.8,67.45,2025-08-20 23:38:01+00:00,34.021238,-81.035543,92.3,4.9,0.1,0.0,8.0,3D,2025-08-20 19:38:01-04:00,POINT (-81.035543 34.021238)
2025-08-20 17:24:51 UTC,sensor06,236497257,28.77,67.6,2025-08-20 23:38:06+00:00,34.021178,-81.035783,93.1,4.83,0.1,0.0,7.0,3D,2025-08-20 19:38:06-04:00,POINT (-81.035783 34.021178)
2025-08-20 17:24:56 UTC,sensor06,236497257,28.76,67.54,2025-08-20 23:38:11+00:00,34.021093,-81.036033,93.7,5.05,0.1,0.0,8.0,3D,2025-08-20 19:38:11-04:00,POINT (-81.036033 34.021093)
2025-08-20 17:25:01 UTC,sensor06,236497257,28.83,67.54,2025-08-20 23:38:16+00:00,34.021048,-81.036252,94.0,3.62,0.1,0.0,8.0,3D,2025-08-20 19:38:16-04:00,POINT (-81.036252 34.021048)
2025-08-20 17:25:06 UTC,sensor06,236497257,28.8,67.2,2025-08-20 23:38:21+00:00,34.02098,-81.036437,94.1,3.37,-0.1,249.1,8.0,3D,2025-08-20 19:38:21-04:00,POINT (-81.036437 34.02098)
2025-08-20 17:25:11 UTC,sensor06,236497257,28.82,67.18,2025-08-20 23:38:26+00:00,34.020912,-81.036583,94.0,2.99,0.1,0.0,8.0,3D,2025-08-20 19:38:26-04:00,POINT (-81.036583 34.020912)
2025-08-20 17:28:08 UTC,sensor06,236497257,29.0,66.66,2025-08-20 23:41:22+00:00,34.02091,-81.036877,79.5,3.06,0.2,250.29,9.0,3D,2025-08-20 19:41:22-04:00,POINT (-81.036877 34.02091)
2025-08-20 17:28:13 UTC,sensor06,236497257,28.98,66.6,2025-08-20 23:41:27+00:00,34.020788,-81.037085,80.1,4.37,0.0,242.74,10.0,3D,2025-08-20 19:41:27-04:00,POINT (-81.037085 34.020788)
2025-08-20 17:28:18 UTC,sensor06,236497257,28.89,67.25,2025-08-20 23:41:32+00:00,34.020682,-81.037312,80.6,4.8,0.0,238.67,9.0,3D,2025-08-20 19:41:32-04:00,POINT (-81.037312 34.020682)
2025-08-20 17:28:23 UTC,sensor06,236497257,28.77,67.67,2025-08-20 23:41:37+00:00,34.020607,-81.037575,80.3,5.33,0.0,251.96,9.0,3D,2025-08-20 19:41:37-04:00,POINT (-81.037575 34.020607)
2025-08-20 17:28:28 UTC,sensor06,236497257,28.67,67.57,2025-08-20 23:41:42+00:00,34.020483,-81.037833,81.1,5.87,0.3,235.41,9.0,3D,2025-08-20 19:41:42-04:00,POINT (-81.037833 34.020483)
2025-08-20 17:28:33 UTC,sensor06,236497257,28.62,67.59,2025-08-20 23:41:47+00:00,34.020343,-81.038078,82.1,5.53,0.2,238.13,10.0,3D,2025-08-20 19:41:47-04:00,POINT (-81.038078 34.020343)
2025-08-20 17:28:38 UTC,sensor06,236497257,28.62,67.82,2025-08-20 23:41:52+00:00,34.020227,-81.038333,82.9,5.69,0.0,233.0,9.0,3D,2025-08-20 19:41:52-04:00,POINT (-81.038333 34.020227)
2025-08-20 17:28:43 UTC,sensor06,236497257,28.62,67.75,2025-08-20 23:41:57+00:00,34.020107,-81.038573,83.9,5.21,0.3,235.69,9.0,3D,2025-08-20 19:41:57-04:00,POINT (-81.038573 34.020107)
2025-08-20 17:28:48 UTC,sensor06,236497257,28.7,67.95,2025-08-20 23:42:02+00:00,34.019993,-81.038755,84.9,4.3,0.1,234.33,9.0,3D,2025-08-20 19:42:02-04:00,POINT (-81.038755 34.019993)
2025-08-20 17:28:53 UTC,sensor06,236497257,28.69,67.88,2025-08-20 23:42:07+00:00,34.019838,-81.038952,85.4,4.64,0.0,235.1,9.0,3D,2025-08-20 19:42:07-04:00,POINT (-81.038952 34.019838)
2025-08-20 17:28:58 UTC,sensor06,236497257,28.79,67.78,2025-08-20 23:42:12+00:00,34.019787,-81.039105,85.3,2.81,0.0,234.17,9.0,3D,2025-08-20 19:42:12-04:00,POINT (-81.039105 34.019787)
2025-08-20 17:29:03 UTC,sensor06,236497257,28.66,67.6,2025-08-20 23:42:17+00:00,34.019718,-81.039292,86.1,3.51,0.1,245.78,9.0,3D,2025-08-20 19:42:17-04:00,POINT (-81.039292 34.019718)
2025-08-20 17:29:08 UTC,sensor06,236497257,28.62,67.67,2025-08-20 23:42:23+00:00,34.019643,-81.039535,87.3,4.76,0.2,0.0,9.0,3D,2025-08-20 19:42:23-04:00,POINT (-81.039535 34.019643)
2025-08-20 17:29:13 UTC,sensor06,236497257,28.56,68.24,2025-08-20 23:42:28+00:00,34.01957,-81.03978,87.8,5.02,0.2,257.29,9.0,3D,2025-08-20 19:42:28-04:00,POINT (-81.03978 34.01957)
2025-08-20 17:29:18 UTC,sensor06,236497257,28.56,68.28,2025-08-20 23:42:33+00:00,34.019465,-81.039993,88.0,3.8,0.0,243.22,9.0,3D,2025-08-20 19:42:33-04:00,POINT (-81.039993 34.019465)
2025-08-20 17:29:23 UTC,sensor06,236497257,28.51,68.46,2025-08-20 23:42:38+00:00,34.01923,-81.040052,86.5,5.07,-0.3,162.26,9.0,3D,2025-08-20 19:42:38-04:00,POINT (-81.040052 34.01923)
2025-08-20 17:29:28 UTC,sensor06,236497257,28.48,68.67,2025-08-20 23:42:43+00:00,34.018983,-81.039928,85.0,6.13,-0.4,146.99,9.0,3D,2025-08-20 19:42:43-04:00,POINT (-81.039928 34.018983)
2025-08-20 17:29:33 UTC,sensor06,236497257,28.46,68.82,2025-08-20 23:42:48+00:00,34.018623,-81.039737,84.4,8.13,0.0,152.19,10.0,3D,2025-08-20 19:42:48-04:00,POINT (-81.039737 34.018623)
2025-08-20 17:29:38 UTC,sensor06,236497257,28.44,68.61,2025-08-20 23:42:52+00:00,34.018307,-81.039572,82.0,9.21,-0.6,152.39,10.0,3D,2025-08-20 19:42:52-04:00,POINT (-81.039572 34.018307)
2025-08-20 17:29:44 UTC,sensor06,236497257,28.47,68.65,2025-08-20 23:42:58+00:00,34.017858,-81.039297,81.1,8.34,-0.2,153.77,10.0,3D,2025-08-20 19:42:58-04:00,POINT (-81.039297 34.017858)
2025-08-20 17:29:49 UTC,sensor06,236497257,28.55,68.85,2025-08-20 23:43:03+00:00,34.017493,-81.039095,79.6,8.05,-0.4,153.08,10.0,3D,2025-08-20 19:43:03-04:00,POINT (-81.039095 34.017493)
2025-08-20 17:29:54 UTC,sensor06,236497257,28.55,68.38,2025-08-20 23:43:08+00:00,34.017155,-81.038947,78.1,7.76,-0.3,161.63,10.0,3D,2025-08-20 19:43:08-04:00,POINT (-81.038947 34.017155)
2025-08-20 17:29:59 UTC,sensor06,236497257,28.73,68.55,2025-08-20 23:43:13+00:00,34.016833,-81.038767,76.1,7.87,-0.5,156.23,10.0,3D,2025-08-20 19:43:13-04:00,POINT (-81.038767 34.016833)
2025-08-20 17:30:04 UTC,sensor06,236497257,28.84,68.04,2025-08-20 23:43:18+00:00,34.016522,-81.038618,73.8,6.57,-0.5,160.25,10.0,3D,2025-08-20 19:43:18-04:00,POINT (-81.038618 34.016522)
2025-08-20 17:30:09 UTC,sensor06,236497257,28.87,67.27,2025-08-20 23:43:23+00:00,34.01627,-81.038515,71.7,5.21,-0.3,161.21,10.0,3D,2025-08-20 19:43:23-04:00,POINT (-81.038515 34.01627)
2025-08-20 17:30:14 UTC,sensor06,236497257,28.86,67.07,2025-08-20 23:43:28+00:00,34.016038,-81.038403,69.9,4.35,-0.2,157.15,10.0,3D,2025-08-20 19:43:28-04:00,POINT (-81.038403 34.016038)
2025-08-20 17:30:19 UTC,sensor06,236497257,28.82,66.77,2025-08-20 23:43:33+00:00,34.01585,-81.038338,70.0,2.8,0.0,168.69,10.0,3D,2025-08-20 19:43:33-04:00,POINT (-81.038338 34.01585)
2025-08-20 17:30:24 UTC,sensor06,236497257,28.8,66.69,2025-08-20 23:43:38+00:00,34.015702,-81.038285,68.8,3.85,-0.3,163.79,10.0,3D,2025-08-20 19:43:38-04:00,POINT (-81.038285 34.015702)
2025-08-20 17:30:29 UTC,sensor06,236497257,28.8,66.74,2025-08-20 23:43:43+00:00,34.015533,-81.038215,67.9,3.47,-0.3,163.64,10.0,3D,2025-08-20 19:43:43-04:00,POINT (-81.038215 34.015533)
2025-08-20 17:30:34 UTC,sensor06,236497257,28.8,66.69,2025-08-20 23:43:48+00:00,34.015368,-81.038137,67.0,4.12,-0.2,166.69,10.0,3D,2025-08-20 19:43:48-04:00,POINT (-81.038137 34.015368)
2025-08-20 17:30:39 UTC,sensor06,236497257,28.79,66.8,2025-08-20 23:43:53+00:00,34.015188,-81.03808,65.5,4.6,-0.5,165.9,10.0,3D,2025-08-20 19:43:53-04:00,POINT (-81.03808 34.015188)
2025-08-20 17:30:44 UTC,sensor06,236497257,28.8,66.92,2025-08-20 23:43:58+00:00,34.015027,-81.03803,63.0,2.77,-0.6,159.31,10.0,3D,2025-08-20 19:43:58-04:00,POINT (-81.03803 34.015027)
2025-08-20 17:30:49 UTC,sensor06,236497257,28.8,67.33,2025-08-20 23:44:03+00:00,34.014832,-81.037965,62.6,3.9,0.0,168.27,10.0,3D,2025-08-20 19:44:03-04:00,POINT (-81.037965 34.014832)
2025-08-20 17:30:54 UTC,sensor06,236497257,28.77,67.62,2025-08-20 23:44:08+00:00,34.014632,-81.037878,61.9,3.9,-0.1,159.12,10.0,3D,2025-08-20 19:44:08-04:00,POINT (-81.037878 34.014632)
2025-08-20 17:30:59 UTC,sensor06,236497257,28.74,67.37,2025-08-20 23:44:13+00:00,34.014435,-81.037808,60.5,4.2,0.0,164.24,11.0,3D,2025-08-20 19:44:13-04:00,POINT (-81.037808 34.014435)
2025-08-20 17:31:04 UTC,sensor06,236497257,28.72,67.37,2025-08-20 23:44:18+00:00,34.014222,-81.037678,60.4,2.88,0.2,167.02,11.0,3D,2025-08-20 19:44:18-04:00,POINT (-81.037678 34.014222)
2025-08-20 17:31:50 UTC,sensor06,236497257,28.69,67.41,2025-08-20 23:45:04+00:00,34.014058,-81.037608,55.4,2.54,0.0,165.49,11.0,3D,2025-08-20 19:45:04-04:00,POINT (-81.037608 34.014058)
2025-08-20 17:31:55 UTC,sensor06,236497257,28.76,67.33,2025-08-20 23:45:09+00:00,34.013882,-81.0375,55.8,4.21,0.1,155.81,11.0,3D,2025-08-20 19:45:09-04:00,POINT (-81.0375 34.013882)
2025-08-20 17:32:00 UTC,sensor06,236497257,28.72,67.2,2025-08-20 23:45:14+00:00,34.013642,-81.037403,55.8,5.02,0.1,164.42,11.0,3D,2025-08-20 19:45:14-04:00,POINT (-81.037403 34.013642)
2025-08-20 17:32:05 UTC,sensor06,236497257,28.79,67.17,2025-08-20 23:45:19+00:00,34.013413,-81.037298,56.4,5.04,0.1,166.75,11.0,3D,2025-08-20 19:45:19-04:00,POINT (-81.037298 34.013413)
2025-08-20 17:32:10 UTC,sensor06,236497257,28.85,66.93,2025-08-20 23:45:24+00:00,34.013155,-81.03719,56.5,5.27,0.0,157.52,11.0,3D,2025-08-20 19:45:24-04:00,POINT (-81.03719 34.013155)
2025-08-20 17:32:15 UTC,sensor06,236497257,28.85,66.72,2025-08-20 23:45:29+00:00,34.012913,-81.037077,56.8,5.44,0.0,157.52,11.0,3D,2025-08-20 19:45:29-04:00,POINT (-81.037077 34.012913)
2025-08-20 17:32:20 UTC,sensor06,236497257,28.87,66.56,2025-08-20 23:45:34+00:00,34.012652,-81.036957,56.6,5.94,0.2,159.95,11.0,3D,2025-08-20 19:45:34-04:00,POINT (-81.036957 34.012652)
2025-08-20 17:32:25 UTC,sensor06,236497257,28.97,66.46,2025-08-20 23:45:39+00:00,34.012427,-81.036862,56.7,5.14,0.1,165.15,11.0,3D,2025-08-20 19:45:39-04:00,POINT (-81.036862 34.012427)
2025-08-20 17:32:30 UTC,sensor06,236497257,29.01,66.19,2025-08-20 23:45:44+00:00,34.012173,-81.036752,57.4,5.32,0.2,156.81,11.0,3D,2025-08-20 19:45:44-04:00,POINT (-81.036752 34.012173)
2025-08-20 17:32:35 UTC,sensor06,236497257,29.0,66.09,2025-08-20 23:45:49+00:00,34.01195,-81.03666,59.0,4.53,0.2,164.75,11.0,3D,2025-08-20 19:45:49-04:00,POINT (-81.03666 34.01195)
2025-08-20 17:32:40 UTC,sensor06,236497257,28.98,66.13,2025-08-20 23:45:54+00:00,34.011743,-81.036552,60.7,4.65,0.4,161.34,11.0,3D,2025-08-20 19:45:54-04:00,POINT (-81.036552 34.011743)
2025-08-20 17:32:45 UTC,sensor06,236497257,29.0,66.06,2025-08-20 23:45:59+00:00,34.011572,-81.036468,62.5,4.01,0.3,150.41,11.0,3D,2025-08-20 19:45:59-04:00,POINT (-81.036468 34.011572)
2025-08-20 17:32:55 UTC,sensor06,236497257,29.04,65.85,2025-08-20 23:46:09+00:00,34.011335,-81.036345,66.4,2.82,0.3,174.92,11.0,3D,2025-08-20 19:46:09-04:00,POINT (-81.036345 34.011335)
2025-08-20 17:33:00 UTC,sensor06,236497257,29.07,65.73,2025-08-20 23:46:14+00:00,34.01117,-81.036263,67.8,3.73,0.2,160.6,11.0,3D,2025-08-20 19:46:14-04:00,POINT (-81.036263 34.01117)
2025-08-20 17:33:05 UTC,sensor06,236497257,29.08,65.64,2025-08-20 23:46:19+00:00,34.011003,-81.036177,68.0,4.17,0.1,159.72,11.0,3D,2025-08-20 19:46:19-04:00,POINT (-81.036177 34.011003)
2025-08-20 17:33:10 UTC,sensor06,236497257,29.14,65.57,2025-08-20 23:46:25+00:00,34.01075,-81.036053,70.3,4.87,0.4,0.0,11.0,3D,2025-08-20 19:46:25-04:00,POINT (-81.036053 34.01075)
2025-08-20 17:33:15 UTC,sensor06,236497257,29.14,65.48,2025-08-20 23:46:30+00:00,34.010515,-81.03596,71.4,4.78,0.3,0.0,10.0,3D,2025-08-20 19:46:30-04:00,POINT (-81.03596 34.010515)
2025-08-20 17:33:20 UTC,sensor06,236497257,29.13,65.53,2025-08-20 23:46:35+00:00,34.010283,-81.03587,72.9,5.78,0.3,0.0,11.0,3D,2025-08-20 19:46:35-04:00,POINT (-81.03587 34.010283)
2025-08-20 17:33:25 UTC,sensor06,236497257,29.1,65.76,2025-08-20 23:46:40+00:00,34.010035,-81.035762,76.1,6.34,0.9,0.0,11.0,3D,2025-08-20 19:46:40-04:00,POINT (-81.035762 34.010035)
2025-08-20 17:33:30 UTC,sensor06,236497257,29.14,65.82,2025-08-20 23:46:45+00:00,34.009817,-81.03563,78.5,4.82,0.5,159.0,11.0,3D,2025-08-20 19:46:45-04:00,POINT (-81.03563 34.009817)
2025-08-20 17:33:35 UTC,sensor06,236497257,29.17,65.68,2025-08-20 23:46:49+00:00,34.00964,-81.035558,80.3,4.86,0.5,155.04,11.0,3D,2025-08-20 19:46:49-04:00,POINT (-81.035558 34.00964)
2025-08-20 17:33:40 UTC,sensor06,236497257,29.17,65.62,2025-08-20 23:46:49+00:00,34.00964,-81.035558,80.3,4.86,0.5,155.04,11.0,3D,2025-08-20 19:46:49-04:00,POINT (-81.035558 34.00964)
2025-08-20 17:33:45 UTC,sensor06,236497257,29.13,65.66,2025-08-20 23:47:00+00:00,34.009,-81.03529,86.1,6.31,0.5,158.5,11.0,3D,2025-08-20 19:47:00-04:00,POINT (-81.03529 34.009)
2025-08-20 17:33:50 UTC,sensor06,236497257,29.17,65.69,2025-08-20 23:47:05+00:00,34.008773,-81.035192,87.7,4.53,0.3,162.61,11.0,3D,2025-08-20 19:47:05-04:00,POINT (-81.035192 34.008773)
2025-08-20 17:34:26 UTC,sensor06,236497257,29.18,65.65,2025-08-20 23:47:40+00:00,34.00835,-81.03496,94.7,5.02,0.4,155.86,10.0,3D,2025-08-20 19:47:40-04:00,POINT (-81.03496 34.00835)
2025-08-20 17:34:31 UTC,sensor06,236497257,29.13,65.68,2025-08-20 23:47:45+00:00,34.008083,-81.034827,95.7,6.75,0.2,156.08,9.0,3D,2025-08-20 19:47:45-04:00,POINT (-81.034827 34.008083)
2025-08-20 17:34:36 UTC,sensor06,236497257,29.03,65.89,2025-08-20 23:47:50+00:00,34.007792,-81.034745,96.9,6.34,0.2,161.71,10.0,3D,2025-08-20 19:47:50-04:00,POINT (-81.034745 34.007792)
2025-08-20 17:34:41 UTC,sensor06,236497257,28.96,66.04,2025-08-20 23:47:55+00:00,34.007553,-81.034668,98.0,5.37,0.2,157.78,10.0,3D,2025-08-20 19:47:55-04:00,POINT (-81.034668 34.007553)
2025-08-20 17:34:46 UTC,sensor06,236497257,28.95,66.23,2025-08-20 23:48:00+00:00,34.00734,-81.034582,99.0,5.1,0.3,159.93,10.0,3D,2025-08-20 19:48:00-04:00,POINT (-81.034582 34.00734)
2025-08-20 17:34:51 UTC,sensor06,236497257,28.99,66.5,2025-08-20 23:48:05+00:00,34.00695,-81.034078,100.7,7.92,0.4,134.33,10.0,3D,2025-08-20 19:48:05-04:00,POINT (-81.034078 34.00695)
2025-08-20 17:34:56 UTC,sensor06,236497257,28.98,66.88,2025-08-20 23:48:10+00:00,34.006863,-81.034002,101.9,6.13,0.3,131.3,9.0,3D,2025-08-20 19:48:10-04:00,POINT (-81.034002 34.006863)
2025-08-20 17:35:21 UTC,sensor06,236497257,29.05,66.3,2025-08-20 23:48:36+00:00,34.006957,-81.034207,108.0,2.83,0.2,0.0,9.0,3D,2025-08-20 19:48:36-04:00,POINT (-81.034207 34.006957)
2025-08-20 17:35:26 UTC,sensor06,236497257,29.13,65.9,2025-08-20 23:48:41+00:00,34.00678,-81.034132,109.2,5.1,0.3,0.0,10.0,3D,2025-08-20 19:48:41-04:00,POINT (-81.034132 34.00678)
2025-08-20 17:35:31 UTC,sensor06,236497257,29.19,65.58,2025-08-20 23:48:46+00:00,34.006568,-81.034092,110.8,3.16,0.5,0.0,10.0,3D,2025-08-20 19:48:46-04:00,POINT (-81.034092 34.006568)
2025-08-20 17:35:36 UTC,sensor06,236497257,29.17,65.39,2025-08-20 23:48:50+00:00,34.006442,-81.034078,112.2,4.72,0.3,174.98,10.0,3D,2025-08-20 19:48:50-04:00,POINT (-81.034078 34.006442)
2025-08-20 17:35:41 UTC,sensor06,236497257,29.13,65.19,2025-08-20 23:48:50+00:00,34.006442,-81.034078,112.2,4.72,0.3,174.98,10.0,3D,2025-08-20 19:48:50-04:00,POINT (-81.034078 34.006442)
2025-08-20 17:35:46 UTC,sensor06,236497257,29.13,65.15,2025-08-20 23:49:01+00:00,34.005908,-81.033893,115.8,4.63,0.3,157.33,10.0,3D,2025-08-20 19:49:01-04:00,POINT (-81.033893 34.005908)
2025-08-20 17:35:51 UTC,sensor06,236497257,29.17,65.35,2025-08-20 23:49:06+00:00,34.005705,-81.033787,116.6,4.31,0.1,164.24,10.0,3D,2025-08-20 19:49:06-04:00,POINT (-81.033787 34.005705)
2025-08-20 17:35:56 UTC,sensor06,236497257,29.25,65.32,2025-08-20 23:49:11+00:00,34.005443,-81.033593,116.8,5.85,0.2,156.5,10.0,3D,2025-08-20 19:49:11-04:00,POINT (-81.033593 34.005443)
2025-08-20 17:36:01 UTC,sensor06,236497257,29.24,65.39,2025-08-20 23:49:16+00:00,34.005208,-81.033438,117.0,6.09,0.1,152.4,10.0,3D,2025-08-20 19:49:16-04:00,POINT (-81.033438 34.005208)
2025-08-20 17:36:07 UTC,sensor06,236497257,29.28,65.37,2025-08-20 23:49:21+00:00,34.00507,-81.033365,117.5,5.46,0.1,148.23,9.0,3D,2025-08-20 19:49:21-04:00,POINT (-81.033365 34.00507)
2025-08-20 17:36:12 UTC,sensor06,236497257,29.28,65.33,2025-08-20 23:49:26+00:00,34.00479,-81.033232,118.2,5.0,0.2,151.91,9.0,3D,2025-08-20 19:49:26-04:00,POINT (-81.033232 34.00479)
2025-08-20 17:36:17 UTC,sensor06,236497257,29.27,65.59,2025-08-20 23:49:31+00:00,34.0046,-81.033117,119.0,3.78,0.1,163.35,9.0,3D,2025-08-20 19:49:31-04:00,POINT (-81.033117 34.0046)
2025-08-20 17:36:37 UTC,sensor06,236497257,29.27,65.5,2025-08-20 23:49:51+00:00,34.004273,-81.03306,121.5,4.0,0.1,157.05,10.0,3D,2025-08-20 19:49:51-04:00,POINT (-81.03306 34.004273)
2025-08-20 17:36:42 UTC,sensor06,236497257,29.27,65.52,2025-08-20 23:49:56+00:00,34.004085,-81.03296,121.6,5.25,0.1,157.5,10.0,3D,2025-08-20 19:49:56-04:00,POINT (-81.03296 34.004085)
2025-08-20 17:36:47 UTC,sensor06,236497257,29.22,65.6,2025-08-20 23:50:01+00:00,34.003875,-81.032817,121.8,5.18,0.1,161.95,10.0,3D,2025-08-20 19:50:01-04:00,POINT (-81.032817 34.003875)
2025-08-20 17:36:52 UTC,sensor06,236497257,29.22,65.6,2025-08-20 23:50:06+00:00,34.003648,-81.032703,122.4,5.59,0.2,155.92,10.0,3D,2025-08-20 19:50:06-04:00,POINT (-81.032703 34.003648)
2025-08-20 17:36:57 UTC,sensor06,236497257,29.21,65.73,2025-08-20 23:50:11+00:00,34.003368,-81.03257,122.8,4.69,0.1,156.66,10.0,3D,2025-08-20 19:50:11-04:00,POINT (-81.03257 34.003368)
2025-08-20 17:37:02 UTC,sensor06,236497257,29.18,65.76,2025-08-20 23:50:16+00:00,34.0032,-81.03249,123.4,3.48,0.1,155.29,10.0,3D,2025-08-20 19:50:16-04:00,POINT (-81.03249 34.0032)
2025-08-20 17:37:07 UTC,sensor06,236497257,29.17,65.72,2025-08-20 23:50:21+00:00,34.003167,-81.032577,121.5,2.31,0.1,154.87,10.0,3D,2025-08-20 19:50:21-04:00,POINT (-81.032577 34.003167)
2025-08-20 17:37:32 UTC,sensor06,236497257,29.12,65.68,2025-08-20 23:50:47+00:00,34.003022,-81.032525,121.6,3.1,-0.1,0.0,10.0,3D,2025-08-20 19:50:47-04:00,POINT (-81.032525 34.003022)
2025-08-20 17:37:37 UTC,sensor06,236497257,29.1,65.7,2025-08-20 23:50:51+00:00,34.00299,-81.032498,121.6,3.54,0.0,153.6,10.0,3D,2025-08-20 19:50:51-04:00,POINT (-81.032498 34.00299)
2025-08-20 17:37:42 UTC,sensor06,236497257,29.11,65.82,2025-08-20 23:50:51+00:00,34.00299,-81.032498,121.6,3.54,0.0,153.6,12.0,3D,2025-08-20 19:50:51-04:00,POINT (-81.032498 34.00299)
2025-08-20 17:37:47 UTC,sensor06,236497257,29.15,65.68,2025-08-20 23:51:02+00:00,34.00264,-81.03245,121.4,4.8,0.0,163.06,10.0,3D,2025-08-20 19:51:02-04:00,POINT (-81.03245 34.00264)
2025-08-20 17:37:52 UTC,sensor06,236497257,29.14,65.51,2025-08-20 23:51:07+00:00,34.002385,-81.032307,120.9,4.99,-0.2,158.8,10.0,3D,2025-08-20 19:51:07-04:00,POINT (-81.032307 34.002385)
2025-08-20 17:37:57 UTC,sensor06,236497257,29.06,65.52,2025-08-20 23:51:12+00:00,34.002158,-81.032202,120.6,4.18,0.0,167.3,10.0,3D,2025-08-20 19:51:12-04:00,POINT (-81.032202 34.002158)
2025-08-20 17:38:02 UTC,sensor06,236497257,29.03,65.69,2025-08-20 23:51:17+00:00,34.001955,-81.032038,121.6,3.87,0.7,161.58,10.0,3D,2025-08-20 19:51:17-04:00,POINT (-81.032038 34.001955)
2025-08-20 17:38:17 UTC,sensor06,236497257,28.95,66.14,2025-08-20 23:51:32+00:00,34.00168,-81.031883,123.0,3.52,0.1,166.75,9.0,3D,2025-08-20 19:51:32-04:00,POINT (-81.031883 34.00168)
2025-08-20 17:38:23 UTC,sensor06,236497257,28.93,66.1,2025-08-20 23:51:37+00:00,34.00156,-81.031848,122.8,4.85,-0.1,155.36,10.0,3D,2025-08-20 19:51:37-04:00,POINT (-81.031848 34.00156)
2025-08-20 17:38:28 UTC,sensor06,236497257,28.86,66.34,2025-08-20 23:51:42+00:00,34.001507,-81.031823,123.2,4.06,-0.1,156.81,10.0,3D,2025-08-20 19:51:42-04:00,POINT (-81.031823 34.001507)
2025-08-20 17:38:33 UTC,sensor06,236497257,28.75,67.0,2025-08-20 23:51:47+00:00,34.001273,-81.031737,122.5,5.88,-0.1,156.67,10.0,3D,2025-08-20 19:51:47-04:00,POINT (-81.031737 34.001273)
2025-08-20 17:38:38 UTC,sensor06,236497257,28.77,66.7,2025-08-20 23:51:52+00:00,34.000942,-81.03159,120.6,7.4,-0.4,156.87,10.0,3D,2025-08-20 19:51:52-04:00,POINT (-81.03159 34.000942)
2025-08-20 17:38:43 UTC,sensor06,236497257,28.77,66.63,2025-08-20 23:51:57+00:00,34.000615,-81.031472,118.4,6.47,-0.6,161.24,10.0,3D,2025-08-20 19:51:57-04:00,POINT (-81.031472 34.000615)
2025-08-20 17:38:48 UTC,sensor06,236497257,28.69,66.7,2025-08-20 23:52:02+00:00,34.000272,-81.031313,115.3,6.72,-0.7,156.55,10.0,3D,2025-08-20 19:52:02-04:00,POINT (-81.031313 34.000272)
2025-08-20 17:38:53 UTC,sensor06,236497257,28.69,66.84,2025-08-20 23:52:07+00:00,33.999977,-81.031187,112.4,6.28,-0.5,163.66,10.0,3D,2025-08-20 19:52:07-04:00,POINT (-81.031187 33.999977)
2025-08-20 17:38:58 UTC,sensor06,236497257,28.65,67.06,2025-08-20 23:52:12+00:00,33.999688,-81.03104,110.9,6.44,-0.3,156.51,10.0,3D,2025-08-20 19:52:12-04:00,POINT (-81.03104 33.999688)
2025-08-20 17:39:03 UTC,sensor06,236497257,28.63,67.14,2025-08-20 23:52:17+00:00,33.999383,-81.030898,109.2,5.77,-0.4,159.28,10.0,3D,2025-08-20 19:52:17-04:00,POINT (-81.030898 33.999383)
2025-08-20 17:39:08 UTC,sensor06,236497257,28.65,67.0,2025-08-20 23:52:22+00:00,33.999027,-81.030767,107.2,7.13,-0.5,159.52,10.0,3D,2025-08-20 19:52:22-04:00,POINT (-81.030767 33.999027)
2025-08-20 17:39:13 UTC,sensor06,236497257,28.63,66.95,2025-08-20 23:52:27+00:00,33.99879,-81.030682,105.6,5.61,-0.2,159.15,10.0,3D,2025-08-20 19:52:27-04:00,POINT (-81.030682 33.99879)
2025-08-20 17:39:18 UTC,sensor06,236497257,28.63,66.98,2025-08-20 23:52:32+00:00,33.998592,-81.030595,104.6,5.0,-0.2,157.98,10.0,3D,2025-08-20 19:52:32-04:00,POINT (-81.030595 33.998592)
2025-08-20 17:39:23 UTC,sensor06,236497257,28.62,67.08,2025-08-20 23:52:37+00:00,33.99815,-81.030338,102.8,8.38,-0.6,155.87,10.0,3D,2025-08-20 19:52:37-04:00,POINT (-81.030338 33.99815)
2025-08-20 17:39:28 UTC,sensor06,236497257,28.58,67.26,2025-08-20 23:52:42+00:00,33.997832,-81.030207,102.5,6.96,0.0,160.93,10.0,3D,2025-08-20 19:52:42-04:00,POINT (-81.030207 33.997832)
2025-08-20 17:39:33 UTC,sensor06,236497257,28.6,67.29,2025-08-20 23:52:47+00:00,33.997502,-81.030072,103.3,6.14,0.2,159.57,10.0,3D,2025-08-20 19:52:47-04:00,POINT (-81.030072 33.997502)
2025-08-20 17:39:38 UTC,sensor06,236497257,28.68,67.27,2025-08-20 23:52:52+00:00,33.997263,-81.029978,103.3,5.39,0.0,157.5,10.0,3D,2025-08-20 19:52:52-04:00,POINT (-81.029978 33.997263)
2025-08-20 17:39:43 UTC,sensor06,236497257,28.66,67.28,2025-08-20 23:52:57+00:00,33.996868,-81.029833,103.2,6.05,-0.2,153.36,10.0,3D,2025-08-20 19:52:57-04:00,POINT (-81.029833 33.996868)
2025-08-20 17:39:48 UTC,sensor06,236497257,28.62,67.14,2025-08-20 23:53:02+00:00,33.996648,-81.029707,102.3,4.92,-0.17,156.96,10.0,3D,2025-08-20 19:53:02-04:00,POINT (-81.029707 33.996648)
2025-08-20 17:39:53 UTC,sensor06,236497257,28.66,67.26,2025-08-20 23:53:07+00:00,33.996475,-81.029667,101.3,4.21,-0.2,154.8,10.0,3D,2025-08-20 19:53:07-04:00,POINT (-81.029667 33.996475)
2025-08-20 17:39:58 UTC,sensor06,236497257,28.65,67.18,2025-08-20 23:53:13+00:00,33.996467,-81.029343,100.6,6.4,-0.1,0.0,10.0,3D,2025-08-20 19:53:13-04:00,POINT (-81.029343 33.996467)
2025-08-20 17:40:03 UTC,sensor06,236497257,28.71,67.03,2025-08-20 23:53:18+00:00,33.996587,-81.02911,100.3,4.28,0.0,0.0,10.0,3D,2025-08-20 19:53:18-04:00,POINT (-81.02911 33.996587)
2025-08-20 17:40:08 UTC,sensor06,236497257,28.68,67.18,2025-08-20 23:53:23+00:00,33.996635,-81.028857,100.2,5.44,0.1,0.0,10.0,3D,2025-08-20 19:53:23-04:00,POINT (-81.028857 33.996635)
2025-08-20 17:40:13 UTC,sensor06,236497257,28.63,67.71,2025-08-20 23:53:28+00:00,33.996715,-81.028555,99.5,6.26,-0.3,0.0,11.0,3D,2025-08-20 19:53:28-04:00,POINT (-81.028555 33.996715)
2025-08-20 17:40:18 UTC,sensor06,236497257,28.56,67.9,2025-08-20 23:53:33+00:00,33.996825,-81.02827,98.8,5.84,-0.1,0.0,11.0,3D,2025-08-20 19:53:33-04:00,POINT (-81.02827 33.996825)
2025-08-20 17:40:23 UTC,sensor06,236497257,28.58,67.98,2025-08-20 23:53:38+00:00,33.996915,-81.02799,98.9,5.87,0.0,70.36,11.0,3D,2025-08-20 19:53:38-04:00,POINT (-81.02799 33.996915)
2025-08-20 17:40:28 UTC,sensor06,236497257,28.65,67.6,2025-08-20 23:53:43+00:00,33.997008,-81.027698,98.5,5.68,0.0,77.36,11.0,3D,2025-08-20 19:53:43-04:00,POINT (-81.027698 33.997008)
2025-08-20 17:40:33 UTC,sensor06,236497257,28.63,67.47,2025-08-20 23:53:48+00:00,33.997105,-81.027458,98.0,4.66,0.0,55.81,11.0,3D,2025-08-20 19:53:48-04:00,POINT (-81.027458 33.997105)
2025-08-20 17:40:38 UTC,sensor06,236497257,28.65,67.56,2025-08-20 23:53:53+00:00,33.997243,-81.027238,98.0,5.24,0.0,62.38,11.0,3D,2025-08-20 19:53:53-04:00,POINT (-81.027238 33.997243)
2025-08-20 17:40:43 UTC,sensor06,236497257,28.63,67.56,2025-08-20 23:53:58+00:00,33.99732,-81.027003,98.1,4.88,-0.1,63.93,11.0,3D,2025-08-20 19:53:58-04:00,POINT (-81.027003 33.99732)
2025-08-20 17:40:49 UTC,sensor06,236497257,28.59,67.59,2025-08-20 23:54:03+00:00,33.997278,-81.026683,97.2,4.24,-0.1,78.97,11.0,3D,2025-08-20 19:54:03-04:00,POINT (-81.026683 33.997278)
2025-08-20 17:40:54 UTC,sensor06,236497257,28.59,67.52,2025-08-20 23:54:08+00:00,33.997202,-81.026398,97.4,2.57,-0.2,82.17,11.0,3D,2025-08-20 19:54:08-04:00,POINT (-81.026398 33.997202)
2025-08-20 17:40:59 UTC,sensor06,236497257,28.57,67.72,2025-08-20 23:54:13+00:00,33.997217,-81.026147,97.0,4.71,0.0,86.97,11.0,3D,2025-08-20 19:54:13-04:00,POINT (-81.026147 33.997217)
2025-08-20 17:41:04 UTC,sensor06,236497257,28.52,67.81,2025-08-20 23:54:18+00:00,33.99724,-81.025857,96.6,5.8,-0.1,76.33,11.0,3D,2025-08-20 19:54:18-04:00,POINT (-81.025857 33.99724)
2025-08-20 17:41:09 UTC,sensor06,236497257,28.51,68.03,2025-08-20 23:54:23+00:00,33.997422,-81.025618,96.8,4.82,0.1,61.83,11.0,3D,2025-08-20 19:54:23-04:00,POINT (-81.025618 33.997422)
2025-08-20 17:41:14 UTC,sensor06,236497257,28.48,67.92,2025-08-20 23:54:28+00:00,33.997625,-81.025438,96.8,3.88,0.0,56.52,11.0,3D,2025-08-20 19:54:28-04:00,POINT (-81.025438 33.997625)
2025-08-20 17:41:19 UTC,sensor06,236497257,28.48,67.81,2025-08-20 23:54:33+00:00,33.997695,-81.025163,95.8,5.94,-0.1,61.88,11.0,3D,2025-08-20 19:54:33-04:00,POINT (-81.025163 33.997695)
2025-08-20 17:41:24 UTC,sensor06,236497257,28.5,67.84,2025-08-20 23:54:38+00:00,33.997813,-81.024835,93.8,6.72,-0.3,63.71,11.0,3D,2025-08-20 19:54:38-04:00,POINT (-81.024835 33.997813)
2025-08-20 17:41:29 UTC,sensor06,236497257,28.65,67.94,2025-08-20 23:54:43+00:00,33.997937,-81.024453,92.9,7.61,-0.2,69.01,11.0,3D,2025-08-20 19:54:43-04:00,POINT (-81.024453 33.997937)
2025-08-20 17:41:34 UTC,sensor06,236497257,28.85,67.66,2025-08-20 23:54:48+00:00,33.998032,-81.023965,93.9,7.49,-0.2,68.76,10.0,3D,2025-08-20 19:54:48-04:00,POINT (-81.023965 33.998032)
2025-08-20 17:41:39 UTC,sensor06,236497257,28.79,67.45,2025-08-20 23:54:53+00:00,33.998112,-81.023462,92.3,9.03,-0.1,71.35,9.0,3D,2025-08-20 19:54:53-04:00,POINT (-81.023462 33.998112)
2025-08-20 17:41:44 UTC,sensor06,236497257,28.91,67.1,2025-08-20 23:54:53+00:00,33.998112,-81.023462,92.3,9.03,-0.1,71.35,9.0,3D,2025-08-20 19:54:53-04:00,POINT (-81.023462 33.998112)
2025-08-20 17:41:49 UTC,sensor06,236497257,28.93,66.97,2025-08-20 23:55:03+00:00,33.998343,-81.022642,91.0,7.15,-0.07,76.2,9.0,3D,2025-08-20 19:55:03-04:00,POINT (-81.022642 33.998343)
2025-08-20 17:41:54 UTC,sensor06,236497257,28.92,66.75,2025-08-20 23:55:08+00:00,33.998373,-81.02236,90.4,4.89,-0.2,84.55,11.0,3D,2025-08-20 19:55:08-04:00,POINT (-81.02236 33.998373)
2025-08-20 17:42:09 UTC,sensor06,236497257,28.99,67.12,2025-08-20 23:55:23+00:00,33.998533,-81.022105,86.1,2.33,-0.1,61.47,11.0,3D,2025-08-20 19:55:23-04:00,POINT (-81.022105 33.998533)
2025-08-20 17:42:14 UTC,sensor06,236497257,29.04,66.67,2025-08-20 23:55:28+00:00,33.998642,-81.021962,85.2,4.23,-0.2,60.73,11.0,3D,2025-08-20 19:55:28-04:00,POINT (-81.021962 33.998642)
2025-08-20 17:42:19 UTC,sensor06,236497257,29.05,66.31,2025-08-20 23:55:33+00:00,33.998768,-81.021695,85.1,5.07,0.0,53.8,11.0,3D,2025-08-20 19:55:33-04:00,POINT (-81.021695 33.998768)
2025-08-20 17:42:24 UTC,sensor06,236497257,28.99,66.08,2025-08-20 23:55:39+00:00,33.99886,-81.021323,85.0,6.87,0.0,0.0,11.0,3D,2025-08-20 19:55:39-04:00,POINT (-81.021323 33.99886)
2025-08-20 17:42:29 UTC,sensor06,236497257,28.9,66.21,2025-08-20 23:55:44+00:00,33.999018,-81.02095,85.8,7.94,0.1,0.0,11.0,3D,2025-08-20 19:55:44-04:00,POINT (-81.02095 33.999018)
2025-08-20 17:42:34 UTC,sensor06,236497257,28.8,66.53,2025-08-20 23:55:49+00:00,33.999155,-81.020637,85.8,7.96,0.0,0.0,11.0,3D,2025-08-20 19:55:49-04:00,POINT (-81.020637 33.999155)
2025-08-20 17:42:39 UTC,sensor06,236497257,28.76,66.8,2025-08-20 23:55:54+00:00,33.999253,-81.020337,85.1,5.9,0.1,0.0,11.0,3D,2025-08-20 19:55:54-04:00,POINT (-81.020337 33.999253)
2025-08-20 17:42:44 UTC,sensor06,236497257,28.85,66.9,2025-08-20 23:55:59+00:00,33.999322,-81.019957,84.8,7.7,-0.2,0.0,4.0,3D,2025-08-20 19:55:59-04:00,POINT (-81.019957 33.999322)
2025-08-20 17:42:49 UTC,sensor06,236497257,28.83,66.79,2025-08-20 23:56:04+00:00,33.999473,-81.019643,84.5,6.52,0.0,0.0,4.0,3D,2025-08-20 19:56:04-04:00,POINT (-81.019643 33.999473)
2025-08-20 17:42:54 UTC,sensor06,236497257,28.78,66.72,2025-08-20 23:56:09+00:00,33.999555,-81.019282,82.8,6.28,-0.3,0.0,8.0,3D,2025-08-20 19:56:09-04:00,POINT (-81.019282 33.999555)
2025-08-20 17:42:59 UTC,sensor06,236497257,28.86,66.82,2025-08-20 23:56:14+00:00,33.999595,-81.019075,80.9,3.41,-0.4,0.0,11.0,3D,2025-08-20 19:56:14-04:00,POINT (-81.019075 33.999595)
2025-08-20 17:43:04 UTC,sensor06,236497257,28.94,66.61,2025-08-20 23:56:19+00:00,33.999663,-81.018782,80.2,5.79,-0.1,0.0,11.0,3D,2025-08-20 19:56:19-04:00,POINT (-81.018782 33.999663)
2025-08-20 17:43:09 UTC,sensor06,236497257,28.97,66.21,2025-08-20 23:56:24+00:00,33.999747,-81.01846,78.3,6.6,-0.5,0.0,11.0,3D,2025-08-20 19:56:24-04:00,POINT (-81.01846 33.999747)
2025-08-20 17:43:15 UTC,sensor06,236497257,28.92,66.3,2025-08-20 23:56:29+00:00,33.999912,-81.018117,76.0,7.65,-0.5,63.66,11.0,3D,2025-08-20 19:56:29-04:00,POINT (-81.018117 33.999912)
2025-08-20 17:43:20 UTC,sensor06,236497257,28.93,66.29,2025-08-20 23:56:34+00:00,34.000017,-81.017703,73.2,8.54,-0.6,80.17,11.0,3D,2025-08-20 19:56:34-04:00,POINT (-81.017703 34.000017)
2025-08-20 17:43:25 UTC,sensor06,236497257,29.0,66.25,2025-08-20 23:56:39+00:00,34.000195,-81.01732,70.6,7.17,-0.6,66.03,11.0,3D,2025-08-20 19:56:39-04:00,POINT (-81.01732 34.000195)
2025-08-20 17:43:30 UTC,sensor06,236497257,29.07,66.37,2025-08-20 23:56:44+00:00,34.000362,-81.017097,68.5,3.42,-0.3,52.01,11.0,3D,2025-08-20 19:56:44-04:00,POINT (-81.017097 34.000362)
2025-08-20 17:44:00 UTC,sensor06,236497257,29.37,66.05,2025-08-20 23:57:14+00:00,34.000288,-81.016943,63.0,3.41,-0.2,70.84,10.0,3D,2025-08-20 19:57:14-04:00,POINT (-81.016943 34.000288)
2025-08-20 17:44:05 UTC,sensor06,236497257,29.64,65.27,2025-08-20 23:57:19+00:00,34.000372,-81.016683,62.9,5.4,0.0,67.26,10.0,3D,2025-08-20 19:57:19-04:00,POINT (-81.016683 34.000372)
2025-08-20 17:44:10 UTC,sensor06,236497257,29.59,64.75,2025-08-20 23:57:24+00:00,34.0005,-81.016373,63.1,5.27,0.1,69.12,10.0,3D,2025-08-20 19:57:24-04:00,POINT (-81.016373 34.0005)
2025-08-20 17:44:15 UTC,sensor06,236497257,29.62,64.9,2025-08-20 23:57:29+00:00,34.000535,-81.015977,62.6,7.47,-0.1,67.13,10.0,3D,2025-08-20 19:57:29-04:00,POINT (-81.015977 34.000535)
2025-08-20 17:44:20 UTC,sensor06,236497257,29.58,65.19,2025-08-20 23:57:34+00:00,34.00064,-81.015598,62.3,5.97,0.1,63.22,10.0,3D,2025-08-20 19:57:34-04:00,POINT (-81.015598 34.00064)
2025-08-20 17:44:25 UTC,sensor06,236497257,29.19,66.49,2025-08-20 23:57:39+00:00,34.000822,-81.015315,62.3,6.42,-0.1,40.25,10.0,3D,2025-08-20 19:57:39-04:00,POINT (-81.015315 34.000822)
2025-08-20 17:44:30 UTC,sensor06,236497257,28.96,67.12,2025-08-20 23:57:44+00:00,34.001083,-81.015112,62.4,6.4,0.0,35.64,10.0,3D,2025-08-20 19:57:44-04:00,POINT (-81.015112 34.001083)
2025-08-20 17:44:35 UTC,sensor06,236497257,28.74,67.87,2025-08-20 23:57:49+00:00,34.001322,-81.014902,62.5,6.18,-0.3,29.66,10.0,3D,2025-08-20 19:57:49-04:00,POINT (-81.014902 34.001322)
2025-08-20 17:44:40 UTC,sensor06,236497257,28.52,68.62,2025-08-20 23:57:54+00:00,34.001552,-81.014747,62.7,6.02,0.1,26.78,10.0,3D,2025-08-20 19:57:54-04:00,POINT (-81.014747 34.001552)
2025-08-20 17:44:45 UTC,sensor06,236497257,28.42,69.03,2025-08-20 23:58:00+00:00,34.001812,-81.01457,62.7,5.79,-0.1,0.0,10.0,3D,2025-08-20 19:58:00-04:00,POINT (-81.01457 34.001812)
2025-08-20 17:44:50 UTC,sensor06,236497257,28.4,69.13,2025-08-20 23:58:05+00:00,34.002025,-81.014407,62.9,5.32,0.0,0.0,10.0,3D,2025-08-20 19:58:05-04:00,POINT (-81.014407 34.002025)
2025-08-20 17:44:55 UTC,sensor06,236497257,28.4,68.86,2025-08-20 23:58:10+00:00,34.002193,-81.014237,62.5,5.25,-0.2,0.0,10.0,3D,2025-08-20 19:58:10-04:00,POINT (-81.014237 34.002193)
2025-08-20 17:45:00 UTC,sensor06,236497257,28.34,69.04,2025-08-20 23:58:15+00:00,34.002357,-81.014047,62.0,4.91,0.0,0.0,10.0,3D,2025-08-20 19:58:15-04:00,POINT (-81.014047 34.002357)
2025-08-20 17:45:05 UTC,sensor06,236497257,28.33,69.12,2025-08-20 23:58:20+00:00,34.002517,-81.013897,61.3,4.03,-0.3,32.84,10.0,3D,2025-08-20 19:58:20-04:00,POINT (-81.013897 34.002517)
2025-08-20 17:45:10 UTC,sensor06,236497257,28.29,69.43,2025-08-20 23:58:25+00:00,34.00266,-81.0137,59.4,4.14,-0.3,69.36,10.0,3D,2025-08-20 19:58:25-04:00,POINT (-81.0137 34.00266)
2025-08-20 17:45:15 UTC,sensor06,236497257,28.28,69.52,2025-08-20 23:58:30+00:00,34.002735,-81.013505,57.0,3.24,-0.3,101.72,10.0,3D,2025-08-20 19:58:30-04:00,POINT (-81.013505 34.002735)
2025-08-20 17:45:20 UTC,sensor06,236497257,28.22,70.37,2025-08-20 23:58:35+00:00,34.002597,-81.013255,58.2,5.63,0.3,128.61,10.0,3D,2025-08-20 19:58:35-04:00,POINT (-81.013255 34.002597)
2025-08-20 17:45:25 UTC,sensor06,236497257,28.11,70.66,2025-08-20 23:58:40+00:00,34.002438,-81.013073,60.0,2.82,0.2,145.84,10.0,3D,2025-08-20 19:58:40-04:00,POINT (-81.013073 34.002438)
2025-08-20 23:04:29 UTC,sensor07,236476538,29.04,65.67,2025-08-20 23:04:29+00:00,34.002393,-81.01292,82.1,2.53,-0.11,0.0,15.0,3D,2025-08-20 19:04:29-04:00,POINT (-81.01292 34.002393)
2025-08-20 23:04:34 UTC,sensor07,236476538,29.03,66.36,2025-08-20 23:04:34+00:00,34.00251,-81.013083,81.1,4.02,-0.3,0.0,4.0,3D,2025-08-20 19:04:34-04:00,POINT (-81.013083 34.00251)
2025-08-20 23:04:39 UTC,sensor07,236476538,29.02,66.51,2025-08-20 23:04:39+00:00,34.002617,-81.013238,80.5,2.85,0.1,0.0,9.0,3D,2025-08-20 19:04:39-04:00,POINT (-81.013238 34.002617)
2025-08-20 23:04:54 UTC,sensor07,236476538,29.16,66.11,2025-08-20 23:04:54+00:00,34.00273,-81.013472,76.7,2.94,0.0,258.07,15.0,3D,2025-08-20 19:04:54-04:00,POINT (-81.013472 34.00273)
2025-08-20 23:04:59 UTC,sensor07,236476538,29.1,65.72,2025-08-20 23:04:57+00:00,34.002695,-81.01356,74.6,3.5,-0.2,237.56,15.0,3D,2025-08-20 19:04:57-04:00,POINT (-81.01356 34.002695)
2025-08-20 23:05:05 UTC,sensor07,236476538,29.12,65.87,2025-08-20 23:04:57+00:00,34.002695,-81.01356,74.6,3.5,-0.2,237.56,15.0,3D,2025-08-20 19:04:57-04:00,POINT (-81.01356 34.002695)
2025-08-20 23:05:10 UTC,sensor07,236476538,29.11,65.42,2025-08-20 23:04:57+00:00,34.002695,-81.01356,74.6,3.5,-0.2,237.56,15.0,3D,2025-08-20 19:04:57-04:00,POINT (-81.01356 34.002695)
2025-08-20 23:05:15 UTC,sensor07,236476538,29.05,65.48,2025-08-20 23:04:57+00:00,34.002695,-81.01356,74.6,3.5,-0.2,237.56,15.0,3D,2025-08-20 19:04:57-04:00,POINT (-81.01356 34.002695)
2025-08-20 23:05:20 UTC,sensor07,236476538,29.02,65.78,2025-08-20 23:05:19+00:00,34.002005,-81.014327,74.5,6.95,-0.01,220.87,15.0,3D,2025-08-20 19:05:19-04:00,POINT (-81.014327 34.002005)
2025-08-20 23:05:25 UTC,sensor07,236476538,29.04,66.12,2025-08-20 23:05:19+00:00,34.002005,-81.014327,74.5,6.95,-0.01,220.87,15.0,3D,2025-08-20 19:05:19-04:00,POINT (-81.014327 34.002005)
2025-08-20 23:05:30 UTC,sensor07,236476538,29.05,66.11,2025-08-20 23:05:29+00:00,34.001485,-81.01476,74.7,6.8,0.1,213.99,15.0,3D,2025-08-20 19:05:29-04:00,POINT (-81.01476 34.001485)
2025-08-20 23:05:35 UTC,sensor07,236476538,29.1,66.26,2025-08-20 23:05:30+00:00,34.001433,-81.014807,74.8,6.84,0.1,214.9,15.0,3D,2025-08-20 19:05:30-04:00,POINT (-81.014807 34.001433)
2025-08-20 23:05:40 UTC,sensor07,236476538,29.11,66.14,2025-08-20 23:05:40+00:00,34.000863,-81.015252,77.0,7.71,0.1,0.0,15.0,3D,2025-08-20 19:05:40-04:00,POINT (-81.015252 34.000863)
2025-08-20 23:05:45 UTC,sensor07,236476538,29.24,65.61,2025-08-20 23:05:43+00:00,34.000733,-81.015413,77.6,6.61,0.0,236.87,15.0,3D,2025-08-20 19:05:43-04:00,POINT (-81.015413 34.000733)
2025-08-20 23:05:50 UTC,sensor07,236476538,29.35,65.5,2025-08-20 23:05:48+00:00,34.000605,-81.01577,73.6,7.18,-0.8,0.0,15.0,3D,2025-08-20 19:05:48-04:00,POINT (-81.01577 34.000605)
2025-08-20 23:07:11 UTC,sensor07,236476538,30.14,60.41,2025-08-20 23:07:10+00:00,34.000365,-81.016687,67.3,7.89,0.0,248.94,15.0,3D,2025-08-20 19:07:10-04:00,POINT (-81.016687 34.000365)
2025-08-20 23:07:16 UTC,sensor07,236476538,29.94,61.48,2025-08-20 23:07:12+00:00,34.000307,-81.016862,67.4,8.72,0.0,248.55,15.0,3D,2025-08-20 19:07:12-04:00,POINT (-81.016862 34.000307)
2025-08-20 23:07:21 UTC,sensor07,236476538,29.8,61.77,2025-08-20 23:07:20+00:00,34.000107,-81.017572,67.1,8.33,-0.1,248.78,15.0,3D,2025-08-20 19:07:20-04:00,POINT (-81.017572 34.000107)
2025-08-20 23:07:26 UTC,sensor07,236476538,29.64,62.23,2025-08-20 23:07:25+00:00,33.999963,-81.018005,69.9,8.14,0.6,247.84,16.0,3D,2025-08-20 19:07:25-04:00,POINT (-81.018005 33.999963)
2025-08-20 23:07:31 UTC,sensor07,236476538,29.58,62.78,2025-08-20 23:07:30+00:00,33.999835,-81.018423,70.5,8.03,-0.1,247.91,16.0,3D,2025-08-20 19:07:30-04:00,POINT (-81.018423 33.999835)
2025-08-20 23:07:36 UTC,sensor07,236476538,29.68,62.69,2025-08-20 23:07:35+00:00,33.99972,-81.018747,72.0,4.62,0.4,248.84,16.0,3D,2025-08-20 19:07:35-04:00,POINT (-81.018747 33.99972)
2025-08-20 23:07:41 UTC,sensor07,236476538,29.52,63.52,2025-08-20 23:07:41+00:00,33.999563,-81.019167,73.7,8.96,0.6,0.0,16.0,3D,2025-08-20 19:07:41-04:00,POINT (-81.019167 33.999563)
2025-08-20 23:07:46 UTC,sensor07,236476538,29.46,63.94,2025-08-20 23:07:46+00:00,33.999417,-81.019628,74.2,8.6,0.4,0.0,16.0,3D,2025-08-20 19:07:46-04:00,POINT (-81.019628 33.999417)
2025-08-20 23:07:51 UTC,sensor07,236476538,29.49,64.13,2025-08-20 23:07:51+00:00,33.999253,-81.02002,77.2,7.75,0.6,0.0,16.0,3D,2025-08-20 19:07:51-04:00,POINT (-81.02002 33.999253)
2025-08-20 23:07:56 UTC,sensor07,236476538,29.48,63.95,2025-08-20 23:07:56+00:00,33.999127,-81.020412,80.3,8.25,0.2,0.0,16.0,3D,2025-08-20 19:07:56-04:00,POINT (-81.020412 33.999127)
2025-08-20 23:08:01 UTC,sensor07,236476538,29.43,64.08,2025-08-20 23:08:01+00:00,33.998985,-81.020863,79.7,8.83,-0.2,248.4,16.0,3D,2025-08-20 19:08:01-04:00,POINT (-81.020863 33.998985)
2025-08-20 23:08:06 UTC,sensor07,236476538,29.27,64.17,2025-08-20 23:08:06+00:00,33.998858,-81.021302,79.8,8.0,0.0,245.62,16.0,3D,2025-08-20 19:08:06-04:00,POINT (-81.021302 33.998858)
2025-08-20 23:08:11 UTC,sensor07,236476538,29.26,64.46,2025-08-20 23:08:11+00:00,33.99874,-81.02169,81.9,7.21,0.3,248.78,16.0,3D,2025-08-20 19:08:11-04:00,POINT (-81.02169 33.99874)
2025-08-20 23:08:16 UTC,sensor07,236476538,29.41,64.6,2025-08-20 23:08:15+00:00,33.998668,-81.021897,82.3,2.65,0.2,250.43,16.0,3D,2025-08-20 19:08:15-04:00,POINT (-81.021897 33.998668)
2025-08-20 23:08:21 UTC,sensor07,236476538,29.35,64.36,2025-08-20 23:08:15+00:00,33.998668,-81.021897,82.3,2.65,0.2,250.43,16.0,3D,2025-08-20 19:08:15-04:00,POINT (-81.021897 33.998668)
2025-08-20 23:08:26 UTC,sensor07,236476538,29.4,64.26,2025-08-20 23:08:26+00:00,33.998455,-81.022667,87.3,9.38,0.7,250.76,16.0,3D,2025-08-20 19:08:26-04:00,POINT (-81.022667 33.998455)
2025-08-20 23:08:31 UTC,sensor07,236476538,29.48,64.31,2025-08-20 23:08:31+00:00,33.998285,-81.023137,90.1,9.36,0.5,249.89,16.0,3D,2025-08-20 19:08:31-04:00,POINT (-81.023137 33.998285)
2025-08-20 23:08:36 UTC,sensor07,236476538,29.42,64.74,2025-08-20 23:08:36+00:00,33.998145,-81.023658,90.7,10.61,0.4,252.3,16.0,3D,2025-08-20 19:08:36-04:00,POINT (-81.023658 33.998145)
2025-08-20 23:08:41 UTC,sensor07,236476538,29.38,65.47,2025-08-20 23:08:41+00:00,33.998007,-81.024207,89.6,10.28,0.2,246.97,16.0,3D,2025-08-20 19:08:41-04:00,POINT (-81.024207 33.998007)
2025-08-20 23:08:46 UTC,sensor07,236476538,29.5,65.36,2025-08-20 23:08:46+00:00,33.997857,-81.024685,89.1,7.98,0.3,249.31,16.0,3D,2025-08-20 19:08:46-04:00,POINT (-81.024685 33.997857)
2025-08-20 23:08:52 UTC,sensor07,236476538,29.6,64.6,2025-08-20 23:08:51+00:00,33.997843,-81.02495,90.2,3.5,-0.5,312.69,16.0,3D,2025-08-20 19:08:51-04:00,POINT (-81.02495 33.997843)
2025-08-20 23:08:57 UTC,sensor07,236476538,29.54,64.26,2025-08-20 23:08:56+00:00,33.998132,-81.02506,90.1,8.79,-0.1,340.32,16.0,3D,2025-08-20 19:08:56-04:00,POINT (-81.02506 33.998132)
2025-08-20 23:09:02 UTC,sensor07,236476538,29.35,64.69,2025-08-20 23:09:01+00:00,33.998558,-81.025192,90.0,10.56,-0.1,340.85,16.0,3D,2025-08-20 19:09:01-04:00,POINT (-81.025192 33.998558)
2025-08-20 23:09:07 UTC,sensor07,236476538,29.38,64.93,2025-08-20 23:09:06+00:00,33.999035,-81.025345,87.5,11.0,0.1,341.88,16.0,3D,2025-08-20 19:09:06-04:00,POINT (-81.025345 33.999035)
2025-08-20 23:09:12 UTC,sensor07,236476538,29.13,64.61,2025-08-20 23:09:11+00:00,33.999528,-81.025532,87.4,11.11,-0.3,341.97,16.0,3D,2025-08-20 19:09:11-04:00,POINT (-81.025532 33.999528)
2025-08-20 23:09:17 UTC,sensor07,236476538,29.19,64.83,2025-08-20 23:09:16+00:00,33.999953,-81.025693,87.9,7.61,0.1,338.73,16.0,3D,2025-08-20 19:09:16-04:00,POINT (-81.025693 33.999953)
2025-08-20 23:09:22 UTC,sensor07,236476538,29.24,64.9,2025-08-20 23:09:21+00:00,34.000192,-81.025775,90.0,3.04,0.1,338.33,16.0,3D,2025-08-20 19:09:21-04:00,POINT (-81.025775 34.000192)
2025-08-20 23:09:27 UTC,sensor07,236476538,29.35,64.43,2025-08-20 23:09:26+00:00,34.0003,-81.025805,90.8,3.27,0.3,346.78,16.0,3D,2025-08-20 19:09:26-04:00,POINT (-81.025805 34.0003)
2025-08-20 23:09:32 UTC,sensor07,236476538,29.37,63.92,2025-08-20 23:09:31+00:00,34.000457,-81.025923,91.2,5.07,0.0,294.34,16.0,3D,2025-08-20 19:09:31-04:00,POINT (-81.025923 34.000457)
2025-08-20 23:09:37 UTC,sensor07,236476538,29.44,63.65,2025-08-20 23:09:37+00:00,34.000392,-81.026347,91.3,8.39,-0.4,0.0,16.0,3D,2025-08-20 19:09:37-04:00,POINT (-81.026347 34.000392)
2025-08-20 23:09:42 UTC,sensor07,236476538,29.41,64.0,2025-08-20 23:09:42+00:00,34.000257,-81.026778,92.8,8.82,0.2,0.0,16.0,3D,2025-08-20 19:09:42-04:00,POINT (-81.026778 34.000257)
2025-08-20 23:09:47 UTC,sensor07,236476538,29.5,64.37,2025-08-20 23:09:47+00:00,34.000095,-81.027223,94.0,8.46,0.7,0.0,16.0,3D,2025-08-20 19:09:47-04:00,POINT (-81.027223 34.000095)
2025-08-20 23:09:52 UTC,sensor07,236476538,29.34,63.8,2025-08-20 23:09:50+00:00,34.000018,-81.027498,94.3,8.52,0.1,248.37,16.0,3D,2025-08-20 19:09:50-04:00,POINT (-81.027498 34.000018)
2025-08-20 23:09:57 UTC,sensor07,236476538,29.27,64.01,2025-08-20 23:09:57+00:00,33.99981,-81.02818,94.5,9.58,0.03,0.0,16.0,3D,2025-08-20 19:09:57-04:00,POINT (-81.02818 33.99981)
2025-08-20 23:10:02 UTC,sensor07,236476538,29.52,64.24,2025-08-20 23:10:02+00:00,33.999647,-81.028705,94.7,11.22,0.0,248.51,16.0,3D,2025-08-20 19:10:02-04:00,POINT (-81.028705 33.999647)
2025-08-20 23:10:07 UTC,sensor07,236476538,29.48,63.51,2025-08-20 23:10:07+00:00,33.999472,-81.029255,92.5,10.56,-0.5,248.12,16.0,3D,2025-08-20 19:10:07-04:00,POINT (-81.029255 33.999472)
2025-08-20 23:10:12 UTC,sensor07,236476538,29.37,63.57,2025-08-20 23:10:12+00:00,33.999308,-81.02981,94.1,10.15,0.3,246.69,16.0,3D,2025-08-20 19:10:12-04:00,POINT (-81.02981 33.999308)
2025-08-20 23:10:17 UTC,sensor07,236476538,29.15,64.0,2025-08-20 23:10:17+00:00,33.999187,-81.030267,93.6,7.46,0.0,255.33,16.0,3D,2025-08-20 19:10:17-04:00,POINT (-81.030267 33.999187)
2025-08-20 23:10:22 UTC,sensor07,236476538,29.11,64.49,2025-08-20 23:10:22+00:00,33.999127,-81.030518,93.4,2.4,0.0,247.66,16.0,3D,2025-08-20 19:10:22-04:00,POINT (-81.030518 33.999127)
2025-08-20 23:10:42 UTC,sensor07,236476538,29.13,64.4,2025-08-20 23:10:42+00:00,33.999032,-81.030823,93.7,7.5,0.0,249.6,16.0,3D,2025-08-20 19:10:42-04:00,POINT (-81.030823 33.999032)
2025-08-20 23:10:47 UTC,sensor07,236476538,29.14,64.4,2025-08-20 23:10:47+00:00,33.99887,-81.03127,93.4,9.44,0.2,246.15,16.0,3D,2025-08-20 19:10:47-04:00,POINT (-81.03127 33.99887)
2025-08-20 23:10:52 UTC,sensor07,236476538,29.06,64.41,2025-08-20 23:10:52+00:00,33.998702,-81.031768,92.5,8.76,0.2,248.64,16.0,3D,2025-08-20 19:10:52-04:00,POINT (-81.031768 33.998702)
2025-08-20 23:10:58 UTC,sensor07,236476538,29.25,64.27,2025-08-20 23:10:57+00:00,33.998545,-81.032203,91.8,8.3,0.0,249.77,16.0,3D,2025-08-20 19:10:57-04:00,POINT (-81.032203 33.998545)
2025-08-20 23:11:03 UTC,sensor07,236476538,29.16,64.19,2025-08-20 23:11:02+00:00,33.998412,-81.032628,91.0,8.92,-0.5,251.89,16.0,3D,2025-08-20 19:11:02-04:00,POINT (-81.032628 33.998412)
2025-08-20 23:11:08 UTC,sensor07,236476538,29.16,64.25,2025-08-20 23:11:07+00:00,33.998293,-81.033102,87.9,8.67,-0.6,252.37,16.0,3D,2025-08-20 19:11:07-04:00,POINT (-81.033102 33.998293)
2025-08-20 23:11:13 UTC,sensor07,236476538,29.3,64.14,2025-08-20 23:11:12+00:00,33.998187,-81.033497,87.3,6.46,-0.2,250.06,16.0,3D,2025-08-20 19:11:12-04:00,POINT (-81.033497 33.998187)
2025-08-20 23:11:48 UTC,sensor07,236476538,29.58,62.92,2025-08-20 23:11:48+00:00,33.998042,-81.033903,87.9,4.77,0.1,0.0,16.0,3D,2025-08-20 19:11:48-04:00,POINT (-81.033903 33.998042)
2025-08-20 23:11:53 UTC,sensor07,236476538,29.41,63.16,2025-08-20 23:11:53+00:00,33.99781,-81.034038,89.4,6.85,0.1,0.0,16.0,3D,2025-08-20 19:11:53-04:00,POINT (-81.034038 33.99781)
2025-08-20 23:11:58 UTC,sensor07,236476538,29.43,63.55,2025-08-20 23:11:58+00:00,33.997423,-81.033898,89.3,9.62,0.1,0.0,16.0,3D,2025-08-20 19:11:58-04:00,POINT (-81.033898 33.997423)
2025-08-20 23:12:03 UTC,sensor07,236476538,29.4,63.71,2025-08-20 23:12:03+00:00,33.996983,-81.033728,89.2,9.84,0.4,160.36,16.0,3D,2025-08-20 19:12:03-04:00,POINT (-81.033728 33.996983)
2025-08-20 23:12:08 UTC,sensor07,236476538,29.32,63.65,2025-08-20 23:12:08+00:00,33.996653,-81.03359,89.7,4.74,0.2,173.76,16.0,3D,2025-08-20 19:12:08-04:00,POINT (-81.03359 33.996653)
2025-08-20 23:12:13 UTC,sensor07,236476538,29.41,63.54,2025-08-20 23:12:13+00:00,33.996518,-81.033777,90.9,7.38,-0.2,249.24,16.0,3D,2025-08-20 19:12:13-04:00,POINT (-81.033777 33.996518)
2025-08-20 23:12:18 UTC,sensor07,236476538,29.54,63.66,2025-08-20 23:12:18+00:00,33.996383,-81.034237,89.6,9.26,-0.3,248.2,16.0,3D,2025-08-20 19:12:18-04:00,POINT (-81.034237 33.996383)
2025-08-20 23:12:23 UTC,sensor07,236476538,29.48,63.96,2025-08-20 23:12:23+00:00,33.996262,-81.034675,86.4,6.28,-1.1,248.18,16.0,3D,2025-08-20 19:12:23-04:00,POINT (-81.034675 33.996262)
2025-08-20 23:12:38 UTC,sensor07,236476538,29.48,64.05,2025-08-20 23:12:38+00:00,33.99621,-81.034867,82.1,2.74,0.0,247.86,17.0,3D,2025-08-20 19:12:38-04:00,POINT (-81.034867 33.99621)
2025-08-20 23:12:43 UTC,sensor07,236476538,29.34,64.02,2025-08-20 23:12:43+00:00,33.996118,-81.035173,81.5,7.3,-0.3,248.72,17.0,3D,2025-08-20 19:12:43-04:00,POINT (-81.035173 33.996118)
2025-08-20 23:12:48 UTC,sensor07,236476538,29.24,64.01,2025-08-20 23:12:48+00:00,33.995987,-81.035623,79.4,9.76,-0.4,251.46,17.0,3D,2025-08-20 19:12:48-04:00,POINT (-81.035623 33.995987)
2025-08-20 23:12:53 UTC,sensor07,236476538,29.13,64.18,2025-08-20 23:12:53+00:00,33.995847,-81.03611,77.9,8.24,-0.1,249.44,17.0,3D,2025-08-20 19:12:53-04:00,POINT (-81.03611 33.995847)
2025-08-20 23:12:58 UTC,sensor07,236476538,29.26,64.18,2025-08-20 23:12:58+00:00,33.99575,-81.036447,77.3,3.26,-0.1,248.32,17.0,3D,2025-08-20 19:12:58-04:00,POINT (-81.036447 33.99575)
2025-08-20 23:13:04 UTC,sensor07,236476538,29.34,64.04,2025-08-20 23:13:03+00:00,33.995693,-81.03657,73.9,4.45,-0.5,229.48,17.0,3D,2025-08-20 19:13:03-04:00,POINT (-81.03657 33.995693)
2025-08-20 23:13:09 UTC,sensor07,236476538,29.49,63.93,2025-08-20 23:13:08+00:00,33.995492,-81.036633,74.7,5.21,0.2,162.21,17.0,3D,2025-08-20 19:13:08-04:00,POINT (-81.036633 33.995492)
2025-08-20 23:13:14 UTC,sensor07,236476538,29.67,63.65,2025-08-20 23:13:13+00:00,33.995168,-81.036467,75.2,8.95,0.5,159.36,17.0,3D,2025-08-20 19:13:13-04:00,POINT (-81.036467 33.995168)
2025-08-20 23:13:19 UTC,sensor07,236476538,29.48,63.29,2025-08-20 23:13:18+00:00,33.99481,-81.036283,77.2,7.22,0.2,158.93,17.0,3D,2025-08-20 19:13:18-04:00,POINT (-81.036283 33.99481)
2025-08-20 23:13:24 UTC,sensor07,236476538,29.37,63.72,2025-08-20 23:13:23+00:00,33.994532,-81.036157,76.9,4.87,0.0,157.15,17.0,3D,2025-08-20 19:13:23-04:00,POINT (-81.036157 33.994532)
2025-08-20 23:13:34 UTC,sensor07,236476538,29.43,63.78,2025-08-20 23:13:33+00:00,33.994305,-81.036135,76.3,3.47,-0.1,214.39,17.0,3D,2025-08-20 19:13:33-04:00,POINT (-81.036135 33.994305)
2025-08-20 23:13:39 UTC,sensor07,236476538,29.44,63.65,2025-08-20 23:13:38+00:00,33.994198,-81.036422,74.9,7.94,-1.0,249.96,17.0,3D,2025-08-20 19:13:38-04:00,POINT (-81.036422 33.994198)
2025-08-20 23:13:44 UTC,sensor07,236476538,29.53,63.5,2025-08-20 23:13:43+00:00,33.99407,-81.036888,71.6,9.71,-0.9,251.0,17.0,3D,2025-08-20 19:13:43-04:00,POINT (-81.036888 33.99407)
2025-08-20 23:13:49 UTC,sensor07,236476538,29.71,63.17,2025-08-20 23:13:49+00:00,33.993917,-81.037442,68.6,7.48,-0.6,0.0,17.0,3D,2025-08-20 19:13:49-04:00,POINT (-81.037442 33.993917)
2025-08-20 23:13:54 UTC,sensor07,236476538,29.75,62.92,2025-08-20 23:13:51+00:00,33.993885,-81.037555,67.0,3.98,-0.5,250.4,17.0,3D,2025-08-20 19:13:51-04:00,POINT (-81.037555 33.993885)
2025-08-20 23:13:59 UTC,sensor07,236476538,29.88,62.8,2025-08-20 23:13:59+00:00,33.993853,-81.037685,67.9,2.52,0.07,0.0,17.0,3D,2025-08-20 19:13:59-04:00,POINT (-81.037685 33.993853)
2025-08-20 23:14:04 UTC,sensor07,236476538,29.77,62.69,2025-08-20 23:14:04+00:00,33.993753,-81.038053,68.6,7.57,0.1,0.0,17.0,3D,2025-08-20 19:14:04-04:00,POINT (-81.038053 33.993753)
2025-08-20 23:14:09 UTC,sensor07,236476538,29.65,62.81,2025-08-20 23:14:09+00:00,33.993638,-81.038487,69.5,8.83,0.3,0.0,4.0,3D,2025-08-20 19:14:09-04:00,POINT (-81.038487 33.993638)
2025-08-20 23:14:14 UTC,sensor07,236476538,29.58,63.07,2025-08-20 23:14:14+00:00,33.993485,-81.03896,71.8,9.88,0.5,0.0,4.0,3D,2025-08-20 19:14:14-04:00,POINT (-81.03896 33.993485)
2025-08-20 23:14:19 UTC,sensor07,236476538,29.6,63.2,2025-08-20 23:14:19+00:00,33.993298,-81.039507,71.7,11.23,0.0,0.0,10.0,3D,2025-08-20 19:14:19-04:00,POINT (-81.039507 33.993298)
2025-08-20 23:14:24 UTC,sensor07,236476538,29.92,63.13,2025-08-20 23:14:24+00:00,33.993117,-81.040098,69.1,11.66,-0.4,0.0,10.0,3D,2025-08-20 19:14:24-04:00,POINT (-81.040098 33.993117)
2025-08-20 23:14:29 UTC,sensor07,236476538,30.01,62.72,2025-08-20 23:14:29+00:00,33.992955,-81.040623,65.2,7.63,-0.6,0.0,10.0,3D,2025-08-20 19:14:29-04:00,POINT (-81.040623 33.992955)
2025-08-20 23:14:34 UTC,sensor07,236476538,29.89,62.36,2025-08-20 23:14:34+00:00,33.992877,-81.040937,63.1,7.92,-0.4,0.0,14.0,3D,2025-08-20 19:14:34-04:00,POINT (-81.040937 33.992877)
2025-08-20 23:14:39 UTC,sensor07,236476538,29.54,63.04,2025-08-20 23:14:39+00:00,33.992693,-81.041473,64.9,10.88,0.8,0.0,17.0,3D,2025-08-20 19:14:39-04:00,POINT (-81.041473 33.992693)
2025-08-20 23:14:44 UTC,sensor07,236476538,29.64,63.32,2025-08-20 23:14:44+00:00,33.99253,-81.042052,62.4,10.84,-0.2,0.0,17.0,3D,2025-08-20 19:14:44-04:00,POINT (-81.042052 33.99253)
2025-08-20 23:14:54 UTC,sensor07,236476538,29.71,62.78,2025-08-20 23:14:54+00:00,33.992525,-81.042508,64.1,6.98,-0.2,325.09,17.0,3D,2025-08-20 19:14:54-04:00,POINT (-81.042508 33.992525)
2025-08-20 23:14:59 UTC,sensor07,236476538,29.7,62.93,2025-08-20 23:14:59+00:00,33.992952,-81.042648,62.9,10.03,-0.8,339.5,17.0,3D,2025-08-20 19:14:59-04:00,POINT (-81.042648 33.992952)
2025-08-20 23:15:05 UTC,sensor07,236476538,29.69,63.05,2025-08-20 23:15:04+00:00,33.99338,-81.042875,65.5,10.71,1.8,338.34,17.0,3D,2025-08-20 19:15:04-04:00,POINT (-81.042875 33.99338)
2025-08-20 23:15:10 UTC,sensor07,236476538,29.52,63.6,2025-08-20 23:15:09+00:00,33.993838,-81.043093,67.6,11.25,0.0,337.83,17.0,3D,2025-08-20 19:15:09-04:00,POINT (-81.043093 33.993838)
2025-08-20 23:15:15 UTC,sensor07,236476538,29.51,63.98,2025-08-20 23:15:14+00:00,33.994337,-81.043338,66.0,11.82,-1.1,338.42,17.0,3D,2025-08-20 19:15:14-04:00,POINT (-81.043338 33.994337)
2025-08-20 23:15:20 UTC,sensor07,236476538,29.42,63.88,2025-08-20 23:15:19+00:00,33.994855,-81.043572,63.7,12.5,-0.6,339.42,17.0,3D,2025-08-20 19:15:19-04:00,POINT (-81.043572 33.994855)
2025-08-20 23:15:25 UTC,sensor07,236476538,29.43,63.8,2025-08-20 23:15:24+00:00,33.995412,-81.04382,59.8,13.54,-0.1,339.63,17.0,3D,2025-08-20 19:15:24-04:00,POINT (-81.04382 33.995412)
2025-08-20 23:15:30 UTC,sensor07,236476538,29.52,63.79,2025-08-20 23:15:29+00:00,33.995952,-81.04406,61.7,12.31,0.6,340.34,17.0,3D,2025-08-20 19:15:29-04:00,POINT (-81.04406 33.995952)
2025-08-20 23:15:35 UTC,sensor07,236476538,29.8,63.69,2025-08-20 23:15:34+00:00,33.99644,-81.044262,62.3,10.62,0.1,341.21,17.0,3D,2025-08-20 19:15:34-04:00,POINT (-81.044262 33.99644)
2025-08-20 23:15:40 UTC,sensor07,236476538,29.9,63.02,2025-08-20 23:15:39+00:00,33.996852,-81.04442,64.1,9.68,-0.2,338.57,17.0,3D,2025-08-20 19:15:39-04:00,POINT (-81.04442 33.996852)
2025-08-20 23:15:45 UTC,sensor07,236476538,29.8,62.99,2025-08-20 23:15:44+00:00,33.997218,-81.044577,65.4,7.5,-0.1,339.98,17.0,3D,2025-08-20 19:15:44-04:00,POINT (-81.044577 33.997218)
2025-08-20 23:15:50 UTC,sensor07,236476538,29.85,63.04,2025-08-20 23:15:49+00:00,33.997508,-81.0447,65.5,6.27,0.1,339.7,17.0,3D,2025-08-20 19:15:49-04:00,POINT (-81.0447 33.997508)
2025-08-20 23:15:55 UTC,sensor07,236476538,30.12,62.81,2025-08-20 23:15:52+00:00,33.997662,-81.04477,66.4,6.09,0.2,338.6,17.0,3D,2025-08-20 19:15:52-04:00,POINT (-81.04477 33.997662)
2025-08-20 23:16:00 UTC,sensor07,236476538,30.44,62.0,2025-08-20 23:16:00+00:00,33.998192,-81.04501,67.3,9.33,0.13,0.0,17.0,3D,2025-08-20 19:16:00-04:00,POINT (-81.04501 33.998192)
2025-08-20 23:16:05 UTC,sensor07,236476538,30.31,61.61,2025-08-20 23:16:05+00:00,33.99864,-81.045222,67.7,10.8,-0.3,0.0,17.0,3D,2025-08-20 19:16:05-04:00,POINT (-81.045222 33.99864)
2025-08-20 23:16:10 UTC,sensor07,236476538,30.15,61.85,2025-08-20 23:16:10+00:00,33.99906,-81.045412,71.6,8.3,1.5,0.0,17.0,3D,2025-08-20 19:16:10-04:00,POINT (-81.045412 33.99906)
2025-08-20 23:16:15 UTC,sensor07,236476538,30.2,62.29,2025-08-20 23:16:15+00:00,33.999565,-81.045642,69.0,10.66,-1.8,339.2,17.0,3D,2025-08-20 19:16:15-04:00,POINT (-81.045642 33.999565)
2025-08-20 23:16:20 UTC,sensor07,236476538,30.31,61.94,2025-08-20 23:16:20+00:00,34.000023,-81.045885,67.9,11.84,-0.4,339.42,17.0,3D,2025-08-20 19:16:20-04:00,POINT (-81.045885 34.000023)
2025-08-20 23:16:25 UTC,sensor07,236476538,30.09,61.78,2025-08-20 23:16:25+00:00,34.00055,-81.046097,63.6,11.81,-1.6,341.27,17.0,3D,2025-08-20 19:16:25-04:00,POINT (-81.046097 34.00055)
2025-08-20 23:16:30 UTC,sensor07,236476538,29.94,62.05,2025-08-20 23:16:30+00:00,34.001015,-81.0463,63.4,10.1,0.4,340.12,17.0,3D,2025-08-20 19:16:30-04:00,POINT (-81.0463 34.001015)
2025-08-20 23:16:35 UTC,sensor07,236476538,30.07,62.36,2025-08-20 23:16:35+00:00,34.001343,-81.046425,64.6,5.41,-0.1,342.66,17.0,3D,2025-08-20 19:16:35-04:00,POINT (-81.046425 34.001343)
2025-08-20 23:16:40 UTC,sensor07,236476538,30.15,62.15,2025-08-20 23:16:40+00:00,34.00152,-81.04652,63.8,6.65,-0.5,338.14,17.0,3D,2025-08-20 19:16:40-04:00,POINT (-81.04652 34.00152)
2025-08-20 23:16:45 UTC,sensor07,236476538,30.15,62.1,2025-08-20 23:16:45+00:00,34.001867,-81.04669,65.3,10.34,-0.8,340.99,17.0,3D,2025-08-20 19:16:45-04:00,POINT (-81.04669 34.001867)
2025-08-20 23:16:50 UTC,sensor07,236476538,30.01,62.36,2025-08-20 23:16:50+00:00,34.00235,-81.046893,66.0,11.09,0.2,339.03,17.0,3D,2025-08-20 19:16:50-04:00,POINT (-81.046893 34.00235)
2025-08-20 23:16:55 UTC,sensor07,236476538,29.98,62.95,2025-08-20 23:16:55+00:00,34.002768,-81.047098,66.3,8.61,0.4,335.88,17.0,3D,2025-08-20 19:16:55-04:00,POINT (-81.047098 34.002768)
2025-08-20 23:17:00 UTC,sensor07,236476538,30.2,63.18,2025-08-20 23:17:00+00:00,34.003052,-81.047222,70.3,5.49,1.9,330.44,17.0,3D,2025-08-20 19:17:00-04:00,POINT (-81.047222 34.003052)
2025-08-20 23:17:05 UTC,sensor07,236476538,30.15,62.68,2025-08-20 23:17:05+00:00,34.003078,-81.047532,72.0,7.55,-0.5,255.46,17.0,3D,2025-08-20 19:17:05-04:00,POINT (-81.047532 34.003078)
2025-08-20 23:17:11 UTC,sensor07,236476538,30.1,63.02,2025-08-20 23:17:10+00:00,34.00292,-81.048005,65.5,9.07,-1.3,249.97,17.0,3D,2025-08-20 19:17:10-04:00,POINT (-81.048005 34.00292)
2025-08-20 23:17:16 UTC,sensor07,236476538,29.93,63.18,2025-08-20 23:17:15+00:00,34.002785,-81.048477,60.7,8.56,-0.7,250.12,17.0,3D,2025-08-20 19:17:15-04:00,POINT (-81.048477 34.002785)
2025-08-20 23:17:21 UTC,sensor07,236476538,30.04,63.43,2025-08-20 23:17:20+00:00,34.002588,-81.048812,58.4,7.21,-0.3,205.64,17.0,3D,2025-08-20 19:17:20-04:00,POINT (-81.048812 34.002588)
2025-08-20 23:17:26 UTC,sensor07,236476538,30.07,63.42,2025-08-20 23:17:25+00:00,34.00226,-81.048782,57.4,8.09,-0.2,162.7,17.0,3D,2025-08-20 19:17:25-04:00,POINT (-81.048782 34.00226)
2025-08-20 23:17:31 UTC,sensor07,236476538,29.88,63.34,2025-08-20 23:17:30+00:00,34.0019,-81.048635,56.6,8.08,0.0,158.56,17.0,3D,2025-08-20 19:17:30-04:00,POINT (-81.048635 34.0019)
2025-08-20 23:17:36 UTC,sensor07,236476538,29.81,63.64,2025-08-20 23:17:35+00:00,34.001555,-81.048483,60.4,6.13,0.1,174.89,17.0,3D,2025-08-20 19:17:35-04:00,POINT (-81.048483 34.001555)
2025-08-20 23:17:41 UTC,sensor07,236476538,29.7,64.36,2025-08-20 23:17:40+00:00,34.00133,-81.0486,60.4,6.69,0.2,224.83,17.0,3D,2025-08-20 19:17:40-04:00,POINT (-81.0486 34.00133)
2025-08-20 23:17:46 UTC,sensor07,236476538,29.79,64.94,2025-08-20 23:17:45+00:00,34.001173,-81.049038,63.0,10.01,0.6,250.05,17.0,3D,2025-08-20 19:17:45-04:00,POINT (-81.049038 34.001173)
2025-08-20 23:17:51 UTC,sensor07,236476538,29.99,64.33,2025-08-20 23:17:50+00:00,34.001008,-81.049588,66.7,11.04,0.2,251.34,17.0,3D,2025-08-20 19:17:50-04:00,POINT (-81.049588 34.001008)
2025-08-20 23:17:56 UTC,sensor07,236476538,29.93,63.51,2025-08-20 23:17:52+00:00,34.000935,-81.049832,65.2,11.01,-0.6,248.66,17.0,3D,2025-08-20 19:17:52-04:00,POINT (-81.049832 34.000935)
2025-08-20 23:18:01 UTC,sensor07,236476538,29.71,63.48,2025-08-20 23:18:01+00:00,34.000557,-81.050867,61.9,11.68,-0.9,0.0,17.0,3D,2025-08-20 19:18:01-04:00,POINT (-81.050867 34.000557)
2025-08-20 23:18:06 UTC,sensor07,236476538,29.66,64.32,2025-08-20 23:18:06+00:00,34.000303,-81.05145,60.7,11.8,-0.2,0.0,17.0,3D,2025-08-20 19:18:06-04:00,POINT (-81.05145 34.000303)
2025-08-20 23:18:11 UTC,sensor07,236476538,29.58,63.98,2025-08-20 23:18:11+00:00,34.000028,-81.052045,59.9,12.12,0.2,0.0,17.0,3D,2025-08-20 19:18:11-04:00,POINT (-81.052045 34.000028)
2025-08-20 23:18:16 UTC,sensor07,236476538,29.41,64.23,2025-08-20 23:18:16+00:00,33.999742,-81.052683,57.8,14.41,-0.8,0.0,17.0,3D,2025-08-20 19:18:16-04:00,POINT (-81.052683 33.999742)
2025-08-20 23:18:21 UTC,sensor07,236476538,29.42,64.67,2025-08-20 23:18:21+00:00,33.999475,-81.053253,55.2,11.99,-1.8,241.75,17.0,3D,2025-08-20 19:18:21-04:00,POINT (-81.053253 33.999475)
2025-08-20 23:18:26 UTC,sensor07,236476538,29.26,64.95,2025-08-20 23:18:26+00:00,33.99923,-81.053813,51.8,11.52,-0.6,241.48,17.0,3D,2025-08-20 19:18:26-04:00,POINT (-81.053813 33.99923)
2025-08-20 23:18:31 UTC,sensor07,236476538,29.27,65.18,2025-08-20 23:18:31+00:00,33.998977,-81.054412,52.1,12.73,-0.3,241.44,17.0,3D,2025-08-20 19:18:31-04:00,POINT (-81.054412 33.998977)
2025-08-20 23:18:36 UTC,sensor07,236476538,29.21,65.17,2025-08-20 23:18:36+00:00,33.998703,-81.055,52.6,12.29,0.4,241.15,17.0,3D,2025-08-20 19:18:36-04:00,POINT (-81.055 33.998703)
2025-08-20 23:18:41 UTC,sensor07,236476538,29.36,65.38,2025-08-20 23:18:41+00:00,33.99843,-81.055583,53.5,11.97,0.6,241.86,17.0,3D,2025-08-20 19:18:41-04:00,POINT (-81.055583 33.99843)
2025-08-20 23:18:46 UTC,sensor07,236476538,29.28,65.01,2025-08-20 23:18:46+00:00,33.99818,-81.056157,53.6,12.31,0.0,241.88,17.0,3D,2025-08-20 19:18:46-04:00,POINT (-81.056157 33.99818)
2025-08-20 23:18:51 UTC,sensor07,236476538,29.11,64.95,2025-08-20 23:18:51+00:00,33.997928,-81.056727,54.0,11.63,0.0,242.12,17.0,3D,2025-08-20 19:18:51-04:00,POINT (-81.056727 33.997928)
2025-08-20 23:18:56 UTC,sensor07,236476538,28.99,65.19,2025-08-20 23:18:56+00:00,33.997695,-81.057235,56.3,10.76,0.2,246.22,17.0,3D,2025-08-20 19:18:56-04:00,POINT (-81.057235 33.997695)
2025-08-20 23:19:01 UTC,sensor07,236476538,28.91,65.46,2025-08-20 23:19:01+00:00,33.997513,-81.057733,59.2,9.2,-0.2,246.79,17.0,3D,2025-08-20 19:19:01-04:00,POINT (-81.057733 33.997513)
2025-08-20 23:19:06 UTC,sensor07,236476538,28.7,66.38,2025-08-20 23:19:06+00:00,33.997347,-81.058157,61.9,8.3,0.5,247.05,17.0,3D,2025-08-20 19:19:06-04:00,POINT (-81.058157 33.997347)
2025-08-20 23:19:12 UTC,sensor07,236476538,28.39,68.39,2025-08-20 23:19:11+00:00,33.997187,-81.0586,62.1,9.49,0.1,246.65,17.0,3D,2025-08-20 19:19:11-04:00,POINT (-81.0586 33.997187)
2025-08-20 23:19:17 UTC,sensor07,236476538,28.22,70.04,2025-08-20 23:19:16+00:00,33.997025,-81.05906,60.8,8.6,-0.3,243.29,17.0,3D,2025-08-20 19:19:16-04:00,POINT (-81.05906 33.997025)
2025-08-20 23:19:22 UTC,sensor07,236476538,28.1,70.95,2025-08-20 23:19:21+00:00,33.996877,-81.059425,59.4,7.19,-0.2,245.33,17.0,3D,2025-08-20 19:19:21-04:00,POINT (-81.059425 33.996877)
2025-08-20 23:19:27 UTC,sensor07,236476538,28.13,71.46,2025-08-20 23:19:26+00:00,33.996765,-81.059732,58.3,4.69,-0.6,236.26,17.0,3D,2025-08-20 19:19:26-04:00,POINT (-81.059732 33.996765)
2025-08-20 23:19:42 UTC,sensor07,236476538,28.57,69.21,2025-08-20 23:19:41+00:00,33.996505,-81.059737,57.8,4.88,-0.1,126.6,17.0,3D,2025-08-20 19:19:41-04:00,POINT (-81.059737 33.996505)
2025-08-20 23:19:47 UTC,sensor07,236476538,28.82,68.26,2025-08-20 23:19:46+00:00,33.996428,-81.059417,57.4,7.36,-0.1,104.32,17.0,3D,2025-08-20 19:19:46-04:00,POINT (-81.059417 33.996428)
2025-08-20 23:19:52 UTC,sensor07,236476538,29.03,67.29,2025-08-20 23:19:51+00:00,33.996362,-81.058933,57.4,6.84,-0.3,102.47,17.0,3D,2025-08-20 19:19:51-04:00,POINT (-81.058933 33.996362)
2025-08-20 23:19:57 UTC,sensor07,236476538,29.12,66.63,2025-08-20 23:19:53+00:00,33.996365,-81.058823,58.5,3.64,0.6,87.96,17.0,3D,2025-08-20 19:19:53-04:00,POINT (-81.058823 33.996365)
2025-08-20 23:20:02 UTC,sensor07,236476538,29.28,66.27,2025-08-20 23:20:02+00:00,33.996487,-81.058985,54.7,5.37,-0.77,0.0,17.0,3D,2025-08-20 19:20:02-04:00,POINT (-81.058985 33.996487)
2025-08-20 23:20:07 UTC,sensor07,236476538,29.33,65.99,2025-08-20 23:20:07+00:00,33.996553,-81.059377,53.0,7.19,-0.3,0.0,16.0,3D,2025-08-20 19:20:07-04:00,POINT (-81.059377 33.996553)
2025-08-20 23:20:12 UTC,sensor07,236476538,29.42,65.87,2025-08-20 23:20:12+00:00,33.996567,-81.059657,51.0,3.39,-0.2,0.0,16.0,3D,2025-08-20 19:20:12-04:00,POINT (-81.059657 33.996567)
2025-08-20 23:20:17 UTC,sensor07,236476538,29.38,65.79,2025-08-20 23:20:17+00:00,33.996452,-81.059723,49.9,3.06,-0.3,0.0,16.0,3D,2025-08-20 19:20:17-04:00,POINT (-81.059723 33.996452)
2025-08-20 23:20:22 UTC,sensor07,236476538,29.24,65.9,2025-08-20 23:20:22+00:00,33.996385,-81.059568,49.7,5.52,-0.1,112.76,16.0,3D,2025-08-20 19:20:22-04:00,POINT (-81.059568 33.996385)
2025-08-20 23:20:27 UTC,sensor07,236476538,29.15,65.88,2025-08-20 23:20:27+00:00,33.99619,-81.05923,49.7,6.11,0.3,145.28,16.0,3D,2025-08-20 19:20:27-04:00,POINT (-81.05923 33.99619)
2025-08-20 23:20:47 UTC,sensor07,236476538,29.19,65.97,2025-08-20 23:20:47+00:00,33.996082,-81.058947,51.6,3.38,0.2,27.47,16.0,3D,2025-08-20 19:20:47-04:00,POINT (-81.058947 33.996082)
2025-08-20 23:20:52 UTC,sensor07,236476538,29.26,65.99,2025-08-20 23:20:52+00:00,33.99622,-81.05887,52.1,2.26,0.2,31.0,16.0,3D,2025-08-20 19:20:52-04:00,POINT (-81.05887 33.99622)
2025-08-20 23:20:57 UTC,sensor07,236476538,29.26,65.95,2025-08-20 23:20:57+00:00,33.996303,-81.058807,53.7,3.1,0.2,53.94,16.0,3D,2025-08-20 19:20:57-04:00,POINT (-81.058807 33.996303)
2025-08-20 23:21:02 UTC,sensor07,236476538,29.14,65.78,2025-08-20 23:21:02+00:00,33.99628,-81.058545,56.1,6.84,0.5,110.56,16.0,3D,2025-08-20 19:21:02-04:00,POINT (-81.058545 33.99628)
2025-08-20 23:21:08 UTC,sensor07,236476538,29.17,65.64,2025-08-20 23:21:07+00:00,33.996157,-81.058123,58.8,8.78,0.7,108.66,16.0,3D,2025-08-20 19:21:07-04:00,POINT (-81.058123 33.996157)
2025-08-20 23:21:13 UTC,sensor07,236476538,29.22,65.61,2025-08-20 23:21:12+00:00,33.996008,-81.057643,60.3,9.07,0.7,111.04,16.0,3D,2025-08-20 19:21:12-04:00,POINT (-81.057643 33.996008)
2025-08-20 23:21:18 UTC,sensor07,236476538,29.26,65.39,2025-08-20 23:21:17+00:00,33.995842,-81.057188,62.9,9.23,0.6,113.2,16.0,3D,2025-08-20 19:21:17-04:00,POINT (-81.057188 33.995842)
2025-08-20 23:21:23 UTC,sensor07,236476538,29.17,65.38,2025-08-20 23:21:22+00:00,33.995662,-81.056732,64.7,9.12,0.3,115.5,16.0,3D,2025-08-20 19:21:22-04:00,POINT (-81.056732 33.995662)
2025-08-20 23:21:28 UTC,sensor07,236476538,29.16,65.46,2025-08-20 23:21:27+00:00,33.995492,-81.0563,66.7,8.27,0.3,115.26,16.0,3D,2025-08-20 19:21:27-04:00,POINT (-81.0563 33.995492)
2025-08-20 23:21:33 UTC,sensor07,236476538,29.15,65.52,2025-08-20 23:21:32+00:00,33.99534,-81.055925,66.9,7.26,0.0,115.78,16.0,3D,2025-08-20 19:21:32-04:00,POINT (-81.055925 33.99534)
2025-08-20 23:21:38 UTC,sensor07,236476538,29.14,65.51,2025-08-20 23:21:37+00:00,33.995212,-81.055648,63.7,4.24,-1.0,133.78,16.0,3D,2025-08-20 19:21:37-04:00,POINT (-81.055648 33.995212)
2025-08-20 23:21:43 UTC,sensor07,236476538,29.13,65.47,2025-08-20 23:21:42+00:00,33.995005,-81.055612,62.1,5.53,0.0,185.81,16.0,3D,2025-08-20 19:21:42-04:00,POINT (-81.055612 33.995005)
2025-08-20 23:21:48 UTC,sensor07,236476538,29.24,65.54,2025-08-20 23:21:47+00:00,33.994742,-81.055678,64.0,5.33,0.5,195.97,16.0,3D,2025-08-20 19:21:47-04:00,POINT (-81.055678 33.994742)
2025-08-20 23:21:53 UTC,sensor07,236476538,29.22,65.2,2025-08-20 23:21:52+00:00,33.99455,-81.05583,64.9,5.59,0.1,237.17,16.0,3D,2025-08-20 19:21:52-04:00,POINT (-81.05583 33.99455)
2025-08-20 23:21:58 UTC,sensor07,236476538,29.33,65.29,2025-08-20 23:21:58+00:00,33.99444,-81.056275,66.2,7.45,0.26,0.0,16.0,3D,2025-08-20 19:21:58-04:00,POINT (-81.056275 33.99444)
2025-08-20 23:22:03 UTC,sensor07,236476538,29.33,65.36,2025-08-20 23:22:03+00:00,33.994333,-81.056718,65.1,8.76,-0.2,0.0,16.0,3D,2025-08-20 19:22:03-04:00,POINT (-81.056718 33.994333)
2025-08-20 23:22:08 UTC,sensor07,236476538,29.64,64.87,2025-08-20 23:22:08+00:00,33.994225,-81.057167,62.6,8.36,-0.3,0.0,16.0,3D,2025-08-20 19:22:08-04:00,POINT (-81.057167 33.994225)
2025-08-20 23:22:13 UTC,sensor07,236476538,29.61,64.34,2025-08-20 23:22:13+00:00,33.994118,-81.05763,61.7,9.65,0.2,0.0,16.0,3D,2025-08-20 19:22:13-04:00,POINT (-81.05763 33.994118)
2025-08-20 23:22:18 UTC,sensor07,236476538,29.54,64.18,2025-08-20 23:22:18+00:00,33.993992,-81.05811,63.4,8.83,0.1,0.0,16.0,3D,2025-08-20 19:22:18-04:00,POINT (-81.05811 33.993992)
2025-08-20 23:22:23 UTC,sensor07,236476538,29.5,64.3,2025-08-20 23:22:23+00:00,33.993852,-81.058548,63.8,8.99,0.2,249.79,16.0,3D,2025-08-20 19:22:23-04:00,POINT (-81.058548 33.993852)
2025-08-20 23:22:28 UTC,sensor07,236476538,29.3,64.9,2025-08-20 23:22:28+00:00,33.99372,-81.059003,66.3,9.11,0.5,252.01,16.0,3D,2025-08-20 19:22:28-04:00,POINT (-81.059003 33.99372)
2025-08-20 23:22:33 UTC,sensor07,236476538,29.27,65.11,2025-08-20 23:22:33+00:00,33.993595,-81.059462,68.5,8.54,0.5,251.33,16.0,3D,2025-08-20 19:22:33-04:00,POINT (-81.059462 33.993595)
2025-08-20 23:22:38 UTC,sensor07,236476538,29.19,65.15,2025-08-20 23:22:38+00:00,33.99347,-81.059885,69.8,8.33,0.2,251.2,16.0,3D,2025-08-20 19:22:38-04:00,POINT (-81.059885 33.99347)
2025-08-20 23:22:43 UTC,sensor07,236476538,29.31,65.27,2025-08-20 23:22:43+00:00,33.993348,-81.060312,71.6,8.09,0.4,249.99,16.0,3D,2025-08-20 19:22:43-04:00,POINT (-81.060312 33.993348)
2025-08-20 23:22:48 UTC,sensor07,236476538,29.09,65.52,2025-08-20 23:22:48+00:00,33.993223,-81.060703,72.8,7.57,0.4,249.49,16.0,3D,2025-08-20 19:22:48-04:00,POINT (-81.060703 33.993223)
2025-08-20 23:22:53 UTC,sensor07,236476538,29.04,65.89,2025-08-20 23:22:53+00:00,33.993093,-81.061103,74.3,8.33,0.3,249.54,16.0,3D,2025-08-20 19:22:53-04:00,POINT (-81.061103 33.993093)
2025-08-20 23:22:58 UTC,sensor07,236476538,29.26,65.82,2025-08-20 23:22:58+00:00,33.992958,-81.061515,75.4,8.28,0.2,248.34,16.0,3D,2025-08-20 19:22:58-04:00,POINT (-81.061515 33.992958)
2025-08-20 23:23:03 UTC,sensor07,236476538,29.17,65.45,2025-08-20 23:23:03+00:00,33.992817,-81.06193,76.7,7.97,0.2,248.29,16.0,3D,2025-08-20 19:23:03-04:00,POINT (-81.06193 33.992817)
2025-08-20 23:23:08 UTC,sensor07,236476538,29.11,65.68,2025-08-20 23:23:08+00:00,33.992698,-81.062297,77.1,5.79,-0.2,246.82,16.0,3D,2025-08-20 19:23:08-04:00,POINT (-81.062297 33.992698)
2025-08-20 23:23:14 UTC,sensor07,236476538,29.07,65.71,2025-08-20 23:23:13+00:00,33.99254,-81.062368,77.1,4.88,-0.1,161.54,16.0,3D,2025-08-20 19:23:13-04:00,POINT (-81.062368 33.99254)
2025-08-20 23:23:19 UTC,sensor07,236476538,29.16,65.87,2025-08-20 23:23:18+00:00,33.992293,-81.062252,78.0,6.32,0.0,157.31,16.0,3D,2025-08-20 19:23:18-04:00,POINT (-81.062252 33.992293)
2025-08-20 23:23:24 UTC,sensor07,236476538,29.15,65.82,2025-08-20 23:23:23+00:00,33.992038,-81.06213,76.9,5.46,-0.4,157.21,16.0,3D,2025-08-20 19:23:23-04:00,POINT (-81.06213 33.992038)
2025-08-20 23:23:34 UTC,sensor07,236476538,29.09,65.81,2025-08-20 23:23:33+00:00,33.99183,-81.062108,77.7,3.35,0.2,235.1,16.0,3D,2025-08-20 19:23:33-04:00,POINT (-81.062108 33.99183)
2025-08-20 23:23:39 UTC,sensor07,236476538,29.09,66.18,2025-08-20 23:23:38+00:00,33.991738,-81.062355,78.0,6.35,0.3,247.12,16.0,3D,2025-08-20 19:23:38-04:00,POINT (-81.062355 33.991738)
2025-08-20 23:23:44 UTC,sensor07,236476538,28.91,66.32,2025-08-20 23:23:43+00:00,33.991618,-81.062728,78.9,7.69,-0.1,248.09,16.0,3D,2025-08-20 19:23:43-04:00,POINT (-81.062728 33.991618)
2025-08-20 23:23:49 UTC,sensor07,236476538,28.92,66.85,2025-08-20 23:23:48+00:00,33.991492,-81.063092,78.9,6.9,0.0,247.75,16.0,3D,2025-08-20 19:23:48-04:00,POINT (-81.063092 33.991492)
2025-08-20 23:23:54 UTC,sensor07,236476538,28.92,66.57,2025-08-20 23:23:53+00:00,33.991402,-81.063363,79.5,3.17,0.0,246.38,16.0,3D,2025-08-20 19:23:53-04:00,POINT (-81.063363 33.991402)
2025-08-20 23:23:59 UTC,sensor07,236476538,28.89,66.71,2025-08-20 23:23:53+00:00,33.991402,-81.063363,79.5,3.17,0.0,246.38,16.0,3D,2025-08-20 19:23:53-04:00,POINT (-81.063363 33.991402)
2025-08-20 23:24:04 UTC,sensor07,236476538,28.81,66.74,2025-08-20 23:24:04+00:00,33.991103,-81.063327,79.6,5.44,-0.4,0.0,16.0,3D,2025-08-20 19:24:04-04:00,POINT (-81.063327 33.991103)
2025-08-20 23:24:09 UTC,sensor07,236476538,28.84,66.83,2025-08-20 23:24:09+00:00,33.990857,-81.06319,78.5,6.13,-0.3,0.0,16.0,3D,2025-08-20 19:24:09-04:00,POINT (-81.06319 33.990857)
2025-08-20 23:24:14 UTC,sensor07,236476538,28.81,67.22,2025-08-20 23:24:14+00:00,33.990638,-81.063068,77.8,5.21,-0.2,0.0,4.0,3D,2025-08-20 19:24:14-04:00,POINT (-81.063068 33.990638)
2025-08-20 23:24:19 UTC,sensor07,236476538,28.73,67.58,2025-08-20 23:24:19+00:00,33.990427,-81.062957,77.9,4.77,-0.2,0.0,8.0,3D,2025-08-20 19:24:19-04:00,POINT (-81.062957 33.990427)
2025-08-20 23:24:24 UTC,sensor07,236476538,28.68,67.83,2025-08-20 23:24:24+00:00,33.990265,-81.062888,76.7,2.99,-0.3,0.0,9.0,3D,2025-08-20 19:24:24-04:00,POINT (-81.062888 33.990265)
2025-08-20 23:24:34 UTC,sensor07,236476538,28.59,68.34,2025-08-20 23:24:34+00:00,33.990145,-81.062908,74.5,3.08,-0.2,0.0,13.0,3D,2025-08-20 19:24:34-04:00,POINT (-81.062908 33.990145)
2025-08-20 23:24:39 UTC,sensor07,236476538,28.53,68.39,2025-08-20 23:24:39+00:00,33.990103,-81.063158,75.1,5.99,-0.2,0.0,16.0,3D,2025-08-20 19:24:39-04:00,POINT (-81.063158 33.990103)
2025-08-20 23:24:44 UTC,sensor07,236476538,28.52,68.46,2025-08-20 23:24:44+00:00,33.99004,-81.063502,74.5,6.6,-0.2,0.0,16.0,3D,2025-08-20 19:24:44-04:00,POINT (-81.063502 33.99004)
2025-08-20 23:24:49 UTC,sensor07,236476538,28.44,69.08,2025-08-20 23:24:49+00:00,33.98999,-81.063887,74.6,7.28,0.1,260.72,16.0,3D,2025-08-20 19:24:49-04:00,POINT (-81.063887 33.98999)
2025-08-20 23:24:54 UTC,sensor07,236476538,28.48,69.44,2025-08-20 23:24:54+00:00,33.989947,-81.064263,74.6,6.13,0.0,260.04,16.0,3D,2025-08-20 19:24:54-04:00,POINT (-81.064263 33.989947)
2025-08-20 23:24:59 UTC,sensor07,236476538,28.59,69.38,2025-08-20 23:24:59+00:00,33.989875,-81.06455,74.7,4.48,0.0,256.3,16.0,3D,2025-08-20 19:24:59-04:00,POINT (-81.06455 33.989875)
2025-08-20 23:25:10 UTC,sensor07,236476538,28.74,69.05,2025-08-20 23:25:09+00:00,33.989742,-81.064733,76.9,3.46,0.2,171.96,16.0,3D,2025-08-20 19:25:09-04:00,POINT (-81.064733 33.989742)
2025-08-20 23:25:15 UTC,sensor07,236476538,28.78,68.35,2025-08-20 23:25:14+00:00,33.989525,-81.064652,77.7,5.87,0.5,154.72,16.0,3D,2025-08-20 19:25:14-04:00,POINT (-81.064652 33.989525)
2025-08-20 23:25:20 UTC,sensor07,236476538,28.77,67.75,2025-08-20 23:25:19+00:00,33.989285,-81.064547,78.1,5.91,0.4,162.42,16.0,3D,2025-08-20 19:25:19-04:00,POINT (-81.064547 33.989285)
2025-08-20 23:25:25 UTC,sensor07,236476538,28.7,68.04,2025-08-20 23:25:24+00:00,33.989047,-81.064452,77.8,4.37,-0.4,160.64,16.0,3D,2025-08-20 19:25:24-04:00,POINT (-81.064452 33.989047)
2025-08-20 23:25:30 UTC,sensor07,236476538,28.68,68.43,2025-08-20 23:25:29+00:00,33.988948,-81.064397,77.5,3.02,0.1,142.96,16.0,3D,2025-08-20 19:25:29-04:00,POINT (-81.064397 33.988948)
2025-08-20 23:25:35 UTC,sensor07,236476538,28.66,68.27,2025-08-20 23:25:34+00:00,33.988862,-81.064207,78.4,4.15,0.1,100.36,16.0,3D,2025-08-20 19:25:34-04:00,POINT (-81.064207 33.988862)
2025-08-20 23:25:40 UTC,sensor07,236476538,28.72,68.21,2025-08-20 23:25:39+00:00,33.988833,-81.064032,78.7,2.99,0.1,133.98,16.0,3D,2025-08-20 19:25:39-04:00,POINT (-81.064032 33.988833)
2025-08-20 23:25:45 UTC,sensor07,236476538,28.9,68.49,2025-08-20 23:25:45+00:00,33.988573,-81.063922,78.0,6.26,0.0,0.0,16.0,3D,2025-08-20 19:25:45-04:00,POINT (-81.063922 33.988573)
2025-08-20 23:25:50 UTC,sensor07,236476538,28.93,67.83,2025-08-20 23:25:50+00:00,33.988285,-81.063852,77.5,6.22,-0.3,0.0,16.0,3D,2025-08-20 19:25:50-04:00,POINT (-81.063852 33.988285)
2025-08-20 23:25:55 UTC,sensor07,236476538,28.9,67.51,2025-08-20 23:25:54+00:00,33.988122,-81.063812,75.8,3.52,-0.6,167.56,16.0,3D,2025-08-20 19:25:54-04:00,POINT (-81.063812 33.988122)
2025-08-20 23:26:00 UTC,sensor07,236476538,28.89,67.16,2025-08-20 23:25:54+00:00,33.988122,-81.063812,75.8,3.52,-0.6,167.56,16.0,3D,2025-08-20 19:25:54-04:00,POINT (-81.063812 33.988122)
2025-08-20 23:26:10 UTC,sensor07,236476538,28.8,66.95,2025-08-20 23:26:10+00:00,33.987888,-81.06414,72.2,7.09,0.3,256.62,16.0,3D,2025-08-20 19:26:10-04:00,POINT (-81.06414 33.987888)
2025-08-20 23:26:15 UTC,sensor07,236476538,28.8,67.23,2025-08-20 23:26:15+00:00,33.987812,-81.064512,73.5,6.89,0.1,256.17,16.0,3D,2025-08-20 19:26:15-04:00,POINT (-81.064512 33.987812)
2025-08-20 23:26:20 UTC,sensor07,236476538,28.88,67.0,2025-08-20 23:26:15+00:00,33.987812,-81.064512,73.5,6.89,0.1,256.17,16.0,3D,2025-08-20 19:26:15-04:00,POINT (-81.064512 33.987812)
2025-08-20 23:26:25 UTC,sensor07,236476538,28.86,67.09,2025-08-20 23:26:25+00:00,33.987598,-81.065255,76.4,6.88,0.2,250.81,16.0,3D,2025-08-20 19:26:25-04:00,POINT (-81.065255 33.987598)
2025-08-20 23:26:30 UTC,sensor07,236476538,28.73,67.38,2025-08-20 23:26:30+00:00,33.987495,-81.065588,78.1,6.5,0.6,249.93,16.0,3D,2025-08-20 19:26:30-04:00,POINT (-81.065588 33.987495)
2025-08-20 23:26:35 UTC,sensor07,236476538,28.69,67.51,2025-08-20 23:26:35+00:00,33.987402,-81.065908,80.8,5.78,0.3,249.65,16.0,3D,2025-08-20 19:26:35-04:00,POINT (-81.065908 33.987402)
2025-08-20 23:26:45 UTC,sensor07,236476538,28.74,67.53,2025-08-20 23:26:45+00:00,33.98726,-81.066128,83.8,4.21,0.1,181.61,16.0,3D,2025-08-20 19:26:45-04:00,POINT (-81.066128 33.98726)
2025-08-20 23:26:50 UTC,sensor07,236476538,28.66,67.53,2025-08-20 23:26:50+00:00,33.987018,-81.06603,83.5,6.67,-0.2,156.31,16.0,3D,2025-08-20 19:26:50-04:00,POINT (-81.06603 33.987018)
2025-08-20 23:26:55 UTC,sensor07,236476538,28.67,67.97,2025-08-20 23:26:55+00:00,33.986732,-81.0659,83.4,6.58,-0.1,158.23,16.0,3D,2025-08-20 19:26:55-04:00,POINT (-81.0659 33.986732)
2025-08-20 23:27:01 UTC,sensor07,236476538,28.73,68.44,2025-08-20 23:27:00+00:00,33.986433,-81.065788,83.1,6.47,0.0,161.55,16.0,3D,2025-08-20 19:27:00-04:00,POINT (-81.065788 33.986433)
2025-08-20 23:27:06 UTC,sensor07,236476538,28.72,67.72,2025-08-20 23:27:05+00:00,33.986112,-81.065635,83.3,8.18,0.2,160.01,16.0,3D,2025-08-20 19:27:05-04:00,POINT (-81.065635 33.986112)
2025-08-20 23:27:11 UTC,sensor07,236476538,28.74,67.42,2025-08-20 23:27:10+00:00,33.985742,-81.065475,83.9,8.18,0.2,159.23,16.0,3D,2025-08-20 19:27:10-04:00,POINT (-81.065475 33.985742)
2025-08-20 23:27:16 UTC,sensor07,236476538,28.66,67.32,2025-08-20 23:27:15+00:00,33.985407,-81.065317,83.1,7.72,-0.2,157.26,16.0,3D,2025-08-20 19:27:15-04:00,POINT (-81.065317 33.985407)
2025-08-20 23:27:21 UTC,sensor07,236476538,28.43,69.22,2025-08-20 23:27:20+00:00,33.98507,-81.065148,82.5,7.99,-0.2,157.75,16.0,3D,2025-08-20 19:27:20-04:00,POINT (-81.065148 33.98507)
2025-08-20 23:27:26 UTC,sensor07,236476538,28.56,69.81,2025-08-20 23:27:25+00:00,33.984748,-81.064983,80.4,7.68,-0.6,158.93,16.0,3D,2025-08-20 19:27:25-04:00,POINT (-81.064983 33.984748)
2025-08-20 23:27:31 UTC,sensor07,236476538,28.62,68.45,2025-08-20 23:27:30+00:00,33.984407,-81.064838,78.0,8.2,-0.5,161.51,16.0,3D,2025-08-20 19:27:30-04:00,POINT (-81.064838 33.984407)
2025-08-20 23:27:36 UTC,sensor07,236476538,28.77,68.14,2025-08-20 23:27:35+00:00,33.984028,-81.064668,75.2,8.62,-0.4,159.59,16.0,3D,2025-08-20 19:27:35-04:00,POINT (-81.064668 33.984028)
2025-08-20 23:27:41 UTC,sensor07,236476538,28.75,67.81,2025-08-20 23:27:41+00:00,33.983583,-81.064457,72.7,9.1,-0.6,0.0,16.0,3D,2025-08-20 19:27:41-04:00,POINT (-81.064457 33.983583)
2025-08-20 23:27:46 UTC,sensor07,236476538,28.82,67.6,2025-08-20 23:27:46+00:00,33.983243,-81.06432,70.9,7.61,-0.6,0.0,16.0,3D,2025-08-20 19:27:46-04:00,POINT (-81.06432 33.983243)
2025-08-20 23:27:51 UTC,sensor07,236476538,28.94,67.29,2025-08-20 23:27:51+00:00,33.98291,-81.064168,71.0,8.02,0.1,0.0,16.0,3D,2025-08-20 19:27:51-04:00,POINT (-81.064168 33.98291)
2025-08-20 23:27:56 UTC,sensor07,236476538,28.94,66.66,2025-08-20 23:27:56+00:00,33.98259,-81.064032,70.9,7.32,0.2,0.0,16.0,3D,2025-08-20 19:27:56-04:00,POINT (-81.064032 33.98259)
2025-08-20 23:28:01 UTC,sensor07,236476538,28.91,66.27,2025-08-20 23:28:01+00:00,33.982253,-81.063887,71.3,8.1,0.07,0.0,16.0,3D,2025-08-20 19:28:01-04:00,POINT (-81.063887 33.982253)
2025-08-20 23:28:06 UTC,sensor07,236476538,29.02,66.32,2025-08-20 23:28:06+00:00,33.981968,-81.063763,70.8,5.18,0.2,159.48,16.0,3D,2025-08-20 19:28:06-04:00,POINT (-81.063763 33.981968)
2025-08-20 23:28:11 UTC,sensor07,236476538,29.03,66.11,2025-08-20 23:28:11+00:00,33.981745,-81.063668,71.7,6.01,0.1,158.38,16.0,3D,2025-08-20 19:28:11-04:00,POINT (-81.063668 33.981745)
2025-08-20 23:28:16 UTC,sensor07,236476538,29.05,65.87,2025-08-20 23:28:16+00:00,33.981472,-81.06354,71.5,6.78,-0.3,156.45,16.0,3D,2025-08-20 19:28:16-04:00,POINT (-81.06354 33.981472)
2025-08-20 23:28:21 UTC,sensor07,236476538,29.15,65.68,2025-08-20 23:28:21+00:00,33.981172,-81.063388,71.4,7.39,0.0,158.62,16.0,3D,2025-08-20 19:28:21-04:00,POINT (-81.063388 33.981172)
2025-08-20 23:28:26 UTC,sensor07,236476538,29.3,65.24,2025-08-20 23:28:26+00:00,33.980893,-81.06325,71.1,4.39,-0.1,158.47,16.0,3D,2025-08-20 19:28:26-04:00,POINT (-81.06325 33.980893)
2025-08-20 23:28:36 UTC,sensor07,236476538,29.34,64.87,2025-08-20 23:28:36+00:00,33.98073,-81.063185,71.7,3.52,0.2,157.49,16.0,3D,2025-08-20 19:28:36-04:00,POINT (-81.063185 33.98073)
2025-08-20 23:28:41 UTC,sensor07,236476538,29.42,64.92,2025-08-20 23:28:41+00:00,33.9805,-81.063072,72.0,7.25,0.1,159.59,16.0,3D,2025-08-20 19:28:41-04:00,POINT (-81.063072 33.9805)
2025-08-20 23:28:46 UTC,sensor07,236476538,29.33,65.36,2025-08-20 23:28:46+00:00,33.980177,-81.062925,73.0,7.7,0.0,157.61,16.0,3D,2025-08-20 19:28:46-04:00,POINT (-81.062925 33.980177)
2025-08-20 23:28:51 UTC,sensor07,236476538,29.3,65.68,2025-08-20 23:28:51+00:00,33.979892,-81.062792,72.6,4.63,-0.3,159.22,16.0,3D,2025-08-20 19:28:51-04:00,POINT (-81.062792 33.979892)
2025-08-20 23:28:57 UTC,sensor07,236476538,29.21,65.63,2025-08-20 23:28:56+00:00,33.979778,-81.062677,72.9,3.73,0.4,103.23,16.0,3D,2025-08-20 19:28:56-04:00,POINT (-81.062677 33.979778)
2025-08-20 23:29:02 UTC,sensor07,236476538,29.04,65.54,2025-08-20 23:29:01+00:00,33.979872,-81.062392,72.5,5.94,0.0,68.25,16.0,3D,2025-08-20 19:29:01-04:00,POINT (-81.062392 33.979872)
2025-08-20 23:29:07 UTC,sensor07,236476538,28.97,65.78,2025-08-20 23:29:06+00:00,33.97996,-81.06207,72.2,5.21,-0.2,71.86,16.0,3D,2025-08-20 19:29:06-04:00,POINT (-81.06207 33.97996)
2025-08-20 23:29:12 UTC,sensor07,236476538,29.01,66.18,2025-08-20 23:29:11+00:00,33.980015,-81.061835,71.7,5.01,-0.3,77.59,16.0,3D,2025-08-20 19:29:11-04:00,POINT (-81.061835 33.980015)
2025-08-20 23:29:17 UTC,sensor07,236476538,28.96,66.38,2025-08-20 23:29:16+00:00,33.98006,-81.061565,70.6,4.51,0.0,75.99,16.0,3D,2025-08-20 19:29:16-04:00,POINT (-81.061565 33.98006)
2025-08-20 23:29:22 UTC,sensor07,236476538,28.95,66.63,2025-08-20 23:29:21+00:00,33.980108,-81.061323,68.8,5.29,-0.3,76.56,16.0,3D,2025-08-20 19:29:21-04:00,POINT (-81.061323 33.980108)
2025-08-20 23:29:27 UTC,sensor07,236476538,28.86,66.52,2025-08-20 23:29:26+00:00,33.980163,-81.06102,68.8,6.15,0.1,78.21,16.0,3D,2025-08-20 19:29:26-04:00,POINT (-81.06102 33.980163)
2025-08-20 23:29:32 UTC,sensor07,236476538,28.87,66.79,2025-08-20 23:29:31+00:00,33.980225,-81.0607,69.3,5.34,0.1,76.76,16.0,3D,2025-08-20 19:29:31-04:00,POINT (-81.0607 33.980225)
2025-08-20 23:29:42 UTC,sensor07,236476538,28.85,67.16,2025-08-20 23:29:42+00:00,33.980137,-81.060415,68.5,3.57,-0.2,0.0,16.0,3D,2025-08-20 19:29:42-04:00,POINT (-81.060415 33.980137)
2025-08-20 23:29:47 UTC,sensor07,236476538,28.8,66.93,2025-08-20 23:29:47+00:00,33.979888,-81.06037,68.4,5.76,0.3,0.0,16.0,3D,2025-08-20 19:29:47-04:00,POINT (-81.06037 33.979888)
2025-08-20 23:29:52 UTC,sensor07,236476538,28.72,67.54,2025-08-20 23:29:52+00:00,33.979622,-81.060312,68.4,5.58,-0.2,0.0,16.0,3D,2025-08-20 19:29:52-04:00,POINT (-81.060312 33.979622)
2025-08-20 23:29:57 UTC,sensor07,236476538,28.72,67.34,2025-08-20 23:29:54+00:00,33.979533,-81.060297,68.1,4.15,-0.1,168.76,16.0,3D,2025-08-20 19:29:54-04:00,POINT (-81.060297 33.979533)
2025-08-20 23:30:07 UTC,sensor07,236476538,28.79,67.59,2025-08-20 23:30:07+00:00,33.979308,-81.060238,67.0,3.55,-0.1,168.47,16.0,3D,2025-08-20 19:30:07-04:00,POINT (-81.060238 33.979308)
2025-08-20 23:30:12 UTC,sensor07,236476538,28.83,67.44,2025-08-20 23:30:12+00:00,33.979082,-81.060163,66.2,6.06,-0.2,165.59,16.0,3D,2025-08-20 19:30:12-04:00,POINT (-81.060163 33.979082)
2025-08-20 23:30:17 UTC,sensor07,236476538,28.74,67.26,2025-08-20 23:30:17+00:00,33.978815,-81.060095,64.1,5.5,-0.3,169.51,16.0,3D,2025-08-20 19:30:17-04:00,POINT (-81.060095 33.978815)
2025-08-20 23:30:22 UTC,sensor07,236476538,28.66,67.51,2025-08-20 23:30:22+00:00,33.978582,-81.060062,63.2,5.09,-0.3,169.99,16.0,3D,2025-08-20 19:30:22-04:00,POINT (-81.060062 33.978582)
2025-08-20 23:30:32 UTC,sensor07,236476538,28.68,67.86,2025-08-20 23:30:32+00:00,33.97826,-81.059975,63.9,4.91,0.5,169.04,16.0,3D,2025-08-20 19:30:32-04:00,POINT (-81.059975 33.97826)
2025-08-20 23:30:37 UTC,sensor07,236476538,28.77,67.72,2025-08-20 23:30:37+00:00,33.978003,-81.059917,64.4,6.09,0.0,167.52,16.0,3D,2025-08-20 19:30:37-04:00,POINT (-81.059917 33.978003)
2025-08-20 23:30:42 UTC,sensor07,236476538,28.72,67.74,2025-08-20 23:30:42+00:00,33.977737,-81.059837,65.0,5.52,0.1,168.89,16.0,3D,2025-08-20 19:30:42-04:00,POINT (-81.059837 33.977737)
2025-08-20 23:30:47 UTC,sensor07,236476538,28.71,67.54,2025-08-20 23:30:47+00:00,33.977512,-81.059788,66.7,4.39,0.3,167.04,16.0,3D,2025-08-20 19:30:47-04:00,POINT (-81.059788 33.977512)
2025-08-20 23:30:58 UTC,sensor07,236476538,28.75,67.46,2025-08-20 23:30:57+00:00,33.977343,-81.0596,68.3,4.59,0.3,85.04,16.0,3D,2025-08-20 19:30:57-04:00,POINT (-81.0596 33.977343)
2025-08-20 23:31:03 UTC,sensor07,236476538,28.64,68.25,2025-08-20 23:31:02+00:00,33.977423,-81.059212,69.7,7.65,-0.1,77.07,16.0,3D,2025-08-20 19:31:02-04:00,POINT (-81.059212 33.977423)
2025-08-20 23:31:08 UTC,sensor07,236476538,28.63,67.78,2025-08-20 23:31:07+00:00,33.977493,-81.058793,67.2,7.55,-1.3,77.46,16.0,3D,2025-08-20 19:31:07-04:00,POINT (-81.058793 33.977493)
2025-08-20 23:31:13 UTC,sensor07,236476538,28.57,67.74,2025-08-20 23:31:12+00:00,33.977568,-81.058427,68.0,6.58,0.1,77.93,16.0,3D,2025-08-20 19:31:12-04:00,POINT (-81.058427 33.977568)
2025-08-20 23:31:18 UTC,sensor07,236476538,28.64,67.76,2025-08-20 23:31:17+00:00,33.977622,-81.058105,67.4,5.1,-0.8,76.88,16.0,3D,2025-08-20 19:31:17-04:00,POINT (-81.058105 33.977622)
2025-08-20 23:31:23 UTC,sensor07,236476538,28.64,67.53,2025-08-20 23:31:22+00:00,33.977668,-81.057907,65.4,4.16,-0.4,78.43,16.0,3D,2025-08-20 19:31:22-04:00,POINT (-81.057907 33.977668)
2025-08-20 23:31:28 UTC,sensor07,236476538,28.67,67.29,2025-08-20 23:31:27+00:00,33.977728,-81.057605,63.1,6.81,-0.6,77.26,16.0,3D,2025-08-20 19:31:27-04:00,POINT (-81.057605 33.977728)
2025-08-20 23:31:33 UTC,sensor07,236476538,28.73,67.35,2025-08-20 23:31:32+00:00,33.977797,-81.057238,62.1,6.79,-0.1,78.01,16.0,3D,2025-08-20 19:31:32-04:00,POINT (-81.057238 33.977797)
2025-08-20 23:31:38 UTC,sensor07,236476538,28.8,67.33,2025-08-20 23:31:37+00:00,33.977857,-81.056867,61.4,6.88,0.1,78.48,16.0,3D,2025-08-20 19:31:37-04:00,POINT (-81.056867 33.977857)
2025-08-20 23:31:43 UTC,sensor07,236476538,28.75,68.13,2025-08-20 23:31:42+00:00,33.977917,-81.056517,61.8,6.74,0.0,77.41,16.0,3D,2025-08-20 19:31:42-04:00,POINT (-81.056517 33.977917)
2025-08-20 23:31:48 UTC,sensor07,236476538,28.69,68.29,2025-08-20 23:31:48+00:00,33.977977,-81.056158,60.6,3.58,-0.3,0.0,16.0,3D,2025-08-20 19:31:48-04:00,POINT (-81.056158 33.977977)
2025-08-20 23:31:58 UTC,sensor07,236476538,28.78,68.09,2025-08-20 23:31:54+00:00,33.97792,-81.056075,62.4,3.27,0.1,170.31,16.0,3D,2025-08-20 19:31:54-04:00,POINT (-81.056075 33.97792)
2025-08-20 23:32:03 UTC,sensor07,236476538,28.74,67.91,2025-08-20 23:32:03+00:00,33.977485,-81.05598,64.8,5.55,0.5,0.0,16.0,3D,2025-08-20 19:32:03-04:00,POINT (-81.05598 33.977485)
2025-08-20 23:32:08 UTC,sensor07,236476538,28.75,67.58,2025-08-20 23:32:08+00:00,33.97722,-81.055928,66.1,4.86,0.1,170.81,16.0,3D,2025-08-20 19:32:08-04:00,POINT (-81.055928 33.97722)
2025-08-20 23:32:18 UTC,sensor07,236476538,28.75,66.71,2025-08-20 23:32:18+00:00,33.977032,-81.055802,64.2,3.27,-0.2,93.81,16.0,3D,2025-08-20 19:32:18-04:00,POINT (-81.055802 33.977032)
2025-08-20 23:32:23 UTC,sensor07,236476538,28.75,66.61,2025-08-20 23:32:23+00:00,33.977073,-81.055552,63.9,5.03,0.1,73.51,16.0,3D,2025-08-20 19:32:23-04:00,POINT (-81.055552 33.977073)
2025-08-20 23:32:28 UTC,sensor07,236476538,28.74,67.07,2025-08-20 23:32:28+00:00,33.977147,-81.055238,64.0,5.79,-0.1,74.87,16.0,3D,2025-08-20 19:32:28-04:00,POINT (-81.055238 33.977147)
2025-08-20 23:32:33 UTC,sensor07,236476538,28.72,68.62,2025-08-20 23:32:33+00:00,33.977202,-81.054917,62.2,5.7,-0.2,80.62,16.0,3D,2025-08-20 19:32:33-04:00,POINT (-81.054917 33.977202)
2025-08-20 23:32:38 UTC,sensor07,236476538,28.63,68.23,2025-08-20 23:32:38+00:00,33.977242,-81.054598,61.3,5.21,-0.1,73.55,16.0,3D,2025-08-20 19:32:38-04:00,POINT (-81.054598 33.977242)
2025-08-20 23:32:48 UTC,sensor07,236476538,28.67,68.45,2025-08-20 23:32:48+00:00,33.977248,-81.054277,62.0,2.79,0.6,107.38,16.0,3D,2025-08-20 19:32:48-04:00,POINT (-81.054277 33.977248)
2025-08-20 23:32:54 UTC,sensor07,236476538,28.7,67.92,2025-08-20 23:32:53+00:00,33.97728,-81.054073,62.4,4.16,0.6,67.35,16.0,3D,2025-08-20 19:32:53-04:00,POINT (-81.054073 33.97728)
2025-08-20 23:33:14 UTC,sensor07,236476538,28.99,67.2,2025-08-20 23:33:13+00:00,33.977178,-81.053743,64.7,6.65,0.0,150.57,16.0,3D,2025-08-20 19:33:13-04:00,POINT (-81.053743 33.977178)
2025-08-20 23:33:19 UTC,sensor07,236476538,29.02,67.25,2025-08-20 23:33:18+00:00,33.97688,-81.053545,65.1,7.69,0.1,150.09,16.0,3D,2025-08-20 19:33:18-04:00,POINT (-81.053545 33.97688)
2025-08-20 23:33:24 UTC,sensor07,236476538,29.03,67.11,2025-08-20 23:33:23+00:00,33.976562,-81.05334,64.3,8.2,-0.1,150.53,16.0,3D,2025-08-20 19:33:23-04:00,POINT (-81.05334 33.976562)
2025-08-20 23:33:29 UTC,sensor07,236476538,29.02,66.58,2025-08-20 23:33:28+00:00,33.976245,-81.053118,63.6,7.94,0.1,153.05,16.0,3D,2025-08-20 19:33:28-04:00,POINT (-81.053118 33.976245)
2025-08-20 23:33:34 UTC,sensor07,236476538,28.96,66.54,2025-08-20 23:33:33+00:00,33.97593,-81.052902,63.3,7.64,0.0,149.9,16.0,3D,2025-08-20 19:33:33-04:00,POINT (-81.052902 33.97593)
2025-08-20 23:33:39 UTC,sensor07,236476538,28.99,67.02,2025-08-20 23:33:38+00:00,33.975645,-81.052712,63.6,7.1,-0.1,149.13,16.0,3D,2025-08-20 19:33:38-04:00,POINT (-81.052712 33.975645)
2025-08-20 23:33:44 UTC,sensor07,236476538,28.97,67.1,2025-08-20 23:33:44+00:00,33.975318,-81.052488,63.3,6.11,-0.1,0.0,16.0,3D,2025-08-20 19:33:44-04:00,POINT (-81.052488 33.975318)
2025-08-20 23:33:49 UTC,sensor07,236476538,28.9,66.54,2025-08-20 23:33:49+00:00,33.975178,-81.052348,63.1,3.51,-0.3,0.0,16.0,3D,2025-08-20 19:33:49-04:00,POINT (-81.052348 33.975178)
2025-08-20 23:33:54 UTC,sensor07,236476538,28.94,66.68,2025-08-20 23:33:54+00:00,33.975273,-81.052112,62.3,6.24,0.0,0.0,16.0,3D,2025-08-20 19:33:54-04:00,POINT (-81.052112 33.975273)
2025-08-20 23:33:59 UTC,sensor07,236476538,28.94,66.8,2025-08-20 23:33:54+00:00,33.975273,-81.052112,62.3,5.87,0.0,60.82,16.0,3D,2025-08-20 19:33:54-04:00,POINT (-81.052112 33.975273)
2025-08-20 23:34:04 UTC,sensor07,236476538,28.82,66.95,2025-08-20 23:34:04+00:00,33.975568,-81.051503,61.5,6.87,0.0,0.0,16.0,3D,2025-08-20 19:34:04-04:00,POINT (-81.051503 33.975568)
2025-08-20 23:34:09 UTC,sensor07,236476538,28.68,67.25,2025-08-20 23:34:09+00:00,33.975708,-81.051208,62.4,5.88,0.1,0.0,16.0,3D,2025-08-20 19:34:09-04:00,POINT (-81.051208 33.975708)
2025-08-20 23:34:14 UTC,sensor07,236476538,28.75,67.33,2025-08-20 23:34:14+00:00,33.975838,-81.050933,62.0,5.52,-0.1,0.0,4.0,3D,2025-08-20 19:34:14-04:00,POINT (-81.050933 33.975838)
2025-08-20 23:34:19 UTC,sensor07,236476538,28.69,67.14,2025-08-20 23:34:19+00:00,33.975938,-81.050737,62.2,3.19,0.2,0.0,4.0,3D,2025-08-20 19:34:19-04:00,POINT (-81.050737 33.975938)
2025-08-20 23:34:24 UTC,sensor07,236476538,28.62,67.28,2025-08-20 23:34:24+00:00,33.976075,-81.050775,61.9,4.21,-0.2,0.0,8.0,3D,2025-08-20 19:34:24-04:00,POINT (-81.050775 33.976075)
2025-08-20 23:34:29 UTC,sensor07,236476538,28.59,67.75,2025-08-20 23:34:29+00:00,33.976317,-81.050887,61.3,5.9,0.1,0.0,9.0,3D,2025-08-20 19:34:29-04:00,POINT (-81.050887 33.976317)
2025-08-20 23:34:34 UTC,sensor07,236476538,28.62,67.54,2025-08-20 23:34:34+00:00,33.976623,-81.051023,61.2,6.64,0.0,0.0,9.0,3D,2025-08-20 19:34:34-04:00,POINT (-81.051023 33.976623)
2025-08-20 23:34:39 UTC,sensor07,236476538,28.62,67.35,2025-08-20 23:34:39+00:00,33.9769,-81.05114,61.5,6.65,-0.3,0.0,13.0,3D,2025-08-20 19:34:39-04:00,POINT (-81.05114 33.9769)
2025-08-20 23:34:44 UTC,sensor07,236476538,28.59,67.48,2025-08-20 23:34:44+00:00,33.977233,-81.051293,62.8,7.84,-0.2,0.0,16.0,3D,2025-08-20 19:34:44-04:00,POINT (-81.051293 33.977233)
2025-08-20 23:34:49 UTC,sensor07,236476538,28.67,67.26,2025-08-20 23:34:49+00:00,33.977568,-81.051425,62.1,6.82,0.1,0.0,16.0,3D,2025-08-20 19:34:49-04:00,POINT (-81.051425 33.977568)
2025-08-20 23:34:54 UTC,sensor07,236476538,28.64,67.18,2025-08-20 23:34:54+00:00,33.977853,-81.051542,62.8,6.36,0.3,341.63,16.0,3D,2025-08-20 19:34:54-04:00,POINT (-81.051542 33.977853)
2025-08-20 23:34:59 UTC,sensor07,236476538,28.66,67.47,2025-08-20 23:34:59+00:00,33.978172,-81.05164,64.2,7.05,0.3,344.33,16.0,3D,2025-08-20 19:34:59-04:00,POINT (-81.05164 33.978172)
2025-08-20 23:35:05 UTC,sensor07,236476538,28.64,67.34,2025-08-20 23:35:04+00:00,33.978493,-81.05171,63.1,6.98,-0.3,348.03,16.0,3D,2025-08-20 19:35:04-04:00,POINT (-81.05171 33.978493)
2025-08-20 23:35:10 UTC,sensor07,236476538,28.71,67.23,2025-08-20 23:35:09+00:00,33.978712,-81.051745,61.3,3.46,-0.4,349.61,16.0,3D,2025-08-20 19:35:09-04:00,POINT (-81.051745 33.978712)
2025-08-20 23:35:15 UTC,sensor07,236476538,28.86,67.12,2025-08-20 23:35:14+00:00,33.978957,-81.051787,58.7,6.63,0.1,355.94,16.0,3D,2025-08-20 19:35:14-04:00,POINT (-81.051787 33.978957)
2025-08-20 23:35:20 UTC,sensor07,236476538,28.75,67.58,2025-08-20 23:35:19+00:00,33.979242,-81.05173,57.2,6.88,-0.3,20.28,16.0,3D,2025-08-20 19:35:19-04:00,POINT (-81.05173 33.979242)
2025-08-20 23:35:25 UTC,sensor07,236476538,28.68,67.91,2025-08-20 23:35:24+00:00,33.97954,-81.051605,57.6,7.01,-0.1,17.74,16.0,3D,2025-08-20 19:35:24-04:00,POINT (-81.051605 33.97954)
2025-08-20 23:35:30 UTC,sensor07,236476538,28.64,67.44,2025-08-20 23:35:29+00:00,33.979802,-81.05148,58.6,6.31,0.5,21.59,16.0,3D,2025-08-20 19:35:29-04:00,POINT (-81.05148 33.979802)
2025-08-20 23:35:35 UTC,sensor07,236476538,28.63,67.4,2025-08-20 23:35:34+00:00,33.980085,-81.05131,59.9,7.06,0.2,27.07,16.0,3D,2025-08-20 19:35:34-04:00,POINT (-81.05131 33.980085)
2025-08-20 23:35:40 UTC,sensor07,236476538,28.65,67.06,2025-08-20 23:35:39+00:00,33.980397,-81.051148,62.1,7.15,0.4,17.37,16.0,3D,2025-08-20 19:35:39-04:00,POINT (-81.051148 33.980397)
2025-08-20 23:35:45 UTC,sensor07,236476538,28.62,67.69,2025-08-20 23:35:44+00:00,33.980727,-81.051142,64.3,7.79,0.6,354.39,16.0,3D,2025-08-20 19:35:44-04:00,POINT (-81.051142 33.980727)
2025-08-20 23:35:50 UTC,sensor07,236476538,28.71,67.57,2025-08-20 23:35:49+00:00,33.981067,-81.051195,65.3,7.22,0.3,352.41,16.0,3D,2025-08-20 19:35:49-04:00,POINT (-81.051195 33.981067)
2025-08-20 23:35:55 UTC,sensor07,236476538,28.72,66.77,2025-08-20 23:35:54+00:00,33.981388,-81.051267,65.1,6.91,0.2,350.07,16.0,3D,2025-08-20 19:35:54-04:00,POINT (-81.051267 33.981388)
2025-08-20 23:36:00 UTC,sensor07,236476538,28.65,67.17,2025-08-20 23:36:00+00:00,33.981722,-81.05133,63.8,4.11,-0.5,0.0,16.0,3D,2025-08-20 19:36:00-04:00,POINT (-81.05133 33.981722)
2025-08-20 23:36:05 UTC,sensor07,236476538,28.74,67.57,2025-08-20 23:36:05+00:00,33.981883,-81.051357,61.4,5.23,-0.2,0.0,16.0,3D,2025-08-20 19:36:05-04:00,POINT (-81.051357 33.981883)
2025-08-20 23:36:10 UTC,sensor07,236476538,28.6,67.79,2025-08-20 23:36:10+00:00,33.982193,-81.051398,61.5,7.22,0.1,0.0,16.0,3D,2025-08-20 19:36:10-04:00,POINT (-81.051398 33.982193)
2025-08-20 23:36:15 UTC,sensor07,236476538,28.67,67.93,2025-08-20 23:36:15+00:00,33.98244,-81.051442,62.5,4.07,0.0,0.0,16.0,3D,2025-08-20 19:36:15-04:00,POINT (-81.051442 33.98244)
2025-08-20 23:36:20 UTC,sensor07,236476538,28.64,67.59,2025-08-20 23:36:20+00:00,33.982507,-81.051328,62.0,3.78,-0.2,81.33,16.0,3D,2025-08-20 19:36:20-04:00,POINT (-81.051328 33.982507)
2025-08-20 23:36:25 UTC,sensor07,236476538,28.62,67.3,2025-08-20 23:36:25+00:00,33.982532,-81.050975,63.1,6.71,0.1,81.53,16.0,3D,2025-08-20 19:36:25-04:00,POINT (-81.050975 33.982532)
2025-08-20 23:36:30 UTC,sensor07,236476538,28.48,68.29,2025-08-20 23:36:30+00:00,33.982575,-81.050648,64.8,5.36,-0.1,80.62,16.0,3D,2025-08-20 19:36:30-04:00,POINT (-81.050648 33.982575)
2025-08-20 23:36:35 UTC,sensor07,236476538,28.38,68.27,2025-08-20 23:36:35+00:00,33.982615,-81.050383,65.6,4.49,-0.2,65.81,16.0,3D,2025-08-20 19:36:35-04:00,POINT (-81.050383 33.982615)
2025-08-20 23:36:40 UTC,sensor07,236476538,28.43,68.07,2025-08-20 23:36:40+00:00,33.982793,-81.050313,64.3,4.54,-0.3,359.67,16.0,3D,2025-08-20 19:36:40-04:00,POINT (-81.050313 33.982793)
2025-08-20 23:36:45 UTC,sensor07,236476538,28.44,67.95,2025-08-20 23:36:45+00:00,33.983073,-81.050368,65.1,6.35,0.2,352.05,16.0,3D,2025-08-20 19:36:45-04:00,POINT (-81.050368 33.983073)
2025-08-20 23:36:50 UTC,sensor07,236476538,28.44,68.52,2025-08-20 23:36:50+00:00,33.983368,-81.050435,65.3,6.42,0.0,350.12,16.0,3D,2025-08-20 19:36:50-04:00,POINT (-81.050435 33.983368)
2025-08-20 23:36:55 UTC,sensor07,236476538,28.42,68.64,2025-08-20 23:36:55+00:00,33.983602,-81.05047,65.6,4.67,-0.1,349.84,16.0,3D,2025-08-20 19:36:55-04:00,POINT (-81.05047 33.983602)
2025-08-20 23:37:00 UTC,sensor07,236476538,27.88,71.25,2025-08-20 23:37:00+00:00,33.98389,-81.05052,66.3,6.63,0.1,349.7,16.0,3D,2025-08-20 19:37:00-04:00,POINT (-81.05052 33.98389)
2025-08-20 23:37:05 UTC,sensor07,236476538,27.6,74.29,2025-08-20 23:37:05+00:00,33.984133,-81.050632,66.2,4.28,0.0,339.26,15.0,3D,2025-08-20 19:37:05-04:00,POINT (-81.050632 33.984133)
2025-08-20 23:37:10 UTC,sensor07,236476538,27.52,74.84,2025-08-20 23:37:10+00:00,33.984258,-81.050642,64.0,2.87,-0.4,21.57,15.0,3D,2025-08-20 19:37:10-04:00,POINT (-81.050642 33.984258)
2025-08-20 23:37:16 UTC,sensor07,236476538,27.19,76.68,2025-08-20 23:37:15+00:00,33.984373,-81.050408,62.3,5.27,0.0,73.27,15.0,3D,2025-08-20 19:37:15-04:00,POINT (-81.050408 33.984373)
2025-08-20 23:37:21 UTC,sensor07,236476538,27.03,78.11,2025-08-20 23:37:20+00:00,33.984402,-81.050118,61.4,4.89,-0.1,81.22,15.0,3D,2025-08-20 19:37:20-04:00,POINT (-81.050118 33.984402)
2025-08-20 23:37:26 UTC,sensor07,236476538,26.99,78.15,2025-08-20 23:37:25+00:00,33.98445,-81.049857,61.2,4.42,0.0,66.55,15.0,3D,2025-08-20 19:37:25-04:00,POINT (-81.049857 33.98445)
2025-08-20 23:37:31 UTC,sensor07,236476538,27.2,75.24,2025-08-20 23:37:30+00:00,33.984575,-81.049578,63.1,5.33,0.4,48.16,15.0,3D,2025-08-20 19:37:30-04:00,POINT (-81.049578 33.984575)
2025-08-20 23:37:36 UTC,sensor07,236476538,27.37,73.85,2025-08-20 23:37:35+00:00,33.984725,-81.049428,65.1,4.0,0.3,21.04,15.0,3D,2025-08-20 19:37:35-04:00,POINT (-81.049428 33.984725)
2025-08-20 23:37:41 UTC,sensor07,236476538,27.54,72.85,2025-08-20 23:37:40+00:00,33.984948,-81.049375,66.4,5.9,0.1,5.33,15.0,3D,2025-08-20 19:37:40-04:00,POINT (-81.049375 33.984948)
2025-08-20 23:37:46 UTC,sensor07,236476538,27.69,72.05,2025-08-20 23:37:45+00:00,33.985243,-81.049395,67.7,6.38,0.3,350.2,15.0,3D,2025-08-20 19:37:45-04:00,POINT (-81.049395 33.985243)
2025-08-20 23:37:51 UTC,sensor07,236476538,27.88,71.2,2025-08-20 23:37:50+00:00,33.985502,-81.049477,66.0,5.24,-0.3,344.04,15.0,3D,2025-08-20 19:37:50-04:00,POINT (-81.049477 33.985502)
2025-08-20 23:37:56 UTC,sensor07,236476538,28.03,70.18,2025-08-20 23:37:55+00:00,33.985672,-81.049538,66.5,2.59,0.5,331.83,15.0,3D,2025-08-20 19:37:55-04:00,POINT (-81.049538 33.985672)
2025-08-20 23:38:01 UTC,sensor07,236476538,28.17,69.91,2025-08-20 23:38:01+00:00,33.9857,-81.049733,67.2,4.3,0.0,0.0,15.0,3D,2025-08-20 19:38:01-04:00,POINT (-81.049733 33.9857)
2025-08-20 23:38:06 UTC,sensor07,236476538,28.29,69.31,2025-08-20 23:38:06+00:00,33.985573,-81.050033,64.2,7.41,-0.7,0.0,15.0,3D,2025-08-20 19:38:06-04:00,POINT (-81.050033 33.985573)
2025-08-20 23:38:11 UTC,sensor07,236476538,28.52,68.75,2025-08-20 23:38:11+00:00,33.98541,-81.050373,60.4,7.22,-0.8,0.0,15.0,3D,2025-08-20 19:38:11-04:00,POINT (-81.050373 33.98541)
2025-08-20 23:38:16 UTC,sensor07,236476538,28.57,68.03,2025-08-20 23:38:16+00:00,33.985295,-81.05069,56.7,6.26,-0.6,0.0,15.0,3D,2025-08-20 19:38:16-04:00,POINT (-81.05069 33.985295)
2025-08-20 23:38:21 UTC,sensor07,236476538,28.61,67.85,2025-08-20 23:38:21+00:00,33.985195,-81.051047,53.8,7.69,-0.5,0.0,15.0,3D,2025-08-20 19:38:21-04:00,POINT (-81.051047 33.985195)
2025-08-20 23:38:26 UTC,sensor07,236476538,28.57,68.12,2025-08-20 23:38:26+00:00,33.985095,-81.0514,51.6,6.73,-0.4,0.0,15.0,3D,2025-08-20 19:38:26-04:00,POINT (-81.0514 33.985095)
2025-08-20 23:38:31 UTC,sensor07,236476538,28.49,68.37,2025-08-20 23:38:31+00:00,33.985007,-81.051708,50.3,6.34,-0.3,251.34,15.0,3D,2025-08-20 19:38:31-04:00,POINT (-81.051708 33.985007)
2025-08-20 23:38:36 UTC,sensor07,236476538,28.48,68.3,2025-08-20 23:38:36+00:00,33.984963,-81.05202,49.8,3.95,0.2,255.59,15.0,3D,2025-08-20 19:38:36-04:00,POINT (-81.05202 33.984963)
2025-08-20 23:38:46 UTC,sensor07,236476538,28.51,68.13,2025-08-20 23:38:46+00:00,33.984933,-81.052203,51.8,3.49,0.8,265.01,15.0,3D,2025-08-20 19:38:46-04:00,POINT (-81.052203 33.984933)
2025-08-20 23:38:51 UTC,sensor07,236476538,28.57,67.8,2025-08-20 23:38:51+00:00,33.98493,-81.052432,54.8,4.59,0.2,261.52,15.0,3D,2025-08-20 19:38:51-04:00,POINT (-81.052432 33.98493)
2025-08-20 23:38:56 UTC,sensor07,236476538,28.64,68.04,2025-08-20 23:38:56+00:00,33.984898,-81.05273,56.1,5.84,0.2,258.1,15.0,3D,2025-08-20 19:38:56-04:00,POINT (-81.05273 33.984898)
2025-08-20 23:39:01 UTC,sensor07,236476538,28.64,68.4,2025-08-20 23:39:01+00:00,33.984833,-81.053082,56.0,6.35,-0.2,250.64,15.0,3D,2025-08-20 19:39:01-04:00,POINT (-81.053082 33.984833)
2025-08-20 23:39:06 UTC,sensor07,236476538,28.67,68.03,2025-08-20 23:39:06+00:00,33.984792,-81.053407,56.0,5.42,0.0,258.74,15.0,3D,2025-08-20 19:39:06-04:00,POINT (-81.053407 33.984792)
2025-08-20 23:39:11 UTC,sensor07,236476538,28.66,68.18,2025-08-20 23:39:11+00:00,33.98478,-81.053693,55.8,4.8,0.0,263.88,15.0,3D,2025-08-20 19:39:11-04:00,POINT (-81.053693 33.98478)
2025-08-20 23:39:16 UTC,sensor07,236476538,28.65,68.01,2025-08-20 23:39:16+00:00,33.984793,-81.054022,55.2,5.76,-0.1,269.6,15.0,3D,2025-08-20 19:39:16-04:00,POINT (-81.054022 33.984793)
2025-08-20 23:39:21 UTC,sensor07,236476538,28.71,68.1,2025-08-20 23:39:21+00:00,33.984793,-81.054315,54.7,4.56,-0.7,262.15,15.0,3D,2025-08-20 19:39:21-04:00,POINT (-81.054315 33.984793)
2025-08-20 23:39:27 UTC,sensor07,236476538,28.72,68.2,2025-08-20 23:39:26+00:00,33.984783,-81.054515,52.4,2.59,-0.1,212.98,15.0,3D,2025-08-20 19:39:26-04:00,POINT (-81.054515 33.984783)
2025-08-20 23:39:32 UTC,sensor07,236476538,28.72,68.67,2025-08-20 23:39:31+00:00,33.984685,-81.054522,53.1,2.57,0.3,167.43,15.0,3D,2025-08-20 19:39:31-04:00,POINT (-81.054522 33.984685)
2025-08-20 23:39:37 UTC,sensor07,236476538,28.8,69.02,2025-08-20 23:39:36+00:00,33.984565,-81.054493,54.7,2.67,0.1,164.84,15.0,3D,2025-08-20 19:39:36-04:00,POINT (-81.054493 33.984565)
2025-08-20 23:39:42 UTC,sensor07,236476538,29.04,69.34,2025-08-20 23:39:41+00:00,33.984435,-81.054467,56.5,3.43,0.3,170.11,15.0,3D,2025-08-20 19:39:41-04:00,POINT (-81.054467 33.984435)
2025-08-20 23:39:47 UTC,sensor07,236476538,29.21,68.07,2025-08-20 23:39:46+00:00,33.984237,-81.054413,56.1,5.08,-0.2,166.92,15.0,3D,2025-08-20 19:39:46-04:00,POINT (-81.054413 33.984237)
2025-08-20 23:39:52 UTC,sensor07,236476538,28.91,68.16,2025-08-20 23:39:51+00:00,33.983975,-81.054335,57.1,6.57,0.2,166.26,15.0,3D,2025-08-20 19:39:51-04:00,POINT (-81.054335 33.983975)
2025-08-20 23:39:57 UTC,sensor07,236476538,28.84,68.32,2025-08-20 23:39:56+00:00,33.983677,-81.05426,57.5,6.77,-0.1,0.0,15.0,3D,2025-08-20 19:39:56-04:00,POINT (-81.05426 33.983677)
2025-08-20 23:40:02 UTC,sensor07,236476538,28.79,67.88,2025-08-20 23:39:59+00:00,33.983522,-81.054232,0.0,4.33,0.0,172.34,15.0,3D,2025-08-20 19:39:59-04:00,POINT (-81.054232 33.983522)
2025-08-20 23:40:07 UTC,sensor07,236476538,28.72,67.43,2025-08-20 23:40:06+00:00,33.98327,-81.05416,58.1,5.52,-0.4,167.23,15.0,3D,2025-08-20 19:40:06-04:00,POINT (-81.05416 33.98327)
2025-08-20 23:40:12 UTC,sensor07,236476538,28.71,67.65,2025-08-20 23:40:11+00:00,33.983012,-81.054115,58.8,5.35,0.5,168.64,15.0,3D,2025-08-20 19:40:11-04:00,POINT (-81.054115 33.983012)
2025-08-20 23:40:17 UTC,sensor07,236476538,28.67,67.58,2025-08-20 23:40:17+00:00,33.98278,-81.054045,60.5,3.36,0.4,0.0,15.0,3D,2025-08-20 19:40:17-04:00,POINT (-81.054045 33.98278)
2025-08-20 23:40:22 UTC,sensor07,236476538,28.7,67.44,2025-08-20 23:40:22+00:00,33.982668,-81.054145,62.8,3.5,-0.5,255.08,15.0,3D,2025-08-20 19:40:22-04:00,POINT (-81.054145 33.982668)
2025-08-20 23:40:27 UTC,sensor07,236476538,28.71,67.42,2025-08-20 23:40:27+00:00,33.982667,-81.054295,62.7,3.09,-0.2,258.05,15.0,3D,2025-08-20 19:40:27-04:00,POINT (-81.054295 33.982667)
2025-08-20 23:40:32 UTC,sensor07,236476538,28.71,67.58,2025-08-20 23:40:32+00:00,33.982627,-81.05455,61.9,5.97,0.2,255.81,15.0,3D,2025-08-20 19:40:32-04:00,POINT (-81.05455 33.982627)
2025-08-20 23:40:38 UTC,sensor07,236476538,28.74,68.0,2025-08-20 23:40:37+00:00,33.982563,-81.05487,63.1,5.87,0.0,259.46,15.0,3D,2025-08-20 19:40:37-04:00,POINT (-81.05487 33.982563)
2025-08-20 23:40:43 UTC,sensor07,236476538,28.74,67.97,2025-08-20 23:40:42+00:00,33.98251,-81.055158,63.8,4.39,-0.1,258.73,15.0,3D,2025-08-20 19:40:42-04:00,POINT (-81.055158 33.98251)
2025-08-20 23:40:53 UTC,sensor07,236476538,28.9,68.09,2025-08-20 23:40:53+00:00,33.982467,-81.055432,63.3,3.51,0.0,0.0,15.0,3D,2025-08-20 19:40:53-04:00,POINT (-81.055432 33.982467)
2025-08-20 23:40:58 UTC,sensor07,236476538,28.94,67.29,2025-08-20 23:40:58+00:00,33.982445,-81.055622,63.7,3.39,0.1,0.0,15.0,3D,2025-08-20 19:40:58-04:00,POINT (-81.055622 33.982445)
2025-08-20 23:41:03 UTC,sensor07,236476538,29.04,66.99,2025-08-20 23:41:03+00:00,33.982342,-81.055703,64.0,2.99,0.2,177.55,15.0,3D,2025-08-20 19:41:03-04:00,POINT (-81.055703 33.982342)
2025-08-20 23:41:08 UTC,sensor07,236476538,29.05,66.57,2025-08-20 23:41:08+00:00,33.982155,-81.055653,64.9,4.18,0.1,167.97,15.0,3D,2025-08-20 19:41:08-04:00,POINT (-81.055653 33.982155)
2025-08-20 23:41:13 UTC,sensor07,236476538,29.13,66.29,2025-08-20 23:41:13+00:00,33.981965,-81.0556,67.4,4.79,0.3,167.27,15.0,3D,2025-08-20 19:41:13-04:00,POINT (-81.0556 33.981965)
2025-08-20 23:41:18 UTC,sensor07,236476538,29.09,66.23,2025-08-20 23:41:18+00:00,33.981742,-81.055537,68.4,4.9,0.4,169.73,15.0,3D,2025-08-20 19:41:18-04:00,POINT (-81.055537 33.981742)
2025-08-20 23:41:24 UTC,sensor07,236476538,29.1,66.28,2025-08-20 23:41:23+00:00,33.981523,-81.055482,69.5,4.88,0.4,168.14,15.0,3D,2025-08-20 19:41:23-04:00,POINT (-81.055482 33.981523)
2025-08-20 23:41:29 UTC,sensor07,236476538,29.11,66.1,2025-08-20 23:41:28+00:00,33.9813,-81.055418,68.6,5.17,0.0,166.69,15.0,3D,2025-08-20 19:41:28-04:00,POINT (-81.055418 33.9813)
2025-08-20 23:41:39 UTC,sensor07,236476538,29.16,65.95,2025-08-20 23:41:39+00:00,33.981032,-81.055455,69.8,3.42,-0.5,0.0,15.0,3D,2025-08-20 19:41:39-04:00,POINT (-81.055455 33.981032)
2025-08-20 23:41:44 UTC,sensor07,236476538,29.22,65.89,2025-08-20 23:41:44+00:00,33.98099,-81.055632,68.0,2.87,-0.5,0.0,4.0,3D,2025-08-20 19:41:44-04:00,POINT (-81.055632 33.98099)
2025-08-20 23:41:54 UTC,sensor07,236476538,29.31,65.55,2025-08-20 23:41:54+00:00,33.980855,-81.055835,65.2,5.24,-0.3,0.0,15.0,3D,2025-08-20 19:41:54-04:00,POINT (-81.055835 33.980855)
2025-08-20 23:41:59 UTC,sensor07,236476538,29.22,65.67,2025-08-20 23:41:56+00:00,33.980843,-81.05597,65.2,6.29,0.1,258.3,15.0,3D,2025-08-20 19:41:56-04:00,POINT (-81.05597 33.980843)
2025-08-20 23:42:05 UTC,sensor07,236476538,29.06,66.36,2025-08-20 23:42:04+00:00,33.980763,-81.056523,67.4,5.82,0.1,258.55,16.0,3D,2025-08-20 19:42:04-04:00,POINT (-81.056523 33.980763)
2025-08-20 23:42:10 UTC,sensor07,236476538,29.04,66.46,2025-08-20 23:42:09+00:00,33.980678,-81.056763,66.9,4.41,0.2,215.56,16.0,3D,2025-08-20 19:42:09-04:00,POINT (-81.056763 33.980678)
2025-08-20 23:42:15 UTC,sensor07,236476538,29.12,66.18,2025-08-20 23:42:14+00:00,33.980425,-81.056733,69.0,5.73,0.4,169.65,16.0,3D,2025-08-20 19:42:14-04:00,POINT (-81.056733 33.980425)
2025-08-20 23:42:20 UTC,sensor07,236476538,29.04,65.97,2025-08-20 23:42:20+00:00,33.980123,-81.056657,70.3,4.53,-0.2,0.0,16.0,3D,2025-08-20 19:42:20-04:00,POINT (-81.056657 33.980123)
2025-08-20 23:42:25 UTC,sensor07,236476538,29.05,66.2,2025-08-20 23:42:25+00:00,33.980002,-81.056653,69.7,2.7,-0.1,0.0,16.0,3D,2025-08-20 19:42:25-04:00,POINT (-81.056653 33.980002)
2025-08-20 23:42:30 UTC,sensor07,236476538,28.99,66.25,2025-08-20 23:42:30+00:00,33.979938,-81.056893,69.1,6.46,-0.5,256.46,16.0,3D,2025-08-20 19:42:30-04:00,POINT (-81.056893 33.979938)
2025-08-20 23:42:35 UTC,sensor07,236476538,28.91,66.62,2025-08-20 23:42:35+00:00,33.979882,-81.057258,68.4,7.09,-0.1,258.16,16.0,3D,2025-08-20 19:42:35-04:00,POINT (-81.057258 33.979882)
2025-08-20 23:42:40 UTC,sensor07,236476538,28.82,66.92,2025-08-20 23:42:40+00:00,33.979808,-81.057638,67.7,6.76,-0.1,256.43,16.0,3D,2025-08-20 19:42:40-04:00,POINT (-81.057638 33.979808)
2025-08-20 23:42:46 UTC,sensor07,236476538,28.88,66.88,2025-08-20 23:42:45+00:00,33.97975,-81.057978,68.1,6.16,0.1,258.48,16.0,3D,2025-08-20 19:42:45-04:00,POINT (-81.057978 33.97975)
2025-08-20 23:42:51 UTC,sensor07,236476538,28.85,66.43,2025-08-20 23:42:50+00:00,33.979708,-81.058273,68.1,4.43,-0.3,264.4,16.0,3D,2025-08-20 19:42:50-04:00,POINT (-81.058273 33.979708)
2025-08-20 23:42:56 UTC,sensor07,236476538,28.86,66.34,2025-08-20 23:42:55+00:00,33.979795,-81.058408,66.4,4.61,-0.4,344.16,16.0,3D,2025-08-20 19:42:55-04:00,POINT (-81.058408 33.979795)
2025-08-20 23:43:01 UTC,sensor07,236476538,28.8,66.44,2025-08-20 23:43:00+00:00,33.980075,-81.058463,65.1,6.54,-0.4,349.82,16.0,3D,2025-08-20 19:43:00-04:00,POINT (-81.058463 33.980075)
2025-08-20 23:43:06 UTC,sensor07,236476538,28.74,66.7,2025-08-20 23:43:06+00:00,33.98044,-81.058518,65.9,7.19,0.0,0.0,16.0,3D,2025-08-20 19:43:06-04:00,POINT (-81.058518 33.98044)
2025-08-20 23:43:11 UTC,sensor07,236476538,28.71,66.79,2025-08-20 23:43:11+00:00,33.980717,-81.058608,64.7,6.11,-0.2,348.0,16.0,3D,2025-08-20 19:43:11-04:00,POINT (-81.058608 33.980717)
2025-08-20 23:43:16 UTC,sensor07,236476538,28.69,66.79,2025-08-20 23:43:16+00:00,33.981015,-81.058677,63.3,7.32,-0.2,347.49,16.0,3D,2025-08-20 19:43:16-04:00,POINT (-81.058677 33.981015)
2025-08-20 23:43:21 UTC,sensor07,236476538,28.7,66.97,2025-08-20 23:43:21+00:00,33.981328,-81.058758,62.3,6.73,-0.2,349.08,16.0,3D,2025-08-20 19:43:21-04:00,POINT (-81.058758 33.981328)
2025-08-20 23:43:27 UTC,sensor07,236476538,28.7,66.8,2025-08-20 23:43:26+00:00,33.981632,-81.058875,62.2,6.58,0.2,343.92,16.0,3D,2025-08-20 19:43:26-04:00,POINT (-81.058875 33.981632)
2025-08-20 23:43:32 UTC,sensor07,236476538,28.7,66.83,2025-08-20 23:43:31+00:00,33.981892,-81.059025,62.7,5.95,0.0,332.07,16.0,3D,2025-08-20 19:43:31-04:00,POINT (-81.059025 33.981892)
2025-08-20 23:43:37 UTC,sensor07,236476538,28.71,66.95,2025-08-20 23:43:36+00:00,33.982117,-81.05918,62.9,5.6,0.3,328.68,16.0,3D,2025-08-20 19:43:36-04:00,POINT (-81.05918 33.982117)
2025-08-20 23:43:42 UTC,sensor07,236476538,28.69,67.26,2025-08-20 23:43:41+00:00,33.982323,-81.05931,63.8,4.05,0.3,328.18,16.0,3D,2025-08-20 19:43:41-04:00,POINT (-81.05931 33.982323)
2025-08-20 23:43:47 UTC,sensor07,236476538,28.66,67.15,2025-08-20 23:43:47+00:00,33.982422,-81.059382,66.2,3.01,0.8,0.0,16.0,3D,2025-08-20 19:43:47-04:00,POINT (-81.059382 33.982422)
2025-08-20 23:43:52 UTC,sensor07,236476538,28.66,67.45,2025-08-20 23:43:52+00:00,33.98266,-81.059565,67.1,7.19,-0.2,326.14,16.0,3D,2025-08-20 19:43:52-04:00,POINT (-81.059565 33.98266)
2025-08-20 23:43:57 UTC,sensor07,236476538,28.69,67.26,2025-08-20 23:43:56+00:00,33.982878,-81.059717,67.1,6.44,0.2,332.04,16.0,3D,2025-08-20 19:43:56-04:00,POINT (-81.059717 33.982878)
2025-08-20 23:44:02 UTC,sensor07,236476538,28.82,67.29,2025-08-20 23:43:56+00:00,33.982878,-81.059717,67.1,6.44,0.2,332.04,16.0,3D,2025-08-20 19:43:56-04:00,POINT (-81.059717 33.982878)
2025-08-20 23:44:18 UTC,sensor07,236476538,28.93,66.59,2025-08-20 23:44:17+00:00,33.983268,-81.059952,69.7,2.4,0.1,38.96,16.0,3D,2025-08-20 19:44:17-04:00,POINT (-81.059952 33.983268)
2025-08-20 23:44:23 UTC,sensor07,236476538,29.04,66.41,2025-08-20 23:44:22+00:00,33.98341,-81.059653,67.8,8.4,-0.6,59.26,16.0,3D,2025-08-20 19:44:22-04:00,POINT (-81.059653 33.98341)
2025-08-20 23:44:28 UTC,sensor07,236476538,29.16,66.06,2025-08-20 23:44:28+00:00,33.983645,-81.059107,65.8,10.19,-0.6,0.0,16.0,3D,2025-08-20 19:44:28-04:00,POINT (-81.059107 33.983645)
2025-08-20 23:44:33 UTC,sensor07,236476538,29.19,65.92,2025-08-20 23:44:33+00:00,33.983863,-81.058677,66.6,8.88,1.0,0.0,16.0,3D,2025-08-20 19:44:33-04:00,POINT (-81.058677 33.983863)
2025-08-20 23:44:38 UTC,sensor07,236476538,29.22,66.06,2025-08-20 23:44:38+00:00,33.984082,-81.05825,67.4,9.15,-0.2,61.02,16.0,3D,2025-08-20 19:44:38-04:00,POINT (-81.05825 33.984082)
2025-08-20 23:44:43 UTC,sensor07,236476538,29.13,66.51,2025-08-20 23:44:43+00:00,33.984288,-81.057818,67.1,9.15,0.0,58.76,16.0,3D,2025-08-20 19:44:43-04:00,POINT (-81.057818 33.984288)
2025-08-20 23:44:48 UTC,sensor07,236476538,29.25,66.25,2025-08-20 23:44:48+00:00,33.984473,-81.057382,62.7,8.53,-1.2,60.88,16.0,3D,2025-08-20 19:44:48-04:00,POINT (-81.057382 33.984473)
2025-08-20 23:44:54 UTC,sensor07,236476538,29.19,65.35,2025-08-20 23:44:53+00:00,33.984653,-81.05696,57.6,8.65,-0.5,60.98,16.0,3D,2025-08-20 19:44:53-04:00,POINT (-81.05696 33.984653)
2025-08-20 23:44:59 UTC,sensor07,236476538,29.28,65.01,2025-08-20 23:44:58+00:00,33.984823,-81.056617,56.6,6.2,0.4,58.28,16.0,3D,2025-08-20 19:44:58-04:00,POINT (-81.056617 33.984823)
2025-08-20 23:45:04 UTC,sensor07,236476538,29.5,65.12,2025-08-20 23:45:03+00:00,33.984985,-81.056298,58.0,7.89,0.2,61.61,16.0,3D,2025-08-20 19:45:03-04:00,POINT (-81.056298 33.984985)
2025-08-20 23:45:09 UTC,sensor07,236476538,29.61,64.25,2025-08-20 23:45:08+00:00,33.985148,-81.055902,59.4,8.58,-0.1,65.03,16.0,3D,2025-08-20 19:45:08-04:00,POINT (-81.055902 33.985148)
2025-08-20 23:45:14 UTC,sensor07,236476538,29.43,64.3,2025-08-20 23:45:14+00:00,33.985332,-81.055307,59.3,10.44,0.3,0.0,16.0,3D,2025-08-20 19:45:14-04:00,POINT (-81.055307 33.985332)
2025-08-20 23:45:19 UTC,sensor07,236476538,29.55,64.23,2025-08-20 23:45:19+00:00,33.985493,-81.054768,59.4,10.99,0.5,0.0,8.0,3D,2025-08-20 19:45:19-04:00,POINT (-81.054768 33.985493)
2025-08-20 23:45:24 UTC,sensor07,236476538,29.65,64.18,2025-08-20 23:45:24+00:00,33.985665,-81.054245,59.7,10.32,-0.1,0.0,14.0,3D,2025-08-20 19:45:24-04:00,POINT (-81.054245 33.985665)
2025-08-20 23:45:29 UTC,sensor07,236476538,29.78,63.64,2025-08-20 23:45:29+00:00,33.985833,-81.053702,60.1,10.64,-0.5,0.0,16.0,3D,2025-08-20 19:45:29-04:00,POINT (-81.053702 33.985833)
2025-08-20 23:45:34 UTC,sensor07,236476538,29.64,63.58,2025-08-20 23:45:34+00:00,33.985977,-81.053178,60.4,10.41,-0.2,71.28,16.0,3D,2025-08-20 19:45:34-04:00,POINT (-81.053178 33.985977)
2025-08-20 23:45:40 UTC,sensor07,236476538,29.45,63.86,2025-08-20 23:45:39+00:00,33.986133,-81.052652,62.3,10.58,0.1,71.27,16.0,3D,2025-08-20 19:45:39-04:00,POINT (-81.052652 33.986133)
2025-08-20 23:45:45 UTC,sensor07,236476538,29.26,64.49,2025-08-20 23:45:44+00:00,33.98633,-81.052145,62.4,10.39,-0.2,67.54,16.0,3D,2025-08-20 19:45:44-04:00,POINT (-81.052145 33.98633)
2025-08-20 23:45:50 UTC,sensor07,236476538,29.33,64.98,2025-08-20 23:45:49+00:00,33.986472,-81.051525,62.1,11.79,-0.7,70.03,16.0,3D,2025-08-20 19:45:49-04:00,POINT (-81.051525 33.986472)
2025-08-20 23:45:55 UTC,sensor07,236476538,29.42,64.74,2025-08-20 23:45:54+00:00,33.98665,-81.0509,57.6,13.1,-0.1,67.07,16.0,3D,2025-08-20 19:45:54-04:00,POINT (-81.0509 33.98665)
2025-08-20 23:46:00 UTC,sensor07,236476538,29.28,65.41,2025-08-20 23:45:56+00:00,33.986727,-81.050648,57.5,13.25,-0.1,71.01,16.0,3D,2025-08-20 19:45:56-04:00,POINT (-81.050648 33.986727)
2025-08-20 23:46:05 UTC,sensor07,236476538,29.19,65.73,2025-08-20 23:46:05+00:00,33.987053,-81.049635,54.1,11.75,-0.1,0.0,16.0,3D,2025-08-20 19:46:05-04:00,POINT (-81.049635 33.987053)
2025-08-20 23:46:10 UTC,sensor07,236476538,29.14,65.81,2025-08-20 23:46:10+00:00,33.987225,-81.049075,52.3,10.88,-0.4,0.0,16.0,3D,2025-08-20 19:46:10-04:00,POINT (-81.049075 33.987225)
2025-08-20 23:46:15 UTC,sensor07,236476538,29.05,65.92,2025-08-20 23:46:15+00:00,33.987418,-81.048458,52.0,12.21,0.0,70.77,16.0,3D,2025-08-20 19:46:15-04:00,POINT (-81.048458 33.987418)
2025-08-20 23:46:20 UTC,sensor07,236476538,29.06,65.64,2025-08-20 23:46:20+00:00,33.987598,-81.047853,52.7,11.54,0.9,70.15,16.0,3D,2025-08-20 19:46:20-04:00,POINT (-81.047853 33.987598)
2025-08-20 23:46:25 UTC,sensor07,236476538,28.96,65.68,2025-08-20 23:46:25+00:00,33.987785,-81.047272,53.8,11.39,0.7,69.88,16.0,3D,2025-08-20 19:46:25-04:00,POINT (-81.047272 33.987785)
2025-08-20 23:46:30 UTC,sensor07,236476538,28.93,65.85,2025-08-20 23:46:30+00:00,33.98796,-81.046715,53.4,11.02,-0.3,70.33,16.0,3D,2025-08-20 19:46:30-04:00,POINT (-81.046715 33.98796)
2025-08-20 23:46:35 UTC,sensor07,236476538,28.91,65.95,2025-08-20 23:46:35+00:00,33.988128,-81.046127,53.5,11.4,-0.2,69.79,16.0,3D,2025-08-20 19:46:35-04:00,POINT (-81.046127 33.988128)
2025-08-20 23:46:41 UTC,sensor07,236476538,28.86,66.46,2025-08-20 23:46:40+00:00,33.98829,-81.045543,52.9,11.08,0.0,70.59,16.0,3D,2025-08-20 19:46:40-04:00,POINT (-81.045543 33.98829)
2025-08-20 23:46:46 UTC,sensor07,236476538,28.87,66.5,2025-08-20 23:46:45+00:00,33.988455,-81.045,52.7,11.18,0.3,70.16,16.0,3D,2025-08-20 19:46:45-04:00,POINT (-81.045 33.988455)
2025-08-20 23:46:51 UTC,sensor07,236476538,28.56,67.72,2025-08-20 23:46:50+00:00,33.9886,-81.044427,52.7,10.92,0.3,70.44,16.0,3D,2025-08-20 19:46:50-04:00,POINT (-81.044427 33.9886)
2025-08-20 23:46:56 UTC,sensor07,236476538,28.55,68.76,2025-08-20 23:46:55+00:00,33.988773,-81.043855,53.3,11.1,-0.1,70.96,16.0,3D,2025-08-20 19:46:55-04:00,POINT (-81.043855 33.988773)
2025-08-20 23:47:01 UTC,sensor07,236476538,28.73,67.3,2025-08-20 23:47:00+00:00,33.988947,-81.043317,53.6,10.95,-0.4,70.07,16.0,3D,2025-08-20 19:47:00-04:00,POINT (-81.043317 33.988947)
2025-08-20 23:47:06 UTC,sensor07,236476538,29.11,65.86,2025-08-20 23:47:06+00:00,33.98914,-81.042613,52.8,11.02,-1.1,0.0,16.0,3D,2025-08-20 19:47:06-04:00,POINT (-81.042613 33.98914)
2025-08-20 23:47:11 UTC,sensor07,236476538,29.35,64.96,2025-08-20 23:47:11+00:00,33.989238,-81.04213,51.6,8.83,0.0,0.0,16.0,3D,2025-08-20 19:47:11-04:00,POINT (-81.04213 33.989238)
2025-08-20 23:47:16 UTC,sensor07,236476538,29.56,64.27,2025-08-20 23:47:16+00:00,33.989352,-81.041747,51.7,6.4,0.0,0.0,16.0,3D,2025-08-20 19:47:16-04:00,POINT (-81.041747 33.989352)
2025-08-20 23:47:21 UTC,sensor07,236476538,29.56,63.76,2025-08-20 23:47:21+00:00,33.989415,-81.04154,51.8,2.77,0.2,70.56,16.0,3D,2025-08-20 19:47:21-04:00,POINT (-81.04154 33.989415)
2025-08-20 23:47:26 UTC,sensor07,236476538,29.86,63.52,2025-08-20 23:47:26+00:00,33.989477,-81.041357,52.5,5.87,0.0,70.94,16.0,3D,2025-08-20 19:47:26-04:00,POINT (-81.041357 33.989477)
2025-08-20 23:47:31 UTC,sensor07,236476538,29.93,62.74,2025-08-20 23:47:31+00:00,33.98961,-81.040983,51.3,8.78,0.0,70.52,16.0,3D,2025-08-20 19:47:31-04:00,POINT (-81.040983 33.98961)
2025-08-20 23:47:36 UTC,sensor07,236476538,29.98,62.62,2025-08-20 23:47:36+00:00,33.989747,-81.040498,55.2,9.79,1.0,69.21,16.0,3D,2025-08-20 19:47:36-04:00,POINT (-81.040498 33.989747)
2025-08-20 23:47:41 UTC,sensor07,236476538,29.87,62.41,2025-08-20 23:47:41+00:00,33.989898,-81.04003,58.6,9.31,0.6,69.08,16.0,3D,2025-08-20 19:47:41-04:00,POINT (-81.04003 33.989898)
2025-08-20 23:47:47 UTC,sensor07,236476538,29.99,62.51,2025-08-20 23:47:46+00:00,33.99006,-81.03956,64.0,9.5,0.7,69.36,16.0,3D,2025-08-20 19:47:46-04:00,POINT (-81.03956 33.99006)
2025-08-20 23:47:52 UTC,sensor07,236476538,30.14,62.01,2025-08-20 23:47:51+00:00,33.990228,-81.039107,68.4,9.22,0.7,69.58,16.0,3D,2025-08-20 19:47:51-04:00,POINT (-81.039107 33.990228)
2025-08-20 23:47:57 UTC,sensor07,236476538,29.8,62.29,2025-08-20 23:47:56+00:00,33.99038,-81.038623,72.3,9.79,0.7,69.19,16.0,3D,2025-08-20 19:47:56-04:00,POINT (-81.038623 33.99038)
2025-08-20 23:48:02 UTC,sensor07,236476538,29.68,62.82,2025-08-20 23:47:56+00:00,33.99038,-81.038623,72.3,9.79,0.7,69.19,16.0,3D,2025-08-20 19:47:56-04:00,POINT (-81.038623 33.99038)
2025-08-20 23:48:07 UTC,sensor07,236476538,29.69,62.93,2025-08-20 23:48:07+00:00,33.990743,-81.037465,70.5,10.59,-1.0,0.0,16.0,3D,2025-08-20 19:48:07-04:00,POINT (-81.037465 33.990743)
2025-08-20 23:48:12 UTC,sensor07,236476538,29.56,63.17,2025-08-20 23:48:12+00:00,33.990905,-81.03693,69.9,11.54,-0.3,0.0,16.0,3D,2025-08-20 19:48:12-04:00,POINT (-81.03693 33.990905)
2025-08-20 23:48:17 UTC,sensor07,236476538,29.55,63.32,2025-08-20 23:48:17+00:00,33.991067,-81.03643,68.6,10.38,0.7,0.0,16.0,3D,2025-08-20 19:48:17-04:00,POINT (-81.03643 33.991067)
2025-08-20 23:48:22 UTC,sensor07,236476538,29.61,63.42,2025-08-20 23:48:22+00:00,33.991197,-81.035898,68.2,10.11,-0.4,70.17,16.0,3D,2025-08-20 19:48:22-04:00,POINT (-81.035898 33.991197)
2025-08-20 23:48:27 UTC,sensor07,236476538,29.55,63.21,2025-08-20 23:48:27+00:00,33.991335,-81.035412,68.4,8.76,0.5,70.26,16.0,3D,2025-08-20 19:48:27-04:00,POINT (-81.035412 33.991335)
2025-08-20 23:48:32 UTC,sensor07,236476538,29.32,63.4,2025-08-20 23:48:32+00:00,33.99145,-81.035,68.4,7.67,0.0,70.64,16.0,3D,2025-08-20 19:48:32-04:00,POINT (-81.035 33.99145)
2025-08-20 23:48:37 UTC,sensor07,236476538,29.29,63.8,2025-08-20 23:48:37+00:00,33.991563,-81.034633,68.5,6.99,0.1,68.62,16.0,3D,2025-08-20 19:48:37-04:00,POINT (-81.034633 33.991563)
2025-08-20 23:48:42 UTC,sensor07,236476538,29.33,63.99,2025-08-20 23:48:42+00:00,33.991682,-81.034262,67.5,7.37,-0.2,68.53,16.0,3D,2025-08-20 19:48:42-04:00,POINT (-81.034262 33.991682)
2025-08-20 23:48:48 UTC,sensor07,236476538,29.33,64.33,2025-08-20 23:48:47+00:00,33.991805,-81.033915,69.5,6.62,0.6,66.2,16.0,3D,2025-08-20 19:48:47-04:00,POINT (-81.033915 33.991805)
2025-08-20 23:48:53 UTC,sensor07,236476538,29.48,64.92,2025-08-20 23:48:52+00:00,33.991918,-81.033613,75.3,5.74,1.0,69.09,16.0,3D,2025-08-20 19:48:52-04:00,POINT (-81.033613 33.991918)
2025-08-20 23:49:08 UTC,sensor07,236476538,29.81,64.32,2025-08-20 23:49:07+00:00,33.992008,-81.033372,81.5,3.25,0.0,67.33,16.0,3D,2025-08-20 19:49:07-04:00,POINT (-81.033372 33.992008)
2025-08-20 23:49:13 UTC,sensor07,236476538,29.57,63.54,2025-08-20 23:49:13+00:00,33.992113,-81.033045,81.7,7.25,0.0,0.0,16.0,3D,2025-08-20 19:49:13-04:00,POINT (-81.033045 33.992113)
2025-08-20 23:49:18 UTC,sensor07,236476538,29.45,63.7,2025-08-20 23:49:18+00:00,33.992255,-81.032592,82.2,9.45,0.4,0.0,16.0,3D,2025-08-20 19:49:18-04:00,POINT (-81.032592 33.992255)
2025-08-20 23:49:23 UTC,sensor07,236476538,29.18,63.88,2025-08-20 23:49:23+00:00,33.992392,-81.032147,80.8,7.37,-0.3,69.27,16.0,3D,2025-08-20 19:49:23-04:00,POINT (-81.032147 33.992392)
2025-08-20 23:50:29 UTC,sensor07,236476538,29.34,64.46,2025-08-20 23:50:29+00:00,33.99255,-81.03165,82.0,5.91,0.0,0.0,10.0,3D,2025-08-20 19:50:29-04:00,POINT (-81.03165 33.99255)
2025-08-20 23:50:34 UTC,sensor07,236476538,29.32,64.02,2025-08-20 23:50:34+00:00,33.992662,-81.031283,81.9,8.18,0.0,0.0,14.0,3D,2025-08-20 19:50:34-04:00,POINT (-81.031283 33.992662)
2025-08-20 23:50:39 UTC,sensor07,236476538,29.24,64.29,2025-08-20 23:50:39+00:00,33.992788,-81.030863,83.9,7.81,1.1,67.12,16.0,3D,2025-08-20 19:50:39-04:00,POINT (-81.030863 33.992788)
2025-08-20 23:50:44 UTC,sensor07,236476538,29.38,64.0,2025-08-20 23:50:44+00:00,33.992955,-81.030468,88.7,7.95,1.5,68.81,16.0,3D,2025-08-20 19:50:44-04:00,POINT (-81.030468 33.992955)
2025-08-20 23:50:50 UTC,sensor07,236476538,29.15,64.15,2025-08-20 23:50:49+00:00,33.993082,-81.030157,91.8,3.53,0.5,68.05,16.0,3D,2025-08-20 19:50:49-04:00,POINT (-81.030157 33.993082)
2025-08-20 23:51:05 UTC,sensor07,236476538,29.11,64.46,2025-08-20 23:51:05+00:00,33.993183,-81.029837,93.8,8.21,0.0,0.0,16.0,3D,2025-08-20 19:51:05-04:00,POINT (-81.029837 33.993183)
2025-08-20 23:51:10 UTC,sensor07,236476538,28.91,64.9,2025-08-20 23:51:10+00:00,33.993317,-81.02936,93.8,9.1,-0.1,69.87,16.0,3D,2025-08-20 19:51:10-04:00,POINT (-81.02936 33.993317)
2025-08-20 23:51:15 UTC,sensor07,236476538,28.94,65.57,2025-08-20 23:51:15+00:00,33.993455,-81.028908,93.8,8.89,0.1,69.2,16.0,3D,2025-08-20 19:51:15-04:00,POINT (-81.028908 33.993455)
2025-08-20 23:51:20 UTC,sensor07,236476538,28.97,65.42,2025-08-20 23:51:20+00:00,33.99353,-81.028572,93.1,4.24,0.0,69.66,16.0,3D,2025-08-20 19:51:20-04:00,POINT (-81.028572 33.99353)
2025-08-20 23:51:46 UTC,sensor07,236476538,29.12,65.09,2025-08-20 23:51:46+00:00,33.993582,-81.028363,93.5,4.76,-0.2,0.0,16.0,3D,2025-08-20 19:51:46-04:00,POINT (-81.028363 33.993582)
2025-08-20 23:51:51 UTC,sensor07,236476538,28.93,65.2,2025-08-20 23:51:51+00:00,33.993685,-81.027977,92.5,8.9,-0.2,70.22,16.0,3D,2025-08-20 19:51:51-04:00,POINT (-81.027977 33.993685)
2025-08-20 23:51:56 UTC,sensor07,236476538,28.9,65.55,2025-08-20 23:51:56+00:00,33.993828,-81.027487,90.8,10.16,-0.4,69.68,16.0,3D,2025-08-20 19:51:56-04:00,POINT (-81.027487 33.993828)
2025-08-20 23:52:01 UTC,sensor07,236476538,28.81,65.66,2025-08-20 23:52:01+00:00,33.994,-81.02693,88.0,11.52,-0.62,68.34,16.0,3D,2025-08-20 19:52:01-04:00,POINT (-81.02693 33.994)
2025-08-20 23:52:06 UTC,sensor07,236476538,28.87,65.77,2025-08-20 23:52:06+00:00,33.994197,-81.026327,87.2,12.26,-1.4,68.82,16.0,3D,2025-08-20 19:52:06-04:00,POINT (-81.026327 33.994197)
2025-08-20 23:52:11 UTC,sensor07,236476538,28.88,66.01,2025-08-20 23:52:11+00:00,33.994372,-81.025655,82.8,12.63,-0.9,67.61,16.0,3D,2025-08-20 19:52:11-04:00,POINT (-81.025655 33.994372)
2025-08-20 23:52:16 UTC,sensor07,236476538,28.91,65.98,2025-08-20 23:52:16+00:00,33.994535,-81.025027,81.1,11.69,-0.8,68.13,16.0,3D,2025-08-20 19:52:16-04:00,POINT (-81.025027 33.994535)
2025-08-20 23:52:21 UTC,sensor07,236476538,28.56,67.62,2025-08-20 23:52:21+00:00,33.994755,-81.024402,76.8,12.79,-0.9,67.04,16.0,3D,2025-08-20 19:52:21-04:00,POINT (-81.024402 33.994755)
2025-08-20 23:52:26 UTC,sensor07,236476538,28.64,68.19,2025-08-20 23:52:26+00:00,33.994978,-81.023878,72.6,7.27,-1.9,59.65,16.0,3D,2025-08-20 19:52:26-04:00,POINT (-81.023878 33.994978)
2025-08-20 23:52:32 UTC,sensor07,236476538,28.69,67.61,2025-08-20 23:52:31+00:00,33.995167,-81.023558,70.0,10.02,0.1,53.24,16.0,3D,2025-08-20 19:52:31-04:00,POINT (-81.023558 33.995167)
2025-08-20 23:52:37 UTC,sensor07,236476538,28.58,67.95,2025-08-20 23:52:36+00:00,33.99549,-81.023128,67.4,10.79,0.3,45.37,16.0,3D,2025-08-20 19:52:36-04:00,POINT (-81.023128 33.99549)
2025-08-20 23:52:42 UTC,sensor07,236476538,28.61,68.36,2025-08-20 23:52:41+00:00,33.995835,-81.022698,67.1,10.71,-1.3,48.12,16.0,3D,2025-08-20 19:52:41-04:00,POINT (-81.022698 33.995835)
2025-08-20 23:52:47 UTC,sensor07,236476538,28.78,67.17,2025-08-20 23:52:46+00:00,33.996223,-81.02229,68.3,11.56,-0.2,42.18,16.0,3D,2025-08-20 19:52:46-04:00,POINT (-81.02229 33.996223)
2025-08-20 23:52:52 UTC,sensor07,236476538,28.87,66.42,2025-08-20 23:52:51+00:00,33.996605,-81.021865,69.8,11.11,0.6,41.62,16.0,3D,2025-08-20 19:52:51-04:00,POINT (-81.021865 33.996605)
2025-08-20 23:52:57 UTC,sensor07,236476538,28.94,65.98,2025-08-20 23:52:56+00:00,33.996957,-81.021452,70.3,10.54,0.5,47.47,16.0,3D,2025-08-20 19:52:56-04:00,POINT (-81.021452 33.996957)
2025-08-20 23:53:02 UTC,sensor07,236476538,29.0,65.85,2025-08-20 23:53:01+00:00,33.997305,-81.021045,69.0,11.18,-0.3,39.74,16.0,3D,2025-08-20 19:53:01-04:00,POINT (-81.021045 33.997305)
2025-08-20 23:53:07 UTC,sensor07,236476538,28.95,65.8,2025-08-20 23:53:06+00:00,33.9977,-81.020642,68.9,11.25,-0.2,50.69,16.0,3D,2025-08-20 19:53:06-04:00,POINT (-81.020642 33.9977)
2025-08-20 23:53:12 UTC,sensor07,236476538,28.96,65.75,2025-08-20 23:53:12+00:00,33.99804,-81.020072,71.6,10.33,-0.3,0.0,16.0,3D,2025-08-20 19:53:12-04:00,POINT (-81.020072 33.99804)
2025-08-20 23:53:17 UTC,sensor07,236476538,28.83,65.78,2025-08-20 23:53:17+00:00,33.998213,-81.019522,68.4,11.27,-0.7,0.0,16.0,3D,2025-08-20 19:53:17-04:00,POINT (-81.019522 33.998213)
2025-08-20 23:53:22 UTC,sensor07,236476538,28.98,65.67,2025-08-20 23:53:22+00:00,33.998273,-81.018967,71.0,9.72,3.0,0.0,16.0,3D,2025-08-20 19:53:22-04:00,POINT (-81.018967 33.998273)
2025-08-20 23:53:27 UTC,sensor07,236476538,29.08,65.14,2025-08-20 23:53:27+00:00,33.99827,-81.018462,70.8,9.74,-0.8,0.0,16.0,3D,2025-08-20 19:53:27-04:00,POINT (-81.018462 33.99827)
2025-08-20 23:53:32 UTC,sensor07,236476538,29.09,64.9,2025-08-20 23:53:32+00:00,33.998157,-81.017972,72.7,8.82,1.1,0.0,16.0,3D,2025-08-20 19:53:32-04:00,POINT (-81.017972 33.998157)
2025-08-20 23:53:37 UTC,sensor07,236476538,29.16,65.17,2025-08-20 23:53:37+00:00,33.99814,-81.017593,72.1,5.88,-0.7,63.62,16.0,3D,2025-08-20 19:53:37-04:00,POINT (-81.017593 33.99814)
2025-08-20 23:53:42 UTC,sensor07,236476538,29.26,64.91,2025-08-20 23:53:42+00:00,33.998338,-81.017462,70.7,3.59,-0.4,23.23,16.0,3D,2025-08-20 19:53:42-04:00,POINT (-81.017462 33.998338)
2025-08-20 23:53:57 UTC,sensor07,236476538,29.11,64.8,2025-08-20 23:53:57+00:00,33.998527,-81.017402,69.4,4.57,0.2,28.75,16.0,3D,2025-08-20 19:53:57-04:00,POINT (-81.017402 33.998527)
2025-08-20 23:54:02 UTC,sensor07,236476538,29.1,64.92,2025-08-20 23:53:57+00:00,33.998527,-81.017402,69.4,4.57,0.2,28.75,16.0,3D,2025-08-20 19:53:57-04:00,POINT (-81.017402 33.998527)
2025-08-20 23:54:17 UTC,sensor07,236476538,29.38,64.64,2025-08-20 23:54:17+00:00,33.99881,-81.017263,69.4,3.3,0.2,23.48,16.0,3D,2025-08-20 19:54:17-04:00,POINT (-81.017263 33.99881)
2025-08-20 23:54:23 UTC,sensor07,236476538,29.45,64.47,2025-08-20 23:54:22+00:00,33.998972,-81.017182,69.9,4.87,0.0,22.78,16.0,3D,2025-08-20 19:54:22-04:00,POINT (-81.017182 33.998972)
2025-08-20 23:54:28 UTC,sensor07,236476538,29.52,64.45,2025-08-20 23:54:27+00:00,33.999172,-81.01708,69.7,4.42,-0.1,24.28,16.0,3D,2025-08-20 19:54:27-04:00,POINT (-81.01708 33.999172)
2025-08-20 23:54:33 UTC,sensor07,236476538,29.43,64.49,2025-08-20 23:54:32+00:00,33.999335,-81.016998,69.4,3.92,-0.1,23.55,16.0,3D,2025-08-20 19:54:32-04:00,POINT (-81.016998 33.999335)
2025-08-20 23:54:38 UTC,sensor07,236476538,29.43,64.67,2025-08-20 23:54:37+00:00,33.999505,-81.016903,68.5,3.48,-0.1,26.76,16.0,3D,2025-08-20 19:54:37-04:00,POINT (-81.016903 33.999505)
2025-08-20 23:54:48 UTC,sensor07,236476538,29.2,64.84,2025-08-20 23:54:47+00:00,33.99979,-81.01684,73.4,4.29,0.5,340.14,16.0,3D,2025-08-20 19:54:47-04:00,POINT (-81.01684 33.99979)
2025-08-20 23:54:53 UTC,sensor07,236476538,29.12,65.54,2025-08-20 23:54:52+00:00,33.999995,-81.016932,77.8,3.05,0.5,341.34,16.0,3D,2025-08-20 19:54:52-04:00,POINT (-81.016932 33.999995)
2025-08-20 23:54:58 UTC,sensor07,236476538,29.13,65.36,2025-08-20 23:54:57+00:00,34.000102,-81.016945,78.8,2.39,0.2,3.19,16.0,3D,2025-08-20 19:54:57-04:00,POINT (-81.016945 34.000102)
2025-08-20 23:55:08 UTC,sensor07,236476538,29.21,65.37,2025-08-20 23:55:08+00:00,34.00019,-81.016843,79.1,2.42,0.2,0.0,16.0,3D,2025-08-20 19:55:08-04:00,POINT (-81.016843 34.00019)
2025-08-20 23:55:13 UTC,sensor07,236476538,29.34,65.01,2025-08-20 23:55:13+00:00,34.000278,-81.016533,80.6,7.69,0.4,0.0,17.0,3D,2025-08-20 19:55:13-04:00,POINT (-81.016533 34.000278)
2025-08-20 23:55:18 UTC,sensor07,236476538,29.27,64.77,2025-08-20 23:55:18+00:00,34.000413,-81.016113,80.3,8.89,-0.4,0.0,17.0,3D,2025-08-20 19:55:18-04:00,POINT (-81.016113 34.000413)
2025-08-20 23:55:23 UTC,sensor07,236476538,29.34,64.82,2025-08-20 23:55:23+00:00,34.000543,-81.015665,78.8,8.3,-0.4,71.93,17.0,3D,2025-08-20 19:55:23-04:00,POINT (-81.015665 34.000543)
2025-08-20 23:55:28 UTC,sensor07,236476538,29.17,64.97,2025-08-20 23:55:28+00:00,34.000685,-81.015313,78.7,6.99,0.8,44.66,17.0,3D,2025-08-20 19:55:28-04:00,POINT (-81.015313 34.000685)
2025-08-20 23:55:33 UTC,sensor07,236476538,28.86,65.83,2025-08-20 23:55:33+00:00,34.000987,-81.015073,80.4,8.24,0.4,34.65,17.0,3D,2025-08-20 19:55:33-04:00,POINT (-81.015073 34.000987)
2025-08-20 23:55:38 UTC,sensor07,236476538,28.5,67.02,2025-08-20 23:55:38+00:00,34.001317,-81.014838,82.6,8.68,0.6,32.17,17.0,3D,2025-08-20 19:55:38-04:00,POINT (-81.014838 34.001317)
2025-08-20 23:55:43 UTC,sensor07,236476538,28.22,68.59,2025-08-20 23:55:43+00:00,34.001648,-81.014607,85.3,7.84,0.4,30.45,17.0,3D,2025-08-20 19:55:43-04:00,POINT (-81.014607 34.001648)
2025-08-20 23:55:48 UTC,sensor07,236476538,28.11,69.22,2025-08-20 23:55:48+00:00,34.001932,-81.014402,87.3,6.55,0.7,35.81,17.0,3D,2025-08-20 19:55:48-04:00,POINT (-81.014402 34.001932)
2025-08-20 23:55:53 UTC,sensor07,236476538,28.13,69.13,2025-08-20 23:55:53+00:00,34.00214,-81.014165,86.1,5.58,-0.4,47.46,17.0,3D,2025-08-20 19:55:53-04:00,POINT (-81.014165 34.00214)
2025-08-20 23:55:58 UTC,sensor07,236476538,28.19,68.92,2025-08-20 23:55:57+00:00,34.002233,-81.014018,84.5,3.62,-0.3,47.98,17.0,3D,2025-08-20 19:55:57-04:00,POINT (-81.014018 34.002233)
2025-08-20 23:56:04 UTC,sensor07,236476538,28.1,68.86,2025-08-20 23:56:01+00:00,34.002385,-81.013815,84.0,7.37,-0.12,45.92,17.0,3D,2025-08-20 19:56:01-04:00,POINT (-81.013815 34.002385)
2025-08-20 23:56:09 UTC,sensor07,236476538,28.04,69.38,2025-08-20 23:56:08+00:00,34.002622,-81.013438,82.2,4.92,-0.3,52.0,17.0,3D,2025-08-20 19:56:08-04:00,POINT (-81.013438 34.002622)
2025-08-20 23:56:14 UTC,sensor07,236476538,27.94,70.26,2025-08-20 23:56:13+00:00,34.002648,-81.013292,81.3,2.9,0.1,123.3,17.0,3D,2025-08-20 19:56:13-04:00,POINT (-81.013292 34.002648)
2025-08-20 23:56:19 UTC,sensor07,236476538,27.95,70.48,2025-08-20 23:56:18+00:00,34.00249,-81.013165,80.8,4.92,-0.2,140.55,17.0,3D,2025-08-20 19:56:18-04:00,POINT (-81.013165 34.00249)
2025-08-20 23:56:34 UTC,sensor07,236476538,27.96,69.7,2025-08-20 23:56:33+00:00,34.002297,-81.01297,79.9,3.01,0.0,129.37,17.0,3D,2025-08-20 19:56:33-04:00,POINT (-81.01297 34.002297)
2025-08-20 17:28:18 UTC,sensor08,236476534,29.47,63.26,2025-08-20 22:55:03+00:00,34.006812,-80.978818,135.6,10.87,0.5,354.49,8.0,3D,2025-08-20 18:55:03-04:00,POINT (-80.978818 34.006812)
2025-08-20 17:28:23 UTC,sensor08,236476534,29.34,63.55,2025-08-20 22:55:08+00:00,34.007262,-80.978948,139.4,10.14,0.7,339.29,8.0,3D,2025-08-20 18:55:08-04:00,POINT (-80.978948 34.007262)
2025-08-20 17:28:28 UTC,sensor08,236476534,29.37,64.26,2025-08-20 22:55:13+00:00,34.007658,-80.979167,142.7,8.73,0.2,333.71,8.0,3D,2025-08-20 18:55:13-04:00,POINT (-80.979167 34.007658)
2025-08-20 17:28:33 UTC,sensor08,236476534,29.42,64.26,2025-08-20 22:55:18+00:00,34.007867,-80.979343,144.8,5.97,0.4,328.07,8.0,3D,2025-08-20 18:55:18-04:00,POINT (-80.979343 34.007867)
2025-08-20 17:28:38 UTC,sensor08,236476534,29.58,63.58,2025-08-20 22:55:23+00:00,34.008175,-80.979583,146.7,10.06,0.0,324.89,8.0,3D,2025-08-20 18:55:23-04:00,POINT (-80.979583 34.008175)
2025-08-20 17:28:43 UTC,sensor08,236476534,29.46,64.15,2025-08-20 22:55:28+00:00,34.008578,-80.979938,149.3,12.52,0.6,323.87,8.0,3D,2025-08-20 18:55:28-04:00,POINT (-80.979938 34.008578)
2025-08-20 17:28:48 UTC,sensor08,236476534,29.38,63.75,2025-08-20 22:55:33+00:00,34.009107,-80.98035,150.2,14.77,-0.2,328.94,8.0,3D,2025-08-20 18:55:33-04:00,POINT (-80.98035 34.009107)
2025-08-20 17:28:53 UTC,sensor08,236476534,29.67,64.12,2025-08-20 22:55:38+00:00,34.009578,-80.980733,154.7,13.15,0.0,326.75,8.0,3D,2025-08-20 18:55:38-04:00,POINT (-80.980733 34.009578)
2025-08-20 17:28:58 UTC,sensor08,236476534,29.44,63.67,2025-08-20 22:55:43+00:00,34.010115,-80.9811,155.3,13.66,0.7,326.48,8.0,3D,2025-08-20 18:55:43-04:00,POINT (-80.9811 34.010115)
2025-08-20 17:29:03 UTC,sensor08,236476534,29.63,63.89,2025-08-20 22:55:48+00:00,34.01063,-80.98151,160.1,13.87,1.2,326.17,8.0,3D,2025-08-20 18:55:48-04:00,POINT (-80.98151 34.01063)
2025-08-20 17:29:08 UTC,sensor08,236476534,29.61,63.77,2025-08-20 22:55:51+00:00,34.010923,-80.981762,163.3,13.52,0.9,326.74,8.0,3D,2025-08-20 18:55:51-04:00,POINT (-80.981762 34.010923)
2025-08-20 17:29:13 UTC,sensor08,236476534,29.63,64.46,2025-08-20 22:55:57+00:00,34.011428,-80.9822,168.7,9.54,0.9,0.0,8.0,3D,2025-08-20 18:55:57-04:00,POINT (-80.9822 34.011428)
2025-08-20 17:29:18 UTC,sensor08,236476534,29.65,64.59,2025-08-20 22:55:57+00:00,34.011428,-80.9822,168.7,9.54,0.9,0.0,8.0,3D,2025-08-20 18:55:57-04:00,POINT (-80.9822 34.011428)
2025-08-20 17:29:23 UTC,sensor08,236476534,29.71,63.68,2025-08-20 22:56:08+00:00,34.01194,-80.982625,170.7,2.8,-0.3,329.8,8.0,3D,2025-08-20 18:56:08-04:00,POINT (-80.982625 34.01194)
2025-08-20 17:29:28 UTC,sensor08,236476534,29.8,63.19,2025-08-20 22:56:13+00:00,34.012117,-80.982772,172.9,7.84,0.6,323.76,8.0,3D,2025-08-20 18:56:13-04:00,POINT (-80.982772 34.012117)
2025-08-20 17:29:33 UTC,sensor08,236476534,29.66,63.59,2025-08-20 22:56:18+00:00,34.01251,-80.983095,175.2,13.13,0.5,326.17,8.0,3D,2025-08-20 18:56:18-04:00,POINT (-80.983095 34.01251)
2025-08-20 17:29:38 UTC,sensor08,236476534,29.7,64.58,2025-08-20 22:56:24+00:00,34.01311,-80.983602,179.7,13.98,0.9,0.0,8.0,3D,2025-08-20 18:56:24-04:00,POINT (-80.983602 34.01311)
2025-08-20 17:29:43 UTC,sensor08,236476534,30.03,63.4,2025-08-20 22:56:29+00:00,34.013565,-80.984155,182.6,13.44,-0.7,310.83,8.0,3D,2025-08-20 18:56:29-04:00,POINT (-80.984155 34.013565)
2025-08-20 17:29:48 UTC,sensor08,236476534,30.15,61.99,2025-08-20 22:56:34+00:00,34.013883,-80.984743,188.2,13.22,1.2,0.0,8.0,3D,2025-08-20 18:56:34-04:00,POINT (-80.984743 34.013883)
2025-08-20 17:29:53 UTC,sensor08,236476534,30.47,61.19,2025-08-20 22:56:39+00:00,34.014205,-80.985365,194.5,14.49,1.3,301.46,8.0,3D,2025-08-20 18:56:39-04:00,POINT (-80.985365 34.014205)
2025-08-20 17:29:58 UTC,sensor08,236476534,30.12,61.27,2025-08-20 22:56:44+00:00,34.014563,-80.986032,197.9,15.2,0.8,302.49,8.0,3D,2025-08-20 18:56:44-04:00,POINT (-80.986032 34.014563)
2025-08-20 17:30:03 UTC,sensor08,236476534,30.18,61.74,2025-08-20 22:56:49+00:00,34.014895,-80.986718,197.1,15.4,-4.7,306.93,8.0,3D,2025-08-20 18:56:49-04:00,POINT (-80.986718 34.014895)
2025-08-20 17:30:08 UTC,sensor08,236476534,30.15,61.77,2025-08-20 22:56:54+00:00,34.015373,-80.9873,201.7,15.24,1.2,316.54,8.0,3D,2025-08-20 18:56:54-04:00,POINT (-80.9873 34.015373)
2025-08-20 17:30:24 UTC,sensor08,236476534,30.32,60.77,2025-08-20 22:57:09+00:00,34.017118,-80.988532,211.0,14.36,0.8,327.88,8.0,3D,2025-08-20 18:57:09-04:00,POINT (-80.988532 34.017118)
2025-08-20 17:30:29 UTC,sensor08,236476534,30.1,61.05,2025-08-20 22:57:14+00:00,34.017632,-80.98888,213.0,11.43,0.5,329.82,8.0,3D,2025-08-20 18:57:14-04:00,POINT (-80.98888 34.017632)
2025-08-20 17:30:34 UTC,sensor08,236476534,29.79,61.64,2025-08-20 22:57:19+00:00,34.01802,-80.989178,214.5,9.33,0.3,328.54,8.0,3D,2025-08-20 18:57:19-04:00,POINT (-80.989178 34.01802)
2025-08-20 17:30:39 UTC,sensor08,236476534,29.86,61.83,2025-08-20 22:57:24+00:00,34.018355,-80.989418,216.7,8.71,0.4,333.22,8.0,3D,2025-08-20 18:57:24-04:00,POINT (-80.989418 34.018355)
2025-08-20 17:30:44 UTC,sensor08,236476534,29.78,62.01,2025-08-20 22:57:29+00:00,34.018637,-80.98956,219.0,5.72,0.3,342.79,9.0,3D,2025-08-20 18:57:29-04:00,POINT (-80.98956 34.018637)
2025-08-20 17:32:40 UTC,sensor08,236476534,30.18,61.04,2025-08-20 22:59:25+00:00,34.01891,-80.989748,216.6,5.43,0.0,301.01,8.0,3D,2025-08-20 18:59:25-04:00,POINT (-80.989748 34.01891)
2025-08-20 17:32:45 UTC,sensor08,236476534,30.12,61.95,2025-08-20 22:59:30+00:00,34.018912,-80.990085,216.6,8.14,-0.1,252.93,8.0,3D,2025-08-20 18:59:30-04:00,POINT (-80.990085 34.018912)
2025-08-20 17:32:50 UTC,sensor08,236476534,30.39,61.05,2025-08-20 22:59:35+00:00,34.018738,-80.990595,215.8,11.64,-0.2,244.36,9.0,3D,2025-08-20 18:59:35-04:00,POINT (-80.990595 34.018738)
2025-08-20 17:32:55 UTC,sensor08,236476534,29.98,60.89,2025-08-20 22:59:40+00:00,34.018508,-80.99119,214.0,11.6,-0.3,245.25,9.0,3D,2025-08-20 18:59:40-04:00,POINT (-80.99119 34.018508)
2025-08-20 17:33:00 UTC,sensor08,236476534,29.76,61.69,2025-08-20 22:59:45+00:00,34.018325,-80.991655,212.5,7.23,-0.3,244.52,8.0,3D,2025-08-20 18:59:45-04:00,POINT (-80.991655 34.018325)
2025-08-20 17:33:30 UTC,sensor08,236476534,29.67,62.85,2025-08-20 23:00:15+00:00,34.018188,-80.992017,208.8,7.61,0.0,245.66,9.0,3D,2025-08-20 19:00:15-04:00,POINT (-80.992017 34.018188)
2025-08-20 17:33:35 UTC,sensor08,236476534,29.53,63.29,2025-08-20 23:00:20+00:00,34.018008,-80.992487,208.5,10.48,-0.1,245.58,10.0,3D,2025-08-20 19:00:20-04:00,POINT (-80.992487 34.018008)
2025-08-20 17:33:40 UTC,sensor08,236476534,29.35,63.16,2025-08-20 23:00:25+00:00,34.01783,-80.992972,207.5,8.8,-0.2,245.12,10.0,3D,2025-08-20 19:00:25-04:00,POINT (-80.992972 34.01783)
2025-08-20 17:33:45 UTC,sensor08,236476534,29.29,63.31,2025-08-20 23:00:30+00:00,34.017712,-80.99328,205.7,3.46,-0.3,245.64,10.0,3D,2025-08-20 19:00:30-04:00,POINT (-80.99328 34.017712)
2025-08-20 17:34:05 UTC,sensor08,236476534,29.76,62.53,2025-08-20 23:00:51+00:00,34.017612,-80.993548,204.4,6.89,0.0,0.0,9.0,3D,2025-08-20 19:00:51-04:00,POINT (-80.993548 34.017612)
2025-08-20 17:34:10 UTC,sensor08,236476534,29.71,62.88,2025-08-20 23:00:56+00:00,34.017425,-80.994032,204.4,11.24,0.0,0.0,9.0,3D,2025-08-20 19:00:56-04:00,POINT (-80.994032 34.017425)
2025-08-20 17:34:15 UTC,sensor08,236476534,29.61,62.88,2025-08-20 23:01:01+00:00,34.017152,-80.994657,205.0,13.95,0.2,0.0,4.0,3D,2025-08-20 19:01:01-04:00,POINT (-80.994657 34.017152)
2025-08-20 17:34:20 UTC,sensor08,236476534,29.27,63.09,2025-08-20 23:01:06+00:00,34.016783,-80.995348,207.6,15.38,0.6,0.0,8.0,3D,2025-08-20 19:01:06-04:00,POINT (-80.995348 34.016783)
2025-08-20 17:34:30 UTC,sensor08,236476534,29.11,64.25,2025-08-20 23:01:16+00:00,34.016008,-80.996757,212.5,15.48,0.2,0.0,9.0,3D,2025-08-20 19:01:16-04:00,POINT (-80.996757 34.016008)
2025-08-20 17:34:35 UTC,sensor08,236476534,29.02,65.5,2025-08-20 23:01:21+00:00,34.01562,-80.997453,213.8,15.45,0.2,237.32,9.0,3D,2025-08-20 19:01:21-04:00,POINT (-80.997453 34.01562)
2025-08-20 17:34:41 UTC,sensor08,236476534,28.96,65.28,2025-08-20 23:01:26+00:00,34.015258,-80.998138,214.9,15.2,-0.1,240.54,9.0,3D,2025-08-20 19:01:26-04:00,POINT (-80.998138 34.015258)
2025-08-20 17:34:46 UTC,sensor08,236476534,28.96,65.41,2025-08-20 23:01:31+00:00,34.014965,-80.998857,216.3,15.01,0.2,248.54,9.0,3D,2025-08-20 19:01:31-04:00,POINT (-80.998857 34.014965)
2025-08-20 17:34:51 UTC,sensor08,236476534,29.1,65.03,2025-08-20 23:01:36+00:00,34.014755,-80.999613,217.1,14.74,0.2,254.08,9.0,3D,2025-08-20 19:01:36-04:00,POINT (-80.999613 34.014755)
2025-08-20 17:34:56 UTC,sensor08,236476534,29.16,64.58,2025-08-20 23:01:41+00:00,34.014652,-81.000363,217.3,14.37,0.0,262.74,9.0,3D,2025-08-20 19:01:41-04:00,POINT (-81.000363 34.014652)
2025-08-20 17:35:01 UTC,sensor08,236476534,29.25,64.04,2025-08-20 23:01:46+00:00,34.01461,-81.001145,218.1,14.66,0.3,267.25,9.0,3D,2025-08-20 19:01:46-04:00,POINT (-81.001145 34.01461)
2025-08-20 17:35:06 UTC,sensor08,236476534,29.09,64.39,2025-08-20 23:01:51+00:00,34.014565,-81.001912,219.5,14.35,0.4,263.44,9.0,3D,2025-08-20 19:01:51-04:00,POINT (-81.001912 34.014565)
2025-08-20 17:35:11 UTC,sensor08,236476534,29.1,65.18,2025-08-20 23:01:53+00:00,34.014548,-81.002215,219.6,14.17,-0.1,264.7,9.0,3D,2025-08-20 19:01:53-04:00,POINT (-81.002215 34.014548)
2025-08-20 17:35:16 UTC,sensor08,236476534,29.23,64.91,2025-08-20 23:02:01+00:00,34.014472,-81.003413,219.9,13.97,0.2,264.3,9.0,3D,2025-08-20 19:02:01-04:00,POINT (-81.003413 34.014472)
2025-08-20 17:35:21 UTC,sensor08,236476534,29.22,64.37,2025-08-20 23:02:06+00:00,34.01443,-81.004192,218.7,14.53,0.0,263.89,9.0,3D,2025-08-20 19:02:06-04:00,POINT (-81.004192 34.01443)
2025-08-20 17:35:26 UTC,sensor08,236476534,29.37,64.13,2025-08-20 23:02:11+00:00,34.01437,-81.004997,218.5,14.53,0.0,264.77,9.0,3D,2025-08-20 19:02:11-04:00,POINT (-81.004997 34.01437)
2025-08-20 17:35:31 UTC,sensor08,236476534,29.25,63.77,2025-08-20 23:02:16+00:00,34.01428,-81.00579,219.3,13.78,0.5,260.16,9.0,3D,2025-08-20 19:02:16-04:00,POINT (-81.00579 34.01428)
2025-08-20 17:35:36 UTC,sensor08,236476534,29.28,63.97,2025-08-20 23:02:21+00:00,34.014132,-81.006512,222.0,11.55,0.7,254.97,9.0,3D,2025-08-20 19:02:21-04:00,POINT (-81.006512 34.014132)
2025-08-20 17:35:41 UTC,sensor08,236476534,29.43,63.96,2025-08-20 23:02:26+00:00,34.01402,-81.006983,223.6,6.32,0.2,259.47,9.0,3D,2025-08-20 19:02:26-04:00,POINT (-81.006983 34.01402)
2025-08-20 17:35:51 UTC,sensor08,236476534,29.51,64.07,2025-08-20 23:02:36+00:00,34.013937,-81.007192,222.7,4.14,-0.1,226.89,9.0,3D,2025-08-20 19:02:36-04:00,POINT (-81.007192 34.013937)
2025-08-20 17:35:56 UTC,sensor08,236476534,29.42,64.1,2025-08-20 23:02:41+00:00,34.013833,-81.007587,221.1,9.61,-0.1,250.87,9.0,3D,2025-08-20 19:02:41-04:00,POINT (-81.007587 34.013833)
2025-08-20 17:36:01 UTC,sensor08,236476534,29.6,63.85,2025-08-20 23:02:47+00:00,34.013702,-81.008358,219.5,13.79,-0.1,0.0,9.0,3D,2025-08-20 19:02:47-04:00,POINT (-81.008358 34.013702)
2025-08-20 17:36:06 UTC,sensor08,236476534,29.58,63.27,2025-08-20 23:02:52+00:00,34.013588,-81.009102,219.5,14.06,0.0,0.0,9.0,3D,2025-08-20 19:02:52-04:00,POINT (-81.009102 34.013588)
2025-08-20 17:36:11 UTC,sensor08,236476534,29.59,63.73,2025-08-20 23:02:57+00:00,34.013475,-81.00981,220.0,12.85,0.3,0.0,9.0,3D,2025-08-20 19:02:57-04:00,POINT (-81.00981 34.013475)
2025-08-20 17:36:16 UTC,sensor08,236476534,29.65,63.63,2025-08-20 23:03:02+00:00,34.013425,-81.010407,213.3,11.36,-0.3,0.0,9.0,3D,2025-08-20 19:03:02-04:00,POINT (-81.010407 34.013425)
2025-08-20 17:36:21 UTC,sensor08,236476534,29.41,62.87,2025-08-20 23:03:07+00:00,34.013383,-81.010852,208.1,5.99,-0.3,261.87,9.0,3D,2025-08-20 19:03:07-04:00,POINT (-81.010852 34.013383)
2025-08-20 17:36:26 UTC,sensor08,236476534,29.38,63.57,2025-08-20 23:03:12+00:00,34.013367,-81.011065,204.8,2.51,-0.6,254.27,9.0,3D,2025-08-20 19:03:12-04:00,POINT (-81.011065 34.013367)
2025-08-20 17:36:31 UTC,sensor08,236476534,29.62,63.65,2025-08-20 23:03:17+00:00,34.013302,-81.011395,201.3,8.68,0.1,252.26,9.0,3D,2025-08-20 19:03:17-04:00,POINT (-81.011395 34.013302)
2025-08-20 17:36:36 UTC,sensor08,236476534,29.44,63.79,2025-08-20 23:03:22+00:00,34.013205,-81.012022,198.7,12.19,-0.4,260.62,9.0,3D,2025-08-20 19:03:22-04:00,POINT (-81.012022 34.013205)
2025-08-20 17:36:42 UTC,sensor08,236476534,29.25,64.81,2025-08-20 23:03:27+00:00,34.013113,-81.012753,197.0,13.74,-0.1,261.94,9.0,3D,2025-08-20 19:03:27-04:00,POINT (-81.012753 34.013113)
2025-08-20 17:36:47 UTC,sensor08,236476534,29.37,65.65,2025-08-20 23:03:32+00:00,34.013023,-81.01351,196.7,12.93,-0.1,261.49,9.0,3D,2025-08-20 19:03:32-04:00,POINT (-81.01351 34.013023)
2025-08-20 17:36:52 UTC,sensor08,236476534,29.7,63.76,2025-08-20 23:03:37+00:00,34.012925,-81.014195,196.3,12.47,-0.2,260.5,9.0,3D,2025-08-20 19:03:37-04:00,POINT (-81.014195 34.012925)
2025-08-20 17:36:57 UTC,sensor08,236476534,29.73,63.17,2025-08-20 23:03:42+00:00,34.012835,-81.014893,195.0,13.06,-0.5,261.91,9.0,3D,2025-08-20 19:03:42-04:00,POINT (-81.014893 34.012835)
2025-08-20 17:37:02 UTC,sensor08,236476534,29.63,62.78,2025-08-20 23:03:47+00:00,34.012762,-81.015575,192.6,11.97,-0.1,261.49,9.0,3D,2025-08-20 19:03:47-04:00,POINT (-81.015575 34.012762)
2025-08-20 17:37:07 UTC,sensor08,236476534,29.4,62.99,2025-08-20 23:03:52+00:00,34.012635,-81.016172,186.3,11.21,-2.6,249.46,9.0,3D,2025-08-20 19:03:52-04:00,POINT (-81.016172 34.012635)
2025-08-20 17:37:12 UTC,sensor08,236476534,29.2,63.39,2025-08-20 23:03:57+00:00,34.01247,-81.016755,172.5,11.28,-3.2,0.0,9.0,3D,2025-08-20 19:03:57-04:00,POINT (-81.016755 34.01247)
2025-08-20 17:37:17 UTC,sensor08,236476534,29.37,63.47,2025-08-20 23:03:57+00:00,34.01247,-81.016755,172.5,11.28,-3.2,0.0,9.0,3D,2025-08-20 19:03:57-04:00,POINT (-81.016755 34.01247)
2025-08-20 17:37:22 UTC,sensor08,236476534,29.4,63.95,2025-08-20 23:04:07+00:00,34.012073,-81.018035,148.4,12.72,-2.1,249.11,9.0,3D,2025-08-20 19:04:07-04:00,POINT (-81.018035 34.012073)
2025-08-20 17:37:27 UTC,sensor08,236476534,29.53,63.72,2025-08-20 23:04:12+00:00,34.011887,-81.018693,140.3,12.82,-0.7,249.66,9.0,3D,2025-08-20 19:04:12-04:00,POINT (-81.018693 34.011887)
2025-08-20 17:37:32 UTC,sensor08,236476534,29.55,63.29,2025-08-20 23:04:17+00:00,34.011703,-81.019263,131.4,7.99,-1.6,250.22,9.0,3D,2025-08-20 19:04:17-04:00,POINT (-81.019263 34.011703)
2025-08-20 17:37:37 UTC,sensor08,236476534,29.53,63.41,2025-08-20 23:04:22+00:00,34.011658,-81.019512,121.5,2.59,-1.4,261.18,9.0,3D,2025-08-20 19:04:22-04:00,POINT (-81.019512 34.011658)
2025-08-20 17:37:52 UTC,sensor08,236476534,29.65,63.17,2025-08-20 23:04:37+00:00,34.01158,-81.019728,118.4,7.69,-0.1,245.7,9.0,3D,2025-08-20 19:04:37-04:00,POINT (-81.019728 34.01158)
2025-08-20 17:37:57 UTC,sensor08,236476534,29.62,63.42,2025-08-20 23:04:42+00:00,34.01143,-81.020225,117.7,11.65,0.0,250.6,9.0,3D,2025-08-20 19:04:42-04:00,POINT (-81.020225 34.01143)
2025-08-20 17:38:02 UTC,sensor08,236476534,29.49,62.71,2025-08-20 23:04:48+00:00,34.011213,-81.02097,117.2,11.46,0.1,0.0,9.0,3D,2025-08-20 19:04:48-04:00,POINT (-81.02097 34.011213)
2025-08-20 17:38:07 UTC,sensor08,236476534,29.75,62.96,2025-08-20 23:04:53+00:00,34.011067,-81.021485,117.6,9.7,-0.5,0.0,9.0,3D,2025-08-20 19:04:53-04:00,POINT (-81.021485 34.011067)
2025-08-20 17:38:12 UTC,sensor08,236476534,30.04,62.31,2025-08-20 23:04:58+00:00,34.010905,-81.022028,115.6,11.1,-0.3,0.0,9.0,3D,2025-08-20 19:04:58-04:00,POINT (-81.022028 34.010905)
2025-08-20 17:38:17 UTC,sensor08,236476534,29.93,62.04,2025-08-20 23:05:03+00:00,34.010733,-81.022593,111.6,10.67,-0.9,0.0,9.0,3D,2025-08-20 19:05:03-04:00,POINT (-81.022593 34.010733)
2025-08-20 17:38:22 UTC,sensor08,236476534,29.75,62.44,2025-08-20 23:05:08+00:00,34.010605,-81.023038,107.7,6.36,-0.3,248.92,9.0,3D,2025-08-20 19:05:08-04:00,POINT (-81.023038 34.010605)
2025-08-20 17:38:27 UTC,sensor08,236476534,29.75,62.97,2025-08-20 23:05:13+00:00,34.010515,-81.023347,106.1,8.07,-0.3,250.39,9.0,3D,2025-08-20 19:05:13-04:00,POINT (-81.023347 34.010515)
2025-08-20 17:38:32 UTC,sensor08,236476534,29.91,62.91,2025-08-20 23:05:18+00:00,34.010382,-81.02388,98.2,10.71,-0.3,249.46,9.0,3D,2025-08-20 19:05:18-04:00,POINT (-81.02388 34.010382)
2025-08-20 17:38:37 UTC,sensor08,236476534,29.98,62.64,2025-08-20 23:05:23+00:00,34.010205,-81.024448,98.3,11.25,0.0,248.68,9.0,3D,2025-08-20 19:05:23-04:00,POINT (-81.024448 34.010205)
2025-08-20 17:38:43 UTC,sensor08,236476534,30.0,62.11,2025-08-20 23:05:28+00:00,34.01003,-81.025035,100.5,10.95,0.4,249.65,9.0,3D,2025-08-20 19:05:28-04:00,POINT (-81.025035 34.01003)
2025-08-20 17:38:48 UTC,sensor08,236476534,29.86,61.79,2025-08-20 23:05:33+00:00,34.009875,-81.025537,102.2,8.19,0.3,247.64,9.0,3D,2025-08-20 19:05:33-04:00,POINT (-81.025537 34.009875)
2025-08-20 17:38:53 UTC,sensor08,236476534,29.71,62.27,2025-08-20 23:05:38+00:00,34.00976,-81.025907,103.1,6.71,-0.3,252.41,9.0,3D,2025-08-20 19:05:38-04:00,POINT (-81.025907 34.00976)
2025-08-20 17:38:58 UTC,sensor08,236476534,29.76,62.18,2025-08-20 23:05:43+00:00,34.00969,-81.026128,101.2,2.69,-0.3,251.24,9.0,3D,2025-08-20 19:05:43-04:00,POINT (-81.026128 34.00969)
2025-08-20 17:39:13 UTC,sensor08,236476534,30.12,61.06,2025-08-20 23:05:58+00:00,34.009618,-81.02632,100.6,5.51,0.23,245.49,9.0,3D,2025-08-20 19:05:58-04:00,POINT (-81.02632 34.009618)
2025-08-20 17:39:18 UTC,sensor08,236476534,29.64,61.5,2025-08-20 23:06:03+00:00,34.009477,-81.02672,102.0,9.4,0.3,246.43,9.0,3D,2025-08-20 19:06:03-04:00,POINT (-81.02672 34.009477)
2025-08-20 17:39:23 UTC,sensor08,236476534,29.59,62.14,2025-08-20 23:06:08+00:00,34.009302,-81.027255,103.9,11.15,0.4,248.24,9.0,3D,2025-08-20 19:06:08-04:00,POINT (-81.027255 34.009302)
2025-08-20 17:39:28 UTC,sensor08,236476534,29.64,62.57,2025-08-20 23:06:13+00:00,34.009108,-81.027847,105.6,11.83,0.4,248.1,9.0,3D,2025-08-20 19:06:13-04:00,POINT (-81.027847 34.009108)
2025-08-20 17:39:33 UTC,sensor08,236476534,29.38,63.29,2025-08-20 23:06:18+00:00,34.008915,-81.028457,106.8,11.67,0.0,248.24,9.0,3D,2025-08-20 19:06:18-04:00,POINT (-81.028457 34.008915)
2025-08-20 17:39:38 UTC,sensor08,236476534,29.31,64.0,2025-08-20 23:06:23+00:00,34.00873,-81.02906,108.2,11.33,0.4,249.01,9.0,3D,2025-08-20 19:06:23-04:00,POINT (-81.02906 34.00873)
2025-08-20 17:39:43 UTC,sensor08,236476534,29.42,63.56,2025-08-20 23:06:28+00:00,34.00856,-81.029612,109.0,9.76,0.0,248.95,9.0,3D,2025-08-20 19:06:28-04:00,POINT (-81.029612 34.00856)
2025-08-20 17:39:48 UTC,sensor08,236476534,29.49,63.32,2025-08-20 23:06:33+00:00,34.008413,-81.030113,108.0,9.8,-0.7,248.03,9.0,3D,2025-08-20 19:06:33-04:00,POINT (-81.030113 34.008413)
2025-08-20 17:39:53 UTC,sensor08,236476534,29.34,63.03,2025-08-20 23:06:38+00:00,34.008248,-81.030628,107.9,10.18,-0.3,250.37,9.0,3D,2025-08-20 19:06:38-04:00,POINT (-81.030628 34.008248)
2025-08-20 17:39:58 UTC,sensor08,236476534,29.73,62.98,2025-08-20 23:06:43+00:00,34.008087,-81.03117,107.7,10.3,-0.1,248.54,9.0,3D,2025-08-20 19:06:43-04:00,POINT (-81.03117 34.008087)
2025-08-20 17:40:03 UTC,sensor08,236476534,30.12,61.95,2025-08-20 23:06:48+00:00,34.007917,-81.031722,106.3,10.38,-0.3,248.14,9.0,3D,2025-08-20 19:06:48-04:00,POINT (-81.031722 34.007917)
2025-08-20 17:40:08 UTC,sensor08,236476534,29.85,61.17,2025-08-20 23:06:53+00:00,34.007745,-81.032282,105.2,10.55,0.1,249.21,9.0,3D,2025-08-20 19:06:53-04:00,POINT (-81.032282 34.007745)
2025-08-20 17:40:13 UTC,sensor08,236476534,29.57,61.81,2025-08-20 23:06:59+00:00,34.007565,-81.032878,105.6,9.03,0.4,0.0,9.0,3D,2025-08-20 19:06:59-04:00,POINT (-81.032878 34.007565)
2025-08-20 17:40:18 UTC,sensor08,236476534,29.36,62.51,2025-08-20 23:07:04+00:00,34.007453,-81.033273,107.6,6.58,0.7,0.0,9.0,3D,2025-08-20 19:07:04-04:00,POINT (-81.033273 34.007453)
2025-08-20 17:40:23 UTC,sensor08,236476534,29.26,62.97,2025-08-20 23:07:09+00:00,34.007368,-81.033527,111.1,4.74,0.6,0.0,9.0,3D,2025-08-20 19:07:09-04:00,POINT (-81.033527 34.007368)
2025-08-20 17:40:28 UTC,sensor08,236476534,29.16,63.15,2025-08-20 23:07:14+00:00,34.007205,-81.033803,113.0,8.08,0.5,241.64,9.0,3D,2025-08-20 19:07:14-04:00,POINT (-81.033803 34.007205)
2025-08-20 17:40:33 UTC,sensor08,236476534,29.03,63.51,2025-08-20 23:07:19+00:00,34.007082,-81.03429,113.6,9.0,0.3,251.17,9.0,3D,2025-08-20 19:07:19-04:00,POINT (-81.03429 34.007082)
2025-08-20 17:40:38 UTC,sensor08,236476534,29.28,63.8,2025-08-20 23:07:24+00:00,34.006915,-81.034738,115.8,9.04,0.3,246.35,9.0,3D,2025-08-20 19:07:24-04:00,POINT (-81.034738 34.006915)
2025-08-20 17:40:43 UTC,sensor08,236476534,29.68,63.09,2025-08-20 23:07:29+00:00,34.006768,-81.035233,116.6,8.87,0.0,247.16,9.0,3D,2025-08-20 19:07:29-04:00,POINT (-81.035233 34.006768)
2025-08-20 17:40:48 UTC,sensor08,236476534,30.04,61.88,2025-08-20 23:07:34+00:00,34.006645,-81.035715,117.2,7.61,0.3,244.44,9.0,3D,2025-08-20 19:07:34-04:00,POINT (-81.035715 34.006645)
2025-08-20 17:40:54 UTC,sensor08,236476534,30.16,60.99,2025-08-20 23:07:39+00:00,34.00655,-81.036117,117.1,6.37,0.3,248.65,9.0,3D,2025-08-20 19:07:39-04:00,POINT (-81.036117 34.00655)
2025-08-20 17:40:59 UTC,sensor08,236476534,29.8,61.4,2025-08-20 23:07:44+00:00,34.006445,-81.036462,116.6,6.66,-0.3,246.6,9.0,3D,2025-08-20 19:07:44-04:00,POINT (-81.036462 34.006445)
2025-08-20 17:41:04 UTC,sensor08,236476534,29.96,61.64,2025-08-20 23:07:49+00:00,34.006347,-81.036772,117.1,5.01,-0.3,252.02,9.0,3D,2025-08-20 19:07:49-04:00,POINT (-81.036772 34.006347)
2025-08-20 17:41:44 UTC,sensor08,236476534,29.81,61.14,2025-08-20 23:08:29+00:00,34.006257,-81.036942,118.0,2.53,0.0,234.81,9.0,3D,2025-08-20 19:08:29-04:00,POINT (-81.036942 34.006257)
2025-08-20 17:41:49 UTC,sensor08,236476534,29.49,61.87,2025-08-20 23:08:34+00:00,34.006148,-81.037215,118.3,6.22,0.1,244.18,9.0,3D,2025-08-20 19:08:34-04:00,POINT (-81.037215 34.006148)
2025-08-20 17:41:54 UTC,sensor08,236476534,29.58,62.58,2025-08-20 23:08:39+00:00,34.006022,-81.037617,117.8,8.29,-0.5,247.72,9.0,3D,2025-08-20 19:08:39-04:00,POINT (-81.037617 34.006022)
2025-08-20 17:41:59 UTC,sensor08,236476534,29.65,62.36,2025-08-20 23:08:44+00:00,34.005877,-81.038117,117.6,9.66,-0.1,250.93,9.0,3D,2025-08-20 19:08:44-04:00,POINT (-81.038117 34.005877)
2025-08-20 17:42:04 UTC,sensor08,236476534,29.9,62.09,2025-08-20 23:08:49+00:00,34.005742,-81.038655,116.3,8.91,-0.3,249.03,9.0,3D,2025-08-20 19:08:49-04:00,POINT (-81.038655 34.005742)
2025-08-20 17:42:09 UTC,sensor08,236476534,30.04,61.41,2025-08-20 23:08:54+00:00,34.005622,-81.03906,115.0,5.2,-0.2,244.92,9.0,3D,2025-08-20 19:08:54-04:00,POINT (-81.03906 34.005622)
2025-08-20 17:42:14 UTC,sensor08,236476534,29.97,61.35,2025-08-20 23:08:59+00:00,34.005448,-81.039218,112.3,6.15,-1.8,187.46,9.0,3D,2025-08-20 19:08:59-04:00,POINT (-81.039218 34.005448)
2025-08-20 17:42:19 UTC,sensor08,236476534,29.81,61.68,2025-08-20 23:09:04+00:00,34.005225,-81.03915,111.6,5.86,0.0,158.03,9.0,3D,2025-08-20 19:09:04-04:00,POINT (-81.03915 34.005225)
2025-08-20 17:42:24 UTC,sensor08,236476534,29.65,62.14,2025-08-20 23:09:10+00:00,34.004898,-81.039003,113.3,6.64,0.4,0.0,9.0,3D,2025-08-20 19:09:10-04:00,POINT (-81.039003 34.004898)
2025-08-20 17:42:29 UTC,sensor08,236476534,29.66,62.18,2025-08-20 23:09:15+00:00,34.004663,-81.0389,114.4,4.41,0.1,0.0,9.0,3D,2025-08-20 19:09:15-04:00,POINT (-81.0389 34.004663)
2025-08-20 17:42:34 UTC,sensor08,236476534,29.61,62.06,2025-08-20 23:09:20+00:00,34.004502,-81.038832,114.4,3.6,0.1,0.0,9.0,3D,2025-08-20 19:09:20-04:00,POINT (-81.038832 34.004502)
2025-08-20 17:42:49 UTC,sensor08,236476534,29.59,62.39,2025-08-20 23:09:35+00:00,34.004207,-81.038702,115.8,6.21,0.1,154.39,9.0,3D,2025-08-20 19:09:35-04:00,POINT (-81.038702 34.004207)
2025-08-20 17:42:54 UTC,sensor08,236476534,29.55,62.47,2025-08-20 23:09:40+00:00,34.003887,-81.038545,116.3,8.25,0.1,158.55,9.0,3D,2025-08-20 19:09:40-04:00,POINT (-81.038545 34.003887)
2025-08-20 17:42:59 UTC,sensor08,236476534,29.4,62.82,2025-08-20 23:09:45+00:00,34.003555,-81.038375,116.5,7.86,-0.1,157.54,9.0,3D,2025-08-20 19:09:45-04:00,POINT (-81.038375 34.003555)
2025-08-20 17:43:04 UTC,sensor08,236476534,29.32,63.23,2025-08-20 23:09:50+00:00,34.003277,-81.038238,114.7,6.09,-1.2,162.53,9.0,3D,2025-08-20 19:09:50-04:00,POINT (-81.038238 34.003277)
2025-08-20 17:43:10 UTC,sensor08,236476534,29.37,63.58,2025-08-20 23:09:55+00:00,34.00304,-81.038183,114.1,2.6,0.0,165.31,9.0,3D,2025-08-20 19:09:55-04:00,POINT (-81.038183 34.00304)
2025-08-20 17:43:35 UTC,sensor08,236476534,29.46,63.32,2025-08-20 23:10:20+00:00,34.00297,-81.038158,113.8,3.76,-0.1,152.46,9.0,3D,2025-08-20 19:10:20-04:00,POINT (-81.038158 34.00297)
2025-08-20 17:43:40 UTC,sensor08,236476534,29.49,63.25,2025-08-20 23:10:25+00:00,34.002715,-81.038038,113.4,7.77,0.0,156.55,9.0,3D,2025-08-20 19:10:25-04:00,POINT (-81.038038 34.002715)
2025-08-20 17:43:45 UTC,sensor08,236476534,29.51,62.95,2025-08-20 23:10:30+00:00,34.002355,-81.037878,113.3,8.74,0.0,160.0,9.0,3D,2025-08-20 19:10:30-04:00,POINT (-81.037878 34.002355)
2025-08-20 17:43:50 UTC,sensor08,236476534,29.44,62.81,2025-08-20 23:10:35+00:00,34.001983,-81.037717,112.9,7.56,0.0,160.17,9.0,3D,2025-08-20 19:10:35-04:00,POINT (-81.037717 34.001983)
2025-08-20 17:43:55 UTC,sensor08,236476534,29.49,62.91,2025-08-20 23:10:40+00:00,34.001775,-81.037627,111.4,3.31,-0.7,164.34,9.0,3D,2025-08-20 19:10:40-04:00,POINT (-81.037627 34.001775)
2025-08-20 17:44:45 UTC,sensor08,236476534,29.41,62.89,2025-08-20 23:11:31+00:00,34.001603,-81.037543,112.4,4.43,0.1,0.0,9.0,3D,2025-08-20 19:11:31-04:00,POINT (-81.037543 34.001603)
2025-08-20 17:44:50 UTC,sensor08,236476534,29.52,62.99,2025-08-20 23:11:36+00:00,34.00137,-81.037435,112.4,6.35,0.0,0.0,4.0,3D,2025-08-20 19:11:36-04:00,POINT (-81.037435 34.00137)
2025-08-20 17:44:55 UTC,sensor08,236476534,29.41,63.16,2025-08-20 23:11:41+00:00,34.001075,-81.037307,112.2,7.1,0.0,0.0,4.0,3D,2025-08-20 19:11:41-04:00,POINT (-81.037307 34.001075)
2025-08-20 17:45:00 UTC,sensor08,236476534,29.59,62.94,2025-08-20 23:11:46+00:00,34.000803,-81.037183,112.1,5.95,0.0,0.0,8.0,3D,2025-08-20 19:11:46-04:00,POINT (-81.037183 34.000803)
2025-08-20 17:45:05 UTC,sensor08,236476534,29.65,62.56,2025-08-20 23:11:51+00:00,34.000567,-81.037072,112.1,5.9,0.0,0.0,9.0,3D,2025-08-20 19:11:51-04:00,POINT (-81.037072 34.000567)
2025-08-20 17:45:10 UTC,sensor08,236476534,29.61,63.02,2025-08-20 23:11:55+00:00,34.000353,-81.036973,112.1,6.43,0.0,159.94,9.0,3D,2025-08-20 19:11:55-04:00,POINT (-81.036973 34.000353)
2025-08-20 17:45:16 UTC,sensor08,236476534,29.71,62.46,2025-08-20 23:12:01+00:00,33.99999,-81.036843,112.9,7.17,0.0,159.97,9.0,3D,2025-08-20 19:12:01-04:00,POINT (-81.036843 33.99999)
2025-08-20 17:45:21 UTC,sensor08,236476534,29.85,62.33,2025-08-20 23:12:06+00:00,33.999655,-81.036707,113.2,7.76,-0.1,158.91,9.0,3D,2025-08-20 19:12:06-04:00,POINT (-81.036707 33.999655)
2025-08-20 17:45:26 UTC,sensor08,236476534,29.63,62.21,2025-08-20 23:12:11+00:00,33.999325,-81.03654,112.3,7.81,-0.2,155.61,9.0,3D,2025-08-20 19:12:11-04:00,POINT (-81.03654 33.999325)
2025-08-20 17:45:31 UTC,sensor08,236476534,29.49,62.7,2025-08-20 23:12:16+00:00,33.998993,-81.036388,111.7,7.99,-0.1,159.89,9.0,3D,2025-08-20 19:12:16-04:00,POINT (-81.036388 33.998993)
2025-08-20 17:45:36 UTC,sensor08,236476534,29.46,63.1,2025-08-20 23:12:21+00:00,33.998692,-81.036222,110.8,7.23,0.0,155.32,9.0,3D,2025-08-20 19:12:21-04:00,POINT (-81.036222 33.998692)
2025-08-20 17:45:41 UTC,sensor08,236476534,29.41,63.26,2025-08-20 23:12:26+00:00,33.998355,-81.036057,109.3,8.14,-0.6,158.96,9.0,3D,2025-08-20 19:12:26-04:00,POINT (-81.036057 33.998355)
2025-08-20 17:45:46 UTC,sensor08,236476534,29.32,63.29,2025-08-20 23:12:31+00:00,33.998008,-81.03593,107.9,8.34,-0.1,158.0,9.0,3D,2025-08-20 19:12:31-04:00,POINT (-81.03593 33.998008)
2025-08-20 17:45:51 UTC,sensor08,236476534,29.41,63.46,2025-08-20 23:12:36+00:00,33.997638,-81.035772,107.5,8.49,-0.1,161.23,9.0,3D,2025-08-20 19:12:36-04:00,POINT (-81.035772 33.997638)
2025-08-20 17:45:56 UTC,sensor08,236476534,29.51,63.37,2025-08-20 23:12:41+00:00,33.997317,-81.035617,106.4,7.61,0.0,163.2,9.0,3D,2025-08-20 19:12:41-04:00,POINT (-81.035617 33.997317)
2025-08-20 17:46:01 UTC,sensor08,236476534,29.36,63.28,2025-08-20 23:12:46+00:00,33.996955,-81.035465,105.5,8.65,-0.1,158.29,9.0,3D,2025-08-20 19:12:46-04:00,POINT (-81.035465 33.996955)
2025-08-20 17:46:06 UTC,sensor08,236476534,29.26,63.71,2025-08-20 23:12:51+00:00,33.9966,-81.035318,104.8,7.17,-0.3,157.44,9.0,3D,2025-08-20 19:12:51-04:00,POINT (-81.035318 33.9966)
2025-08-20 17:46:11 UTC,sensor08,236476534,29.16,63.93,2025-08-20 23:12:56+00:00,33.996275,-81.035198,105.3,6.58,0.2,161.11,9.0,3D,2025-08-20 19:12:56-04:00,POINT (-81.035198 33.996275)
2025-08-20 17:46:16 UTC,sensor08,236476534,29.14,63.95,2025-08-20 23:13:01+00:00,33.996062,-81.035172,106.4,3.42,0.2,212.11,9.0,3D,2025-08-20 19:13:01-04:00,POINT (-81.035172 33.996062)
2025-08-20 17:46:21 UTC,sensor08,236476534,29.1,64.11,2025-08-20 23:13:06+00:00,33.995968,-81.035397,101.2,5.85,-0.1,241.24,9.0,3D,2025-08-20 19:13:06-04:00,POINT (-81.035397 33.995968)
2025-08-20 17:46:26 UTC,sensor08,236476534,29.17,64.03,2025-08-20 23:13:11+00:00,33.99587,-81.035735,98.7,6.16,-0.2,250.09,9.0,3D,2025-08-20 19:13:11-04:00,POINT (-81.035735 33.99587)
2025-08-20 17:46:31 UTC,sensor08,236476534,29.29,64.03,2025-08-20 23:13:16+00:00,33.995803,-81.036092,97.7,6.3,-0.2,253.67,9.0,3D,2025-08-20 19:13:16-04:00,POINT (-81.036092 33.995803)
2025-08-20 17:46:36 UTC,sensor08,236476534,29.41,63.66,2025-08-20 23:13:21+00:00,33.995745,-81.036355,96.4,3.42,-0.3,249.48,10.0,3D,2025-08-20 19:13:21-04:00,POINT (-81.036355 33.995745)
2025-08-20 17:47:11 UTC,sensor08,236476534,29.76,62.44,2025-08-20 23:13:56+00:00,33.995618,-81.036557,96.3,4.37,0.2,215.37,9.0,3D,2025-08-20 19:13:56-04:00,POINT (-81.036557 33.995618)
2025-08-20 17:47:16 UTC,sensor08,236476534,29.72,62.62,2025-08-20 23:14:02+00:00,33.995357,-81.036527,97.9,5.84,0.1,157.07,9.0,3D,2025-08-20 19:14:02-04:00,POINT (-81.036527 33.995357)
2025-08-20 17:47:21 UTC,sensor08,236476534,29.59,62.73,2025-08-20 23:14:07+00:00,33.995128,-81.036432,98.5,4.57,0.1,169.56,9.0,3D,2025-08-20 19:14:07-04:00,POINT (-81.036432 33.995128)
2025-08-20 17:47:27 UTC,sensor08,236476534,29.53,62.97,2025-08-20 23:14:12+00:00,33.994953,-81.036397,98.6,3.03,-0.1,163.81,10.0,3D,2025-08-20 19:14:12-04:00,POINT (-81.036397 33.994953)
2025-08-20 17:47:42 UTC,sensor08,236476534,29.49,63.11,2025-08-20 23:14:27+00:00,33.994853,-81.036332,99.4,2.59,0.0,144.61,10.0,3D,2025-08-20 19:14:27-04:00,POINT (-81.036332 33.994853)
2025-08-20 17:47:47 UTC,sensor08,236476534,29.5,63.34,2025-08-20 23:14:32+00:00,33.99471,-81.03622,100.2,4.49,0.2,153.86,10.0,3D,2025-08-20 19:14:32-04:00,POINT (-81.03622 33.99471)
2025-08-20 17:47:52 UTC,sensor08,236476534,29.58,63.4,2025-08-20 23:14:37+00:00,33.994505,-81.03612,101.4,5.55,0.2,157.61,10.0,3D,2025-08-20 19:14:37-04:00,POINT (-81.03612 33.994505)
2025-08-20 17:47:57 UTC,sensor08,236476534,29.74,62.97,2025-08-20 23:14:42+00:00,33.99425,-81.03601,102.7,6.49,0.3,158.81,10.0,3D,2025-08-20 19:14:42-04:00,POINT (-81.03601 33.99425)
2025-08-20 17:48:02 UTC,sensor08,236476534,29.65,62.73,2025-08-20 23:14:47+00:00,33.99396,-81.035877,104.1,7.02,0.2,158.22,10.0,3D,2025-08-20 19:14:47-04:00,POINT (-81.035877 33.99396)
2025-08-20 17:48:07 UTC,sensor08,236476534,29.54,62.93,2025-08-20 23:14:52+00:00,33.993683,-81.035735,104.9,6.42,0.1,161.42,10.0,3D,2025-08-20 19:14:52-04:00,POINT (-81.035735 33.993683)
2025-08-20 17:48:12 UTC,sensor08,236476534,29.45,63.21,2025-08-20 23:14:57+00:00,33.993423,-81.035622,105.1,6.0,-0.1,160.7,10.0,3D,2025-08-20 19:14:57-04:00,POINT (-81.035622 33.993423)
2025-08-20 17:48:17 UTC,sensor08,236476534,29.41,63.4,2025-08-20 23:15:02+00:00,33.993177,-81.035515,106.2,4.59,0.4,160.19,10.0,3D,2025-08-20 19:15:02-04:00,POINT (-81.035515 33.993177)
2025-08-20 17:48:27 UTC,sensor08,236476534,29.48,63.48,2025-08-20 23:15:12+00:00,33.992903,-81.035307,107.7,6.37,-0.4,160.36,10.0,3D,2025-08-20 19:15:12-04:00,POINT (-81.035307 33.992903)
2025-08-20 17:48:32 UTC,sensor08,236476534,29.63,63.35,2025-08-20 23:15:17+00:00,33.992605,-81.035202,108.6,7.82,0.2,160.34,10.0,3D,2025-08-20 19:15:17-04:00,POINT (-81.035202 33.992605)
2025-08-20 17:48:37 UTC,sensor08,236476534,29.63,63.03,2025-08-20 23:15:22+00:00,33.992238,-81.035065,109.5,6.92,0.1,163.27,10.0,3D,2025-08-20 19:15:22-04:00,POINT (-81.035065 33.992238)
2025-08-20 17:48:42 UTC,sensor08,236476534,29.65,63.25,2025-08-20 23:15:27+00:00,33.992002,-81.034958,110.0,5.13,0.0,153.2,10.0,3D,2025-08-20 19:15:27-04:00,POINT (-81.034958 33.992002)
2025-08-20 17:48:47 UTC,sensor08,236476534,29.71,63.58,2025-08-20 23:15:33+00:00,33.991792,-81.034842,110.8,4.35,0.1,0.0,10.0,3D,2025-08-20 19:15:33-04:00,POINT (-81.034842 33.991792)
2025-08-20 17:48:52 UTC,sensor08,236476534,29.72,63.97,2025-08-20 23:15:38+00:00,33.991652,-81.034775,110.9,2.92,-0.1,0.0,10.0,3D,2025-08-20 19:15:38-04:00,POINT (-81.034775 33.991652)
2025-08-20 17:48:57 UTC,sensor08,236476534,30.17,63.26,2025-08-20 23:15:43+00:00,33.991573,-81.034568,109.7,5.86,0.1,0.0,10.0,3D,2025-08-20 19:15:43-04:00,POINT (-81.034568 33.991573)
2025-08-20 17:49:02 UTC,sensor08,236476534,30.23,61.7,2025-08-20 23:15:48+00:00,33.991702,-81.034197,109.0,8.13,-0.2,0.0,10.0,3D,2025-08-20 19:15:48-04:00,POINT (-81.034197 33.991702)
2025-08-20 17:49:07 UTC,sensor08,236476534,29.73,61.8,2025-08-20 23:15:53+00:00,33.991835,-81.03383,109.0,6.65,0.1,69.42,10.0,3D,2025-08-20 19:15:53-04:00,POINT (-81.03383 33.991835)
2025-08-20 17:49:12 UTC,sensor08,236476534,29.87,62.35,2025-08-20 23:15:57+00:00,33.991913,-81.033588,108.2,5.19,-0.1,66.96,10.0,3D,2025-08-20 19:15:57-04:00,POINT (-81.033588 33.991913)
2025-08-20 17:49:17 UTC,sensor08,236476534,29.75,62.62,2025-08-20 23:15:57+00:00,33.991913,-81.033588,108.2,5.19,-0.1,66.96,10.0,3D,2025-08-20 19:15:57-04:00,POINT (-81.033588 33.991913)
2025-08-20 17:49:22 UTC,sensor08,236476534,29.7,62.61,2025-08-20 23:16:08+00:00,33.992035,-81.033207,102.7,5.03,-0.2,67.91,10.0,3D,2025-08-20 19:16:08-04:00,POINT (-81.033207 33.992035)
2025-08-20 17:49:28 UTC,sensor08,236476534,29.59,62.91,2025-08-20 23:16:13+00:00,33.992122,-81.032888,97.3,6.98,-0.1,67.09,10.0,3D,2025-08-20 19:16:13-04:00,POINT (-81.032888 33.992122)
2025-08-20 17:49:33 UTC,sensor08,236476534,29.37,63.3,2025-08-20 23:16:18+00:00,33.992252,-81.032518,96.7,7.59,-0.1,65.01,10.0,3D,2025-08-20 19:16:18-04:00,POINT (-81.032518 33.992252)
2025-08-20 17:49:38 UTC,sensor08,236476534,29.63,63.61,2025-08-20 23:16:23+00:00,33.99238,-81.032155,96.8,7.17,0.1,70.7,10.0,3D,2025-08-20 19:16:23-04:00,POINT (-81.032155 33.99238)
2025-08-20 17:49:43 UTC,sensor08,236476534,29.81,62.92,2025-08-20 23:16:28+00:00,33.992498,-81.031783,96.9,6.95,0.0,68.09,10.0,3D,2025-08-20 19:16:28-04:00,POINT (-81.031783 33.992498)
2025-08-20 17:49:48 UTC,sensor08,236476534,29.85,61.97,2025-08-20 23:16:33+00:00,33.992617,-81.03143,96.9,7.72,0.2,68.0,10.0,3D,2025-08-20 19:16:33-04:00,POINT (-81.03143 33.992617)
2025-08-20 17:49:53 UTC,sensor08,236476534,29.55,62.07,2025-08-20 23:16:38+00:00,33.992778,-81.030997,97.3,9.99,0.4,64.03,10.0,3D,2025-08-20 19:16:38-04:00,POINT (-81.030997 33.992778)
2025-08-20 17:49:58 UTC,sensor08,236476534,29.89,62.24,2025-08-20 23:16:43+00:00,33.99296,-81.030497,99.5,10.05,0.6,68.0,10.0,3D,2025-08-20 19:16:43-04:00,POINT (-81.030497 33.99296)
2025-08-20 17:50:03 UTC,sensor08,236476534,29.97,61.63,2025-08-20 23:16:48+00:00,33.993127,-81.030032,101.7,7.91,0.4,75.64,10.0,3D,2025-08-20 19:16:48-04:00,POINT (-81.030032 33.993127)
2025-08-20 17:50:08 UTC,sensor08,236476534,29.54,62.21,2025-08-20 23:16:53+00:00,33.993227,-81.029648,101.9,7.16,-0.1,70.02,10.0,3D,2025-08-20 19:16:53-04:00,POINT (-81.029648 33.993227)
2025-08-20 17:50:13 UTC,sensor08,236476534,29.32,63.24,2025-08-20 23:16:58+00:00,33.993335,-81.029293,101.1,7.84,-0.2,71.45,10.0,3D,2025-08-20 19:16:58-04:00,POINT (-81.029293 33.993335)
2025-08-20 17:50:18 UTC,sensor08,236476534,30.04,63.43,2025-08-20 23:17:03+00:00,33.993472,-81.028838,100.2,9.69,-0.3,69.27,10.0,3D,2025-08-20 19:17:03-04:00,POINT (-81.028838 33.993472)
2025-08-20 17:50:23 UTC,sensor08,236476534,30.05,61.69,2025-08-20 23:17:08+00:00,33.993612,-81.028352,99.0,9.43,-0.6,69.5,10.0,3D,2025-08-20 19:17:08-04:00,POINT (-81.028352 33.993612)
2025-08-20 17:50:28 UTC,sensor08,236476534,30.2,61.62,2025-08-20 23:17:13+00:00,33.993752,-81.02788,96.1,9.19,-0.3,70.36,10.0,3D,2025-08-20 19:17:13-04:00,POINT (-81.02788 33.993752)
2025-08-20 17:50:33 UTC,sensor08,236476534,30.34,61.61,2025-08-20 23:17:18+00:00,33.993912,-81.027412,92.5,9.89,-0.7,69.75,10.0,3D,2025-08-20 19:17:18-04:00,POINT (-81.027412 33.993912)
2025-08-20 17:50:38 UTC,sensor08,236476534,30.09,61.42,2025-08-20 23:17:23+00:00,33.994065,-81.026885,89.8,9.96,-0.4,71.14,10.0,3D,2025-08-20 19:17:23-04:00,POINT (-81.026885 33.994065)
2025-08-20 17:50:43 UTC,sensor08,236476534,29.83,62.1,2025-08-20 23:17:28+00:00,33.994213,-81.02646,87.5,6.46,-0.4,68.97,10.0,3D,2025-08-20 19:17:28-04:00,POINT (-81.02646 33.994213)
2025-08-20 17:50:48 UTC,sensor08,236476534,29.78,62.31,2025-08-20 23:17:33+00:00,33.994262,-81.026213,84.8,3.01,-0.5,67.7,10.0,3D,2025-08-20 19:17:33-04:00,POINT (-81.026213 33.994262)
2025-08-20 17:50:53 UTC,sensor08,236476534,29.7,62.62,2025-08-20 23:17:39+00:00,33.994315,-81.026063,82.6,4.22,-0.2,0.0,10.0,3D,2025-08-20 19:17:39-04:00,POINT (-81.026063 33.994315)
2025-08-20 17:50:58 UTC,sensor08,236476534,29.32,63.28,2025-08-20 23:17:44+00:00,33.994455,-81.0257,81.7,8.96,-0.1,0.0,10.0,3D,2025-08-20 19:17:44-04:00,POINT (-81.0257 33.994455)
2025-08-20 17:51:03 UTC,sensor08,236476534,29.43,63.69,2025-08-20 23:17:49+00:00,33.99462,-81.025188,80.4,10.46,-0.3,0.0,10.0,3D,2025-08-20 19:17:49-04:00,POINT (-81.025188 33.99462)
2025-08-20 17:51:08 UTC,sensor08,236476534,29.4,64.87,2025-08-20 23:17:54+00:00,33.994793,-81.024643,78.1,10.59,-0.5,0.0,10.0,3D,2025-08-20 19:17:54-04:00,POINT (-81.024643 33.994793)
2025-08-20 17:51:13 UTC,sensor08,236476534,29.6,65.09,2025-08-20 23:17:57+00:00,33.994917,-81.024323,77.0,11.18,-0.3,62.76,10.0,3D,2025-08-20 19:17:57-04:00,POINT (-81.024323 33.994917)
2025-08-20 17:51:18 UTC,sensor08,236476534,29.7,63.68,2025-08-20 23:18:03+00:00,33.995213,-81.023688,76.7,10.72,-0.1,56.37,10.0,3D,2025-08-20 19:18:03-04:00,POINT (-81.023688 33.995213)
2025-08-20 17:51:23 UTC,sensor08,236476534,29.41,64.09,2025-08-20 23:18:06+00:00,33.995213,-81.023688,76.7,10.72,-0.1,56.37,10.0,3D,2025-08-20 19:18:06-04:00,POINT (-81.023688 33.995213)
2025-08-20 17:51:28 UTC,sensor08,236476534,29.59,63.9,2025-08-20 23:18:14+00:00,33.995953,-81.02269,74.9,11.79,0.2,44.13,10.0,3D,2025-08-20 19:18:14-04:00,POINT (-81.02269 33.995953)
2025-08-20 17:51:33 UTC,sensor08,236476534,29.58,63.91,2025-08-20 23:18:19+00:00,33.996327,-81.022268,75.3,11.34,0.1,41.96,10.0,3D,2025-08-20 19:18:19-04:00,POINT (-81.022268 33.996327)
2025-08-20 17:51:39 UTC,sensor08,236476534,29.15,64.97,2025-08-20 23:18:24+00:00,33.996692,-81.02186,76.4,10.96,0.4,43.65,10.0,3D,2025-08-20 19:18:24-04:00,POINT (-81.02186 33.996692)
2025-08-20 17:51:44 UTC,sensor08,236476534,29.25,65.17,2025-08-20 23:18:29+00:00,33.997043,-81.021455,77.3,10.73,0.1,42.93,10.0,3D,2025-08-20 19:18:29-04:00,POINT (-81.021455 33.997043)
2025-08-20 17:51:49 UTC,sensor08,236476534,28.94,65.73,2025-08-20 23:18:34+00:00,33.997388,-81.021042,78.0,10.94,0.0,44.16,10.0,3D,2025-08-20 19:18:34-04:00,POINT (-81.021042 33.997388)
2025-08-20 17:51:54 UTC,sensor08,236476534,29.18,65.93,2025-08-20 23:18:39+00:00,33.997748,-81.0206,78.1,11.51,0.1,48.76,10.0,3D,2025-08-20 19:18:39-04:00,POINT (-81.0206 33.997748)
2025-08-20 17:51:59 UTC,sensor08,236476534,29.22,65.96,2025-08-20 23:18:44+00:00,33.998047,-81.020055,78.4,12.38,0.0,62.98,10.0,3D,2025-08-20 19:18:44-04:00,POINT (-81.020055 33.998047)
2025-08-20 17:52:04 UTC,sensor08,236476534,29.27,65.18,2025-08-20 23:18:49+00:00,33.998238,-81.019428,78.3,12.32,-0.1,75.25,10.0,3D,2025-08-20 19:18:49-04:00,POINT (-81.019428 33.998238)
2025-08-20 17:52:09 UTC,sensor08,236476534,29.39,64.39,2025-08-20 23:18:54+00:00,33.998298,-81.018775,78.4,11.95,0.1,90.4,10.0,3D,2025-08-20 19:18:54-04:00,POINT (-81.018775 33.998298)
2025-08-20 17:52:14 UTC,sensor08,236476534,29.56,63.61,2025-08-20 23:18:59+00:00,33.998187,-81.018125,78.6,11.72,0.0,106.24,10.0,3D,2025-08-20 19:18:59-04:00,POINT (-81.018125 33.998187)
2025-08-20 17:52:19 UTC,sensor08,236476534,29.85,62.93,2025-08-20 23:19:04+00:00,33.997995,-81.017567,78.4,10.28,0.0,113.52,10.0,3D,2025-08-20 19:19:04-04:00,POINT (-81.017567 33.997995)
2025-08-20 17:52:24 UTC,sensor08,236476534,29.95,62.59,2025-08-20 23:19:09+00:00,33.997797,-81.017077,78.8,9.26,0.3,114.06,10.0,3D,2025-08-20 19:19:09-04:00,POINT (-81.017077 33.997797)
2025-08-20 17:52:29 UTC,sensor08,236476534,29.95,62.31,2025-08-20 23:19:14+00:00,33.997643,-81.016685,80.4,7.13,0.6,111.1,10.0,3D,2025-08-20 19:19:14-04:00,POINT (-81.016685 33.997643)
2025-08-20 17:52:34 UTC,sensor08,236476534,29.85,62.13,2025-08-20 23:19:19+00:00,33.99756,-81.016362,81.0,6.1,0.0,100.82,10.0,3D,2025-08-20 19:19:19-04:00,POINT (-81.016362 33.99756)
2025-08-20 17:52:39 UTC,sensor08,236476534,29.89,62.51,2025-08-20 23:19:24+00:00,33.997527,-81.016028,81.4,6.07,0.1,96.63,10.0,3D,2025-08-20 19:19:24-04:00,POINT (-81.016028 33.997527)
2025-08-20 17:52:44 UTC,sensor08,236476534,29.9,62.45,2025-08-20 23:19:29+00:00,33.9975,-81.015733,81.7,4.68,0.1,99.26,10.0,3D,2025-08-20 19:19:29-04:00,POINT (-81.015733 33.9975)
2025-08-20 17:52:49 UTC,sensor08,236476534,30.14,62.36,2025-08-20 23:19:35+00:00,33.997508,-81.015528,79.8,3.1,0.1,0.0,10.0,3D,2025-08-20 19:19:35-04:00,POINT (-81.015528 33.997508)
2025-08-20 17:52:54 UTC,sensor08,236476534,30.22,62.15,2025-08-20 23:19:40+00:00,33.997472,-81.015302,80.4,4.41,0.2,0.0,10.0,3D,2025-08-20 19:19:40-04:00,POINT (-81.015302 33.997472)
2025-08-20 17:52:59 UTC,sensor08,236476534,30.06,62.13,2025-08-20 23:19:45+00:00,33.997255,-81.015165,81.8,7.55,0.2,0.0,10.0,3D,2025-08-20 19:19:45-04:00,POINT (-81.015165 33.997255)
2025-08-20 17:53:04 UTC,sensor08,236476534,29.64,62.72,2025-08-20 23:19:50+00:00,33.996875,-81.015025,83.4,8.44,0.4,161.69,10.0,3D,2025-08-20 19:19:50-04:00,POINT (-81.015025 33.996875)
2025-08-20 17:53:09 UTC,sensor08,236476534,29.53,63.54,2025-08-20 23:19:55+00:00,33.99657,-81.014915,85.6,5.27,0.3,160.99,10.0,3D,2025-08-20 19:19:55-04:00,POINT (-81.014915 33.99657)
2025-08-20 17:54:00 UTC,sensor08,236476534,29.83,63.09,2025-08-20 23:20:45+00:00,33.996333,-81.014848,85.9,5.0,0.1,155.27,9.0,3D,2025-08-20 19:20:45-04:00,POINT (-81.014848 33.996333)
2025-08-20 17:54:05 UTC,sensor08,236476534,29.55,63.76,2025-08-20 23:20:50+00:00,33.99603,-81.014693,87.0,7.63,0.2,158.29,9.0,3D,2025-08-20 19:20:50-04:00,POINT (-81.014693 33.99603)
2025-08-20 17:54:10 UTC,sensor08,236476534,29.43,64.37,2025-08-20 23:20:55+00:00,33.995687,-81.014493,88.2,8.75,0.2,152.13,9.0,3D,2025-08-20 19:20:55-04:00,POINT (-81.014493 33.995687)
2025-08-20 17:54:15 UTC,sensor08,236476534,29.31,64.53,2025-08-20 23:21:00+00:00,33.995303,-81.014263,89.4,8.6,0.3,152.98,9.0,3D,2025-08-20 19:21:00-04:00,POINT (-81.014263 33.995303)
2025-08-20 17:54:20 UTC,sensor08,236476534,29.28,65.37,2025-08-20 23:21:05+00:00,33.994947,-81.014033,90.7,8.4,0.2,153.25,9.0,3D,2025-08-20 19:21:05-04:00,POINT (-81.014033 33.994947)
2025-08-20 17:54:25 UTC,sensor08,236476534,29.09,65.39,2025-08-20 23:21:10+00:00,33.99458,-81.013807,91.3,8.0,0.0,152.15,9.0,3D,2025-08-20 19:21:10-04:00,POINT (-81.013807 33.99458)
2025-08-20 17:54:30 UTC,sensor08,236476534,28.81,65.5,2025-08-20 23:21:16+00:00,33.994188,-81.013572,91.3,8.17,0.0,0.0,9.0,3D,2025-08-20 19:21:16-04:00,POINT (-81.013572 33.994188)
2025-08-20 17:54:35 UTC,sensor08,236476534,28.94,66.42,2025-08-20 23:21:21+00:00,33.993815,-81.013385,91.8,9.27,0.0,0.0,9.0,3D,2025-08-20 19:21:21-04:00,POINT (-81.013385 33.993815)
2025-08-20 17:54:40 UTC,sensor08,236476534,28.92,66.22,2025-08-20 23:21:26+00:00,33.993515,-81.013247,91.5,4.81,-0.1,0.0,9.0,3D,2025-08-20 19:21:26-04:00,POINT (-81.013247 33.993515)
2025-08-20 17:54:45 UTC,sensor08,236476534,28.91,66.63,2025-08-20 23:21:31+00:00,33.993393,-81.01321,92.1,3.38,0.1,0.0,9.0,3D,2025-08-20 19:21:31-04:00,POINT (-81.01321 33.993393)
2025-08-20 17:54:50 UTC,sensor08,236476534,28.82,66.27,2025-08-20 23:21:36+00:00,33.993358,-81.012968,93.0,5.26,0.1,0.0,4.0,3D,2025-08-20 19:21:36-04:00,POINT (-81.012968 33.993358)
2025-08-20 17:54:55 UTC,sensor08,236476534,28.82,66.06,2025-08-20 23:21:41+00:00,33.993483,-81.012747,94.6,4.41,0.4,0.0,8.0,3D,2025-08-20 19:21:41-04:00,POINT (-81.012747 33.993483)
2025-08-20 17:55:00 UTC,sensor08,236476534,28.68,66.25,2025-08-20 23:21:46+00:00,33.993568,-81.012573,96.2,3.21,0.2,0.0,9.0,3D,2025-08-20 19:21:46-04:00,POINT (-81.012573 33.993568)
2025-08-20 17:55:05 UTC,sensor08,236476534,28.65,66.51,2025-08-20 23:21:51+00:00,33.993608,-81.01236,97.8,4.1,0.3,78.44,9.0,3D,2025-08-20 19:21:51-04:00,POINT (-81.01236 33.993608)
2025-08-20 17:55:11 UTC,sensor08,236476534,28.58,66.42,2025-08-20 23:21:56+00:00,33.993618,-81.012075,99.6,5.44,0.3,87.63,9.0,3D,2025-08-20 19:21:56-04:00,POINT (-81.012075 33.993618)
2025-08-20 17:55:16 UTC,sensor08,236476534,28.56,66.76,2025-08-20 23:21:59+00:00,33.993622,-81.01189,100.5,5.8,0.2,90.79,9.0,3D,2025-08-20 19:21:59-04:00,POINT (-81.01189 33.993622)
2025-08-20 17:55:21 UTC,sensor08,236476534,28.57,66.95,2025-08-20 23:22:06+00:00,33.99361,-81.01138,101.9,6.9,0.1,97.19,9.0,3D,2025-08-20 19:22:06-04:00,POINT (-81.01138 33.99361)
2025-08-20 17:55:26 UTC,sensor08,236476534,28.66,66.71,2025-08-20 23:22:11+00:00,33.993573,-81.010973,102.5,6.9,0.2,90.82,9.0,3D,2025-08-20 19:22:11-04:00,POINT (-81.010973 33.993573)
2025-08-20 17:55:31 UTC,sensor08,236476534,28.56,66.41,2025-08-20 23:22:16+00:00,33.993563,-81.010622,103.1,5.94,0.1,92.94,9.0,3D,2025-08-20 19:22:16-04:00,POINT (-81.010622 33.993563)
2025-08-20 17:55:36 UTC,sensor08,236476534,28.55,66.32,2025-08-20 23:22:21+00:00,33.993542,-81.010293,103.4,5.97,0.0,93.13,9.0,3D,2025-08-20 19:22:21-04:00,POINT (-81.010293 33.993542)
2025-08-20 17:56:16 UTC,sensor08,236476534,28.78,67.25,2025-08-20 23:23:01+00:00,33.993432,-81.00989,103.0,4.29,0.0,157.61,9.0,3D,2025-08-20 19:23:01-04:00,POINT (-81.00989 33.993432)
2025-08-20 17:56:21 UTC,sensor08,236476534,28.73,66.95,2025-08-20 23:23:07+00:00,33.993087,-81.009885,103.2,7.95,0.1,0.0,9.0,3D,2025-08-20 19:23:07-04:00,POINT (-81.009885 33.993087)
2025-08-20 17:56:26 UTC,sensor08,236476534,28.69,66.82,2025-08-20 23:23:12+00:00,33.992747,-81.009902,103.5,7.21,0.1,0.0,9.0,3D,2025-08-20 19:23:12-04:00,POINT (-81.009902 33.992747)
2025-08-20 17:56:31 UTC,sensor08,236476534,28.59,67.19,2025-08-20 23:23:17+00:00,33.992498,-81.009913,104.1,4.45,0.1,0.0,9.0,3D,2025-08-20 19:23:17-04:00,POINT (-81.009913 33.992498)
2025-08-20 17:56:36 UTC,sensor08,236476534,28.6,67.48,2025-08-20 23:23:22+00:00,33.992398,-81.009912,104.7,2.5,0.1,171.87,9.0,3D,2025-08-20 19:23:22-04:00,POINT (-81.009912 33.992398)
2025-08-20 17:56:41 UTC,sensor08,236476534,28.51,67.07,2025-08-20 23:23:27+00:00,33.99221,-81.00992,105.6,5.23,0.1,179.51,9.0,3D,2025-08-20 19:23:27-04:00,POINT (-81.00992 33.99221)
2025-08-20 17:56:46 UTC,sensor08,236476534,28.58,67.25,2025-08-20 23:23:32+00:00,33.99189,-81.00996,107.5,7.07,0.2,184.21,9.0,3D,2025-08-20 19:23:32-04:00,POINT (-81.00996 33.99189)
2025-08-20 17:56:51 UTC,sensor08,236476534,28.59,67.07,2025-08-20 23:23:37+00:00,33.991587,-81.009992,108.6,6.2,0.2,185.44,9.0,3D,2025-08-20 19:23:37-04:00,POINT (-81.009992 33.991587)
2025-08-20 17:56:57 UTC,sensor08,236476534,28.56,66.83,2025-08-20 23:23:42+00:00,33.991357,-81.010042,109.9,3.8,0.3,182.59,9.0,3D,2025-08-20 19:23:42-04:00,POINT (-81.010042 33.991357)
2025-08-20 17:57:07 UTC,sensor08,236476534,28.56,66.58,2025-08-20 23:23:52+00:00,33.991188,-81.010038,111.5,4.34,0.2,181.85,9.0,3D,2025-08-20 19:23:52-04:00,POINT (-81.010038 33.991188)
2025-08-20 17:57:12 UTC,sensor08,236476534,28.59,66.9,2025-08-20 23:23:57+00:00,33.99092,-81.010048,112.6,6.44,0.2,183.77,9.0,3D,2025-08-20 19:23:57-04:00,POINT (-81.010048 33.99092)
2025-08-20 17:57:17 UTC,sensor08,236476534,28.6,66.65,2025-08-20 23:24:00+00:00,33.990745,-81.010067,113.2,6.03,0.2,183.97,9.0,3D,2025-08-20 19:24:00-04:00,POINT (-81.010067 33.990745)
2025-08-20 17:57:22 UTC,sensor08,236476534,28.53,67.14,2025-08-20 23:24:07+00:00,33.990375,-81.010098,112.1,5.48,0.0,183.27,9.0,3D,2025-08-20 19:24:07-04:00,POINT (-81.010098 33.990375)
2025-08-20 17:57:32 UTC,sensor08,236476534,28.6,67.65,2025-08-20 23:24:18+00:00,33.99006,-81.010177,112.0,4.16,-0.2,0.0,9.0,3D,2025-08-20 19:24:18-04:00,POINT (-81.010177 33.99006)
2025-08-20 17:57:37 UTC,sensor08,236476534,28.5,68.54,2025-08-20 23:24:23+00:00,33.989887,-81.010457,108.0,4.77,-1.3,227.76,9.0,3D,2025-08-20 19:24:23-04:00,POINT (-81.010457 33.989887)
2025-08-20 17:57:53 UTC,sensor08,236476534,28.49,67.7,2025-08-20 23:24:38+00:00,33.989517,-81.010505,106.1,6.38,0.1,138.06,9.0,3D,2025-08-20 19:24:38-04:00,POINT (-81.010505 33.989517)
2025-08-20 17:57:58 UTC,sensor08,236476534,28.57,67.75,2025-08-20 23:24:43+00:00,33.989263,-81.010202,106.6,8.6,0.1,132.56,9.0,3D,2025-08-20 19:24:43-04:00,POINT (-81.010202 33.989263)
2025-08-20 17:58:03 UTC,sensor08,236476534,28.54,67.13,2025-08-20 23:24:48+00:00,33.988988,-81.009897,106.3,7.3,0.2,137.01,9.0,3D,2025-08-20 19:24:48-04:00,POINT (-81.009897 33.988988)
2025-08-20 17:58:08 UTC,sensor08,236476534,28.54,66.8,2025-08-20 23:24:54+00:00,33.988778,-81.009652,105.7,4.6,-1.9,0.0,9.0,3D,2025-08-20 19:24:54-04:00,POINT (-81.009652 33.988778)
2025-08-20 17:58:13 UTC,sensor08,236476534,28.52,67.09,2025-08-20 23:24:59+00:00,33.988702,-81.009565,106.6,3.62,0.2,136.57,9.0,3D,2025-08-20 19:24:59-04:00,POINT (-81.009565 33.988702)
2025-08-20 17:58:19 UTC,sensor08,236476534,28.53,67.26,2025-08-20 23:25:04+00:00,33.988475,-81.0093,107.2,7.83,-0.1,135.45,9.0,3D,2025-08-20 19:25:04-04:00,POINT (-81.0093 33.988475)
2025-08-20 17:58:24 UTC,sensor08,236476534,28.66,67.16,2025-08-20 23:25:09+00:00,33.9882,-81.008963,107.5,8.85,-0.1,136.52,9.0,3D,2025-08-20 19:25:09-04:00,POINT (-81.008963 33.9882)
2025-08-20 17:58:29 UTC,sensor08,236476534,28.77,67.13,2025-08-20 23:25:14+00:00,33.98791,-81.008593,107.9,9.28,0.2,133.39,9.0,3D,2025-08-20 19:25:14-04:00,POINT (-81.008593 33.98791)
2025-08-20 17:58:34 UTC,sensor08,236476534,28.67,67.03,2025-08-20 23:25:19+00:00,33.987607,-81.008255,108.8,8.38,0.3,139.42,9.0,3D,2025-08-20 19:25:19-04:00,POINT (-81.008255 33.987607)
2025-08-20 17:58:39 UTC,sensor08,236476534,28.56,66.87,2025-08-20 23:25:24+00:00,33.987298,-81.007942,109.6,8.5,0.1,140.39,9.0,3D,2025-08-20 19:25:24-04:00,POINT (-81.007942 33.987298)
2025-08-20 17:58:44 UTC,sensor08,236476534,28.66,67.37,2025-08-20 23:25:29+00:00,33.987065,-81.007693,110.2,5.54,0.2,136.55,9.0,3D,2025-08-20 19:25:29-04:00,POINT (-81.007693 33.987065)
2025-08-20 17:58:49 UTC,sensor08,236476534,28.68,66.93,2025-08-20 23:25:34+00:00,33.986905,-81.007513,110.5,3.09,0.1,138.21,9.0,3D,2025-08-20 19:25:34-04:00,POINT (-81.007513 33.986905)
2025-08-20 17:59:45 UTC,sensor08,236476534,28.98,65.53,2025-08-20 23:26:31+00:00,33.98666,-81.007578,110.4,6.61,0.1,0.0,4.0,3D,2025-08-20 19:26:31-04:00,POINT (-81.007578 33.98666)
2025-08-20 17:59:50 UTC,sensor08,236476534,28.82,65.69,2025-08-20 23:26:36+00:00,33.986537,-81.008043,110.9,9.41,0.1,0.0,9.0,3D,2025-08-20 19:26:36-04:00,POINT (-81.008043 33.986537)
2025-08-20 17:59:56 UTC,sensor08,236476534,29.15,65.56,2025-08-20 23:26:41+00:00,33.986385,-81.008557,111.4,10.3,0.0,251.42,9.0,3D,2025-08-20 19:26:41-04:00,POINT (-81.008557 33.986385)
2025-08-20 18:00:01 UTC,sensor08,236476534,29.19,65.55,2025-08-20 23:26:46+00:00,33.98623,-81.009077,110.7,9.64,-0.1,249.89,9.0,3D,2025-08-20 19:26:46-04:00,POINT (-81.009077 33.98623)
2025-08-20 18:00:06 UTC,sensor08,236476534,29.17,65.54,2025-08-20 23:26:51+00:00,33.986048,-81.009568,109.8,10.42,-0.1,250.95,9.0,3D,2025-08-20 19:26:51-04:00,POINT (-81.009568 33.986048)
2025-08-20 18:00:11 UTC,sensor08,236476534,28.87,65.67,2025-08-20 23:26:56+00:00,33.98588,-81.010153,105.8,11.04,-0.9,249.8,9.0,3D,2025-08-20 19:26:56-04:00,POINT (-81.010153 33.98588)
2025-08-20 18:00:16 UTC,sensor08,236476534,28.78,65.71,2025-08-20 23:27:01+00:00,33.985725,-81.010682,101.8,9.07,-1.0,251.07,9.0,3D,2025-08-20 19:27:01-04:00,POINT (-81.010682 33.985725)
2025-08-20 18:00:21 UTC,sensor08,236476534,28.87,66.02,2025-08-20 23:27:07+00:00,33.985568,-81.011217,96.8,7.25,-0.6,0.0,9.0,3D,2025-08-20 19:27:07-04:00,POINT (-81.011217 33.985568)
2025-08-20 18:00:26 UTC,sensor08,236476534,28.72,66.49,2025-08-20 23:27:12+00:00,33.98547,-81.011533,96.2,5.43,0.3,253.19,9.0,3D,2025-08-20 19:27:12-04:00,POINT (-81.011533 33.98547)
2025-08-20 18:00:31 UTC,sensor08,236476534,28.79,66.44,2025-08-20 23:27:17+00:00,33.985472,-81.011762,94.9,3.21,-0.3,316.28,9.0,3D,2025-08-20 19:27:17-04:00,POINT (-81.011762 33.985472)
2025-08-20 18:00:37 UTC,sensor08,236476534,28.78,66.61,2025-08-20 23:27:22+00:00,33.985682,-81.011875,93.6,5.87,-0.2,334.92,9.0,3D,2025-08-20 19:27:22-04:00,POINT (-81.011875 33.985682)
2025-08-20 18:00:42 UTC,sensor08,236476534,28.62,66.6,2025-08-20 23:27:27+00:00,33.98593,-81.011995,93.2,5.34,-0.2,340.82,9.0,3D,2025-08-20 19:27:27-04:00,POINT (-81.011995 33.98593)
2025-08-20 18:00:47 UTC,sensor08,236476534,28.58,66.75,2025-08-20 23:27:32+00:00,33.986122,-81.012063,92.2,3.75,-0.2,351.66,9.0,3D,2025-08-20 19:27:32-04:00,POINT (-81.012063 33.986122)
2025-08-20 18:00:52 UTC,sensor08,236476534,28.65,66.68,2025-08-20 23:27:37+00:00,33.986222,-81.01213,91.3,2.83,-0.1,332.28,9.0,3D,2025-08-20 19:27:37-04:00,POINT (-81.01213 33.986222)
2025-08-20 18:00:57 UTC,sensor08,236476534,28.55,66.7,2025-08-20 23:27:42+00:00,33.986392,-81.012222,90.8,4.59,-0.2,339.64,9.0,3D,2025-08-20 19:27:42-04:00,POINT (-81.012222 33.986392)
2025-08-20 18:01:02 UTC,sensor08,236476534,28.57,67.01,2025-08-20 23:27:47+00:00,33.986638,-81.012312,91.6,5.28,-0.2,338.23,9.0,3D,2025-08-20 19:27:47-04:00,POINT (-81.012312 33.986638)
2025-08-20 18:01:07 UTC,sensor08,236476534,28.46,67.0,2025-08-20 23:27:52+00:00,33.986867,-81.012432,91.2,5.06,-0.1,339.22,9.0,3D,2025-08-20 19:27:52-04:00,POINT (-81.012432 33.986867)
2025-08-20 18:01:12 UTC,sensor08,236476534,28.46,67.19,2025-08-20 23:27:57+00:00,33.987102,-81.012543,90.9,5.1,0.0,340.47,9.0,3D,2025-08-20 19:27:57-04:00,POINT (-81.012543 33.987102)
2025-08-20 18:01:17 UTC,sensor08,236476534,28.38,67.41,2025-08-20 23:28:02+00:00,33.987228,-81.012633,91.1,2.28,0.0,334.85,9.0,3D,2025-08-20 19:28:02-04:00,POINT (-81.012633 33.987228)
2025-08-20 18:01:22 UTC,sensor08,236476534,28.38,67.3,2025-08-20 23:28:02+00:00,33.987228,-81.012633,91.1,2.28,0.0,334.85,9.0,3D,2025-08-20 19:28:02-04:00,POINT (-81.012633 33.987228)
2025-08-20 18:01:27 UTC,sensor08,236476534,28.38,67.73,2025-08-20 23:28:12+00:00,33.987423,-81.012735,90.8,4.21,0.0,334.82,9.0,3D,2025-08-20 19:28:12-04:00,POINT (-81.012735 33.987423)
2025-08-20 18:01:32 UTC,sensor08,236476534,28.41,67.75,2025-08-20 23:28:17+00:00,33.987663,-81.01284,90.9,5.98,0.1,338.52,9.0,3D,2025-08-20 19:28:17-04:00,POINT (-81.01284 33.987663)
2025-08-20 18:01:37 UTC,sensor08,236476534,28.34,68.01,2025-08-20 23:28:22+00:00,33.98787,-81.012933,91.0,3.54,0.0,341.51,9.0,3D,2025-08-20 19:28:22-04:00,POINT (-81.012933 33.98787)
2025-08-20 18:01:42 UTC,sensor08,236476534,28.35,68.57,2025-08-20 23:28:27+00:00,33.988,-81.013,91.3,3.46,0.2,336.31,9.0,3D,2025-08-20 19:28:27-04:00,POINT (-81.013 33.988)
2025-08-20 18:01:47 UTC,sensor08,236476534,28.39,68.12,2025-08-20 23:28:33+00:00,33.988283,-81.013143,92.3,7.15,0.2,0.0,9.0,3D,2025-08-20 19:28:33-04:00,POINT (-81.013143 33.988283)
2025-08-20 18:01:52 UTC,sensor08,236476534,28.41,68.08,2025-08-20 23:28:38+00:00,33.988582,-81.013282,93.0,6.25,0.1,0.0,9.0,3D,2025-08-20 19:28:38-04:00,POINT (-81.013282 33.988582)
2025-08-20 18:01:57 UTC,sensor08,236476534,28.41,67.82,2025-08-20 23:28:43+00:00,33.988757,-81.013353,92.9,2.35,-0.1,0.0,9.0,3D,2025-08-20 19:28:43-04:00,POINT (-81.013353 33.988757)
2025-08-20 18:02:02 UTC,sensor08,236476534,28.43,68.06,2025-08-20 23:28:48+00:00,33.988797,-81.013527,92.8,5.0,0.0,260.34,9.0,3D,2025-08-20 19:28:48-04:00,POINT (-81.013527 33.988797)
2025-08-20 18:02:07 UTC,sensor08,236476534,28.4,67.46,2025-08-20 23:28:53+00:00,33.988725,-81.013798,90.2,4.85,-1.1,249.33,9.0,3D,2025-08-20 19:28:53-04:00,POINT (-81.013798 33.988725)
2025-08-20 18:02:12 UTC,sensor08,236476534,28.4,67.57,2025-08-20 23:28:58+00:00,33.988665,-81.014043,89.0,4.94,-0.2,248.29,9.0,3D,2025-08-20 19:28:58-04:00,POINT (-81.014043 33.988665)
2025-08-20 18:02:17 UTC,sensor08,236476534,28.42,68.0,2025-08-20 23:29:03+00:00,33.988597,-81.014268,88.2,3.29,-0.1,246.27,9.0,3D,2025-08-20 19:29:03-04:00,POINT (-81.014268 33.988597)
2025-08-20 18:02:28 UTC,sensor08,236476534,28.39,67.78,2025-08-20 23:29:13+00:00,33.988357,-81.01436,88.6,5.12,0.1,167.96,9.0,3D,2025-08-20 19:29:13-04:00,POINT (-81.01436 33.988357)
2025-08-20 18:02:33 UTC,sensor08,236476534,28.44,67.75,2025-08-20 23:29:18+00:00,33.98817,-81.014282,89.1,3.73,0.0,155.83,9.0,3D,2025-08-20 19:29:18-04:00,POINT (-81.014282 33.98817)
2025-08-20 18:02:38 UTC,sensor08,236476534,28.44,67.47,2025-08-20 23:29:23+00:00,33.98798,-81.014168,90.1,4.52,0.4,156.02,9.0,3D,2025-08-20 19:29:23-04:00,POINT (-81.014168 33.98798)
2025-08-20 18:02:43 UTC,sensor08,236476534,28.56,67.62,2025-08-20 23:29:28+00:00,33.987775,-81.014062,91.1,4.95,0.1,159.8,9.0,3D,2025-08-20 19:29:28-04:00,POINT (-81.014062 33.987775)
2025-08-20 18:02:48 UTC,sensor08,236476534,28.5,67.4,2025-08-20 23:29:33+00:00,33.987563,-81.013962,91.3,5.25,0.0,157.11,9.0,3D,2025-08-20 19:29:33-04:00,POINT (-81.013962 33.987563)
2025-08-20 18:02:53 UTC,sensor08,236476534,28.47,67.41,2025-08-20 23:29:38+00:00,33.987353,-81.013865,91.9,5.17,1.0,157.94,9.0,3D,2025-08-20 19:29:38-04:00,POINT (-81.013865 33.987353)
2025-08-20 18:02:58 UTC,sensor08,236476534,28.46,67.64,2025-08-20 23:29:43+00:00,33.987082,-81.013728,91.8,7.04,-0.1,158.52,9.0,3D,2025-08-20 19:29:43-04:00,POINT (-81.013728 33.987082)
2025-08-20 18:03:03 UTC,sensor08,236476534,28.52,67.52,2025-08-20 23:29:48+00:00,33.986755,-81.013592,92.6,7.83,0.5,159.85,9.0,3D,2025-08-20 19:29:48-04:00,POINT (-81.013592 33.986755)
2025-08-20 18:03:08 UTC,sensor08,236476534,28.46,67.26,2025-08-20 23:29:53+00:00,33.986447,-81.013433,91.7,7.21,0.0,155.22,9.0,3D,2025-08-20 19:29:53-04:00,POINT (-81.013433 33.986447)
2025-08-20 18:03:13 UTC,sensor08,236476534,28.46,67.37,2025-08-20 23:29:58+00:00,33.986188,-81.013323,92.0,4.32,0.1,157.22,9.0,3D,2025-08-20 19:29:58-04:00,POINT (-81.013323 33.986188)
2025-08-20 18:03:18 UTC,sensor08,236476534,28.5,67.38,2025-08-20 23:30:03+00:00,33.986085,-81.013287,92.4,3.15,0.1,156.76,9.0,3D,2025-08-20 19:30:03-04:00,POINT (-81.013287 33.986085)
2025-08-20 18:03:23 UTC,sensor08,236476534,28.44,67.54,2025-08-20 23:30:08+00:00,33.98582,-81.013175,92.7,7.06,0.2,161.39,9.0,3D,2025-08-20 19:30:08-04:00,POINT (-81.013175 33.98582)
2025-08-20 18:03:28 UTC,sensor08,236476534,28.39,67.98,2025-08-20 23:30:09+00:00,33.985753,-81.013148,92.9,7.41,0.2,159.52,9.0,3D,2025-08-20 19:30:09-04:00,POINT (-81.013148 33.985753)
2025-08-20 18:03:33 UTC,sensor08,236476534,28.36,67.93,2025-08-20 23:30:19+00:00,33.985192,-81.012922,93.3,4.07,0.1,0.0,9.0,3D,2025-08-20 19:30:19-04:00,POINT (-81.012922 33.985192)
2025-08-20 18:04:14 UTC,sensor08,236476534,29.01,66.41,2025-08-20 23:30:59+00:00,33.985045,-81.012695,93.6,5.45,0.1,92.37,9.0,3D,2025-08-20 19:30:59-04:00,POINT (-81.012695 33.985045)
2025-08-20 18:04:34 UTC,sensor08,236476534,29.24,64.57,2025-08-20 23:31:19+00:00,33.985148,-81.012262,92.6,5.04,-0.1,67.92,9.0,3D,2025-08-20 19:31:19-04:00,POINT (-81.012262 33.985148)
2025-08-20 18:04:39 UTC,sensor08,236476534,29.38,64.99,2025-08-20 23:31:24+00:00,33.985263,-81.011905,92.2,8.65,-0.1,69.67,9.0,3D,2025-08-20 19:31:24-04:00,POINT (-81.011905 33.985263)
2025-08-20 18:04:44 UTC,sensor08,236476534,29.68,64.84,2025-08-20 23:31:29+00:00,33.985417,-81.011405,92.8,10.29,0.2,70.58,9.0,3D,2025-08-20 19:31:29-04:00,POINT (-81.011405 33.985417)
2025-08-20 18:04:49 UTC,sensor08,236476534,29.51,63.94,2025-08-20 23:31:34+00:00,33.985588,-81.01084,92.8,11.53,-0.1,70.76,9.0,3D,2025-08-20 19:31:34-04:00,POINT (-81.01084 33.985588)
2025-08-20 18:04:54 UTC,sensor08,236476534,29.32,64.36,2025-08-20 23:31:39+00:00,33.985778,-81.010223,90.8,12.7,-0.2,71.16,9.0,3D,2025-08-20 19:31:39-04:00,POINT (-81.010223 33.985778)
2025-08-20 18:04:59 UTC,sensor08,236476534,29.45,64.56,2025-08-20 23:31:44+00:00,33.985968,-81.00956,89.8,12.63,-0.1,69.62,9.0,3D,2025-08-20 19:31:44-04:00,POINT (-81.00956 33.985968)
2025-08-20 18:05:04 UTC,sensor08,236476534,29.52,64.04,2025-08-20 23:31:49+00:00,33.986165,-81.008923,89.4,12.4,0.0,69.68,9.0,3D,2025-08-20 19:31:49-04:00,POINT (-81.008923 33.986165)
2025-08-20 18:05:09 UTC,sensor08,236476534,29.62,63.77,2025-08-20 23:31:55+00:00,33.9864,-81.008167,87.8,11.96,-0.5,0.0,9.0,3D,2025-08-20 19:31:55-04:00,POINT (-81.008167 33.9864)
2025-08-20 18:05:14 UTC,sensor08,236476534,29.54,63.54,2025-08-20 23:32:00+00:00,33.986557,-81.00766,85.6,8.18,-0.5,0.0,9.0,3D,2025-08-20 19:32:00-04:00,POINT (-81.00766 33.986557)
2025-08-20 18:05:19 UTC,sensor08,236476534,29.42,63.75,2025-08-20 23:32:04+00:00,33.986608,-81.007465,83.8,2.42,-0.5,77.43,9.0,3D,2025-08-20 19:32:04-04:00,POINT (-81.007465 33.986608)
2025-08-20 18:06:10 UTC,sensor08,236476534,29.28,64.48,2025-08-20 23:32:55+00:00,33.986705,-81.007187,82.3,7.69,0.0,72.6,9.0,3D,2025-08-20 19:32:55-04:00,POINT (-81.007187 33.986705)
2025-08-20 18:06:15 UTC,sensor08,236476534,29.04,64.87,2025-08-20 23:33:00+00:00,33.986823,-81.00673,82.8,9.84,0.2,73.94,9.0,3D,2025-08-20 19:33:00-04:00,POINT (-81.00673 33.986823)
2025-08-20 18:06:20 UTC,sensor08,236476534,29.47,65.04,2025-08-20 23:33:05+00:00,33.986948,-81.006195,84.0,10.64,0.1,74.04,9.0,3D,2025-08-20 19:33:05-04:00,POINT (-81.006195 33.986948)
2025-08-20 18:06:25 UTC,sensor08,236476534,29.42,64.7,2025-08-20 23:33:10+00:00,33.987103,-81.005623,84.8,11.66,0.0,73.35,9.0,3D,2025-08-20 19:33:10-04:00,POINT (-81.005623 33.987103)
2025-08-20 18:06:30 UTC,sensor08,236476534,29.37,64.5,2025-08-20 23:33:15+00:00,33.987253,-81.005033,84.7,10.2,-0.1,71.43,9.0,3D,2025-08-20 19:33:15-04:00,POINT (-81.005033 33.987253)
2025-08-20 18:06:35 UTC,sensor08,236476534,29.32,64.3,2025-08-20 23:33:20+00:00,33.98739,-81.004613,82.6,6.43,-0.4,71.15,9.0,3D,2025-08-20 19:33:20-04:00,POINT (-81.004613 33.98739)
2025-08-20 18:07:15 UTC,sensor08,236476534,29.3,64.13,2025-08-20 23:34:01+00:00,33.987598,-81.004295,82.0,5.05,0.1,0.0,9.0,3D,2025-08-20 19:34:01-04:00,POINT (-81.004295 33.987598)
2025-08-20 18:07:20 UTC,sensor08,236476534,28.91,65.67,2025-08-20 23:34:05+00:00,33.987815,-81.004278,82.5,6.58,0.1,5.33,9.0,3D,2025-08-20 19:34:05-04:00,POINT (-81.004278 33.987815)
2025-08-20 18:07:25 UTC,sensor08,236476534,28.77,66.29,2025-08-20 23:34:11+00:00,33.98816,-81.004237,83.4,6.32,0.2,0.0,8.0,3D,2025-08-20 19:34:11-04:00,POINT (-81.004237 33.98816)
2025-08-20 18:07:30 UTC,sensor08,236476534,28.59,67.22,2025-08-20 23:34:11+00:00,33.98816,-81.004237,83.4,6.32,0.2,0.0,8.0,3D,2025-08-20 19:34:11-04:00,POINT (-81.004237 33.98816)
2025-08-20 18:07:35 UTC,sensor08,236476534,28.41,67.13,2025-08-20 23:34:21+00:00,33.988752,-81.004198,85.3,7.2,0.2,1.72,9.0,3D,2025-08-20 19:34:21-04:00,POINT (-81.004198 33.988752)
2025-08-20 18:07:41 UTC,sensor08,236476534,28.32,67.72,2025-08-20 23:34:26+00:00,33.989098,-81.004173,86.7,6.42,0.2,2.66,9.0,3D,2025-08-20 19:34:26-04:00,POINT (-81.004173 33.989098)
2025-08-20 18:07:46 UTC,sensor08,236476534,28.31,68.25,2025-08-20 23:34:31+00:00,33.98933,-81.004157,88.3,4.76,0.3,1.44,9.0,3D,2025-08-20 19:34:31-04:00,POINT (-81.004157 33.98933)
2025-08-20 18:07:56 UTC,sensor08,236476534,28.18,69.66,2025-08-20 23:34:41+00:00,33.989623,-81.004148,90.6,3.3,0.1,7.66,9.0,3D,2025-08-20 19:34:41-04:00,POINT (-81.004148 33.989623)
2025-08-20 18:08:01 UTC,sensor08,236476534,28.12,69.44,2025-08-20 23:34:46+00:00,33.989832,-81.004107,91.9,5.34,0.2,11.28,9.0,3D,2025-08-20 19:34:46-04:00,POINT (-81.004107 33.989832)
2025-08-20 18:08:06 UTC,sensor08,236476534,28.2,69.01,2025-08-20 23:34:51+00:00,33.990078,-81.004057,93.2,6.0,0.3,3.38,9.0,3D,2025-08-20 19:34:51-04:00,POINT (-81.004057 33.990078)
2025-08-20 18:08:11 UTC,sensor08,236476534,28.12,69.41,2025-08-20 23:34:56+00:00,33.990327,-81.004023,94.2,4.66,0.2,7.29,9.0,3D,2025-08-20 19:34:56-04:00,POINT (-81.004023 33.990327)
2025-08-20 18:08:16 UTC,sensor08,236476534,28.23,68.89,2025-08-20 23:35:01+00:00,33.990502,-81.004002,95.5,2.35,0.3,1.32,9.0,3D,2025-08-20 19:35:01-04:00,POINT (-81.004002 33.990502)
2025-08-20 18:08:36 UTC,sensor08,236476534,28.4,68.01,2025-08-20 23:35:21+00:00,33.990768,-81.003995,99.5,4.21,0.2,5.37,9.0,3D,2025-08-20 19:35:21-04:00,POINT (-81.003995 33.990768)
2025-08-20 18:08:41 UTC,sensor08,236476534,28.36,68.17,2025-08-20 23:35:26+00:00,33.990935,-81.003933,99.3,4.74,-0.1,1.46,9.0,3D,2025-08-20 19:35:26-04:00,POINT (-81.003933 33.990935)
2025-08-20 18:08:46 UTC,sensor08,236476534,28.4,67.73,2025-08-20 23:35:31+00:00,33.991172,-81.003903,98.8,4.85,0.1,7.08,9.0,3D,2025-08-20 19:35:31-04:00,POINT (-81.003903 33.991172)
2025-08-20 18:08:51 UTC,sensor08,236476534,28.47,67.51,2025-08-20 23:35:37+00:00,33.99144,-81.003873,96.7,5.37,-2.4,0.0,9.0,3D,2025-08-20 19:35:37-04:00,POINT (-81.003873 33.99144)
2025-08-20 18:08:56 UTC,sensor08,236476534,28.44,67.5,2025-08-20 23:35:42+00:00,33.991615,-81.003857,97.2,2.4,0.2,0.0,9.0,3D,2025-08-20 19:35:42-04:00,POINT (-81.003857 33.991615)
2025-08-20 18:09:21 UTC,sensor08,236476534,28.44,67.48,2025-08-20 23:36:06+00:00,33.991933,-81.003827,99.3,3.47,0.1,9.11,9.0,3D,2025-08-20 19:36:06-04:00,POINT (-81.003827 33.991933)
2025-08-20 18:09:27 UTC,sensor08,236476534,28.36,67.37,2025-08-20 23:36:12+00:00,33.992112,-81.003817,100.1,2.98,0.1,4.98,9.0,3D,2025-08-20 19:36:12-04:00,POINT (-81.003817 33.992112)
2025-08-20 18:09:32 UTC,sensor08,236476534,28.33,67.68,2025-08-20 23:36:17+00:00,33.992283,-81.003813,100.7,3.67,0.1,3.14,9.0,3D,2025-08-20 19:36:17-04:00,POINT (-81.003813 33.992283)
2025-08-20 18:09:37 UTC,sensor08,236476534,28.35,67.56,2025-08-20 23:36:22+00:00,33.992482,-81.003793,101.5,4.62,0.2,6.25,9.0,3D,2025-08-20 19:36:22-04:00,POINT (-81.003793 33.992482)
2025-08-20 18:09:42 UTC,sensor08,236476534,28.38,67.85,2025-08-20 23:36:27+00:00,33.992688,-81.003773,101.3,3.85,0.1,3.02,9.0,3D,2025-08-20 19:36:27-04:00,POINT (-81.003773 33.992688)
2025-08-20 18:09:47 UTC,sensor08,236476534,28.34,67.6,2025-08-20 23:36:32+00:00,33.99281,-81.003745,101.8,2.27,-0.2,6.98,9.0,3D,2025-08-20 19:36:32-04:00,POINT (-81.003745 33.99281)
2025-08-20 18:10:02 UTC,sensor08,236476534,28.35,67.76,2025-08-20 23:36:47+00:00,33.99295,-81.003693,102.2,3.34,0.0,60.64,9.0,3D,2025-08-20 19:36:47-04:00,POINT (-81.003693 33.99295)
2025-08-20 18:10:07 UTC,sensor08,236476534,28.36,67.66,2025-08-20 23:36:52+00:00,33.992972,-81.003465,102.6,4.28,0.1,88.7,9.0,3D,2025-08-20 19:36:52-04:00,POINT (-81.003465 33.992972)
2025-08-20 18:10:12 UTC,sensor08,236476534,28.36,67.37,2025-08-20 23:36:57+00:00,33.992988,-81.003282,102.7,3.35,0.2,88.8,9.0,3D,2025-08-20 19:36:57-04:00,POINT (-81.003282 33.992988)
2025-08-20 18:10:17 UTC,sensor08,236476534,28.32,67.32,2025-08-20 23:37:02+00:00,33.992997,-81.00311,103.4,2.44,0.3,90.54,9.0,3D,2025-08-20 19:37:02-04:00,POINT (-81.00311 33.992997)
2025-08-20 18:10:27 UTC,sensor08,236476534,28.32,67.42,2025-08-20 23:37:12+00:00,33.992975,-81.002888,104.5,2.39,0.0,85.0,9.0,3D,2025-08-20 19:37:12-04:00,POINT (-81.002888 33.992975)
2025-08-20 18:10:47 UTC,sensor08,236476534,28.34,67.79,2025-08-20 23:37:33+00:00,33.99298,-81.002437,100.7,3.41,0.0,0.0,9.0,3D,2025-08-20 19:37:33-04:00,POINT (-81.002437 33.99298)
2025-08-20 18:10:52 UTC,sensor08,236476534,28.31,67.55,2025-08-20 23:37:38+00:00,33.992948,-81.002242,100.7,3.02,0.0,0.0,9.0,3D,2025-08-20 19:37:38-04:00,POINT (-81.002242 33.992948)
2025-08-20 18:11:07 UTC,sensor08,236476534,28.33,67.38,2025-08-20 23:37:53+00:00,33.992963,-81.002067,99.7,3.06,-0.1,74.67,9.0,3D,2025-08-20 19:37:53-04:00,POINT (-81.002067 33.992963)
2025-08-20 18:11:23 UTC,sensor08,236476534,28.36,67.28,2025-08-20 23:38:07+00:00,33.993017,-81.001768,98.8,2.62,-0.2,72.44,9.0,3D,2025-08-20 19:38:07-04:00,POINT (-81.001768 33.993017)
2025-08-20 18:11:28 UTC,sensor08,236476534,28.38,67.46,2025-08-20 23:38:13+00:00,33.993005,-81.00148,98.5,5.26,0.0,0.0,9.0,3D,2025-08-20 19:38:13-04:00,POINT (-81.00148 33.993005)
2025-08-20 18:11:33 UTC,sensor08,236476534,28.31,67.61,2025-08-20 23:38:13+00:00,33.993005,-81.00148,98.5,5.26,0.0,0.0,9.0,3D,2025-08-20 19:38:13-04:00,POINT (-81.00148 33.993005)
2025-08-20 18:11:38 UTC,sensor08,236476534,28.27,67.37,2025-08-20 23:38:23+00:00,33.992957,-81.001013,98.2,2.52,0.0,84.72,9.0,3D,2025-08-20 19:38:23-04:00,POINT (-81.001013 33.992957)
2025-08-20 18:11:43 UTC,sensor08,236476534,28.26,67.49,2025-08-20 23:38:28+00:00,33.992957,-81.000857,98.6,3.28,0.1,72.88,9.0,3D,2025-08-20 19:38:28-04:00,POINT (-81.000857 33.992957)
2025-08-20 18:12:13 UTC,sensor08,236476534,28.22,68.21,2025-08-20 23:38:58+00:00,33.992948,-81.00036,100.2,4.01,0.1,30.48,9.0,3D,2025-08-20 19:38:58-04:00,POINT (-81.00036 33.992948)
2025-08-20 18:12:18 UTC,sensor08,236476534,28.13,68.47,2025-08-20 23:39:03+00:00,33.99315,-81.000302,101.3,4.97,0.2,11.69,9.0,3D,2025-08-20 19:39:03-04:00,POINT (-81.000302 33.99315)
2025-08-20 18:12:23 UTC,sensor08,236476534,28.1,68.42,2025-08-20 23:39:08+00:00,33.993427,-81.000292,101.8,5.74,0.0,4.38,9.0,3D,2025-08-20 19:39:08-04:00,POINT (-81.000292 33.993427)
2025-08-20 18:12:28 UTC,sensor08,236476534,28.1,68.31,2025-08-20 23:39:13+00:00,33.993593,-81.000267,102.4,2.64,0.2,353.82,9.0,3D,2025-08-20 19:39:13-04:00,POINT (-81.000267 33.993593)
2025-08-20 18:12:33 UTC,sensor08,236476534,28.17,68.63,2025-08-20 23:39:18+00:00,33.993753,-81.00024,103.1,4.8,0.1,11.39,9.0,3D,2025-08-20 19:39:18-04:00,POINT (-81.00024 33.993753)
2025-08-20 18:12:38 UTC,sensor08,236476534,28.14,68.15,2025-08-20 23:39:24+00:00,33.994042,-81.000165,103.5,6.13,0.0,0.0,9.0,3D,2025-08-20 19:39:24-04:00,POINT (-81.000165 33.994042)
2025-08-20 18:12:43 UTC,sensor08,236476534,28.05,68.51,2025-08-20 23:39:29+00:00,33.994327,-81.000125,103.9,6.17,0.0,0.0,9.0,3D,2025-08-20 19:39:29-04:00,POINT (-81.000125 33.994327)
2025-08-20 18:12:48 UTC,sensor08,236476534,28.12,68.53,2025-08-20 23:39:34+00:00,33.994613,-81.000102,104.5,5.93,0.2,0.0,9.0,3D,2025-08-20 19:39:34-04:00,POINT (-81.000102 33.994613)
2025-08-20 18:12:53 UTC,sensor08,236476534,28.13,68.19,2025-08-20 23:39:39+00:00,33.994877,-81.000083,105.2,5.02,0.1,0.63,9.0,3D,2025-08-20 19:39:39-04:00,POINT (-81.000083 33.994877)
2025-08-20 18:12:58 UTC,sensor08,236476534,28.1,68.86,2025-08-20 23:39:44+00:00,33.995058,-81.00012,104.1,2.3,0.3,355.47,9.0,3D,2025-08-20 19:39:44-04:00,POINT (-81.00012 33.995058)
2025-08-20 18:13:03 UTC,sensor08,236476534,27.96,69.3,2025-08-20 23:39:49+00:00,33.995127,-80.999988,105.1,4.36,0.1,75.61,9.0,3D,2025-08-20 19:39:49-04:00,POINT (-80.999988 33.995127)
2025-08-20 18:13:09 UTC,sensor08,236476534,28.02,69.04,2025-08-20 23:39:54+00:00,33.995143,-80.999705,106.2,5.27,0.2,93.21,9.0,3D,2025-08-20 19:39:54-04:00,POINT (-80.999705 33.995143)
2025-08-20 18:13:14 UTC,sensor08,236476534,28.15,68.46,2025-08-20 23:39:59+00:00,33.995108,-80.999445,104.7,3.09,0.0,91.22,9.0,3D,2025-08-20 19:39:59-04:00,POINT (-80.999445 33.995108)
2025-08-20 18:13:19 UTC,sensor08,236476534,28.23,68.09,2025-08-20 23:40:04+00:00,33.99513,-80.999262,105.5,3.81,0.2,62.54,9.0,3D,2025-08-20 19:40:04-04:00,POINT (-80.999262 33.99513)
2025-08-20 18:13:24 UTC,sensor08,236476534,28.21,67.98,2025-08-20 23:40:08+00:00,33.995245,-80.999175,106.4,3.43,0.2,23.58,9.0,3D,2025-08-20 19:40:08-04:00,POINT (-80.999175 33.995245)
2025-08-20 18:13:29 UTC,sensor08,236476534,28.28,68.25,2025-08-20 23:40:14+00:00,33.995528,-80.999112,107.4,5.99,0.2,0.0,9.0,3D,2025-08-20 19:40:14-04:00,POINT (-80.999112 33.995528)
2025-08-20 18:13:34 UTC,sensor08,236476534,28.36,67.87,2025-08-20 23:40:14+00:00,33.995528,-80.999112,107.4,5.99,0.2,0.0,9.0,3D,2025-08-20 19:40:14-04:00,POINT (-80.999112 33.995528)
2025-08-20 18:13:39 UTC,sensor08,236476534,28.31,68.03,2025-08-20 23:40:24+00:00,33.996082,-80.99906,109.0,5.6,0.2,5.34,9.0,3D,2025-08-20 19:40:24-04:00,POINT (-80.99906 33.996082)
2025-08-20 18:13:44 UTC,sensor08,236476534,28.39,67.29,2025-08-20 23:40:29+00:00,33.996258,-80.999043,110.1,2.34,0.4,357.26,9.0,3D,2025-08-20 19:40:29-04:00,POINT (-80.999043 33.996258)
2025-08-20 18:13:49 UTC,sensor08,236476534,28.46,66.93,2025-08-20 23:40:34+00:00,33.996317,-80.999048,110.5,3.07,0.1,9.65,9.0,3D,2025-08-20 19:40:34-04:00,POINT (-80.999048 33.996317)
2025-08-20 18:13:54 UTC,sensor08,236476534,28.55,66.66,2025-08-20 23:40:39+00:00,33.996542,-80.999008,110.8,6.5,0.0,5.63,9.0,3D,2025-08-20 19:40:39-04:00,POINT (-80.999008 33.996542)
2025-08-20 18:13:59 UTC,sensor08,236476534,28.43,66.47,2025-08-20 23:40:44+00:00,33.996825,-80.998983,111.2,5.91,0.1,6.26,9.0,3D,2025-08-20 19:40:44-04:00,POINT (-80.998983 33.996825)
2025-08-20 18:14:04 UTC,sensor08,236476534,28.5,66.64,2025-08-20 23:40:49+00:00,33.997118,-80.998952,111.5,6.04,-0.1,5.46,9.0,3D,2025-08-20 19:40:49-04:00,POINT (-80.998952 33.997118)
2025-08-20 18:14:09 UTC,sensor08,236476534,28.64,66.47,2025-08-20 23:40:54+00:00,33.99737,-80.99894,109.4,5.08,0.0,0.09,9.0,3D,2025-08-20 19:40:54-04:00,POINT (-80.99894 33.99737)
2025-08-20 18:14:14 UTC,sensor08,236476534,28.69,66.35,2025-08-20 23:40:59+00:00,33.997577,-80.9989,109.6,3.22,0.1,6.72,9.0,3D,2025-08-20 19:40:59-04:00,POINT (-80.9989 33.997577)
2025-08-20 18:14:49 UTC,sensor08,236476534,28.55,66.62,2025-08-20 23:41:35+00:00,33.997747,-80.998863,109.7,3.18,-0.2,4.04,9.0,3D,2025-08-20 19:41:35-04:00,POINT (-80.998863 33.997747)
2025-08-20 18:14:54 UTC,sensor08,236476534,28.55,66.55,2025-08-20 23:41:40+00:00,33.997987,-80.998857,109.5,6.27,0.0,4.04,9.0,3D,2025-08-20 19:41:40-04:00,POINT (-80.998857 33.997987)
2025-08-20 18:14:59 UTC,sensor08,236476534,28.4,66.69,2025-08-20 23:41:45+00:00,33.99828,-80.998813,109.1,6.59,-0.2,3.64,9.0,3D,2025-08-20 19:41:45-04:00,POINT (-80.998813 33.99828)
2025-08-20 18:15:05 UTC,sensor08,236476534,28.36,66.86,2025-08-20 23:41:50+00:00,33.99856,-80.998807,109.2,5.59,0.0,2.27,9.0,3D,2025-08-20 19:41:50-04:00,POINT (-80.998807 33.99856)
2025-08-20 18:15:10 UTC,sensor08,236476534,28.29,67.19,2025-08-20 23:41:55+00:00,33.998808,-80.998792,109.3,6.59,-0.1,5.03,9.0,3D,2025-08-20 19:41:55-04:00,POINT (-80.998792 33.998808)
2025-08-20 18:15:15 UTC,sensor08,236476534,28.26,67.75,2025-08-20 23:42:00+00:00,33.999138,-80.998805,109.3,7.16,0.1,4.6,9.0,3D,2025-08-20 19:42:00-04:00,POINT (-80.998805 33.999138)
2025-08-20 18:15:20 UTC,sensor08,236476534,28.24,67.83,2025-08-20 23:42:05+00:00,33.99949,-80.998797,108.1,7.54,-0.1,4.27,10.0,3D,2025-08-20 19:42:05-04:00,POINT (-80.998797 33.99949)
2025-08-20 18:15:25 UTC,sensor08,236476534,28.24,67.56,2025-08-20 23:42:09+00:00,33.999777,-80.998785,107.7,6.95,-0.6,0.52,10.0,3D,2025-08-20 19:42:09-04:00,POINT (-80.998785 33.999777)
2025-08-20 18:15:30 UTC,sensor08,236476534,28.3,67.4,2025-08-20 23:42:15+00:00,34.000193,-80.99876,106.7,5.9,-0.2,0.0,10.0,3D,2025-08-20 19:42:15-04:00,POINT (-80.99876 34.000193)
2025-08-20 18:15:35 UTC,sensor08,236476534,28.3,67.46,2025-08-20 23:42:15+00:00,34.000193,-80.99876,106.7,5.9,-0.2,0.0,10.0,3D,2025-08-20 19:42:15-04:00,POINT (-80.99876 34.000193)
2025-08-20 18:15:40 UTC,sensor08,236476534,28.34,67.46,2025-08-20 23:42:25+00:00,34.000763,-80.99867,104.1,6.44,-0.2,5.11,10.0,3D,2025-08-20 19:42:25-04:00,POINT (-80.99867 34.000763)
2025-08-20 18:15:45 UTC,sensor08,236476534,28.36,67.53,2025-08-20 23:42:30+00:00,34.00102,-80.998652,103.6,6.12,0.0,3.24,10.0,3D,2025-08-20 19:42:30-04:00,POINT (-80.998652 34.00102)
2025-08-20 18:15:50 UTC,sensor08,236476534,28.4,67.42,2025-08-20 23:42:35+00:00,34.00138,-80.99864,103.3,8.4,-0.1,6.25,10.0,3D,2025-08-20 19:42:35-04:00,POINT (-80.99864 34.00138)
2025-08-20 18:15:55 UTC,sensor08,236476534,28.32,67.27,2025-08-20 23:42:40+00:00,34.001698,-80.998602,102.9,5.21,-0.1,1.21,10.0,3D,2025-08-20 19:42:40-04:00,POINT (-80.998602 34.001698)
2025-08-20 18:16:15 UTC,sensor08,236476534,28.55,67.39,2025-08-20 23:43:01+00:00,34.001758,-80.998437,105.1,6.91,0.5,0.0,10.0,3D,2025-08-20 19:43:01-04:00,POINT (-80.998437 34.001758)
2025-08-20 18:16:20 UTC,sensor08,236476534,28.67,66.64,2025-08-20 23:43:06+00:00,34.001398,-80.998027,106.2,12.27,0.0,0.0,4.0,3D,2025-08-20 19:43:06-04:00,POINT (-80.998027 34.001398)
2025-08-20 18:16:25 UTC,sensor08,236476534,28.78,66.06,2025-08-20 23:43:11+00:00,34.000988,-80.997555,105.9,12.61,-0.1,0.0,4.0,3D,2025-08-20 19:43:11-04:00,POINT (-80.997555 34.000988)
2025-08-20 18:16:30 UTC,sensor08,236476534,28.89,65.59,2025-08-20 23:43:16+00:00,34.00057,-80.997072,105.7,12.75,-0.1,0.0,10.0,3D,2025-08-20 19:43:16-04:00,POINT (-80.997072 34.00057)
2025-08-20 18:16:35 UTC,sensor08,236476534,28.99,65.64,2025-08-20 23:43:21+00:00,34.000113,-80.996603,102.4,13.43,0.0,0.0,10.0,3D,2025-08-20 19:43:21-04:00,POINT (-80.996603 34.000113)
2025-08-20 18:16:41 UTC,sensor08,236476534,29.03,65.41,2025-08-20 23:43:26+00:00,33.99966,-80.996138,102.1,12.28,0.0,137.74,10.0,3D,2025-08-20 19:43:26-04:00,POINT (-80.996138 33.99966)
2025-08-20 18:16:46 UTC,sensor08,236476534,28.86,65.47,2025-08-20 23:43:31+00:00,33.999212,-80.99568,102.7,12.62,0.2,138.45,10.0,3D,2025-08-20 19:43:31-04:00,POINT (-80.99568 33.999212)
2025-08-20 18:16:51 UTC,sensor08,236476534,28.79,66.06,2025-08-20 23:43:36+00:00,33.998738,-80.995203,103.0,12.37,0.0,138.38,10.0,3D,2025-08-20 19:43:36-04:00,POINT (-80.995203 33.998738)
2025-08-20 18:16:56 UTC,sensor08,236476534,28.79,66.15,2025-08-20 23:43:41+00:00,33.998355,-80.994748,103.0,12.02,0.2,132.77,10.0,3D,2025-08-20 19:43:41-04:00,POINT (-80.994748 33.998355)
2025-08-20 18:17:01 UTC,sensor08,236476534,28.82,65.98,2025-08-20 23:43:46+00:00,33.998018,-80.994243,102.6,11.87,-0.1,126.23,10.0,3D,2025-08-20 19:43:46-04:00,POINT (-80.994243 33.998018)
2025-08-20 18:17:06 UTC,sensor08,236476534,28.66,66.18,2025-08-20 23:43:51+00:00,33.997758,-80.99375,102.5,8.89,0.0,123.74,10.0,3D,2025-08-20 19:43:51-04:00,POINT (-80.99375 33.997758)
2025-08-20 18:18:37 UTC,sensor08,236476534,28.68,66.53,2025-08-20 23:45:22+00:00,33.997528,-80.993565,100.0,4.52,-0.1,244.78,10.0,3D,2025-08-20 19:45:22-04:00,POINT (-80.993565 33.997528)
2025-08-20 18:18:42 UTC,sensor08,236476534,28.6,66.58,2025-08-20 23:45:27+00:00,33.997515,-80.993992,99.8,10.0,0.1,267.73,10.0,3D,2025-08-20 19:45:27-04:00,POINT (-80.993992 33.997515)
2025-08-20 18:18:47 UTC,sensor08,236476534,28.74,66.61,2025-08-20 23:45:32+00:00,33.997555,-80.994592,99.3,11.21,0.0,273.4,10.0,3D,2025-08-20 19:45:32-04:00,POINT (-80.994592 33.997555)
2025-08-20 18:18:52 UTC,sensor08,236476534,28.7,66.33,2025-08-20 23:45:37+00:00,33.997615,-80.99522,99.2,11.62,-0.1,275.31,10.0,3D,2025-08-20 19:45:37-04:00,POINT (-80.99522 33.997615)
2025-08-20 18:18:57 UTC,sensor08,236476534,28.51,66.86,2025-08-20 23:45:42+00:00,33.997675,-80.995853,99.9,11.04,0.0,274.54,10.0,3D,2025-08-20 19:45:42-04:00,POINT (-80.995853 33.997675)
2025-08-20 18:19:02 UTC,sensor08,236476534,28.39,67.33,2025-08-20 23:45:47+00:00,33.997725,-80.99646,100.6,11.09,0.1,276.24,10.0,3D,2025-08-20 19:45:47-04:00,POINT (-80.99646 33.997725)
2025-08-20 18:19:07 UTC,sensor08,236476534,28.17,68.09,2025-08-20 23:45:52+00:00,33.997768,-80.997052,100.7,10.47,0.0,275.72,10.0,3D,2025-08-20 19:45:52-04:00,POINT (-80.997052 33.997768)
2025-08-20 18:19:12 UTC,sensor08,236476534,28.27,68.2,2025-08-20 23:45:57+00:00,33.99779,-80.997595,100.9,9.79,0.1,272.87,10.0,3D,2025-08-20 19:45:57-04:00,POINT (-80.997595 33.99779)
2025-08-20 18:19:17 UTC,sensor08,236476534,28.21,68.32,2025-08-20 23:46:02+00:00,33.997815,-80.99813,101.0,9.79,0.1,274.93,10.0,3D,2025-08-20 19:46:02-04:00,POINT (-80.99813 33.997815)
2025-08-20 18:19:22 UTC,sensor08,236476534,28.11,68.61,2025-08-20 23:46:07+00:00,33.997867,-80.998617,101.1,7.07,0.0,283.44,10.0,3D,2025-08-20 19:46:07-04:00,POINT (-80.998617 33.997867)
2025-08-20 18:19:27 UTC,sensor08,236476534,28.19,68.24,2025-08-20 23:46:10+00:00,33.997882,-80.998753,101.2,3.21,0.0,285.06,10.0,3D,2025-08-20 19:46:10-04:00,POINT (-80.998753 33.997882)
2025-08-20 18:19:52 UTC,sensor08,236476534,28.35,67.55,2025-08-20 23:46:38+00:00,33.9979,-80.999062,101.3,7.41,-0.1,0.0,10.0,3D,2025-08-20 19:46:38-04:00,POINT (-80.999062 33.9979)
2025-08-20 18:19:57 UTC,sensor08,236476534,28.48,67.47,2025-08-20 23:46:43+00:00,33.997923,-80.999555,101.2,10.04,0.0,0.0,10.0,3D,2025-08-20 19:46:43-04:00,POINT (-80.999555 33.997923)
2025-08-20 18:20:02 UTC,sensor08,236476534,28.4,67.54,2025-08-20 23:46:48+00:00,33.997975,-81.000125,101.0,10.26,-0.1,273.5,10.0,3D,2025-08-20 19:46:48-04:00,POINT (-81.000125 33.997975)
2025-08-20 18:20:07 UTC,sensor08,236476534,28.51,67.67,2025-08-20 23:46:53+00:00,33.998,-81.000702,101.1,10.71,0.0,271.72,10.0,3D,2025-08-20 19:46:53-04:00,POINT (-81.000702 33.998)
2025-08-20 18:20:12 UTC,sensor08,236476534,28.61,67.07,2025-08-20 23:46:58+00:00,33.998035,-81.001263,100.8,10.07,0.0,275.01,10.0,3D,2025-08-20 19:46:58-04:00,POINT (-81.001263 33.998035)
2025-08-20 18:20:17 UTC,sensor08,236476534,28.66,66.5,2025-08-20 23:47:03+00:00,33.9981,-81.001818,99.4,10.09,-0.1,276.65,10.0,3D,2025-08-20 19:47:03-04:00,POINT (-81.001818 33.9981)
2025-08-20 18:20:23 UTC,sensor08,236476534,28.78,66.22,2025-08-20 23:47:08+00:00,33.998152,-81.002383,99.2,10.49,0.0,274.91,10.0,3D,2025-08-20 19:47:08-04:00,POINT (-81.002383 33.998152)
2025-08-20 18:20:28 UTC,sensor08,236476534,28.75,66.08,2025-08-20 23:47:13+00:00,33.998167,-81.002937,99.8,9.39,0.2,270.66,10.0,3D,2025-08-20 19:47:13-04:00,POINT (-81.002937 33.998167)
2025-08-20 18:20:33 UTC,sensor08,236476534,28.59,66.06,2025-08-20 23:47:18+00:00,33.998203,-81.003457,99.8,9.98,-0.2,274.99,10.0,3D,2025-08-20 19:47:18-04:00,POINT (-81.003457 33.998203)
2025-08-20 18:20:38 UTC,sensor08,236476534,28.7,66.2,2025-08-20 23:47:23+00:00,33.99826,-81.004025,98.6,10.85,0.0,272.98,10.0,3D,2025-08-20 19:47:23-04:00,POINT (-81.004025 33.99826)
2025-08-20 18:20:43 UTC,sensor08,236476534,28.76,66.23,2025-08-20 23:47:28+00:00,33.99831,-81.004637,98.0,11.19,-0.1,274.2,10.0,3D,2025-08-20 19:47:28-04:00,POINT (-81.004637 33.99831)
2025-08-20 18:20:48 UTC,sensor08,236476534,28.84,65.92,2025-08-20 23:47:33+00:00,33.998352,-81.005202,98.2,8.78,0.1,275.8,10.0,3D,2025-08-20 19:47:33-04:00,POINT (-81.005202 33.998352)
2025-08-20 18:20:53 UTC,sensor08,236476534,28.8,65.81,2025-08-20 23:47:38+00:00,33.998403,-81.005508,98.2,3.49,0.0,298.49,10.0,3D,2025-08-20 19:47:38-04:00,POINT (-81.005508 33.998403)
2025-08-20 18:20:58 UTC,sensor08,236476534,28.46,67.15,2025-08-20 23:47:43+00:00,33.998587,-81.005563,98.1,5.35,0.0,6.08,10.0,3D,2025-08-20 19:47:43-04:00,POINT (-81.005563 33.998587)
2025-08-20 18:21:03 UTC,sensor08,236476534,28.39,67.91,2025-08-20 23:47:48+00:00,33.998903,-81.005508,98.6,7.61,0.1,18.06,10.0,3D,2025-08-20 19:47:48-04:00,POINT (-81.005508 33.998903)
2025-08-20 18:21:08 UTC,sensor08,236476534,28.2,68.14,2025-08-20 23:47:53+00:00,33.999278,-81.005457,98.7,7.0,0.1,2.57,10.0,3D,2025-08-20 19:47:53-04:00,POINT (-81.005457 33.999278)
2025-08-20 18:21:13 UTC,sensor08,236476534,28.27,68.41,2025-08-20 23:47:58+00:00,33.99954,-81.005423,99.0,5.33,0.2,357.46,10.0,3D,2025-08-20 19:47:58-04:00,POINT (-81.005423 33.99954)
2025-08-20 18:21:18 UTC,sensor08,236476534,28.49,67.85,2025-08-20 23:48:03+00:00,33.999777,-81.005355,100.2,7.29,0.3,5.32,10.0,3D,2025-08-20 19:48:03-04:00,POINT (-81.005355 33.999777)
2025-08-20 18:21:23 UTC,sensor08,236476534,28.46,67.52,2025-08-20 23:48:08+00:00,34.000145,-81.005295,100.8,8.61,0.2,0.21,10.0,3D,2025-08-20 19:48:08-04:00,POINT (-81.005295 34.000145)
2025-08-20 18:21:28 UTC,sensor08,236476534,28.26,67.98,2025-08-20 23:48:11+00:00,34.000355,-81.00525,101.3,7.18,0.1,10.26,10.0,3D,2025-08-20 19:48:11-04:00,POINT (-81.00525 34.000355)
2025-08-20 18:21:33 UTC,sensor08,236476534,28.23,68.06,2025-08-20 23:48:19+00:00,34.000958,-81.005222,104.0,7.96,0.3,0.0,10.0,3D,2025-08-20 19:48:19-04:00,POINT (-81.005222 34.000958)
2025-08-20 18:21:38 UTC,sensor08,236476534,28.31,68.3,2025-08-20 23:48:24+00:00,34.00121,-81.005208,105.3,4.14,0.2,0.0,10.0,3D,2025-08-20 19:48:24-04:00,POINT (-81.005208 34.00121)
2025-08-20 18:21:43 UTC,sensor08,236476534,28.4,68.17,2025-08-20 23:48:29+00:00,34.001155,-81.005305,105.6,5.55,-0.1,0.0,10.0,3D,2025-08-20 19:48:29-04:00,POINT (-81.005305 34.001155)
2025-08-20 18:21:48 UTC,sensor08,236476534,28.39,67.91,2025-08-20 23:48:34+00:00,34.000863,-81.005308,106.0,6.46,0.2,185.6,10.0,3D,2025-08-20 19:48:34-04:00,POINT (-81.005308 34.000863)
2025-08-20 18:21:53 UTC,sensor08,236476534,28.33,67.73,2025-08-20 23:48:39+00:00,34.000512,-81.005353,106.2,7.89,-0.1,185.19,10.0,3D,2025-08-20 19:48:39-04:00,POINT (-81.005353 34.000512)
2025-08-20 18:21:58 UTC,sensor08,236476534,28.3,67.96,2025-08-20 23:48:44+00:00,34.00019,-81.005407,106.7,7.57,0.1,184.85,10.0,3D,2025-08-20 19:48:44-04:00,POINT (-81.005407 34.00019)
2025-08-20 18:22:03 UTC,sensor08,236476534,28.27,67.7,2025-08-20 23:48:49+00:00,33.999893,-81.005457,107.2,4.05,0.1,181.6,10.0,3D,2025-08-20 19:48:49-04:00,POINT (-81.005457 33.999893)
2025-08-20 18:22:34 UTC,sensor08,236476534,28.41,67.58,2025-08-20 23:49:19+00:00,33.999733,-81.00549,107.2,4.84,0.1,190.07,10.0,3D,2025-08-20 19:49:19-04:00,POINT (-81.00549 33.999733)
2025-08-20 18:22:39 UTC,sensor08,236476534,28.36,67.52,2025-08-20 23:49:24+00:00,33.99939,-81.00552,107.6,8.24,0.1,184.89,10.0,3D,2025-08-20 19:49:24-04:00,POINT (-81.00552 33.99939)
2025-08-20 18:22:44 UTC,sensor08,236476534,28.38,67.66,2025-08-20 23:49:29+00:00,33.999022,-81.005545,107.7,7.21,0.0,183.09,10.0,3D,2025-08-20 19:49:29-04:00,POINT (-81.005545 33.999022)
2025-08-20 18:22:49 UTC,sensor08,236476534,28.39,67.8,2025-08-20 23:49:34+00:00,33.998718,-81.005583,107.9,6.05,0.0,185.97,10.0,3D,2025-08-20 19:49:34-04:00,POINT (-81.005583 33.998718)
2025-08-20 18:23:34 UTC,sensor08,236476534,28.37,67.74,2025-08-20 23:50:18+00:00,33.998218,-81.005612,108.2,5.85,0.1,184.77,10.0,3D,2025-08-20 19:50:18-04:00,POINT (-81.005612 33.998218)
2025-08-20 18:23:39 UTC,sensor08,236476534,28.38,67.51,2025-08-20 23:50:24+00:00,33.997868,-81.005655,108.8,6.78,0.1,188.64,10.0,3D,2025-08-20 19:50:24-04:00,POINT (-81.005655 33.997868)
2025-08-20 18:23:44 UTC,sensor08,236476534,28.34,67.41,2025-08-20 23:50:30+00:00,33.997502,-81.005697,109.1,6.32,0.0,0.0,10.0,3D,2025-08-20 19:50:30-04:00,POINT (-81.005697 33.997502)
2025-08-20 18:23:49 UTC,sensor08,236476534,28.31,67.34,2025-08-20 23:50:33+00:00,33.997333,-81.005705,108.7,6.26,-0.2,181.2,10.0,3D,2025-08-20 19:50:33-04:00,POINT (-81.005705 33.997333)
2025-08-20 18:24:04 UTC,sensor08,236476534,28.48,67.21,2025-08-20 23:50:50+00:00,33.997057,-81.005723,107.6,3.8,0.1,183.47,10.0,3D,2025-08-20 19:50:50-04:00,POINT (-81.005723 33.997057)
2025-08-20 18:24:09 UTC,sensor08,236476534,28.41,67.11,2025-08-20 23:50:55+00:00,33.996803,-81.00575,107.9,6.66,0.0,186.25,10.0,3D,2025-08-20 19:50:55-04:00,POINT (-81.00575 33.996803)
2025-08-20 18:24:14 UTC,sensor08,236476534,28.38,67.11,2025-08-20 23:51:00+00:00,33.996505,-81.005795,108.1,7.11,0.0,188.02,10.0,3D,2025-08-20 19:51:00-04:00,POINT (-81.005795 33.996505)
2025-08-20 18:24:19 UTC,sensor08,236476534,28.32,67.83,2025-08-20 23:51:05+00:00,33.996123,-81.005812,107.8,7.57,-0.1,184.26,10.0,3D,2025-08-20 19:51:05-04:00,POINT (-81.005812 33.996123)
2025-08-20 18:24:24 UTC,sensor08,236476534,28.27,68.12,2025-08-20 23:51:10+00:00,33.995787,-81.00583,107.2,6.04,-0.1,181.22,10.0,3D,2025-08-20 19:51:10-04:00,POINT (-81.00583 33.995787)
2025-08-20 18:24:30 UTC,sensor08,236476534,28.26,68.07,2025-08-20 23:51:15+00:00,33.99562,-81.005893,106.2,3.35,-0.1,217.69,10.0,3D,2025-08-20 19:51:15-04:00,POINT (-81.005893 33.99562)
2025-08-20 18:24:35 UTC,sensor08,236476534,28.19,68.1,2025-08-20 23:51:20+00:00,33.995567,-81.006138,105.4,6.03,0.0,263.03,10.0,3D,2025-08-20 19:51:20-04:00,POINT (-81.006138 33.995567)
2025-08-20 18:24:40 UTC,sensor08,236476534,28.19,68.08,2025-08-20 23:51:25+00:00,33.99551,-81.006463,102.3,5.06,-1.7,265.58,10.0,3D,2025-08-20 19:51:25-04:00,POINT (-81.006463 33.99551)
2025-08-20 18:24:45 UTC,sensor08,236476534,28.15,68.4,2025-08-20 23:51:30+00:00,33.995533,-81.006737,100.7,5.33,-0.2,268.85,10.0,3D,2025-08-20 19:51:30-04:00,POINT (-81.006737 33.995533)
2025-08-20 18:24:50 UTC,sensor08,236476534,28.11,68.41,2025-08-20 23:51:35+00:00,33.995497,-81.006988,99.7,3.25,-0.2,259.56,10.0,3D,2025-08-20 19:51:35-04:00,POINT (-81.006988 33.995497)
2025-08-20 18:24:55 UTC,sensor08,236476534,28.13,68.75,2025-08-20 23:51:40+00:00,33.99552,-81.007145,98.3,2.65,-0.2,285.35,10.0,3D,2025-08-20 19:51:40-04:00,POINT (-81.007145 33.99552)
2025-08-20 18:25:10 UTC,sensor08,236476534,28.04,68.94,2025-08-20 23:51:55+00:00,33.995508,-81.00745,94.6,4.62,-0.1,265.06,10.0,3D,2025-08-20 19:51:55-04:00,POINT (-81.00745 33.995508)
2025-08-20 18:25:15 UTC,sensor08,236476534,27.92,69.31,2025-08-20 23:52:00+00:00,33.995622,-81.007863,94.2,7.03,-0.1,267.31,10.0,3D,2025-08-20 19:52:00-04:00,POINT (-81.007863 33.995622)
2025-08-20 18:25:20 UTC,sensor08,236476534,27.88,69.42,2025-08-20 23:52:05+00:00,33.995688,-81.00834,93.0,9.35,-0.3,275.67,10.0,3D,2025-08-20 19:52:05-04:00,POINT (-81.00834 33.995688)
2025-08-20 18:25:25 UTC,sensor08,236476534,27.89,69.3,2025-08-20 23:52:10+00:00,33.995665,-81.00882,91.7,9.03,-0.3,266.15,10.0,3D,2025-08-20 19:52:10-04:00,POINT (-81.00882 33.995665)
2025-08-20 18:25:30 UTC,sensor08,236476534,27.9,69.21,2025-08-20 23:52:13+00:00,33.99567,-81.009125,91.2,9.21,-0.1,269.3,10.0,3D,2025-08-20 19:52:13-04:00,POINT (-81.009125 33.99567)
2025-08-20 18:25:35 UTC,sensor08,236476534,27.8,69.47,2025-08-20 23:52:20+00:00,33.995733,-81.009837,90.2,8.74,0.0,276.89,10.0,3D,2025-08-20 19:52:20-04:00,POINT (-81.009837 33.995733)
2025-08-20 18:25:40 UTC,sensor08,236476534,27.8,69.57,2025-08-20 23:52:26+00:00,33.995762,-81.01039,89.8,7.63,-0.1,0.0,10.0,3D,2025-08-20 19:52:26-04:00,POINT (-81.01039 33.995762)
2025-08-20 18:25:45 UTC,sensor08,236476534,27.76,69.93,2025-08-20 23:52:31+00:00,33.99577,-81.010802,90.0,6.32,0.0,0.0,4.0,3D,2025-08-20 19:52:31-04:00,POINT (-81.010802 33.99577)
2025-08-20 18:25:50 UTC,sensor08,236476534,27.79,70.23,2025-08-20 23:52:36+00:00,33.995833,-81.01105,90.0,3.55,0.0,0.0,10.0,3D,2025-08-20 19:52:36-04:00,POINT (-81.01105 33.995833)
2025-08-20 18:25:55 UTC,sensor08,236476534,27.84,70.04,2025-08-20 23:52:41+00:00,33.995977,-81.011108,89.7,3.15,0.0,0.0,10.0,3D,2025-08-20 19:52:41-04:00,POINT (-81.011108 33.995977)
2025-08-20 18:26:00 UTC,sensor08,236476534,27.68,70.51,2025-08-20 23:52:46+00:00,33.996155,-81.011192,89.4,5.79,0.0,0.0,4.0,3D,2025-08-20 19:52:46-04:00,POINT (-81.011192 33.996155)
2025-08-20 18:26:10 UTC,sensor08,236476534,27.7,70.55,2025-08-20 23:52:56+00:00,33.996298,-81.011223,88.9,2.49,-0.1,0.0,8.0,3D,2025-08-20 19:52:56-04:00,POINT (-81.011223 33.996298)
2025-08-20 18:26:15 UTC,sensor08,236476534,27.78,70.55,2025-08-20 23:53:01+00:00,33.996352,-81.010993,87.0,5.42,0.0,0.0,10.0,3D,2025-08-20 19:53:01-04:00,POINT (-81.010993 33.996352)
2025-08-20 18:26:20 UTC,sensor08,236476534,27.94,69.97,2025-08-20 23:53:06+00:00,33.996402,-81.010732,87.4,4.96,0.2,0.0,10.0,3D,2025-08-20 19:53:06-04:00,POINT (-81.010732 33.996402)
2025-08-20 18:26:26 UTC,sensor08,236476534,27.95,69.97,2025-08-20 23:53:11+00:00,33.996473,-81.010505,88.3,4.37,0.3,68.02,10.0,3D,2025-08-20 19:53:11-04:00,POINT (-81.010505 33.996473)
2025-08-20 18:26:31 UTC,sensor08,236476534,27.9,69.59,2025-08-20 23:53:16+00:00,33.996412,-81.010228,89.5,3.81,0.1,91.85,10.0,3D,2025-08-20 19:53:16-04:00,POINT (-81.010228 33.996412)
2025-08-20 18:26:36 UTC,sensor08,236476534,27.96,69.28,2025-08-20 23:53:21+00:00,33.99638,-81.010003,89.5,4.12,0.0,86.28,10.0,3D,2025-08-20 19:53:21-04:00,POINT (-81.010003 33.99638)
2025-08-20 18:26:41 UTC,sensor08,236476534,28.03,68.79,2025-08-20 23:53:26+00:00,33.996332,-81.009742,90.2,4.3,0.2,98.19,10.0,3D,2025-08-20 19:53:26-04:00,POINT (-81.009742 33.996332)
2025-08-20 18:26:46 UTC,sensor08,236476534,28.01,68.76,2025-08-20 23:53:31+00:00,33.996232,-81.009465,92.2,4.32,0.1,100.98,10.0,3D,2025-08-20 19:53:31-04:00,POINT (-81.009465 33.996232)
2025-08-20 18:26:51 UTC,sensor08,236476534,27.98,69.01,2025-08-20 23:53:36+00:00,33.996177,-81.009298,93.5,3.23,0.5,136.63,10.0,3D,2025-08-20 19:53:36-04:00,POINT (-81.009298 33.996177)
2025-08-20 18:26:56 UTC,sensor08,236476534,27.94,69.18,2025-08-20 23:53:41+00:00,33.995908,-81.009272,91.0,5.44,0.2,183.18,10.0,3D,2025-08-20 19:53:41-04:00,POINT (-81.009272 33.995908)
2025-08-20 18:27:06 UTC,sensor08,236476534,27.96,69.06,2025-08-20 23:53:51+00:00,33.99569,-81.009177,94.0,4.29,0.2,115.05,10.0,3D,2025-08-20 19:53:51-04:00,POINT (-81.009177 33.99569)
2025-08-20 18:27:11 UTC,sensor08,236476534,27.86,69.36,2025-08-20 23:53:56+00:00,33.995675,-81.008857,94.3,7.2,0.1,90.91,10.0,3D,2025-08-20 19:53:56-04:00,POINT (-81.008857 33.995675)
2025-08-20 18:27:16 UTC,sensor08,236476534,27.84,69.42,2025-08-20 23:54:01+00:00,33.995677,-81.008462,95.1,7.17,0.2,88.67,10.0,3D,2025-08-20 19:54:01-04:00,POINT (-81.008462 33.995677)
2025-08-20 18:27:21 UTC,sensor08,236476534,27.83,69.52,2025-08-20 23:54:06+00:00,33.995673,-81.008073,95.9,6.62,0.0,93.36,10.0,3D,2025-08-20 19:54:06-04:00,POINT (-81.008073 33.995673)
2025-08-20 18:27:26 UTC,sensor08,236476534,27.83,69.6,2025-08-20 23:54:11+00:00,33.995657,-81.007777,95.8,3.87,0.0,98.11,10.0,3D,2025-08-20 19:54:11-04:00,POINT (-81.007777 33.995657)
2025-08-20 18:27:36 UTC,sensor08,236476534,27.78,70.33,2025-08-20 23:54:21+00:00,33.995443,-81.007585,96.6,5.38,0.2,189.26,10.0,3D,2025-08-20 19:54:21-04:00,POINT (-81.007585 33.995443)
2025-08-20 18:27:41 UTC,sensor08,236476534,27.71,70.15,2025-08-20 23:54:26+00:00,33.995093,-81.007617,97.0,7.61,0.2,186.22,10.0,3D,2025-08-20 19:54:26-04:00,POINT (-81.007617 33.995093)
2025-08-20 18:27:46 UTC,sensor08,236476534,27.83,69.97,2025-08-20 23:54:31+00:00,33.994753,-81.007658,97.2,7.29,0.1,186.66,10.0,3D,2025-08-20 19:54:31-04:00,POINT (-81.007658 33.994753)
2025-08-20 18:27:51 UTC,sensor08,236476534,27.96,69.12,2025-08-20 23:54:36+00:00,33.994413,-81.007702,97.6,6.95,0.1,184.48,10.0,3D,2025-08-20 19:54:36-04:00,POINT (-81.007702 33.994413)
2025-08-20 18:27:56 UTC,sensor08,236476534,27.97,68.72,2025-08-20 23:54:42+00:00,33.994023,-81.00774,97.9,7.24,0.0,0.0,10.0,3D,2025-08-20 19:54:42-04:00,POINT (-81.00774 33.994023)
2025-08-20 18:28:01 UTC,sensor08,236476534,27.99,68.68,2025-08-20 23:54:47+00:00,33.993722,-81.007777,98.2,5.97,0.1,0.0,10.0,3D,2025-08-20 19:54:47-04:00,POINT (-81.007777 33.993722)
2025-08-20 18:28:06 UTC,sensor08,236476534,27.97,68.86,2025-08-20 23:54:52+00:00,33.993507,-81.007803,99.0,3.7,0.2,0.0,10.0,3D,2025-08-20 19:54:52-04:00,POINT (-81.007803 33.993507)
2025-08-20 18:28:11 UTC,sensor08,236476534,28.03,69.06,2025-08-20 23:54:57+00:00,33.9934,-81.007872,99.5,3.16,0.1,241.94,10.0,3D,2025-08-20 19:54:57-04:00,POINT (-81.007872 33.9934)
2025-08-20 18:28:16 UTC,sensor08,236476534,28.04,68.78,2025-08-20 23:55:02+00:00,33.993352,-81.00818,96.4,6.0,-3.1,254.48,10.0,3D,2025-08-20 19:55:02-04:00,POINT (-81.00818 33.993352)
2025-08-20 18:28:21 UTC,sensor08,236476534,27.81,69.47,2025-08-20 23:55:07+00:00,33.993303,-81.008512,95.4,6.13,-0.2,256.02,10.0,3D,2025-08-20 19:55:07-04:00,POINT (-81.008512 33.993303)
2025-08-20 18:28:26 UTC,sensor08,236476534,27.87,70.09,2025-08-20 23:55:12+00:00,33.99331,-81.008895,95.3,6.21,0.0,260.63,10.0,3D,2025-08-20 19:55:12-04:00,POINT (-81.008895 33.99331)
2025-08-20 18:28:31 UTC,sensor08,236476534,28.01,69.65,2025-08-20 23:55:17+00:00,33.99328,-81.00923,95.1,5.98,-0.1,265.9,10.0,3D,2025-08-20 19:55:17-04:00,POINT (-81.00923 33.99328)
2025-08-20 18:28:37 UTC,sensor08,236476534,28.03,69.16,2025-08-20 23:55:22+00:00,33.9933,-81.009565,94.8,4.89,0.0,269.89,10.0,3D,2025-08-20 19:55:22-04:00,POINT (-81.009565 33.9933)
2025-08-20 18:28:42 UTC,sensor08,236476534,28.01,68.87,2025-08-20 23:55:27+00:00,33.993343,-81.009725,94.0,3.11,-0.2,266.32,10.0,3D,2025-08-20 19:55:27-04:00,POINT (-81.009725 33.993343)
2025-08-20 18:28:47 UTC,sensor08,236476534,28.08,68.66,2025-08-20 23:55:32+00:00,33.993372,-81.01001,92.8,5.95,-0.2,275.56,10.0,3D,2025-08-20 19:55:32-04:00,POINT (-81.01001 33.993372)
2025-08-20 18:28:52 UTC,sensor08,236476534,28.08,68.49,2025-08-20 23:55:37+00:00,33.993378,-81.010385,92.3,7.46,-0.5,270.39,10.0,3D,2025-08-20 19:55:37-04:00,POINT (-81.010385 33.993378)
2025-08-20 18:28:57 UTC,sensor08,236476534,28.08,68.55,2025-08-20 23:55:42+00:00,33.993393,-81.010803,90.7,8.17,-0.1,273.79,10.0,3D,2025-08-20 19:55:42-04:00,POINT (-81.010803 33.993393)
2025-08-20 18:29:02 UTC,sensor08,236476534,28.06,68.96,2025-08-20 23:55:47+00:00,33.993397,-81.011238,90.9,7.43,0.0,269.82,10.0,3D,2025-08-20 19:55:47-04:00,POINT (-81.011238 33.993397)
2025-08-20 18:29:07 UTC,sensor08,236476534,28.07,69.34,2025-08-20 23:55:52+00:00,33.993427,-81.011653,89.6,6.43,0.1,265.76,10.0,3D,2025-08-20 19:55:52-04:00,POINT (-81.011653 33.993427)
2025-08-20 18:29:12 UTC,sensor08,236476534,27.93,69.27,2025-08-20 23:55:57+00:00,33.993487,-81.012027,89.0,5.73,0.2,267.32,10.0,3D,2025-08-20 19:55:57-04:00,POINT (-81.012027 33.993487)
2025-08-20 18:29:17 UTC,sensor08,236476534,27.97,69.51,2025-08-20 23:56:02+00:00,33.993538,-81.01243,86.1,6.92,-0.2,262.32,10.0,3D,2025-08-20 19:56:02-04:00,POINT (-81.01243 33.993538)
2025-08-20 18:29:22 UTC,sensor08,236476534,28.14,69.45,2025-08-20 23:56:07+00:00,33.993495,-81.012788,85.1,6.57,-0.3,253.14,10.0,3D,2025-08-20 19:56:07-04:00,POINT (-81.012788 33.993495)
2025-08-20 18:29:27 UTC,sensor08,236476534,27.99,69.52,2025-08-20 23:56:12+00:00,33.99343,-81.01301,82.6,2.92,-0.5,250.72,10.0,3D,2025-08-20 19:56:12-04:00,POINT (-81.01301 33.99343)
2025-08-20 18:29:32 UTC,sensor08,236476534,28.11,69.16,2025-08-20 23:56:14+00:00,33.993417,-81.01306,81.8,2.38,-0.4,248.19,10.0,3D,2025-08-20 19:56:14-04:00,POINT (-81.01306 33.993417)
2025-08-20 18:29:37 UTC,sensor08,236476534,28.12,69.02,2025-08-20 23:56:19+00:00,33.993455,-81.013203,80.1,2.53,-0.2,292.16,10.0,3D,2025-08-20 19:56:19-04:00,POINT (-81.013203 33.993455)
2025-08-20 18:29:42 UTC,sensor08,236476534,28.13,68.59,2025-08-20 23:56:27+00:00,33.993702,-81.013322,77.8,5.48,-0.1,343.32,10.0,3D,2025-08-20 19:56:27-04:00,POINT (-81.013322 33.993702)
2025-08-20 18:29:47 UTC,sensor08,236476534,28.28,68.93,2025-08-20 23:56:32+00:00,33.993988,-81.013475,77.7,6.81,0.0,332.55,10.0,3D,2025-08-20 19:56:32-04:00,POINT (-81.013475 33.993988)
2025-08-20 18:29:52 UTC,sensor08,236476534,28.28,68.74,2025-08-20 23:56:37+00:00,33.994333,-81.01366,78.0,7.01,0.1,333.9,10.0,3D,2025-08-20 19:56:37-04:00,POINT (-81.01366 33.994333)
2025-08-20 18:29:57 UTC,sensor08,236476534,28.11,68.83,2025-08-20 23:56:42+00:00,33.994653,-81.013863,79.5,8.11,0.7,329.75,10.0,3D,2025-08-20 19:56:42-04:00,POINT (-81.013863 33.994653)
2025-08-20 18:30:02 UTC,sensor08,236476534,28.16,68.73,2025-08-20 23:56:48+00:00,33.995047,-81.014073,81.1,8.67,0.4,0.0,10.0,3D,2025-08-20 19:56:48-04:00,POINT (-81.014073 33.995047)
2025-08-20 18:30:07 UTC,sensor08,236476534,28.18,68.63,2025-08-20 23:56:53+00:00,33.995408,-81.014298,81.7,8.43,0.1,0.0,10.0,3D,2025-08-20 19:56:53-04:00,POINT (-81.014298 33.995408)
2025-08-20 18:30:12 UTC,sensor08,236476534,28.27,68.21,2025-08-20 23:56:58+00:00,33.995802,-81.014517,83.6,8.58,0.4,0.0,10.0,3D,2025-08-20 19:56:58-04:00,POINT (-81.014517 33.995802)
2025-08-20 18:30:17 UTC,sensor08,236476534,28.18,68.27,2025-08-20 23:57:03+00:00,33.99604,-81.014658,84.7,6.16,0.0,0.0,10.0,3D,2025-08-20 19:57:03-04:00,POINT (-81.014658 33.99604)
2025-08-20 18:30:22 UTC,sensor08,236476534,28.33,68.23,2025-08-20 23:57:08+00:00,33.996372,-81.01481,83.8,9.76,0.2,337.18,10.0,3D,2025-08-20 19:57:08-04:00,POINT (-81.01481 33.996372)
2025-08-20 18:30:27 UTC,sensor08,236476534,28.38,67.58,2025-08-20 23:57:13+00:00,33.996728,-81.014958,82.2,8.41,-0.5,338.13,10.0,3D,2025-08-20 19:57:13-04:00,POINT (-81.014958 33.996728)
2025-08-20 18:30:32 UTC,sensor08,236476534,28.3,67.58,2025-08-20 23:57:18+00:00,33.997025,-81.015088,80.3,6.74,-0.3,337.72,10.0,3D,2025-08-20 19:57:18-04:00,POINT (-81.015088 33.997025)
2025-08-20 18:30:37 UTC,sensor08,236476534,28.25,67.74,2025-08-20 23:57:23+00:00,33.997238,-81.015187,78.6,4.21,-0.5,336.32,10.0,3D,2025-08-20 19:57:23-04:00,POINT (-81.015187 33.997238)
2025-08-20 18:30:58 UTC,sensor08,236476534,28.51,67.6,2025-08-20 23:57:43+00:00,33.997485,-81.015268,83.2,5.67,2.0,328.2,10.0,3D,2025-08-20 19:57:43-04:00,POINT (-81.015268 33.997485)
2025-08-20 18:31:03 UTC,sensor08,236476534,28.62,67.1,2025-08-20 23:57:48+00:00,33.997807,-81.01546,85.6,8.24,-0.7,337.79,10.0,3D,2025-08-20 19:57:48-04:00,POINT (-81.01546 33.997807)
2025-08-20 18:31:08 UTC,sensor08,236476534,28.93,66.25,2025-08-20 23:57:53+00:00,33.99814,-81.015575,83.4,7.74,-0.5,337.69,10.0,3D,2025-08-20 19:57:53-04:00,POINT (-81.015575 33.99814)
2025-08-20 18:31:13 UTC,sensor08,236476534,29.03,65.68,2025-08-20 23:57:58+00:00,33.998405,-81.015667,83.5,6.09,1.4,339.39,10.0,3D,2025-08-20 19:57:58-04:00,POINT (-81.015667 33.998405)
2025-08-20 18:31:18 UTC,sensor08,236476534,28.83,65.73,2025-08-20 23:58:03+00:00,33.998602,-81.015737,84.4,4.74,-0.5,336.81,10.0,3D,2025-08-20 19:58:03-04:00,POINT (-81.015737 33.998602)
2025-08-20 18:32:18 UTC,sensor08,236476534,29.15,64.37,2025-08-20 23:59:04+00:00,33.998902,-81.015933,72.4,7.45,0.1,0.0,10.0,3D,2025-08-20 19:59:04-04:00,POINT (-81.015933 33.998902)
2025-08-20 18:32:23 UTC,sensor08,236476534,29.1,65.1,2025-08-20 23:59:09+00:00,33.999302,-81.016083,72.8,9.43,0.0,0.0,10.0,3D,2025-08-20 19:59:09-04:00,POINT (-81.016083 33.999302)
2025-08-20 18:32:28 UTC,sensor08,236476534,28.94,65.65,2025-08-20 23:59:14+00:00,33.9997,-81.016238,73.6,8.01,0.1,340.3,10.0,3D,2025-08-20 19:59:14-04:00,POINT (-81.016238 33.9997)
2025-08-20 18:32:33 UTC,sensor08,236476534,28.9,65.72,2025-08-20 23:59:19+00:00,34.000013,-81.016383,74.5,5.91,0.2,339.17,10.0,3D,2025-08-20 19:59:19-04:00,POINT (-81.016383 34.000013)
2025-08-20 18:32:59 UTC,sensor08,236476534,28.88,65.64,2025-08-20 23:59:44+00:00,34.000372,-81.016475,76.8,3.84,0.1,24.36,10.0,3D,2025-08-20 19:59:44-04:00,POINT (-81.016475 34.000372)
2025-08-20 18:33:04 UTC,sensor08,236476534,28.67,66.15,2025-08-20 23:59:49+00:00,34.000455,-81.016293,76.9,3.18,-0.1,68.22,10.0,3D,2025-08-20 19:59:49-04:00,POINT (-81.016293 34.000455)
2025-08-20 18:33:09 UTC,sensor08,236476534,28.66,66.64,2025-08-20 23:59:54+00:00,34.000528,-81.016022,76.9,5.55,-0.2,70.23,10.0,3D,2025-08-20 19:59:54-04:00,POINT (-81.016022 34.000528)
2025-08-20 18:33:14 UTC,sensor08,236476534,28.7,67.15,2025-08-20 23:59:59+00:00,34.000598,-81.015683,77.6,5.74,0.4,73.32,10.0,3D,2025-08-20 19:59:59-04:00,POINT (-81.015683 34.000598)
2025-08-20 18:33:19 UTC,sensor08,236476534,28.69,66.91,2025-08-21 00:00:04+00:00,34.000667,-81.015458,79.0,4.13,0.6,61.76,10.0,3D,2025-08-20 20:00:04-04:00,POINT (-81.015458 34.000667)
2025-08-20 18:33:24 UTC,sensor08,236476534,28.46,67.54,2025-08-21 00:00:09+00:00,34.000833,-81.015262,79.5,6.04,0.0,40.19,10.0,3D,2025-08-20 20:00:09-04:00,POINT (-81.015262 34.000833)
2025-08-20 18:33:29 UTC,sensor08,236476534,28.02,69.05,2025-08-21 00:00:14+00:00,34.001075,-81.01504,79.5,7.24,0.0,32.04,10.0,3D,2025-08-20 20:00:14-04:00,POINT (-81.01504 34.001075)
2025-08-20 18:33:34 UTC,sensor08,236476534,27.81,69.73,2025-08-21 00:00:19+00:00,34.001383,-81.014823,0.0,7.8,0.0,31.08,10.0,3D,2025-08-20 20:00:19-04:00,POINT (-81.014823 34.001383)
2025-08-20 18:33:39 UTC,sensor08,236476534,27.8,70.19,2025-08-21 00:00:24+00:00,34.00167,-81.01458,80.2,7.83,0.1,31.54,10.0,3D,2025-08-20 20:00:24-04:00,POINT (-81.01458 34.00167)
2025-08-20 18:33:44 UTC,sensor08,236476534,27.7,70.48,2025-08-21 00:00:29+00:00,34.001945,-81.014357,81.1,6.68,0.2,38.97,10.0,3D,2025-08-20 20:00:29-04:00,POINT (-81.014357 34.001945)
2025-08-20 18:33:49 UTC,sensor08,236476534,27.86,69.74,2025-08-21 00:00:34+00:00,34.002145,-81.014137,81.6,4.92,0.1,43.43,10.0,3D,2025-08-20 20:00:34-04:00,POINT (-81.014137 34.002145)
2025-08-20 18:33:54 UTC,sensor08,236476534,27.87,69.7,2025-08-21 00:00:39+00:00,34.00225,-81.014017,81.1,3.84,0.0,45.51,10.0,3D,2025-08-20 20:00:39-04:00,POINT (-81.014017 34.00225)
2025-08-20 18:33:59 UTC,sensor08,236476534,27.94,69.53,2025-08-21 00:00:44+00:00,34.002438,-81.013803,81.8,6.52,0.2,46.06,10.0,3D,2025-08-20 20:00:44-04:00,POINT (-81.013803 34.002438)
2025-08-20 18:34:04 UTC,sensor08,236476534,28.04,69.53,2025-08-21 00:00:49+00:00,34.002615,-81.013548,82.4,5.0,0.0,54.51,10.0,3D,2025-08-20 20:00:49-04:00,POINT (-81.013548 34.002615)
2025-08-20 18:34:09 UTC,sensor08,236476534,27.91,69.69,2025-08-21 00:00:54+00:00,34.002695,-81.01337,82.7,2.34,0.0,94.83,10.0,3D,2025-08-20 20:00:54-04:00,POINT (-81.01337 34.002695)
2025-08-20 18:34:14 UTC,sensor08,236476534,27.85,70.65,2025-08-21 00:00:59+00:00,34.002585,-81.013207,82.1,4.71,0.0,126.62,10.0,3D,2025-08-20 20:00:59-04:00,POINT (-81.013207 34.002585)
2025-08-20 18:34:19 UTC,sensor08,236476534,27.79,70.57,2025-08-21 00:01:05+00:00,34.002407,-81.01296,81.8,4.38,0.0,0.0,10.0,3D,2025-08-20 20:01:05-04:00,POINT (-81.01296 34.002407)
2025-08-20 18:34:24 UTC,sensor08,236476534,27.76,70.42,2025-08-21 00:01:10+00:00,34.002307,-81.012845,82.9,2.37,0.1,0.0,10.0,3D,2025-08-20 20:01:10-04:00,POINT (-81.012845 34.002307)
2025-08-20 23:11:56 UTC,sensor10,300372181,30.24,61.04,2025-08-20 23:11:57+00:00,33.99601,-81.024143,188.5,2.24,-0.4,0.0,9.0,3D,2025-08-20 19:11:57-04:00,POINT (-81.024143 33.99601)
2025-08-20 23:13:21 UTC,sensor10,300372181,30.47,60.26,2025-08-20 23:13:22+00:00,33.997542,-81.026153,109.0,3.06,-1.0,269.92,10.0,3D,2025-08-20 19:13:22-04:00,POINT (-81.026153 33.997542)
2025-08-20 23:13:47 UTC,sensor10,300372181,30.47,60.27,2025-08-20 23:13:47+00:00,33.997205,-81.02719,84.7,4.97,-0.6,255.45,10.0,3D,2025-08-20 19:13:47-04:00,POINT (-81.02719 33.997205)
2025-08-20 23:13:52 UTC,sensor10,300372181,30.35,60.43,2025-08-20 23:13:52+00:00,33.997093,-81.027488,81.3,5.22,-0.7,243.12,10.0,3D,2025-08-20 19:13:52-04:00,POINT (-81.027488 33.997093)
2025-08-20 23:13:57 UTC,sensor10,300372181,30.06,61.25,2025-08-20 23:13:57+00:00,33.996995,-81.027795,78.1,5.78,-0.5,249.03,10.0,3D,2025-08-20 19:13:57-04:00,POINT (-81.027795 33.996995)
2025-08-20 23:14:02 UTC,sensor10,300372181,29.88,61.63,2025-08-20 23:14:02+00:00,33.996888,-81.02812,74.9,4.96,-0.7,245.94,10.0,3D,2025-08-20 19:14:02-04:00,POINT (-81.02812 33.996888)
2025-08-20 23:14:07 UTC,sensor10,300372181,29.7,62.22,2025-08-20 23:14:07+00:00,33.996785,-81.02848,71.7,6.16,-0.5,252.48,10.0,3D,2025-08-20 19:14:07-04:00,POINT (-81.02848 33.996785)
2025-08-20 23:14:12 UTC,sensor10,300372181,29.55,63.31,2025-08-20 23:14:12+00:00,33.996715,-81.028817,69.2,5.48,-0.4,249.88,10.0,3D,2025-08-20 19:14:12-04:00,POINT (-81.028817 33.996715)
2025-08-20 23:14:17 UTC,sensor10,300372181,29.46,63.22,2025-08-20 23:14:17+00:00,33.996628,-81.029125,66.7,5.64,-0.5,247.27,10.0,3D,2025-08-20 19:14:17-04:00,POINT (-81.029125 33.996628)
2025-08-20 23:14:22 UTC,sensor10,300372181,29.47,63.3,2025-08-20 23:14:22+00:00,33.996542,-81.029373,64.0,3.84,-0.4,247.57,10.0,3D,2025-08-20 19:14:22-04:00,POINT (-81.029373 33.996542)
2025-08-20 23:14:27 UTC,sensor10,300372181,29.43,63.11,2025-08-20 23:14:27+00:00,33.996465,-81.029597,61.0,4.61,-0.6,250.56,10.0,3D,2025-08-20 19:14:27-04:00,POINT (-81.029597 33.996465)
2025-08-20 23:14:32 UTC,sensor10,300372181,29.5,63.1,2025-08-20 23:14:32+00:00,33.99636,-81.029848,58.0,5.11,-0.6,241.59,10.0,3D,2025-08-20 19:14:32-04:00,POINT (-81.029848 33.99636)
2025-08-20 23:14:37 UTC,sensor10,300372181,29.47,62.84,2025-08-20 23:14:37+00:00,33.996268,-81.030128,57.8,5.75,1.1,247.72,10.0,3D,2025-08-20 19:14:37-04:00,POINT (-81.030128 33.996268)
2025-08-20 23:14:42 UTC,sensor10,300372181,29.37,63.0,2025-08-20 23:14:43+00:00,33.996087,-81.030483,57.3,6.18,-0.3,0.0,10.0,3D,2025-08-20 19:14:43-04:00,POINT (-81.030483 33.996087)
2025-08-20 23:14:47 UTC,sensor10,300372181,29.32,63.22,2025-08-20 23:14:48+00:00,33.995992,-81.030785,55.7,5.76,-0.4,0.0,10.0,3D,2025-08-20 19:14:48-04:00,POINT (-81.030785 33.995992)
2025-08-20 23:14:52 UTC,sensor10,300372181,29.39,63.17,2025-08-20 23:14:53+00:00,33.99593,-81.031088,54.1,4.78,-0.4,0.0,10.0,3D,2025-08-20 19:14:53-04:00,POINT (-81.031088 33.99593)
2025-08-20 23:14:57 UTC,sensor10,300372181,29.45,63.3,2025-08-20 23:14:58+00:00,33.996155,-81.031258,53.5,6.16,-0.2,354.78,10.0,3D,2025-08-20 19:14:58-04:00,POINT (-81.031258 33.996155)
2025-08-20 23:15:02 UTC,sensor10,300372181,29.57,63.11,2025-08-20 23:15:03+00:00,33.996415,-81.031352,52.2,6.01,-0.2,340.03,10.0,3D,2025-08-20 19:15:03-04:00,POINT (-81.031352 33.996415)
2025-08-20 23:15:07 UTC,sensor10,300372181,29.62,62.83,2025-08-20 23:15:08+00:00,33.99671,-81.031473,50.6,6.39,-0.4,340.32,10.0,3D,2025-08-20 19:15:08-04:00,POINT (-81.031473 33.99671)
2025-08-20 23:15:12 UTC,sensor10,300372181,29.57,62.53,2025-08-20 23:15:08+00:00,33.99671,-81.031473,50.6,6.39,-0.4,340.32,10.0,3D,2025-08-20 19:15:08-04:00,POINT (-81.031473 33.99671)
2025-08-20 23:15:17 UTC,sensor10,300372181,29.54,62.36,2025-08-20 23:15:18+00:00,33.997268,-81.031757,48.0,6.13,0.6,341.34,10.0,3D,2025-08-20 19:15:18-04:00,POINT (-81.031757 33.997268)
2025-08-20 23:15:22 UTC,sensor10,300372181,29.53,62.43,2025-08-20 23:15:23+00:00,33.997542,-81.031835,45.9,6.08,-0.4,357.27,10.0,3D,2025-08-20 19:15:23-04:00,POINT (-81.031835 33.997542)
2025-08-20 23:15:28 UTC,sensor10,300372181,29.35,62.28,2025-08-20 23:15:28+00:00,33.99781,-81.03194,47.9,5.79,2.2,335.64,10.0,3D,2025-08-20 19:15:28-04:00,POINT (-81.03194 33.99781)
2025-08-20 23:15:33 UTC,sensor10,300372181,29.4,62.75,2025-08-20 23:15:33+00:00,33.99805,-81.032057,46.4,5.81,-0.4,338.11,10.0,3D,2025-08-20 19:15:33-04:00,POINT (-81.032057 33.99805)
2025-08-20 23:15:38 UTC,sensor10,300372181,29.41,62.82,2025-08-20 23:15:38+00:00,33.998275,-81.03218,43.8,5.4,-0.5,327.45,10.0,3D,2025-08-20 19:15:38-04:00,POINT (-81.03218 33.998275)
2025-08-20 23:15:43 UTC,sensor10,300372181,29.42,62.92,2025-08-20 23:15:43+00:00,33.99848,-81.03233,42.6,4.82,-0.4,349.09,10.0,3D,2025-08-20 19:15:43-04:00,POINT (-81.03233 33.99848)
2025-08-20 23:15:48 UTC,sensor10,300372181,29.38,62.92,2025-08-20 23:15:48+00:00,33.998655,-81.032138,43.2,5.01,0.0,59.34,10.0,3D,2025-08-20 19:15:48-04:00,POINT (-81.032138 33.998655)
2025-08-20 23:15:53 UTC,sensor10,300372181,29.28,62.88,2025-08-20 23:15:53+00:00,33.998755,-81.031907,41.5,5.1,-0.3,63.8,10.0,3D,2025-08-20 19:15:53-04:00,POINT (-81.031907 33.998755)
2025-08-20 23:15:58 UTC,sensor10,300372181,29.21,63.13,2025-08-20 23:15:58+00:00,33.998867,-81.031658,39.5,5.3,-0.4,61.8,10.0,3D,2025-08-20 19:15:58-04:00,POINT (-81.031658 33.998867)
2025-08-20 23:16:03 UTC,sensor10,300372181,29.13,63.37,2025-08-20 23:16:03+00:00,33.998955,-81.03142,38.5,4.58,0.0,71.26,10.0,3D,2025-08-20 19:16:03-04:00,POINT (-81.03142 33.998955)
2025-08-20 23:16:08 UTC,sensor10,300372181,29.07,63.62,2025-08-20 23:16:08+00:00,33.999088,-81.03124,38.7,4.5,-0.1,67.2,10.0,3D,2025-08-20 19:16:08-04:00,POINT (-81.03124 33.999088)
2025-08-20 23:16:13 UTC,sensor10,300372181,29.11,63.65,2025-08-20 23:16:13+00:00,33.999175,-81.031032,37.8,3.73,-0.1,32.04,10.0,3D,2025-08-20 19:16:13-04:00,POINT (-81.031032 33.999175)
2025-08-20 23:16:18 UTC,sensor10,300372181,29.12,63.65,2025-08-20 23:16:18+00:00,33.999357,-81.030953,37.2,4.44,-0.1,348.69,10.0,3D,2025-08-20 19:16:18-04:00,POINT (-81.030953 33.999357)
2025-08-20 23:16:23 UTC,sensor10,300372181,29.12,63.68,2025-08-20 23:16:23+00:00,33.99952,-81.031023,43.1,4.71,0.0,338.17,10.0,3D,2025-08-20 19:16:23-04:00,POINT (-81.031023 33.99952)
2025-08-20 23:16:28 UTC,sensor10,300372181,29.09,63.61,2025-08-20 23:16:28+00:00,33.999712,-81.031108,42.8,4.85,0.0,342.47,10.0,3D,2025-08-20 19:16:28-04:00,POINT (-81.031108 33.999712)
2025-08-20 23:16:33 UTC,sensor10,300372181,29.07,63.7,2025-08-20 23:16:33+00:00,33.999918,-81.031205,42.3,5.2,-0.2,337.58,10.0,3D,2025-08-20 19:16:33-04:00,POINT (-81.031205 33.999918)
2025-08-20 23:16:38 UTC,sensor10,300372181,29.11,63.68,2025-08-20 23:16:39+00:00,34.00017,-81.031313,41.4,4.25,-0.2,0.0,10.0,3D,2025-08-20 19:16:39-04:00,POINT (-81.031313 34.00017)
2025-08-20 23:16:43 UTC,sensor10,300372181,29.21,63.63,2025-08-20 23:16:44+00:00,34.00039,-81.03138,40.9,5.32,0.0,0.0,10.0,3D,2025-08-20 19:16:44-04:00,POINT (-81.03138 34.00039)
2025-08-20 23:16:48 UTC,sensor10,300372181,29.16,63.4,2025-08-20 23:16:49+00:00,34.000635,-81.031478,40.2,5.45,-0.2,0.0,10.0,3D,2025-08-20 19:16:49-04:00,POINT (-81.031478 34.000635)
2025-08-20 23:16:53 UTC,sensor10,300372181,29.13,63.63,2025-08-20 23:16:54+00:00,34.000857,-81.031565,39.3,5.46,-0.1,341.71,10.0,3D,2025-08-20 19:16:54-04:00,POINT (-81.031565 34.000857)
2025-08-20 23:16:58 UTC,sensor10,300372181,29.14,63.57,2025-08-20 23:16:59+00:00,34.001055,-81.031675,38.0,4.94,-0.2,338.92,10.0,3D,2025-08-20 19:16:59-04:00,POINT (-81.031675 34.001055)
2025-08-20 23:17:03 UTC,sensor10,300372181,29.17,63.59,2025-08-20 23:17:04+00:00,34.001255,-81.031753,37.2,4.1,-0.2,336.26,10.0,3D,2025-08-20 19:17:04-04:00,POINT (-81.031753 34.001255)
2025-08-20 23:17:08 UTC,sensor10,300372181,29.22,63.63,2025-08-20 23:17:09+00:00,34.001428,-81.03184,36.2,4.15,-0.2,326.87,10.0,3D,2025-08-20 19:17:09-04:00,POINT (-81.03184 34.001428)
2025-08-20 23:17:13 UTC,sensor10,300372181,29.19,63.9,2025-08-20 23:17:09+00:00,34.001428,-81.03184,36.2,4.15,-0.2,326.87,10.0,3D,2025-08-20 19:17:09-04:00,POINT (-81.03184 34.001428)
2025-08-20 23:18:39 UTC,sensor10,300372181,30.36,59.77,2025-08-20 23:18:39+00:00,34.004573,-81.033222,53.1,3.38,0.2,320.51,10.0,3D,2025-08-20 19:18:39-04:00,POINT (-81.033222 34.004573)
2025-08-20 23:18:44 UTC,sensor10,300372181,30.05,60.51,2025-08-20 23:18:44+00:00,34.004772,-81.033305,53.3,4.83,0.1,339.34,10.0,3D,2025-08-20 19:18:44-04:00,POINT (-81.033305 34.004772)
2025-08-20 23:18:49 UTC,sensor10,300372181,29.8,61.36,2025-08-20 23:18:50+00:00,34.00503,-81.033427,53.4,5.55,0.0,0.0,10.0,3D,2025-08-20 19:18:50-04:00,POINT (-81.033427 34.00503)
2025-08-20 23:18:54 UTC,sensor10,300372181,29.75,61.95,2025-08-20 23:18:55+00:00,34.005248,-81.03351,53.9,5.55,0.2,0.0,10.0,3D,2025-08-20 19:18:55-04:00,POINT (-81.03351 34.005248)
2025-08-20 23:18:59 UTC,sensor10,300372181,29.5,62.19,2025-08-20 23:19:00+00:00,34.005515,-81.033745,54.2,5.61,-0.2,0.0,10.0,3D,2025-08-20 19:19:00-04:00,POINT (-81.033745 34.005515)
2025-08-20 23:19:04 UTC,sensor10,300372181,29.36,62.67,2025-08-20 23:19:05+00:00,34.005685,-81.033592,59.5,6.93,0.1,0.0,4.0,3D,2025-08-20 19:19:05-04:00,POINT (-81.033592 34.005685)
2025-08-20 23:19:09 UTC,sensor10,300372181,29.24,63.08,2025-08-20 23:19:10+00:00,34.005825,-81.033862,59.6,6.03,0.0,0.0,4.0,3D,2025-08-20 19:19:10-04:00,POINT (-81.033862 34.005825)
2025-08-20 23:19:14 UTC,sensor10,300372181,29.17,63.47,2025-08-20 23:19:15+00:00,34.005778,-81.034208,60.3,6.66,0.2,0.0,10.0,3D,2025-08-20 19:19:15-04:00,POINT (-81.034208 34.005778)
2025-08-20 23:19:19 UTC,sensor10,300372181,29.29,63.54,2025-08-20 23:19:20+00:00,34.00571,-81.034517,60.2,5.9,0.0,0.0,10.0,3D,2025-08-20 19:19:20-04:00,POINT (-81.034517 34.00571)
2025-08-20 23:19:24 UTC,sensor10,300372181,29.41,63.2,2025-08-20 23:19:25+00:00,34.005642,-81.034827,60.6,5.33,0.1,252.47,10.0,3D,2025-08-20 19:19:25-04:00,POINT (-81.034827 34.005642)
2025-08-20 23:19:29 UTC,sensor10,300372181,29.31,63.27,2025-08-20 23:19:30+00:00,34.005595,-81.035108,60.4,5.29,-0.2,250.43,10.0,3D,2025-08-20 19:19:30-04:00,POINT (-81.035108 34.005595)
2025-08-20 23:19:34 UTC,sensor10,300372181,29.26,63.5,2025-08-20 23:19:35+00:00,34.005523,-81.035313,59.8,3.09,-0.1,262.23,10.0,3D,2025-08-20 19:19:35-04:00,POINT (-81.035313 34.005523)
2025-08-20 23:19:39 UTC,sensor10,300372181,29.33,63.51,2025-08-20 23:19:40+00:00,34.00563,-81.035417,59.3,4.26,-0.1,337.69,10.0,3D,2025-08-20 19:19:40-04:00,POINT (-81.035417 34.00563)
2025-08-20 23:19:44 UTC,sensor10,300372181,29.34,63.41,2025-08-20 23:19:45+00:00,34.00581,-81.035512,59.2,3.86,-0.1,344.02,9.0,3D,2025-08-20 19:19:45-04:00,POINT (-81.035512 34.00581)
2025-08-20 23:19:50 UTC,sensor10,300372181,29.27,63.31,2025-08-20 23:19:50+00:00,34.006032,-81.035567,59.9,4.5,0.0,354.41,9.0,3D,2025-08-20 19:19:50-04:00,POINT (-81.035567 34.006032)
2025-08-20 23:19:55 UTC,sensor10,300372181,29.38,63.54,2025-08-20 23:19:55+00:00,34.006318,-81.035728,60.6,5.49,0.1,340.68,9.0,3D,2025-08-20 19:19:55-04:00,POINT (-81.035728 34.006318)
2025-08-20 23:20:00 UTC,sensor10,300372181,29.43,63.17,2025-08-20 23:20:00+00:00,34.006525,-81.035923,61.0,3.63,-0.1,305.17,9.0,3D,2025-08-20 19:20:00-04:00,POINT (-81.035923 34.006525)
2025-08-20 23:20:05 UTC,sensor10,300372181,29.38,63.13,2025-08-20 23:20:05+00:00,34.00656,-81.036275,60.8,5.87,0.0,253.92,9.0,3D,2025-08-20 19:20:05-04:00,POINT (-81.036275 34.00656)
2025-08-20 23:20:10 UTC,sensor10,300372181,29.39,63.06,2025-08-20 23:20:10+00:00,34.006558,-81.036652,60.8,5.73,0.0,254.8,9.0,3D,2025-08-20 19:20:10-04:00,POINT (-81.036652 34.006558)
2025-08-20 23:20:15 UTC,sensor10,300372181,29.48,63.0,2025-08-20 23:20:15+00:00,34.006523,-81.036942,61.0,4.64,0.2,261.17,9.0,3D,2025-08-20 19:20:15-04:00,POINT (-81.036942 34.006523)
2025-08-20 23:20:20 UTC,sensor10,300372181,29.48,62.91,2025-08-20 23:20:20+00:00,34.006512,-81.037198,61.7,3.87,0.8,256.46,9.0,3D,2025-08-20 19:20:20-04:00,POINT (-81.037198 34.006512)
2025-08-20 23:20:25 UTC,sensor10,300372181,29.71,62.49,2025-08-20 23:20:25+00:00,34.006413,-81.037507,63.5,5.44,1.0,248.87,9.0,3D,2025-08-20 19:20:25-04:00,POINT (-81.037507 34.006413)
2025-08-20 23:20:30 UTC,sensor10,300372181,29.61,62.2,2025-08-20 23:20:30+00:00,34.006332,-81.037742,63.6,5.01,0.1,245.87,9.0,3D,2025-08-20 19:20:30-04:00,POINT (-81.037742 34.006332)
2025-08-20 23:20:35 UTC,sensor10,300372181,29.59,62.72,2025-08-20 23:20:36+00:00,34.006235,-81.038035,63.2,5.12,0.0,0.0,9.0,3D,2025-08-20 19:20:36-04:00,POINT (-81.038035 34.006235)
2025-08-20 23:20:40 UTC,sensor10,300372181,29.52,62.95,2025-08-20 23:20:41+00:00,34.006165,-81.0383,63.0,4.76,-0.1,0.0,9.0,3D,2025-08-20 19:20:41-04:00,POINT (-81.0383 34.006165)
2025-08-20 23:20:50 UTC,sensor10,300372181,29.6,62.84,2025-08-20 23:20:51+00:00,34.006047,-81.038708,61.9,4.58,-0.1,0.0,9.0,3D,2025-08-20 19:20:51-04:00,POINT (-81.038708 34.006047)
2025-08-20 23:20:55 UTC,sensor10,300372181,29.53,62.55,2025-08-20 23:20:56+00:00,34.005893,-81.039023,62.0,6.6,0.1,257.35,9.0,3D,2025-08-20 19:20:56-04:00,POINT (-81.039023 34.005893)
2025-08-20 23:21:00 UTC,sensor10,300372181,29.5,62.81,2025-08-20 23:21:01+00:00,34.005772,-81.039428,61.7,9.01,-0.1,248.08,9.0,3D,2025-08-20 19:21:01-04:00,POINT (-81.039428 34.005772)
2025-08-20 23:21:05 UTC,sensor10,300372181,29.55,63.0,2025-08-20 23:21:06+00:00,34.005603,-81.039958,61.2,10.78,-0.1,250.35,9.0,3D,2025-08-20 19:21:06-04:00,POINT (-81.039958 34.005603)
2025-08-20 23:21:10 UTC,sensor10,300372181,29.69,62.6,2025-08-20 23:21:10+00:00,34.005428,-81.04045,60.7,12.46,-0.2,251.09,9.0,3D,2025-08-20 19:21:10-04:00,POINT (-81.04045 34.005428)
2025-08-20 23:21:15 UTC,sensor10,300372181,29.63,62.87,2025-08-20 23:21:10+00:00,34.005428,-81.04045,60.7,12.46,-0.2,251.09,9.0,3D,2025-08-20 19:21:10-04:00,POINT (-81.04045 34.005428)
2025-08-20 23:21:20 UTC,sensor10,300372181,29.55,63.15,2025-08-20 23:21:21+00:00,34.005298,-81.041168,58.9,3.24,0.0,274.14,9.0,3D,2025-08-20 19:21:21-04:00,POINT (-81.041168 34.005298)
2025-08-20 23:21:25 UTC,sensor10,300372181,29.46,63.52,2025-08-20 23:21:26+00:00,34.005293,-81.041383,58.8,4.37,0.1,258.9,9.0,3D,2025-08-20 19:21:26-04:00,POINT (-81.041383 34.005293)
2025-08-20 23:21:30 UTC,sensor10,300372181,29.42,64.12,2025-08-20 23:21:31+00:00,34.005223,-81.041655,58.9,5.57,0.1,250.13,9.0,3D,2025-08-20 19:21:31-04:00,POINT (-81.041655 34.005223)
2025-08-20 23:21:35 UTC,sensor10,300372181,29.3,64.42,2025-08-20 23:21:36+00:00,34.005138,-81.041985,58.7,5.76,0.0,256.05,9.0,3D,2025-08-20 19:21:36-04:00,POINT (-81.041985 34.005138)
2025-08-20 23:21:40 UTC,sensor10,300372181,29.17,64.07,2025-08-20 23:21:41+00:00,34.005178,-81.042323,58.5,6.05,0.1,304.02,9.0,3D,2025-08-20 19:21:41-04:00,POINT (-81.042323 34.005178)
2025-08-20 23:21:45 UTC,sensor10,300372181,29.09,64.39,2025-08-20 23:21:46+00:00,34.005347,-81.04251,58.2,5.0,-0.2,335.57,9.0,3D,2025-08-20 19:21:46-04:00,POINT (-81.04251 34.005347)
2025-08-20 23:21:50 UTC,sensor10,300372181,29.06,64.58,2025-08-20 23:21:51+00:00,34.005613,-81.042615,58.5,5.17,0.0,344.13,9.0,3D,2025-08-20 19:21:51-04:00,POINT (-81.042615 34.005613)
2025-08-20 23:21:56 UTC,sensor10,300372181,29.05,64.45,2025-08-20 23:21:56+00:00,34.00577,-81.04271,59.4,3.81,0.1,323.02,9.0,3D,2025-08-20 19:21:56-04:00,POINT (-81.04271 34.00577)
2025-08-20 23:22:01 UTC,sensor10,300372181,29.02,64.8,2025-08-20 23:22:01+00:00,34.005905,-81.042933,60.6,4.93,0.0,301.67,9.0,3D,2025-08-20 19:22:01-04:00,POINT (-81.042933 34.005905)
2025-08-20 23:22:06 UTC,sensor10,300372181,28.98,65.47,2025-08-20 23:22:06+00:00,34.005978,-81.04314,60.5,4.7,-0.3,287.5,9.0,3D,2025-08-20 19:22:06-04:00,POINT (-81.04314 34.005978)
2025-08-20 23:22:16 UTC,sensor10,300372181,28.92,65.24,2025-08-20 23:22:16+00:00,34.006077,-81.043515,60.0,3.22,-0.1,295.03,9.0,3D,2025-08-20 19:22:16-04:00,POINT (-81.043515 34.006077)
2025-08-20 23:22:21 UTC,sensor10,300372181,28.85,65.64,2025-08-20 23:22:21+00:00,34.006328,-81.043927,59.1,3.98,-0.2,307.93,9.0,3D,2025-08-20 19:22:21-04:00,POINT (-81.043927 34.006328)
2025-08-20 23:22:26 UTC,sensor10,300372181,28.74,67.53,2025-08-20 23:22:26+00:00,34.006495,-81.0442,58.3,5.03,-0.2,305.38,9.0,3D,2025-08-20 19:22:26-04:00,POINT (-81.0442 34.006495)
2025-08-20 23:22:31 UTC,sensor10,300372181,28.51,68.92,2025-08-20 23:22:31+00:00,34.00667,-81.044447,57.6,5.44,-0.1,312.71,9.0,3D,2025-08-20 19:22:31-04:00,POINT (-81.044447 34.00667)
2025-08-20 23:22:36 UTC,sensor10,300372181,28.38,69.49,2025-08-20 23:22:37+00:00,34.006845,-81.044692,56.8,4.62,-0.1,0.0,9.0,3D,2025-08-20 19:22:37-04:00,POINT (-81.044692 34.006845)
2025-08-20 23:22:41 UTC,sensor10,300372181,28.42,68.78,2025-08-20 23:22:42+00:00,34.006942,-81.044923,56.1,5.05,-0.2,0.0,9.0,3D,2025-08-20 19:22:42-04:00,POINT (-81.044923 34.006942)
2025-08-20 23:22:46 UTC,sensor10,300372181,28.27,69.74,2025-08-20 23:22:47+00:00,34.00708,-81.045173,55.6,5.6,-0.1,0.0,9.0,3D,2025-08-20 19:22:47-04:00,POINT (-81.045173 34.00708)
2025-08-20 23:22:51 UTC,sensor10,300372181,28.22,70.22,2025-08-20 23:22:52+00:00,34.007253,-81.045393,54.9,4.48,-0.2,315.07,9.0,3D,2025-08-20 19:22:52-04:00,POINT (-81.045393 34.007253)
2025-08-20 23:22:56 UTC,sensor10,300372181,28.27,70.02,2025-08-20 23:22:57+00:00,34.007398,-81.045547,53.9,3.67,-0.3,306.96,9.0,3D,2025-08-20 19:22:57-04:00,POINT (-81.045547 34.007398)
2025-08-20 23:23:01 UTC,sensor10,300372181,28.29,69.06,2025-08-20 23:23:02+00:00,34.00755,-81.04574,52.8,4.98,-0.1,317.21,9.0,3D,2025-08-20 19:23:02-04:00,POINT (-81.04574 34.00755)
2025-08-20 23:23:06 UTC,sensor10,300372181,28.29,69.78,2025-08-20 23:23:07+00:00,34.007735,-81.04595,51.2,5.94,-0.3,316.88,9.0,3D,2025-08-20 19:23:07-04:00,POINT (-81.04595 34.007735)
2025-08-20 23:23:11 UTC,sensor10,300372181,28.18,70.71,2025-08-20 23:23:11+00:00,34.007882,-81.0461,50.0,4.89,-0.4,321.6,9.0,3D,2025-08-20 19:23:11-04:00,POINT (-81.0461 34.007882)
2025-08-20 23:23:16 UTC,sensor10,300372181,28.08,71.33,2025-08-20 23:23:14+00:00,34.007993,-81.046225,49.3,5.64,-0.23,0.0,9.0,3D,2025-08-20 19:23:14-04:00,POINT (-81.046225 34.007993)
2025-08-20 23:23:21 UTC,sensor10,300372181,28.05,71.6,2025-08-20 23:23:22+00:00,34.008388,-81.046557,48.2,5.68,-0.1,329.82,9.0,3D,2025-08-20 19:23:22-04:00,POINT (-81.046557 34.008388)
2025-08-20 23:23:26 UTC,sensor10,300372181,28.0,72.38,2025-08-20 23:23:27+00:00,34.008687,-81.04674,48.0,6.02,-0.1,334.97,9.0,3D,2025-08-20 19:23:27-04:00,POINT (-81.04674 34.008687)
2025-08-20 23:23:31 UTC,sensor10,300372181,28.0,73.33,2025-08-20 23:23:32+00:00,34.008982,-81.046918,48.0,6.11,0.0,333.99,9.0,3D,2025-08-20 19:23:32-04:00,POINT (-81.046918 34.008982)
2025-08-20 23:23:36 UTC,sensor10,300372181,28.05,72.3,2025-08-20 23:23:37+00:00,34.009167,-81.047032,47.1,4.52,-0.2,336.4,9.0,3D,2025-08-20 19:23:37-04:00,POINT (-81.047032 34.009167)
2025-08-20 23:23:41 UTC,sensor10,300372181,28.1,71.03,2025-08-20 23:23:42+00:00,34.009408,-81.047102,47.0,4.85,-0.2,341.65,9.0,3D,2025-08-20 19:23:42-04:00,POINT (-81.047102 34.009408)
2025-08-20 23:23:46 UTC,sensor10,300372181,28.23,70.43,2025-08-20 23:23:47+00:00,34.009675,-81.047235,46.4,5.21,-0.1,338.55,9.0,3D,2025-08-20 19:23:47-04:00,POINT (-81.047235 34.009675)
2025-08-20 23:23:51 UTC,sensor10,300372181,28.41,69.32,2025-08-20 23:23:52+00:00,34.00994,-81.047373,46.2,4.84,0.0,341.54,9.0,3D,2025-08-20 19:23:52-04:00,POINT (-81.047373 34.00994)
2025-08-20 23:23:56 UTC,sensor10,300372181,28.62,69.02,2025-08-20 23:23:57+00:00,34.010242,-81.04751,46.2,6.19,0.1,338.74,9.0,3D,2025-08-20 19:23:57-04:00,POINT (-81.04751 34.010242)
2025-08-20 23:24:27 UTC,sensor10,300372181,29.63,64.57,2025-08-20 23:24:27+00:00,34.011142,-81.0471,50.2,4.54,0.2,56.47,9.0,3D,2025-08-20 19:24:27-04:00,POINT (-81.0471 34.011142)
2025-08-20 23:24:32 UTC,sensor10,300372181,29.75,63.81,2025-08-20 23:24:32+00:00,34.011328,-81.046957,51.7,4.26,0.2,59.2,9.0,3D,2025-08-20 19:24:32-04:00,POINT (-81.046957 34.011328)
2025-08-20 23:24:37 UTC,sensor10,300372181,29.71,63.45,2025-08-20 23:24:37+00:00,34.011467,-81.046837,53.2,3.44,0.3,355.54,9.0,3D,2025-08-20 19:24:37-04:00,POINT (-81.046837 34.011467)
2025-08-20 23:24:42 UTC,sensor10,300372181,29.56,63.56,2025-08-20 23:24:42+00:00,34.011608,-81.046917,54.4,4.57,0.3,326.77,9.0,3D,2025-08-20 19:24:42-04:00,POINT (-81.046917 34.011608)
2025-08-20 23:24:47 UTC,sensor10,300372181,29.49,63.97,2025-08-20 23:24:47+00:00,34.011778,-81.047022,55.5,4.91,0.2,325.66,9.0,3D,2025-08-20 19:24:47-04:00,POINT (-81.047022 34.011778)
2025-08-20 23:24:52 UTC,sensor10,300372181,29.42,64.79,2025-08-20 23:24:53+00:00,34.012002,-81.047168,57.1,4.68,0.3,0.0,9.0,3D,2025-08-20 19:24:53-04:00,POINT (-81.047168 34.012002)
2025-08-20 23:24:57 UTC,sensor10,300372181,29.3,65.42,2025-08-20 23:24:58+00:00,34.01221,-81.047313,58.6,5.4,0.3,0.0,9.0,3D,2025-08-20 19:24:58-04:00,POINT (-81.047313 34.01221)
2025-08-20 23:25:02 UTC,sensor10,300372181,29.2,65.41,2025-08-20 23:25:03+00:00,34.012442,-81.04747,60.2,6.82,0.4,0.0,9.0,3D,2025-08-20 19:25:03-04:00,POINT (-81.04747 34.012442)
2025-08-20 23:25:07 UTC,sensor10,300372181,29.09,65.58,2025-08-20 23:25:08+00:00,34.012737,-81.047663,62.0,7.27,0.3,330.44,9.0,3D,2025-08-20 19:25:08-04:00,POINT (-81.047663 34.012737)
2025-08-20 23:25:12 UTC,sensor10,300372181,29.05,65.84,2025-08-20 23:25:12+00:00,34.012983,-81.047838,63.9,6.42,0.2,0.0,9.0,3D,2025-08-20 19:25:12-04:00,POINT (-81.047838 34.012983)
2025-08-20 23:25:17 UTC,sensor10,300372181,28.95,65.91,2025-08-20 23:25:12+00:00,34.012983,-81.047838,63.9,6.42,0.2,0.0,9.0,3D,2025-08-20 19:25:12-04:00,POINT (-81.047838 34.012983)
2025-08-20 23:25:22 UTC,sensor10,300372181,28.98,65.91,2025-08-20 23:25:23+00:00,34.013545,-81.048237,69.0,6.76,0.5,329.07,9.0,3D,2025-08-20 19:25:23-04:00,POINT (-81.048237 34.013545)
2025-08-20 23:25:27 UTC,sensor10,300372181,28.87,65.96,2025-08-20 23:25:28+00:00,34.013778,-81.048405,72.0,5.84,0.6,327.5,9.0,3D,2025-08-20 19:25:28-04:00,POINT (-81.048405 34.013778)
2025-08-20 23:25:32 UTC,sensor10,300372181,28.83,66.12,2025-08-20 23:25:33+00:00,34.014013,-81.048568,74.1,5.82,0.4,326.9,9.0,3D,2025-08-20 19:25:33-04:00,POINT (-81.048568 34.014013)
2025-08-20 23:25:37 UTC,sensor10,300372181,28.82,66.48,2025-08-20 23:25:38+00:00,34.014227,-81.048728,76.8,5.6,0.5,327.35,9.0,3D,2025-08-20 19:25:38-04:00,POINT (-81.048728 34.014227)
2025-08-20 23:25:42 UTC,sensor10,300372181,28.7,66.94,2025-08-20 23:25:43+00:00,34.014457,-81.048863,79.4,5.71,0.6,341.13,9.0,3D,2025-08-20 19:25:43-04:00,POINT (-81.048863 34.014457)
2025-08-20 23:25:47 UTC,sensor10,300372181,28.65,67.6,2025-08-20 23:25:48+00:00,34.014673,-81.048742,81.8,6.09,0.5,47.44,9.0,3D,2025-08-20 19:25:48-04:00,POINT (-81.048742 34.014673)
2025-08-20 23:25:52 UTC,sensor10,300372181,28.61,67.72,2025-08-20 23:25:53+00:00,34.014742,-81.048417,83.3,5.78,0.5,66.03,9.0,3D,2025-08-20 19:25:53-04:00,POINT (-81.048417 34.014742)
2025-08-20 23:25:57 UTC,sensor10,300372181,28.82,67.86,2025-08-20 23:25:58+00:00,34.01487,-81.048172,85.6,5.19,0.5,59.05,9.0,3D,2025-08-20 19:25:58-04:00,POINT (-81.048172 34.01487)
2025-08-20 23:26:02 UTC,sensor10,300372181,28.86,66.2,2025-08-20 23:26:03+00:00,34.015007,-81.047967,88.7,4.23,0.6,59.37,9.0,3D,2025-08-20 19:26:03-04:00,POINT (-81.047967 34.015007)
2025-08-20 23:26:07 UTC,sensor10,300372181,29.1,65.75,2025-08-20 23:26:08+00:00,34.01512,-81.047755,91.9,5.11,0.6,54.94,9.0,3D,2025-08-20 19:26:08-04:00,POINT (-81.047755 34.01512)
2025-08-20 23:26:12 UTC,sensor10,300372181,28.95,65.9,2025-08-20 23:26:13+00:00,34.015253,-81.047543,95.1,4.98,0.6,56.86,9.0,3D,2025-08-20 19:26:13-04:00,POINT (-81.047543 34.015253)
2025-08-20 23:26:17 UTC,sensor10,300372181,28.99,66.31,2025-08-20 23:26:18+00:00,34.01537,-81.047335,98.8,4.42,0.8,50.68,9.0,3D,2025-08-20 19:26:18-04:00,POINT (-81.047335 34.01537)
2025-08-20 23:26:23 UTC,sensor10,300372181,28.94,66.23,2025-08-20 23:26:23+00:00,34.015475,-81.047117,102.2,4.42,0.7,62.05,9.0,3D,2025-08-20 19:26:23-04:00,POINT (-81.047117 34.015475)
2025-08-20 23:26:28 UTC,sensor10,300372181,28.91,66.84,2025-08-20 23:26:28+00:00,34.015582,-81.046888,105.2,4.45,0.6,55.78,9.0,3D,2025-08-20 19:26:28-04:00,POINT (-81.046888 34.015582)
2025-08-20 23:26:33 UTC,sensor10,300372181,28.87,67.41,2025-08-20 23:26:33+00:00,34.015665,-81.046698,106.3,3.15,0.6,73.19,9.0,3D,2025-08-20 19:26:33-04:00,POINT (-81.046698 34.015665)
2025-08-20 23:26:38 UTC,sensor10,300372181,28.89,67.5,2025-08-20 23:26:38+00:00,34.015555,-81.046518,108.5,4.82,0.7,148.66,9.0,3D,2025-08-20 19:26:38-04:00,POINT (-81.046518 34.015555)
2025-08-20 23:26:43 UTC,sensor10,300372181,28.88,67.2,2025-08-20 23:26:43+00:00,34.01535,-81.046368,111.6,3.53,0.6,154.39,9.0,3D,2025-08-20 19:26:43-04:00,POINT (-81.046368 34.01535)
2025-08-20 23:26:48 UTC,sensor10,300372181,28.86,67.31,2025-08-20 23:26:48+00:00,34.015152,-81.046237,111.4,5.0,-0.3,150.69,9.0,3D,2025-08-20 19:26:48-04:00,POINT (-81.046237 34.015152)
2025-08-20 23:26:53 UTC,sensor10,300372181,28.8,67.14,2025-08-20 23:26:54+00:00,34.01491,-81.046052,114.0,5.47,0.5,0.0,9.0,3D,2025-08-20 19:26:54-04:00,POINT (-81.046052 34.01491)
2025-08-20 23:26:58 UTC,sensor10,300372181,28.77,67.53,2025-08-20 23:26:59+00:00,34.014673,-81.045885,116.2,5.55,0.3,0.0,9.0,3D,2025-08-20 19:26:59-04:00,POINT (-81.045885 34.014673)
2025-08-20 23:27:03 UTC,sensor10,300372181,28.75,66.63,2025-08-20 23:27:04+00:00,34.014447,-81.045738,117.0,6.04,0.5,0.0,9.0,3D,2025-08-20 19:27:04-04:00,POINT (-81.045738 34.014447)
2025-08-20 23:27:08 UTC,sensor10,300372181,28.77,66.89,2025-08-20 23:27:09+00:00,34.014203,-81.045558,118.3,6.42,0.1,0.0,9.0,3D,2025-08-20 19:27:09-04:00,POINT (-81.045558 34.014203)
2025-08-20 23:27:13 UTC,sensor10,300372181,28.76,67.51,2025-08-20 23:27:12+00:00,34.014058,-81.04546,119.1,5.67,0.1,152.42,9.0,3D,2025-08-20 19:27:12-04:00,POINT (-81.04546 34.014058)
2025-08-20 23:27:18 UTC,sensor10,300372181,28.8,67.21,2025-08-20 23:27:19+00:00,34.01371,-81.045218,122.0,6.23,0.5,151.47,9.0,3D,2025-08-20 19:27:19-04:00,POINT (-81.045218 34.01371)
2025-08-20 23:27:23 UTC,sensor10,300372181,28.77,66.61,2025-08-20 23:27:24+00:00,34.01347,-81.045023,124.3,5.58,0.5,153.72,9.0,3D,2025-08-20 19:27:24-04:00,POINT (-81.045023 34.01347)
2025-08-20 23:27:28 UTC,sensor10,300372181,28.74,66.25,2025-08-20 23:27:29+00:00,34.013212,-81.044838,126.6,5.85,0.4,147.09,9.0,3D,2025-08-20 19:27:29-04:00,POINT (-81.044838 34.013212)
2025-08-20 23:27:33 UTC,sensor10,300372181,28.74,66.38,2025-08-20 23:27:34+00:00,34.013087,-81.044575,128.1,5.17,0.2,80.91,9.0,3D,2025-08-20 19:27:34-04:00,POINT (-81.044575 34.013087)
2025-08-20 23:27:38 UTC,sensor10,300372181,28.75,66.29,2025-08-20 23:27:39+00:00,34.013208,-81.044308,129.6,5.71,0.4,60.98,9.0,3D,2025-08-20 19:27:39-04:00,POINT (-81.044308 34.013208)
2025-08-20 23:27:43 UTC,sensor10,300372181,28.73,66.06,2025-08-20 23:27:44+00:00,34.013338,-81.044003,131.6,5.95,0.4,58.13,9.0,3D,2025-08-20 19:27:44-04:00,POINT (-81.044003 34.013338)
2025-08-20 23:27:48 UTC,sensor10,300372181,28.71,66.11,2025-08-20 23:27:49+00:00,34.013478,-81.043733,134.0,5.58,0.5,59.24,9.0,3D,2025-08-20 19:27:49-04:00,POINT (-81.043733 34.013478)
2025-08-20 23:27:53 UTC,sensor10,300372181,28.8,66.3,2025-08-20 23:27:54+00:00,34.013618,-81.043475,135.9,5.21,0.3,50.26,9.0,3D,2025-08-20 19:27:54-04:00,POINT (-81.043475 34.013618)
2025-08-20 23:27:58 UTC,sensor10,300372181,28.76,66.08,2025-08-20 23:27:59+00:00,34.013832,-81.0435,136.5,4.67,0.0,332.32,9.0,3D,2025-08-20 19:27:59-04:00,POINT (-81.0435 34.013832)
2025-08-20 23:28:03 UTC,sensor10,300372181,28.72,66.12,2025-08-20 23:28:04+00:00,34.014043,-81.043592,137.6,5.16,0.2,11.24,9.0,3D,2025-08-20 19:28:04-04:00,POINT (-81.043592 34.014043)
2025-08-20 23:28:08 UTC,sensor10,300372181,28.73,66.13,2025-08-20 23:28:09+00:00,34.01425,-81.043383,139.2,5.92,0.4,44.43,9.0,3D,2025-08-20 19:28:09-04:00,POINT (-81.043383 34.01425)
2025-08-20 23:28:13 UTC,sensor10,300372181,28.79,66.15,2025-08-20 23:28:14+00:00,34.014387,-81.04308,140.5,6.4,0.2,65.17,9.0,3D,2025-08-20 19:28:14-04:00,POINT (-81.04308 34.014387)
2025-08-20 23:28:18 UTC,sensor10,300372181,28.83,66.18,2025-08-20 23:28:19+00:00,34.014393,-81.042712,140.4,5.87,0.3,63.7,9.0,3D,2025-08-20 19:28:19-04:00,POINT (-81.042712 34.014393)
2025-08-20 23:28:23 UTC,sensor10,300372181,28.77,66.11,2025-08-20 23:28:24+00:00,34.014543,-81.042517,138.9,4.22,0.2,22.18,9.0,3D,2025-08-20 19:28:24-04:00,POINT (-81.042517 34.014543)
2025-08-20 23:28:28 UTC,sensor10,300372181,28.74,66.66,2025-08-20 23:28:29+00:00,34.01475,-81.042675,140.1,6.15,-0.1,322.35,9.0,3D,2025-08-20 19:28:29-04:00,POINT (-81.042675 34.01475)
2025-08-20 23:28:33 UTC,sensor10,300372181,28.75,66.73,2025-08-20 23:28:34+00:00,34.01505,-81.0429,141.3,7.94,0.2,326.73,9.0,3D,2025-08-20 19:28:34-04:00,POINT (-81.0429 34.01505)
2025-08-20 23:28:39 UTC,sensor10,300372181,28.79,66.68,2025-08-20 23:28:39+00:00,34.015518,-81.043213,137.9,10.58,-3.4,330.34,9.0,3D,2025-08-20 19:28:39-04:00,POINT (-81.043213 34.015518)
2025-08-20 23:28:44 UTC,sensor10,300372181,28.81,66.85,2025-08-20 23:28:44+00:00,34.015847,-81.043435,137.8,7.37,-0.1,332.93,9.0,3D,2025-08-20 19:28:44-04:00,POINT (-81.043435 34.015847)
2025-08-20 23:28:49 UTC,sensor10,300372181,28.89,66.96,2025-08-20 23:28:49+00:00,34.016132,-81.043632,138.0,6.98,0.1,328.91,9.0,3D,2025-08-20 19:28:49-04:00,POINT (-81.043632 34.016132)
2025-08-20 23:28:54 UTC,sensor10,300372181,28.93,66.96,2025-08-20 23:28:54+00:00,34.016383,-81.04381,133.8,5.79,-4.6,331.86,9.0,3D,2025-08-20 19:28:54-04:00,POINT (-81.04381 34.016383)
2025-08-20 23:28:59 UTC,sensor10,300372181,28.88,67.43,2025-08-20 23:28:59+00:00,34.016618,-81.04399,134.1,6.29,0.1,323.73,9.0,3D,2025-08-20 19:28:59-04:00,POINT (-81.04399 34.016618)
2025-08-20 23:29:04 UTC,sensor10,300372181,28.8,67.45,2025-08-20 23:29:05+00:00,34.016935,-81.044222,131.7,5.4,-0.1,0.0,9.0,3D,2025-08-20 19:29:05-04:00,POINT (-81.044222 34.016935)
2025-08-20 23:29:09 UTC,sensor10,300372181,28.75,67.69,2025-08-20 23:29:10+00:00,34.017188,-81.044395,132.3,6.03,0.2,0.0,9.0,3D,2025-08-20 19:29:10-04:00,POINT (-81.044395 34.017188)
2025-08-20 23:29:14 UTC,sensor10,300372181,28.74,66.77,2025-08-20 23:29:13+00:00,34.017342,-81.044518,131.0,5.8,-1.5,324.66,9.0,3D,2025-08-20 19:29:13-04:00,POINT (-81.044518 34.017342)
2025-08-20 23:29:19 UTC,sensor10,300372181,28.74,66.52,2025-08-20 23:29:18+00:00,34.017583,-81.044693,131.5,6.26,0.1,0.0,9.0,3D,2025-08-20 19:29:18-04:00,POINT (-81.044693 34.017583)
2025-08-20 23:29:24 UTC,sensor10,300372181,28.76,66.26,2025-08-20 23:29:25+00:00,34.01748,-81.045133,130.1,7.32,0.2,0.0,4.0,3D,2025-08-20 19:29:25-04:00,POINT (-81.045133 34.01748)
2025-08-20 23:29:29 UTC,sensor10,300372181,28.73,66.39,2025-08-20 23:29:30+00:00,34.017348,-81.045488,130.5,7.33,-0.6,0.0,9.0,3D,2025-08-20 19:29:30-04:00,POINT (-81.045488 34.017348)
2025-08-20 23:29:34 UTC,sensor10,300372181,28.73,66.38,2025-08-20 23:29:35+00:00,34.017263,-81.045767,128.0,4.26,0.1,0.0,9.0,3D,2025-08-20 19:29:35-04:00,POINT (-81.045767 34.017263)
2025-08-20 23:29:39 UTC,sensor10,300372181,28.71,66.38,2025-08-20 23:29:40+00:00,34.017358,-81.045973,127.0,5.32,0.1,318.8,9.0,3D,2025-08-20 19:29:40-04:00,POINT (-81.045973 34.017358)
2025-08-20 23:29:44 UTC,sensor10,300372181,28.67,66.96,2025-08-20 23:29:45+00:00,34.017628,-81.046175,124.3,7.12,-2.7,326.96,9.0,3D,2025-08-20 19:29:45-04:00,POINT (-81.046175 34.017628)
2025-08-20 23:29:49 UTC,sensor10,300372181,28.67,66.83,2025-08-20 23:29:50+00:00,34.017878,-81.046357,124.1,5.64,-0.1,330.53,9.0,3D,2025-08-20 19:29:50-04:00,POINT (-81.046357 34.017878)
2025-08-20 23:29:54 UTC,sensor10,300372181,28.65,66.76,2025-08-20 23:29:55+00:00,34.01809,-81.046505,124.1,4.83,0.1,328.3,9.0,3D,2025-08-20 19:29:55-04:00,POINT (-81.046505 34.01809)
2025-08-20 23:29:59 UTC,sensor10,300372181,28.61,66.91,2025-08-20 23:30:00+00:00,34.018298,-81.046663,118.6,4.84,-0.1,327.23,9.0,3D,2025-08-20 19:30:00-04:00,POINT (-81.046663 34.018298)
2025-08-20 23:30:04 UTC,sensor10,300372181,28.55,67.41,2025-08-20 23:30:05+00:00,34.018478,-81.046793,118.2,5.01,-0.1,332.53,9.0,3D,2025-08-20 19:30:05-04:00,POINT (-81.046793 34.018478)
2025-08-20 23:30:09 UTC,sensor10,300372181,28.53,67.73,2025-08-20 23:30:10+00:00,34.018653,-81.04693,118.0,4.97,-0.1,328.67,9.0,3D,2025-08-20 19:30:10-04:00,POINT (-81.04693 34.018653)
2025-08-20 23:30:14 UTC,sensor10,300372181,28.55,67.6,2025-08-20 23:30:15+00:00,34.018852,-81.047077,118.1,5.33,0.0,330.44,9.0,3D,2025-08-20 19:30:15-04:00,POINT (-81.047077 34.018852)
2025-08-20 23:30:19 UTC,sensor10,300372181,28.53,67.86,2025-08-20 23:30:20+00:00,34.019048,-81.04723,118.4,4.63,0.1,332.64,9.0,3D,2025-08-20 19:30:20-04:00,POINT (-81.04723 34.019048)
2025-08-20 23:30:24 UTC,sensor10,300372181,28.51,68.49,2025-08-20 23:30:25+00:00,34.01924,-81.04734,119.2,3.43,0.3,335.59,9.0,3D,2025-08-20 19:30:25-04:00,POINT (-81.04734 34.01924)
2025-08-20 23:30:29 UTC,sensor10,300372181,28.4,69.39,2025-08-20 23:30:30+00:00,34.019412,-81.04747,120.8,4.58,0.3,330.97,9.0,3D,2025-08-20 19:30:30-04:00,POINT (-81.04747 34.019412)
2025-08-20 23:30:34 UTC,sensor10,300372181,28.26,69.81,2025-08-20 23:30:35+00:00,34.019578,-81.047598,122.8,3.76,0.3,318.14,9.0,3D,2025-08-20 19:30:35-04:00,POINT (-81.047598 34.019578)
2025-08-20 23:30:39 UTC,sensor10,300372181,28.18,70.23,2025-08-20 23:30:40+00:00,34.019625,-81.047778,124.7,2.73,0.4,233.82,9.0,3D,2025-08-20 19:30:40-04:00,POINT (-81.047778 34.019625)
2025-08-20 23:30:44 UTC,sensor10,300372181,28.12,70.29,2025-08-20 23:30:45+00:00,34.019473,-81.047923,126.5,4.65,0.3,218.66,9.0,3D,2025-08-20 19:30:45-04:00,POINT (-81.047923 34.019473)
2025-08-20 23:30:49 UTC,sensor10,300372181,28.11,70.03,2025-08-20 23:30:50+00:00,34.019323,-81.048107,127.6,4.73,0.4,216.14,9.0,3D,2025-08-20 19:30:50-04:00,POINT (-81.048107 34.019323)
2025-08-20 23:30:55 UTC,sensor10,300372181,28.04,70.48,2025-08-20 23:30:55+00:00,34.019137,-81.048307,125.9,4.83,0.2,214.86,9.0,3D,2025-08-20 19:30:55-04:00,POINT (-81.048307 34.019137)
2025-08-20 23:31:00 UTC,sensor10,300372181,27.99,71.59,2025-08-20 23:31:00+00:00,34.018972,-81.048478,127.9,5.39,0.4,215.63,9.0,3D,2025-08-20 19:31:00-04:00,POINT (-81.048478 34.018972)
2025-08-20 23:31:05 UTC,sensor10,300372181,27.99,70.88,2025-08-20 23:31:06+00:00,34.018748,-81.04869,130.9,5.01,0.5,0.0,9.0,3D,2025-08-20 19:31:06-04:00,POINT (-81.04869 34.018748)
2025-08-20 23:31:10 UTC,sensor10,300372181,27.99,70.19,2025-08-20 23:31:11+00:00,34.018583,-81.048837,131.5,4.09,0.0,0.0,9.0,3D,2025-08-20 19:31:11-04:00,POINT (-81.048837 34.018583)
2025-08-20 23:31:15 UTC,sensor10,300372181,27.98,71.81,2025-08-20 23:31:13+00:00,34.018522,-81.0489,131.5,3.67,-0.3,220.29,9.0,3D,2025-08-20 19:31:13-04:00,POINT (-81.0489 34.018522)
2025-08-20 23:31:20 UTC,sensor10,300372181,27.99,72.05,2025-08-20 23:31:21+00:00,34.018308,-81.049252,0.0,4.23,0.0,292.02,9.0,3D,2025-08-20 19:31:21-04:00,POINT (-81.049252 34.018308)
2025-08-20 23:31:25 UTC,sensor10,300372181,28.0,70.77,2025-08-20 23:31:26+00:00,34.018378,-81.049453,131.8,3.99,-0.1,305.96,9.0,3D,2025-08-20 19:31:26-04:00,POINT (-81.049453 34.018378)
2025-08-20 23:31:30 UTC,sensor10,300372181,28.05,69.6,2025-08-20 23:31:31+00:00,34.018465,-81.049643,131.6,3.71,0.0,309.73,9.0,3D,2025-08-20 19:31:31-04:00,POINT (-81.049643 34.018465)
2025-08-20 23:31:35 UTC,sensor10,300372181,28.11,68.7,2025-08-20 23:31:36+00:00,34.018562,-81.049823,131.6,3.61,0.3,301.73,9.0,3D,2025-08-20 19:31:36-04:00,POINT (-81.049823 34.018562)
2025-08-20 23:31:40 UTC,sensor10,300372181,28.16,68.57,2025-08-20 23:31:41+00:00,34.018675,-81.050022,132.9,4.07,0.2,310.84,9.0,3D,2025-08-20 19:31:41-04:00,POINT (-81.050022 34.018675)
2025-08-20 23:31:45 UTC,sensor10,300372181,28.24,68.41,2025-08-20 23:31:46+00:00,34.018788,-81.05021,133.9,3.79,0.2,300.06,9.0,3D,2025-08-20 19:31:46-04:00,POINT (-81.05021 34.018788)
2025-08-20 23:31:50 UTC,sensor10,300372181,28.26,68.77,2025-08-20 23:31:51+00:00,34.018893,-81.050485,134.5,5.9,0.1,275.97,9.0,3D,2025-08-20 19:31:51-04:00,POINT (-81.050485 34.018893)
2025-08-20 23:31:55 UTC,sensor10,300372181,28.29,68.82,2025-08-20 23:31:56+00:00,34.018767,-81.050672,131.3,3.84,-0.6,215.84,9.0,3D,2025-08-20 19:31:56-04:00,POINT (-81.050672 34.018767)
2025-08-20 23:32:00 UTC,sensor10,300372181,28.34,68.68,2025-08-20 23:32:01+00:00,34.018615,-81.050845,130.9,4.9,0.4,213.93,9.0,3D,2025-08-20 19:32:01-04:00,POINT (-81.050845 34.018615)
2025-08-20 23:32:05 UTC,sensor10,300372181,28.42,68.69,2025-08-20 23:32:06+00:00,34.018368,-81.05106,128.6,6.06,-3.6,216.81,9.0,3D,2025-08-20 19:32:06-04:00,POINT (-81.05106 34.018368)
2025-08-20 23:32:10 UTC,sensor10,300372181,28.36,68.98,2025-08-20 23:32:11+00:00,34.018143,-81.051278,129.6,6.29,0.2,221.35,9.0,3D,2025-08-20 19:32:11-04:00,POINT (-81.051278 34.018143)
2025-08-20 23:32:15 UTC,sensor10,300372181,28.23,69.75,2025-08-20 23:32:16+00:00,34.017947,-81.05152,130.7,6.24,0.2,225.69,9.0,3D,2025-08-20 19:32:16-04:00,POINT (-81.05152 34.017947)
2025-08-20 23:32:20 UTC,sensor10,300372181,28.17,69.14,2025-08-20 23:32:21+00:00,34.017933,-81.051882,127.1,5.99,0.0,283.69,9.0,3D,2025-08-20 19:32:21-04:00,POINT (-81.051882 34.017933)
2025-08-20 23:32:25 UTC,sensor10,300372181,28.13,69.04,2025-08-20 23:32:26+00:00,34.01797,-81.052195,127.6,5.12,0.2,282.31,9.0,3D,2025-08-20 19:32:26-04:00,POINT (-81.052195 34.01797)
2025-08-20 23:32:30 UTC,sensor10,300372181,28.17,69.5,2025-08-20 23:32:31+00:00,34.017983,-81.052393,128.8,3.09,0.4,283.14,9.0,3D,2025-08-20 19:32:31-04:00,POINT (-81.052393 34.017983)
2025-08-20 23:32:35 UTC,sensor10,300372181,28.13,69.78,2025-08-20 23:32:36+00:00,34.018007,-81.052602,129.2,2.77,0.1,278.32,9.0,3D,2025-08-20 19:32:36-04:00,POINT (-81.052602 34.018007)
2025-08-20 23:32:40 UTC,sensor10,300372181,28.09,69.81,2025-08-20 23:32:41+00:00,34.018035,-81.052788,130.4,3.0,0.2,275.86,9.0,3D,2025-08-20 19:32:41-04:00,POINT (-81.052788 34.018035)
2025-08-20 23:32:45 UTC,sensor10,300372181,28.08,70.25,2025-08-20 23:32:46+00:00,34.018067,-81.052953,130.8,2.54,0.2,280.42,9.0,3D,2025-08-20 19:32:46-04:00,POINT (-81.052953 34.018067)
2025-08-20 23:32:50 UTC,sensor10,300372181,28.05,70.64,2025-08-20 23:32:51+00:00,34.018085,-81.053095,131.2,2.26,-0.1,253.88,9.0,3D,2025-08-20 19:32:51-04:00,POINT (-81.053095 34.018085)
2025-08-20 23:32:55 UTC,sensor10,300372181,28.05,70.97,2025-08-20 23:32:56+00:00,34.018227,-81.053177,130.9,3.63,-0.3,25.59,9.0,3D,2025-08-20 19:32:56-04:00,POINT (-81.053177 34.018227)
2025-08-20 23:33:00 UTC,sensor10,300372181,28.01,71.02,2025-08-20 23:33:01+00:00,34.01838,-81.053122,126.1,2.81,0.3,25.22,9.0,3D,2025-08-20 19:33:01-04:00,POINT (-81.053122 34.01838)
2025-08-20 23:33:06 UTC,sensor10,300372181,28.05,71.23,2025-08-20 23:33:06+00:00,34.018495,-81.053053,127.4,2.55,0.2,55.0,9.0,3D,2025-08-20 19:33:06-04:00,POINT (-81.053053 34.018495)
2025-08-20 23:33:11 UTC,sensor10,300372181,28.03,70.81,2025-08-20 23:33:12+00:00,34.018633,-81.052938,129.4,2.7,0.3,0.0,9.0,3D,2025-08-20 19:33:12-04:00,POINT (-81.052938 34.018633)
2025-08-20 23:33:16 UTC,sensor10,300372181,28.05,70.03,2025-08-20 23:33:14+00:00,34.018673,-81.05291,129.9,2.71,0.3,40.52,9.0,3D,2025-08-20 19:33:14-04:00,POINT (-81.05291 34.018673)
2025-08-20 23:33:21 UTC,sensor10,300372181,27.99,71.13,2025-08-20 23:33:19+00:00,34.018788,-81.052812,131.4,3.13,0.2,36.7,9.0,3D,2025-08-20 19:33:19-04:00,POINT (-81.052812 34.018788)
2025-08-20 23:33:26 UTC,sensor10,300372181,27.97,71.66,2025-08-20 23:33:27+00:00,34.019012,-81.05265,132.1,3.15,0.0,34.63,9.0,3D,2025-08-20 19:33:27-04:00,POINT (-81.05265 34.019012)
2025-08-20 23:33:31 UTC,sensor10,300372181,27.96,71.84,2025-08-20 23:33:32+00:00,34.019132,-81.052557,132.5,3.02,0.0,38.43,9.0,3D,2025-08-20 19:33:32-04:00,POINT (-81.052557 34.019132)
2025-08-20 23:33:46 UTC,sensor10,300372181,27.95,71.29,2025-08-20 23:33:47+00:00,34.01942,-81.05232,131.3,2.58,-0.2,50.2,9.0,3D,2025-08-20 19:33:47-04:00,POINT (-81.05232 34.01942)
2025-08-20 23:33:51 UTC,sensor10,300372181,27.93,71.34,2025-08-20 23:33:52+00:00,34.019515,-81.052235,131.3,2.52,0.1,40.41,9.0,3D,2025-08-20 19:33:52-04:00,POINT (-81.052235 34.019515)
2025-08-20 23:33:56 UTC,sensor10,300372181,27.91,71.85,2025-08-20 23:33:57+00:00,34.019625,-81.052162,131.4,2.9,0.0,27.97,9.0,3D,2025-08-20 19:33:57-04:00,POINT (-81.052162 34.019625)
2025-08-20 23:34:01 UTC,sensor10,300372181,27.87,71.66,2025-08-20 23:34:02+00:00,34.019742,-81.052063,130.7,3.05,-0.3,44.53,9.0,3D,2025-08-20 19:34:02-04:00,POINT (-81.052063 34.019742)
2025-08-20 23:34:06 UTC,sensor10,300372181,27.96,70.59,2025-08-20 23:34:07+00:00,34.019862,-81.051957,130.8,3.37,0.1,41.96,9.0,3D,2025-08-20 19:34:07-04:00,POINT (-81.051957 34.019862)
2025-08-20 23:34:11 UTC,sensor10,300372181,27.99,70.54,2025-08-20 23:34:12+00:00,34.019985,-81.051852,131.3,2.95,-0.1,35.96,9.0,3D,2025-08-20 19:34:12-04:00,POINT (-81.051852 34.019985)
2025-08-20 23:34:16 UTC,sensor10,300372181,28.07,69.66,2025-08-20 23:34:17+00:00,34.020115,-81.051753,131.5,2.9,-0.1,37.16,9.0,3D,2025-08-20 19:34:17-04:00,POINT (-81.051753 34.020115)
2025-08-20 23:34:21 UTC,sensor10,300372181,28.11,69.61,2025-08-20 23:34:22+00:00,34.02024,-81.051635,132.0,3.13,0.3,35.72,9.0,3D,2025-08-20 19:34:22-04:00,POINT (-81.051635 34.02024)
2025-08-20 23:34:26 UTC,sensor10,300372181,28.14,69.24,2025-08-20 23:34:27+00:00,34.020365,-81.051537,132.3,3.36,0.0,38.58,9.0,3D,2025-08-20 19:34:27-04:00,POINT (-81.051537 34.020365)
2025-08-20 23:34:31 UTC,sensor10,300372181,28.17,69.21,2025-08-20 23:34:32+00:00,34.020488,-81.051435,132.8,3.18,0.3,37.59,9.0,3D,2025-08-20 19:34:32-04:00,POINT (-81.051435 34.020488)
2025-08-20 23:34:36 UTC,sensor10,300372181,28.21,68.81,2025-08-20 23:34:37+00:00,34.020612,-81.051342,133.5,3.31,0.2,43.72,9.0,3D,2025-08-20 19:34:37-04:00,POINT (-81.051342 34.020612)
2025-08-20 23:34:41 UTC,sensor10,300372181,28.27,68.52,2025-08-20 23:34:42+00:00,34.020715,-81.05123,134.2,2.49,0.2,38.89,9.0,3D,2025-08-20 19:34:42-04:00,POINT (-81.05123 34.020715)
2025-08-20 23:34:46 UTC,sensor10,300372181,28.28,68.4,2025-08-20 23:34:47+00:00,34.020823,-81.051118,132.8,3.35,0.2,46.34,9.0,3D,2025-08-20 19:34:47-04:00,POINT (-81.051118 34.020823)
2025-08-20 23:34:51 UTC,sensor10,300372181,28.28,68.57,2025-08-20 23:34:52+00:00,34.020947,-81.051015,133.9,3.17,0.2,36.07,9.0,3D,2025-08-20 19:34:52-04:00,POINT (-81.051015 34.020947)
2025-08-20 23:34:56 UTC,sensor10,300372181,28.3,69.02,2025-08-20 23:34:57+00:00,34.021065,-81.05091,132.4,3.19,0.1,42.84,9.0,3D,2025-08-20 19:34:57-04:00,POINT (-81.05091 34.021065)
2025-08-20 23:35:01 UTC,sensor10,300372181,28.35,69.28,2025-08-20 23:35:02+00:00,34.02119,-81.050793,132.4,3.45,0.0,40.7,9.0,3D,2025-08-20 19:35:02-04:00,POINT (-81.050793 34.02119)
2025-08-20 23:35:06 UTC,sensor10,300372181,28.34,69.28,2025-08-20 23:35:07+00:00,34.021323,-81.050687,132.4,2.96,0.1,35.1,9.0,3D,2025-08-20 19:35:07-04:00,POINT (-81.050687 34.021323)
2025-08-20 23:35:11 UTC,sensor10,300372181,28.34,69.2,2025-08-20 23:35:12+00:00,34.021442,-81.050572,131.8,3.29,-0.1,38.39,9.0,3D,2025-08-20 19:35:12-04:00,POINT (-81.050572 34.021442)
2025-08-20 23:35:17 UTC,sensor10,300372181,28.24,69.26,2025-08-20 23:35:14+00:00,34.021502,-81.050522,132.1,3.9,0.2,36.35,9.0,3D,2025-08-20 19:35:14-04:00,POINT (-81.050522 34.021502)
2025-08-20 23:35:22 UTC,sensor10,300372181,28.24,69.02,2025-08-20 23:35:23+00:00,34.021777,-81.05029,131.6,4.44,0.1,0.0,9.0,3D,2025-08-20 19:35:23-04:00,POINT (-81.05029 34.021777)
2025-08-20 23:35:27 UTC,sensor10,300372181,28.14,69.26,2025-08-20 23:35:28+00:00,34.021917,-81.05015,131.7,4.52,0.1,0.0,9.0,3D,2025-08-20 19:35:28-04:00,POINT (-81.05015 34.021917)
2025-08-20 23:35:32 UTC,sensor10,300372181,28.1,69.79,2025-08-20 23:35:33+00:00,34.02207,-81.050015,132.5,3.21,0.1,46.45,9.0,3D,2025-08-20 19:35:33-04:00,POINT (-81.050015 34.02207)
2025-08-20 23:35:37 UTC,sensor10,300372181,28.08,70.38,2025-08-20 23:35:38+00:00,34.022223,-81.04988,133.1,3.64,0.1,29.81,9.0,3D,2025-08-20 19:35:38-04:00,POINT (-81.04988 34.022223)
2025-08-20 23:35:42 UTC,sensor10,300372181,28.09,69.79,2025-08-20 23:35:43+00:00,34.02238,-81.04975,133.5,3.56,0.1,39.52,9.0,3D,2025-08-20 19:35:43-04:00,POINT (-81.04975 34.02238)
2025-08-20 23:35:47 UTC,sensor10,300372181,28.07,69.38,2025-08-20 23:35:48+00:00,34.022548,-81.049598,130.4,3.86,-1.7,35.38,9.0,3D,2025-08-20 19:35:48-04:00,POINT (-81.049598 34.022548)
2025-08-20 23:35:52 UTC,sensor10,300372181,28.08,69.16,2025-08-20 23:35:53+00:00,34.022727,-81.049452,130.7,4.48,0.0,39.28,9.0,3D,2025-08-20 19:35:53-04:00,POINT (-81.049452 34.022727)
2025-08-20 23:35:57 UTC,sensor10,300372181,28.11,69.57,2025-08-20 23:35:58+00:00,34.022905,-81.049298,129.7,4.27,0.0,36.19,9.0,3D,2025-08-20 19:35:58-04:00,POINT (-81.049298 34.022905)
2025-08-20 23:36:02 UTC,sensor10,300372181,28.13,69.91,2025-08-20 23:36:03+00:00,34.02298,-81.049092,125.1,3.65,-1.8,130.54,9.0,3D,2025-08-20 19:36:03-04:00,POINT (-81.049092 34.02298)
2025-08-20 23:36:07 UTC,sensor10,300372181,28.07,70.56,2025-08-20 23:36:08+00:00,34.022818,-81.048887,122.2,5.09,-0.2,125.5,9.0,3D,2025-08-20 19:36:08-04:00,POINT (-81.048887 34.022818)
2025-08-20 23:36:12 UTC,sensor10,300372181,28.03,70.66,2025-08-20 23:36:13+00:00,34.022667,-81.048643,121.2,5.41,-0.1,131.82,9.0,3D,2025-08-20 19:36:13-04:00,POINT (-81.048643 34.022667)
2025-08-20 23:36:17 UTC,sensor10,300372181,28.05,70.37,2025-08-20 23:36:18+00:00,34.022555,-81.048443,120.9,4.0,0.0,125.88,9.0,3D,2025-08-20 19:36:18-04:00,POINT (-81.048443 34.022555)
2025-08-20 23:36:22 UTC,sensor10,300372181,28.09,69.48,2025-08-20 23:36:23+00:00,34.022433,-81.048243,119.9,3.68,-0.1,138.61,9.0,3D,2025-08-20 19:36:23-04:00,POINT (-81.048243 34.022433)
2025-08-20 23:36:27 UTC,sensor10,300372181,28.11,69.68,2025-08-20 23:36:28+00:00,34.02228,-81.048057,117.0,4.2,-0.3,130.48,9.0,3D,2025-08-20 19:36:28-04:00,POINT (-81.048057 34.02228)
2025-08-20 23:36:32 UTC,sensor10,300372181,28.15,68.96,2025-08-20 23:36:33+00:00,34.02216,-81.047858,115.3,3.51,-0.4,123.14,9.0,3D,2025-08-20 19:36:33-04:00,POINT (-81.047858 34.02216)
2025-08-20 23:36:37 UTC,sensor10,300372181,28.19,68.59,2025-08-20 23:36:38+00:00,34.02205,-81.04766,113.1,4.54,-0.4,132.89,9.0,3D,2025-08-20 19:36:38-04:00,POINT (-81.04766 34.02205)
2025-08-20 23:36:42 UTC,sensor10,300372181,28.26,68.26,2025-08-20 23:36:43+00:00,34.021928,-81.047452,111.1,5.61,-0.4,128.6,9.0,3D,2025-08-20 19:36:43-04:00,POINT (-81.047452 34.021928)
2025-08-20 23:36:47 UTC,sensor10,300372181,28.26,68.13,2025-08-20 23:36:48+00:00,34.021782,-81.04721,107.6,5.24,-0.7,127.86,9.0,3D,2025-08-20 19:36:48-04:00,POINT (-81.04721 34.021782)
2025-08-20 23:36:52 UTC,sensor10,300372181,28.27,67.86,2025-08-20 23:36:53+00:00,34.021657,-81.04699,105.7,4.58,-0.4,120.85,9.0,3D,2025-08-20 19:36:53-04:00,POINT (-81.04699 34.021657)
2025-08-20 23:36:57 UTC,sensor10,300372181,28.25,68.46,2025-08-20 23:36:58+00:00,34.021523,-81.046783,103.6,3.95,-0.4,122.13,9.0,3D,2025-08-20 19:36:58-04:00,POINT (-81.046783 34.021523)
2025-08-20 23:37:02 UTC,sensor10,300372181,28.3,68.31,2025-08-20 23:37:03+00:00,34.021467,-81.04655,101.5,4.97,-0.3,76.13,9.0,3D,2025-08-20 19:37:03-04:00,POINT (-81.04655 34.021467)
2025-08-20 23:37:07 UTC,sensor10,300372181,28.32,68.01,2025-08-20 23:37:08+00:00,34.021643,-81.046375,99.8,5.25,-0.3,29.86,9.0,3D,2025-08-20 19:37:08-04:00,POINT (-81.046375 34.021643)
2025-08-20 23:37:12 UTC,sensor10,300372181,28.31,67.66,2025-08-20 23:37:13+00:00,34.02186,-81.04622,96.6,5.68,-0.3,24.12,9.0,3D,2025-08-20 19:37:13-04:00,POINT (-81.04622 34.02186)
2025-08-20 23:37:17 UTC,sensor10,300372181,28.32,67.47,2025-08-20 23:37:14+00:00,34.021908,-81.046193,96.3,5.67,-0.3,19.51,9.0,3D,2025-08-20 19:37:14-04:00,POINT (-81.046193 34.021908)
2025-08-20 23:37:22 UTC,sensor10,300372181,28.36,67.43,2025-08-20 23:37:24+00:00,34.022325,-81.045935,93.0,5.21,-0.3,0.0,9.0,3D,2025-08-20 19:37:24-04:00,POINT (-81.045935 34.022325)
2025-08-20 23:37:28 UTC,sensor10,300372181,28.44,67.51,2025-08-20 23:37:29+00:00,34.022513,-81.04592,90.9,4.7,-0.5,0.0,9.0,3D,2025-08-20 19:37:29-04:00,POINT (-81.04592 34.022513)
2025-08-20 23:37:33 UTC,sensor10,300372181,28.53,67.32,2025-08-20 23:37:34+00:00,34.022683,-81.046097,89.5,4.67,-0.3,309.14,9.0,3D,2025-08-20 19:37:34-04:00,POINT (-81.046097 34.022683)
2025-08-20 23:37:38 UTC,sensor10,300372181,28.57,67.14,2025-08-20 23:37:39+00:00,34.022828,-81.04633,87.4,5.65,-0.5,307.25,9.0,3D,2025-08-20 19:37:39-04:00,POINT (-81.04633 34.022828)
2025-08-20 23:37:43 UTC,sensor10,300372181,28.58,67.22,2025-08-20 23:37:44+00:00,34.022992,-81.046575,85.4,5.13,-0.3,303.92,9.0,3D,2025-08-20 19:37:44-04:00,POINT (-81.046575 34.022992)
2025-08-20 23:37:48 UTC,sensor10,300372181,28.54,67.46,2025-08-20 23:37:49+00:00,34.02312,-81.046798,83.0,5.23,-0.5,303.07,9.0,3D,2025-08-20 19:37:49-04:00,POINT (-81.046798 34.02312)
2025-08-20 23:37:53 UTC,sensor10,300372181,28.44,67.78,2025-08-20 23:37:54+00:00,34.023267,-81.047028,81.1,4.18,-0.4,299.52,9.0,3D,2025-08-20 19:37:54-04:00,POINT (-81.047028 34.023267)
2025-08-20 23:37:58 UTC,sensor10,300372181,28.51,67.97,2025-08-20 23:37:59+00:00,34.02339,-81.047258,78.9,4.72,-0.5,294.43,9.0,3D,2025-08-20 19:37:59-04:00,POINT (-81.047258 34.02339)
2025-08-20 23:38:03 UTC,sensor10,300372181,28.48,67.53,2025-08-20 23:38:04+00:00,34.023532,-81.047503,76.7,4.97,-0.4,303.07,9.0,3D,2025-08-20 19:38:04-04:00,POINT (-81.047503 34.023532)
2025-08-20 23:38:08 UTC,sensor10,300372181,28.43,67.38,2025-08-20 23:38:09+00:00,34.023693,-81.047738,75.0,5.93,-0.3,310.91,9.0,3D,2025-08-20 19:38:09-04:00,POINT (-81.047738 34.023693)
2025-08-20 23:38:13 UTC,sensor10,300372181,28.43,67.22,2025-08-20 23:38:14+00:00,34.023852,-81.047987,74.2,5.07,-0.2,303.67,9.0,3D,2025-08-20 19:38:14-04:00,POINT (-81.047987 34.023852)
2025-08-20 23:38:18 UTC,sensor10,300372181,28.44,67.44,2025-08-20 23:38:19+00:00,34.024018,-81.048237,73.6,6.2,0.0,309.2,9.0,3D,2025-08-20 19:38:19-04:00,POINT (-81.048237 34.024018)
2025-08-20 23:38:23 UTC,sensor10,300372181,28.43,67.29,2025-08-20 23:38:24+00:00,34.024182,-81.048485,73.4,5.67,0.0,305.06,9.0,3D,2025-08-20 19:38:24-04:00,POINT (-81.048485 34.024182)
2025-08-20 23:38:28 UTC,sensor10,300372181,28.38,67.52,2025-08-20 23:38:29+00:00,34.024332,-81.048732,73.7,5.83,0.1,306.32,9.0,3D,2025-08-20 19:38:29-04:00,POINT (-81.048732 34.024332)
2025-08-20 23:38:33 UTC,sensor10,300372181,28.42,67.79,2025-08-20 23:38:34+00:00,34.024488,-81.04899,74.3,5.83,0.2,306.3,9.0,3D,2025-08-20 19:38:34-04:00,POINT (-81.04899 34.024488)
2025-08-20 23:38:38 UTC,sensor10,300372181,28.34,67.98,2025-08-20 23:38:39+00:00,34.024645,-81.049238,75.1,5.87,0.2,306.19,9.0,3D,2025-08-20 19:38:39-04:00,POINT (-81.049238 34.024645)
2025-08-20 23:38:43 UTC,sensor10,300372181,28.4,68.25,2025-08-20 23:38:44+00:00,34.024793,-81.049492,76.5,5.87,0.2,304.38,9.0,3D,2025-08-20 19:38:44-04:00,POINT (-81.049492 34.024793)
2025-08-20 23:38:48 UTC,sensor10,300372181,28.4,68.49,2025-08-20 23:38:49+00:00,34.024963,-81.049757,78.2,6.03,0.4,305.76,9.0,3D,2025-08-20 19:38:49-04:00,POINT (-81.049757 34.024963)
2025-08-20 23:38:53 UTC,sensor10,300372181,28.35,68.15,2025-08-20 23:38:54+00:00,34.025112,-81.050023,79.9,6.0,0.3,305.09,9.0,3D,2025-08-20 19:38:54-04:00,POINT (-81.050023 34.025112)
2025-08-20 23:38:58 UTC,sensor10,300372181,28.3,68.46,2025-08-20 23:38:59+00:00,34.025275,-81.050283,81.8,5.83,0.4,303.65,9.0,3D,2025-08-20 19:38:59-04:00,POINT (-81.050283 34.025275)
2025-08-20 23:39:03 UTC,sensor10,300372181,28.28,68.5,2025-08-20 23:39:04+00:00,34.025432,-81.050547,83.4,5.88,0.4,304.14,9.0,3D,2025-08-20 19:39:04-04:00,POINT (-81.050547 34.025432)
2025-08-20 23:39:08 UTC,sensor10,300372181,28.33,69.27,2025-08-20 23:39:09+00:00,34.025578,-81.050808,85.2,5.63,0.4,303.39,9.0,3D,2025-08-20 19:39:09-04:00,POINT (-81.050808 34.025578)
2025-08-20 23:39:13 UTC,sensor10,300372181,28.23,69.46,2025-08-20 23:39:14+00:00,34.02576,-81.05108,87.0,6.08,0.4,304.64,9.0,3D,2025-08-20 19:39:14-04:00,POINT (-81.05108 34.02576)
2025-08-20 23:39:18 UTC,sensor10,300372181,28.24,69.87,2025-08-20 23:39:17+00:00,34.025855,-81.051242,88.0,6.09,0.33,0.0,9.0,3D,2025-08-20 19:39:17-04:00,POINT (-81.051242 34.025855)
2025-08-20 23:39:23 UTC,sensor10,300372181,28.26,69.51,2025-08-20 23:39:25+00:00,34.026092,-81.051657,90.5,5.52,0.3,0.0,9.0,3D,2025-08-20 19:39:25-04:00,POINT (-81.051657 34.026092)
2025-08-20 23:39:29 UTC,sensor10,300372181,28.21,69.56,2025-08-20 23:39:30+00:00,34.026255,-81.051918,92.1,6.16,0.3,0.0,4.0,3D,2025-08-20 19:39:30-04:00,POINT (-81.051918 34.026255)
2025-08-20 23:39:34 UTC,sensor10,300372181,28.21,69.24,2025-08-20 23:39:35+00:00,34.026417,-81.052178,93.6,6.05,0.2,0.0,4.0,3D,2025-08-20 19:39:35-04:00,POINT (-81.052178 34.026417)
2025-08-20 23:39:39 UTC,sensor10,300372181,28.21,68.59,2025-08-20 23:39:40+00:00,34.026582,-81.052438,95.0,6.27,0.2,0.0,9.0,3D,2025-08-20 19:39:40-04:00,POINT (-81.052438 34.026582)
2025-08-20 23:39:44 UTC,sensor10,300372181,28.11,70.17,2025-08-20 23:39:45+00:00,34.026755,-81.05269,96.5,6.15,0.3,0.0,9.0,3D,2025-08-20 19:39:45-04:00,POINT (-81.05269 34.026755)
2025-08-20 23:39:49 UTC,sensor10,300372181,28.08,70.32,2025-08-20 23:39:50+00:00,34.026938,-81.052948,98.1,5.9,0.3,309.94,9.0,3D,2025-08-20 19:39:50-04:00,POINT (-81.052948 34.026938)
2025-08-20 23:39:54 UTC,sensor10,300372181,28.16,70.51,2025-08-20 23:39:55+00:00,34.027122,-81.053193,99.5,5.87,0.3,313.62,9.0,3D,2025-08-20 19:39:55-04:00,POINT (-81.053193 34.027122)
2025-08-20 23:39:59 UTC,sensor10,300372181,28.03,70.73,2025-08-20 23:40:00+00:00,34.027307,-81.053427,100.7,6.11,0.3,315.38,9.0,3D,2025-08-20 19:40:00-04:00,POINT (-81.053427 34.027307)
2025-08-20 23:40:04 UTC,sensor10,300372181,27.94,70.76,2025-08-20 23:40:05+00:00,34.027493,-81.05366,102.2,5.77,0.3,312.85,9.0,3D,2025-08-20 19:40:05-04:00,POINT (-81.05366 34.027493)
2025-08-20 23:40:09 UTC,sensor10,300372181,27.97,70.45,2025-08-20 23:40:10+00:00,34.027673,-81.053868,103.6,5.9,0.3,319.89,9.0,3D,2025-08-20 19:40:10-04:00,POINT (-81.053868 34.027673)
2025-08-20 23:40:14 UTC,sensor10,300372181,28.05,69.85,2025-08-20 23:40:15+00:00,34.027875,-81.05409,102.5,5.53,0.3,321.86,9.0,3D,2025-08-20 19:40:15-04:00,POINT (-81.05409 34.027875)
2025-08-20 23:40:19 UTC,sensor10,300372181,28.06,69.3,2025-08-20 23:40:20+00:00,34.028003,-81.054302,100.0,3.34,0.0,265.7,9.0,3D,2025-08-20 19:40:20-04:00,POINT (-81.054302 34.028003)
2025-08-20 23:40:24 UTC,sensor10,300372181,28.05,69.23,2025-08-20 23:40:25+00:00,34.027897,-81.054277,97.7,3.23,0.1,130.59,9.0,3D,2025-08-20 19:40:25-04:00,POINT (-81.054277 34.027897)
2025-08-20 23:40:29 UTC,sensor10,300372181,28.08,69.49,2025-08-20 23:40:30+00:00,34.02774,-81.05409,97.4,3.88,0.2,129.76,9.0,3D,2025-08-20 19:40:30-04:00,POINT (-81.05409 34.02774)
2025-08-20 23:40:34 UTC,sensor10,300372181,28.05,69.67,2025-08-20 23:40:35+00:00,34.027592,-81.053902,98.8,4.73,0.3,134.05,9.0,3D,2025-08-20 19:40:35-04:00,POINT (-81.053902 34.027592)
2025-08-20 23:40:39 UTC,sensor10,300372181,28.03,70.06,2025-08-20 23:40:40+00:00,34.02743,-81.053692,100.6,5.51,0.3,133.03,9.0,3D,2025-08-20 19:40:40-04:00,POINT (-81.053692 34.02743)
2025-08-20 23:40:44 UTC,sensor10,300372181,27.96,70.55,2025-08-20 23:40:45+00:00,34.027248,-81.053487,102.3,4.8,0.3,135.22,9.0,3D,2025-08-20 19:40:45-04:00,POINT (-81.053487 34.027248)
2025-08-20 23:40:49 UTC,sensor10,300372181,27.96,70.14,2025-08-20 23:40:50+00:00,34.027065,-81.05327,103.7,5.29,0.3,135.4,9.0,3D,2025-08-20 19:40:50-04:00,POINT (-81.05327 34.027065)
2025-08-20 23:40:54 UTC,sensor10,300372181,27.96,69.81,2025-08-20 23:40:55+00:00,34.026898,-81.053055,105.6,5.54,0.4,132.47,9.0,3D,2025-08-20 19:40:55-04:00,POINT (-81.053055 34.026898)
2025-08-20 23:40:59 UTC,sensor10,300372181,27.97,70.35,2025-08-20 23:41:00+00:00,34.026738,-81.052837,107.5,5.32,0.4,132.61,9.0,3D,2025-08-20 19:41:00-04:00,POINT (-81.052837 34.026738)
2025-08-20 23:41:04 UTC,sensor10,300372181,27.99,70.67,2025-08-20 23:41:05+00:00,34.026597,-81.052623,109.4,4.82,0.4,133.87,9.0,3D,2025-08-20 19:41:05-04:00,POINT (-81.052623 34.026597)
2025-08-20 23:41:09 UTC,sensor10,300372181,28.04,69.98,2025-08-20 23:41:10+00:00,34.026458,-81.052405,111.3,5.11,0.4,130.08,9.0,3D,2025-08-20 19:41:10-04:00,POINT (-81.052405 34.026458)
2025-08-20 23:41:14 UTC,sensor10,300372181,28.06,69.38,2025-08-20 23:41:15+00:00,34.026313,-81.052185,113.2,4.86,0.3,126.47,9.0,3D,2025-08-20 19:41:15-04:00,POINT (-81.052185 34.026313)
2025-08-20 23:41:19 UTC,sensor10,300372181,28.08,69.51,2025-08-20 23:41:15+00:00,34.026313,-81.052185,113.2,4.86,0.3,126.47,9.0,3D,2025-08-20 19:41:15-04:00,POINT (-81.052185 34.026313)
2025-08-20 23:41:24 UTC,sensor10,300372181,28.08,69.87,2025-08-20 23:41:26+00:00,34.025967,-81.051665,114.6,5.21,0.3,0.0,9.0,3D,2025-08-20 19:41:26-04:00,POINT (-81.051665 34.025967)
2025-08-20 23:41:29 UTC,sensor10,300372181,28.16,69.97,2025-08-20 23:41:31+00:00,34.025805,-81.051432,116.5,5.54,0.3,128.95,9.0,3D,2025-08-20 19:41:31-04:00,POINT (-81.051432 34.025805)
2025-08-20 23:41:34 UTC,sensor10,300372181,28.19,70.09,2025-08-20 23:41:36+00:00,34.025653,-81.051192,116.8,5.54,-1.0,126.06,9.0,3D,2025-08-20 19:41:36-04:00,POINT (-81.051192 34.025653)
2025-08-20 23:41:40 UTC,sensor10,300372181,28.19,70.05,2025-08-20 23:41:41+00:00,34.025507,-81.050953,118.4,5.2,0.3,127.74,9.0,3D,2025-08-20 19:41:41-04:00,POINT (-81.050953 34.025507)
2025-08-20 23:41:45 UTC,sensor10,300372181,28.21,69.59,2025-08-20 23:41:46+00:00,34.025362,-81.050708,120.2,5.14,0.4,124.95,10.0,3D,2025-08-20 19:41:46-04:00,POINT (-81.050708 34.025362)
2025-08-20 23:41:50 UTC,sensor10,300372181,28.27,69.37,2025-08-20 23:41:51+00:00,34.02522,-81.05046,122.1,5.13,0.3,129.74,10.0,3D,2025-08-20 19:41:51-04:00,POINT (-81.05046 34.02522)
2025-08-20 23:41:55 UTC,sensor10,300372181,28.28,69.08,2025-08-20 23:41:56+00:00,34.025042,-81.05018,122.3,5.97,0.2,126.0,10.0,3D,2025-08-20 19:41:56-04:00,POINT (-81.05018 34.025042)
2025-08-20 23:42:00 UTC,sensor10,300372181,28.27,68.98,2025-08-20 23:42:01+00:00,34.024918,-81.049925,121.6,5.33,0.1,127.35,10.0,3D,2025-08-20 19:42:01-04:00,POINT (-81.049925 34.024918)
2025-08-20 23:42:05 UTC,sensor10,300372181,28.22,68.9,2025-08-20 23:42:06+00:00,34.024767,-81.049687,121.8,5.72,-0.1,125.49,10.0,3D,2025-08-20 19:42:06-04:00,POINT (-81.049687 34.024767)
2025-08-20 23:42:10 UTC,sensor10,300372181,28.21,68.88,2025-08-20 23:42:11+00:00,34.02462,-81.049463,122.0,5.0,0.1,132.64,10.0,3D,2025-08-20 19:42:11-04:00,POINT (-81.049463 34.02462)
2025-08-20 23:42:15 UTC,sensor10,300372181,28.23,69.12,2025-08-20 23:42:16+00:00,34.024472,-81.049225,122.0,5.57,-0.1,125.35,10.0,3D,2025-08-20 19:42:16-04:00,POINT (-81.049225 34.024472)
2025-08-20 23:42:20 UTC,sensor10,300372181,28.22,68.84,2025-08-20 23:42:21+00:00,34.02432,-81.048973,122.1,5.57,0.1,127.42,10.0,3D,2025-08-20 19:42:21-04:00,POINT (-81.048973 34.02432)
2025-08-20 23:42:25 UTC,sensor10,300372181,28.24,68.66,2025-08-20 23:42:26+00:00,34.024172,-81.048725,122.7,5.79,0.2,125.1,10.0,3D,2025-08-20 19:42:26-04:00,POINT (-81.048725 34.024172)
2025-08-20 23:42:30 UTC,sensor10,300372181,28.26,68.76,2025-08-20 23:42:31+00:00,34.024002,-81.048472,120.4,5.75,0.2,126.83,10.0,3D,2025-08-20 19:42:31-04:00,POINT (-81.048472 34.024002)
2025-08-20 23:42:35 UTC,sensor10,300372181,28.3,68.22,2025-08-20 23:42:36+00:00,34.023877,-81.048252,119.8,5.09,0.1,125.98,10.0,3D,2025-08-20 19:42:36-04:00,POINT (-81.048252 34.023877)
2025-08-20 23:42:40 UTC,sensor10,300372181,28.32,67.78,2025-08-20 23:42:41+00:00,34.023755,-81.048028,120.6,4.29,0.2,121.18,10.0,3D,2025-08-20 19:42:41-04:00,POINT (-81.048028 34.023755)
2025-08-20 23:42:45 UTC,sensor10,300372181,28.28,67.76,2025-08-20 23:42:46+00:00,34.023613,-81.04779,121.4,5.22,0.1,124.93,10.0,3D,2025-08-20 19:42:46-04:00,POINT (-81.04779 34.023613)
2025-08-20 23:42:50 UTC,sensor10,300372181,28.3,68.44,2025-08-20 23:42:51+00:00,34.023418,-81.047502,121.0,5.53,0.2,129.15,10.0,3D,2025-08-20 19:42:51-04:00,POINT (-81.047502 34.023418)
2025-08-20 23:42:55 UTC,sensor10,300372181,28.36,68.4,2025-08-20 23:42:56+00:00,34.023258,-81.047242,120.7,5.01,0.1,125.55,10.0,3D,2025-08-20 19:42:56-04:00,POINT (-81.047242 34.023258)
2025-08-20 23:43:00 UTC,sensor10,300372181,28.4,68.15,2025-08-20 23:43:01+00:00,34.023113,-81.047003,121.1,5.69,0.0,123.88,10.0,3D,2025-08-20 19:43:01-04:00,POINT (-81.047003 34.023113)
2025-08-20 23:43:05 UTC,sensor10,300372181,28.39,67.95,2025-08-20 23:43:06+00:00,34.022947,-81.046767,119.1,5.62,-1.1,125.79,10.0,3D,2025-08-20 19:43:06-04:00,POINT (-81.046767 34.022947)
2025-08-20 23:43:10 UTC,sensor10,300372181,28.38,68.2,2025-08-20 23:43:11+00:00,34.022793,-81.046517,117.8,5.61,0.0,124.22,10.0,3D,2025-08-20 19:43:11-04:00,POINT (-81.046517 34.022793)
2025-08-20 23:43:15 UTC,sensor10,300372181,28.46,67.83,2025-08-20 23:43:15+00:00,34.022725,-81.046292,116.5,4.92,0.1,123.28,10.0,3D,2025-08-20 19:43:15-04:00,POINT (-81.046292 34.022725)
2025-08-20 23:43:20 UTC,sensor10,300372181,28.49,67.44,2025-08-20 23:43:19+00:00,34.022563,-81.046083,113.7,6.3,-0.7,125.33,10.0,3D,2025-08-20 19:43:19-04:00,POINT (-81.046083 34.022563)
2025-08-20 23:43:25 UTC,sensor10,300372181,28.48,67.15,2025-08-20 23:43:27+00:00,34.02232,-81.045673,111.9,5.23,-0.2,0.0,10.0,3D,2025-08-20 19:43:27-04:00,POINT (-81.045673 34.02232)
2025-08-20 23:43:30 UTC,sensor10,300372181,28.56,67.1,2025-08-20 23:43:32+00:00,34.022183,-81.045435,111.9,5.36,0.0,0.0,10.0,3D,2025-08-20 19:43:32-04:00,POINT (-81.045435 34.022183)
2025-08-20 23:43:35 UTC,sensor10,300372181,28.51,67.14,2025-08-20 23:43:37+00:00,34.022055,-81.045187,111.7,5.23,-0.1,0.0,10.0,3D,2025-08-20 19:43:37-04:00,POINT (-81.045187 34.022055)
2025-08-20 23:43:40 UTC,sensor10,300372181,28.47,67.22,2025-08-20 23:43:42+00:00,34.02192,-81.044958,111.3,4.33,-0.1,123.45,10.0,3D,2025-08-20 19:43:42-04:00,POINT (-81.044958 34.02192)
2025-08-20 23:43:45 UTC,sensor10,300372181,28.46,67.32,2025-08-20 23:43:47+00:00,34.021773,-81.044717,110.9,6.04,-0.1,126.13,10.0,3D,2025-08-20 19:43:47-04:00,POINT (-81.044717 34.021773)
2025-08-20 23:43:51 UTC,sensor10,300372181,28.43,67.79,2025-08-20 23:43:52+00:00,34.021612,-81.044432,110.1,6.37,-0.2,124.16,10.0,3D,2025-08-20 19:43:52-04:00,POINT (-81.044432 34.021612)
2025-08-20 23:43:56 UTC,sensor10,300372181,28.45,67.91,2025-08-20 23:43:57+00:00,34.021447,-81.044163,108.5,5.74,-0.2,128.46,10.0,3D,2025-08-20 19:43:57-04:00,POINT (-81.044163 34.021447)
2025-08-20 23:44:01 UTC,sensor10,300372181,28.49,67.5,2025-08-20 23:44:02+00:00,34.021307,-81.043898,107.9,5.77,-0.1,125.9,10.0,3D,2025-08-20 19:44:02-04:00,POINT (-81.043898 34.021307)
2025-08-20 23:44:06 UTC,sensor10,300372181,28.52,67.23,2025-08-20 23:44:07+00:00,34.02114,-81.043632,107.3,5.42,-0.2,124.99,10.0,3D,2025-08-20 19:44:07-04:00,POINT (-81.043632 34.02114)
2025-08-20 23:44:11 UTC,sensor10,300372181,28.59,67.18,2025-08-20 23:44:12+00:00,34.020978,-81.043387,106.5,5.5,-0.2,126.92,10.0,3D,2025-08-20 19:44:12-04:00,POINT (-81.043387 34.020978)
2025-08-20 23:44:16 UTC,sensor10,300372181,28.65,67.12,2025-08-20 23:44:17+00:00,34.020813,-81.043128,106.0,5.34,-0.1,124.89,10.0,3D,2025-08-20 19:44:17-04:00,POINT (-81.043128 34.020813)
2025-08-20 23:44:21 UTC,sensor10,300372181,28.72,66.95,2025-08-20 23:44:22+00:00,34.020672,-81.04288,105.1,5.71,-0.2,120.98,10.0,3D,2025-08-20 19:44:22-04:00,POINT (-81.04288 34.020672)
2025-08-20 23:44:26 UTC,sensor10,300372181,28.72,66.76,2025-08-20 23:44:27+00:00,34.020528,-81.042632,103.9,5.27,-0.2,128.07,10.0,3D,2025-08-20 19:44:27-04:00,POINT (-81.042632 34.020528)
2025-08-20 23:44:31 UTC,sensor10,300372181,28.71,66.74,2025-08-20 23:44:32+00:00,34.020407,-81.04242,103.0,5.08,-0.1,125.62,10.0,3D,2025-08-20 19:44:32-04:00,POINT (-81.04242 34.020407)
2025-08-20 23:44:36 UTC,sensor10,300372181,28.67,66.72,2025-08-20 23:44:37+00:00,34.020323,-81.042275,102.4,2.49,-0.2,131.24,10.0,3D,2025-08-20 19:44:37-04:00,POINT (-81.042275 34.020323)
2025-08-20 23:44:46 UTC,sensor10,300372181,28.67,66.82,2025-08-20 23:44:47+00:00,34.020185,-81.042095,100.9,2.57,-0.2,165.18,10.0,3D,2025-08-20 19:44:47-04:00,POINT (-81.042095 34.020185)
2025-08-20 23:44:51 UTC,sensor10,300372181,28.71,67.09,2025-08-20 23:44:52+00:00,34.020085,-81.042017,99.9,2.87,-0.2,153.56,10.0,3D,2025-08-20 19:44:52-04:00,POINT (-81.042017 34.020085)
2025-08-20 23:44:56 UTC,sensor10,300372181,28.81,66.59,2025-08-20 23:44:57+00:00,34.020075,-81.041835,99.4,4.64,0.0,58.15,10.0,3D,2025-08-20 19:44:57-04:00,POINT (-81.041835 34.020075)
2025-08-20 23:45:01 UTC,sensor10,300372181,28.81,66.47,2025-08-20 23:45:02+00:00,34.020172,-81.041605,99.1,4.77,-0.2,66.45,10.0,3D,2025-08-20 19:45:02-04:00,POINT (-81.041605 34.020172)
2025-08-20 23:45:06 UTC,sensor10,300372181,28.71,66.56,2025-08-20 23:45:07+00:00,34.020233,-81.041365,98.4,4.32,-0.1,71.21,10.0,3D,2025-08-20 19:45:07-04:00,POINT (-81.041365 34.020233)
2025-08-20 23:45:11 UTC,sensor10,300372181,28.63,66.89,2025-08-20 23:45:12+00:00,34.0203,-81.041137,97.9,4.14,-0.1,66.35,10.0,3D,2025-08-20 19:45:12-04:00,POINT (-81.041137 34.0203)
2025-08-20 23:45:16 UTC,sensor10,300372181,28.63,67.3,2025-08-20 23:45:16+00:00,34.020333,-81.040985,97.7,2.38,0.0,70.69,10.0,3D,2025-08-20 19:45:16-04:00,POINT (-81.040985 34.020333)
2025-08-20 23:45:21 UTC,sensor10,300372181,28.58,67.48,2025-08-20 23:45:23+00:00,34.020433,-81.040778,97.9,3.15,0.03,0.0,10.0,3D,2025-08-20 19:45:23-04:00,POINT (-81.040778 34.020433)
2025-08-20 23:45:26 UTC,sensor10,300372181,28.45,68.13,2025-08-20 23:45:28+00:00,34.020558,-81.040587,98.4,4.86,0.0,0.0,10.0,3D,2025-08-20 19:45:28-04:00,POINT (-81.040587 34.020558)
2025-08-20 23:45:31 UTC,sensor10,300372181,28.39,68.64,2025-08-20 23:45:33+00:00,34.020572,-81.040313,97.8,4.28,0.0,0.0,10.0,3D,2025-08-20 19:45:33-04:00,POINT (-81.040313 34.020572)
2025-08-20 23:45:36 UTC,sensor10,300372181,28.34,67.83,2025-08-20 23:45:38+00:00,34.020683,-81.040095,98.2,4.34,0.1,57.65,10.0,3D,2025-08-20 19:45:38-04:00,POINT (-81.040095 34.020683)
2025-08-20 23:45:41 UTC,sensor10,300372181,28.27,68.35,2025-08-20 23:45:43+00:00,34.020632,-81.039905,98.7,4.27,0.0,148.58,10.0,3D,2025-08-20 19:45:43-04:00,POINT (-81.039905 34.020632)
2025-08-20 23:45:46 UTC,sensor10,300372181,28.28,68.38,2025-08-20 23:45:48+00:00,34.02045,-81.039735,99.1,4.62,0.2,154.12,10.0,3D,2025-08-20 19:45:48-04:00,POINT (-81.039735 34.02045)
2025-08-20 23:45:51 UTC,sensor10,300372181,28.28,68.1,2025-08-20 23:45:53+00:00,34.02026,-81.039593,99.4,4.64,-0.1,149.71,10.0,3D,2025-08-20 19:45:53-04:00,POINT (-81.039593 34.02026)
2025-08-20 23:45:56 UTC,sensor10,300372181,28.22,68.46,2025-08-20 23:45:58+00:00,34.020062,-81.03946,99.9,4.82,0.2,153.7,10.0,3D,2025-08-20 19:45:58-04:00,POINT (-81.03946 34.020062)
2025-08-20 23:46:02 UTC,sensor10,300372181,28.25,68.65,2025-08-20 23:46:03+00:00,34.019875,-81.03932,100.8,4.11,0.2,156.28,10.0,3D,2025-08-20 19:46:03-04:00,POINT (-81.03932 34.019875)
2025-08-20 23:46:07 UTC,sensor10,300372181,28.25,68.28,2025-08-20 23:46:08+00:00,34.019705,-81.039202,101.9,4.37,0.2,152.23,10.0,3D,2025-08-20 19:46:08-04:00,POINT (-81.039202 34.019705)
2025-08-20 23:46:12 UTC,sensor10,300372181,28.27,68.1,2025-08-20 23:46:13+00:00,34.019372,-81.038977,101.7,7.66,-0.3,145.1,10.0,3D,2025-08-20 19:46:13-04:00,POINT (-81.038977 34.019372)
2025-08-20 23:46:17 UTC,sensor10,300372181,28.28,67.91,2025-08-20 23:46:18+00:00,34.019028,-81.038732,101.8,8.26,-0.1,151.54,10.0,3D,2025-08-20 19:46:18-04:00,POINT (-81.038732 34.019028)
2025-08-20 23:46:22 UTC,sensor10,300372181,28.35,67.96,2025-08-20 23:46:23+00:00,34.018658,-81.038498,101.8,7.9,0.0,151.61,10.0,3D,2025-08-20 19:46:23-04:00,POINT (-81.038498 34.018658)
2025-08-20 23:46:27 UTC,sensor10,300372181,28.42,67.51,2025-08-20 23:46:28+00:00,34.018333,-81.038292,100.7,7.09,0.0,150.74,10.0,3D,2025-08-20 19:46:28-04:00,POINT (-81.038292 34.018333)
2025-08-20 23:46:32 UTC,sensor10,300372181,28.39,67.35,2025-08-20 23:46:33+00:00,34.018087,-81.038127,100.9,5.61,0.0,152.93,10.0,3D,2025-08-20 19:46:33-04:00,POINT (-81.038127 34.018087)
2025-08-20 23:46:37 UTC,sensor10,300372181,28.4,67.47,2025-08-20 23:46:38+00:00,34.017777,-81.037965,97.3,5.56,-2.3,162.29,10.0,3D,2025-08-20 19:46:38-04:00,POINT (-81.037965 34.017777)
2025-08-20 23:46:42 UTC,sensor10,300372181,28.41,67.47,2025-08-20 23:46:43+00:00,34.017513,-81.037893,97.4,4.55,0.3,172.37,10.0,3D,2025-08-20 19:46:43-04:00,POINT (-81.037893 34.017513)
2025-08-20 23:46:47 UTC,sensor10,300372181,28.44,67.43,2025-08-20 23:46:48+00:00,34.017358,-81.037777,98.5,4.03,0.2,156.58,10.0,3D,2025-08-20 19:46:48-04:00,POINT (-81.037777 34.017358)
2025-08-20 23:46:52 UTC,sensor10,300372181,28.43,67.34,2025-08-20 23:46:53+00:00,34.01714,-81.03766,99.5,4.97,0.2,157.8,10.0,3D,2025-08-20 19:46:53-04:00,POINT (-81.03766 34.01714)
2025-08-20 23:46:57 UTC,sensor10,300372181,28.43,67.24,2025-08-20 23:46:58+00:00,34.016883,-81.037543,100.5,4.93,0.3,158.92,10.0,3D,2025-08-20 19:46:58-04:00,POINT (-81.037543 34.016883)
2025-08-20 23:47:02 UTC,sensor10,300372181,28.45,67.1,2025-08-20 23:47:03+00:00,34.016678,-81.037458,101.4,3.57,0.1,155.0,10.0,3D,2025-08-20 19:47:03-04:00,POINT (-81.037458 34.016678)
2025-08-20 23:47:07 UTC,sensor10,300372181,28.46,67.05,2025-08-20 23:47:08+00:00,34.016477,-81.037377,100.9,4.73,0.2,160.8,10.0,3D,2025-08-20 19:47:08-04:00,POINT (-81.037377 34.016477)
2025-08-20 23:47:12 UTC,sensor10,300372181,28.51,66.96,2025-08-20 23:47:13+00:00,34.016272,-81.037285,101.0,4.59,-0.7,158.65,10.0,3D,2025-08-20 19:47:13-04:00,POINT (-81.037285 34.016272)
2025-08-20 23:47:17 UTC,sensor10,300372181,28.48,66.84,2025-08-20 23:47:17+00:00,34.016118,-81.037225,101.0,3.89,0.1,159.42,10.0,3D,2025-08-20 19:47:17-04:00,POINT (-81.037225 34.016118)
2025-08-20 23:47:22 UTC,sensor10,300372181,28.52,66.96,2025-08-20 23:47:17+00:00,34.016118,-81.037225,101.0,3.89,0.1,159.42,10.0,3D,2025-08-20 19:47:17-04:00,POINT (-81.037225 34.016118)
2025-08-20 23:47:27 UTC,sensor10,300372181,28.46,67.05,2025-08-20 23:47:29+00:00,34.01551,-81.036932,101.6,5.21,0.1,0.0,10.0,3D,2025-08-20 19:47:29-04:00,POINT (-81.036932 34.01551)
2025-08-20 23:47:42 UTC,sensor10,300372181,28.37,67.09,2025-08-20 23:47:44+00:00,34.015177,-81.036795,104.0,3.33,-0.2,158.11,10.0,3D,2025-08-20 19:47:44-04:00,POINT (-81.036795 34.015177)
2025-08-20 23:47:47 UTC,sensor10,300372181,28.36,67.13,2025-08-20 23:47:49+00:00,34.014943,-81.036715,104.2,4.86,-0.5,164.08,10.0,3D,2025-08-20 19:47:49-04:00,POINT (-81.036715 34.014943)
2025-08-20 23:47:52 UTC,sensor10,300372181,28.35,67.21,2025-08-20 23:47:54+00:00,34.014613,-81.036575,105.8,4.58,0.2,159.36,10.0,3D,2025-08-20 19:47:54-04:00,POINT (-81.036575 34.014613)
2025-08-20 23:47:57 UTC,sensor10,300372181,28.35,67.22,2025-08-20 23:47:59+00:00,34.01431,-81.03642,105.9,4.92,0.1,155.3,10.0,3D,2025-08-20 19:47:59-04:00,POINT (-81.03642 34.01431)
2025-08-20 23:48:02 UTC,sensor10,300372181,28.48,66.97,2025-08-20 23:48:04+00:00,34.014228,-81.036242,106.7,3.8,0.3,82.99,10.0,3D,2025-08-20 19:48:04-04:00,POINT (-81.036242 34.014228)
2025-08-20 23:48:07 UTC,sensor10,300372181,28.61,66.56,2025-08-20 23:48:09+00:00,34.014328,-81.035978,107.6,5.75,0.1,73.2,10.0,3D,2025-08-20 19:48:09-04:00,POINT (-81.035978 34.014328)
2025-08-20 23:48:12 UTC,sensor10,300372181,28.67,66.27,2025-08-20 23:48:14+00:00,34.014257,-81.035727,106.8,3.53,-0.9,147.44,10.0,3D,2025-08-20 19:48:14-04:00,POINT (-81.035727 34.014257)
2025-08-20 23:48:18 UTC,sensor10,300372181,28.67,66.12,2025-08-20 23:48:19+00:00,34.013972,-81.035582,107.1,5.5,0.1,157.43,10.0,3D,2025-08-20 19:48:19-04:00,POINT (-81.035582 34.013972)
2025-08-20 23:48:23 UTC,sensor10,300372181,28.66,66.11,2025-08-20 23:48:24+00:00,34.013697,-81.03545,107.4,5.23,0.0,162.01,10.0,3D,2025-08-20 19:48:24-04:00,POINT (-81.03545 34.013697)
2025-08-20 23:48:28 UTC,sensor10,300372181,28.67,66.1,2025-08-20 23:48:29+00:00,34.013473,-81.035347,108.0,4.57,0.2,157.85,10.0,3D,2025-08-20 19:48:29-04:00,POINT (-81.035347 34.013473)
2025-08-20 23:48:33 UTC,sensor10,300372181,28.66,66.06,2025-08-20 23:48:34+00:00,34.013328,-81.035292,108.3,3.68,0.2,159.59,10.0,3D,2025-08-20 19:48:34-04:00,POINT (-81.035292 34.013328)
2025-08-20 23:48:38 UTC,sensor10,300372181,28.65,65.99,2025-08-20 23:48:39+00:00,34.013242,-81.035248,109.4,3.65,0.1,155.1,10.0,3D,2025-08-20 19:48:39-04:00,POINT (-81.035248 34.013242)
2025-08-20 23:48:43 UTC,sensor10,300372181,28.68,66.01,2025-08-20 23:48:44+00:00,34.013055,-81.035177,108.4,3.8,-0.4,161.28,10.0,3D,2025-08-20 19:48:44-04:00,POINT (-81.035177 34.013055)
2025-08-20 23:48:48 UTC,sensor10,300372181,28.65,65.96,2025-08-20 23:48:49+00:00,34.012767,-81.035063,108.6,5.61,-0.2,162.48,10.0,3D,2025-08-20 19:48:49-04:00,POINT (-81.035063 34.012767)
2025-08-20 23:48:53 UTC,sensor10,300372181,28.66,66.1,2025-08-20 23:48:54+00:00,34.012458,-81.034917,108.4,5.91,0.1,160.66,10.0,3D,2025-08-20 19:48:54-04:00,POINT (-81.034917 34.012458)
2025-08-20 23:48:58 UTC,sensor10,300372181,28.61,66.26,2025-08-20 23:48:59+00:00,34.012155,-81.034783,108.4,5.24,-0.1,163.01,10.0,3D,2025-08-20 19:48:59-04:00,POINT (-81.034783 34.012155)
2025-08-20 23:49:03 UTC,sensor10,300372181,28.63,66.62,2025-08-20 23:49:04+00:00,34.011892,-81.03466,108.4,5.43,-0.1,157.99,10.0,3D,2025-08-20 19:49:04-04:00,POINT (-81.03466 34.011892)
2025-08-20 23:49:08 UTC,sensor10,300372181,28.62,66.66,2025-08-20 23:49:09+00:00,34.011655,-81.034545,108.2,5.0,0.0,162.65,10.0,3D,2025-08-20 19:49:09-04:00,POINT (-81.034545 34.011655)
2025-08-20 23:49:13 UTC,sensor10,300372181,28.56,66.62,2025-08-20 23:49:14+00:00,34.011443,-81.034475,108.0,3.34,0.0,168.47,10.0,3D,2025-08-20 19:49:14-04:00,POINT (-81.034475 34.011443)
2025-08-20 23:49:18 UTC,sensor10,300372181,28.56,66.77,2025-08-20 23:49:17+00:00,34.011363,-81.034443,107.9,2.88,-0.1,163.56,10.0,3D,2025-08-20 19:49:17-04:00,POINT (-81.034443 34.011363)
2025-08-20 23:49:23 UTC,sensor10,300372181,28.5,66.87,2025-08-20 23:49:17+00:00,34.011363,-81.034443,107.9,2.88,-0.1,163.56,10.0,3D,2025-08-20 19:49:17-04:00,POINT (-81.034443 34.011363)
2025-08-20 23:49:28 UTC,sensor10,300372181,28.5,66.8,2025-08-20 23:49:30+00:00,34.010838,-81.034218,108.9,6.52,0.1,0.0,10.0,3D,2025-08-20 19:49:30-04:00,POINT (-81.034218 34.010838)
2025-08-20 23:49:33 UTC,sensor10,300372181,28.42,66.73,2025-08-20 23:49:35+00:00,34.010635,-81.034128,109.5,4.43,0.2,0.0,10.0,3D,2025-08-20 19:49:35-04:00,POINT (-81.034128 34.010635)
2025-08-20 23:49:38 UTC,sensor10,300372181,28.43,67.0,2025-08-20 23:49:40+00:00,34.010293,-81.033953,109.7,12.76,-0.1,0.0,10.0,3D,2025-08-20 19:49:40-04:00,POINT (-81.033953 34.010293)
2025-08-20 23:49:43 UTC,sensor10,300372181,28.43,66.76,2025-08-20 23:49:45+00:00,34.010025,-81.03382,110.2,5.55,0.2,0.0,10.0,3D,2025-08-20 19:49:45-04:00,POINT (-81.03382 34.010025)
2025-08-20 23:49:48 UTC,sensor10,300372181,28.39,66.84,2025-08-20 23:49:50+00:00,34.009827,-81.03374,110.5,4.52,0.0,0.0,10.0,3D,2025-08-20 19:49:50-04:00,POINT (-81.03374 34.009827)
2025-08-20 23:49:53 UTC,sensor10,300372181,28.36,66.79,2025-08-20 23:49:55+00:00,34.009647,-81.03365,110.7,4.3,-0.1,0.0,4.0,3D,2025-08-20 19:49:55-04:00,POINT (-81.03365 34.009647)
2025-08-20 23:49:58 UTC,sensor10,300372181,28.36,67.22,2025-08-20 23:50:00+00:00,34.00949,-81.033588,111.1,2.98,0.2,0.0,4.0,3D,2025-08-20 19:50:00-04:00,POINT (-81.033588 34.00949)
2025-08-20 23:50:03 UTC,sensor10,300372181,28.34,67.1,2025-08-20 23:50:05+00:00,34.009222,-81.033467,110.9,5.5,0.0,0.0,8.0,3D,2025-08-20 19:50:05-04:00,POINT (-81.033467 34.009222)
2025-08-20 23:50:13 UTC,sensor10,300372181,28.42,67.31,2025-08-20 23:50:15+00:00,34.008923,-81.033353,110.4,2.83,0.1,155.34,10.0,3D,2025-08-20 19:50:15-04:00,POINT (-81.033353 34.008923)
2025-08-20 23:50:18 UTC,sensor10,300372181,28.45,67.31,2025-08-20 23:50:20+00:00,34.00873,-81.033273,110.5,5.04,0.0,164.42,10.0,3D,2025-08-20 19:50:20-04:00,POINT (-81.033273 34.00873)
2025-08-20 23:50:23 UTC,sensor10,300372181,28.41,67.08,2025-08-20 23:50:25+00:00,34.008428,-81.033125,110.8,6.1,0.1,157.42,10.0,3D,2025-08-20 19:50:25-04:00,POINT (-81.033125 34.008428)
2025-08-20 23:50:28 UTC,sensor10,300372181,28.41,66.93,2025-08-20 23:50:30+00:00,34.008142,-81.032967,111.5,5.44,0.1,153.38,10.0,3D,2025-08-20 19:50:30-04:00,POINT (-81.032967 34.008142)
2025-08-20 23:50:34 UTC,sensor10,300372181,28.4,67.04,2025-08-20 23:50:35+00:00,34.007857,-81.032803,112.1,3.75,0.2,159.18,10.0,3D,2025-08-20 19:50:35-04:00,POINT (-81.032803 34.007857)
2025-08-20 23:50:59 UTC,sensor10,300372181,28.53,66.63,2025-08-20 23:51:00+00:00,34.007445,-81.03268,114.5,2.92,0.2,160.41,10.0,3D,2025-08-20 19:51:00-04:00,POINT (-81.03268 34.007445)
2025-08-20 23:51:04 UTC,sensor10,300372181,28.52,66.67,2025-08-20 23:51:05+00:00,34.007197,-81.032573,114.5,5.25,0.0,161.56,10.0,3D,2025-08-20 19:51:05-04:00,POINT (-81.032573 34.007197)
2025-08-20 23:51:09 UTC,sensor10,300372181,28.52,66.72,2025-08-20 23:51:10+00:00,34.007,-81.032487,114.3,3.89,0.0,155.35,10.0,3D,2025-08-20 19:51:10-04:00,POINT (-81.032487 34.007)
2025-08-20 23:51:14 UTC,sensor10,300372181,28.55,66.52,2025-08-20 23:51:15+00:00,34.006813,-81.032435,114.2,2.91,-0.2,178.76,10.0,3D,2025-08-20 19:51:15-04:00,POINT (-81.032435 34.006813)
2025-08-20 23:51:19 UTC,sensor10,300372181,28.62,66.72,2025-08-20 23:51:17+00:00,34.00668,-81.032368,113.7,3.02,-0.2,159.94,10.0,3D,2025-08-20 19:51:17-04:00,POINT (-81.032368 34.00668)
2025-08-20 23:51:24 UTC,sensor10,300372181,28.56,66.3,2025-08-20 23:51:25+00:00,34.006362,-81.032193,112.8,2.86,-0.11,164.17,10.0,3D,2025-08-20 19:51:25-04:00,POINT (-81.032193 34.006362)
2025-08-20 23:51:29 UTC,sensor10,300372181,28.57,66.25,2025-08-20 23:51:30+00:00,34.006173,-81.03211,112.5,2.84,-0.1,171.35,10.0,3D,2025-08-20 19:51:30-04:00,POINT (-81.03211 34.006173)
2025-08-20 23:51:34 UTC,sensor10,300372181,28.55,66.17,2025-08-20 23:51:35+00:00,34.00597,-81.032062,112.6,4.09,0.1,165.37,10.0,3D,2025-08-20 19:51:35-04:00,POINT (-81.032062 34.00597)
2025-08-20 23:51:39 UTC,sensor10,300372181,28.57,66.25,2025-08-20 23:51:41+00:00,34.005683,-81.031953,113.0,6.3,0.2,0.0,10.0,3D,2025-08-20 19:51:41-04:00,POINT (-81.031953 34.005683)
2025-08-20 23:51:44 UTC,sensor10,300372181,28.56,66.36,2025-08-20 23:51:46+00:00,34.005448,-81.031857,114.2,4.3,0.5,0.0,10.0,3D,2025-08-20 19:51:46-04:00,POINT (-81.031857 34.005448)
2025-08-20 23:51:49 UTC,sensor10,300372181,28.57,66.28,2025-08-20 23:51:51+00:00,34.005243,-81.031772,115.6,3.12,0.1,164.29,10.0,3D,2025-08-20 19:51:51-04:00,POINT (-81.031772 34.005243)
2025-08-20 23:51:54 UTC,sensor10,300372181,28.65,66.43,2025-08-20 23:51:56+00:00,34.004958,-81.031643,116.6,5.2,0.3,154.03,10.0,3D,2025-08-20 19:51:56-04:00,POINT (-81.031643 34.004958)
2025-08-20 23:51:59 UTC,sensor10,300372181,28.62,66.13,2025-08-20 23:52:01+00:00,34.004662,-81.031498,117.4,3.41,0.1,163.34,10.0,3D,2025-08-20 19:52:01-04:00,POINT (-81.031498 34.004662)
2025-08-20 23:52:04 UTC,sensor10,300372181,28.6,66.11,2025-08-20 23:52:06+00:00,34.0043,-81.031332,117.0,5.29,-0.1,157.14,10.0,3D,2025-08-20 19:52:06-04:00,POINT (-81.031332 34.0043)
2025-08-20 23:52:09 UTC,sensor10,300372181,28.64,66.08,2025-08-20 23:52:11+00:00,34.004003,-81.031183,116.5,4.02,0.0,157.75,10.0,3D,2025-08-20 19:52:11-04:00,POINT (-81.031183 34.004003)
2025-08-20 23:52:14 UTC,sensor10,300372181,28.62,65.99,2025-08-20 23:52:16+00:00,34.003828,-81.031122,117.2,3.73,0.2,162.13,10.0,3D,2025-08-20 19:52:16-04:00,POINT (-81.031122 34.003828)
2025-08-20 23:52:19 UTC,sensor10,300372181,28.58,65.99,2025-08-20 23:52:21+00:00,34.00367,-81.031082,118.3,4.17,0.2,163.12,10.0,3D,2025-08-20 19:52:21-04:00,POINT (-81.031082 34.00367)
2025-08-20 23:52:24 UTC,sensor10,300372181,28.53,66.11,2025-08-20 23:52:26+00:00,34.003377,-81.030943,119.0,5.1,0.1,163.0,10.0,3D,2025-08-20 19:52:26-04:00,POINT (-81.030943 34.003377)
2025-08-20 23:52:29 UTC,sensor10,300372181,28.54,66.18,2025-08-20 23:52:31+00:00,34.003072,-81.030777,119.6,6.11,0.1,159.25,10.0,3D,2025-08-20 19:52:31-04:00,POINT (-81.030777 34.003072)
2025-08-20 23:52:34 UTC,sensor10,300372181,28.57,66.07,2025-08-20 23:52:36+00:00,34.002863,-81.03064,120.2,4.27,0.2,154.64,10.0,3D,2025-08-20 19:52:36-04:00,POINT (-81.03064 34.002863)
2025-08-20 23:52:39 UTC,sensor10,300372181,28.51,66.08,2025-08-20 23:52:41+00:00,34.002478,-81.030447,119.8,5.23,-0.1,157.11,10.0,3D,2025-08-20 19:52:41-04:00,POINT (-81.030447 34.002478)
2025-08-20 23:53:10 UTC,sensor10,300372181,28.54,66.57,2025-08-20 23:53:11+00:00,34.002175,-81.030238,125.3,2.98,0.3,163.09,10.0,3D,2025-08-20 19:53:11-04:00,POINT (-81.030238 34.002175)
2025-08-20 23:53:15 UTC,sensor10,300372181,28.56,66.29,2025-08-20 23:53:16+00:00,34.002015,-81.030198,125.1,4.87,-0.1,155.09,10.0,3D,2025-08-20 19:53:16-04:00,POINT (-81.030198 34.002015)
2025-08-20 23:53:20 UTC,sensor10,300372181,28.54,66.18,2025-08-20 23:53:17+00:00,34.001973,-81.030182,125.0,5.02,-0.1,156.86,10.0,3D,2025-08-20 19:53:17-04:00,POINT (-81.030182 34.001973)
2025-08-20 23:53:25 UTC,sensor10,300372181,28.5,66.24,2025-08-20 23:53:26+00:00,34.00154,-81.030022,124.0,5.92,-0.2,159.25,10.0,3D,2025-08-20 19:53:26-04:00,POINT (-81.030022 34.00154)
2025-08-20 23:53:30 UTC,sensor10,300372181,28.44,66.4,2025-08-20 23:53:31+00:00,34.001358,-81.029935,123.5,5.14,-0.1,158.48,10.0,3D,2025-08-20 19:53:31-04:00,POINT (-81.029935 34.001358)
2025-08-20 23:53:35 UTC,sensor10,300372181,28.47,66.4,2025-08-20 23:53:36+00:00,34.001158,-81.029855,123.5,3.96,0.0,161.26,10.0,3D,2025-08-20 19:53:36-04:00,POINT (-81.029855 34.001158)
2025-08-20 23:53:45 UTC,sensor10,300372181,28.51,66.51,2025-08-20 23:53:47+00:00,34.000928,-81.029747,124.3,4.75,0.2,0.0,10.0,3D,2025-08-20 19:53:47-04:00,POINT (-81.029747 34.000928)
2025-08-20 23:53:50 UTC,sensor10,300372181,28.53,66.24,2025-08-20 23:53:52+00:00,34.000708,-81.029648,125.1,5.38,0.1,162.3,10.0,3D,2025-08-20 19:53:52-04:00,POINT (-81.029648 34.000708)
2025-08-20 23:53:55 UTC,sensor10,300372181,28.52,66.21,2025-08-20 23:53:57+00:00,34.000437,-81.029517,125.9,5.91,0.3,157.26,10.0,3D,2025-08-20 19:53:57-04:00,POINT (-81.029517 34.000437)
2025-08-20 23:54:00 UTC,sensor10,300372181,28.48,66.29,2025-08-20 23:54:02+00:00,34.000203,-81.029437,126.9,4.46,0.1,159.18,10.0,3D,2025-08-20 19:54:02-04:00,POINT (-81.029437 34.000203)
2025-08-20 23:54:05 UTC,sensor10,300372181,28.47,66.28,2025-08-20 23:54:07+00:00,33.99992,-81.0293,127.3,5.48,0.3,158.19,10.0,3D,2025-08-20 19:54:07-04:00,POINT (-81.0293 33.99992)
2025-08-20 23:54:10 UTC,sensor10,300372181,28.49,66.39,2025-08-20 23:54:12+00:00,33.999743,-81.029207,127.9,3.66,0.2,158.14,10.0,3D,2025-08-20 19:54:12-04:00,POINT (-81.029207 33.999743)
2025-08-20 23:54:15 UTC,sensor10,300372181,28.51,66.49,2025-08-20 23:54:17+00:00,33.999637,-81.029127,128.5,2.33,0.2,150.91,10.0,3D,2025-08-20 19:54:17-04:00,POINT (-81.029127 33.999637)
2025-08-20 23:54:20 UTC,sensor10,300372181,28.55,66.5,2025-08-20 23:54:22+00:00,33.999605,-81.029032,129.7,3.78,0.3,101.03,10.0,3D,2025-08-20 19:54:22-04:00,POINT (-81.029032 33.999605)
2025-08-20 23:54:25 UTC,sensor10,300372181,28.53,66.29,2025-08-20 23:54:27+00:00,33.999652,-81.028812,130.6,4.14,0.1,69.87,10.0,3D,2025-08-20 19:54:27-04:00,POINT (-81.028812 33.999652)
2025-08-20 23:54:30 UTC,sensor10,300372181,28.51,66.47,2025-08-20 23:54:32+00:00,33.9997,-81.028597,131.2,4.13,0.1,62.83,10.0,3D,2025-08-20 19:54:32-04:00,POINT (-81.028597 33.9997)
2025-08-20 23:54:35 UTC,sensor10,300372181,28.64,66.6,2025-08-20 23:54:37+00:00,33.999723,-81.028387,131.7,3.94,0.1,60.36,10.0,3D,2025-08-20 19:54:37-04:00,POINT (-81.028387 33.999723)
2025-08-20 23:54:40 UTC,sensor10,300372181,28.66,66.24,2025-08-20 23:54:42+00:00,33.999742,-81.028148,132.9,3.89,0.3,65.18,10.0,3D,2025-08-20 19:54:42-04:00,POINT (-81.028148 33.999742)
2025-08-20 23:54:45 UTC,sensor10,300372181,28.66,66.15,2025-08-20 23:54:47+00:00,33.999702,-81.027828,134.9,4.55,0.3,79.43,10.0,3D,2025-08-20 19:54:47-04:00,POINT (-81.027828 33.999702)
2025-08-20 23:54:51 UTC,sensor10,300372181,28.64,66.54,2025-08-20 23:54:52+00:00,33.999763,-81.02757,136.4,4.46,0.3,75.92,10.0,3D,2025-08-20 19:54:52-04:00,POINT (-81.02757 33.999763)
2025-08-20 23:54:56 UTC,sensor10,300372181,28.56,66.44,2025-08-20 23:54:57+00:00,33.999687,-81.027358,137.5,3.58,0.2,133.4,10.0,3D,2025-08-20 19:54:57-04:00,POINT (-81.027358 33.999687)
2025-08-20 23:55:01 UTC,sensor10,300372181,28.57,66.54,2025-08-20 23:55:02+00:00,33.999567,-81.02721,138.3,2.94,0.1,148.27,10.0,3D,2025-08-20 19:55:02-04:00,POINT (-81.02721 33.999567)
2025-08-20 23:55:06 UTC,sensor10,300372181,28.53,66.17,2025-08-20 23:55:07+00:00,33.999328,-81.027077,138.5,5.24,0.1,158.9,10.0,3D,2025-08-20 19:55:07-04:00,POINT (-81.027077 33.999328)
2025-08-20 23:55:11 UTC,sensor10,300372181,28.48,66.78,2025-08-20 23:55:12+00:00,33.999162,-81.026867,138.8,5.44,0.0,115.51,10.0,3D,2025-08-20 19:55:12-04:00,POINT (-81.026867 33.999162)
2025-08-20 23:55:16 UTC,sensor10,300372181,28.27,67.75,2025-08-20 23:55:17+00:00,33.999072,-81.026582,139.2,3.05,0.0,102.08,10.0,3D,2025-08-20 19:55:17-04:00,POINT (-81.026582 33.999072)
2025-08-20 23:55:21 UTC,sensor10,300372181,28.17,68.45,2025-08-20 23:55:18+00:00,33.999057,-81.026545,139.4,3.59,0.2,111.41,10.0,3D,2025-08-20 19:55:18-04:00,POINT (-81.026545 33.999057)
2025-08-20 23:55:26 UTC,sensor10,300372181,28.12,68.3,2025-08-20 23:55:18+00:00,33.999057,-81.026545,139.4,3.59,0.2,111.41,10.0,3D,2025-08-20 19:55:18-04:00,POINT (-81.026545 33.999057)
2025-08-20 23:55:31 UTC,sensor10,300372181,28.09,68.5,2025-08-20 23:55:32+00:00,33.999065,-81.025988,143.1,3.78,0.3,53.55,10.0,3D,2025-08-20 19:55:32-04:00,POINT (-81.025988 33.999065)
2025-08-20 23:55:36 UTC,sensor10,300372181,28.14,68.06,2025-08-20 23:55:37+00:00,33.999107,-81.025745,145.1,4.95,0.4,81.41,10.0,3D,2025-08-20 19:55:37-04:00,POINT (-81.025745 33.999107)
2025-08-20 23:55:41 UTC,sensor10,300372181,28.15,67.55,2025-08-20 23:55:39+00:00,33.999152,-81.025665,145.9,4.79,0.4,69.87,10.0,3D,2025-08-20 19:55:39-04:00,POINT (-81.025665 33.999152)
2025-08-20 23:55:46 UTC,sensor10,300372181,28.18,67.36,2025-08-20 23:55:48+00:00,33.999207,-81.02513,148.3,5.39,0.3,0.0,10.0,3D,2025-08-20 19:55:48-04:00,POINT (-81.02513 33.999207)
2025-08-20 23:55:51 UTC,sensor10,300372181,28.18,67.31,2025-08-20 23:55:53+00:00,33.999018,-81.024615,144.4,6.24,-1.8,98.19,10.0,3D,2025-08-20 19:55:53-04:00,POINT (-81.024615 33.999018)
2025-08-20 23:55:56 UTC,sensor10,300372181,28.19,67.04,2025-08-20 23:55:58+00:00,33.999068,-81.024378,144.7,5.06,0.2,85.56,10.0,3D,2025-08-20 19:55:58-04:00,POINT (-81.024378 33.999068)
2025-08-20 23:56:01 UTC,sensor10,300372181,28.2,67.2,2025-08-20 23:56:03+00:00,33.999163,-81.024118,145.1,5.87,0.2,91.61,10.0,3D,2025-08-20 19:56:03-04:00,POINT (-81.024118 33.999163)
2025-08-20 23:56:06 UTC,sensor10,300372181,28.18,67.23,2025-08-20 23:56:08+00:00,33.999233,-81.023833,146.2,5.58,0.2,83.01,10.0,3D,2025-08-20 19:56:08-04:00,POINT (-81.023833 33.999233)
2025-08-20 23:56:11 UTC,sensor10,300372181,28.16,67.24,2025-08-20 23:56:13+00:00,33.999365,-81.02363,147.6,4.4,0.3,59.91,10.0,3D,2025-08-20 19:56:13-04:00,POINT (-81.02363 33.999365)
2025-08-20 23:56:16 UTC,sensor10,300372181,28.21,67.31,2025-08-20 23:56:18+00:00,33.999455,-81.023437,149.3,3.66,0.4,76.09,10.0,3D,2025-08-20 19:56:18-04:00,POINT (-81.023437 33.999455)
2025-08-20 23:56:21 UTC,sensor10,300372181,28.18,67.66,2025-08-20 23:56:23+00:00,33.999635,-81.023275,151.4,4.38,0.4,64.0,10.0,3D,2025-08-20 19:56:23-04:00,POINT (-81.023275 33.999635)
2025-08-20 23:56:26 UTC,sensor10,300372181,28.15,68.42,2025-08-20 23:56:28+00:00,33.99977,-81.023118,153.4,2.69,0.4,46.23,10.0,3D,2025-08-20 19:56:28-04:00,POINT (-81.023118 33.99977)
2025-08-20 23:56:31 UTC,sensor10,300372181,28.15,68.03,2025-08-20 23:56:33+00:00,33.999952,-81.023065,155.8,3.46,0.4,20.82,10.0,3D,2025-08-20 19:56:33-04:00,POINT (-81.023065 33.999952)
2025-08-20 23:56:36 UTC,sensor10,300372181,28.2,68.26,2025-08-20 23:56:38+00:00,34.000175,-81.022955,158.3,4.31,0.6,25.64,10.0,3D,2025-08-20 19:56:38-04:00,POINT (-81.022955 34.000175)
2025-08-20 23:56:41 UTC,sensor10,300372181,28.19,67.64,2025-08-20 23:56:43+00:00,34.00026,-81.022783,161.0,3.14,0.5,50.74,10.0,3D,2025-08-20 19:56:43-04:00,POINT (-81.022783 34.00026)
2025-08-20 23:56:46 UTC,sensor10,300372181,28.19,67.83,2025-08-20 23:56:48+00:00,34.000178,-81.022518,162.2,3.31,0.1,77.79,10.0,3D,2025-08-20 19:56:48-04:00,POINT (-81.022518 34.000178)
2025-08-20 23:56:56 UTC,sensor10,300372181,28.18,67.44,2025-08-20 23:56:58+00:00,33.999848,-81.022153,162.0,2.92,-0.4,128.15,10.0,3D,2025-08-20 19:56:58-04:00,POINT (-81.022153 33.999848)
2025-08-20 23:57:01 UTC,sensor10,300372181,28.27,67.41,2025-08-20 23:57:03+00:00,33.999878,-81.021922,162.1,4.6,0.1,62.17,10.0,3D,2025-08-20 19:57:03-04:00,POINT (-81.021922 33.999878)
2025-08-20 23:57:07 UTC,sensor10,300372181,28.24,67.15,2025-08-20 23:57:08+00:00,33.99987,-81.021667,162.0,3.6,-0.1,70.38,10.0,3D,2025-08-20 19:57:08-04:00,POINT (-81.021667 33.99987)
2025-08-20 23:57:12 UTC,sensor10,300372181,28.3,67.28,2025-08-20 23:57:13+00:00,33.99995,-81.021502,161.5,3.18,-0.1,41.03,10.0,3D,2025-08-20 19:57:13-04:00,POINT (-81.021502 33.99995)
2025-08-20 23:57:17 UTC,sensor10,300372181,28.31,67.28,2025-08-20 23:57:18+00:00,33.999943,-81.021215,155.7,2.78,-1.0,73.5,10.0,3D,2025-08-20 19:57:18-04:00,POINT (-81.021215 33.999943)
2025-08-20 23:57:22 UTC,sensor10,300372181,28.31,67.25,2025-08-20 23:57:19+00:00,33.999933,-81.021157,155.0,5.5,-0.7,0.0,10.0,3D,2025-08-20 19:57:19-04:00,POINT (-81.021157 33.999933)
2025-08-20 23:57:27 UTC,sensor10,300372181,28.3,67.21,2025-08-20 23:57:28+00:00,33.999977,-81.020805,151.6,2.76,-0.3,76.2,10.0,3D,2025-08-20 19:57:28-04:00,POINT (-81.020805 33.999977)
2025-08-20 23:57:32 UTC,sensor10,300372181,28.31,67.08,2025-08-20 23:57:33+00:00,34.000005,-81.020558,149.8,2.65,-0.1,115.22,10.0,3D,2025-08-20 19:57:33-04:00,POINT (-81.020558 34.000005)
2025-08-20 23:57:37 UTC,sensor10,300372181,28.35,66.92,2025-08-20 23:57:38+00:00,33.99982,-81.020305,149.1,5.78,-0.1,161.32,10.0,3D,2025-08-20 19:57:38-04:00,POINT (-81.020305 33.99982)
2025-08-20 23:57:42 UTC,sensor10,300372181,28.39,66.85,2025-08-20 23:57:44+00:00,33.999492,-81.020042,148.4,5.55,-0.3,0.0,10.0,3D,2025-08-20 19:57:44-04:00,POINT (-81.020042 33.999492)
2025-08-20 23:57:47 UTC,sensor10,300372181,28.44,66.93,2025-08-20 23:57:49+00:00,33.999173,-81.01972,146.2,7.12,-0.6,0.0,10.0,3D,2025-08-20 19:57:49-04:00,POINT (-81.01972 33.999173)
2025-08-20 23:57:52 UTC,sensor10,300372181,28.52,66.89,2025-08-20 23:57:54+00:00,33.999197,-81.019425,142.2,5.05,-0.6,0.0,10.0,3D,2025-08-20 19:57:54-04:00,POINT (-81.019425 33.999197)
2025-08-20 23:57:57 UTC,sensor10,300372181,28.65,66.5,2025-08-20 23:57:59+00:00,33.999293,-81.019097,140.3,7.13,-0.2,0.0,10.0,3D,2025-08-20 19:57:59-04:00,POINT (-81.019097 33.999293)
2025-08-20 23:58:02 UTC,sensor10,300372181,28.89,65.99,2025-08-20 23:58:04+00:00,33.999377,-81.01876,139.3,6.39,-0.2,67.15,10.0,3D,2025-08-20 19:58:04-04:00,POINT (-81.01876 33.999377)
2025-08-20 23:58:07 UTC,sensor10,300372181,29.01,65.2,2025-08-20 23:58:09+00:00,33.999475,-81.01845,138.0,6.19,-0.2,72.57,10.0,3D,2025-08-20 19:58:09-04:00,POINT (-81.01845 33.999475)
2025-08-20 23:58:12 UTC,sensor10,300372181,29.03,64.82,2025-08-20 23:58:14+00:00,33.999627,-81.018165,136.1,6.37,-0.4,50.72,10.0,3D,2025-08-20 19:58:14-04:00,POINT (-81.018165 33.999627)
2025-08-20 23:58:17 UTC,sensor10,300372181,28.89,64.89,2025-08-20 23:58:19+00:00,33.999848,-81.017867,134.3,7.43,-0.4,49.3,10.0,3D,2025-08-20 19:58:19-04:00,POINT (-81.017867 33.999848)
2025-08-20 23:58:22 UTC,sensor10,300372181,28.88,65.02,2025-08-20 23:58:24+00:00,33.99999,-81.017515,133.0,6.41,-0.3,63.53,10.0,3D,2025-08-20 19:58:24-04:00,POINT (-81.017515 33.99999)
2025-08-20 23:58:27 UTC,sensor10,300372181,29.05,64.95,2025-08-20 23:58:29+00:00,34.000088,-81.0172,131.8,6.33,-0.2,69.62,10.0,3D,2025-08-20 19:58:29-04:00,POINT (-81.0172 34.000088)
2025-08-20 23:58:32 UTC,sensor10,300372181,29.13,64.49,2025-08-20 23:58:34+00:00,34.000187,-81.016923,129.6,3.36,-0.1,63.58,10.0,3D,2025-08-20 19:58:34-04:00,POINT (-81.016923 34.000187)
2025-08-20 23:59:02 UTC,sensor10,300372181,29.39,63.98,2025-08-20 23:59:04+00:00,34.00008,-81.01632,122.8,3.17,-0.3,57.98,10.0,3D,2025-08-20 19:59:04-04:00,POINT (-81.01632 34.00008)
2025-08-20 23:59:07 UTC,sensor10,300372181,29.26,64.29,2025-08-20 23:59:09+00:00,34.000202,-81.016083,120.8,5.04,-0.4,58.98,10.0,3D,2025-08-20 19:59:09-04:00,POINT (-81.016083 34.000202)
2025-08-20 23:59:12 UTC,sensor10,300372181,29.13,64.57,2025-08-20 23:59:14+00:00,34.000328,-81.015807,118.2,5.01,-0.5,61.47,10.0,3D,2025-08-20 19:59:14-04:00,POINT (-81.015807 34.000328)
2025-08-20 23:59:18 UTC,sensor10,300372181,29.04,64.88,2025-08-20 23:59:19+00:00,34.000437,-81.01554,115.3,5.88,-0.6,57.62,10.0,3D,2025-08-20 19:59:19-04:00,POINT (-81.01554 34.000437)
2025-08-20 23:59:23 UTC,sensor10,300372181,28.93,65.69,2025-08-20 23:59:19+00:00,34.000437,-81.01554,115.3,5.88,-0.6,57.62,10.0,3D,2025-08-20 19:59:19-04:00,POINT (-81.01554 34.000437)
2025-08-20 23:59:28 UTC,sensor10,300372181,28.7,66.16,2025-08-20 23:59:29+00:00,34.000713,-81.01511,109.5,4.57,0.0,38.82,10.0,3D,2025-08-20 19:59:29-04:00,POINT (-81.01511 34.000713)
2025-08-20 23:59:33 UTC,sensor10,300372181,28.53,67.02,2025-08-20 23:59:34+00:00,34.0009,-81.014977,107.0,4.41,-0.4,26.47,10.0,3D,2025-08-20 19:59:34-04:00,POINT (-81.014977 34.0009)
2025-08-20 23:59:38 UTC,sensor10,300372181,28.34,67.68,2025-08-20 23:59:39+00:00,34.001087,-81.014845,104.6,4.58,-0.3,27.41,10.0,3D,2025-08-20 19:59:39-04:00,POINT (-81.014845 34.001087)
2025-08-20 23:59:43 UTC,sensor10,300372181,28.11,68.54,2025-08-20 23:59:44+00:00,34.001258,-81.014697,101.8,4.78,-0.4,25.7,10.0,3D,2025-08-20 19:59:44-04:00,POINT (-81.014697 34.001258)
2025-08-20 23:59:48 UTC,sensor10,300372181,27.99,69.37,2025-08-20 23:59:50+00:00,34.001498,-81.014577,98.9,4.41,-0.5,0.0,10.0,3D,2025-08-20 19:59:50-04:00,POINT (-81.014577 34.001498)
2025-08-20 23:59:53 UTC,sensor10,300372181,27.88,69.62,2025-08-20 23:59:55+00:00,34.001705,-81.01445,96.3,5.24,-0.4,0.0,10.0,3D,2025-08-20 19:59:55-04:00,POINT (-81.01445 34.001705)
2025-08-20 23:59:58 UTC,sensor10,300372181,27.89,69.52,2025-08-21 00:00:00+00:00,34.001877,-81.014307,94.6,3.9,-0.3,0.0,10.0,3D,2025-08-20 20:00:00-04:00,POINT (-81.014307 34.001877)
2025-08-21 00:00:03 UTC,sensor10,300372181,27.87,69.56,2025-08-21 00:00:05+00:00,34.002067,-81.014097,91.8,5.36,-0.6,0.0,8.0,3D,2025-08-20 20:00:05-04:00,POINT (-81.014097 34.002067)
2025-08-21 00:00:08 UTC,sensor10,300372181,27.89,69.06,2025-08-21 00:00:10+00:00,34.002223,-81.013868,90.0,5.69,-0.2,0.0,4.0,3D,2025-08-20 20:00:10-04:00,POINT (-81.013868 34.002223)
2025-08-21 00:00:13 UTC,sensor10,300372181,27.88,68.93,2025-08-21 00:00:15+00:00,34.00237,-81.01365,88.5,5.1,-0.3,0.0,10.0,3D,2025-08-20 20:00:15-04:00,POINT (-81.01365 34.00237)
2025-08-21 00:00:18 UTC,sensor10,300372181,27.95,69.04,2025-08-21 00:00:20+00:00,34.002498,-81.013435,86.7,5.21,-0.3,0.0,10.0,3D,2025-08-20 20:00:20-04:00,POINT (-81.013435 34.002498)
2025-08-21 00:00:23 UTC,sensor10,300372181,27.97,69.32,2025-08-21 00:00:25+00:00,34.002523,-81.013233,85.1,3.26,-0.3,119.94,10.0,3D,2025-08-20 20:00:25-04:00,POINT (-81.013233 34.002523)
2025-08-21 00:00:28 UTC,sensor10,300372181,27.92,69.64,2025-08-21 00:00:30+00:00,34.002383,-81.013055,83.5,4.49,-0.3,135.53,10.0,3D,2025-08-20 20:00:30-04:00,POINT (-81.013055 34.002383)
2025-08-20 22:55:04 UTC,sensor11,218187713,29.58,64.87,2025-08-20 22:55:04+00:00,33.99606,-81.02297,72.2,3.33,-0.2,352.93,8.0,3D,2025-08-20 18:55:04-04:00,POINT (-81.02297 33.99606)
2025-08-20 22:55:09 UTC,sensor11,218187713,29.52,64.65,2025-08-20 22:55:09+00:00,33.996228,-81.023018,71.3,3.88,-0.3,339.62,8.0,3D,2025-08-20 18:55:09-04:00,POINT (-81.023018 33.996228)
2025-08-20 22:55:14 UTC,sensor11,218187713,29.63,64.92,2025-08-20 22:55:14+00:00,33.9964,-81.0231,69.7,4.23,-0.4,342.76,8.0,3D,2025-08-20 18:55:14-04:00,POINT (-81.0231 33.9964)
2025-08-20 22:55:19 UTC,sensor11,218187713,29.64,64.8,2025-08-20 22:55:19+00:00,33.996598,-81.02317,67.8,3.62,-0.5,345.57,8.0,3D,2025-08-20 18:55:19-04:00,POINT (-81.02317 33.996598)
2025-08-20 22:55:24 UTC,sensor11,218187713,29.51,64.55,2025-08-20 22:55:24+00:00,33.99678,-81.023242,66.3,4.46,-0.2,339.89,8.0,3D,2025-08-20 18:55:24-04:00,POINT (-81.023242 33.99678)
2025-08-20 22:55:29 UTC,sensor11,218187713,29.51,65.24,2025-08-20 22:55:29+00:00,33.996948,-81.023333,65.3,3.6,0.0,334.69,8.0,3D,2025-08-20 18:55:29-04:00,POINT (-81.023333 33.996948)
2025-08-20 22:55:44 UTC,sensor11,218187713,29.15,67.24,2025-08-20 22:55:44+00:00,33.99717,-81.023178,61.3,3.25,-0.4,65.42,8.0,3D,2025-08-20 18:55:44-04:00,POINT (-81.023178 33.99717)
2025-08-20 22:55:50 UTC,sensor11,218187713,29.06,67.59,2025-08-20 22:55:49+00:00,33.997232,-81.022932,59.8,4.51,-0.3,70.68,8.0,3D,2025-08-20 18:55:49-04:00,POINT (-81.022932 33.997232)
2025-08-20 22:55:55 UTC,sensor11,218187713,29.13,67.33,2025-08-20 22:55:54+00:00,33.997335,-81.02267,57.6,4.79,-0.3,65.66,8.0,3D,2025-08-20 18:55:54-04:00,POINT (-81.02267 33.997335)
2025-08-20 22:56:00 UTC,sensor11,218187713,29.26,66.41,2025-08-20 22:55:59+00:00,33.997417,-81.022355,57.2,4.63,0.0,71.13,8.0,3D,2025-08-20 18:55:59-04:00,POINT (-81.022355 33.997417)
2025-08-20 22:56:05 UTC,sensor11,218187713,29.31,65.49,2025-08-20 22:56:04+00:00,33.997507,-81.022072,56.4,4.27,-0.2,79.93,8.0,3D,2025-08-20 18:56:04-04:00,POINT (-81.022072 33.997507)
2025-08-20 22:56:10 UTC,sensor11,218187713,29.39,65.77,2025-08-20 22:56:09+00:00,33.99759,-81.021742,58.1,4.0,0.8,72.58,8.0,3D,2025-08-20 18:56:09-04:00,POINT (-81.021742 33.99759)
2025-08-20 22:56:15 UTC,sensor11,218187713,29.38,65.19,2025-08-20 22:56:15+00:00,33.99752,-81.021595,56.6,3.79,-0.3,145.08,8.0,3D,2025-08-20 18:56:15-04:00,POINT (-81.021595 33.99752)
2025-08-20 22:56:20 UTC,sensor11,218187713,29.56,64.64,2025-08-20 22:56:20+00:00,33.99733,-81.021475,55.6,5.2,-0.2,157.16,8.0,3D,2025-08-20 18:56:20-04:00,POINT (-81.021475 33.99733)
2025-08-20 22:56:25 UTC,sensor11,218187713,29.75,64.44,2025-08-20 22:56:25+00:00,33.997322,-81.021268,55.0,5.63,-0.1,50.61,8.0,3D,2025-08-20 18:56:25-04:00,POINT (-81.021268 33.997322)
2025-08-20 22:56:30 UTC,sensor11,218187713,29.54,65.04,2025-08-20 22:56:30+00:00,33.99749,-81.021035,54.6,5.58,0.0,44.78,8.0,3D,2025-08-20 18:56:30-04:00,POINT (-81.021035 33.99749)
2025-08-20 22:56:35 UTC,sensor11,218187713,29.42,65.08,2025-08-20 22:56:35+00:00,33.99768,-81.0208,54.1,5.98,-0.2,49.43,8.0,3D,2025-08-20 18:56:35-04:00,POINT (-81.0208 33.99768)
2025-08-20 22:56:40 UTC,sensor11,218187713,29.49,65.18,2025-08-20 22:56:40+00:00,33.997857,-81.020537,54.5,6.26,0.0,51.65,8.0,3D,2025-08-20 18:56:40-04:00,POINT (-81.020537 33.997857)
2025-08-20 22:56:45 UTC,sensor11,218187713,29.48,64.83,2025-08-20 22:56:45+00:00,33.998005,-81.020217,55.0,6.09,0.0,63.1,8.0,3D,2025-08-20 18:56:45-04:00,POINT (-81.020217 33.998005)
2025-08-20 22:56:50 UTC,sensor11,218187713,29.49,64.73,2025-08-20 22:56:50+00:00,33.998123,-81.019897,54.8,6.66,-0.1,69.36,8.0,3D,2025-08-20 18:56:50-04:00,POINT (-81.019897 33.998123)
2025-08-20 22:56:55 UTC,sensor11,218187713,29.58,64.37,2025-08-20 22:56:55+00:00,33.998217,-81.019518,54.6,6.91,-0.1,76.66,8.0,3D,2025-08-20 18:56:55-04:00,POINT (-81.019518 33.998217)
2025-08-20 22:57:00 UTC,sensor11,218187713,29.56,64.32,2025-08-20 22:57:00+00:00,33.998267,-81.01916,54.3,6.28,0.0,85.49,8.0,3D,2025-08-20 18:57:00-04:00,POINT (-81.01916 33.998267)
2025-08-20 22:57:05 UTC,sensor11,218187713,29.75,64.18,2025-08-20 22:57:05+00:00,33.998248,-81.018813,54.0,7.0,-0.2,93.84,8.0,3D,2025-08-20 18:57:05-04:00,POINT (-81.018813 33.998248)
2025-08-20 22:57:10 UTC,sensor11,218187713,29.9,63.5,2025-08-20 22:57:10+00:00,33.998193,-81.018422,53.9,7.17,0.1,100.88,8.0,3D,2025-08-20 18:57:10-04:00,POINT (-81.018422 33.998193)
2025-08-20 22:57:15 UTC,sensor11,218187713,30.22,62.74,2025-08-20 22:57:15+00:00,33.9981,-81.018078,53.5,6.15,-0.1,113.14,8.0,3D,2025-08-20 18:57:15-04:00,POINT (-81.018078 33.9981)
2025-08-20 22:57:21 UTC,sensor11,218187713,30.12,62.5,2025-08-20 22:57:20+00:00,33.997993,-81.017767,53.5,6.12,0.0,109.52,8.0,3D,2025-08-20 18:57:20-04:00,POINT (-81.017767 33.997993)
2025-08-20 22:57:26 UTC,sensor11,218187713,29.69,62.63,2025-08-20 22:57:25+00:00,33.997867,-81.017385,54.4,7.01,0.0,113.74,8.0,3D,2025-08-20 18:57:25-04:00,POINT (-81.017385 33.997867)
2025-08-20 22:57:31 UTC,sensor11,218187713,29.7,63.32,2025-08-20 22:57:30+00:00,33.997737,-81.017015,54.6,7.36,0.0,113.07,8.0,3D,2025-08-20 18:57:30-04:00,POINT (-81.017015 33.997737)
2025-08-20 22:57:36 UTC,sensor11,218187713,29.91,63.06,2025-08-20 22:57:35+00:00,33.997625,-81.016648,54.9,7.06,0.1,103.82,8.0,3D,2025-08-20 18:57:35-04:00,POINT (-81.016648 33.997625)
2025-08-20 22:57:41 UTC,sensor11,218187713,30.14,62.47,2025-08-20 22:57:40+00:00,33.99757,-81.01624,55.1,8.11,0.1,97.35,8.0,3D,2025-08-20 18:57:40-04:00,POINT (-81.01624 33.99757)
2025-08-20 22:57:46 UTC,sensor11,218187713,30.45,62.57,2025-08-20 22:57:45+00:00,33.997538,-81.015838,55.5,7.16,0.1,98.05,8.0,3D,2025-08-20 18:57:45-04:00,POINT (-81.015838 33.997538)
2025-08-20 22:57:51 UTC,sensor11,218187713,30.54,61.62,2025-08-20 22:57:51+00:00,33.997493,-81.01539,55.6,6.63,0.0,0.0,8.0,3D,2025-08-20 18:57:51-04:00,POINT (-81.01539 33.997493)
2025-08-20 22:57:56 UTC,sensor11,218187713,30.31,61.48,2025-08-20 22:57:56+00:00,33.99746,-81.014998,56.3,7.25,0.1,0.0,8.0,3D,2025-08-20 18:57:56-04:00,POINT (-81.014998 33.99746)
2025-08-20 22:58:01 UTC,sensor11,218187713,29.99,61.81,2025-08-20 22:58:01+00:00,33.997442,-81.01464,57.1,6.47,0.2,0.0,8.0,3D,2025-08-20 18:58:01-04:00,POINT (-81.01464 33.997442)
2025-08-20 22:58:06 UTC,sensor11,218187713,29.97,62.6,2025-08-20 22:58:06+00:00,33.997438,-81.01424,58.1,7.86,0.2,0.0,4.0,3D,2025-08-20 18:58:06-04:00,POINT (-81.01424 33.997438)
2025-08-20 22:58:11 UTC,sensor11,218187713,29.93,63.09,2025-08-20 22:58:11+00:00,33.997413,-81.013837,59.0,7.08,0.2,0.0,8.0,3D,2025-08-20 18:58:11-04:00,POINT (-81.013837 33.997413)
2025-08-20 22:58:16 UTC,sensor11,218187713,29.91,63.14,2025-08-20 22:58:16+00:00,33.997385,-81.013453,60.1,6.93,0.3,0.0,8.0,3D,2025-08-20 18:58:16-04:00,POINT (-81.013453 33.997385)
2025-08-20 22:58:21 UTC,sensor11,218187713,29.87,63.14,2025-08-20 22:58:21+00:00,33.997358,-81.013067,61.3,7.06,0.2,96.7,8.0,3D,2025-08-20 18:58:21-04:00,POINT (-81.013067 33.997358)
2025-08-20 22:58:26 UTC,sensor11,218187713,29.77,63.74,2025-08-20 22:58:26+00:00,33.997338,-81.01269,62.0,6.66,0.2,92.62,8.0,3D,2025-08-20 18:58:26-04:00,POINT (-81.01269 33.997338)
2025-08-20 22:58:31 UTC,sensor11,218187713,29.75,64.21,2025-08-20 22:58:31+00:00,33.997327,-81.012315,63.3,6.65,0.3,93.2,8.0,3D,2025-08-20 18:58:31-04:00,POINT (-81.012315 33.997327)
2025-08-20 22:58:36 UTC,sensor11,218187713,29.5,64.24,2025-08-20 22:58:36+00:00,33.997307,-81.011958,64.5,6.34,0.3,0.0,8.0,3D,2025-08-20 18:58:36-04:00,POINT (-81.011958 33.997307)
2025-08-20 22:58:41 UTC,sensor11,218187713,29.4,64.67,2025-08-20 22:58:41+00:00,33.997283,-81.011622,66.0,6.52,0.3,95.55,8.0,3D,2025-08-20 18:58:41-04:00,POINT (-81.011622 33.997283)
2025-08-20 22:58:46 UTC,sensor11,218187713,29.37,65.14,2025-08-20 22:58:46+00:00,33.99727,-81.01129,67.7,6.3,0.3,92.8,8.0,3D,2025-08-20 18:58:46-04:00,POINT (-81.01129 33.99727)
2025-08-20 22:58:51 UTC,sensor11,218187713,29.46,65.14,2025-08-20 22:58:51+00:00,33.997255,-81.010975,69.5,5.73,0.4,94.79,8.0,3D,2025-08-20 18:58:51-04:00,POINT (-81.010975 33.997255)
2025-08-20 22:58:56 UTC,sensor11,218187713,29.56,64.86,2025-08-20 22:58:56+00:00,33.997252,-81.010653,71.5,6.09,0.4,97.95,8.0,3D,2025-08-20 18:58:56-04:00,POINT (-81.010653 33.997252)
2025-08-20 22:59:01 UTC,sensor11,218187713,29.39,64.27,2025-08-20 22:59:01+00:00,33.997218,-81.010353,72.5,6.09,0.1,95.58,8.0,3D,2025-08-20 18:59:01-04:00,POINT (-81.010353 33.997218)
2025-08-20 22:59:06 UTC,sensor11,218187713,29.22,64.99,2025-08-20 22:59:06+00:00,33.997212,-81.010083,73.4,5.41,0.5,97.84,8.0,3D,2025-08-20 18:59:06-04:00,POINT (-81.010083 33.997212)
2025-08-20 22:59:11 UTC,sensor11,218187713,29.3,65.94,2025-08-20 22:59:11+00:00,33.997172,-81.00976,76.0,5.92,0.6,96.66,8.0,3D,2025-08-20 18:59:11-04:00,POINT (-81.00976 33.997172)
2025-08-20 22:59:17 UTC,sensor11,218187713,29.29,65.9,2025-08-20 22:59:16+00:00,33.997152,-81.009455,78.9,5.19,0.6,92.28,8.0,3D,2025-08-20 18:59:16-04:00,POINT (-81.009455 33.997152)
2025-08-20 22:59:22 UTC,sensor11,218187713,29.24,66.1,2025-08-20 22:59:21+00:00,33.997173,-81.009218,82.3,3.5,0.7,59.61,8.0,3D,2025-08-20 18:59:21-04:00,POINT (-81.009218 33.997173)
2025-08-20 22:59:27 UTC,sensor11,218187713,29.23,65.72,2025-08-20 22:59:26+00:00,33.997335,-81.009152,86.2,3.78,0.9,7.5,8.0,3D,2025-08-20 18:59:26-04:00,POINT (-81.009152 33.997335)
2025-08-20 22:59:32 UTC,sensor11,218187713,29.2,65.35,2025-08-20 22:59:31+00:00,33.997492,-81.009128,89.3,3.58,-0.1,8.03,8.0,3D,2025-08-20 18:59:31-04:00,POINT (-81.009128 33.997492)
2025-08-20 22:59:37 UTC,sensor11,218187713,29.16,65.52,2025-08-20 22:59:36+00:00,33.997667,-81.009102,91.4,3.45,0.8,358.28,8.0,3D,2025-08-20 18:59:36-04:00,POINT (-81.009102 33.997667)
2025-08-20 22:59:42 UTC,sensor11,218187713,29.25,65.44,2025-08-20 22:59:41+00:00,33.99783,-81.009095,93.8,3.36,0.3,1.12,8.0,3D,2025-08-20 18:59:41-04:00,POINT (-81.009095 33.99783)
2025-08-20 22:59:47 UTC,sensor11,218187713,29.31,64.85,2025-08-20 22:59:46+00:00,33.998012,-81.009087,95.6,3.63,-0.1,5.35,8.0,3D,2025-08-20 18:59:46-04:00,POINT (-81.009087 33.998012)
2025-08-20 22:59:52 UTC,sensor11,218187713,29.42,65.27,2025-08-20 22:59:52+00:00,33.998208,-81.009057,97.9,4.85,0.2,0.0,8.0,3D,2025-08-20 18:59:52-04:00,POINT (-81.009057 33.998208)
2025-08-20 22:59:57 UTC,sensor11,218187713,29.43,64.96,2025-08-20 22:59:57+00:00,33.998385,-81.009008,99.5,3.33,0.3,0.0,8.0,3D,2025-08-20 18:59:57-04:00,POINT (-81.009008 33.998385)
2025-08-20 23:00:02 UTC,sensor11,218187713,29.46,64.83,2025-08-20 23:00:02+00:00,33.998483,-81.008927,101.5,2.66,0.6,0.0,8.0,3D,2025-08-20 19:00:02-04:00,POINT (-81.008927 33.998483)
2025-08-20 23:00:07 UTC,sensor11,218187713,29.47,64.86,2025-08-20 23:00:07+00:00,33.998653,-81.008945,104.3,4.25,0.6,0.0,8.0,3D,2025-08-20 19:00:07-04:00,POINT (-81.008945 33.998653)
2025-08-20 23:00:12 UTC,sensor11,218187713,29.48,64.66,2025-08-20 23:00:12+00:00,33.998852,-81.008927,107.2,4.64,0.6,0.0,8.0,3D,2025-08-20 19:00:12-04:00,POINT (-81.008927 33.998852)
2025-08-20 23:00:17 UTC,sensor11,218187713,29.35,64.58,2025-08-20 23:00:17+00:00,33.999072,-81.008912,109.3,5.38,0.2,0.0,8.0,3D,2025-08-20 19:00:17-04:00,POINT (-81.008912 33.999072)
2025-08-20 23:00:22 UTC,sensor11,218187713,29.23,64.92,2025-08-20 23:00:22+00:00,33.99931,-81.00888,110.4,5.4,0.1,0.0,8.0,3D,2025-08-20 19:00:22-04:00,POINT (-81.00888 33.99931)
2025-08-20 23:00:27 UTC,sensor11,218187713,29.17,65.52,2025-08-20 23:00:27+00:00,33.999565,-81.008847,111.3,5.85,-0.1,4.6,8.0,3D,2025-08-20 19:00:27-04:00,POINT (-81.008847 33.999565)
2025-08-20 23:00:32 UTC,sensor11,218187713,29.22,66.25,2025-08-20 23:00:32+00:00,33.999822,-81.008773,108.3,4.38,-2.0,6.59,8.0,3D,2025-08-20 19:00:32-04:00,POINT (-81.008773 33.999822)
2025-08-20 23:00:37 UTC,sensor11,218187713,29.23,66.31,2025-08-20 23:00:37+00:00,33.999933,-81.008798,108.9,3.48,0.3,323.23,8.0,3D,2025-08-20 19:00:37-04:00,POINT (-81.008798 33.999933)
2025-08-20 23:00:42 UTC,sensor11,218187713,29.17,67.13,2025-08-20 23:00:42+00:00,33.999945,-81.00904,103.1,4.33,-1.7,269.18,8.0,3D,2025-08-20 19:00:42-04:00,POINT (-81.00904 33.999945)
2025-08-20 23:00:47 UTC,sensor11,218187713,29.16,66.07,2025-08-20 23:00:47+00:00,33.999975,-81.009302,98.9,4.76,0.1,270.06,8.0,3D,2025-08-20 19:00:47-04:00,POINT (-81.009302 33.999975)
2025-08-20 23:00:52 UTC,sensor11,218187713,29.08,65.43,2025-08-20 23:00:52+00:00,33.999988,-81.00958,97.5,5.12,0.4,279.48,8.0,3D,2025-08-20 19:00:52-04:00,POINT (-81.00958 33.999988)
2025-08-20 23:00:57 UTC,sensor11,218187713,29.14,65.77,2025-08-20 23:00:57+00:00,34.00001,-81.009848,96.3,3.97,0.4,272.05,8.0,3D,2025-08-20 19:00:57-04:00,POINT (-81.009848 34.00001)
2025-08-20 23:01:02 UTC,sensor11,218187713,29.25,65.81,2025-08-20 23:01:02+00:00,34.00003,-81.010128,98.2,4.86,0.4,277.72,8.0,3D,2025-08-20 19:01:02-04:00,POINT (-81.010128 34.00003)
2025-08-20 23:01:07 UTC,sensor11,218187713,29.05,66.51,2025-08-20 23:01:07+00:00,34.00013,-81.010412,101.3,4.23,0.3,329.21,8.0,3D,2025-08-20 19:01:07-04:00,POINT (-81.010412 34.00013)
2025-08-20 23:01:12 UTC,sensor11,218187713,28.99,65.98,2025-08-20 23:01:12+00:00,34.000337,-81.010438,100.1,6.09,-0.1,358.79,8.0,3D,2025-08-20 19:01:12-04:00,POINT (-81.010438 34.000337)
2025-08-20 23:01:17 UTC,sensor11,218187713,29.01,66.48,2025-08-20 23:01:17+00:00,34.000687,-81.01042,100.5,8.23,0.2,7.27,8.0,3D,2025-08-20 19:01:17-04:00,POINT (-81.01042 34.000687)
2025-08-20 23:01:22 UTC,sensor11,218187713,29.06,66.8,2025-08-20 23:01:22+00:00,34.001055,-81.01039,100.3,7.13,0.0,6.96,8.0,3D,2025-08-20 19:01:22-04:00,POINT (-81.01039 34.001055)
2025-08-20 23:01:27 UTC,sensor11,218187713,29.11,66.41,2025-08-20 23:01:27+00:00,34.001368,-81.010368,100.2,6.73,0.0,4.1,8.0,3D,2025-08-20 19:01:27-04:00,POINT (-81.010368 34.001368)
2025-08-20 23:01:33 UTC,sensor11,218187713,29.04,66.05,2025-08-20 23:01:32+00:00,34.001695,-81.010358,98.6,7.12,0.1,2.43,8.0,3D,2025-08-20 19:01:32-04:00,POINT (-81.010358 34.001695)
2025-08-20 23:01:38 UTC,sensor11,218187713,29.03,66.04,2025-08-20 23:01:37+00:00,34.00204,-81.010288,100.0,7.05,0.3,6.0,8.0,3D,2025-08-20 19:01:37-04:00,POINT (-81.010288 34.00204)
2025-08-20 23:01:43 UTC,sensor11,218187713,28.97,66.39,2025-08-20 23:01:42+00:00,34.002402,-81.010247,98.2,7.13,0.1,2.44,8.0,3D,2025-08-20 19:01:42-04:00,POINT (-81.010247 34.002402)
2025-08-20 23:01:48 UTC,sensor11,218187713,28.92,66.39,2025-08-20 23:01:47+00:00,34.002713,-81.010217,97.0,5.67,-0.5,2.35,8.0,3D,2025-08-20 19:01:47-04:00,POINT (-81.010217 34.002713)
2025-08-20 23:01:53 UTC,sensor11,218187713,28.98,66.36,2025-08-20 23:01:52+00:00,34.002908,-81.010343,97.4,5.4,0.1,294.89,8.0,3D,2025-08-20 19:01:52-04:00,POINT (-81.010343 34.002908)
2025-08-20 23:01:58 UTC,sensor11,218187713,29.04,65.94,2025-08-20 23:01:57+00:00,34.002958,-81.010583,95.7,3.42,0.2,278.8,8.0,3D,2025-08-20 19:01:57-04:00,POINT (-81.010583 34.002958)
2025-08-20 23:02:03 UTC,sensor11,218187713,29.1,66.07,2025-08-20 23:02:02+00:00,34.00285,-81.010762,94.1,4.81,-1.5,226.22,8.0,3D,2025-08-20 19:02:02-04:00,POINT (-81.010762 34.00285)
2025-08-20 23:02:08 UTC,sensor11,218187713,29.13,66.39,2025-08-20 23:02:07+00:00,34.002722,-81.01097,93.8,4.77,-0.6,228.61,9.0,3D,2025-08-20 19:02:07-04:00,POINT (-81.01097 34.002722)
2025-08-20 23:02:13 UTC,sensor11,218187713,29.26,66.16,2025-08-20 23:02:12+00:00,34.00258,-81.01113,95.8,4.7,0.3,221.92,9.0,3D,2025-08-20 19:02:12-04:00,POINT (-81.01113 34.00258)
2025-08-20 23:02:18 UTC,sensor11,218187713,29.18,65.69,2025-08-20 23:02:17+00:00,34.002462,-81.011352,96.5,4.73,0.2,245.47,9.0,3D,2025-08-20 19:02:17-04:00,POINT (-81.011352 34.002462)
2025-08-20 23:02:23 UTC,sensor11,218187713,29.26,65.46,2025-08-20 23:02:22+00:00,34.002388,-81.011618,97.5,4.22,0.1,262.8,9.0,3D,2025-08-20 19:02:22-04:00,POINT (-81.011618 34.002388)
2025-08-20 23:02:28 UTC,sensor11,218187713,29.28,65.12,2025-08-20 23:02:27+00:00,34.002363,-81.011838,97.9,3.92,0.1,227.87,9.0,3D,2025-08-20 19:02:27-04:00,POINT (-81.011838 34.002363)
2025-08-20 23:02:33 UTC,sensor11,218187713,29.21,65.61,2025-08-20 23:02:33+00:00,34.00217,-81.012077,98.9,5.21,0.2,0.0,9.0,3D,2025-08-20 19:02:33-04:00,POINT (-81.012077 34.00217)
2025-08-20 23:02:38 UTC,sensor11,218187713,29.21,66.19,2025-08-20 23:02:38+00:00,34.001987,-81.01231,95.3,5.84,0.0,0.0,9.0,3D,2025-08-20 19:02:38-04:00,POINT (-81.01231 34.001987)
2025-08-20 23:02:43 UTC,sensor11,218187713,29.16,66.98,2025-08-20 23:02:43+00:00,34.001795,-81.012518,96.0,6.05,0.2,0.0,9.0,3D,2025-08-20 19:02:43-04:00,POINT (-81.012518 34.001795)
2025-08-20 23:02:48 UTC,sensor11,218187713,29.22,66.79,2025-08-20 23:02:48+00:00,34.001618,-81.012738,96.9,4.86,0.2,0.0,9.0,3D,2025-08-20 19:02:48-04:00,POINT (-81.012738 34.001618)
2025-08-20 23:02:53 UTC,sensor11,218187713,29.25,66.46,2025-08-20 23:02:53+00:00,34.001543,-81.012867,98.2,2.52,0.3,280.71,9.0,3D,2025-08-20 19:02:53-04:00,POINT (-81.012867 34.001543)
2025-08-20 23:02:58 UTC,sensor11,218187713,29.11,66.29,2025-08-20 23:02:58+00:00,34.001647,-81.013028,99.4,4.91,0.2,322.56,9.0,3D,2025-08-20 19:02:58-04:00,POINT (-81.013028 34.001647)
2025-08-20 23:03:03 UTC,sensor11,218187713,29.1,66.55,2025-08-20 23:03:03+00:00,34.001825,-81.013135,96.6,4.0,-0.4,343.61,9.0,3D,2025-08-20 19:03:03-04:00,POINT (-81.013135 34.001825)
2025-08-20 23:03:08 UTC,sensor11,218187713,29.05,67.01,2025-08-20 23:03:08+00:00,34.001892,-81.013265,91.7,3.56,-0.1,332.66,9.0,3D,2025-08-20 19:03:08-04:00,POINT (-81.013265 34.001892)
2025-08-20 23:03:18 UTC,sensor11,218187713,29.04,66.85,2025-08-20 23:03:18+00:00,34.002078,-81.013257,86.5,2.81,-3.3,79.5,9.0,3D,2025-08-20 19:03:18-04:00,POINT (-81.013257 34.002078)
2025-08-20 23:03:23 UTC,sensor11,218187713,28.94,66.84,2025-08-20 23:03:23+00:00,34.002192,-81.013165,83.6,3.12,-0.3,49.46,9.0,3D,2025-08-20 19:03:23-04:00,POINT (-81.013165 34.002192)
2025-08-20 23:03:28 UTC,sensor11,218187713,29.03,67.41,2025-08-20 23:03:28+00:00,34.002288,-81.013015,81.8,3.3,-0.4,79.79,9.0,3D,2025-08-20 19:03:28-04:00,POINT (-81.013015 34.002288)
2025-08-20 23:07:00 UTC,sensor11,218187713,29.26,66.58,2025-08-20 23:07:00+00:00,34.002302,-81.012818,90.0,2.34,-0.3,315.2,8.0,3D,2025-08-20 19:07:00-04:00,POINT (-81.012818 34.002302)
2025-08-20 23:07:11 UTC,sensor11,218187713,29.18,66.38,2025-08-20 23:07:10+00:00,34.002455,-81.013053,86.2,2.81,-0.5,306.27,8.0,3D,2025-08-20 19:07:10-04:00,POINT (-81.013053 34.002455)
2025-08-20 23:07:26 UTC,sensor11,218187713,29.05,66.9,2025-08-20 23:07:25+00:00,34.002722,-81.013205,79.0,3.05,-0.5,54.56,8.0,3D,2025-08-20 19:07:25-04:00,POINT (-81.013205 34.002722)
2025-08-20 23:07:31 UTC,sensor11,218187713,29.12,66.83,2025-08-20 23:07:30+00:00,34.002852,-81.01305,76.5,4.08,-0.6,51.58,8.0,3D,2025-08-20 19:07:30-04:00,POINT (-81.01305 34.002852)
2025-08-20 23:07:36 UTC,sensor11,218187713,29.1,67.01,2025-08-20 23:07:35+00:00,34.002972,-81.012865,73.8,4.29,-0.5,57.72,8.0,3D,2025-08-20 19:07:35-04:00,POINT (-81.012865 34.002972)
2025-08-20 23:07:41 UTC,sensor11,218187713,29.03,66.88,2025-08-20 23:07:40+00:00,34.003077,-81.012665,71.3,4.2,-0.4,63.23,8.0,3D,2025-08-20 19:07:40-04:00,POINT (-81.012665 34.003077)
2025-08-20 23:07:46 UTC,sensor11,218187713,28.98,67.91,2025-08-20 23:07:45+00:00,34.003178,-81.012492,69.5,4.23,-0.3,58.49,8.0,3D,2025-08-20 19:07:45-04:00,POINT (-81.012492 34.003178)
2025-08-20 23:07:51 UTC,sensor11,218187713,28.96,68.75,2025-08-20 23:07:50+00:00,34.003292,-81.012307,68.3,4.23,-0.2,54.14,8.0,3D,2025-08-20 19:07:50-04:00,POINT (-81.012307 34.003292)
2025-08-20 23:07:56 UTC,sensor11,218187713,28.95,68.22,2025-08-20 23:07:56+00:00,34.00345,-81.012158,67.8,3.67,-0.1,0.0,8.0,3D,2025-08-20 19:07:56-04:00,POINT (-81.012158 34.00345)
2025-08-20 23:08:01 UTC,sensor11,218187713,28.97,67.76,2025-08-20 23:08:01+00:00,34.003625,-81.012183,67.8,4.17,0.0,0.0,8.0,3D,2025-08-20 19:08:01-04:00,POINT (-81.012183 34.003625)
2025-08-20 23:08:06 UTC,sensor11,218187713,28.81,68.82,2025-08-20 23:08:06+00:00,34.003798,-81.01223,68.1,3.78,0.1,0.0,4.0,3D,2025-08-20 19:08:06-04:00,POINT (-81.01223 34.003798)
2025-08-20 23:08:11 UTC,sensor11,218187713,28.8,68.45,2025-08-20 23:08:11+00:00,34.003952,-81.012295,69.4,3.5,0.4,0.0,8.0,3D,2025-08-20 19:08:11-04:00,POINT (-81.012295 34.003952)
2025-08-20 23:08:16 UTC,sensor11,218187713,28.78,67.95,2025-08-20 23:08:16+00:00,34.004098,-81.012337,71.2,4.17,0.4,345.75,8.0,3D,2025-08-20 19:08:16-04:00,POINT (-81.012337 34.004098)
2025-08-20 23:08:21 UTC,sensor11,218187713,28.7,69.2,2025-08-20 23:08:21+00:00,34.00425,-81.012358,71.6,3.8,0.1,350.08,8.0,3D,2025-08-20 19:08:21-04:00,POINT (-81.012358 34.00425)
2025-08-20 23:08:26 UTC,sensor11,218187713,28.56,70.36,2025-08-20 23:08:26+00:00,34.004425,-81.012423,73.6,4.29,0.5,341.44,8.0,3D,2025-08-20 19:08:26-04:00,POINT (-81.012423 34.004425)
2025-08-20 23:08:31 UTC,sensor11,218187713,28.45,70.86,2025-08-20 23:08:31+00:00,34.004615,-81.01251,76.9,4.12,0.7,337.82,8.0,3D,2025-08-20 19:08:31-04:00,POINT (-81.01251 34.004615)
2025-08-20 23:08:36 UTC,sensor11,218187713,28.48,70.0,2025-08-20 23:08:36+00:00,34.004812,-81.012652,80.5,5.06,0.8,324.53,8.0,3D,2025-08-20 19:08:36-04:00,POINT (-81.012652 34.004812)
2025-08-20 23:08:41 UTC,sensor11,218187713,28.55,69.71,2025-08-20 23:08:41+00:00,34.005028,-81.012802,84.8,4.52,0.9,327.32,8.0,3D,2025-08-20 19:08:41-04:00,POINT (-81.012802 34.005028)
2025-08-20 23:08:46 UTC,sensor11,218187713,28.58,68.74,2025-08-20 23:08:46+00:00,34.0052,-81.012958,88.7,4.97,0.7,322.58,8.0,3D,2025-08-20 19:08:46-04:00,POINT (-81.012958 34.0052)
2025-08-20 23:08:51 UTC,sensor11,218187713,28.63,68.91,2025-08-20 23:08:51+00:00,34.00536,-81.013125,91.1,4.68,0.6,322.55,8.0,3D,2025-08-20 19:08:51-04:00,POINT (-81.013125 34.00536)
2025-08-20 23:08:57 UTC,sensor11,218187713,28.67,69.0,2025-08-20 23:08:56+00:00,34.005493,-81.013287,94.8,4.64,0.8,317.12,8.0,3D,2025-08-20 19:08:56-04:00,POINT (-81.013287 34.005493)
2025-08-20 23:09:02 UTC,sensor11,218187713,28.74,67.89,2025-08-20 23:09:01+00:00,34.005645,-81.013462,97.9,5.63,0.7,318.69,8.0,3D,2025-08-20 19:09:01-04:00,POINT (-81.013462 34.005645)
2025-08-20 23:09:07 UTC,sensor11,218187713,28.77,67.34,2025-08-20 23:09:06+00:00,34.005838,-81.013645,101.0,5.67,0.7,328.26,8.0,3D,2025-08-20 19:09:06-04:00,POINT (-81.013645 34.005838)
2025-08-20 23:09:12 UTC,sensor11,218187713,28.83,67.56,2025-08-20 23:09:11+00:00,34.006002,-81.013782,103.6,5.61,0.6,335.96,8.0,3D,2025-08-20 19:09:11-04:00,POINT (-81.013782 34.006002)
2025-08-20 23:09:17 UTC,sensor11,218187713,28.95,67.0,2025-08-20 23:09:16+00:00,34.006213,-81.01391,102.4,5.27,-0.4,342.58,8.0,3D,2025-08-20 19:09:16-04:00,POINT (-81.01391 34.006213)
2025-08-20 23:09:22 UTC,sensor11,218187713,29.06,66.9,2025-08-20 23:09:21+00:00,34.006405,-81.013983,103.0,5.28,-0.1,342.84,8.0,3D,2025-08-20 19:09:21-04:00,POINT (-81.013983 34.006405)
2025-08-20 23:09:27 UTC,sensor11,218187713,29.22,65.61,2025-08-20 23:09:26+00:00,34.00659,-81.014092,105.2,4.8,0.5,345.76,8.0,3D,2025-08-20 19:09:26-04:00,POINT (-81.014092 34.00659)
2025-08-20 23:09:32 UTC,sensor11,218187713,29.23,66.36,2025-08-20 23:09:31+00:00,34.006748,-81.014175,107.5,4.18,0.7,342.78,8.0,3D,2025-08-20 19:09:31-04:00,POINT (-81.014175 34.006748)
2025-08-20 23:09:37 UTC,sensor11,218187713,29.35,65.62,2025-08-20 23:09:36+00:00,34.006922,-81.014257,110.3,4.03,-0.6,342.39,8.0,3D,2025-08-20 19:09:36-04:00,POINT (-81.014257 34.006922)
2025-08-20 23:09:42 UTC,sensor11,218187713,29.35,64.98,2025-08-20 23:09:41+00:00,34.007087,-81.014327,111.4,3.4,0.4,339.13,8.0,3D,2025-08-20 19:09:41-04:00,POINT (-81.014327 34.007087)
2025-08-20 23:09:57 UTC,sensor11,218187713,29.43,64.51,2025-08-20 23:09:57+00:00,34.00725,-81.01413,114.7,4.52,-0.1,79.26,9.0,3D,2025-08-20 19:09:57-04:00,POINT (-81.01413 34.00725)
2025-08-20 23:10:02 UTC,sensor11,218187713,29.39,64.4,2025-08-20 23:10:02+00:00,34.007335,-81.01385,113.9,5.93,-0.4,67.61,9.0,3D,2025-08-20 19:10:02-04:00,POINT (-81.01385 34.007335)
2025-08-20 23:10:07 UTC,sensor11,218187713,29.54,64.09,2025-08-20 23:10:07+00:00,34.007443,-81.013485,113.0,8.42,-0.1,70.78,9.0,3D,2025-08-20 19:10:07-04:00,POINT (-81.013485 34.007443)
2025-08-20 23:10:12 UTC,sensor11,218187713,29.53,64.03,2025-08-20 23:10:12+00:00,34.007333,-81.013083,112.1,8.99,-0.6,127.05,9.0,3D,2025-08-20 19:10:12-04:00,POINT (-81.013083 34.007333)
2025-08-20 23:10:17 UTC,sensor11,218187713,29.62,63.96,2025-08-20 23:10:17+00:00,34.007108,-81.012723,112.5,8.69,0.1,126.88,9.0,3D,2025-08-20 19:10:17-04:00,POINT (-81.012723 34.007108)
2025-08-20 23:10:22 UTC,sensor11,218187713,29.7,63.83,2025-08-20 23:10:22+00:00,34.006925,-81.012397,113.3,8.2,0.3,122.67,9.0,3D,2025-08-20 19:10:22-04:00,POINT (-81.012397 34.006925)
2025-08-20 23:10:27 UTC,sensor11,218187713,29.86,63.64,2025-08-20 23:10:27+00:00,34.006757,-81.012062,114.1,6.7,0.4,121.69,9.0,3D,2025-08-20 19:10:27-04:00,POINT (-81.012062 34.006757)
2025-08-20 23:12:24 UTC,sensor11,218187713,30.36,62.37,2025-08-20 23:12:23+00:00,34.006597,-81.011897,109.1,2.47,0.0,130.67,9.0,3D,2025-08-20 19:12:23-04:00,POINT (-81.011897 34.006597)
2025-08-20 23:12:29 UTC,sensor11,218187713,30.29,62.3,2025-08-20 23:12:28+00:00,34.00655,-81.01174,108.8,2.62,-0.2,117.25,9.0,3D,2025-08-20 19:12:28-04:00,POINT (-81.01174 34.00655)
2025-08-20 23:12:34 UTC,sensor11,218187713,30.27,62.43,2025-08-20 23:12:33+00:00,34.006518,-81.011593,107.8,2.39,-0.2,102.07,9.0,3D,2025-08-20 19:12:33-04:00,POINT (-81.011593 34.006518)
2025-08-20 23:12:39 UTC,sensor11,218187713,30.15,62.42,2025-08-20 23:12:38+00:00,34.006487,-81.01142,106.5,3.31,-0.2,113.02,9.0,3D,2025-08-20 19:12:38-04:00,POINT (-81.01142 34.006487)
2025-08-20 23:12:44 UTC,sensor11,218187713,30.05,62.65,2025-08-20 23:12:43+00:00,34.006422,-81.011218,104.8,4.08,-0.3,107.09,9.0,3D,2025-08-20 19:12:43-04:00,POINT (-81.011218 34.006422)
2025-08-20 23:12:49 UTC,sensor11,218187713,30.02,62.94,2025-08-20 23:12:48+00:00,34.006338,-81.01096,102.8,4.88,-0.4,112.12,9.0,3D,2025-08-20 19:12:48-04:00,POINT (-81.01096 34.006338)
2025-08-20 23:12:54 UTC,sensor11,218187713,29.97,63.49,2025-08-20 23:12:54+00:00,34.006237,-81.010578,99.6,6.78,-0.6,0.0,9.0,3D,2025-08-20 19:12:54-04:00,POINT (-81.010578 34.006237)
2025-08-20 23:12:59 UTC,sensor11,218187713,29.93,64.33,2025-08-20 23:12:59+00:00,34.006162,-81.01023,96.4,6.73,-0.6,0.0,9.0,3D,2025-08-20 19:12:59-04:00,POINT (-81.01023 34.006162)
2025-08-20 23:13:04 UTC,sensor11,218187713,29.91,64.6,2025-08-20 23:13:04+00:00,34.006065,-81.00984,93.6,7.52,-0.5,0.0,9.0,3D,2025-08-20 19:13:04-04:00,POINT (-81.00984 34.006065)
2025-08-20 23:13:09 UTC,sensor11,218187713,29.84,64.42,2025-08-20 23:13:09+00:00,34.005963,-81.009438,91.0,8.2,-0.5,103.72,9.0,3D,2025-08-20 19:13:09-04:00,POINT (-81.009438 34.005963)
2025-08-20 23:13:14 UTC,sensor11,218187713,29.83,64.24,2025-08-20 23:13:14+00:00,34.005828,-81.009035,88.8,8.45,-0.4,117.44,9.0,3D,2025-08-20 19:13:14-04:00,POINT (-81.009035 34.005828)
2025-08-20 23:13:19 UTC,sensor11,218187713,29.94,63.76,2025-08-20 23:13:19+00:00,34.005652,-81.008668,86.9,8.13,-0.4,122.32,9.0,3D,2025-08-20 19:13:19-04:00,POINT (-81.008668 34.005652)
2025-08-20 23:13:24 UTC,sensor11,218187713,29.79,64.45,2025-08-20 23:13:24+00:00,34.00546,-81.00834,85.7,7.54,-0.1,122.61,9.0,3D,2025-08-20 19:13:24-04:00,POINT (-81.00834 34.00546)
2025-08-20 23:13:29 UTC,sensor11,218187713,29.66,64.21,2025-08-20 23:13:29+00:00,34.00528,-81.008073,84.8,5.92,-0.1,122.14,9.0,3D,2025-08-20 19:13:29-04:00,POINT (-81.008073 34.00528)
2025-08-20 23:13:34 UTC,sensor11,218187713,29.65,64.73,2025-08-20 23:13:34+00:00,34.005138,-81.00784,84.2,5.37,-0.1,123.75,9.0,3D,2025-08-20 19:13:34-04:00,POINT (-81.00784 34.005138)
2025-08-20 23:13:39 UTC,sensor11,218187713,29.66,64.62,2025-08-20 23:13:39+00:00,34.005005,-81.007628,83.8,4.8,-0.1,123.4,9.0,3D,2025-08-20 19:13:39-04:00,POINT (-81.007628 34.005005)
2025-08-20 23:13:44 UTC,sensor11,218187713,29.64,64.25,2025-08-20 23:13:44+00:00,34.004853,-81.007563,83.7,4.38,0.1,197.77,9.0,3D,2025-08-20 19:13:44-04:00,POINT (-81.007563 34.004853)
2025-08-20 23:13:49 UTC,sensor11,218187713,29.58,64.31,2025-08-20 23:13:49+00:00,34.004672,-81.007702,84.2,4.68,0.1,210.95,9.0,3D,2025-08-20 19:13:49-04:00,POINT (-81.007702 34.004672)
2025-08-20 23:13:54 UTC,sensor11,218187713,29.53,64.31,2025-08-20 23:13:54+00:00,34.004457,-81.007738,85.0,5.06,0.2,153.6,9.0,3D,2025-08-20 19:13:54-04:00,POINT (-81.007738 34.004457)
2025-08-20 23:13:59 UTC,sensor11,218187713,29.48,64.37,2025-08-20 23:13:59+00:00,34.004333,-81.007548,85.0,3.36,-0.1,123.37,9.0,3D,2025-08-20 19:13:59-04:00,POINT (-81.007548 34.004333)
2025-08-20 23:14:04 UTC,sensor11,218187713,29.48,64.57,2025-08-20 23:14:04+00:00,34.004268,-81.00739,84.1,3.49,0.1,115.02,9.0,3D,2025-08-20 19:14:04-04:00,POINT (-81.00739 34.004268)
2025-08-20 23:14:09 UTC,sensor11,218187713,29.49,64.67,2025-08-20 23:14:09+00:00,34.00419,-81.007273,85.0,3.23,0.2,120.73,9.0,3D,2025-08-20 19:14:09-04:00,POINT (-81.007273 34.00419)
2025-08-20 23:14:15 UTC,sensor11,218187713,29.45,64.87,2025-08-20 23:14:14+00:00,34.00412,-81.00713,85.8,2.62,0.1,113.62,9.0,3D,2025-08-20 19:14:14-04:00,POINT (-81.00713 34.00412)
2025-08-20 23:14:20 UTC,sensor11,218187713,29.37,65.26,2025-08-20 23:14:19+00:00,34.004055,-81.007002,86.5,2.99,0.1,126.97,9.0,3D,2025-08-20 19:14:19-04:00,POINT (-81.007002 34.004055)
2025-08-20 23:14:25 UTC,sensor11,218187713,29.37,64.8,2025-08-20 23:14:24+00:00,34.003992,-81.006882,87.0,2.42,0.1,119.2,9.0,3D,2025-08-20 19:14:24-04:00,POINT (-81.006882 34.003992)
2025-08-20 23:14:35 UTC,sensor11,218187713,29.45,65.12,2025-08-20 23:14:34+00:00,34.004035,-81.006742,89.1,2.84,0.3,15.21,9.0,3D,2025-08-20 19:14:34-04:00,POINT (-81.006742 34.004035)
2025-08-20 23:14:40 UTC,sensor11,218187713,29.37,64.8,2025-08-20 23:14:39+00:00,34.004177,-81.006693,90.1,3.15,0.2,19.8,9.0,3D,2025-08-20 19:14:39-04:00,POINT (-81.006693 34.004177)
2025-08-20 23:14:45 UTC,sensor11,218187713,29.33,65.03,2025-08-20 23:14:44+00:00,34.004325,-81.006632,90.6,3.38,0.1,24.55,9.0,3D,2025-08-20 19:14:44-04:00,POINT (-81.006632 34.004325)
2025-08-20 23:15:35 UTC,sensor11,218187713,29.79,64.31,2025-08-20 23:15:35+00:00,34.004638,-81.006455,84.2,3.12,-0.6,46.01,9.0,3D,2025-08-20 19:15:35-04:00,POINT (-81.006455 34.004638)
2025-08-20 23:15:40 UTC,sensor11,218187713,29.8,63.93,2025-08-20 23:15:40+00:00,34.00479,-81.006385,81.5,4.08,-0.5,6.86,9.0,3D,2025-08-20 19:15:40-04:00,POINT (-81.006385 34.00479)
2025-08-20 23:15:45 UTC,sensor11,218187713,29.71,63.79,2025-08-20 23:15:45+00:00,34.004962,-81.006362,79.3,3.95,-0.4,6.03,9.0,3D,2025-08-20 19:15:45-04:00,POINT (-81.006362 34.004962)
2025-08-20 23:15:50 UTC,sensor11,218187713,29.63,64.29,2025-08-20 23:15:50+00:00,34.005127,-81.006358,77.6,3.87,-0.2,2.33,9.0,3D,2025-08-20 19:15:50-04:00,POINT (-81.006358 34.005127)
2025-08-20 23:15:55 UTC,sensor11,218187713,29.57,65.04,2025-08-20 23:15:55+00:00,34.005275,-81.006362,76.6,2.92,-0.1,3.08,9.0,3D,2025-08-20 19:15:55-04:00,POINT (-81.006362 34.005275)
2025-08-20 23:16:01 UTC,sensor11,218187713,29.55,65.12,2025-08-20 23:16:00+00:00,34.00541,-81.006375,76.8,3.66,0.1,357.23,9.0,3D,2025-08-20 19:16:00-04:00,POINT (-81.006375 34.00541)
2025-08-20 23:16:06 UTC,sensor11,218187713,29.55,66.41,2025-08-20 23:16:05+00:00,34.005603,-81.006347,77.6,3.68,0.1,4.74,9.0,3D,2025-08-20 19:16:05-04:00,POINT (-81.006347 34.005603)
2025-08-20 23:16:11 UTC,sensor11,218187713,29.4,65.93,2025-08-20 23:16:10+00:00,34.005765,-81.006268,78.9,3.28,0.1,6.86,9.0,3D,2025-08-20 19:16:10-04:00,POINT (-81.006268 34.005765)
2025-08-20 23:16:16 UTC,sensor11,218187713,29.34,65.31,2025-08-20 23:16:15+00:00,34.005912,-81.00625,81.8,3.62,0.3,3.02,9.0,3D,2025-08-20 19:16:15-04:00,POINT (-81.00625 34.005912)
2025-08-20 23:16:21 UTC,sensor11,218187713,29.31,65.28,2025-08-20 23:16:20+00:00,34.00608,-81.006233,83.0,3.5,0.3,8.92,9.0,3D,2025-08-20 19:16:20-04:00,POINT (-81.006233 34.00608)
2025-08-20 23:16:26 UTC,sensor11,218187713,29.27,65.56,2025-08-20 23:16:26+00:00,34.006257,-81.00624,84.9,3.73,0.3,0.0,9.0,3D,2025-08-20 19:16:26-04:00,POINT (-81.00624 34.006257)
2025-08-20 23:16:31 UTC,sensor11,218187713,29.19,65.93,2025-08-20 23:16:31+00:00,34.006457,-81.006218,86.4,4.48,0.3,0.0,9.0,3D,2025-08-20 19:16:31-04:00,POINT (-81.006218 34.006457)
2025-08-20 23:16:36 UTC,sensor11,218187713,29.19,65.89,2025-08-20 23:16:36+00:00,34.006655,-81.00619,88.8,4.35,0.5,0.0,9.0,3D,2025-08-20 19:16:36-04:00,POINT (-81.00619 34.006655)
2025-08-20 23:16:41 UTC,sensor11,218187713,29.15,65.93,2025-08-20 23:16:41+00:00,34.006857,-81.006145,91.4,4.89,0.6,0.0,4.0,3D,2025-08-20 19:16:41-04:00,POINT (-81.006145 34.006857)
2025-08-20 23:16:46 UTC,sensor11,218187713,29.1,65.41,2025-08-20 23:16:46+00:00,34.007083,-81.006107,94.1,5.01,0.5,0.0,4.0,3D,2025-08-20 19:16:46-04:00,POINT (-81.006107 34.007083)
2025-08-20 23:16:51 UTC,sensor11,218187713,29.06,65.48,2025-08-20 23:16:51+00:00,34.007315,-81.00604,97.9,4.78,0.7,0.0,9.0,3D,2025-08-20 19:16:51-04:00,POINT (-81.00604 34.007315)
2025-08-20 23:16:56 UTC,sensor11,218187713,29.05,65.77,2025-08-20 23:16:56+00:00,34.007563,-81.006,102.3,5.97,1.1,0.0,9.0,3D,2025-08-20 19:16:56-04:00,POINT (-81.006 34.007563)
2025-08-20 23:17:01 UTC,sensor11,218187713,29.05,66.03,2025-08-20 23:17:01+00:00,34.007852,-81.005967,105.8,6.31,0.9,10.94,9.0,3D,2025-08-20 19:17:01-04:00,POINT (-81.005967 34.007852)
2025-08-20 23:17:06 UTC,sensor11,218187713,29.01,66.17,2025-08-20 23:17:06+00:00,34.00818,-81.005948,110.3,6.6,0.0,7.81,9.0,3D,2025-08-20 19:17:06-04:00,POINT (-81.005948 34.00818)
2025-08-20 23:17:11 UTC,sensor11,218187713,29.04,66.54,2025-08-20 23:17:08+00:00,34.008295,-81.005945,112.1,6.21,0.9,7.59,9.0,3D,2025-08-20 19:17:08-04:00,POINT (-81.005945 34.008295)
2025-08-20 23:17:16 UTC,sensor11,218187713,29.02,66.61,2025-08-20 23:17:16+00:00,34.008678,-81.00593,115.8,5.15,-1.4,356.71,10.0,3D,2025-08-20 19:17:16-04:00,POINT (-81.00593 34.008678)
2025-08-20 23:17:21 UTC,sensor11,218187713,28.94,67.02,2025-08-20 23:17:21+00:00,34.00894,-81.006018,116.6,5.26,1.0,346.94,9.0,3D,2025-08-20 19:17:21-04:00,POINT (-81.006018 34.00894)
2025-08-20 23:17:26 UTC,sensor11,218187713,29.01,67.45,2025-08-20 23:17:26+00:00,34.009163,-81.00607,120.4,4.75,-0.2,347.92,9.0,3D,2025-08-20 19:17:26-04:00,POINT (-81.00607 34.009163)
2025-08-20 23:17:31 UTC,sensor11,218187713,28.95,67.16,2025-08-20 23:17:31+00:00,34.00936,-81.006132,123.5,4.77,0.8,347.5,9.0,3D,2025-08-20 19:17:31-04:00,POINT (-81.006132 34.00936)
2025-08-20 23:17:36 UTC,sensor11,218187713,28.89,67.4,2025-08-20 23:17:36+00:00,34.009555,-81.006178,127.4,3.5,0.5,351.24,9.0,3D,2025-08-20 19:17:36-04:00,POINT (-81.006178 34.009555)
2025-08-20 23:17:41 UTC,sensor11,218187713,28.95,67.43,2025-08-20 23:17:41+00:00,34.009695,-81.006117,127.8,3.17,0.7,63.42,9.0,3D,2025-08-20 19:17:41-04:00,POINT (-81.006117 34.009695)
2025-08-20 23:17:47 UTC,sensor11,218187713,28.97,67.51,2025-08-20 23:17:46+00:00,34.00977,-81.005928,126.8,5.02,-0.1,73.35,9.0,3D,2025-08-20 19:17:46-04:00,POINT (-81.005928 34.00977)
2025-08-20 23:17:52 UTC,sensor11,218187713,28.93,67.19,2025-08-20 23:17:51+00:00,34.009858,-81.005627,127.3,5.75,-0.7,70.08,9.0,3D,2025-08-20 19:17:51-04:00,POINT (-81.005627 34.009858)
2025-08-20 23:17:57 UTC,sensor11,218187713,28.88,67.12,2025-08-20 23:17:56+00:00,34.009952,-81.005302,124.3,6.38,0.3,79.21,9.0,3D,2025-08-20 19:17:56-04:00,POINT (-81.005302 34.009952)
2025-08-20 23:18:02 UTC,sensor11,218187713,28.76,66.4,2025-08-20 23:18:01+00:00,34.009987,-81.005005,122.9,6.61,-0.7,112.49,9.0,3D,2025-08-20 19:18:01-04:00,POINT (-81.005005 34.009987)
2025-08-20 23:18:07 UTC,sensor11,218187713,28.75,66.37,2025-08-20 23:18:06+00:00,34.009843,-81.00468,121.2,6.85,0.3,116.2,9.0,3D,2025-08-20 19:18:06-04:00,POINT (-81.00468 34.009843)
2025-08-20 23:18:12 UTC,sensor11,218187713,28.74,66.5,2025-08-20 23:18:11+00:00,34.00974,-81.004412,123.2,4.29,0.3,93.3,9.0,3D,2025-08-20 19:18:11-04:00,POINT (-81.004412 34.00974)
2025-08-20 23:18:17 UTC,sensor11,218187713,28.73,66.58,2025-08-20 23:18:17+00:00,34.009895,-81.004317,123.6,4.87,0.0,0.0,9.0,3D,2025-08-20 19:18:17-04:00,POINT (-81.004317 34.009895)
2025-08-20 23:18:22 UTC,sensor11,218187713,28.73,67.04,2025-08-20 23:18:22+00:00,34.010087,-81.004253,123.5,4.7,-1.6,0.0,9.0,3D,2025-08-20 19:18:22-04:00,POINT (-81.004253 34.010087)
2025-08-20 23:18:32 UTC,sensor11,218187713,28.8,67.6,2025-08-20 23:18:32+00:00,34.010207,-81.003987,126.2,5.76,-0.6,77.57,9.0,3D,2025-08-20 19:18:32-04:00,POINT (-81.003987 34.010207)
2025-08-20 23:18:37 UTC,sensor11,218187713,28.84,67.41,2025-08-20 23:18:37+00:00,34.010268,-81.003643,128.0,7.14,0.3,76.07,9.0,3D,2025-08-20 19:18:37-04:00,POINT (-81.003643 34.010268)
2025-08-20 23:18:42 UTC,sensor11,218187713,28.9,67.11,2025-08-20 23:18:42+00:00,34.010362,-81.003248,126.3,7.72,0.3,76.35,9.0,3D,2025-08-20 19:18:42-04:00,POINT (-81.003248 34.010362)
2025-08-20 23:18:47 UTC,sensor11,218187713,28.9,66.76,2025-08-20 23:18:47+00:00,34.010448,-81.002848,125.1,7.77,0.1,77.69,9.0,3D,2025-08-20 19:18:47-04:00,POINT (-81.002848 34.010448)
2025-08-20 23:18:52 UTC,sensor11,218187713,28.96,66.67,2025-08-20 23:18:52+00:00,34.010538,-81.002473,124.9,9.0,0.0,67.92,9.0,3D,2025-08-20 19:18:52-04:00,POINT (-81.002473 34.010538)
2025-08-20 23:18:57 UTC,sensor11,218187713,28.96,66.77,2025-08-20 23:18:57+00:00,34.010613,-81.002018,124.5,9.01,0.3,79.64,9.0,3D,2025-08-20 19:18:57-04:00,POINT (-81.002018 34.010613)
2025-08-20 23:19:02 UTC,sensor11,218187713,29.0,66.96,2025-08-20 23:19:02+00:00,34.0107,-81.001595,126.5,7.94,0.4,76.94,9.0,3D,2025-08-20 19:19:02-04:00,POINT (-81.001595 34.0107)
2025-08-20 23:19:07 UTC,sensor11,218187713,28.95,66.35,2025-08-20 23:19:07+00:00,34.010793,-81.0012,128.9,7.78,0.5,76.38,9.0,3D,2025-08-20 19:19:07-04:00,POINT (-81.0012 34.010793)
2025-08-20 23:19:12 UTC,sensor11,218187713,28.91,66.42,2025-08-20 23:19:12+00:00,34.010872,-81.000772,125.7,9.85,0.0,76.3,9.0,3D,2025-08-20 19:19:12-04:00,POINT (-81.000772 34.010872)
2025-08-20 23:19:17 UTC,sensor11,218187713,28.85,67.04,2025-08-20 23:19:17+00:00,34.010967,-81.000218,126.7,10.82,0.2,76.88,9.0,3D,2025-08-20 19:19:17-04:00,POINT (-81.000218 34.010967)
2025-08-20 23:19:22 UTC,sensor11,218187713,28.87,67.47,2025-08-20 23:19:22+00:00,34.011063,-80.99965,127.8,11.0,0.1,80.56,9.0,3D,2025-08-20 19:19:22-04:00,POINT (-80.99965 34.011063)
2025-08-20 23:19:27 UTC,sensor11,218187713,28.84,67.37,2025-08-20 23:19:27+00:00,34.011152,-80.999112,129.4,10.27,0.5,76.96,9.0,3D,2025-08-20 19:19:27-04:00,POINT (-80.999112 34.011152)
2025-08-20 23:19:32 UTC,sensor11,218187713,28.78,67.62,2025-08-20 23:19:32+00:00,34.011357,-80.998885,128.0,5.35,0.3,16.96,9.0,3D,2025-08-20 19:19:32-04:00,POINT (-80.998885 34.011357)
2025-08-20 23:19:37 UTC,sensor11,218187713,28.77,67.72,2025-08-20 23:19:37+00:00,34.011718,-80.998987,128.8,8.73,-0.1,350.69,9.0,3D,2025-08-20 19:19:37-04:00,POINT (-80.998987 34.011718)
2025-08-20 23:19:42 UTC,sensor11,218187713,28.69,68.22,2025-08-20 23:19:38+00:00,34.0118,-80.99902,128.8,8.55,0.0,351.03,9.0,3D,2025-08-20 19:19:38-04:00,POINT (-80.99902 34.0118)
2025-08-20 23:19:48 UTC,sensor11,218187713,28.53,69.11,2025-08-20 23:19:47+00:00,34.0125,-80.999175,131.9,7.9,0.4,353.44,9.0,3D,2025-08-20 19:19:47-04:00,POINT (-80.999175 34.0125)
2025-08-20 23:19:53 UTC,sensor11,218187713,28.4,69.44,2025-08-20 23:19:52+00:00,34.012825,-80.99925,133.7,5.27,0.4,349.78,9.0,3D,2025-08-20 19:19:52-04:00,POINT (-80.99925 34.012825)
2025-08-20 23:19:58 UTC,sensor11,218187713,28.34,69.59,2025-08-20 23:19:57+00:00,34.013017,-80.999305,136.0,4.01,0.5,5.94,9.0,3D,2025-08-20 19:19:57-04:00,POINT (-80.999305 34.013017)
2025-08-20 23:20:03 UTC,sensor11,218187713,28.32,69.66,2025-08-20 23:20:02+00:00,34.013287,-80.99938,136.5,6.27,0.7,353.22,9.0,3D,2025-08-20 19:20:02-04:00,POINT (-80.99938 34.013287)
2025-08-20 23:20:08 UTC,sensor11,218187713,28.3,69.38,2025-08-20 23:20:07+00:00,34.013573,-80.999442,138.1,6.01,0.6,350.92,9.0,3D,2025-08-20 19:20:07-04:00,POINT (-80.999442 34.013573)
2025-08-20 23:20:18 UTC,sensor11,218187713,28.33,69.08,2025-08-20 23:20:17+00:00,34.0138,-80.999542,142.6,2.74,-0.1,285.25,9.0,3D,2025-08-20 19:20:17-04:00,POINT (-80.999542 34.0138)
2025-08-20 23:20:23 UTC,sensor11,218187713,28.37,68.71,2025-08-20 23:20:23+00:00,34.01381,-80.999817,143.5,5.24,-0.2,0.0,9.0,3D,2025-08-20 19:20:23-04:00,POINT (-80.999817 34.01381)
2025-08-20 23:20:28 UTC,sensor11,218187713,28.33,69.82,2025-08-20 23:20:28+00:00,34.013818,-81.000095,144.3,5.4,0.1,0.0,9.0,3D,2025-08-20 19:20:28-04:00,POINT (-81.000095 34.013818)
2025-08-20 23:20:33 UTC,sensor11,218187713,28.36,69.91,2025-08-20 23:20:33+00:00,34.013815,-81.000385,145.2,5.24,0.2,0.0,9.0,3D,2025-08-20 19:20:33-04:00,POINT (-81.000385 34.013815)
2025-08-20 23:20:38 UTC,sensor11,218187713,28.39,68.97,2025-08-20 23:20:38+00:00,34.013803,-81.000672,143.8,5.25,-0.5,0.0,9.0,3D,2025-08-20 19:20:38-04:00,POINT (-81.000672 34.013803)
2025-08-20 23:20:43 UTC,sensor11,218187713,28.42,69.08,2025-08-20 23:20:43+00:00,34.01378,-81.000945,142.1,4.2,0.2,264.77,9.0,3D,2025-08-20 19:20:43-04:00,POINT (-81.000945 34.01378)
2025-08-20 23:20:48 UTC,sensor11,218187713,28.42,69.72,2025-08-20 23:20:48+00:00,34.013785,-81.001197,136.4,3.56,-2.6,268.98,9.0,3D,2025-08-20 19:20:48-04:00,POINT (-81.001197 34.013785)
2025-08-20 23:20:53 UTC,sensor11,218187713,28.44,68.63,2025-08-20 23:20:53+00:00,34.013763,-81.001393,134.5,3.02,-0.6,255.28,9.0,3D,2025-08-20 19:20:53-04:00,POINT (-81.001393 34.013763)
2025-08-20 23:20:58 UTC,sensor11,218187713,28.43,68.13,2025-08-20 23:20:58+00:00,34.013748,-81.001547,132.9,2.5,0.1,261.59,9.0,3D,2025-08-20 19:20:58-04:00,POINT (-81.001547 34.013748)
2025-08-20 23:21:03 UTC,sensor11,218187713,28.44,68.5,2025-08-20 23:21:03+00:00,34.013723,-81.001705,132.5,2.82,-0.1,271.4,9.0,3D,2025-08-20 19:21:03-04:00,POINT (-81.001705 34.013723)
2025-08-20 23:21:08 UTC,sensor11,218187713,28.45,68.73,2025-08-20 23:21:08+00:00,34.013723,-81.001743,131.0,2.66,-1.5,262.88,9.0,3D,2025-08-20 19:21:08-04:00,POINT (-81.001743 34.013723)
2025-08-20 23:21:13 UTC,sensor11,218187713,28.43,68.62,2025-08-20 23:21:13+00:00,34.013683,-81.002113,127.3,4.18,-0.3,262.49,9.0,3D,2025-08-20 19:21:13-04:00,POINT (-81.002113 34.013683)
2025-08-20 23:21:18 UTC,sensor11,218187713,28.44,69.25,2025-08-20 23:21:18+00:00,34.013678,-81.002313,124.3,3.46,-0.5,272.38,9.0,3D,2025-08-20 19:21:18-04:00,POINT (-81.002313 34.013678)
2025-08-20 23:21:23 UTC,sensor11,218187713,28.46,69.68,2025-08-20 23:21:23+00:00,34.013697,-81.002502,119.5,2.69,-0.5,260.02,9.0,3D,2025-08-20 19:21:23-04:00,POINT (-81.002502 34.013697)
2025-08-20 23:21:28 UTC,sensor11,218187713,28.47,69.71,2025-08-20 23:21:28+00:00,34.013692,-81.002685,117.4,2.92,-0.4,271.0,9.0,3D,2025-08-20 19:21:28-04:00,POINT (-81.002685 34.013692)
2025-08-20 23:21:33 UTC,sensor11,218187713,28.44,69.78,2025-08-20 23:21:33+00:00,34.013635,-81.002848,115.5,3.68,-0.4,226.57,9.0,3D,2025-08-20 19:21:33-04:00,POINT (-81.002848 34.013635)
2025-08-20 23:21:38 UTC,sensor11,218187713,28.46,69.61,2025-08-20 23:21:38+00:00,34.013477,-81.003002,112.8,4.64,-0.7,203.63,9.0,3D,2025-08-20 19:21:38-04:00,POINT (-81.003002 34.013477)
2025-08-20 23:21:43 UTC,sensor11,218187713,28.42,69.93,2025-08-20 23:21:43+00:00,34.013278,-81.003082,109.6,4.03,-0.6,189.35,9.0,3D,2025-08-20 19:21:43-04:00,POINT (-81.003082 34.013278)
2025-08-20 23:21:48 UTC,sensor11,218187713,28.32,69.99,2025-08-20 23:21:48+00:00,34.013,-81.003155,106.3,6.45,-0.3,187.97,9.0,3D,2025-08-20 19:21:48-04:00,POINT (-81.003155 34.013)
2025-08-20 23:21:53 UTC,sensor11,218187713,28.29,69.8,2025-08-20 23:21:53+00:00,34.012715,-81.003157,104.1,6.2,-0.4,164.87,9.0,3D,2025-08-20 19:21:53-04:00,POINT (-81.003157 34.012715)
2025-08-20 23:21:59 UTC,sensor11,218187713,28.29,69.37,2025-08-20 23:21:55+00:00,34.012602,-81.003122,103.7,6.16,-0.2,157.5,9.0,3D,2025-08-20 19:21:55-04:00,POINT (-81.003122 34.012602)
2025-08-20 23:22:04 UTC,sensor11,218187713,28.3,69.33,2025-08-20 23:22:03+00:00,34.012247,-81.00293,102.0,5.2,0.0,143.31,9.0,3D,2025-08-20 19:22:03-04:00,POINT (-81.00293 34.012247)
2025-08-20 23:22:09 UTC,sensor11,218187713,28.28,69.72,2025-08-20 23:22:08+00:00,34.012035,-81.002813,101.9,4.94,-0.1,164.12,9.0,3D,2025-08-20 19:22:08-04:00,POINT (-81.002813 34.012035)
2025-08-20 23:22:14 UTC,sensor11,218187713,28.3,69.3,2025-08-20 23:22:13+00:00,34.011887,-81.002818,100.9,2.74,-0.2,188.21,10.0,3D,2025-08-20 19:22:13-04:00,POINT (-81.002818 34.011887)
2025-08-20 23:22:24 UTC,sensor11,218187713,28.28,69.35,2025-08-20 23:22:23+00:00,34.011655,-81.003038,102.6,3.6,0.4,234.46,10.0,3D,2025-08-20 19:22:23-04:00,POINT (-81.003038 34.011655)
2025-08-20 23:22:29 UTC,sensor11,218187713,28.27,69.32,2025-08-20 23:22:29+00:00,34.011532,-81.003312,105.3,6.04,0.5,0.0,9.0,3D,2025-08-20 19:22:29-04:00,POINT (-81.003312 34.011532)
2025-08-20 23:22:34 UTC,sensor11,218187713,28.27,69.92,2025-08-20 23:22:34+00:00,34.011402,-81.00362,106.7,6.54,0.1,0.0,9.0,3D,2025-08-20 19:22:34-04:00,POINT (-81.00362 34.011402)
2025-08-20 23:22:39 UTC,sensor11,218187713,28.22,70.53,2025-08-20 23:22:39+00:00,34.01136,-81.003917,106.9,4.93,-0.1,0.0,9.0,3D,2025-08-20 19:22:39-04:00,POINT (-81.003917 34.01136)
2025-08-20 23:22:44 UTC,sensor11,218187713,28.2,70.0,2025-08-20 23:22:44+00:00,34.011363,-81.004203,104.9,4.26,-0.3,0.0,9.0,3D,2025-08-20 19:22:44-04:00,POINT (-81.004203 34.011363)
2025-08-20 23:22:49 UTC,sensor11,218187713,28.17,70.3,2025-08-20 23:22:49+00:00,34.01136,-81.00437,105.8,2.3,0.2,256.78,9.0,3D,2025-08-20 19:22:49-04:00,POINT (-81.00437 34.01136)
2025-08-20 23:23:09 UTC,sensor11,218187713,28.13,70.62,2025-08-20 23:23:09+00:00,34.011133,-81.004902,109.7,2.39,0.2,235.89,9.0,3D,2025-08-20 19:23:09-04:00,POINT (-81.004902 34.011133)
2025-08-20 23:23:24 UTC,sensor11,218187713,28.04,71.15,2025-08-20 23:23:24+00:00,34.011015,-81.005305,110.5,2.42,0.2,280.91,9.0,3D,2025-08-20 19:23:24-04:00,POINT (-81.005305 34.011015)
2025-08-20 23:23:29 UTC,sensor11,218187713,28.01,71.84,2025-08-20 23:23:29+00:00,34.010975,-81.005515,111.0,3.77,-0.2,260.53,9.0,3D,2025-08-20 19:23:29-04:00,POINT (-81.005515 34.010975)
2025-08-20 23:23:34 UTC,sensor11,218187713,27.97,72.19,2025-08-20 23:23:34+00:00,34.01093,-81.00577,109.5,4.16,-0.2,265.84,9.0,3D,2025-08-20 19:23:34-04:00,POINT (-81.00577 34.01093)
2025-08-20 23:23:39 UTC,sensor11,218187713,27.96,71.08,2025-08-20 23:23:39+00:00,34.01093,-81.006003,108.6,3.38,-0.3,265.7,9.0,3D,2025-08-20 19:23:39-04:00,POINT (-81.006003 34.01093)
2025-08-20 23:23:44 UTC,sensor11,218187713,27.92,72.01,2025-08-20 23:23:44+00:00,34.010983,-81.006145,107.2,3.38,-0.2,327.68,9.0,3D,2025-08-20 19:23:44-04:00,POINT (-81.006145 34.010983)
2025-08-20 23:23:49 UTC,sensor11,218187713,27.88,72.52,2025-08-20 23:23:49+00:00,34.011123,-81.006217,107.4,2.4,0.2,4.58,9.0,3D,2025-08-20 19:23:49-04:00,POINT (-81.006217 34.011123)
2025-08-20 23:23:54 UTC,sensor11,218187713,27.84,72.09,2025-08-20 23:23:54+00:00,34.01125,-81.006215,107.7,2.76,0.1,11.22,9.0,3D,2025-08-20 19:23:54-04:00,POINT (-81.006215 34.01125)
2025-08-20 23:23:59 UTC,sensor11,218187713,27.77,72.8,2025-08-20 23:23:59+00:00,34.011432,-81.006228,109.0,3.97,0.1,4.79,9.0,3D,2025-08-20 19:23:59-04:00,POINT (-81.006228 34.011432)
2025-08-20 23:24:04 UTC,sensor11,218187713,27.72,73.88,2025-08-20 23:24:04+00:00,34.011598,-81.006228,110.6,3.38,0.5,358.21,9.0,3D,2025-08-20 19:24:04-04:00,POINT (-81.006228 34.011598)
2025-08-20 23:24:10 UTC,sensor11,218187713,27.7,73.12,2025-08-20 23:24:09+00:00,34.011772,-81.006243,111.9,4.09,0.3,354.46,9.0,3D,2025-08-20 19:24:09-04:00,POINT (-81.006243 34.011772)
2025-08-20 23:24:15 UTC,sensor11,218187713,27.73,72.28,2025-08-20 23:24:14+00:00,34.01204,-81.006295,0.0,4.64,0.0,352.94,9.0,3D,2025-08-20 19:24:14-04:00,POINT (-81.006295 34.01204)
2025-08-20 23:24:20 UTC,sensor11,218187713,27.74,71.98,2025-08-20 23:24:19+00:00,34.012237,-81.006312,114.1,3.88,0.2,356.84,9.0,3D,2025-08-20 19:24:19-04:00,POINT (-81.006312 34.012237)
2025-08-20 23:24:25 UTC,sensor11,218187713,27.74,72.27,2025-08-20 23:24:21+00:00,34.01233,-81.006335,114.4,4.78,0.2,339.59,9.0,3D,2025-08-20 19:24:21-04:00,POINT (-81.006335 34.01233)
2025-08-20 23:24:30 UTC,sensor11,218187713,27.74,72.76,2025-08-20 23:24:29+00:00,34.012688,-81.006558,116.5,5.08,0.3,323.82,9.0,3D,2025-08-20 19:24:29-04:00,POINT (-81.006558 34.012688)
2025-08-20 23:24:35 UTC,sensor11,218187713,27.77,72.37,2025-08-20 23:24:34+00:00,34.012838,-81.006753,118.5,4.71,0.4,302.59,9.0,3D,2025-08-20 19:24:34-04:00,POINT (-81.006753 34.012838)
2025-08-20 23:24:40 UTC,sensor11,218187713,27.81,71.62,2025-08-20 23:24:39+00:00,34.012918,-81.006967,117.5,4.33,-1.3,292.11,9.0,3D,2025-08-20 19:24:39-04:00,POINT (-81.006967 34.012918)
2025-08-20 23:24:45 UTC,sensor11,218187713,27.88,70.65,2025-08-20 23:24:44+00:00,34.01299,-81.007248,118.8,6.0,0.3,288.21,9.0,3D,2025-08-20 19:24:44-04:00,POINT (-81.007248 34.01299)
2025-08-20 23:24:50 UTC,sensor11,218187713,27.94,70.83,2025-08-20 23:24:50+00:00,34.013133,-81.007612,121.6,4.9,0.4,0.0,9.0,3D,2025-08-20 19:24:50-04:00,POINT (-81.007612 34.013133)
2025-08-20 23:24:55 UTC,sensor11,218187713,27.98,70.52,2025-08-20 23:24:55+00:00,34.013258,-81.0078,120.3,5.53,-0.4,0.0,9.0,3D,2025-08-20 19:24:55-04:00,POINT (-81.0078 34.013258)
2025-08-20 23:25:00 UTC,sensor11,218187713,28.03,70.13,2025-08-20 23:24:56+00:00,34.013302,-81.007838,119.1,5.97,-1.2,0.0,4.0,3D,2025-08-20 19:24:56-04:00,POINT (-81.007838 34.013302)
2025-08-20 23:25:05 UTC,sensor11,218187713,28.17,69.65,2025-08-20 23:25:05+00:00,34.013578,-81.008047,119.0,3.36,-0.4,335.92,9.0,3D,2025-08-20 19:25:05-04:00,POINT (-81.008047 34.013578)
2025-08-20 23:25:10 UTC,sensor11,218187713,28.37,69.27,2025-08-20 23:25:09+00:00,34.013695,-81.008137,119.4,2.99,0.5,299.28,9.0,3D,2025-08-20 19:25:09-04:00,POINT (-81.008137 34.013695)
2025-08-20 23:25:15 UTC,sensor11,218187713,28.65,68.47,2025-08-20 23:25:15+00:00,34.013693,-81.008375,119.0,4.16,0.3,252.26,9.0,3D,2025-08-20 19:25:15-04:00,POINT (-81.008375 34.013693)
2025-08-20 23:25:20 UTC,sensor11,218187713,28.73,67.73,2025-08-20 23:25:17+00:00,34.013665,-81.008463,119.3,4.41,0.1,0.0,9.0,3D,2025-08-20 19:25:17-04:00,POINT (-81.008463 34.013665)
2025-08-20 23:25:25 UTC,sensor11,218187713,28.79,67.35,2025-08-20 23:25:25+00:00,34.013707,-81.008885,119.4,5.51,0.0,257.9,9.0,3D,2025-08-20 19:25:25-04:00,POINT (-81.008885 34.013707)
2025-08-20 23:25:30 UTC,sensor11,218187713,28.88,67.23,2025-08-20 23:25:30+00:00,34.013648,-81.009218,119.2,6.41,-0.2,258.62,9.0,3D,2025-08-20 19:25:30-04:00,POINT (-81.009218 34.013648)
2025-08-20 23:25:35 UTC,sensor11,218187713,28.96,66.87,2025-08-20 23:25:35+00:00,34.013648,-81.009582,118.6,6.37,-0.1,262.04,9.0,3D,2025-08-20 19:25:35-04:00,POINT (-81.009582 34.013648)
2025-08-20 23:25:40 UTC,sensor11,218187713,29.02,66.92,2025-08-20 23:25:36+00:00,34.013638,-81.009648,118.4,5.91,-0.2,254.7,9.0,3D,2025-08-20 19:25:36-04:00,POINT (-81.009648 34.013638)
2025-08-20 23:25:45 UTC,sensor11,218187713,28.93,66.96,2025-08-20 23:25:36+00:00,34.013638,-81.009648,118.4,5.91,-0.2,254.7,9.0,3D,2025-08-20 19:25:36-04:00,POINT (-81.009648 34.013638)
2025-08-20 23:25:50 UTC,sensor11,218187713,28.99,67.21,2025-08-20 23:25:50+00:00,34.013458,-81.010547,103.9,5.57,-0.4,258.19,9.0,3D,2025-08-20 19:25:50-04:00,POINT (-81.010547 34.013458)
2025-08-20 23:25:55 UTC,sensor11,218187713,29.01,67.02,2025-08-20 23:25:55+00:00,34.013307,-81.010703,101.9,4.71,-0.4,182.45,9.0,3D,2025-08-20 19:25:55-04:00,POINT (-81.010703 34.013307)
2025-08-20 23:26:00 UTC,sensor11,218187713,29.03,67.11,2025-08-20 23:26:00+00:00,34.01307,-81.010672,99.8,4.49,-0.3,175.46,9.0,3D,2025-08-20 19:26:00-04:00,POINT (-81.010672 34.01307)
2025-08-20 23:26:05 UTC,sensor11,218187713,29.25,66.95,2025-08-20 23:26:05+00:00,34.012878,-81.01062,98.0,4.25,-0.4,0.0,9.0,3D,2025-08-20 19:26:05-04:00,POINT (-81.01062 34.012878)
2025-08-20 23:26:11 UTC,sensor11,218187713,29.05,66.65,2025-08-20 23:26:09+00:00,34.012728,-81.010578,101.7,4.35,0.93,184.86,9.0,3D,2025-08-20 19:26:09-04:00,POINT (-81.010578 34.012728)
2025-08-20 23:26:16 UTC,sensor11,218187713,28.94,66.9,2025-08-20 23:26:15+00:00,34.012585,-81.010823,97.4,5.4,-0.5,255.13,9.0,3D,2025-08-20 19:26:15-04:00,POINT (-81.010823 34.012585)
2025-08-20 23:26:21 UTC,sensor11,218187713,29.0,66.98,2025-08-20 23:26:20+00:00,34.012722,-81.011048,95.4,4.7,-0.5,342.61,9.0,3D,2025-08-20 19:26:20-04:00,POINT (-81.011048 34.012722)
2025-08-20 23:26:26 UTC,sensor11,218187713,29.06,66.8,2025-08-20 23:26:24+00:00,34.012902,-81.01111,94.3,4.93,-0.3,0.0,9.0,3D,2025-08-20 19:26:24-04:00,POINT (-81.01111 34.012902)
2025-08-20 23:26:31 UTC,sensor11,218187713,29.05,66.48,2025-08-20 23:26:30+00:00,34.01291,-81.011422,92.4,5.83,-0.3,236.59,9.0,3D,2025-08-20 19:26:30-04:00,POINT (-81.011422 34.01291)
2025-08-20 23:26:36 UTC,sensor11,218187713,29.02,66.54,2025-08-20 23:26:35+00:00,34.012663,-81.011447,91.6,5.77,0.6,156.43,9.0,3D,2025-08-20 19:26:35-04:00,POINT (-81.011447 34.012663)
2025-08-20 23:26:41 UTC,sensor11,218187713,28.95,66.48,2025-08-20 23:26:40+00:00,34.012417,-81.011392,93.7,4.59,-0.1,178.58,9.0,3D,2025-08-20 19:26:40-04:00,POINT (-81.011392 34.012417)
2025-08-20 23:26:46 UTC,sensor11,218187713,28.94,67.23,2025-08-20 23:26:46+00:00,34.01233,-81.011578,92.7,3.62,-0.3,0.0,9.0,3D,2025-08-20 19:26:46-04:00,POINT (-81.011578 34.01233)
2025-08-20 23:26:51 UTC,sensor11,218187713,28.94,66.8,2025-08-20 23:26:51+00:00,34.012282,-81.011807,91.8,4.8,-0.2,0.0,9.0,3D,2025-08-20 19:26:51-04:00,POINT (-81.011807 34.012282)
2025-08-20 23:26:56 UTC,sensor11,218187713,28.99,66.67,2025-08-20 23:26:56+00:00,34.01221,-81.012065,90.9,4.8,0.2,0.0,9.0,3D,2025-08-20 19:26:56-04:00,POINT (-81.012065 34.01221)
2025-08-20 23:27:01 UTC,sensor11,218187713,29.07,66.75,2025-08-20 23:27:01+00:00,34.012172,-81.012292,89.2,4.27,-0.34,0.0,4.0,3D,2025-08-20 19:27:01-04:00,POINT (-81.012292 34.012172)
2025-08-20 23:27:06 UTC,sensor11,218187713,29.04,66.64,2025-08-20 23:27:06+00:00,34.012083,-81.012547,86.1,5.83,-0.6,0.0,4.0,3D,2025-08-20 19:27:06-04:00,POINT (-81.012547 34.012083)
2025-08-20 23:27:11 UTC,sensor11,218187713,29.04,66.32,2025-08-20 23:27:11+00:00,34.011915,-81.012735,83.9,4.87,-0.4,0.0,8.0,3D,2025-08-20 19:27:11-04:00,POINT (-81.012735 34.011915)
2025-08-20 23:27:16 UTC,sensor11,218187713,29.1,66.17,2025-08-20 23:27:16+00:00,34.011707,-81.01256,83.4,4.75,-0.3,0.0,9.0,3D,2025-08-20 19:27:16-04:00,POINT (-81.01256 34.011707)
2025-08-20 23:27:21 UTC,sensor11,218187713,29.18,66.03,2025-08-20 23:27:21+00:00,34.011393,-81.012503,82.1,5.4,-0.3,0.0,9.0,3D,2025-08-20 19:27:21-04:00,POINT (-81.012503 34.011393)
2025-08-20 23:27:26 UTC,sensor11,218187713,29.23,66.08,2025-08-20 23:27:26+00:00,34.011247,-81.012522,80.1,3.03,-0.5,0.0,9.0,3D,2025-08-20 19:27:26-04:00,POINT (-81.012522 34.011247)
2025-08-20 23:27:31 UTC,sensor11,218187713,29.33,65.95,2025-08-20 23:27:31+00:00,34.01116,-81.01275,78.6,5.57,-0.2,244.67,9.0,3D,2025-08-20 19:27:31-04:00,POINT (-81.01275 34.01116)
2025-08-20 23:27:36 UTC,sensor11,218187713,29.24,65.64,2025-08-20 23:27:36+00:00,34.011065,-81.013113,76.4,8.07,-0.8,247.93,9.0,3D,2025-08-20 19:27:36-04:00,POINT (-81.013113 34.011065)
2025-08-20 23:27:41 UTC,sensor11,218187713,29.18,65.39,2025-08-20 23:27:41+00:00,34.010952,-81.013508,73.6,6.74,-0.7,255.51,9.0,3D,2025-08-20 19:27:41-04:00,POINT (-81.013508 34.010952)
2025-08-20 23:27:46 UTC,sensor11,218187713,29.25,65.34,2025-08-20 23:27:46+00:00,34.010855,-81.013692,70.9,3.99,-0.5,212.08,9.0,3D,2025-08-20 19:27:46-04:00,POINT (-81.013692 34.010855)
2025-08-20 23:27:51 UTC,sensor11,218187713,29.3,65.36,2025-08-20 23:27:47+00:00,34.010813,-81.013705,70.4,4.62,-0.5,201.71,9.0,3D,2025-08-20 19:27:47-04:00,POINT (-81.013705 34.010813)
2025-08-20 23:27:56 UTC,sensor11,218187713,29.22,66.07,2025-08-20 23:27:53+00:00,34.01064,-81.013975,67.8,6.39,-0.43,249.05,9.0,3D,2025-08-20 19:27:53-04:00,POINT (-81.013975 34.01064)
2025-08-20 23:28:01 UTC,sensor11,218187713,29.14,67.14,2025-08-20 23:28:01+00:00,34.010465,-81.014448,66.5,5.24,-0.1,240.44,9.0,3D,2025-08-20 19:28:01-04:00,POINT (-81.014448 34.010465)
2025-08-20 23:28:06 UTC,sensor11,218187713,29.07,67.81,2025-08-20 23:28:06+00:00,34.010368,-81.014655,66.5,3.86,0.0,258.75,9.0,3D,2025-08-20 19:28:06-04:00,POINT (-81.014655 34.010368)
2025-08-20 23:28:11 UTC,sensor11,218187713,29.09,67.03,2025-08-20 23:28:11+00:00,34.010313,-81.014855,66.4,4.15,-0.1,0.0,9.0,3D,2025-08-20 19:28:11-04:00,POINT (-81.014855 34.010313)
2025-08-20 23:28:47 UTC,sensor11,218187713,29.37,64.74,2025-08-20 23:28:46+00:00,34.010417,-81.015087,59.3,3.34,-0.5,325.41,9.0,3D,2025-08-20 19:28:46-04:00,POINT (-81.015087 34.010417)
2025-08-20 23:28:52 UTC,sensor11,218187713,29.42,64.94,2025-08-20 23:28:51+00:00,34.010618,-81.015223,56.9,5.57,-0.5,335.7,9.0,3D,2025-08-20 19:28:51-04:00,POINT (-81.015223 34.010618)
2025-08-20 23:28:57 UTC,sensor11,218187713,29.44,65.0,2025-08-20 23:28:56+00:00,34.010882,-81.015363,54.0,6.76,-0.6,336.9,9.0,3D,2025-08-20 19:28:56-04:00,POINT (-81.015363 34.010882)
2025-08-20 23:29:02 UTC,sensor11,218187713,29.34,65.01,2025-08-20 23:29:01+00:00,34.011177,-81.015512,52.2,6.76,-0.5,340.51,9.0,3D,2025-08-20 19:29:01-04:00,POINT (-81.015512 34.011177)
2025-08-20 23:29:07 UTC,sensor11,218187713,29.31,65.37,2025-08-20 23:29:04+00:00,34.011333,-81.015585,51.3,6.0,-0.1,337.33,9.0,3D,2025-08-20 19:29:04-04:00,POINT (-81.015585 34.011333)
2025-08-20 23:29:12 UTC,sensor11,218187713,29.22,65.97,2025-08-20 23:29:04+00:00,34.011333,-81.015585,51.3,6.0,-0.1,337.33,9.0,3D,2025-08-20 19:29:04-04:00,POINT (-81.015585 34.011333)
2025-08-20 23:29:17 UTC,sensor11,218187713,29.23,66.13,2025-08-20 23:29:04+00:00,34.011333,-81.015585,51.3,6.0,-0.1,337.33,9.0,3D,2025-08-20 19:29:04-04:00,POINT (-81.015585 34.011333)
2025-08-20 23:29:22 UTC,sensor11,218187713,29.28,66.13,2025-08-20 23:29:04+00:00,34.011333,-81.015585,51.3,6.0,-0.1,337.33,9.0,3D,2025-08-20 19:29:04-04:00,POINT (-81.015585 34.011333)
2025-08-20 23:29:27 UTC,sensor11,218187713,29.34,65.6,2025-08-20 23:29:27+00:00,34.011233,-81.016548,48.5,4.74,-0.12,249.91,9.0,3D,2025-08-20 19:29:27-04:00,POINT (-81.016548 34.011233)
2025-08-20 23:29:32 UTC,sensor11,218187713,29.33,65.24,2025-08-20 23:29:32+00:00,34.011142,-81.016788,48.8,4.97,-0.1,242.56,9.0,3D,2025-08-20 19:29:32-04:00,POINT (-81.016788 34.011142)
2025-08-20 23:29:37 UTC,sensor11,218187713,29.22,65.16,2025-08-20 23:29:37+00:00,34.011052,-81.017058,47.9,5.38,-0.1,245.53,9.0,3D,2025-08-20 19:29:37-04:00,POINT (-81.017058 34.011052)
2025-08-20 23:29:42 UTC,sensor11,218187713,29.18,65.38,2025-08-20 23:29:42+00:00,34.010943,-81.017347,49.0,5.31,0.0,245.26,9.0,3D,2025-08-20 19:29:42-04:00,POINT (-81.017347 34.010943)
2025-08-20 23:29:47 UTC,sensor11,218187713,29.12,65.65,2025-08-20 23:29:42+00:00,34.010943,-81.017347,49.0,5.31,0.0,245.26,9.0,3D,2025-08-20 19:29:42-04:00,POINT (-81.017347 34.010943)
2025-08-20 23:29:52 UTC,sensor11,218187713,29.06,65.65,2025-08-20 23:29:49+00:00,34.010858,-81.017783,51.9,5.1,0.41,250.32,9.0,3D,2025-08-20 19:29:49-04:00,POINT (-81.017783 34.010858)
2025-08-20 23:29:57 UTC,sensor11,218187713,29.05,65.73,2025-08-20 23:29:57+00:00,34.010735,-81.01819,53.7,5.4,0.5,249.34,9.0,3D,2025-08-20 19:29:57-04:00,POINT (-81.01819 34.010735)
2025-08-20 23:30:02 UTC,sensor11,218187713,29.11,65.85,2025-08-20 23:30:02+00:00,34.010665,-81.018497,56.3,5.19,0.4,245.34,9.0,3D,2025-08-20 19:30:02-04:00,POINT (-81.018497 34.010665)
2025-08-20 23:30:07 UTC,sensor11,218187713,29.03,66.02,2025-08-20 23:30:05+00:00,34.010618,-81.018645,57.4,5.24,0.4,250.98,9.0,3D,2025-08-20 19:30:05-04:00,POINT (-81.018645 34.010618)
2025-08-20 23:30:12 UTC,sensor11,218187713,28.99,66.11,2025-08-20 23:30:12+00:00,34.010473,-81.018972,59.4,5.48,0.29,250.36,9.0,3D,2025-08-20 19:30:12-04:00,POINT (-81.018972 34.010473)
2025-08-20 23:30:17 UTC,sensor11,218187713,29.04,66.21,2025-08-20 23:30:17+00:00,34.0104,-81.019235,60.1,4.01,0.0,254.0,9.0,3D,2025-08-20 19:30:17-04:00,POINT (-81.019235 34.0104)
2025-08-20 23:30:22 UTC,sensor11,218187713,29.05,66.15,2025-08-20 23:30:22+00:00,34.010267,-81.019302,61.5,4.12,0.2,176.19,9.0,3D,2025-08-20 19:30:22-04:00,POINT (-81.019302 34.010267)
2025-08-20 23:30:27 UTC,sensor11,218187713,29.03,65.94,2025-08-20 23:30:27+00:00,34.010042,-81.01924,62.8,5.26,0.33,162.02,9.0,3D,2025-08-20 19:30:27-04:00,POINT (-81.01924 34.010042)
2025-08-20 23:30:33 UTC,sensor11,218187713,29.05,66.0,2025-08-20 23:30:32+00:00,34.009837,-81.019142,66.1,5.09,0.68,158.84,9.0,3D,2025-08-20 19:30:32-04:00,POINT (-81.019142 34.009837)
2025-08-20 23:30:38 UTC,sensor11,218187713,29.06,65.99,2025-08-20 23:30:37+00:00,34.009593,-81.019008,67.4,5.82,0.2,164.45,9.0,3D,2025-08-20 19:30:37-04:00,POINT (-81.019008 34.009593)
2025-08-20 23:30:43 UTC,sensor11,218187713,29.07,65.91,2025-08-20 23:30:39+00:00,34.009497,-81.01897,67.8,5.43,0.3,159.74,9.0,3D,2025-08-20 19:30:39-04:00,POINT (-81.01897 34.009497)
2025-08-20 23:30:48 UTC,sensor11,218187713,29.05,66.06,2025-08-20 23:30:39+00:00,34.009497,-81.01897,67.8,5.43,0.3,159.74,9.0,3D,2025-08-20 19:30:39-04:00,POINT (-81.01897 34.009497)
2025-08-20 23:30:53 UTC,sensor11,218187713,29.01,66.63,2025-08-20 23:30:39+00:00,34.009497,-81.01897,67.8,5.43,0.3,159.74,9.0,3D,2025-08-20 19:30:39-04:00,POINT (-81.01897 34.009497)
2025-08-20 23:30:58 UTC,sensor11,218187713,28.99,66.63,2025-08-20 23:30:39+00:00,34.009497,-81.01897,67.8,5.43,0.3,159.74,9.0,3D,2025-08-20 19:30:39-04:00,POINT (-81.01897 34.009497)
2025-08-20 23:31:03 UTC,sensor11,218187713,28.93,66.52,2025-08-20 23:30:39+00:00,34.009497,-81.01897,67.8,5.43,0.3,159.74,9.0,3D,2025-08-20 19:30:39-04:00,POINT (-81.01897 34.009497)
2025-08-20 23:31:08 UTC,sensor11,218187713,28.83,66.59,2025-08-20 23:30:39+00:00,34.009497,-81.01897,67.8,5.43,0.3,159.74,9.0,3D,2025-08-20 19:30:39-04:00,POINT (-81.01897 34.009497)
2025-08-20 23:31:13 UTC,sensor11,218187713,28.81,66.76,2025-08-20 23:30:39+00:00,34.009497,-81.01897,67.8,5.43,0.3,159.74,9.0,3D,2025-08-20 19:30:39-04:00,POINT (-81.01897 34.009497)
2025-08-20 23:31:18 UTC,sensor11,218187713,28.77,66.94,2025-08-20 23:30:39+00:00,34.009497,-81.01897,67.8,5.43,0.3,159.74,9.0,3D,2025-08-20 19:30:39-04:00,POINT (-81.01897 34.009497)
2025-08-20 23:31:23 UTC,sensor11,218187713,28.78,67.63,2025-08-20 23:30:39+00:00,34.009497,-81.01897,67.8,5.43,0.3,159.74,9.0,3D,2025-08-20 19:30:39-04:00,POINT (-81.01897 34.009497)
2025-08-20 23:31:28 UTC,sensor11,218187713,28.77,67.74,2025-08-20 23:30:39+00:00,34.009497,-81.01897,67.8,5.43,0.3,159.74,9.0,3D,2025-08-20 19:30:39-04:00,POINT (-81.01897 34.009497)
2025-08-20 23:31:33 UTC,sensor11,218187713,28.76,68.69,2025-08-20 23:30:39+00:00,34.009497,-81.01897,67.8,5.43,0.3,159.74,9.0,3D,2025-08-20 19:30:39-04:00,POINT (-81.01897 34.009497)
2025-08-20 23:31:38 UTC,sensor11,218187713,28.78,68.13,2025-08-20 23:30:39+00:00,34.009497,-81.01897,67.8,5.43,0.3,159.74,9.0,3D,2025-08-20 19:30:39-04:00,POINT (-81.01897 34.009497)
2025-08-20 23:31:43 UTC,sensor11,218187713,28.78,67.22,2025-08-20 23:30:39+00:00,34.009497,-81.01897,67.8,5.43,0.3,159.74,9.0,3D,2025-08-20 19:30:39-04:00,POINT (-81.01897 34.009497)
2025-08-20 23:31:48 UTC,sensor11,218187713,28.81,66.96,2025-08-20 23:30:39+00:00,34.009497,-81.01897,67.8,5.43,0.3,159.74,9.0,3D,2025-08-20 19:30:39-04:00,POINT (-81.01897 34.009497)
2025-08-20 23:31:53 UTC,sensor11,218187713,28.8,66.88,2025-08-20 23:30:39+00:00,34.009497,-81.01897,67.8,5.43,0.3,159.74,9.0,3D,2025-08-20 19:30:39-04:00,POINT (-81.01897 34.009497)
2025-08-20 23:31:58 UTC,sensor11,218187713,28.81,66.93,2025-08-20 23:30:39+00:00,34.009497,-81.01897,67.8,5.43,0.3,159.74,9.0,3D,2025-08-20 19:30:39-04:00,POINT (-81.01897 34.009497)
2025-08-20 23:32:03 UTC,sensor11,218187713,28.81,67.14,2025-08-20 23:30:39+00:00,34.009497,-81.01897,67.8,5.43,0.3,159.74,9.0,3D,2025-08-20 19:30:39-04:00,POINT (-81.01897 34.009497)
2025-08-20 23:32:08 UTC,sensor11,218187713,28.84,67.42,2025-08-20 23:30:39+00:00,34.009497,-81.01897,67.8,5.43,0.3,159.74,9.0,3D,2025-08-20 19:30:39-04:00,POINT (-81.01897 34.009497)
2025-08-20 23:32:13 UTC,sensor11,218187713,28.93,67.35,2025-08-20 23:30:39+00:00,34.009497,-81.01897,67.8,5.43,0.3,159.74,9.0,3D,2025-08-20 19:30:39-04:00,POINT (-81.01897 34.009497)
2025-08-20 23:32:18 UTC,sensor11,218187713,28.9,67.42,2025-08-20 23:30:39+00:00,34.009497,-81.01897,67.8,5.43,0.3,159.74,9.0,3D,2025-08-20 19:30:39-04:00,POINT (-81.01897 34.009497)
2025-08-20 23:32:23 UTC,sensor11,218187713,28.88,67.13,2025-08-20 23:30:39+00:00,34.009497,-81.01897,67.8,5.43,0.3,159.74,9.0,3D,2025-08-20 19:30:39-04:00,POINT (-81.01897 34.009497)
2025-08-20 23:32:28 UTC,sensor11,218187713,28.9,67.07,2025-08-20 23:30:39+00:00,34.009497,-81.01897,67.8,5.43,0.3,159.74,9.0,3D,2025-08-20 19:30:39-04:00,POINT (-81.01897 34.009497)
2025-08-20 23:32:34 UTC,sensor11,218187713,28.83,67.7,2025-08-20 23:30:39+00:00,34.009497,-81.01897,67.8,5.43,0.3,159.74,9.0,3D,2025-08-20 19:30:39-04:00,POINT (-81.01897 34.009497)
2025-08-20 23:32:39 UTC,sensor11,218187713,28.81,67.96,2025-08-20 23:30:39+00:00,34.009497,-81.01897,67.8,5.43,0.3,159.74,9.0,3D,2025-08-20 19:30:39-04:00,POINT (-81.01897 34.009497)
2025-08-20 23:32:44 UTC,sensor11,218187713,28.81,68.6,2025-08-20 23:30:39+00:00,34.009497,-81.01897,67.8,5.43,0.3,159.74,9.0,3D,2025-08-20 19:30:39-04:00,POINT (-81.01897 34.009497)
2025-08-20 23:32:49 UTC,sensor11,218187713,28.86,69.36,2025-08-20 23:30:39+00:00,34.009497,-81.01897,67.8,5.43,0.3,159.74,9.0,3D,2025-08-20 19:30:39-04:00,POINT (-81.01897 34.009497)
2025-08-20 23:32:54 UTC,sensor11,218187713,28.89,68.93,2025-08-20 23:30:39+00:00,34.009497,-81.01897,67.8,5.43,0.3,159.74,9.0,3D,2025-08-20 19:30:39-04:00,POINT (-81.01897 34.009497)
2025-08-20 23:32:59 UTC,sensor11,218187713,28.92,68.3,2025-08-20 23:30:39+00:00,34.009497,-81.01897,67.8,5.43,0.3,159.74,9.0,3D,2025-08-20 19:30:39-04:00,POINT (-81.01897 34.009497)
2025-08-20 23:33:04 UTC,sensor11,218187713,28.91,67.72,2025-08-20 23:30:39+00:00,34.009497,-81.01897,67.8,5.43,0.3,159.74,9.0,3D,2025-08-20 19:30:39-04:00,POINT (-81.01897 34.009497)
2025-08-20 23:33:09 UTC,sensor11,218187713,28.94,67.39,2025-08-20 23:30:39+00:00,34.009497,-81.01897,67.8,5.43,0.3,159.74,9.0,3D,2025-08-20 19:30:39-04:00,POINT (-81.01897 34.009497)
2025-08-20 23:33:14 UTC,sensor11,218187713,28.96,67.27,2025-08-20 23:30:39+00:00,34.009497,-81.01897,67.8,5.43,0.3,159.74,9.0,3D,2025-08-20 19:30:39-04:00,POINT (-81.01897 34.009497)
2025-08-20 23:33:19 UTC,sensor11,218187713,28.96,67.22,2025-08-20 23:30:39+00:00,34.009497,-81.01897,67.8,5.43,0.3,159.74,9.0,3D,2025-08-20 19:30:39-04:00,POINT (-81.01897 34.009497)
2025-08-20 23:33:24 UTC,sensor11,218187713,28.94,67.2,2025-08-20 23:30:39+00:00,34.009497,-81.01897,67.8,5.43,0.3,159.74,9.0,3D,2025-08-20 19:30:39-04:00,POINT (-81.01897 34.009497)
2025-08-20 23:33:29 UTC,sensor11,218187713,28.94,67.21,2025-08-20 23:30:39+00:00,34.009497,-81.01897,67.8,5.43,0.3,159.74,9.0,3D,2025-08-20 19:30:39-04:00,POINT (-81.01897 34.009497)
2025-08-20 23:33:34 UTC,sensor11,218187713,28.95,67.8,2025-08-20 23:30:39+00:00,34.009497,-81.01897,67.8,5.43,0.3,159.74,9.0,3D,2025-08-20 19:30:39-04:00,POINT (-81.01897 34.009497)
2025-08-20 23:38:40 UTC,sensor11,218187713,28.89,66.88,2025-08-20 23:38:40+00:00,34.008642,-81.016748,105.3,3.36,0.1,351.79,7.0,3D,2025-08-20 19:38:40-04:00,POINT (-81.016748 34.008642)
2025-08-20 23:39:00 UTC,sensor11,218187713,28.62,67.02,2025-08-20 23:39:00+00:00,34.009153,-81.016942,114.7,3.8,0.1,331.54,7.0,3D,2025-08-20 19:39:00-04:00,POINT (-81.016942 34.009153)
2025-08-20 23:39:06 UTC,sensor11,218187713,28.55,67.38,2025-08-20 23:39:05+00:00,34.00933,-81.017033,118.1,3.26,0.0,316.07,7.0,3D,2025-08-20 19:39:05-04:00,POINT (-81.017033 34.00933)
2025-08-20 23:39:11 UTC,sensor11,218187713,28.62,67.71,2025-08-20 23:39:10+00:00,34.009422,-81.017142,121.5,2.54,0.7,267.59,8.0,3D,2025-08-20 19:39:10-04:00,POINT (-81.017142 34.009422)
2025-08-20 23:39:16 UTC,sensor11,218187713,28.61,67.44,2025-08-20 23:39:15+00:00,34.009372,-81.017327,124.1,4.23,-0.2,236.14,8.0,3D,2025-08-20 19:39:15-04:00,POINT (-81.017327 34.009372)
2025-08-20 23:39:21 UTC,sensor11,218187713,28.63,67.24,2025-08-20 23:39:17+00:00,34.009333,-81.017407,125.6,4.18,0.8,0.0,8.0,3D,2025-08-20 19:39:17-04:00,POINT (-81.017407 34.009333)
2025-08-20 23:39:26 UTC,sensor11,218187713,28.63,67.14,2025-08-20 23:39:17+00:00,34.009333,-81.017407,125.6,4.18,0.8,0.0,8.0,3D,2025-08-20 19:39:17-04:00,POINT (-81.017407 34.009333)
2025-08-20 23:39:31 UTC,sensor11,218187713,28.61,66.94,2025-08-20 23:39:27+00:00,34.009212,-81.01778,0.0,2.93,0.0,233.52,8.0,3D,2025-08-20 19:39:27-04:00,POINT (-81.01778 34.009212)
2025-08-20 23:39:36 UTC,sensor11,218187713,28.62,67.12,2025-08-20 23:39:27+00:00,34.009212,-81.01778,0.0,2.93,0.0,233.52,8.0,3D,2025-08-20 19:39:27-04:00,POINT (-81.01778 34.009212)
2025-08-20 23:39:41 UTC,sensor11,218187713,28.61,67.12,2025-08-20 23:39:39+00:00,34.009043,-81.018325,138.6,3.67,0.0,209.13,8.0,3D,2025-08-20 19:39:39-04:00,POINT (-81.018325 34.009043)
2025-08-20 23:39:46 UTC,sensor11,218187713,28.61,67.06,2025-08-20 23:39:46+00:00,34.008917,-81.01848,136.5,2.77,0.4,161.76,8.0,3D,2025-08-20 19:39:46-04:00,POINT (-81.01848 34.008917)
2025-08-20 23:39:51 UTC,sensor11,218187713,28.63,66.92,2025-08-20 23:39:51+00:00,34.008757,-81.018368,139.2,4.01,0.57,138.65,8.0,3D,2025-08-20 19:39:51-04:00,POINT (-81.018368 34.008757)
2025-08-20 23:39:56 UTC,sensor11,218187713,28.61,66.93,2025-08-20 23:39:56+00:00,34.008593,-81.018277,141.4,3.81,0.7,154.73,8.0,3D,2025-08-20 19:39:56-04:00,POINT (-81.018277 34.008593)
2025-08-20 23:40:01 UTC,sensor11,218187713,28.62,67.22,2025-08-20 23:39:56+00:00,34.008593,-81.018277,141.4,3.81,0.7,154.73,8.0,3D,2025-08-20 19:39:56-04:00,POINT (-81.018277 34.008593)
2025-08-20 23:40:07 UTC,sensor11,218187713,28.64,67.72,2025-08-20 23:40:06+00:00,34.00823,-81.018123,146.6,4.9,0.3,162.22,8.0,3D,2025-08-20 19:40:06-04:00,POINT (-81.018123 34.00823)
2025-08-20 23:40:12 UTC,sensor11,218187713,28.54,67.74,2025-08-20 23:40:11+00:00,34.008022,-81.018057,148.1,4.09,0.3,168.01,8.0,3D,2025-08-20 19:40:11-04:00,POINT (-81.018057 34.008022)
2025-08-20 23:40:17 UTC,sensor11,218187713,28.62,68.13,2025-08-20 23:40:16+00:00,34.007832,-81.018005,149.1,5.13,0.2,167.19,8.0,3D,2025-08-20 19:40:16-04:00,POINT (-81.018005 34.007832)
2025-08-20 23:40:22 UTC,sensor11,218187713,28.6,67.45,2025-08-20 23:40:21+00:00,34.007597,-81.0179,149.6,6.01,0.0,160.6,9.0,3D,2025-08-20 19:40:21-04:00,POINT (-81.0179 34.007597)
2025-08-20 23:40:27 UTC,sensor11,218187713,28.56,67.47,2025-08-20 23:40:26+00:00,34.007368,-81.017795,148.8,3.87,-0.4,166.08,9.0,3D,2025-08-20 19:40:26-04:00,POINT (-81.017795 34.007368)
2025-08-20 23:40:32 UTC,sensor11,218187713,28.56,67.75,2025-08-20 23:40:31+00:00,34.007108,-81.01769,146.8,6.67,-0.5,164.6,9.0,3D,2025-08-20 19:40:31-04:00,POINT (-81.01769 34.007108)
2025-08-20 23:40:37 UTC,sensor11,218187713,28.56,67.58,2025-08-20 23:40:37+00:00,34.006745,-81.017535,143.2,7.5,-0.7,0.0,9.0,3D,2025-08-20 19:40:37-04:00,POINT (-81.017535 34.006745)
2025-08-20 23:40:42 UTC,sensor11,218187713,28.59,67.78,2025-08-20 23:40:42+00:00,34.006508,-81.017452,139.7,3.24,-0.7,0.0,9.0,3D,2025-08-20 19:40:42-04:00,POINT (-81.017452 34.006508)
2025-08-20 23:40:47 UTC,sensor11,218187713,28.58,68.22,2025-08-20 23:40:47+00:00,34.006408,-81.017455,136.4,2.88,-0.6,0.0,4.0,3D,2025-08-20 19:40:47-04:00,POINT (-81.017455 34.006408)
2025-08-20 23:40:52 UTC,sensor11,218187713,28.74,67.58,2025-08-20 23:40:52+00:00,34.006245,-81.017378,132.9,4.03,-0.7,0.0,8.0,3D,2025-08-20 19:40:52-04:00,POINT (-81.017378 34.006245)
2025-08-20 23:40:57 UTC,sensor11,218187713,28.75,67.29,2025-08-20 23:40:57+00:00,34.00601,-81.01728,129.3,6.42,-0.7,0.0,9.0,3D,2025-08-20 19:40:57-04:00,POINT (-81.01728 34.00601)
2025-08-20 23:41:02 UTC,sensor11,218187713,28.62,67.2,2025-08-20 23:41:02+00:00,34.005743,-81.017165,125.2,5.36,-1.0,164.37,9.0,3D,2025-08-20 19:41:02-04:00,POINT (-81.017165 34.005743)
2025-08-20 23:41:07 UTC,sensor11,218187713,28.64,67.5,2025-08-20 23:41:07+00:00,34.005505,-81.017038,121.5,5.35,-0.6,155.9,9.0,3D,2025-08-20 19:41:07-04:00,POINT (-81.017038 34.005505)
2025-08-20 23:41:12 UTC,sensor11,218187713,28.64,67.25,2025-08-20 23:41:12+00:00,34.005303,-81.016942,118.1,4.56,-0.7,165.56,9.0,3D,2025-08-20 19:41:12-04:00,POINT (-81.016942 34.005303)
2025-08-20 23:41:18 UTC,sensor11,218187713,28.67,67.18,2025-08-20 23:41:17+00:00,34.005095,-81.016855,113.5,4.83,-0.5,157.51,9.0,3D,2025-08-20 19:41:17-04:00,POINT (-81.016855 34.005095)
2025-08-20 23:41:23 UTC,sensor11,218187713,28.7,67.15,2025-08-20 23:41:22+00:00,34.004857,-81.016753,111.0,5.32,-0.5,161.87,9.0,3D,2025-08-20 19:41:22-04:00,POINT (-81.016753 34.004857)
2025-08-20 23:41:28 UTC,sensor11,218187713,28.66,67.03,2025-08-20 23:41:27+00:00,34.004618,-81.016652,107.9,5.45,-0.7,161.42,9.0,3D,2025-08-20 19:41:27-04:00,POINT (-81.016652 34.004618)
2025-08-20 23:41:33 UTC,sensor11,218187713,28.65,67.01,2025-08-20 23:41:32+00:00,34.00443,-81.016587,104.8,4.29,-0.6,168.4,9.0,3D,2025-08-20 19:41:32-04:00,POINT (-81.016587 34.00443)
2025-08-20 23:41:38 UTC,sensor11,218187713,28.79,67.42,2025-08-20 23:41:37+00:00,34.004203,-81.016498,101.6,4.8,-0.8,174.29,9.0,3D,2025-08-20 19:41:37-04:00,POINT (-81.016498 34.004203)
2025-08-20 23:41:43 UTC,sensor11,218187713,28.84,67.19,2025-08-20 23:41:43+00:00,34.003878,-81.016362,96.5,7.07,-0.9,0.0,9.0,3D,2025-08-20 19:41:43-04:00,POINT (-81.016362 34.003878)
2025-08-20 23:41:48 UTC,sensor11,218187713,28.67,67.66,2025-08-20 23:41:44+00:00,34.003813,-81.016332,95.6,7.06,-0.9,162.55,9.0,3D,2025-08-20 19:41:44-04:00,POINT (-81.016332 34.003813)
2025-08-20 23:41:53 UTC,sensor11,218187713,28.44,69.44,2025-08-20 23:41:44+00:00,34.003813,-81.016332,95.6,7.06,-0.9,162.55,9.0,3D,2025-08-20 19:41:44-04:00,POINT (-81.016332 34.003813)
2025-08-20 23:41:58 UTC,sensor11,218187713,28.51,68.71,2025-08-20 23:41:44+00:00,34.003813,-81.016332,95.6,7.06,-0.9,162.55,9.0,3D,2025-08-20 19:41:44-04:00,POINT (-81.016332 34.003813)
2025-08-20 23:42:03 UTC,sensor11,218187713,28.5,68.43,2025-08-20 23:41:44+00:00,34.003813,-81.016332,95.6,7.06,-0.9,162.55,9.0,3D,2025-08-20 19:41:44-04:00,POINT (-81.016332 34.003813)
2025-08-20 23:42:08 UTC,sensor11,218187713,28.55,68.34,2025-08-20 23:41:44+00:00,34.003813,-81.016332,95.6,7.06,-0.9,162.55,9.0,3D,2025-08-20 19:41:44-04:00,POINT (-81.016332 34.003813)
2025-08-20 23:42:13 UTC,sensor11,218187713,28.58,68.18,2025-08-20 23:41:44+00:00,34.003813,-81.016332,95.6,7.06,-0.9,162.55,9.0,3D,2025-08-20 19:41:44-04:00,POINT (-81.016332 34.003813)
2025-08-20 23:42:18 UTC,sensor11,218187713,28.66,68.09,2025-08-20 23:41:44+00:00,34.003813,-81.016332,95.6,7.06,-0.9,162.55,9.0,3D,2025-08-20 19:41:44-04:00,POINT (-81.016332 34.003813)
2025-08-20 23:42:24 UTC,sensor11,218187713,28.66,67.87,2025-08-20 23:41:44+00:00,34.003813,-81.016332,95.6,7.06,-0.9,162.55,9.0,3D,2025-08-20 19:41:44-04:00,POINT (-81.016332 34.003813)
2025-08-20 23:42:29 UTC,sensor11,218187713,28.65,67.91,2025-08-20 23:41:44+00:00,34.003813,-81.016332,95.6,7.06,-0.9,162.55,9.0,3D,2025-08-20 19:41:44-04:00,POINT (-81.016332 34.003813)
2025-08-20 23:42:34 UTC,sensor11,218187713,28.64,67.93,2025-08-20 23:41:44+00:00,34.003813,-81.016332,95.6,7.06,-0.9,162.55,9.0,3D,2025-08-20 19:41:44-04:00,POINT (-81.016332 34.003813)
2025-08-20 23:42:39 UTC,sensor11,218187713,28.62,67.97,2025-08-20 23:41:44+00:00,34.003813,-81.016332,95.6,7.06,-0.9,162.55,9.0,3D,2025-08-20 19:41:44-04:00,POINT (-81.016332 34.003813)
2025-08-20 23:42:44 UTC,sensor11,218187713,28.56,68.01,2025-08-20 23:41:44+00:00,34.003813,-81.016332,95.6,7.06,-0.9,162.55,9.0,3D,2025-08-20 19:41:44-04:00,POINT (-81.016332 34.003813)
2025-08-20 23:42:49 UTC,sensor11,218187713,28.56,67.97,2025-08-20 23:41:44+00:00,34.003813,-81.016332,95.6,7.06,-0.9,162.55,9.0,3D,2025-08-20 19:41:44-04:00,POINT (-81.016332 34.003813)
2025-08-20 23:42:54 UTC,sensor11,218187713,28.45,68.66,2025-08-20 23:41:44+00:00,34.003813,-81.016332,95.6,7.06,-0.9,162.55,9.0,3D,2025-08-20 19:41:44-04:00,POINT (-81.016332 34.003813)
2025-08-20 23:42:59 UTC,sensor11,218187713,28.39,69.4,2025-08-20 23:41:44+00:00,34.003813,-81.016332,95.6,7.06,-0.9,162.55,9.0,3D,2025-08-20 19:41:44-04:00,POINT (-81.016332 34.003813)
2025-08-20 23:43:04 UTC,sensor11,218187713,28.46,69.44,2025-08-20 23:41:44+00:00,34.003813,-81.016332,95.6,7.06,-0.9,162.55,9.0,3D,2025-08-20 19:41:44-04:00,POINT (-81.016332 34.003813)
2025-08-20 23:43:09 UTC,sensor11,218187713,28.57,68.86,2025-08-20 23:41:44+00:00,34.003813,-81.016332,95.6,7.06,-0.9,162.55,9.0,3D,2025-08-20 19:41:44-04:00,POINT (-81.016332 34.003813)
2025-08-20 23:43:14 UTC,sensor11,218187713,28.46,69.74,2025-08-20 23:41:44+00:00,34.003813,-81.016332,95.6,7.06,-0.9,162.55,9.0,3D,2025-08-20 19:41:44-04:00,POINT (-81.016332 34.003813)
2025-08-20 23:43:19 UTC,sensor11,218187713,28.36,70.61,2025-08-20 23:41:44+00:00,34.003813,-81.016332,95.6,7.06,-0.9,162.55,9.0,3D,2025-08-20 19:41:44-04:00,POINT (-81.016332 34.003813)
2025-08-20 23:43:24 UTC,sensor11,218187713,28.27,70.83,2025-08-20 23:41:44+00:00,34.003813,-81.016332,95.6,7.06,-0.9,162.55,9.0,3D,2025-08-20 19:41:44-04:00,POINT (-81.016332 34.003813)
2025-08-20 23:43:29 UTC,sensor11,218187713,28.2,70.1,2025-08-20 23:41:44+00:00,34.003813,-81.016332,95.6,7.06,-0.9,162.55,9.0,3D,2025-08-20 19:41:44-04:00,POINT (-81.016332 34.003813)
2025-08-20 23:43:34 UTC,sensor11,218187713,28.09,70.59,2025-08-20 23:41:44+00:00,34.003813,-81.016332,95.6,7.06,-0.9,162.55,9.0,3D,2025-08-20 19:41:44-04:00,POINT (-81.016332 34.003813)
2025-08-20 23:43:39 UTC,sensor11,218187713,28.06,70.48,2025-08-20 23:41:44+00:00,34.003813,-81.016332,95.6,7.06,-0.9,162.55,9.0,3D,2025-08-20 19:41:44-04:00,POINT (-81.016332 34.003813)
2025-08-20 23:43:45 UTC,sensor11,218187713,27.89,71.32,2025-08-20 23:41:44+00:00,34.003813,-81.016332,95.6,7.06,-0.9,162.55,9.0,3D,2025-08-20 19:41:44-04:00,POINT (-81.016332 34.003813)
2025-08-20 23:43:50 UTC,sensor11,218187713,27.86,72.26,2025-08-20 23:41:44+00:00,34.003813,-81.016332,95.6,7.06,-0.9,162.55,9.0,3D,2025-08-20 19:41:44-04:00,POINT (-81.016332 34.003813)
2025-08-20 23:43:55 UTC,sensor11,218187713,27.85,71.69,2025-08-20 23:41:44+00:00,34.003813,-81.016332,95.6,7.06,-0.9,162.55,9.0,3D,2025-08-20 19:41:44-04:00,POINT (-81.016332 34.003813)
2025-08-20 23:44:00 UTC,sensor11,218187713,27.79,72.54,2025-08-20 23:41:44+00:00,34.003813,-81.016332,95.6,7.06,-0.9,162.55,9.0,3D,2025-08-20 19:41:44-04:00,POINT (-81.016332 34.003813)
2025-08-20 23:44:05 UTC,sensor11,218187713,27.69,73.37,2025-08-20 23:41:44+00:00,34.003813,-81.016332,95.6,7.06,-0.9,162.55,9.0,3D,2025-08-20 19:41:44-04:00,POINT (-81.016332 34.003813)
2025-08-20 23:44:10 UTC,sensor11,218187713,27.78,72.23,2025-08-20 23:41:44+00:00,34.003813,-81.016332,95.6,7.06,-0.9,162.55,9.0,3D,2025-08-20 19:41:44-04:00,POINT (-81.016332 34.003813)
2025-08-20 23:44:15 UTC,sensor11,218187713,27.77,71.31,2025-08-20 23:41:44+00:00,34.003813,-81.016332,95.6,7.06,-0.9,162.55,9.0,3D,2025-08-20 19:41:44-04:00,POINT (-81.016332 34.003813)
2025-08-20 23:44:20 UTC,sensor11,218187713,27.83,71.16,2025-08-20 23:41:44+00:00,34.003813,-81.016332,95.6,7.06,-0.9,162.55,9.0,3D,2025-08-20 19:41:44-04:00,POINT (-81.016332 34.003813)
2025-08-20 23:44:25 UTC,sensor11,218187713,27.79,71.18,2025-08-20 23:41:44+00:00,34.003813,-81.016332,95.6,7.06,-0.9,162.55,9.0,3D,2025-08-20 19:41:44-04:00,POINT (-81.016332 34.003813)
2025-08-20 23:44:30 UTC,sensor11,218187713,27.81,70.87,2025-08-20 23:41:44+00:00,34.003813,-81.016332,95.6,7.06,-0.9,162.55,9.0,3D,2025-08-20 19:41:44-04:00,POINT (-81.016332 34.003813)
2025-08-20 23:44:40 UTC,sensor11,218187713,27.87,71.02,2025-08-20 23:44:36+00:00,34.001685,-81.013078,44.0,2.42,0.5,0.0,9.0,3D,2025-08-20 19:44:36-04:00,POINT (-81.013078 34.001685)
2025-08-20 23:44:45 UTC,sensor11,218187713,28.01,70.3,2025-08-20 23:44:36+00:00,34.001685,-81.013078,44.0,2.42,0.5,0.0,9.0,3D,2025-08-20 19:44:36-04:00,POINT (-81.013078 34.001685)
2025-08-20 23:44:50 UTC,sensor11,218187713,28.09,69.8,2025-08-20 23:44:36+00:00,34.001685,-81.013078,44.0,2.42,0.5,0.0,9.0,3D,2025-08-20 19:44:36-04:00,POINT (-81.013078 34.001685)
2025-08-20 23:44:55 UTC,sensor11,218187713,28.09,69.86,2025-08-20 23:44:55+00:00,34.002072,-81.012538,54.2,3.87,0.4,57.18,10.0,3D,2025-08-20 19:44:55-04:00,POINT (-81.012538 34.002072)
2025-08-20 23:45:00 UTC,sensor11,218187713,28.07,69.6,2025-08-20 23:45:00+00:00,34.002193,-81.012358,55.8,4.13,0.2,41.25,10.0,3D,2025-08-20 19:45:00-04:00,POINT (-81.012358 34.002193)
2025-08-20 23:45:05 UTC,sensor11,218187713,28.01,70.27,2025-08-20 23:45:00+00:00,34.002193,-81.012358,55.8,4.13,0.2,41.25,10.0,3D,2025-08-20 19:45:00-04:00,POINT (-81.012358 34.002193)
2025-08-20 23:45:10 UTC,sensor11,218187713,28.07,70.25,2025-08-20 23:45:07+00:00,34.002372,-81.012172,59.0,3.71,0.5,44.38,10.0,3D,2025-08-20 19:45:07-04:00,POINT (-81.012172 34.002372)
2025-08-20 23:45:15 UTC,sensor11,218187713,28.09,70.14,2025-08-20 23:45:15+00:00,34.002597,-81.012013,62.8,3.88,0.0,357.55,10.0,3D,2025-08-20 19:45:15-04:00,POINT (-81.012013 34.002597)
2025-08-20 23:45:20 UTC,sensor11,218187713,28.12,69.72,2025-08-20 23:45:20+00:00,34.002797,-81.012048,65.6,4.93,0.6,349.21,10.0,3D,2025-08-20 19:45:20-04:00,POINT (-81.012048 34.002797)
2025-08-20 23:45:25 UTC,sensor11,218187713,28.14,69.92,2025-08-20 23:45:20+00:00,34.002797,-81.012048,65.6,4.93,0.6,349.21,10.0,3D,2025-08-20 19:45:20-04:00,POINT (-81.012048 34.002797)
2025-08-20 23:45:30 UTC,sensor11,218187713,28.12,70.23,2025-08-20 23:45:20+00:00,34.002797,-81.012048,65.6,4.93,0.6,349.21,10.0,3D,2025-08-20 19:45:20-04:00,POINT (-81.012048 34.002797)
2025-08-20 23:45:35 UTC,sensor11,218187713,28.13,69.65,2025-08-20 23:45:20+00:00,34.002797,-81.012048,65.6,4.93,0.6,349.21,10.0,3D,2025-08-20 19:45:20-04:00,POINT (-81.012048 34.002797)
2025-08-20 23:45:40 UTC,sensor11,218187713,28.14,69.36,2025-08-20 23:45:20+00:00,34.002797,-81.012048,65.6,4.93,0.6,349.21,10.0,3D,2025-08-20 19:45:20-04:00,POINT (-81.012048 34.002797)
2025-08-20 23:45:46 UTC,sensor11,218187713,28.03,71.48,2025-08-20 23:45:20+00:00,34.002797,-81.012048,65.6,4.93,0.6,349.21,10.0,3D,2025-08-20 19:45:20-04:00,POINT (-81.012048 34.002797)
2025-08-20 23:45:51 UTC,sensor11,218187713,28.07,71.34,2025-08-20 23:45:20+00:00,34.002797,-81.012048,65.6,4.93,0.6,349.21,10.0,3D,2025-08-20 19:45:20-04:00,POINT (-81.012048 34.002797)
2025-08-20 23:45:56 UTC,sensor11,218187713,28.15,70.99,2025-08-20 23:45:20+00:00,34.002797,-81.012048,65.6,4.93,0.6,349.21,10.0,3D,2025-08-20 19:45:20-04:00,POINT (-81.012048 34.002797)
2025-08-20 23:46:01 UTC,sensor11,218187713,28.1,70.31,2025-08-20 23:45:20+00:00,34.002797,-81.012048,65.6,4.93,0.6,349.21,10.0,3D,2025-08-20 19:45:20-04:00,POINT (-81.012048 34.002797)
2025-08-20 23:46:06 UTC,sensor11,218187713,28.13,70.0,2025-08-20 23:45:20+00:00,34.002797,-81.012048,65.6,4.93,0.6,349.21,10.0,3D,2025-08-20 19:45:20-04:00,POINT (-81.012048 34.002797)
2025-08-20 23:46:11 UTC,sensor11,218187713,28.16,69.91,2025-08-20 23:45:20+00:00,34.002797,-81.012048,65.6,4.93,0.6,349.21,10.0,3D,2025-08-20 19:45:20-04:00,POINT (-81.012048 34.002797)
2025-08-20 23:46:16 UTC,sensor11,218187713,28.2,69.22,2025-08-20 23:45:20+00:00,34.002797,-81.012048,65.6,4.93,0.6,349.21,10.0,3D,2025-08-20 19:45:20-04:00,POINT (-81.012048 34.002797)
2025-08-20 23:46:21 UTC,sensor11,218187713,28.2,68.89,2025-08-20 23:45:20+00:00,34.002797,-81.012048,65.6,4.93,0.6,349.21,10.0,3D,2025-08-20 19:45:20-04:00,POINT (-81.012048 34.002797)
2025-08-20 23:46:26 UTC,sensor11,218187713,28.18,69.48,2025-08-20 23:45:20+00:00,34.002797,-81.012048,65.6,4.93,0.6,349.21,10.0,3D,2025-08-20 19:45:20-04:00,POINT (-81.012048 34.002797)
2025-08-20 23:46:31 UTC,sensor11,218187713,28.14,69.5,2025-08-20 23:45:20+00:00,34.002797,-81.012048,65.6,4.93,0.6,349.21,10.0,3D,2025-08-20 19:45:20-04:00,POINT (-81.012048 34.002797)
2025-08-20 23:46:36 UTC,sensor11,218187713,28.17,69.23,2025-08-20 23:45:20+00:00,34.002797,-81.012048,65.6,4.93,0.6,349.21,10.0,3D,2025-08-20 19:45:20-04:00,POINT (-81.012048 34.002797)
2025-08-20 23:46:41 UTC,sensor11,218187713,28.19,68.81,2025-08-20 23:45:20+00:00,34.002797,-81.012048,65.6,4.93,0.6,349.21,10.0,3D,2025-08-20 19:45:20-04:00,POINT (-81.012048 34.002797)
2025-08-20 23:46:46 UTC,sensor11,218187713,28.18,68.99,2025-08-20 23:45:20+00:00,34.002797,-81.012048,65.6,4.93,0.6,349.21,10.0,3D,2025-08-20 19:45:20-04:00,POINT (-81.012048 34.002797)
2025-08-20 23:46:51 UTC,sensor11,218187713,28.17,69.31,2025-08-20 23:45:20+00:00,34.002797,-81.012048,65.6,4.93,0.6,349.21,10.0,3D,2025-08-20 19:45:20-04:00,POINT (-81.012048 34.002797)
2025-08-20 23:46:56 UTC,sensor11,218187713,28.17,69.02,2025-08-20 23:45:20+00:00,34.002797,-81.012048,65.6,4.93,0.6,349.21,10.0,3D,2025-08-20 19:45:20-04:00,POINT (-81.012048 34.002797)
2025-08-20 23:47:01 UTC,sensor11,218187713,28.17,68.87,2025-08-20 23:45:20+00:00,34.002797,-81.012048,65.6,4.93,0.6,349.21,10.0,3D,2025-08-20 19:45:20-04:00,POINT (-81.012048 34.002797)
2025-08-20 23:47:06 UTC,sensor11,218187713,28.16,69.12,2025-08-20 23:45:20+00:00,34.002797,-81.012048,65.6,4.93,0.6,349.21,10.0,3D,2025-08-20 19:45:20-04:00,POINT (-81.012048 34.002797)
2025-08-20 23:47:11 UTC,sensor11,218187713,28.14,69.04,2025-08-20 23:45:20+00:00,34.002797,-81.012048,65.6,4.93,0.6,349.21,10.0,3D,2025-08-20 19:45:20-04:00,POINT (-81.012048 34.002797)
2025-08-20 23:47:16 UTC,sensor11,218187713,28.14,69.09,2025-08-20 23:45:20+00:00,34.002797,-81.012048,65.6,4.93,0.6,349.21,10.0,3D,2025-08-20 19:45:20-04:00,POINT (-81.012048 34.002797)
2025-08-20 23:47:21 UTC,sensor11,218187713,28.13,69.71,2025-08-20 23:45:20+00:00,34.002797,-81.012048,65.6,4.93,0.6,349.21,10.0,3D,2025-08-20 19:45:20-04:00,POINT (-81.012048 34.002797)
2025-08-20 23:47:26 UTC,sensor11,218187713,28.11,69.54,2025-08-20 23:45:20+00:00,34.002797,-81.012048,65.6,4.93,0.6,349.21,10.0,3D,2025-08-20 19:45:20-04:00,POINT (-81.012048 34.002797)
2025-08-20 23:47:31 UTC,sensor11,218187713,28.12,70.06,2025-08-20 23:45:20+00:00,34.002797,-81.012048,65.6,4.93,0.6,349.21,10.0,3D,2025-08-20 19:45:20-04:00,POINT (-81.012048 34.002797)
2025-08-20 23:47:36 UTC,sensor11,218187713,28.13,70.81,2025-08-20 23:45:20+00:00,34.002797,-81.012048,65.6,4.93,0.6,349.21,10.0,3D,2025-08-20 19:45:20-04:00,POINT (-81.012048 34.002797)
2025-08-20 23:47:42 UTC,sensor11,218187713,28.13,70.53,2025-08-20 23:45:20+00:00,34.002797,-81.012048,65.6,4.93,0.6,349.21,10.0,3D,2025-08-20 19:45:20-04:00,POINT (-81.012048 34.002797)
2025-08-20 23:47:47 UTC,sensor11,218187713,28.14,70.38,2025-08-20 23:45:20+00:00,34.002797,-81.012048,65.6,4.93,0.6,349.21,10.0,3D,2025-08-20 19:45:20-04:00,POINT (-81.012048 34.002797)
2025-08-20 23:47:52 UTC,sensor11,218187713,28.13,70.36,2025-08-20 23:45:20+00:00,34.002797,-81.012048,65.6,4.93,0.6,349.21,10.0,3D,2025-08-20 19:45:20-04:00,POINT (-81.012048 34.002797)
2025-08-20 23:47:57 UTC,sensor11,218187713,28.13,70.83,2025-08-20 23:45:20+00:00,34.002797,-81.012048,65.6,4.93,0.6,349.21,10.0,3D,2025-08-20 19:45:20-04:00,POINT (-81.012048 34.002797)
2025-08-20 23:48:02 UTC,sensor11,218187713,28.11,70.12,2025-08-20 23:45:20+00:00,34.002797,-81.012048,65.6,4.93,0.6,349.21,10.0,3D,2025-08-20 19:45:20-04:00,POINT (-81.012048 34.002797)
